DateTime,Bid1_Price,Bid1_Volume,Ask1_Price,Ask1_Volume,Bid2_Price,Bid2_Volume,Ask2_Price,Ask2_Volume,Mid-Price,Bid_Ask_Spread,Market_Depth_Bid,Market_Depth_Ask,Historical_Volatility,Total_volume,Cumulative_Volume_Difference,Total_Volume_Change_Corrected,Order_imbalance,Weighted_Avg_Price,Trade_Volume
2025-04-08 07:30:04,147.0,18.0,151.91,22.0,146.0,54.0,414.86,14.0,149.45,4.909999999999997,72.0,36.0,,108,36.0,96.0,0.33,151.0,1.0
2025-04-08 07:30:05,147.0,9.0,187.0,12.0,134.67,27.0,423.33,6.0,167.0,40.0,36.0,18.0,67.25141634196264,54,18.0,-54.0,0.33,151.0,
2025-04-08 07:30:06,147.75,12.0,187.0,16.0,112.0,36.0,630.0,14.0,167.38,39.25,48.0,30.0,48.75560254986085,78,18.0,24.0,0.23,151.0,
2025-04-08 07:30:07,149.0,15.0,186.89,18.0,122.4,45.0,408.67,18.0,167.94,37.88999999999999,60.0,36.0,40.75274812819374,96,24.0,18.0,0.25,151.0,
2025-04-08 07:30:08,150.0,48.0,178.27,11.0,138.0,36.0,182.73,15.0,164.14,28.27000000000001,84.0,26.0,7.815441126385506,110,58.0,14.0,0.53,151.0,
2025-04-08 07:30:09,150.05,66.0,171.81,21.0,150.0,9.0,175.64,22.0,160.93,21.75999999999999,75.0,43.0,2.9355612751223426,118,32.0,8.0,0.27,152.0,1.0
2025-04-08 07:30:10,150.85,78.0,165.03,34.0,151.33,27.0,166.7,30.0,157.94,14.180000000000009,105.0,64.0,4.259058581423576,169,41.0,51.0,0.24,152.0,
2025-04-08 07:30:11,155.6,30.0,157.0,14.0,154.0,28.0,158.86,14.0,156.3,1.4000000000000057,58.0,28.0,4.702903358564534,86,30.0,-83.0,0.35,156.0,2.0
2025-04-08 07:30:12,155.33,12.0,157.2,10.0,149.76,34.0,159.5,16.0,156.27,1.869999999999976,46.0,26.0,3.3890898483217207,72,20.0,-14.0,0.28,157.0,1.0
2025-04-08 07:30:13,154.83,12.0,158.0,6.0,147.0,54.0,161.0,24.0,156.42,3.1699999999999875,66.0,30.0,2.0032398758005114,96,36.0,24.0,0.38,157.0,
2025-04-08 07:30:14,156.0,24.0,158.0,12.0,147.92,108.0,161.0,68.0,157.0,2.0,132.0,80.0,0.7095632459458265,212,52.0,116.0,0.25,157.0,
2025-04-08 07:30:15,157.27,22.0,160.49,45.0,147.0,99.0,285.36,44.0,158.88,3.219999999999999,121.0,89.0,1.105703396032216,210,32.0,-2.0,0.15,158.0,1.0
2025-04-08 07:30:16,154.59,29.0,159.83,52.0,146.06,97.0,161.59,41.0,157.21,5.240000000000009,126.0,93.0,1.039966345607965,219,33.0,9.0,0.15,158.5,4.0
2025-04-08 07:30:17,148.45,99.0,159.8,20.0,134.0,77.0,192.1,31.0,154.13,11.350000000000025,176.0,51.0,1.716237163097564,227,125.0,8.0,0.55,161.0,4.0
2025-04-08 07:30:18,151.0,71.0,155.9,10.0,134.0,70.0,180.57,23.0,153.45,4.900000000000006,141.0,33.0,2.2731102041029967,174,108.0,-53.0,0.62,152.29,7.0
2025-04-08 07:30:19,151.08,65.0,156.0,11.0,135.71,76.0,177.0,11.0,153.54,4.919999999999988,141.0,22.0,2.4623505030757,163,119.0,-11.0,0.73,152.29,
2025-04-08 07:30:20,152.0,60.0,156.0,12.0,150.96,56.0,197.19,52.0,154.0,4.0,116.0,64.0,1.561195055077077,180,52.0,17.0,0.29,152.29,
2025-04-08 07:30:21,153.34,38.0,155.5,10.0,152.37,38.0,185.74,23.0,154.42,2.1599999999999966,76.0,33.0,0.4077621855899234,109,43.0,-71.0,0.39,155.0,1.0
2025-04-08 07:30:22,155.0,60.0,156.0,20.0,154.0,36.0,192.0,36.0,155.5,1.0,96.0,56.0,0.8328985532446781,152,40.0,43.0,0.26,155.0,
2025-04-08 07:30:23,156.26,95.0,185.25,48.0,151.95,66.0,197.38,87.0,170.76,28.99000000000001,161.0,135.0,7.367868076994672,296,26.0,144.0,0.09,156.0,3.0
2025-04-08 07:30:24,159.77,112.0,192.0,45.0,158.38,71.0,198.0,90.0,175.88,32.22999999999999,183.0,135.0,10.40475468235544,318,48.0,22.0,0.15,156.0,
2025-04-08 07:30:25,161.48,102.0,188.3,56.0,160.07,141.0,194.38,29.0,174.89,26.82000000000002,243.0,85.0,10.526514142867892,328,158.0,10.0,0.48,164.0,4.0
2025-04-08 07:30:26,161.76,82.0,181.38,55.0,160.26,134.0,183.41,39.0,171.57,19.620000000000005,216.0,94.0,8.236913863820476,310,122.0,-18.0,0.39,161.88,8.0
2025-04-08 07:30:27,161.0,48.0,176.47,32.0,160.0,40.0,179.73,30.0,168.73,15.47,88.0,62.0,2.9644611652032395,150,26.0,-160.0,0.17,161.88,
2025-04-08 07:30:28,161.0,48.0,175.19,32.0,160.0,40.0,176.07,40.0,168.09,14.189999999999998,88.0,72.0,3.5153691129095,160,16.0,10.0,0.1,161.88,
2025-04-08 07:30:29,161.0,66.0,171.86,42.0,160.0,55.0,173.23,47.0,166.43,10.860000000000014,121.0,89.0,3.330393370158863,210,32.0,50.0,0.15,161.88,
2025-04-08 07:30:30,161.09,53.0,167.76,59.0,160.43,70.0,168.76,41.0,164.43,6.669999999999988,123.0,100.0,2.663794286351368,223,23.0,13.0,0.1,161.88,
2025-04-08 07:30:31,162.72,25.0,167.05,42.0,161.07,45.0,168.53,38.0,164.88,4.3300000000000125,70.0,80.0,1.8983203101685084,150,-10.0,-73.0,-0.07,167.0,5.0
2025-04-08 07:30:32,163.0,54.0,164.48,42.0,162.0,9.0,168.22,27.0,163.74,1.4799999999999898,63.0,69.0,1.7463476171708432,132,-6.0,-18.0,-0.05,164.0,1.0
2025-04-08 07:30:33,163.0,40.0,168.03,58.0,161.41,17.0,169.8,30.0,165.52,5.030000000000001,57.0,88.0,1.02983008307113,145,-31.0,13.0,-0.21,163.0,4.0
2025-04-08 07:30:34,164.27,30.0,169.0,60.0,163.43,28.0,171.0,10.0,166.63,4.72999999999999,58.0,70.0,1.1007043199689397,128,-12.0,-17.0,-0.09,163.0,
2025-04-08 07:30:35,168.0,3.0,169.0,18.0,164.0,3.0,171.0,3.0,168.5,1.0,6.0,21.0,1.8119547455712863,27,-15.0,-101.0,-0.56,163.0,
2025-04-08 07:30:36,166.4,10.0,168.77,39.0,163.18,34.0,169.74,19.0,167.58,2.3700000000000045,44.0,58.0,1.8510213396928576,102,-14.0,75.0,-0.14,168.0,1.0
2025-04-08 07:30:37,163.2,35.0,167.03,34.0,162.72,57.0,167.75,36.0,165.11,3.830000000000013,92.0,70.0,1.4084282019323378,162,22.0,60.0,0.14,164.0,1.0
2025-04-08 07:30:38,163.0,77.0,165.73,11.0,160.74,27.0,168.27,33.0,164.36,2.7299999999999898,104.0,44.0,1.708399836103463,148,60.0,-14.0,0.41,164.0,
2025-04-08 07:30:39,163.0,42.0,167.75,8.0,160.0,42.0,168.69,16.0,165.38,4.75,84.0,24.0,1.763485185647538,108,60.0,-40.0,0.56,166.5,4.0
2025-04-08 07:30:40,163.0,53.0,168.94,34.0,160.0,64.0,248.11,18.0,165.97,5.939999999999998,117.0,52.0,1.2094833607777733,169,65.0,61.0,0.38,163.0,3.0
2025-04-08 07:30:41,163.0,32.0,168.0,16.0,160.0,48.0,169.0,32.0,165.5,5.0,80.0,48.0,0.5934054263303172,128,32.0,-41.0,0.25,163.0,
2025-04-08 07:30:42,160.86,56.0,166.73,22.0,159.75,32.0,185.0,32.0,163.79,5.869999999999976,88.0,54.0,0.8956840960954131,142,34.0,14.0,0.24,165.42,12.0
2025-04-08 07:30:43,165.12,60.0,169.41,27.0,161.54,41.0,246.45,44.0,167.26,4.289999999999992,101.0,71.0,1.247497494986778,172,30.0,30.0,0.17,165.42,
2025-04-08 07:30:44,168.0,59.0,169.37,19.0,167.0,44.0,217.25,32.0,168.68,1.3700000000000043,103.0,51.0,1.845060974601732,154,52.0,-18.0,0.34,168.11,9.0
2025-04-08 07:30:45,167.84,19.0,170.0,9.0,166.91,33.0,224.0,36.0,168.92,2.1599999999999966,52.0,45.0,2.1786463687340967,97,7.0,-57.0,0.07,167.67,3.0
2025-04-08 07:30:46,167.0,27.0,170.0,9.0,164.0,9.0,227.51,37.0,168.5,3.0,36.0,46.0,2.133424477219253,82,-10.0,-15.0,-0.12,167.67,
2025-04-08 07:30:47,167.0,30.0,290.11,46.0,164.0,10.0,434.0,41.0,228.55,123.11,40.0,87.0,26.93436132526625,127,-47.0,45.0,-0.37,167.67,
2025-04-08 07:30:48,167.0,30.0,359.67,45.0,164.0,10.0,560.96,45.0,263.33,192.67,40.0,90.0,44.0571620738331,130,-50.0,3.0,-0.38,167.67,
2025-04-08 07:30:49,167.0,27.0,422.82,39.0,164.0,9.0,653.0,41.0,294.91,255.82,36.0,80.0,56.36109269700153,116,-44.0,-14.0,-0.38,167.67,
2025-04-08 07:30:50,167.0,30.0,271.04,49.0,164.0,10.0,363.63,41.0,219.02,104.04000000000002,40.0,90.0,47.72555573275181,130,-50.0,14.0,-0.38,167.67,
2025-04-08 07:30:51,167.0,18.0,237.11,19.0,164.0,6.0,294.66,29.0,202.05,70.11000000000001,24.0,48.0,37.277696012495184,72,-24.0,-58.0,-0.33,167.67,
2025-04-08 07:30:52,167.0,36.0,170.86,85.0,164.0,12.0,253.37,27.0,168.93,3.8600000000000136,48.0,112.0,49.88708570361671,160,-64.0,88.0,-0.4,167.67,
2025-04-08 07:30:53,165.17,6.0,169.0,36.0,162.5,6.0,191.0,8.0,167.08,3.830000000000013,12.0,44.0,52.15925200767356,56,-32.0,-104.0,-0.57,166.25,4.0
2025-04-08 07:30:54,164.0,8.0,169.0,72.0,163.0,8.0,278.95,19.0,166.5,5.0,16.0,91.0,24.33762991747546,107,-75.0,51.0,-0.7,166.25,
2025-04-08 07:30:55,166.0,13.0,169.0,115.0,163.27,15.0,378.0,52.0,167.5,3.0,28.0,167.0,15.476151653431032,195,-139.0,88.0,-0.71,169.0,1.0
2025-04-08 07:30:56,161.8,10.0,169.0,56.0,160.6,15.0,352.8,20.0,165.4,7.199999999999989,25.0,76.0,1.299776903932138,101,-51.0,-94.0,-0.5,161.0,5.0
2025-04-08 07:30:57,160.0,24.0,169.0,60.0,159.0,27.0,364.0,36.0,164.5,9.0,51.0,96.0,1.2333207206543333,147,-45.0,46.0,-0.31,166.0,6.0
2025-04-08 07:30:58,160.0,10.0,169.0,20.0,159.0,15.0,423.45,22.0,164.5,9.0,25.0,42.0,1.3084341787018878,67,-17.0,-80.0,-0.25,166.0,
2025-04-08 07:30:59,160.0,18.0,168.82,34.0,159.0,32.0,204.77,26.0,164.41,8.819999999999993,50.0,60.0,1.314807970768073,110,-10.0,43.0,-0.09,166.0,
2025-04-08 07:31:00,160.96,152.0,168.0,27.0,159.67,18.0,169.0,29.0,164.48,7.039999999999992,170.0,56.0,0.4164372701802901,226,114.0,116.0,0.5,161.0,2.0
2025-04-08 07:31:01,161.0,230.0,168.0,30.0,160.0,20.0,169.0,30.0,164.5,7.0,250.0,60.0,0.0389871773175423,310,190.0,84.0,0.61,161.0,5.0
2025-04-08 07:31:02,161.0,190.0,168.0,30.0,160.0,20.0,169.12,24.0,164.5,7.0,210.0,54.0,0.0389871773175423,264,156.0,-46.0,0.59,161.0,
2025-04-08 07:31:03,161.0,133.0,168.0,23.0,160.0,14.0,169.0,21.0,164.5,7.0,147.0,44.0,0.0389871773175423,191,103.0,-73.0,0.54,161.0,
2025-04-08 07:31:04,161.0,323.0,167.63,81.0,160.0,34.0,168.82,55.0,164.31,6.629999999999996,357.0,136.0,0.0831865373434172,493,221.0,168.0,0.45,161.0,
2025-04-08 07:31:05,161.0,285.0,167.4,45.0,160.0,30.0,169.0,69.0,164.2,6.400000000000006,315.0,114.0,0.1397139935553485,429,201.0,-64.0,0.47,161.0,
2025-04-08 07:31:06,161.0,158.0,166.0,28.0,160.0,20.0,169.0,46.0,163.5,5.0,178.0,74.0,0.4129406736992107,252,104.0,-168.0,0.41,162.0,5.0
2025-04-08 07:31:07,161.01,136.0,163.6,25.0,160.45,33.0,167.8,25.0,162.3,2.5900000000000034,169.0,50.0,0.9003999111478695,219,119.0,-33.0,0.54,162.0,1.0
2025-04-08 07:31:08,161.0,99.0,162.0,21.0,158.14,58.0,166.0,14.0,161.5,1.0,157.0,35.0,1.2262626146119802,192,122.0,-27.0,0.64,161.0,2.0
2025-04-08 07:31:09,161.0,180.0,162.0,30.0,158.04,182.0,166.0,28.0,161.5,1.0,362.0,58.0,1.21243556529613,420,304.0,168.0,0.72,161.5,2.0
2025-04-08 07:31:10,161.0,110.0,162.0,20.0,160.0,40.0,166.0,20.0,161.5,1.0,150.0,40.0,0.8763560920053638,190,110.0,-168.0,0.58,161.0,5.0
2025-04-08 07:31:11,161.0,56.0,162.0,16.0,160.0,32.0,166.0,16.0,161.5,1.0,88.0,32.0,0.357770876392817,120,56.0,-70.0,0.47,161.0,2.0
2025-04-08 07:31:12,160.5,32.0,162.0,16.0,159.67,24.0,167.0,24.0,161.25,1.5,56.0,40.0,0.1118033988520003,96,16.0,-24.0,0.17,161.0,
2025-04-08 07:31:13,161.0,11.0,162.0,22.0,160.0,44.0,166.18,33.0,161.5,1.0,55.0,55.0,0.1118033988520003,110,0.0,14.0,0.0,161.0,
2025-04-08 07:31:14,161.0,9.0,162.0,18.0,160.0,36.0,166.22,27.0,161.5,1.0,45.0,45.0,0.1118033988520003,90,0.0,-20.0,0.0,161.0,
2025-04-08 07:31:15,161.0,10.0,169.75,65.0,160.0,40.0,387.91,35.0,165.38,8.75,50.0,100.0,1.766459736307327,150,-50.0,60.0,-0.33,165.0,5.0
2025-04-08 07:31:16,161.67,18.0,170.0,70.0,160.14,28.0,364.8,30.0,165.83,8.330000000000013,46.0,100.0,2.301818846042216,146,-54.0,-4.0,-0.37,165.0,
2025-04-08 07:31:17,162.33,27.0,170.0,63.0,161.0,9.0,235.22,27.0,166.17,7.6699999999999875,36.0,90.0,2.3681912929481244,126,-54.0,-20.0,-0.43,165.0,
2025-04-08 07:31:18,163.0,39.0,167.61,67.0,161.0,13.0,170.16,80.0,165.31,4.610000000000014,52.0,147.0,1.898491506432274,199,-95.0,73.0,-0.48,165.0,
2025-04-08 07:31:19,162.9,30.0,165.35,43.0,160.15,47.0,166.23,83.0,164.12,2.4499999999999886,77.0,126.0,0.7774123744806194,203,-49.0,4.0,-0.24,164.0,5.0
2025-04-08 07:31:20,160.68,19.0,164.05,37.0,159.85,67.0,165.73,67.0,162.37,3.3700000000000045,86.0,104.0,1.5457360706134409,190,-18.0,-13.0,-0.09,161.0,1.0
2025-04-08 07:31:21,158.51,55.0,162.61,49.0,157.2,25.0,168.02,59.0,160.56,4.100000000000023,80.0,108.0,2.263720389092985,188,-28.0,-2.0,-0.15,159.6,5.0
2025-04-08 07:31:22,157.58,36.0,160.68,19.0,155.14,57.0,162.29,45.0,159.13,3.0999999999999943,93.0,64.0,2.522591921019946,157,29.0,-31.0,0.18,158.2,5.0
2025-04-08 07:31:23,160.0,17.0,161.35,17.0,157.0,17.0,162.84,19.0,160.68,1.3499999999999943,34.0,36.0,1.917829502326776,70,-2.0,-87.0,-0.03,158.2,
2025-04-08 07:31:24,159.18,34.0,162.46,13.0,158.83,46.0,163.95,19.0,160.82,3.280000000000001,80.0,32.0,1.149726054325503,112,48.0,42.0,0.43,162.25,4.0
2025-04-08 07:31:25,158.17,12.0,164.0,12.0,154.14,21.0,176.4,25.0,161.08,5.8300000000000125,33.0,37.0,0.7650359468645,70,-4.0,-42.0,-0.06,162.25,
2025-04-08 07:31:26,157.0,7.0,164.0,14.0,154.0,28.0,318.28,29.0,160.5,7.0,35.0,43.0,0.7634264863068752,78,-8.0,8.0,-0.1,162.25,
2025-04-08 07:31:27,157.0,8.0,164.0,16.0,154.0,32.0,165.0,16.0,160.5,7.0,40.0,32.0,0.2438852188937869,72,8.0,-6.0,0.11,162.25,
2025-04-08 07:31:28,159.2,10.0,164.78,18.0,154.12,33.0,322.7,33.0,161.99,5.5800000000000125,43.0,51.0,0.6157272123228688,94,-8.0,22.0,-0.09,164.0,2.0
2025-04-08 07:31:29,158.0,11.0,163.7,27.0,154.0,44.0,201.17,30.0,160.85,5.699999999999989,55.0,57.0,0.6139462517149943,112,-2.0,18.0,-0.02,164.0,
2025-04-08 07:31:30,159.83,12.0,163.0,60.0,155.62,24.0,505.6,48.0,161.42,3.1699999999999875,36.0,108.0,0.6452673864336316,144,-72.0,32.0,-0.5,164.0,
2025-04-08 07:31:31,153.57,47.0,163.0,35.0,95.77,31.0,188.0,7.0,158.29,9.430000000000009,78.0,42.0,1.4153268173799611,120,36.0,-24.0,0.3,160.5,2.0
2025-04-08 07:31:32,153.08,60.0,163.0,30.0,124.58,40.0,223.33,6.0,158.04,9.919999999999987,100.0,36.0,1.8299644805282125,136,64.0,16.0,0.47,160.5,
2025-04-08 07:31:33,154.0,40.0,163.0,40.0,153.0,88.0,246.57,14.0,158.5,9.0,128.0,54.0,1.586867984425566,182,74.0,46.0,0.41,160.5,
2025-04-08 07:31:34,154.0,20.0,163.0,20.0,153.0,44.0,211.0,16.0,158.5,9.0,64.0,36.0,1.3937001112129022,100,28.0,-82.0,0.28,160.5,
2025-04-08 07:31:35,158.52,90.0,213.39,67.0,155.85,93.0,312.47,75.0,185.96,54.869999999999976,183.0,142.0,12.356845066601556,325,41.0,168.0,0.13,163.5,6.0
2025-04-08 07:31:36,165.14,88.0,338.12,78.0,162.19,121.0,380.33,36.0,251.63,172.98000000000002,209.0,114.0,40.43889439636049,323,95.0,-2.0,0.29,165.44,9.0
2025-04-08 07:31:43,165.26,57.0,173.78,27.0,162.05,57.0,174.92,24.0,169.52,8.52000000000001,114.0,51.0,2.880083332127004,165,63.0,16.0,0.38,166.75,4.0
2025-04-08 07:31:44,165.0,78.0,169.71,34.0,161.0,78.0,171.57,21.0,167.35,4.710000000000008,156.0,55.0,2.905517165668752,211,101.0,46.0,0.48,166.75,
2025-04-08 07:31:45,165.0,45.0,167.55,42.0,161.0,54.0,169.29,21.0,166.27,2.550000000000012,99.0,63.0,2.9227093594806397,162,36.0,-49.0,0.22,165.0,3.0
2025-04-08 07:31:46,161.87,23.0,166.35,57.0,110.84,83.0,171.81,16.0,164.11,4.47999999999999,106.0,73.0,2.9629967937876143,179,33.0,17.0,0.18,162.71,7.0
2025-04-08 07:31:47,161.0,16.0,164.42,24.0,58.3,40.0,166.08,24.0,162.71,3.4199999999999875,56.0,48.0,2.6777639925870305,104,8.0,-75.0,0.08,162.71,
2025-04-08 07:31:48,146.91,22.0,163.0,35.0,138.0,29.0,164.0,7.0,154.95,16.090000000000003,51.0,42.0,4.891412883819515,93,9.0,-11.0,0.1,161.0,2.0
2025-04-08 07:31:49,139.47,127.0,160.97,30.0,132.36,45.0,159.19,27.0,150.22,21.5,172.0,57.0,6.784071049155903,229,115.0,136.0,0.5,163.0,1.0
2025-04-08 07:31:50,146.19,31.0,199.5,8.0,116.41,59.0,249.55,22.0,172.85,53.31,90.0,30.0,8.74391902981697,120,60.0,-109.0,0.5,157.12,8.0
2025-04-08 07:31:51,160.64,42.0,334.0,16.0,130.79,24.0,466.12,32.0,247.32,173.36,66.0,48.0,39.89937154893541,114,18.0,-6.0,0.16,157.12,
2025-04-08 07:31:53,162.7,30.0,424.38,32.0,160.0,30.0,504.56,36.0,293.54,261.68,60.0,68.0,83.79022926332165,128,-8.0,-1.0,-0.06,157.12,
2025-04-08 07:31:54,161.13,62.0,419.09,87.0,143.33,52.0,480.41,39.0,290.11,257.96,114.0,126.0,66.52595831703599,240,-12.0,112.0,-0.05,162.6,5.0
2025-04-08 07:31:55,160.39,38.0,381.79,38.0,149.5,26.0,479.69,26.0,271.09,221.40000000000003,64.0,64.0,39.0156369933904,128,0.0,-112.0,0.0,162.6,
2025-04-08 07:31:56,164.54,37.0,411.71,49.0,157.83,58.0,554.26,46.0,288.13,247.17,95.0,95.0,31.080212837109304,190,0.0,62.0,0.0,163.75,4.0
2025-04-08 07:31:57,168.0,26.0,315.43,35.0,162.29,70.0,400.88,32.0,241.71,147.43,96.0,67.0,21.50347367287465,163,29.0,-27.0,0.18,168.0,1.0
2025-04-08 07:32:04,167.2,5.0,226.33,12.0,164.6,10.0,227.44,18.0,196.77,59.13000000000002,15.0,30.0,34.52822685861541,45,-15.0,-41.0,-0.33,167.5,2.0
2025-04-08 07:32:05,167.0,6.0,223.83,12.0,164.0,12.0,226.0,24.0,195.42,56.83000000000001,18.0,36.0,33.79409312291142,54,-18.0,9.0,-0.33,167.5,
2025-04-08 07:32:06,161.15,82.0,219.53,19.0,160.44,36.0,223.62,26.0,190.34,58.38,118.0,45.0,25.82531161477066,163,73.0,109.0,0.45,164.5,4.0
2025-04-08 07:32:07,161.0,96.0,185.27,15.0,160.0,36.0,194.55,20.0,173.13,24.27000000000001,132.0,35.0,11.86618514940703,167,97.0,4.0,0.58,164.5,
2025-04-08 07:32:08,161.53,105.0,177.54,13.0,160.48,54.0,179.0,11.0,169.54,16.00999999999999,159.0,24.0,12.801615132474804,183,135.0,16.0,0.74,164.5,
2025-04-08 07:32:09,165.0,77.0,175.17,24.0,161.0,143.0,176.08,26.0,170.08,10.169999999999987,220.0,50.0,12.239923202373769,270,170.0,87.0,0.63,164.5,
2025-04-08 07:32:10,165.0,99.0,170.69,45.0,161.0,195.0,171.44,34.0,167.84,5.689999999999998,294.0,79.0,9.230156011683,373,215.0,103.0,0.58,165.0,1.0
2025-04-08 07:32:11,165.0,48.0,166.03,29.0,161.0,104.0,167.3,10.0,165.52,1.0300000000000011,152.0,39.0,2.8162244228768163,191,113.0,-168.0,0.59,165.0,
2025-04-08 07:32:12,165.0,21.0,166.0,32.0,161.0,104.0,168.5,8.0,165.5,1.0,125.0,40.0,2.1599722220454325,165,85.0,-26.0,0.52,165.0,4.0
2025-04-08 07:32:13,163.32,62.0,169.75,16.0,160.95,149.0,267.96,25.0,166.54,6.430000000000007,211.0,41.0,1.923403233856048,252,170.0,87.0,0.67,165.0,3.0
2025-04-08 07:32:14,165.0,24.0,170.0,16.0,161.0,178.0,171.0,8.0,167.5,5.0,202.0,24.0,1.0869222603332247,226,178.0,-26.0,0.79,165.0,
2025-04-08 07:32:15,165.17,23.0,168.7,20.0,161.06,252.0,171.0,10.0,166.94,3.530000000000001,275.0,30.0,0.8811356308808981,305,245.0,79.0,0.8,165.0,1.0
2025-04-08 07:32:16,166.88,16.0,170.38,8.0,165.0,16.0,256.89,18.0,168.62,3.5,32.0,26.0,1.1551623262589192,58,6.0,-168.0,0.1,165.0,
2025-04-08 07:32:17,166.11,18.0,441.23,22.0,161.41,78.0,469.28,25.0,303.67,275.12,96.0,47.0,60.946820917911786,143,49.0,85.0,0.34,167.0,2.0
2025-04-08 07:32:18,166.0,19.0,455.04,50.0,161.91,32.0,712.7,40.0,310.52,289.04,51.0,90.0,76.39788086066267,141,-39.0,-2.0,-0.28,167.0,
2025-04-08 07:32:19,163.77,13.0,405.83,60.0,161.03,111.0,726.0,36.0,284.8,242.06,124.0,96.0,72.8493424815901,220,28.0,79.0,0.13,166.67,3.0
2025-04-08 07:32:20,167.15,78.0,380.09,44.0,160.7,154.0,492.43,46.0,273.62,212.94,232.0,90.0,57.59818903403135,322,142.0,102.0,0.44,162.0,2.0
2025-04-08 07:32:24,167.22,9.0,402.22,45.0,160.4,53.0,613.67,27.0,284.72,235.00000000000003,62.0,72.0,5.3706731421684,134,-10.0,91.0,-0.07,163.5,4.0
2025-04-08 07:32:25,163.77,26.0,386.0,30.0,160.85,66.0,402.0,50.0,274.88,222.23,92.0,80.0,4.952511484086535,172,12.0,38.0,0.07,163.5,
2025-04-08 07:32:26,160.41,117.0,384.2,50.0,159.0,17.0,386.0,30.0,272.31,223.79,134.0,80.0,6.268418460824764,214,54.0,42.0,0.25,162.2,10.0
2025-04-08 07:32:27,161.89,152.0,380.3,50.0,159.35,92.0,381.31,48.0,271.1,218.41000000000005,244.0,98.0,7.195152534867337,342,146.0,128.0,0.43,162.2,
2025-04-08 07:32:39,167.24,21.0,173.67,15.0,163.38,34.0,349.4,25.0,170.45,6.429999999999978,55.0,40.0,1.567488436950291,95,15.0,-38.0,0.16,167.18,11.0
2025-04-08 07:32:40,164.0,36.0,361.58,24.0,160.22,74.0,432.27,33.0,262.79,197.58,110.0,57.0,41.31133645865234,167,53.0,72.0,0.32,167.18,
2025-04-08 07:32:41,164.0,18.0,233.27,15.0,160.0,36.0,246.33,15.0,198.63,69.27000000000001,54.0,30.0,40.238955254827125,84,24.0,-83.0,0.29,167.18,
2025-04-08 07:32:42,164.12,34.0,219.79,42.0,160.67,72.0,273.43,56.0,191.95,55.66999999999999,106.0,98.0,38.17401105464266,204,8.0,120.0,0.04,165.0,1.0
2025-04-08 07:32:43,164.0,24.0,196.0,40.0,160.0,48.0,219.0,24.0,180.0,32.0,72.0,64.0,36.330247453051854,136,8.0,-68.0,0.06,165.0,
2025-04-08 07:32:44,164.0,36.0,188.17,41.0,160.0,72.0,217.23,30.0,176.09,24.169999999999987,108.0,71.0,35.22447047153414,179,37.0,43.0,0.21,165.0,
2025-04-08 07:32:45,164.0,15.0,194.0,15.0,161.29,21.0,288.8,5.0,179.0,30.0,36.0,20.0,9.674421429727833,56,16.0,-123.0,0.29,165.0,
2025-04-08 07:32:46,164.0,30.0,194.0,30.0,163.0,30.0,382.0,10.0,179.0,30.0,60.0,40.0,6.180499170777101,100,20.0,44.0,0.2,165.0,
2025-04-08 07:32:47,164.0,42.0,191.21,42.0,163.0,42.0,244.83,47.0,177.61,27.210000000000008,84.0,89.0,1.5184037671106725,173,-5.0,73.0,-0.03,165.0,
2025-04-08 07:32:48,164.0,27.0,188.29,28.0,163.0,27.0,323.46,37.0,176.14,24.289999999999992,54.0,65.0,1.442799362342435,119,-11.0,-54.0,-0.09,165.0,
2025-04-08 07:32:49,164.55,40.0,182.19,43.0,163.66,41.0,210.0,41.0,173.37,17.639999999999986,81.0,84.0,2.3603876800169195,165,-3.0,46.0,-0.02,165.0,
2025-04-08 07:32:50,167.0,12.0,189.38,24.0,166.0,48.0,213.43,21.0,178.19,22.379999999999995,60.0,45.0,2.214129625829443,105,15.0,-60.0,0.14,165.0,
2025-04-08 07:32:51,166.75,32.0,189.18,51.0,165.94,99.0,337.26,53.0,177.96,22.430000000000007,131.0,104.0,2.0017317502541654,235,27.0,130.0,0.11,167.0,2.0
2025-04-08 07:32:52,166.0,56.0,188.43,21.0,164.0,21.0,406.7,27.0,177.21,22.430000000000007,77.0,48.0,1.9615631521762404,125,29.0,-110.0,0.23,167.0,
2025-04-08 07:32:53,166.0,72.0,187.22,27.0,164.0,27.0,328.0,9.0,176.61,21.22,99.0,36.0,1.946771686658608,135,63.0,10.0,0.47,167.0,
2025-04-08 07:32:54,166.0,73.0,171.35,37.0,164.0,30.0,438.54,37.0,168.68,5.349999999999994,103.0,74.0,3.990357126871667,177,29.0,42.0,0.16,166.0,2.0
2025-04-08 07:32:56,166.0,36.0,399.59,37.0,164.0,27.0,432.17,36.0,282.8,233.59,63.0,73.0,74.74744243116268,136,-10.0,-30.0,-0.07,166.0,3.0
2025-04-08 07:32:57,166.0,27.0,331.13,30.0,163.67,27.0,332.48,29.0,248.57,165.13,54.0,59.0,69.42511123505658,113,-5.0,-23.0,-0.04,166.0,
2025-04-08 07:32:58,166.0,42.0,324.72,43.0,163.08,36.0,326.37,46.0,245.36,158.72000000000003,78.0,89.0,59.44295433438669,167,-11.0,54.0,-0.07,166.0,
2025-04-08 07:32:59,164.55,44.0,322.3,37.0,161.25,32.0,323.61,38.0,243.42,157.75,76.0,75.0,37.60799914911696,151,1.0,-16.0,0.01,164.43,7.0
2025-04-08 07:33:00,162.0,73.0,320.5,48.0,160.0,143.0,321.63,43.0,241.25,158.5,216.0,91.0,17.27195269794306,307,125.0,156.0,0.41,162.0,3.0
2025-04-08 07:33:01,165.93,30.0,315.8,30.0,161.91,45.0,316.69,29.0,240.87,149.87,75.0,59.0,3.1770316334564423,134,16.0,-168.0,0.12,162.0,
2025-04-08 07:33:02,167.96,152.0,278.46,37.0,163.78,18.0,300.71,31.0,223.21,110.49999999999996,170.0,68.0,8.912225872361143,238,102.0,104.0,0.43,168.0,4.0
2025-04-08 07:33:03,168.0,110.0,214.6,30.0,164.0,10.0,253.8,30.0,191.3,46.6,120.0,60.0,22.072660691452302,180,60.0,-58.0,0.33,168.0,
2025-04-08 07:33:04,168.0,154.0,211.28,47.0,164.0,14.0,212.38,47.0,189.64,43.28,168.0,94.0,25.52028859554657,262,74.0,82.0,0.28,168.0,
2025-04-08 07:33:05,168.0,165.0,207.66,47.0,164.0,15.0,208.91,47.0,187.83,39.66,180.0,94.0,24.105834356022296,274,86.0,12.0,0.31,168.0,
2025-04-08 07:33:06,168.0,132.0,201.26,46.0,164.0,12.0,202.93,40.0,184.63,33.25999999999999,144.0,86.0,15.784890560279017,230,58.0,-44.0,0.25,168.0,
2025-04-08 07:33:07,168.0,107.0,196.37,51.0,164.0,13.0,197.57,49.0,182.19,28.370000000000005,120.0,100.0,3.702427582004266,220,20.0,-10.0,0.09,168.0,4.0
2025-04-08 07:33:08,168.0,35.0,193.06,16.0,164.0,5.0,194.4,20.0,180.53,25.06,40.0,36.0,3.7929513574505584,76,4.0,-144.0,0.05,168.0,
2025-04-08 07:33:13,168.0,70.0,180.52,44.0,164.0,14.0,182.64,45.0,174.26,12.52000000000001,84.0,89.0,2.4838417823980854,173,-5.0,-3.0,-0.03,168.0,
2025-04-08 07:33:14,168.0,61.0,175.98,44.0,164.0,14.0,177.03,37.0,171.99,7.97999999999999,75.0,81.0,3.179740555452061,156,-6.0,-17.0,-0.04,168.0,1.0
2025-04-08 07:33:15,160.48,77.0,171.73,49.0,150.04,23.0,173.38,32.0,166.11,11.25,100.0,81.0,4.8116452487674914,181,19.0,25.0,0.1,164.44,9.0
2025-04-08 07:33:16,159.0,77.0,168.08,36.0,141.8,20.0,168.91,23.0,163.54,9.080000000000013,97.0,59.0,5.451453934501067,156,38.0,-25.0,0.24,164.44,
2025-04-08 07:33:17,159.9,68.0,164.45,33.0,157.0,52.0,167.0,11.0,162.18,4.549999999999983,120.0,44.0,5.284565261209989,164,76.0,8.0,0.46,164.44,
2025-04-08 07:33:18,159.0,80.0,163.41,22.0,103.19,37.0,165.32,19.0,161.2,4.409999999999997,117.0,41.0,4.319031141354237,158,76.0,-6.0,0.48,161.14,7.0
2025-04-08 07:33:19,159.0,180.0,161.05,21.0,139.3,40.0,167.54,39.0,160.02,2.050000000000012,220.0,60.0,2.3449946695009216,280,160.0,122.0,0.57,159.0,2.0
2025-04-08 07:33:20,159.3,145.0,166.88,33.0,151.54,52.0,237.81,53.0,163.09,7.579999999999984,197.0,86.0,1.4276133930401935,283,111.0,3.0,0.39,160.0,2.0
2025-04-08 07:33:21,166.0,46.0,167.8,30.0,163.0,88.0,317.11,28.0,166.9,1.8000000000000114,134.0,58.0,2.6216635939776403,192,76.0,-91.0,0.4,166.0,3.0
2025-04-08 07:33:22,164.6,47.0,454.66,29.0,161.78,79.0,505.22,23.0,309.63,290.06000000000006,126.0,52.0,65.71497979912941,178,74.0,-14.0,0.42,166.0,5.0
2025-04-08 07:33:23,162.71,95.0,455.8,49.0,158.98,118.0,507.17,23.0,309.25,293.09000000000003,213.0,72.0,80.06130694661427,285,141.0,107.0,0.49,163.0,5.0
2025-04-08 07:33:26,164.0,27.0,318.45,29.0,163.0,90.0,407.53,17.0,241.22,154.45,117.0,46.0,37.24155877511011,163,71.0,-29.0,0.44,163.0,
2025-04-08 07:33:27,164.0,9.0,318.0,15.0,163.0,30.0,320.0,3.0,241.0,154.0,39.0,18.0,46.48815687892975,57,21.0,-106.0,0.37,163.0,
2025-04-08 07:33:28,163.17,72.0,203.69,13.0,161.13,106.0,281.13,46.0,183.43,40.52000000000001,178.0,59.0,64.65335606138314,237,119.0,168.0,0.5,164.0,3.0
2025-04-08 07:33:29,168.0,16.0,304.64,28.0,163.36,66.0,398.57,35.0,236.32,136.64,82.0,63.0,52.84506060172503,145,19.0,-92.0,0.13,164.0,
2025-04-08 07:33:30,168.0,20.0,298.59,34.0,167.0,30.0,374.47,38.0,233.29,130.58999999999995,50.0,72.0,24.611817689882116,122,-22.0,-23.0,-0.18,164.0,
2025-04-08 07:33:31,168.0,24.0,270.46,56.0,167.0,36.0,271.39,36.0,219.23,102.45999999999998,60.0,92.0,23.38111267668832,152,-32.0,30.0,-0.21,164.0,
2025-04-08 07:33:32,163.39,76.0,249.74,47.0,163.02,44.0,270.58,36.0,206.57,86.35000000000002,120.0,83.0,21.631805749867407,203,37.0,51.0,0.18,167.4,5.0
2025-04-08 07:33:33,163.75,40.0,245.87,61.0,162.87,115.0,270.57,47.0,204.81,82.12,155.0,108.0,14.617204931175994,263,47.0,60.0,0.18,167.4,
2025-04-08 07:33:34,166.0,11.0,268.47,51.0,163.0,110.0,269.86,37.0,217.24,102.47000000000004,121.0,88.0,11.45420970647896,209,33.0,-54.0,0.16,167.4,
2025-04-08 07:33:35,166.0,13.0,218.22,49.0,163.0,136.0,262.12,41.0,192.11,52.22,149.0,90.0,10.911041196879395,239,59.0,30.0,0.25,167.4,
2025-04-08 07:33:36,166.0,8.0,205.0,40.0,163.0,88.0,267.0,24.0,185.5,39.0,96.0,64.0,12.532538848932475,160,32.0,-79.0,0.2,167.4,
2025-04-08 07:33:37,163.47,38.0,203.82,34.0,162.77,86.0,208.76,46.0,183.65,40.35,124.0,80.0,14.181564441203358,204,44.0,44.0,0.22,163.75,4.0
2025-04-08 07:33:38,163.02,107.0,200.19,72.0,162.1,83.0,201.61,64.0,181.61,37.16999999999999,190.0,136.0,14.637211824661314,326,54.0,122.0,0.17,163.25,8.0
2025-04-08 07:33:39,162.08,49.0,196.24,85.0,160.11,175.0,198.59,85.0,179.16,34.16,224.0,170.0,4.910654742496919,394,54.0,68.0,0.14,162.5,4.0
2025-04-08 07:33:40,161.24,29.0,192.43,35.0,159.92,72.0,193.86,35.0,176.83,31.19,101.0,70.0,3.45711584995478,171,31.0,-168.0,0.18,162.0,3.0
2025-04-08 07:33:41,160.25,75.0,190.17,48.0,159.36,66.0,191.21,48.0,175.21,29.919999999999987,141.0,96.0,3.4317225995131637,237,45.0,66.0,0.19,160.25,4.0
2025-04-08 07:33:42,161.59,102.0,185.85,71.0,160.0,136.0,186.78,65.0,173.72,24.25999999999999,238.0,136.0,3.140100316870503,374,102.0,137.0,0.27,160.25,
2025-04-08 07:33:43,162.1,51.0,178.3,44.0,160.0,80.0,179.39,38.0,170.2,16.200000000000017,131.0,82.0,3.368015736306948,213,49.0,-161.0,0.23,162.0,1.0
2025-04-08 07:33:44,163.62,80.0,171.64,66.0,160.0,152.0,173.1,72.0,167.63,8.019999999999982,232.0,138.0,3.753354499645911,370,94.0,157.0,0.25,162.0,
2025-04-08 07:33:45,161.64,88.0,168.06,48.0,159.9,116.0,170.46,50.0,164.85,6.420000000000016,204.0,98.0,4.261557227119345,302,106.0,-68.0,0.35,164.0,5.0
2025-04-08 07:33:46,164.0,43.0,167.46,41.0,160.05,109.0,169.54,63.0,165.73,3.460000000000008,152.0,104.0,3.600809631182109,256,48.0,-46.0,0.19,164.0,3.0
2025-04-08 07:33:47,160.0,137.0,166.0,55.0,159.0,33.0,167.0,33.0,163.0,6.0,170.0,88.0,2.752030159721123,258,82.0,2.0,0.32,161.33,3.0
2025-04-08 07:33:48,160.25,72.0,164.95,41.0,159.65,51.0,166.66,29.0,162.6,4.699999999999989,123.0,70.0,2.0584630188602517,193,53.0,-65.0,0.27,164.33,3.0
2025-04-08 07:33:49,161.83,23.0,164.16,25.0,159.96,78.0,172.55,29.0,162.99,2.329999999999984,101.0,54.0,1.374565385864056,155,47.0,-38.0,0.3,163.0,2.0
2025-04-08 07:33:50,160.0,117.0,164.57,46.0,159.0,52.0,320.82,28.0,162.28,4.569999999999993,169.0,74.0,1.380163033853533,243,95.0,88.0,0.39,163.0,
2025-04-08 07:33:51,160.45,82.0,219.69,36.0,159.79,97.0,320.29,55.0,190.07,59.24000000000001,179.0,91.0,12.236080663350258,270,88.0,27.0,0.33,163.4,5.0
2025-04-08 07:33:53,160.0,56.0,396.72,29.0,159.0,22.0,476.43,21.0,278.36,236.72000000000003,78.0,50.0,74.42852833423483,128,28.0,-1.0,0.22,163.4,
2025-04-08 07:33:54,165.37,30.0,379.05,57.0,162.25,64.0,470.52,56.0,272.21,213.68,94.0,113.0,67.75472286121453,207,-19.0,79.0,-0.09,163.4,
2025-04-08 07:33:55,163.08,26.0,297.59,34.0,165.67,36.0,387.72,36.0,230.33,134.50999999999996,62.0,70.0,51.68907544152809,132,-8.0,-75.0,-0.06,167.25,4.0
2025-04-08 07:33:56,159.77,53.0,207.53,30.0,158.0,48.0,216.7,27.0,183.65,47.75999999999999,101.0,57.0,53.87856512565997,158,44.0,26.0,0.28,167.25,
2025-04-08 07:33:57,160.0,51.0,174.14,50.0,159.0,51.0,175.67,33.0,167.07,14.139999999999986,102.0,83.0,50.40194718460783,185,19.0,27.0,0.1,167.25,
2025-04-08 07:33:58,160.0,42.0,167.7,30.0,159.0,42.0,168.3,47.0,163.85,7.699999999999989,84.0,77.0,46.728397361775706,161,7.0,-24.0,0.04,167.25,
2025-04-08 07:33:59,159.49,47.0,161.53,30.0,158.75,32.0,165.05,44.0,160.51,2.039999999999992,79.0,74.0,28.932876110058903,153,5.0,-8.0,0.03,160.0,3.0
2025-04-08 07:34:00,159.26,57.0,160.53,38.0,158.41,22.0,164.12,32.0,159.89,1.2700000000000102,79.0,70.0,9.744510249367211,149,9.0,-4.0,0.06,159.56,9.0
2025-04-08 07:34:01,150.0,32.0,159.76,29.0,121.18,44.0,170.18,38.0,154.88,9.759999999999993,76.0,67.0,4.571815831813995,143,9.0,-6.0,0.06,158.75,4.0
2025-04-08 07:34:02,149.86,84.0,195.17,23.0,140.1,20.0,382.32,25.0,172.52,45.30999999999997,104.0,48.0,6.536723185207148,152,56.0,9.0,0.37,157.83,6.0
2025-04-08 07:34:03,167.0,20.0,304.71,14.0,152.0,18.0,381.0,36.0,235.86,137.70999999999998,38.0,50.0,33.682998233530505,88,-12.0,-64.0,-0.14,167.0,2.0
2025-04-08 07:34:04,149.0,9.0,311.91,23.0,142.53,15.0,343.27,41.0,230.46,162.91000000000005,24.0,64.0,39.31641412947031,88,-40.0,0.0,-0.45,161.67,3.0
2025-04-08 07:34:05,137.5,20.0,155.0,8.0,87.04,26.0,278.25,24.0,146.25,17.5,46.0,32.0,42.34695479016188,78,14.0,-10.0,0.18,161.67,
2025-04-08 07:34:06,148.0,63.0,155.0,9.0,99.0,16.0,177.0,27.0,151.5,7.0,79.0,36.0,43.02920078272445,115,43.0,37.0,0.37,161.67,
2025-04-08 07:34:07,148.0,56.0,155.0,8.0,116.0,8.0,161.64,33.0,151.5,7.0,64.0,41.0,45.77561774569532,105,23.0,-10.0,0.22,161.67,
2025-04-08 07:34:08,148.0,28.0,155.0,4.0,116.0,4.0,157.0,24.0,151.5,7.0,32.0,28.0,35.970860706967024,60,4.0,-45.0,0.07,161.67,
2025-04-08 07:34:09,148.3,53.0,153.86,21.0,130.2,35.0,155.75,16.0,151.08,5.560000000000002,88.0,37.0,2.3080901195645565,125,51.0,65.0,0.41,161.67,
2025-04-08 07:34:11,115.21,71.0,155.94,69.0,102.0,55.0,156.96,69.0,135.58,40.73,126.0,138.0,8.980456558551703,264,-12.0,99.0,-0.05,161.67,
2025-04-08 07:34:12,117.11,54.0,155.0,35.0,110.63,57.0,156.0,27.0,136.06,37.89,111.0,62.0,8.756741403058323,173,49.0,-91.0,0.28,155.0,1.0
2025-04-08 07:34:13,132.25,51.0,154.07,42.0,123.68,41.0,156.0,42.0,143.16,21.819999999999997,92.0,84.0,7.058142815219645,176,8.0,3.0,0.05,155.0,
2025-04-08 07:34:14,150.94,70.0,153.33,30.0,140.74,97.0,155.86,42.0,152.14,2.390000000000015,167.0,72.0,7.475685921708887,239,95.0,63.0,0.4,152.67,3.0
2025-04-08 07:34:15,151.05,84.0,155.12,16.0,130.58,24.0,156.43,37.0,153.09,4.069999999999993,108.0,53.0,8.419220866566848,161,55.0,-78.0,0.34,155.5,4.0
2025-04-08 07:34:16,153.06,70.0,156.0,10.0,152.14,70.0,157.0,80.0,154.53,2.9399999999999977,140.0,90.0,7.928898410247974,230,50.0,69.0,0.22,155.5,
2025-04-08 07:34:17,154.0,60.0,156.0,9.0,153.0,90.0,157.0,72.0,155.0,2.0,150.0,81.0,4.844814753943747,231,69.0,1.0,0.3,155.5,
2025-04-08 07:34:18,155.73,44.0,157.27,59.0,153.0,110.0,158.88,43.0,156.5,1.5400000000000205,154.0,102.0,1.6956621125771607,256,52.0,25.0,0.2,156.89,9.0
2025-04-08 07:34:19,157.3,40.0,159.33,27.0,147.24,102.0,163.32,28.0,158.32,2.030000000000001,142.0,55.0,1.9969151208874607,197,87.0,-59.0,0.44,159.0,3.0
2025-04-08 07:34:20,132.12,64.0,166.76,33.0,93.88,64.0,297.86,14.0,149.44,34.639999999999986,128.0,47.0,3.320921558849197,175,81.0,-22.0,0.46,159.82,11.0
2025-04-08 07:34:21,166.77,26.0,177.0,40.0,85.96,25.0,229.4,10.0,171.88,10.22999999999999,51.0,50.0,8.32196611384759,101,1.0,-74.0,0.01,159.82,
2025-04-08 07:34:22,168.0,18.0,177.0,24.0,164.0,12.0,351.0,6.0,172.5,9.0,30.0,30.0,10.1123745974932,60,0.0,-41.0,0.0,159.82,
2025-04-08 07:34:23,166.9,29.0,283.43,23.0,163.47,30.0,349.15,26.0,225.17,116.53,59.0,49.0,29.425677902131984,108,10.0,48.0,0.09,168.0,3.0
2025-04-08 07:34:24,165.67,9.0,267.5,12.0,164.0,18.0,286.69,13.0,216.58,101.83,27.0,25.0,32.33217561501257,52,2.0,-56.0,0.04,168.0,
2025-04-08 07:34:25,166.0,10.0,243.9,10.0,164.0,20.0,266.0,13.0,204.95,77.9,30.0,23.0,24.81934185267628,53,7.0,1.0,0.13,168.0,
2025-04-08 07:34:26,166.1,10.0,197.09,35.0,164.0,20.0,199.79,19.0,181.59,30.99000000000001,30.0,54.0,22.516555464813163,84,-24.0,31.0,-0.29,168.0,
2025-04-08 07:34:27,165.0,12.0,193.5,48.0,163.05,152.0,195.5,24.0,179.25,28.5,164.0,72.0,20.56117749546477,236,92.0,152.0,0.39,165.5,2.0
2025-04-08 07:34:28,163.07,54.0,192.0,30.0,161.75,64.0,194.0,6.0,177.54,28.930000000000007,118.0,36.0,17.691095782907606,154,82.0,-82.0,0.53,164.0,3.0
2025-04-08 07:34:29,163.0,153.0,191.52,33.0,160.0,81.0,191.86,21.0,177.26,28.52000000000001,234.0,54.0,11.772453864849693,288,180.0,134.0,0.62,164.0,
2025-04-08 07:34:30,163.0,187.0,188.65,23.0,160.0,99.0,189.31,35.0,175.83,25.65000000000001,286.0,58.0,2.207176929930385,344,228.0,56.0,0.66,164.0,
2025-04-08 07:34:31,163.0,187.0,185.36,11.0,160.0,99.0,187.27,15.0,174.18,22.360000000000014,286.0,26.0,1.9082898102797388,312,260.0,-32.0,0.83,164.0,
2025-04-08 07:34:32,163.0,128.0,185.0,8.0,160.0,73.0,189.0,40.0,174.0,22.0,201.0,48.0,1.6596144130543915,249,153.0,-63.0,0.61,163.0,4.0
2025-04-08 07:34:33,163.0,91.0,184.22,9.0,160.67,30.0,187.74,27.0,173.61,21.22,121.0,36.0,1.5328176669187172,157,85.0,-92.0,0.54,163.0,
2025-04-08 07:34:34,163.07,76.0,182.25,16.0,162.36,22.0,183.75,16.0,172.66,19.180000000000007,98.0,32.0,1.1525319952254982,130,66.0,-27.0,0.51,163.0,5.0
2025-04-08 07:34:35,164.0,95.0,178.84,31.0,163.0,152.0,180.44,71.0,171.42,14.840000000000003,247.0,102.0,1.1429260693582672,349,145.0,168.0,0.42,163.0,
2025-04-08 07:34:36,165.72,29.0,174.8,25.0,164.85,68.0,175.67,27.0,170.26,9.080000000000013,97.0,52.0,1.5517087355618615,149,45.0,-168.0,0.3,168.0,2.0
2025-04-08 07:34:37,166.26,34.0,169.13,52.0,164.48,128.0,171.05,44.0,167.7,2.8700000000000045,162.0,96.0,2.296584420398995,258,66.0,109.0,0.26,166.2,5.0
2025-04-08 07:34:38,164.0,39.0,167.28,25.0,162.78,83.0,252.44,27.0,165.64,3.280000000000001,122.0,52.0,2.845290846296708,174,70.0,-84.0,0.4,166.0,3.0
2025-04-08 07:34:39,163.0,88.0,165.0,21.0,162.0,63.0,503.86,21.0,164.0,2.0,151.0,42.0,3.093198991338955,193,109.0,19.0,0.56,163.0,3.0
2025-04-08 07:34:40,163.01,93.0,327.33,36.0,162.07,107.0,535.75,36.0,245.17,164.32,200.0,72.0,35.081624534790514,272,128.0,79.0,0.47,163.33,3.0
2025-04-08 07:34:41,163.0,46.0,273.46,35.0,162.0,66.0,485.0,36.0,218.23,110.45999999999998,112.0,71.0,37.36405987041575,183,41.0,-89.0,0.22,163.0,5.0
2025-04-08 07:34:42,162.43,42.0,208.69,26.0,161.77,26.0,395.64,36.0,185.56,46.25999999999999,68.0,62.0,35.23561053820427,130,6.0,-53.0,0.05,163.0,3.0
2025-04-08 07:34:43,162.0,24.0,206.5,12.0,161.0,6.0,208.0,24.0,184.25,44.5,30.0,36.0,32.1079471470851,66,-6.0,-64.0,-0.09,163.0,
2025-04-08 07:34:44,160.9,20.0,203.96,53.0,159.09,69.0,205.88,32.0,182.43,43.06,89.0,85.0,27.789480383771288,174,4.0,108.0,0.02,161.5,6.0
2025-04-08 07:34:45,159.07,45.0,201.4,30.0,124.0,53.0,202.42,38.0,180.23,42.33000000000001,98.0,68.0,15.830104232127278,166,30.0,-8.0,0.18,161.5,
2025-04-08 07:34:46,160.04,48.0,197.43,35.0,155.58,76.0,198.45,40.0,178.74,37.390000000000015,124.0,75.0,2.8012800645449154,199,49.0,33.0,0.25,162.67,3.0
2025-04-08 07:34:47,160.46,35.0,195.17,29.0,159.1,60.0,196.53,30.0,177.81,34.70999999999998,95.0,59.0,2.646208608560039,154,36.0,-45.0,0.23,162.67,
2025-04-08 07:34:48,161.22,40.0,193.1,29.0,159.33,36.0,194.17,23.0,177.16,31.879999999999995,76.0,52.0,2.107825894142513,128,24.0,-26.0,0.19,162.67,
2025-04-08 07:34:49,163.6,42.0,191.75,24.0,160.0,24.0,193.0,32.0,177.67,28.15000000000001,66.0,56.0,1.2096156414406731,122,10.0,-6.0,0.08,163.0,2.0
2025-04-08 07:34:50,164.0,85.0,189.05,37.0,160.0,51.0,190.73,52.0,176.53,25.05000000000001,136.0,89.0,0.8193717105307599,225,47.0,103.0,0.21,163.0,
2025-04-08 07:34:51,164.5,84.0,182.42,38.0,163.47,90.0,185.67,36.0,173.46,17.919999999999987,174.0,74.0,1.7860375136089144,248,100.0,23.0,0.4,163.0,
2025-04-08 07:34:52,165.53,73.0,170.05,41.0,163.89,108.0,174.02,56.0,167.79,4.52000000000001,181.0,97.0,4.103312076849488,278,84.0,30.0,0.3,166.0,5.0
2025-04-08 07:34:53,164.0,68.0,165.95,20.0,163.0,12.0,167.86,28.0,164.97,1.9499999999999889,80.0,48.0,5.520668437790794,128,32.0,-150.0,0.25,164.57,7.0
2025-04-08 07:34:54,164.0,152.0,166.3,20.0,163.0,11.0,342.97,39.0,165.15,2.300000000000012,163.0,59.0,5.182615169971628,222,104.0,94.0,0.47,164.57,
2025-04-08 07:34:55,164.0,188.0,453.24,34.0,163.0,13.0,569.83,59.0,308.62,289.24,201.0,93.0,63.050978342925134,294,108.0,72.0,0.37,164.0,1.0
2025-04-08 07:34:56,164.53,68.0,385.59,32.0,163.93,60.0,598.49,35.0,275.06,221.06,128.0,67.0,69.96432998321364,195,61.0,-99.0,0.31,164.0,
2025-04-08 07:34:57,164.08,107.0,197.56,27.0,163.64,22.0,236.67,42.0,180.82,33.47999999999999,129.0,69.0,67.9176245903816,198,60.0,3.0,0.3,166.25,4.0
2025-04-08 07:34:58,164.0,26.0,197.0,4.0,163.0,2.0,198.0,10.0,180.5,33.0,28.0,14.0,65.131306604428,42,14.0,-156.0,0.33,166.25,
2025-04-08 07:34:59,164.0,90.0,195.08,13.0,163.0,9.0,227.42,26.0,179.54,31.080000000000013,99.0,39.0,62.24347291082019,138,60.0,96.0,0.43,164.0,3.0
2025-04-08 07:35:00,166.0,32.0,191.23,13.0,164.0,64.0,194.73,11.0,178.62,25.22999999999999,96.0,24.0,42.57898448765557,120,72.0,-18.0,0.6,164.0,
2025-04-08 07:35:01,166.0,37.0,189.71,45.0,164.0,41.0,325.45,55.0,177.86,23.710000000000008,78.0,100.0,1.2452790851924864,178,-22.0,58.0,-0.12,166.0,2.0
2025-04-08 07:35:02,166.0,16.0,188.54,26.0,164.0,101.0,245.05,38.0,177.27,22.539999999999992,117.0,64.0,1.2928340960920046,181,53.0,3.0,0.29,166.0,
2025-04-08 07:35:03,166.0,22.0,187.64,22.0,164.0,154.0,478.95,42.0,176.82,21.639999999999983,176.0,64.0,1.0837988743389022,240,112.0,59.0,0.47,166.0,
2025-04-08 07:35:04,166.0,8.0,186.5,8.0,164.0,56.0,317.0,16.0,176.25,20.5,64.0,24.0,0.9177853779716064,88,40.0,-152.0,0.45,166.0,
2025-04-08 07:35:05,164.22,54.0,184.9,40.0,163.84,50.0,185.69,26.0,174.56,20.680000000000007,104.0,66.0,1.2607021852994202,170,38.0,82.0,0.22,164.8,5.0
2025-04-08 07:35:06,162.22,54.0,181.57,28.0,160.12,50.0,182.71,28.0,171.9,19.349999999999994,104.0,56.0,2.1899429216349686,160,48.0,-10.0,0.3,163.75,4.0
2025-04-08 07:35:07,162.97,127.0,177.67,24.0,161.83,48.0,178.75,24.0,170.32,14.699999999999989,175.0,48.0,2.7962653665236368,223,127.0,63.0,0.57,163.0,11.0
2025-04-08 07:35:08,163.71,62.0,174.28,36.0,161.33,48.0,175.62,26.0,168.99,10.569999999999991,110.0,62.0,2.9871608594148547,172,48.0,-51.0,0.28,163.0,
2025-04-08 07:35:09,164.0,144.0,172.22,18.0,161.0,24.0,173.36,22.0,168.11,8.219999999999999,168.0,40.0,2.553787383479802,208,128.0,36.0,0.62,163.0,
2025-04-08 07:35:10,165.9,20.0,171.15,26.0,164.38,80.0,172.18,22.0,168.53,5.25,100.0,48.0,1.5444254595224025,148,52.0,-60.0,0.35,163.0,
2025-04-08 07:35:11,165.23,44.0,168.67,27.0,164.38,74.0,170.33,36.0,166.95,3.4399999999999977,118.0,63.0,1.2324771803247898,181,55.0,33.0,0.3,167.25,4.0
2025-04-08 07:35:12,163.75,156.0,168.33,24.0,162.0,24.0,172.17,24.0,166.04,4.5800000000000125,180.0,48.0,1.2079238386676976,228,132.0,47.0,0.58,167.25,
2025-04-08 07:35:13,163.0,125.0,166.2,20.0,162.0,20.0,167.2,20.0,164.6,3.1999999999999886,145.0,40.0,1.59205213483166,185,105.0,-43.0,0.57,163.0,1.0
2025-04-08 07:35:14,163.0,120.0,164.8,20.0,162.0,20.0,165.8,20.0,163.9,1.8000000000000114,140.0,40.0,1.848980800339019,180,100.0,-5.0,0.56,163.0,
2025-04-08 07:35:15,163.0,78.0,177.12,32.0,162.0,18.0,268.43,35.0,170.06,14.120000000000005,96.0,67.0,2.412322532337292,163,29.0,-17.0,0.18,163.0,4.0
2025-04-08 07:35:16,164.27,63.0,261.8,40.0,162.52,25.0,445.9,40.0,213.03,97.53,88.0,80.0,21.1006677619458,168,8.0,5.0,0.05,163.0,5.0
2025-04-08 07:35:19,162.0,27.0,409.82,39.0,160.0,9.0,431.4,35.0,285.91,247.82,36.0,74.0,84.61669545662943,110,-38.0,50.0,-0.35,163.0,
2025-04-08 07:35:20,165.08,52.0,273.45,58.0,160.75,52.0,280.0,64.0,219.26,108.36999999999998,104.0,122.0,70.82786986772909,226,-18.0,116.0,-0.08,163.0,
2025-04-08 07:35:21,166.0,56.0,271.52,62.0,162.0,42.0,272.62,64.0,218.76,105.51999999999998,98.0,126.0,69.36901707534831,224,-28.0,-2.0,-0.12,163.0,
2025-04-08 07:35:22,166.0,44.0,269.19,53.0,162.0,33.0,270.52,46.0,217.59,103.19,77.0,99.0,63.08693945659415,176,-22.0,-48.0,-0.12,163.0,
2025-04-08 07:35:23,166.0,16.0,238.57,60.0,162.0,39.0,243.27,51.0,202.28,72.57,55.0,111.0,32.71976390501596,166,-56.0,-10.0,-0.34,166.0,3.0
2025-04-08 07:35:24,166.0,10.0,221.91,44.0,162.0,28.0,224.29,42.0,193.95,55.91,38.0,86.0,11.582498435138715,124,-48.0,-42.0,-0.39,166.0,
2025-04-08 07:35:25,162.95,21.0,218.3,47.0,160.14,29.0,218.96,50.0,190.63,55.35000000000002,50.0,97.0,13.069073035223,147,-47.0,23.0,-0.32,162.5,4.0
2025-04-08 07:35:26,160.71,28.0,215.53,43.0,159.14,73.0,217.45,51.0,188.12,54.81999999999999,101.0,94.0,11.927901324205996,195,7.0,48.0,0.04,162.0,2.0
2025-04-08 07:35:27,159.26,77.0,210.18,62.0,157.29,65.0,211.25,65.0,184.72,50.920000000000016,142.0,127.0,6.696876137423892,269,15.0,74.0,0.06,160.5,4.0
2025-04-08 07:35:28,159.0,38.0,206.0,16.0,153.0,12.0,207.09,22.0,182.5,47.0,50.0,38.0,4.564562410571138,88,12.0,-168.0,0.14,160.5,
2025-04-08 07:35:29,163.79,57.0,187.3,66.0,157.11,38.0,187.77,65.0,175.55,23.51000000000002,95.0,131.0,5.801726467182015,226,-36.0,138.0,-0.16,159.0,5.0
2025-04-08 07:35:30,166.0,54.0,170.38,56.0,159.0,36.0,171.61,54.0,168.19,4.379999999999996,90.0,110.0,7.961974001464839,200,-20.0,-26.0,-0.1,159.0,
2025-04-08 07:35:31,160.31,32.0,165.31,35.0,138.72,25.0,166.89,38.0,162.81,5.0,57.0,73.0,9.296511711389588,130,-16.0,-70.0,-0.12,166.0,3.0
2025-04-08 07:35:32,159.0,16.0,160.4,10.0,125.0,24.0,161.25,8.0,159.7,1.4000000000000057,40.0,18.0,9.324727878067296,58,22.0,-72.0,0.38,161.0,2.0
2025-04-08 07:35:33,124.1,31.0,157.55,20.0,89.34,32.0,158.95,19.0,140.82,33.45000000000002,63.0,39.0,12.987880119557918,102,24.0,44.0,0.24,159.0,2.0
2025-04-08 07:35:35,156.53,87.0,166.5,24.0,135.23,47.0,208.5,24.0,161.51,9.97,134.0,48.0,13.082978636381313,182,86.0,49.0,0.47,157.5,4.0
2025-04-08 07:35:36,160.17,54.0,166.0,22.0,159.18,98.0,326.15,47.0,163.08,5.8300000000000125,152.0,69.0,13.13947563641753,221,83.0,39.0,0.38,160.0,1.0
2025-04-08 07:35:37,163.0,6.0,258.69,16.0,160.0,36.0,356.83,30.0,210.84,95.69,42.0,46.0,29.87717992046785,88,-4.0,-133.0,-0.05,164.5,2.0
2025-04-08 07:35:38,166.67,6.0,298.71,21.0,161.38,16.0,414.5,30.0,232.69,132.04,22.0,51.0,39.967244713640206,73,-29.0,-15.0,-0.4,164.5,
2025-04-08 07:35:41,163.0,27.0,327.0,24.0,161.08,39.0,579.14,42.0,245.0,164.0,66.0,66.0,16.088204685420383,132,0.0,39.0,0.0,166.67,3.0
2025-04-08 07:35:42,160.0,48.0,242.5,12.0,159.0,80.0,353.16,19.0,201.25,82.5,128.0,31.0,19.990285890901685,159,97.0,27.0,0.61,166.67,
2025-04-08 07:35:43,159.87,52.0,225.0,11.0,158.62,104.0,226.0,22.0,192.43,65.13,156.0,33.0,27.55237430785204,189,123.0,30.0,0.65,159.67,9.0
2025-04-08 07:35:44,159.0,35.0,224.2,5.0,106.58,38.0,342.2,10.0,191.6,65.19999999999999,73.0,15.0,26.33615822400809,88,58.0,-101.0,0.66,159.67,
2025-04-08 07:35:45,161.07,29.0,224.0,7.0,128.31,61.0,286.0,35.0,192.53,62.93000000000001,90.0,42.0,22.94650888479535,132,48.0,44.0,0.36,159.67,
2025-04-08 07:35:46,159.0,78.0,222.08,13.0,72.87,69.0,614.2,41.0,190.54,63.08000000000001,147.0,54.0,4.312058673069672,201,93.0,69.0,0.46,162.0,4.0
2025-04-08 07:35:47,159.0,46.0,198.87,15.0,104.5,66.0,584.29,21.0,178.93,39.870000000000005,112.0,36.0,5.799787065056503,148,76.0,-53.0,0.51,159.0,4.0
2025-04-08 07:35:48,120.96,57.0,165.5,40.0,111.78,77.0,366.82,22.0,143.23,44.540000000000006,134.0,62.0,20.939320189538147,196,72.0,48.0,0.37,159.0,2.0
2025-04-08 07:35:49,163.0,17.0,176.5,8.0,116.14,56.0,458.44,9.0,169.75,13.5,73.0,17.0,20.00707824746036,90,56.0,-106.0,0.62,159.0,
2025-04-08 07:35:50,163.0,30.0,265.88,16.0,100.41,51.0,516.56,9.0,214.44,102.88,81.0,25.0,26.236954282080838,106,56.0,16.0,0.53,159.0,
2025-04-08 07:35:51,163.0,45.0,414.85,26.0,158.58,76.0,601.46,13.0,288.92,251.85,121.0,39.0,56.3308213148006,160,82.0,54.0,0.51,159.0,
2025-04-08 07:35:52,166.46,35.0,335.29,14.0,160.94,31.0,426.66,41.0,250.87,168.83,66.0,55.0,59.02858519395486,121,11.0,-39.0,0.09,159.0,
2025-04-08 07:35:53,168.0,22.0,296.87,15.0,164.0,8.0,361.59,17.0,232.43,128.87,30.0,32.0,44.09361257597271,62,-2.0,-59.0,-0.03,168.0,1.0
2025-04-08 07:35:54,168.0,10.0,300.14,7.0,164.0,5.0,509.0,8.0,234.07,132.14,15.0,15.0,28.15652730717999,30,0.0,-32.0,0.0,168.0,
2025-04-08 07:35:58,163.47,38.0,179.6,10.0,163.8,20.0,315.12,34.0,171.54,16.129999999999995,58.0,44.0,24.95669509370171,102,14.0,20.0,0.14,167.75,4.0
2025-04-08 07:35:59,163.83,29.0,177.04,57.0,162.23,26.0,257.16,19.0,170.43,13.20999999999998,55.0,76.0,7.406053604991044,131,-21.0,29.0,-0.16,163.0,3.0
2025-04-08 07:36:00,164.08,24.0,175.75,16.0,161.77,31.0,177.02,56.0,169.92,11.669999999999987,55.0,72.0,6.605932939411519,127,-17.0,-4.0,-0.13,165.5,4.0
2025-04-08 07:36:01,161.89,57.0,173.48,23.0,160.86,42.0,176.84,58.0,167.69,11.590000000000003,99.0,81.0,3.3870237672628525,180,18.0,53.0,0.1,165.5,
2025-04-08 07:36:02,162.0,46.0,172.35,46.0,161.0,30.0,173.14,28.0,167.17,10.349999999999994,76.0,74.0,1.857107966706344,150,2.0,-30.0,0.01,162.0,1.0
2025-04-08 07:36:03,161.7,20.0,172.0,55.0,160.45,33.0,173.0,44.0,166.85,10.300000000000011,53.0,99.0,1.646972980957648,152,-46.0,2.0,-0.3,161.67,6.0
2025-04-08 07:36:04,162.24,21.0,172.16,101.0,160.65,37.0,173.06,72.0,167.2,9.919999999999987,58.0,173.0,1.2409794518866002,231,-115.0,79.0,-0.5,161.67,
2025-04-08 07:36:05,160.0,140.0,171.52,29.0,144.38,128.0,172.92,38.0,165.76,11.52000000000001,268.0,67.0,0.7216855270857985,335,201.0,104.0,0.6,161.25,4.0
2025-04-08 07:36:06,160.56,72.0,166.98,53.0,159.67,72.0,168.53,17.0,163.77,6.419999999999988,144.0,70.0,1.4533925828919638,214,74.0,-121.0,0.35,161.0,8.0
2025-04-08 07:36:07,160.4,15.0,163.17,23.0,159.53,34.0,164.87,15.0,161.79,2.769999999999982,49.0,38.0,2.270997578159386,87,11.0,-127.0,0.13,160.4,5.0
2025-04-08 07:36:08,159.25,32.0,169.87,23.0,137.64,58.0,223.08,26.0,164.56,10.620000000000005,90.0,49.0,2.042726119675856,139,41.0,52.0,0.29,161.11,9.0
2025-04-08 07:36:09,159.0,36.0,374.33,12.0,129.9,21.0,514.95,37.0,266.67,215.33,57.0,49.0,45.95154132344201,106,8.0,-33.0,0.08,161.11,
2025-04-08 07:36:10,164.62,32.0,266.0,11.0,152.87,23.0,421.72,36.0,215.31,101.38,55.0,47.0,46.23908952390817,102,8.0,-4.0,0.08,161.11,
2025-04-08 07:36:11,168.0,36.0,197.27,33.0,162.33,36.0,374.08,37.0,182.64,29.27000000000001,72.0,70.0,43.81878626799233,142,2.0,40.0,0.01,161.11,
2025-04-08 07:36:12,168.0,32.0,196.0,24.0,167.0,8.0,197.0,40.0,182.0,28.0,40.0,64.0,40.42168267155625,104,-24.0,-38.0,-0.23,161.11,
2025-04-08 07:36:13,168.0,24.0,196.0,18.0,167.0,6.0,255.67,30.0,182.0,28.0,30.0,48.0,36.962256830447856,78,-18.0,-26.0,-0.23,161.11,
2025-04-08 07:36:22,167.17,127.0,189.0,33.0,166.65,102.0,355.36,55.0,178.09,21.830000000000013,229.0,88.0,1.0387877550306266,317,141.0,153.0,0.44,168.11,9.0
2025-04-08 07:36:23,167.0,114.0,188.83,18.0,166.0,48.0,272.0,28.0,177.92,21.830000000000013,162.0,46.0,0.7140728254190223,208,116.0,-109.0,0.56,168.11,
2025-04-08 07:36:24,167.0,152.0,282.41,34.0,166.0,64.0,428.28,32.0,224.71,115.41000000000004,216.0,66.0,20.670697375753846,282,150.0,74.0,0.53,168.11,
2025-04-08 07:36:25,167.0,168.0,191.22,45.0,166.0,88.0,225.92,48.0,179.11,24.22,256.0,93.0,20.659119777957557,349,163.0,67.0,0.47,167.0,9.0
2025-04-08 07:36:26,167.0,60.0,184.33,24.0,166.0,48.0,193.0,24.0,175.67,17.330000000000013,108.0,48.0,21.06210815659243,156,60.0,-168.0,0.38,167.0,
2025-04-08 07:36:27,167.0,120.0,182.92,48.0,166.0,96.0,196.5,48.0,174.96,15.919999999999987,216.0,96.0,21.439972714534825,312,120.0,156.0,0.38,167.0,
2025-04-08 07:36:28,167.0,90.0,181.67,36.0,166.0,72.0,344.44,36.0,174.33,14.669999999999987,162.0,72.0,21.85416390530642,234,90.0,-78.0,0.38,167.0,
2025-04-08 07:36:29,167.04,104.0,181.0,48.0,166.2,100.0,458.43,49.0,174.02,13.960000000000008,204.0,97.0,2.0519673486689403,301,107.0,67.0,0.36,167.0,
2025-04-08 07:36:30,168.0,8.0,180.5,16.0,167.0,40.0,241.47,17.0,174.25,12.5,48.0,33.0,0.6700223876886258,81,15.0,-168.0,0.19,167.0,
2025-04-08 07:36:31,168.0,18.0,179.89,36.0,167.0,90.0,217.12,34.0,173.94,11.889999999999986,108.0,70.0,0.402181551049004,178,38.0,97.0,0.21,167.0,
2025-04-08 07:36:32,167.07,61.0,178.77,52.0,166.19,108.0,375.46,39.0,172.92,11.700000000000015,169.0,91.0,0.5664538816218281,260,78.0,82.0,0.3,167.29,7.0
2025-04-08 07:36:33,167.0,55.0,177.64,44.0,166.0,88.0,492.67,46.0,172.32,10.639999999999986,143.0,90.0,0.8298795093293265,233,53.0,-27.0,0.23,167.29,
2025-04-08 07:36:34,167.0,52.0,177.0,48.0,166.0,96.0,226.0,36.0,172.0,10.0,148.0,84.0,0.9846217547895856,232,64.0,-1.0,0.28,167.0,1.0
2025-04-08 07:36:35,167.0,32.0,175.78,36.0,166.0,64.0,197.43,28.0,171.39,8.780000000000001,96.0,64.0,0.9699896906695832,160,32.0,-72.0,0.2,167.0,
2025-04-08 07:36:36,167.17,35.0,174.11,45.0,166.12,64.0,176.0,36.0,170.64,6.940000000000026,99.0,81.0,0.8752028336366876,180,18.0,20.0,0.1,168.0,3.0
2025-04-08 07:36:37,166.17,87.0,172.38,56.0,163.59,122.0,174.46,52.0,169.27,6.210000000000008,209.0,108.0,1.2186180697848454,317,101.0,137.0,0.32,167.0,5.0
2025-04-08 07:36:38,164.75,96.0,168.63,46.0,162.9,78.0,170.19,53.0,166.69,3.879999999999996,174.0,99.0,2.111319492641249,273,75.0,-44.0,0.27,167.0,
2025-04-08 07:36:39,163.0,116.0,165.83,53.0,162.0,132.0,167.27,55.0,164.42,2.8300000000000125,248.0,108.0,2.891603361460209,356,140.0,83.0,0.39,163.0,4.0
2025-04-08 07:36:40,163.0,28.0,197.12,33.0,162.0,140.0,310.67,42.0,180.06,34.120000000000005,168.0,75.0,6.000110832310245,243,93.0,-113.0,0.38,163.56,9.0
2025-04-08 07:36:41,162.0,172.0,223.71,28.0,160.0,72.0,353.96,47.0,192.86,61.71000000000001,244.0,75.0,11.80921885646988,319,169.0,76.0,0.53,162.22,9.0
2025-04-08 07:36:42,162.0,75.0,218.74,54.0,160.0,78.0,219.74,39.0,190.37,56.74000000000001,153.0,93.0,13.100959888496757,246,60.0,-73.0,0.24,162.22,
2025-04-08 07:36:43,162.32,37.0,211.45,22.0,161.0,60.0,213.11,45.0,186.89,49.13,97.0,67.0,11.40719728943083,164,30.0,-82.0,0.18,163.0,2.0
2025-04-08 07:36:44,162.0,182.0,209.11,36.0,160.0,78.0,213.2,50.0,185.56,47.110000000000014,260.0,86.0,4.894800302361167,346,174.0,168.0,0.5,163.0,
2025-04-08 07:36:45,164.86,84.0,207.83,48.0,161.89,222.0,210.0,24.0,186.35,42.97,306.0,72.0,3.0951785085830044,378,234.0,32.0,0.62,163.0,
2025-04-08 07:36:46,166.0,48.0,206.62,32.0,162.0,216.0,210.0,16.0,186.31,40.620000000000005,264.0,48.0,1.8904443921985696,312,216.0,-66.0,0.69,163.0,
2025-04-08 07:36:47,166.0,34.0,182.71,21.0,162.0,189.0,200.73,26.0,174.36,16.710000000000008,223.0,47.0,5.35064762435327,270,176.0,-42.0,0.65,166.0,4.0
2025-04-08 07:36:48,166.0,20.0,168.86,35.0,162.0,270.0,170.48,29.0,167.43,2.8600000000000136,290.0,64.0,8.672754464413261,354,226.0,84.0,0.64,164.0,4.0
2025-04-08 07:36:49,162.0,380.0,164.0,74.0,160.0,114.0,165.28,58.0,163.0,2.0,494.0,132.0,10.691732787532777,626,362.0,168.0,0.58,162.0,13.0
2025-04-08 07:36:50,162.1,116.0,163.93,30.0,160.97,70.0,347.0,36.0,163.02,1.8300000000000125,186.0,66.0,9.822882978026708,252,120.0,-168.0,0.48,162.0,2.0
2025-04-08 07:36:51,164.45,44.0,353.78,46.0,162.07,110.0,539.87,39.0,259.12,189.33,154.0,85.0,41.47910413690242,239,69.0,-13.0,0.29,163.0,4.0
2025-04-08 07:36:52,167.0,24.0,455.0,30.0,163.0,12.0,525.0,24.0,311.0,288.0,36.0,54.0,68.5661554996339,90,-18.0,-149.0,-0.2,163.0,
2025-04-08 07:36:54,167.0,48.0,360.44,57.0,163.0,24.0,494.8,51.0,263.72,193.44,72.0,108.0,61.87528165592408,180,-36.0,65.0,-0.2,163.0,
2025-04-08 07:36:55,167.13,23.0,319.38,32.0,164.0,16.0,397.26,31.0,243.25,152.25,39.0,63.0,33.290720929410995,102,-24.0,-78.0,-0.24,167.6,5.0
2025-04-08 07:36:56,167.0,16.0,264.24,37.0,163.0,16.0,344.06,34.0,215.62,97.24,32.0,71.0,43.80022374371996,103,-39.0,1.0,-0.38,167.6,
2025-04-08 07:36:57,167.76,58.0,235.73,44.0,164.45,22.0,238.0,44.0,201.74,67.97,80.0,88.0,45.61720311461399,168,-8.0,65.0,-0.05,167.6,
2025-04-08 07:36:58,168.0,110.0,234.0,40.0,167.0,20.0,407.3,40.0,201.0,66.0,130.0,80.0,27.55581209109921,210,50.0,42.0,0.24,167.6,
2025-04-08 07:37:03,167.56,48.0,178.17,48.0,166.56,54.0,238.08,48.0,172.86,10.609999999999983,102.0,96.0,12.19586200315534,198,6.0,0.0,0.03,167.6,
2025-04-08 07:37:09,167.29,21.0,173.0,44.0,163.08,102.0,241.71,17.0,170.14,5.710000000000008,123.0,61.0,1.0366195059013523,184,62.0,107.0,0.34,168.5,4.0
2025-04-08 07:37:10,167.0,9.0,171.89,36.0,163.0,90.0,557.0,26.0,169.44,4.889999999999986,99.0,62.0,1.274958822870692,161,37.0,-23.0,0.23,168.5,
2025-04-08 07:37:11,163.0,56.0,170.0,28.0,162.0,7.0,580.2,20.0,166.5,7.0,63.0,48.0,2.180802604551121,111,15.0,-50.0,0.14,164.33,3.0
2025-04-08 07:37:12,163.0,134.0,169.38,52.0,162.0,13.0,290.84,31.0,166.19,6.379999999999996,147.0,83.0,2.343879263105942,230,64.0,119.0,0.28,164.33,
2025-04-08 07:37:13,164.29,28.0,168.0,56.0,162.42,115.0,456.08,53.0,166.14,3.710000000000008,143.0,109.0,1.9450758340021252,252,34.0,22.0,0.13,164.33,
2025-04-08 07:37:14,162.12,130.0,167.31,65.0,161.02,102.0,188.75,48.0,164.72,5.189999999999998,232.0,113.0,1.7313058655304252,345,119.0,93.0,0.34,162.8,5.0
2025-04-08 07:37:15,163.22,92.0,166.3,54.0,161.52,83.0,167.2,50.0,164.76,3.0800000000000125,175.0,104.0,0.8530064478190599,279,71.0,-66.0,0.25,164.0,5.0
2025-04-08 07:37:16,162.19,54.0,165.89,35.0,160.87,62.0,703.43,21.0,164.04,3.6999999999999886,116.0,56.0,0.9524704719944496,172,60.0,-107.0,0.35,164.0,7.0
2025-04-08 07:37:17,162.0,56.0,164.26,31.0,160.0,40.0,561.79,19.0,163.13,2.259999999999991,96.0,50.0,1.1042282372869676,146,46.0,-26.0,0.32,164.0,3.0
2025-04-08 07:37:18,162.0,84.0,164.0,48.0,160.0,48.0,538.33,24.0,163.0,2.0,132.0,72.0,0.841130192076386,204,60.0,58.0,0.29,164.0,
2025-04-08 07:37:19,161.74,38.0,199.41,34.0,160.8,50.0,422.75,16.0,180.57,37.66999999999999,88.0,50.0,7.563911025390209,138,38.0,-66.0,0.28,162.0,7.0
2025-04-08 07:37:24,162.0,144.0,368.67,36.0,161.0,24.0,421.45,33.0,265.33,206.67,168.0,69.0,87.767478772036,237,99.0,3.0,0.42,162.0,
2025-04-08 07:37:25,167.0,10.0,282.0,20.0,162.0,120.0,283.0,50.0,224.5,115.0,130.0,70.0,114.22498785292048,200,60.0,-37.0,0.3,162.0,
2025-04-08 07:37:26,166.47,17.0,212.65,34.0,162.29,140.0,245.0,62.0,189.56,46.18000000000001,157.0,96.0,120.09742366095902,253,61.0,53.0,0.24,165.5,2.0
2025-04-08 07:37:27,162.65,74.0,194.68,37.0,161.63,142.0,211.7,53.0,178.66,32.03,216.0,90.0,92.10504834155364,306,126.0,53.0,0.41,163.2,5.0
2025-04-08 07:37:28,162.0,110.0,191.27,44.0,161.0,110.0,191.85,41.0,176.64,29.27000000000001,220.0,85.0,37.8736665771876,305,135.0,-1.0,0.44,163.2,
2025-04-08 07:37:29,162.0,70.0,187.43,35.0,161.0,70.0,188.39,31.0,174.71,25.430000000000007,140.0,66.0,20.76222483261355,206,74.0,-99.0,0.36,163.2,
2025-04-08 07:37:30,162.0,110.0,184.63,49.0,161.0,110.0,185.82,55.0,173.32,22.629999999999995,220.0,104.0,6.460938012394554,324,116.0,118.0,0.36,163.2,
2025-04-08 07:37:31,162.39,144.0,179.19,48.0,161.13,150.0,180.63,65.0,170.79,16.80000000000001,294.0,113.0,3.023281329947415,407,181.0,83.0,0.44,163.2,
2025-04-08 07:37:32,166.0,84.0,171.91,33.0,162.06,96.0,172.57,42.0,168.95,5.909999999999997,180.0,75.0,3.06157965762945,255,105.0,-152.0,0.41,163.2,
2025-04-08 07:37:33,166.0,72.0,168.24,34.0,163.0,22.0,168.91,45.0,167.12,2.240000000000009,94.0,79.0,3.100204831944542,173,15.0,-82.0,0.09,166.0,5.0
2025-04-08 07:37:34,164.8,10.0,168.53,19.0,162.23,26.0,169.57,21.0,166.66,3.7299999999999898,36.0,40.0,2.7478118567350607,76,-4.0,-97.0,-0.05,166.0,2.0
2025-04-08 07:37:35,163.0,16.0,166.03,34.0,162.0,86.0,167.12,25.0,164.51,3.030000000000001,102.0,59.0,2.380153356406979,161,43.0,85.0,0.27,166.0,
2025-04-08 07:37:36,162.24,66.0,164.41,61.0,161.63,136.0,165.57,47.0,163.33,2.1699999999999875,202.0,108.0,2.2179111794697217,310,94.0,149.0,0.3,163.0,2.0
2025-04-08 07:37:37,162.09,99.0,163.73,45.0,161.25,107.0,296.0,38.0,162.91,1.6399999999999864,206.0,83.0,1.91068835763919,289,123.0,-21.0,0.43,162.0,5.0
2025-04-08 07:37:38,162.14,42.0,164.86,21.0,161.26,68.0,421.14,28.0,163.5,2.7200000000000277,110.0,49.0,1.5047491485356042,159,61.0,-130.0,0.38,162.6,5.0
2025-04-08 07:37:39,162.0,26.0,164.0,15.0,161.0,50.0,391.6,20.0,163.0,2.0,76.0,35.0,0.6392573816698071,111,41.0,-48.0,0.37,162.0,3.0
2025-04-08 07:37:40,166.57,42.0,379.53,30.0,161.09,44.0,516.5,32.0,273.05,212.96,86.0,62.0,49.13370706551663,148,24.0,37.0,0.16,162.0,3.0
2025-04-08 07:37:41,168.0,79.0,449.41,41.0,162.0,11.0,506.55,44.0,308.71,281.41,90.0,85.0,71.09509638505297,175,5.0,27.0,0.03,168.0,3.0
2025-04-08 07:37:44,168.0,36.0,215.0,36.0,167.0,9.0,255.0,36.0,191.5,47.0,45.0,72.0,53.38981335423376,117,-27.0,-5.0,-0.23,168.0,
2025-04-08 07:37:45,163.15,33.0,231.0,34.0,161.24,25.0,261.56,36.0,197.08,67.85,58.0,70.0,62.91656872398505,128,-12.0,11.0,-0.09,165.25,8.0
2025-04-08 07:37:46,160.0,40.0,252.25,16.0,159.0,40.0,254.0,16.0,206.12,92.25,80.0,32.0,58.24433878069144,112,48.0,-16.0,0.43,165.25,
2025-04-08 07:37:47,160.0,55.0,248.0,22.0,159.0,51.0,250.82,22.0,204.0,88.0,106.0,44.0,25.94941078329106,150,62.0,38.0,0.41,165.25,
2025-04-08 07:37:48,160.0,65.0,244.55,40.0,159.0,56.0,245.38,52.0,202.28,84.55000000000001,121.0,92.0,5.899938982734776,213,29.0,63.0,0.14,160.0,1.0
2025-04-08 07:37:49,161.92,26.0,239.09,35.0,160.0,40.0,243.83,30.0,200.5,77.17000000000002,66.0,65.0,3.446342989313683,131,1.0,-82.0,0.01,160.0,
2025-04-08 07:37:50,162.15,78.0,239.33,27.0,160.8,60.0,241.13,39.0,200.74,77.18,138.0,66.0,2.357990670038975,204,72.0,73.0,0.35,160.0,
2025-04-08 07:37:51,162.0,96.0,223.67,49.0,160.0,48.0,222.11,36.0,192.84,61.66999999999999,144.0,85.0,4.278892380043405,229,59.0,25.0,0.26,160.0,
2025-04-08 07:37:52,162.21,71.0,191.58,38.0,161.26,76.0,213.2,51.0,176.9,29.370000000000005,147.0,89.0,10.58142334471118,236,58.0,7.0,0.25,160.0,
2025-04-08 07:37:53,162.68,74.0,188.14,50.0,161.76,91.0,190.22,41.0,175.41,25.45999999999998,165.0,91.0,12.404987706564,256,74.0,20.0,0.29,163.0,5.0
2025-04-08 07:37:54,162.0,52.0,184.44,27.0,160.0,27.0,185.58,36.0,173.22,22.44,79.0,63.0,12.233369118930776,142,16.0,-114.0,0.11,162.0,4.0
2025-04-08 07:37:55,163.46,37.0,179.53,38.0,160.73,33.0,182.09,32.0,171.49,16.069999999999993,70.0,70.0,8.563998482018459,140,0.0,-2.0,0.0,162.0,
2025-04-08 07:37:56,168.0,31.0,176.34,47.0,162.0,52.0,178.36,44.0,172.17,8.340000000000003,83.0,91.0,2.2651865265400084,174,-8.0,34.0,-0.05,168.0,1.0
2025-04-08 07:37:57,163.41,34.0,172.64,50.0,160.62,52.0,173.74,74.0,168.03,9.22999999999999,86.0,124.0,2.6993480694456826,210,-38.0,36.0,-0.18,165.0,4.0
2025-04-08 07:37:58,162.0,36.0,167.63,30.0,160.0,36.0,168.58,48.0,164.82,5.629999999999996,72.0,78.0,3.463961604871244,150,-6.0,-60.0,-0.04,165.0,
2025-04-08 07:37:59,162.38,26.0,164.75,12.0,160.83,36.0,167.87,52.0,163.57,2.3700000000000045,62.0,64.0,3.850516848427485,126,-2.0,-24.0,-0.02,164.0,1.0
2025-04-08 07:38:00,160.34,29.0,163.57,7.0,159.39,46.0,167.48,23.0,161.96,3.2299999999999898,75.0,30.0,4.054263188302602,105,45.0,-21.0,0.43,162.0,3.0
2025-04-08 07:38:01,160.0,64.0,162.03,32.0,159.0,84.0,166.3,56.0,161.02,2.030000000000001,148.0,88.0,2.74172391024837,236,60.0,131.0,0.25,160.0,3.0
2025-04-08 07:38:02,160.0,24.0,221.43,28.0,159.0,56.0,267.05,38.0,190.71,61.43000000000001,80.0,66.0,12.548088699081768,146,14.0,-90.0,0.1,161.5,10.0
2025-04-08 07:38:05,164.0,16.0,389.13,31.0,160.0,24.0,539.62,32.0,276.56,225.13,40.0,63.0,103.0011284889633,103,-23.0,74.0,-0.22,161.5,
2025-04-08 07:38:06,162.29,14.0,311.0,40.0,157.93,30.0,481.8,40.0,236.64,148.71,44.0,80.0,85.6298232510141,124,-36.0,21.0,-0.29,162.67,3.0
2025-04-08 07:38:07,162.57,7.0,289.4,20.0,159.43,14.0,403.8,20.0,225.99,126.82999999999998,21.0,40.0,76.00012414463485,61,-19.0,-63.0,-0.31,162.67,
2025-04-08 07:38:08,162.4,10.0,170.74,23.0,159.4,20.0,194.0,16.0,166.57,8.340000000000003,30.0,39.0,81.22480144635593,69,-9.0,8.0,-0.13,166.0,1.0
2025-04-08 07:38:09,159.12,17.0,167.67,12.0,157.86,14.0,171.78,18.0,163.39,8.549999999999983,31.0,30.0,48.42756394864374,61,1.0,-8.0,0.02,159.0,1.0
2025-04-08 07:38:10,159.87,23.0,164.74,39.0,157.0,35.0,166.24,21.0,162.31,4.8700000000000045,58.0,60.0,37.04578518536214,118,-2.0,57.0,-0.02,160.0,2.0
2025-04-08 07:38:11,160.38,29.0,163.0,13.0,151.22,27.0,181.71,34.0,161.69,2.6200000000000045,56.0,47.0,28.01396437493291,103,9.0,-15.0,0.09,163.17,6.0
2025-04-08 07:38:12,164.28,18.0,415.27,37.0,163.48,63.0,702.09,33.0,289.77,250.99,81.0,70.0,56.50539691038368,151,11.0,48.0,0.07,161.0,1.0
2025-04-08 07:38:13,167.0,6.0,395.91,22.0,164.0,48.0,703.4,20.0,281.45,228.91000000000005,54.0,42.0,67.5170594738839,96,12.0,-55.0,0.12,161.0,
2025-04-08 07:38:14,167.67,27.0,286.0,48.0,164.12,75.0,506.27,44.0,226.83,118.33,102.0,92.0,61.890136532406885,194,10.0,98.0,0.05,161.0,
2025-04-08 07:38:15,168.0,46.0,292.22,45.0,167.0,11.0,341.6,50.0,230.11,124.22000000000004,57.0,95.0,51.42535366917716,152,-38.0,-42.0,-0.25,168.0,2.0
2025-04-08 07:38:17,167.0,16.0,228.19,47.0,166.57,49.0,297.6,43.0,197.6,61.19,65.0,90.0,39.428158085307096,155,-25.0,9.0,-0.16,167.0,7.0
2025-04-08 07:38:18,164.0,54.0,360.9,41.0,162.0,9.0,521.0,35.0,262.45,196.9,63.0,76.0,32.68301776152212,139,-13.0,-16.0,-0.09,167.0,
2025-04-08 07:38:19,164.0,58.0,206.43,37.0,162.0,10.0,312.97,39.0,185.22,42.43000000000001,68.0,76.0,35.33318793995212,144,-8.0,5.0,-0.06,164.0,2.0
2025-04-08 07:38:20,166.4,20.0,219.0,16.0,163.88,17.0,262.89,19.0,192.7,52.6,37.0,35.0,34.0889201941039,72,2.0,-72.0,0.03,164.0,
2025-04-08 07:38:24,163.0,8.0,430.95,19.0,162.0,8.0,522.0,8.0,296.97,267.95,16.0,27.0,69.2346544008121,43,-11.0,-1.0,-0.26,164.0,
2025-04-08 07:38:25,163.0,6.0,204.95,21.0,162.0,6.0,313.17,12.0,183.98,41.94999999999999,12.0,33.0,72.82403016861875,45,-21.0,2.0,-0.47,164.0,
2025-04-08 07:38:26,163.06,63.0,172.79,29.0,161.02,45.0,208.18,44.0,167.93,9.72999999999999,108.0,73.0,87.41915493757607,181,35.0,136.0,0.19,162.0,3.0
2025-04-08 07:38:27,164.02,121.0,169.17,41.0,161.25,118.0,172.32,31.0,166.59,5.149999999999977,239.0,72.0,75.05682867001492,311,167.0,130.0,0.54,162.0,
2025-04-08 07:38:28,164.78,18.0,168.31,32.0,163.68,85.0,182.0,19.0,166.55,3.530000000000001,103.0,51.0,56.69828198455405,154,52.0,-157.0,0.34,166.0,1.0
2025-04-08 07:38:29,164.0,92.0,167.0,45.0,161.89,81.0,332.89,36.0,165.5,3.0,173.0,81.0,7.801368469700231,254,92.0,100.0,0.36,164.0,1.0
2025-04-08 07:38:30,164.0,70.0,166.0,35.0,162.5,72.0,167.0,35.0,165.0,2.0,142.0,70.0,1.132753282951296,212,72.0,-42.0,0.34,164.0,
2025-04-08 07:38:31,163.68,113.0,195.63,62.0,162.86,126.0,291.34,58.0,179.66,31.94999999999999,239.0,120.0,6.187046953113772,359,119.0,147.0,0.33,164.0,10.0
2025-04-08 07:38:32,163.0,108.0,273.17,29.0,161.39,33.0,306.0,36.0,218.09,110.17000000000002,141.0,65.0,22.703018521774236,206,76.0,-153.0,0.37,164.0,
2025-04-08 07:38:33,163.0,72.0,272.0,18.0,162.0,36.0,274.0,24.0,217.5,109.0,108.0,42.0,26.80415639411197,150,66.0,-56.0,0.44,164.0,
2025-04-08 07:38:34,163.0,156.0,229.33,39.0,162.0,78.0,253.39,46.0,196.17,66.33000000000001,234.0,85.0,23.32208888586113,319,149.0,168.0,0.47,164.0,
2025-04-08 07:38:35,163.0,108.0,212.46,24.0,162.0,54.0,235.0,24.0,187.73,49.46000000000001,162.0,48.0,17.408984749261016,210,114.0,-109.0,0.54,164.0,
2025-04-08 07:38:36,163.0,96.0,183.14,21.0,162.0,48.0,198.0,14.0,173.07,20.139999999999983,144.0,35.0,19.44784101127948,179,109.0,-31.0,0.61,164.0,
2025-04-08 07:38:37,163.0,134.0,165.96,26.0,162.0,66.0,166.96,26.0,164.48,2.960000000000008,200.0,52.0,20.693879529948333,252,148.0,73.0,0.59,163.0,3.0
2025-04-08 07:38:38,163.0,118.0,200.93,42.0,162.0,84.0,451.75,53.0,181.96,37.93000000000001,202.0,95.0,12.365608355435716,297,107.0,45.0,0.36,163.38,8.0
2025-04-08 07:38:39,162.6,75.0,207.21,43.0,161.69,64.0,294.87,55.0,184.9,44.610000000000014,139.0,98.0,9.541277168179526,237,41.0,-60.0,0.17,163.0,5.0
2025-04-08 07:38:40,162.52,46.0,169.44,27.0,160.67,36.0,171.0,36.0,165.98,6.919999999999988,82.0,63.0,9.191801782024475,145,19.0,-92.0,0.13,163.0,
2025-04-08 07:38:41,163.85,26.0,226.54,26.0,161.13,46.0,349.33,36.0,195.19,62.69,72.0,62.0,13.084327265856045,134,10.0,-11.0,0.07,164.0,6.0
2025-04-08 07:38:42,162.55,22.0,275.0,9.0,160.57,28.0,326.0,36.0,218.77,112.45,50.0,45.0,19.49495447545372,95,5.0,-39.0,0.05,164.0,
2025-04-08 07:38:43,164.25,40.0,174.65,46.0,162.25,59.0,234.67,36.0,169.45,10.400000000000006,99.0,82.0,21.39252836856868,181,17.0,86.0,0.09,164.0,
2025-04-08 07:38:47,162.84,25.0,366.0,45.0,160.64,44.0,387.0,36.0,264.42,203.16,69.0,81.0,44.20992626096544,150,-12.0,19.0,-0.08,164.5,2.0
2025-04-08 07:38:48,160.28,58.0,366.0,25.0,159.27,22.0,387.0,20.0,263.14,205.72,80.0,45.0,47.525101998838274,125,35.0,-25.0,0.28,164.0,5.0
2025-04-08 07:38:49,162.0,126.0,339.33,45.0,159.91,75.0,387.0,36.0,250.67,177.32999999999998,201.0,81.0,39.44352519742581,282,120.0,157.0,0.43,164.0,
2025-04-08 07:38:50,163.0,140.0,330.6,30.0,160.0,140.0,346.22,41.0,246.8,167.60000000000002,280.0,71.0,14.23026984986405,351,209.0,69.0,0.6,164.0,
2025-04-08 07:38:51,163.0,98.0,333.71,7.0,160.16,76.0,336.0,35.0,248.36,170.70999999999998,174.0,42.0,8.434395058327887,216,132.0,-135.0,0.61,164.0,
2025-04-08 07:38:52,163.0,119.0,248.43,49.0,162.0,33.0,285.79,39.0,205.71,85.43,152.0,88.0,21.783834143693745,240,64.0,24.0,0.27,163.0,5.0
2025-04-08 07:38:53,163.0,99.0,266.07,46.0,162.0,33.0,289.0,32.0,214.53,103.07,132.0,78.0,21.3556463259712,210,54.0,-30.0,0.26,163.0,
2025-04-08 07:38:54,163.0,79.0,291.0,33.0,162.0,54.0,333.0,11.0,227.0,128.0,133.0,44.0,19.013827862899465,177,89.0,-33.0,0.5,163.0,5.0
2025-04-08 07:38:55,163.96,25.0,289.59,27.0,162.2,46.0,317.27,11.0,226.78,125.62999999999997,71.0,38.0,16.07179299269301,109,33.0,-68.0,0.3,163.0,1.0
2025-04-08 07:38:56,167.0,28.0,234.59,58.0,163.0,42.0,287.62,52.0,200.79,67.59,70.0,110.0,11.95000292886935,180,-40.0,71.0,-0.22,163.0,
2025-04-08 07:38:57,167.0,16.0,228.67,36.0,163.38,24.0,287.36,28.0,197.83,61.66999999999999,40.0,64.0,13.844649869172844,104,-24.0,-76.0,-0.23,163.0,
2025-04-08 07:38:58,167.0,20.0,279.05,38.0,164.0,30.0,282.55,40.0,223.03,112.05,50.0,78.0,14.52536849790689,128,-28.0,24.0,-0.22,163.0,
2025-04-08 07:38:59,167.0,26.0,221.59,29.0,164.0,39.0,251.81,31.0,194.29,54.59,65.0,60.0,15.169762028456253,125,5.0,-3.0,0.04,163.0,
2025-04-08 07:39:00,167.0,21.0,192.83,35.0,164.0,33.0,193.49,37.0,179.91,25.830000000000013,54.0,72.0,15.560218507463302,126,-18.0,1.0,-0.14,167.0,1.0
2025-04-08 07:39:01,164.27,22.0,186.29,34.0,163.17,36.0,188.53,34.0,175.28,22.019999999999985,58.0,68.0,18.7512484917674,126,-10.0,0.0,-0.08,165.5,2.0
2025-04-08 07:39:02,162.81,27.0,182.11,38.0,160.78,78.0,183.72,32.0,172.46,19.30000000000001,105.0,70.0,20.799416578356578,175,35.0,49.0,0.2,163.17,6.0
2025-04-08 07:39:03,162.0,39.0,178.35,37.0,160.0,156.0,181.45,33.0,170.18,16.349999999999994,195.0,70.0,9.5832630142361,265,125.0,90.0,0.47,163.17,
2025-04-08 07:39:04,162.0,24.0,174.04,24.0,160.0,96.0,175.25,16.0,168.02,12.039999999999992,120.0,40.0,4.632666618701519,160,80.0,-105.0,0.5,163.17,
2025-04-08 07:39:05,165.43,42.0,169.44,27.0,161.06,51.0,170.8,15.0,167.44,4.009999999999991,93.0,42.0,3.2462100979502457,135,51.0,-25.0,0.38,163.17,
2025-04-08 07:39:06,167.0,153.0,168.06,16.0,166.0,32.0,169.62,16.0,167.53,1.0600000000000025,185.0,32.0,2.1702257947125774,217,153.0,82.0,0.71,167.0,6.0
2025-04-08 07:39:07,167.0,142.0,169.82,33.0,166.0,36.0,459.59,41.0,168.41,2.819999999999993,178.0,74.0,1.1131172445150102,252,104.0,35.0,0.41,167.0,6.0
2025-04-08 07:39:08,167.0,88.0,169.38,40.0,166.0,32.0,688.0,18.0,168.19,2.3799999999999955,120.0,58.0,0.4199642842398707,178,62.0,-74.0,0.35,167.0,
2025-04-08 07:39:09,167.0,115.0,168.09,55.0,166.0,44.0,303.0,16.0,167.55,1.0900000000000034,159.0,71.0,0.4433734318125161,230,88.0,52.0,0.38,167.0,2.0
2025-04-08 07:39:10,167.45,44.0,448.53,38.0,166.0,44.0,588.6,15.0,307.99,281.08,88.0,53.0,62.64240959605566,141,35.0,-89.0,0.25,167.0,5.0
2025-04-08 07:39:11,167.78,18.0,461.0,20.0,165.5,16.0,623.0,5.0,314.39,293.22,34.0,25.0,78.43428893028846,59,9.0,-82.0,0.15,168.4,5.0
2025-04-08 07:39:12,163.45,22.0,461.0,28.0,161.43,28.0,623.0,7.0,312.23,297.55,50.0,35.0,78.72347045195569,85,15.0,26.0,0.18,163.78,9.0
2025-04-08 07:39:13,164.29,14.0,387.5,16.0,159.96,25.0,466.18,34.0,275.89,223.21,39.0,50.0,62.390742903093546,89,-11.0,4.0,-0.12,161.0,4.0
2025-04-08 07:39:16,151.69,39.0,217.9,40.0,136.95,20.0,559.41,27.0,184.8,66.21000000000001,59.0,67.0,78.02729169976351,126,-8.0,48.0,-0.06,157.33,6.0
2025-04-08 07:39:17,162.92,49.0,338.5,16.0,158.95,21.0,462.55,11.0,250.71,175.58,70.0,27.0,61.64132323368792,97,43.0,-29.0,0.44,157.33,
2025-04-08 07:39:18,163.0,60.0,325.0,14.0,159.03,37.0,358.19,16.0,244.0,162.0,97.0,30.0,52.98666549236705,127,67.0,30.0,0.53,157.33,
2025-04-08 07:39:19,163.0,60.0,308.11,18.0,160.2,10.0,318.33,12.0,235.56,145.11,70.0,30.0,53.182654879198985,100,40.0,-27.0,0.4,157.33,
2025-04-08 07:39:20,163.0,51.0,307.5,16.0,162.0,8.0,323.62,8.0,235.25,144.5,59.0,24.0,26.107468854715957,83,35.0,-17.0,0.42,157.33,
2025-04-08 07:39:21,163.0,54.0,307.0,18.0,162.0,9.0,402.47,15.0,235.0,144.0,63.0,33.0,7.034310911521721,96,30.0,13.0,0.31,157.33,
2025-04-08 07:39:22,165.74,35.0,306.83,24.0,162.33,12.0,363.4,15.0,236.29,141.08999999999995,47.0,39.0,3.8209357492578175,86,8.0,-10.0,0.09,163.0,5.0
2025-04-08 07:39:23,167.0,11.0,265.09,22.0,163.0,11.0,342.2,30.0,216.05,98.08999999999996,22.0,52.0,8.722932419775004,74,-30.0,-12.0,-0.41,167.0,3.0
2025-04-08 07:39:24,167.64,22.0,199.14,28.0,164.87,15.0,283.9,20.0,183.39,31.5,37.0,48.0,22.75779602685577,85,-11.0,11.0,-0.13,167.0,
2025-04-08 07:39:25,166.88,16.0,169.8,20.0,161.91,22.0,171.0,10.0,168.34,2.920000000000016,38.0,30.0,30.710427056620123,68,8.0,-17.0,0.12,167.0,4.0
2025-04-08 07:39:26,162.0,7.0,168.14,14.0,160.0,28.0,410.09,22.0,165.07,6.139999999999986,35.0,36.0,31.154659683585045,71,-1.0,3.0,-0.01,167.0,
2025-04-08 07:39:27,166.0,14.0,168.0,14.0,162.0,7.0,434.0,28.0,167.0,2.0,21.0,42.0,21.441493651329733,63,-21.0,-8.0,-0.33,167.0,
2025-04-08 07:39:28,166.0,14.0,168.0,14.0,162.0,7.0,414.58,19.0,167.0,2.0,21.0,33.0,7.487065513271724,54,-12.0,-9.0,-0.22,167.0,
2025-04-08 07:39:29,166.0,14.0,167.9,20.0,162.0,10.0,371.23,26.0,166.95,1.9000000000000057,24.0,46.0,1.1663061347803017,70,-22.0,16.0,-0.31,166.0,1.0
2025-04-08 07:39:30,164.0,14.0,314.82,34.0,160.4,35.0,399.73,37.0,239.41,150.82,49.0,71.0,32.61463827792685,120,-22.0,50.0,-0.18,166.0,1.0
2025-04-08 07:39:31,160.0,8.0,213.83,18.0,159.0,8.0,363.5,8.0,186.92,53.83000000000001,16.0,26.0,31.372349768546297,42,-10.0,-78.0,-0.24,160.5,4.0
2025-04-08 07:39:32,160.0,2.0,195.0,6.0,159.0,2.0,308.0,2.0,177.5,35.0,4.0,8.0,30.1559335786509,12,-4.0,-30.0,-0.33,160.5,
2025-04-08 07:39:33,160.0,8.0,192.14,28.0,159.0,11.0,230.0,22.0,176.07,32.139999999999986,19.0,50.0,28.85501429561252,69,-31.0,57.0,-0.45,160.5,
2025-04-08 07:39:34,163.62,13.0,265.87,23.0,158.12,16.0,296.0,13.0,214.74,102.25,29.0,36.0,27.452919152614594,65,-7.0,-4.0,-0.11,164.6,5.0
2025-04-08 07:39:35,160.76,17.0,281.0,9.0,152.0,16.0,355.2,15.0,220.88,120.24,33.0,24.0,21.14874038802304,57,9.0,-8.0,0.16,164.6,
2025-04-08 07:39:36,162.0,40.0,280.62,8.0,159.0,8.0,419.0,8.0,221.31,118.62,48.0,16.0,23.26049763010221,64,32.0,7.0,0.5,164.6,
2025-04-08 07:39:37,162.0,37.0,278.17,18.0,159.88,8.0,292.52,29.0,220.08,116.17000000000002,45.0,47.0,19.49174261065395,92,-2.0,28.0,-0.02,162.0,3.0
2025-04-08 07:39:38,162.0,28.0,225.46,50.0,160.0,14.0,240.09,53.0,193.73,63.46000000000001,42.0,103.0,11.71588536987196,145,-61.0,53.0,-0.42,162.0,
2025-04-08 07:39:39,162.56,27.0,216.23,26.0,161.14,14.0,217.35,23.0,189.39,53.66999999999999,41.0,49.0,16.07118135047902,90,-8.0,-55.0,-0.09,162.0,
2025-04-08 07:39:40,167.0,30.0,215.29,42.0,163.0,50.0,216.22,36.0,191.14,48.28999999999999,80.0,78.0,16.11460983083333,158,2.0,68.0,0.01,162.0,
2025-04-08 07:39:41,167.0,51.0,209.32,74.0,163.1,78.0,210.65,75.0,188.16,42.31999999999999,129.0,149.0,13.346596944539694,278,-20.0,120.0,-0.07,167.0,1.0
2025-04-08 07:39:42,167.0,28.0,204.47,68.0,164.0,28.0,206.48,58.0,185.74,37.47,56.0,126.0,3.0183058161827354,182,-70.0,-96.0,-0.38,167.0,
2025-04-08 07:39:43,167.0,28.0,197.8,56.0,164.0,28.0,199.1,60.0,182.4,30.80000000000001,56.0,116.0,3.401290931397177,172,-60.0,-10.0,-0.35,167.0,
2025-04-08 07:39:44,165.07,28.0,191.47,45.0,163.18,55.0,193.2,49.0,178.27,26.40000000000001,83.0,94.0,5.004619865684778,177,-11.0,5.0,-0.06,167.0,
2025-04-08 07:39:45,166.0,40.0,187.08,38.0,164.0,20.0,188.63,19.0,176.54,21.080000000000013,60.0,57.0,4.888028232325333,117,3.0,-60.0,0.03,167.0,
2025-04-08 07:39:46,166.77,52.0,186.7,27.0,165.54,26.0,187.1,21.0,176.74,19.92999999999998,78.0,48.0,4.008755417833777,126,30.0,9.0,0.24,167.0,
2025-04-08 07:39:47,167.0,120.0,183.76,34.0,166.0,60.0,184.57,40.0,175.38,16.75999999999999,180.0,74.0,2.7352659834125093,254,106.0,128.0,0.42,167.0,
2025-04-08 07:39:48,167.0,76.0,181.86,42.0,166.0,48.0,182.43,21.0,174.43,14.860000000000014,124.0,63.0,1.4552903490421072,187,61.0,-67.0,0.33,167.0,4.0
2025-04-08 07:39:49,167.0,32.0,179.11,19.0,166.0,32.0,180.19,16.0,173.05,12.110000000000014,64.0,35.0,1.5338741799822124,99,29.0,-88.0,0.29,167.0,
2025-04-08 07:39:50,167.0,32.0,176.0,16.0,166.0,32.0,179.0,40.0,171.5,9.0,64.0,56.0,2.0314649886269662,120,8.0,21.0,0.07,167.0,
2025-04-08 07:39:51,166.73,55.0,172.21,19.0,165.78,45.0,173.44,32.0,169.47,5.480000000000018,100.0,51.0,2.353131955504989,151,49.0,31.0,0.32,166.8,5.0
2025-04-08 07:39:52,166.0,31.0,168.43,14.0,164.0,11.0,169.29,14.0,167.21,2.430000000000007,42.0,28.0,2.8651038375633995,70,14.0,-81.0,0.2,166.0,1.0
2025-04-08 07:39:53,164.67,12.0,166.06,17.0,163.05,42.0,167.46,13.0,165.36,1.3900000000000148,54.0,30.0,3.1153442827434734,84,24.0,14.0,0.29,166.0,2.0
2025-04-08 07:39:54,162.21,57.0,165.0,12.0,161.88,51.0,167.0,6.0,163.61,2.789999999999992,108.0,18.0,3.1484996426908665,126,90.0,42.0,0.71,163.17,6.0
2025-04-08 07:39:55,162.0,180.0,164.31,29.0,160.59,17.0,165.35,20.0,163.16,2.3100000000000023,197.0,49.0,2.617684090952628,246,148.0,120.0,0.6,163.17,
2025-04-08 07:39:56,162.0,191.0,163.12,26.0,160.0,14.0,164.55,33.0,162.56,1.1200000000000043,205.0,59.0,1.8949274392514752,264,146.0,18.0,0.55,162.5,4.0
2025-04-08 07:39:57,162.0,139.0,163.0,13.0,160.0,13.0,323.58,38.0,162.5,1.0,152.0,51.0,1.1674416473765403,203,101.0,-61.0,0.5,162.0,6.0
2025-04-08 07:39:58,161.9,40.0,246.12,16.0,159.78,9.0,416.58,24.0,204.01,84.22,49.0,40.0,18.364914102712817,89,9.0,-114.0,0.1,162.0,3.0
2025-04-08 07:39:59,162.9,60.0,259.64,22.0,161.86,29.0,423.0,22.0,211.27,96.73999999999998,89.0,44.0,24.727677812524355,133,45.0,44.0,0.34,162.0,
2025-04-08 07:40:00,163.0,42.0,211.0,14.0,162.0,21.0,573.88,16.0,187.0,48.0,63.0,30.0,22.716742063949297,93,33.0,-40.0,0.35,162.0,
2025-04-08 07:40:03,168.0,288.0,380.67,27.0,162.0,20.0,425.42,19.0,274.33,212.67,308.0,46.0,59.76245418320699,354,262.0,168.0,0.74,162.0,
2025-04-08 07:40:04,168.0,168.0,269.0,28.0,162.0,91.0,339.0,8.0,218.5,101.0,259.0,36.0,58.32567633555494,295,223.0,-59.0,0.76,162.0,
2025-04-08 07:40:05,168.0,240.0,336.32,19.0,162.2,148.0,355.58,31.0,252.16,168.32,388.0,50.0,42.30710673161069,438,338.0,143.0,0.77,162.0,
2025-04-08 07:40:06,168.0,336.0,254.44,16.0,167.0,42.0,296.05,21.0,211.22,86.44,378.0,37.0,42.13747951645807,415,341.0,-23.0,0.82,162.0,
2025-04-08 07:40:07,168.0,188.0,229.62,8.0,167.0,24.0,230.62,8.0,198.81,61.620000000000005,212.0,16.0,31.260713843416173,228,196.0,-168.0,0.86,168.0,2.0
2025-04-08 07:40:08,168.0,286.0,226.54,13.0,167.0,39.0,227.69,13.0,197.27,58.53999999999999,325.0,26.0,22.260506957389133,351,299.0,123.0,0.85,168.0,
2025-04-08 07:40:09,168.0,242.0,225.0,12.0,167.0,36.0,226.0,12.0,196.5,57.0,278.0,24.0,23.67154768915575,302,254.0,-49.0,0.84,168.0,2.0
2025-04-08 07:40:10,168.0,180.0,197.0,12.0,167.0,27.0,225.67,9.0,182.5,29.0,207.0,21.0,10.19459906028635,228,186.0,-74.0,0.82,168.0,
2025-04-08 07:40:11,168.0,320.0,223.75,16.0,167.0,48.0,225.06,16.0,195.88,55.75,368.0,32.0,6.627199257604605,400,336.0,168.0,0.84,168.0,
2025-04-08 07:40:12,168.0,140.0,221.86,7.0,167.0,21.0,223.0,7.0,194.93,53.860000000000014,161.0,14.0,6.162120576554468,175,147.0,-168.0,0.84,168.0,
2025-04-08 07:40:13,168.0,209.0,218.91,11.0,167.0,33.0,220.64,11.0,193.45,50.91,242.0,22.0,5.79042917234957,264,220.0,89.0,0.83,168.0,1.0
2025-04-08 07:40:14,168.0,209.0,207.0,20.0,167.0,33.0,210.47,17.0,187.5,39.0,242.0,37.0,5.693247755016389,279,205.0,15.0,0.73,168.0,
2025-04-08 07:40:15,168.0,200.0,200.73,11.0,167.0,33.0,202.93,14.0,184.36,32.72999999999999,233.0,25.0,5.033649769302457,258,208.0,-21.0,0.81,168.0,3.0
2025-04-08 07:40:16,168.0,192.0,198.58,12.0,167.0,36.0,199.58,12.0,183.29,30.580000000000013,228.0,24.0,5.265902581704476,252,204.0,-6.0,0.81,168.0,
2025-04-08 07:40:17,168.0,256.0,195.19,16.0,167.0,48.0,196.62,16.0,181.59,27.19,304.0,32.0,4.669771943040172,336,272.0,84.0,0.81,168.0,
2025-04-08 07:40:24,168.0,74.0,169.0,10.0,167.0,30.0,170.0,10.0,168.5,1.0,104.0,20.0,3.3006408468695665,124,84.0,-109.0,0.68,168.0,10.0
2025-04-08 07:40:25,168.0,26.0,169.29,7.0,167.0,21.0,246.0,15.0,168.64,1.289999999999992,47.0,22.0,1.7760968442136935,69,25.0,-55.0,0.36,168.0,1.0
2025-04-08 07:40:26,168.0,28.0,170.0,10.0,167.0,30.0,407.5,18.0,169.0,2.0,58.0,28.0,0.6039205245947173,86,30.0,17.0,0.35,168.0,2.0
2025-04-08 07:40:27,168.0,11.0,169.27,11.0,167.0,33.0,296.43,14.0,168.64,1.2700000000000102,44.0,25.0,0.2198181066862251,69,19.0,-17.0,0.28,168.0,
2025-04-08 07:40:28,167.36,14.0,242.78,9.0,166.45,33.0,414.88,16.0,205.07,75.41999999999999,47.0,25.0,16.26844798989806,72,22.0,3.0,0.31,168.0,1.0
2025-04-08 07:40:30,166.63,27.0,235.33,15.0,165.83,41.0,587.29,24.0,200.98,68.70000000000002,68.0,39.0,52.155689718380486,107,29.0,6.0,0.27,167.0,6.0
2025-04-08 07:40:31,166.4,55.0,279.12,42.0,164.71,34.0,500.26,46.0,222.76,112.72,89.0,88.0,47.448090056397085,177,1.0,70.0,0.01,168.0,1.0
2025-04-08 07:40:32,168.0,36.0,385.42,60.0,166.0,48.0,598.67,60.0,276.71,217.42,84.0,120.0,43.38380031762944,204,-36.0,27.0,-0.18,168.0,
2025-04-08 07:40:34,168.0,17.0,265.33,43.0,167.0,11.0,461.06,31.0,216.66,97.32999999999998,28.0,74.0,56.94230808458621,102,-46.0,-6.0,-0.45,168.0,2.0
2025-04-08 07:40:35,168.0,8.0,272.25,40.0,167.0,8.0,556.5,40.0,220.12,104.25,16.0,80.0,53.23476843191795,96,-64.0,-6.0,-0.67,168.0,
2025-04-08 07:40:36,168.0,16.0,239.47,58.0,167.0,16.0,277.77,74.0,203.73,71.47,32.0,132.0,56.69691852296677,164,-100.0,68.0,-0.61,168.0,
2025-04-08 07:40:37,168.0,10.0,196.35,46.0,167.0,10.0,212.29,34.0,182.17,28.349999999999994,20.0,80.0,61.6681240998942,100,-60.0,-64.0,-0.6,168.0,
2025-04-08 07:40:38,168.0,13.0,211.62,39.0,167.0,13.0,286.0,65.0,189.81,43.620000000000005,26.0,104.0,16.48353633174571,130,-78.0,30.0,-0.6,168.0,
2025-04-08 07:40:39,168.0,11.0,210.09,33.0,167.0,11.0,390.45,55.0,189.05,42.09,22.0,88.0,15.121606396146747,110,-66.0,-20.0,-0.6,168.0,
2025-04-08 07:40:40,168.0,12.0,206.7,40.0,167.0,12.0,259.05,56.0,187.35,38.69999999999999,24.0,96.0,8.01393286720027,120,-72.0,10.0,-0.6,168.0,
2025-04-08 07:40:41,168.0,10.0,202.76,42.0,167.0,10.0,203.58,33.0,185.38,34.75999999999999,20.0,75.0,3.076803536138826,95,-55.0,-25.0,-0.58,168.0,
2025-04-08 07:40:42,167.67,12.0,199.63,54.0,166.67,12.0,200.94,34.0,183.65,31.960000000000008,24.0,88.0,2.5522774143881937,112,-64.0,17.0,-0.57,165.8,5.0
2025-04-08 07:40:43,164.0,10.0,197.15,41.0,163.0,10.0,198.52,29.0,180.57,33.150000000000006,20.0,70.0,3.2907749847107324,90,-50.0,-22.0,-0.56,165.8,
2025-04-08 07:40:44,162.41,44.0,195.95,40.0,160.8,61.0,196.59,34.0,179.18,33.53999999999999,105.0,74.0,3.3634550688242784,179,31.0,89.0,0.17,163.5,2.0
2025-04-08 07:40:45,162.0,84.0,188.8,30.0,160.0,96.0,189.46,39.0,175.4,26.80000000000001,180.0,69.0,3.902874581638753,249,111.0,70.0,0.45,163.5,
2025-04-08 07:40:46,162.91,44.0,182.54,26.0,162.0,67.0,183.34,29.0,172.72,19.629999999999995,111.0,55.0,4.303955157759443,166,56.0,-83.0,0.34,163.5,
2025-04-08 07:40:47,167.0,8.0,179.5,16.0,166.0,40.0,180.5,16.0,173.25,12.5,48.0,32.0,3.5152282998414006,80,16.0,-86.0,0.2,163.5,
2025-04-08 07:40:48,167.0,15.0,172.79,48.0,166.0,75.0,174.0,36.0,169.9,5.789999999999992,90.0,84.0,3.455531796989814,174,6.0,94.0,0.03,163.5,
2025-04-08 07:40:49,166.26,27.0,169.0,22.0,164.22,63.0,171.25,40.0,167.63,2.740000000000009,90.0,62.0,3.037507201639136,152,28.0,-22.0,0.18,167.0,1.0
2025-04-08 07:40:50,162.62,58.0,166.6,30.0,160.77,91.0,168.5,24.0,164.61,3.9799999999999898,149.0,54.0,3.602966833043488,203,95.0,51.0,0.47,166.0,5.0
2025-04-08 07:40:51,164.16,37.0,345.6,40.0,161.24,55.0,586.22,45.0,254.88,181.44000000000003,92.0,85.0,38.60440816797994,177,7.0,-26.0,0.04,166.33,6.0
2025-04-08 07:40:52,168.0,48.0,266.32,28.0,164.0,12.0,309.85,46.0,217.16,98.32,60.0,74.0,39.935023851251024,134,-14.0,-43.0,-0.1,166.33,
2025-04-08 07:40:53,168.0,42.0,195.87,46.0,164.0,13.0,196.53,19.0,181.93,27.870000000000005,55.0,65.0,38.38958543667783,120,-10.0,-14.0,-0.08,168.0,1.0
2025-04-08 07:40:54,168.0,25.0,193.38,13.0,164.0,13.0,195.0,52.0,180.69,25.379999999999995,38.0,65.0,36.25612541350749,103,-27.0,-17.0,-0.26,168.0,2.0
2025-04-08 07:40:55,168.0,16.0,191.5,16.0,164.0,16.0,195.0,64.0,179.75,23.5,32.0,80.0,33.06892000050775,112,-48.0,9.0,-0.43,168.0,
2025-04-08 07:40:56,168.0,14.0,190.48,23.0,164.0,14.0,194.74,47.0,179.24,22.47999999999999,28.0,70.0,16.470307525969115,98,-42.0,-14.0,-0.43,168.0,
2025-04-08 07:40:57,168.0,7.0,189.43,28.0,164.0,7.0,191.0,7.0,178.71,21.430000000000007,14.0,35.0,1.2732556695345707,49,-21.0,-49.0,-0.43,168.0,
2025-04-08 07:40:58,165.62,116.0,187.05,38.0,162.95,21.0,188.18,17.0,176.34,21.430000000000007,137.0,55.0,1.6295183337424992,192,82.0,143.0,0.43,168.0,1.0
2025-04-08 07:40:59,167.0,108.0,185.0,8.0,164.0,8.0,186.0,32.0,176.0,18.0,116.0,40.0,1.7218797867458029,156,76.0,-36.0,0.49,167.0,8.0
2025-04-08 07:41:03,167.2,25.0,178.31,16.0,162.19,103.0,180.61,23.0,172.76,11.110000000000014,128.0,39.0,1.3964168432120705,167,89.0,39.0,0.53,168.6,5.0
2025-04-08 07:41:04,164.0,15.0,175.62,32.0,162.0,165.0,177.5,16.0,169.81,11.620000000000005,180.0,48.0,2.5856005105212003,228,132.0,61.0,0.58,168.6,
2025-04-08 07:41:05,162.19,31.0,173.0,28.0,161.02,65.0,174.0,14.0,167.6,10.810000000000002,96.0,42.0,3.312939782128422,138,54.0,-90.0,0.39,162.4,5.0
2025-04-08 07:41:06,162.01,68.0,172.86,28.0,160.38,69.0,173.6,20.0,167.44,10.850000000000025,137.0,48.0,3.288157538806592,185,89.0,47.0,0.48,162.4,
2025-04-08 07:41:07,163.0,53.0,170.29,14.0,162.0,101.0,171.05,42.0,166.64,7.289999999999992,154.0,56.0,2.4821563206237087,210,98.0,25.0,0.47,162.4,
2025-04-08 07:41:08,163.0,50.0,167.69,13.0,162.0,56.0,168.12,17.0,165.35,4.689999999999998,106.0,30.0,1.629776058240426,136,76.0,-74.0,0.56,162.4,
2025-04-08 07:41:09,162.03,66.0,163.53,19.0,160.24,118.0,164.62,29.0,162.78,1.5,184.0,48.0,1.9891505724844256,232,136.0,96.0,0.59,162.25,4.0
2025-04-08 07:41:10,162.0,35.0,214.79,38.0,160.0,92.0,344.68,37.0,188.39,52.78999999999999,127.0,75.0,10.364774478974963,202,52.0,-30.0,0.26,162.5,6.0
2025-04-08 07:41:11,160.62,26.0,386.0,15.0,159.33,36.0,502.91,11.0,273.31,225.38,62.0,26.0,46.98142324366078,88,36.0,-114.0,0.41,162.0,4.0
2025-04-08 07:41:13,159.83,42.0,367.54,13.0,157.03,67.0,596.43,23.0,263.69,207.71,109.0,36.0,85.75050133964187,145,73.0,-2.0,0.5,159.88,8.0
2025-04-08 07:41:14,149.39,28.0,285.44,27.0,129.45,31.0,328.0,9.0,217.42,136.05,59.0,36.0,73.88207576943077,95,23.0,-50.0,0.24,159.88,
2025-04-08 07:41:15,163.63,19.0,323.7,23.0,154.43,42.0,569.85,13.0,243.66,160.07,61.0,36.0,62.88744095604381,97,25.0,2.0,0.26,159.88,
2025-04-08 07:41:17,161.08,26.0,445.0,16.0,142.0,14.0,484.43,14.0,303.04,283.92,40.0,30.0,55.22487093692384,70,10.0,34.0,0.14,164.6,5.0
2025-04-08 07:41:18,159.0,36.0,218.05,20.0,124.0,16.0,303.17,18.0,188.53,59.05000000000001,52.0,38.0,68.49457095273985,90,14.0,20.0,0.16,159.0,1.0
2025-04-08 07:41:19,159.0,32.0,163.14,21.0,127.3,40.0,164.25,24.0,161.07,4.139999999999986,72.0,45.0,81.18190223196257,117,27.0,27.0,0.23,159.0,
2025-04-08 07:41:20,159.0,36.0,225.76,25.0,126.58,38.0,185.8,20.0,192.38,66.75999999999999,74.0,45.0,85.46860786276996,119,29.0,2.0,0.24,160.4,5.0
2025-04-08 07:41:21,162.0,33.0,282.43,21.0,156.86,28.0,367.21,19.0,222.21,120.43,61.0,40.0,54.57041625276442,101,21.0,-18.0,0.21,160.4,
2025-04-08 07:41:22,167.57,131.0,192.0,16.0,162.67,27.0,299.6,53.0,179.79,24.430000000000007,158.0,69.0,22.24438311124869,227,89.0,126.0,0.39,166.86,7.0
2025-04-08 07:41:23,168.0,144.0,182.2,30.0,164.0,18.0,297.03,66.0,175.1,14.199999999999989,162.0,96.0,23.07968262346797,258,66.0,31.0,0.26,166.86,
2025-04-08 07:41:24,168.0,40.0,173.14,22.0,164.0,6.0,174.33,30.0,170.57,5.139999999999986,46.0,52.0,20.77935874852752,98,-6.0,-160.0,-0.06,168.0,2.0
2025-04-08 07:41:25,168.0,60.0,170.07,42.0,164.0,10.0,172.11,18.0,169.04,2.069999999999993,70.0,60.0,22.129956393992583,130,10.0,32.0,0.08,168.0,
2025-04-08 07:41:26,168.0,55.0,169.91,46.0,164.0,10.0,172.43,14.0,168.96,1.9099999999999968,65.0,60.0,4.689026551431224,125,5.0,-5.0,0.04,168.0,5.0
2025-04-08 07:41:27,166.21,33.0,170.08,13.0,160.67,24.0,224.73,33.0,168.14,3.870000000000005,57.0,46.0,2.7902723881424283,103,11.0,-22.0,0.11,166.0,2.0
2025-04-08 07:41:28,165.34,29.0,168.55,11.0,160.77,26.0,227.91,33.0,166.95,3.210000000000008,55.0,44.0,1.327693488736066,99,11.0,-4.0,0.11,165.0,5.0
2025-04-08 07:41:29,161.8,20.0,168.0,6.0,159.2,20.0,304.83,30.0,164.9,6.199999999999989,40.0,36.0,1.7267947185561965,76,4.0,-23.0,0.05,165.0,
2025-04-08 07:41:30,159.8,15.0,167.67,6.0,125.0,21.0,737.0,18.0,163.73,7.869999999999976,36.0,24.0,2.1891847797833206,60,12.0,-16.0,0.2,162.25,8.0
2025-04-08 07:41:31,159.0,28.0,167.0,7.0,144.0,14.0,591.26,23.0,163.0,8.0,42.0,30.0,2.1617886113208318,72,12.0,12.0,0.17,162.25,
2025-04-08 07:41:32,162.25,16.0,166.14,7.0,158.11,19.0,182.62,16.0,164.2,3.8899999999999855,35.0,23.0,1.506628686849374,58,12.0,-14.0,0.21,162.25,
2025-04-08 07:41:33,164.0,11.0,165.0,6.0,159.2,20.0,175.78,9.0,164.5,1.0,31.0,15.0,0.7333348485092513,46,16.0,-12.0,0.35,164.0,1.0
2025-04-08 07:41:34,164.0,9.0,165.0,9.0,159.0,36.0,203.74,31.0,164.5,1.0,45.0,40.0,0.6348070573317368,85,5.0,39.0,0.06,164.0,
2025-04-08 07:41:35,156.92,13.0,164.11,28.0,137.44,25.0,197.74,19.0,160.52,7.190000000000026,38.0,47.0,1.695488130314977,85,-9.0,0.0,-0.11,161.78,9.0
2025-04-08 07:41:36,160.0,51.0,162.55,11.0,145.86,14.0,227.73,11.0,161.27,2.550000000000012,65.0,22.0,1.9418599331670143,87,43.0,2.0,0.49,160.0,1.0
2025-04-08 07:41:37,160.0,33.0,170.22,9.0,143.0,27.0,343.6,15.0,165.11,10.22,60.0,24.0,2.1173922640926044,84,36.0,-3.0,0.43,160.5,2.0
2025-04-08 07:41:38,160.0,21.0,230.0,9.0,121.0,13.0,432.89,27.0,195.0,70.0,34.0,36.0,14.514246449610528,70,-2.0,-14.0,-0.03,160.5,
2025-04-08 07:41:39,160.56,27.0,279.73,22.0,127.45,22.0,370.4,15.0,220.14,119.17000000000002,49.0,37.0,26.39783457028281,86,12.0,16.0,0.14,160.5,
2025-04-08 07:41:40,162.0,28.0,264.39,18.0,160.0,30.0,532.21,28.0,213.19,102.39,58.0,46.0,26.98001056337833,104,12.0,18.0,0.12,162.0,1.0
2025-04-08 07:41:41,162.0,22.0,211.23,26.0,160.0,33.0,452.78,23.0,186.62,49.22999999999999,55.0,49.0,21.91695393981564,104,6.0,0.0,0.06,162.0,
2025-04-08 07:41:42,166.0,52.0,389.67,30.0,163.57,28.0,529.34,38.0,277.83,223.67,80.0,68.0,35.77535226940434,148,12.0,44.0,0.08,166.0,4.0
2025-04-08 07:41:45,166.0,24.0,342.61,49.0,164.0,24.0,488.45,51.0,254.31,176.61,48.0,100.0,84.98923078837626,148,-52.0,56.0,-0.35,166.0,
2025-04-08 07:41:46,167.06,17.0,302.25,40.0,164.33,30.0,303.28,58.0,234.65,135.19,47.0,98.0,71.10966235329677,145,-51.0,-3.0,-0.35,167.0,1.0
2025-04-08 07:41:47,165.82,17.0,269.79,43.0,164.48,42.0,290.98,55.0,217.81,103.97000000000004,59.0,98.0,81.3149581565402,157,-39.0,12.0,-0.25,163.4,5.0
2025-04-08 07:41:48,167.0,9.0,185.0,45.0,147.33,21.0,265.07,43.0,176.0,18.0,30.0,88.0,83.75576266741248,118,-58.0,-39.0,-0.49,161.8,5.0
2025-04-08 07:41:49,159.0,10.0,175.0,50.0,123.14,14.0,265.0,50.0,167.0,16.0,24.0,100.0,37.53992581239312,124,-76.0,6.0,-0.61,161.8,
2025-04-08 07:41:50,159.0,8.0,173.44,36.0,128.0,8.0,191.93,30.0,166.22,14.439999999999998,16.0,66.0,31.74201679162808,82,-50.0,-42.0,-0.61,161.8,
2025-04-08 07:41:51,159.0,11.0,172.0,55.0,114.52,21.0,174.0,33.0,165.5,13.0,32.0,88.0,22.38065191186385,120,-56.0,38.0,-0.47,161.8,
2025-04-08 07:41:52,163.0,10.0,170.69,36.0,128.06,36.0,171.61,44.0,166.85,7.689999999999998,46.0,80.0,4.337277948209843,126,-34.0,6.0,-0.27,161.8,
2025-04-08 07:41:54,121.0,10.0,162.73,26.0,107.1,50.0,163.12,34.0,141.87,41.72999999999999,60.0,60.0,15.681571030991886,120,0.0,-30.0,0.0,161.8,
2025-04-08 07:41:55,134.68,19.0,159.25,32.0,123.05,44.0,161.8,35.0,146.97,24.569999999999997,63.0,67.0,14.534181091483928,130,-4.0,10.0,-0.03,157.25,8.0
2025-04-08 07:41:56,122.45,22.0,157.48,25.0,73.5,4.0,158.37,19.0,139.97,35.02999999999999,26.0,44.0,12.544884216287358,70,-18.0,-60.0,-0.26,157.25,
2025-04-08 07:41:59,127.73,41.0,153.36,11.0,121.2,25.0,159.0,55.0,140.55,25.63000000000001,66.0,66.0,10.401965198945287,132,0.0,49.0,0.0,157.25,
2025-04-08 07:42:00,130.87,23.0,151.0,7.0,129.23,26.0,159.0,35.0,140.93,20.129999999999995,49.0,42.0,9.111206286769637,91,7.0,-41.0,0.08,157.25,
2025-04-08 07:42:02,136.0,14.0,377.08,13.0,134.0,35.0,319.52,27.0,256.54,241.08,49.0,40.0,54.83945039841335,89,9.0,-28.0,0.1,156.67,9.0
2025-04-08 07:42:03,164.0,25.0,414.0,25.0,157.53,19.0,694.0,15.0,289.0,250.0,44.0,40.0,73.00795059443863,84,4.0,-5.0,0.05,156.67,
2025-04-08 07:42:04,163.83,60.0,244.47,60.0,162.79,57.0,367.4,75.0,204.15,80.63999999999999,117.0,135.0,66.67923852294636,252,-18.0,168.0,-0.07,166.0,3.0
2025-04-08 07:42:05,163.08,26.0,249.07,29.0,162.29,17.0,373.47,34.0,206.07,85.98999999999998,43.0,63.0,56.20341777863652,106,-20.0,-146.0,-0.19,163.67,3.0
2025-04-08 07:42:06,165.91,11.0,187.0,35.0,162.4,10.0,262.0,28.0,176.45,21.090000000000003,21.0,63.0,45.36117469819257,84,-42.0,-22.0,-0.5,163.0,3.0
2025-04-08 07:42:07,167.0,10.0,202.41,17.0,163.0,5.0,238.82,22.0,184.71,35.41,15.0,39.0,44.817142702318336,54,-24.0,-30.0,-0.44,163.0,
2025-04-08 07:42:08,167.0,14.0,206.71,7.0,163.0,7.0,213.0,35.0,186.86,39.71000000000001,21.0,42.0,12.906723829074316,63,-21.0,9.0,-0.33,163.0,
2025-04-08 07:42:09,167.0,28.0,204.11,55.0,163.0,14.0,205.48,44.0,185.55,37.110000000000014,42.0,99.0,10.931922063388487,141,-57.0,78.0,-0.4,163.0,
2025-04-08 07:42:10,167.0,12.0,202.31,26.0,163.0,6.0,203.36,28.0,184.65,35.31,18.0,54.0,4.119390731650278,72,-36.0,-69.0,-0.5,163.0,
2025-04-08 07:42:11,167.0,14.0,200.12,34.0,163.0,7.0,201.65,23.0,183.56,33.120000000000005,21.0,57.0,1.2268373975405673,78,-36.0,6.0,-0.46,163.0,
2025-04-08 07:42:12,167.0,16.0,181.45,22.0,163.0,8.0,191.61,18.0,174.23,14.449999999999989,24.0,40.0,5.0335524234885325,64,-16.0,-14.0,-0.25,163.0,
2025-04-08 07:42:13,167.0,16.0,171.39,28.0,163.0,8.0,173.75,20.0,169.2,4.389999999999986,24.0,48.0,7.305003080082344,72,-24.0,8.0,-0.33,163.0,
2025-04-08 07:42:14,167.0,20.0,170.95,42.0,163.0,10.0,171.89,18.0,168.98,3.9499999999999886,30.0,60.0,7.591978003130502,90,-30.0,18.0,-0.33,163.0,
2025-04-08 07:42:15,165.63,19.0,169.52,21.0,161.33,21.0,170.96,57.0,167.58,3.890000000000015,40.0,78.0,6.568538650264793,118,-38.0,28.0,-0.32,165.8,5.0
2025-04-08 07:42:16,162.63,19.0,165.78,18.0,160.16,38.0,168.86,42.0,164.2,3.1500000000000057,57.0,60.0,3.616575728507316,117,-3.0,-1.0,-0.03,165.8,
2025-04-08 07:42:17,162.95,19.0,164.19,21.0,161.0,10.0,170.17,18.0,163.57,1.240000000000009,29.0,39.0,2.6584544382086803,68,-10.0,-49.0,-0.15,164.0,5.0
2025-04-08 07:42:18,160.26,23.0,163.57,7.0,159.65,23.0,171.0,35.0,161.92,3.3100000000000023,46.0,42.0,2.930682514369915,88,4.0,20.0,0.05,162.0,1.0
2025-04-08 07:42:22,141.62,13.0,154.3,10.0,122.1,10.0,155.55,11.0,147.96,12.680000000000009,23.0,21.0,21.163447734244,44,2.0,-168.0,0.05,154.43,7.0
2025-04-08 07:42:23,146.47,17.0,240.73,22.0,123.44,25.0,669.77,30.0,193.6,94.26,42.0,52.0,32.91973754451982,94,-10.0,50.0,-0.11,156.0,2.0
2025-04-08 07:42:24,165.27,22.0,266.12,48.0,148.33,30.0,333.47,32.0,215.7,100.85,52.0,80.0,45.60530320039592,132,-28.0,38.0,-0.21,165.0,4.0
2025-04-08 07:42:25,164.53,34.0,192.52,33.0,101.71,35.0,236.97,30.0,178.52,27.99000000000001,69.0,63.0,35.67156963185136,132,6.0,0.0,0.05,165.0,
2025-04-08 07:42:26,165.29,28.0,173.12,16.0,157.37,38.0,201.25,40.0,169.21,7.8300000000000125,66.0,56.0,25.493362273344957,122,10.0,-10.0,0.08,166.0,3.0
2025-04-08 07:42:27,164.0,66.0,171.67,30.0,152.08,59.0,312.02,47.0,167.83,7.6699999999999875,125.0,77.0,20.016052807684183,202,48.0,80.0,0.24,164.0,1.0
2025-04-08 07:42:28,164.0,36.0,168.22,18.0,113.87,39.0,298.0,27.0,166.11,4.219999999999999,75.0,45.0,20.813229686908517,120,30.0,-82.0,0.25,164.0,
2025-04-08 07:42:29,164.0,34.0,271.2,30.0,142.7,66.0,323.82,33.0,217.6,107.2,100.0,63.0,21.640869437247883,163,37.0,43.0,0.23,166.67,3.0
2025-04-08 07:42:30,164.4,30.0,210.5,36.0,144.83,58.0,266.17,36.0,187.45,46.1,88.0,72.0,21.870525828155277,160,16.0,-3.0,0.1,166.67,
2025-04-08 07:42:31,165.88,17.0,174.64,33.0,162.13,45.0,213.82,33.0,170.26,8.759999999999991,62.0,66.0,21.725898140238225,128,-4.0,-32.0,-0.03,168.0,1.0
2025-04-08 07:42:32,164.0,24.0,173.38,24.0,161.69,32.0,297.4,20.0,168.69,9.379999999999995,56.0,44.0,21.59013594213817,100,12.0,-28.0,0.12,168.0,
2025-04-08 07:42:33,164.0,39.0,172.15,39.0,163.0,39.0,537.61,31.0,168.08,8.150000000000006,78.0,70.0,21.24233579435195,148,8.0,48.0,0.05,168.0,
2025-04-08 07:42:34,164.0,24.0,171.0,24.0,163.0,24.0,426.0,24.0,167.5,7.0,48.0,48.0,8.47818553701327,96,0.0,-52.0,0.0,168.0,
2025-04-08 07:42:35,164.0,20.0,170.62,24.0,163.0,24.0,367.09,22.0,167.31,6.6200000000000045,44.0,46.0,1.1873373572944517,90,-2.0,-6.0,-0.02,164.0,1.0
2025-04-08 07:42:36,164.0,14.0,169.0,21.0,163.0,21.0,402.6,20.0,166.5,5.0,35.0,41.0,0.8248211927612604,76,-6.0,-14.0,-0.08,164.0,
2025-04-08 07:42:37,162.2,30.0,167.0,30.0,162.55,22.0,415.3,30.0,164.6,4.800000000000011,52.0,60.0,1.3526344665242558,112,-8.0,36.0,-0.07,162.71,7.0
2025-04-08 07:42:38,160.89,54.0,166.44,27.0,159.22,55.0,225.25,24.0,163.67,5.550000000000011,109.0,51.0,1.700714555717887,160,58.0,48.0,0.36,162.71,
2025-04-08 07:42:39,161.0,48.0,165.0,24.0,159.38,56.0,182.06,17.0,163.0,4.0,104.0,41.0,1.838050597788872,145,63.0,-15.0,0.43,162.71,
2025-04-08 07:42:40,161.0,54.0,276.97,31.0,160.0,63.0,429.97,31.0,218.98,115.97000000000004,117.0,62.0,24.425431418912883,179,55.0,34.0,0.31,163.0,3.0
2025-04-08 07:42:41,166.23,52.0,297.46,61.0,162.52,54.0,452.67,51.0,231.84,131.23,106.0,112.0,34.07837026619667,218,-6.0,39.0,-0.03,163.0,
2025-04-08 07:42:46,167.29,56.0,281.38,40.0,165.29,56.0,288.17,60.0,224.33,114.09,112.0,100.0,22.81956222191573,212,12.0,-4.0,0.06,169.0,2.0
2025-04-08 07:42:47,167.0,96.0,277.14,36.0,164.0,73.0,278.17,60.0,222.07,110.14,169.0,96.0,26.80512301780952,265,73.0,53.0,0.28,169.0,
2025-04-08 07:42:48,167.29,84.0,271.91,56.0,164.58,62.0,272.6,20.0,219.6,104.62000000000003,146.0,76.0,24.98959443448253,222,70.0,-43.0,0.32,169.0,
2025-04-08 07:43:00,167.28,50.0,200.59,51.0,165.63,65.0,201.34,53.0,183.93,33.31,115.0,104.0,6.689561271115026,219,11.0,75.0,0.05,167.75,8.0
2025-04-08 07:43:01,167.0,22.0,198.42,43.0,166.0,66.0,199.82,40.0,182.71,31.419999999999987,88.0,83.0,2.2190020279413467,171,5.0,-48.0,0.03,167.75,
2025-04-08 07:43:02,166.13,76.0,196.68,66.0,164.54,111.0,197.34,53.0,181.41,30.55000000000001,187.0,119.0,1.642294127131379,306,68.0,135.0,0.22,167.0,2.0
2025-04-08 07:43:03,166.0,60.0,194.7,30.0,164.0,80.0,197.0,50.0,180.35,28.69999999999999,140.0,80.0,1.870000000003184,220,60.0,-86.0,0.27,167.0,
2025-04-08 07:43:04,166.0,85.0,189.21,48.0,164.0,112.0,192.48,50.0,177.6,23.210000000000008,197.0,98.0,2.4217555615739443,295,99.0,75.0,0.34,166.0,1.0
2025-04-08 07:43:05,165.21,99.0,184.44,45.0,163.9,174.0,185.91,53.0,174.83,19.22999999999999,273.0,98.0,3.1631313599054387,371,175.0,76.0,0.47,166.0,
2025-04-08 07:43:06,164.0,312.0,179.47,62.0,163.0,144.0,180.56,61.0,171.73,15.47,456.0,123.0,3.97941955566648,579,333.0,168.0,0.58,166.0,
2025-04-08 07:43:07,165.11,144.0,176.67,45.0,163.61,93.0,177.53,45.0,170.89,11.559999999999974,237.0,90.0,3.9675055135468074,327,147.0,-168.0,0.45,166.0,
2025-04-08 07:43:08,168.0,104.0,173.36,42.0,166.0,42.0,174.79,42.0,170.68,5.360000000000014,146.0,84.0,2.9937317849178733,230,62.0,-97.0,0.27,168.0,2.0
2025-04-08 07:43:09,168.0,96.0,170.75,48.0,166.0,48.0,173.0,48.0,169.38,2.75,144.0,96.0,2.0420994099284933,240,48.0,10.0,0.2,168.0,
2025-04-08 07:43:10,168.0,48.0,169.53,45.0,166.05,41.0,174.0,57.0,168.77,1.5300000000000011,89.0,102.0,1.1962650208178154,191,-13.0,-49.0,-0.07,168.0,5.0
2025-04-08 07:43:11,166.04,28.0,172.23,56.0,165.78,27.0,211.67,72.0,169.13,6.189999999999998,55.0,128.0,0.9544893923104086,183,-73.0,-8.0,-0.4,166.6,5.0
2025-04-08 07:43:12,164.0,130.0,176.16,44.0,163.0,60.0,323.24,34.0,170.08,12.159999999999997,190.0,78.0,0.7672483300948663,268,112.0,85.0,0.42,166.6,
2025-04-08 07:43:13,164.0,91.0,173.0,14.0,163.0,42.0,175.0,35.0,168.5,9.0,133.0,49.0,0.6088267405708084,182,84.0,-86.0,0.46,166.6,
2025-04-08 07:43:14,164.0,156.0,171.67,24.0,163.0,72.0,175.0,60.0,167.83,7.6699999999999875,228.0,84.0,0.8306443282383666,312,144.0,130.0,0.46,166.6,
2025-04-08 07:43:15,164.0,130.0,170.4,20.0,163.0,60.0,175.0,50.0,167.2,6.400000000000006,190.0,70.0,1.1203436972800311,260,120.0,-52.0,0.46,166.6,
2025-04-08 07:43:16,164.0,81.0,166.57,14.0,163.0,42.0,175.0,35.0,165.29,2.569999999999993,123.0,49.0,1.7569433684773017,172,74.0,-88.0,0.43,164.0,2.0
2025-04-08 07:43:17,164.0,72.0,167.75,24.0,163.0,72.0,353.23,35.0,165.88,3.75,144.0,59.0,1.3359827843343337,203,85.0,31.0,0.42,164.0,9.0
2025-04-08 07:43:18,164.22,18.0,176.0,22.0,163.16,50.0,393.82,22.0,170.11,11.78,68.0,44.0,1.886549760816612,112,24.0,-91.0,0.21,164.0,
2025-04-08 07:43:19,163.35,23.0,176.0,18.0,163.23,13.0,189.0,18.0,169.67,12.650000000000006,36.0,36.0,2.1814559358457384,72,0.0,-40.0,0.0,163.67,6.0
2025-04-08 07:43:20,163.0,30.0,339.62,32.0,162.0,10.0,402.54,26.0,251.31,176.62,40.0,58.0,37.437595008226815,98,-18.0,26.0,-0.18,163.67,
2025-04-08 07:43:21,163.0,18.0,209.86,7.0,162.0,6.0,334.0,11.0,186.43,46.860000000000014,24.0,18.0,35.89444385973967,42,6.0,-56.0,0.14,163.67,
2025-04-08 07:43:22,163.0,30.0,185.36,14.0,162.0,10.0,189.88,16.0,174.18,22.360000000000014,40.0,30.0,34.750094963899016,70,10.0,28.0,0.14,163.67,
2025-04-08 07:43:23,163.44,27.0,182.73,15.0,162.84,32.0,183.81,27.0,173.09,19.289999999999992,59.0,42.0,34.339517760154976,101,17.0,31.0,0.17,164.0,3.0
2025-04-08 07:43:24,164.0,10.0,179.46,13.0,163.0,30.0,181.65,17.0,171.73,15.460000000000008,40.0,30.0,34.03156211518946,70,10.0,-31.0,0.14,164.0,
2025-04-08 07:43:25,161.33,18.0,177.26,19.0,160.47,38.0,179.45,11.0,169.3,15.929999999999978,56.0,30.0,6.673337246087941,86,26.0,16.0,0.3,163.0,5.0
2025-04-08 07:43:26,161.8,30.0,174.87,15.0,160.5,24.0,186.81,16.0,168.33,13.069999999999991,54.0,31.0,2.4749202007398967,85,23.0,-1.0,0.27,163.0,
2025-04-08 07:43:27,162.0,56.0,172.0,42.0,161.0,28.0,174.0,14.0,167.0,10.0,84.0,56.0,2.48794091570373,140,28.0,55.0,0.2,163.0,
2025-04-08 07:43:28,162.0,44.0,170.0,33.0,161.0,22.0,174.0,11.0,166.0,8.0,66.0,44.0,2.2134746440912694,110,22.0,-30.0,0.2,163.0,
2025-04-08 07:43:29,162.0,40.0,170.0,33.0,161.0,22.0,174.0,11.0,166.0,8.0,62.0,44.0,1.46009588727481,106,18.0,-4.0,0.17,162.0,1.0
2025-04-08 07:43:30,163.57,42.0,168.5,22.0,161.44,25.0,170.13,60.0,166.04,4.930000000000007,67.0,82.0,1.0196960331578495,149,-15.0,43.0,-0.1,162.0,2.0
2025-04-08 07:43:31,164.0,42.0,166.05,38.0,162.0,63.0,168.71,28.0,165.03,2.050000000000012,105.0,66.0,0.6966921845685397,171,39.0,22.0,0.23,162.0,
2025-04-08 07:43:32,162.86,70.0,168.03,36.0,161.33,120.0,176.0,37.0,165.44,5.169999999999988,190.0,73.0,0.4505774073778827,263,117.0,92.0,0.44,164.0,3.0
2025-04-08 07:43:33,162.0,56.0,170.57,42.0,160.0,108.0,175.36,28.0,166.29,8.569999999999993,164.0,70.0,0.5128840025183837,234,94.0,-29.0,0.4,164.0,
2025-04-08 07:43:34,160.82,40.0,169.29,42.0,159.99,84.0,225.0,28.0,165.06,8.469999999999999,124.0,70.0,0.5718129064996548,194,54.0,-40.0,0.28,162.0,1.0
2025-04-08 07:43:35,163.04,50.0,168.85,39.0,160.71,65.0,305.97,35.0,165.94,5.810000000000002,115.0,74.0,0.552783863765591,189,41.0,-5.0,0.22,163.25,4.0
2025-04-08 07:43:36,163.4,30.0,220.74,27.0,160.12,75.0,363.38,32.0,192.07,57.34,105.0,59.0,11.810184164526405,164,46.0,-25.0,0.28,167.0,3.0
2025-04-08 07:43:37,163.0,33.0,315.0,14.0,160.3,46.0,514.35,43.0,239.0,152.0,79.0,57.0,31.91660335938029,136,22.0,-28.0,0.16,167.0,
2025-04-08 07:43:38,163.19,26.0,330.74,23.0,160.54,39.0,563.65,43.0,246.97,167.55,65.0,66.0,39.225657037199234,131,-1.0,-5.0,-0.01,165.5,2.0
2025-04-08 07:43:39,161.5,16.0,304.81,31.0,160.14,28.0,317.0,20.0,233.15,143.31,44.0,51.0,34.8542125144143,95,-7.0,-36.0,-0.07,163.0,2.0
2025-04-08 07:43:40,161.0,30.0,228.42,31.0,160.0,60.0,262.8,40.0,194.71,67.41999999999999,90.0,71.0,25.855417227342205,161,19.0,66.0,0.12,163.0,
2025-04-08 07:43:41,165.57,70.0,189.27,15.0,160.57,28.0,190.22,18.0,177.42,23.700000000000017,98.0,33.0,30.408187219891115,131,65.0,-30.0,0.5,163.0,
2025-04-08 07:43:42,166.0,73.0,186.41,17.0,161.0,24.0,189.21,19.0,176.21,20.41,97.0,36.0,32.58417437959677,133,61.0,2.0,0.46,166.0,6.0
2025-04-08 07:43:43,166.0,22.0,176.93,15.0,163.5,12.0,179.55,22.0,171.47,10.930000000000009,34.0,37.0,25.367970356337075,71,-3.0,-62.0,-0.04,166.0,
2025-04-08 07:43:44,164.53,17.0,175.86,14.0,160.92,26.0,355.06,31.0,170.19,11.330000000000013,43.0,45.0,9.828550249147542,88,-2.0,17.0,-0.02,164.25,4.0
2025-04-08 07:43:45,159.94,17.0,176.29,28.0,149.0,50.0,442.78,36.0,168.11,16.349999999999994,67.0,64.0,3.983641550143175,131,3.0,43.0,0.02,159.75,8.0
2025-04-08 07:43:46,162.0,22.0,174.6,20.0,159.0,10.0,532.06,17.0,168.3,12.599999999999994,32.0,37.0,3.299981818136315,69,-5.0,-62.0,-0.07,159.75,
2025-04-08 07:43:47,162.0,33.0,171.43,28.0,159.0,11.0,289.5,24.0,166.71,9.430000000000009,44.0,52.0,1.873067003615572,96,-8.0,27.0,-0.08,159.75,
2025-04-08 07:43:48,162.0,19.0,167.6,20.0,159.0,8.0,169.71,28.0,164.8,5.599999999999994,27.0,48.0,2.0054849787609075,75,-21.0,-21.0,-0.28,162.0,1.0
2025-04-08 07:43:49,161.6,30.0,164.38,32.0,154.11,18.0,166.0,38.0,162.99,2.780000000000001,48.0,70.0,2.268296717812297,118,-22.0,43.0,-0.19,160.5,4.0
2025-04-08 07:43:50,124.0,24.0,153.02,54.0,66.92,39.0,155.47,30.0,138.51,29.02000000000001,63.0,84.0,12.322449837595126,147,-21.0,29.0,-0.14,160.5,
2025-04-08 07:43:52,133.29,21.0,153.43,14.0,96.53,19.0,154.43,14.0,143.36,20.14000000000001,40.0,28.0,12.741847197328395,68,12.0,-31.0,0.18,150.5,4.0
2025-04-08 07:43:53,135.5,12.0,154.0,8.0,76.0,12.0,155.0,8.0,144.75,18.5,24.0,16.0,9.757418716037174,40,8.0,-28.0,0.2,150.5,
2025-04-08 07:43:54,138.44,27.0,154.0,18.0,79.67,27.0,155.0,18.0,146.22,15.560000000000002,54.0,36.0,3.0978008328616604,90,18.0,50.0,0.2,150.5,
2025-04-08 07:43:55,143.93,91.0,154.0,34.0,139.17,121.0,155.0,34.0,148.97,10.069999999999991,212.0,68.0,3.0774746140422766,280,144.0,168.0,0.51,150.5,
2025-04-08 07:43:56,147.6,20.0,154.0,10.0,144.0,65.0,155.0,10.0,150.8,6.400000000000006,85.0,20.0,3.044642836207733,105,65.0,-168.0,0.62,150.5,
2025-04-08 07:43:57,151.08,38.0,154.11,18.0,149.9,30.0,155.22,18.0,152.6,3.030000000000001,68.0,36.0,3.2187217960034573,104,32.0,-1.0,0.31,154.0,2.0
2025-04-08 07:43:58,154.31,45.0,156.33,18.0,153.0,32.0,358.67,18.0,155.32,2.0200000000000102,77.0,36.0,3.463887988960371,113,41.0,9.0,0.36,155.0,2.0
2025-04-08 07:43:59,158.24,46.0,400.87,31.0,155.95,76.0,580.8,15.0,279.56,242.63,122.0,46.0,57.129336596883526,168,76.0,55.0,0.45,158.43,7.0
2025-04-08 07:44:00,164.1,40.0,302.9,29.0,162.19,42.0,557.79,28.0,233.5,138.79999999999998,82.0,57.0,59.0687572241027,139,25.0,-29.0,0.18,166.0,2.0
2025-04-08 07:44:03,161.97,62.0,302.9,49.0,160.55,31.0,388.71,49.0,232.43,140.92999999999998,93.0,98.0,69.682062038948,191,-5.0,52.0,-0.03,166.0,
2025-04-08 07:44:04,161.16,25.0,246.6,25.0,154.24,17.0,268.77,31.0,203.88,85.44,42.0,56.0,81.69426620026537,98,-14.0,-93.0,-0.14,161.71,7.0
2025-04-08 07:44:05,159.11,47.0,244.86,35.0,129.68,31.0,247.0,21.0,201.98,85.75,78.0,56.0,87.40859093933406,134,22.0,36.0,0.16,161.71,
2025-04-08 07:44:06,159.0,69.0,230.7,44.0,125.47,34.0,244.92,36.0,194.85,71.69999999999999,103.0,80.0,71.21743726082741,183,23.0,49.0,0.13,161.71,
2025-04-08 07:44:07,159.0,51.0,242.0,35.0,121.71,35.0,392.24,17.0,200.5,83.0,86.0,52.0,14.75739035195387,138,34.0,-45.0,0.25,159.0,3.0
2025-04-08 07:44:08,159.0,24.0,240.75,20.0,120.0,20.0,349.75,16.0,199.88,81.75,44.0,36.0,3.373576736929433,80,8.0,-58.0,0.1,159.0,
2025-04-08 07:44:09,160.0,30.0,239.72,32.0,159.0,48.0,333.59,34.0,199.86,79.72,78.0,66.0,2.693042888621113,144,12.0,64.0,0.08,160.0,3.0
2025-04-08 07:44:10,163.48,29.0,237.1,10.0,162.39,44.0,239.0,50.0,200.29,73.62,73.0,60.0,2.378114799574086,133,13.0,-11.0,0.1,160.0,
2025-04-08 07:44:11,165.15,27.0,237.0,11.0,163.08,52.0,239.0,55.0,201.07,71.85,79.0,66.0,0.5002499374825115,145,13.0,12.0,0.09,160.0,
2025-04-08 07:44:12,167.0,37.0,237.0,7.0,165.0,14.0,239.0,35.0,202.0,70.0,51.0,42.0,0.913920127774184,93,9.0,-52.0,0.1,167.0,2.0
2025-04-08 07:44:13,167.0,45.0,235.46,13.0,165.62,26.0,297.69,32.0,201.23,68.46000000000001,71.0,45.0,0.8368094167433507,116,26.0,23.0,0.22,167.0,
2025-04-08 07:44:14,167.0,60.0,230.21,53.0,166.0,48.0,233.46,24.0,198.6,63.21000000000001,108.0,77.0,1.290995739710538,185,31.0,69.0,0.17,167.0,
2025-04-08 07:44:15,167.0,20.0,229.38,8.0,166.0,16.0,230.94,16.0,198.19,62.38,36.0,24.0,1.7070647322088963,60,12.0,-125.0,0.2,167.0,
2025-04-08 07:44:16,167.1,51.0,228.87,60.0,166.33,60.0,229.45,22.0,197.98,61.77000000000001,111.0,82.0,1.872792033289446,193,29.0,133.0,0.15,167.67,3.0
2025-04-08 07:44:17,167.0,40.0,213.6,35.0,166.0,40.0,218.0,28.0,190.3,46.6,80.0,63.0,4.104308711580548,143,17.0,-50.0,0.12,167.67,
2025-04-08 07:44:18,167.0,60.0,187.71,89.0,166.0,80.0,191.16,76.0,177.35,20.710000000000008,140.0,165.0,9.137528659323785,305,-25.0,162.0,-0.08,167.0,2.0
2025-04-08 07:44:19,167.0,32.0,178.3,69.0,166.0,60.0,180.42,57.0,172.65,11.300000000000011,92.0,126.0,11.782182734959244,218,-34.0,-87.0,-0.16,167.0,
2025-04-08 07:44:20,167.0,21.0,173.96,27.0,166.0,28.0,176.55,11.0,170.48,6.960000000000008,49.0,38.0,11.892206271335043,87,11.0,-131.0,0.13,167.0,1.0
2025-04-08 07:44:21,167.0,14.0,169.78,27.0,166.0,28.0,170.59,27.0,168.39,2.780000000000001,42.0,54.0,8.743279133139353,96,-12.0,9.0,-0.12,167.0,
2025-04-08 07:44:22,164.22,58.0,166.67,43.0,162.64,56.0,176.46,28.0,165.45,2.4499999999999886,114.0,71.0,4.49548440104041,185,43.0,89.0,0.23,164.82,11.0
2025-04-08 07:44:23,161.07,29.0,221.55,31.0,160.06,35.0,423.89,38.0,191.31,60.48000000000002,64.0,69.0,10.220468678098548,133,-5.0,-52.0,-0.04,162.0,2.0
2025-04-08 07:44:24,165.87,150.0,204.52,46.0,160.61,31.0,265.22,46.0,185.19,38.650000000000006,181.0,92.0,11.384229442522214,273,89.0,140.0,0.33,166.0,4.0
2025-04-08 07:44:25,166.0,131.0,279.0,26.0,161.0,18.0,382.44,36.0,222.5,113.0,149.0,62.0,22.868666773556644,211,87.0,-62.0,0.41,166.0,
2025-04-08 07:44:26,166.0,153.0,279.55,22.0,161.0,22.0,296.86,28.0,222.77,113.55,175.0,50.0,24.902870918830967,225,125.0,14.0,0.56,166.0,
2025-04-08 07:44:27,166.0,110.0,191.02,46.0,161.0,20.0,225.67,36.0,178.51,25.02000000000001,130.0,82.0,21.103195966487,212,48.0,-13.0,0.23,166.0,
2025-04-08 07:44:28,166.0,110.0,189.3,50.0,161.0,20.0,264.71,28.0,177.65,23.30000000000001,130.0,78.0,23.28946500029481,208,52.0,-4.0,0.25,166.0,
2025-04-08 07:44:29,166.0,88.0,188.56,36.0,161.08,24.0,228.3,33.0,177.28,22.56,112.0,69.0,24.554078479958463,181,43.0,-27.0,0.24,166.0,
2025-04-08 07:44:30,166.0,132.0,185.75,57.0,162.0,12.0,186.67,51.0,175.88,19.75,144.0,108.0,20.34351665764732,252,36.0,71.0,0.14,166.0,
2025-04-08 07:44:31,166.0,146.0,179.82,50.0,162.0,14.0,181.13,60.0,172.91,13.819999999999991,160.0,110.0,2.1925396233567547,270,50.0,18.0,0.19,166.0,2.0
2025-04-08 07:44:32,166.25,48.0,174.69,39.0,165.23,31.0,175.71,51.0,170.47,8.439999999999998,79.0,90.0,3.0721767527262958,169,-11.0,-101.0,-0.07,166.0,4.0
2025-04-08 07:44:33,167.18,22.0,171.27,22.0,166.08,49.0,173.0,55.0,169.23,4.090000000000003,71.0,77.0,3.4320591486736545,148,-6.0,-21.0,-0.04,168.0,2.0
2025-04-08 07:44:34,167.0,24.0,170.26,31.0,166.0,60.0,172.58,53.0,168.63,3.259999999999991,84.0,84.0,2.983048776000352,168,0.0,20.0,0.0,168.0,
2025-04-08 07:44:35,166.57,46.0,168.35,79.0,165.67,73.0,170.12,48.0,167.46,1.7800000000000011,119.0,127.0,2.078003849851996,246,-8.0,78.0,-0.03,167.0,2.0
2025-04-08 07:44:36,164.98,53.0,166.97,37.0,162.61,23.0,168.43,58.0,165.98,1.990000000000009,76.0,95.0,1.7143599388698518,171,-19.0,-75.0,-0.11,166.0,5.0
2025-04-08 07:44:37,162.44,18.0,164.1,40.0,161.12,34.0,165.6,30.0,163.27,1.6599999999999966,52.0,70.0,2.3852526071684763,122,-18.0,-49.0,-0.15,163.0,2.0
2025-04-08 07:44:38,160.06,31.0,163.0,28.0,152.2,45.0,164.17,24.0,161.53,2.9399999999999977,76.0,52.0,2.9378274285611816,128,24.0,6.0,0.19,160.12,8.0
2025-04-08 07:44:39,159.59,27.0,202.76,38.0,122.27,51.0,260.71,28.0,181.18,43.16999999999999,78.0,66.0,7.782205985451852,144,12.0,16.0,0.08,160.4,5.0
2025-04-08 07:44:40,163.0,28.0,337.29,35.0,159.0,7.0,508.0,28.0,250.14,174.29000000000002,35.0,63.0,37.5530431523196,98,-28.0,-46.0,-0.29,160.4,
2025-04-08 07:44:41,163.33,24.0,314.12,43.0,162.05,21.0,458.05,38.0,238.72,150.79,45.0,81.0,42.4003510598669,126,-36.0,28.0,-0.29,160.4,
2025-04-08 07:44:42,162.0,10.0,412.12,43.0,160.78,36.0,627.28,47.0,287.06,250.12,46.0,90.0,51.50781377616333,136,-44.0,10.0,-0.32,163.4,5.0
2025-04-08 07:44:43,159.0,8.0,429.75,40.0,158.0,32.0,497.12,32.0,294.38,270.75,40.0,72.0,45.2935986647107,112,-32.0,-24.0,-0.29,163.4,
2025-04-08 07:44:44,162.39,18.0,236.0,33.0,159.06,17.0,337.0,55.0,199.19,73.61000000000001,35.0,88.0,38.65219941995382,123,-53.0,11.0,-0.43,161.14,7.0
2025-04-08 07:44:45,144.37,19.0,305.91,32.0,90.96,23.0,563.92,26.0,225.14,161.54000000000002,42.0,58.0,40.81626538525892,100,-16.0,-23.0,-0.16,158.2,5.0
2025-04-08 07:44:46,156.92,39.0,286.33,18.0,118.5,12.0,399.22,18.0,221.63,129.41,51.0,36.0,42.55998296522088,87,15.0,-13.0,0.17,158.2,
2025-04-08 07:44:47,158.0,100.0,276.0,32.0,156.0,24.0,397.17,36.0,217.0,118.0,124.0,68.0,36.55797409594672,192,56.0,105.0,0.29,158.2,
2025-04-08 07:44:48,159.67,72.0,329.0,24.0,158.0,24.0,530.5,18.0,244.33,169.33,96.0,42.0,16.22076354552789,138,54.0,-54.0,0.39,158.2,
2025-04-08 07:44:49,160.21,87.0,348.91,34.0,158.0,36.0,457.75,32.0,254.56,188.7,123.0,66.0,16.11803244815911,189,57.0,51.0,0.3,160.0,3.0
2025-04-08 07:44:51,167.0,56.0,259.29,21.0,161.0,63.0,600.0,35.0,213.14,92.29000000000002,119.0,56.0,64.29353000108071,175,63.0,-107.0,0.36,167.0,4.0
2025-04-08 07:44:52,167.0,48.0,221.0,18.0,161.0,54.0,600.0,30.0,194.0,54.0,102.0,48.0,68.7962426299567,150,54.0,-25.0,0.36,167.0,
2025-04-08 07:44:53,167.43,28.0,402.78,27.0,165.36,66.0,685.7,30.0,285.1,235.35,94.0,57.0,69.581134512164,151,37.0,1.0,0.25,167.0,
2025-04-08 07:44:55,168.0,20.0,427.0,40.0,167.0,80.0,690.2,30.0,297.5,259.0,100.0,70.0,80.53478304434576,170,30.0,51.0,0.18,167.0,
2025-04-08 07:44:57,168.0,22.0,321.41,39.0,167.0,88.0,470.06,31.0,244.71,153.41000000000005,110.0,70.0,56.4368221996933,180,40.0,-23.0,0.22,167.0,
2025-04-08 07:44:58,168.0,12.0,183.46,41.0,167.0,88.0,197.08,26.0,175.73,15.460000000000008,100.0,67.0,82.86374195026333,167,33.0,-13.0,0.2,168.0,1.0
2025-04-08 07:44:59,168.0,9.0,183.91,33.0,167.0,72.0,197.14,21.0,175.95,15.909999999999997,81.0,54.0,66.5532955607752,135,27.0,-32.0,0.2,168.0,
2025-04-08 07:45:00,168.0,14.0,194.2,30.0,167.0,112.0,195.3,40.0,181.1,26.19999999999999,126.0,70.0,62.759183790103066,196,56.0,61.0,0.29,168.0,
2025-04-08 07:45:01,168.0,11.0,192.64,33.0,167.0,88.0,194.0,22.0,180.32,24.639999999999983,99.0,55.0,29.811628100457323,154,44.0,-42.0,0.29,168.0,
2025-04-08 07:45:02,167.42,36.0,174.9,61.0,166.98,123.0,178.9,58.0,171.16,7.480000000000018,159.0,119.0,4.016960293555189,278,40.0,124.0,0.14,167.5,2.0
2025-04-08 07:45:03,166.99,86.0,168.6,50.0,165.68,22.0,170.06,64.0,167.79,1.6099999999999852,108.0,114.0,5.761859942761672,222,-6.0,-56.0,-0.03,167.0,7.0
2025-04-08 07:45:04,165.03,36.0,166.43,28.0,162.3,37.0,281.88,26.0,165.73,1.4000000000000057,73.0,54.0,7.112190239300746,127,19.0,-95.0,0.15,165.14,7.0
2025-04-08 07:45:05,165.0,9.0,432.33,27.0,163.0,18.0,693.22,27.0,298.67,267.33,27.0,54.0,57.25687757815622,81,-27.0,-46.0,-0.33,165.14,
2025-04-08 07:45:09,160.0,12.0,406.11,18.0,158.02,98.0,496.36,22.0,283.06,246.11,110.0,40.0,34.25875873407777,150,70.0,62.0,0.47,165.14,
2025-04-08 07:45:10,159.46,13.0,257.0,18.0,158.02,114.0,319.39,31.0,208.23,97.54,127.0,49.0,64.06042202483357,176,78.0,26.0,0.44,160.0,3.0
2025-04-08 07:45:11,160.89,19.0,255.41,41.0,158.36,25.0,278.69,26.0,208.15,94.52,44.0,67.0,73.05107302428779,111,-23.0,-65.0,-0.21,160.0,
2025-04-08 07:45:12,161.0,22.0,253.0,22.0,158.9,42.0,254.0,55.0,207.0,92.0,64.0,77.0,68.59502875573327,141,-13.0,30.0,-0.09,160.0,
2025-04-08 07:45:13,159.13,30.0,250.75,28.0,158.11,45.0,253.43,28.0,204.94,91.62,75.0,56.0,34.00522651005179,131,19.0,-10.0,0.15,160.33,3.0
2025-04-08 07:45:14,164.58,79.0,240.1,59.0,158.6,60.0,245.39,33.0,202.34,75.51999999999998,139.0,92.0,2.501373622623579,231,47.0,100.0,0.2,166.0,2.0
2025-04-08 07:45:15,165.11,63.0,226.23,65.0,160.75,77.0,237.21,56.0,195.67,61.119999999999976,140.0,121.0,4.963078681621058,261,19.0,30.0,0.07,164.22,9.0
2025-04-08 07:45:16,162.5,42.0,224.23,61.0,160.67,63.0,228.48,67.0,193.36,61.72999999999999,105.0,128.0,5.9060663728040215,233,-23.0,-28.0,-0.1,164.22,
2025-04-08 07:45:17,162.6,20.0,221.4,57.0,160.15,52.0,222.63,27.0,192.0,58.80000000000001,72.0,84.0,5.687408900366812,156,-12.0,-77.0,-0.08,162.75,4.0
2025-04-08 07:45:18,167.0,6.0,218.6,15.0,162.0,12.0,219.44,27.0,192.8,51.6,18.0,42.0,4.200604718368034,60,-24.0,-96.0,-0.4,162.75,
2025-04-08 07:45:19,167.0,11.0,212.78,36.0,162.0,22.0,217.27,37.0,189.89,45.78,33.0,73.0,2.1001738023268666,106,-40.0,46.0,-0.38,162.75,
2025-04-08 07:45:20,167.0,9.0,191.33,18.0,162.0,18.0,192.43,21.0,179.17,24.330000000000013,27.0,39.0,5.8924723164377895,66,-12.0,-40.0,-0.18,162.75,
2025-04-08 07:45:21,167.0,7.0,189.86,14.0,162.0,14.0,191.14,14.0,178.43,22.860000000000014,21.0,28.0,7.07596424524535,49,-7.0,-17.0,-0.14,162.75,
2025-04-08 07:45:22,167.42,19.0,188.03,62.0,163.0,17.0,189.15,26.0,177.73,20.610000000000014,36.0,88.0,7.15916754937299,124,-52.0,75.0,-0.42,162.75,
2025-04-08 07:45:23,168.0,32.0,186.17,24.0,167.0,12.0,187.64,39.0,177.08,18.169999999999987,44.0,63.0,5.328864794681903,107,-19.0,-17.0,-0.18,168.0,2.0
2025-04-08 07:45:24,168.0,28.0,182.22,37.0,167.0,14.0,183.65,37.0,175.11,14.22,42.0,74.0,1.54879953512549,116,-32.0,9.0,-0.28,168.0,
2025-04-08 07:45:25,167.73,22.0,176.36,28.0,165.29,14.0,178.51,43.0,172.04,8.630000000000024,36.0,71.0,2.574270770530411,107,-35.0,-9.0,-0.33,168.0,2.0
2025-04-08 07:45:26,167.0,13.0,174.06,32.0,164.55,20.0,174.68,41.0,170.53,7.060000000000002,33.0,73.0,3.1334437923807847,106,-40.0,-1.0,-0.38,168.0,
2025-04-08 07:45:27,167.0,13.0,172.15,26.0,166.0,39.0,173.31,32.0,169.58,5.150000000000006,52.0,58.0,3.1515980073626424,110,-6.0,4.0,-0.05,168.0,
2025-04-08 07:45:28,167.0,12.0,169.43,51.0,166.0,36.0,170.53,30.0,168.22,2.430000000000007,48.0,81.0,2.6407063449037382,129,-33.0,19.0,-0.26,168.0,
2025-04-08 07:45:29,166.0,33.0,167.48,31.0,165.0,22.0,168.27,55.0,166.74,1.4799999999999898,55.0,86.0,2.0460009775211025,141,-31.0,12.0,-0.22,167.0,1.0
2025-04-08 07:45:30,165.56,18.0,167.19,27.0,163.89,36.0,168.08,60.0,166.37,1.6299999999999957,54.0,87.0,1.787140173578731,141,-33.0,0.0,-0.23,166.0,3.0
2025-04-08 07:45:31,163.16,49.0,164.97,31.0,162.14,71.0,167.35,40.0,164.07,1.8100000000000025,120.0,71.0,2.07328965656538,191,49.0,50.0,0.26,165.0,2.0
2025-04-08 07:45:32,162.18,55.0,164.0,32.0,161.23,43.0,218.71,21.0,163.09,1.8199999999999927,98.0,53.0,2.0826593576537995,151,45.0,-40.0,0.3,162.71,7.0
2025-04-08 07:45:33,162.0,22.0,175.8,15.0,161.0,24.0,379.5,8.0,168.9,13.800000000000011,46.0,23.0,2.299441236479581,69,23.0,-82.0,0.33,162.0,2.0
2025-04-08 07:45:34,161.09,11.0,271.33,45.0,159.83,29.0,372.11,9.0,216.21,110.23999999999998,40.0,54.0,22.741009652168216,94,-14.0,25.0,-0.15,160.29,7.0
2025-04-08 07:45:35,159.23,13.0,295.0,19.0,158.03,31.0,378.11,35.0,227.12,135.77,44.0,54.0,31.161141988059256,98,-10.0,4.0,-0.1,160.29,
2025-04-08 07:45:36,160.38,13.0,344.61,51.0,157.25,32.0,445.0,15.0,252.5,184.23,45.0,66.0,38.50089648306857,111,-21.0,13.0,-0.19,159.0,1.0
2025-04-08 07:45:37,136.31,39.0,322.25,40.0,91.4,30.0,454.23,48.0,229.28,185.94,69.0,88.0,30.86851502745057,157,-19.0,46.0,-0.12,160.29,7.0
2025-04-08 07:45:38,163.0,26.0,257.71,34.0,144.7,23.0,394.15,26.0,210.35,94.70999999999998,49.0,60.0,16.194652512478584,109,-11.0,-48.0,-0.1,162.44,9.0
2025-04-08 07:45:39,132.11,19.0,354.29,7.0,66.0,23.0,400.9,31.0,243.2,222.18,42.0,38.0,16.15878089460714,80,4.0,-29.0,0.05,158.0,1.0
2025-04-08 07:45:40,122.0,18.0,404.29,14.0,54.0,24.0,422.33,18.0,263.14,282.29,42.0,32.0,20.588360303819968,74,10.0,-6.0,0.14,158.0,
2025-04-08 07:45:43,158.71,21.0,174.18,17.0,90.38,24.0,178.44,27.0,166.45,15.47,45.0,44.0,59.123756054567295,89,1.0,-81.0,0.01,165.0,1.0
2025-04-08 07:45:44,164.84,111.0,176.81,26.0,159.79,72.0,177.44,54.0,170.82,11.97,183.0,80.0,51.440202857298345,263,103.0,168.0,0.39,167.0,1.0
2025-04-08 07:45:45,167.0,38.0,174.76,17.0,160.24,29.0,176.89,35.0,170.88,7.759999999999991,67.0,52.0,18.50552701222078,119,15.0,-144.0,0.13,167.0,4.0
2025-04-08 07:45:46,167.0,22.0,172.36,33.0,163.0,11.0,175.0,11.0,169.68,5.360000000000014,33.0,44.0,7.173860188212502,77,-11.0,-42.0,-0.14,167.0,
2025-04-08 07:45:47,167.0,28.0,171.5,42.0,163.0,14.0,175.0,14.0,169.25,4.5,42.0,56.0,1.8033940223965943,98,-14.0,21.0,-0.14,167.0,
2025-04-08 07:45:48,167.0,14.0,171.0,21.0,163.0,7.0,175.0,7.0,169.0,4.0,21.0,28.0,0.8781116102267362,49,-7.0,-49.0,-0.14,167.0,
2025-04-08 07:45:49,159.62,26.0,170.43,23.0,112.9,21.0,172.69,13.0,165.03,10.810000000000002,47.0,36.0,2.210830160825716,83,11.0,34.0,0.13,161.86,7.0
2025-04-08 07:45:50,159.2,10.0,168.18,11.0,119.11,9.0,169.67,9.0,163.69,8.980000000000018,19.0,20.0,2.7630327540618733,39,-1.0,-44.0,-0.03,161.86,
2025-04-08 07:45:52,151.07,27.0,159.85,47.0,100.83,47.0,165.89,35.0,155.46,8.780000000000001,74.0,82.0,15.057023942334476,156,-8.0,24.0,-0.05,161.86,
2025-04-08 07:45:53,154.22,18.0,157.29,17.0,153.0,9.0,158.17,41.0,155.76,3.069999999999993,27.0,58.0,13.48641279214148,85,-31.0,-71.0,-0.36,157.0,2.0
2025-04-08 07:45:54,153.8,10.0,156.5,10.0,125.31,26.0,157.94,32.0,155.15,2.6999999999999886,36.0,42.0,12.178709701772194,78,-6.0,-7.0,-0.08,155.5,4.0
2025-04-08 07:45:55,153.0,5.0,174.44,9.0,108.6,20.0,234.43,23.0,163.72,21.44,25.0,32.0,12.185724434765469,57,-7.0,-21.0,-0.12,157.43,7.0
2025-04-08 07:45:57,167.0,50.0,410.48,29.0,162.86,138.0,412.08,13.0,288.74,243.48,188.0,42.0,85.25109518358074,230,146.0,141.0,0.63,157.43,
2025-04-08 07:45:58,167.0,24.0,256.41,22.0,163.0,136.0,327.62,29.0,211.7,89.41000000000003,160.0,51.0,78.19949788841312,211,109.0,-19.0,0.52,167.0,2.0
2025-04-08 07:45:59,167.0,30.0,210.48,29.0,163.0,170.0,344.95,37.0,188.74,43.47999999999999,200.0,66.0,71.23747889980328,266,134.0,55.0,0.5,167.0,
2025-04-08 07:46:00,167.0,33.0,209.05,40.0,163.0,187.0,209.57,37.0,188.03,42.05000000000001,220.0,77.0,65.56841061059745,297,143.0,31.0,0.48,167.0,
2025-04-08 07:46:01,167.0,30.0,204.05,38.0,163.0,170.0,206.06,32.0,185.53,37.05000000000001,200.0,70.0,43.88583336339819,270,130.0,-27.0,0.48,167.0,
2025-04-08 07:46:02,167.0,33.0,201.02,46.0,163.06,139.0,202.53,34.0,184.01,34.02000000000001,172.0,80.0,11.395037077604734,252,92.0,-18.0,0.37,167.0,
2025-04-08 07:46:03,163.18,201.0,195.62,69.0,162.44,27.0,197.28,36.0,179.4,32.44,228.0,105.0,3.731242420427392,333,123.0,81.0,0.37,164.88,8.0
2025-04-08 07:46:04,163.0,78.0,194.0,24.0,162.0,12.0,195.22,18.0,178.5,31.0,90.0,42.0,4.05856255341716,132,48.0,-168.0,0.36,164.88,
2025-04-08 07:46:05,163.0,87.0,189.71,35.0,162.0,14.0,190.72,32.0,176.36,26.710000000000008,101.0,67.0,3.8611073541153456,168,34.0,36.0,0.2,163.0,2.0
2025-04-08 07:46:06,163.0,55.0,186.62,13.0,162.0,10.0,187.91,22.0,174.81,23.620000000000005,65.0,35.0,3.510645239839378,100,30.0,-68.0,0.3,163.0,
2025-04-08 07:46:07,163.44,141.0,183.79,58.0,162.79,97.0,186.52,61.0,173.62,20.349999999999994,238.0,119.0,2.427595518205233,357,119.0,168.0,0.33,165.0,4.0
2025-04-08 07:46:08,165.95,22.0,183.29,17.0,163.78,18.0,188.97,30.0,174.62,17.340000000000003,40.0,47.0,1.9033444249561429,87,-7.0,-168.0,-0.08,165.0,
2025-04-08 07:46:09,166.0,24.0,179.92,13.0,165.0,8.0,181.07,14.0,172.96,13.919999999999987,32.0,27.0,1.2954458691945874,59,5.0,-28.0,0.08,165.0,
2025-04-08 07:46:10,166.0,27.0,176.74,27.0,165.0,9.0,178.09,33.0,171.37,10.740000000000007,36.0,60.0,1.3973653781365978,96,-24.0,37.0,-0.25,165.0,
2025-04-08 07:46:11,166.0,36.0,171.19,32.0,165.0,12.0,173.43,28.0,168.59,5.189999999999998,48.0,60.0,2.354053950107509,108,-12.0,12.0,-0.11,165.0,
2025-04-08 07:46:12,163.1,93.0,167.4,50.0,162.16,19.0,170.0,10.0,165.25,4.300000000000011,112.0,60.0,3.707313043164736,172,52.0,64.0,0.3,165.2,5.0
2025-04-08 07:46:13,163.0,129.0,200.03,39.0,162.0,24.0,244.03,38.0,181.51,37.03,153.0,77.0,6.101817761947439,230,76.0,58.0,0.33,163.0,6.0
2025-04-08 07:46:14,163.25,24.0,299.5,28.0,162.11,18.0,582.12,34.0,231.38,136.25,42.0,62.0,27.381060972869545,104,-20.0,-126.0,-0.19,163.0,5.0
2025-04-08 07:46:15,166.6,30.0,345.09,22.0,163.0,10.0,528.11,38.0,255.85,178.48999999999998,40.0,60.0,40.73888290073716,100,-20.0,-4.0,-0.2,163.0,
2025-04-08 07:46:16,167.54,28.0,277.42,38.0,162.71,14.0,383.68,38.0,222.48,109.88000000000002,42.0,76.0,37.151540075748656,118,-34.0,18.0,-0.29,168.0,3.0
2025-04-08 07:46:17,162.45,11.0,197.33,18.0,161.25,40.0,274.0,32.0,179.89,34.880000000000024,51.0,50.0,32.95543612213248,101,1.0,-17.0,0.01,163.0,1.0
2025-04-08 07:46:18,162.0,12.0,298.05,22.0,161.0,60.0,335.32,19.0,230.02,136.05,72.0,41.0,27.627436182171163,113,31.0,12.0,0.27,163.0,
2025-04-08 07:46:19,162.0,20.0,288.5,30.0,161.0,100.0,291.0,40.0,225.25,126.5,120.0,70.0,27.348454618130475,190,50.0,77.0,0.26,163.0,
2025-04-08 07:46:20,162.0,16.0,286.88,24.0,161.0,80.0,506.8,20.0,224.44,124.88,96.0,44.0,20.60590764804965,140,52.0,-50.0,0.37,163.0,
2025-04-08 07:46:21,166.5,20.0,285.33,18.0,161.5,20.0,542.0,24.0,225.92,118.82999999999998,40.0,42.0,20.914115568198195,82,-2.0,-58.0,-0.02,167.0,1.0
2025-04-08 07:46:22,161.55,99.0,284.75,36.0,159.41,79.0,415.29,28.0,223.15,123.2,178.0,64.0,2.597485322371839,242,114.0,160.0,0.47,167.0,3.0
2025-04-08 07:46:23,161.89,85.0,283.0,60.0,160.78,164.0,286.74,53.0,222.45,121.11,249.0,113.0,1.4382871757543283,362,136.0,120.0,0.38,167.0,
2025-04-08 07:46:24,163.0,138.0,227.74,38.0,161.1,98.0,251.35,51.0,195.37,64.74000000000001,236.0,89.0,12.867479551176608,325,147.0,-37.0,0.45,163.0,8.0
2025-04-08 07:46:25,163.0,12.0,206.6,15.0,162.0,10.0,235.0,20.0,184.8,43.6,22.0,35.0,18.906857750561294,57,-13.0,-168.0,-0.23,163.0,2.0
2025-04-08 07:46:26,162.0,32.0,203.0,54.0,161.0,176.0,219.89,56.0,182.5,41.0,208.0,110.0,19.905861699508836,318,98.0,168.0,0.31,163.0,2.0
2025-04-08 07:46:27,162.0,12.0,199.0,20.0,161.0,66.0,200.71,28.0,180.5,37.0,78.0,48.0,17.367948353216196,126,30.0,-168.0,0.24,163.0,
2025-04-08 07:46:28,162.0,22.0,195.8,35.0,161.0,121.0,198.77,53.0,178.9,33.80000000000001,143.0,88.0,6.510950775424313,231,55.0,105.0,0.24,163.0,
2025-04-08 07:46:29,164.18,22.0,194.0,40.0,161.1,61.0,217.0,22.0,179.09,29.819999999999997,83.0,62.0,2.493655950608136,145,21.0,-86.0,0.14,163.0,
2025-04-08 07:46:30,166.0,28.0,193.86,35.0,162.9,20.0,381.0,7.0,179.93,27.860000000000014,48.0,42.0,1.4468690334666916,90,6.0,-55.0,0.07,163.0,
2025-04-08 07:46:31,166.0,48.0,191.08,60.0,163.0,36.0,197.67,36.0,178.54,25.080000000000013,84.0,96.0,0.8025397186470462,180,-12.0,90.0,-0.07,163.0,
2025-04-08 07:46:32,166.0,60.0,188.07,75.0,163.0,45.0,190.0,75.0,177.03,22.069999999999997,105.0,150.0,1.0629534326616397,255,-45.0,75.0,-0.18,163.0,
2025-04-08 07:46:33,166.0,24.0,184.95,42.0,163.0,27.0,186.56,45.0,175.48,18.94999999999999,51.0,87.0,1.767407706220675,138,-36.0,-117.0,-0.26,166.0,3.0
2025-04-08 07:46:34,163.0,8.0,182.59,39.0,162.0,16.0,184.15,33.0,172.79,19.590000000000003,24.0,72.0,2.769897110004289,96,-48.0,-42.0,-0.5,164.0,3.0
2025-04-08 07:46:35,163.0,11.0,179.28,50.0,162.0,22.0,180.43,49.0,171.14,16.28,33.0,99.0,3.027644298792821,132,-66.0,36.0,-0.5,164.0,
2025-04-08 07:46:36,160.57,42.0,174.07,75.0,159.19,139.0,174.96,69.0,167.32,13.5,181.0,144.0,3.802955429664665,325,37.0,168.0,0.11,161.8,5.0
2025-04-08 07:46:37,159.41,118.0,167.57,46.0,158.85,99.0,168.91,53.0,163.49,8.159999999999997,217.0,99.0,4.708155689866236,316,118.0,-9.0,0.37,161.8,
2025-04-08 07:46:38,159.0,56.0,165.0,16.0,158.0,12.0,166.35,17.0,162.0,6.0,68.0,33.0,4.676555356245,101,35.0,-168.0,0.35,161.8,
2025-04-08 07:46:39,159.19,47.0,166.0,40.0,158.89,79.0,167.5,40.0,162.6,6.810000000000002,126.0,80.0,3.861398710315573,206,46.0,105.0,0.22,164.5,8.0
2025-04-08 07:46:40,165.5,36.0,275.67,60.0,159.11,129.0,207.0,40.0,220.58,110.17000000000002,165.0,100.0,25.45369757029444,265,65.0,59.0,0.25,163.0,5.0
2025-04-08 07:46:43,167.04,51.0,458.72,25.0,166.44,25.0,496.0,6.0,312.88,291.68000000000006,76.0,31.0,77.08496046570869,107,45.0,-27.0,0.42,167.33,3.0
2025-04-08 07:46:44,167.0,56.0,259.09,23.0,165.0,8.0,334.47,17.0,213.04,92.08999999999996,64.0,40.0,60.6601629572478,104,24.0,-3.0,0.23,167.33,
2025-04-08 07:46:45,166.62,37.0,259.0,36.0,162.9,61.0,635.67,24.0,212.81,92.38,98.0,60.0,62.71019749609996,158,38.0,54.0,0.24,167.0,5.0
2025-04-08 07:46:46,162.41,37.0,252.5,24.0,160.17,82.0,521.94,17.0,207.45,90.09,119.0,41.0,61.76890666022754,160,78.0,2.0,0.49,163.67,3.0
2025-04-08 07:46:47,167.0,8.0,207.0,12.0,161.0,32.0,259.0,12.0,187.0,40.0,40.0,24.0,49.3790241904389,64,16.0,-96.0,0.25,163.67,
2025-04-08 07:46:48,167.0,28.0,176.0,39.0,161.0,112.0,204.37,38.0,171.5,9.0,140.0,77.0,18.421741231490454,217,63.0,153.0,0.29,163.67,
2025-04-08 07:46:49,167.0,20.0,171.7,30.0,162.67,24.0,207.0,30.0,169.35,4.699999999999989,44.0,60.0,20.0109762380552,104,-16.0,-113.0,-0.15,163.67,
2025-04-08 07:46:50,167.0,16.0,171.0,24.0,166.0,8.0,367.84,19.0,169.0,4.0,24.0,43.0,16.624357130428336,67,-19.0,-37.0,-0.28,163.67,
2025-04-08 07:46:51,167.0,14.0,171.0,21.0,166.0,7.0,363.67,18.0,169.0,4.0,21.0,39.0,7.801089667478254,60,-18.0,-7.0,-0.3,163.67,
2025-04-08 07:46:52,166.77,13.0,169.43,30.0,165.36,14.0,305.79,19.0,168.1,2.6599999999999966,27.0,49.0,1.2670832648417525,76,-22.0,16.0,-0.29,167.0,2.0
2025-04-08 07:46:53,166.46,13.0,169.38,39.0,165.22,27.0,201.0,38.0,167.92,2.9199999999999875,40.0,77.0,0.6260031949145216,117,-37.0,41.0,-0.32,167.0,
2025-04-08 07:46:54,163.14,14.0,169.0,24.0,159.92,36.0,170.0,24.0,166.07,5.860000000000014,50.0,48.0,1.1978814632693136,98,2.0,-19.0,0.02,165.17,6.0
2025-04-08 07:46:55,159.29,140.0,167.31,39.0,158.61,123.0,168.77,39.0,163.3,8.02000000000001,263.0,78.0,2.2658817268440927,341,185.0,168.0,0.54,161.0,4.0
2025-04-08 07:46:56,159.23,133.0,163.22,54.0,158.49,153.0,213.23,56.0,161.22,3.990000000000009,286.0,110.0,2.9975523348305924,396,176.0,55.0,0.44,162.0,2.0
2025-04-08 07:46:57,158.9,48.0,161.0,21.0,156.92,78.0,187.79,43.0,159.95,2.0999999999999943,126.0,64.0,3.308998337873678,190,62.0,-168.0,0.33,158.83,6.0
2025-04-08 07:46:58,158.0,29.0,159.23,22.0,132.63,70.0,206.84,25.0,158.61,1.2299999999999898,99.0,47.0,2.933146774379604,146,52.0,-44.0,0.36,158.2,5.0
2025-04-08 07:46:59,142.91,53.0,230.86,28.0,98.31,58.0,296.67,18.0,186.88,87.95000000000002,111.0,46.0,11.803887918819264,157,65.0,11.0,0.41,159.0,2.0
2025-04-08 07:47:00,143.0,100.0,227.45,20.0,76.2,60.0,263.95,22.0,185.22,84.44999999999999,160.0,42.0,14.3500777001395,202,118.0,45.0,0.58,159.0,
2025-04-08 07:47:01,152.0,90.0,177.32,19.0,93.55,44.0,189.6,25.0,164.66,25.319999999999997,134.0,44.0,13.875991135772608,178,90.0,-24.0,0.51,159.0,
2025-04-08 07:47:04,135.09,94.0,151.7,10.0,63.78,46.0,153.0,10.0,143.39,16.609999999999985,140.0,20.0,28.292046232113968,160,120.0,-119.0,0.75,159.0,
2025-04-08 07:47:09,159.0,76.0,352.82,28.0,93.38,40.0,473.14,22.0,255.91,193.82,116.0,50.0,57.50935767333925,166,66.0,-33.0,0.4,159.0,
2025-04-08 07:47:10,159.14,29.0,218.75,16.0,140.84,49.0,280.86,21.0,188.94,59.610000000000014,78.0,37.0,57.45779781718099,115,41.0,-51.0,0.36,159.0,
2025-04-08 07:47:11,161.11,9.0,274.55,38.0,159.0,117.0,326.5,34.0,217.83,113.44,126.0,72.0,53.43462519752543,198,54.0,83.0,0.27,159.0,
2025-04-08 07:47:12,166.91,57.0,294.0,30.0,160.14,21.0,343.57,37.0,230.46,127.09,78.0,67.0,45.485622233844296,145,11.0,-53.0,0.08,159.0,
2025-04-08 07:47:13,168.0,5.0,260.0,15.0,167.0,35.0,299.85,13.0,214.0,92.0,40.0,28.0,24.465160330559225,68,12.0,-77.0,0.18,159.0,
2025-04-08 07:47:14,168.0,7.0,259.23,26.0,167.0,49.0,291.88,16.0,213.62,91.23000000000002,56.0,42.0,15.070202387492367,98,14.0,30.0,0.14,167.2,5.0
2025-04-08 07:47:15,162.16,31.0,258.84,19.0,159.27,75.0,279.8,20.0,210.5,96.67999999999998,106.0,39.0,7.812446479815046,145,67.0,47.0,0.46,167.0,3.0
2025-04-08 07:47:16,161.0,30.0,242.29,14.0,159.0,78.0,258.67,12.0,201.64,81.28999999999999,108.0,26.0,10.441335163664611,134,82.0,-11.0,0.61,167.0,
2025-04-08 07:47:17,161.0,70.0,228.23,39.0,159.0,182.0,217.64,22.0,194.62,67.22999999999999,252.0,61.0,8.4704120324804,313,191.0,168.0,0.61,167.0,
2025-04-08 07:47:18,160.47,57.0,178.25,20.0,158.99,143.0,179.5,32.0,169.36,17.78,200.0,52.0,17.643302411963603,252,148.0,-61.0,0.59,160.25,8.0
2025-04-08 07:47:19,159.86,70.0,172.75,12.0,158.93,75.0,174.73,15.0,166.3,12.889999999999986,145.0,27.0,19.70591484808593,172,118.0,-80.0,0.69,162.0,2.0
2025-04-08 07:47:20,159.15,123.0,165.13,15.0,128.63,62.0,171.47,15.0,162.14,5.97999999999999,185.0,30.0,17.992057136415145,215,155.0,43.0,0.72,162.0,2.0
2025-04-08 07:47:21,159.0,99.0,160.0,12.0,130.93,83.0,171.0,12.0,159.5,1.0,182.0,24.0,14.067127638577784,206,158.0,-9.0,0.77,159.0,3.0
2025-04-08 07:47:22,159.0,61.0,160.0,13.0,158.0,156.0,172.67,18.0,159.5,1.0,217.0,31.0,4.356925521517288,248,186.0,42.0,0.75,159.0,2.0
2025-04-08 07:47:23,159.01,104.0,172.44,18.0,117.19,63.0,265.33,12.0,165.73,13.430000000000009,167.0,30.0,3.275390053115755,197,137.0,-51.0,0.7,159.0,6.0
2025-04-08 07:47:24,163.0,40.0,174.0,16.0,161.0,24.0,246.5,14.0,168.5,11.0,64.0,30.0,3.965952596798026,94,34.0,-103.0,0.36,163.0,2.0
2025-04-08 07:47:25,162.86,42.0,174.0,18.0,160.06,35.0,391.29,21.0,168.43,11.139999999999986,77.0,39.0,4.550183512787948,116,38.0,22.0,0.33,163.0,5.0
2025-04-08 07:47:26,163.0,52.0,174.0,26.0,161.0,47.0,289.0,55.0,168.5,11.0,99.0,81.0,3.8936062975145207,180,18.0,64.0,0.1,163.0,
2025-04-08 07:47:27,163.0,28.0,382.8,25.0,161.0,28.0,438.25,16.0,272.9,219.8,56.0,41.0,47.02167340705786,97,15.0,-83.0,0.15,163.0,
2025-04-08 07:47:28,166.0,10.0,332.43,46.0,163.0,40.0,373.55,44.0,249.22,166.43,50.0,90.0,51.3964561035096,140,-40.0,43.0,-0.29,163.0,
2025-04-08 07:47:29,166.0,9.0,208.0,45.0,163.32,38.0,453.67,18.0,187.0,42.0,47.0,63.0,48.65905054560748,110,-16.0,-30.0,-0.15,163.0,
2025-04-08 07:47:30,166.0,10.0,207.45,29.0,163.0,40.0,250.1,40.0,186.72,41.44999999999999,50.0,69.0,45.40567057097581,119,-19.0,9.0,-0.16,163.0,
2025-04-08 07:47:31,165.24,29.0,205.11,18.0,164.58,76.0,219.15,33.0,185.18,39.870000000000005,105.0,51.0,41.8006014310796,156,54.0,37.0,0.35,165.5,2.0
2025-04-08 07:47:32,165.26,76.0,204.18,22.0,164.39,79.0,451.05,21.0,184.72,38.920000000000016,155.0,43.0,28.33206875609329,198,112.0,42.0,0.57,165.5,
2025-04-08 07:47:33,165.0,80.0,202.4,20.0,163.0,40.0,454.5,32.0,183.7,37.400000000000006,120.0,52.0,1.3858859982028675,172,68.0,-26.0,0.4,165.8,5.0
2025-04-08 07:47:34,165.0,54.0,200.71,14.0,163.0,28.0,295.44,18.0,182.86,35.71000000000001,82.0,32.0,1.472779684819084,114,50.0,-58.0,0.44,165.0,2.0
2025-04-08 07:47:35,165.0,72.0,199.58,24.0,163.0,48.0,390.07,30.0,182.29,34.58000000000001,120.0,54.0,1.215730233241295,174,66.0,60.0,0.38,165.0,
2025-04-08 07:47:36,165.0,78.0,198.23,26.0,163.0,52.0,378.45,22.0,181.62,33.22999999999999,130.0,48.0,1.211329847736709,178,82.0,4.0,0.46,165.0,
2025-04-08 07:47:37,165.0,22.0,197.86,14.0,163.0,28.0,254.0,14.0,181.43,32.860000000000014,50.0,28.0,0.9301881530199706,78,22.0,-100.0,0.28,165.0,4.0
2025-04-08 07:47:38,165.0,14.0,196.71,17.0,163.0,28.0,574.95,21.0,180.85,31.710000000000008,42.0,38.0,0.7802243267288442,80,4.0,2.0,0.05,165.0,
2025-04-08 07:47:39,164.0,32.0,193.71,24.0,162.89,36.0,195.92,48.0,178.85,29.710000000000008,68.0,72.0,1.3113046938147297,140,-4.0,60.0,-0.03,165.0,2.0
2025-04-08 07:47:40,161.5,32.0,181.29,48.0,159.13,46.0,183.45,22.0,171.4,19.789999999999992,78.0,70.0,4.296213449076218,148,8.0,8.0,0.05,162.8,5.0
2025-04-08 07:47:41,160.0,24.0,178.21,34.0,158.57,42.0,179.03,30.0,169.1,18.210000000000008,66.0,64.0,5.68701415507528,130,2.0,-18.0,0.02,160.0,4.0
2025-04-08 07:47:42,159.0,22.0,171.64,25.0,158.0,33.0,172.76,25.0,165.32,12.639999999999986,55.0,50.0,6.567787298628868,105,5.0,-25.0,0.05,160.0,
2025-04-08 07:47:43,137.2,40.0,168.29,31.0,143.45,44.0,170.8,30.0,152.75,31.090000000000003,84.0,61.0,9.60346447903243,145,23.0,40.0,0.16,159.0,4.0
2025-04-08 07:47:44,127.79,84.0,151.76,29.0,115.0,72.0,157.38,26.0,139.77,23.969999999999985,156.0,55.0,13.250817710618731,211,101.0,66.0,0.48,149.0,2.0
2025-04-08 07:47:52,132.0,60.0,272.93,30.0,86.0,99.0,312.19,26.0,202.47,140.93,159.0,56.0,36.83813472476637,215,103.0,-2.0,0.48,149.0,
2025-04-08 07:47:53,158.0,18.0,266.91,23.0,145.44,39.0,270.89,27.0,212.46,108.91000000000004,57.0,50.0,39.68651874377521,107,7.0,-108.0,0.07,149.0,
2025-04-08 07:47:54,166.0,28.0,251.03,37.0,162.0,14.0,253.9,29.0,208.51,85.03,42.0,66.0,36.657203248474985,108,-24.0,1.0,-0.22,149.0,
2025-04-08 07:47:55,165.1,20.0,242.37,19.0,162.82,17.0,248.24,21.0,203.73,77.27000000000001,37.0,40.0,4.1678507650808,77,-3.0,-31.0,-0.04,166.0,2.0
2025-04-08 07:47:56,162.55,11.0,227.0,24.0,159.39,23.0,228.0,16.0,194.77,64.44999999999999,34.0,40.0,6.685164171506078,74,-6.0,-3.0,-0.08,163.0,2.0
2025-04-08 07:47:57,161.0,12.0,223.75,24.0,158.84,38.0,224.77,26.0,192.38,62.75,50.0,50.0,8.644613930071795,100,0.0,26.0,0.0,160.0,3.0
2025-04-08 07:47:58,159.0,26.0,216.94,33.0,158.0,39.0,219.22,32.0,187.97,57.94,65.0,65.0,8.43382001230747,130,0.0,30.0,0.0,160.0,
2025-04-08 07:47:59,164.23,75.0,214.0,45.0,154.91,66.0,215.0,45.0,189.11,49.77000000000001,141.0,90.0,6.271580343103589,231,51.0,101.0,0.22,159.0,1.0
2025-04-08 07:48:00,165.88,64.0,212.36,33.0,164.36,100.0,213.39,38.0,189.12,46.48000000000002,164.0,71.0,2.8222420165548203,235,93.0,4.0,0.4,159.0,
2025-04-08 07:48:01,167.0,45.0,206.93,44.0,165.0,120.0,208.03,32.0,186.97,39.93000000000001,165.0,76.0,2.0354483535598638,241,89.0,6.0,0.37,159.0,
2025-04-08 07:48:02,165.41,73.0,204.36,33.0,162.07,150.0,206.04,47.0,184.89,38.95000000000002,223.0,80.0,1.7654801046773885,303,143.0,62.0,0.47,165.86,7.0
2025-04-08 07:48:03,165.02,44.0,202.5,32.0,161.5,103.0,203.85,40.0,183.76,37.47999999999999,147.0,72.0,2.430668632292956,219,75.0,-84.0,0.34,165.0,1.0
2025-04-08 07:48:04,166.0,12.0,193.73,33.0,165.0,36.0,200.7,30.0,179.86,27.72999999999999,48.0,63.0,3.4925850025468987,111,-15.0,-108.0,-0.14,165.0,
2025-04-08 07:48:05,166.0,12.0,197.75,28.0,165.0,36.0,198.64,33.0,181.88,31.75,48.0,61.0,2.734532866874644,109,-13.0,-2.0,-0.12,165.0,
2025-04-08 07:48:06,166.57,14.0,194.5,42.0,165.0,42.0,195.66,38.0,180.54,27.930000000000007,56.0,80.0,2.1214570464705678,136,-24.0,27.0,-0.18,165.0,
2025-04-08 07:48:07,167.0,23.0,191.15,39.0,165.0,39.0,192.54,39.0,179.08,24.15000000000001,62.0,78.0,1.843008410187372,140,-16.0,4.0,-0.11,165.0,
2025-04-08 07:48:08,167.0,13.0,187.32,31.0,165.0,36.0,188.52,29.0,177.16,20.319999999999997,49.0,60.0,1.7549586889791382,109,-11.0,-31.0,-0.1,167.0,1.0
2025-04-08 07:48:09,164.18,17.0,185.38,39.0,162.01,75.0,188.0,26.0,174.78,21.19999999999999,92.0,65.0,2.8008784336391543,157,27.0,48.0,0.17,163.36,11.0
2025-04-08 07:48:10,161.0,84.0,183.73,30.0,159.0,12.0,185.6,30.0,172.37,22.72999999999999,96.0,60.0,3.279478617101792,156,36.0,-1.0,0.23,163.36,
2025-04-08 07:48:11,161.0,98.0,181.14,28.0,159.0,14.0,185.79,42.0,171.07,20.139999999999983,112.0,70.0,3.303932505368548,182,42.0,26.0,0.23,163.36,
2025-04-08 07:48:12,165.67,87.0,180.29,35.0,163.67,27.0,185.03,35.0,172.98,14.620000000000005,114.0,70.0,2.3631694818681006,184,44.0,2.0,0.24,161.0,3.0
2025-04-08 07:48:13,167.28,88.0,177.67,18.0,166.0,24.0,178.74,35.0,172.48,10.389999999999986,112.0,53.0,1.3428067619855852,165,59.0,-19.0,0.36,168.0,5.0
2025-04-08 07:48:14,168.0,36.0,174.71,17.0,166.0,18.0,176.53,19.0,171.35,6.710000000000008,54.0,36.0,0.8066287870112633,90,18.0,-75.0,0.2,168.0,
2025-04-08 07:48:15,167.33,36.0,170.14,29.0,163.33,36.0,170.52,42.0,168.74,2.809999999999974,72.0,71.0,1.6447583409231756,143,1.0,53.0,0.01,168.0,4.0
2025-04-08 07:48:16,164.42,26.0,166.75,64.0,161.88,50.0,170.18,39.0,165.59,2.3300000000000125,76.0,103.0,3.0671273204805187,179,-27.0,36.0,-0.15,166.0,2.0
2025-04-08 07:48:17,163.0,9.0,165.22,45.0,162.0,36.0,173.0,27.0,164.11,2.219999999999999,45.0,72.0,3.5968778127760577,117,-27.0,-62.0,-0.23,166.0,
2025-04-08 07:48:18,162.18,28.0,163.5,60.0,161.39,51.0,406.83,36.0,162.84,1.3199999999999932,79.0,96.0,3.4811104550191474,175,-17.0,58.0,-0.1,162.5,2.0
2025-04-08 07:48:19,161.25,24.0,401.46,26.0,160.17,36.0,661.0,20.0,281.36,240.21,60.0,46.0,51.941334888506766,106,14.0,-69.0,0.13,162.0,3.0
2025-04-08 07:48:20,161.0,33.0,355.67,42.0,160.0,55.0,433.17,24.0,258.33,194.67,88.0,66.0,58.45316441391332,154,22.0,48.0,0.14,162.0,
2025-04-08 07:48:21,160.27,22.0,275.57,14.0,159.71,14.0,288.36,22.0,217.92,115.29999999999998,36.0,36.0,53.809487732183136,72,0.0,-82.0,0.0,160.75,4.0
2025-04-08 07:48:22,160.23,39.0,251.17,24.0,159.29,41.0,276.2,40.0,205.7,90.94,80.0,64.0,46.29674934593093,144,16.0,72.0,0.11,160.75,
2025-04-08 07:48:23,164.57,138.0,272.47,34.0,162.16,81.0,277.0,72.0,218.52,107.90000000000003,219.0,106.0,32.039099238273536,325,113.0,168.0,0.35,165.0,1.0
2025-04-08 07:48:24,165.0,63.0,272.0,16.0,163.0,40.0,277.0,32.0,218.5,107.0,103.0,48.0,20.06535272553058,151,55.0,-168.0,0.36,165.0,3.0
2025-04-08 07:48:25,167.0,35.0,272.0,14.0,165.0,42.0,277.0,28.0,219.5,105.0,77.0,42.0,5.8013550141298165,119,35.0,-32.0,0.29,165.0,
2025-04-08 07:48:26,167.0,65.0,189.41,27.0,165.0,78.0,264.17,48.0,178.2,22.41,143.0,75.0,17.652656457314894,218,68.0,99.0,0.31,165.0,
2025-04-08 07:48:27,167.0,52.0,173.0,44.0,165.0,72.0,188.57,28.0,170.0,6.0,124.0,72.0,24.67931684629848,196,52.0,-22.0,0.27,167.0,4.0
2025-04-08 07:48:28,167.0,12.0,171.42,24.0,165.0,72.0,173.0,48.0,169.21,4.419999999999988,84.0,72.0,25.72989739583129,156,12.0,-40.0,0.08,167.0,
2025-04-08 07:48:29,167.0,12.0,170.71,28.0,165.5,36.0,172.82,44.0,168.86,3.710000000000008,48.0,72.0,21.779320007750943,120,-24.0,-36.0,-0.2,167.0,
2025-04-08 07:48:30,166.5,8.0,170.0,32.0,165.25,32.0,171.0,16.0,168.25,3.5,40.0,48.0,4.127351450995616,88,-8.0,-32.0,-0.09,166.5,2.0
2025-04-08 07:48:31,165.15,47.0,167.49,43.0,163.0,71.0,224.49,49.0,166.32,2.3400000000000034,118.0,92.0,1.38696431101857,210,26.0,122.0,0.12,165.2,5.0
2025-04-08 07:48:32,164.38,13.0,232.68,41.0,161.0,24.0,368.0,33.0,198.53,68.30000000000001,37.0,74.0,13.627689826233604,111,-37.0,-99.0,-0.33,165.0,2.0
2025-04-08 07:48:33,163.0,13.0,337.92,37.0,160.0,52.0,432.48,33.0,250.46,174.92000000000002,65.0,70.0,36.08221764248988,135,-5.0,24.0,-0.04,165.0,
2025-04-08 07:48:34,163.0,8.0,244.92,26.0,160.0,32.0,248.53,32.0,203.96,81.91999999999999,40.0,58.0,34.18811533267076,98,-18.0,-37.0,-0.18,165.0,
2025-04-08 07:48:35,159.04,184.0,188.38,39.0,158.28,57.0,224.36,33.0,173.71,29.340000000000003,241.0,72.0,33.08966802492881,313,169.0,168.0,0.54,160.6,5.0
2025-04-08 07:48:36,159.71,252.0,220.89,53.0,158.91,147.0,228.68,50.0,190.3,61.17999999999998,399.0,103.0,28.68701744692168,502,296.0,168.0,0.59,160.6,
2025-04-08 07:48:37,166.29,35.0,218.92,39.0,165.0,20.0,219.87,31.0,192.6,52.63,55.0,70.0,29.0584545356423,125,-15.0,-168.0,-0.12,166.0,9.0
2025-04-08 07:48:38,159.64,33.0,218.0,24.0,158.96,189.0,219.0,32.0,188.82,58.360000000000014,222.0,56.0,10.821433361621256,278,166.0,153.0,0.6,166.0,
2025-04-08 07:48:39,162.0,11.0,209.58,38.0,159.0,286.0,214.17,36.0,185.79,47.58000000000001,297.0,74.0,7.429551130452966,371,223.0,93.0,0.6,166.0,
2025-04-08 07:48:40,162.47,19.0,190.0,52.0,159.03,263.0,213.74,38.0,176.24,27.53,282.0,90.0,6.373609652309607,372,192.0,1.0,0.52,162.0,5.0
2025-04-08 07:48:41,159.24,99.0,187.1,50.0,158.93,321.0,192.24,38.0,173.17,27.859999999999985,420.0,88.0,8.300875255057107,508,332.0,136.0,0.65,162.0,
2025-04-08 07:48:42,160.33,30.0,180.98,50.0,159.0,447.0,182.64,47.0,170.66,20.649999999999977,477.0,97.0,7.96363798775573,574,380.0,66.0,0.66,162.0,
2025-04-08 07:48:43,161.0,24.0,174.11,46.0,159.18,190.0,175.13,47.0,167.55,13.110000000000014,214.0,93.0,6.98468109508463,307,121.0,-168.0,0.39,162.0,
2025-04-08 07:48:44,161.0,24.0,166.96,46.0,159.64,86.0,169.08,24.0,163.98,5.960000000000008,110.0,70.0,4.773704012613206,180,40.0,-127.0,0.22,162.0,
2025-04-08 07:48:45,161.0,24.0,164.0,43.0,159.0,372.0,165.12,24.0,162.5,3.0,396.0,67.0,4.45818012198292,463,329.0,168.0,0.71,162.0,
2025-04-08 07:48:46,159.2,222.0,162.1,69.0,158.91,275.0,163.6,20.0,160.65,2.9000000000000057,497.0,89.0,4.022681941198883,586,408.0,123.0,0.7,160.33,6.0
2025-04-08 07:48:47,159.0,491.0,192.35,49.0,158.0,119.0,292.55,40.0,175.67,33.349999999999994,610.0,89.0,5.933797266510368,699,521.0,113.0,0.75,159.0,6.0
2025-04-08 07:48:48,159.0,126.0,344.67,30.0,158.0,42.0,530.0,18.0,251.83,185.67,168.0,48.0,38.96409667886604,216,120.0,-168.0,0.56,159.0,4.0
2025-04-08 07:48:49,159.42,113.0,276.2,40.0,158.78,161.0,310.31,42.0,217.81,116.78,274.0,82.0,39.84724607799141,356,192.0,140.0,0.54,165.0,2.0
2025-04-08 07:48:50,165.0,14.0,243.14,22.0,159.0,294.0,294.24,55.0,204.07,78.13999999999999,308.0,77.0,35.84815588004476,385,231.0,29.0,0.6,165.0,
2025-04-08 07:48:51,165.0,10.0,243.5,10.0,159.06,130.0,434.4,30.0,204.25,78.5,140.0,40.0,27.635511212929885,180,100.0,-168.0,0.56,165.0,
2025-04-08 07:48:52,165.0,12.0,237.86,22.0,162.92,75.0,334.88,26.0,201.43,72.86000000000001,87.0,48.0,21.093025387553222,135,39.0,-45.0,0.29,165.0,
2025-04-08 07:48:53,163.18,44.0,235.6,10.0,162.68,38.0,462.65,31.0,199.39,72.41999999999999,82.0,41.0,7.228070281892744,123,41.0,-12.0,0.33,163.67,3.0
2025-04-08 07:48:54,163.0,88.0,232.85,47.0,161.0,11.0,233.47,19.0,197.93,69.85,99.0,66.0,2.7987640129148263,165,33.0,42.0,0.2,163.67,
2025-04-08 07:48:55,161.91,77.0,226.22,50.0,159.83,18.0,230.57,28.0,194.06,64.31,95.0,78.0,3.818353048107281,173,17.0,8.0,0.1,162.78,9.0
2025-04-08 07:48:56,159.53,159.0,229.71,24.0,158.3,70.0,285.11,36.0,194.62,70.18,229.0,60.0,3.1356386909197727,289,169.0,116.0,0.58,162.78,
2025-04-08 07:48:57,166.0,155.0,190.46,68.0,160.6,90.0,234.68,66.0,178.23,24.460000000000008,245.0,134.0,8.469346491908347,379,111.0,90.0,0.29,166.0,1.0
2025-04-08 07:48:58,165.8,81.0,169.56,54.0,161.09,69.0,170.55,53.0,167.68,3.759999999999991,150.0,107.0,13.00305848637195,257,43.0,-122.0,0.17,166.0,11.0
2025-04-08 07:48:59,162.0,48.0,165.39,44.0,159.0,252.0,167.0,38.0,163.69,3.3899999999999864,300.0,82.0,14.420191746298642,382,218.0,125.0,0.57,166.0,
2025-04-08 07:49:00,159.0,257.0,162.82,34.0,158.0,84.0,164.53,38.0,160.91,3.819999999999993,341.0,72.0,13.74700440096056,413,269.0,31.0,0.65,162.0,4.0
2025-04-08 07:49:01,159.0,182.0,160.0,10.0,158.0,70.0,324.5,20.0,159.5,1.0,252.0,30.0,7.51481004417538,282,222.0,-131.0,0.79,159.0,8.0
2025-04-08 07:49:02,159.0,172.0,286.79,43.0,156.09,88.0,357.15,52.0,222.9,127.79000000000002,260.0,95.0,26.99382392326116,355,165.0,73.0,0.46,159.0,1.0
2025-04-08 07:49:03,142.95,42.0,197.78,27.0,115.59,29.0,399.25,32.0,170.37,54.83000000000001,71.0,59.0,26.839419330529967,130,12.0,-168.0,0.09,148.0,2.0
2025-04-08 07:49:04,126.92,12.0,229.64,11.0,126.5,14.0,222.32,31.0,178.28,102.71999999999998,26.0,42.0,26.018527437194088,68,-16.0,-62.0,-0.24,154.0,4.0
2025-04-08 07:49:05,140.38,13.0,154.0,9.0,138.77,13.0,430.07,30.0,147.19,13.620000000000005,26.0,39.0,28.88837084364616,65,-13.0,-3.0,-0.2,154.0,
2025-04-08 07:49:06,149.05,42.0,154.0,15.0,143.42,19.0,479.4,30.0,151.52,4.949999999999989,61.0,45.0,30.194446012471023,106,16.0,41.0,0.15,154.0,
2025-04-08 07:49:07,146.0,11.0,154.0,11.0,145.0,11.0,257.64,22.0,150.0,8.0,22.0,33.0,13.93115106515065,55,-11.0,-51.0,-0.2,154.0,
2025-04-08 07:49:08,146.0,9.0,153.12,17.0,145.0,9.0,155.43,14.0,149.56,7.1200000000000045,18.0,31.0,12.934237511351569,49,-13.0,-6.0,-0.27,154.0,
2025-04-08 07:49:11,149.92,12.0,153.0,36.0,148.67,12.0,154.0,12.0,151.46,3.0800000000000125,24.0,48.0,0.941339471211993,72,-24.0,13.0,-0.33,154.0,
2025-04-08 07:49:12,151.43,7.0,153.0,21.0,149.0,7.0,154.0,7.0,152.21,1.5699999999999932,14.0,28.0,1.4095034586906985,42,-14.0,-30.0,-0.33,154.0,
2025-04-08 07:49:13,150.67,9.0,153.0,18.0,142.23,13.0,154.0,9.0,151.83,2.3300000000000125,22.0,27.0,1.464011611996432,49,-5.0,7.0,-0.1,152.5,2.0
2025-04-08 07:49:14,150.0,4.0,153.0,8.0,138.0,8.0,154.0,4.0,151.5,3.0,12.0,12.0,1.119272084910412,24,0.0,-25.0,0.0,152.5,
2025-04-08 07:49:15,151.14,7.0,153.0,14.0,128.29,14.0,154.0,7.0,152.07,1.8600000000000136,21.0,21.0,0.3341107601663372,42,0.0,18.0,0.0,152.5,
2025-04-08 07:49:16,152.31,13.0,154.71,21.0,121.0,26.0,155.89,19.0,153.51,2.4000000000000057,39.0,40.0,0.7676457516708757,79,-1.0,37.0,-0.01,153.33,3.0
2025-04-08 07:49:17,129.3,10.0,156.0,12.0,102.5,24.0,157.0,12.0,142.65,26.69999999999999,34.0,24.0,4.351427352037603,58,10.0,-21.0,0.17,155.0,1.0
2025-04-08 07:49:18,149.0,18.0,155.33,18.0,77.9,42.0,156.33,18.0,152.17,6.3300000000000125,60.0,36.0,4.383617227822346,96,24.0,38.0,0.25,155.0,
2025-04-08 07:49:19,149.0,16.0,176.5,16.0,31.0,32.0,365.12,16.0,162.75,27.5,48.0,32.0,7.129417928558954,80,16.0,-16.0,0.2,156.0,6.0
2025-04-08 07:49:24,154.87,23.0,315.89,38.0,128.12,24.0,462.08,26.0,235.38,161.01999999999998,47.0,64.0,51.78238194598655,111,-17.0,-4.0,-0.15,161.67,3.0
2025-04-08 07:49:25,164.1,31.0,267.77,13.0,160.25,16.0,368.81,31.0,215.93,103.67,47.0,44.0,50.659267957600925,91,3.0,-20.0,0.03,161.67,
2025-04-08 07:49:26,165.0,50.0,267.0,10.0,162.86,116.0,286.0,32.0,216.0,102.0,166.0,42.0,41.78529011506308,208,124.0,117.0,0.6,161.67,
2025-04-08 07:49:27,165.0,36.0,265.4,10.0,163.0,180.0,520.82,34.0,215.2,100.39999999999998,216.0,44.0,8.671981895735483,260,172.0,52.0,0.66,165.0,2.0
2025-04-08 07:49:28,165.0,27.0,224.49,35.0,163.0,162.0,278.59,22.0,194.74,59.49000000000001,189.0,57.0,14.376233860089023,246,132.0,-14.0,0.54,165.0,
2025-04-08 07:49:29,165.0,27.0,189.57,21.0,163.0,162.0,372.5,24.0,177.29,24.569999999999997,189.0,45.0,17.398243302126417,234,144.0,-12.0,0.62,166.0,4.0
2025-04-08 07:49:30,163.69,52.0,264.25,8.0,162.97,117.0,436.75,32.0,213.97,100.56,169.0,40.0,17.07662583767611,209,129.0,-25.0,0.62,164.2,5.0
2025-04-08 07:49:31,163.0,153.0,263.22,9.0,162.0,18.0,517.78,36.0,213.11,100.22000000000004,171.0,45.0,16.58711457728523,216,126.0,7.0,0.58,164.2,
2025-04-08 07:49:32,163.0,136.0,209.35,17.0,162.0,16.0,446.88,24.0,186.18,46.35,152.0,41.0,16.264687823625632,193,111.0,-23.0,0.58,164.2,
2025-04-08 07:49:33,163.01,86.0,189.0,24.0,162.63,27.0,263.0,6.0,176.01,25.99000000000001,113.0,30.0,18.87884318489883,143,83.0,-50.0,0.58,164.2,
2025-04-08 07:49:34,164.0,7.0,217.46,13.0,163.0,119.0,297.55,22.0,190.73,53.46000000000001,126.0,35.0,16.878080459578257,161,91.0,18.0,0.57,164.2,
2025-04-08 07:49:35,164.25,8.0,181.0,40.0,163.0,136.0,263.0,8.0,172.62,16.75,144.0,48.0,15.978246149061796,192,96.0,31.0,0.5,164.2,
2025-04-08 07:49:36,163.18,84.0,250.18,34.0,162.89,114.0,263.44,27.0,206.68,87.0,198.0,61.0,13.489871385599262,259,137.0,67.0,0.53,163.6,5.0
2025-04-08 07:49:37,163.0,140.0,258.57,30.0,162.0,22.0,260.41,41.0,210.78,95.57,162.0,71.0,17.313619783280533,233,91.0,-26.0,0.39,163.0,3.0
2025-04-08 07:49:38,163.0,84.0,200.62,34.0,162.0,18.0,224.76,33.0,181.81,37.620000000000005,102.0,67.0,16.185265830377993,169,35.0,-64.0,0.21,163.0,1.0
2025-04-08 07:49:39,163.0,114.0,185.69,42.0,162.0,28.0,187.0,41.0,174.35,22.69,142.0,83.0,18.17461333839061,225,59.0,56.0,0.26,163.0,3.0
2025-04-08 07:49:40,163.0,53.0,182.1,40.0,162.0,20.0,184.0,30.0,172.55,19.099999999999994,73.0,70.0,18.19064402378337,143,3.0,-82.0,0.02,163.0,1.0
2025-04-08 07:49:41,162.43,35.0,179.77,44.0,161.13,46.0,182.49,41.0,171.1,17.340000000000003,81.0,85.0,16.544560133168094,166,-4.0,23.0,-0.02,163.0,5.0
2025-04-08 07:49:42,162.0,32.0,174.1,31.0,161.0,64.0,174.86,37.0,168.05,12.099999999999994,96.0,68.0,5.15067180084564,164,28.0,-2.0,0.17,163.0,
2025-04-08 07:49:43,164.92,36.0,169.47,15.0,161.08,39.0,170.7,30.0,167.19,4.550000000000011,75.0,45.0,3.009737530089691,120,30.0,-44.0,0.25,165.75,4.0
2025-04-08 07:49:44,167.0,20.0,168.0,4.0,162.0,4.0,169.0,4.0,167.5,1.0,24.0,8.0,2.4007644615897354,32,16.0,-88.0,0.5,165.75,
2025-04-08 07:49:45,166.71,42.0,168.0,13.0,163.88,17.0,327.21,19.0,167.36,1.289999999999992,59.0,32.0,1.6309659714517644,91,27.0,59.0,0.3,167.0,5.0
2025-04-08 07:49:46,166.0,24.0,168.0,12.0,162.0,12.0,386.81,37.0,167.0,2.0,36.0,49.0,0.3988107320956674,85,-13.0,-6.0,-0.15,167.0,
2025-04-08 07:49:47,166.0,14.0,317.24,17.0,162.0,7.0,451.25,16.0,241.62,151.24,21.0,33.0,33.25421146261049,54,-12.0,-31.0,-0.22,167.0,
2025-04-08 07:49:48,161.28,29.0,241.54,39.0,160.18,33.0,309.41,32.0,201.41,80.25999999999999,62.0,71.0,32.92950682898252,133,-9.0,79.0,-0.07,163.75,4.0
2025-04-08 07:49:49,162.0,8.0,288.0,24.0,160.25,24.0,290.0,24.0,225.0,126.0,32.0,48.0,33.58734761781572,80,-16.0,-53.0,-0.2,162.33,3.0
2025-04-08 07:49:50,163.69,26.0,288.0,30.0,162.76,34.0,301.29,28.0,225.85,124.31,60.0,58.0,29.048064135153243,118,2.0,38.0,0.02,162.33,
2025-04-08 07:49:51,166.0,14.0,262.79,43.0,163.0,70.0,314.0,37.0,214.4,96.79000000000002,84.0,80.0,14.915456077504428,164,4.0,46.0,0.02,162.33,
2025-04-08 07:49:52,164.4,15.0,255.22,27.0,162.95,37.0,337.0,26.0,209.81,90.82,52.0,53.0,10.359470546315189,105,-1.0,-59.0,-0.01,164.5,2.0
2025-04-08 07:49:53,163.0,44.0,254.45,33.0,162.0,11.0,327.72,25.0,208.73,91.45,55.0,58.0,8.198760272136878,113,-3.0,8.0,-0.03,164.5,
2025-04-08 07:49:54,163.33,36.0,251.47,19.0,162.57,14.0,252.75,24.0,207.4,88.13999999999999,50.0,43.0,7.526092611705925,93,7.0,-20.0,0.08,164.5,
2025-04-08 07:49:55,165.0,66.0,250.09,22.0,163.0,44.0,252.0,33.0,207.55,85.09,110.0,55.0,2.8671013236331904,165,55.0,72.0,0.33,164.5,
2025-04-08 07:49:56,165.55,22.0,247.7,20.0,163.0,36.0,251.36,25.0,206.62,82.14999999999998,58.0,45.0,1.2523457988834974,103,13.0,-62.0,0.13,165.0,4.0
2025-04-08 07:49:57,167.67,18.0,244.96,26.0,163.0,40.0,246.5,24.0,206.31,77.29000000000002,58.0,50.0,0.9430641547540688,108,8.0,5.0,0.07,168.0,1.0
2025-04-08 07:49:58,165.5,12.0,242.67,27.0,162.8,30.0,244.64,33.0,204.08,77.16999999999999,42.0,60.0,1.39293574869163,102,-18.0,-6.0,-0.18,164.25,4.0
2025-04-08 07:49:59,161.84,19.0,205.55,33.0,160.03,35.0,232.65,31.0,183.69,43.71000000000001,54.0,64.0,10.120437243518134,118,-10.0,16.0,-0.08,161.29,7.0
2025-04-08 07:50:00,161.09,22.0,181.82,34.0,159.25,65.0,182.78,41.0,171.46,20.72999999999999,87.0,75.0,16.01422398994087,162,12.0,44.0,0.07,161.29,
2025-04-08 07:50:01,164.74,23.0,180.89,27.0,161.88,16.0,181.95,38.0,172.81,16.149999999999977,39.0,65.0,16.704503883683763,104,-26.0,-58.0,-0.25,161.29,
2025-04-08 07:50:02,164.45,11.0,179.0,21.0,161.2,10.0,181.0,14.0,171.73,14.550000000000011,21.0,35.0,13.996789989137318,56,-14.0,-48.0,-0.25,161.29,
2025-04-08 07:50:03,166.0,32.0,173.97,35.0,160.82,22.0,175.58,38.0,169.99,7.969999999999999,54.0,73.0,5.544734439089314,127,-19.0,71.0,-0.15,161.29,
2025-04-08 07:50:04,167.0,14.0,169.5,20.0,162.29,7.0,170.6,15.0,168.25,2.5,21.0,35.0,1.766895582661052,56,-14.0,-71.0,-0.25,167.0,2.0
2025-04-08 07:50:05,163.82,11.0,167.67,18.0,160.25,16.0,172.89,27.0,165.74,3.8499999999999934,27.0,45.0,2.813410741436202,72,-18.0,16.0,-0.25,167.0,2.0
2025-04-08 07:50:06,161.29,17.0,163.97,34.0,159.65,34.0,190.5,20.0,162.63,2.680000000000007,51.0,54.0,3.5822088158050223,105,-3.0,33.0,-0.03,162.0,1.0
2025-04-08 07:50:07,160.0,16.0,161.75,16.0,159.0,44.0,199.5,16.0,160.88,1.75,60.0,32.0,3.7868680991069783,92,28.0,-13.0,0.3,162.0,
2025-04-08 07:50:08,159.18,44.0,161.0,20.0,158.71,56.0,237.0,12.0,160.09,1.8199999999999927,100.0,32.0,3.4215449726748672,132,68.0,40.0,0.52,159.8,5.0
2025-04-08 07:50:09,159.0,64.0,438.63,19.0,149.54,26.0,696.0,6.0,298.82,279.63,90.0,25.0,61.07651406228095,115,65.0,-17.0,0.57,159.8,
2025-04-08 07:50:10,159.0,77.0,383.72,32.0,158.0,26.0,374.0,16.0,271.36,224.72000000000003,103.0,48.0,68.55451064663781,151,55.0,36.0,0.36,159.0,3.0
2025-04-08 07:50:11,159.0,44.0,314.6,30.0,158.0,18.0,315.73,33.0,236.8,155.60000000000002,62.0,63.0,63.36565315689531,125,-1.0,-26.0,-0.01,159.0,1.0
2025-04-08 07:50:12,159.0,44.0,311.18,44.0,158.0,22.0,315.0,33.0,235.09,152.18,66.0,77.0,52.111095459603774,143,-11.0,18.0,-0.08,159.0,
2025-04-08 07:50:13,164.42,45.0,304.19,52.0,162.71,109.0,311.89,45.0,234.31,139.77,154.0,97.0,28.910142337939444,251,57.0,108.0,0.23,159.0,
2025-04-08 07:50:14,167.33,18.0,306.48,33.0,163.18,44.0,307.44,32.0,236.91,139.15,62.0,65.0,15.951847228453952,127,-3.0,-124.0,-0.02,159.0,
2025-04-08 07:50:15,168.0,20.0,303.83,36.0,165.0,10.0,304.76,34.0,235.92,135.82999999999998,30.0,70.0,1.114733151898886,100,-40.0,-27.0,-0.4,159.0,
2025-04-08 07:50:16,168.0,22.0,220.17,46.0,165.0,11.0,289.32,44.0,194.09,52.16999999999999,33.0,90.0,18.56999138394933,123,-57.0,23.0,-0.46,159.0,
2025-04-08 07:50:17,167.68,19.0,202.43,56.0,163.86,28.0,233.27,60.0,185.06,34.75,47.0,116.0,25.48876948775605,163,-69.0,40.0,-0.42,168.0,2.0
2025-04-08 07:50:18,165.0,109.0,200.62,52.0,163.0,104.0,203.0,52.0,182.81,35.620000000000005,213.0,104.0,27.222019947093848,317,109.0,154.0,0.34,168.0,
2025-04-08 07:50:19,165.0,189.0,197.27,51.0,163.0,104.0,198.36,44.0,181.14,32.27000000000001,293.0,95.0,22.975757441268136,388,198.0,71.0,0.51,168.0,
2025-04-08 07:50:20,163.55,29.0,194.1,40.0,162.96,67.0,195.36,44.0,178.83,30.549999999999983,96.0,84.0,5.884541613414042,180,12.0,-168.0,0.07,164.0,2.0
2025-04-08 07:50:21,163.0,30.0,190.29,35.0,162.0,9.0,191.86,29.0,176.64,27.289999999999992,39.0,64.0,3.295592511219404,103,-25.0,-77.0,-0.24,163.0,5.0
2025-04-08 07:50:22,163.0,24.0,187.25,48.0,162.0,12.0,188.25,48.0,175.12,24.25,36.0,96.0,3.1506459655136765,132,-60.0,29.0,-0.45,163.0,
2025-04-08 07:50:23,163.33,36.0,184.93,54.0,162.03,62.0,185.97,66.0,174.13,21.599999999999994,98.0,120.0,2.839079076040239,218,-22.0,86.0,-0.1,163.0,
2025-04-08 07:50:24,162.52,27.0,168.82,39.0,161.71,41.0,170.41,46.0,165.67,6.299999999999983,68.0,85.0,5.023153392044958,153,-17.0,-65.0,-0.11,163.5,4.0
2025-04-08 07:50:25,160.91,22.0,164.89,54.0,159.29,84.0,166.08,50.0,162.9,3.9799999999999898,106.0,104.0,6.175384198575492,210,2.0,57.0,0.01,162.45,11.0
2025-04-08 07:50:26,159.07,58.0,165.0,52.0,158.57,42.0,166.0,26.0,162.03,5.930000000000007,100.0,78.0,6.231905808018828,178,22.0,-32.0,0.12,160.0,1.0
2025-04-08 07:50:27,159.0,60.0,162.57,28.0,158.0,20.0,163.28,25.0,160.79,3.569999999999993,80.0,53.0,5.355061157449241,133,27.0,-45.0,0.2,160.0,
2025-04-08 07:50:28,159.0,66.0,187.02,44.0,158.0,22.0,193.15,34.0,173.01,28.02000000000001,88.0,78.0,4.886000409334999,166,10.0,33.0,0.06,162.0,9.0
2025-04-08 07:50:29,159.0,36.0,192.25,16.0,158.0,12.0,193.77,26.0,175.62,33.25,48.0,42.0,6.899547086586179,90,6.0,-76.0,0.07,162.0,
2025-04-08 07:50:30,160.68,75.0,189.38,26.0,158.94,70.0,193.0,52.0,175.03,28.69999999999999,145.0,78.0,7.276886696934167,223,67.0,133.0,0.3,161.0,2.0
2025-04-08 07:50:31,160.2,45.0,186.42,48.0,158.85,54.0,189.33,30.0,173.31,26.22,99.0,78.0,6.117231399907579,177,21.0,-46.0,0.12,161.0,
2025-04-08 07:50:32,160.61,28.0,184.05,38.0,155.88,49.0,185.64,28.0,172.33,23.44,77.0,66.0,1.3993212640465833,143,11.0,-34.0,0.08,160.2,10.0
2025-04-08 07:50:33,160.0,50.0,181.23,26.0,158.6,20.0,183.06,34.0,170.62,21.22999999999999,70.0,60.0,2.02885928541468,130,10.0,-13.0,0.08,160.2,
2025-04-08 07:50:34,160.0,35.0,177.71,28.0,159.0,14.0,180.0,14.0,168.86,17.710000000000008,49.0,42.0,2.3856550463163373,91,7.0,-39.0,0.08,160.2,
2025-04-08 07:50:35,160.0,45.0,174.46,26.0,159.0,18.0,176.43,28.0,167.23,14.460000000000008,63.0,54.0,2.481803779515225,117,9.0,26.0,0.08,160.2,
2025-04-08 07:50:36,160.92,65.0,173.63,38.0,159.97,62.0,174.3,40.0,167.28,12.710000000000008,127.0,78.0,2.206565204116373,205,49.0,88.0,0.24,160.2,
2025-04-08 07:50:37,160.17,30.0,172.33,18.0,159.33,15.0,173.67,18.0,166.25,12.160000000000023,45.0,36.0,1.7151005801462953,81,9.0,-124.0,0.11,161.0,5.0
2025-04-08 07:50:38,160.0,30.0,171.8,20.0,159.0,12.0,172.5,16.0,165.9,11.800000000000011,42.0,36.0,1.1520980861102756,78,6.0,-3.0,0.08,161.0,
2025-04-08 07:50:39,160.0,30.0,170.0,20.0,159.0,12.0,171.0,16.0,165.0,10.0,42.0,36.0,0.9582118763716287,78,6.0,0.0,0.08,161.0,
2025-04-08 07:50:40,160.0,40.0,167.88,16.0,159.0,16.0,170.0,32.0,163.94,7.8799999999999955,56.0,48.0,1.267193749992581,104,8.0,26.0,0.08,161.0,
2025-04-08 07:50:41,160.34,53.0,167.88,34.0,159.68,44.0,184.25,48.0,164.11,7.539999999999992,97.0,82.0,1.0344322114188242,179,15.0,75.0,0.08,166.0,2.0
2025-04-08 07:50:42,161.0,20.0,168.7,40.0,160.0,50.0,227.0,30.0,164.85,7.699999999999989,70.0,70.0,0.7842512352690915,140,0.0,-39.0,0.0,161.0,2.0
2025-04-08 07:50:43,163.4,15.0,259.32,47.0,160.12,51.0,366.85,41.0,211.36,95.92,66.0,88.0,20.97259092244001,154,-22.0,14.0,-0.14,167.0,1.0
2025-04-08 07:50:44,161.92,75.0,254.19,37.0,159.98,52.0,287.94,48.0,208.05,92.27,127.0,85.0,24.899212236534822,212,42.0,58.0,0.2,161.0,5.0
2025-04-08 07:50:45,162.0,38.0,241.63,38.0,159.14,42.0,286.2,25.0,201.82,79.63,80.0,63.0,23.58268368952097,143,17.0,-69.0,0.12,162.0,3.0
2025-04-08 07:50:46,158.49,73.0,239.5,48.0,153.55,86.0,240.78,36.0,199.0,81.00999999999999,159.0,84.0,18.63575675951992,243,75.0,100.0,0.31,159.0,4.0
2025-04-08 07:50:47,158.0,198.0,234.72,58.0,104.77,117.0,235.64,50.0,196.36,76.72,315.0,108.0,6.25236915096882,423,207.0,168.0,0.49,159.0,
2025-04-08 07:50:48,158.74,94.0,230.63,54.0,143.64,138.0,232.45,44.0,194.69,71.88999999999999,232.0,98.0,5.25735960345016,330,134.0,-93.0,0.41,159.33,3.0
2025-04-08 07:50:49,166.0,168.0,230.31,26.0,162.0,60.0,231.91,46.0,198.15,64.31,228.0,72.0,2.704649700052018,300,156.0,-30.0,0.52,159.33,
2025-04-08 07:50:50,166.09,108.0,227.47,47.0,164.67,105.0,229.85,26.0,196.78,61.38,213.0,73.0,1.6670722839734555,286,140.0,-14.0,0.49,159.33,
2025-04-08 07:50:51,167.0,14.0,223.46,26.0,166.0,98.0,229.56,18.0,195.23,56.46000000000001,112.0,44.0,1.358002209126795,156,68.0,-130.0,0.44,159.33,
2025-04-08 07:50:52,167.0,18.0,216.5,32.0,166.0,126.0,225.06,34.0,191.75,49.5,144.0,66.0,2.4130064235294144,210,78.0,54.0,0.37,159.33,
2025-04-08 07:50:53,167.65,31.0,212.26,38.0,166.11,94.0,213.86,28.0,189.95,44.60999999999999,125.0,66.0,3.4364545683007703,191,59.0,-19.0,0.31,167.8,5.0
2025-04-08 07:50:54,167.0,13.0,208.77,47.0,166.0,182.0,209.85,40.0,187.88,41.77000000000001,195.0,87.0,3.674747610380522,282,108.0,91.0,0.38,167.8,
2025-04-08 07:50:55,167.0,12.0,202.83,46.0,166.0,168.0,203.78,45.0,184.91,35.83000000000001,180.0,91.0,3.898869066793565,271,89.0,-11.0,0.33,167.8,
2025-04-08 07:50:56,167.0,11.0,197.55,44.0,166.0,154.0,199.15,40.0,182.27,30.55000000000001,165.0,84.0,3.813164040531466,249,81.0,-22.0,0.33,167.8,
2025-04-08 07:50:57,167.0,15.0,193.75,36.0,166.0,210.0,195.33,73.0,180.38,26.75,225.0,109.0,3.923387566887137,334,116.0,85.0,0.35,167.8,
2025-04-08 07:50:58,167.0,15.0,189.18,56.0,166.0,210.0,191.06,68.0,178.09,22.180000000000007,225.0,124.0,3.8254320017492063,349,101.0,15.0,0.29,167.8,
2025-04-08 07:50:59,167.0,10.0,187.0,40.0,166.0,140.0,188.0,50.0,177.0,20.0,150.0,90.0,3.187828414455368,240,60.0,-109.0,0.25,167.8,
2025-04-08 07:51:00,167.0,8.0,185.94,34.0,166.0,112.0,187.05,38.0,176.47,18.94,120.0,72.0,2.434208290186067,192,48.0,-48.0,0.25,167.8,
2025-04-08 07:51:01,166.02,126.0,180.68,68.0,165.24,174.0,182.12,64.0,173.35,14.659999999999997,300.0,132.0,2.5592518438036054,432,168.0,168.0,0.39,166.14,7.0
2025-04-08 07:51:02,166.0,40.0,175.91,23.0,165.0,55.0,176.53,15.0,170.96,9.909999999999997,95.0,38.0,2.941161335257524,133,57.0,-168.0,0.43,166.14,
2025-04-08 07:51:03,166.0,58.0,171.24,38.0,165.0,121.0,172.74,38.0,168.62,5.240000000000009,179.0,76.0,3.574821673876266,255,103.0,122.0,0.4,166.0,6.0
2025-04-08 07:51:04,165.12,84.0,166.92,48.0,163.51,109.0,167.95,58.0,166.02,1.799999999999983,193.0,106.0,4.058155985175723,299,87.0,44.0,0.29,165.22,9.0
2025-04-08 07:51:05,164.0,27.0,167.11,36.0,161.88,48.0,187.0,16.0,165.56,3.1100000000000136,75.0,52.0,3.3005484392778714,127,23.0,-168.0,0.18,163.71,7.0
2025-04-08 07:51:06,163.08,24.0,241.56,25.0,160.6,15.0,331.62,16.0,202.32,78.47999999999999,39.0,41.0,15.594071950584752,80,-2.0,-47.0,-0.03,163.71,7.0
2025-04-08 07:51:07,166.0,42.0,318.0,24.0,161.0,12.0,392.83,18.0,242.0,152.0,54.0,42.0,33.46354255006486,96,12.0,16.0,0.12,163.71,
2025-04-08 07:51:08,166.0,49.0,285.7,33.0,161.0,14.0,355.42,24.0,225.85,119.7,63.0,57.0,34.560622100882256,120,6.0,24.0,0.05,163.71,
2025-04-08 07:51:09,166.0,40.0,363.75,16.0,161.0,14.0,509.17,23.0,264.88,197.75,54.0,39.0,38.107277782596505,93,15.0,-27.0,0.16,166.0,3.0
2025-04-08 07:51:10,166.0,40.0,402.92,13.0,161.0,20.0,612.41,41.0,284.46,236.92,60.0,54.0,32.185333927115806,114,6.0,21.0,0.05,166.0,
2025-04-08 07:51:12,166.0,30.0,346.44,27.0,162.0,18.0,369.73,40.0,256.22,180.44,48.0,67.0,37.05336246550274,115,-19.0,38.0,-0.17,166.0,3.0
2025-04-08 07:51:13,166.0,11.0,196.47,43.0,162.0,22.0,237.93,41.0,181.23,30.47,33.0,84.0,52.80982986149393,117,-51.0,2.0,-0.44,166.0,
2025-04-08 07:51:14,161.69,51.0,169.95,63.0,160.11,38.0,189.32,41.0,165.82,8.259999999999991,89.0,104.0,68.08636258458779,193,-15.0,76.0,-0.08,162.4,5.0
2025-04-08 07:51:15,161.0,54.0,167.96,25.0,159.0,36.0,169.71,41.0,164.48,6.960000000000008,90.0,66.0,70.79216150111523,156,24.0,-37.0,0.15,162.4,
2025-04-08 07:51:16,161.0,52.0,166.48,29.0,159.0,48.0,167.68,31.0,163.74,5.47999999999999,100.0,60.0,39.74609314133921,160,40.0,4.0,0.25,161.0,5.0
2025-04-08 07:51:17,162.4,20.0,165.34,35.0,159.35,40.0,219.18,28.0,163.87,2.9399999999999977,60.0,63.0,7.537112842463586,123,-3.0,-37.0,-0.02,164.0,2.0
2025-04-08 07:51:18,161.0,13.0,166.0,13.0,159.7,71.0,167.0,26.0,163.5,5.0,84.0,39.0,0.9326950198393712,123,45.0,0.0,0.37,164.0,
2025-04-08 07:51:19,160.18,34.0,164.65,26.0,159.12,113.0,165.52,25.0,162.42,4.469999999999999,147.0,51.0,0.7532064790174589,198,96.0,75.0,0.48,160.6,5.0
2025-04-08 07:51:20,160.0,54.0,161.46,13.0,159.0,73.0,347.43,21.0,160.73,1.460000000000008,127.0,34.0,1.3166510547729229,161,93.0,-37.0,0.58,160.0,1.0
2025-04-08 07:51:21,161.23,26.0,349.48,21.0,159.22,36.0,517.49,39.0,255.35,188.25000000000003,62.0,60.0,41.48357301390534,122,2.0,-39.0,0.02,160.0,1.0
2025-04-08 07:51:22,164.0,12.0,171.0,6.0,160.0,12.0,172.0,18.0,167.5,7.0,24.0,24.0,41.13533092124111,48,0.0,-74.0,0.0,160.0,
2025-04-08 07:51:23,160.67,24.0,170.67,12.0,159.14,29.0,346.0,36.0,165.67,10.0,53.0,48.0,40.90346232288918,101,5.0,53.0,0.05,160.0,
2025-04-08 07:51:24,166.74,54.0,169.21,14.0,159.96,27.0,249.09,22.0,167.98,2.469999999999999,81.0,36.0,40.297829097856045,117,45.0,16.0,0.38,160.0,
2025-04-08 07:51:25,166.14,56.0,169.79,14.0,162.61,46.0,257.43,42.0,167.96,3.6500000000000057,102.0,56.0,39.39862015350299,158,46.0,41.0,0.29,167.0,1.0
2025-04-08 07:51:26,167.0,16.0,168.0,8.0,165.0,64.0,228.59,34.0,167.5,1.0,80.0,42.0,0.9529533042238592,122,38.0,-36.0,0.31,167.0,
2025-04-08 07:51:27,167.0,20.0,168.0,10.0,165.0,80.0,343.29,38.0,167.5,1.0,100.0,48.0,0.9529533042238592,148,52.0,26.0,0.35,167.0,
2025-04-08 07:51:28,167.0,19.0,452.34,32.0,165.0,112.0,557.2,56.0,309.67,285.34,131.0,88.0,63.47569708163907,219,43.0,71.0,0.2,167.0,1.0
2025-04-08 07:51:29,167.0,6.0,265.33,18.0,165.0,48.0,588.57,14.0,216.17,98.32999999999998,54.0,32.0,61.77004006798112,86,22.0,-133.0,0.26,167.0,
2025-04-08 07:51:30,167.0,6.0,322.25,12.0,165.0,48.0,588.25,12.0,244.62,155.25,54.0,24.0,59.514829832571785,78,30.0,-8.0,0.38,167.0,
2025-04-08 07:51:31,165.86,21.0,393.96,52.0,164.67,81.0,568.43,28.0,279.91,228.1,102.0,80.0,55.29085123236894,182,22.0,104.0,0.12,165.4,5.0
2025-04-08 07:51:32,165.0,22.0,421.29,7.0,162.0,21.0,589.0,21.0,293.14,256.29,43.0,28.0,37.88392099558765,71,15.0,-111.0,0.21,165.0,2.0
2025-04-08 07:51:33,163.47,15.0,332.47,19.0,160.12,43.0,532.48,25.0,247.97,169.00000000000003,58.0,44.0,30.540246724608167,102,14.0,31.0,0.14,162.67,6.0
2025-04-08 07:51:34,159.0,230.0,170.29,42.0,158.0,39.0,236.43,37.0,164.64,11.289999999999992,269.0,79.0,49.993216839886905,348,190.0,168.0,0.55,159.0,2.0
2025-04-08 07:51:35,159.07,128.0,168.68,68.0,158.88,174.0,255.15,66.0,163.87,9.610000000000014,302.0,134.0,62.14026657490269,436,168.0,88.0,0.39,159.0,
2025-04-08 07:51:36,159.21,43.0,165.22,46.0,158.96,159.0,166.15,53.0,162.21,6.009999999999991,202.0,99.0,60.73989899563543,301,103.0,-135.0,0.34,160.0,1.0
2025-04-08 07:51:37,159.0,153.0,163.97,37.0,158.0,27.0,165.82,44.0,161.49,4.969999999999999,180.0,81.0,37.99712199627786,261,99.0,-40.0,0.38,160.0,
2025-04-08 07:51:38,159.22,107.0,162.59,41.0,158.71,73.0,165.37,38.0,160.9,3.3700000000000045,180.0,79.0,1.5847933619380972,259,101.0,-2.0,0.39,160.67,9.0
2025-04-08 07:51:39,161.53,83.0,196.57,14.0,158.97,94.0,224.16,25.0,179.05,35.03999999999999,177.0,39.0,7.653814735152648,216,138.0,-43.0,0.64,162.33,3.0
2025-04-08 07:51:40,162.0,90.0,312.31,39.0,158.0,144.0,369.24,29.0,237.15,150.31,234.0,68.0,32.75214191469044,302,166.0,86.0,0.55,162.33,
2025-04-08 07:51:41,164.61,46.0,313.25,16.0,161.68,88.0,364.26,34.0,238.93,148.64,134.0,50.0,39.51369990269203,184,84.0,-118.0,0.46,162.33,
2025-04-08 07:51:42,167.06,64.0,222.25,32.0,165.0,64.0,225.0,16.0,194.66,55.19,128.0,48.0,34.889254362912325,176,80.0,-8.0,0.45,162.33,
2025-04-08 07:51:43,168.0,44.0,211.45,22.0,165.0,44.0,262.95,19.0,189.73,43.44999999999999,88.0,41.0,28.089999644001253,129,47.0,-47.0,0.36,162.33,
2025-04-08 07:51:44,168.0,40.0,192.0,32.0,165.03,37.0,295.43,14.0,180.0,24.0,77.0,46.0,27.848212330417017,123,31.0,-6.0,0.25,162.33,
2025-04-08 07:51:45,168.0,40.0,174.0,26.0,166.0,10.0,179.09,44.0,171.0,6.0,50.0,70.0,26.2613828653406,120,-20.0,-3.0,-0.17,162.33,
2025-04-08 07:51:46,165.52,69.0,170.25,32.0,162.87,92.0,216.37,35.0,167.89,4.72999999999999,161.0,67.0,11.565994552999763,228,94.0,108.0,0.41,165.82,11.0
2025-04-08 07:51:47,163.0,36.0,169.0,12.0,162.0,60.0,170.0,12.0,166.0,6.0,96.0,24.0,9.867828028498796,120,72.0,-108.0,0.6,165.82,
2025-04-08 07:51:48,163.0,68.0,168.08,24.0,162.0,120.0,169.33,24.0,165.54,5.0800000000000125,188.0,48.0,5.943625156420261,236,140.0,116.0,0.59,163.0,4.0
2025-04-08 07:51:49,162.19,74.0,165.08,26.0,161.85,82.0,206.45,44.0,163.63,2.890000000000015,156.0,70.0,2.7885426301269622,226,86.0,-10.0,0.38,163.0,2.0
2025-04-08 07:51:50,162.41,64.0,165.0,24.0,161.8,60.0,225.0,60.0,163.7,2.5900000000000034,124.0,84.0,1.77419559238462,208,40.0,-18.0,0.19,163.0,4.0
2025-04-08 07:51:51,163.54,13.0,190.0,24.0,161.9,51.0,240.59,39.0,176.77,26.460000000000008,64.0,63.0,5.494303413539804,127,1.0,-81.0,0.01,164.0,1.0
2025-04-08 07:51:52,163.0,18.0,284.67,9.0,161.0,56.0,415.0,21.0,223.83,121.67000000000002,74.0,30.0,25.81536422365609,104,44.0,-23.0,0.42,164.0,
2025-04-08 07:51:53,163.0,21.0,284.0,7.0,161.0,80.0,457.59,29.0,223.5,121.0,101.0,36.0,30.93707209805107,137,65.0,33.0,0.47,164.0,
2025-04-08 07:51:54,165.53,19.0,257.79,19.0,162.26,38.0,413.31,26.0,211.66,92.26000000000002,57.0,45.0,27.89865175953847,102,12.0,-35.0,0.12,164.0,
2025-04-08 07:51:55,166.0,8.0,221.0,7.0,163.0,21.0,310.0,25.0,193.5,55.0,29.0,32.0,20.412789373331417,61,-3.0,-41.0,-0.05,166.0,1.0
2025-04-08 07:51:56,164.0,18.0,206.2,20.0,161.35,102.0,356.46,26.0,185.1,42.19999999999999,120.0,46.0,17.590714027576894,166,74.0,105.0,0.45,164.5,2.0
2025-04-08 07:51:57,163.0,20.0,220.2,10.0,161.0,140.0,504.8,40.0,191.6,57.19999999999999,160.0,50.0,15.947411075155667,210,110.0,44.0,0.52,164.5,
2025-04-08 07:51:58,161.96,25.0,219.0,7.0,160.95,86.0,480.0,28.0,190.48,57.03999999999999,111.0,35.0,10.104341641096925,146,76.0,-64.0,0.52,162.33,3.0
2025-04-08 07:51:59,161.41,87.0,359.21,24.0,160.81,129.0,534.4,65.0,260.31,197.8,216.0,89.0,31.522335256132195,305,127.0,159.0,0.42,162.33,
2025-04-08 07:52:00,165.0,10.0,277.92,24.0,161.0,78.0,336.07,29.0,221.46,112.92000000000002,88.0,53.0,31.629920961013934,141,35.0,-164.0,0.25,162.33,
2025-04-08 07:52:01,162.08,37.0,199.06,36.0,160.86,59.0,283.18,22.0,180.57,36.97999999999999,96.0,58.0,32.56499547059679,154,38.0,13.0,0.25,166.0,2.0
2025-04-08 07:52:02,161.39,23.0,266.88,16.0,160.86,58.0,297.65,17.0,214.13,105.49,81.0,33.0,31.101364117993032,114,48.0,-40.0,0.42,166.0,
2025-04-08 07:52:03,161.28,29.0,257.9,41.0,159.84,114.0,264.17,23.0,209.59,96.61999999999998,143.0,64.0,28.66056908018367,207,79.0,93.0,0.38,162.17,6.0
2025-04-08 07:52:04,161.75,12.0,257.7,20.0,160.46,37.0,259.27,22.0,209.72,95.95,49.0,42.0,15.592752483124702,91,7.0,-116.0,0.08,162.17,
2025-04-08 07:52:05,161.25,28.0,253.25,24.0,159.46,91.0,253.89,27.0,207.25,92.0,119.0,51.0,13.47027542405851,170,68.0,79.0,0.4,162.0,1.0
2025-04-08 07:52:06,161.0,33.0,249.19,16.0,159.0,110.0,251.38,21.0,205.09,88.19,143.0,37.0,3.3694331867524654,180,106.0,10.0,0.59,162.0,
2025-04-08 07:52:07,159.92,36.0,243.67,12.0,159.0,59.0,245.41,17.0,201.79,83.75,95.0,29.0,3.3344594764356947,124,66.0,-56.0,0.53,161.25,4.0
2025-04-08 07:52:08,159.0,79.0,240.48,25.0,158.0,30.0,241.29,21.0,199.74,81.47999999999999,109.0,46.0,4.028742980135879,155,63.0,31.0,0.41,159.0,3.0
2025-04-08 07:52:09,159.38,56.0,235.79,28.0,158.68,65.0,237.5,24.0,197.58,76.41,121.0,52.0,3.9172120187701087,173,69.0,18.0,0.4,159.0,
2025-04-08 07:52:10,162.0,8.0,230.37,19.0,159.0,16.0,232.21,14.0,196.18,68.37,24.0,33.0,3.521353432985615,57,-9.0,-116.0,-0.16,159.0,
2025-04-08 07:52:11,162.0,6.0,226.62,8.0,159.0,15.0,227.91,11.0,194.31,64.62,21.0,19.0,2.9353279203527,40,2.0,-17.0,0.05,159.0,
2025-04-08 07:52:12,162.0,4.0,199.87,15.0,159.0,12.0,225.62,8.0,180.93,37.870000000000005,16.0,23.0,7.435050100705911,39,-7.0,-1.0,-0.18,159.0,
2025-04-08 07:52:13,164.86,22.0,186.0,21.0,161.1,10.0,193.0,24.0,175.43,21.139999999999983,32.0,45.0,10.032070075513465,77,-13.0,38.0,-0.17,159.0,
2025-04-08 07:52:14,163.0,18.0,183.2,20.0,158.73,22.0,185.0,30.0,173.1,20.19999999999999,40.0,50.0,10.680915222958124,90,-10.0,13.0,-0.11,164.25,4.0
2025-04-08 07:52:15,159.0,14.0,180.0,29.0,158.0,42.0,181.61,28.0,169.5,21.0,56.0,57.0,9.686683126851277,113,-1.0,23.0,-0.01,164.25,
2025-04-08 07:52:16,159.0,9.0,174.19,27.0,158.0,27.0,174.76,29.0,166.59,15.189999999999998,36.0,56.0,5.524432097513024,92,-20.0,-21.0,-0.22,164.25,
2025-04-08 07:52:17,159.0,13.0,169.14,56.0,158.0,36.0,170.18,44.0,164.07,10.139999999999986,49.0,100.0,4.631270883897462,149,-51.0,57.0,-0.34,164.25,
2025-04-08 07:52:18,159.0,22.0,165.45,55.0,158.0,27.0,168.0,33.0,162.23,6.449999999999989,49.0,88.0,4.327755769453689,137,-39.0,-12.0,-0.28,164.25,
2025-04-08 07:52:19,160.0,25.0,163.14,51.0,158.16,57.0,189.55,42.0,161.57,3.1399999999999864,82.0,93.0,3.273548533326271,175,-11.0,38.0,-0.06,162.09,11.0
2025-04-08 07:52:20,160.9,21.0,175.73,11.0,159.82,11.0,431.09,55.0,168.32,14.829999999999984,32.0,66.0,2.866510073249846,98,-34.0,-77.0,-0.35,161.0,2.0
2025-04-08 07:52:21,161.0,15.0,174.78,9.0,159.0,15.0,505.41,37.0,167.89,13.78,30.0,46.0,3.142766297395099,76,-16.0,-22.0,-0.21,161.0,3.0
2025-04-08 07:52:22,161.0,8.0,171.33,12.0,159.0,16.0,173.25,8.0,166.17,10.330000000000013,24.0,20.0,3.1584299897325523,44,4.0,-32.0,0.09,161.0,
2025-04-08 07:52:23,158.05,55.0,169.2,25.0,110.79,56.0,170.53,17.0,163.63,11.149999999999975,111.0,42.0,2.874626932323846,153,69.0,109.0,0.45,159.25,4.0
2025-04-08 07:52:24,163.01,128.0,166.85,34.0,158.71,84.0,169.04,27.0,164.93,3.8400000000000034,212.0,61.0,1.9728456604713769,273,151.0,120.0,0.55,163.82,11.0
2025-04-08 07:52:25,163.0,45.0,165.0,18.0,158.0,54.0,167.0,18.0,164.0,2.0,99.0,36.0,1.7376651000816672,135,63.0,-138.0,0.47,163.82,
2025-04-08 07:52:26,163.0,30.0,313.0,22.0,158.75,48.0,402.93,29.0,238.0,150.0,78.0,51.0,32.80324724779582,129,27.0,-6.0,0.21,163.5,4.0
2025-04-08 07:52:27,161.7,69.0,408.58,52.0,159.18,102.0,439.29,66.0,285.14,246.88,171.0,118.0,55.88426299057717,289,53.0,160.0,0.18,162.5,4.0
2025-04-08 07:52:28,161.0,55.0,295.93,28.0,158.0,66.0,382.79,38.0,228.46,134.93,121.0,66.0,51.79691091175204,187,55.0,-102.0,0.29,162.5,
2025-04-08 07:52:29,161.0,25.0,185.43,14.0,158.0,30.0,351.0,16.0,173.21,24.430000000000007,55.0,30.0,49.84739732423324,85,25.0,-102.0,0.29,162.5,
2025-04-08 07:52:30,161.41,44.0,185.0,40.0,158.79,57.0,186.0,20.0,173.2,23.590000000000003,101.0,60.0,47.48037299769214,161,41.0,76.0,0.25,162.5,
2025-04-08 07:52:31,163.0,21.0,185.0,28.0,161.0,35.0,186.0,14.0,174.0,22.0,56.0,42.0,49.84826797392252,98,14.0,-63.0,0.14,162.5,
2025-04-08 07:52:32,166.0,70.0,182.52,46.0,164.83,71.0,182.91,44.0,174.26,16.52000000000001,141.0,90.0,24.508487917454595,231,51.0,133.0,0.22,166.0,5.0
2025-04-08 07:52:33,164.04,26.0,177.52,46.0,162.32,59.0,178.5,32.0,170.78,13.480000000000018,85.0,78.0,1.3747363383688265,163,7.0,-68.0,0.04,164.86,7.0
2025-04-08 07:52:34,163.0,20.0,174.23,26.0,161.0,40.0,175.55,22.0,168.62,11.22999999999999,60.0,48.0,2.414149953924325,108,12.0,-55.0,0.11,164.86,
2025-04-08 07:52:35,162.82,33.0,173.78,36.0,160.68,56.0,174.47,30.0,168.3,10.960000000000008,89.0,66.0,2.848073032777417,155,23.0,47.0,0.15,162.2,5.0
2025-04-08 07:52:36,158.78,27.0,170.02,45.0,155.84,57.0,171.12,50.0,164.4,11.240000000000007,84.0,95.0,3.614570513911186,179,-11.0,24.0,-0.06,159.8,5.0
2025-04-08 07:52:37,159.0,10.0,163.65,34.0,158.0,40.0,165.92,26.0,161.32,4.650000000000006,50.0,60.0,3.7790845452357016,110,-10.0,-69.0,-0.09,159.8,
2025-04-08 07:52:38,158.29,17.0,160.62,16.0,156.45,29.0,161.73,22.0,159.46,2.3300000000000125,46.0,38.0,4.089816621811055,84,8.0,-26.0,0.1,159.0,1.0
2025-04-08 07:52:39,156.85,52.0,159.07,28.0,152.37,38.0,160.3,40.0,157.96,2.219999999999999,90.0,68.0,4.131309719694764,158,22.0,74.0,0.14,158.44,9.0
2025-04-08 07:52:40,151.2,30.0,157.54,13.0,91.09,44.0,159.0,52.0,154.37,6.340000000000003,74.0,65.0,3.74207429109146,139,9.0,-19.0,0.06,158.44,
2025-04-08 07:52:41,150.0,22.0,155.14,14.0,94.76,17.0,156.71,45.0,152.57,5.139999999999986,39.0,59.0,3.6084941457691686,98,-20.0,-41.0,-0.2,158.44,
2025-04-08 07:52:42,150.9,78.0,152.87,23.0,136.21,28.0,155.19,43.0,151.88,1.9699999999999989,106.0,66.0,3.330986340418184,172,40.0,74.0,0.23,158.44,
2025-04-08 07:52:43,141.43,98.0,155.6,25.0,128.29,42.0,178.97,32.0,148.51,14.169999999999987,140.0,57.0,3.46630494908555,197,83.0,25.0,0.42,154.56,9.0
2025-04-08 07:52:44,132.05,76.0,158.0,50.0,124.13,30.0,356.36,22.0,145.03,25.94999999999999,106.0,72.0,3.709557925151972,178,34.0,-19.0,0.19,151.0,4.0
2025-04-08 07:52:45,131.0,64.0,157.23,26.0,130.0,16.0,194.18,22.0,144.12,26.22999999999999,80.0,48.0,3.846566001001412,128,32.0,-50.0,0.25,154.67,3.0
2025-04-08 07:52:46,131.33,48.0,157.75,12.0,130.0,12.0,280.3,20.0,144.54,26.419999999999987,60.0,32.0,3.322353081787324,92,28.0,-36.0,0.3,154.67,
2025-04-08 07:52:47,137.12,49.0,156.14,7.0,128.44,18.0,158.0,21.0,146.63,19.019999999999985,67.0,28.0,1.8048628756952292,95,39.0,3.0,0.41,154.67,
2025-04-08 07:52:48,145.3,80.0,155.9,10.0,122.67,33.0,165.89,38.0,150.6,10.599999999999994,113.0,48.0,2.64549239274325,161,65.0,66.0,0.4,154.67,
2025-04-08 07:52:49,147.67,27.0,154.54,13.0,146.0,72.0,259.71,31.0,151.1,6.8700000000000045,99.0,44.0,3.296243316270979,143,55.0,-18.0,0.38,154.67,
2025-04-08 07:52:50,148.0,30.0,153.25,12.0,146.0,80.0,154.04,28.0,150.62,5.25,110.0,40.0,2.943080019309656,150,70.0,7.0,0.47,154.67,
2025-04-08 07:52:51,149.21,43.0,153.0,15.0,147.33,36.0,154.0,21.0,151.1,3.789999999999992,79.0,36.0,1.9053083740062289,115,43.0,-35.0,0.37,154.67,
2025-04-08 07:52:52,150.09,33.0,153.0,15.0,123.57,42.0,154.0,21.0,151.55,2.9099999999999966,75.0,36.0,0.395828245653535,111,39.0,-4.0,0.35,153.0,1.0
2025-04-08 07:52:53,149.93,59.0,153.46,26.0,144.05,55.0,154.86,37.0,151.7,3.530000000000001,114.0,63.0,0.4265911392151749,177,51.0,66.0,0.29,153.0,2.0
2025-04-08 07:52:54,158.86,21.0,224.0,18.0,153.09,11.0,504.95,38.0,191.43,65.13999999999999,32.0,56.0,17.977345465892558,88,-24.0,-89.0,-0.27,155.5,8.0
2025-04-08 07:52:55,163.62,26.0,257.18,22.0,162.82,44.0,533.68,38.0,210.4,93.56,70.0,60.0,27.91177583028415,130,10.0,42.0,0.08,155.5,
2025-04-08 07:52:56,167.15,13.0,225.0,24.0,164.68,19.0,477.03,37.0,196.08,57.85,32.0,61.0,27.03421295321956,93,-29.0,-37.0,-0.31,155.5,
2025-04-08 07:52:57,167.36,11.0,187.52,31.0,163.18,44.0,197.4,30.0,177.44,20.16,55.0,61.0,22.2175291155434,116,-6.0,23.0,-0.05,168.0,2.0
2025-04-08 07:52:58,167.0,9.0,189.22,27.0,163.0,54.0,272.73,22.0,178.11,22.22,63.0,49.0,13.710421948284903,112,14.0,-4.0,0.12,168.0,
2025-04-08 07:52:59,163.55,29.0,189.0,27.0,162.23,39.0,489.0,36.0,176.28,25.44999999999999,68.0,63.0,15.10926272192048,131,5.0,19.0,0.04,165.0,2.0
2025-04-08 07:53:00,163.0,50.0,187.9,30.0,161.0,75.0,461.8,40.0,175.45,24.90000000000001,125.0,70.0,8.674316687787229,195,55.0,64.0,0.28,165.0,
2025-04-08 07:53:01,163.0,55.0,186.18,33.0,161.0,33.0,359.27,44.0,174.59,23.180000000000007,88.0,77.0,1.4313734663004625,165,11.0,-30.0,0.07,165.0,
2025-04-08 07:53:02,163.7,23.0,185.0,21.0,162.38,29.0,381.0,28.0,174.35,21.30000000000001,52.0,49.0,1.520355221660296,101,3.0,-64.0,0.03,165.0,
2025-04-08 07:53:03,163.8,25.0,184.5,24.0,162.61,46.0,381.0,32.0,174.15,20.69999999999999,71.0,56.0,0.8870625682727229,127,15.0,26.0,0.12,163.8,5.0
2025-04-08 07:53:04,163.0,38.0,182.25,36.0,161.0,36.0,292.79,53.0,172.62,19.25,74.0,89.0,1.028455152173112,163,-15.0,36.0,-0.09,163.0,2.0
2025-04-08 07:53:05,163.42,19.0,181.0,27.0,161.44,27.0,297.78,36.0,172.21,17.580000000000013,46.0,63.0,1.0881544008237822,109,-17.0,-54.0,-0.16,164.33,3.0
2025-04-08 07:53:06,162.27,15.0,179.7,30.0,160.19,31.0,274.0,40.0,170.98,17.42999999999998,46.0,70.0,1.4052295186313868,116,-24.0,7.0,-0.21,161.8,5.0
2025-04-08 07:53:07,160.0,7.0,177.57,21.0,159.0,28.0,274.0,28.0,168.79,17.569999999999993,35.0,49.0,2.005180789862672,84,-14.0,-32.0,-0.17,161.8,
2025-04-08 07:53:08,160.0,9.0,177.0,27.0,159.0,36.0,269.63,35.0,168.5,17.0,45.0,62.0,1.904008928559836,107,-17.0,23.0,-0.16,161.8,
2025-04-08 07:53:09,159.37,27.0,175.08,39.0,158.26,85.0,260.24,41.0,167.22,15.710000000000008,112.0,80.0,2.0142616513345035,192,32.0,85.0,0.17,159.5,2.0
2025-04-08 07:53:10,160.92,12.0,168.55,33.0,158.26,61.0,363.53,45.0,164.73,7.630000000000024,73.0,78.0,2.293802519843092,151,-5.0,-41.0,-0.03,160.0,3.0
2025-04-08 07:53:11,163.0,16.0,167.88,24.0,158.0,80.0,190.89,38.0,165.44,4.879999999999996,96.0,62.0,1.8075204010023815,158,34.0,7.0,0.22,160.0,
2025-04-08 07:53:12,163.0,18.0,167.0,27.0,158.0,90.0,246.71,42.0,165.0,4.0,108.0,69.0,1.6206850403581547,177,39.0,19.0,0.22,160.0,
2025-04-08 07:53:13,158.29,34.0,167.0,15.0,157.11,18.0,462.0,25.0,162.65,8.710000000000008,52.0,40.0,1.6368475799664706,92,12.0,-85.0,0.13,160.5,4.0
2025-04-08 07:53:14,158.0,88.0,166.0,32.0,92.38,52.0,287.11,44.0,162.0,8.0,140.0,76.0,1.534806176702224,216,64.0,124.0,0.3,163.0,1.0
2025-04-08 07:53:15,158.0,68.0,332.64,47.0,103.88,41.0,445.57,46.0,245.32,174.64,109.0,93.0,36.49892080596391,202,16.0,-14.0,0.08,158.0,2.0
2025-04-08 07:53:16,158.0,66.0,423.95,42.0,101.27,44.0,485.82,55.0,290.98,265.95,110.0,97.0,59.70888711071407,207,13.0,5.0,0.06,158.0,
2025-04-08 07:53:17,158.0,60.0,308.48,44.0,81.72,43.0,333.07,46.0,233.24,150.48000000000002,103.0,90.0,55.90355909957773,193,13.0,-14.0,0.07,158.0,
2025-04-08 07:53:18,161.85,39.0,275.46,68.0,118.67,30.0,293.66,67.0,218.65,113.61,69.0,135.0,46.68130160995907,204,-66.0,11.0,-0.32,158.0,5.0
2025-04-08 07:53:19,163.0,42.0,176.31,52.0,161.79,58.0,226.24,66.0,169.65,13.310000000000002,100.0,118.0,43.93862844923548,218,-18.0,14.0,-0.08,158.0,
2025-04-08 07:53:20,163.2,30.0,173.35,34.0,162.31,58.0,174.22,64.0,168.28,10.150000000000006,88.0,98.0,50.87148857660826,186,-10.0,-32.0,-0.05,158.0,
2025-04-08 07:53:21,163.62,21.0,168.31,51.0,162.57,47.0,170.67,36.0,165.97,4.689999999999998,68.0,87.0,32.19913461570068,155,-19.0,-31.0,-0.12,166.0,1.0
2025-04-08 07:53:22,162.27,62.0,168.62,39.0,159.81,111.0,200.1,63.0,165.44,6.349999999999994,173.0,102.0,23.012441634907635,275,71.0,120.0,0.26,163.25,4.0
2025-04-08 07:53:23,162.0,65.0,167.47,51.0,159.0,117.0,169.02,49.0,164.74,5.469999999999999,182.0,100.0,2.0672276120551945,282,82.0,7.0,0.29,167.0,1.0
2025-04-08 07:53:24,162.0,55.0,164.91,44.0,159.0,99.0,168.0,33.0,163.45,2.9099999999999966,154.0,77.0,1.7821419696659786,231,77.0,-51.0,0.33,167.0,
2025-04-08 07:53:25,161.66,58.0,164.09,46.0,160.54,117.0,197.16,38.0,162.87,2.430000000000007,175.0,84.0,1.3097060739136197,259,91.0,28.0,0.35,162.0,5.0
2025-04-08 07:53:26,161.09,94.0,166.46,39.0,159.66,121.0,214.73,45.0,163.77,5.3700000000000045,215.0,84.0,1.0294318821790762,299,131.0,40.0,0.44,162.0,
2025-04-08 07:53:27,163.0,13.0,164.92,39.0,161.1,122.0,166.23,39.0,163.96,1.9199999999999875,135.0,78.0,0.6871462726720686,213,57.0,-86.0,0.27,162.0,
2025-04-08 07:53:28,162.0,76.0,318.65,31.0,161.0,140.0,553.24,33.0,240.32,156.64999999999998,216.0,64.0,34.35184463751588,280,152.0,67.0,0.54,163.2,5.0
2025-04-08 07:53:29,161.3,100.0,379.94,36.0,159.98,123.0,524.43,37.0,270.62,218.64,223.0,73.0,51.48432742107061,296,150.0,16.0,0.51,162.0,5.0
2025-04-08 07:53:30,161.0,124.0,379.82,66.0,159.06,125.0,402.39,38.0,270.41,218.82,249.0,104.0,54.319103729719046,353,145.0,57.0,0.41,161.0,6.0
2025-04-08 07:53:31,161.0,44.0,188.78,23.0,159.0,99.0,193.18,33.0,174.89,27.78,143.0,56.0,51.50301107702321,199,87.0,-154.0,0.44,161.0,
2025-04-08 07:53:32,159.53,60.0,212.27,33.0,158.57,56.0,259.39,23.0,185.9,52.74000000000001,116.0,56.0,45.71384112060559,172,60.0,-27.0,0.35,160.6,5.0
2025-04-08 07:53:33,160.08,37.0,225.0,27.0,158.5,80.0,288.0,9.0,192.54,64.91999999999999,117.0,36.0,47.56302208649049,153,81.0,-19.0,0.53,167.0,1.0
2025-04-08 07:53:34,159.1,80.0,224.0,22.0,158.15,106.0,243.0,21.0,191.55,64.9,186.0,43.0,38.29878418435763,229,143.0,76.0,0.62,167.0,
2025-04-08 07:53:35,159.45,44.0,223.38,16.0,158.57,70.0,288.0,8.0,191.41,63.93000000000001,114.0,24.0,7.388698802903043,138,90.0,-91.0,0.65,160.0,4.0
2025-04-08 07:53:36,159.0,80.0,221.5,20.0,158.0,100.0,288.0,10.0,190.25,62.5,180.0,30.0,2.6062520983237545,210,150.0,72.0,0.71,160.0,
2025-04-08 07:53:37,159.0,80.0,204.55,22.0,158.0,100.0,230.74,19.0,181.77,45.55000000000001,180.0,41.0,4.39907717595611,221,139.0,11.0,0.63,160.0,
2025-04-08 07:53:38,159.0,64.0,162.0,24.0,158.0,80.0,219.0,16.0,160.5,3.0,144.0,40.0,13.26753481246709,184,104.0,-37.0,0.57,160.0,
2025-04-08 07:53:39,159.08,78.0,161.73,26.0,158.15,164.0,194.17,30.0,160.4,2.6499999999999773,242.0,56.0,15.440885013496931,298,186.0,114.0,0.62,160.0,2.0
2025-04-08 07:53:40,159.0,88.0,163.76,21.0,158.0,220.0,190.33,12.0,161.38,4.759999999999991,308.0,33.0,14.156374889075307,341,275.0,43.0,0.81,163.0,2.0
2025-04-08 07:53:41,159.0,52.0,372.5,8.0,158.0,60.0,492.73,11.0,265.75,213.5,112.0,19.0,45.52389976704568,131,93.0,-168.0,0.71,163.0,
2025-04-08 07:53:44,159.0,64.0,385.91,11.0,158.0,108.0,577.5,12.0,272.45,226.91000000000005,172.0,23.0,69.63299167779527,195,149.0,-80.0,0.76,159.0,2.0
2025-04-08 07:53:45,159.14,58.0,271.46,13.0,158.24,142.0,333.86,21.0,215.3,112.32,200.0,34.0,49.37437159093663,234,166.0,39.0,0.71,159.0,1.0
2025-04-08 07:53:46,159.5,32.0,269.62,8.0,158.92,145.0,374.0,16.0,214.56,110.12,177.0,24.0,58.37353467111533,201,153.0,-33.0,0.76,160.33,3.0
2025-04-08 07:53:47,159.0,108.0,268.33,6.0,158.0,72.0,374.0,12.0,213.67,109.32999999999998,180.0,18.0,49.07227455498611,198,162.0,-3.0,0.82,160.33,
2025-04-08 07:53:48,159.29,82.0,267.12,8.0,158.59,116.0,374.0,16.0,213.21,107.83,198.0,24.0,26.06936842349589,222,174.0,24.0,0.78,159.0,1.0
2025-04-08 07:53:49,159.16,74.0,266.0,6.0,158.41,82.0,374.0,12.0,212.58,106.84,156.0,18.0,1.0794118768947203,174,138.0,-48.0,0.79,159.0,
2025-04-08 07:53:50,159.0,102.0,265.5,6.0,158.0,72.0,446.2,10.0,212.25,106.5,174.0,16.0,0.9141826950791608,190,158.0,16.0,0.83,159.0,
2025-04-08 07:53:51,159.38,105.0,263.5,8.0,158.68,111.0,458.55,11.0,211.44,104.12,216.0,19.0,0.8632786340359796,235,197.0,45.0,0.84,163.0,1.0
2025-04-08 07:53:52,160.0,48.0,263.0,4.0,159.0,56.0,330.0,8.0,211.5,103.0,104.0,12.0,0.7474155470577415,116,92.0,-119.0,0.79,163.0,
2025-04-08 07:53:53,160.56,108.0,241.92,24.0,159.0,126.0,235.0,12.0,201.24,81.35999999999999,234.0,36.0,4.811031074518932,270,198.0,154.0,0.73,163.0,
2025-04-08 07:53:54,162.14,129.0,227.63,35.0,159.0,168.0,314.62,26.0,194.88,65.49000000000001,297.0,61.0,7.824239260144819,358,236.0,88.0,0.66,162.0,3.0
2025-04-08 07:53:55,163.0,67.0,216.88,24.0,159.0,118.0,218.0,32.0,189.94,53.88,185.0,56.0,9.693802143637836,241,129.0,-117.0,0.54,163.0,5.0
2025-04-08 07:53:56,164.95,41.0,215.33,24.0,160.5,24.0,216.94,34.0,190.14,50.38000000000002,65.0,58.0,9.057692862975829,123,7.0,-118.0,0.06,163.0,
2025-04-08 07:53:57,165.29,14.0,214.0,16.0,159.1,78.0,216.0,24.0,189.64,48.71000000000001,92.0,40.0,5.0030910445452665,132,52.0,9.0,0.39,167.0,4.0
2025-04-08 07:53:58,163.0,9.0,214.0,18.0,159.0,9.0,216.0,27.0,188.5,51.0,18.0,45.0,2.464508064505436,63,-27.0,-69.0,-0.43,167.0,
2025-04-08 07:53:59,160.6,20.0,211.31,32.0,158.03,33.0,213.71,28.0,185.96,50.71000000000001,53.0,60.0,1.7284328161703562,113,-7.0,50.0,-0.06,161.0,2.0
2025-04-08 07:54:00,159.0,27.0,209.89,27.0,158.0,72.0,211.53,19.0,184.44,50.88999999999999,99.0,46.0,2.4497918278939483,145,53.0,32.0,0.37,161.0,
2025-04-08 07:54:01,160.45,33.0,206.58,24.0,158.18,68.0,207.6,25.0,183.52,46.13000000000002,101.0,49.0,2.609429056329681,150,52.0,5.0,0.35,163.0,3.0
2025-04-08 07:54:02,159.9,31.0,203.57,28.0,158.08,78.0,204.84,25.0,181.74,43.66999999999999,109.0,53.0,2.5574440365371776,162,56.0,12.0,0.35,163.0,
2025-04-08 07:54:03,166.0,22.0,200.69,29.0,163.2,40.0,201.92,26.0,183.34,34.69,62.0,55.0,1.549903222791956,117,7.0,-45.0,0.06,163.0,
2025-04-08 07:54:04,165.73,11.0,199.0,30.0,164.37,35.0,201.0,20.0,182.36,33.27000000000001,46.0,50.0,1.0517604290054894,96,-4.0,-21.0,-0.04,165.4,5.0
2025-04-08 07:54:05,159.61,36.0,195.95,40.0,158.28,86.0,197.14,36.0,177.78,36.339999999999975,122.0,76.0,2.334206503294765,198,46.0,102.0,0.23,164.33,3.0
2025-04-08 07:54:06,161.0,24.0,191.56,25.0,159.0,36.0,192.6,35.0,176.28,30.56,60.0,60.0,3.085028362920748,120,0.0,-78.0,0.0,164.33,
2025-04-08 07:54:07,161.0,16.0,186.68,19.0,159.0,24.0,187.63,19.0,173.84,25.680000000000007,40.0,38.0,4.038737426477177,78,2.0,-42.0,0.03,164.33,
2025-04-08 07:54:08,161.0,14.0,184.47,30.0,159.0,36.0,185.4,30.0,172.73,23.47,50.0,60.0,3.783744177402876,110,-10.0,32.0,-0.09,161.0,1.0
2025-04-08 07:54:09,161.0,13.0,180.87,23.0,159.0,30.0,182.4,20.0,170.93,19.870000000000005,43.0,43.0,2.741508708728271,86,0.0,-24.0,0.0,161.0,
2025-04-08 07:54:10,162.0,22.0,176.78,27.0,161.0,11.0,177.63,27.0,169.39,14.78,33.0,54.0,2.6544359099505592,87,-21.0,1.0,-0.24,161.0,
2025-04-08 07:54:11,162.0,28.0,170.43,42.0,161.0,14.0,172.2,35.0,166.21,8.430000000000007,42.0,77.0,2.994895657621067,119,-35.0,32.0,-0.29,161.0,
2025-04-08 07:54:12,159.22,27.0,164.93,44.0,158.09,99.0,166.5,42.0,162.08,5.710000000000008,126.0,86.0,4.206580559081262,212,40.0,93.0,0.19,161.0,4.0
2025-04-08 07:54:13,160.0,78.0,161.15,39.0,159.0,26.0,162.19,32.0,160.58,1.1500000000000057,104.0,71.0,4.484770897163377,175,33.0,-37.0,0.19,161.4,5.0
2025-04-08 07:54:14,159.94,36.0,190.86,35.0,158.8,25.0,289.0,33.0,175.4,30.920000000000016,61.0,68.0,5.957345885546884,129,-7.0,-46.0,-0.05,160.0,6.0
2025-04-08 07:54:15,162.44,18.0,443.29,28.0,159.13,23.0,530.27,44.0,302.87,280.85,41.0,72.0,61.45133822790197,113,-31.0,-16.0,-0.27,162.0,5.0
2025-04-08 07:54:16,165.42,19.0,342.83,18.0,162.09,23.0,529.57,28.0,254.13,177.41,42.0,46.0,64.23199335222272,88,-4.0,-25.0,-0.05,166.0,2.0
2025-04-08 07:54:18,158.2,103.0,256.47,15.0,157.15,99.0,454.57,42.0,207.34,98.27000000000004,202.0,57.0,62.88450182676114,259,145.0,168.0,0.56,159.75,8.0
2025-04-08 07:54:19,158.0,12.0,159.0,9.0,157.0,72.0,315.43,37.0,158.5,1.0,84.0,46.0,68.31778297046773,130,38.0,-129.0,0.29,158.0,4.0
2025-04-08 07:54:20,157.0,56.0,263.0,13.0,119.3,53.0,346.33,30.0,210.0,106.0,109.0,43.0,62.60763507752037,152,66.0,22.0,0.43,158.0,1.0
2025-04-08 07:54:22,129.15,33.0,314.0,33.0,93.98,46.0,679.23,39.0,221.58,184.85,79.0,72.0,76.02546231362199,151,7.0,-54.0,0.05,157.0,5.0
2025-04-08 07:54:24,146.5,42.0,233.36,70.0,113.6,70.0,235.0,14.0,189.93,86.86000000000001,112.0,84.0,74.38915962692386,196,28.0,11.0,0.14,157.0,
2025-04-08 07:54:25,156.32,31.0,232.92,38.0,102.77,26.0,233.64,22.0,194.62,76.6,57.0,60.0,75.79947513010866,117,-3.0,-79.0,-0.03,162.0,2.0
2025-04-08 07:54:26,162.0,39.0,229.02,41.0,137.12,16.0,230.86,37.0,195.51,67.02000000000001,55.0,78.0,16.844269945593172,133,-23.0,16.0,-0.17,162.0,
2025-04-08 07:54:27,158.19,21.0,227.2,25.0,144.06,17.0,227.41,29.0,192.7,69.00999999999999,38.0,54.0,8.441520597618759,92,-16.0,-41.0,-0.17,160.75,4.0
2025-04-08 07:54:28,144.11,45.0,204.45,53.0,133.4,85.0,224.57,46.0,174.28,60.339999999999975,130.0,99.0,8.72303674187046,229,31.0,137.0,0.14,160.75,
2025-04-08 07:54:29,155.23,39.0,171.93,27.0,134.94,35.0,179.95,21.0,163.58,16.700000000000017,74.0,48.0,14.424927036211637,122,26.0,-107.0,0.21,156.8,5.0
2025-04-08 07:54:30,145.65,65.0,169.44,18.0,40.0,40.0,170.69,26.0,157.55,23.789999999999992,105.0,44.0,16.98916213354973,149,61.0,27.0,0.41,156.8,
2025-04-08 07:54:31,148.25,170.0,165.24,17.0,145.94,106.0,166.05,21.0,156.74,16.99000000000001,276.0,38.0,15.002919715843698,314,238.0,165.0,0.76,156.8,
2025-04-08 07:54:32,151.95,114.0,159.5,18.0,151.25,96.0,160.0,22.0,155.72,7.550000000000011,210.0,40.0,7.734596304918754,250,170.0,-64.0,0.68,156.8,
2025-04-08 07:54:33,154.01,188.0,155.46,52.0,153.0,72.0,172.39,46.0,154.73,1.450000000000017,260.0,98.0,3.4732304847315936,358,162.0,108.0,0.45,153.29,7.0
2025-04-08 07:54:34,154.0,20.0,270.68,19.0,134.3,54.0,326.0,30.0,212.34,116.68,74.0,49.0,25.135690362511504,123,25.0,-168.0,0.2,155.0,5.0
2025-04-08 07:54:35,157.84,74.0,305.18,34.0,156.09,11.0,313.38,32.0,231.51,147.34,85.0,66.0,36.891388832626376,151,19.0,28.0,0.13,155.0,
2025-04-08 07:54:36,161.52,31.0,265.03,31.0,157.82,11.0,305.44,36.0,213.27,103.50999999999996,42.0,67.0,35.7805775526334,109,-25.0,-42.0,-0.23,160.0,5.0
2025-04-08 07:54:37,166.73,37.0,280.79,56.0,164.7,23.0,282.38,52.0,223.76,114.06000000000004,60.0,108.0,30.337866932267847,168,-48.0,59.0,-0.29,160.0,
2025-04-08 07:54:38,167.0,18.0,272.0,22.0,166.0,12.0,281.5,24.0,219.5,105.0,30.0,46.0,7.918448711709252,76,-16.0,-92.0,-0.21,160.0,
2025-04-08 07:54:39,167.0,24.0,278.0,32.0,166.0,16.0,282.0,32.0,222.5,111.0,40.0,64.0,6.636872004187411,104,-24.0,28.0,-0.23,160.0,
2025-04-08 07:54:40,166.89,27.0,269.7,40.0,164.91,22.0,281.27,44.0,218.29,102.81,49.0,84.0,4.105426896191309,133,-35.0,29.0,-0.26,166.75,4.0
2025-04-08 07:54:41,166.0,12.0,192.57,46.0,162.0,24.0,193.62,26.0,179.28,26.569999999999997,36.0,72.0,18.79323229250312,108,-36.0,-25.0,-0.33,166.75,
2025-04-08 07:54:42,166.0,10.0,191.75,32.0,163.75,48.0,192.43,28.0,178.88,25.75,58.0,60.0,22.51841690705625,118,-2.0,10.0,-0.02,166.75,
2025-04-08 07:54:43,164.77,26.0,187.09,33.0,163.2,100.0,188.15,59.0,175.93,22.319999999999997,126.0,92.0,23.287920259224755,218,34.0,100.0,0.16,164.4,5.0
2025-04-08 07:54:44,164.55,65.0,182.61,23.0,161.91,35.0,185.09,22.0,173.58,18.06,100.0,45.0,18.64734485121211,145,55.0,-73.0,0.38,163.0,4.0
2025-04-08 07:54:45,165.0,56.0,178.58,26.0,162.0,30.0,181.07,14.0,171.79,13.580000000000013,86.0,40.0,3.2626630227533786,126,46.0,-19.0,0.37,165.0,4.0
2025-04-08 07:54:46,165.0,22.0,175.71,34.0,162.0,33.0,176.93,27.0,170.35,10.710000000000008,55.0,61.0,3.3862265133988187,116,-6.0,-10.0,-0.05,165.0,
2025-04-08 07:54:47,165.0,26.0,171.8,41.0,162.0,159.0,172.61,23.0,168.4,6.800000000000011,185.0,64.0,2.901180794098936,249,121.0,133.0,0.49,165.0,
2025-04-08 07:54:48,162.26,114.0,166.73,30.0,161.89,73.0,168.57,47.0,164.5,4.469999999999999,187.0,77.0,3.484685064686934,264,110.0,15.0,0.42,165.0,2.0
2025-04-08 07:54:49,162.13,75.0,165.91,11.0,161.93,70.0,167.56,25.0,164.02,3.780000000000001,145.0,36.0,3.46266804647156,181,109.0,-83.0,0.6,165.0,
2025-04-08 07:54:50,162.02,179.0,163.81,27.0,161.65,40.0,210.17,29.0,162.92,1.789999999999992,219.0,56.0,3.175377142963969,275,163.0,94.0,0.59,162.8,5.0
2025-04-08 07:54:51,162.5,72.0,166.22,18.0,161.91,53.0,446.91,33.0,164.36,3.719999999999999,125.0,51.0,2.084370408555051,176,74.0,-99.0,0.42,162.8,
2025-04-08 07:54:52,165.0,12.0,319.64,11.0,162.0,12.0,567.5,20.0,242.32,154.64,24.0,31.0,35.0536086587392,55,-7.0,-121.0,-0.13,165.0,2.0
2025-04-08 07:54:56,166.0,66.0,168.0,11.0,164.0,11.0,451.82,55.0,167.0,2.0,77.0,66.0,104.34970186828436,143,11.0,24.0,0.08,165.0,
2025-04-08 07:54:57,166.0,36.0,168.0,6.0,164.0,6.0,374.0,30.0,167.0,2.0,42.0,36.0,120.70864592066243,78,6.0,-65.0,0.08,165.0,
2025-04-08 07:54:58,166.0,51.0,168.0,9.0,164.0,9.0,465.56,45.0,167.0,2.0,60.0,54.0,115.657992287606,114,6.0,36.0,0.05,166.0,3.0
2025-04-08 07:54:59,166.0,39.0,311.27,49.0,164.0,13.0,391.77,57.0,238.63,145.26999999999998,52.0,106.0,72.24236970088943,158,-54.0,44.0,-0.34,166.0,
2025-04-08 07:55:00,165.88,32.0,323.5,16.0,163.25,16.0,345.62,32.0,244.69,157.62,48.0,48.0,40.949055300458575,96,0.0,-62.0,0.0,166.0,3.0
2025-04-08 07:55:01,164.0,11.0,225.07,15.0,162.0,33.0,240.32,19.0,194.53,61.06999999999999,44.0,34.0,37.6474082773304,78,10.0,-18.0,0.13,166.0,
2025-04-08 07:55:02,162.0,16.0,211.14,14.0,161.0,122.0,212.83,18.0,186.57,49.13999999999999,138.0,32.0,33.87962337452999,170,106.0,92.0,0.62,163.0,2.0
2025-04-08 07:55:03,162.0,26.0,206.94,16.0,161.0,208.0,208.62,29.0,184.47,44.94,234.0,45.0,29.42317657901664,279,189.0,109.0,0.68,163.0,
2025-04-08 07:55:04,161.18,78.0,205.0,16.0,160.96,200.0,208.0,32.0,183.09,43.81999999999999,278.0,48.0,26.104436404565643,326,230.0,47.0,0.71,162.0,2.0
2025-04-08 07:55:05,161.0,272.0,203.43,28.0,160.0,34.0,204.83,23.0,182.21,42.43000000000001,306.0,51.0,4.952462013991939,357,255.0,31.0,0.71,162.0,
2025-04-08 07:55:06,161.27,133.0,199.53,40.0,160.84,97.0,200.12,34.0,180.4,38.25999999999999,230.0,74.0,2.3287593263448128,304,156.0,-53.0,0.51,161.0,1.0
2025-04-08 07:55:07,164.4,60.0,193.03,33.0,161.0,147.0,194.18,17.0,178.72,28.629999999999995,207.0,50.0,2.258599123359588,257,157.0,-47.0,0.61,161.0,
2025-04-08 07:55:08,166.0,52.0,190.82,17.0,161.29,126.0,193.5,24.0,178.41,24.819999999999997,178.0,41.0,2.071045629638037,219,137.0,-38.0,0.63,161.0,
2025-04-08 07:55:09,166.86,57.0,187.85,26.0,162.0,162.0,189.56,18.0,177.35,20.98999999999998,219.0,44.0,1.9065335035201405,263,175.0,44.0,0.67,167.0,1.0
2025-04-08 07:55:10,167.0,48.0,185.62,24.0,162.0,144.0,186.81,21.0,176.31,18.620000000000005,192.0,45.0,1.536382113943918,237,147.0,-26.0,0.62,167.0,
2025-04-08 07:55:11,162.38,120.0,179.44,18.0,161.64,42.0,180.72,18.0,170.91,17.060000000000002,162.0,36.0,3.1802201181757863,198,126.0,-39.0,0.64,165.0,5.0
2025-04-08 07:55:12,162.0,70.0,175.87,15.0,161.0,10.0,176.77,13.0,168.93,13.870000000000005,80.0,28.0,4.199109429397304,108,52.0,-90.0,0.48,165.0,
2025-04-08 07:55:13,162.26,47.0,174.0,10.0,161.33,12.0,175.0,20.0,168.13,11.740000000000007,59.0,30.0,4.2502094066124405,89,29.0,-19.0,0.33,162.0,5.0
2025-04-08 07:55:14,164.2,45.0,171.75,12.0,162.9,60.0,174.21,19.0,167.97,7.550000000000011,105.0,31.0,3.4783041845215403,136,74.0,47.0,0.54,162.0,
2025-04-08 07:55:15,165.0,30.0,167.8,10.0,163.0,60.0,168.9,10.0,166.4,2.800000000000012,90.0,20.0,1.6443600579141315,110,70.0,-26.0,0.64,162.0,
2025-04-08 07:55:16,163.07,59.0,185.76,17.0,162.23,26.0,274.32,38.0,174.42,22.69,85.0,55.0,3.074678845027909,140,30.0,30.0,0.21,164.5,4.0
2025-04-08 07:55:17,163.0,45.0,254.49,37.0,162.0,22.0,397.06,51.0,208.74,91.49,67.0,88.0,17.934426949307547,155,-21.0,15.0,-0.14,163.0,2.0
2025-04-08 07:55:18,163.0,24.0,338.0,40.0,162.0,16.0,514.0,36.0,250.5,175.0,40.0,76.0,36.16434265958696,116,-36.0,-39.0,-0.31,163.0,
2025-04-08 07:55:19,163.0,66.0,282.58,36.0,161.5,20.0,355.8,44.0,222.79,119.57999999999998,86.0,80.0,34.73072702953398,166,6.0,50.0,0.04,163.0,
2025-04-08 07:55:20,163.0,60.0,219.0,40.0,161.0,16.0,338.0,40.0,191.0,56.0,76.0,80.0,29.2876151299486,156,-4.0,-10.0,-0.03,163.0,
2025-04-08 07:55:21,163.0,84.0,207.75,60.0,161.0,28.0,288.74,65.0,185.38,44.75,112.0,125.0,26.2603335850859,237,-13.0,81.0,-0.05,163.0,
2025-04-08 07:55:22,163.0,29.0,205.39,46.0,161.0,22.0,334.26,53.0,184.2,42.38999999999999,51.0,99.0,29.08858504637169,150,-48.0,-87.0,-0.32,163.0,5.0
2025-04-08 07:55:23,163.0,10.0,205.8,40.0,161.0,20.0,301.0,50.0,184.4,42.80000000000001,30.0,90.0,16.578404024513983,120,-60.0,-30.0,-0.5,163.0,
2025-04-08 07:55:24,166.66,106.0,204.21,81.0,165.45,49.0,253.6,72.0,185.44,37.55000000000001,155.0,153.0,2.80458196529079,308,2.0,168.0,0.01,163.0,
2025-04-08 07:55:25,167.0,77.0,200.86,42.0,166.0,44.0,202.7,53.0,183.93,33.860000000000014,121.0,95.0,0.696132171384714,216,26.0,-92.0,0.12,163.0,
2025-04-08 07:55:26,167.0,84.0,198.11,46.0,166.0,48.0,199.05,55.0,182.55,31.110000000000014,132.0,101.0,1.0400624981402644,233,31.0,17.0,0.13,163.0,
2025-04-08 07:55:27,167.0,133.0,193.46,91.0,166.0,76.0,194.75,87.0,180.23,26.460000000000008,209.0,178.0,2.0108082951985136,387,31.0,154.0,0.08,163.0,
2025-04-08 07:55:28,167.21,71.0,189.33,52.0,166.52,67.0,190.61,59.0,178.27,22.120000000000005,138.0,111.0,2.8666844960757745,249,27.0,-138.0,0.11,163.0,
2025-04-08 07:55:29,168.0,33.0,176.65,49.0,167.0,77.0,182.63,41.0,172.33,8.650000000000006,110.0,90.0,4.538030409775336,200,20.0,-49.0,0.1,163.0,
2025-04-08 07:55:30,167.52,63.0,171.24,74.0,166.76,101.0,172.44,63.0,169.38,3.719999999999999,164.0,137.0,5.516295858640181,301,27.0,101.0,0.09,167.6,5.0
2025-04-08 07:55:31,166.37,46.0,168.16,45.0,165.0,24.0,170.82,44.0,167.26,1.789999999999992,70.0,89.0,5.597466391150204,159,-19.0,-142.0,-0.12,166.62,8.0
2025-04-08 07:55:32,165.25,8.0,167.0,24.0,162.2,10.0,182.69,26.0,166.12,1.75,18.0,50.0,4.86081988969566,68,-32.0,-91.0,-0.47,166.0,1.0
2025-04-08 07:55:33,160.22,46.0,202.71,45.0,158.87,86.0,290.97,39.0,181.46,42.49000000000001,132.0,84.0,6.146673897325279,216,48.0,148.0,0.22,163.4,5.0
2025-04-08 07:55:34,160.63,59.0,233.28,54.0,158.75,156.0,249.64,56.0,196.95,72.65,215.0,110.0,13.098346460528974,325,105.0,109.0,0.32,165.0,2.0
2025-04-08 07:55:35,161.83,36.0,238.83,36.0,159.24,74.0,331.77,52.0,200.33,77.0,110.0,88.0,16.033762191077997,198,22.0,-127.0,0.11,165.0,
2025-04-08 07:55:36,165.75,48.0,229.43,42.0,162.13,62.0,328.3,20.0,197.59,63.68000000000001,110.0,62.0,14.52932379706752,172,48.0,-26.0,0.28,165.4,5.0
2025-04-08 07:55:37,163.0,31.0,235.57,21.0,161.0,21.0,278.0,9.0,199.29,72.57,52.0,30.0,7.755293675936601,82,22.0,-90.0,0.27,163.0,1.0
2025-04-08 07:55:38,163.0,40.0,228.4,30.0,161.0,30.0,248.4,20.0,195.7,65.4,70.0,50.0,1.8472736667905845,120,20.0,38.0,0.17,163.0,
2025-04-08 07:55:39,163.0,87.0,222.69,39.0,161.0,39.0,230.65,23.0,192.85,59.69,126.0,62.0,2.9781739371667317,188,64.0,68.0,0.34,163.0,
2025-04-08 07:55:40,163.0,93.0,198.55,33.0,161.0,33.0,201.0,33.0,180.77,35.55000000000001,126.0,66.0,7.369355467069356,192,60.0,4.0,0.31,163.0,2.0
2025-04-08 07:55:41,163.0,101.0,197.8,45.0,161.0,45.0,214.32,31.0,180.4,34.80000000000001,146.0,76.0,8.718851415182522,222,70.0,30.0,0.32,163.0,2.0
2025-04-08 07:55:42,163.0,31.0,260.71,42.0,161.0,42.0,385.09,34.0,211.86,97.70999999999998,73.0,76.0,12.932572443254532,149,-3.0,-73.0,-0.02,163.0,3.0
2025-04-08 07:55:43,163.0,24.0,315.8,30.0,161.0,36.0,440.48,25.0,239.4,152.8,60.0,55.0,24.962568577772856,115,5.0,-34.0,0.04,163.0,
2025-04-08 07:55:44,164.06,34.0,293.84,62.0,161.53,45.0,359.47,19.0,228.95,129.77999999999997,79.0,81.0,27.122933654013185,160,-2.0,45.0,-0.01,163.0,
2025-04-08 07:55:45,166.08,51.0,227.33,55.0,164.83,46.0,243.66,67.0,196.7,61.25,97.0,122.0,23.81850583055109,219,-25.0,59.0,-0.11,166.0,5.0
2025-04-08 07:55:46,167.0,26.0,225.23,65.0,166.0,52.0,227.0,52.0,196.12,58.22999999999999,78.0,117.0,19.30278684542704,195,-39.0,-24.0,-0.2,166.0,
2025-04-08 07:55:47,167.31,29.0,223.0,56.0,165.64,50.0,224.0,70.0,195.16,55.69,79.0,126.0,21.2439327809141,205,-47.0,10.0,-0.23,166.8,5.0
2025-04-08 07:55:48,166.0,8.0,214.65,31.0,163.0,16.0,221.14,35.0,190.32,48.650000000000006,24.0,66.0,15.577727690520607,90,-42.0,-115.0,-0.47,166.8,
2025-04-08 07:55:49,164.75,12.0,205.04,49.0,162.48,29.0,207.57,37.0,184.9,40.28999999999999,41.0,86.0,5.005856570061399,127,-45.0,37.0,-0.35,164.5,2.0
2025-04-08 07:55:50,163.2,10.0,202.32,41.0,162.04,25.0,203.5,40.0,182.76,39.120000000000005,35.0,81.0,5.968678245644621,116,-46.0,-11.0,-0.4,164.5,
2025-04-08 07:55:51,164.0,18.0,198.61,41.0,163.0,9.0,200.12,40.0,181.3,34.610000000000014,27.0,81.0,5.753757033455269,108,-54.0,-8.0,-0.5,164.5,
2025-04-08 07:55:52,162.24,34.0,194.6,50.0,161.15,34.0,196.76,55.0,178.42,32.359999999999985,68.0,105.0,4.462577730420087,173,-37.0,65.0,-0.21,164.5,
2025-04-08 07:55:53,162.52,33.0,187.15,61.0,161.47,45.0,191.23,61.0,174.83,24.629999999999995,78.0,122.0,3.923202773251214,200,-44.0,27.0,-0.22,164.5,
2025-04-08 07:55:54,164.5,18.0,180.14,49.0,162.1,30.0,181.78,37.0,172.32,15.639999999999986,48.0,86.0,4.359126059206115,134,-38.0,-66.0,-0.28,164.5,
2025-04-08 07:55:55,162.43,56.0,177.94,53.0,159.9,31.0,179.57,46.0,170.19,15.509999999999993,87.0,99.0,4.496806644726201,186,-12.0,52.0,-0.06,165.25,4.0
2025-04-08 07:55:56,162.91,88.0,176.74,46.0,160.66,88.0,178.75,53.0,169.82,13.830000000000013,176.0,99.0,3.575224468485452,275,77.0,89.0,0.28,165.25,
2025-04-08 07:55:57,167.0,48.0,171.75,24.0,162.51,45.0,173.08,36.0,169.38,4.75,93.0,60.0,2.2699052843807754,153,33.0,-122.0,0.22,165.25,
2025-04-08 07:55:58,165.8,20.0,168.17,6.0,163.86,14.0,190.2,20.0,166.98,2.369999999999976,34.0,26.0,1.9113136843705425,60,8.0,-93.0,0.13,167.0,4.0
2025-04-08 07:55:59,165.0,24.0,167.0,40.0,163.0,16.0,168.0,8.0,166.0,2.0,40.0,48.0,1.8661404020233787,88,-8.0,28.0,-0.09,167.0,
2025-04-08 07:56:00,165.0,24.0,166.97,36.0,163.0,16.0,167.58,12.0,165.99,1.9699999999999989,40.0,48.0,1.8457735505920536,88,-8.0,0.0,-0.09,167.0,
2025-04-08 07:56:01,162.87,55.0,166.59,59.0,161.24,102.0,382.33,75.0,164.73,3.719999999999999,157.0,134.0,1.7392900850826138,291,23.0,168.0,0.08,163.38,8.0
2025-04-08 07:56:02,161.19,59.0,165.36,55.0,160.16,86.0,463.55,47.0,163.28,4.170000000000016,145.0,102.0,1.4272105661283696,247,43.0,-44.0,0.17,161.67,6.0
2025-04-08 07:56:03,161.0,40.0,164.0,25.0,159.0,30.0,257.6,15.0,162.5,3.0,70.0,40.0,1.5820398225296968,110,30.0,-137.0,0.27,161.67,
2025-04-08 07:56:04,161.0,85.0,162.86,64.0,159.0,84.0,226.38,48.0,161.93,1.8600000000000136,169.0,112.0,1.662326682716427,281,57.0,168.0,0.2,161.0,5.0
2025-04-08 07:56:05,161.0,39.0,185.58,31.0,159.0,42.0,348.57,21.0,173.29,24.580000000000013,81.0,52.0,4.672358077038695,133,29.0,-148.0,0.22,161.0,5.0
2025-04-08 07:56:06,159.55,22.0,281.29,21.0,158.39,46.0,283.0,21.0,220.42,121.74,68.0,42.0,25.11020967654494,110,26.0,-23.0,0.24,160.0,4.0
2025-04-08 07:56:07,167.09,54.0,241.75,36.0,163.44,63.0,272.25,36.0,204.42,74.66,117.0,72.0,26.48641670743777,189,45.0,79.0,0.24,160.0,
2025-04-08 07:56:08,167.02,45.0,227.88,34.0,160.1,51.0,232.64,33.0,197.45,60.85999999999999,96.0,67.0,23.68904957992253,163,29.0,-26.0,0.18,167.25,4.0
2025-04-08 07:56:09,167.0,36.0,227.0,18.0,159.0,36.0,228.0,27.0,197.0,60.0,72.0,45.0,16.988438127150403,117,27.0,-46.0,0.23,167.25,
2025-04-08 07:56:10,167.0,44.0,224.73,33.0,159.0,44.0,272.82,22.0,195.86,57.72999999999999,88.0,55.0,10.286525166450074,143,33.0,26.0,0.23,167.25,
2025-04-08 07:56:11,167.0,44.0,207.5,30.0,159.0,44.0,227.44,25.0,187.25,40.5,88.0,55.0,6.119577599803823,143,33.0,0.0,0.23,167.25,
2025-04-08 07:56:12,164.83,23.0,204.0,33.0,160.35,62.0,306.82,22.0,184.41,39.16999999999999,85.0,55.0,6.103206534275781,140,30.0,-3.0,0.21,167.0,4.0
2025-04-08 07:56:13,161.25,16.0,190.43,14.0,159.52,27.0,235.75,16.0,175.84,29.180000000000007,43.0,30.0,8.718799802727034,73,13.0,-67.0,0.18,161.8,5.0
2025-04-08 07:56:14,159.4,30.0,185.44,18.0,158.16,50.0,210.82,22.0,172.42,26.039999999999992,80.0,40.0,9.334218231862828,120,40.0,47.0,0.33,160.2,5.0
2025-04-08 07:56:15,159.06,51.0,196.71,28.0,158.05,74.0,221.3,27.0,177.89,37.650000000000006,125.0,55.0,6.129141049123094,180,70.0,60.0,0.39,159.0,2.0
2025-04-08 07:56:16,160.31,16.0,200.33,18.0,158.53,30.0,202.0,12.0,180.32,40.02000000000001,46.0,30.0,4.531272448225534,76,16.0,-104.0,0.21,160.2,5.0
2025-04-08 07:56:17,159.0,14.0,198.5,20.0,158.0,49.0,201.2,15.0,178.75,39.5,63.0,35.0,3.0491523412334764,98,28.0,22.0,0.29,160.2,
2025-04-08 07:56:18,158.26,38.0,172.94,33.0,130.69,145.0,178.43,28.0,165.6,14.680000000000009,183.0,61.0,6.036002816438437,244,122.0,146.0,0.5,158.4,5.0
2025-04-08 07:56:19,158.0,28.0,160.78,27.0,119.91,91.0,190.25,12.0,159.39,2.780000000000001,119.0,39.0,9.33660270120009,158,80.0,-86.0,0.51,160.0,6.0
2025-04-08 07:56:20,158.0,28.0,161.17,12.0,99.86,7.0,162.44,9.0,159.58,3.1699999999999875,35.0,21.0,10.19170594160087,56,14.0,-102.0,0.25,160.0,
2025-04-08 07:56:21,158.11,18.0,162.0,6.0,142.17,12.0,163.0,12.0,160.06,3.8899999999999855,30.0,18.0,8.2787335988102,48,12.0,-8.0,0.25,160.0,
2025-04-08 07:56:22,158.0,48.0,223.38,13.0,111.62,102.0,195.21,28.0,190.69,65.38,150.0,41.0,13.456297038935531,191,109.0,143.0,0.57,161.5,4.0
2025-04-08 07:56:25,163.0,30.0,450.91,11.0,159.0,5.0,494.33,9.0,306.95,287.91,35.0,20.0,80.64018185743333,55,15.0,-28.0,0.27,161.5,
2025-04-08 07:56:26,163.0,22.0,362.18,22.0,159.0,8.0,396.65,17.0,262.59,199.18,30.0,39.0,58.055532897389625,69,-9.0,14.0,-0.13,163.0,5.0
2025-04-08 07:56:27,163.0,6.0,338.25,16.0,159.0,6.0,392.43,14.0,250.62,175.25,12.0,30.0,36.50048670908197,42,-18.0,-27.0,-0.43,163.0,
2025-04-08 07:56:28,163.0,19.0,192.65,34.0,159.0,15.0,225.79,34.0,177.82,29.65000000000001,34.0,68.0,60.36736726079674,102,-34.0,60.0,-0.33,163.0,
2025-04-08 07:56:29,163.0,14.0,169.5,18.0,159.0,6.0,172.0,12.0,166.25,6.5,20.0,30.0,59.48720728022091,50,-10.0,-52.0,-0.2,163.0,
2025-04-08 07:56:30,163.8,45.0,168.22,41.0,161.09,23.0,200.2,25.0,166.01,4.419999999999988,68.0,66.0,47.848047713569386,134,2.0,84.0,0.01,166.0,1.0
2025-04-08 07:56:31,166.42,36.0,168.0,30.0,163.12,24.0,253.63,19.0,167.21,1.5800000000000125,60.0,49.0,36.689609837119335,109,11.0,-25.0,0.1,166.0,2.0
2025-04-08 07:56:32,167.0,75.0,168.0,15.0,166.0,5.0,319.4,10.0,167.5,1.0,80.0,25.0,4.993502778618506,105,55.0,-4.0,0.52,166.0,
2025-04-08 07:56:33,167.0,105.0,168.0,21.0,166.0,7.0,431.0,14.0,167.5,1.0,112.0,35.0,0.712481578761247,147,77.0,42.0,0.52,166.0,
2025-04-08 07:56:34,167.0,150.0,168.0,30.0,166.0,10.0,573.15,26.0,167.5,1.0,160.0,56.0,0.6462429884135852,216,104.0,69.0,0.48,166.0,
2025-04-08 07:56:35,167.0,71.0,168.0,15.0,166.0,5.0,439.88,8.0,167.5,1.0,76.0,23.0,0.1296919429773512,99,53.0,-117.0,0.54,167.0,1.0
2025-04-08 07:56:36,167.0,110.0,280.4,40.0,166.0,10.0,460.46,13.0,223.7,113.39999999999998,120.0,53.0,25.133404067098727,173,67.0,74.0,0.39,167.0,3.0
2025-04-08 07:56:37,167.0,77.0,298.0,28.0,166.0,7.0,492.0,14.0,232.5,131.0,84.0,42.0,33.33748640794675,126,42.0,-47.0,0.33,167.0,
2025-04-08 07:56:38,167.13,47.0,347.36,22.0,166.88,34.0,455.2,15.0,257.25,180.23,81.0,37.0,40.43056393373712,118,44.0,-8.0,0.37,167.0,1.0
2025-04-08 07:56:39,168.0,10.0,169.0,20.0,167.0,50.0,273.0,5.0,168.5,1.0,60.0,25.0,40.17132683892834,85,35.0,-33.0,0.41,167.0,
2025-04-08 07:56:40,167.0,50.0,298.65,17.0,166.0,5.0,471.73,11.0,232.82,131.64999999999998,55.0,28.0,32.903169756118984,83,27.0,-2.0,0.33,168.0,2.0
2025-04-08 07:56:41,167.0,90.0,269.0,24.0,166.0,9.0,442.68,19.0,218.0,102.0,99.0,43.0,32.96953866829175,142,56.0,59.0,0.39,168.0,
2025-04-08 07:56:42,167.0,70.0,190.6,30.0,166.0,8.0,193.12,16.0,178.8,23.599999999999994,78.0,46.0,37.105382089395086,124,32.0,-18.0,0.26,167.0,5.0
2025-04-08 07:56:43,167.0,35.0,188.5,24.0,166.0,7.0,189.6,20.0,177.75,21.5,42.0,44.0,28.37892492678373,86,-2.0,-38.0,-0.02,167.0,
2025-04-08 07:56:44,167.0,61.0,184.19,57.0,166.0,17.0,185.63,54.0,175.6,17.189999999999998,78.0,111.0,26.846837430133643,189,-33.0,103.0,-0.17,167.0,4.0
2025-04-08 07:56:45,165.46,13.0,180.88,50.0,162.14,83.0,181.8,41.0,173.17,15.419999999999987,96.0,91.0,18.759976812353592,187,5.0,-2.0,0.03,166.5,2.0
2025-04-08 07:56:46,162.0,68.0,178.28,29.0,161.0,33.0,179.18,39.0,170.14,16.28,101.0,68.0,3.5102948594184933,169,33.0,-18.0,0.2,162.6,5.0
2025-04-08 07:56:47,162.0,42.0,175.8,30.0,161.0,42.0,177.85,52.0,168.9,13.800000000000011,84.0,82.0,3.6836897263563033,166,2.0,-3.0,0.01,162.0,1.0
2025-04-08 07:56:48,162.0,109.0,174.73,37.0,161.0,39.0,175.64,28.0,168.36,12.72999999999999,148.0,65.0,3.070599290051682,213,83.0,47.0,0.39,162.0,
2025-04-08 07:56:49,162.0,143.0,172.27,33.0,161.0,69.0,174.0,22.0,167.14,10.27000000000001,212.0,55.0,2.296675858728998,267,157.0,54.0,0.59,162.0,
2025-04-08 07:56:50,162.0,169.0,173.36,28.0,161.0,195.0,177.67,48.0,167.68,11.360000000000014,364.0,76.0,1.1592583836532433,440,288.0,168.0,0.65,162.0,
2025-04-08 07:56:51,162.41,74.0,172.24,34.0,161.64,116.0,176.68,38.0,167.32,9.830000000000013,190.0,72.0,0.7368853371259696,262,118.0,-168.0,0.45,162.0,6.0
2025-04-08 07:56:52,163.35,102.0,170.0,72.0,161.38,222.0,173.0,36.0,166.68,6.650000000000006,324.0,108.0,0.6296665784936956,432,216.0,168.0,0.5,166.25,4.0
2025-04-08 07:56:53,165.0,39.0,168.64,47.0,163.0,91.0,170.54,37.0,166.82,3.6399999999999855,130.0,84.0,0.3991490950414806,214,46.0,-168.0,0.21,166.25,
2025-04-08 07:56:54,165.0,27.0,166.86,37.0,163.0,63.0,179.64,39.0,165.93,1.8600000000000136,90.0,76.0,0.6669932533937678,166,14.0,-48.0,0.08,166.25,
2025-04-08 07:56:55,163.55,55.0,166.15,47.0,161.48,147.0,180.88,49.0,164.85,2.5999999999999943,202.0,96.0,0.9608069525527368,298,106.0,132.0,0.36,164.2,5.0
2025-04-08 07:56:56,163.0,44.0,165.98,53.0,161.0,182.0,197.33,48.0,164.49,2.9799999999999898,226.0,101.0,1.0535321542670488,327,125.0,29.0,0.38,163.0,3.0
2025-04-08 07:56:57,161.16,152.0,164.24,62.0,159.91,184.0,185.48,50.0,162.7,3.0800000000000125,336.0,112.0,1.5605351646393189,448,224.0,121.0,0.5,163.0,2.0
2025-04-08 07:56:58,161.0,154.0,163.0,55.0,160.0,22.0,452.5,12.0,162.0,2.0,176.0,67.0,1.6106923977213754,243,109.0,-168.0,0.45,163.0,
2025-04-08 07:56:59,161.0,124.0,162.12,41.0,160.0,18.0,426.29,14.0,161.56,1.1200000000000043,142.0,55.0,1.4776839987219368,197,87.0,-46.0,0.44,162.0,2.0
2025-04-08 07:57:00,161.0,111.0,200.41,29.0,160.0,20.0,363.55,22.0,180.71,39.41,131.0,51.0,8.1369754823321,182,80.0,-15.0,0.44,161.0,3.0
2025-04-08 07:57:01,160.95,80.0,281.38,37.0,159.52,42.0,387.52,31.0,221.16,120.43,122.0,68.0,25.640758179118954,190,54.0,8.0,0.28,161.0,
2025-04-08 07:57:02,161.0,63.0,212.67,27.0,160.0,18.0,228.25,24.0,186.83,51.66999999999999,81.0,51.0,24.368374381563655,132,30.0,-58.0,0.23,161.0,
2025-04-08 07:57:03,162.0,8.0,204.25,24.0,161.0,56.0,239.84,19.0,183.12,42.25,64.0,43.0,21.6114652441717,107,21.0,-25.0,0.2,161.0,
2025-04-08 07:57:04,163.0,14.0,204.0,42.0,161.0,98.0,350.85,27.0,183.5,41.0,112.0,69.0,16.964835100879533,181,43.0,74.0,0.24,161.0,
2025-04-08 07:57:05,161.43,14.0,203.0,18.0,160.64,22.0,418.33,12.0,182.21,41.56999999999999,36.0,30.0,16.74783956216544,66,6.0,-115.0,0.09,161.6,5.0
2025-04-08 07:57:06,164.33,18.0,202.17,18.0,160.75,16.0,269.91,22.0,183.25,37.839999999999975,34.0,40.0,1.7721653421861596,74,-6.0,8.0,-0.08,161.6,
2025-04-08 07:57:07,166.0,18.0,202.0,18.0,161.0,18.0,303.0,12.0,184.0,36.0,36.0,30.0,0.6553090874134568,66,6.0,-8.0,0.09,161.6,
2025-04-08 07:57:08,166.0,30.0,200.7,30.0,161.0,30.0,303.0,20.0,183.35,34.69999999999999,60.0,50.0,0.6549580139570654,110,10.0,44.0,0.09,161.6,
2025-04-08 07:57:09,166.0,15.0,199.0,21.0,162.0,42.0,300.53,15.0,182.5,33.0,57.0,36.0,0.7141218383769721,93,21.0,-17.0,0.23,166.0,2.0
2025-04-08 07:57:10,166.0,6.0,198.17,18.0,161.67,27.0,309.25,16.0,182.08,32.16999999999999,33.0,34.0,0.7541418964935911,67,-1.0,-26.0,-0.01,166.0,
2025-04-08 07:57:11,161.88,16.0,197.27,33.0,159.38,73.0,199.0,44.0,179.57,35.390000000000015,89.0,77.0,1.6980724366316489,166,12.0,99.0,0.07,162.0,6.0
2025-04-08 07:57:12,159.05,44.0,196.25,36.0,147.06,72.0,215.95,43.0,177.65,37.19999999999999,116.0,79.0,2.3559393031337086,195,37.0,29.0,0.19,159.12,8.0
2025-04-08 07:57:13,161.0,13.0,193.79,34.0,159.5,20.0,209.07,27.0,177.4,32.78999999999999,33.0,61.0,2.393522508783239,94,-28.0,-101.0,-0.3,159.12,
2025-04-08 07:57:14,161.0,7.0,178.18,11.0,160.0,7.0,179.5,14.0,169.59,17.180000000000007,14.0,25.0,4.678917609881163,39,-11.0,-55.0,-0.28,159.12,
2025-04-08 07:57:15,165.94,17.0,176.2,30.0,160.7,10.0,178.0,30.0,171.07,10.259999999999993,27.0,60.0,4.42619249469107,87,-33.0,48.0,-0.38,159.12,
2025-04-08 07:57:16,167.0,26.0,173.73,33.0,162.8,15.0,175.31,39.0,170.36,6.72999999999999,41.0,72.0,3.971023797468672,113,-31.0,26.0,-0.27,159.12,
2025-04-08 07:57:17,166.52,25.0,168.96,24.0,162.55,20.0,171.34,32.0,167.74,2.4399999999999977,45.0,56.0,3.664733278161688,101,-11.0,-12.0,-0.11,167.0,2.0
2025-04-08 07:57:18,163.0,11.0,166.4,15.0,162.0,33.0,167.14,29.0,164.7,3.4000000000000057,44.0,44.0,2.5537168989670502,88,0.0,-13.0,0.0,167.0,
2025-04-08 07:57:19,162.25,24.0,164.5,18.0,161.43,42.0,165.3,30.0,163.38,2.25,66.0,48.0,3.3831937573943294,114,18.0,26.0,0.16,163.0,1.0
2025-04-08 07:57:20,161.63,43.0,163.0,33.0,160.64,44.0,167.4,30.0,162.31,1.3700000000000043,87.0,63.0,3.307252636263958,150,24.0,36.0,0.16,162.0,3.0
2025-04-08 07:57:21,161.0,42.0,162.0,22.0,159.0,22.0,164.85,13.0,161.5,1.0,64.0,35.0,2.446462752644682,99,29.0,-51.0,0.29,161.0,1.0
2025-04-08 07:57:22,159.22,27.0,161.69,26.0,158.04,50.0,168.77,26.0,160.46,2.469999999999999,77.0,52.0,1.6437457224522805,129,25.0,30.0,0.19,161.0,3.0
2025-04-08 07:57:23,159.0,22.0,161.0,22.0,158.0,44.0,168.0,22.0,160.0,2.0,66.0,44.0,1.3709121051627349,110,22.0,-19.0,0.2,161.0,1.0
2025-04-08 07:57:24,159.24,34.0,164.73,15.0,152.27,37.0,325.87,30.0,161.98,5.489999999999981,71.0,45.0,0.9881295462044338,116,26.0,6.0,0.22,159.6,5.0
2025-04-08 07:57:25,158.0,32.0,168.0,16.0,145.43,49.0,403.26,27.0,163.0,10.0,81.0,43.0,1.1988828133232838,124,38.0,8.0,0.31,159.6,
2025-04-08 07:57:26,145.0,36.0,163.33,9.0,58.67,42.0,194.27,15.0,154.17,18.330000000000013,78.0,24.0,3.431125179891339,102,54.0,-22.0,0.53,158.0,4.0
2025-04-08 07:57:28,163.0,9.0,212.0,9.0,128.76,51.0,229.0,36.0,187.5,49.0,60.0,45.0,14.671147535216154,105,15.0,9.0,0.14,158.0,
2025-04-08 07:57:29,153.76,21.0,210.92,12.0,134.22,69.0,229.0,48.0,182.34,57.16,90.0,60.0,16.89387847713107,150,30.0,45.0,0.2,159.67,6.0
2025-04-08 07:57:30,138.45,53.0,206.83,12.0,84.74,38.0,212.29,21.0,172.64,68.38000000000002,91.0,33.0,16.82984759289487,124,58.0,-26.0,0.47,159.67,
2025-04-08 07:57:31,145.58,38.0,204.62,8.0,108.4,40.0,249.0,32.0,175.1,59.03999999999999,78.0,40.0,14.602497046740403,118,38.0,-6.0,0.32,162.0,5.0
2025-04-08 07:57:32,133.0,48.0,183.91,11.0,69.78,27.0,265.04,28.0,158.45,50.91,75.0,39.0,11.061142798104513,114,36.0,-4.0,0.32,162.0,
2025-04-08 07:57:45,149.14,42.0,155.15,20.0,148.0,28.0,157.31,52.0,152.15,6.010000000000019,70.0,72.0,1.7749140824568483,142,-2.0,52.0,-0.01,154.2,10.0
2025-04-08 07:57:46,151.2,30.0,155.93,41.0,149.92,25.0,157.79,14.0,153.56,4.730000000000018,55.0,55.0,2.246575171255537,110,0.0,-32.0,0.0,154.2,
2025-04-08 07:57:47,153.9,30.0,155.36,33.0,126.5,40.0,160.5,12.0,154.63,1.460000000000008,70.0,45.0,2.434187749558358,115,25.0,5.0,0.22,156.17,6.0
2025-04-08 07:57:48,155.6,30.0,158.42,36.0,116.0,70.0,165.3,30.0,157.01,2.819999999999993,100.0,66.0,2.7990444798355227,166,34.0,51.0,0.2,156.17,
2025-04-08 07:57:49,143.65,31.0,311.48,27.0,134.29,49.0,543.22,27.0,227.56,167.83,80.0,54.0,32.79422616864248,134,26.0,-32.0,0.19,158.0,6.0
2025-04-08 07:57:50,149.0,12.0,320.7,10.0,121.67,42.0,464.29,28.0,234.85,171.7,54.0,38.0,41.80090991832657,92,16.0,-42.0,0.17,158.0,
2025-04-08 07:57:51,149.12,16.0,154.0,32.0,69.0,56.0,185.5,18.0,151.56,4.879999999999996,72.0,50.0,42.19097142754659,122,22.0,30.0,0.18,158.0,
2025-04-08 07:57:52,140.4,35.0,154.0,22.0,95.69,64.0,427.25,36.0,147.2,13.599999999999994,99.0,58.0,43.639395389946166,157,41.0,35.0,0.26,152.4,5.0
2025-04-08 07:57:53,136.21,77.0,153.67,9.0,124.92,49.0,156.82,17.0,144.94,17.45999999999998,126.0,26.0,45.76266731736753,152,100.0,-5.0,0.66,152.4,
2025-04-08 07:57:54,137.62,80.0,152.88,8.0,86.58,48.0,154.0,8.0,145.25,15.259999999999993,128.0,16.0,39.27045390621402,144,112.0,-8.0,0.78,152.4,
2025-04-08 07:57:55,138.33,90.0,151.44,9.0,81.3,61.0,154.0,9.0,144.89,13.109999999999983,151.0,18.0,2.8426519308744918,169,133.0,25.0,0.79,152.4,
2025-04-08 07:57:56,140.71,28.0,152.2,10.0,139.02,82.0,154.75,20.0,146.46,11.48999999999998,110.0,30.0,1.0310528599959614,140,80.0,-29.0,0.57,150.0,1.0
2025-04-08 07:57:57,141.41,27.0,199.56,9.0,140.97,72.0,334.7,23.0,170.48,58.150000000000006,99.0,32.0,11.240819809964908,131,67.0,-9.0,0.51,154.75,4.0
2025-04-08 07:57:58,144.75,36.0,206.3,23.0,141.14,63.0,355.64,33.0,175.53,61.55000000000001,99.0,56.0,15.163567192454794,155,43.0,24.0,0.28,154.33,6.0
2025-04-08 07:57:59,147.96,68.0,354.64,42.0,146.86,77.0,703.71,42.0,251.3,206.68,145.0,84.0,43.37691171579719,229,61.0,74.0,0.27,166.0,1.0
2025-04-08 07:58:00,150.5,8.0,292.0,24.0,148.29,35.0,510.0,24.0,221.25,141.5,43.0,48.0,42.35349843873635,91,-5.0,-138.0,-0.05,166.0,
2025-04-08 07:58:01,159.07,15.0,167.0,18.0,150.95,22.0,637.0,18.0,163.03,7.930000000000007,37.0,36.0,38.25068326187179,73,1.0,-18.0,0.01,159.2,5.0
2025-04-08 07:58:03,159.56,25.0,340.14,21.0,156.93,56.0,503.29,21.0,249.85,180.58,81.0,42.0,68.1182350769599,123,39.0,-69.0,0.32,167.0,1.0
2025-04-08 07:58:04,161.0,10.0,273.6,30.0,158.0,100.0,414.4,30.0,217.3,112.60000000000002,110.0,60.0,69.30457380288821,170,50.0,47.0,0.29,167.0,
2025-04-08 07:58:05,158.05,80.0,272.0,39.0,98.64,75.0,381.46,39.0,215.03,113.95,155.0,78.0,69.79038637233627,233,77.0,63.0,0.33,158.75,4.0
2025-04-08 07:58:06,158.05,44.0,271.25,24.0,87.15,59.0,358.0,24.0,214.65,113.2,103.0,48.0,58.62156557104192,151,55.0,-82.0,0.36,158.75,
2025-04-08 07:58:07,158.9,30.0,270.0,30.0,151.94,31.0,369.23,26.0,214.45,111.1,61.0,56.0,15.467633303126997,117,5.0,-34.0,0.04,158.0,4.0
2025-04-08 07:58:08,158.39,23.0,259.57,28.0,150.24,72.0,434.7,23.0,208.98,101.18,95.0,51.0,3.071753570847432,146,44.0,29.0,0.3,158.75,4.0
2025-04-08 07:58:09,152.94,32.0,199.96,46.0,131.43,56.0,291.92,39.0,176.45,47.02000000000001,88.0,85.0,16.656906075259723,173,3.0,27.0,0.02,158.0,2.0
2025-04-08 07:58:10,130.82,22.0,160.0,15.0,84.0,40.0,181.58,24.0,145.41,29.180000000000007,62.0,39.0,30.486781069834866,101,23.0,-72.0,0.23,158.0,
2025-04-08 07:58:11,119.41,29.0,156.0,6.0,87.17,59.0,158.0,6.0,137.71,36.59,88.0,12.0,35.23619445967541,100,76.0,-1.0,0.76,158.0,
2025-04-08 07:58:12,145.0,24.0,154.33,18.0,93.91,57.0,155.4,10.0,149.67,9.330000000000013,81.0,28.0,29.238973648199025,109,53.0,9.0,0.49,158.0,
2025-04-08 07:58:13,128.21,38.0,155.0,20.0,103.4,20.0,390.67,15.0,141.61,26.789999999999992,58.0,35.0,15.346589197606574,93,23.0,-16.0,0.25,154.5,4.0
2025-04-08 07:58:22,164.0,26.0,192.74,47.0,89.29,63.0,211.81,27.0,178.37,28.74000000000001,89.0,74.0,24.723942444523413,163,15.0,-45.0,0.09,154.5,
2025-04-08 07:58:23,164.0,16.0,177.0,24.0,160.0,8.0,188.57,28.0,170.5,13.0,24.0,52.0,25.45757549335944,76,-28.0,-87.0,-0.37,154.5,
2025-04-08 07:58:24,165.62,13.0,185.73,30.0,163.29,17.0,186.82,34.0,175.67,20.109999999999985,30.0,64.0,22.61249057490313,94,-34.0,18.0,-0.36,154.5,
2025-04-08 07:58:25,167.0,12.0,182.87,31.0,164.0,24.0,184.4,50.0,174.94,15.870000000000005,36.0,81.0,8.271083967659264,117,-45.0,23.0,-0.38,154.5,
2025-04-08 07:58:26,167.0,12.0,179.95,41.0,164.0,24.0,180.86,29.0,173.48,12.949999999999989,36.0,70.0,2.895577662585881,106,-34.0,-11.0,-0.32,154.5,
2025-04-08 07:58:27,167.0,13.0,176.84,63.0,164.0,26.0,178.0,41.0,171.92,9.840000000000003,39.0,104.0,2.1262220015952717,143,-65.0,37.0,-0.45,154.5,
2025-04-08 07:58:28,167.93,177.0,172.0,72.0,165.05,40.0,172.77,62.0,169.97,4.069999999999993,217.0,134.0,2.306410631277078,351,83.0,168.0,0.24,168.15,13.0
2025-04-08 07:58:29,167.0,8.0,169.25,40.0,164.0,16.0,171.0,16.0,168.12,2.25,24.0,56.0,2.716740694300729,80,-32.0,-168.0,-0.4,167.0,4.0
2025-04-08 07:58:30,167.0,13.0,168.0,57.0,164.0,26.0,171.0,26.0,167.5,1.0,39.0,83.0,2.5192300411179653,122,-44.0,42.0,-0.36,168.0,1.0
2025-04-08 07:58:31,166.14,7.0,168.27,22.0,163.77,13.0,201.0,13.0,167.21,2.130000000000024,20.0,35.0,1.9799065634702555,55,-15.0,-67.0,-0.27,167.0,1.0
2025-04-08 07:58:32,163.67,24.0,169.03,35.0,162.33,72.0,185.0,27.0,166.35,5.360000000000014,96.0,62.0,1.355304393881263,158,34.0,103.0,0.22,163.67,3.0
2025-04-08 07:58:33,163.0,16.0,165.86,21.0,162.0,96.0,167.22,23.0,164.43,2.8600000000000136,112.0,44.0,1.4308633757543276,156,68.0,-2.0,0.44,163.67,
2025-04-08 07:58:34,162.04,100.0,164.0,27.0,160.67,72.0,165.78,23.0,163.02,1.960000000000008,172.0,50.0,1.919497330051842,222,122.0,66.0,0.55,163.0,2.0
2025-04-08 07:58:35,162.0,63.0,163.5,16.0,160.0,36.0,204.8,10.0,162.75,1.5,99.0,26.0,1.9815953169295624,125,73.0,-97.0,0.58,162.0,4.0
2025-04-08 07:58:36,162.91,57.0,231.3,23.0,161.76,51.0,490.23,40.0,197.11,68.39000000000001,108.0,63.0,14.814716332082456,171,45.0,46.0,0.26,162.4,5.0
2025-04-08 07:58:37,163.96,112.0,357.1,41.0,162.78,51.0,527.8,44.0,260.53,193.14,163.0,85.0,42.27412825831006,248,78.0,77.0,0.31,162.4,
2025-04-08 07:58:38,164.0,95.0,267.4,30.0,161.47,45.0,444.08,52.0,215.7,103.39999999999998,140.0,82.0,40.84619774226284,222,58.0,-26.0,0.26,164.0,2.0
2025-04-08 07:58:39,164.0,84.0,264.58,24.0,160.11,47.0,385.0,30.0,214.29,100.57999999999998,131.0,54.0,35.365451785606055,185,77.0,-37.0,0.42,164.0,
2025-04-08 07:58:40,164.0,42.0,263.0,12.0,161.0,6.0,392.0,12.0,213.5,99.0,48.0,24.0,23.768265187009654,72,24.0,-113.0,0.33,164.0,
2025-04-08 07:58:41,164.0,67.0,260.31,32.0,162.0,28.0,353.5,36.0,212.16,96.31,95.0,68.0,20.88738925763609,163,27.0,91.0,0.17,164.0,5.0
2025-04-08 07:58:42,164.67,24.0,256.11,27.0,163.36,44.0,322.0,31.0,210.39,91.44000000000004,68.0,58.0,2.03134684385104,126,10.0,-37.0,0.08,164.0,
2025-04-08 07:58:43,165.0,24.0,248.62,21.0,164.0,24.0,251.41,51.0,206.81,83.62,48.0,72.0,2.975878021698073,120,-24.0,-6.0,-0.2,164.0,
2025-04-08 07:58:44,164.22,23.0,219.24,17.0,163.62,16.0,213.12,16.0,191.73,55.02000000000001,39.0,33.0,8.853573854666314,72,6.0,-48.0,0.08,163.75,8.0
2025-04-08 07:58:45,163.0,21.0,192.31,13.0,161.0,7.0,194.25,8.0,177.65,29.31,28.0,21.0,14.74611542068077,49,7.0,-23.0,0.14,163.75,
2025-04-08 07:58:46,165.5,32.0,191.4,25.0,162.5,16.0,192.91,11.0,178.45,25.90000000000001,48.0,36.0,15.34654619124601,84,12.0,35.0,0.14,163.75,
2025-04-08 07:58:47,167.0,45.0,189.76,17.0,163.0,27.0,190.5,38.0,178.38,22.75999999999999,72.0,55.0,12.73630951257291,127,17.0,43.0,0.13,163.75,
2025-04-08 07:58:48,164.29,31.0,186.75,12.0,161.71,17.0,188.82,33.0,175.52,22.460000000000008,48.0,45.0,6.473293597548501,93,3.0,-34.0,0.03,167.0,5.0
2025-04-08 07:58:49,163.0,45.0,186.43,14.0,161.0,11.0,188.7,40.0,174.71,23.430000000000007,56.0,54.0,1.7209793723535332,110,2.0,17.0,0.02,167.0,
2025-04-08 07:58:50,163.0,51.0,182.83,36.0,161.0,14.0,183.24,34.0,172.92,19.830000000000013,65.0,70.0,2.4004020496715714,135,-5.0,25.0,-0.04,163.0,2.0
2025-04-08 07:58:51,163.23,26.0,175.58,12.0,161.86,14.0,176.67,12.0,169.41,12.350000000000025,40.0,24.0,3.3187603107289374,64,16.0,-71.0,0.25,163.0,
2025-04-08 07:58:52,163.27,22.0,169.29,31.0,162.6,40.0,169.98,41.0,166.28,6.019999999999982,62.0,72.0,3.864527137965582,134,-10.0,70.0,-0.07,163.0,5.0
2025-04-08 07:58:53,162.0,63.0,164.75,16.0,159.96,57.0,265.92,26.0,163.38,2.75,120.0,42.0,4.651435262376025,162,78.0,28.0,0.48,163.0,3.0
2025-04-08 07:58:54,161.38,32.0,440.75,60.0,159.35,74.0,0.0,0.0,301.06,279.37,106.0,60.0,59.61333827257158,166,46.0,4.0,0.28,162.17,6.0
2025-04-08 07:58:57,159.0,72.0,460.71,21.0,156.0,12.0,642.83,30.0,309.86,301.71,84.0,51.0,113.58118294858484,135,33.0,-11.0,0.24,162.17,
2025-04-08 07:58:58,159.0,112.0,259.29,17.0,135.33,24.0,464.75,40.0,209.15,100.29000000000002,136.0,57.0,97.7557143086781,193,79.0,58.0,0.41,162.17,
2025-04-08 07:58:59,163.24,85.0,266.92,36.0,157.38,158.0,325.88,51.0,215.08,103.68,243.0,87.0,112.15681209806166,330,156.0,137.0,0.47,162.17,
2025-04-08 07:59:00,167.0,30.0,192.37,30.0,159.0,100.0,261.33,30.0,179.68,25.370000000000005,130.0,60.0,92.41639692175823,190,70.0,-140.0,0.37,162.17,
2025-04-08 07:59:01,167.0,27.0,189.81,21.0,160.5,48.0,191.91,33.0,178.4,22.81,75.0,54.0,53.76046205158599,129,21.0,-61.0,0.16,162.17,
2025-04-08 07:59:02,167.0,27.0,187.71,21.0,163.0,27.0,188.27,33.0,177.36,20.710000000000008,54.0,54.0,18.55976239072161,108,0.0,-21.0,0.0,162.17,
2025-04-08 07:59:03,167.0,30.0,184.61,18.0,163.0,30.0,187.38,42.0,175.81,17.610000000000014,60.0,60.0,16.72678032378172,120,0.0,12.0,0.0,167.0,3.0
2025-04-08 07:59:04,159.62,78.0,182.1,50.0,158.8,50.0,183.74,34.0,170.86,22.47999999999999,128.0,84.0,3.4175020117126778,212,44.0,92.0,0.21,160.71,7.0
2025-04-08 07:59:05,162.0,7.0,182.0,35.0,159.0,42.0,183.0,7.0,172.0,20.0,49.0,42.0,3.3113562176337674,91,7.0,-121.0,0.08,160.71,
2025-04-08 07:59:06,165.24,34.0,180.79,38.0,160.92,39.0,181.26,46.0,173.01,15.549999999999985,73.0,84.0,2.7028262985369493,157,-11.0,66.0,-0.07,160.71,
2025-04-08 07:59:07,166.65,46.0,180.0,9.0,165.71,28.0,181.0,45.0,173.33,13.349999999999994,74.0,54.0,1.8428700442689296,128,20.0,-29.0,0.16,160.71,
2025-04-08 07:59:08,167.73,22.0,179.57,7.0,166.4,20.0,181.0,35.0,173.65,11.840000000000003,42.0,42.0,1.1387054053021073,84,0.0,-44.0,0.0,167.0,4.0
2025-04-08 07:59:09,168.0,48.0,179.0,12.0,167.0,32.0,181.0,60.0,173.5,11.0,80.0,72.0,0.6583084383962049,152,8.0,68.0,0.05,167.0,
2025-04-08 07:59:10,168.0,26.0,177.55,31.0,167.0,33.0,178.51,35.0,172.77,9.550000000000011,59.0,66.0,0.3594718348681419,125,-7.0,-27.0,-0.06,168.0,2.0
2025-04-08 07:59:11,168.0,22.0,176.12,33.0,167.0,33.0,251.93,15.0,172.06,8.120000000000005,55.0,48.0,0.65166709297285,103,7.0,-22.0,0.07,168.0,
2025-04-08 07:59:12,168.0,28.0,172.75,36.0,167.0,42.0,174.26,38.0,170.38,4.75,70.0,74.0,1.3303646117002543,144,-4.0,41.0,-0.03,168.0,
2025-04-08 07:59:13,167.63,19.0,170.0,39.0,166.12,32.0,172.0,39.0,168.82,2.3700000000000045,51.0,78.0,1.8949353551151775,129,-27.0,-15.0,-0.21,167.5,4.0
2025-04-08 07:59:14,166.11,9.0,168.05,19.0,164.25,16.0,169.33,9.0,167.08,1.9399999999999975,25.0,28.0,2.330948304889433,53,-3.0,-76.0,-0.06,164.33,6.0
2025-04-08 07:59:15,160.31,32.0,167.55,22.0,158.79,38.0,168.21,19.0,163.93,7.240000000000009,70.0,41.0,3.1305398895508314,111,29.0,58.0,0.26,160.71,7.0
2025-04-08 07:59:16,159.0,30.0,164.25,20.0,158.0,20.0,166.22,23.0,161.62,5.25,50.0,43.0,3.5743083247072205,93,7.0,-18.0,0.08,160.71,
2025-04-08 07:59:17,141.8,20.0,159.83,18.0,127.33,24.0,161.64,14.0,150.82,18.03,44.0,32.0,7.073717551618521,76,12.0,-17.0,0.16,158.6,5.0
2025-04-08 07:59:18,116.0,20.0,155.21,24.0,110.3,37.0,156.22,23.0,135.6,39.21000000000001,57.0,47.0,12.845695777188702,104,10.0,28.0,0.1,153.67,3.0
2025-04-08 07:59:23,161.73,11.0,297.0,33.0,149.36,11.0,0.0,0.0,229.36,135.27,22.0,33.0,88.40683231515534,55,-11.0,14.0,-0.2,164.0,2.0
2025-04-08 07:59:24,162.96,72.0,301.65,26.0,159.83,6.0,426.5,12.0,232.31,138.68999999999997,78.0,38.0,63.11539368490042,116,40.0,61.0,0.34,163.0,2.0
2025-04-08 07:59:25,163.0,155.0,299.62,60.0,160.86,14.0,398.15,52.0,231.31,136.62,169.0,112.0,52.70398874848049,281,57.0,165.0,0.2,163.0,3.0
2025-04-08 07:59:26,163.0,76.0,233.33,36.0,161.0,8.0,267.75,28.0,198.17,70.33000000000001,84.0,64.0,55.74751160365799,148,20.0,-133.0,0.14,163.0,2.0
2025-04-08 07:59:27,163.0,104.0,269.62,65.0,161.0,13.0,358.23,47.0,216.31,106.62,117.0,112.0,14.543868811289853,229,5.0,81.0,0.02,163.0,
2025-04-08 07:59:28,163.0,26.0,294.75,40.0,161.0,8.0,628.75,40.0,228.88,131.75,34.0,80.0,14.48039640341416,114,-46.0,-115.0,-0.4,163.0,6.0
2025-04-08 07:59:29,160.93,29.0,293.22,51.0,155.38,42.0,348.31,58.0,227.07,132.29000000000002,71.0,109.0,13.659382123654453,180,-38.0,66.0,-0.21,160.6,5.0
2025-04-08 07:59:30,159.33,36.0,274.61,59.0,154.71,56.0,279.08,72.0,216.97,115.28,92.0,131.0,12.21099095077929,223,-39.0,43.0,-0.17,159.8,5.0
2025-04-08 07:59:31,159.0,22.0,219.45,49.0,152.0,32.0,220.26,34.0,189.22,60.44999999999999,54.0,83.0,15.86004571241885,137,-29.0,-86.0,-0.21,159.8,
2025-04-08 07:59:32,159.0,52.0,217.26,47.0,136.12,32.0,219.35,34.0,188.13,58.25999999999999,84.0,81.0,20.040651935504037,165,3.0,28.0,0.02,159.8,
2025-04-08 07:59:33,161.56,39.0,204.22,36.0,152.0,24.0,207.44,36.0,182.89,42.66,63.0,72.0,19.792419761111365,135,-9.0,-30.0,-0.07,159.8,
2025-04-08 07:59:34,163.0,50.0,202.12,32.0,159.17,70.0,204.47,30.0,182.56,39.120000000000005,120.0,62.0,14.302983255252768,182,58.0,47.0,0.32,159.8,
2025-04-08 07:59:35,166.79,76.0,180.94,32.0,164.42,45.0,201.12,34.0,173.86,14.150000000000006,121.0,66.0,6.086860438686732,187,55.0,5.0,0.29,159.8,
2025-04-08 07:59:36,168.0,39.0,169.0,14.0,167.0,28.0,170.0,28.0,168.5,1.0,67.0,42.0,7.868536712760112,109,25.0,-78.0,0.23,168.0,4.0
2025-04-08 07:59:37,167.13,23.0,225.61,23.0,166.38,32.0,252.75,32.0,196.37,58.48000000000002,55.0,55.0,10.598793799298674,110,0.0,1.0,0.0,168.0,5.0
2025-04-08 07:59:38,167.0,28.0,274.86,7.0,166.0,28.0,276.0,28.0,220.93,107.86,56.0,35.0,20.995471654622204,91,21.0,-19.0,0.23,168.0,
2025-04-08 07:59:39,167.0,20.0,274.0,5.0,166.0,20.0,276.0,20.0,220.5,107.0,40.0,25.0,24.84107626492935,65,15.0,-26.0,0.23,168.0,
2025-04-08 07:59:40,167.0,30.0,265.29,17.0,166.0,36.0,271.75,32.0,216.15,98.29000000000002,66.0,49.0,22.493131173761185,115,17.0,50.0,0.15,167.0,3.0
2025-04-08 07:59:41,166.06,16.0,230.8,15.0,162.55,29.0,264.67,21.0,198.43,64.74000000000001,45.0,36.0,12.10419679284919,81,9.0,-34.0,0.11,166.5,2.0
2025-04-08 07:59:42,166.0,42.0,220.32,31.0,162.0,96.0,229.14,42.0,193.16,54.31999999999999,138.0,73.0,13.084820594873335,211,65.0,130.0,0.31,166.5,
2025-04-08 07:59:43,166.0,24.0,215.38,8.0,164.0,56.0,217.25,20.0,190.69,49.38,80.0,28.0,13.650367394324164,108,52.0,-103.0,0.48,166.5,
2025-04-08 07:59:44,166.0,42.0,212.36,11.0,164.0,77.0,213.73,11.0,189.18,46.360000000000014,119.0,22.0,10.989984986342591,141,97.0,33.0,0.69,166.5,
2025-04-08 07:59:45,166.0,36.0,211.44,9.0,164.0,63.0,212.56,9.0,188.72,45.44,99.0,18.0,3.972119081805319,117,81.0,-24.0,0.69,166.5,
2025-04-08 07:59:46,164.65,49.0,208.3,10.0,162.8,70.0,212.0,10.0,186.48,43.650000000000006,119.0,20.0,2.476707491821476,139,99.0,22.0,0.71,165.0,8.0
2025-04-08 07:59:47,164.0,30.0,183.44,16.0,162.0,70.0,194.77,13.0,173.72,19.44,100.0,29.0,6.8964280609638,129,71.0,-10.0,0.55,165.0,
2025-04-08 07:59:48,162.29,41.0,165.78,9.0,161.4,35.0,167.33,9.0,164.04,3.490000000000009,76.0,18.0,11.130423172550753,94,58.0,-35.0,0.62,163.2,5.0
2025-04-08 07:59:49,162.0,45.0,163.33,9.0,161.0,27.0,165.0,9.0,162.67,1.3300000000000125,72.0,18.0,12.183373096152817,90,54.0,-4.0,0.6,163.2,
2025-04-08 07:59:50,162.0,28.0,163.0,7.0,161.0,21.0,249.0,20.0,162.5,1.0,49.0,27.0,10.378579864319857,76,22.0,-14.0,0.29,162.0,1.0
2025-04-08 07:59:51,162.0,16.0,225.62,21.0,161.0,15.0,369.05,21.0,193.81,63.620000000000005,31.0,42.0,13.39001008214946,73,-11.0,-3.0,-0.15,162.0,1.0
2025-04-08 07:59:52,162.0,18.0,199.0,25.0,161.0,18.0,281.96,23.0,180.5,37.0,36.0,48.0,14.018813430531944,84,-12.0,11.0,-0.14,162.0,
2025-04-08 07:59:53,163.11,18.0,191.0,40.0,161.37,27.0,340.0,20.0,177.06,27.889999999999983,45.0,60.0,13.191988856880531,105,-15.0,21.0,-0.14,163.67,6.0
2025-04-08 07:59:54,161.0,8.0,280.4,10.0,160.0,24.0,602.06,17.0,220.7,119.39999999999998,32.0,27.0,21.92790870101495,59,5.0,-46.0,0.08,163.67,
2025-04-08 07:59:55,161.0,12.0,300.0,30.0,160.0,36.0,442.67,15.0,230.5,139.0,48.0,45.0,23.990772809562262,93,3.0,34.0,0.03,163.67,
2025-04-08 07:59:56,160.53,38.0,293.08,60.0,159.97,71.0,344.75,24.0,226.8,132.54999999999998,109.0,84.0,26.12743232696288,193,25.0,100.0,0.13,161.0,2.0
2025-04-08 07:59:57,160.41,97.0,225.07,75.0,159.84,25.0,267.14,69.0,192.74,64.66,122.0,144.0,23.4465519853138,266,-22.0,73.0,-0.08,160.0,3.0
2025-04-08 07:59:58,165.67,27.0,200.85,41.0,162.8,15.0,376.78,45.0,183.26,35.18000000000001,42.0,86.0,21.3700444547975,128,-44.0,-138.0,-0.34,160.0,
2025-04-08 07:59:59,167.0,65.0,198.37,27.0,164.0,26.0,200.03,40.0,182.69,31.370000000000005,91.0,67.0,23.6110423319266,158,24.0,30.0,0.15,160.0,
2025-04-08 08:00:00,163.54,26.0,190.18,22.0,162.43,21.0,192.27,22.0,176.86,26.64000000000001,47.0,44.0,20.01728253285249,91,3.0,-67.0,0.03,164.0,2.0
2025-04-08 08:00:01,163.0,36.0,190.0,18.0,162.0,21.0,196.87,23.0,176.5,27.0,57.0,41.0,6.581040951099744,98,16.0,7.0,0.16,164.0,
2025-04-08 08:00:02,163.0,119.0,188.82,22.0,162.0,30.0,192.68,28.0,175.91,25.819999999999997,149.0,50.0,3.610114956626078,199,99.0,101.0,0.5,163.0,1.0
2025-04-08 08:00:03,163.0,77.0,186.69,16.0,162.0,21.0,187.84,19.0,174.84,23.69,98.0,35.0,3.076174572428728,133,63.0,-66.0,0.47,163.0,
2025-04-08 08:00:04,164.0,154.0,183.62,37.0,162.98,146.0,184.57,42.0,173.81,19.620000000000005,300.0,79.0,1.252409677405478,379,221.0,168.0,0.58,163.0,
2025-04-08 08:00:05,165.74,211.0,180.22,23.0,163.65,31.0,181.63,27.0,172.98,14.47999999999999,242.0,50.0,1.450506808001832,292,192.0,-87.0,0.66,163.0,
2025-04-08 08:00:06,166.0,185.0,178.04,25.0,164.0,14.0,179.2,15.0,172.02,12.039999999999992,199.0,40.0,1.5257686587620511,239,159.0,-53.0,0.67,166.0,3.0
2025-04-08 08:00:07,166.0,230.0,176.23,35.0,164.0,22.0,177.29,42.0,171.11,10.22999999999999,252.0,77.0,1.4631370407660056,329,175.0,90.0,0.53,166.0,
2025-04-08 08:00:08,166.03,220.0,173.45,38.0,165.2,60.0,175.46,35.0,169.74,7.4199999999999875,280.0,73.0,1.590084903413185,353,207.0,24.0,0.59,166.6,5.0
2025-04-08 08:00:09,166.0,200.0,168.74,35.0,163.02,128.0,169.88,32.0,167.37,2.740000000000009,328.0,67.0,2.1853901253698,395,261.0,42.0,0.66,166.0,8.0
2025-04-08 08:00:10,166.0,93.0,167.0,30.0,163.16,86.0,172.46,37.0,166.5,1.0,179.0,67.0,2.367566260966136,246,112.0,-149.0,0.46,166.0,4.0
2025-04-08 08:00:11,166.0,32.0,167.0,16.0,164.0,16.0,235.88,16.0,166.5,1.0,48.0,32.0,2.079598518961365,80,16.0,-166.0,0.2,166.0,
2025-04-08 08:00:12,166.0,32.0,290.18,22.0,164.0,22.0,399.45,22.0,228.09,124.18,54.0,44.0,27.11680567471128,98,10.0,18.0,0.1,166.0,2.0
2025-04-08 08:00:13,166.0,15.0,394.94,34.0,164.0,44.0,438.38,26.0,280.47,228.94,59.0,60.0,51.37542437780957,119,-1.0,21.0,-0.01,166.0,1.0
2025-04-08 08:00:14,166.0,12.0,390.0,36.0,164.0,60.0,423.04,45.0,278.0,224.0,72.0,81.0,56.42262462877818,153,-9.0,34.0,-0.06,166.0,
2025-04-08 08:00:15,166.0,4.0,368.12,16.0,164.0,20.0,433.6,10.0,267.06,202.12,24.0,26.0,48.15911056072344,50,-2.0,-103.0,-0.04,166.0,
2025-04-08 08:00:16,166.0,9.0,293.38,37.0,164.0,45.0,336.06,35.0,229.69,127.38,54.0,72.0,25.855838218862093,126,-18.0,76.0,-0.14,166.0,
2025-04-08 08:00:17,166.0,9.0,246.0,27.0,164.0,45.0,316.0,27.0,206.0,80.0,54.0,54.0,32.88914304143503,108,0.0,-18.0,0.0,166.0,
2025-04-08 08:00:18,166.0,13.0,246.0,39.0,164.0,65.0,377.78,27.0,206.0,80.0,78.0,66.0,33.761765356686986,144,12.0,36.0,0.08,166.0,
2025-04-08 08:00:19,165.38,13.0,241.47,32.0,163.88,51.0,392.09,23.0,203.43,76.09,64.0,55.0,27.13592692354556,119,9.0,-25.0,0.08,164.5,4.0
2025-04-08 08:00:20,165.57,46.0,244.89,27.0,163.35,23.0,405.92,24.0,205.23,79.32,69.0,51.0,11.018046560076666,120,18.0,1.0,0.15,164.5,
2025-04-08 08:00:21,166.0,54.0,244.0,18.0,164.0,36.0,311.52,21.0,205.0,78.0,90.0,39.0,1.0524590253413568,129,51.0,9.0,0.4,164.5,
2025-04-08 08:00:22,166.0,99.0,243.0,33.0,164.0,22.0,312.0,22.0,204.5,77.0,121.0,55.0,0.9521922074995148,176,66.0,47.0,0.38,164.5,
2025-04-08 08:00:23,166.0,57.0,235.67,30.0,164.0,18.0,270.17,24.0,200.83,69.66999999999999,75.0,54.0,1.798101776881353,129,21.0,-47.0,0.16,166.0,5.0
2025-04-08 08:00:24,166.88,16.0,237.72,47.0,165.4,40.0,239.07,43.0,202.3,70.84,56.0,90.0,1.922620607406493,146,-34.0,17.0,-0.23,166.5,4.0
2025-04-08 08:00:25,166.0,11.0,234.55,33.0,164.0,22.0,236.36,33.0,200.27,68.55000000000001,33.0,66.0,2.122486749081177,99,-33.0,-47.0,-0.33,166.5,
2025-04-08 08:00:26,167.0,70.0,230.71,42.0,166.0,14.0,232.86,42.0,198.86,63.71000000000001,84.0,84.0,2.148364494220309,168,0.0,69.0,0.0,166.5,
2025-04-08 08:00:27,167.0,60.0,220.42,36.0,166.0,12.0,221.42,36.0,193.71,53.41999999999999,72.0,72.0,3.3040626507420834,144,0.0,-24.0,0.0,166.5,
2025-04-08 08:00:28,167.0,75.0,218.06,54.0,166.0,18.0,219.17,54.0,192.53,51.06,93.0,108.0,4.231480828271653,201,-15.0,57.0,-0.07,167.0,1.0
2025-04-08 08:00:29,167.0,44.0,214.73,33.0,166.0,11.0,216.0,33.0,190.86,47.72999999999999,55.0,66.0,4.101052303986484,121,-11.0,-80.0,-0.09,167.0,
2025-04-08 08:00:30,167.0,48.0,210.17,36.0,166.0,36.0,211.25,36.0,188.58,43.16999999999999,84.0,72.0,3.845070870612817,156,12.0,35.0,0.08,167.0,
2025-04-08 08:00:31,167.0,36.0,205.56,27.0,166.0,9.0,206.67,27.0,186.28,38.56,45.0,54.0,2.999628310314096,99,-9.0,-57.0,-0.09,167.0,
2025-04-08 08:00:32,165.95,43.0,203.0,30.0,164.31,16.0,204.0,30.0,184.48,37.05000000000001,59.0,60.0,3.274718308502232,119,-1.0,20.0,-0.01,166.8,5.0
2025-04-08 08:00:33,163.23,31.0,198.07,45.0,162.06,153.0,202.53,45.0,180.65,34.84,184.0,90.0,3.909693082588732,274,94.0,155.0,0.34,163.83,6.0
2025-04-08 08:00:34,163.0,11.0,194.32,28.0,162.0,120.0,195.9,30.0,178.66,31.319999999999997,131.0,58.0,4.055206529887802,189,73.0,-85.0,0.39,163.0,1.0
2025-04-08 08:00:35,162.58,19.0,174.42,36.0,161.87,141.0,175.05,22.0,168.5,11.839999999999977,160.0,58.0,6.9564344315208535,218,102.0,29.0,0.47,162.2,5.0
2025-04-08 08:00:36,161.39,127.0,169.0,45.0,159.85,133.0,170.47,45.0,165.19,7.610000000000014,260.0,90.0,8.252946746469007,350,170.0,132.0,0.49,162.2,
2025-04-08 08:00:37,160.0,37.0,168.19,26.0,159.0,50.0,369.0,18.0,164.1,8.189999999999998,87.0,44.0,7.722243844897537,131,43.0,-168.0,0.33,163.0,8.0
2025-04-08 08:00:38,159.37,19.0,169.0,30.0,146.09,43.0,493.56,18.0,164.18,9.629999999999995,62.0,48.0,6.15436268025061,110,14.0,-21.0,0.13,159.5,2.0
2025-04-08 08:00:39,165.6,10.0,168.44,27.0,160.17,12.0,306.77,13.0,167.02,2.8400000000000034,22.0,40.0,1.9147375799477135,62,-18.0,-48.0,-0.29,159.5,
2025-04-08 08:00:40,167.0,12.0,168.0,18.0,166.0,6.0,355.17,6.0,167.5,1.0,18.0,24.0,1.585944513551542,42,-6.0,-20.0,-0.14,159.5,
2025-04-08 08:00:41,166.71,14.0,167.67,27.0,162.95,21.0,201.11,9.0,167.19,0.9599999999999796,35.0,36.0,1.705057183810499,71,-1.0,29.0,-0.01,167.0,2.0
2025-04-08 08:00:42,162.57,21.0,166.5,36.0,161.14,21.0,345.18,44.0,164.54,3.930000000000007,42.0,80.0,1.5900880478966215,122,-38.0,51.0,-0.31,163.33,3.0
2025-04-08 08:00:43,162.0,14.0,165.55,11.0,160.0,7.0,320.55,11.0,163.77,3.550000000000012,21.0,22.0,1.718350953694785,43,-1.0,-79.0,-0.02,166.0,2.0
2025-04-08 08:00:44,162.0,28.0,269.0,38.0,160.0,14.0,286.28,18.0,215.5,107.0,42.0,56.0,22.307905549379864,98,-14.0,55.0,-0.14,166.0,
2025-04-08 08:00:45,162.0,25.0,271.5,28.0,159.26,23.0,273.88,16.0,216.75,109.5,48.0,44.0,27.94333820430268,92,4.0,-6.0,0.04,166.0,
2025-04-08 08:00:46,162.0,30.0,170.36,25.0,159.0,50.0,174.83,18.0,166.18,8.360000000000014,80.0,43.0,28.112381080229436,123,37.0,31.0,0.3,166.0,1.0
2025-04-08 08:00:47,162.0,27.0,166.08,25.0,159.0,45.0,168.38,13.0,164.04,4.0800000000000125,72.0,38.0,28.205637202517547,110,34.0,-13.0,0.31,166.0,
2025-04-08 08:00:48,162.0,27.0,164.69,13.0,159.0,21.0,165.26,23.0,163.35,2.6899999999999977,48.0,36.0,28.28610312503372,84,12.0,-26.0,0.14,166.0,
2025-04-08 08:00:49,161.86,22.0,163.36,14.0,158.39,18.0,166.81,16.0,162.61,1.5,40.0,30.0,23.608018341234285,70,10.0,-14.0,0.14,162.0,3.0
2025-04-08 08:00:50,160.0,78.0,278.69,32.0,159.0,8.0,317.56,32.0,219.34,118.69,86.0,64.0,24.764541788614903,150,22.0,80.0,0.15,162.0,2.0
2025-04-08 08:00:51,167.0,6.0,235.83,30.0,160.0,54.0,283.17,30.0,201.42,68.83000000000001,60.0,60.0,26.54078314594438,120,0.0,-30.0,0.0,162.0,
2025-04-08 08:00:52,167.0,11.0,270.36,55.0,159.21,89.0,391.6,25.0,218.68,103.36,100.0,80.0,28.4024514787022,180,20.0,60.0,0.11,162.0,
2025-04-08 08:00:53,167.0,11.0,434.9,48.0,158.0,77.0,517.38,45.0,300.95,267.9,88.0,93.0,50.4779877768518,181,-5.0,1.0,-0.03,162.0,
2025-04-08 08:00:54,167.0,9.0,390.93,43.0,160.74,69.0,455.11,45.0,278.97,223.93,78.0,88.0,43.38316459180881,166,-10.0,-15.0,-0.06,162.0,
2025-04-08 08:00:55,167.6,15.0,215.67,60.0,163.64,59.0,390.0,75.0,191.63,48.06999999999999,74.0,135.0,48.73970301509828,209,-61.0,43.0,-0.29,162.0,
2025-04-08 08:00:56,168.0,9.0,256.0,36.0,167.0,9.0,394.76,37.0,212.0,88.0,18.0,73.0,46.9328459610109,91,-55.0,-118.0,-0.6,162.0,
2025-04-08 08:00:58,163.5,14.0,399.83,35.0,152.6,10.0,458.46,35.0,281.66,236.33,24.0,70.0,39.92353403695592,94,-46.0,44.0,-0.49,165.33,3.0
2025-04-08 08:00:59,161.05,21.0,437.5,50.0,149.4,68.0,619.2,40.0,299.27,276.45,89.0,90.0,45.43591387878065,179,-1.0,85.0,-0.01,162.0,2.0
2025-04-08 08:01:00,158.0,86.0,302.09,57.0,108.31,103.0,407.97,67.0,230.04,144.08999999999995,189.0,124.0,36.58567588551514,313,65.0,134.0,0.21,158.0,4.0
2025-04-08 08:01:01,158.0,16.0,275.0,24.0,109.59,44.0,306.24,34.0,216.5,117.0,60.0,58.0,35.37647777831992,118,2.0,-168.0,0.02,158.0,
2025-04-08 08:01:02,134.18,22.0,218.56,18.0,109.74,47.0,263.12,51.0,176.37,84.38,69.0,69.0,49.864235379678455,138,0.0,20.0,0.0,158.0,2.0
2025-04-08 08:01:03,152.77,26.0,278.83,29.0,122.4,15.0,316.06,34.0,215.8,126.05999999999996,41.0,63.0,44.80375352579279,104,-22.0,-34.0,-0.21,158.0,
2025-04-08 08:01:04,167.0,48.0,269.38,26.0,162.91,46.0,277.43,37.0,218.19,102.38,94.0,63.0,20.40847005534731,157,31.0,53.0,0.2,167.0,3.0
2025-04-08 08:01:05,167.0,43.0,237.23,53.0,163.64,117.0,237.93,42.0,202.11,70.22999999999999,160.0,95.0,17.66170235283151,255,65.0,98.0,0.25,167.0,3.0
2025-04-08 08:01:06,165.5,30.0,228.45,20.0,163.82,99.0,232.92,36.0,196.97,62.94999999999999,129.0,56.0,16.84267852807322,185,73.0,-70.0,0.39,165.0,6.0
2025-04-08 08:01:07,165.63,163.0,218.17,35.0,163.49,71.0,218.58,36.0,191.9,52.53999999999999,234.0,71.0,11.565670322122063,305,163.0,120.0,0.53,165.0,
2025-04-08 08:01:08,166.0,185.0,215.97,30.0,164.0,50.0,217.26,27.0,190.98,49.97,235.0,57.0,11.08461772006688,292,178.0,-13.0,0.61,166.0,1.0
2025-04-08 08:01:09,166.0,153.0,189.71,17.0,164.0,45.0,212.11,36.0,177.85,23.710000000000008,198.0,53.0,9.05785129045681,251,145.0,-41.0,0.58,166.0,1.0
2025-04-08 08:01:10,166.0,153.0,176.37,38.0,164.0,45.0,177.58,19.0,171.18,10.370000000000005,198.0,57.0,10.790682554872848,255,141.0,4.0,0.55,166.0,
2025-04-08 08:01:11,166.0,187.0,174.24,33.0,164.0,55.0,175.13,30.0,170.12,8.240000000000009,242.0,63.0,10.504469524923351,305,179.0,50.0,0.59,166.0,
2025-04-08 08:01:12,166.0,181.0,171.86,35.0,164.0,55.0,172.87,23.0,168.93,5.860000000000014,236.0,58.0,9.157481640715892,294,178.0,-11.0,0.61,166.0,4.0
2025-04-08 08:01:13,166.0,182.0,170.71,49.0,164.0,70.0,171.38,56.0,168.36,4.710000000000008,252.0,105.0,3.826521919452956,357,147.0,63.0,0.41,166.0,5.0
2025-04-08 08:01:14,166.0,103.0,168.59,29.0,164.0,50.0,170.91,67.0,167.29,2.5900000000000034,153.0,96.0,1.5157935215775302,249,57.0,-108.0,0.23,166.0,3.0
2025-04-08 08:01:15,165.67,72.0,168.73,59.0,163.9,40.0,183.46,71.0,167.2,3.0600000000000023,112.0,130.0,1.2156274100468996,242,-18.0,-7.0,-0.07,166.0,5.0
2025-04-08 08:01:16,165.5,36.0,168.56,45.0,163.82,33.0,188.1,62.0,167.03,3.0600000000000023,69.0,107.0,0.8361040605439158,176,-38.0,-66.0,-0.22,167.0,2.0
2025-04-08 08:01:17,164.0,30.0,168.52,48.0,163.0,42.0,317.06,17.0,166.26,4.52000000000001,72.0,65.0,0.7520438817373848,137,7.0,-39.0,0.05,168.0,2.0
2025-04-08 08:01:18,164.0,13.0,166.86,21.0,163.0,11.0,331.0,14.0,165.43,2.8600000000000136,24.0,35.0,0.7900443025927623,59,-11.0,-78.0,-0.19,168.0,
2025-04-08 08:01:19,162.11,110.0,256.12,25.0,160.38,48.0,425.81,21.0,209.11,94.01,158.0,46.0,19.077639529041587,204,112.0,145.0,0.55,162.43,7.0
2025-04-08 08:01:20,162.08,100.0,243.5,40.0,161.21,106.0,352.4,10.0,202.79,81.41999999999999,206.0,50.0,21.871858174376538,256,156.0,52.0,0.61,162.43,
2025-04-08 08:01:21,164.0,8.0,199.76,21.0,162.0,128.0,326.43,14.0,181.88,35.75999999999999,136.0,35.0,20.25857176604606,171,101.0,-85.0,0.59,162.43,
2025-04-08 08:01:22,162.06,72.0,301.38,24.0,160.83,77.0,316.72,18.0,231.72,139.32,149.0,42.0,25.51421623330851,191,107.0,20.0,0.56,162.67,3.0
2025-04-08 08:01:23,162.29,98.0,298.96,55.0,161.37,143.0,300.34,53.0,230.62,136.67,241.0,108.0,20.814433213518186,349,133.0,158.0,0.38,162.67,
2025-04-08 08:01:24,162.9,49.0,295.07,60.0,161.9,177.0,296.35,57.0,228.98,132.17,226.0,117.0,22.16306431881666,343,109.0,-6.0,0.32,163.2,5.0
2025-04-08 08:01:25,162.0,117.0,292.35,34.0,160.0,81.0,294.53,43.0,227.18,130.35000000000002,198.0,77.0,21.42102425188857,275,121.0,-68.0,0.44,163.2,
2025-04-08 08:01:26,162.0,143.0,204.9,51.0,160.0,99.0,217.84,45.0,183.45,42.900000000000006,242.0,96.0,20.72123065843335,338,146.0,63.0,0.43,163.2,
2025-04-08 08:01:27,162.0,57.0,171.2,25.0,160.0,45.0,173.0,20.0,166.6,9.199999999999989,102.0,45.0,30.142784874659696,147,57.0,-168.0,0.39,162.0,4.0
2025-04-08 08:01:28,162.0,144.0,170.06,80.0,160.0,144.0,173.0,64.0,166.03,8.060000000000002,288.0,144.0,31.495605566491783,432,144.0,168.0,0.33,162.0,
2025-04-08 08:01:29,162.0,35.0,169.29,35.0,160.0,63.0,173.0,28.0,165.64,7.289999999999992,98.0,63.0,26.471415715825305,161,35.0,-168.0,0.22,162.0,4.0
2025-04-08 08:01:30,162.0,65.0,167.9,52.0,160.0,117.0,172.62,50.0,164.95,5.900000000000006,182.0,102.0,7.913875788768552,284,80.0,123.0,0.28,167.17,6.0
2025-04-08 08:01:31,162.0,55.0,167.33,36.0,160.0,108.0,216.0,12.0,164.67,5.3300000000000125,163.0,48.0,0.7860470724209032,211,115.0,-73.0,0.55,162.0,1.0
2025-04-08 08:01:32,162.0,48.0,166.0,36.0,160.0,108.0,216.0,12.0,164.0,4.0,156.0,48.0,0.8007933566545499,204,108.0,-7.0,0.53,162.0,
2025-04-08 08:01:33,162.0,28.0,165.57,21.0,160.0,63.0,178.95,19.0,163.79,3.569999999999993,91.0,40.0,0.7457546513851364,131,51.0,-73.0,0.39,162.0,
2025-04-08 08:01:34,161.52,21.0,165.9,29.0,159.83,76.0,175.0,30.0,163.71,4.379999999999996,97.0,59.0,0.5542382159892993,156,38.0,25.0,0.24,161.0,8.0
2025-04-08 08:01:35,160.0,51.0,165.39,44.0,159.0,49.0,166.02,46.0,162.69,5.389999999999986,100.0,90.0,0.7129656373651616,190,10.0,34.0,0.05,163.67,3.0
2025-04-08 08:01:36,159.34,32.0,162.02,43.0,128.36,28.0,212.76,33.0,160.68,2.680000000000007,60.0,76.0,1.3787059150030487,136,-16.0,-54.0,-0.12,160.0,4.0
2025-04-08 08:01:37,159.0,51.0,161.23,39.0,101.0,16.0,162.77,35.0,160.12,2.2299999999999898,67.0,74.0,1.7091723143279711,141,-7.0,5.0,-0.05,160.0,
2025-04-08 08:01:38,155.94,17.0,265.31,26.0,140.05,21.0,221.84,19.0,210.62,109.37,38.0,45.0,21.881675667097685,83,-7.0,-58.0,-0.08,161.25,8.0
2025-04-08 08:01:39,163.0,10.0,361.51,37.0,155.11,19.0,496.46,13.0,262.26,198.51,29.0,50.0,45.102354483996,79,-21.0,-4.0,-0.27,161.25,
2025-04-08 08:01:41,164.0,9.0,415.83,24.0,163.0,9.0,509.0,9.0,289.92,251.83,18.0,33.0,65.01352997645931,51,-15.0,1.0,-0.29,161.25,
2025-04-08 08:01:42,163.04,26.0,244.0,40.0,160.05,55.0,419.0,10.0,203.52,80.96000000000001,81.0,50.0,51.620793097355296,131,31.0,80.0,0.24,164.0,1.0
2025-04-08 08:01:43,166.57,96.0,252.55,47.0,158.03,80.0,371.8,35.0,209.56,85.98000000000002,176.0,82.0,51.86635441208457,258,94.0,127.0,0.36,160.75,4.0
2025-04-08 08:01:44,167.0,43.0,296.56,18.0,162.0,30.0,485.67,6.0,231.78,129.56,73.0,24.0,53.009113178773056,97,49.0,-161.0,0.51,167.0,1.0
2025-04-08 08:01:45,167.0,49.0,376.26,19.0,162.0,35.0,511.86,7.0,271.63,209.26,84.0,26.0,38.10904774459713,110,58.0,13.0,0.53,167.0,
2025-04-08 08:01:46,167.12,52.0,365.96,27.0,164.07,28.0,502.75,12.0,266.54,198.84,80.0,39.0,31.512635243660416,119,41.0,9.0,0.34,167.0,4.0
2025-04-08 08:01:48,163.67,21.0,319.4,30.0,162.06,17.0,417.04,27.0,241.53,155.73,38.0,57.0,16.722044432424255,95,-19.0,22.0,-0.2,166.0,4.0
2025-04-08 08:01:49,162.49,37.0,329.0,40.0,160.73,33.0,575.69,13.0,245.74,166.51,70.0,53.0,13.240757153575768,123,17.0,28.0,0.14,166.0,
2025-04-08 08:01:50,164.0,36.0,306.42,33.0,162.0,48.0,372.24,42.0,235.21,142.42000000000002,84.0,75.0,11.814805542198997,159,9.0,36.0,0.06,166.0,
2025-04-08 08:01:51,164.0,45.0,193.67,9.0,162.0,36.0,302.9,21.0,178.83,29.669999999999987,81.0,30.0,29.27554320589108,111,51.0,-48.0,0.46,166.0,
2025-04-08 08:01:52,164.0,120.0,211.21,33.0,162.0,40.0,261.04,28.0,187.61,47.21000000000001,160.0,61.0,31.92553961955865,221,99.0,110.0,0.45,166.0,
2025-04-08 08:01:53,164.0,120.0,199.48,23.0,162.0,40.0,203.43,30.0,181.74,35.47999999999999,160.0,53.0,32.00503444772435,213,107.0,-8.0,0.5,166.0,
2025-04-08 08:01:54,164.0,96.0,197.54,28.0,162.29,17.0,199.0,28.0,180.77,33.53999999999999,113.0,56.0,23.915185970425497,169,57.0,-44.0,0.34,166.0,
2025-04-08 08:01:55,164.05,152.0,192.17,59.0,163.19,256.0,193.33,66.0,178.11,28.119999999999976,408.0,125.0,3.7584863974809073,533,283.0,168.0,0.53,165.0,2.0
2025-04-08 08:01:56,164.04,135.0,188.63,54.0,163.06,199.0,189.72,50.0,176.34,24.590000000000003,334.0,104.0,4.310548688977955,438,230.0,-95.0,0.53,165.0,
2025-04-08 08:01:57,166.0,36.0,186.03,40.0,164.0,144.0,187.77,52.0,176.01,20.03,180.0,92.0,2.579928293587265,272,88.0,-166.0,0.32,165.0,
2025-04-08 08:01:58,166.0,42.0,184.36,53.0,164.0,168.0,186.0,51.0,175.18,18.360000000000014,210.0,104.0,2.223481504320099,314,106.0,42.0,0.34,165.0,
2025-04-08 08:01:59,166.0,31.0,180.98,41.0,164.0,156.0,182.0,46.0,173.49,14.97999999999999,187.0,87.0,1.6873736989935744,274,100.0,-40.0,0.36,166.0,2.0
2025-04-08 08:02:00,164.04,138.0,173.32,60.0,163.12,291.0,175.5,64.0,168.68,9.28,429.0,124.0,3.1405652357589178,553,305.0,168.0,0.55,164.5,4.0
2025-04-08 08:02:01,164.0,83.0,167.02,45.0,163.0,204.0,168.44,48.0,165.51,3.0200000000000102,287.0,93.0,4.50831786812555,380,194.0,-168.0,0.51,164.0,4.0
2025-04-08 08:02:02,163.2,171.0,165.28,50.0,162.79,151.0,166.77,56.0,164.24,2.0800000000000125,322.0,106.0,4.806521611317577,428,216.0,48.0,0.5,164.0,5.0
2025-04-08 08:02:03,163.0,144.0,169.69,26.0,162.0,48.0,192.62,45.0,166.35,6.689999999999998,192.0,71.0,3.642256168924006,263,121.0,-165.0,0.46,163.22,9.0
2025-04-08 08:02:04,163.0,80.0,201.0,32.0,162.0,32.0,229.0,40.0,182.0,38.0,112.0,72.0,7.251360561995447,184,40.0,-79.0,0.22,163.22,
2025-04-08 08:02:05,163.0,115.0,175.81,42.0,160.38,48.0,348.56,32.0,169.4,12.810000000000002,163.0,74.0,7.24172286131296,237,89.0,53.0,0.38,164.6,5.0
2025-04-08 08:02:06,164.15,52.0,247.71,7.0,161.67,36.0,472.0,35.0,205.93,83.56,88.0,42.0,17.278886827572347,130,46.0,-107.0,0.35,163.0,1.0
2025-04-08 08:02:07,168.0,42.0,179.0,35.0,163.2,50.0,190.0,7.0,173.5,11.0,92.0,42.0,15.935078600372542,134,50.0,4.0,0.37,163.0,
2025-04-08 08:02:08,168.0,48.0,177.62,32.0,163.17,58.0,179.31,36.0,172.81,9.620000000000005,106.0,68.0,14.83257462479287,174,38.0,40.0,0.22,163.0,
2025-04-08 08:02:09,168.0,30.0,177.0,20.0,163.09,33.0,422.0,5.0,172.5,9.0,63.0,25.0,15.23198181459168,88,38.0,-86.0,0.43,163.0,
2025-04-08 08:02:10,168.0,84.0,175.79,56.0,166.0,14.0,453.14,14.0,171.89,7.789999999999992,98.0,70.0,14.8833944380995,168,28.0,80.0,0.17,163.0,
2025-04-08 08:02:11,168.0,84.0,173.41,54.0,166.0,14.0,369.97,38.0,170.7,5.409999999999997,98.0,92.0,1.0566692955032282,190,6.0,22.0,0.03,163.0,
2025-04-08 08:02:12,168.0,32.0,171.13,46.0,166.0,14.0,172.32,38.0,169.57,3.1299999999999955,46.0,84.0,1.344704428512149,130,-38.0,-60.0,-0.29,168.0,4.0
2025-04-08 08:02:13,167.14,14.0,169.0,20.0,163.23,52.0,248.32,22.0,168.07,1.8600000000000136,66.0,42.0,1.7840487661667932,108,24.0,-22.0,0.22,168.0,2.0
2025-04-08 08:02:14,167.9,78.0,212.19,31.0,163.66,41.0,330.41,27.0,190.05,44.28999999999999,119.0,58.0,9.051501532898136,177,61.0,69.0,0.34,168.0,2.0
2025-04-08 08:02:15,168.0,128.0,219.31,32.0,166.0,16.0,321.14,28.0,193.66,51.31,144.0,60.0,12.374948484743364,204,84.0,27.0,0.41,168.0,
2025-04-08 08:02:16,168.0,62.0,217.2,20.0,166.0,10.0,534.56,16.0,192.6,49.19999999999999,72.0,36.0,12.831089197727788,108,36.0,-96.0,0.33,168.0,6.0
2025-04-08 08:02:17,168.0,20.0,217.0,20.0,166.0,10.0,551.0,34.0,192.5,49.0,30.0,54.0,10.873202380165708,84,-24.0,-24.0,-0.29,168.0,
2025-04-08 08:02:20,166.55,11.0,216.09,22.0,163.91,11.0,425.13,31.0,191.32,49.53999999999999,22.0,53.0,0.6703133595826024,75,-31.0,17.0,-0.41,168.5,4.0
2025-04-08 08:02:21,163.2,25.0,214.0,16.0,160.21,56.0,215.0,32.0,188.6,50.80000000000001,81.0,48.0,1.8366600120969037,129,33.0,54.0,0.26,163.25,4.0
2025-04-08 08:02:22,163.73,15.0,213.5,8.0,160.75,16.0,215.0,16.0,188.62,49.77000000000001,31.0,24.0,2.181394049693144,55,7.0,-74.0,0.13,164.0,5.0
2025-04-08 08:02:23,162.0,16.0,211.76,17.0,160.0,80.0,214.37,27.0,186.88,49.75999999999999,96.0,44.0,2.4414094290057182,140,52.0,85.0,0.37,164.0,
2025-04-08 08:02:24,163.96,23.0,195.5,20.0,160.27,60.0,202.5,16.0,179.73,31.539999999999992,83.0,36.0,4.379200840340742,119,47.0,-21.0,0.39,164.0,
2025-04-08 08:02:25,167.0,48.0,190.31,48.0,162.0,32.0,192.38,48.0,178.66,23.31,80.0,96.0,4.906813630049957,176,-16.0,57.0,-0.09,164.0,
2025-04-08 08:02:26,164.87,55.0,187.4,45.0,163.03,39.0,189.87,45.0,176.14,22.53,94.0,90.0,5.437984920910232,184,4.0,8.0,0.02,166.2,5.0
2025-04-08 08:02:27,164.0,35.0,185.29,21.0,162.0,14.0,188.0,21.0,174.64,21.289999999999992,49.0,42.0,4.735810384723019,91,7.0,-93.0,0.08,166.2,
2025-04-08 08:02:28,164.0,50.0,180.96,28.0,162.0,20.0,182.78,27.0,172.48,16.960000000000008,70.0,55.0,2.945488075014697,125,15.0,34.0,0.12,166.2,
2025-04-08 08:02:29,164.0,56.0,175.29,42.0,162.0,28.0,177.07,41.0,169.64,11.289999999999992,84.0,83.0,3.447393218078872,167,1.0,42.0,0.01,164.0,1.0
2025-04-08 08:02:30,163.83,48.0,168.25,36.0,162.91,44.0,169.75,36.0,166.04,4.419999999999988,92.0,72.0,4.037514086670064,164,20.0,-3.0,0.12,164.0,
2025-04-08 08:02:31,163.19,53.0,166.59,41.0,162.48,42.0,167.44,48.0,164.89,3.4000000000000057,95.0,89.0,4.1393260321049725,184,6.0,20.0,0.03,164.71,7.0
2025-04-08 08:02:32,161.08,53.0,164.16,19.0,160.4,43.0,201.27,22.0,162.62,3.079999999999984,96.0,41.0,3.920086733742601,137,55.0,-47.0,0.4,162.6,5.0
2025-04-08 08:02:33,160.0,81.0,253.0,12.0,159.0,8.0,335.0,12.0,206.5,93.0,89.0,24.0,18.378645760775107,113,65.0,-24.0,0.58,161.0,4.0
2025-04-08 08:02:34,160.33,60.0,212.0,9.0,153.37,27.0,348.78,18.0,186.17,51.66999999999999,87.0,27.0,18.89179266242494,114,60.0,1.0,0.53,161.0,
2025-04-08 08:02:35,161.06,127.0,305.32,19.0,159.69,108.0,375.95,22.0,233.19,144.26,235.0,41.0,29.70774360331052,276,194.0,162.0,0.7,161.0,
2025-04-08 08:02:36,163.24,45.0,254.75,12.0,161.8,71.0,259.52,23.0,209.0,91.51,116.0,35.0,26.514568259732737,151,81.0,-125.0,0.54,162.29,7.0
2025-04-08 08:02:37,165.18,88.0,216.45,11.0,164.0,11.0,351.26,19.0,190.82,51.26999999999998,99.0,30.0,18.496451821904124,129,69.0,-22.0,0.53,162.29,
2025-04-08 08:02:38,166.22,72.0,442.43,23.0,164.0,9.0,590.0,17.0,304.33,276.21000000000004,81.0,40.0,48.19730874229388,121,41.0,-8.0,0.34,162.29,
2025-04-08 08:02:39,167.0,167.0,284.31,16.0,164.0,9.0,502.05,22.0,225.66,117.31,176.0,38.0,43.2903944310974,214,138.0,93.0,0.64,167.0,2.0
2025-04-08 08:02:40,167.0,189.0,207.67,27.0,164.0,9.0,396.53,17.0,187.33,40.66999999999999,198.0,44.0,47.761464278223286,242,154.0,28.0,0.64,167.0,
2025-04-08 08:02:41,167.63,57.0,206.57,21.0,166.97,91.0,472.09,11.0,187.1,38.94,148.0,32.0,50.34943961952312,180,116.0,-62.0,0.64,167.0,
2025-04-08 08:02:51,167.07,210.0,187.59,74.0,166.23,101.0,188.97,67.0,177.33,20.52000000000001,311.0,141.0,1.9952744172297303,452,170.0,168.0,0.38,168.0,3.0
2025-04-08 08:02:52,166.14,49.0,183.0,55.0,163.06,35.0,186.0,33.0,174.57,16.860000000000014,84.0,88.0,2.8563928301361905,172,-4.0,-168.0,-0.02,163.67,3.0
2025-04-08 08:02:53,164.5,20.0,181.45,42.0,160.31,145.0,184.09,32.0,172.98,16.94999999999999,165.0,74.0,3.259463145988266,239,91.0,67.0,0.38,164.6,5.0
2025-04-08 08:02:54,162.0,22.0,176.96,28.0,160.0,286.0,177.0,21.0,169.48,14.960000000000008,308.0,49.0,3.850653191350613,357,259.0,118.0,0.73,160.8,5.0
2025-04-08 08:02:55,160.0,179.0,171.71,14.0,159.0,54.0,175.0,16.0,165.86,11.710000000000008,233.0,30.0,4.472541782930821,263,203.0,-94.0,0.77,160.0,4.0
2025-04-08 08:02:56,160.0,190.0,168.37,27.0,159.0,60.0,168.42,33.0,164.19,8.370000000000005,250.0,60.0,4.450452785960689,310,190.0,47.0,0.61,160.0,
2025-04-08 08:02:57,160.0,165.0,164.12,16.0,159.0,54.0,165.47,15.0,162.06,4.1200000000000045,219.0,31.0,4.343763345311115,250,188.0,-60.0,0.75,160.0,1.0
2025-04-08 08:02:58,160.0,105.0,161.0,8.0,159.0,48.0,163.0,18.0,160.5,1.0,153.0,26.0,3.488053898676396,179,127.0,-71.0,0.71,160.0,7.0
2025-04-08 08:02:59,160.0,98.0,300.85,13.0,159.0,60.0,295.54,26.0,230.42,140.85000000000002,158.0,39.0,30.15198799416143,197,119.0,18.0,0.6,160.25,4.0
2025-04-08 08:03:00,163.0,32.0,462.86,14.0,159.9,60.0,511.71,14.0,312.93,299.86,92.0,28.0,66.66972513817659,120,64.0,-77.0,0.53,160.25,
2025-04-08 08:03:01,165.2,20.0,307.5,8.0,161.07,30.0,462.5,8.0,236.35,142.3,50.0,16.0,63.06376907543661,66,34.0,-54.0,0.52,160.25,
2025-04-08 08:03:02,166.0,42.0,255.71,14.0,164.0,28.0,403.14,14.0,210.86,89.71000000000001,70.0,28.0,55.03237383577036,98,42.0,32.0,0.43,160.25,
2025-04-08 08:03:03,166.0,22.0,254.57,14.0,164.0,28.0,256.0,14.0,210.29,88.57,50.0,28.0,42.29528046957447,78,22.0,-20.0,0.28,166.0,5.0
2025-04-08 08:03:04,166.0,7.0,251.48,23.0,164.0,28.0,253.29,17.0,208.74,85.47999999999999,35.0,40.0,44.59355592459491,75,-5.0,-3.0,-0.07,166.0,
2025-04-08 08:03:05,166.33,73.0,248.66,53.0,163.26,57.0,249.47,59.0,207.49,82.32999999999998,130.0,112.0,12.149190508013424,242,18.0,167.0,0.07,166.0,1.0
2025-04-08 08:03:06,168.0,87.0,206.37,19.0,164.0,40.0,248.56,27.0,187.18,38.370000000000005,127.0,46.0,10.00031349508692,173,81.0,-69.0,0.47,168.0,7.0
2025-04-08 08:03:07,168.0,25.0,202.0,22.0,164.0,44.0,275.56,16.0,185.0,34.0,69.0,38.0,12.52383926757386,107,31.0,-66.0,0.29,168.0,1.0
2025-04-08 08:03:08,168.0,4.0,290.0,4.0,164.0,8.0,302.0,4.0,229.0,122.0,12.0,8.0,18.04313221145429,20,4.0,-87.0,0.2,168.0,
2025-04-08 08:03:09,168.0,16.0,302.0,16.0,164.0,32.0,504.0,12.0,235.0,134.0,48.0,28.0,23.076171259548484,76,20.0,56.0,0.26,168.0,
2025-04-08 08:03:10,166.67,27.0,275.17,23.0,163.6,45.0,338.67,24.0,220.92,108.50000000000004,72.0,47.0,23.669161370864146,119,25.0,43.0,0.21,166.67,3.0
2025-04-08 08:03:11,164.0,23.0,307.79,19.0,162.0,33.0,305.0,12.0,235.89,143.79000000000002,56.0,31.0,21.080721524653576,87,25.0,-32.0,0.29,164.0,1.0
2025-04-08 08:03:12,162.57,14.0,264.0,7.0,160.2,61.0,388.43,14.0,213.29,101.43,75.0,21.0,9.641065812449575,96,54.0,9.0,0.56,163.33,3.0
2025-04-08 08:03:13,162.0,18.0,262.67,9.0,160.0,99.0,578.0,18.0,212.33,100.67000000000002,117.0,27.0,11.417426592712951,144,90.0,48.0,0.62,163.33,
2025-04-08 08:03:14,162.0,22.0,260.82,11.0,160.0,61.0,633.46,26.0,211.41,98.82,83.0,37.0,10.288227252544324,120,46.0,-24.0,0.38,163.33,
2025-04-08 08:03:15,161.37,38.0,257.18,17.0,159.98,83.0,349.33,30.0,209.27,95.81,121.0,47.0,10.975277673024904,168,74.0,48.0,0.44,160.8,5.0
2025-04-08 08:03:16,160.0,32.0,195.32,19.0,159.0,10.0,245.55,31.0,177.66,35.31999999999999,42.0,50.0,15.240023622029447,92,-8.0,-76.0,-0.09,160.0,4.0
2025-04-08 08:03:17,165.33,18.0,187.0,9.0,160.74,23.0,212.35,34.0,176.17,21.669999999999987,41.0,43.0,18.711342014939124,84,-2.0,-8.0,-0.02,160.0,
2025-04-08 08:03:18,163.68,25.0,186.43,7.0,161.85,54.0,235.0,28.0,175.05,22.75,79.0,35.0,18.68642073806636,114,44.0,30.0,0.39,166.0,3.0
2025-04-08 08:03:19,162.0,54.0,184.67,6.0,160.0,12.0,372.5,24.0,173.33,22.669999999999987,66.0,30.0,15.161717580803549,96,36.0,-18.0,0.38,166.0,
2025-04-08 08:03:20,163.4,50.0,180.67,9.0,162.16,64.0,483.38,21.0,172.03,17.269999999999982,114.0,30.0,2.2327830167881406,144,84.0,48.0,0.58,166.0,
2025-04-08 08:03:21,164.0,42.0,170.0,10.0,163.0,25.0,183.0,5.0,167.0,6.0,67.0,15.0,3.5671389095548967,82,52.0,-62.0,0.63,164.0,4.0
2025-04-08 08:03:22,164.0,90.0,168.94,16.0,163.0,75.0,290.45,29.0,166.47,4.939999999999998,165.0,45.0,3.845852311265114,210,120.0,128.0,0.57,164.0,
2025-04-08 08:03:23,166.72,65.0,168.0,12.0,163.93,71.0,290.5,24.0,167.36,1.2800000000000011,136.0,36.0,3.1912803073477125,172,100.0,-38.0,0.58,167.0,4.0
2025-04-08 08:03:24,167.0,25.0,276.32,19.0,164.45,31.0,427.38,32.0,221.66,109.32,56.0,51.0,24.00469183305737,107,5.0,-65.0,0.05,167.0,1.0
2025-04-08 08:03:25,164.68,127.0,205.5,44.0,164.12,59.0,254.06,35.0,185.09,40.81999999999999,186.0,79.0,23.77920793466527,265,107.0,158.0,0.4,167.6,5.0
2025-04-08 08:03:26,164.19,63.0,238.71,14.0,163.87,117.0,239.38,13.0,201.45,74.52000000000001,180.0,27.0,23.511127790900165,207,153.0,-58.0,0.74,164.0,3.0
2025-04-08 08:03:27,164.69,26.0,236.46,13.0,163.97,158.0,237.88,17.0,200.58,71.77000000000001,184.0,30.0,20.28184089277965,214,154.0,7.0,0.72,166.0,1.0
2025-04-08 08:03:28,167.0,143.0,232.63,19.0,164.0,221.0,233.4,20.0,199.82,65.63,364.0,39.0,13.030186107650966,403,325.0,168.0,0.81,166.0,
2025-04-08 08:03:29,167.0,121.0,228.93,15.0,164.0,187.0,230.56,18.0,197.97,61.93000000000001,308.0,33.0,6.770499981539519,341,275.0,-62.0,0.81,166.0,
2025-04-08 08:03:30,167.0,121.0,225.36,11.0,164.0,191.0,229.0,22.0,196.18,58.360000000000014,312.0,33.0,2.1204126956853604,345,279.0,4.0,0.81,166.0,
2025-04-08 08:03:31,167.0,176.0,222.59,27.0,164.0,302.0,226.38,21.0,194.8,55.59,478.0,48.0,2.4206197553571767,526,430.0,168.0,0.82,166.0,
2025-04-08 08:03:32,167.0,66.0,220.29,7.0,164.0,78.0,221.27,11.0,193.64,53.28999999999999,144.0,18.0,2.467472390935169,162,126.0,-168.0,0.78,166.0,
2025-04-08 08:03:33,167.0,154.0,219.79,14.0,164.0,182.0,221.0,28.0,193.39,52.78999999999999,336.0,42.0,1.9041349742150808,378,294.0,168.0,0.78,166.0,
2025-04-08 08:03:34,167.76,91.0,217.15,26.0,166.59,191.0,218.16,45.0,192.46,49.390000000000015,282.0,71.0,1.433659652787421,353,211.0,-25.0,0.6,168.0,1.0
2025-04-08 08:03:35,168.0,36.0,198.42,12.0,167.0,99.0,199.96,25.0,183.21,30.419999999999987,135.0,37.0,4.708699395802836,172,98.0,-168.0,0.57,168.0,
2025-04-08 08:03:36,167.17,72.0,187.33,21.0,164.89,111.0,190.5,24.0,177.25,20.160000000000025,183.0,45.0,7.403705153505143,228,138.0,56.0,0.61,167.8,5.0
2025-04-08 08:03:37,167.0,110.0,180.47,30.0,164.0,143.0,183.79,38.0,173.73,13.47,253.0,68.0,8.823305503043855,321,185.0,93.0,0.58,167.8,
2025-04-08 08:03:38,167.17,121.0,175.78,36.0,164.83,180.0,176.7,54.0,171.48,8.610000000000014,301.0,90.0,8.430926995298309,391,211.0,70.0,0.54,168.0,4.0
2025-04-08 08:03:40,167.07,89.0,168.75,24.0,164.61,147.0,223.18,39.0,167.91,1.6800000000000068,236.0,63.0,3.476142977505269,299,173.0,153.0,0.58,167.29,7.0
2025-04-08 08:03:41,164.75,64.0,319.5,32.0,163.87,60.0,570.25,32.0,242.12,154.75,124.0,64.0,31.86679666988891,188,60.0,-111.0,0.32,166.4,5.0
2025-04-08 08:03:42,164.0,72.0,204.0,24.0,163.0,12.0,429.14,28.0,184.0,40.0,84.0,52.0,31.265060370964267,136,32.0,-52.0,0.24,166.4,
2025-04-08 08:03:43,164.0,91.0,204.67,18.0,163.0,18.0,275.0,36.0,184.33,40.66999999999999,109.0,54.0,30.14878521599232,163,55.0,27.0,0.34,164.0,5.0
2025-04-08 08:03:44,164.0,119.0,201.65,81.0,163.0,34.0,204.2,20.0,182.83,37.650000000000006,153.0,101.0,28.71836119976267,254,52.0,91.0,0.2,164.0,
2025-04-08 08:03:45,164.0,70.0,198.46,67.0,163.0,30.0,199.83,23.0,181.23,34.46000000000001,100.0,90.0,26.42355521121317,190,10.0,-64.0,0.05,164.0,5.0
2025-04-08 08:03:46,164.0,26.0,194.02,41.0,163.0,26.0,195.17,53.0,179.01,30.02000000000001,52.0,94.0,2.194242466102371,146,-42.0,-44.0,-0.29,164.0,
2025-04-08 08:03:47,163.48,21.0,188.43,56.0,162.05,197.0,191.5,40.0,175.95,24.950000000000017,218.0,96.0,3.2942677486884917,314,122.0,168.0,0.39,163.67,3.0
2025-04-08 08:03:48,162.05,91.0,187.0,55.0,161.28,133.0,190.0,11.0,174.53,24.94999999999999,224.0,66.0,3.4822693749983884,290,158.0,-24.0,0.54,162.25,4.0
2025-04-08 08:03:49,162.0,140.0,185.5,18.0,160.0,80.0,186.19,42.0,173.75,23.5,220.0,60.0,3.148123250454779,280,160.0,-10.0,0.57,162.25,
2025-04-08 08:03:50,162.17,142.0,182.68,34.0,160.67,120.0,184.69,62.0,172.42,20.51000000000002,262.0,96.0,2.516708167439424,358,166.0,78.0,0.46,163.33,6.0
2025-04-08 08:03:51,166.0,11.0,179.36,39.0,162.0,110.0,179.91,43.0,172.68,13.360000000000014,121.0,82.0,1.4400451382015635,203,39.0,-155.0,0.19,163.33,
2025-04-08 08:03:52,166.0,12.0,172.31,36.0,162.94,164.0,173.28,43.0,169.15,6.310000000000002,176.0,79.0,2.058186094613344,255,97.0,52.0,0.38,163.33,
2025-04-08 08:03:53,163.09,102.0,175.29,38.0,162.38,112.0,177.65,49.0,169.19,12.199999999999989,214.0,87.0,2.129593858006985,301,127.0,46.0,0.42,166.0,1.0
2025-04-08 08:03:54,163.0,150.0,176.0,50.0,162.0,100.0,179.0,50.0,169.5,13.0,250.0,100.0,1.7985188350590464,350,150.0,49.0,0.43,166.0,
2025-04-08 08:03:55,163.0,180.0,175.96,57.0,162.0,120.0,178.75,60.0,169.48,12.960000000000008,300.0,117.0,1.5067680644554748,417,183.0,67.0,0.44,166.0,
2025-04-08 08:03:56,163.0,180.0,175.0,24.0,162.0,120.0,176.0,60.0,169.0,12.0,300.0,84.0,0.2182429839966949,384,216.0,-33.0,0.56,166.0,
2025-04-08 08:03:57,164.5,78.0,174.56,32.0,163.07,178.0,176.0,80.0,169.53,10.060000000000002,256.0,112.0,0.2342007687085782,368,144.0,-16.0,0.39,166.0,
2025-04-08 08:03:58,167.0,30.0,174.0,20.0,165.0,49.0,176.0,50.0,170.5,7.0,79.0,70.0,0.5475582161408648,149,9.0,-168.0,0.06,166.0,
2025-04-08 08:03:59,165.0,45.0,172.94,33.0,163.0,126.0,175.33,30.0,168.97,7.939999999999998,171.0,63.0,0.6188941751733472,234,108.0,85.0,0.46,167.0,3.0
2025-04-08 08:04:00,165.0,61.0,171.26,27.0,163.0,182.0,172.97,32.0,168.13,6.259999999999991,243.0,59.0,0.8708214513112558,302,184.0,68.0,0.61,167.0,
2025-04-08 08:04:01,163.77,114.0,166.9,20.0,162.89,174.0,168.79,28.0,165.34,3.1299999999999955,288.0,48.0,1.962404137802604,336,240.0,34.0,0.71,165.0,4.0
2025-04-08 08:04:02,163.0,174.0,164.2,30.0,162.0,60.0,212.81,47.0,163.6,1.1999999999999886,234.0,77.0,2.795043827932989,311,157.0,-25.0,0.5,163.0,3.0
2025-04-08 08:04:03,163.0,92.0,164.0,18.0,162.0,36.0,221.0,45.0,163.5,1.0,128.0,63.0,2.5377687049981605,191,65.0,-120.0,0.34,163.0,1.0
2025-04-08 08:04:04,163.0,61.0,176.8,20.0,162.0,40.0,245.11,38.0,169.9,13.800000000000011,101.0,58.0,2.834974426704384,159,43.0,-32.0,0.27,163.0,7.0
2025-04-08 08:04:05,163.0,33.0,228.0,22.0,162.0,44.0,297.51,41.0,195.5,65.0,77.0,63.0,13.62802700320414,140,14.0,-19.0,0.1,163.0,
2025-04-08 08:04:06,162.31,58.0,194.66,35.0,160.74,89.0,229.56,27.0,178.48,32.349999999999994,147.0,62.0,13.391679506322491,209,85.0,69.0,0.41,162.6,5.0
2025-04-08 08:04:07,162.0,30.0,185.0,18.0,160.0,48.0,227.0,12.0,173.5,23.0,78.0,30.0,12.103259065229302,108,48.0,-101.0,0.44,162.6,
2025-04-08 08:04:08,162.57,35.0,197.85,26.0,160.83,60.0,310.0,24.0,180.21,35.28,95.0,50.0,9.819659871912618,145,45.0,37.0,0.31,162.6,
2025-04-08 08:04:09,167.6,80.0,218.2,35.0,163.09,44.0,466.18,49.0,192.9,50.6,124.0,84.0,9.57176681705343,208,40.0,63.0,0.19,162.6,
2025-04-08 08:04:10,168.0,54.0,175.48,21.0,164.0,18.0,178.53,43.0,171.74,7.47999999999999,72.0,64.0,8.325147446144788,136,8.0,-72.0,0.06,162.6,
2025-04-08 08:04:11,168.0,66.0,173.27,22.0,164.0,22.0,198.23,52.0,170.64,5.27000000000001,88.0,74.0,9.22357414455227,162,14.0,26.0,0.09,162.6,
2025-04-08 08:04:12,168.0,32.0,173.0,16.0,164.0,16.0,291.11,36.0,170.5,5.0,48.0,52.0,9.660296061718494,100,-4.0,-62.0,-0.04,168.0,4.0
2025-04-08 08:04:13,168.0,16.0,170.75,16.0,164.0,16.0,349.7,20.0,169.38,2.75,32.0,36.0,10.023428555143022,68,-4.0,-32.0,-0.06,168.0,
2025-04-08 08:04:14,164.78,23.0,195.46,26.0,162.09,45.0,259.36,45.0,180.12,30.680000000000007,68.0,71.0,4.354110701401564,139,-3.0,71.0,-0.02,164.67,6.0
2025-04-08 08:04:15,165.76,51.0,195.38,13.0,161.8,40.0,301.79,56.0,180.57,29.620000000000005,91.0,69.0,5.594874440061839,160,22.0,21.0,0.14,164.67,
2025-04-08 08:04:16,165.93,41.0,188.0,14.0,162.36,28.0,234.98,49.0,176.96,22.069999999999997,69.0,63.0,5.2828761106101645,132,6.0,-28.0,0.05,165.4,5.0
2025-04-08 08:04:17,163.0,12.0,193.67,12.0,162.0,24.0,225.0,60.0,178.33,30.669999999999987,36.0,72.0,4.53564438641892,108,-36.0,-24.0,-0.33,165.4,
2025-04-08 08:04:18,152.85,20.0,192.45,11.0,122.71,21.0,226.18,55.0,172.65,39.6,41.0,66.0,3.183430539536324,107,-25.0,-1.0,-0.23,158.8,10.0
2025-04-08 08:04:19,162.0,8.0,191.5,8.0,137.0,24.0,212.0,24.0,176.75,29.5,32.0,32.0,2.8933924725231166,64,0.0,-43.0,0.0,158.8,
2025-04-08 08:04:20,162.0,8.0,188.75,8.0,127.46,41.0,190.5,8.0,175.38,26.75,49.0,16.0,2.151680738412377,65,33.0,1.0,0.51,162.0,1.0
2025-04-08 08:04:22,165.65,68.0,180.38,24.0,136.43,28.0,182.5,24.0,173.01,14.72999999999999,96.0,48.0,16.303017512106965,144,48.0,-8.0,0.33,162.0,
2025-04-08 08:04:23,166.0,96.0,175.12,34.0,144.03,35.0,177.06,34.0,170.56,9.120000000000005,131.0,68.0,16.15433595045203,199,63.0,55.0,0.32,162.0,
2025-04-08 08:04:24,166.86,14.0,173.31,13.0,164.52,50.0,174.17,23.0,170.08,6.449999999999989,64.0,36.0,15.381928682712994,100,28.0,-99.0,0.28,162.0,
2025-04-08 08:04:26,166.17,54.0,169.38,39.0,163.69,78.0,170.46,39.0,167.78,3.210000000000008,132.0,78.0,1.8895025800623937,210,54.0,62.0,0.26,167.5,2.0
2025-04-08 08:04:27,163.8,49.0,166.87,23.0,162.62,48.0,168.56,27.0,165.33,3.069999999999993,97.0,50.0,2.1410231199275995,147,47.0,-63.0,0.32,166.0,5.0
2025-04-08 08:04:28,161.52,50.0,164.08,37.0,149.94,33.0,190.6,15.0,162.8,2.5600000000000023,83.0,52.0,3.046108993464709,135,31.0,-12.0,0.23,162.67,9.0
2025-04-08 08:04:29,127.82,34.0,165.7,23.0,86.7,74.0,349.36,53.0,146.76,37.88,108.0,76.0,9.135628057231372,184,32.0,49.0,0.17,162.67,
2025-04-08 08:04:32,142.63,38.0,164.0,9.0,98.22,46.0,291.67,27.0,153.32,21.370000000000005,84.0,36.0,27.42134898213637,120,48.0,-35.0,0.4,162.67,
2025-04-08 08:04:33,161.95,56.0,164.0,14.0,147.07,57.0,191.07,42.0,162.97,2.050000000000012,113.0,56.0,27.46465273765739,169,57.0,49.0,0.34,163.0,1.0
2025-04-08 08:04:34,161.67,83.0,163.15,46.0,158.78,18.0,167.62,29.0,162.41,1.4800000000000182,101.0,75.0,29.929636649984698,176,26.0,7.0,0.15,162.0,8.0
2025-04-08 08:04:35,160.0,15.0,162.83,24.0,159.0,6.0,167.74,19.0,161.42,2.8300000000000125,21.0,43.0,22.167743908663567,64,-22.0,-112.0,-0.34,160.0,3.0
2025-04-08 08:04:36,158.15,27.0,160.32,25.0,154.48,21.0,162.42,26.0,159.23,2.1699999999999875,48.0,51.0,3.9298918560283553,99,-3.0,35.0,-0.03,160.0,1.0
2025-04-08 08:04:37,156.85,26.0,159.53,45.0,122.0,48.0,291.78,27.0,158.19,2.680000000000007,74.0,72.0,2.05868404571384,146,2.0,47.0,0.01,156.57,7.0
2025-04-08 08:04:38,154.89,19.0,158.67,36.0,117.12,33.0,495.06,18.0,156.78,3.780000000000001,52.0,54.0,2.306822489936809,106,-2.0,-40.0,-0.02,156.57,
2025-04-08 08:04:39,151.0,12.0,255.07,44.0,102.31,64.0,472.7,33.0,203.03,104.07,76.0,77.0,19.805745378552864,153,-1.0,47.0,-0.01,157.0,3.0
2025-04-08 08:04:40,163.0,66.0,315.65,31.0,151.0,11.0,520.74,23.0,239.32,152.64999999999998,77.0,54.0,36.880551107596645,131,23.0,-22.0,0.18,157.0,
2025-04-08 08:04:41,163.0,66.0,359.18,11.0,151.0,11.0,644.0,27.0,261.09,196.18,77.0,38.0,46.9986443421512,115,39.0,-16.0,0.34,157.0,
2025-04-08 08:04:42,164.69,118.0,220.0,13.0,161.75,67.0,394.38,37.0,192.35,55.31,185.0,50.0,40.807478848858246,235,135.0,120.0,0.57,157.0,
2025-04-08 08:04:43,165.0,50.0,220.0,5.0,163.0,30.0,228.0,5.0,192.5,55.0,80.0,10.0,30.995883113729864,90,70.0,-145.0,0.78,157.0,
2025-04-08 08:04:44,165.0,60.0,220.0,6.0,163.0,36.0,307.33,6.0,192.5,55.0,96.0,12.0,32.55667934541247,108,84.0,18.0,0.78,157.0,
2025-04-08 08:04:45,165.49,106.0,383.54,13.0,163.96,90.0,602.38,37.0,274.51,218.05,196.0,50.0,41.54277975773886,246,146.0,138.0,0.59,167.0,3.0
2025-04-08 08:04:46,167.0,10.0,286.0,8.0,166.0,16.0,437.58,12.0,226.5,119.0,26.0,20.0,36.04495346092165,46,6.0,-168.0,0.13,167.0,2.0
2025-04-08 08:04:47,167.0,6.0,235.0,6.0,166.0,17.0,376.67,6.0,201.0,68.0,23.0,12.0,34.832965994873376,35,11.0,-11.0,0.31,167.0,
2025-04-08 08:04:48,167.4,15.0,231.8,15.0,166.22,27.0,281.61,31.0,199.6,64.4,42.0,46.0,33.6899899079831,88,-4.0,53.0,-0.05,168.0,1.0
2025-04-08 08:04:49,167.0,8.0,205.0,8.0,166.0,16.0,248.0,40.0,186.0,38.0,24.0,48.0,35.05726629387986,72,-24.0,-16.0,-0.33,168.0,
2025-04-08 08:04:50,165.25,56.0,203.59,34.0,163.93,90.0,261.24,34.0,184.42,38.34,146.0,68.0,16.888726417348085,214,78.0,142.0,0.36,165.57,7.0
2025-04-08 08:04:51,165.0,96.0,209.25,12.0,163.0,108.0,264.83,12.0,187.12,44.25,204.0,24.0,7.989663322070717,228,180.0,14.0,0.79,165.57,
2025-04-08 08:04:52,165.0,88.0,261.67,15.0,163.0,99.0,350.0,19.0,213.33,96.67000000000002,187.0,34.0,12.3295936672722,221,153.0,-7.0,0.69,165.57,
2025-04-08 08:04:53,165.0,78.0,251.74,54.0,163.0,92.0,259.67,27.0,208.37,86.74000000000001,170.0,81.0,13.839988078030856,251,89.0,30.0,0.35,165.0,3.0
2025-04-08 08:04:54,165.0,60.0,221.6,45.0,163.0,28.0,222.45,40.0,193.3,56.6,88.0,85.0,12.894109895608697,173,3.0,-78.0,0.02,165.0,
2025-04-08 08:04:55,165.0,55.0,215.2,40.0,163.0,33.0,221.41,41.0,190.1,50.19999999999999,88.0,81.0,11.666560332850135,169,7.0,-4.0,0.04,165.0,
2025-04-08 08:04:56,164.47,45.0,168.54,26.0,162.38,39.0,216.22,45.0,166.5,4.069999999999993,84.0,71.0,18.38194630609169,155,13.0,-14.0,0.08,165.0,5.0
2025-04-08 08:04:57,163.0,24.0,175.0,9.0,161.0,27.0,176.0,18.0,169.0,12.0,51.0,27.0,17.59457530036035,78,24.0,-77.0,0.31,163.0,1.0
2025-04-08 08:04:58,163.0,14.0,175.0,7.0,162.0,21.0,176.0,14.0,169.0,12.0,35.0,21.0,12.979483811001948,56,14.0,-22.0,0.25,163.0,
2025-04-08 08:04:59,163.65,23.0,173.57,21.0,162.27,37.0,175.33,21.0,168.61,9.919999999999987,60.0,42.0,9.814418984334647,102,18.0,46.0,0.18,163.0,
2025-04-08 08:05:00,166.0,10.0,172.33,12.0,163.0,20.0,173.11,18.0,169.17,6.3300000000000125,30.0,30.0,1.112578087180546,60,0.0,-42.0,0.0,163.0,
2025-04-08 08:05:01,166.0,16.0,169.39,28.0,163.0,32.0,170.25,40.0,167.7,3.3899999999999864,48.0,68.0,0.5934896798378178,116,-20.0,56.0,-0.17,163.0,
2025-04-08 08:05:02,164.29,14.0,167.25,32.0,162.5,24.0,168.67,12.0,165.77,2.960000000000008,38.0,44.0,1.395653968602143,82,-6.0,-34.0,-0.07,166.0,1.0
2025-04-08 08:05:03,163.0,23.0,164.94,18.0,162.0,36.0,166.82,33.0,163.97,1.9399999999999975,59.0,51.0,2.149134709616032,110,8.0,28.0,0.07,163.0,1.0
2025-04-08 08:05:04,161.58,38.0,163.56,45.0,159.82,66.0,244.04,54.0,162.57,1.9799999999999895,104.0,99.0,2.680630522858032,203,5.0,93.0,0.02,163.0,7.0
2025-04-08 08:05:05,161.0,26.0,163.41,17.0,159.0,84.0,248.21,24.0,162.21,2.4099999999999966,110.0,41.0,2.296035714025411,151,69.0,-52.0,0.46,161.0,1.0
2025-04-08 08:05:06,159.27,73.0,162.27,22.0,158.56,62.0,162.8,20.0,160.77,3.0,135.0,42.0,1.895974683396965,177,93.0,26.0,0.53,161.0,2.0
2025-04-08 08:05:07,159.0,63.0,160.29,34.0,158.0,33.0,186.36,22.0,159.65,1.289999999999992,96.0,56.0,1.669395100053911,152,40.0,-25.0,0.26,159.0,5.0
2025-04-08 08:05:08,159.6,20.0,458.67,33.0,157.76,34.0,546.45,31.0,309.13,299.07000000000005,54.0,64.0,66.12187898116659,118,-10.0,-34.0,-0.08,160.86,7.0
2025-04-08 08:05:09,158.53,17.0,278.9,40.0,157.04,56.0,573.5,20.0,218.71,120.36999999999998,73.0,60.0,64.8704407261121,133,13.0,15.0,0.1,162.5,2.0
2025-04-08 08:05:10,158.0,7.0,185.0,21.0,157.0,42.0,283.67,24.0,171.5,27.0,49.0,45.0,63.56236087497081,94,4.0,-39.0,0.04,162.5,
2025-04-08 08:05:11,158.0,2.0,294.5,6.0,157.0,12.0,422.0,4.0,226.25,136.5,14.0,10.0,59.024750063003225,24,4.0,-70.0,0.17,162.5,
2025-04-08 08:05:12,162.59,37.0,200.84,43.0,159.57,42.0,329.3,61.0,181.72,38.25,79.0,104.0,54.29503817108883,183,-25.0,159.0,-0.14,163.0,3.0
2025-04-08 08:05:13,163.0,4.0,202.0,12.0,162.0,12.0,231.0,20.0,182.5,39.0,16.0,32.0,24.582170978170986,48,-16.0,-135.0,-0.33,163.0,
2025-04-08 08:05:14,163.0,5.0,202.0,15.0,162.0,15.0,231.0,25.0,182.5,39.0,20.0,40.0,21.396581035297263,60,-20.0,12.0,-0.33,163.0,
2025-04-08 08:05:15,161.05,19.0,380.08,37.0,159.44,75.0,460.55,62.0,270.57,219.03,94.0,99.0,39.48638841423728,193,-5.0,133.0,-0.03,161.6,5.0
2025-04-08 08:05:16,161.0,5.0,337.22,27.0,159.0,35.0,559.85,33.0,249.11,176.22000000000003,40.0,60.0,43.17633437428432,100,-20.0,-93.0,-0.2,161.6,
2025-04-08 08:05:17,160.89,19.0,320.49,43.0,158.84,76.0,623.76,34.0,240.69,159.60000000000002,95.0,77.0,40.362624171379,172,18.0,72.0,0.1,161.6,
2025-04-08 08:05:18,164.0,24.0,256.14,42.0,159.0,84.0,321.8,54.0,210.07,92.14,108.0,96.0,34.55835383810953,204,12.0,32.0,0.06,161.6,
2025-04-08 08:05:19,164.0,22.0,254.16,43.0,159.0,77.0,381.64,33.0,209.08,90.16,99.0,76.0,26.391089026411382,175,23.0,-29.0,0.13,161.6,
2025-04-08 08:05:20,164.0,16.0,277.12,24.0,159.04,51.0,352.17,36.0,220.56,113.12,67.0,60.0,18.16222095449747,127,7.0,-48.0,0.06,161.6,
2025-04-08 08:05:21,166.82,34.0,272.84,32.0,162.18,22.0,422.0,38.0,219.83,106.01999999999998,56.0,70.0,12.710815473446058,126,-14.0,-1.0,-0.11,161.6,
2025-04-08 08:05:22,168.0,40.0,226.26,31.0,164.0,20.0,235.21,33.0,197.13,58.25999999999999,60.0,64.0,9.562072474103584,124,-4.0,-2.0,-0.03,161.6,
2025-04-08 08:05:23,168.0,36.0,224.22,27.0,164.0,18.0,324.22,18.0,196.11,56.22,54.0,45.0,11.79967245308164,99,9.0,-25.0,0.09,161.6,
2025-04-08 08:05:24,168.0,55.0,222.26,35.0,164.0,30.0,253.5,40.0,195.13,54.25999999999999,85.0,75.0,13.206067544883222,160,10.0,61.0,0.06,168.0,1.0
2025-04-08 08:05:25,163.68,25.0,215.97,32.0,164.47,38.0,221.14,28.0,189.82,52.28999999999999,63.0,60.0,11.652930103627469,123,3.0,-37.0,0.02,164.44,9.0
2025-04-08 08:05:26,159.0,50.0,217.9,20.0,157.84,32.0,221.0,30.0,188.45,58.900000000000006,82.0,50.0,3.922463511625909,132,32.0,9.0,0.24,159.0,2.0
2025-04-08 08:05:27,165.47,68.0,204.75,16.0,158.9,31.0,220.27,22.0,185.11,39.28,99.0,38.0,4.62944705121899,137,61.0,5.0,0.45,164.0,4.0
2025-04-08 08:05:28,166.0,140.0,201.64,39.0,159.0,56.0,211.95,38.0,183.82,35.639999999999986,196.0,77.0,4.446642553662685,273,119.0,136.0,0.44,164.0,
2025-04-08 08:05:29,163.12,102.0,185.1,50.0,157.47,102.0,204.65,31.0,174.11,21.97999999999999,204.0,81.0,6.172687421216936,285,123.0,12.0,0.43,164.0,
2025-04-08 08:05:30,159.55,132.0,187.66,50.0,157.96,150.0,189.28,54.0,173.6,28.109999999999985,282.0,104.0,6.756061722635048,386,178.0,101.0,0.46,164.0,
2025-04-08 08:05:31,160.86,58.0,183.27,44.0,160.07,86.0,185.49,53.0,172.07,22.41,144.0,97.0,6.199771769997598,241,47.0,-145.0,0.2,164.0,
2025-04-08 08:05:32,166.91,87.0,179.59,54.0,165.0,15.0,180.92,48.0,173.25,12.680000000000009,102.0,102.0,4.782975015621801,204,0.0,-37.0,0.0,167.0,3.0
2025-04-08 08:05:33,167.0,40.0,176.83,48.0,165.0,12.0,177.92,48.0,171.92,9.830000000000013,52.0,96.0,0.9598697828693415,148,-44.0,-56.0,-0.3,167.0,2.0
2025-04-08 08:05:34,167.58,36.0,172.0,48.0,165.0,12.0,173.42,48.0,169.79,4.419999999999988,48.0,96.0,1.4948678871615462,144,-48.0,-4.0,-0.33,168.0,2.0
2025-04-08 08:05:35,165.3,10.0,169.0,40.0,163.2,10.0,270.74,31.0,167.15,3.6999999999999886,20.0,71.0,2.408626164449057,91,-51.0,-53.0,-0.56,168.0,1.0
2025-04-08 08:05:36,164.57,14.0,166.54,41.0,161.96,23.0,168.84,55.0,165.55,1.9699999999999989,37.0,96.0,3.206356187336389,133,-59.0,42.0,-0.44,165.0,1.0
2025-04-08 08:05:37,162.25,16.0,164.37,38.0,159.8,100.0,165.64,33.0,163.31,2.1200000000000045,116.0,71.0,3.4004382070658346,187,45.0,54.0,0.24,161.67,3.0
2025-04-08 08:05:38,159.0,200.0,162.82,28.0,150.0,10.0,163.89,27.0,160.91,3.819999999999993,210.0,55.0,3.423027899400793,265,155.0,78.0,0.58,161.5,6.0
2025-04-08 08:05:39,159.0,140.0,161.67,12.0,144.43,7.0,193.91,23.0,160.33,2.6699999999999875,147.0,35.0,2.92854912884842,182,112.0,-83.0,0.62,162.5,4.0
2025-04-08 08:05:40,159.0,200.0,162.2,10.0,109.17,18.0,257.6,40.0,160.6,3.1999999999999886,218.0,50.0,2.2448607974840327,268,168.0,86.0,0.63,162.5,
2025-04-08 08:05:41,159.0,168.0,252.88,16.0,131.0,9.0,304.49,37.0,205.94,93.88,177.0,53.0,20.004368772847325,230,124.0,-38.0,0.54,159.25,4.0
2025-04-08 08:05:42,159.0,102.0,338.0,22.0,136.0,6.0,457.14,28.0,248.5,179.0,108.0,50.0,39.46385346111104,158,58.0,-72.0,0.37,159.25,
2025-04-08 08:05:43,161.99,134.0,226.29,35.0,158.42,76.0,255.0,21.0,194.14,64.29999999999998,210.0,56.0,36.61288734858309,266,154.0,108.0,0.58,159.25,
2025-04-08 08:05:44,163.65,92.0,175.25,40.0,162.54,104.0,220.98,44.0,169.45,11.599999999999994,196.0,84.0,34.69942477909444,280,112.0,14.0,0.4,159.25,
2025-04-08 08:05:45,168.0,12.0,174.8,50.0,163.0,200.0,373.96,68.0,171.4,6.800000000000011,212.0,118.0,32.213315259377296,330,94.0,50.0,0.28,168.0,2.0
2025-04-08 08:05:46,163.24,127.0,173.69,65.0,162.59,176.0,345.78,51.0,168.47,10.449999999999989,303.0,116.0,34.17025270611912,419,187.0,89.0,0.45,168.0,1.0
2025-04-08 08:05:47,163.01,141.0,172.5,40.0,161.65,62.0,444.4,30.0,167.75,9.490000000000007,203.0,70.0,11.207505074728427,273,133.0,-146.0,0.49,164.0,1.0
2025-04-08 08:05:48,163.88,85.0,170.75,40.0,162.69,118.0,413.41,34.0,167.32,6.8700000000000045,203.0,74.0,1.6243367877601893,277,129.0,4.0,0.47,164.0,
2025-04-08 08:05:49,163.72,75.0,169.14,35.0,162.63,98.0,354.57,35.0,166.43,5.419999999999988,173.0,70.0,1.897058248992881,243,103.0,-34.0,0.42,165.5,6.0
2025-04-08 08:05:50,163.38,127.0,168.45,44.0,162.07,90.0,405.06,48.0,165.92,5.069999999999993,217.0,92.0,1.0196420941063085,309,125.0,66.0,0.4,165.29,7.0
2025-04-08 08:05:51,163.0,104.0,167.36,11.0,161.0,48.0,209.0,32.0,165.18,4.360000000000014,152.0,43.0,1.0388214476388198,195,109.0,-114.0,0.56,163.0,3.0
2025-04-08 08:05:52,163.0,71.0,165.71,14.0,160.83,46.0,166.38,26.0,164.36,2.710000000000008,117.0,40.0,1.136978451895785,157,77.0,-38.0,0.49,163.0,6.0
2025-04-08 08:05:53,163.0,56.0,164.25,8.0,159.0,32.0,166.0,32.0,163.62,1.25,88.0,40.0,1.1386044089482446,128,48.0,-29.0,0.38,163.0,
2025-04-08 08:05:54,163.0,48.0,164.0,8.0,161.85,81.0,176.12,32.0,163.5,1.0,129.0,40.0,1.033382794552543,169,89.0,41.0,0.53,163.0,5.0
2025-04-08 08:05:55,162.02,51.0,342.67,24.0,160.33,66.0,769.0,30.0,252.34,180.65,117.0,54.0,39.43878801383293,171,63.0,2.0,0.37,162.67,3.0
2025-04-08 08:05:56,162.0,70.0,212.18,34.0,160.0,77.0,390.6,25.0,187.09,50.18000000000001,147.0,59.0,38.33217343172763,206,88.0,35.0,0.43,162.67,
2025-04-08 08:05:57,162.0,40.0,201.0,10.0,160.0,66.0,0.0,0.0,181.5,39.0,106.0,10.0,36.62098988285327,116,96.0,-90.0,0.83,162.0,5.0
2025-04-08 08:06:04,163.0,16.0,455.52,23.0,162.0,104.0,456.65,20.0,309.26,292.52,120.0,43.0,24.592319329413357,163,77.0,8.0,0.47,162.0,
2025-04-08 08:06:05,163.0,12.0,315.08,25.0,162.0,78.0,329.53,19.0,239.04,152.07999999999998,90.0,44.0,46.5934056492962,134,46.0,-29.0,0.34,162.0,
2025-04-08 08:06:06,162.25,73.0,223.74,47.0,161.3,171.0,238.0,56.0,193.0,61.49000000000001,244.0,103.0,55.97450732252959,347,141.0,168.0,0.41,162.67,3.0
2025-04-08 08:06:07,163.01,95.0,221.0,36.0,161.66,107.0,221.86,28.0,192.01,57.99000000000001,202.0,64.0,60.12277995901348,266,138.0,-81.0,0.52,162.0,4.0
2025-04-08 08:06:08,163.78,64.0,217.95,20.0,162.59,102.0,219.11,35.0,190.87,54.16999999999999,166.0,55.0,51.414812359863625,221,111.0,-45.0,0.5,165.0,5.0
2025-04-08 08:06:09,163.0,99.0,216.0,11.0,162.0,77.0,218.0,44.0,189.5,53.0,176.0,55.0,21.369729291687733,231,121.0,10.0,0.52,165.0,
2025-04-08 08:06:10,163.0,144.0,213.57,28.0,162.0,112.0,214.17,46.0,188.29,50.56999999999999,256.0,74.0,1.889267053656057,330,182.0,99.0,0.55,165.0,
2025-04-08 08:06:11,163.0,72.0,211.14,14.0,162.0,56.0,212.92,26.0,187.07,48.13999999999999,128.0,40.0,1.9706902344183312,168,88.0,-162.0,0.52,165.0,
2025-04-08 08:06:12,163.0,72.0,207.36,11.0,162.0,56.0,209.24,17.0,185.18,44.360000000000014,128.0,28.0,2.1921838426631792,156,100.0,-12.0,0.64,165.0,
2025-04-08 08:06:13,163.0,81.0,204.42,33.0,162.0,63.0,206.11,9.0,183.71,41.41999999999999,144.0,42.0,2.3314694936960345,186,102.0,30.0,0.55,165.0,
2025-04-08 08:06:14,163.12,103.0,200.04,46.0,162.12,103.0,201.35,34.0,181.58,36.91999999999999,206.0,80.0,2.6628987964316475,286,126.0,100.0,0.44,163.0,5.0
2025-04-08 08:06:15,165.0,20.0,184.62,21.0,163.0,40.0,190.38,26.0,174.81,19.620000000000005,60.0,47.0,4.730470378307046,107,13.0,-168.0,0.12,163.0,
2025-04-08 08:06:16,165.0,14.0,166.55,11.0,163.0,28.0,168.55,22.0,165.77,1.5500000000000114,42.0,33.0,8.007830542665447,75,9.0,-32.0,0.12,166.67,3.0
2025-04-08 08:06:17,164.0,29.0,166.71,17.0,162.72,46.0,205.43,14.0,165.35,2.710000000000008,75.0,31.0,8.582748976875088,106,44.0,31.0,0.42,163.67,6.0
2025-04-08 08:06:18,162.0,29.0,165.14,7.0,161.0,21.0,497.57,28.0,163.57,3.1399999999999864,50.0,35.0,7.71134748277207,85,15.0,-21.0,0.18,162.0,5.0
2025-04-08 08:06:19,162.0,26.0,164.23,31.0,161.0,39.0,213.93,29.0,163.11,2.2299999999999898,65.0,60.0,4.769331190015981,125,5.0,40.0,0.04,162.0,
2025-04-08 08:06:20,162.0,18.0,163.11,36.0,161.0,27.0,165.0,9.0,162.56,1.1100000000000136,45.0,45.0,1.4124517691100036,90,0.0,-35.0,0.0,162.0,
2025-04-08 08:06:21,159.35,46.0,162.3,27.0,156.34,61.0,175.39,18.0,160.82,2.950000000000017,107.0,45.0,1.6410271174063846,152,62.0,62.0,0.41,161.0,6.0
2025-04-08 08:06:22,159.0,84.0,162.0,28.0,118.5,12.0,221.92,25.0,160.5,3.0,96.0,53.0,1.3775231395748668,149,43.0,-3.0,0.29,161.0,
2025-04-08 08:06:23,159.47,90.0,187.71,34.0,157.32,80.0,247.79,34.0,173.59,28.24000000000001,170.0,68.0,5.411305757399216,238,102.0,89.0,0.43,160.0,4.0
2025-04-08 08:06:24,161.65,85.0,350.2,35.0,159.09,161.0,389.75,48.0,255.92,188.55,246.0,83.0,41.295738521063406,329,163.0,91.0,0.5,160.0,
2025-04-08 08:06:25,164.75,69.0,315.23,39.0,162.65,77.0,397.79,57.0,239.99,150.48000000000002,146.0,96.0,46.103694320520816,242,50.0,-87.0,0.21,160.0,
2025-04-08 08:06:26,163.81,27.0,172.5,34.0,161.53,68.0,246.89,27.0,168.16,8.689999999999998,95.0,61.0,44.71323372336228,156,34.0,-86.0,0.22,167.56,9.0
2025-04-08 08:06:27,162.18,45.0,167.33,27.0,159.38,96.0,453.0,36.0,164.76,5.150000000000006,141.0,63.0,43.81268800244994,204,78.0,48.0,0.38,164.0,2.0
2025-04-08 08:06:28,162.0,72.0,218.62,21.0,159.0,144.0,320.47,15.0,190.31,56.620000000000005,216.0,36.0,41.84052425579796,252,180.0,48.0,0.71,166.0,1.0
2025-04-08 08:06:29,162.0,48.0,163.19,31.0,159.0,144.0,214.67,12.0,162.6,1.1899999999999975,192.0,43.0,32.5843709468211,235,149.0,-17.0,0.63,162.2,5.0
2025-04-08 08:06:30,162.0,14.0,164.0,7.0,159.0,84.0,166.0,7.0,163.0,2.0,98.0,14.0,11.692150358255612,112,84.0,-123.0,0.75,162.2,
2025-04-08 08:06:31,162.0,22.0,163.45,11.0,159.0,132.0,215.55,11.0,162.73,1.4499999999999886,154.0,22.0,12.122856511567647,176,132.0,64.0,0.75,162.2,
2025-04-08 08:06:32,162.0,15.0,164.69,13.0,159.0,156.0,242.0,13.0,163.35,2.6899999999999977,171.0,26.0,12.252545449826272,197,145.0,21.0,0.74,162.0,1.0
2025-04-08 08:06:33,159.43,56.0,164.17,30.0,157.45,116.0,189.17,12.0,161.8,4.739999999999981,172.0,42.0,0.5773473824875262,214,130.0,17.0,0.61,162.0,1.0
2025-04-08 08:06:34,159.13,106.0,164.5,20.0,155.66,35.0,165.67,18.0,161.82,5.3700000000000045,141.0,38.0,0.7017478179983075,179,103.0,-35.0,0.58,159.0,1.0
2025-04-08 08:06:35,159.75,87.0,161.46,26.0,158.27,124.0,165.19,42.0,160.6,1.710000000000008,211.0,68.0,1.0452033295325582,279,143.0,100.0,0.51,161.0,2.0
2025-04-08 08:06:36,160.26,69.0,165.28,58.0,158.0,138.0,278.9,39.0,162.77,5.02000000000001,207.0,97.0,1.051746167126813,304,110.0,25.0,0.36,161.67,3.0
2025-04-08 08:06:37,159.72,67.0,165.0,16.0,156.8,71.0,167.0,40.0,162.36,5.280000000000001,138.0,56.0,0.8170679286731181,194,82.0,-110.0,0.42,163.33,6.0
2025-04-08 08:06:38,159.0,98.0,165.0,4.0,133.12,8.0,167.0,16.0,162.0,6.0,106.0,20.0,0.8176796439108259,126,86.0,-68.0,0.68,163.33,
2025-04-08 08:06:39,160.26,124.0,165.0,12.0,154.86,70.0,167.0,48.0,162.63,4.740000000000009,194.0,60.0,0.8737104783999949,254,134.0,128.0,0.53,163.33,
2025-04-08 08:06:40,161.71,42.0,165.0,8.0,160.87,23.0,167.0,32.0,163.36,3.289999999999992,65.0,40.0,0.5054997527846304,105,25.0,-149.0,0.24,161.0,5.0
2025-04-08 08:06:41,162.0,56.0,165.0,10.0,161.0,33.0,167.0,40.0,163.5,3.0,89.0,50.0,0.6445153218234326,139,39.0,34.0,0.28,162.0,1.0
2025-04-08 08:06:42,162.0,30.0,165.0,6.0,161.0,18.0,167.0,24.0,163.5,3.0,48.0,30.0,0.6645449571435454,78,18.0,-61.0,0.23,162.0,
2025-04-08 08:06:43,162.0,35.0,165.0,7.0,161.0,21.0,167.0,28.0,163.5,3.0,56.0,35.0,0.3783120406021698,91,21.0,13.0,0.23,162.0,
2025-04-08 08:06:44,162.0,40.0,165.0,8.0,161.0,24.0,167.0,32.0,163.5,3.0,64.0,40.0,0.0626099038841074,104,24.0,13.0,0.23,162.0,
2025-04-08 08:06:45,162.0,50.0,165.0,10.0,161.0,30.0,167.0,40.0,163.5,3.0,80.0,50.0,0.0,130,30.0,26.0,0.23,162.0,
2025-04-08 08:06:46,162.0,36.0,165.2,10.0,161.0,30.0,200.3,40.0,163.6,3.1999999999999886,66.0,50.0,0.0447213602691449,116,16.0,-14.0,0.14,165.0,6.0
2025-04-08 08:06:47,161.86,21.0,167.0,7.0,160.95,19.0,498.0,28.0,164.43,5.139999999999986,40.0,35.0,0.4070380818352368,75,5.0,-41.0,0.07,162.0,3.0
2025-04-08 08:06:48,162.43,21.0,167.0,9.0,156.35,51.0,183.0,36.0,164.71,4.569999999999993,72.0,45.0,0.5778148492932914,117,27.0,42.0,0.23,160.75,4.0
2025-04-08 08:06:49,163.0,20.0,167.0,8.0,159.0,8.0,267.62,32.0,165.0,4.0,28.0,40.0,0.6692309019041848,68,-12.0,-49.0,-0.18,163.0,2.0
2025-04-08 08:06:50,163.0,7.0,167.0,7.0,159.0,7.0,249.85,26.0,165.0,4.0,14.0,33.0,0.5804050310456904,47,-19.0,-21.0,-0.4,163.0,
2025-04-08 08:06:51,163.0,7.0,165.57,7.0,159.0,7.0,167.0,7.0,164.29,2.569999999999993,14.0,14.0,0.3240833227165376,28,0.0,-19.0,0.0,163.0,
2025-04-08 08:06:52,163.0,8.0,165.0,8.0,158.6,10.0,167.12,8.0,164.0,2.0,18.0,16.0,0.4439031426596219,34,2.0,6.0,0.06,163.0,
2025-04-08 08:06:53,161.0,6.0,164.33,6.0,158.14,21.0,168.0,6.0,162.67,3.3300000000000125,27.0,12.0,0.9576899289767794,39,15.0,5.0,0.38,163.0,1.0
2025-04-08 08:06:54,158.33,12.0,163.62,8.0,156.24,68.0,168.0,8.0,160.98,5.289999999999992,80.0,16.0,1.5890783492529368,96,64.0,57.0,0.67,163.0,
2025-04-08 08:06:55,158.0,18.0,166.67,9.0,156.0,135.0,376.13,30.0,162.33,8.669999999999987,153.0,39.0,1.34124196178952,192,114.0,96.0,0.59,162.0,1.0
2025-04-08 08:06:56,159.0,16.0,168.0,13.0,156.66,170.0,367.98,43.0,163.5,9.0,186.0,56.0,1.1647016785705968,242,130.0,50.0,0.54,162.0,
2025-04-08 08:06:57,164.48,95.0,166.82,66.0,158.04,164.0,292.63,38.0,165.65,2.3400000000000034,259.0,104.0,1.7253492400278971,363,155.0,121.0,0.43,165.0,4.0
2025-04-08 08:06:58,165.0,32.0,167.0,8.0,160.16,38.0,330.88,26.0,166.0,2.0,70.0,34.0,2.145196960669149,104,36.0,-168.0,0.35,165.0,
2025-04-08 08:06:59,165.68,74.0,167.19,16.0,164.61,46.0,249.6,58.0,166.43,1.509999999999991,120.0,74.0,1.775435157943829,194,46.0,90.0,0.24,165.0,
2025-04-08 08:07:00,165.81,86.0,190.17,65.0,164.61,62.0,259.75,55.0,177.99,24.359999999999985,148.0,120.0,5.744573961579746,268,28.0,74.0,0.1,167.0,5.0
2025-04-08 08:07:01,165.0,34.0,168.0,33.0,160.49,41.0,194.0,33.0,166.5,3.0,75.0,66.0,5.30840183106549,141,9.0,-127.0,0.06,164.2,5.0
2025-04-08 08:07:02,163.73,22.0,168.0,30.0,160.16,50.0,264.2,30.0,165.86,4.27000000000001,72.0,60.0,5.280836108047607,132,12.0,-9.0,0.09,167.0,3.0
2025-04-08 08:07:03,161.0,28.0,168.86,42.0,160.0,98.0,279.14,42.0,164.93,7.860000000000014,126.0,84.0,5.429886739155762,210,42.0,78.0,0.2,167.0,
2025-04-08 08:07:04,165.85,65.0,169.96,28.0,160.7,23.0,197.9,30.0,167.91,4.110000000000014,88.0,58.0,5.339182521703047,146,30.0,-64.0,0.21,166.0,3.0
2025-04-08 08:07:05,166.0,51.0,168.25,32.0,161.0,12.0,247.4,30.0,167.12,2.25,63.0,62.0,1.1446091036076158,125,1.0,-21.0,0.01,166.0,5.0
2025-04-08 08:07:06,161.85,55.0,170.0,36.0,159.8,25.0,489.62,37.0,165.93,8.150000000000006,80.0,73.0,1.168267948743584,153,7.0,28.0,0.05,162.33,3.0
2025-04-08 08:07:07,162.27,117.0,169.33,54.0,161.59,51.0,277.94,54.0,165.8,7.060000000000002,168.0,108.0,1.1748489264844024,276,60.0,123.0,0.22,162.0,3.0
2025-04-08 08:07:08,165.18,11.0,167.21,29.0,162.16,67.0,258.82,33.0,166.19,2.030000000000001,78.0,62.0,0.9004165702947229,140,16.0,-136.0,0.11,167.0,1.0
2025-04-08 08:07:09,165.0,5.0,166.0,10.0,162.0,75.0,604.27,11.0,165.5,1.0,80.0,21.0,0.6178753920182997,101,59.0,-39.0,0.58,167.0,
2025-04-08 08:07:10,162.02,126.0,165.33,24.0,161.15,26.0,171.0,60.0,163.68,3.3100000000000023,152.0,84.0,1.0039173273046,236,68.0,135.0,0.29,162.5,6.0
2025-04-08 08:07:11,162.0,80.0,163.38,16.0,160.0,8.0,171.0,40.0,162.69,1.3799999999999957,88.0,56.0,1.510354263099566,144,32.0,-92.0,0.22,162.5,
2025-04-08 08:07:12,162.0,66.0,170.57,37.0,160.0,8.0,324.92,12.0,166.28,8.569999999999993,74.0,49.0,1.6043596853769828,123,25.0,-21.0,0.2,162.0,2.0
2025-04-08 08:07:13,162.0,56.0,171.0,35.0,160.0,7.0,460.29,7.0,166.5,9.0,63.0,42.0,1.6727522231528735,105,21.0,-18.0,0.2,162.0,
2025-04-08 08:07:14,162.0,40.0,169.55,22.0,160.0,5.0,215.08,12.0,165.77,7.550000000000011,45.0,34.0,1.6998911730057409,79,11.0,-26.0,0.14,162.0,
2025-04-08 08:07:15,162.0,48.0,168.62,37.0,160.0,11.0,169.62,40.0,165.31,6.6200000000000045,59.0,77.0,1.535659467480514,136,-18.0,57.0,-0.13,162.0,4.0
2025-04-08 08:07:16,162.0,32.0,166.0,16.0,159.17,18.0,169.88,40.0,164.0,4.0,50.0,56.0,0.9926580479008322,106,-6.0,-30.0,-0.06,162.0,
2025-04-08 08:07:17,162.0,18.0,168.53,34.0,159.05,22.0,313.0,40.0,165.26,6.530000000000001,40.0,74.0,0.912343137236468,114,-34.0,8.0,-0.3,165.0,2.0
2025-04-08 08:07:18,165.29,35.0,169.0,45.0,164.45,31.0,327.77,13.0,167.14,3.710000000000008,66.0,58.0,1.1298362713518906,124,8.0,10.0,0.06,167.0,1.0
2025-04-08 08:07:19,167.0,32.0,169.0,40.0,166.0,56.0,307.0,8.0,168.0,2.0,88.0,48.0,1.6051853475726487,136,40.0,12.0,0.29,167.0,
2025-04-08 08:07:20,167.0,36.0,169.0,45.0,166.0,63.0,221.0,9.0,168.0,2.0,99.0,54.0,1.7815162081949776,153,45.0,17.0,0.29,167.0,
2025-04-08 08:07:21,167.0,48.0,169.0,95.0,166.0,84.0,175.0,12.0,168.0,2.0,132.0,107.0,1.189033220755688,239,25.0,86.0,0.1,167.0,
2025-04-08 08:07:22,166.0,78.0,167.8,56.0,162.0,52.0,168.66,86.0,166.9,1.8000000000000114,130.0,142.0,0.5434335286493863,272,-12.0,33.0,-0.04,166.8,5.0
2025-04-08 08:07:23,165.27,44.0,167.62,64.0,161.95,38.0,168.36,70.0,166.45,2.3499999999999943,82.0,134.0,0.7429670248809532,216,-52.0,-56.0,-0.24,166.0,6.0
2025-04-08 08:07:24,162.0,48.0,167.56,36.0,161.0,12.0,169.08,60.0,164.78,5.560000000000002,60.0,96.0,1.3313076278835945,156,-36.0,-60.0,-0.23,166.0,
2025-04-08 08:07:25,162.0,32.0,166.75,16.0,161.0,8.0,170.12,40.0,164.38,4.75,40.0,56.0,1.5060942865776068,96,-16.0,-60.0,-0.17,166.0,
2025-04-08 08:07:26,162.0,42.0,166.0,22.0,161.0,47.0,170.0,55.0,164.0,4.0,89.0,77.0,1.2931821217687944,166,12.0,70.0,0.07,162.0,1.0
2025-04-08 08:07:27,162.0,36.0,165.2,30.0,161.0,105.0,170.0,75.0,163.6,3.1999999999999886,141.0,105.0,1.1016442257203736,246,36.0,80.0,0.15,162.0,1.0
2025-04-08 08:07:28,162.0,20.0,168.51,35.0,161.0,70.0,170.5,50.0,165.26,6.509999999999991,90.0,85.0,0.6489067730138627,175,5.0,-71.0,0.03,164.0,2.0
2025-04-08 08:07:29,161.59,37.0,169.0,60.0,160.71,48.0,170.08,60.0,165.3,7.409999999999997,85.0,120.0,0.7569147904904298,205,-35.0,30.0,-0.17,162.6,5.0
2025-04-08 08:07:30,161.0,55.0,169.0,55.0,159.0,22.0,170.0,55.0,165.0,8.0,77.0,110.0,0.7811017859812213,187,-33.0,-18.0,-0.18,162.6,
2025-04-08 08:07:31,161.0,21.0,169.0,30.0,159.0,12.0,170.0,30.0,165.0,8.0,33.0,60.0,0.7029366970523477,93,-27.0,-94.0,-0.29,161.0,3.0
2025-04-08 08:07:32,161.0,20.0,168.56,18.0,159.0,20.0,169.18,55.0,164.78,7.560000000000002,40.0,73.0,0.2138223563209156,113,-33.0,20.0,-0.29,161.0,
2025-04-08 08:07:33,161.0,8.0,168.0,4.0,159.0,8.0,169.0,35.0,164.5,7.0,16.0,39.0,0.2971195046825242,55,-23.0,-58.0,-0.42,161.0,
2025-04-08 08:07:34,157.66,29.0,168.0,7.0,152.0,52.0,169.0,65.0,162.83,10.340000000000003,81.0,72.0,0.9133564474307386,153,9.0,98.0,0.06,158.56,9.0
2025-04-08 08:07:35,157.0,29.0,168.0,3.0,154.0,3.0,169.0,30.0,162.5,11.0,32.0,33.0,1.166927589897435,65,-1.0,-88.0,-0.02,157.0,2.0
2025-04-08 08:07:36,157.0,63.0,165.43,21.0,136.0,7.0,168.0,18.0,161.21,8.430000000000007,70.0,39.0,1.480449256159985,109,31.0,44.0,0.28,157.0,
2025-04-08 08:07:37,157.54,37.0,163.6,10.0,155.69,48.0,164.92,24.0,160.57,6.060000000000002,85.0,34.0,1.528028141123586,119,51.0,10.0,0.43,157.0,
2025-04-08 08:07:38,160.0,106.0,161.89,18.0,158.6,20.0,165.11,18.0,160.94,1.8899999999999864,126.0,36.0,0.9963684057949748,162,90.0,43.0,0.56,160.0,2.0
2025-04-08 08:07:39,160.0,71.0,162.03,35.0,158.0,30.0,164.18,55.0,161.01,2.030000000000001,101.0,90.0,0.7382614713411736,191,11.0,29.0,0.06,160.0,6.0
2025-04-08 08:07:40,158.0,17.0,159.4,15.0,157.0,90.0,165.6,42.0,158.7,1.4000000000000057,107.0,57.0,1.0249048736676547,164,50.0,-27.0,0.3,159.5,4.0
2025-04-08 08:07:41,157.21,34.0,161.07,29.0,154.56,78.0,163.9,50.0,159.14,3.859999999999985,112.0,79.0,1.076136608460175,191,33.0,27.0,0.17,158.0,1.0
2025-04-08 08:07:42,157.0,46.0,163.0,29.0,149.0,45.0,166.0,45.0,160.0,6.0,91.0,74.0,1.0397692051932923,165,17.0,-26.0,0.1,158.71,7.0
2025-04-08 08:07:43,152.1,49.0,162.81,26.0,128.0,72.0,187.9,50.0,157.45,10.710000000000008,121.0,76.0,1.342963141738844,197,45.0,32.0,0.23,163.29,7.0
2025-04-08 08:07:44,133.37,27.0,162.38,21.0,121.12,42.0,218.45,38.0,147.88,29.00999999999999,69.0,59.0,4.979375462853953,128,10.0,-69.0,0.08,157.0,3.0
2025-04-08 08:07:45,127.18,17.0,154.0,35.0,118.5,32.0,165.0,14.0,140.59,26.819999999999997,49.0,49.0,8.466461480457815,98,0.0,-30.0,0.0,157.0,
2025-04-08 08:07:46,130.11,28.0,154.0,40.0,119.62,40.0,269.13,15.0,142.05,23.889999999999983,68.0,55.0,8.816508946293853,123,13.0,25.0,0.11,157.0,
2025-04-08 08:07:47,134.71,21.0,153.53,45.0,131.5,24.0,172.39,36.0,144.12,18.819999999999997,45.0,81.0,6.748486496991961,126,-36.0,3.0,-0.29,153.0,3.0
2025-04-08 08:07:48,147.44,39.0,152.55,22.0,135.13,23.0,154.46,52.0,149.99,5.110000000000014,62.0,74.0,3.939927664321316,136,-12.0,10.0,-0.09,153.33,6.0
2025-04-08 08:07:49,152.3,30.0,155.0,16.0,151.27,66.0,158.2,20.0,153.65,2.6999999999999886,96.0,36.0,5.541109997110983,132,60.0,-4.0,0.45,154.0,1.0
2025-04-08 08:07:50,157.62,106.0,160.56,45.0,153.76,89.0,236.39,33.0,159.09,2.9399999999999977,195.0,78.0,6.954955068156774,273,117.0,141.0,0.43,157.8,5.0
2025-04-08 08:07:51,158.13,45.0,170.0,30.0,157.31,80.0,466.9,50.0,164.07,11.870000000000005,125.0,80.0,7.761454760550709,205,45.0,-68.0,0.22,158.67,3.0
2025-04-08 08:07:52,157.5,60.0,170.0,30.0,157.18,67.0,496.0,50.0,163.75,12.5,127.0,80.0,6.207205490401567,207,47.0,2.0,0.23,160.2,5.0
2025-04-08 08:07:53,162.0,10.0,343.47,36.0,160.0,30.0,484.24,38.0,252.74,181.47000000000003,40.0,74.0,41.62783804138826,114,-34.0,-93.0,-0.3,160.2,
2025-04-08 08:07:54,162.0,7.0,388.44,25.0,160.0,21.0,472.0,27.0,275.22,226.44,28.0,52.0,56.2894042427172,80,-24.0,-34.0,-0.3,160.2,
2025-04-08 08:07:55,161.09,46.0,202.29,28.0,160.06,34.0,359.33,18.0,181.69,41.19999999999999,80.0,46.0,52.67598912217999,126,34.0,46.0,0.27,161.33,3.0
2025-04-08 08:07:56,161.0,21.0,253.67,9.0,159.0,6.0,462.0,15.0,207.33,92.67,27.0,24.0,47.00834213200904,51,3.0,-75.0,0.06,161.33,
2025-04-08 08:07:57,161.02,66.0,265.4,30.0,159.2,80.0,461.7,46.0,213.21,104.37999999999997,146.0,76.0,37.4605054690938,222,70.0,168.0,0.32,161.33,
2025-04-08 08:07:58,161.26,23.0,358.33,18.0,160.25,64.0,457.04,25.0,259.8,197.07,87.0,43.0,38.8267465801605,130,44.0,-92.0,0.34,161.67,3.0
2025-04-08 08:07:59,161.0,44.0,252.73,30.0,159.12,73.0,333.89,27.0,206.87,91.73,117.0,57.0,28.448567626508325,174,60.0,44.0,0.34,161.0,2.0
2025-04-08 08:08:00,163.61,46.0,317.56,36.0,160.1,80.0,396.29,41.0,240.58,153.95,126.0,77.0,23.622814607916784,203,49.0,29.0,0.24,161.0,2.0
2025-04-08 08:08:01,167.0,25.0,424.6,15.0,161.0,10.0,516.0,10.0,295.8,257.6,35.0,25.0,36.29200972666009,60,10.0,-143.0,0.17,161.0,
2025-04-08 08:08:02,167.0,40.0,425.95,38.0,161.0,16.0,500.37,19.0,296.47,258.95,56.0,57.0,38.117017590572,113,-1.0,53.0,-0.01,161.0,
2025-04-08 08:08:03,167.0,40.0,414.25,40.0,161.0,16.0,455.27,22.0,290.62,247.25,56.0,62.0,40.51270010749677,118,-6.0,5.0,-0.05,161.0,
2025-04-08 08:08:04,165.03,63.0,383.53,38.0,160.67,27.0,384.4,50.0,274.28,218.5,90.0,88.0,23.554869984781377,178,2.0,60.0,0.01,167.0,5.0
2025-04-08 08:08:05,166.0,7.0,303.0,22.0,165.0,49.0,342.8,30.0,234.5,137.0,56.0,52.0,26.090112686609,108,4.0,-70.0,0.04,167.0,
2025-04-08 08:08:06,165.13,23.0,206.5,30.0,163.71,31.0,207.74,34.0,185.82,41.370000000000005,54.0,64.0,46.25320226751848,118,-10.0,10.0,-0.08,165.25,4.0
2025-04-08 08:08:07,165.0,32.0,205.11,45.0,161.0,18.0,207.0,27.0,185.06,40.110000000000014,50.0,72.0,48.8491891437309,122,-22.0,4.0,-0.18,165.0,2.0
2025-04-08 08:08:08,162.14,14.0,204.0,33.0,160.12,51.0,205.39,23.0,183.07,41.860000000000014,65.0,56.0,40.71749844968399,121,9.0,-1.0,0.07,163.67,3.0
2025-04-08 08:08:09,161.0,6.0,202.45,11.0,160.0,27.0,203.23,13.0,181.73,41.44999999999999,33.0,24.0,22.677617379258272,57,9.0,-64.0,0.16,163.67,
2025-04-08 08:08:10,160.49,41.0,200.83,29.0,159.88,102.0,202.33,45.0,180.66,40.34,143.0,74.0,2.1754470804980937,217,69.0,160.0,0.32,160.5,4.0
2025-04-08 08:08:11,160.74,54.0,197.8,45.0,159.88,80.0,200.55,29.0,179.27,37.06,134.0,74.0,2.2260435755054275,208,60.0,-9.0,0.29,160.5,
2025-04-08 08:08:12,161.0,24.0,197.56,16.0,160.0,42.0,201.25,16.0,179.28,36.56,66.0,32.0,1.6346773382077937,98,34.0,-110.0,0.35,160.5,
2025-04-08 08:08:13,161.0,17.0,196.48,25.0,160.0,77.0,197.64,28.0,178.74,35.47999999999999,94.0,53.0,1.2295242982759549,147,41.0,49.0,0.28,161.0,3.0
2025-04-08 08:08:14,161.0,15.0,192.05,22.0,160.0,63.0,193.1,20.0,176.52,31.05000000000001,78.0,42.0,1.5057157766497855,120,36.0,-27.0,0.3,161.0,
2025-04-08 08:08:15,161.0,14.0,188.1,21.0,160.0,63.0,189.5,24.0,174.55,27.099999999999994,77.0,45.0,2.082899421492408,122,32.0,2.0,0.26,161.0,
2025-04-08 08:08:16,162.48,27.0,183.9,31.0,160.76,21.0,185.59,34.0,173.19,21.420000000000016,48.0,65.0,2.621799000696801,113,-17.0,-9.0,-0.15,161.0,
2025-04-08 08:08:17,164.5,54.0,179.68,38.0,163.7,97.0,180.75,32.0,172.09,15.180000000000009,151.0,70.0,2.65721094383874,221,81.0,108.0,0.37,161.0,
2025-04-08 08:08:18,166.31,13.0,176.45,29.0,165.0,65.0,178.0,36.0,171.38,10.139999999999986,78.0,65.0,2.048836255062378,143,13.0,-78.0,0.09,161.0,
2025-04-08 08:08:19,167.0,11.0,171.23,30.0,165.0,55.0,172.26,31.0,169.12,4.22999999999999,66.0,61.0,2.0361556915078047,127,5.0,-16.0,0.04,161.0,
2025-04-08 08:08:20,165.27,30.0,167.9,39.0,164.61,33.0,168.87,46.0,166.58,2.6299999999999955,63.0,85.0,2.6365450878111862,148,-22.0,21.0,-0.15,165.5,4.0
2025-04-08 08:08:21,164.71,21.0,166.38,32.0,163.33,27.0,167.63,38.0,165.54,1.6699999999999875,48.0,70.0,2.873938064757652,118,-22.0,-30.0,-0.19,165.0,2.0
2025-04-08 08:08:22,162.94,17.0,164.27,22.0,160.43,21.0,172.83,23.0,163.61,1.3300000000000125,38.0,45.0,3.0486193596552456,83,-7.0,-35.0,-0.08,163.25,4.0
2025-04-08 08:08:23,166.54,26.0,214.61,23.0,159.5,24.0,421.62,24.0,190.57,48.07000000000002,50.0,47.0,11.072986498685012,97,3.0,14.0,0.03,164.0,2.0
2025-04-08 08:08:24,167.0,48.0,208.88,43.0,161.0,12.0,218.25,36.0,187.94,41.88,60.0,79.0,13.2275572196856,139,-19.0,42.0,-0.14,164.0,
2025-04-08 08:08:25,167.0,16.0,206.55,22.0,161.57,14.0,218.69,29.0,186.77,39.55000000000001,30.0,51.0,13.154087957743505,81,-21.0,-58.0,-0.26,167.0,2.0
2025-04-08 08:08:26,165.0,30.0,203.75,40.0,161.92,39.0,205.5,32.0,184.38,38.75,69.0,72.0,10.876572529986133,141,-3.0,60.0,-0.02,167.0,2.0
2025-04-08 08:08:27,162.21,24.0,201.28,36.0,161.22,18.0,202.78,54.0,181.74,39.06999999999999,42.0,90.0,3.377180776927035,132,-48.0,-9.0,-0.36,163.25,4.0
2025-04-08 08:08:28,162.0,9.0,196.29,34.0,161.0,9.0,200.64,22.0,179.15,34.28999999999999,18.0,56.0,3.604542966874945,74,-38.0,-58.0,-0.51,163.25,
2025-04-08 08:08:29,162.0,13.0,197.73,44.0,161.0,13.0,198.65,34.0,179.86,35.72999999999999,26.0,78.0,3.1806052883137124,104,-52.0,30.0,-0.5,163.25,
2025-04-08 08:08:30,162.15,13.0,193.86,42.0,161.15,13.0,195.56,36.0,178.01,31.710000000000008,26.0,78.0,2.497112332285202,104,-52.0,0.0,-0.5,163.25,
2025-04-08 08:08:31,163.0,11.0,189.47,34.0,162.0,11.0,191.38,32.0,176.24,26.47,22.0,66.0,2.0534970172981533,88,-44.0,-16.0,-0.5,160.8,5.0
2025-04-08 08:08:32,159.0,96.0,186.31,32.0,158.0,16.0,187.58,38.0,172.66,27.31,112.0,70.0,2.875157387005837,182,42.0,94.0,0.23,160.8,
2025-04-08 08:08:33,159.0,55.0,180.33,24.0,158.0,11.0,184.0,32.0,169.67,21.330000000000013,66.0,56.0,4.11360790548348,122,10.0,-60.0,0.08,159.0,1.0
2025-04-08 08:08:34,159.0,37.0,169.67,18.0,158.0,9.0,179.38,26.0,164.33,10.669999999999987,46.0,44.0,5.445766245447849,90,2.0,-32.0,0.02,159.0,4.0
2025-04-08 08:08:35,122.05,60.0,158.73,22.0,118.64,36.0,169.59,34.0,140.39,36.67999999999999,96.0,56.0,14.250774364927214,152,40.0,62.0,0.26,158.5,2.0
2025-04-08 08:08:36,118.92,111.0,154.92,24.0,112.15,20.0,158.33,24.0,136.92,35.999999999999986,131.0,48.0,16.869941612230736,179,83.0,27.0,0.46,158.5,
2025-04-08 08:08:39,135.24,29.0,297.73,22.0,61.52,25.0,347.92,25.0,216.48,162.49,54.0,47.0,36.146400512361936,101,7.0,41.0,0.07,161.0,4.0
2025-04-08 08:08:40,158.0,90.0,391.04,26.0,106.2,10.0,434.92,39.0,274.52,233.04,100.0,65.0,64.19928800228281,165,35.0,64.0,0.21,161.0,
2025-04-08 08:08:41,146.05,38.0,425.0,40.0,106.77,44.0,442.71,28.0,285.53,278.95,82.0,68.0,73.61831925546811,150,14.0,-15.0,0.09,161.0,
2025-04-08 08:08:42,152.04,47.0,240.25,53.0,133.49,61.0,358.12,33.0,196.14,88.21000000000001,108.0,86.0,61.40503888118641,194,22.0,44.0,0.11,161.0,
2025-04-08 08:08:43,168.0,60.0,251.0,24.0,167.0,84.0,406.87,30.0,209.5,83.0,144.0,54.0,40.645324208326855,198,90.0,4.0,0.45,161.0,
2025-04-08 08:08:46,167.26,62.0,192.6,63.0,166.32,63.0,191.82,45.0,179.93,25.340000000000003,125.0,108.0,11.80464442497259,233,17.0,17.0,0.07,168.12,8.0
2025-04-08 08:08:47,167.0,78.0,170.81,37.0,164.0,26.0,171.55,40.0,168.91,3.8100000000000014,104.0,77.0,18.115254621452088,181,27.0,-52.0,0.15,168.12,
2025-04-08 08:08:48,167.0,70.0,168.06,35.0,164.0,24.0,169.75,28.0,167.53,1.0600000000000025,94.0,63.0,18.661888436062643,157,31.0,-24.0,0.2,167.0,2.0
2025-04-08 08:08:49,164.75,16.0,166.18,22.0,162.03,156.0,210.79,14.0,165.47,1.4300000000000068,172.0,36.0,15.898763473932672,208,136.0,51.0,0.65,166.4,5.0
2025-04-08 08:08:50,164.0,12.0,165.0,36.0,162.0,264.0,447.58,52.0,164.5,1.0,276.0,88.0,6.204548331672715,364,188.0,156.0,0.52,166.4,
2025-04-08 08:08:51,162.12,117.0,164.83,36.0,161.72,179.0,323.81,36.0,163.48,2.710000000000008,296.0,72.0,2.218551329148237,368,224.0,4.0,0.61,164.0,1.0
2025-04-08 08:08:52,162.2,110.0,164.0,45.0,161.82,227.0,293.42,19.0,163.1,1.8000000000000114,337.0,64.0,1.7764374461450507,401,273.0,33.0,0.68,164.0,
2025-04-08 08:08:53,162.4,45.0,189.29,31.0,161.85,136.0,361.79,28.0,175.85,26.889999999999983,181.0,59.0,5.318876761127772,240,122.0,-161.0,0.51,162.67,3.0
2025-04-08 08:08:54,162.11,109.0,268.37,19.0,160.57,63.0,368.2,41.0,215.24,106.26,172.0,60.0,22.3286179599199,232,112.0,-8.0,0.48,162.0,4.0
2025-04-08 08:08:55,163.0,30.0,204.0,25.0,162.0,45.0,280.78,9.0,183.5,41.0,75.0,34.0,21.38677582058723,109,41.0,-123.0,0.38,162.0,
2025-04-08 08:08:56,163.0,60.0,203.39,18.0,162.0,90.0,269.19,42.0,183.19,40.38999999999999,150.0,60.0,19.23487275757371,210,90.0,101.0,0.43,162.0,
2025-04-08 08:08:57,163.0,72.0,202.0,12.0,162.0,108.0,323.5,54.0,182.5,39.0,180.0,66.0,15.518219292175502,246,114.0,36.0,0.46,162.0,
2025-04-08 08:08:58,163.0,48.0,200.0,10.0,162.0,81.0,391.81,16.0,181.5,37.0,129.0,26.0,14.584844188404858,155,103.0,-91.0,0.66,162.0,
2025-04-08 08:08:59,163.0,68.0,197.17,29.0,162.0,117.0,246.69,35.0,180.09,34.16999999999999,185.0,64.0,1.3867696276067318,249,121.0,94.0,0.49,162.86,7.0
2025-04-08 08:09:00,162.0,64.0,195.36,14.0,159.0,8.0,217.91,22.0,178.68,33.360000000000014,72.0,36.0,1.824984931459234,108,36.0,-141.0,0.33,162.86,
2025-04-08 08:09:01,166.56,50.0,193.0,28.0,164.39,44.0,194.0,20.0,179.78,26.44,94.0,48.0,1.4998666607581506,142,46.0,34.0,0.32,162.86,
2025-04-08 08:09:02,168.0,56.0,190.64,22.0,166.0,42.0,192.76,34.0,179.32,22.639999999999983,98.0,56.0,1.0526062891956778,154,42.0,12.0,0.27,162.86,
2025-04-08 08:09:03,168.0,44.0,189.0,42.0,166.18,33.0,191.0,11.0,178.5,21.0,77.0,53.0,0.6848211445733424,130,24.0,-24.0,0.18,162.86,
2025-04-08 08:09:04,168.0,42.0,187.03,33.0,167.0,39.0,187.59,27.0,177.52,19.03,81.0,60.0,0.8610458756971726,141,21.0,11.0,0.15,168.0,1.0
2025-04-08 08:09:05,168.0,30.0,181.4,25.0,167.0,30.0,182.67,18.0,174.7,13.400000000000006,60.0,43.0,2.0170969238129604,103,17.0,-38.0,0.17,168.0,
2025-04-08 08:09:06,168.0,30.0,179.26,19.0,167.0,30.0,180.17,23.0,173.63,11.259999999999993,60.0,42.0,2.4594674220360395,102,18.0,-1.0,0.18,168.0,
2025-04-08 08:09:07,168.0,28.0,175.71,35.0,167.0,42.0,176.9,30.0,171.86,7.710000000000008,70.0,65.0,2.744725851530113,135,5.0,33.0,0.04,168.0,2.0
2025-04-08 08:09:08,167.1,29.0,174.12,32.0,166.19,48.0,175.25,32.0,170.61,7.02000000000001,77.0,64.0,2.6704175703546573,141,13.0,6.0,0.09,167.5,2.0
2025-04-08 08:09:09,165.94,32.0,168.95,38.0,165.02,64.0,169.84,37.0,167.44,3.009999999999991,96.0,75.0,2.8316373355464157,171,21.0,30.0,0.12,166.4,5.0
2025-04-08 08:09:10,165.0,55.0,167.0,33.0,164.0,77.0,169.0,33.0,166.0,2.0,132.0,66.0,3.143241956970821,198,66.0,27.0,0.33,166.4,
2025-04-08 08:09:11,164.28,115.0,166.32,38.0,162.62,196.0,173.4,45.0,165.3,2.039999999999992,311.0,83.0,2.873259473152917,394,228.0,168.0,0.58,164.71,7.0
2025-04-08 08:09:12,164.0,75.0,165.04,25.0,162.0,135.0,166.27,11.0,164.52,1.039999999999992,210.0,36.0,2.3984745152000366,246,174.0,-148.0,0.71,164.0,3.0
2025-04-08 08:09:13,162.5,120.0,164.58,36.0,160.96,138.0,276.53,19.0,163.54,2.0800000000000125,258.0,55.0,1.4796621236164529,313,203.0,67.0,0.65,164.0,6.0
2025-04-08 08:09:14,162.0,180.0,163.86,28.0,159.17,36.0,211.36,28.0,162.93,1.8600000000000136,216.0,56.0,1.251806694368531,272,160.0,-41.0,0.59,164.0,
2025-04-08 08:09:15,162.0,99.0,163.0,8.0,160.0,16.0,290.82,17.0,162.5,1.0,115.0,25.0,1.1482682613685788,140,90.0,-132.0,0.64,162.0,3.0
2025-04-08 08:09:16,163.2,45.0,277.4,10.0,161.82,33.0,388.67,12.0,220.3,114.2,78.0,22.0,25.470051433007704,100,56.0,-40.0,0.56,163.0,1.0
2025-04-08 08:09:17,168.0,30.0,362.0,20.0,164.5,20.0,458.0,23.0,265.0,194.0,50.0,43.0,46.407030501854365,93,7.0,-7.0,0.08,163.0,
2025-04-08 08:09:18,168.0,27.0,375.31,26.0,166.0,13.0,478.85,26.0,271.65,207.31,40.0,52.0,52.9007431894867,92,-12.0,-1.0,-0.13,168.0,1.0
2025-04-08 08:09:19,162.73,82.0,314.52,27.0,161.76,17.0,387.57,28.0,238.63,151.79,99.0,55.0,43.79349871841723,154,44.0,62.0,0.29,167.33,3.0
2025-04-08 08:09:20,164.41,116.0,275.27,33.0,161.81,106.0,470.21,29.0,219.84,110.86,222.0,62.0,24.369856995887428,284,160.0,130.0,0.56,167.33,
2025-04-08 08:09:21,167.42,84.0,210.35,34.0,163.47,119.0,456.83,24.0,188.88,42.93000000000001,203.0,58.0,33.900882731870105,261,145.0,-23.0,0.56,167.33,
2025-04-08 08:09:22,168.0,63.0,347.45,22.0,167.0,63.0,412.2,20.0,257.73,179.45,126.0,42.0,32.51666388177007,168,84.0,-93.0,0.5,167.33,
2025-04-08 08:09:23,168.0,49.0,345.77,22.0,167.0,49.0,351.0,17.0,256.89,177.76999999999998,98.0,39.0,28.86141767134825,137,59.0,-31.0,0.43,167.33,
2025-04-08 08:09:24,168.0,63.0,316.82,34.0,167.0,63.0,344.72,29.0,242.41,148.82,126.0,63.0,29.1140026447758,189,63.0,52.0,0.33,167.33,
2025-04-08 08:09:25,168.0,56.0,188.34,29.0,167.0,56.0,258.44,27.0,178.17,20.340000000000003,112.0,56.0,38.36947719216434,168,56.0,-21.0,0.33,167.33,
2025-04-08 08:09:26,168.0,69.0,184.95,42.0,167.0,77.0,186.23,35.0,176.48,16.94999999999999,146.0,77.0,41.54241182213693,223,69.0,55.0,0.31,168.0,2.0
2025-04-08 08:09:27,168.0,16.0,181.1,42.0,167.0,84.0,183.14,42.0,174.55,13.099999999999994,100.0,84.0,40.466257548728606,184,16.0,-39.0,0.09,168.0,4.0
2025-04-08 08:09:28,167.23,31.0,178.88,34.0,166.86,57.0,180.86,43.0,173.05,11.650000000000006,88.0,77.0,29.95767547724705,165,11.0,-19.0,0.07,167.5,2.0
2025-04-08 08:09:29,167.0,24.0,178.0,16.0,166.0,8.0,179.0,12.0,172.5,11.0,32.0,28.0,2.3707488268608814,60,4.0,-105.0,0.07,167.5,
2025-04-08 08:09:30,167.0,42.0,177.14,28.0,163.82,17.0,179.0,21.0,172.07,10.139999999999986,59.0,49.0,1.800402732741581,108,10.0,48.0,0.09,167.5,
2025-04-08 08:09:31,167.0,78.0,173.88,40.0,165.0,71.0,176.76,51.0,170.44,6.879999999999996,149.0,91.0,1.4942456290933066,240,58.0,132.0,0.24,167.5,
2025-04-08 08:09:32,166.71,69.0,170.27,60.0,164.8,100.0,171.19,57.0,168.49,3.5600000000000023,169.0,117.0,1.8527412123838265,286,52.0,46.0,0.18,167.0,6.0
2025-04-08 08:09:33,165.0,45.0,168.6,35.0,163.0,45.0,169.71,28.0,166.8,3.5999999999999943,90.0,63.0,2.4099066372095264,153,27.0,-133.0,0.18,167.0,
2025-04-08 08:09:34,165.0,61.0,293.76,29.0,163.0,65.0,395.94,47.0,229.38,128.76,126.0,76.0,26.875046604611804,202,50.0,49.0,0.25,165.0,1.0
2025-04-08 08:09:35,165.0,38.0,283.32,38.0,163.0,70.0,375.84,43.0,224.16,118.32,108.0,81.0,31.953157590448665,189,27.0,-13.0,0.14,165.0,3.0
2025-04-08 08:09:36,165.0,12.0,284.24,17.0,163.0,60.0,319.0,26.0,224.62,119.24,72.0,43.0,32.06233771888815,115,29.0,-74.0,0.25,165.0,
2025-04-08 08:09:37,164.5,12.0,261.77,26.0,162.73,52.0,262.86,14.0,213.13,97.26999999999998,64.0,40.0,25.752580841539565,104,24.0,-11.0,0.23,163.67,3.0
2025-04-08 08:09:38,161.62,39.0,261.0,21.0,160.82,34.0,262.0,7.0,211.31,99.38,73.0,28.0,7.873934848601642,101,45.0,-3.0,0.45,163.0,3.0
2025-04-08 08:09:39,163.55,44.0,258.41,17.0,161.73,66.0,260.78,18.0,210.98,94.86,110.0,35.0,6.942539160856523,145,75.0,44.0,0.52,163.0,
2025-04-08 08:09:40,166.97,74.0,258.07,27.0,165.4,30.0,260.39,23.0,212.52,91.1,104.0,50.0,5.717899089703159,154,54.0,9.0,0.35,163.0,
2025-04-08 08:09:41,167.0,42.0,255.77,26.0,166.0,20.0,256.86,14.0,211.38,88.77000000000001,62.0,40.0,0.9159312201416874,102,22.0,-52.0,0.22,167.0,2.0
2025-04-08 08:09:42,166.12,49.0,251.95,40.0,162.92,52.0,254.25,16.0,209.04,85.82999999999998,101.0,56.0,1.2631626973715315,157,45.0,55.0,0.29,167.33,6.0
2025-04-08 08:09:43,162.06,68.0,248.8,10.0,160.63,38.0,251.0,30.0,205.43,86.74000000000001,106.0,40.0,2.7810609486366715,146,66.0,-11.0,0.45,162.0,3.0
2025-04-08 08:09:44,167.0,28.0,248.0,7.0,161.97,62.0,251.0,21.0,207.5,81.0,90.0,28.0,2.8679225931033265,118,62.0,-28.0,0.53,162.0,
2025-04-08 08:09:45,164.65,68.0,246.64,11.0,162.37,102.0,251.0,33.0,205.64,81.98999999999998,170.0,44.0,2.48628638737248,214,126.0,96.0,0.59,167.0,4.0
2025-04-08 08:09:46,163.0,90.0,242.22,9.0,161.0,72.0,250.76,25.0,202.61,79.22,162.0,34.0,2.420150821753717,196,128.0,-18.0,0.65,167.0,
2025-04-08 08:09:47,163.0,88.0,241.84,19.0,161.0,72.0,246.85,13.0,202.42,78.84,160.0,32.0,2.1691588231469785,192,128.0,-4.0,0.67,163.0,1.0
2025-04-08 08:09:48,163.0,90.0,225.37,30.0,161.0,80.0,229.59,17.0,194.18,62.370000000000005,170.0,47.0,5.101372364377868,217,123.0,25.0,0.57,163.0,
2025-04-08 08:09:49,163.0,122.0,195.0,21.0,161.47,135.0,196.05,61.0,179.0,32.0,257.0,82.0,10.807242941659227,339,175.0,122.0,0.52,163.0,2.0
2025-04-08 08:09:50,164.71,114.0,240.29,42.0,162.24,106.0,341.53,17.0,202.5,75.57999999999998,220.0,59.0,10.239263645401648,279,161.0,-60.0,0.58,163.0,2.0
2025-04-08 08:09:51,166.0,130.0,221.2,40.0,163.0,50.0,238.24,37.0,193.6,55.19999999999999,180.0,77.0,9.588545249413247,257,103.0,-22.0,0.4,163.0,
2025-04-08 08:09:52,166.0,114.0,238.0,40.0,163.0,50.0,239.0,30.0,202.0,72.0,164.0,70.0,9.50150935378403,234,94.0,-23.0,0.4,166.0,4.0
2025-04-08 08:09:53,166.0,81.0,237.62,32.0,163.0,45.0,238.48,31.0,201.81,71.62,126.0,63.0,10.081275712926614,189,63.0,-45.0,0.33,166.0,
2025-04-08 08:09:54,165.66,87.0,235.69,48.0,162.8,88.0,237.16,50.0,200.67,70.03,175.0,98.0,3.703637401263773,273,77.0,84.0,0.28,166.0,9.0
2025-04-08 08:09:55,163.36,112.0,224.96,53.0,162.12,144.0,228.24,51.0,194.16,61.6,256.0,104.0,4.205564171433071,360,152.0,87.0,0.42,166.0,
2025-04-08 08:09:56,167.0,90.0,207.62,56.0,163.0,162.0,214.55,58.0,187.31,40.620000000000005,252.0,114.0,6.391130572914526,366,138.0,6.0,0.38,166.0,
2025-04-08 08:09:57,167.0,70.0,197.13,46.0,163.0,126.0,198.13,46.0,182.07,30.129999999999995,196.0,92.0,8.50622595514878,288,104.0,-78.0,0.36,166.0,
2025-04-08 08:09:58,167.0,60.0,192.42,36.0,163.0,108.0,194.17,36.0,179.71,25.419999999999987,168.0,72.0,8.656880500506594,240,96.0,-48.0,0.4,166.0,
2025-04-08 08:09:59,167.0,60.0,188.37,41.0,163.0,108.0,189.7,43.0,177.68,21.370000000000005,168.0,84.0,6.634759226984509,252,84.0,12.0,0.33,166.0,
2025-04-08 08:10:00,167.0,45.0,185.29,28.0,163.0,44.0,187.45,31.0,176.14,18.289999999999992,89.0,59.0,4.3701681889899575,148,30.0,-104.0,0.2,166.0,
2025-04-08 08:10:01,167.0,62.0,181.21,56.0,163.0,70.0,182.71,56.0,174.11,14.210000000000008,132.0,112.0,3.088943184984523,244,20.0,96.0,0.08,167.0,1.0
2025-04-08 08:10:02,167.0,60.0,176.21,53.0,163.0,75.0,177.68,53.0,171.6,9.210000000000008,135.0,106.0,3.1393741414594865,241,29.0,-3.0,0.12,167.0,
2025-04-08 08:10:03,167.0,48.0,173.25,48.0,163.46,52.0,174.2,45.0,170.12,6.25,100.0,93.0,3.119455080629694,193,7.0,-48.0,0.04,167.0,
2025-04-08 08:10:04,167.0,64.0,171.28,57.0,165.0,48.0,172.38,61.0,169.14,4.280000000000001,112.0,118.0,2.8818084599896934,230,-6.0,37.0,-0.03,167.0,
2025-04-08 08:10:05,167.0,7.0,169.0,28.0,165.0,21.0,171.0,21.0,168.0,2.0,28.0,49.0,2.3686451823922217,77,-21.0,-153.0,-0.27,167.0,3.0
2025-04-08 08:10:06,164.0,24.0,168.36,22.0,162.8,46.0,169.71,31.0,166.18,4.360000000000014,70.0,53.0,2.0607086160036023,123,17.0,46.0,0.14,164.43,7.0
2025-04-08 08:10:07,163.57,28.0,166.05,40.0,162.17,65.0,174.38,52.0,164.81,2.480000000000018,93.0,92.0,2.160439770063705,185,1.0,62.0,0.01,165.5,8.0
2025-04-08 08:10:08,163.92,13.0,165.92,26.0,162.38,16.0,270.56,18.0,164.92,2.0,29.0,44.0,1.91141308985631,73,-15.0,-112.0,-0.21,164.0,2.0
2025-04-08 08:10:09,162.06,53.0,164.9,31.0,161.67,45.0,565.23,26.0,163.48,2.8400000000000034,98.0,57.0,1.7031500227740746,155,41.0,82.0,0.26,163.0,1.0
2025-04-08 08:10:11,162.0,90.0,453.86,44.0,161.0,27.0,467.58,33.0,307.93,291.86,117.0,77.0,115.91453088375069,194,40.0,-50.0,0.21,163.0,
2025-04-08 08:10:12,162.0,90.0,388.36,36.0,161.0,27.0,389.45,31.0,275.18,226.36,117.0,67.0,107.23836967242632,184,50.0,-10.0,0.27,163.0,
2025-04-08 08:10:13,162.01,71.0,254.35,20.0,161.32,31.0,265.3,23.0,208.18,92.34,102.0,43.0,98.41485644962329,145,59.0,-39.0,0.41,163.0,
2025-04-08 08:10:14,165.29,17.0,228.71,34.0,162.0,188.0,231.0,51.0,197.0,63.420000000000016,205.0,85.0,89.69400855129594,290,120.0,145.0,0.41,163.0,
2025-04-08 08:10:15,167.79,14.0,226.29,52.0,162.0,106.0,227.48,42.0,197.04,58.5,120.0,94.0,51.27413948570953,214,26.0,-76.0,0.12,163.0,
2025-04-08 08:10:16,162.64,56.0,220.61,64.0,161.6,70.0,222.09,56.0,191.63,57.97000000000003,126.0,120.0,34.83437641181515,246,6.0,32.0,0.02,164.0,3.0
2025-04-08 08:10:17,161.81,62.0,215.9,58.0,159.93,82.0,218.26,27.0,188.85,54.09,144.0,85.0,7.40262453458516,229,59.0,-17.0,0.26,162.0,5.0
2025-04-08 08:10:18,161.0,72.0,211.9,42.0,159.0,264.0,212.89,54.0,186.45,50.900000000000006,336.0,96.0,4.771669519156478,432,240.0,168.0,0.56,162.0,
2025-04-08 08:10:19,161.0,48.0,209.68,19.0,159.0,176.0,211.22,27.0,185.34,48.68000000000001,224.0,46.0,4.684118913952718,270,178.0,-162.0,0.66,162.0,
2025-04-08 08:10:20,163.4,70.0,207.41,44.0,161.07,162.0,208.23,35.0,185.4,44.00999999999999,232.0,79.0,2.6949823747201447,311,153.0,41.0,0.49,162.0,
2025-04-08 08:10:21,163.09,93.0,203.27,33.0,161.21,87.0,204.51,37.0,183.18,40.18000000000001,180.0,70.0,2.0585990381942088,250,110.0,-61.0,0.44,165.0,4.0
2025-04-08 08:10:22,163.0,74.0,200.36,39.0,161.0,72.0,201.21,39.0,181.68,37.360000000000014,146.0,78.0,1.9347092805007533,224,68.0,-26.0,0.3,163.0,5.0
2025-04-08 08:10:23,163.0,30.0,196.58,26.0,161.0,72.0,197.87,30.0,179.79,33.58000000000001,102.0,56.0,2.4126790089146324,158,46.0,-66.0,0.29,163.0,
2025-04-08 08:10:24,163.0,48.0,193.65,49.0,161.0,96.0,194.35,57.0,178.33,30.65000000000001,144.0,106.0,2.7786201611697185,250,38.0,92.0,0.15,163.0,2.0
2025-04-08 08:10:25,162.2,30.0,189.77,26.0,160.2,90.0,190.62,29.0,175.98,27.57000000000002,120.0,55.0,2.815665107938245,175,65.0,-75.0,0.37,163.0,2.0
2025-04-08 08:10:26,161.0,48.0,185.93,28.0,159.0,144.0,188.8,20.0,173.46,24.930000000000007,192.0,48.0,3.218380027290586,240,144.0,65.0,0.6,163.0,
2025-04-08 08:10:27,160.19,64.0,183.03,32.0,159.7,86.0,184.49,65.0,171.61,22.840000000000003,150.0,97.0,3.368208722758308,247,53.0,7.0,0.21,160.09,11.0
2025-04-08 08:10:28,165.0,11.0,176.88,34.0,162.0,33.0,178.95,37.0,170.94,11.879999999999995,44.0,71.0,3.0828606845050883,115,-27.0,-132.0,-0.23,160.09,
2025-04-08 08:10:29,165.14,14.0,171.59,34.0,162.08,37.0,173.26,47.0,168.37,6.450000000000017,51.0,81.0,2.8459919184827998,132,-30.0,17.0,-0.23,160.09,
2025-04-08 08:10:30,166.0,20.0,169.86,28.0,165.0,10.0,171.45,22.0,167.93,3.8600000000000136,30.0,50.0,2.308781063693836,80,-20.0,-52.0,-0.25,160.09,
2025-04-08 08:10:31,160.31,75.0,168.29,28.0,160.5,28.0,169.67,36.0,164.3,7.97999999999999,103.0,64.0,2.89495250394082,167,39.0,87.0,0.23,162.56,9.0
2025-04-08 08:10:32,159.18,66.0,169.0,18.0,158.83,36.0,170.0,27.0,164.09,9.819999999999991,102.0,45.0,2.913079126984863,147,57.0,-20.0,0.39,162.56,
2025-04-08 08:10:33,158.95,22.0,163.38,16.0,108.36,11.0,169.69,13.0,161.16,4.430000000000007,33.0,29.0,2.994202731960076,62,4.0,-85.0,0.06,159.33,12.0
2025-04-08 08:10:43,120.48,31.0,444.04,49.0,120.84,57.0,522.82,55.0,282.26,323.56,88.0,104.0,71.47223118106842,192,-16.0,30.0,-0.08,157.0,3.0
2025-04-08 08:10:45,158.12,26.0,397.33,30.0,120.43,49.0,728.5,30.0,277.72,239.21,75.0,60.0,104.84227806567348,135,15.0,33.0,0.11,159.4,5.0
2025-04-08 08:10:46,159.57,69.0,304.0,9.0,138.58,57.0,352.22,45.0,231.78,144.43,126.0,54.0,85.45945834136778,180,72.0,45.0,0.4,159.4,
2025-04-08 08:10:47,161.53,60.0,254.34,58.0,159.71,70.0,307.5,40.0,207.94,92.81,130.0,98.0,61.58227439775148,228,32.0,48.0,0.14,161.0,5.0
2025-04-08 08:10:48,164.43,14.0,238.42,31.0,159.24,41.0,287.5,40.0,201.42,73.98999999999998,55.0,71.0,68.93085143823465,126,-16.0,-102.0,-0.13,165.8,5.0
2025-04-08 08:10:49,164.87,31.0,273.0,11.0,159.76,17.0,347.0,40.0,218.94,108.13,48.0,51.0,30.31658951795219,99,-3.0,-27.0,-0.03,165.8,
2025-04-08 08:10:50,165.0,18.0,273.0,6.0,161.44,9.0,319.0,12.0,219.0,108.0,27.0,18.0,11.6621473151397,45,9.0,-54.0,0.2,165.8,
2025-04-08 08:10:51,164.57,21.0,271.7,10.0,161.96,25.0,299.64,11.0,218.14,107.13,46.0,21.0,8.02129166655988,67,25.0,22.0,0.37,164.25,4.0
2025-04-08 08:10:52,162.0,39.0,245.04,27.0,161.0,13.0,251.41,34.0,203.52,83.03999999999999,52.0,61.0,8.923311044675279,113,-9.0,46.0,-0.08,164.25,
2025-04-08 08:10:53,161.91,23.0,242.33,9.0,158.78,27.0,245.0,18.0,202.12,80.42000000000002,50.0,27.0,8.714876935449153,77,23.0,-36.0,0.3,162.0,3.0
2025-04-08 08:10:54,158.69,39.0,215.62,13.0,151.48,71.0,243.82,17.0,187.15,56.93000000000001,110.0,30.0,13.161553099844648,140,80.0,63.0,0.57,161.0,2.0
2025-04-08 08:10:55,159.67,45.0,172.77,13.0,129.0,30.0,174.45,11.0,166.22,13.100000000000025,75.0,24.0,19.67060497290415,99,51.0,-41.0,0.52,160.5,10.0
2025-04-08 08:10:56,159.78,27.0,170.14,14.0,157.54,39.0,170.92,13.0,164.96,10.359999999999983,66.0,27.0,18.673411043514605,93,39.0,-6.0,0.42,160.5,
2025-04-08 08:10:57,162.0,18.0,165.83,12.0,158.81,52.0,166.67,15.0,163.92,3.830000000000013,70.0,27.0,17.074937188758906,97,43.0,4.0,0.44,160.5,
2025-04-08 08:10:58,162.33,12.0,164.0,6.0,159.43,28.0,239.33,15.0,163.17,1.6699999999999875,40.0,21.0,10.164060704269268,61,19.0,-36.0,0.31,163.0,2.0
2025-04-08 08:10:59,162.0,20.0,163.5,10.0,159.0,60.0,356.18,44.0,162.75,1.5,80.0,54.0,1.4053220271796012,134,26.0,73.0,0.19,163.0,
2025-04-08 08:11:00,162.0,14.0,163.0,7.0,159.45,22.0,301.5,32.0,162.5,1.0,36.0,39.0,0.9964185867781928,75,-3.0,-59.0,-0.04,163.0,
2025-04-08 08:11:03,167.0,10.0,347.26,38.0,163.0,10.0,540.06,32.0,257.13,180.26,20.0,70.0,86.0011067952034,90,-50.0,24.0,-0.56,163.0,
2025-04-08 08:11:04,167.0,6.0,290.44,18.0,163.0,6.0,603.5,12.0,228.72,123.44,12.0,30.0,73.35173494880654,42,-18.0,-48.0,-0.43,163.0,
2025-04-08 08:11:07,166.0,49.0,262.79,29.0,159.0,16.0,301.31,26.0,214.4,96.79000000000002,65.0,55.0,74.55202042869087,120,10.0,-7.0,0.08,163.0,
2025-04-08 08:11:08,166.0,77.0,259.25,53.0,159.0,44.0,260.82,49.0,212.62,93.25,121.0,102.0,80.93068373614516,223,19.0,103.0,0.09,163.0,
2025-04-08 08:11:09,166.0,51.0,255.24,38.0,159.0,36.0,256.48,44.0,210.62,89.24000000000001,87.0,82.0,83.8690823247754,169,5.0,-54.0,0.03,166.0,3.0
2025-04-08 08:11:10,166.1,29.0,250.44,52.0,160.91,44.0,251.36,55.0,208.27,84.34,73.0,107.0,81.03711452168062,180,-34.0,11.0,-0.19,166.25,4.0
2025-04-08 08:11:11,166.0,9.0,248.78,36.0,159.0,36.0,250.0,45.0,207.39,82.78,45.0,81.0,2.9255683208606253,126,-36.0,-54.0,-0.29,166.25,
2025-04-08 08:11:12,166.0,7.0,246.71,28.0,161.0,63.0,250.0,35.0,206.36,80.71000000000001,70.0,63.0,2.540171254074248,133,7.0,7.0,0.05,166.25,
2025-04-08 08:11:13,166.0,10.0,198.16,45.0,161.0,90.0,230.69,36.0,182.08,32.16,100.0,81.0,11.768917962159149,181,19.0,48.0,0.1,166.25,
2025-04-08 08:11:14,165.44,81.0,189.38,65.0,160.93,112.0,190.36,61.0,177.41,23.94,193.0,126.0,15.219338684714266,319,67.0,138.0,0.21,166.0,2.0
2025-04-08 08:11:15,166.0,53.0,186.0,45.0,161.18,66.0,189.0,45.0,176.0,20.0,119.0,90.0,15.709715783554069,209,29.0,-110.0,0.14,166.0,5.0
2025-04-08 08:11:16,165.12,34.0,184.75,60.0,162.89,76.0,187.0,60.0,174.93,19.629999999999995,110.0,120.0,13.146057583931984,230,-10.0,21.0,-0.04,165.0,3.0
2025-04-08 08:11:17,163.52,46.0,182.89,47.0,162.27,44.0,183.98,46.0,173.21,19.369999999999976,90.0,93.0,3.3633361414023537,183,-3.0,-47.0,-0.02,166.0,4.0
2025-04-08 08:11:18,163.0,45.0,181.03,33.0,162.0,36.0,181.62,42.0,172.02,18.03,81.0,75.0,2.149913951781714,156,6.0,-27.0,0.04,166.0,
2025-04-08 08:11:19,163.0,50.0,177.85,26.0,162.0,40.0,179.88,34.0,170.42,14.849999999999994,90.0,60.0,2.229715228469173,150,30.0,-6.0,0.2,166.0,
2025-04-08 08:11:20,163.0,22.0,176.73,55.0,162.0,44.0,179.0,11.0,169.86,13.72999999999999,66.0,66.0,2.066801877314017,132,0.0,-18.0,0.0,163.0,3.0
2025-04-08 08:11:21,162.55,11.0,175.22,37.0,161.21,57.0,177.33,12.0,168.88,12.669999999999987,68.0,49.0,1.7306414995804806,117,19.0,-15.0,0.16,162.4,5.0
2025-04-08 08:11:22,162.13,23.0,173.55,11.0,160.86,57.0,174.6,25.0,167.84,11.420000000000016,80.0,36.0,1.581480319217223,116,44.0,-1.0,0.38,161.5,2.0
2025-04-08 08:11:23,161.46,105.0,170.29,17.0,160.38,64.0,171.29,21.0,165.88,8.829999999999984,169.0,38.0,1.7994110147692206,207,131.0,91.0,0.63,161.5,
2025-04-08 08:11:24,163.0,93.0,164.93,42.0,161.0,96.0,166.58,19.0,163.96,1.9300000000000068,189.0,61.0,2.372357477294325,250,128.0,43.0,0.51,163.0,2.0
2025-04-08 08:11:25,163.0,50.0,194.21,43.0,161.0,104.0,335.16,32.0,178.6,31.210000000000008,154.0,75.0,5.671218563948335,229,79.0,-21.0,0.34,163.29,7.0
2025-04-08 08:11:26,163.0,12.0,309.12,26.0,161.0,132.0,635.09,22.0,236.06,146.12,144.0,48.0,30.49077762209512,192,96.0,-37.0,0.5,163.29,
2025-04-08 08:11:27,163.0,12.0,341.29,34.0,161.0,144.0,456.32,44.0,252.15,178.29000000000002,156.0,78.0,41.64948258982381,234,78.0,42.0,0.33,163.29,
2025-04-08 08:11:28,162.16,19.0,332.78,27.0,161.12,68.0,435.83,29.0,247.47,170.61999999999998,87.0,56.0,41.24890628853106,143,31.0,-91.0,0.22,163.0,1.0
2025-04-08 08:11:29,161.23,47.0,410.86,35.0,159.92,74.0,648.14,21.0,286.05,249.63,121.0,56.0,39.08160603148224,177,65.0,34.0,0.37,161.8,5.0
2025-04-08 08:11:30,166.0,4.0,409.75,20.0,161.0,44.0,766.0,12.0,287.88,243.75,48.0,32.0,23.607061867160898,80,16.0,-97.0,0.2,161.8,
2025-04-08 08:11:31,161.0,70.0,377.0,32.0,159.0,70.0,490.7,30.0,269.0,216.0,140.0,62.0,18.66426934010421,202,78.0,122.0,0.39,163.5,2.0
2025-04-08 08:11:32,161.0,60.0,295.03,38.0,159.0,80.0,330.38,37.0,228.01,134.02999999999997,140.0,75.0,25.736512389987126,215,65.0,13.0,0.3,161.0,5.0
2025-04-08 08:11:33,159.4,75.0,284.39,38.0,155.67,36.0,429.63,41.0,221.9,124.98999999999998,111.0,79.0,31.62915537917456,190,32.0,-25.0,0.17,161.0,
2025-04-08 08:11:34,159.92,25.0,312.73,55.0,158.78,99.0,444.32,63.0,236.32,152.81000000000003,124.0,118.0,28.48996525094369,242,6.0,52.0,0.02,160.0,5.0
2025-04-08 08:11:35,159.0,70.0,296.43,44.0,158.0,60.0,312.12,40.0,227.72,137.43,130.0,84.0,18.831956881853632,214,46.0,-28.0,0.21,160.0,
2025-04-08 08:11:36,159.0,21.0,267.25,40.0,158.0,48.0,311.38,32.0,213.12,108.25,69.0,72.0,8.580330995946984,141,-3.0,-73.0,-0.02,159.0,5.0
2025-04-08 08:11:37,160.38,13.0,246.58,53.0,158.6,30.0,247.76,41.0,203.48,86.20000000000002,43.0,94.0,12.732883412645178,137,-51.0,-4.0,-0.37,159.0,
2025-04-08 08:11:38,161.0,5.0,245.37,19.0,159.0,26.0,246.57,21.0,203.18,84.37,31.0,40.0,14.804893785502797,71,-9.0,-66.0,-0.13,159.0,
2025-04-08 08:11:39,159.08,75.0,240.78,49.0,158.38,78.0,242.54,39.0,199.93,81.69999999999999,153.0,88.0,11.322980173082897,241,65.0,168.0,0.27,160.0,2.0
2025-04-08 08:11:40,159.4,80.0,239.11,46.0,158.27,66.0,240.62,34.0,199.25,79.71000000000001,146.0,80.0,5.54590569700167,226,66.0,-15.0,0.29,160.0,
2025-04-08 08:11:41,163.0,132.0,235.37,35.0,159.0,99.0,237.11,53.0,199.19,72.37,231.0,88.0,2.1439519584260984,319,143.0,93.0,0.45,160.0,
2025-04-08 08:11:42,163.0,210.0,225.71,56.0,159.0,126.0,230.65,54.0,194.36,62.71000000000001,336.0,110.0,3.1543573038007984,446,226.0,127.0,0.51,160.0,
2025-04-08 08:11:43,163.0,108.0,165.44,27.0,159.0,81.0,232.0,45.0,164.22,2.4399999999999977,189.0,72.0,15.350741024460406,261,117.0,-168.0,0.45,163.0,3.0
2025-04-08 08:11:44,163.0,96.0,165.12,40.0,159.0,72.0,167.0,24.0,164.06,2.1200000000000045,168.0,64.0,18.433983020499426,232,104.0,-29.0,0.45,163.0,
2025-04-08 08:11:45,163.09,65.0,165.28,29.0,159.46,61.0,320.33,27.0,164.18,2.1899999999999977,126.0,56.0,17.949137026611343,182,70.0,-50.0,0.38,163.0,5.0
2025-04-08 08:11:46,164.53,30.0,166.5,12.0,162.5,72.0,204.94,32.0,165.52,1.9699999999999989,102.0,44.0,13.369267743600592,146,58.0,-36.0,0.4,165.0,3.0
2025-04-08 08:11:47,167.0,22.0,380.7,46.0,163.0,77.0,558.61,51.0,273.85,213.7,99.0,97.0,48.90865853813678,196,2.0,50.0,0.01,165.0,
2025-04-08 08:11:48,163.14,57.0,337.45,31.0,159.33,84.0,403.86,59.0,250.3,174.31,141.0,90.0,54.044854704218025,231,51.0,35.0,0.22,165.0,4.0
2025-04-08 08:11:49,163.0,21.0,167.67,9.0,159.0,49.0,210.26,31.0,165.33,4.669999999999988,70.0,40.0,53.81516914402515,110,30.0,-121.0,0.27,163.0,2.0
2025-04-08 08:11:50,163.0,27.0,166.78,27.0,159.0,63.0,168.0,9.0,164.89,3.780000000000001,90.0,36.0,53.6851503676765,126,54.0,16.0,0.43,163.0,
2025-04-08 08:11:51,163.0,26.0,165.12,26.0,159.0,70.0,168.8,10.0,164.06,2.1200000000000045,96.0,36.0,53.94994003703838,132,60.0,6.0,0.45,165.0,2.0
2025-04-08 08:11:52,163.0,27.0,165.0,6.0,159.0,42.0,169.0,6.0,164.0,2.0,69.0,12.0,38.34374564384737,81,57.0,-51.0,0.7,165.0,
2025-04-08 08:11:53,163.0,56.0,165.0,8.0,159.0,56.0,169.0,8.0,164.0,2.0,112.0,16.0,0.6174382560922009,128,96.0,47.0,0.75,165.0,
2025-04-08 08:11:54,163.0,53.0,166.12,8.0,159.0,56.0,219.8,15.0,164.56,3.1200000000000045,109.0,23.0,0.4041286924809674,132,86.0,4.0,0.65,163.0,1.0
2025-04-08 08:11:55,163.0,54.0,169.0,9.0,159.0,57.0,218.89,18.0,166.0,6.0,111.0,27.0,0.8579510476047553,138,84.0,6.0,0.61,163.0,
2025-04-08 08:11:56,163.0,60.0,168.44,18.0,161.19,74.0,216.11,18.0,165.72,5.439999999999998,134.0,36.0,0.9497789216895022,170,98.0,32.0,0.58,163.0,
2025-04-08 08:11:57,163.62,45.0,167.6,50.0,162.38,58.0,169.0,10.0,165.61,3.9799999999999898,103.0,60.0,0.855230963006645,163,43.0,-7.0,0.26,163.0,1.0
2025-04-08 08:11:58,164.37,35.0,166.61,41.0,162.04,149.0,304.48,31.0,165.49,2.240000000000009,184.0,72.0,0.5457380324706078,256,112.0,93.0,0.44,165.0,4.0
2025-04-08 08:11:59,162.03,80.0,166.58,12.0,159.88,116.0,168.73,11.0,164.3,4.550000000000011,196.0,23.0,0.6560716424941359,219,173.0,-37.0,0.79,162.25,4.0
2025-04-08 08:12:00,162.0,64.0,163.88,17.0,161.0,56.0,167.6,15.0,162.94,1.8799999999999957,120.0,32.0,1.1924219052356242,152,88.0,-67.0,0.58,162.0,2.0
2025-04-08 08:12:01,162.0,24.0,163.17,12.0,161.0,48.0,169.0,12.0,162.58,1.1699999999999875,72.0,24.0,1.4029362067059852,96,48.0,-56.0,0.5,162.0,3.0
2025-04-08 08:12:02,165.81,21.0,168.33,9.0,161.17,24.0,210.18,17.0,167.07,2.5200000000000102,45.0,26.0,1.8535182761672908,71,19.0,-25.0,0.27,163.0,1.0
2025-04-08 08:12:03,167.0,44.0,169.0,11.0,162.0,11.0,214.0,22.0,168.0,2.0,55.0,33.0,2.442973597910029,88,22.0,17.0,0.25,163.0,
2025-04-08 08:12:04,167.0,40.0,169.0,11.0,162.0,11.0,214.0,22.0,168.0,2.0,51.0,33.0,2.729802190651266,84,18.0,-4.0,0.21,167.0,2.0
2025-04-08 08:12:05,167.0,12.0,169.0,6.0,162.0,6.0,262.0,8.0,168.0,2.0,18.0,14.0,2.3546124946757225,32,4.0,-52.0,0.12,167.0,
2025-04-08 08:12:06,167.0,22.0,169.0,11.0,162.0,21.0,328.86,14.0,168.0,2.0,43.0,25.0,0.4159086439129981,68,18.0,36.0,0.26,167.0,
2025-04-08 08:12:07,160.59,64.0,169.0,10.0,159.45,66.0,315.78,18.0,164.8,8.409999999999997,130.0,28.0,1.4310835056285809,158,102.0,90.0,0.65,161.89,9.0
2025-04-08 08:12:08,160.42,48.0,168.56,18.0,159.0,166.0,345.67,30.0,164.49,8.140000000000015,214.0,48.0,1.840874792071204,262,166.0,104.0,0.63,161.89,
2025-04-08 08:12:09,163.95,39.0,167.67,36.0,159.91,132.0,169.0,9.0,165.81,3.719999999999999,171.0,45.0,1.6966290107397786,216,126.0,-46.0,0.58,166.0,1.0
2025-04-08 08:12:10,163.81,32.0,167.11,37.0,160.81,139.0,189.73,11.0,165.46,3.300000000000012,171.0,48.0,1.3814014623144837,219,123.0,3.0,0.56,166.0,4.0
2025-04-08 08:12:11,161.0,126.0,171.0,9.0,159.0,117.0,505.1,21.0,166.0,10.0,243.0,30.0,0.6482823459613706,273,213.0,54.0,0.78,166.0,
2025-04-08 08:12:12,161.0,218.0,170.26,31.0,159.0,211.0,410.89,37.0,165.63,9.259999999999993,429.0,68.0,0.5878520222683075,497,361.0,168.0,0.73,161.0,1.0
2025-04-08 08:12:13,161.1,119.0,169.14,21.0,159.18,148.0,203.45,11.0,165.12,8.039999999999992,267.0,32.0,0.3372387879303908,299,235.0,-168.0,0.79,161.0,
2025-04-08 08:12:14,167.0,28.0,169.0,28.0,161.0,92.0,170.0,14.0,168.0,2.0,120.0,42.0,1.1395262173746423,162,78.0,-137.0,0.48,161.0,
2025-04-08 08:12:15,162.42,79.0,169.36,33.0,159.95,94.0,320.19,27.0,165.89,6.940000000000026,173.0,60.0,1.1001681690014709,233,113.0,71.0,0.48,163.5,4.0
2025-04-08 08:12:16,161.0,72.0,173.0,9.0,160.0,36.0,179.0,18.0,167.0,12.0,108.0,27.0,1.160331849120658,135,81.0,-98.0,0.6,163.5,
2025-04-08 08:12:17,161.0,60.0,173.0,7.0,159.6,40.0,179.0,14.0,167.0,12.0,100.0,21.0,1.1151771160149286,121,79.0,-14.0,0.65,163.5,
2025-04-08 08:12:18,161.0,205.0,173.0,13.0,159.0,159.0,201.07,29.0,167.0,12.0,364.0,42.0,0.7466056523244669,406,322.0,168.0,0.79,163.5,
2025-04-08 08:12:19,165.0,60.0,173.0,10.0,161.6,94.0,307.0,50.0,169.0,8.0,154.0,60.0,1.1262415371857688,214,94.0,-168.0,0.44,163.5,
2025-04-08 08:12:20,165.0,48.0,173.0,7.0,162.0,49.0,307.0,35.0,169.0,8.0,97.0,42.0,1.0954451150476077,139,55.0,-75.0,0.4,163.5,
2025-04-08 08:12:21,165.0,75.0,287.86,35.0,162.0,77.0,373.04,46.0,226.43,122.86,152.0,81.0,26.14981797259905,233,71.0,94.0,0.3,163.5,
2025-04-08 08:12:22,165.0,46.0,190.15,26.0,162.36,66.0,402.71,31.0,177.58,25.15000000000001,112.0,57.0,25.280255536684376,169,55.0,-64.0,0.33,165.0,2.0
2025-04-08 08:12:23,165.0,10.0,172.67,18.0,163.0,80.0,263.33,36.0,168.83,7.6699999999999875,90.0,54.0,25.024333557560738,144,36.0,-25.0,0.25,164.0,8.0
2025-04-08 08:12:24,162.73,44.0,172.0,10.0,161.88,64.0,173.8,30.0,167.36,9.27000000000001,108.0,40.0,25.249810890382143,148,68.0,4.0,0.46,162.8,5.0
2025-04-08 08:12:25,162.55,22.0,172.0,7.0,161.67,36.0,174.0,21.0,167.27,9.449999999999989,58.0,28.0,25.480544146467142,86,30.0,-62.0,0.35,162.8,
2025-04-08 08:12:26,162.0,59.0,170.0,9.0,161.0,36.0,174.0,27.0,166.0,8.0,95.0,36.0,4.676950929834385,131,59.0,45.0,0.45,162.75,4.0
2025-04-08 08:12:27,165.43,49.0,168.06,17.0,161.95,88.0,198.76,41.0,166.74,2.6299999999999955,137.0,58.0,1.0405527377705557,195,79.0,64.0,0.41,166.17,6.0
2025-04-08 08:12:28,166.0,8.0,170.0,24.0,162.0,56.0,365.71,34.0,168.0,4.0,64.0,58.0,0.7487856836785973,122,6.0,-73.0,0.05,166.17,
2025-04-08 08:12:29,166.0,8.0,170.0,24.0,162.0,56.0,444.17,36.0,168.0,4.0,64.0,60.0,0.8568080298887443,124,4.0,2.0,0.03,166.17,
2025-04-08 08:12:30,162.0,21.0,170.0,21.0,161.0,28.0,492.56,27.0,166.0,8.0,49.0,48.0,1.0067373044057777,97,1.0,-27.0,0.01,162.8,5.0
2025-04-08 08:12:31,162.0,27.0,170.0,27.0,161.0,36.0,348.0,27.0,166.0,8.0,63.0,54.0,1.0067373044057777,117,9.0,20.0,0.08,162.8,
2025-04-08 08:12:32,161.43,21.0,170.0,18.0,160.33,18.0,332.67,18.0,165.71,8.569999999999993,39.0,36.0,1.1544782371627929,75,3.0,-42.0,0.04,162.0,3.0
2025-04-08 08:12:33,161.16,38.0,170.0,30.0,159.67,24.0,334.2,30.0,165.58,8.840000000000003,62.0,60.0,0.9909187656327972,122,2.0,47.0,0.02,162.0,
2025-04-08 08:12:34,164.04,28.0,170.0,30.0,161.64,33.0,517.14,28.0,167.02,5.960000000000008,61.0,58.0,0.5660565343528229,119,3.0,-3.0,0.03,165.0,3.0
2025-04-08 08:12:35,163.29,14.0,170.0,27.0,161.88,25.0,292.0,27.0,166.64,6.710000000000008,39.0,54.0,0.61846584391002,93,-15.0,-26.0,-0.16,162.75,4.0
2025-04-08 08:12:36,161.0,60.0,170.0,30.0,159.0,10.0,248.54,26.0,165.5,9.0,70.0,56.0,0.6928203230878,126,14.0,33.0,0.11,162.75,
2025-04-08 08:12:37,161.0,90.0,169.83,47.0,159.0,15.0,390.94,35.0,165.41,8.830000000000013,105.0,82.0,0.7449832213436592,187,23.0,61.0,0.12,162.75,
2025-04-08 08:12:38,161.0,78.0,165.69,52.0,159.0,13.0,170.0,39.0,163.35,4.689999999999998,91.0,91.0,1.4322464871956415,182,0.0,-5.0,0.0,162.75,
2025-04-08 08:12:39,161.08,48.0,164.12,34.0,159.4,10.0,181.44,27.0,162.6,3.039999999999992,58.0,61.0,1.6688469073242158,119,-3.0,-63.0,-0.03,161.0,4.0
2025-04-08 08:12:40,161.64,44.0,172.0,36.0,159.71,34.0,354.47,34.0,166.82,10.360000000000014,78.0,70.0,1.722245627105945,148,8.0,29.0,0.05,163.0,4.0
2025-04-08 08:12:41,161.67,36.0,172.0,30.0,160.92,50.0,432.44,36.0,166.83,10.330000000000013,86.0,66.0,1.956519869586088,152,20.0,4.0,0.13,163.0,
2025-04-08 08:12:42,161.23,35.0,170.35,23.0,160.33,27.0,171.72,29.0,165.79,9.120000000000005,62.0,52.0,1.983524640654872,114,10.0,-38.0,0.09,161.5,6.0
2025-04-08 08:12:43,161.0,18.0,166.83,12.0,159.0,6.0,170.0,6.0,163.92,5.8300000000000125,24.0,18.0,1.8726638780317373,42,6.0,-72.0,0.14,161.5,
2025-04-08 08:12:44,161.34,32.0,168.47,17.0,158.26,46.0,173.67,36.0,164.91,7.129999999999996,78.0,53.0,1.25711176912959,131,25.0,89.0,0.19,163.0,5.0
2025-04-08 08:12:45,163.2,10.0,167.83,42.0,158.08,74.0,168.69,32.0,165.52,4.630000000000024,84.0,74.0,1.0772325654586172,158,10.0,27.0,0.06,166.0,1.0
2025-04-08 08:12:46,159.74,65.0,168.5,40.0,157.18,158.0,249.88,16.0,164.12,8.759999999999991,223.0,56.0,0.8267224444064847,279,167.0,121.0,0.6,164.57,7.0
2025-04-08 08:12:47,167.0,21.0,172.33,9.0,158.03,97.0,227.57,7.0,169.67,5.3300000000000125,118.0,16.0,2.3482056979924293,134,102.0,-145.0,0.76,164.57,
2025-04-08 08:12:48,167.0,12.0,169.0,4.0,161.0,7.0,349.0,4.0,168.0,2.0,19.0,8.0,2.3149578830040816,27,11.0,-107.0,0.41,164.57,
2025-04-08 08:12:49,167.0,27.0,169.0,11.0,161.0,11.0,381.55,11.0,168.0,2.0,38.0,22.0,2.2132826299597848,60,16.0,33.0,0.27,167.0,2.0
2025-04-08 08:12:50,167.0,6.0,169.0,6.0,161.0,6.0,386.0,6.0,168.0,2.0,12.0,12.0,2.053441014512196,24,0.0,-36.0,0.0,167.0,
2025-04-08 08:12:51,167.0,6.0,169.0,6.0,161.0,6.0,340.67,12.0,168.0,2.0,12.0,18.0,0.7468467045382069,30,-6.0,6.0,-0.2,167.0,
2025-04-08 08:12:52,167.0,9.0,227.13,15.0,161.0,9.0,322.5,24.0,197.07,60.13,18.0,39.0,13.000499221186477,57,-21.0,27.0,-0.37,167.0,
2025-04-08 08:12:53,167.0,8.0,207.62,32.0,161.0,8.0,361.73,11.0,187.31,40.620000000000005,16.0,43.0,13.6913852476681,59,-27.0,2.0,-0.46,167.0,
2025-04-08 08:12:54,158.32,95.0,169.0,44.0,150.74,23.0,413.0,11.0,163.66,10.680000000000009,118.0,55.0,14.567706408356296,173,63.0,114.0,0.36,160.4,5.0
2025-04-08 08:12:55,162.06,34.0,168.0,60.0,159.38,24.0,169.58,48.0,165.03,5.939999999999998,58.0,108.0,15.06858088872559,166,-50.0,-7.0,-0.3,160.4,
2025-04-08 08:12:56,164.02,47.0,166.76,79.0,159.63,41.0,170.0,68.0,165.39,2.7399999999999807,88.0,147.0,15.464275605409616,235,-59.0,69.0,-0.25,166.0,3.0
2025-04-08 08:12:57,163.86,14.0,169.32,25.0,159.04,68.0,296.38,32.0,166.59,5.45999999999998,82.0,57.0,9.957368126170522,139,25.0,-96.0,0.18,166.0,2.0
2025-04-08 08:12:58,160.44,50.0,167.95,19.0,158.81,85.0,168.87,31.0,164.19,7.509999999999991,135.0,50.0,1.1323515355594769,185,85.0,46.0,0.46,164.6,5.0
2025-04-08 08:12:59,161.61,23.0,166.27,11.0,158.96,142.0,169.64,44.0,163.94,4.659999999999997,165.0,55.0,1.055566198816454,220,110.0,35.0,0.5,164.6,
2025-04-08 08:13:00,159.19,68.0,169.91,45.0,158.44,75.0,466.25,48.0,164.55,10.72,143.0,93.0,1.07694939532179,236,50.0,16.0,0.21,159.67,9.0
2025-04-08 08:13:01,161.0,48.0,170.0,40.0,159.0,10.0,522.86,42.0,165.5,9.0,58.0,82.0,1.089692617247607,140,-24.0,-96.0,-0.17,161.0,2.0
2025-04-08 08:13:02,161.0,30.0,170.0,20.0,159.0,5.0,445.19,21.0,165.5,9.0,35.0,41.0,0.7303629235416345,76,-6.0,-64.0,-0.08,161.0,
2025-04-08 08:13:03,161.0,40.0,170.0,16.0,159.0,4.0,449.11,18.0,165.5,9.0,44.0,34.0,0.7204304269559133,78,10.0,2.0,0.13,161.0,
2025-04-08 08:13:04,163.67,18.0,168.56,9.0,160.97,69.0,170.33,36.0,166.11,4.890000000000015,87.0,45.0,0.5593478346102749,132,42.0,54.0,0.32,161.0,
2025-04-08 08:13:05,161.86,28.0,172.29,28.0,159.55,58.0,328.95,42.0,167.07,10.429999999999978,86.0,70.0,0.6867532308496269,156,16.0,24.0,0.1,167.0,1.0
2025-04-08 08:13:06,161.0,20.0,172.89,18.0,159.0,35.0,268.8,20.0,166.94,11.889999999999986,55.0,38.0,0.7565910388591387,93,17.0,-63.0,0.18,167.0,
2025-04-08 08:13:07,161.0,44.0,170.18,22.0,159.0,77.0,172.18,44.0,165.59,9.180000000000009,121.0,66.0,0.7358464514298632,187,55.0,94.0,0.29,167.0,
2025-04-08 08:13:08,161.0,40.0,169.0,20.0,159.0,64.0,173.0,40.0,165.0,8.0,104.0,60.0,0.8814590178119903,164,44.0,-23.0,0.27,167.0,
2025-04-08 08:13:09,161.75,32.0,167.38,26.0,159.46,70.0,173.46,52.0,164.57,5.629999999999996,102.0,78.0,1.1295707149543863,180,24.0,16.0,0.13,167.0,
2025-04-08 08:13:10,162.0,30.0,166.93,28.0,159.91,44.0,173.18,61.0,164.46,4.930000000000007,74.0,89.0,1.0126055500950866,163,-15.0,-17.0,-0.09,167.0,
2025-04-08 08:13:11,162.0,22.0,165.55,22.0,161.0,22.0,173.27,44.0,163.77,3.550000000000012,44.0,66.0,0.6743663693307543,110,-22.0,-53.0,-0.2,167.0,
2025-04-08 08:13:12,161.33,30.0,163.27,30.0,159.24,84.0,169.12,50.0,162.3,1.9399999999999975,114.0,80.0,1.0579933837625668,194,34.0,84.0,0.18,162.0,2.0
2025-04-08 08:13:13,160.62,53.0,167.94,34.0,158.33,63.0,184.91,33.0,164.28,7.319999999999993,116.0,67.0,0.932861190148672,183,49.0,-11.0,0.27,160.0,4.0
2025-04-08 08:13:14,161.22,54.0,166.97,59.0,157.0,69.0,170.77,47.0,164.09,5.75,123.0,106.0,0.8658810542365221,229,17.0,46.0,0.07,160.0,
2025-04-08 08:13:15,160.09,32.0,167.44,43.0,157.62,72.0,205.83,53.0,163.77,7.349999999999994,104.0,96.0,0.7812617999659043,200,8.0,-29.0,0.04,164.0,5.0
2025-04-08 08:13:16,162.0,8.0,165.25,16.0,158.0,48.0,166.4,20.0,163.62,3.25,56.0,36.0,0.777991002573944,92,20.0,-108.0,0.22,164.0,
2025-04-08 08:13:17,162.0,8.0,164.5,16.0,158.0,48.0,165.5,16.0,163.25,2.5,56.0,32.0,0.4031997024871496,88,24.0,-4.0,0.27,164.0,
2025-04-08 08:13:18,158.27,45.0,163.9,20.0,156.44,81.0,169.24,34.0,161.08,5.629999999999996,126.0,54.0,1.2024017631751494,180,72.0,92.0,0.4,162.0,1.0
2025-04-08 08:13:19,158.1,40.0,163.0,10.0,156.62,78.0,164.0,20.0,160.55,4.900000000000006,118.0,30.0,1.5197137888720436,148,88.0,-32.0,0.59,162.0,
2025-04-08 08:13:20,159.86,7.0,161.83,12.0,158.0,42.0,163.44,9.0,160.85,1.9699999999999989,49.0,21.0,1.446875944954765,70,28.0,-78.0,0.4,162.0,
2025-04-08 08:13:21,158.04,54.0,160.29,17.0,155.48,112.0,161.53,19.0,159.17,2.25,166.0,36.0,1.4697618855073675,202,130.0,132.0,0.64,158.29,7.0
2025-04-08 08:13:22,155.04,50.0,158.09,11.0,120.78,27.0,160.62,16.0,156.57,3.050000000000012,77.0,27.0,1.8715982475126356,104,50.0,-98.0,0.48,156.8,5.0
2025-04-08 08:13:23,148.17,58.0,156.0,20.0,118.91,34.0,162.5,24.0,152.09,7.8300000000000125,92.0,44.0,3.634842500039761,136,48.0,32.0,0.35,155.0,2.0
2025-04-08 08:13:26,149.73,15.0,164.0,21.0,146.04,23.0,302.43,14.0,156.87,14.27000000000001,38.0,35.0,15.311218762728126,73,3.0,30.0,0.04,155.0,
2025-04-08 08:13:27,158.67,18.0,164.0,31.0,155.43,42.0,332.73,22.0,161.33,5.3300000000000125,60.0,53.0,16.382505913324632,113,7.0,40.0,0.06,164.0,2.0
2025-04-08 08:13:28,158.81,16.0,164.0,10.0,156.74,19.0,416.33,24.0,161.41,5.189999999999998,35.0,34.0,17.834034316444313,69,1.0,-44.0,0.01,158.8,5.0
2025-04-08 08:13:29,160.71,7.0,164.0,7.0,158.0,7.0,233.62,16.0,162.36,3.289999999999992,14.0,23.0,13.360382853799551,37,-9.0,-32.0,-0.24,158.8,
2025-04-08 08:13:30,161.12,25.0,164.0,5.0,160.81,32.0,183.0,15.0,162.56,2.8799999999999955,57.0,20.0,2.3223328788290174,77,37.0,40.0,0.48,158.8,
2025-04-08 08:13:31,162.0,13.0,164.0,9.0,161.0,90.0,183.0,27.0,163.0,2.0,103.0,36.0,0.7336688626949874,139,67.0,62.0,0.48,158.8,
2025-04-08 08:13:32,162.64,11.0,164.0,10.0,161.19,37.0,183.0,30.0,163.32,1.3600000000000136,48.0,40.0,0.729588925414493,88,8.0,-51.0,0.09,163.0,1.0
2025-04-08 08:13:33,161.16,89.0,164.06,16.0,160.59,58.0,377.34,32.0,162.61,2.9000000000000057,147.0,48.0,0.3850973903924325,195,99.0,107.0,0.51,162.0,1.0
2025-04-08 08:13:34,161.0,120.0,164.25,12.0,158.0,12.0,228.22,18.0,162.62,3.25,132.0,30.0,0.3294237394101619,162,102.0,-33.0,0.63,162.0,
2025-04-08 08:13:35,161.0,148.0,162.64,22.0,158.0,16.0,163.5,44.0,161.82,1.6399999999999864,164.0,66.0,0.5612307903948451,230,98.0,68.0,0.43,161.0,3.0
2025-04-08 08:13:36,161.0,25.0,163.0,21.0,158.0,7.0,169.0,7.0,162.0,2.0,32.0,28.0,0.5932790238054556,60,4.0,-168.0,0.07,161.0,4.0
2025-04-08 08:13:37,161.86,14.0,169.0,6.0,159.8,10.0,309.59,17.0,165.43,7.139999999999986,24.0,23.0,1.4611399659467468,47,1.0,-13.0,0.02,163.0,3.0
2025-04-08 08:13:38,167.0,12.0,169.0,12.0,161.0,36.0,305.79,34.0,168.0,2.0,48.0,46.0,2.6785406474580644,94,2.0,47.0,0.02,163.0,
2025-04-08 08:13:39,167.0,6.0,169.0,6.0,161.0,30.0,323.0,20.0,168.0,2.0,36.0,26.0,3.0530640347171283,62,10.0,-32.0,0.16,163.0,
2025-04-08 08:13:40,167.0,10.0,169.0,10.0,161.0,48.0,244.0,30.0,168.0,2.0,58.0,40.0,2.6417759178403224,98,18.0,36.0,0.18,163.0,
2025-04-08 08:13:41,160.57,28.0,169.0,10.0,157.88,41.0,197.0,30.0,164.79,8.430000000000007,69.0,40.0,1.5990090681669504,109,29.0,11.0,0.27,162.33,9.0
2025-04-08 08:13:42,158.0,32.0,167.67,12.0,157.0,80.0,307.07,14.0,162.83,9.669999999999987,112.0,26.0,2.397296393873945,138,86.0,29.0,0.62,162.33,
2025-04-08 08:13:43,158.0,29.0,166.24,29.0,157.0,90.0,167.08,25.0,162.12,8.240000000000009,119.0,54.0,2.781091512353213,173,65.0,35.0,0.38,158.0,1.0
2025-04-08 08:13:44,158.0,33.0,161.06,17.0,157.0,110.0,163.56,43.0,159.53,3.0600000000000023,143.0,60.0,3.1629780271266643,203,83.0,30.0,0.41,158.0,1.0
2025-04-08 08:13:45,158.0,9.0,159.92,13.0,157.0,50.0,161.64,11.0,158.96,1.9199999999999875,59.0,24.0,2.4084912289832694,83,35.0,-120.0,0.42,158.0,1.0
2025-04-08 08:13:46,158.0,33.0,164.08,25.0,157.0,120.0,261.84,38.0,161.04,6.0800000000000125,153.0,63.0,1.648735879421178,216,90.0,133.0,0.42,160.33,9.0
2025-04-08 08:13:47,158.0,49.0,166.0,18.0,157.0,90.0,381.09,35.0,162.0,8.0,139.0,53.0,1.4330038381284993,192,86.0,-24.0,0.45,158.0,5.0
2025-04-08 08:13:48,158.09,23.0,165.24,42.0,156.96,102.0,253.53,34.0,161.66,7.150000000000006,125.0,76.0,1.3327115217072207,201,49.0,9.0,0.24,158.0,
2025-04-08 08:13:49,157.51,94.0,165.0,84.0,156.75,80.0,281.17,48.0,161.26,7.490000000000009,174.0,132.0,1.1900756278869649,306,42.0,105.0,0.14,158.0,
2025-04-08 08:13:50,158.0,118.0,164.96,109.0,156.05,190.0,416.73,56.0,161.48,6.960000000000008,308.0,165.0,0.3689444403831838,473,143.0,167.0,0.3,158.0,
2025-04-08 08:13:51,158.0,90.0,161.92,38.0,156.0,156.0,162.52,61.0,159.96,3.919999999999988,246.0,99.0,0.7818695543951243,345,147.0,-128.0,0.43,158.0,5.0
2025-04-08 08:13:52,158.37,97.0,159.7,54.0,156.41,118.0,160.68,47.0,159.04,1.329999999999984,215.0,101.0,1.1341075787116002,316,114.0,-29.0,0.36,158.0,4.0
2025-04-08 08:13:53,157.81,21.0,159.81,31.0,156.0,110.0,161.48,31.0,158.81,2.0,131.0,62.0,1.2305283418483794,193,69.0,-123.0,0.36,159.6,5.0
2025-04-08 08:13:54,154.55,22.0,159.5,20.0,152.2,30.0,163.2,20.0,157.02,4.949999999999989,52.0,40.0,1.6345396905837548,92,12.0,-101.0,0.13,157.0,1.0
2025-04-08 08:13:55,155.95,43.0,158.0,22.0,153.91,55.0,159.0,22.0,156.98,2.050000000000012,98.0,44.0,1.3157583365098842,142,54.0,50.0,0.38,157.0,
2025-04-08 08:13:56,157.0,35.0,159.0,18.0,154.0,36.0,164.0,18.0,158.0,2.0,71.0,36.0,0.9661780374733964,107,35.0,-35.0,0.33,157.67,3.0
2025-04-08 08:13:57,158.04,69.0,163.58,24.0,156.85,40.0,536.52,31.0,160.81,5.5400000000000205,109.0,55.0,1.5833603506767844,164,54.0,57.0,0.33,158.43,7.0
2025-04-08 08:13:58,158.0,28.0,164.0,14.0,154.0,28.0,170.0,14.0,161.0,6.0,56.0,28.0,1.999604961009681,84,28.0,-80.0,0.33,158.43,
2025-04-08 08:13:59,158.0,30.0,164.0,16.0,153.25,32.0,171.73,15.0,161.0,6.0,62.0,31.0,1.9235176110691332,93,31.0,9.0,0.33,158.0,1.0
2025-04-08 08:14:00,158.0,21.0,164.0,14.0,152.0,28.0,196.0,7.0,161.0,6.0,49.0,21.0,1.3229588051377912,70,28.0,-23.0,0.4,158.0,
2025-04-08 08:14:01,158.0,18.0,367.0,10.0,152.0,24.0,491.5,12.0,262.5,209.0,42.0,22.0,45.413497112643206,64,20.0,-6.0,0.31,164.0,2.0
2025-04-08 08:14:02,159.21,28.0,407.22,18.0,154.12,33.0,556.38,16.0,283.22,248.01,61.0,34.0,61.70464066826749,95,27.0,31.0,0.28,164.0,
2025-04-08 08:14:03,159.0,7.0,409.0,10.0,158.0,15.0,432.0,5.0,284.0,250.0,22.0,15.0,63.88667059723777,37,7.0,-58.0,0.19,159.0,1.0
2025-04-08 08:14:04,160.82,11.0,289.08,12.0,158.11,28.0,495.11,18.0,224.95,128.26,39.0,30.0,51.78950453518494,69,9.0,32.0,0.13,159.0,
2025-04-08 08:14:05,166.0,18.0,361.5,12.0,162.0,27.0,525.11,18.0,263.75,195.5,45.0,30.0,23.95894467625617,75,15.0,6.0,0.2,167.0,1.0
2025-04-08 08:14:06,166.0,12.0,450.0,6.0,162.0,18.0,577.0,12.0,308.0,284.0,30.0,18.0,31.00233910529796,48,12.0,-27.0,0.25,167.0,
2025-04-08 08:14:07,166.0,16.0,450.0,8.0,162.8,20.0,625.25,16.0,308.0,284.0,36.0,24.0,34.83183529473975,60,12.0,12.0,0.2,167.0,
2025-04-08 08:14:08,164.18,22.0,448.64,11.0,162.12,32.0,592.27,22.0,306.41,284.46,54.0,33.0,37.20002244622803,87,21.0,27.0,0.24,166.0,2.0
2025-04-08 08:14:09,162.11,38.0,420.0,15.0,160.0,42.0,512.27,15.0,291.05,257.89,80.0,30.0,19.100891863990167,110,50.0,23.0,0.45,162.8,5.0
2025-04-08 08:14:10,161.77,62.0,337.12,16.0,158.49,61.0,334.12,16.0,249.45,175.35,123.0,32.0,25.146368922765983,155,91.0,45.0,0.59,161.0,3.0
2025-04-08 08:14:11,161.84,31.0,267.29,7.0,159.2,25.0,324.29,7.0,214.56,105.45000000000002,56.0,14.0,40.72121842479524,70,42.0,-85.0,0.6,161.0,
2025-04-08 08:14:12,163.38,32.0,266.0,13.0,161.11,56.0,338.48,25.0,214.69,102.62,88.0,38.0,42.5247389174809,126,50.0,56.0,0.4,165.0,4.0
2025-04-08 08:14:13,164.29,28.0,225.85,26.0,161.0,70.0,421.82,17.0,195.07,61.56,98.0,43.0,37.92879222964992,141,55.0,15.0,0.39,165.0,
2025-04-08 08:14:14,166.0,24.0,263.3,30.0,162.64,44.0,510.0,24.0,214.65,97.3,68.0,54.0,19.67485908462823,122,14.0,-19.0,0.11,165.0,
2025-04-08 08:14:15,167.0,18.0,237.29,17.0,164.0,27.0,262.83,24.0,202.15,70.28999999999999,45.0,41.0,9.126454952499053,86,4.0,-36.0,0.05,165.0,
2025-04-08 08:14:16,165.86,21.0,259.58,24.0,162.38,52.0,261.17,36.0,212.72,93.71999999999996,73.0,60.0,8.83969343359797,133,13.0,47.0,0.1,166.0,3.0
2025-04-08 08:14:17,165.71,28.0,247.22,36.0,162.6,30.0,257.55,22.0,206.47,81.50999999999999,58.0,58.0,7.972836383621453,116,0.0,-17.0,0.0,166.0,
2025-04-08 08:14:18,166.0,39.0,223.23,39.0,164.0,26.0,229.23,26.0,194.62,57.22999999999999,65.0,65.0,8.13102515061896,130,0.0,14.0,0.0,166.0,
2025-04-08 08:14:19,166.0,36.0,217.98,42.0,164.0,24.0,219.11,18.0,191.99,51.97999999999999,60.0,60.0,8.496260942320793,120,0.0,-10.0,0.0,166.0,
2025-04-08 08:14:20,166.0,27.0,213.5,18.0,164.0,18.0,214.93,27.0,189.75,47.5,45.0,45.0,9.97328682030202,90,0.0,-30.0,0.0,166.0,
2025-04-08 08:14:21,166.0,33.0,211.0,41.0,164.0,22.0,212.0,14.0,188.5,45.0,55.0,55.0,7.2090935629951485,110,0.0,20.0,0.0,166.0,
2025-04-08 08:14:22,166.0,45.0,202.78,36.0,164.0,30.0,206.93,42.0,184.39,36.78,75.0,78.0,3.839811193278319,153,-3.0,43.0,-0.02,166.0,
2025-04-08 08:14:23,166.0,30.0,194.88,25.0,164.0,20.0,195.38,16.0,180.44,28.879999999999995,50.0,41.0,4.597752711926788,91,9.0,-62.0,0.1,166.0,
2025-04-08 08:14:24,165.42,38.0,190.54,41.0,161.31,172.0,191.88,26.0,177.98,25.120000000000005,210.0,67.0,5.053560131237663,277,143.0,168.0,0.52,165.5,4.0
2025-04-08 08:14:25,161.22,54.0,186.67,33.0,160.65,86.0,187.73,30.0,173.94,25.44999999999999,140.0,63.0,5.634873556703834,203,77.0,-74.0,0.38,161.6,5.0
2025-04-08 08:14:26,161.0,182.0,184.36,44.0,160.0,84.0,185.53,47.0,172.68,23.360000000000014,266.0,91.0,4.782967697993089,357,175.0,154.0,0.49,161.6,
2025-04-08 08:14:27,161.0,167.0,180.42,43.0,160.0,78.0,181.61,31.0,170.71,19.419999999999987,245.0,74.0,3.977172362376292,319,171.0,-38.0,0.54,161.0,2.0
2025-04-08 08:14:28,161.0,146.0,178.5,56.0,160.0,117.0,179.5,56.0,169.75,17.5,263.0,112.0,3.2246038516464925,375,151.0,56.0,0.4,161.0,
2025-04-08 08:14:29,161.0,42.0,176.43,35.0,160.0,126.0,177.91,47.0,168.71,15.430000000000009,168.0,82.0,2.134940280208467,250,86.0,-125.0,0.34,161.0,
2025-04-08 08:14:30,161.0,123.0,170.45,44.0,160.0,126.0,171.46,50.0,165.73,9.449999999999989,249.0,94.0,2.5726795369924185,343,155.0,93.0,0.45,161.0,
2025-04-08 08:14:31,161.57,84.0,167.75,48.0,160.68,118.0,169.19,54.0,164.66,6.180000000000007,202.0,102.0,2.606745096871253,304,100.0,-39.0,0.33,161.0,
2025-04-08 08:14:32,161.88,41.0,165.52,42.0,160.93,108.0,166.19,27.0,163.7,3.640000000000015,149.0,69.0,2.610775746797246,218,80.0,-86.0,0.37,163.0,3.0
2025-04-08 08:14:33,161.0,65.0,162.0,36.0,160.0,81.0,164.78,9.0,161.5,1.0,146.0,45.0,2.6577528101889927,191,101.0,-27.0,0.53,161.0,8.0
2025-04-08 08:14:34,160.25,83.0,163.75,24.0,158.34,35.0,260.37,19.0,162.0,3.5,118.0,43.0,1.7753084239279948,161,75.0,-30.0,0.47,161.5,4.0
2025-04-08 08:14:35,163.44,36.0,165.0,9.0,161.0,9.0,503.69,16.0,164.22,1.5600000000000025,45.0,25.0,1.392005747139791,70,20.0,-91.0,0.29,161.5,
2025-04-08 08:14:36,164.0,17.0,165.0,11.0,161.0,11.0,250.15,26.0,164.5,1.0,28.0,37.0,1.3517692110971709,65,-9.0,-5.0,-0.14,164.0,3.0
2025-04-08 08:14:37,161.0,17.0,167.4,20.0,159.12,16.0,186.0,28.0,164.2,6.400000000000006,33.0,48.0,1.4164321374743318,81,-15.0,16.0,-0.19,164.0,1.0
2025-04-08 08:14:38,160.0,36.0,168.0,36.0,158.0,27.0,206.0,27.0,164.0,8.0,63.0,63.0,1.013054786311823,126,0.0,45.0,0.0,164.0,
2025-04-08 08:14:39,163.53,34.0,168.0,44.0,159.86,43.0,206.0,33.0,165.76,4.469999999999999,77.0,77.0,0.7070219233291606,154,0.0,28.0,0.0,164.0,
2025-04-08 08:14:40,165.58,86.0,168.0,40.0,162.67,18.0,459.49,35.0,166.79,2.4199999999999875,104.0,75.0,1.1894536561242026,179,29.0,25.0,0.16,164.0,
2025-04-08 08:14:41,166.0,238.0,168.0,56.0,164.0,42.0,358.48,50.0,167.0,2.0,280.0,106.0,1.4061649974545791,386,174.0,168.0,0.45,164.0,
2025-04-08 08:14:42,166.0,119.0,168.0,28.0,164.0,21.0,238.0,28.0,167.0,2.0,140.0,56.0,1.2865846260800504,196,84.0,-168.0,0.43,164.0,
2025-04-08 08:14:43,166.0,113.0,168.0,44.0,164.0,33.0,362.52,21.0,167.0,2.0,146.0,65.0,0.5387949517809103,211,81.0,15.0,0.38,166.0,16.0
2025-04-08 08:14:44,164.38,26.0,168.58,38.0,163.05,22.0,213.89,27.0,166.48,4.200000000000017,48.0,65.0,0.2279912280425809,113,-17.0,-98.0,-0.15,166.0,1.0
2025-04-08 08:14:45,163.47,38.0,168.77,39.0,160.36,14.0,177.87,39.0,166.12,5.300000000000011,52.0,78.0,0.4039801976144117,130,-26.0,17.0,-0.2,162.6,5.0
2025-04-08 08:14:46,160.0,25.0,166.23,13.0,158.0,15.0,169.31,13.0,163.12,6.22999999999999,40.0,26.0,1.6219987669742122,66,14.0,-64.0,0.21,162.6,
2025-04-08 08:14:47,160.0,50.0,164.25,12.0,158.0,30.0,165.04,28.0,162.12,4.25,80.0,40.0,2.19479383999215,120,40.0,54.0,0.33,162.6,
2025-04-08 08:14:48,159.33,27.0,161.67,36.0,158.5,90.0,163.43,28.0,160.5,2.339999999999975,117.0,64.0,2.581301997068466,181,53.0,61.0,0.29,159.0,9.0
2025-04-08 08:14:49,156.62,32.0,160.57,44.0,148.22,46.0,161.33,18.0,158.6,3.9499999999999886,78.0,62.0,2.828907916506348,140,16.0,-41.0,0.11,159.0,
2025-04-08 08:14:50,157.0,67.0,159.14,28.0,156.0,27.0,161.2,30.0,158.07,2.1399999999999864,94.0,58.0,2.179568764704376,152,36.0,12.0,0.24,157.0,5.0
2025-04-08 08:14:51,157.0,9.0,160.0,27.0,155.44,27.0,165.0,36.0,158.5,3.0,36.0,63.0,1.7104443867242392,99,-27.0,-53.0,-0.27,157.0,3.0
2025-04-08 08:14:52,157.35,17.0,159.43,21.0,154.93,29.0,164.23,52.0,158.39,2.0800000000000125,46.0,73.0,0.9644013687659636,119,-27.0,20.0,-0.23,157.0,5.0
2025-04-08 08:14:53,155.0,8.0,162.86,29.0,147.0,10.0,277.86,14.0,158.93,7.860000000000014,18.0,43.0,0.3130015975648751,61,-25.0,-58.0,-0.41,159.0,1.0
2025-04-08 08:14:54,154.23,13.0,188.44,27.0,147.78,9.0,350.37,27.0,171.34,34.21000000000001,22.0,54.0,5.762745005643948,76,-32.0,15.0,-0.42,163.0,4.0
2025-04-08 08:14:55,155.56,36.0,440.53,15.0,154.89,36.0,574.0,44.0,298.04,284.97,72.0,59.0,61.182138324841446,131,13.0,55.0,0.1,163.0,
2025-04-08 08:14:56,161.98,54.0,406.33,42.0,160.45,40.0,377.0,18.0,284.16,244.35,94.0,60.0,70.58691783893099,154,34.0,23.0,0.22,163.0,
2025-04-08 08:14:57,164.0,33.0,360.45,22.0,161.07,43.0,600.3,40.0,262.23,196.45,76.0,62.0,65.13724472220146,138,14.0,-16.0,0.1,163.0,
2025-04-08 08:14:58,164.55,33.0,287.8,30.0,161.31,35.0,506.0,24.0,226.17,123.25,68.0,54.0,50.90823086692309,122,14.0,-16.0,0.11,163.0,
2025-04-08 08:14:59,166.65,26.0,423.12,16.0,165.91,66.0,654.33,24.0,294.89,256.47,92.0,40.0,29.74774394806944,132,52.0,10.0,0.39,167.0,3.0
2025-04-08 08:15:00,167.0,16.0,205.87,30.0,166.0,72.0,491.38,16.0,186.43,38.870000000000005,88.0,46.0,44.546586625688136,134,42.0,2.0,0.31,167.0,
2025-04-08 08:15:01,167.0,16.0,277.29,28.0,166.0,72.0,494.11,18.0,222.14,110.29000000000002,88.0,46.0,41.454271432506886,134,42.0,0.0,0.31,167.0,
2025-04-08 08:15:02,166.08,49.0,312.6,40.0,165.31,58.0,572.38,26.0,239.34,146.52,107.0,66.0,39.372480617811775,173,41.0,39.0,0.24,166.22,9.0
2025-04-08 08:15:04,166.0,18.0,441.2,30.0,165.0,36.0,594.53,19.0,303.6,275.2,54.0,49.0,67.01270715319536,103,5.0,13.0,0.05,166.22,
2025-04-08 08:15:05,166.0,16.0,189.62,32.0,165.0,32.0,192.0,8.0,177.81,23.620000000000005,48.0,40.0,69.47812950850017,88,8.0,-15.0,0.09,166.22,
2025-04-08 08:15:06,166.0,16.0,186.67,36.0,165.0,40.0,203.16,19.0,176.33,20.669999999999987,56.0,55.0,78.0951360201129,111,1.0,23.0,0.01,166.0,1.0
2025-04-08 08:15:07,165.55,20.0,179.79,28.0,164.83,53.0,187.0,56.0,172.67,14.23999999999998,73.0,84.0,85.72579990877868,157,-11.0,46.0,-0.07,165.5,2.0
2025-04-08 08:15:08,165.0,31.0,172.67,36.0,164.0,36.0,179.33,36.0,168.83,7.6699999999999875,67.0,72.0,58.10337184707973,139,-5.0,-18.0,-0.04,165.0,1.0
2025-04-08 08:15:09,164.43,28.0,168.12,50.0,163.79,38.0,169.71,34.0,166.27,3.6899999999999977,66.0,84.0,4.876117307864874,150,-18.0,11.0,-0.12,164.4,5.0
2025-04-08 08:15:10,161.0,39.0,165.6,50.0,160.0,13.0,171.6,43.0,163.3,4.599999999999994,52.0,93.0,5.148242418540899,145,-41.0,-5.0,-0.28,164.0,6.0
2025-04-08 08:15:11,161.0,36.0,165.67,24.0,160.0,12.0,281.0,21.0,163.33,4.669999999999988,48.0,45.0,3.972329291494828,93,3.0,-52.0,0.03,164.0,
2025-04-08 08:15:12,161.0,36.0,164.59,17.0,160.0,12.0,255.96,23.0,162.79,3.5900000000000034,48.0,40.0,2.5883740069918244,88,8.0,-5.0,0.09,164.0,
2025-04-08 08:15:13,161.0,33.0,164.0,15.0,159.29,28.0,165.0,30.0,162.5,3.0,61.0,45.0,1.5125045454718014,106,16.0,18.0,0.15,164.0,
2025-04-08 08:15:14,160.77,26.0,162.4,15.0,159.14,35.0,227.25,24.0,161.58,1.6299999999999957,61.0,39.0,0.717530487208953,100,22.0,-6.0,0.22,161.0,2.0
2025-04-08 08:15:15,158.98,59.0,341.59,29.0,157.6,67.0,449.11,37.0,250.28,182.61,126.0,66.0,39.23917595974776,192,60.0,92.0,0.31,160.33,3.0
2025-04-08 08:15:16,165.14,42.0,385.22,36.0,161.36,50.0,486.78,9.0,275.18,220.08000000000004,92.0,45.0,55.71497895539412,137,47.0,-55.0,0.34,166.0,2.0
2025-04-08 08:15:17,165.0,44.0,311.06,17.0,164.0,56.0,468.77,13.0,238.03,146.06,100.0,30.0,52.38090568136432,130,70.0,-7.0,0.54,165.0,1.0
2025-04-08 08:15:18,165.0,54.0,229.5,12.0,164.0,84.0,330.5,12.0,197.25,64.5,138.0,24.0,45.04890154043685,162,114.0,32.0,0.7,165.0,1.0
2025-04-08 08:15:19,165.0,40.0,256.0,10.0,164.0,70.0,589.82,17.0,210.5,91.0,110.0,27.0,31.14312396019316,137,83.0,-25.0,0.61,165.0,
2025-04-08 08:15:20,164.44,36.0,254.86,7.0,161.91,43.0,628.0,14.0,209.65,90.42000000000002,79.0,21.0,31.214795690505017,100,58.0,-37.0,0.58,164.8,5.0
2025-04-08 08:15:21,164.0,48.0,252.25,16.0,158.0,40.0,376.54,13.0,208.12,88.25,88.0,29.0,15.128035232639853,117,59.0,17.0,0.5,164.8,
2025-04-08 08:15:22,164.0,42.0,244.63,19.0,158.0,35.0,250.55,11.0,204.32,80.63,77.0,30.0,5.418640973528681,107,47.0,-10.0,0.44,164.8,
2025-04-08 08:15:23,164.0,66.0,225.0,30.0,158.0,55.0,246.56,32.0,194.5,61.0,121.0,62.0,6.546863371111749,183,59.0,76.0,0.32,164.8,
2025-04-08 08:15:24,164.0,54.0,190.33,27.0,158.05,42.0,215.33,27.0,177.17,26.330000000000013,96.0,54.0,13.429358510368807,150,42.0,-33.0,0.28,164.8,
2025-04-08 08:15:25,164.0,54.0,187.78,27.0,158.0,45.0,190.0,27.0,175.89,23.78,99.0,54.0,14.977882026509144,153,45.0,3.0,0.29,164.8,
2025-04-08 08:15:26,164.0,63.0,186.17,36.0,160.21,76.0,190.0,36.0,175.08,22.169999999999987,139.0,72.0,13.280168297127704,211,67.0,58.0,0.32,164.0,1.0
2025-04-08 08:15:27,164.0,60.0,184.33,36.0,161.0,84.0,190.0,36.0,174.17,20.330000000000013,144.0,72.0,8.533918795022903,216,72.0,5.0,0.33,164.0,
2025-04-08 08:15:28,164.0,58.0,181.92,36.0,161.0,84.0,185.42,36.0,172.96,17.919999999999987,142.0,72.0,1.6080516161031164,214,70.0,-2.0,0.33,164.0,2.0
2025-04-08 08:15:29,163.48,29.0,179.89,27.0,160.93,60.0,182.0,27.0,171.69,16.409999999999997,89.0,54.0,1.6715471875043093,143,35.0,-71.0,0.24,162.8,5.0
2025-04-08 08:15:30,161.0,36.0,168.32,34.0,160.0,36.0,177.86,29.0,164.66,7.319999999999993,72.0,63.0,4.143485247959399,135,9.0,-8.0,0.07,161.0,3.0
2025-04-08 08:15:31,161.0,20.0,177.17,24.0,160.0,40.0,180.29,31.0,169.08,16.169999999999987,60.0,55.0,3.776833329663762,115,5.0,-20.0,0.04,161.0,
2025-04-08 08:15:32,161.0,14.0,166.05,19.0,160.0,28.0,171.33,9.0,163.53,5.050000000000011,42.0,28.0,4.1768205611520575,70,14.0,-45.0,0.2,161.0,
2025-04-08 08:15:33,160.75,16.0,166.0,24.0,159.41,34.0,168.0,8.0,163.38,5.25,50.0,32.0,3.725865000247027,82,18.0,12.0,0.22,160.5,4.0
2025-04-08 08:15:34,160.0,20.0,165.3,30.0,158.0,50.0,167.6,10.0,162.65,5.300000000000011,70.0,40.0,2.573509277245534,110,30.0,28.0,0.27,160.5,
2025-04-08 08:15:35,160.0,26.0,164.39,41.0,158.0,65.0,166.4,15.0,162.2,4.389999999999986,91.0,56.0,2.7987979562786744,147,35.0,37.0,0.24,160.5,
2025-04-08 08:15:36,160.0,12.0,163.0,30.0,158.0,30.0,164.0,18.0,161.5,3.0,42.0,48.0,0.8414689537185774,90,-6.0,-57.0,-0.07,160.5,
2025-04-08 08:15:37,160.0,20.0,162.32,40.0,158.0,50.0,163.38,40.0,161.16,2.319999999999993,70.0,80.0,0.8893930515092988,150,-10.0,60.0,-0.07,160.5,
2025-04-08 08:15:38,158.14,59.0,162.8,61.0,157.19,54.0,167.19,21.0,160.47,4.660000000000025,113.0,82.0,0.8577470490033646,195,31.0,45.0,0.16,160.0,2.0
2025-04-08 08:15:39,160.0,12.0,162.58,60.0,158.0,60.0,171.0,12.0,161.29,2.5800000000000125,72.0,72.0,0.6236425258707329,144,0.0,-51.0,0.0,160.0,
2025-04-08 08:15:40,158.96,23.0,164.47,43.0,157.87,61.0,202.18,34.0,161.71,5.509999999999991,84.0,77.0,0.4715188226090209,161,7.0,17.0,0.04,158.67,6.0
2025-04-08 08:15:41,160.84,63.0,163.93,55.0,159.31,52.0,167.26,61.0,162.38,3.0900000000000034,115.0,116.0,0.7055281709997828,231,-1.0,70.0,-0.0,160.56,9.0
2025-04-08 08:15:42,157.47,38.0,159.95,43.0,156.41,51.0,160.79,63.0,158.71,2.4799999999999898,89.0,106.0,1.412345566805482,195,-17.0,-36.0,-0.09,158.67,6.0
2025-04-08 08:15:43,155.8,50.0,158.87,31.0,108.91,81.0,165.0,15.0,157.34,3.069999999999993,131.0,46.0,2.1554187528357747,177,85.0,-18.0,0.48,158.0,8.0
2025-04-08 08:15:44,155.0,24.0,158.0,8.0,86.0,18.0,165.0,8.0,156.5,3.0,42.0,16.0,2.6134402614327543,58,26.0,-119.0,0.45,158.0,
2025-04-08 08:15:45,157.99,74.0,163.78,18.0,127.96,26.0,271.96,57.0,160.88,5.789999999999992,100.0,75.0,2.4452648118512554,175,25.0,117.0,0.14,158.0,1.0
2025-04-08 08:15:46,160.59,34.0,166.0,8.0,158.75,20.0,322.0,32.0,163.29,5.409999999999997,54.0,40.0,2.758465152956924,94,14.0,-81.0,0.15,158.0,
2025-04-08 08:15:47,160.64,22.0,200.86,7.0,158.71,14.0,296.33,15.0,180.75,40.22000000000003,36.0,22.0,9.88811256004252,58,14.0,-36.0,0.24,164.0,5.0
2025-04-08 08:15:48,161.78,27.0,324.5,28.0,158.87,23.0,452.05,19.0,243.14,162.72,50.0,47.0,35.98649705097793,97,3.0,39.0,0.03,164.0,
2025-04-08 08:15:49,162.12,24.0,301.77,26.0,158.77,26.0,544.57,14.0,231.95,139.64999999999998,50.0,40.0,38.89248989200897,90,10.0,-7.0,0.11,159.0,3.0
2025-04-08 08:15:50,157.5,8.0,171.77,30.0,125.0,16.0,250.35,31.0,164.63,14.27000000000001,24.0,61.0,38.073409618788,85,-37.0,-5.0,-0.44,157.0,5.0
2025-04-08 08:15:51,133.76,34.0,164.14,28.0,117.09,34.0,165.67,18.0,148.95,30.379999999999995,68.0,46.0,41.60089157698454,114,22.0,29.0,0.19,156.0,1.0
2025-04-08 08:15:52,129.9,69.0,162.21,38.0,117.09,34.0,162.94,18.0,146.05,32.31,103.0,56.0,46.89698369831512,159,47.0,45.0,0.3,160.0,2.0
2025-04-08 08:15:53,124.39,79.0,155.7,20.0,103.91,33.0,155.98,44.0,140.05,31.309999999999988,112.0,64.0,37.79171708192243,176,48.0,17.0,0.27,160.0,
2025-04-08 08:15:57,145.0,20.0,152.11,28.0,120.21,57.0,154.3,23.0,148.55,7.110000000000014,77.0,51.0,6.301486332613392,128,26.0,61.0,0.2,152.5,2.0
2025-04-08 08:15:58,146.91,44.0,152.0,44.0,138.21,43.0,153.0,11.0,149.45,5.090000000000003,87.0,55.0,8.113071551521674,142,32.0,14.0,0.23,152.5,
2025-04-08 08:15:59,147.65,37.0,151.59,17.0,107.0,25.0,154.79,28.0,149.62,3.9399999999999977,62.0,45.0,8.065690918954513,107,17.0,-35.0,0.16,150.0,4.0
2025-04-08 08:16:00,147.0,55.0,156.6,20.0,118.73,22.0,439.89,18.0,151.8,9.599999999999994,77.0,38.0,6.776265195526205,115,39.0,8.0,0.34,155.12,8.0
2025-04-08 08:16:01,147.88,40.0,157.0,23.0,144.0,16.0,380.75,16.0,152.44,9.120000000000005,56.0,39.0,1.6621582355763065,95,17.0,-20.0,0.18,157.0,1.0
2025-04-08 08:16:02,148.25,20.0,157.0,16.0,147.23,31.0,305.0,22.0,152.62,8.75,51.0,38.0,1.5388242265096008,89,13.0,-6.0,0.15,157.0,
2025-04-08 08:16:03,149.21,14.0,176.41,17.0,148.0,70.0,442.89,38.0,162.81,27.19999999999999,84.0,55.0,5.14484402096785,139,29.0,50.0,0.21,157.0,2.0
2025-04-08 08:16:04,154.58,31.0,187.0,11.0,150.8,35.0,278.64,33.0,170.79,32.41999999999999,66.0,44.0,8.440614314140996,110,22.0,-29.0,0.2,157.0,
2025-04-08 08:16:05,157.15,60.0,374.38,21.0,156.68,22.0,553.76,25.0,265.77,217.23,82.0,46.0,48.067936610593605,128,36.0,18.0,0.28,157.0,2.0
2025-04-08 08:16:06,158.24,25.0,243.27,22.0,157.31,58.0,300.0,24.0,200.76,85.03,83.0,46.0,45.719095026039504,129,37.0,1.0,0.29,158.5,2.0
2025-04-08 08:16:07,157.76,25.0,307.3,23.0,141.43,80.0,315.71,28.0,232.53,149.54000000000002,105.0,51.0,43.03329083395791,156,54.0,27.0,0.35,158.8,5.0
2025-04-08 08:16:08,158.2,30.0,309.73,33.0,133.25,110.0,318.0,11.0,233.96,151.53000000000003,140.0,44.0,36.17897828850317,184,96.0,28.0,0.52,157.0,3.0
2025-04-08 08:16:09,164.1,80.0,309.26,19.0,162.73,83.0,318.6,15.0,236.68,145.16,163.0,34.0,23.041036218016824,197,129.0,13.0,0.65,164.67,3.0
2025-04-08 08:16:10,161.0,47.0,306.16,25.0,156.0,66.0,318.14,21.0,233.58,145.16000000000005,113.0,46.0,15.027465521503396,159,67.0,-38.0,0.42,161.0,4.0
2025-04-08 08:16:11,161.0,12.0,313.0,36.0,156.0,72.0,319.19,16.0,237.0,152.0,84.0,52.0,1.981716427736751,136,32.0,-23.0,0.24,161.0,
2025-04-08 08:16:12,161.0,12.0,270.64,22.0,158.59,17.0,365.88,32.0,215.82,109.64,29.0,54.0,8.849865535699788,83,-25.0,-53.0,-0.3,161.0,
2025-04-08 08:16:13,161.0,7.0,306.4,15.0,160.0,7.0,396.38,13.0,233.7,145.39999999999998,14.0,28.0,8.83186729972586,42,-14.0,-41.0,-0.33,161.0,
2025-04-08 08:16:14,161.0,14.0,195.0,29.0,160.0,14.0,223.19,16.0,178.0,34.0,28.0,45.0,24.70757373762113,73,-17.0,31.0,-0.23,161.0,
2025-04-08 08:16:15,161.0,14.0,186.31,36.0,160.0,14.0,186.77,30.0,173.65,25.31,28.0,66.0,30.174058063177448,94,-38.0,21.0,-0.4,161.0,
2025-04-08 08:16:16,161.5,20.0,181.67,39.0,160.33,15.0,183.04,25.0,171.58,20.169999999999987,35.0,64.0,28.38780019656376,99,-29.0,5.0,-0.29,161.0,
2025-04-08 08:16:17,160.77,26.0,177.35,23.0,159.27,37.0,177.88,25.0,169.06,16.579999999999984,63.0,48.0,27.31069607315128,111,15.0,12.0,0.14,161.67,3.0
2025-04-08 08:16:18,160.35,74.0,169.75,32.0,159.08,104.0,170.93,30.0,165.05,9.400000000000006,178.0,62.0,4.858751897356353,240,116.0,129.0,0.48,161.67,
2025-04-08 08:16:19,161.0,197.0,165.51,41.0,160.0,122.0,166.78,37.0,163.26,4.509999999999991,319.0,78.0,4.349729876678424,397,241.0,157.0,0.61,161.67,
2025-04-08 08:16:20,161.0,117.0,171.06,17.0,160.0,154.0,190.03,35.0,166.03,10.060000000000002,271.0,52.0,3.3147745021451187,323,219.0,-74.0,0.68,161.1,10.0
2025-04-08 08:16:21,161.97,31.0,366.73,22.0,160.48,21.0,590.73,11.0,264.35,204.76,52.0,33.0,44.100693305208274,85,19.0,-168.0,0.22,161.1,
2025-04-08 08:16:22,164.71,42.0,412.39,23.0,161.0,9.0,563.4,10.0,288.55,247.68,51.0,33.0,61.76769479266652,84,18.0,-1.0,0.21,161.1,
2025-04-08 08:16:23,165.0,50.0,303.73,15.0,161.0,7.0,556.13,15.0,234.37,138.73000000000002,57.0,30.0,56.89873390507015,87,27.0,3.0,0.31,166.0,3.0
2025-04-08 08:16:25,165.0,11.0,420.0,10.0,161.0,5.0,637.0,10.0,292.5,255.0,16.0,20.0,36.34044344803577,36,-4.0,-22.0,-0.11,165.0,4.0
2025-04-08 08:16:26,165.0,9.0,395.56,18.0,161.0,9.0,725.33,18.0,280.28,230.56,18.0,36.0,35.031163982943546,54,-18.0,18.0,-0.33,165.0,
2025-04-08 08:16:27,165.0,7.0,309.29,7.0,161.0,7.0,558.0,14.0,237.14,144.29000000000002,14.0,21.0,40.99973804794243,35,-7.0,-19.0,-0.2,165.0,
2025-04-08 08:16:28,161.21,24.0,285.0,11.0,159.96,102.0,519.27,22.0,223.1,123.79,126.0,33.0,44.015320968952416,159,93.0,124.0,0.58,161.5,4.0
2025-04-08 08:16:29,160.37,43.0,249.29,7.0,159.65,68.0,501.43,14.0,204.83,88.91999999999999,111.0,21.0,37.49307402707792,132,90.0,-27.0,0.68,162.0,2.0
2025-04-08 08:16:30,160.0,90.0,261.42,12.0,158.0,32.0,429.63,19.0,210.71,101.42000000000002,122.0,31.0,30.103804909013952,153,91.0,21.0,0.59,160.0,4.0
2025-04-08 08:16:31,160.0,57.0,252.0,16.0,158.0,32.0,640.5,12.0,206.0,92.0,89.0,28.0,13.68784972155957,117,61.0,-36.0,0.52,160.0,5.0
2025-04-08 08:16:32,162.23,13.0,252.0,8.0,159.15,13.0,699.5,6.0,207.12,89.77000000000001,26.0,14.0,7.458516608549497,40,12.0,-77.0,0.3,160.0,
2025-04-08 08:16:33,166.0,28.0,445.15,13.0,165.0,7.0,657.75,8.0,305.58,279.15,35.0,21.0,44.06752852157674,56,14.0,16.0,0.25,160.0,
2025-04-08 08:16:39,167.0,12.0,458.5,8.0,165.0,4.0,461.0,4.0,312.75,291.5,16.0,12.0,65.51229296856982,28,4.0,-34.0,0.14,160.0,
2025-04-08 08:16:40,167.0,18.0,433.22,9.0,165.0,6.0,459.0,9.0,300.11,266.22,24.0,18.0,74.36339334645605,42,6.0,14.0,0.14,160.0,
2025-04-08 08:16:41,167.0,42.0,250.19,27.0,165.0,14.0,320.46,26.0,208.59,83.19,56.0,53.0,95.54671920060788,109,3.0,67.0,0.03,160.0,
2025-04-08 08:16:42,167.0,27.0,200.62,16.0,165.0,9.0,202.5,16.0,183.81,33.620000000000005,36.0,32.0,64.73802839135519,68,4.0,-41.0,0.06,160.0,
2025-04-08 08:16:43,167.0,21.0,200.0,9.0,165.0,7.0,201.67,12.0,183.5,33.0,28.0,21.0,63.67232774133487,49,7.0,-19.0,0.14,160.0,
2025-04-08 08:16:44,167.0,36.0,197.0,20.0,165.0,12.0,197.76,17.0,182.0,30.0,48.0,37.0,50.69796416030932,85,11.0,36.0,0.13,160.0,
2025-04-08 08:16:45,164.45,20.0,193.14,14.0,163.23,35.0,194.8,10.0,178.8,28.69,55.0,24.0,12.043838673780488,79,31.0,-6.0,0.39,166.0,5.0
2025-04-08 08:16:46,164.46,26.0,190.47,30.0,163.0,45.0,191.21,33.0,177.46,26.00999999999999,71.0,63.0,2.848364442985056,134,8.0,55.0,0.06,165.0,2.0
2025-04-08 08:16:47,164.0,36.0,187.0,26.0,161.0,27.0,187.57,28.0,175.5,23.0,63.0,54.0,3.27452591989506,117,9.0,-17.0,0.08,165.0,
2025-04-08 08:16:48,162.14,42.0,181.83,24.0,160.24,51.0,183.61,28.0,171.99,19.690000000000023,93.0,52.0,3.731259840867256,145,41.0,28.0,0.28,163.4,5.0
2025-04-08 08:16:49,160.87,23.0,177.23,26.0,159.67,36.0,178.23,26.0,169.05,16.359999999999985,59.0,52.0,4.007374452191038,111,7.0,-34.0,0.06,160.5,4.0
2025-04-08 08:16:50,165.29,34.0,173.89,38.0,158.86,14.0,176.1,20.0,169.59,8.599999999999994,48.0,58.0,3.674053619651836,106,-10.0,-5.0,-0.09,160.5,
2025-04-08 08:16:51,166.0,65.0,169.88,24.0,160.0,13.0,171.56,27.0,167.94,3.879999999999996,78.0,51.0,3.008792116461389,129,27.0,23.0,0.21,160.5,
2025-04-08 08:16:52,166.0,53.0,168.25,40.0,160.0,13.0,169.29,38.0,167.12,2.25,66.0,78.0,1.8610131649408843,144,-12.0,15.0,-0.08,166.0,1.0
2025-04-08 08:16:53,161.23,47.0,166.31,32.0,150.0,21.0,167.85,52.0,163.77,5.0800000000000125,68.0,84.0,2.292450653795254,152,-16.0,8.0,-0.11,160.73,11.0
2025-04-08 08:16:54,157.0,64.0,165.0,64.0,136.32,22.0,166.0,32.0,161.0,8.0,86.0,96.0,3.457300970423212,182,-10.0,30.0,-0.05,160.73,
2025-04-08 08:16:55,159.16,43.0,163.13,55.0,156.13,39.0,164.18,45.0,161.15,3.969999999999999,82.0,100.0,3.249666136711965,182,-18.0,0.0,-0.1,160.0,2.0
2025-04-08 08:16:56,157.23,39.0,161.0,50.0,70.0,33.0,162.82,22.0,159.12,3.77000000000001,72.0,72.0,3.0996403017279004,144,0.0,-38.0,0.0,160.0,3.0
2025-04-08 08:16:57,157.0,62.0,160.31,36.0,104.1,80.0,161.31,65.0,158.65,3.3100000000000023,142.0,101.0,2.025406132137216,243,41.0,99.0,0.17,157.0,2.0
2025-04-08 08:16:58,157.0,21.0,159.26,50.0,105.0,105.0,163.91,58.0,158.13,2.259999999999991,126.0,108.0,1.3834558179071634,234,18.0,-9.0,0.08,157.0,1.0
2025-04-08 08:16:59,157.0,9.0,158.0,29.0,94.85,39.0,224.0,9.0,157.5,1.0,48.0,38.0,1.3897661674190052,86,10.0,-148.0,0.12,158.0,4.0
2025-04-08 08:17:00,159.33,9.0,219.53,17.0,86.57,21.0,346.0,9.0,189.43,60.19999999999999,30.0,26.0,13.912466711553767,56,4.0,-30.0,0.07,158.0,1.0
2025-04-08 08:17:01,164.0,8.0,222.5,40.0,157.0,8.0,355.25,8.0,193.25,58.5,16.0,48.0,18.264504373239323,64,-32.0,8.0,-0.5,158.0,
2025-04-08 08:17:02,164.0,10.0,222.0,50.0,157.0,10.0,384.4,10.0,193.0,58.0,20.0,60.0,18.727860796152477,80,-40.0,16.0,-0.5,158.0,
2025-04-08 08:17:03,164.0,14.0,221.43,70.0,159.89,27.0,258.0,14.0,192.71,57.43000000000001,41.0,84.0,15.5501051443407,125,-43.0,45.0,-0.34,158.0,
2025-04-08 08:17:04,164.0,10.0,217.22,46.0,160.0,20.0,228.77,26.0,190.61,53.22,30.0,72.0,1.6884608375790098,102,-42.0,-23.0,-0.41,158.0,
2025-04-08 08:17:05,161.2,10.0,211.0,17.0,156.91,46.0,214.36,28.0,186.1,49.80000000000001,56.0,45.0,3.0024539963235712,101,11.0,-1.0,0.11,161.33,3.0
2025-04-08 08:17:06,160.0,14.0,208.18,11.0,157.01,101.0,211.0,22.0,184.09,48.18000000000001,115.0,33.0,4.013049962315831,148,82.0,47.0,0.55,161.33,
2025-04-08 08:17:07,165.68,62.0,207.1,20.0,163.94,33.0,209.0,16.0,186.39,41.41999999999999,95.0,36.0,3.5526187524199395,131,59.0,-17.0,0.45,161.33,
2025-04-08 08:17:08,165.72,54.0,203.76,17.0,163.43,46.0,205.0,31.0,184.74,38.03999999999999,100.0,48.0,2.5448438066115195,148,52.0,17.0,0.35,166.29,7.0
2025-04-08 08:17:09,165.0,34.0,171.53,34.0,161.0,24.0,185.88,25.0,168.26,6.530000000000001,58.0,59.0,7.69269328649323,117,-1.0,-31.0,-0.01,165.0,1.0
2025-04-08 08:17:10,164.05,21.0,166.0,50.0,160.24,51.0,177.25,20.0,165.02,1.9499999999999889,72.0,70.0,10.19565838972974,142,2.0,25.0,0.01,163.67,3.0
2025-04-08 08:17:11,163.77,39.0,165.2,30.0,160.4,48.0,167.62,52.0,164.48,1.4299999999999784,87.0,82.0,10.872346572845922,169,5.0,27.0,0.03,163.8,5.0
2025-04-08 08:17:12,161.44,9.0,163.17,36.0,160.0,117.0,165.11,27.0,162.31,1.7299999999999898,126.0,63.0,9.073517509768983,189,63.0,20.0,0.33,162.0,1.0
2025-04-08 08:17:13,160.0,143.0,162.86,35.0,158.0,11.0,171.71,31.0,161.43,2.8600000000000136,154.0,66.0,2.665961365078965,220,88.0,31.0,0.4,162.0,
2025-04-08 08:17:14,160.0,51.0,161.17,12.0,158.0,4.0,166.67,12.0,160.58,1.1699999999999875,55.0,24.0,1.9228702504581132,79,31.0,-141.0,0.39,160.0,6.0
2025-04-08 08:17:15,160.82,38.0,213.22,9.0,159.96,57.0,308.92,12.0,187.02,52.400000000000006,95.0,21.0,11.194348127518982,116,74.0,37.0,0.64,161.0,1.0
2025-04-08 08:17:16,160.35,51.0,217.0,9.0,159.89,53.0,315.47,15.0,188.68,56.650000000000006,104.0,24.0,14.490170116326365,128,80.0,12.0,0.62,161.0,3.0
2025-04-08 08:17:17,160.25,32.0,217.0,6.0,159.69,26.0,261.83,24.0,188.62,56.75,58.0,30.0,14.862155967424998,88,28.0,-40.0,0.32,160.5,8.0
2025-04-08 08:17:18,160.0,25.0,217.0,5.0,157.23,26.0,231.0,20.0,188.5,57.0,51.0,25.0,12.373374640737875,76,26.0,-12.0,0.34,160.5,
2025-04-08 08:17:19,160.0,34.0,197.15,13.0,158.0,21.0,209.55,22.0,178.58,37.150000000000006,55.0,35.0,4.358944826451447,90,20.0,14.0,0.22,160.5,
2025-04-08 08:17:20,160.0,63.0,191.56,9.0,158.0,27.0,194.0,36.0,175.78,31.56,90.0,45.0,6.3331761384042045,135,45.0,45.0,0.33,160.5,
2025-04-08 08:17:21,160.0,127.0,191.0,11.0,158.0,33.0,494.12,34.0,175.5,31.0,160.0,45.0,6.649908270048368,205,115.0,70.0,0.56,160.0,4.0
2025-04-08 08:17:22,159.96,92.0,185.33,33.0,157.78,46.0,238.65,20.0,172.64,25.370000000000005,138.0,53.0,6.129730826069289,191,85.0,-14.0,0.45,159.5,4.0
2025-04-08 08:17:23,158.0,20.0,186.5,28.0,157.0,100.0,187.92,12.0,172.25,28.5,120.0,40.0,2.588165373400705,160,80.0,-31.0,0.5,159.5,
2025-04-08 08:17:24,158.0,18.0,183.33,27.0,157.0,90.0,185.0,9.0,170.67,25.330000000000013,108.0,36.0,2.203535795051561,144,72.0,-16.0,0.5,159.5,
2025-04-08 08:17:25,160.67,18.0,183.0,24.0,127.4,35.0,185.0,8.0,171.83,22.330000000000013,53.0,32.0,1.7923085672046173,85,21.0,-59.0,0.25,159.5,
2025-04-08 08:17:26,163.91,34.0,181.82,34.0,154.01,86.0,183.03,38.0,172.87,17.909999999999997,120.0,72.0,0.8679400901422402,192,48.0,107.0,0.25,164.6,5.0
2025-04-08 08:17:27,159.12,51.0,181.0,21.0,143.46,13.0,182.0,7.0,170.06,21.879999999999995,64.0,28.0,1.151555469822079,92,36.0,-100.0,0.39,164.0,4.0
2025-04-08 08:17:28,159.78,36.0,181.0,36.0,157.47,102.0,182.0,12.0,170.39,21.22,138.0,48.0,1.1636064627174807,186,90.0,94.0,0.48,164.0,
2025-04-08 08:17:29,162.0,22.0,180.48,27.0,159.82,44.0,180.86,21.0,171.24,18.47999999999999,66.0,48.0,1.130561807278868,114,18.0,-72.0,0.16,164.0,
2025-04-08 08:17:30,161.43,14.0,177.5,6.0,158.82,33.0,180.0,18.0,169.46,16.069999999999993,47.0,24.0,1.3219039299731985,71,23.0,-43.0,0.32,162.0,2.0
2025-04-08 08:17:31,160.0,41.0,175.2,25.0,157.0,169.0,175.45,31.0,167.6,15.199999999999989,210.0,56.0,1.3631214179524431,266,154.0,168.0,0.58,160.0,1.0
2025-04-08 08:17:32,164.75,59.0,170.12,24.0,159.25,52.0,171.15,34.0,167.44,5.3700000000000045,111.0,58.0,1.680737933195332,169,53.0,-97.0,0.31,165.0,3.0
2025-04-08 08:17:33,164.58,12.0,166.58,26.0,160.8,25.0,168.5,30.0,165.58,2.0,37.0,56.0,2.157007185913768,93,-19.0,-76.0,-0.2,165.0,2.0
2025-04-08 08:17:34,164.0,9.0,166.0,27.0,160.0,36.0,167.0,27.0,165.0,2.0,45.0,54.0,1.7762544862958498,99,-9.0,6.0,-0.09,165.0,
2025-04-08 08:17:35,162.93,15.0,165.75,32.0,159.8,49.0,166.75,36.0,164.34,2.819999999999993,64.0,68.0,1.463324981023768,132,-4.0,33.0,-0.03,164.0,1.0
2025-04-08 08:17:36,159.76,41.0,162.78,23.0,146.63,57.0,164.28,29.0,161.27,3.0200000000000102,98.0,52.0,2.250728770885287,150,46.0,18.0,0.31,159.0,8.0
2025-04-08 08:17:39,129.68,56.0,153.4,30.0,75.08,24.0,155.0,35.0,141.54,23.72,80.0,65.0,16.695296643070755,145,15.0,40.0,0.1,159.0,
2025-04-08 08:17:41,133.31,26.0,289.0,20.0,119.33,36.0,299.33,36.0,211.15,155.69,62.0,56.0,35.02091760648374,118,6.0,53.0,0.05,153.43,7.0
2025-04-08 08:17:42,162.0,18.0,355.0,12.0,149.15,39.0,508.31,26.0,258.5,193.0,57.0,38.0,58.11667290890002,95,19.0,-23.0,0.2,153.43,
2025-04-08 08:17:43,159.92,12.0,186.0,4.0,153.22,27.0,355.0,8.0,172.96,26.080000000000013,39.0,12.0,51.97216784010511,51,27.0,-44.0,0.53,160.0,5.0
2025-04-08 08:17:44,161.0,21.0,186.0,7.0,157.0,35.0,218.33,24.0,173.5,25.0,56.0,31.0,47.28391512977794,87,25.0,36.0,0.29,160.0,
2025-04-08 08:17:45,161.0,20.0,190.55,22.0,157.0,35.0,241.67,21.0,175.77,29.55000000000001,55.0,43.0,37.26221316561895,98,12.0,11.0,0.12,161.0,1.0
2025-04-08 08:17:46,157.55,29.0,230.0,22.0,154.0,25.0,377.69,16.0,193.78,72.44999999999999,54.0,38.0,36.57695613361003,92,16.0,-6.0,0.17,161.0,2.0
2025-04-08 08:17:47,157.93,58.0,240.24,33.0,140.7,60.0,254.21,28.0,199.09,82.31,118.0,61.0,12.434015843646648,179,57.0,87.0,0.32,161.0,
2025-04-08 08:17:48,157.84,122.0,166.37,38.0,144.16,57.0,224.79,28.0,162.1,8.530000000000001,179.0,66.0,15.258390150997588,245,113.0,66.0,0.46,161.33,3.0
2025-04-08 08:17:49,158.03,171.0,163.0,20.0,157.24,59.0,280.11,27.0,160.51,4.969999999999999,230.0,47.0,17.728275437844065,277,183.0,32.0,0.66,159.0,5.0
2025-04-08 08:17:50,158.0,70.0,163.0,10.0,157.0,25.0,462.64,11.0,160.5,5.0,95.0,21.0,19.490026423790997,116,74.0,-161.0,0.64,159.0,
2025-04-08 08:17:51,158.0,68.0,162.0,10.0,157.0,25.0,627.17,12.0,160.0,4.0,93.0,22.0,17.15211502993389,115,71.0,-1.0,0.62,158.0,1.0
2025-04-08 08:17:52,158.0,169.0,161.0,26.0,157.0,65.0,451.9,20.0,159.5,3.0,234.0,46.0,0.9756638765983712,280,188.0,165.0,0.67,158.0,
2025-04-08 08:17:53,158.0,223.0,160.38,32.0,157.0,80.0,276.0,29.0,159.19,2.3799999999999955,303.0,61.0,0.5912275366557974,364,242.0,84.0,0.66,158.0,
2025-04-08 08:17:54,158.0,159.0,160.0,24.0,157.0,60.0,287.29,24.0,159.0,2.0,219.0,48.0,0.6125520386878677,267,171.0,-97.0,0.64,158.0,3.0
2025-04-08 08:17:55,158.0,132.0,323.44,25.0,157.0,60.0,511.68,25.0,240.72,165.44,192.0,50.0,36.35931407493917,242,142.0,-25.0,0.59,160.0,2.0
2025-04-08 08:17:56,158.17,53.0,430.8,15.0,157.31,36.0,617.2,15.0,294.48,272.63,89.0,30.0,62.32588643573405,119,59.0,-123.0,0.5,160.25,4.0
2025-04-08 08:17:57,164.0,180.0,303.8,20.0,157.82,85.0,387.28,32.0,233.9,139.8,265.0,52.0,58.21586141250499,317,213.0,168.0,0.67,160.25,
2025-04-08 08:17:58,164.0,230.0,304.2,15.0,157.0,70.0,325.48,31.0,234.1,140.2,300.0,46.0,48.259301694077145,346,254.0,29.0,0.73,164.0,2.0
2025-04-08 08:17:59,164.0,176.0,268.73,11.0,157.67,15.0,317.82,17.0,216.36,104.73000000000002,191.0,28.0,29.67717843730994,219,163.0,-127.0,0.74,164.0,
2025-04-08 08:18:00,164.0,208.0,259.69,13.0,158.46,13.0,261.37,19.0,211.85,95.69,221.0,32.0,33.06821464790541,253,189.0,34.0,0.75,164.0,
2025-04-08 08:18:01,164.0,192.0,257.83,12.0,160.0,20.0,260.0,12.0,210.92,93.82999999999998,212.0,24.0,11.661594230634911,236,188.0,-17.0,0.8,164.0,
2025-04-08 08:18:02,164.09,91.0,174.22,18.0,161.88,32.0,215.57,14.0,169.16,10.129999999999995,123.0,32.0,23.884365597603857,155,91.0,-81.0,0.59,164.0,4.0
2025-04-08 08:18:03,167.0,8.0,173.23,13.0,166.0,8.0,193.0,16.0,170.12,6.22999999999999,16.0,29.0,23.864266592544325,45,-13.0,-110.0,-0.29,164.0,
2025-04-08 08:18:04,165.63,19.0,169.71,14.0,164.27,97.0,170.62,16.0,167.67,4.0800000000000125,116.0,30.0,23.243074882640755,146,86.0,101.0,0.59,166.5,2.0
2025-04-08 08:18:05,165.0,32.0,168.23,13.0,164.0,96.0,169.55,11.0,166.62,3.2299999999999898,128.0,24.0,19.066381932607527,152,104.0,6.0,0.68,166.5,
2025-04-08 08:18:06,165.0,38.0,167.45,22.0,164.0,132.0,169.0,11.0,166.23,2.4499999999999886,170.0,33.0,1.6566683434169944,203,137.0,51.0,0.67,165.0,3.0
2025-04-08 08:18:07,164.15,47.0,165.83,24.0,163.89,89.0,169.0,12.0,164.99,1.6800000000000068,136.0,36.0,1.9288156988373863,172,100.0,-31.0,0.58,164.2,5.0
2025-04-08 08:18:08,164.0,70.0,167.7,20.0,162.0,38.0,191.74,38.0,165.85,3.6999999999999886,108.0,58.0,0.9872790892565004,166,50.0,-6.0,0.3,164.0,6.0
2025-04-08 08:18:09,164.0,20.0,165.82,17.0,162.0,30.0,167.62,13.0,164.91,1.8199999999999927,50.0,30.0,0.7543208866816609,80,20.0,-86.0,0.25,164.0,
2025-04-08 08:18:10,162.13,30.0,165.8,20.0,161.15,40.0,268.6,40.0,163.97,3.670000000000016,70.0,60.0,0.8837420438596476,130,10.0,50.0,0.08,162.5,6.0
2025-04-08 08:18:11,160.62,42.0,166.0,28.0,159.03,30.0,296.06,53.0,163.31,5.379999999999996,72.0,81.0,0.983808924581582,153,-9.0,23.0,-0.06,160.33,6.0
2025-04-08 08:18:12,158.58,38.0,165.1,30.0,155.76,42.0,202.22,18.0,161.84,6.519999999999982,80.0,48.0,1.5321814514239522,128,32.0,-25.0,0.25,160.33,
2025-04-08 08:18:13,159.62,8.0,163.12,16.0,158.58,19.0,164.29,14.0,161.38,3.5,27.0,30.0,1.4681178427120174,57,-3.0,-71.0,-0.05,160.33,
2025-04-08 08:18:14,157.62,29.0,160.75,12.0,120.43,37.0,545.9,10.0,159.19,3.1299999999999955,66.0,22.0,1.863053944493196,88,44.0,31.0,0.5,159.25,4.0
2025-04-08 08:18:16,162.71,42.0,445.67,6.0,97.0,42.0,0.0,0.0,304.19,282.96000000000004,84.0,6.0,91.84498641733236,90,78.0,25.0,0.87,159.25,
2025-04-08 08:18:21,166.64,33.0,446.8,15.0,164.73,44.0,562.28,18.0,306.72,280.16,77.0,33.0,48.29917752922605,110,44.0,16.0,0.4,166.5,4.0
2025-04-08 08:18:22,165.54,13.0,432.0,10.0,164.53,17.0,615.2,5.0,298.77,266.46000000000004,30.0,15.0,56.0989560508902,45,15.0,-65.0,0.33,166.0,4.0
2025-04-08 08:18:23,166.0,10.0,278.06,35.0,165.0,30.0,384.0,15.0,222.03,112.06,40.0,50.0,70.65959121025105,90,-10.0,45.0,-0.11,166.0,
2025-04-08 08:18:24,166.0,8.0,257.38,40.0,165.0,24.0,264.47,15.0,211.69,91.38,32.0,55.0,81.03818556705133,87,-23.0,-3.0,-0.26,166.0,
2025-04-08 08:18:25,166.0,5.0,256.2,25.0,165.0,15.0,341.0,5.0,211.1,90.2,20.0,30.0,48.37054651334767,50,-10.0,-37.0,-0.2,166.0,
2025-04-08 08:18:26,165.31,13.0,255.29,35.0,164.5,24.0,640.8,10.0,210.3,89.97999999999999,37.0,45.0,38.30914864624336,82,-8.0,32.0,-0.1,166.0,1.0
2025-04-08 08:18:27,165.0,21.0,253.71,35.0,164.0,28.0,457.6,20.0,209.36,88.71000000000001,49.0,55.0,5.180553059279145,104,-6.0,22.0,-0.06,166.0,
2025-04-08 08:18:28,165.0,19.0,252.45,33.0,164.0,36.0,253.33,45.0,208.73,87.44999999999999,55.0,78.0,1.2145081308957504,133,-23.0,29.0,-0.17,165.0,1.0
2025-04-08 08:18:29,165.0,20.0,206.27,48.0,164.0,40.0,218.15,48.0,185.64,41.27000000000001,60.0,96.0,10.874611717207316,156,-36.0,23.0,-0.23,165.0,
2025-04-08 08:18:30,165.0,24.0,179.28,54.0,164.0,48.0,187.33,54.0,172.14,14.28,72.0,108.0,17.42159521972769,180,-36.0,24.0,-0.2,165.0,
2025-04-08 08:18:31,164.14,58.0,167.85,41.0,162.66,67.0,169.56,45.0,166.0,3.710000000000008,125.0,86.0,20.16427732402171,211,39.0,31.0,0.18,165.0,2.0
2025-04-08 08:18:32,164.0,105.0,165.68,57.0,162.0,117.0,167.43,47.0,164.84,1.6800000000000068,222.0,104.0,18.326368980244656,326,118.0,115.0,0.36,164.0,7.0
2025-04-08 08:18:33,162.44,81.0,164.15,65.0,161.44,75.0,339.94,35.0,163.3,1.710000000000008,156.0,100.0,9.164708396893586,256,56.0,-70.0,0.22,164.0,3.0
2025-04-08 08:18:34,162.0,62.0,163.0,40.0,160.0,24.0,505.88,40.0,162.5,1.0,86.0,80.0,3.81731319125132,166,6.0,-90.0,0.04,162.0,5.0
2025-04-08 08:18:35,161.0,16.0,182.17,18.0,158.29,42.0,277.91,22.0,171.58,21.169999999999987,58.0,40.0,3.5842823549633547,98,18.0,-68.0,0.18,161.33,6.0
2025-04-08 08:18:36,160.0,8.0,204.62,8.0,158.0,48.0,229.8,10.0,182.31,44.620000000000005,56.0,18.0,8.303823215850331,74,38.0,-24.0,0.51,161.33,
2025-04-08 08:18:37,160.0,7.0,203.0,7.0,158.0,42.0,285.83,12.0,181.5,43.0,49.0,19.0,9.518131119084671,68,30.0,-6.0,0.44,161.33,
2025-04-08 08:18:38,160.0,12.0,187.92,12.0,158.0,72.0,263.15,13.0,173.96,27.919999999999987,84.0,25.0,8.104467903575394,109,59.0,41.0,0.54,161.33,
2025-04-08 08:18:39,159.27,11.0,185.11,9.0,157.91,46.0,472.57,14.0,172.19,25.840000000000003,57.0,23.0,5.191480521015151,80,34.0,-29.0,0.42,158.4,5.0
2025-04-08 08:18:40,158.0,63.0,184.0,9.0,157.0,18.0,385.33,18.0,171.0,26.0,81.0,27.0,5.328214522715844,108,54.0,28.0,0.5,158.4,
2025-04-08 08:18:41,158.0,105.0,181.67,15.0,157.0,14.0,208.5,12.0,169.83,23.669999999999987,119.0,27.0,4.622080700299944,146,92.0,38.0,0.63,158.4,
2025-04-08 08:18:42,158.05,173.0,177.12,41.0,157.58,52.0,177.71,21.0,167.58,19.069999999999997,225.0,62.0,2.408541052191368,287,163.0,141.0,0.57,158.4,
2025-04-08 08:18:43,161.57,23.0,172.38,24.0,158.97,87.0,175.0,40.0,166.97,10.810000000000002,110.0,64.0,2.2181816878006297,174,46.0,-113.0,0.26,158.4,
2025-04-08 08:18:44,165.0,20.0,170.33,24.0,164.0,10.0,170.56,16.0,167.67,5.3300000000000125,30.0,40.0,1.7200726729112217,70,-10.0,-104.0,-0.14,158.4,
2025-04-08 08:18:45,164.93,14.0,166.65,17.0,163.4,10.0,168.83,23.0,165.79,1.7199999999999989,24.0,40.0,1.470210869262684,64,-16.0,-6.0,-0.25,165.0,2.0
2025-04-08 08:18:46,161.75,32.0,164.38,42.0,160.4,40.0,166.67,46.0,163.07,2.6299999999999955,72.0,88.0,1.9119309611230637,160,-16.0,96.0,-0.1,163.25,4.0
2025-04-08 08:18:47,162.9,93.0,165.43,81.0,161.13,70.0,216.89,45.0,164.17,2.530000000000001,163.0,126.0,1.9119309611234296,289,37.0,129.0,0.13,165.0,1.0
2025-04-08 08:18:48,164.0,21.0,182.87,30.0,161.0,67.0,234.54,46.0,173.43,18.870000000000005,88.0,76.0,4.079225416681423,164,12.0,-125.0,0.07,164.0,5.0
2025-04-08 08:18:49,164.5,14.0,183.43,14.0,161.29,124.0,252.18,34.0,173.96,18.930000000000007,138.0,48.0,5.21605981561726,186,90.0,22.0,0.48,164.0,
2025-04-08 08:18:50,165.78,18.0,182.41,34.0,162.0,108.0,237.41,34.0,174.09,16.629999999999995,126.0,68.0,5.609383210308747,194,58.0,8.0,0.3,164.0,
2025-04-08 08:18:51,162.36,55.0,180.09,54.0,161.6,50.0,180.89,37.0,171.23,17.72999999999999,105.0,91.0,4.189556062411642,196,14.0,2.0,0.07,164.0,2.0
2025-04-08 08:18:52,161.78,45.0,174.28,53.0,160.29,49.0,175.31,49.0,168.03,12.5,94.0,102.0,2.57385314268092,196,-8.0,0.0,-0.04,161.71,7.0
2025-04-08 08:18:53,163.91,64.0,171.46,48.0,159.41,78.0,172.6,52.0,167.68,7.550000000000011,142.0,100.0,3.090545259350029,242,42.0,46.0,0.17,161.71,
2025-04-08 08:18:54,164.26,57.0,167.57,53.0,160.91,44.0,170.44,25.0,165.91,3.3100000000000023,101.0,78.0,3.2542157273442096,179,23.0,-63.0,0.13,163.44,9.0
2025-04-08 08:18:55,160.0,36.0,165.79,57.0,158.0,48.0,166.38,24.0,162.89,5.789999999999992,84.0,81.0,3.0572405859040903,165,3.0,-14.0,0.02,163.44,
2025-04-08 08:18:56,158.71,42.0,163.71,35.0,157.53,38.0,165.27,51.0,161.21,5.0,80.0,86.0,2.995993992000566,166,-6.0,1.0,-0.04,159.5,4.0
2025-04-08 08:18:57,159.97,74.0,163.96,48.0,158.19,32.0,216.95,44.0,161.97,3.990000000000009,106.0,92.0,2.7524752496809244,198,14.0,32.0,0.07,159.57,7.0
2025-04-08 08:18:58,161.0,30.0,165.0,50.0,160.0,40.0,195.0,32.0,163.0,4.0,70.0,82.0,1.7850154061262398,152,-12.0,-46.0,-0.08,159.57,
2025-04-08 08:18:59,161.0,33.0,165.0,55.0,160.0,100.0,256.36,28.0,163.0,4.0,133.0,83.0,0.8000187498485509,216,50.0,64.0,0.23,159.57,
2025-04-08 08:19:00,160.46,61.0,164.04,55.0,159.91,138.0,291.71,28.0,162.25,3.579999999999984,199.0,83.0,0.7547383653356368,282,116.0,66.0,0.41,162.14,7.0
2025-04-08 08:19:01,160.0,72.0,163.0,14.0,158.0,14.0,548.86,14.0,161.5,3.0,86.0,28.0,0.6560716425127613,114,58.0,-168.0,0.51,160.0,5.0
2025-04-08 08:19:02,160.0,66.0,162.09,22.0,158.0,22.0,561.0,22.0,161.05,2.0900000000000034,88.0,44.0,0.8784930279232512,132,44.0,18.0,0.33,160.0,2.0
2025-04-08 08:19:03,160.0,44.0,333.91,22.0,158.0,22.0,538.96,28.0,246.95,173.91000000000005,66.0,50.0,38.02040570535874,116,16.0,-16.0,0.14,160.0,
2025-04-08 08:19:04,161.5,16.0,179.0,14.0,159.85,26.0,484.68,19.0,170.25,17.5,42.0,33.0,37.39311433940843,75,9.0,-41.0,0.12,160.0,
2025-04-08 08:19:05,162.0,14.0,218.57,14.0,160.0,28.0,520.1,20.0,190.29,56.56999999999999,42.0,34.0,36.06979789242048,76,8.0,1.0,0.11,160.0,
2025-04-08 08:19:06,162.55,11.0,282.0,21.0,160.55,22.0,337.71,14.0,222.27,119.45,33.0,35.0,35.98545984144202,68,-2.0,-8.0,-0.03,160.0,
2025-04-08 08:19:07,162.67,3.0,282.0,9.0,160.4,10.0,313.0,6.0,222.33,119.33,13.0,15.0,30.14779129554953,28,-2.0,-40.0,-0.07,163.0,2.0
2025-04-08 08:19:08,162.0,12.0,281.64,42.0,160.0,48.0,448.26,27.0,221.82,119.64,60.0,69.0,24.00350224446472,129,-9.0,101.0,-0.07,163.0,
2025-04-08 08:19:09,162.98,50.0,281.0,40.0,161.27,11.0,605.67,18.0,221.99,118.02,61.0,58.0,14.228496055451624,119,3.0,-10.0,0.03,163.0,
2025-04-08 08:19:10,163.77,91.0,185.88,59.0,162.0,13.0,312.08,36.0,174.83,22.109999999999985,104.0,95.0,21.141923280534535,199,9.0,80.0,0.05,163.0,
2025-04-08 08:19:11,163.83,23.0,176.0,55.0,160.2,20.0,208.2,30.0,169.91,12.169999999999987,43.0,85.0,27.265195396329528,128,-42.0,-71.0,-0.33,163.0,
2025-04-08 08:19:12,160.0,4.0,176.0,20.0,158.0,8.0,180.0,16.0,168.0,16.0,12.0,36.0,28.04027906423276,48,-24.0,-80.0,-0.5,161.0,2.0
2025-04-08 08:19:13,159.88,17.0,175.72,36.0,157.73,22.0,220.36,33.0,167.8,15.840000000000003,39.0,69.0,23.362667441884103,108,-30.0,60.0,-0.28,159.33,3.0
2025-04-08 08:19:14,157.81,21.0,171.5,24.0,156.0,46.0,175.67,36.0,164.65,13.689999999999998,67.0,60.0,3.747408437853285,127,7.0,19.0,0.06,159.33,
2025-04-08 08:19:15,159.96,23.0,167.31,32.0,158.0,27.0,168.13,63.0,163.63,7.349999999999994,50.0,95.0,2.587637919048627,145,-45.0,18.0,-0.31,161.0,1.0
2025-04-08 08:19:16,161.33,9.0,167.0,18.0,158.0,27.0,168.0,45.0,164.17,5.669999999999988,36.0,63.0,2.086612086637213,99,-27.0,-46.0,-0.27,161.0,
2025-04-08 08:19:17,160.0,24.0,163.62,66.0,157.27,90.0,166.09,69.0,161.81,3.620000000000005,114.0,135.0,2.1780541774948614,249,-21.0,150.0,-0.08,162.0,1.0
2025-04-08 08:19:18,157.03,78.0,159.68,41.0,145.34,35.0,160.96,50.0,158.35,2.6500000000000057,113.0,91.0,2.568291260761979,204,22.0,-45.0,0.11,157.22,9.0
2025-04-08 08:19:19,145.73,22.0,266.55,44.0,70.62,21.0,484.2,30.0,206.14,120.82000000000002,43.0,74.0,19.875248426122635,117,-31.0,-87.0,-0.26,157.0,7.0
2025-04-08 08:19:20,132.62,13.0,277.33,18.0,74.91,11.0,376.87,30.0,204.97,144.70999999999998,24.0,48.0,24.25298579556906,72,-24.0,-45.0,-0.33,157.0,
2025-04-08 08:19:21,120.55,11.0,223.56,36.0,35.16,19.0,357.89,36.0,172.05,103.01,30.0,72.0,23.27765623940845,102,-42.0,30.0,-0.41,159.0,2.0
2025-04-08 08:19:23,128.08,24.0,222.12,32.0,83.67,18.0,269.25,51.0,175.1,94.04,42.0,83.0,33.7835911353438,125,-41.0,51.0,-0.33,153.33,3.0
2025-04-08 08:19:25,166.0,9.0,174.62,26.0,148.6,25.0,175.36,28.0,170.31,8.620000000000005,34.0,54.0,21.55168717293637,88,-20.0,-39.0,-0.23,153.33,
2025-04-08 08:19:26,166.0,8.0,171.57,28.0,162.0,40.0,172.6,20.0,168.79,5.569999999999993,48.0,48.0,21.179463638159287,96,0.0,8.0,0.0,153.33,
2025-04-08 08:19:27,166.0,6.0,170.0,24.0,162.0,30.0,171.0,12.0,168.0,4.0,36.0,36.0,3.8897262114567632,72,0.0,-24.0,0.0,153.33,
2025-04-08 08:19:28,165.89,9.0,168.53,34.0,162.86,21.0,171.36,22.0,167.21,2.640000000000015,30.0,56.0,2.187733987507813,86,-26.0,14.0,-0.3,166.0,1.0
2025-04-08 08:19:29,157.57,99.0,165.93,28.0,147.97,29.0,169.3,46.0,161.75,8.360000000000014,128.0,74.0,3.261214497713671,202,54.0,116.0,0.27,161.22,9.0
2025-04-08 08:19:30,157.22,90.0,163.11,18.0,140.82,89.0,164.67,12.0,160.17,5.890000000000015,179.0,30.0,3.936061483272543,209,149.0,7.0,0.71,161.0,5.0
2025-04-08 08:19:31,157.11,72.0,163.0,24.0,142.57,122.0,164.0,6.0,160.06,5.889999999999986,194.0,30.0,3.872333921565253,224,164.0,15.0,0.73,161.0,
2025-04-08 08:19:32,158.15,33.0,161.11,36.0,156.8,100.0,230.61,33.0,159.63,2.960000000000008,133.0,69.0,3.148710847332301,202,64.0,-22.0,0.32,159.0,1.0
2025-04-08 08:19:33,157.0,49.0,160.0,28.0,156.0,70.0,307.86,28.0,158.5,3.0,119.0,56.0,1.1704144565543215,175,63.0,-27.0,0.36,159.0,
2025-04-08 08:19:34,157.0,56.0,158.75,32.0,156.0,80.0,206.5,32.0,157.88,1.75,136.0,64.0,1.0107274608482817,200,72.0,25.0,0.36,159.0,
2025-04-08 08:19:35,157.0,49.0,195.26,19.0,156.0,70.0,334.86,28.0,176.13,38.25999999999999,119.0,47.0,7.70217177165679,166,72.0,-34.0,0.43,158.0,4.0
2025-04-08 08:19:36,158.67,27.0,216.82,44.0,156.67,67.0,342.31,52.0,187.74,58.150000000000006,94.0,96.0,13.402265853209157,190,-2.0,24.0,-0.01,158.29,7.0
2025-04-08 08:19:37,157.88,34.0,216.0,20.0,156.44,36.0,398.33,42.0,186.94,58.120000000000005,70.0,62.0,14.656852322381006,132,8.0,-58.0,0.06,158.29,
2025-04-08 08:19:38,161.35,20.0,211.67,18.0,158.07,27.0,306.16,31.0,186.51,50.31999999999999,47.0,49.0,12.748672479912347,96,-2.0,-36.0,-0.02,158.29,
2025-04-08 08:19:39,167.0,21.0,209.13,23.0,166.0,7.0,228.71,14.0,188.07,42.13,28.0,37.0,5.040403753675155,65,-9.0,-31.0,-0.14,158.29,
2025-04-08 08:19:40,166.23,26.0,183.62,21.0,160.44,18.0,192.33,24.0,174.92,17.390000000000015,44.0,45.0,5.577815880796276,89,-1.0,24.0,-0.01,165.0,5.0
2025-04-08 08:19:41,156.2,61.0,175.54,26.0,141.52,81.0,176.85,26.0,165.87,19.340000000000003,142.0,52.0,9.747623813015748,194,90.0,105.0,0.46,156.4,5.0
2025-04-08 08:19:42,157.77,61.0,171.89,47.0,132.42,62.0,172.95,44.0,164.83,14.119999999999976,123.0,91.0,11.00782903210621,214,32.0,20.0,0.15,165.0,2.0
2025-04-08 08:19:43,156.0,94.0,165.71,48.0,146.0,28.0,169.52,46.0,160.85,9.710000000000008,122.0,94.0,10.88711715745222,216,28.0,2.0,0.13,156.0,2.0
2025-04-08 08:19:44,156.0,47.0,157.0,33.0,120.75,20.0,169.0,55.0,156.5,1.0,67.0,88.0,6.852746164867257,155,-21.0,-61.0,-0.14,156.0,2.0
2025-04-08 08:19:45,132.18,22.0,156.24,21.0,64.0,12.0,247.09,23.0,144.21,24.06,34.0,44.0,8.77640131261755,78,-10.0,-77.0,-0.13,156.4,5.0
2025-04-08 08:19:50,115.4,20.0,154.19,21.0,96.41,68.0,164.2,20.0,134.8,38.78999999999999,88.0,41.0,4.330233250089019,129,47.0,1.0,0.36,154.0,1.0
2025-04-08 08:19:54,122.0,120.0,166.73,11.0,111.38,32.0,262.33,18.0,144.36,44.72999999999999,152.0,29.0,6.606824501995202,181,123.0,-2.0,0.68,155.67,3.0
2025-04-08 08:19:55,130.84,62.0,227.81,37.0,122.32,73.0,380.74,47.0,179.32,96.97,135.0,84.0,21.49946906321517,219,51.0,38.0,0.23,155.67,
2025-04-08 08:19:56,161.0,20.0,323.05,41.0,160.0,100.0,686.73,30.0,242.02,162.05,120.0,71.0,47.44216710901918,191,49.0,-28.0,0.26,155.67,
2025-04-08 08:19:57,161.88,16.0,326.69,26.0,160.58,24.0,410.24,33.0,244.28,164.81,40.0,59.0,52.61431250144826,99,-19.0,-92.0,-0.19,155.67,
2025-04-08 08:19:58,161.75,8.0,315.25,4.0,160.41,17.0,317.0,16.0,238.5,153.5,25.0,20.0,45.44793372640842,45,5.0,-54.0,0.11,161.67,3.0
2025-04-08 08:19:59,160.41,34.0,250.64,11.0,159.92,72.0,263.59,27.0,205.52,90.23,106.0,38.0,28.55956792390228,144,68.0,99.0,0.47,161.0,2.0
2025-04-08 08:20:00,160.83,60.0,236.0,6.0,159.0,15.0,337.36,22.0,198.42,75.16999999999999,75.0,28.0,21.94776799585736,103,47.0,-41.0,0.46,165.0,5.0
2025-04-08 08:20:01,165.0,50.0,234.8,10.0,160.0,100.0,416.73,44.0,199.9,69.80000000000001,150.0,54.0,22.222400410396663,204,96.0,101.0,0.47,165.0,
2025-04-08 08:20:02,165.0,25.0,210.22,9.0,160.0,50.0,428.17,18.0,187.61,45.22,75.0,27.0,19.29597367328277,102,48.0,-102.0,0.47,165.0,
2025-04-08 08:20:03,165.0,35.0,179.78,9.0,160.0,70.0,245.55,20.0,172.39,14.78,105.0,29.0,13.108126105590026,134,76.0,32.0,0.57,165.0,
2025-04-08 08:20:04,165.0,65.0,169.76,25.0,160.0,130.0,173.64,33.0,167.38,4.759999999999991,195.0,58.0,14.818037994284785,253,137.0,119.0,0.54,165.0,
2025-04-08 08:20:05,165.31,51.0,168.11,19.0,161.11,90.0,179.24,51.0,166.71,2.800000000000012,141.0,70.0,14.495677631628023,211,71.0,-42.0,0.34,167.0,1.0
2025-04-08 08:20:06,166.85,40.0,168.5,70.0,165.0,70.0,261.35,43.0,167.68,1.6500000000000057,110.0,113.0,8.820268136519129,223,-3.0,12.0,-0.01,167.0,2.0
2025-04-08 08:20:07,161.74,27.0,167.33,33.0,160.22,88.0,207.16,57.0,164.54,5.590000000000003,115.0,90.0,2.874743466833899,205,25.0,-18.0,0.12,163.2,10.0
2025-04-08 08:20:08,160.0,56.0,163.86,42.0,158.0,15.0,165.71,63.0,161.93,3.8600000000000136,71.0,105.0,2.41391176311574,176,-34.0,-29.0,-0.19,163.2,
2025-04-08 08:20:09,158.33,18.0,161.93,28.0,152.97,37.0,164.0,70.0,160.13,3.5999999999999943,55.0,98.0,3.1719032141778136,153,-43.0,-23.0,-0.28,157.67,6.0
2025-04-08 08:20:10,157.91,46.0,161.0,16.0,147.7,30.0,164.0,40.0,159.46,3.0900000000000034,76.0,56.0,3.386365308131205,132,20.0,-21.0,0.15,158.0,5.0
2025-04-08 08:20:11,158.0,18.0,162.17,24.0,156.11,18.0,175.08,37.0,160.08,4.169999999999988,36.0,61.0,2.068301235342124,97,-25.0,-35.0,-0.26,160.0,2.0
2025-04-08 08:20:12,157.28,39.0,163.85,53.0,111.49,49.0,369.0,12.0,160.57,6.569999999999993,88.0,65.0,0.925056755080188,153,23.0,56.0,0.15,160.67,3.0
2025-04-08 08:20:13,157.59,39.0,163.0,36.0,127.38,34.0,211.96,23.0,160.29,5.409999999999997,73.0,59.0,0.4085706794670855,132,14.0,-21.0,0.11,158.0,5.0
2025-04-08 08:20:14,154.43,14.0,162.1,40.0,127.12,32.0,187.59,34.0,158.26,7.6699999999999875,46.0,74.0,0.9186239710137264,120,-28.0,-12.0,-0.23,158.0,
2025-04-08 08:20:15,154.14,14.0,197.06,34.0,120.49,94.0,274.76,34.0,175.6,42.920000000000016,108.0,68.0,7.123815691054478,176,40.0,56.0,0.23,159.0,4.0
2025-04-08 08:20:16,154.0,57.0,190.0,30.0,117.17,54.0,530.67,18.0,172.0,36.0,111.0,48.0,7.874085978709455,159,63.0,-17.0,0.4,159.0,
2025-04-08 08:20:17,156.67,33.0,190.0,45.0,137.69,71.0,367.67,27.0,173.33,33.33000000000001,104.0,72.0,8.006661601448085,176,32.0,17.0,0.18,159.0,
2025-04-08 08:20:18,160.48,25.0,249.71,51.0,142.47,38.0,358.58,53.0,205.09,89.23000000000002,63.0,104.0,17.179645805431587,167,-41.0,-9.0,-0.25,165.0,2.0
2025-04-08 08:20:19,157.81,43.0,386.27,33.0,148.89,38.0,483.14,35.0,272.04,228.46,81.0,68.0,42.73630154798181,149,13.0,-18.0,0.09,165.0,
2025-04-08 08:20:20,160.57,21.0,292.75,24.0,150.35,34.0,419.38,24.0,226.66,132.18,55.0,48.0,41.65080827547058,103,7.0,-46.0,0.07,165.0,
2025-04-08 08:20:21,162.0,30.0,275.29,28.0,155.57,21.0,276.06,34.0,218.64,113.29000000000002,51.0,62.0,35.885819901459506,113,-11.0,10.0,-0.1,165.0,
2025-04-08 08:20:22,162.93,87.0,216.52,31.0,161.54,35.0,257.1,31.0,189.72,53.59,122.0,62.0,31.08065636372533,184,60.0,71.0,0.33,165.0,
2025-04-08 08:20:23,163.0,81.0,192.09,35.0,162.0,27.0,196.24,25.0,177.54,29.090000000000003,108.0,60.0,36.83294992258959,168,48.0,-16.0,0.29,165.0,
2025-04-08 08:20:24,163.0,169.0,190.41,27.0,162.0,63.0,192.07,82.0,176.7,27.41,232.0,109.0,23.388863161770736,341,123.0,168.0,0.36,163.0,4.0
2025-04-08 08:20:25,161.68,82.0,188.21,14.0,161.0,48.0,192.0,56.0,174.95,26.53,130.0,70.0,18.35736636884659,200,60.0,-141.0,0.3,162.44,9.0
2025-04-08 08:20:26,161.0,45.0,185.4,5.0,160.0,24.0,192.0,20.0,173.2,24.40000000000001,69.0,25.0,6.532841648171239,94,44.0,-106.0,0.47,162.44,
2025-04-08 08:20:27,161.0,63.0,184.0,14.0,160.0,42.0,190.19,21.0,172.5,23.0,105.0,35.0,2.1697741818190504,140,70.0,46.0,0.5,162.44,
2025-04-08 08:20:28,161.0,69.0,180.56,16.0,160.0,60.0,182.88,34.0,170.78,19.56,129.0,50.0,2.2776918141161318,179,79.0,39.0,0.44,161.0,3.0
2025-04-08 08:20:29,161.0,42.0,179.84,19.0,160.0,42.0,182.0,24.0,170.42,18.840000000000003,84.0,43.0,1.8501891795420675,127,41.0,-52.0,0.32,161.0,
2025-04-08 08:20:30,161.0,58.0,176.1,30.0,160.0,78.0,178.34,32.0,168.55,15.099999999999994,136.0,62.0,1.8328120471279965,198,74.0,71.0,0.37,161.0,4.0
2025-04-08 08:20:31,160.72,25.0,170.16,19.0,159.29,51.0,171.0,28.0,165.44,9.439999999999998,76.0,47.0,2.6862464518545623,123,29.0,-75.0,0.24,160.4,5.0
2025-04-08 08:20:32,160.29,41.0,165.59,34.0,157.4,45.0,169.51,37.0,162.94,5.300000000000011,86.0,71.0,3.36693926290715,157,15.0,34.0,0.1,166.0,1.0
2025-04-08 08:20:33,159.62,24.0,161.78,18.0,148.2,25.0,163.1,31.0,160.7,2.1599999999999966,49.0,49.0,3.970062971806679,98,0.0,-59.0,0.0,160.0,3.0
2025-04-08 08:20:34,154.0,32.0,160.4,20.0,102.59,49.0,163.0,40.0,157.2,6.400000000000006,81.0,60.0,4.349825283861027,141,21.0,43.0,0.15,157.0,3.0
2025-04-08 08:20:35,120.29,35.0,159.0,24.0,51.06,48.0,162.0,24.0,139.64,38.71,83.0,48.0,10.264593513633644,131,35.0,-10.0,0.27,157.0,
2025-04-08 08:20:36,142.67,18.0,156.42,33.0,140.42,38.0,157.91,23.0,149.55,13.75,56.0,56.0,9.500862066156792,112,0.0,-19.0,0.0,157.0,
2025-04-08 08:20:37,146.75,12.0,153.08,25.0,131.02,59.0,154.57,37.0,149.92,6.3300000000000125,71.0,62.0,8.124661223715304,133,9.0,21.0,0.07,152.5,4.0
2025-04-08 08:20:38,148.33,9.0,152.11,9.0,125.02,59.0,177.4,30.0,150.22,3.780000000000001,68.0,39.0,6.265355536611467,107,29.0,-26.0,0.27,152.5,
2025-04-08 08:20:39,149.0,9.0,196.12,17.0,107.11,36.0,312.71,28.0,172.56,47.120000000000005,45.0,45.0,12.127098581282374,90,0.0,-17.0,0.0,154.4,5.0
2025-04-08 08:20:40,149.81,16.0,214.0,27.0,116.71,28.0,464.0,27.0,181.91,64.19,44.0,54.0,15.336214330796276,98,-10.0,8.0,-0.1,154.4,
2025-04-08 08:20:41,152.58,12.0,223.39,23.0,149.61,36.0,274.82,22.0,187.99,70.80999999999997,48.0,45.0,17.716832391827364,93,3.0,-5.0,0.03,154.0,1.0
2025-04-08 08:20:42,156.0,11.0,297.61,23.0,153.26,23.0,702.41,17.0,226.8,141.61,34.0,40.0,27.94653878390072,74,-6.0,-19.0,-0.08,158.0,4.0
2025-04-08 08:20:43,160.24,37.0,339.43,37.0,155.42,12.0,518.08,39.0,249.84,179.19,49.0,76.0,32.99145874313562,125,-27.0,51.0,-0.22,158.0,
2025-04-08 08:20:44,161.0,60.0,440.95,38.0,158.0,11.0,522.24,34.0,300.97,279.95,71.0,72.0,48.777183908052336,143,-1.0,18.0,-0.01,161.0,2.0
2025-04-08 08:20:45,161.0,20.0,409.62,24.0,158.0,8.0,447.24,29.0,285.31,248.62,28.0,53.0,45.3543743204546,81,-25.0,-62.0,-0.31,161.0,2.0
2025-04-08 08:20:46,161.0,9.0,316.14,21.0,158.0,6.0,365.95,20.0,238.57,155.14,15.0,41.0,31.557104905233125,56,-26.0,-25.0,-0.46,161.0,1.0
2025-04-08 08:20:47,161.0,6.0,298.0,18.0,158.0,6.0,301.0,24.0,229.5,137.0,12.0,42.0,30.855900084098792,54,-30.0,-2.0,-0.56,161.0,
2025-04-08 08:20:48,161.0,14.0,216.16,43.0,158.14,14.0,274.89,37.0,188.58,55.16,28.0,80.0,45.1609657779804,108,-52.0,54.0,-0.48,161.0,
2025-04-08 08:20:49,118.5,42.0,206.68,38.0,104.13,39.0,258.24,34.0,162.59,88.18,81.0,72.0,47.38004590542289,153,9.0,45.0,0.06,156.6,5.0
2025-04-08 08:20:50,159.23,65.0,187.29,41.0,118.09,57.0,258.49,43.0,173.26,28.06,122.0,84.0,33.880661888458334,206,38.0,53.0,0.18,156.6,
2025-04-08 08:20:51,164.0,40.0,184.0,24.0,162.0,8.0,392.75,24.0,174.0,20.0,48.0,48.0,26.231589353298123,96,0.0,-110.0,0.0,156.6,
2025-04-08 08:20:52,164.0,40.0,181.64,22.0,162.0,8.0,247.38,32.0,172.82,17.639999999999986,48.0,54.0,9.278900796974298,102,-6.0,6.0,-0.06,156.6,
2025-04-08 08:20:53,164.0,40.0,184.0,24.0,162.0,8.0,262.0,35.0,174.0,20.0,48.0,59.0,4.914018721992923,107,-11.0,5.0,-0.1,156.6,
2025-04-08 08:20:54,164.0,41.0,183.0,27.0,162.0,9.0,212.0,36.0,173.5,19.0,50.0,63.0,0.5046583003300207,113,-13.0,6.0,-0.12,164.0,2.0
2025-04-08 08:20:55,163.37,19.0,181.86,21.0,150.57,7.0,211.23,26.0,172.61,18.49000000000001,26.0,47.0,0.6499076858233662,73,-21.0,-40.0,-0.29,163.5,4.0
2025-04-08 08:20:56,162.82,22.0,180.5,24.0,137.6,10.0,243.58,19.0,171.66,17.680000000000007,32.0,43.0,0.893935120740518,75,-11.0,2.0,-0.15,163.5,
2025-04-08 08:20:57,165.0,40.0,178.75,24.0,161.33,12.0,251.0,23.0,171.88,13.75,52.0,47.0,1.010890696412718,99,5.0,24.0,0.05,163.5,
2025-04-08 08:20:58,165.0,12.0,176.08,36.0,161.41,17.0,284.52,29.0,170.54,11.080000000000013,29.0,65.0,1.10413767261848,94,-36.0,-5.0,-0.38,164.33,6.0
2025-04-08 08:20:59,164.12,8.0,173.6,30.0,160.45,11.0,184.1,31.0,168.86,9.47999999999999,19.0,61.0,1.46054784245413,80,-42.0,-14.0,-0.53,164.33,
2025-04-08 08:21:00,166.0,10.0,171.08,36.0,161.7,10.0,172.57,44.0,168.54,5.0800000000000125,20.0,80.0,1.547152222665643,100,-60.0,20.0,-0.6,164.33,
2025-04-08 08:21:01,166.31,13.0,168.59,37.0,162.73,11.0,206.29,45.0,167.45,2.280000000000001,24.0,82.0,1.75136518182278,106,-58.0,6.0,-0.55,167.0,2.0
2025-04-08 08:21:03,163.38,16.0,395.69,35.0,160.0,27.0,438.37,38.0,279.53,232.31,43.0,73.0,83.92818805383547,116,-30.0,36.0,-0.26,162.67,3.0
2025-04-08 08:21:04,159.11,47.0,355.46,46.0,158.74,54.0,356.7,50.0,257.28,196.35,101.0,96.0,77.74770948394514,197,5.0,81.0,0.03,160.0,5.0
2025-04-08 08:21:05,159.0,42.0,246.25,36.0,158.0,28.0,294.27,40.0,202.62,87.25,70.0,76.0,70.58610805250504,146,-6.0,-51.0,-0.04,159.0,3.0
2025-04-08 08:21:06,159.0,45.0,173.46,46.0,158.0,30.0,220.47,36.0,166.23,14.460000000000008,75.0,82.0,70.94972255054925,157,-7.0,11.0,-0.04,160.0,5.0
2025-04-08 08:21:07,159.0,30.0,238.55,20.0,158.0,20.0,240.21,24.0,198.78,79.55000000000001,50.0,44.0,46.29590230247149,94,6.0,-63.0,0.06,160.0,
2025-04-08 08:21:08,159.0,33.0,234.45,20.0,158.0,24.0,235.0,32.0,196.72,75.44999999999999,57.0,52.0,32.965706120148894,109,5.0,15.0,0.05,159.0,1.0
2025-04-08 08:21:09,159.0,20.0,216.96,23.0,158.0,27.0,229.42,26.0,187.98,57.96000000000001,47.0,49.0,14.573252210816015,96,-2.0,-13.0,-0.02,159.0,
2025-04-08 08:21:10,159.0,42.0,209.18,40.0,158.0,101.0,212.64,33.0,184.09,50.18000000000001,143.0,73.0,12.978638218243937,216,70.0,120.0,0.32,159.0,
2025-04-08 08:21:11,159.0,63.0,161.09,33.0,157.5,42.0,172.38,32.0,160.05,2.0900000000000034,105.0,65.0,15.47647343551058,170,40.0,-46.0,0.24,159.0,4.0
2025-04-08 08:21:12,163.45,55.0,200.62,24.0,158.11,63.0,232.0,21.0,182.04,37.170000000000016,118.0,45.0,13.58727456114994,163,73.0,-7.0,0.45,161.0,3.0
2025-04-08 08:21:13,166.0,40.0,211.0,16.0,159.0,40.0,215.0,16.0,188.5,45.0,80.0,32.0,11.762307171642652,112,48.0,-51.0,0.43,161.0,
2025-04-08 08:21:14,166.0,60.0,211.0,24.0,159.0,60.0,238.92,24.0,188.5,45.0,120.0,48.0,11.84662103724416,168,72.0,56.0,0.43,161.0,
2025-04-08 08:21:15,166.0,50.0,210.8,20.0,159.0,50.0,289.0,20.0,188.4,44.80000000000001,100.0,40.0,12.308575059692082,140,60.0,-28.0,0.43,161.0,
2025-04-08 08:21:16,166.0,45.0,207.44,18.0,160.95,37.0,209.11,18.0,186.72,41.44,82.0,36.0,2.783831891487297,118,46.0,-22.0,0.39,161.0,
2025-04-08 08:21:17,166.0,55.0,205.55,22.0,165.0,33.0,207.64,22.0,185.77,39.55000000000001,88.0,44.0,1.2630201898861224,132,44.0,14.0,0.33,161.0,
2025-04-08 08:21:18,166.0,80.0,203.31,32.0,165.0,48.0,204.75,32.0,184.66,37.31,128.0,64.0,1.6655629679065802,192,64.0,60.0,0.33,161.0,
2025-04-08 08:21:19,166.0,30.0,200.17,12.0,165.0,18.0,204.0,12.0,183.08,34.16999999999999,48.0,24.0,2.017295218867162,72,24.0,-120.0,0.33,161.0,
2025-04-08 08:21:20,166.0,40.0,198.0,24.0,165.0,36.0,200.67,24.0,182.0,32.0,76.0,48.0,1.924754529821218,124,28.0,52.0,0.23,166.0,2.0
2025-04-08 08:21:21,164.03,37.0,192.27,30.0,160.88,68.0,196.87,30.0,178.15,28.24000000000001,105.0,60.0,2.941015130881051,165,45.0,41.0,0.27,164.62,8.0
2025-04-08 08:21:22,160.75,24.0,194.89,18.0,158.64,55.0,196.0,18.0,177.82,34.139999999999986,79.0,36.0,3.035460426372742,115,43.0,-50.0,0.37,162.0,2.0
2025-04-08 08:21:23,159.0,50.0,192.3,20.0,158.0,100.0,194.0,20.0,175.65,33.30000000000001,150.0,40.0,3.0986206608875544,190,110.0,75.0,0.58,162.0,
2025-04-08 08:21:24,159.0,65.0,189.92,26.0,158.0,130.0,191.0,26.0,174.46,30.919999999999987,195.0,52.0,2.888413059117966,247,143.0,57.0,0.58,162.0,
2025-04-08 08:21:25,161.73,44.0,187.25,24.0,158.5,80.0,188.33,24.0,174.49,25.52000000000001,124.0,48.0,1.7779285700181129,172,76.0,-75.0,0.44,162.0,
2025-04-08 08:21:26,164.0,42.0,184.5,28.0,159.0,70.0,185.5,28.0,174.25,20.5,112.0,56.0,1.494265705986869,168,56.0,-4.0,0.33,162.0,
2025-04-08 08:21:27,159.22,68.0,182.36,28.0,158.04,135.0,183.43,28.0,170.79,23.14000000000001,203.0,56.0,1.8381294840385056,259,147.0,91.0,0.57,164.0,3.0
2025-04-08 08:21:28,159.95,96.0,179.06,51.0,158.9,105.0,180.18,51.0,169.5,19.110000000000014,201.0,102.0,2.3765668515937994,303,99.0,44.0,0.33,160.0,1.0
2025-04-08 08:21:29,160.18,67.0,174.82,22.0,159.53,95.0,176.85,65.0,167.5,14.639999999999986,162.0,87.0,3.0339133145325023,249,75.0,-54.0,0.3,160.38,8.0
2025-04-08 08:21:30,161.0,13.0,173.2,20.0,160.0,105.0,173.74,19.0,167.1,12.199999999999989,118.0,39.0,2.891741689726266,157,79.0,-92.0,0.5,160.38,
2025-04-08 08:21:31,160.15,54.0,169.72,25.0,158.49,91.0,170.38,21.0,164.93,9.569999999999991,145.0,46.0,2.2645374803931038,191,99.0,34.0,0.52,160.75,4.0
2025-04-08 08:21:32,160.62,58.0,167.18,17.0,158.46,91.0,168.68,22.0,163.9,6.560000000000002,149.0,39.0,2.2106514877086028,188,110.0,-3.0,0.59,160.75,
2025-04-08 08:21:33,162.94,35.0,165.52,21.0,159.81,108.0,168.29,34.0,164.23,2.5800000000000125,143.0,55.0,1.6622785567138345,198,88.0,10.0,0.44,164.0,3.0
2025-04-08 08:21:34,160.3,30.0,163.11,36.0,159.5,84.0,184.0,42.0,161.71,2.8100000000000023,114.0,78.0,1.941811010400644,192,36.0,-6.0,0.19,161.0,1.0
2025-04-08 08:21:35,159.23,81.0,239.66,62.0,157.88,102.0,599.36,53.0,199.45,80.43,183.0,115.0,16.0364640741062,298,68.0,106.0,0.23,159.5,4.0
2025-04-08 08:21:36,158.0,97.0,442.06,32.0,157.0,64.0,531.63,35.0,300.03,284.06,161.0,67.0,59.22904253826865,228,94.0,-70.0,0.41,158.0,1.0
2025-04-08 08:21:37,158.0,61.0,405.7,37.0,157.0,57.0,431.51,39.0,281.85,247.7,118.0,76.0,65.478951427157,194,42.0,-34.0,0.22,158.0,
2025-04-08 08:21:38,158.0,55.0,250.74,42.0,157.0,44.0,301.31,49.0,204.37,92.74,99.0,91.0,58.83240025700098,190,8.0,-4.0,0.04,158.0,
2025-04-08 08:21:39,158.0,35.0,163.86,35.0,157.0,28.0,165.0,28.0,160.93,5.860000000000014,63.0,63.0,59.05763354554574,126,0.0,-64.0,0.0,158.0,
2025-04-08 08:21:40,157.88,33.0,163.0,55.0,152.56,45.0,165.0,44.0,160.44,5.1200000000000045,78.0,99.0,66.14296243743537,177,-21.0,51.0,-0.12,158.0,
2025-04-08 08:21:41,160.94,106.0,162.35,85.0,157.89,36.0,169.88,64.0,161.65,1.4099999999999966,142.0,149.0,52.65801192601228,291,-7.0,114.0,-0.02,161.0,4.0
2025-04-08 08:21:42,158.0,31.0,161.18,55.0,157.0,20.0,280.84,37.0,159.59,3.180000000000007,51.0,92.0,19.565415405764,143,-41.0,-148.0,-0.29,160.25,4.0
2025-04-08 08:21:43,157.75,16.0,158.62,40.0,154.6,20.0,398.25,40.0,158.19,0.8700000000000045,36.0,80.0,1.332028528271341,116,-44.0,-27.0,-0.38,158.0,3.0
2025-04-08 08:21:44,157.0,9.0,350.86,21.0,125.88,32.0,503.44,39.0,253.93,193.86,41.0,60.0,42.04021051327033,101,-19.0,-15.0,-0.19,158.0,5.0
2025-04-08 08:21:45,124.6,15.0,346.0,45.0,88.6,30.0,574.97,39.0,235.3,221.4,45.0,84.0,46.9304338356258,129,-39.0,28.0,-0.3,157.0,1.0
2025-04-08 08:21:46,153.4,30.0,349.64,22.0,94.6,20.0,408.29,28.0,251.52,196.24,50.0,50.0,48.74612117902315,100,0.0,-29.0,0.0,157.0,
2025-04-08 08:21:47,166.0,50.0,254.75,28.0,125.36,33.0,298.0,45.0,210.38,88.75,83.0,73.0,39.60584969420535,156,10.0,56.0,0.06,166.0,3.0
2025-04-08 08:21:48,166.0,13.0,237.65,31.0,109.0,27.0,257.2,30.0,201.82,71.65,40.0,61.0,23.67045415702804,101,-21.0,-55.0,-0.21,166.0,2.0
2025-04-08 08:21:50,136.18,51.0,238.8,30.0,129.26,58.0,240.0,50.0,187.49,102.62,109.0,80.0,30.200183774275683,189,29.0,69.0,0.15,166.0,
2025-04-08 08:21:51,165.26,76.0,238.0,30.0,160.64,110.0,240.0,50.0,201.63,72.74000000000001,186.0,80.0,15.384738216818835,266,106.0,77.0,0.4,166.0,
2025-04-08 08:21:52,166.0,60.0,237.83,18.0,165.0,42.0,240.0,30.0,201.92,71.83000000000001,102.0,48.0,13.560341072408532,150,54.0,-116.0,0.36,166.0,
2025-04-08 08:21:53,166.0,120.0,236.64,42.0,165.0,84.0,239.5,54.0,201.32,70.63999999999999,204.0,96.0,13.478978076992703,300,108.0,150.0,0.36,166.0,
2025-04-08 08:21:54,166.0,114.0,235.31,65.0,165.0,91.0,237.0,39.0,200.65,69.31,205.0,104.0,6.229692608791951,309,101.0,9.0,0.33,166.0,2.0
2025-04-08 08:21:55,166.0,80.0,233.97,36.0,165.0,70.0,234.98,44.0,199.99,67.97,150.0,80.0,0.7804293690216834,230,70.0,-79.0,0.3,166.0,
2025-04-08 08:21:56,166.31,104.0,229.09,53.0,165.43,111.0,230.28,67.0,197.7,62.78,215.0,120.0,1.6311131168724442,335,95.0,105.0,0.28,167.0,4.0
2025-04-08 08:21:57,166.03,72.0,210.51,43.0,165.12,68.0,211.43,35.0,188.27,44.47999999999999,140.0,78.0,5.383096692428936,218,62.0,-117.0,0.28,166.67,3.0
2025-04-08 08:21:58,166.0,56.0,186.12,40.0,165.0,48.0,188.0,24.0,176.06,20.120000000000005,104.0,64.0,10.460919175677184,168,40.0,-50.0,0.24,166.67,
2025-04-08 08:21:59,166.0,35.0,184.19,21.0,165.0,30.0,185.38,21.0,175.1,18.19,65.0,42.0,11.675162953897573,107,23.0,-61.0,0.21,166.67,
2025-04-08 08:22:00,166.0,58.0,182.06,48.0,165.0,96.0,184.0,80.0,174.03,16.060000000000002,154.0,128.0,10.391682731881012,282,26.0,168.0,0.09,166.0,5.0
2025-04-08 08:22:01,166.0,28.0,175.22,60.0,165.0,84.0,176.82,56.0,170.61,9.22,112.0,116.0,6.726561528752003,228,-4.0,-54.0,-0.02,166.0,
2025-04-08 08:22:02,165.18,22.0,171.0,40.0,164.15,78.0,174.21,34.0,168.09,5.819999999999993,100.0,74.0,3.331976890690534,174,26.0,-54.0,0.15,165.4,5.0
2025-04-08 08:22:03,164.6,55.0,169.0,55.0,163.73,133.0,170.18,55.0,166.8,4.400000000000006,188.0,110.0,3.613299046591645,298,78.0,124.0,0.26,165.0,3.0
2025-04-08 08:22:04,164.0,121.0,167.55,55.0,161.0,66.0,168.55,55.0,165.77,3.550000000000012,187.0,110.0,3.3157201329582247,297,77.0,-1.0,0.26,165.0,
2025-04-08 08:22:05,164.0,96.0,165.42,60.0,161.0,72.0,166.42,60.0,164.71,1.4199999999999875,168.0,120.0,2.281727415820943,288,48.0,-9.0,0.17,164.0,8.0
2025-04-08 08:22:06,162.12,48.0,165.42,43.0,160.38,96.0,177.08,53.0,163.77,3.299999999999983,144.0,96.0,1.6992704317183205,240,48.0,-48.0,0.2,164.0,3.0
2025-04-08 08:22:07,161.0,44.0,164.1,50.0,160.0,120.0,166.0,20.0,162.55,3.0999999999999943,164.0,70.0,1.6613548688088378,234,94.0,-6.0,0.4,161.0,4.0
2025-04-08 08:22:08,160.43,42.0,162.81,43.0,159.83,118.0,177.05,38.0,161.62,2.3799999999999955,160.0,81.0,1.6551072473158093,241,79.0,7.0,0.33,161.0,2.0
2025-04-08 08:22:09,160.0,48.0,163.0,20.0,158.0,20.0,226.0,16.0,161.5,3.0,68.0,36.0,1.390089925191668,104,32.0,-137.0,0.31,161.0,
2025-04-08 08:22:10,160.0,75.0,161.75,40.0,158.0,40.0,242.38,32.0,160.88,1.75,115.0,72.0,1.1251355474436076,187,43.0,83.0,0.23,160.0,3.0
2025-04-08 08:22:11,160.67,24.0,349.55,44.0,159.52,42.0,397.11,38.0,255.11,188.88,66.0,82.0,41.80643574857917,148,-16.0,-39.0,-0.11,160.17,6.0
2025-04-08 08:22:12,160.03,31.0,353.82,55.0,158.15,54.0,457.57,42.0,256.93,193.79,85.0,97.0,51.86677520340004,182,-12.0,34.0,-0.07,160.5,2.0
2025-04-08 08:22:13,163.01,103.0,310.04,90.0,158.12,100.0,409.05,87.0,236.53,147.03000000000003,203.0,177.0,49.03677650498651,380,26.0,168.0,0.07,160.0,3.0
2025-04-08 08:22:14,164.0,60.0,288.12,59.0,161.0,48.0,296.8,49.0,226.06,124.12,108.0,108.0,39.20932248840786,216,0.0,-164.0,0.0,160.0,
2025-04-08 08:22:15,164.0,60.0,279.75,60.0,161.0,48.0,300.0,48.0,221.88,115.75,108.0,108.0,16.18023392908571,216,0.0,0.0,0.0,160.0,
2025-04-08 08:22:16,164.0,35.0,278.62,34.0,161.0,28.0,296.21,29.0,221.31,114.62,63.0,63.0,14.937629329982476,126,0.0,-90.0,0.0,160.0,
2025-04-08 08:22:17,164.0,65.0,258.63,54.0,161.0,52.0,263.08,49.0,211.31,94.63,117.0,103.0,9.114788532926848,220,14.0,94.0,0.06,160.0,
2025-04-08 08:22:18,164.0,40.0,237.86,37.0,161.0,32.0,239.62,29.0,200.93,73.86000000000001,72.0,66.0,10.15666136089965,138,6.0,-82.0,0.04,160.0,
2025-04-08 08:22:19,164.0,11.0,232.75,53.0,161.0,44.0,238.56,45.0,198.38,68.75,55.0,98.0,11.013090846806149,153,-43.0,15.0,-0.28,164.0,4.0
2025-04-08 08:22:20,163.31,13.0,185.85,53.0,160.93,43.0,211.52,42.0,174.58,22.539999999999992,56.0,95.0,17.487294530602153,151,-39.0,-2.0,-0.26,162.5,2.0
2025-04-08 08:22:21,160.38,39.0,182.81,43.0,158.55,55.0,184.68,34.0,171.6,22.430000000000007,94.0,77.0,17.398949680944877,171,17.0,20.0,0.1,161.0,3.0
2025-04-08 08:22:22,160.0,39.0,178.09,45.0,158.0,65.0,179.62,40.0,169.04,18.090000000000003,104.0,85.0,15.4412039686053,189,19.0,18.0,0.1,161.0,
2025-04-08 08:22:23,158.0,45.0,175.25,32.0,157.0,44.0,176.37,51.0,166.62,17.25,89.0,83.0,12.832158041424217,172,6.0,-17.0,0.03,160.0,3.0
2025-04-08 08:22:24,159.88,16.0,172.12,50.0,157.79,38.0,173.11,18.0,166.0,12.240000000000007,54.0,68.0,3.568938217467973,122,-14.0,-50.0,-0.11,160.0,
2025-04-08 08:22:25,163.86,14.0,169.73,60.0,158.92,26.0,170.84,62.0,166.8,5.869999999999976,40.0,122.0,2.3122110630535304,162,-82.0,40.0,-0.51,160.0,
2025-04-08 08:22:26,162.38,29.0,165.09,34.0,159.36,44.0,168.23,56.0,163.73,2.710000000000008,73.0,90.0,1.901294296028616,163,-17.0,1.0,-0.1,166.0,1.0
2025-04-08 08:22:27,161.0,122.0,162.0,42.0,159.0,42.0,167.14,22.0,161.5,1.0,164.0,64.0,2.275016483481942,228,100.0,65.0,0.44,161.0,3.0
2025-04-08 08:22:28,162.48,27.0,170.0,55.0,160.92,73.0,244.0,44.0,166.24,7.52000000000001,100.0,99.0,2.2098597240808573,199,1.0,-29.0,0.01,162.0,3.0
2025-04-08 08:22:29,161.33,36.0,169.1,50.0,158.33,126.0,244.0,40.0,165.22,7.769999999999982,162.0,90.0,2.1349988290664457,252,72.0,53.0,0.29,162.2,5.0
2025-04-08 08:22:30,161.0,48.0,167.42,60.0,158.12,96.0,244.0,45.0,164.21,6.419999999999988,144.0,105.0,1.7826244697401363,249,39.0,-3.0,0.16,162.2,
2025-04-08 08:22:31,161.0,40.0,166.2,50.0,159.0,20.0,244.0,30.0,163.6,5.199999999999989,60.0,80.0,1.7917533312697822,140,-20.0,-109.0,-0.14,162.2,
2025-04-08 08:22:32,161.0,20.0,164.8,25.0,159.0,10.0,287.2,15.0,162.9,3.8000000000000114,30.0,40.0,1.3208254994948063,70,-10.0,-70.0,-0.14,162.2,
2025-04-08 08:22:33,160.57,46.0,163.28,61.0,158.2,88.0,197.5,60.0,161.92,2.710000000000008,134.0,121.0,1.2554282138448665,255,13.0,168.0,0.05,161.0,4.0
2025-04-08 08:22:34,161.0,31.0,163.57,35.0,159.0,14.0,298.0,21.0,162.29,2.569999999999993,45.0,56.0,0.935857895259252,101,-11.0,-154.0,-0.11,161.0,2.0
2025-04-08 08:22:35,161.0,30.0,265.26,34.0,158.11,36.0,334.81,37.0,213.13,104.26,66.0,71.0,22.57204177738684,137,-5.0,36.0,-0.04,161.0,
2025-04-08 08:22:36,161.0,49.0,227.54,52.0,158.0,117.0,256.83,46.0,194.27,66.53999999999999,166.0,98.0,23.60160100501834,264,68.0,127.0,0.26,161.0,
2025-04-08 08:22:37,158.8,98.0,223.24,34.0,157.41,176.0,224.16,62.0,191.02,64.44,274.0,96.0,22.140332653329075,370,178.0,106.0,0.48,161.0,4.0
2025-04-08 08:22:38,161.22,58.0,220.92,48.0,158.93,76.0,222.08,48.0,191.07,59.69999999999999,134.0,96.0,18.18395941482645,230,38.0,-140.0,0.17,162.67,6.0
2025-04-08 08:22:39,162.23,26.0,219.36,22.0,160.13,31.0,220.8,40.0,190.8,57.13000000000002,57.0,62.0,9.650884415432698,119,-5.0,-111.0,-0.04,162.67,
2025-04-08 08:22:40,161.0,26.0,216.96,50.0,160.0,39.0,217.86,28.0,188.98,55.96000000000001,65.0,78.0,1.907791917388644,143,-13.0,24.0,-0.09,162.67,
2025-04-08 08:22:41,161.0,24.0,214.93,28.0,160.0,36.0,216.21,38.0,187.96,53.93000000000001,60.0,66.0,1.4161144021781902,126,-6.0,-17.0,-0.05,162.67,
2025-04-08 08:22:42,161.0,24.0,210.5,28.0,160.0,36.0,211.27,30.0,185.75,49.5,60.0,58.0,2.1869316404631958,118,2.0,-8.0,0.02,162.67,
2025-04-08 08:22:43,161.0,20.0,206.15,26.0,160.0,30.0,208.54,26.0,183.58,45.150000000000006,50.0,52.0,2.814423564437785,102,-2.0,-16.0,-0.02,162.67,
2025-04-08 08:22:44,160.58,38.0,194.62,39.0,158.37,131.0,198.23,62.0,177.6,34.03999999999999,169.0,101.0,4.519002102242165,270,68.0,168.0,0.25,161.2,5.0
2025-04-08 08:22:45,164.15,47.0,171.6,40.0,158.79,66.0,175.38,48.0,167.87,7.449999999999989,113.0,88.0,8.071769942217099,201,25.0,-69.0,0.12,161.2,
2025-04-08 08:22:46,165.0,28.0,167.17,24.0,160.0,20.0,168.29,34.0,166.08,2.1699999999999875,48.0,58.0,8.936264879696111,106,-10.0,-95.0,-0.09,165.0,2.0
2025-04-08 08:22:47,160.19,27.0,167.29,21.0,158.03,132.0,175.0,54.0,163.74,7.099999999999994,159.0,75.0,8.448844891468942,234,84.0,128.0,0.36,165.0,1.0
2025-04-08 08:22:48,158.0,63.0,165.67,9.0,157.0,36.0,168.0,36.0,161.83,7.6699999999999875,99.0,45.0,6.132310331360545,144,54.0,-90.0,0.38,158.8,5.0
2025-04-08 08:22:49,158.0,77.0,166.56,41.0,157.0,44.0,224.67,24.0,162.28,8.560000000000002,121.0,65.0,2.5685696408933056,186,56.0,42.0,0.3,165.0,1.0
2025-04-08 08:22:50,158.0,51.0,166.0,32.0,157.0,32.0,380.88,25.0,162.0,8.0,83.0,57.0,1.785239479767802,140,26.0,-46.0,0.19,165.0,
2025-04-08 08:22:51,159.51,35.0,165.11,36.0,157.72,39.0,210.64,59.0,162.31,5.600000000000023,74.0,95.0,0.7579379922681243,169,-21.0,29.0,-0.12,163.0,7.0
2025-04-08 08:22:52,161.0,24.0,192.3,40.0,159.0,12.0,258.16,44.0,176.65,31.30000000000001,36.0,84.0,6.507782264344527,120,-48.0,-49.0,-0.4,161.0,2.0
2025-04-08 08:22:53,161.0,8.0,325.23,26.0,159.0,56.0,467.69,32.0,243.12,164.23000000000002,64.0,58.0,35.13616897158934,122,6.0,2.0,0.05,161.0,
2025-04-08 08:22:54,159.0,12.0,205.0,18.0,158.0,12.0,267.41,22.0,182.0,46.0,24.0,40.0,33.54198756782412,64,-16.0,-58.0,-0.25,159.29,7.0
2025-04-08 08:22:55,157.1,20.0,206.18,34.0,155.5,12.0,237.63,38.0,181.64,49.08000000000001,32.0,72.0,31.212653363661,104,-40.0,40.0,-0.38,158.0,4.0
2025-04-08 08:22:58,122.2,30.0,173.86,14.0,35.8,35.0,234.57,21.0,148.03,51.66000000000001,65.0,35.0,26.586095614063744,100,30.0,-37.0,0.3,158.0,
2025-04-08 08:23:02,149.57,35.0,251.73,52.0,77.06,62.0,329.96,47.0,200.65,102.16,97.0,99.0,31.148294977416636,196,-2.0,3.0,-0.01,153.67,6.0
2025-04-08 08:23:03,165.0,14.0,248.29,28.0,161.0,21.0,250.0,35.0,206.64,83.28999999999999,35.0,63.0,41.04761405977371,98,-28.0,-98.0,-0.29,153.67,
2025-04-08 08:23:04,165.0,16.0,248.0,44.0,161.0,33.0,251.46,37.0,206.5,83.0,49.0,81.0,42.221757069076354,130,-32.0,32.0,-0.25,165.0,1.0
2025-04-08 08:23:05,165.0,11.0,247.36,44.0,161.0,33.0,252.0,33.0,206.18,82.36000000000001,44.0,77.0,35.73249599454349,121,-33.0,-9.0,-0.27,165.0,
2025-04-08 08:23:06,165.0,6.0,245.83,24.0,161.0,18.0,293.2,10.0,205.42,80.83000000000001,24.0,34.0,2.519944443838382,58,-10.0,-63.0,-0.17,165.0,
2025-04-08 08:23:07,165.0,8.0,245.0,32.0,161.0,24.0,419.2,10.0,205.0,80.0,32.0,42.0,0.7097323439368355,74,-10.0,16.0,-0.14,165.0,
2025-04-08 08:23:08,164.45,11.0,238.57,28.0,161.9,30.0,365.11,28.0,201.51,74.12,41.0,56.0,1.9980290288262412,97,-15.0,23.0,-0.15,163.5,2.0
2025-04-08 08:23:09,162.0,56.0,245.0,52.0,161.0,39.0,614.31,13.0,203.5,83.0,95.0,65.0,1.8507079726509152,160,30.0,63.0,0.19,163.5,
2025-04-08 08:23:10,162.0,65.0,243.58,48.0,161.0,36.0,657.67,12.0,202.79,81.58000000000001,101.0,60.0,1.6044407125335451,161,41.0,1.0,0.25,163.5,
2025-04-08 08:23:11,162.0,17.0,243.0,28.0,161.0,21.0,339.86,7.0,202.5,81.0,38.0,35.0,1.2986723990431426,73,3.0,-88.0,0.04,162.0,1.0
2025-04-08 08:23:12,162.0,16.0,242.12,32.0,161.0,48.0,383.36,11.0,202.06,80.12,64.0,43.0,0.7506463881467759,107,21.0,34.0,0.2,162.0,
2025-04-08 08:23:13,162.0,18.0,238.89,36.0,161.0,99.0,240.22,36.0,200.44,76.88999999999999,117.0,72.0,1.1432934881465364,189,45.0,82.0,0.24,162.0,
2025-04-08 08:23:14,162.0,12.0,234.0,21.0,161.0,50.0,237.67,24.0,198.0,72.0,62.0,45.0,1.985351354305012,107,17.0,-82.0,0.16,162.0,
2025-04-08 08:23:15,162.0,22.0,191.68,38.0,161.0,33.0,227.26,35.0,176.84,29.680000000000007,55.0,73.0,10.837293019940562,128,-18.0,21.0,-0.14,162.0,
2025-04-08 08:23:16,162.2,20.0,178.82,44.0,161.14,28.0,186.81,42.0,170.51,16.620000000000005,48.0,86.0,14.752613327816428,134,-38.0,6.0,-0.28,162.0,
2025-04-08 08:23:17,164.79,38.0,172.76,50.0,161.13,31.0,175.23,52.0,168.77,7.969999999999999,69.0,102.0,15.211455222958843,171,-33.0,37.0,-0.19,163.0,7.0
2025-04-08 08:23:18,167.0,48.0,172.5,32.0,161.0,16.0,512.5,20.0,169.75,5.5,64.0,52.0,12.279919788015553,116,12.0,-55.0,0.1,163.0,
2025-04-08 08:23:19,167.0,54.0,170.44,54.0,161.0,30.0,307.5,64.0,168.72,3.4399999999999977,84.0,118.0,3.392855729339108,202,-34.0,86.0,-0.17,167.0,6.0
2025-04-08 08:23:20,161.0,22.0,166.06,32.0,159.0,98.0,167.84,38.0,163.53,5.060000000000002,120.0,70.0,2.7444088616886626,190,50.0,-12.0,0.26,161.0,1.0
2025-04-08 08:23:21,159.04,100.0,163.54,26.0,158.07,205.0,165.56,41.0,161.29,4.5,305.0,67.0,3.760654198423393,372,238.0,168.0,0.64,162.33,3.0
2025-04-08 08:23:22,159.0,85.0,160.8,50.0,158.0,203.0,162.5,32.0,159.9,1.8000000000000114,288.0,82.0,4.406832195593961,370,206.0,-2.0,0.56,159.0,4.0
2025-04-08 08:23:23,158.49,83.0,182.47,43.0,140.11,152.0,359.2,20.0,170.48,23.97999999999999,235.0,63.0,4.625216751691005,298,172.0,-72.0,0.58,159.57,7.0
2025-04-08 08:23:25,162.97,29.0,381.0,16.0,160.21,66.0,686.0,16.0,271.98,218.03,95.0,32.0,80.84482253057392,127,63.0,-168.0,0.5,163.33,9.0
2025-04-08 08:23:26,166.0,13.0,296.69,26.0,162.0,91.0,707.77,26.0,231.35,130.69,104.0,52.0,73.81859298306871,156,52.0,29.0,0.33,163.33,
2025-04-08 08:23:27,166.0,6.0,167.0,12.0,162.0,42.0,690.17,12.0,166.5,1.0,48.0,24.0,72.19569426219238,72,24.0,-84.0,0.33,163.33,
2025-04-08 08:23:28,166.0,9.0,371.22,18.0,162.0,63.0,738.0,18.0,268.61,205.22000000000003,72.0,36.0,62.76677807566605,108,36.0,36.0,0.33,163.33,
2025-04-08 08:23:29,166.0,9.0,297.0,20.0,164.32,31.0,456.33,18.0,231.5,131.0,40.0,38.0,42.45543039470879,78,2.0,-30.0,0.03,163.33,
2025-04-08 08:23:30,164.55,22.0,177.25,48.0,161.51,35.0,193.33,24.0,170.9,12.699999999999989,57.0,72.0,43.88372329235532,129,-15.0,51.0,-0.12,164.4,5.0
2025-04-08 08:23:31,160.59,44.0,177.0,44.0,158.08,76.0,298.84,25.0,168.8,16.409999999999997,120.0,69.0,46.45997976753797,189,51.0,60.0,0.27,164.4,
2025-04-08 08:23:32,162.0,33.0,177.0,44.0,160.0,11.0,467.57,49.0,169.5,15.0,44.0,93.0,45.91499450070789,137,-49.0,-52.0,-0.36,164.4,
2025-04-08 08:23:33,162.0,27.0,176.33,36.0,160.0,9.0,357.55,33.0,169.17,14.330000000000013,36.0,69.0,27.69727206784238,105,-33.0,-32.0,-0.31,164.4,
2025-04-08 08:23:34,158.62,77.0,174.11,36.0,104.78,36.0,523.67,45.0,166.37,15.490000000000007,113.0,81.0,1.6456214631901347,194,32.0,89.0,0.16,160.8,5.0
2025-04-08 08:23:35,158.0,52.0,172.0,16.0,111.86,28.0,541.0,20.0,165.0,14.0,80.0,36.0,1.977794225928169,116,44.0,-78.0,0.38,160.8,
2025-04-08 08:23:36,158.0,169.0,169.85,52.0,123.6,55.0,350.72,36.0,163.92,11.849999999999994,224.0,88.0,2.481223488546955,312,136.0,168.0,0.44,160.8,
2025-04-08 08:23:37,165.0,44.0,168.18,44.0,158.0,143.0,169.45,44.0,166.59,3.180000000000007,187.0,88.0,1.9773593502746247,275,99.0,-37.0,0.36,160.8,
2025-04-08 08:23:38,159.32,127.0,168.12,68.0,139.71,150.0,310.14,70.0,163.72,8.800000000000011,277.0,138.0,1.335833073449335,415,139.0,140.0,0.33,161.5,8.0
2025-04-08 08:23:39,158.0,61.0,169.0,28.0,108.56,55.0,278.0,35.0,163.5,11.0,116.0,63.0,1.27987499394372,179,53.0,-168.0,0.3,158.0,1.0
2025-04-08 08:23:40,158.0,43.0,169.0,24.0,111.17,66.0,278.0,30.0,163.5,11.0,109.0,54.0,1.321960665119481,163,55.0,-16.0,0.34,158.0,1.0
2025-04-08 08:23:41,158.0,48.0,168.56,36.0,127.0,99.0,268.56,45.0,163.28,10.560000000000002,147.0,81.0,1.3906185674452347,228,66.0,65.0,0.29,158.0,3.0
2025-04-08 08:23:42,159.82,44.0,168.0,64.0,131.63,90.0,205.33,49.0,163.91,8.180000000000007,134.0,113.0,0.2404578967817054,247,21.0,19.0,0.09,158.0,
2025-04-08 08:23:43,162.0,20.0,166.4,40.0,158.0,40.0,194.33,27.0,164.2,4.400000000000006,60.0,67.0,0.3701621268099424,127,-7.0,-120.0,-0.06,158.0,
2025-04-08 08:23:44,162.96,98.0,164.43,28.0,160.22,18.0,170.0,14.0,163.69,1.4699999999999989,116.0,42.0,0.3568332945849838,158,74.0,31.0,0.47,158.0,
2025-04-08 08:23:45,163.0,180.0,315.45,22.0,162.0,18.0,521.82,28.0,239.23,152.45,198.0,50.0,33.74840840691734,248,148.0,90.0,0.6,163.0,4.0
2025-04-08 08:23:46,163.0,140.0,325.12,17.0,162.0,14.0,336.9,20.0,244.06,162.12,154.0,37.0,42.59905832292603,191,117.0,-57.0,0.61,163.0,
2025-04-08 08:23:47,163.51,86.0,294.58,38.0,163.31,70.0,300.28,53.0,229.05,131.07,156.0,91.0,40.62186763308678,247,65.0,56.0,0.26,163.0,
2025-04-08 08:23:48,167.38,13.0,210.21,56.0,166.0,26.0,268.31,35.0,188.8,42.83000000000001,39.0,91.0,35.097896375709055,130,-52.0,-117.0,-0.4,163.0,
2025-04-08 08:23:49,168.0,12.0,179.33,30.0,166.0,24.0,231.49,39.0,173.67,11.330000000000013,36.0,69.0,31.71585045367705,105,-33.0,-25.0,-0.31,163.0,
2025-04-08 08:23:50,168.0,12.0,182.0,24.0,166.0,24.0,192.0,60.0,175.0,14.0,36.0,84.0,32.4287978500597,120,-48.0,15.0,-0.4,163.0,
2025-04-08 08:23:51,168.0,12.0,180.67,36.0,166.58,24.0,181.33,36.0,174.33,12.669999999999987,36.0,72.0,23.700294301971653,108,-36.0,-12.0,-0.33,163.0,
2025-04-08 08:23:52,168.0,14.0,179.17,48.0,166.86,28.0,180.44,36.0,173.58,11.169999999999987,42.0,84.0,6.578854763566078,126,-42.0,18.0,-0.33,163.0,
2025-04-08 08:23:53,168.0,15.0,177.9,40.0,166.97,58.0,178.96,50.0,172.95,9.900000000000006,73.0,90.0,0.7830261809822381,163,-17.0,37.0,-0.1,163.0,
2025-04-08 08:23:54,166.1,21.0,175.64,44.0,165.11,74.0,178.0,22.0,170.87,9.539999999999992,95.0,66.0,1.5847807419655835,161,29.0,-2.0,0.18,167.2,5.0
2025-04-08 08:23:55,166.0,16.0,173.23,26.0,165.0,56.0,175.7,20.0,169.62,7.22999999999999,72.0,46.0,1.962434712317216,118,26.0,-43.0,0.22,167.2,
2025-04-08 08:23:56,165.09,89.0,170.0,32.0,163.3,184.0,173.57,56.0,167.54,4.909999999999997,273.0,88.0,2.4654147724289266,361,185.0,168.0,0.51,165.0,1.0
2025-04-08 08:23:57,165.54,91.0,168.0,46.0,163.63,133.0,171.63,38.0,166.77,2.460000000000008,224.0,84.0,2.503787131549714,308,140.0,-53.0,0.45,165.0,
2025-04-08 08:23:58,166.0,105.0,167.0,68.0,165.0,102.0,181.19,32.0,166.5,1.0,207.0,100.0,1.9037988339415035,307,107.0,-1.0,0.35,166.0,4.0
2025-04-08 08:23:59,165.65,46.0,167.0,56.0,164.07,112.0,298.13,15.0,166.33,1.3499999999999943,158.0,71.0,1.3498407313898937,229,87.0,-78.0,0.38,165.6,5.0
2025-04-08 08:24:00,165.0,52.0,166.15,52.0,163.0,169.0,173.52,46.0,165.58,1.1500000000000057,221.0,98.0,0.7106546278757051,319,123.0,90.0,0.39,165.6,
2025-04-08 08:24:01,163.04,199.0,166.94,64.0,162.22,58.0,218.0,26.0,164.99,3.9000000000000057,257.0,90.0,0.7318674744257937,347,167.0,28.0,0.48,165.0,4.0
2025-04-08 08:24:02,163.0,77.0,167.0,36.0,162.0,27.0,290.56,9.0,165.0,4.0,104.0,45.0,0.7147377142163601,149,59.0,-168.0,0.4,163.0,5.0
2025-04-08 08:24:03,163.0,112.0,166.55,51.0,162.0,42.0,191.84,31.0,164.77,3.550000000000012,154.0,82.0,0.6325582978066473,236,72.0,87.0,0.31,163.0,
2025-04-08 08:24:04,163.0,96.0,164.75,48.0,162.0,36.0,165.69,39.0,163.88,1.75,132.0,87.0,0.6168711373740768,219,45.0,-17.0,0.21,163.0,4.0
2025-04-08 08:24:05,162.62,32.0,164.27,44.0,161.71,21.0,166.0,33.0,163.45,1.6500000000000057,53.0,77.0,0.7099788730139612,130,-24.0,-89.0,-0.18,162.8,5.0
2025-04-08 08:24:06,161.15,13.0,162.9,31.0,158.95,22.0,214.88,41.0,162.03,1.75,35.0,72.0,1.1873626236864276,107,-37.0,-23.0,-0.35,160.6,5.0
2025-04-08 08:24:07,158.52,21.0,161.0,19.0,157.96,57.0,163.45,40.0,159.76,2.4799999999999898,78.0,59.0,1.9558808757513595,137,19.0,30.0,0.14,158.25,4.0
2025-04-08 08:24:08,150.0,24.0,167.15,13.0,126.39,18.0,249.86,29.0,158.58,17.150000000000006,42.0,42.0,2.307260280101194,84,0.0,-53.0,0.0,158.5,4.0
2025-04-08 08:24:09,133.64,25.0,173.57,21.0,101.6,15.0,319.67,27.0,153.61,39.93000000000001,40.0,48.0,3.7950138339849584,88,-8.0,4.0,-0.09,158.5,
2025-04-08 08:24:10,155.5,16.0,172.8,30.0,129.2,20.0,276.4,10.0,164.15,17.30000000000001,36.0,40.0,3.9859164567432814,76,-4.0,-12.0,-0.05,163.0,3.0
2025-04-08 08:24:11,164.24,34.0,171.58,36.0,162.69,13.0,265.67,12.0,167.91,7.340000000000003,47.0,48.0,5.465360921305586,95,-1.0,19.0,-0.01,163.0,
2025-04-08 08:24:12,164.5,16.0,170.2,30.0,161.86,14.0,176.75,20.0,167.35,5.699999999999989,30.0,50.0,6.118610953486974,80,-20.0,-15.0,-0.25,165.0,3.0
2025-04-08 08:24:13,163.0,8.0,170.0,32.0,162.0,32.0,171.0,24.0,166.5,7.0,40.0,56.0,5.930622227062454,96,-16.0,16.0,-0.17,165.0,
2025-04-08 08:24:14,163.0,12.0,167.84,43.0,162.0,48.0,169.54,41.0,165.42,4.840000000000003,60.0,84.0,1.5104403331882943,144,-24.0,48.0,-0.17,165.0,
2025-04-08 08:24:15,162.16,19.0,166.27,55.0,160.49,94.0,167.4,50.0,164.22,4.110000000000014,113.0,105.0,1.4860518160959086,218,8.0,74.0,0.04,165.0,
2025-04-08 08:24:16,161.03,62.0,165.7,40.0,159.69,128.0,229.81,32.0,163.37,4.669999999999988,190.0,72.0,1.62190320306855,262,118.0,44.0,0.45,160.5,4.0
2025-04-08 08:24:17,162.0,50.0,164.7,40.0,159.0,171.0,433.5,10.0,163.35,2.6999999999999886,221.0,50.0,1.369149371005915,271,171.0,9.0,0.63,160.5,
2025-04-08 08:24:18,160.09,85.0,162.83,48.0,146.74,186.0,547.17,36.0,161.46,2.740000000000009,271.0,84.0,1.4478708506383573,355,187.0,84.0,0.53,162.0,5.0
2025-04-08 08:24:20,166.0,40.0,240.5,40.0,161.29,56.0,474.12,8.0,203.25,74.5,96.0,48.0,75.51798381842585,144,48.0,-135.0,0.33,162.0,
2025-04-08 08:24:21,166.0,45.0,304.56,45.0,165.0,72.0,430.67,9.0,235.28,138.56,117.0,54.0,72.21534829937465,171,63.0,27.0,0.37,162.0,
2025-04-08 08:24:22,166.0,30.0,319.0,30.0,165.0,48.0,462.33,6.0,242.5,153.0,78.0,36.0,64.98210392100242,114,42.0,-57.0,0.37,162.0,
2025-04-08 08:24:23,165.9,78.0,422.43,23.0,164.96,114.0,569.3,37.0,294.17,256.53,192.0,60.0,52.95785843479604,252,132.0,138.0,0.52,166.0,5.0
2025-04-08 08:24:24,165.0,37.0,203.06,16.0,163.0,12.0,282.0,8.0,184.03,38.06,49.0,24.0,42.17132355048832,73,25.0,-168.0,0.34,165.0,5.0
2025-04-08 08:24:25,165.0,24.0,260.5,24.0,163.0,16.0,436.5,22.0,212.75,95.5,40.0,46.0,40.75094514241315,86,-6.0,13.0,-0.07,165.0,
2025-04-08 08:24:26,165.0,12.0,437.5,10.0,163.0,8.0,487.4,10.0,301.25,272.5,20.0,20.0,50.809907498439074,40,0.0,-46.0,0.0,165.0,
2025-04-08 08:24:27,164.56,27.0,426.57,14.0,162.48,29.0,494.31,16.0,295.56,262.01,56.0,30.0,55.0175083041745,86,26.0,46.0,0.3,165.0,3.0
2025-04-08 08:24:29,162.12,51.0,395.4,50.0,161.14,105.0,528.1,48.0,278.76,233.28,156.0,98.0,48.63967341584275,254,58.0,129.0,0.23,165.0,
2025-04-08 08:24:30,162.85,103.0,193.56,63.0,160.91,97.0,196.39,62.0,178.2,30.710000000000008,200.0,125.0,62.35788185947192,325,75.0,71.0,0.23,165.0,
2025-04-08 08:24:31,167.0,70.0,177.47,60.0,163.12,100.0,180.03,65.0,172.23,10.47,170.0,125.0,76.53417308627512,295,45.0,-30.0,0.15,165.0,
2025-04-08 08:24:32,167.33,45.0,176.0,36.0,166.56,27.0,178.0,45.0,171.67,8.669999999999987,72.0,81.0,79.8441736759795,153,-9.0,-142.0,-0.06,168.0,5.0
2025-04-08 08:24:33,166.68,44.0,174.48,58.0,163.53,68.0,176.78,59.0,170.58,7.799999999999983,112.0,117.0,47.31421847605709,229,-5.0,76.0,-0.02,167.0,5.0
2025-04-08 08:24:34,163.27,44.0,173.5,50.0,162.44,32.0,175.0,40.0,168.39,10.22999999999999,76.0,90.0,3.654494493102276,166,-14.0,-63.0,-0.08,164.2,5.0
2025-04-08 08:24:35,163.0,45.0,172.38,39.0,162.0,18.0,173.57,42.0,167.69,9.379999999999995,63.0,81.0,1.997728710340774,144,-18.0,-22.0,-0.12,164.2,
2025-04-08 08:24:36,163.0,50.0,171.17,48.0,162.0,20.0,172.24,42.0,167.08,8.169999999999987,70.0,90.0,1.959992346955013,160,-20.0,16.0,-0.12,164.2,
2025-04-08 08:24:37,163.0,75.0,170.18,68.0,162.0,30.0,171.09,67.0,166.59,7.180000000000007,105.0,135.0,1.5586308094364776,240,-30.0,80.0,-0.12,164.2,
2025-04-08 08:24:38,163.0,50.0,166.21,42.0,162.0,20.0,167.27,48.0,164.61,3.210000000000008,70.0,90.0,1.432906137933451,160,-20.0,-80.0,-0.12,164.2,
2025-04-08 08:24:39,163.0,75.0,165.45,55.0,162.0,30.0,253.65,46.0,164.23,2.4499999999999886,105.0,101.0,1.5352198540043962,206,4.0,46.0,0.02,165.0,4.0
2025-04-08 08:24:40,163.0,47.0,203.28,18.0,162.0,30.0,572.54,52.0,183.14,40.28,77.0,70.0,7.927398690624949,147,7.0,-59.0,0.05,163.0,4.0
2025-04-08 08:24:41,161.93,15.0,319.78,36.0,159.57,74.0,322.82,44.0,240.86,157.84999999999997,89.0,80.0,32.80117116811668,169,9.0,22.0,0.05,162.33,3.0
2025-04-08 08:24:42,161.0,24.0,221.54,39.0,159.0,180.0,251.67,45.0,191.27,60.53999999999999,204.0,84.0,31.37363016930107,288,120.0,119.0,0.42,162.33,
2025-04-08 08:24:43,159.7,46.0,188.65,37.0,158.58,152.0,193.21,42.0,174.17,28.950000000000017,198.0,79.0,29.78002736734932,277,119.0,-11.0,0.43,159.8,5.0
2025-04-08 08:24:44,167.0,12.0,186.86,28.0,159.0,108.0,187.4,20.0,176.93,19.860000000000014,120.0,48.0,27.40086914680023,168,72.0,-109.0,0.43,159.8,
2025-04-08 08:24:45,167.0,13.0,183.34,29.0,159.0,201.0,184.74,23.0,175.17,16.340000000000003,214.0,52.0,28.35305627265026,266,162.0,98.0,0.61,159.8,
2025-04-08 08:24:46,167.0,14.0,177.95,20.0,159.0,322.0,180.36,36.0,172.47,10.949999999999989,336.0,56.0,7.59105526261685,392,280.0,126.0,0.71,159.8,
2025-04-08 08:24:47,159.38,169.0,173.53,15.0,158.96,191.0,176.0,45.0,166.46,14.150000000000006,360.0,60.0,4.017685901126907,420,300.0,28.0,0.71,167.0,1.0
2025-04-08 08:24:48,159.0,345.0,170.6,20.0,158.0,15.0,175.29,35.0,164.8,11.599999999999994,360.0,55.0,5.329833956148928,415,305.0,-5.0,0.73,167.0,
2025-04-08 08:24:49,159.27,147.0,168.12,51.0,158.98,264.0,170.0,34.0,163.69,8.849999999999994,411.0,85.0,5.030802122934683,496,326.0,81.0,0.66,161.0,3.0
2025-04-08 08:24:50,159.0,220.0,167.0,30.0,158.0,10.0,170.0,20.0,163.0,8.0,230.0,50.0,3.8017535427917664,280,180.0,-168.0,0.64,161.0,
2025-04-08 08:24:51,159.0,308.0,165.03,29.0,158.0,14.0,166.37,30.0,162.02,6.030000000000001,322.0,59.0,1.7108418980532714,381,263.0,101.0,0.69,159.0,4.0
2025-04-08 08:24:52,159.86,56.0,161.58,24.0,159.04,97.0,211.46,39.0,160.72,1.7199999999999989,153.0,63.0,1.5617554226373347,216,90.0,-165.0,0.42,160.0,4.0
2025-04-08 08:24:53,160.33,12.0,188.8,25.0,158.99,70.0,262.0,36.0,174.57,28.47,82.0,61.0,5.574491008166805,143,21.0,-73.0,0.15,162.0,2.0
2025-04-08 08:24:54,160.0,17.0,234.05,44.0,158.0,12.0,242.3,54.0,197.02,74.05000000000001,29.0,98.0,15.321702907970684,127,-69.0,-16.0,-0.54,162.0,
2025-04-08 08:24:55,164.47,47.0,232.79,19.0,162.0,47.0,233.68,37.0,198.63,68.32,94.0,56.0,18.380211369842865,150,38.0,23.0,0.25,162.0,
2025-04-08 08:24:56,166.0,45.0,227.53,32.0,162.4,75.0,231.74,19.0,196.77,61.53,120.0,51.0,17.07062301148043,171,69.0,21.0,0.4,162.0,
2025-04-08 08:24:57,166.0,65.0,194.36,28.0,160.0,65.0,230.23,43.0,180.18,28.360000000000014,130.0,71.0,11.208319677814169,201,59.0,30.0,0.29,162.0,
2025-04-08 08:24:58,166.0,50.0,199.5,40.0,160.0,50.0,213.88,34.0,182.75,33.5,100.0,74.0,8.843932948641823,174,26.0,-27.0,0.15,162.0,
2025-04-08 08:24:59,166.0,48.0,193.39,46.0,160.0,60.0,194.25,40.0,179.7,27.389999999999983,108.0,86.0,9.310458098293568,194,22.0,20.0,0.11,166.0,4.0
2025-04-08 08:25:00,166.0,12.0,188.44,34.0,160.0,60.0,189.71,38.0,177.22,22.44,72.0,72.0,7.768547483287334,144,0.0,-50.0,0.0,166.0,
2025-04-08 08:25:01,166.0,17.0,180.34,59.0,160.0,85.0,180.95,75.0,173.17,14.340000000000003,102.0,134.0,3.6165632857867234,236,-32.0,92.0,-0.14,166.0,
2025-04-08 08:25:02,162.05,41.0,177.23,39.0,159.47,34.0,178.33,45.0,169.64,15.179999999999978,75.0,84.0,5.195414324200256,159,-9.0,-77.0,-0.06,162.0,3.0
2025-04-08 08:25:03,163.0,56.0,172.92,60.0,161.0,14.0,174.81,36.0,167.96,9.919999999999987,70.0,96.0,4.949022125643789,166,-26.0,7.0,-0.16,162.0,
2025-04-08 08:25:04,161.47,38.0,169.71,62.0,158.41,63.0,170.7,40.0,165.59,8.240000000000009,101.0,102.0,4.564901970482836,203,-1.0,37.0,-0.0,162.62,8.0
2025-04-08 08:25:05,160.96,56.0,167.46,39.0,159.6,30.0,168.0,21.0,164.21,6.5,86.0,60.0,3.518782459903403,146,26.0,-57.0,0.18,161.0,4.0
2025-04-08 08:25:06,161.0,33.0,162.62,29.0,160.0,22.0,164.77,31.0,161.81,1.6200000000000043,55.0,60.0,3.0779327478242444,115,-5.0,-31.0,-0.04,161.0,1.0
2025-04-08 08:25:07,158.96,28.0,161.44,25.0,157.97,34.0,161.85,27.0,160.2,2.4799999999999898,62.0,52.0,3.0610178046089795,114,10.0,-1.0,0.09,159.57,7.0
2025-04-08 08:25:08,157.2,30.0,159.0,8.0,154.23,26.0,409.27,30.0,158.1,1.8000000000000114,56.0,38.0,3.0106760038465783,94,18.0,-20.0,0.19,158.0,3.0
2025-04-08 08:25:09,151.67,55.0,358.14,28.0,144.33,30.0,501.52,46.0,254.91,206.47,85.0,74.0,42.02154126159698,159,11.0,65.0,0.07,157.33,6.0
2025-04-08 08:25:10,145.47,30.0,396.2,15.0,78.33,6.0,515.22,18.0,270.83,250.73,36.0,33.0,56.619958053676186,69,3.0,-90.0,0.04,154.0,1.0
2025-04-08 08:25:11,120.73,26.0,256.47,32.0,65.83,30.0,351.97,34.0,188.6,135.74,56.0,66.0,53.12375429127764,122,-10.0,53.0,-0.08,153.0,1.0
2025-04-08 08:25:14,164.0,30.0,286.12,24.0,143.79,100.0,285.84,25.0,225.06,122.12,130.0,49.0,37.744399981983904,179,81.0,32.0,0.45,153.0,
2025-04-08 08:25:15,164.0,30.0,174.59,39.0,129.0,22.0,264.0,24.0,169.29,10.590000000000003,52.0,63.0,38.40577521675655,115,-11.0,-64.0,-0.1,164.0,1.0
2025-04-08 08:25:16,141.78,18.0,161.75,36.0,111.84,55.0,187.64,33.0,151.76,19.97,73.0,69.0,46.44534260827504,142,4.0,27.0,0.03,164.0,
2025-04-08 08:25:22,145.0,12.0,152.64,22.0,132.36,74.0,154.53,53.0,148.82,7.639999999999986,86.0,75.0,6.429445543760988,161,11.0,-4.0,0.07,153.14,7.0
2025-04-08 08:25:23,145.0,10.0,154.0,10.0,133.0,110.0,155.0,52.0,149.5,9.0,120.0,62.0,5.320359010459749,182,58.0,21.0,0.32,153.14,
2025-04-08 08:25:24,146.49,43.0,154.0,15.0,146.32,19.0,155.0,116.0,150.24,7.509999999999991,62.0,131.0,5.155833589263257,193,-69.0,11.0,-0.36,153.14,
2025-04-08 08:25:25,151.56,27.0,154.0,11.0,150.4,15.0,155.0,88.0,152.78,2.4399999999999977,42.0,99.0,3.2246736269223475,141,-57.0,-52.0,-0.4,153.14,
2025-04-08 08:25:26,153.57,28.0,158.0,45.0,151.22,40.0,378.65,49.0,155.79,4.430000000000007,68.0,94.0,2.8629145988246254,162,-26.0,21.0,-0.16,154.89,9.0
2025-04-08 08:25:27,153.0,70.0,232.9,41.0,142.28,60.0,302.66,47.0,192.95,79.9,130.0,88.0,18.44413917753125,218,42.0,56.0,0.19,153.43,7.0
2025-04-08 08:25:28,153.87,30.0,217.5,48.0,152.06,53.0,231.45,62.0,185.68,63.63,83.0,110.0,20.18616035803063,193,-27.0,-25.0,-0.14,153.43,
2025-04-08 08:25:29,157.5,28.0,217.12,34.0,153.16,38.0,259.6,40.0,187.31,59.620000000000005,66.0,74.0,19.042751114272097,140,-8.0,-53.0,-0.06,153.43,
2025-04-08 08:25:30,162.0,76.0,251.24,42.0,157.11,18.0,363.96,50.0,206.62,89.24000000000001,94.0,92.0,18.623942923024863,186,2.0,46.0,0.01,162.0,6.0
2025-04-08 08:25:31,162.0,78.0,231.0,60.0,161.0,12.0,367.89,38.0,196.5,69.0,90.0,98.0,8.372853157679883,188,-8.0,2.0,-0.04,162.0,2.0
2025-04-08 08:25:32,162.23,78.0,319.05,37.0,161.77,26.0,498.75,32.0,240.64,156.82000000000002,104.0,69.0,22.459240859834264,173,35.0,-15.0,0.2,162.0,
2025-04-08 08:25:34,164.0,96.0,291.42,48.0,162.0,120.0,557.69,51.0,227.71,127.42000000000002,216.0,99.0,53.21980063848386,315,117.0,50.0,0.37,162.0,
2025-04-08 08:25:35,164.25,64.0,430.42,38.0,162.0,80.0,512.12,34.0,297.34,266.17,144.0,72.0,54.28894380995018,216,72.0,-99.0,0.33,162.0,
2025-04-08 08:25:36,165.71,112.0,275.93,61.0,162.0,140.0,386.71,56.0,220.82,110.22,252.0,117.0,48.07746894336181,369,135.0,153.0,0.37,162.0,
2025-04-08 08:25:37,167.0,80.0,242.0,40.0,162.0,100.0,273.0,40.0,204.5,75.0,180.0,80.0,54.62243934501584,260,100.0,-109.0,0.38,162.0,
2025-04-08 08:25:38,167.0,80.0,223.05,19.0,162.0,100.0,310.5,40.0,195.03,56.05000000000001,180.0,59.0,40.28992119624947,239,121.0,-21.0,0.51,162.0,
2025-04-08 08:25:39,167.0,64.0,215.12,32.0,162.0,80.0,351.5,32.0,191.06,48.120000000000005,144.0,64.0,43.78387260167844,208,80.0,-31.0,0.38,162.0,
2025-04-08 08:25:40,167.0,95.0,211.0,48.0,162.0,120.0,375.62,45.0,189.0,44.0,215.0,93.0,13.031819519930972,308,122.0,100.0,0.4,167.0,1.0
2025-04-08 08:25:43,166.0,8.0,374.54,26.0,164.0,40.0,444.64,22.0,270.27,208.54,48.0,48.0,67.01998843628616,96,0.0,-70.0,0.0,166.0,5.0
2025-04-08 08:25:44,164.0,48.0,247.12,34.0,162.0,120.0,261.54,35.0,205.56,83.12,168.0,69.0,63.54448323812165,237,99.0,141.0,0.42,166.0,
2025-04-08 08:25:45,164.0,28.0,243.71,21.0,162.0,70.0,245.0,21.0,203.86,79.71000000000001,98.0,42.0,59.47331140940377,140,56.0,-97.0,0.4,166.0,
2025-04-08 08:25:46,164.0,52.0,228.15,46.0,162.0,130.0,240.39,51.0,196.08,64.15,182.0,97.0,56.48444184020912,279,85.0,139.0,0.3,166.0,
2025-04-08 08:25:47,164.0,45.0,221.8,45.0,162.0,150.0,231.88,67.0,192.9,57.80000000000001,195.0,112.0,32.04039918602791,307,83.0,28.0,0.27,164.0,1.0
2025-04-08 08:25:48,162.15,119.0,171.84,43.0,161.73,41.0,192.5,44.0,166.99,9.689999999999998,160.0,87.0,15.505477096821648,247,73.0,-60.0,0.3,164.0,3.0
2025-04-08 08:25:49,162.0,74.0,163.8,40.0,161.0,12.0,171.61,36.0,162.9,1.8000000000000114,86.0,76.0,18.388960818928247,162,10.0,-85.0,0.06,162.0,5.0
2025-04-08 08:25:50,162.0,37.0,163.16,32.0,161.0,10.0,164.08,49.0,162.58,1.1599999999999966,47.0,81.0,16.74277754735142,128,-34.0,-34.0,-0.27,162.0,
2025-04-08 08:25:51,161.0,39.0,214.63,19.0,159.0,132.0,264.75,32.0,187.82,53.63,171.0,51.0,14.56823324909709,222,120.0,94.0,0.54,162.38,8.0
2025-04-08 08:25:52,160.08,74.0,309.16,79.0,158.94,148.0,385.82,61.0,234.62,149.08,222.0,140.0,30.680456645885844,362,82.0,140.0,0.23,160.6,5.0
2025-04-08 08:25:53,159.76,49.0,308.0,45.0,158.74,46.0,384.0,36.0,233.88,148.24,95.0,81.0,36.073430665796856,176,14.0,-168.0,0.08,159.33,6.0
2025-04-08 08:25:54,163.0,108.0,283.88,43.0,159.0,54.0,324.0,38.0,223.44,120.88,162.0,81.0,31.96054630321621,243,81.0,67.0,0.33,159.33,
2025-04-08 08:25:55,164.0,45.0,262.0,45.0,163.0,82.0,264.0,36.0,213.0,98.0,127.0,81.0,19.315157778284046,208,46.0,-35.0,0.22,159.33,
2025-04-08 08:25:56,163.65,62.0,260.24,41.0,161.86,105.0,265.35,40.0,211.94,96.59,167.0,81.0,10.899645865806663,248,86.0,40.0,0.35,163.42,12.0
2025-04-08 08:25:57,163.0,14.0,260.43,23.0,159.0,42.0,264.09,23.0,211.72,97.43,56.0,46.0,9.743740554838586,102,10.0,-146.0,0.1,163.42,
2025-04-08 08:25:58,163.13,15.0,201.92,36.0,159.18,44.0,231.54,13.0,182.52,38.78999999999999,59.0,49.0,15.334708344146248,108,10.0,6.0,0.09,163.42,
2025-04-08 08:25:59,165.0,9.0,191.08,13.0,163.0,18.0,192.05,41.0,178.04,26.080000000000013,27.0,54.0,17.57248075827794,81,-27.0,-27.0,-0.33,163.42,
2025-04-08 08:26:00,166.78,9.0,189.0,25.0,164.6,10.0,191.72,29.0,177.89,22.22,19.0,54.0,17.814570441076146,73,-35.0,-8.0,-0.48,163.42,
2025-04-08 08:26:01,167.0,5.0,187.95,21.0,165.0,5.0,188.89,9.0,177.48,20.94999999999999,10.0,30.0,14.783845913701857,40,-20.0,-33.0,-0.5,163.42,
2025-04-08 08:26:02,163.87,15.0,187.0,13.0,160.2,50.0,188.0,65.0,175.43,23.129999999999995,65.0,78.0,2.5956444286718208,143,-13.0,103.0,-0.09,165.25,4.0
2025-04-08 08:26:03,163.0,14.0,184.5,14.0,162.0,70.0,188.0,70.0,173.75,21.5,84.0,84.0,1.8688151326706632,168,0.0,25.0,0.0,165.25,
2025-04-08 08:26:04,163.0,7.0,181.57,7.0,162.0,35.0,188.0,35.0,172.29,18.569999999999997,42.0,42.0,2.3935789103560827,84,0.0,-84.0,0.0,165.25,
2025-04-08 08:26:05,163.0,7.0,180.0,19.0,162.0,35.0,183.61,23.0,171.5,17.0,42.0,42.0,2.4161643156259536,84,0.0,0.0,0.0,165.25,
2025-04-08 08:26:06,162.04,52.0,177.09,44.0,159.6,50.0,179.43,28.0,169.56,15.050000000000011,102.0,72.0,2.226820603485553,174,30.0,90.0,0.17,163.0,1.0
2025-04-08 08:26:07,162.0,55.0,174.04,27.0,159.0,44.0,176.06,16.0,168.02,12.039999999999992,99.0,43.0,2.259851765074652,142,56.0,-32.0,0.39,163.0,
2025-04-08 08:26:08,162.0,38.0,169.57,30.0,159.0,40.0,170.14,35.0,165.78,7.569999999999993,78.0,65.0,2.635905916400384,143,13.0,1.0,0.09,162.0,3.0
2025-04-08 08:26:09,161.68,37.0,163.57,54.0,152.16,61.0,167.6,30.0,162.62,1.8899999999999864,98.0,84.0,3.438267005355874,182,14.0,39.0,0.08,161.0,12.0
2025-04-08 08:26:10,161.2,20.0,256.08,37.0,152.75,24.0,367.36,33.0,208.64,94.88,44.0,70.0,19.0276609177298,114,-26.0,-68.0,-0.23,160.75,8.0
2025-04-08 08:26:11,128.45,22.0,343.47,17.0,114.9,59.0,489.8,20.0,235.96,215.02000000000004,81.0,37.0,32.64596575382742,118,44.0,4.0,0.37,160.75,
2025-04-08 08:26:12,129.44,9.0,195.67,12.0,72.38,32.0,381.33,12.0,162.56,66.22999999999999,41.0,24.0,33.56819506616456,65,17.0,-53.0,0.26,161.0,1.0
2025-04-08 08:26:13,137.0,108.0,193.89,18.0,90.0,36.0,333.88,33.0,165.44,56.88999999999999,144.0,51.0,33.622511506430854,195,93.0,130.0,0.48,161.0,
2025-04-08 08:26:14,149.73,22.0,192.0,12.0,134.06,64.0,378.0,30.0,170.86,42.27000000000001,86.0,42.0,32.30210395624519,128,44.0,-67.0,0.34,161.0,
2025-04-08 08:26:15,134.33,54.0,188.73,22.0,125.55,116.0,320.47,34.0,161.53,54.39999999999998,170.0,56.0,31.89704061508046,226,114.0,98.0,0.5,165.0,2.0
2025-04-08 08:26:16,139.0,43.0,191.0,24.0,91.18,98.0,275.47,30.0,165.0,52.0,141.0,54.0,3.622750336432777,195,87.0,-31.0,0.45,165.0,
2025-04-08 08:26:17,167.0,12.0,190.0,8.0,124.0,16.0,217.0,12.0,178.5,23.0,28.0,20.0,6.623637973207522,48,8.0,-147.0,0.17,165.0,
2025-04-08 08:26:18,133.35,85.0,188.2,30.0,88.14,70.0,190.0,20.0,160.78,54.85,155.0,50.0,7.4027211213255075,205,105.0,157.0,0.51,167.0,3.0
2025-04-08 08:26:19,162.0,60.0,187.4,15.0,59.83,48.0,190.0,10.0,174.7,25.40000000000001,108.0,25.0,8.032391922716236,133,83.0,-72.0,0.62,167.0,
2025-04-08 08:26:20,162.0,134.0,185.67,15.0,59.0,99.0,187.11,18.0,173.83,23.669999999999987,233.0,33.0,7.372890884864064,266,200.0,133.0,0.75,167.0,
2025-04-08 08:26:21,162.0,128.0,183.43,21.0,126.2,20.0,184.69,16.0,172.71,21.430000000000007,148.0,37.0,6.693790406048589,185,111.0,-81.0,0.6,167.0,
2025-04-08 08:26:22,162.0,116.0,179.35,31.0,161.0,28.0,180.9,31.0,170.68,17.349999999999994,144.0,62.0,5.659412513690061,206,82.0,21.0,0.4,167.0,
2025-04-08 08:26:23,162.0,60.0,176.7,40.0,161.0,30.0,177.2,25.0,169.35,14.699999999999989,90.0,65.0,2.2127652383630325,155,25.0,-51.0,0.16,167.0,
2025-04-08 08:26:24,162.0,64.0,171.84,25.0,161.0,32.0,172.97,36.0,166.92,9.840000000000003,96.0,61.0,2.736251084990435,157,35.0,2.0,0.22,167.0,
2025-04-08 08:26:25,162.54,37.0,168.72,32.0,161.56,36.0,170.35,20.0,165.63,6.180000000000007,73.0,52.0,2.844972759116496,125,21.0,-32.0,0.17,166.0,1.0
2025-04-08 08:26:26,162.52,58.0,164.25,48.0,161.6,50.0,215.42,33.0,163.38,1.7299999999999898,108.0,81.0,2.909823018693573,189,27.0,64.0,0.14,163.0,5.0
2025-04-08 08:26:27,162.0,22.0,164.09,11.0,161.0,44.0,255.29,14.0,163.05,2.0900000000000034,66.0,25.0,2.6083960589071244,91,41.0,-98.0,0.45,163.0,
2025-04-08 08:26:28,161.27,22.0,163.0,9.0,160.52,21.0,366.53,30.0,162.14,1.7299999999999898,43.0,39.0,1.9798308008830692,82,4.0,-9.0,0.05,161.67,3.0
2025-04-08 08:26:29,161.0,30.0,174.0,12.0,159.0,12.0,405.92,24.0,167.5,13.0,42.0,36.0,2.183769676528424,78,6.0,-4.0,0.08,161.0,5.0
2025-04-08 08:26:30,158.07,116.0,181.17,46.0,143.33,89.0,213.75,40.0,169.62,23.099999999999994,205.0,86.0,3.2444444825152066,291,119.0,168.0,0.41,161.0,
2025-04-08 08:26:31,161.78,147.0,215.09,44.0,157.79,53.0,288.28,43.0,188.44,53.31,200.0,87.0,10.681732069290664,287,113.0,-4.0,0.39,162.0,5.0
2025-04-08 08:26:32,162.15,33.0,235.0,26.0,161.17,35.0,346.09,23.0,198.58,72.85,68.0,49.0,15.506259381298175,117,19.0,-168.0,0.16,162.33,3.0
2025-04-08 08:26:33,162.0,18.0,201.22,18.0,161.0,104.0,233.78,18.0,181.61,39.22,122.0,36.0,13.00407628399992,158,86.0,41.0,0.54,162.33,
2025-04-08 08:26:34,161.08,120.0,199.72,36.0,160.69,71.0,202.52,27.0,180.4,38.63999999999999,191.0,63.0,10.69324553164677,254,128.0,96.0,0.5,161.5,4.0
2025-04-08 08:26:35,161.0,70.0,199.0,21.0,159.0,7.0,200.0,14.0,180.0,38.0,77.0,35.0,7.916026781162324,112,42.0,-142.0,0.38,161.5,
2025-04-08 08:26:36,161.0,122.0,190.34,38.0,159.0,15.0,191.58,31.0,175.67,29.340000000000003,137.0,69.0,8.857763261686594,206,68.0,94.0,0.33,161.0,4.0
2025-04-08 08:26:37,165.0,60.0,183.86,21.0,160.67,24.0,184.57,21.0,174.43,18.860000000000014,84.0,42.0,3.1652598629646422,126,42.0,-80.0,0.33,161.0,2.0
2025-04-08 08:26:38,167.5,112.0,180.79,24.0,165.0,84.0,182.29,34.0,174.15,13.289999999999992,196.0,58.0,3.042687956412561,254,138.0,128.0,0.54,161.0,
2025-04-08 08:26:39,168.0,96.0,177.24,25.0,167.0,96.0,178.6,15.0,172.62,9.240000000000007,192.0,40.0,2.8045195667174854,232,152.0,-22.0,0.66,161.0,
2025-04-08 08:26:40,168.0,43.0,175.0,29.0,167.0,88.0,176.08,26.0,171.5,7.0,131.0,55.0,1.62936490698208,186,76.0,-46.0,0.41,168.0,5.0
2025-04-08 08:26:41,168.0,33.0,171.1,29.0,167.0,88.0,172.5,16.0,169.55,3.0999999999999943,121.0,45.0,2.009465102983196,166,76.0,-20.0,0.46,168.0,
2025-04-08 08:26:42,168.0,20.0,170.22,18.0,167.0,64.0,171.1,20.0,169.11,2.219999999999999,84.0,38.0,2.105143700584237,122,46.0,-44.0,0.38,168.0,2.0
2025-04-08 08:26:43,167.13,46.0,171.0,33.0,166.41,68.0,172.0,11.0,169.07,3.870000000000005,114.0,44.0,1.6038547316112086,158,70.0,36.0,0.44,168.0,1.0
2025-04-08 08:26:44,167.0,80.0,169.89,18.0,165.0,40.0,170.36,22.0,168.44,2.8899999999999864,120.0,40.0,1.1680453758794926,160,80.0,2.0,0.5,168.0,
2025-04-08 08:26:45,167.0,52.0,168.67,9.0,165.0,28.0,198.86,21.0,167.83,1.6699999999999875,80.0,30.0,0.6711929678677151,110,50.0,-50.0,0.45,167.0,2.0
2025-04-08 08:26:46,167.0,36.0,169.3,30.0,166.0,60.0,293.6,30.0,168.15,2.300000000000012,96.0,60.0,0.5634713835818919,156,36.0,46.0,0.23,167.0,3.0
2025-04-08 08:26:47,167.0,12.0,169.0,12.0,166.0,24.0,290.0,12.0,168.0,2.0,36.0,24.0,0.4862818114182146,60,12.0,-96.0,0.2,167.0,
2025-04-08 08:26:48,166.78,27.0,168.1,31.0,165.91,46.0,206.5,24.0,167.44,1.3199999999999932,73.0,55.0,0.3723842103485358,128,18.0,68.0,0.14,167.0,3.0
2025-04-08 08:26:49,165.67,18.0,315.09,22.0,163.94,34.0,625.71,21.0,240.38,149.42,52.0,43.0,32.435248573120035,95,9.0,-33.0,0.09,165.75,8.0
2025-04-08 08:26:50,166.25,28.0,305.38,24.0,163.5,32.0,386.75,24.0,235.81,139.13,60.0,48.0,38.50229512639547,108,12.0,13.0,0.11,165.75,
2025-04-08 08:26:51,167.0,22.0,349.8,15.0,165.0,10.0,425.0,12.0,258.4,182.8,32.0,27.0,43.08936620559668,59,5.0,-49.0,0.08,167.0,3.0
2025-04-08 08:26:52,167.0,12.0,322.83,18.0,165.0,12.0,0.0,0.0,244.92,155.82999999999998,24.0,18.0,35.64603764796283,42,6.0,-17.0,0.14,167.0,
2025-04-08 08:26:55,162.88,73.0,244.57,21.0,161.95,76.0,433.54,37.0,203.72,81.69,149.0,58.0,67.17604096699857,207,91.0,99.0,0.44,167.0,
2025-04-08 08:26:56,163.0,72.0,180.23,26.0,162.0,90.0,184.29,34.0,171.62,17.22999999999999,162.0,60.0,84.03854603692227,222,102.0,15.0,0.46,163.0,4.0
2025-04-08 08:26:57,162.5,54.0,177.29,21.0,161.86,84.0,177.43,23.0,169.89,14.789999999999992,138.0,44.0,94.5798872382492,182,94.0,-40.0,0.52,163.0,4.0
2025-04-08 08:26:58,162.27,52.0,174.92,24.0,161.76,83.0,176.07,15.0,168.59,12.649999999999975,135.0,39.0,80.60011023565667,174,96.0,-8.0,0.55,163.0,
2025-04-08 08:26:59,164.0,6.0,173.0,12.0,162.0,54.0,174.0,18.0,168.5,9.0,60.0,30.0,15.288856399354524,90,30.0,-84.0,0.33,163.0,
2025-04-08 08:27:00,162.24,51.0,170.94,18.0,161.6,90.0,173.0,30.0,166.59,8.699999999999989,141.0,48.0,1.86249026845742,189,93.0,99.0,0.49,162.4,5.0
2025-04-08 08:27:01,162.0,50.0,167.92,26.0,161.0,40.0,168.67,18.0,164.96,5.919999999999988,90.0,44.0,1.934406885869998,134,46.0,-55.0,0.34,162.4,
2025-04-08 08:27:02,162.0,55.0,165.63,27.0,161.0,44.0,166.57,28.0,163.81,3.629999999999996,99.0,55.0,2.120341953578183,154,44.0,20.0,0.29,162.4,
2025-04-08 08:27:03,162.0,53.0,163.18,33.0,161.0,48.0,164.67,27.0,162.59,1.1800000000000068,101.0,60.0,2.3228968982944824,161,41.0,7.0,0.25,162.0,1.0
2025-04-08 08:27:04,161.08,119.0,201.78,46.0,158.58,155.0,319.2,40.0,181.43,40.69999999999999,274.0,86.0,7.7191631670862595,360,188.0,168.0,0.52,161.88,8.0
2025-04-08 08:27:05,164.67,97.0,336.32,38.0,160.24,125.0,466.67,36.0,250.49,171.65,222.0,74.0,37.59627348554733,296,148.0,-64.0,0.5,161.88,
2025-04-08 08:27:06,167.0,54.0,285.6,15.0,166.0,72.0,302.5,24.0,226.3,118.60000000000002,126.0,39.0,39.52116622773227,165,87.0,-131.0,0.53,161.88,
2025-04-08 08:27:07,167.0,60.0,207.42,12.0,166.0,80.0,230.0,20.0,187.21,40.41999999999999,140.0,32.0,35.83295661817535,172,108.0,7.0,0.63,161.88,
2025-04-08 08:27:08,167.0,60.0,190.0,10.0,166.0,80.0,374.62,26.0,178.5,23.0,140.0,36.0,32.00421894063391,176,104.0,4.0,0.59,161.88,
2025-04-08 08:27:09,167.0,96.0,187.5,16.0,166.0,128.0,457.68,56.0,177.25,20.5,224.0,72.0,32.81125645262662,296,152.0,120.0,0.51,161.88,
2025-04-08 08:27:10,167.0,64.0,213.0,55.0,166.0,88.0,346.78,23.0,190.0,46.0,152.0,78.0,20.01959714879532,230,74.0,-66.0,0.32,167.0,2.0
2025-04-08 08:27:11,166.5,16.0,213.0,30.0,163.09,46.0,654.0,12.0,189.75,46.5,62.0,42.0,6.198997499601575,104,20.0,-126.0,0.19,166.67,9.0
2025-04-08 08:27:12,166.0,52.0,255.26,57.0,161.0,195.0,544.23,43.0,210.63,89.25999999999999,247.0,100.0,13.392876091417342,347,147.0,168.0,0.42,166.67,
2025-04-08 08:27:13,163.42,155.0,280.5,42.0,160.8,150.0,462.78,49.0,221.96,117.08,305.0,91.0,18.00131856281764,396,214.0,49.0,0.54,164.21,14.0
2025-04-08 08:27:14,166.0,40.0,224.0,15.0,161.0,71.0,365.0,10.0,195.0,58.0,111.0,25.0,14.269949894797689,136,86.0,-168.0,0.63,164.21,
2025-04-08 08:27:15,166.0,72.0,224.0,27.0,161.0,90.0,377.86,21.0,195.0,58.0,162.0,48.0,13.41497185983015,210,114.0,74.0,0.54,164.21,
2025-04-08 08:27:16,166.0,117.0,217.51,55.0,161.0,150.0,301.24,51.0,191.75,51.50999999999999,267.0,106.0,12.963158180012853,373,161.0,163.0,0.43,166.0,1.0
2025-04-08 08:27:17,166.0,84.0,211.83,48.0,161.0,110.0,224.0,36.0,188.92,45.83000000000001,194.0,84.0,13.34360446056619,278,110.0,-95.0,0.4,166.0,
2025-04-08 08:27:18,166.0,70.0,210.57,35.0,162.09,44.0,216.57,35.0,188.29,44.56999999999999,114.0,70.0,3.2053346159260743,184,44.0,-94.0,0.24,166.0,
2025-04-08 08:27:19,166.0,98.0,207.78,41.0,165.0,56.0,209.11,54.0,186.89,41.78,154.0,95.0,3.2280257124218905,249,59.0,65.0,0.24,166.0,
2025-04-08 08:27:20,166.0,91.0,205.36,47.0,165.0,52.0,206.91,44.0,185.68,39.360000000000014,143.0,91.0,2.29887581223087,234,52.0,-15.0,0.22,166.0,
2025-04-08 08:27:21,166.0,77.0,204.0,44.0,165.0,44.0,206.0,33.0,185.0,38.0,121.0,77.0,1.6654819122592064,198,44.0,-36.0,0.22,166.0,
2025-04-08 08:27:22,166.0,51.0,203.0,27.0,165.0,36.0,204.0,36.0,184.5,37.0,87.0,63.0,1.529924834775949,150,24.0,-48.0,0.16,166.0,4.0
2025-04-08 08:27:23,166.0,33.0,188.19,31.0,165.0,44.0,191.49,43.0,177.1,22.19,77.0,74.0,3.869648562863091,151,3.0,1.0,0.02,166.0,
2025-04-08 08:27:24,166.0,39.0,176.07,40.0,165.0,52.0,177.68,57.0,171.04,10.069999999999991,91.0,97.0,6.403114867006088,188,-6.0,37.0,-0.03,166.0,
2025-04-08 08:27:25,166.0,20.0,171.64,36.0,165.0,48.0,172.65,26.0,168.82,5.639999999999986,68.0,62.0,7.454322236131243,130,6.0,-58.0,0.05,166.0,2.0
2025-04-08 08:27:26,166.0,9.0,168.54,13.0,165.0,36.0,169.93,30.0,167.27,2.539999999999992,45.0,43.0,7.078564826296868,88,2.0,-42.0,0.02,165.25,4.0
2025-04-08 08:27:27,163.29,41.0,167.83,23.0,162.42,72.0,169.5,38.0,165.56,4.5400000000000205,113.0,61.0,4.473300794725786,174,52.0,86.0,0.3,165.5,2.0
2025-04-08 08:27:28,163.0,65.0,167.07,28.0,162.0,78.0,168.52,50.0,165.04,4.069999999999993,143.0,78.0,2.456192174912007,221,65.0,47.0,0.29,165.5,
2025-04-08 08:27:29,163.0,27.0,172.29,21.0,162.0,54.0,189.24,21.0,167.64,9.289999999999992,81.0,42.0,1.55083203478013,123,39.0,-98.0,0.32,164.0,8.0
2025-04-08 08:27:30,162.62,74.0,337.53,17.0,161.54,140.0,385.91,53.0,250.08,174.90999999999997,214.0,70.0,37.44908036254122,284,144.0,161.0,0.51,163.33,6.0
2025-04-08 08:27:31,166.0,10.0,349.0,28.0,162.0,112.0,563.25,16.0,257.5,183.0,122.0,44.0,48.122153734013565,166,78.0,-118.0,0.47,166.0,1.0
2025-04-08 08:27:32,162.29,42.0,186.0,21.0,161.64,75.0,538.0,12.0,174.14,23.710000000000008,117.0,33.0,46.66608832975004,150,84.0,-16.0,0.56,163.0,4.0
2025-04-08 08:27:33,162.0,78.0,304.67,12.0,161.0,72.0,566.44,18.0,233.33,142.67000000000002,150.0,30.0,42.642488435831325,180,120.0,30.0,0.67,163.0,
2025-04-08 08:27:34,162.14,115.0,322.55,44.0,161.19,134.0,354.0,35.0,242.34,160.41000000000005,249.0,79.0,33.28752799473071,328,170.0,148.0,0.52,163.6,5.0
2025-04-08 08:27:35,162.0,61.0,375.22,37.0,161.0,120.0,459.0,22.0,268.61,213.22000000000003,181.0,59.0,36.7298139118615,240,122.0,-88.0,0.51,162.0,9.0
2025-04-08 08:27:36,162.0,12.0,461.33,12.0,161.0,144.0,517.83,12.0,311.67,299.33,156.0,24.0,50.40224072399912,180,132.0,-60.0,0.73,162.0,
2025-04-08 08:27:37,162.0,11.0,262.36,11.0,161.0,114.0,436.45,11.0,212.18,100.36,125.0,22.0,38.244929467838496,147,103.0,-33.0,0.7,162.0,
2025-04-08 08:27:38,161.78,27.0,409.6,10.0,159.58,36.0,608.23,13.0,285.69,247.82,63.0,23.0,38.46607947269806,86,40.0,-61.0,0.47,162.25,4.0
2025-04-08 08:27:39,161.0,36.0,353.67,9.0,159.0,63.0,531.67,9.0,257.33,192.67,99.0,18.0,36.89855119106871,117,81.0,31.0,0.69,162.25,
2025-04-08 08:27:40,161.0,32.0,287.75,8.0,159.0,54.0,500.5,8.0,224.38,126.75,86.0,16.0,41.46419600088653,102,70.0,-15.0,0.69,162.25,
2025-04-08 08:27:41,161.0,28.0,327.21,19.0,159.0,49.0,364.43,7.0,244.11,166.20999999999998,77.0,26.0,28.768431830740376,103,51.0,1.0,0.5,162.25,
2025-04-08 08:27:42,161.0,32.0,345.53,17.0,159.0,56.0,346.13,23.0,253.26,184.53,88.0,40.0,22.279915394811137,128,48.0,25.0,0.38,162.25,
2025-04-08 08:27:43,161.0,31.0,229.6,10.0,159.0,70.0,298.4,10.0,195.3,68.6,101.0,20.0,25.51394775412016,121,81.0,-7.0,0.67,161.0,1.0
2025-04-08 08:27:44,161.0,30.0,225.23,22.0,159.0,70.0,227.0,22.0,193.11,64.22999999999999,100.0,44.0,27.47371962439734,144,56.0,23.0,0.39,161.0,
2025-04-08 08:27:45,165.0,54.0,221.53,30.0,161.0,27.0,222.33,15.0,193.27,56.53,81.0,45.0,30.19683013165465,126,36.0,-18.0,0.29,161.0,
2025-04-08 08:27:46,165.0,60.0,217.58,24.0,161.0,30.0,218.17,29.0,191.29,52.58000000000001,90.0,53.0,26.87817013860923,143,37.0,17.0,0.26,161.0,
2025-04-08 08:27:47,166.82,67.0,212.71,21.0,164.76,51.0,214.0,12.0,189.77,45.890000000000015,118.0,33.0,2.104191055975764,151,85.0,8.0,0.56,167.0,1.0
2025-04-08 08:27:48,167.0,77.0,207.3,43.0,165.0,66.0,208.38,48.0,187.15,40.30000000000001,143.0,91.0,2.5490625728003207,234,52.0,83.0,0.22,167.0,
2025-04-08 08:27:49,167.64,78.0,200.0,41.0,166.49,94.0,200.79,48.0,183.82,32.360000000000014,172.0,89.0,3.6846573789234207,261,83.0,27.0,0.32,167.0,
2025-04-08 08:27:50,168.0,34.0,195.21,24.0,167.0,56.0,197.08,12.0,181.6,27.210000000000008,90.0,36.0,4.031020962493142,126,54.0,-135.0,0.43,168.0,1.0
2025-04-08 08:27:51,167.42,48.0,193.22,37.0,166.19,59.0,194.24,17.0,180.32,25.80000000000001,107.0,54.0,3.90944625235636,161,53.0,35.0,0.33,168.0,4.0
2025-04-08 08:27:52,167.0,76.0,189.75,20.0,165.0,72.0,191.04,52.0,178.38,22.75,148.0,72.0,3.376356023891334,220,76.0,59.0,0.35,167.0,1.0
2025-04-08 08:27:53,167.0,54.0,182.51,35.0,165.0,66.0,184.28,43.0,174.76,15.509999999999993,120.0,78.0,3.4309590496057822,198,42.0,-22.0,0.21,167.0,3.0
2025-04-08 08:27:54,167.0,15.0,177.2,25.0,165.0,30.0,178.4,25.0,172.1,10.199999999999989,45.0,50.0,3.9427553817192447,95,-5.0,-103.0,-0.05,167.0,
2025-04-08 08:27:55,167.0,30.0,174.6,50.0,165.0,62.0,176.0,50.0,170.8,7.599999999999994,92.0,100.0,4.0455061488125255,192,-8.0,97.0,-0.04,167.0,
2025-04-08 08:27:56,167.0,27.0,170.22,51.0,165.0,105.0,170.91,35.0,168.61,3.219999999999999,132.0,86.0,3.7729166436702735,218,46.0,26.0,0.21,167.0,2.0
2025-04-08 08:27:57,164.86,44.0,166.5,24.0,163.77,62.0,182.73,22.0,165.68,1.6399999999999864,106.0,46.0,3.447520848390732,152,60.0,-66.0,0.39,165.25,8.0
2025-04-08 08:27:58,164.0,108.0,167.29,24.0,161.0,98.0,300.67,27.0,165.65,3.289999999999992,206.0,51.0,2.9289025248533145,257,155.0,105.0,0.6,165.33,3.0
2025-04-08 08:27:59,164.0,25.0,265.55,11.0,161.0,56.0,228.33,6.0,214.77,101.55,81.0,17.0,21.16788770756488,98,64.0,-159.0,0.65,164.0,5.0
2025-04-08 08:28:00,164.0,10.0,407.4,10.0,161.0,35.0,0.0,0.0,285.7,243.4,45.0,10.0,52.21524269789458,55,35.0,-43.0,0.64,164.0,
2025-04-08 08:28:03,161.0,40.0,289.0,7.0,159.0,49.0,466.57,7.0,225.0,128.0,89.0,14.0,102.65835757501662,103,75.0,27.0,0.73,161.0,3.0
2025-04-08 08:28:04,161.0,12.0,243.33,6.0,159.0,42.0,303.33,6.0,202.17,82.33000000000001,54.0,12.0,103.36607557608046,66,42.0,-37.0,0.64,161.0,
2025-04-08 08:28:05,161.0,22.0,239.38,21.0,159.14,57.0,287.93,15.0,200.19,78.38,79.0,36.0,98.89701395896648,115,43.0,49.0,0.37,161.0,
2025-04-08 08:28:06,160.07,30.0,230.08,13.0,159.03,58.0,236.87,23.0,195.07,70.01000000000002,88.0,36.0,69.29053348041109,124,52.0,9.0,0.42,161.0,2.0
2025-04-08 08:28:07,160.0,58.0,234.5,8.0,158.68,31.0,236.0,24.0,197.25,74.5,89.0,32.0,12.084617494982066,121,57.0,-3.0,0.47,160.0,3.0
2025-04-08 08:28:08,160.0,60.0,233.71,14.0,158.0,42.0,235.88,32.0,196.86,73.71000000000001,102.0,46.0,2.8353870987990986,148,56.0,27.0,0.38,160.0,
2025-04-08 08:28:09,158.27,37.0,231.43,14.0,157.14,28.0,231.76,17.0,194.85,73.16,65.0,31.0,2.1496464825731185,96,34.0,-52.0,0.35,160.0,5.0
2025-04-08 08:28:10,160.97,29.0,229.58,12.0,157.79,38.0,231.0,24.0,195.27,68.61000000000001,67.0,36.0,1.1095494581318617,103,31.0,7.0,0.3,160.83,6.0
2025-04-08 08:28:11,160.03,29.0,223.12,17.0,158.0,30.0,226.64,22.0,191.58,63.09,59.0,39.0,2.246256886476228,98,20.0,-5.0,0.2,160.83,
2025-04-08 08:28:12,162.0,48.0,205.06,18.0,161.0,36.0,216.25,16.0,183.53,43.06,84.0,34.0,5.326318616084341,118,50.0,20.0,0.42,160.83,
2025-04-08 08:28:13,162.0,35.0,202.0,33.0,161.0,33.0,203.0,22.0,182.0,40.0,68.0,55.0,6.287251386739015,123,13.0,5.0,0.11,162.0,3.0
2025-04-08 08:28:14,162.0,8.0,200.26,19.0,161.0,24.0,201.5,18.0,181.13,38.25999999999999,32.0,37.0,6.332911652633121,69,-5.0,-54.0,-0.07,162.0,
2025-04-08 08:28:15,161.09,11.0,195.43,23.0,158.08,113.0,197.4,20.0,178.26,34.34,124.0,43.0,5.010284423070427,167,81.0,98.0,0.49,161.33,3.0
2025-04-08 08:28:16,163.83,18.0,190.62,34.0,158.72,58.0,191.69,35.0,177.23,26.789999999999992,76.0,69.0,2.622679927110266,145,7.0,-22.0,0.05,161.33,
2025-04-08 08:28:17,162.75,16.0,175.32,31.0,158.2,106.0,178.85,34.0,169.04,12.569999999999991,122.0,65.0,5.139160437276903,187,57.0,42.0,0.3,165.0,1.0
2025-04-08 08:28:18,161.0,12.0,165.0,28.0,158.02,122.0,166.65,23.0,163.0,4.0,134.0,51.0,7.494329189465779,185,83.0,-2.0,0.45,165.5,2.0
2025-04-08 08:28:19,161.0,11.0,163.0,28.0,160.0,11.0,164.0,24.0,162.0,2.0,22.0,52.0,7.654703129454837,74,-30.0,-111.0,-0.41,165.5,
2025-04-08 08:28:20,158.07,102.0,161.0,32.0,157.61,41.0,163.06,17.0,159.53,2.930000000000007,143.0,49.0,7.107872396159944,192,94.0,118.0,0.49,160.5,2.0
2025-04-08 08:28:21,158.0,70.0,199.5,24.0,157.0,24.0,476.0,22.0,178.75,41.5,94.0,46.0,7.706953353958488,140,48.0,-52.0,0.34,158.33,9.0
2025-04-08 08:28:22,158.0,6.0,341.0,2.0,157.0,4.0,610.0,6.0,249.5,183.0,10.0,8.0,38.18104149967706,18,2.0,-122.0,0.11,158.33,
2025-04-08 08:28:23,158.36,11.0,307.2,5.0,157.5,12.0,610.0,15.0,232.78,148.83999999999995,23.0,20.0,41.82502564255084,43,3.0,25.0,0.07,158.33,
2025-04-08 08:28:24,160.59,17.0,329.12,17.0,157.8,30.0,592.6,30.0,244.85,168.53,47.0,47.0,41.139976543503344,94,0.0,51.0,0.0,160.0,1.0
2025-04-08 08:28:25,164.0,13.0,404.66,41.0,158.0,39.0,439.84,25.0,284.33,240.66000000000005,52.0,66.0,38.28656252525107,118,-14.0,24.0,-0.12,160.0,
2025-04-08 08:28:26,164.09,11.0,216.86,21.0,158.19,31.0,390.96,23.0,190.47,52.77000000000001,42.0,44.0,33.85087044671016,86,-2.0,-32.0,-0.02,160.0,
2025-04-08 08:28:27,164.75,12.0,215.0,18.0,159.5,12.0,265.24,21.0,189.88,50.25,24.0,39.0,39.81333909633776,63,-15.0,-23.0,-0.24,160.0,
2025-04-08 08:28:28,165.64,42.0,206.46,24.0,164.0,14.0,228.19,47.0,186.05,40.82000000000002,56.0,71.0,43.82864907797173,127,-15.0,64.0,-0.12,166.0,2.0
2025-04-08 08:28:29,166.22,9.0,214.0,9.0,164.0,9.0,215.0,27.0,190.11,47.78,18.0,36.0,42.61343004265218,54,-18.0,-73.0,-0.33,166.0,
2025-04-08 08:28:30,167.0,14.0,210.56,34.0,164.0,14.0,213.82,34.0,188.78,43.56,28.0,68.0,1.7959315131833016,96,-40.0,42.0,-0.42,166.0,
2025-04-08 08:28:31,165.07,14.0,189.06,16.0,162.31,32.0,208.57,42.0,177.07,23.99000000000001,46.0,58.0,5.447657294658813,104,-12.0,8.0,-0.12,167.0,1.0
2025-04-08 08:28:32,161.53,32.0,173.64,45.0,160.47,73.0,174.4,45.0,167.59,12.109999999999983,105.0,90.0,9.487676217075332,195,15.0,91.0,0.08,162.2,5.0
2025-04-08 08:28:33,161.6,94.0,169.35,71.0,158.48,62.0,171.61,49.0,165.47,7.75,156.0,120.0,11.498938211855206,276,36.0,81.0,0.13,161.0,5.0
2025-04-08 08:28:34,165.0,86.0,167.63,46.0,161.0,70.0,169.18,66.0,166.32,2.6299999999999955,156.0,112.0,9.951810388068688,268,44.0,-8.0,0.16,165.0,4.0
2025-04-08 08:28:35,163.29,35.0,166.26,47.0,160.35,51.0,221.81,31.0,164.77,2.969999999999999,86.0,78.0,5.044589180506165,164,8.0,-104.0,0.05,165.0,3.0
2025-04-08 08:28:36,162.0,57.0,166.08,36.0,158.0,42.0,183.09,32.0,164.04,4.0800000000000125,99.0,68.0,1.3793730460192166,167,31.0,3.0,0.19,162.0,1.0
2025-04-08 08:28:37,162.0,36.0,164.78,27.0,158.0,54.0,165.78,27.0,163.39,2.780000000000001,90.0,54.0,1.1538934093259137,144,36.0,-23.0,0.25,162.0,
2025-04-08 08:28:38,162.0,37.0,163.3,30.0,158.29,56.0,179.71,31.0,162.65,1.3000000000000114,93.0,61.0,1.4051441207530069,154,32.0,10.0,0.21,162.0,3.0
2025-04-08 08:28:39,162.0,9.0,164.67,27.0,160.0,36.0,276.94,33.0,163.33,2.6699999999999875,45.0,60.0,0.8024213357630605,105,-15.0,-49.0,-0.14,162.0,
2025-04-08 08:28:40,162.0,5.0,163.4,15.0,160.0,20.0,325.0,20.0,162.7,1.4000000000000057,25.0,35.0,0.5719877621841826,60,-10.0,-45.0,-0.17,162.0,
2025-04-08 08:28:41,160.07,29.0,264.77,26.0,158.21,39.0,336.34,29.0,212.42,104.7,68.0,55.0,22.09614151837537,123,13.0,63.0,0.11,162.0,1.0
2025-04-08 08:28:42,158.5,64.0,299.77,31.0,134.91,44.0,352.0,28.0,229.14,141.26999999999998,108.0,59.0,32.25331719374069,167,49.0,44.0,0.29,160.0,4.0
2025-04-08 08:28:43,158.0,79.0,241.26,23.0,94.92,50.0,278.77,35.0,199.63,83.25999999999999,129.0,58.0,29.68419663726873,187,71.0,20.0,0.38,158.0,1.0
2025-04-08 08:28:44,158.16,64.0,169.72,18.0,123.11,54.0,188.22,23.0,163.94,11.560000000000002,118.0,41.0,29.53034337761816,159,77.0,-28.0,0.48,158.0,
2025-04-08 08:28:45,159.77,60.0,165.62,39.0,158.44,103.0,205.08,36.0,162.69,5.849999999999994,163.0,75.0,29.53295667555208,238,88.0,79.0,0.37,158.0,
2025-04-08 08:28:46,163.3,40.0,165.08,36.0,161.57,56.0,174.0,44.0,164.19,1.7800000000000011,96.0,80.0,29.710430323373867,176,16.0,-62.0,0.09,163.6,5.0
2025-04-08 08:28:47,162.75,8.0,174.6,15.0,161.0,20.0,235.15,13.0,168.68,11.849999999999994,28.0,28.0,15.707671055890955,56,0.0,-120.0,0.0,165.0,3.0
2025-04-08 08:28:48,165.85,26.0,244.0,20.0,161.35,23.0,530.76,25.0,204.92,78.15,49.0,45.0,18.05185115161524,94,4.0,38.0,0.04,165.0,
2025-04-08 08:28:49,167.0,55.0,252.0,22.0,163.35,37.0,362.8,30.0,209.5,85.0,92.0,52.0,23.179036433813568,144,40.0,50.0,0.28,165.0,
2025-04-08 08:28:50,167.0,82.0,230.06,34.0,164.0,28.0,231.24,34.0,198.53,63.06,110.0,68.0,21.17086039819932,178,42.0,34.0,0.24,167.0,1.0
2025-04-08 08:28:51,166.29,28.0,226.8,30.0,162.6,25.0,228.07,30.0,196.54,60.51000000000002,53.0,60.0,15.923422370835764,113,-7.0,-65.0,-0.06,167.0,4.0
2025-04-08 08:28:52,164.71,21.0,221.81,52.0,161.88,43.0,224.0,41.0,193.26,57.1,64.0,93.0,6.567038906541098,157,-29.0,44.0,-0.18,165.0,1.0
2025-04-08 08:28:53,162.0,18.0,217.57,28.0,161.0,45.0,219.64,22.0,189.79,55.56999999999999,63.0,50.0,7.473307835224625,113,13.0,-44.0,0.12,165.0,
2025-04-08 08:28:54,159.81,74.0,184.41,39.0,158.93,122.0,200.59,37.0,172.11,24.599999999999994,196.0,76.0,10.562264435245046,272,120.0,159.0,0.44,162.0,2.0
2025-04-08 08:28:55,159.0,99.0,160.18,22.0,158.0,88.0,161.36,28.0,159.59,1.1800000000000068,187.0,50.0,15.800084493446716,237,137.0,-35.0,0.58,162.0,
2025-04-08 08:28:56,159.31,58.0,160.89,18.0,158.19,78.0,163.0,22.0,160.1,1.579999999999984,136.0,40.0,15.968699070370992,176,96.0,-61.0,0.55,159.0,4.0
2025-04-08 08:28:57,160.0,72.0,162.32,25.0,159.0,60.0,183.35,37.0,161.16,2.319999999999993,132.0,62.0,12.94321636997845,194,70.0,18.0,0.36,161.0,2.0
2025-04-08 08:28:58,160.4,50.0,163.0,26.0,159.46,65.0,164.0,39.0,161.7,2.5999999999999943,115.0,65.0,5.198141013870978,180,50.0,-14.0,0.28,160.0,1.0
2025-04-08 08:28:59,162.81,43.0,163.92,24.0,161.24,33.0,349.78,37.0,163.37,1.1099999999999852,76.0,61.0,1.4799763511929704,137,15.0,-43.0,0.11,163.5,4.0
2025-04-08 08:29:00,163.0,49.0,164.0,7.0,161.0,35.0,338.1,29.0,163.5,1.0,84.0,36.0,1.460027397033752,120,48.0,-17.0,0.4,163.5,
2025-04-08 08:29:01,163.0,63.0,164.0,9.0,161.0,45.0,262.56,41.0,163.5,1.0,108.0,50.0,1.1275992196201714,158,58.0,38.0,0.37,163.5,
2025-04-08 08:29:02,163.0,42.0,164.0,8.0,161.0,40.0,254.0,40.0,163.5,1.0,82.0,48.0,0.7924518913393008,130,34.0,-28.0,0.26,163.0,2.0
2025-04-08 08:29:03,163.0,40.0,164.0,8.0,161.0,40.0,244.53,38.0,163.5,1.0,80.0,46.0,0.0581377681600574,126,34.0,-4.0,0.27,163.0,
2025-04-08 08:29:04,163.0,60.0,164.0,12.0,162.0,24.0,204.5,48.0,163.5,1.0,84.0,60.0,0.0,144,24.0,18.0,0.17,163.0,
2025-04-08 08:29:05,162.8,41.0,164.0,12.0,160.93,30.0,220.73,44.0,163.4,1.1999999999999886,71.0,56.0,0.0447213605184642,127,15.0,-17.0,0.12,162.5,8.0
2025-04-08 08:29:06,158.56,43.0,163.21,19.0,157.35,46.0,204.53,19.0,160.88,4.650000000000006,89.0,38.0,1.161326827420908,127,51.0,0.0,0.4,160.4,5.0
2025-04-08 08:29:07,158.0,63.0,162.6,42.0,157.0,54.0,164.78,9.0,160.3,4.599999999999994,117.0,51.0,1.5894275699410103,168,66.0,41.0,0.39,162.0,3.0
2025-04-08 08:29:08,158.0,82.0,159.67,24.0,157.0,72.0,160.74,23.0,158.83,1.6699999999999875,154.0,47.0,2.030620594815825,201,107.0,33.0,0.53,158.0,2.0
2025-04-08 08:29:09,158.2,30.0,209.0,26.0,152.02,41.0,331.44,39.0,183.6,50.80000000000001,71.0,65.0,10.30588763766048,136,6.0,-65.0,0.04,159.67,3.0
2025-04-08 08:29:10,166.43,28.0,284.64,42.0,161.11,18.0,529.59,49.0,225.54,118.20999999999998,46.0,91.0,28.57070352651578,137,-45.0,1.0,-0.33,159.67,
2025-04-08 08:29:11,161.46,13.0,283.45,33.0,156.38,47.0,426.91,33.0,222.46,121.98999999999998,60.0,66.0,32.447093552428385,126,-6.0,-11.0,-0.05,164.2,5.0
2025-04-08 08:29:12,159.0,11.0,278.82,33.0,155.42,83.0,408.34,38.0,218.91,119.82,94.0,71.0,29.414337830385023,165,23.0,39.0,0.14,164.2,
2025-04-08 08:29:13,155.0,132.0,167.75,55.0,75.73,44.0,197.26,53.0,161.37,12.75,176.0,108.0,28.4927241589852,284,68.0,119.0,0.24,159.0,1.0
2025-04-08 08:29:14,155.0,180.0,159.67,75.0,88.02,63.0,161.0,48.0,157.33,4.669999999999988,243.0,123.0,34.59018169943645,366,120.0,82.0,0.33,159.0,
2025-04-08 08:29:15,155.0,144.0,158.05,22.0,120.56,54.0,159.21,56.0,156.52,3.050000000000012,198.0,78.0,34.183732534643624,276,120.0,-90.0,0.43,157.0,1.0
2025-04-08 08:29:16,155.0,168.0,157.06,50.0,130.38,136.0,162.44,62.0,156.03,2.0600000000000023,304.0,112.0,27.404653254512763,416,192.0,140.0,0.46,156.0,5.0
2025-04-08 08:29:17,156.26,110.0,160.01,73.0,151.38,162.0,235.7,79.0,158.14,3.75,272.0,152.0,2.110822114745592,424,120.0,8.0,0.28,156.0,3.0
2025-04-08 08:29:18,159.08,84.0,162.0,60.0,157.84,96.0,353.14,42.0,160.54,2.9199999999999875,180.0,102.0,1.7731807578753298,282,78.0,-142.0,0.28,156.0,
2025-04-08 08:29:19,161.0,45.0,162.0,39.0,158.0,176.0,376.0,52.0,161.5,1.0,221.0,91.0,2.4136031156960764,312,130.0,30.0,0.42,161.5,8.0
2025-04-08 08:29:20,158.79,68.0,203.43,14.0,157.34,112.0,329.27,44.0,181.11,44.640000000000015,180.0,58.0,10.092047859581768,238,122.0,-74.0,0.51,161.25,4.0
2025-04-08 08:29:21,163.6,90.0,231.29,14.0,157.43,89.0,271.62,34.0,197.44,67.69,179.0,48.0,17.05538272804435,227,131.0,-11.0,0.58,161.25,
2025-04-08 08:29:22,165.0,90.0,209.1,20.0,162.0,30.0,279.92,13.0,187.05,44.1,120.0,33.0,16.166909723260737,153,87.0,-74.0,0.57,161.25,
2025-04-08 08:29:23,165.0,90.0,209.0,20.0,162.0,30.0,289.6,25.0,187.0,44.0,120.0,45.0,13.290750543142869,165,75.0,12.0,0.45,161.25,
2025-04-08 08:29:24,165.0,99.0,199.47,17.0,162.0,33.0,280.28,25.0,182.24,34.47,132.0,42.0,6.44865644921828,174,90.0,9.0,0.52,161.25,
2025-04-08 08:29:25,165.0,75.0,206.55,22.0,162.0,33.0,299.0,11.0,185.77,41.55000000000001,108.0,33.0,5.681474280505262,141,75.0,-33.0,0.53,165.0,4.0
2025-04-08 08:29:26,165.0,50.0,203.4,20.0,162.0,30.0,299.0,10.0,184.2,38.400000000000006,80.0,30.0,2.045451050513729,110,50.0,-31.0,0.45,165.0,
2025-04-08 08:29:27,165.0,40.0,202.88,16.0,163.0,16.0,299.0,8.0,183.94,37.88,56.0,24.0,1.8227451824237133,80,32.0,-30.0,0.4,165.0,
2025-04-08 08:29:28,165.0,37.0,201.12,16.0,163.0,16.0,416.82,11.0,183.06,36.120000000000005,53.0,27.0,1.325978883712074,80,26.0,0.0,0.33,165.0,1.0
2025-04-08 08:29:29,164.68,38.0,200.0,26.0,163.12,34.0,515.0,26.0,182.34,35.31999999999999,72.0,52.0,1.2961944298793644,124,20.0,44.0,0.16,165.4,5.0
2025-04-08 08:29:30,163.0,18.0,199.11,18.0,162.0,27.0,515.0,18.0,181.06,36.110000000000014,45.0,36.0,1.2742056349161512,81,9.0,-43.0,0.11,165.4,
2025-04-08 08:29:31,162.32,19.0,199.0,16.0,161.47,19.0,304.0,40.0,180.66,36.68000000000001,38.0,56.0,1.365401040007445,94,-18.0,13.0,-0.19,162.67,3.0
2025-04-08 08:29:32,165.0,42.0,197.2,59.0,159.67,42.0,204.22,54.0,181.1,32.19999999999999,84.0,113.0,1.0117707250432206,197,-29.0,103.0,-0.15,162.0,2.0
2025-04-08 08:29:33,168.0,12.0,194.44,54.0,167.0,48.0,195.86,44.0,181.22,26.44,60.0,98.0,0.6309358129438901,158,-38.0,-39.0,-0.24,162.0,
2025-04-08 08:29:34,168.0,4.0,192.5,20.0,167.0,16.0,194.0,8.0,180.25,24.5,20.0,28.0,0.3997749367530987,48,-8.0,-110.0,-0.17,162.0,
2025-04-08 08:29:35,168.0,11.0,191.68,37.0,167.0,44.0,192.5,40.0,179.84,23.680000000000007,55.0,77.0,0.5781695253611971,132,-22.0,84.0,-0.17,162.0,
2025-04-08 08:29:36,167.03,31.0,189.11,35.0,162.31,35.0,191.07,56.0,178.07,22.080000000000013,66.0,91.0,1.2713496765474723,157,-25.0,25.0,-0.16,167.25,4.0
2025-04-08 08:29:37,167.0,16.0,184.53,59.0,164.65,17.0,186.13,71.0,175.76,17.53,33.0,130.0,2.1537803973616696,163,-97.0,6.0,-0.6,167.25,
2025-04-08 08:29:38,167.0,9.0,180.61,44.0,165.0,9.0,182.43,44.0,173.81,13.610000000000014,18.0,88.0,2.7384356848504243,106,-70.0,-57.0,-0.66,167.25,
2025-04-08 08:29:39,166.0,15.0,175.87,71.0,162.23,39.0,177.0,51.0,170.94,9.870000000000005,54.0,122.0,3.4995899759922944,176,-68.0,70.0,-0.39,164.67,3.0
2025-04-08 08:29:40,161.24,33.0,171.98,54.0,160.48,97.0,173.32,57.0,166.61,10.73999999999998,130.0,111.0,4.445421239890625,241,19.0,65.0,0.08,161.2,5.0
2025-04-08 08:29:41,161.0,60.0,167.03,36.0,159.0,60.0,168.41,49.0,164.01,6.030000000000001,120.0,85.0,4.89116857203634,205,35.0,-36.0,0.17,166.0,2.0
2025-04-08 08:29:42,159.46,65.0,162.73,30.0,158.27,55.0,164.0,27.0,161.1,3.269999999999982,120.0,57.0,5.132487700918682,177,63.0,-28.0,0.36,161.0,5.0
2025-04-08 08:29:43,158.59,39.0,160.36,22.0,156.5,32.0,164.95,40.0,159.48,1.7700000000000102,71.0,62.0,4.552479544170065,133,9.0,-44.0,0.07,159.0,5.0
2025-04-08 08:29:44,155.23,26.0,164.84,37.0,128.78,23.0,253.62,52.0,160.03,9.610000000000014,49.0,89.0,3.001288056833419,138,-40.0,5.0,-0.29,158.33,6.0
2025-04-08 08:29:45,135.0,14.0,166.6,50.0,130.33,12.0,284.2,50.0,150.8,31.599999999999994,26.0,100.0,4.949902019242072,126,-74.0,-12.0,-0.59,158.33,
2025-04-08 08:29:48,118.43,106.0,163.44,90.0,107.72,127.0,287.18,66.0,140.94,45.00999999999999,233.0,156.0,13.531479224391118,389,77.0,168.0,0.2,158.33,
2025-04-08 08:29:49,154.35,127.0,160.53,64.0,149.38,32.0,161.69,58.0,157.44,6.180000000000007,159.0,122.0,12.695635864348402,281,37.0,-108.0,0.13,161.0,1.0
2025-04-08 08:29:50,159.0,52.0,160.0,30.0,133.0,6.0,193.14,14.0,159.5,1.0,58.0,44.0,14.716092212273136,102,14.0,-168.0,0.14,159.0,4.0
2025-04-08 08:29:51,152.96,57.0,225.66,35.0,80.55,11.0,465.32,37.0,189.31,72.69999999999999,68.0,72.0,22.25116918276662,140,-4.0,38.0,-0.03,159.2,10.0
2025-04-08 08:29:53,121.33,63.0,289.0,60.0,65.83,47.0,538.29,45.0,205.17,167.67000000000002,110.0,105.0,64.2064745177619,215,5.0,119.0,0.02,159.2,
2025-04-08 08:29:55,129.44,9.0,200.46,26.0,68.13,15.0,267.5,28.0,164.95,71.02000000000001,24.0,54.0,68.99804294326047,78,-30.0,-22.0,-0.38,158.75,4.0
2025-04-08 08:29:56,134.38,16.0,160.0,35.0,89.47,19.0,250.0,16.0,147.19,25.620000000000005,35.0,51.0,73.23454546865182,86,-16.0,8.0,-0.19,160.0,1.0
2025-04-08 08:29:57,148.5,109.0,250.0,16.0,146.1,49.0,371.12,32.0,199.25,101.5,158.0,48.0,32.00387507787256,206,110.0,120.0,0.53,160.0,
2025-04-08 08:29:58,159.0,51.0,287.85,26.0,150.78,139.0,441.91,43.0,223.42,128.85000000000002,190.0,69.0,37.61355832675321,259,121.0,53.0,0.47,159.0,4.0
2025-04-08 08:29:59,167.0,10.0,270.02,41.0,159.29,35.0,312.61,36.0,218.51,103.01999999999998,45.0,77.0,33.44126612435652,122,-32.0,-137.0,-0.26,159.0,
2025-04-08 08:30:00,167.0,12.0,314.07,54.0,161.0,84.0,486.54,39.0,240.54,147.07,96.0,93.0,35.90581108957165,189,3.0,67.0,0.02,159.0,
2025-04-08 08:30:01,167.0,9.0,341.6,30.0,161.0,171.0,397.92,25.0,254.3,174.60000000000002,180.0,55.0,21.11499775041351,235,125.0,46.0,0.53,159.0,
2025-04-08 08:30:02,167.0,8.0,281.62,21.0,161.0,152.0,447.22,27.0,224.31,114.62,160.0,48.0,14.872129302825414,208,112.0,-27.0,0.54,159.0,
2025-04-08 08:30:03,161.1,117.0,274.58,19.0,159.83,92.0,591.12,16.0,217.84,113.48,209.0,35.0,15.872880960933346,244,174.0,36.0,0.71,161.67,9.0
2025-04-08 08:30:04,161.0,132.0,347.9,21.0,159.0,72.0,584.18,28.0,254.45,186.9,204.0,49.0,16.853568464866633,253,155.0,9.0,0.61,161.67,
2025-04-08 08:30:05,161.0,147.0,186.51,57.0,159.0,84.0,221.95,37.0,173.75,25.50999999999999,231.0,94.0,33.1815920353435,325,137.0,72.0,0.42,161.0,1.0
2025-04-08 08:30:06,160.69,77.0,181.62,13.0,158.95,44.0,182.98,41.0,171.15,20.930000000000007,121.0,54.0,35.53512065548674,175,67.0,-150.0,0.38,161.0,10.0
2025-04-08 08:30:07,160.76,51.0,178.44,18.0,158.97,31.0,180.0,18.0,169.6,17.680000000000007,82.0,36.0,37.72834570982433,118,46.0,-57.0,0.39,161.0,
2025-04-08 08:30:08,161.0,117.0,175.0,65.0,159.0,78.0,177.0,13.0,168.0,14.0,195.0,78.0,37.547593131917765,273,117.0,155.0,0.43,161.0,
2025-04-08 08:30:09,162.18,57.0,173.77,47.0,160.47,59.0,174.56,43.0,167.97,11.590000000000003,116.0,90.0,2.43010905106538,206,26.0,-67.0,0.13,164.0,1.0
2025-04-08 08:30:10,166.0,28.0,171.86,14.0,162.43,14.0,174.0,70.0,168.93,5.860000000000014,42.0,84.0,1.3194506432874435,126,-42.0,-80.0,-0.33,164.0,
2025-04-08 08:30:11,164.4,30.0,168.83,24.0,161.38,39.0,171.54,50.0,166.62,4.430000000000007,69.0,74.0,1.1268673391634398,143,-5.0,17.0,-0.03,166.0,2.0
2025-04-08 08:30:12,161.73,22.0,165.92,13.0,160.45,44.0,167.24,17.0,163.83,4.189999999999998,66.0,30.0,1.9896356450554888,96,36.0,-47.0,0.38,161.67,3.0
2025-04-08 08:30:13,160.42,55.0,163.11,38.0,158.93,84.0,163.83,41.0,161.76,2.690000000000026,139.0,79.0,2.9739821788433245,218,60.0,122.0,0.28,160.12,8.0
2025-04-08 08:30:14,159.0,30.0,164.21,38.0,158.0,15.0,336.48,40.0,161.61,5.210000000000008,45.0,78.0,3.178655376111107,123,-33.0,-95.0,-0.27,162.6,5.0
2025-04-08 08:30:15,159.0,20.0,352.43,35.0,143.75,12.0,504.92,25.0,255.71,193.43,32.0,60.0,41.30745368574596,92,-28.0,-31.0,-0.3,162.6,
2025-04-08 08:30:16,162.82,44.0,408.05,38.0,160.08,25.0,484.07,28.0,285.44,245.23,69.0,66.0,60.18141698232106,135,3.0,43.0,0.02,162.6,
2025-04-08 08:30:17,165.0,30.0,319.0,20.0,162.0,25.0,527.4,15.0,242.0,154.0,55.0,35.0,56.64447307549054,90,20.0,-45.0,0.22,162.6,
2025-04-08 08:30:18,165.16,50.0,366.41,51.0,163.73,83.0,516.12,48.0,265.79,201.25000000000003,133.0,99.0,47.70600957950616,232,34.0,142.0,0.15,162.6,
2025-04-08 08:30:19,165.2,20.0,231.0,36.0,163.12,64.0,444.58,38.0,198.1,65.80000000000001,84.0,74.0,32.76346852822394,158,10.0,-74.0,0.06,165.2,5.0
2025-04-08 08:30:20,165.0,18.0,432.52,29.0,162.0,45.0,683.33,27.0,298.76,267.52,63.0,56.0,39.7461434607171,119,7.0,-39.0,0.06,165.2,
2025-04-08 08:30:21,163.85,13.0,218.2,20.0,160.43,42.0,368.06,17.0,191.02,54.35,55.0,37.0,45.47736338003708,92,18.0,-27.0,0.2,165.0,2.0
2025-04-08 08:30:22,162.0,50.0,216.23,44.0,159.0,220.0,260.74,27.0,189.11,54.22999999999999,270.0,71.0,50.51603339534841,341,199.0,168.0,0.58,165.0,
2025-04-08 08:30:23,162.0,50.0,214.87,47.0,159.0,219.0,215.75,32.0,188.44,52.870000000000005,269.0,79.0,48.0463232724418,348,190.0,7.0,0.55,165.0,
2025-04-08 08:30:24,162.0,45.0,212.67,36.0,159.0,225.0,214.0,27.0,187.33,50.66999999999999,270.0,63.0,49.11565300390483,333,207.0,-15.0,0.62,165.0,
2025-04-08 08:30:25,162.0,50.0,211.0,36.0,159.0,250.0,212.26,34.0,186.5,49.0,300.0,70.0,1.7387495506901571,370,230.0,37.0,0.62,165.0,
2025-04-08 08:30:26,162.0,83.0,195.72,61.0,159.0,425.0,202.84,51.0,178.86,33.72,508.0,112.0,4.14163856462988,620,396.0,168.0,0.64,162.0,1.0
2025-04-08 08:30:27,162.0,36.0,170.0,52.0,159.0,325.0,183.48,29.0,166.0,8.0,361.0,81.0,9.412023161894448,442,280.0,-168.0,0.63,162.0,2.0
2025-04-08 08:30:28,162.0,20.0,167.79,47.0,161.0,40.0,174.9,39.0,164.89,5.789999999999992,60.0,86.0,10.81280860831476,146,-26.0,-168.0,-0.18,162.0,
2025-04-08 08:30:29,161.22,55.0,163.05,55.0,159.16,299.0,164.48,66.0,162.14,1.8300000000000125,354.0,121.0,10.494794900332945,475,233.0,168.0,0.49,161.33,6.0
2025-04-08 08:30:30,159.0,319.0,160.72,50.0,158.0,42.0,186.96,49.0,159.86,1.7199999999999989,361.0,99.0,7.392536777051798,460,262.0,-15.0,0.57,159.0,9.0
2025-04-08 08:30:31,159.0,144.0,333.67,43.0,158.0,27.0,567.33,24.0,246.34,174.67000000000002,171.0,67.0,37.24845070603662,238,104.0,-168.0,0.44,160.6,5.0
2025-04-08 08:30:32,159.73,142.0,243.71,56.0,158.79,112.0,245.0,70.0,201.72,83.98000000000002,254.0,126.0,37.35426615528711,380,128.0,142.0,0.34,160.0,6.0
2025-04-08 08:30:33,167.0,35.0,237.33,24.0,163.0,14.0,319.06,33.0,202.17,70.33000000000001,49.0,57.0,35.51558643750677,106,-8.0,-168.0,-0.08,160.0,
2025-04-08 08:30:34,167.0,40.0,209.0,16.0,163.0,16.0,243.0,32.0,188.0,42.0,56.0,48.0,31.26320872847196,104,8.0,-2.0,0.08,160.0,
2025-04-08 08:30:35,167.0,45.0,207.87,30.0,163.0,18.0,284.85,27.0,187.43,40.870000000000005,63.0,57.0,24.11110055555317,120,6.0,16.0,0.05,167.0,5.0
2025-04-08 08:30:36,163.0,18.0,203.12,32.0,159.0,9.0,205.45,22.0,183.06,40.120000000000005,27.0,54.0,8.854136321517654,81,-27.0,-39.0,-0.33,167.0,
2025-04-08 08:30:37,160.09,33.0,202.89,36.0,158.49,35.0,204.0,18.0,181.49,42.79999999999998,68.0,54.0,8.16965421545031,122,14.0,41.0,0.11,162.14,7.0
2025-04-08 08:30:38,159.47,38.0,199.64,44.0,158.33,36.0,236.35,34.0,179.56,40.16999999999999,74.0,78.0,3.6952631841362646,152,-4.0,30.0,-0.03,162.14,
2025-04-08 08:30:39,162.0,16.0,183.8,30.0,159.0,71.0,221.55,33.0,172.9,21.80000000000001,87.0,63.0,5.325633295678375,150,24.0,-2.0,0.16,162.0,1.0
2025-04-08 08:30:40,159.33,45.0,172.92,52.0,158.65,69.0,254.05,56.0,166.13,13.589999999999977,114.0,108.0,7.030509938834118,222,6.0,72.0,0.03,159.6,5.0
2025-04-08 08:30:41,159.0,33.0,172.0,36.0,158.0,27.0,390.33,45.0,165.5,13.0,60.0,81.0,7.390928899675004,141,-21.0,-81.0,-0.15,159.0,2.0
2025-04-08 08:30:42,159.0,18.0,171.5,24.0,158.0,18.0,221.0,30.0,165.25,12.5,36.0,54.0,6.275067330320573,90,-18.0,-51.0,-0.2,159.0,
2025-04-08 08:30:43,158.5,36.0,168.47,51.0,152.0,30.0,174.73,56.0,163.49,9.97,66.0,107.0,3.626324585591032,173,-41.0,83.0,-0.24,163.89,9.0
2025-04-08 08:30:44,156.97,29.0,166.0,30.0,136.08,24.0,185.0,50.0,161.48,9.03,53.0,80.0,1.8891400160035412,133,-27.0,-40.0,-0.2,163.89,
2025-04-08 08:30:45,140.95,20.0,165.17,36.0,123.13,31.0,347.25,60.0,153.06,24.22,51.0,96.0,5.121740914969278,147,-45.0,14.0,-0.31,163.89,
2025-04-08 08:30:46,144.09,11.0,257.33,30.0,143.4,15.0,328.19,32.0,200.71,113.23999999999998,26.0,62.0,18.44164228044939,88,-36.0,-59.0,-0.41,164.0,3.0
2025-04-08 08:30:47,150.21,24.0,157.56,27.0,146.63,30.0,243.03,58.0,153.88,7.349999999999994,54.0,85.0,19.64993460549074,139,-31.0,51.0,-0.22,156.0,2.0
2025-04-08 08:30:48,155.5,10.0,158.73,11.0,154.07,28.0,193.6,40.0,157.11,3.2299999999999898,38.0,51.0,20.09824047025173,89,-13.0,-50.0,-0.15,157.33,3.0
2025-04-08 08:30:49,157.33,6.0,160.0,6.0,156.0,6.0,202.0,30.0,158.67,2.6699999999999875,12.0,36.0,20.268510798775168,48,-24.0,-41.0,-0.5,157.33,
2025-04-08 08:30:50,160.57,14.0,269.12,57.0,131.29,17.0,404.55,47.0,214.85,108.55,31.0,104.0,28.552199214772305,135,-73.0,87.0,-0.54,160.0,1.0
2025-04-08 08:30:51,162.93,15.0,212.19,32.0,161.0,15.0,405.96,28.0,187.56,49.25999999999999,30.0,60.0,26.34783919034061,90,-30.0,-45.0,-0.33,160.0,
2025-04-08 08:30:53,165.71,14.0,422.12,50.0,161.0,14.0,601.48,29.0,293.92,256.41,28.0,79.0,101.38615709257311,107,-51.0,87.0,-0.48,160.0,
2025-04-08 08:30:55,142.67,27.0,207.06,33.0,87.09,43.0,468.77,26.0,174.86,64.39000000000001,70.0,59.0,101.8725290743283,129,11.0,57.0,0.09,160.0,
2025-04-08 08:30:56,130.25,24.0,163.86,35.0,96.6,40.0,539.52,27.0,147.05,33.610000000000014,64.0,62.0,112.43698488486731,126,2.0,-3.0,0.02,160.0,
2025-04-08 08:30:57,136.33,27.0,155.2,30.0,71.56,41.0,213.97,39.0,145.77,18.869999999999976,68.0,69.0,93.41974272069037,137,-1.0,11.0,-0.01,157.0,6.0
2025-04-08 08:30:58,127.82,34.0,160.0,10.0,53.54,26.0,329.0,10.0,143.91,32.18000000000001,60.0,20.0,88.54343103810712,80,40.0,-57.0,0.5,157.0,
2025-04-08 08:30:59,116.35,49.0,159.89,9.0,78.04,27.0,228.52,27.0,138.12,43.53999999999999,76.0,36.0,14.342425527089445,112,40.0,32.0,0.36,157.0,
2025-04-08 08:31:00,140.76,55.0,199.82,34.0,107.41,46.0,428.0,10.0,170.29,59.06,101.0,44.0,12.36707402743706,145,57.0,33.0,0.39,159.5,2.0
2025-04-08 08:31:01,166.0,5.0,228.0,20.0,161.0,30.0,496.8,5.0,197.0,62.0,35.0,25.0,24.54678125539254,60,10.0,-85.0,0.17,159.5,
2025-04-08 08:31:02,161.95,37.0,299.0,31.0,159.09,47.0,524.8,30.0,230.47,137.05,84.0,61.0,38.42277540730316,145,23.0,85.0,0.16,166.0,1.0
2025-04-08 08:31:03,162.82,44.0,332.11,18.0,158.88,34.0,335.0,36.0,247.46,169.29000000000002,78.0,54.0,44.28933246279541,132,24.0,-13.0,0.18,166.0,
2025-04-08 08:31:04,165.0,44.0,231.0,23.0,161.0,72.0,324.95,37.0,198.0,66.0,116.0,60.0,30.42598774074562,176,56.0,44.0,0.32,165.0,1.0
2025-04-08 08:31:05,165.0,42.0,207.18,55.0,161.43,84.0,259.37,38.0,186.09,42.18000000000001,126.0,93.0,25.93592354245356,219,33.0,43.0,0.15,165.0,
2025-04-08 08:31:06,162.58,72.0,187.67,57.0,161.62,78.0,195.07,61.0,175.12,25.08999999999997,150.0,118.0,30.50204534125547,268,32.0,49.0,0.12,163.67,9.0
2025-04-08 08:31:07,161.0,42.0,163.0,21.0,159.0,21.0,205.0,35.0,162.0,2.0,63.0,56.0,32.8505719889324,119,7.0,-149.0,0.06,163.67,
2025-04-08 08:31:08,161.0,28.0,162.6,25.0,159.0,31.0,189.25,40.0,161.8,1.5999999999999943,59.0,65.0,15.671714009643663,124,-6.0,5.0,-0.05,161.0,4.0
2025-04-08 08:31:09,160.0,24.0,162.07,40.0,156.67,36.0,296.56,32.0,161.04,2.069999999999993,60.0,72.0,11.107470459113332,132,-12.0,8.0,-0.09,161.5,4.0
2025-04-08 08:31:10,149.0,16.0,166.98,43.0,142.45,22.0,331.35,40.0,157.99,17.97999999999999,38.0,83.0,6.643335005860059,121,-45.0,-11.0,-0.37,159.33,12.0
2025-04-08 08:31:11,128.88,40.0,231.89,18.0,127.58,12.0,328.79,42.0,180.38,103.01,52.0,60.0,8.94378667009023,112,-8.0,-9.0,-0.07,159.33,
2025-04-08 08:31:12,135.29,31.0,230.0,13.0,130.4,45.0,448.83,46.0,182.65,94.71,76.0,59.0,11.747219671057325,135,17.0,23.0,0.13,159.33,
2025-04-08 08:31:13,148.2,51.0,161.67,15.0,143.07,15.0,211.14,29.0,154.93,13.47,66.0,44.0,13.091423528405096,110,22.0,-25.0,0.2,159.33,
2025-04-08 08:31:14,150.4,48.0,155.0,11.0,149.96,23.0,207.3,20.0,152.7,4.599999999999994,71.0,31.0,14.55367135811722,102,40.0,-8.0,0.39,153.0,1.0
2025-04-08 08:31:15,154.62,77.0,156.71,31.0,152.71,35.0,254.92,39.0,155.67,2.0900000000000034,112.0,70.0,14.895107586052625,182,42.0,80.0,0.23,156.0,2.0
2025-04-08 08:31:16,153.92,26.0,157.08,25.0,150.35,17.0,204.43,28.0,155.5,3.160000000000025,43.0,53.0,12.555833305682707,96,-10.0,-86.0,-0.1,156.2,5.0
2025-04-08 08:31:17,160.24,38.0,278.51,53.0,155.77,22.0,332.33,48.0,219.37,118.26999999999998,60.0,101.0,28.945642677268,161,-41.0,65.0,-0.25,157.0,1.0
2025-04-08 08:31:18,165.43,14.0,329.07,56.0,163.0,70.0,361.86,56.0,247.25,163.64,84.0,112.0,44.22702872678705,196,-28.0,35.0,-0.14,157.0,
2025-04-08 08:31:19,167.0,7.0,271.91,22.0,163.0,35.0,327.77,26.0,219.45,104.91000000000004,42.0,48.0,41.62312242011672,90,-6.0,-106.0,-0.07,157.0,
2025-04-08 08:31:20,163.7,27.0,378.82,44.0,160.98,41.0,517.67,54.0,271.26,215.12,68.0,98.0,43.29600940040528,166,-30.0,76.0,-0.18,164.0,5.0
2025-04-08 08:31:21,163.0,9.0,308.67,36.0,159.2,15.0,433.29,28.0,235.83,145.67000000000002,24.0,64.0,21.71221591639036,88,-40.0,-78.0,-0.45,164.0,
2025-04-08 08:31:22,159.03,122.0,174.0,48.0,132.7,23.0,219.76,42.0,166.52,14.97,145.0,90.0,39.230640703409016,235,55.0,147.0,0.23,161.0,2.0
2025-04-08 08:31:23,160.87,60.0,173.92,48.0,157.39,94.0,178.0,48.0,167.39,13.049999999999985,154.0,96.0,45.2591454846421,250,58.0,15.0,0.23,161.0,
2025-04-08 08:31:24,166.2,20.0,172.44,36.0,159.31,72.0,178.0,36.0,169.32,6.240000000000009,92.0,72.0,48.646841932442186,164,20.0,-86.0,0.12,161.0,
2025-04-08 08:31:25,167.0,36.0,169.88,34.0,166.0,18.0,173.25,32.0,168.44,2.8799999999999955,54.0,66.0,30.38979022632517,120,-12.0,-44.0,-0.1,161.0,
2025-04-08 08:31:26,167.0,35.0,168.43,37.0,166.0,22.0,208.14,43.0,167.72,1.4300000000000068,57.0,80.0,1.060952402358777,137,-23.0,17.0,-0.17,167.0,3.0
2025-04-08 08:31:27,167.0,9.0,168.78,36.0,166.0,18.0,318.5,32.0,167.89,1.7800000000000011,27.0,68.0,0.7554932164291303,95,-41.0,-42.0,-0.43,167.0,
2025-04-08 08:31:28,167.0,9.0,168.0,36.0,166.0,18.0,325.83,24.0,167.5,1.0,27.0,60.0,0.7288895664436348,87,-33.0,-8.0,-0.38,167.0,
2025-04-08 08:31:29,166.0,26.0,377.82,17.0,161.0,65.0,381.41,29.0,271.91,211.82,91.0,46.0,46.52157531726585,137,45.0,50.0,0.33,167.0,1.0
2025-04-08 08:31:30,163.41,27.0,375.73,15.0,159.68,117.0,376.8,15.0,269.57,212.32,144.0,30.0,56.44173960820137,174,114.0,37.0,0.66,163.0,5.0
2025-04-08 08:31:31,161.91,46.0,314.55,20.0,159.9,40.0,329.67,15.0,238.23,152.64,86.0,35.0,52.2261093706968,121,51.0,-53.0,0.42,163.0,
2025-04-08 08:31:32,163.73,30.0,287.71,31.0,162.26,54.0,307.77,22.0,225.72,123.98,84.0,53.0,42.45402607527306,137,31.0,16.0,0.23,163.0,
2025-04-08 08:31:33,164.0,22.0,243.93,15.0,162.0,44.0,246.6,20.0,203.97,79.93,66.0,35.0,29.06962848059729,101,31.0,-36.0,0.31,163.0,
2025-04-08 08:31:34,164.0,20.0,214.69,13.0,162.0,40.0,219.0,17.0,189.35,50.69,60.0,30.0,31.12291149619488,90,30.0,-11.0,0.33,163.0,
2025-04-08 08:31:35,164.0,22.0,270.17,18.0,161.45,22.0,285.86,37.0,217.08,106.17000000000002,44.0,55.0,18.96296785843389,99,-11.0,9.0,-0.11,163.0,
2025-04-08 08:31:36,163.36,33.0,238.0,49.0,159.93,68.0,276.02,43.0,200.68,74.63999999999999,101.0,92.0,14.24818058560493,193,9.0,94.0,0.05,164.8,5.0
2025-04-08 08:31:37,161.0,40.0,205.74,23.0,159.0,88.0,218.52,33.0,183.37,44.74000000000001,128.0,56.0,13.15074712706557,184,72.0,-9.0,0.39,164.8,
2025-04-08 08:31:38,161.42,48.0,203.08,60.0,159.42,119.0,204.48,52.0,182.25,41.660000000000025,167.0,112.0,14.56451269353117,279,55.0,95.0,0.2,162.33,3.0
2025-04-08 08:31:39,161.45,22.0,197.61,66.0,159.56,108.0,199.45,74.0,179.53,36.160000000000025,130.0,140.0,16.02884493655216,270,-10.0,-9.0,-0.04,161.33,3.0
2025-04-08 08:31:40,161.91,44.0,194.0,60.0,159.22,72.0,195.08,60.0,177.95,32.09,116.0,120.0,9.15706721609309,236,-4.0,-34.0,-0.02,161.33,
2025-04-08 08:31:41,162.0,29.0,193.0,35.0,161.0,7.0,194.0,35.0,177.5,31.0,36.0,70.0,2.599076759169386,106,-34.0,-130.0,-0.32,162.0,1.0
2025-04-08 08:31:42,162.3,20.0,191.55,55.0,161.55,11.0,192.55,55.0,176.92,29.25,31.0,110.0,2.143466818044212,141,-79.0,35.0,-0.56,162.0,3.0
2025-04-08 08:31:43,163.0,7.0,189.86,29.0,162.0,7.0,190.71,35.0,176.43,26.860000000000014,14.0,64.0,1.190264676472628,78,-50.0,-63.0,-0.64,162.0,
2025-04-08 08:31:44,159.42,67.0,181.85,41.0,160.55,11.0,186.86,43.0,170.64,22.430000000000007,78.0,84.0,2.9895936178787634,162,-6.0,84.0,-0.04,161.25,4.0
2025-04-08 08:31:45,159.0,57.0,170.26,53.0,158.0,13.0,172.82,45.0,164.63,11.259999999999993,70.0,98.0,5.539786096959512,168,-28.0,6.0,-0.17,159.0,4.0
2025-04-08 08:31:46,159.0,44.0,165.76,41.0,158.0,11.0,166.87,47.0,162.38,6.759999999999991,55.0,88.0,6.639695023121992,143,-33.0,-25.0,-0.23,159.0,
2025-04-08 08:31:47,158.77,26.0,163.06,47.0,148.82,17.0,163.91,55.0,160.92,4.289999999999992,43.0,102.0,6.4440321228308886,145,-59.0,2.0,-0.41,159.0,4.0
2025-04-08 08:31:48,158.0,17.0,160.89,73.0,102.87,177.0,162.13,63.0,159.45,2.8899999999999864,194.0,136.0,4.373663224355742,330,58.0,168.0,0.18,159.0,
2025-04-08 08:31:50,156.0,19.0,157.0,33.0,63.93,73.0,162.54,39.0,156.5,1.0,92.0,72.0,17.297988900450253,164,20.0,-92.0,0.12,156.67,3.0
2025-04-08 08:31:51,151.38,13.0,157.5,24.0,66.89,56.0,214.5,24.0,154.44,6.1200000000000045,69.0,48.0,16.46719162456376,117,21.0,-47.0,0.18,156.6,5.0
2025-04-08 08:31:52,159.0,72.0,161.0,18.0,67.41,86.0,482.53,17.0,160.0,2.0,158.0,35.0,16.326894377073163,193,123.0,76.0,0.64,156.6,
2025-04-08 08:31:53,159.0,100.0,160.35,26.0,125.05,65.0,274.0,28.0,159.67,1.3499999999999943,165.0,54.0,16.357762683206502,219,111.0,26.0,0.51,159.14,7.0
2025-04-08 08:31:54,159.0,42.0,161.0,17.0,158.0,14.0,291.86,14.0,160.0,2.0,56.0,31.0,2.531702984176962,87,25.0,-132.0,0.29,161.0,2.0
2025-04-08 08:31:55,159.0,46.0,215.0,10.0,158.0,18.0,502.11,19.0,187.0,56.0,64.0,29.0,12.9508308613803,93,35.0,6.0,0.38,159.4,5.0
2025-04-08 08:31:57,166.0,40.0,432.46,39.0,159.0,20.0,457.0,32.0,299.23,266.46,60.0,71.0,76.65773066038405,131,-11.0,56.0,-0.08,159.4,
2025-04-08 08:31:58,166.0,40.0,370.76,42.0,162.16,38.0,419.44,32.0,268.38,204.76,78.0,74.0,68.81731141217266,152,4.0,21.0,0.03,159.4,
2025-04-08 08:31:59,166.0,6.0,369.25,28.0,163.0,30.0,370.23,26.0,267.62,203.25,36.0,54.0,49.30550101154956,90,-18.0,-62.0,-0.2,166.0,3.0
2025-04-08 08:32:00,166.0,7.0,298.83,24.0,163.0,35.0,347.96,27.0,232.42,132.82999999999998,42.0,51.0,31.900671936495307,93,-9.0,3.0,-0.1,166.0,
2025-04-08 08:32:01,166.0,14.0,227.03,61.0,163.0,70.0,272.97,62.0,196.52,61.03,84.0,123.0,39.37286730732139,207,-39.0,114.0,-0.19,166.0,
2025-04-08 08:32:02,166.0,6.0,223.83,24.0,163.0,30.0,225.0,30.0,194.92,57.83000000000001,36.0,54.0,36.14629330927268,90,-18.0,-117.0,-0.2,166.0,
2025-04-08 08:32:03,166.0,5.0,222.0,25.0,163.0,25.0,223.0,20.0,194.0,56.0,30.0,45.0,32.542554908918795,75,-15.0,-15.0,-0.2,166.0,
2025-04-08 08:32:04,166.0,7.0,222.0,35.0,163.0,35.0,223.0,28.0,194.0,56.0,42.0,63.0,16.828853793411408,105,-21.0,30.0,-0.2,166.0,
2025-04-08 08:32:05,163.95,84.0,221.04,53.0,162.78,23.0,222.57,46.0,192.5,57.09,107.0,99.0,1.4742862680056128,206,8.0,101.0,0.04,164.0,6.0
2025-04-08 08:32:06,165.0,66.0,219.33,24.0,163.0,18.0,221.0,30.0,192.17,54.33000000000001,84.0,54.0,1.14931283819125,138,30.0,-68.0,0.22,164.0,
2025-04-08 08:32:07,165.43,116.0,217.92,48.0,163.0,36.0,221.0,60.0,191.67,52.48999999999998,152.0,108.0,1.0747883512730405,260,44.0,122.0,0.17,166.0,4.0
2025-04-08 08:32:08,166.0,51.0,216.33,36.0,163.0,27.0,221.0,45.0,191.17,50.33000000000001,78.0,81.0,1.074788351273435,159,-3.0,-101.0,-0.02,166.0,3.0
2025-04-08 08:32:09,166.0,44.0,211.3,40.0,163.0,33.0,220.09,53.0,188.65,45.30000000000001,77.0,93.0,1.528895025838806,170,-16.0,11.0,-0.09,166.0,
2025-04-08 08:32:10,167.36,56.0,211.87,47.0,163.0,42.0,216.54,35.0,189.61,44.50999999999999,98.0,82.0,1.475018643962005,180,16.0,10.0,0.09,166.0,
2025-04-08 08:32:11,164.67,54.0,210.24,17.0,162.1,100.0,211.02,53.0,187.45,45.57000000000002,154.0,70.0,1.7474552927148062,224,84.0,44.0,0.38,168.0,4.0
2025-04-08 08:32:12,162.05,39.0,209.07,43.0,161.09,55.0,210.6,20.0,185.56,47.01999999999998,94.0,63.0,2.128901125002962,157,31.0,-67.0,0.2,162.2,10.0
2025-04-08 08:32:13,162.0,18.0,207.33,43.0,161.0,45.0,209.41,17.0,184.66,45.33000000000001,63.0,60.0,2.0684124347046837,123,3.0,-34.0,0.02,162.2,
2025-04-08 08:32:14,159.06,206.0,207.13,60.0,158.75,80.0,207.08,39.0,183.1,48.06999999999999,286.0,99.0,2.525119799146706,385,187.0,168.0,0.49,161.29,7.0
2025-04-08 08:32:15,159.25,83.0,205.65,31.0,158.88,68.0,207.73,11.0,182.45,46.400000000000006,151.0,42.0,1.9943996590565485,193,109.0,-168.0,0.56,161.29,
2025-04-08 08:32:16,166.0,13.0,203.24,33.0,160.17,197.0,356.05,40.0,184.62,37.24000000000001,210.0,73.0,1.2684321030491754,283,137.0,90.0,0.48,161.29,
2025-04-08 08:32:17,166.0,9.0,199.34,35.0,162.0,99.0,252.91,22.0,182.67,33.34,108.0,57.0,1.0667005203179678,165,51.0,-118.0,0.31,161.29,
2025-04-08 08:32:18,166.0,14.0,197.05,39.0,162.0,157.0,197.95,22.0,181.53,31.05000000000001,171.0,61.0,1.1321793144407637,232,110.0,67.0,0.47,161.29,
2025-04-08 08:32:19,166.0,6.0,194.2,10.0,162.0,72.0,195.5,8.0,180.1,28.19999999999999,78.0,18.0,1.656149147887488,96,60.0,-136.0,0.62,161.29,
2025-04-08 08:32:20,166.0,7.0,193.0,12.0,162.0,82.0,193.78,9.0,179.5,27.0,89.0,21.0,2.05517152570031,110,68.0,14.0,0.62,161.29,
2025-04-08 08:32:21,166.0,10.0,188.94,17.0,162.0,110.0,190.65,17.0,177.47,22.94,120.0,34.0,1.9879713277739772,154,86.0,44.0,0.56,161.29,
2025-04-08 08:32:22,166.0,11.0,185.09,34.0,162.0,133.0,186.77,43.0,175.54,19.090000000000003,144.0,77.0,2.346565575485497,221,67.0,67.0,0.3,161.29,
2025-04-08 08:32:23,162.09,131.0,182.63,35.0,159.83,249.0,183.61,56.0,172.36,20.539999999999992,380.0,91.0,3.1520596441146664,471,289.0,168.0,0.61,163.0,4.0
2025-04-08 08:32:24,162.0,63.0,179.3,60.0,160.75,144.0,181.11,45.0,170.65,17.30000000000001,207.0,105.0,3.622172000341655,312,102.0,-159.0,0.33,162.0,5.0
2025-04-08 08:32:25,162.0,22.0,179.0,45.0,161.0,81.0,180.0,18.0,170.5,17.0,103.0,63.0,3.088386310043112,166,40.0,-146.0,0.24,162.0,1.0
2025-04-08 08:32:26,162.25,24.0,175.29,28.0,161.13,93.0,175.74,62.0,168.77,13.039999999999992,117.0,90.0,2.560083983009997,207,27.0,41.0,0.13,163.0,1.0
2025-04-08 08:32:27,162.6,25.0,170.4,45.0,161.1,100.0,174.04,53.0,166.5,7.800000000000011,125.0,98.0,2.2196463682458925,223,27.0,16.0,0.12,163.0,
2025-04-08 08:32:28,162.8,20.0,169.22,41.0,161.0,27.0,169.97,29.0,166.01,6.419999999999988,47.0,70.0,2.1733913591594947,117,-23.0,-106.0,-0.2,162.5,4.0
2025-04-08 08:32:29,161.05,109.0,165.62,42.0,159.71,140.0,166.94,36.0,163.33,4.569999999999993,249.0,78.0,2.7422381370098705,327,171.0,168.0,0.52,164.75,4.0
2025-04-08 08:32:30,161.14,83.0,164.19,32.0,160.1,146.0,165.62,32.0,162.67,3.050000000000012,229.0,64.0,2.4829981876903973,293,165.0,-34.0,0.56,162.0,2.0
2025-04-08 08:32:31,160.81,73.0,163.4,30.0,158.46,78.0,166.47,30.0,162.1,2.5900000000000034,151.0,60.0,2.002715656321642,211,91.0,-82.0,0.43,161.0,10.0
2025-04-08 08:32:32,159.29,14.0,164.0,14.0,158.05,74.0,193.0,14.0,161.64,4.710000000000008,88.0,28.0,1.7193748864274263,116,60.0,-95.0,0.52,161.0,
2025-04-08 08:32:33,160.46,26.0,163.08,24.0,158.42,62.0,188.38,26.0,161.77,2.6200000000000045,88.0,50.0,0.6989778251694413,138,38.0,22.0,0.28,161.0,
2025-04-08 08:32:34,160.52,21.0,161.82,34.0,159.64,28.0,179.86,28.0,161.17,1.299999999999983,49.0,62.0,0.5580770556824821,111,-13.0,-27.0,-0.12,161.0,2.0
2025-04-08 08:32:35,159.15,26.0,160.77,22.0,158.04,114.0,353.37,38.0,159.96,1.6200000000000043,140.0,60.0,0.8344279478061656,200,80.0,89.0,0.4,161.2,5.0
2025-04-08 08:32:36,158.05,80.0,159.12,24.0,153.09,43.0,256.71,17.0,158.59,1.0699999999999932,123.0,41.0,1.3436629041843131,164,82.0,-36.0,0.5,158.67,3.0
2025-04-08 08:32:37,158.0,25.0,159.0,15.0,157.0,20.0,441.0,10.0,158.5,1.0,45.0,25.0,1.4782996990062336,70,20.0,-94.0,0.29,158.0,4.0
2025-04-08 08:32:38,158.0,35.0,159.0,21.0,157.0,28.0,428.81,32.0,158.5,1.0,63.0,53.0,1.1944580361330486,116,10.0,46.0,0.09,158.0,
2025-04-08 08:32:39,158.0,45.0,159.0,27.0,157.0,36.0,420.51,39.0,158.5,1.0,81.0,66.0,0.6440496875890723,147,15.0,31.0,0.1,158.0,
2025-04-08 08:32:40,158.0,18.0,159.0,12.0,157.0,16.0,428.0,20.0,158.5,1.0,34.0,32.0,0.0402492246384281,66,2.0,-81.0,0.03,158.0,1.0
2025-04-08 08:32:41,158.0,28.0,159.0,21.0,157.0,28.0,365.74,23.0,158.5,1.0,56.0,44.0,0.0,100,12.0,34.0,0.12,158.0,
2025-04-08 08:32:42,158.0,24.0,159.0,18.0,157.0,24.0,251.86,21.0,158.5,1.0,48.0,39.0,0.0,87,9.0,-13.0,0.1,158.0,
2025-04-08 08:32:43,158.0,14.0,219.58,43.0,157.0,44.0,311.67,46.0,188.79,61.58000000000001,58.0,89.0,13.546099807696509,147,-31.0,60.0,-0.21,158.5,6.0
2025-04-08 08:32:44,158.0,5.0,229.89,19.0,157.0,20.0,542.0,16.0,193.95,71.88999999999999,25.0,35.0,18.095835708805087,60,-10.0,-87.0,-0.17,158.5,
2025-04-08 08:32:47,130.0,99.0,152.8,30.0,74.72,29.0,311.05,21.0,141.4,22.80000000000001,128.0,51.0,35.249122967814046,179,77.0,116.0,0.43,158.5,
2025-04-08 08:32:48,130.57,94.0,211.89,27.0,110.17,54.0,233.62,32.0,171.23,81.32,148.0,59.0,32.97857410501675,207,89.0,28.0,0.43,153.83,12.0
2025-04-08 08:32:49,118.61,51.0,431.39,23.0,102.71,35.0,506.62,26.0,275.0,312.78,86.0,49.0,61.25773706235041,135,37.0,-72.0,0.27,153.83,
2025-04-08 08:32:50,167.47,17.0,321.6,35.0,164.6,30.0,455.04,23.0,244.54,154.13000000000002,47.0,58.0,68.56253605286228,105,-11.0,-30.0,-0.1,153.83,
2025-04-08 08:32:51,168.0,8.0,370.0,16.0,167.0,24.0,647.0,40.0,269.0,202.0,32.0,56.0,60.382966803561374,88,-24.0,-17.0,-0.27,153.83,
2025-04-08 08:32:56,161.0,70.0,453.86,14.0,159.0,28.0,589.0,7.0,307.43,292.86,98.0,21.0,36.21480180809751,119,77.0,18.0,0.65,153.83,
2025-04-08 08:33:00,165.0,30.0,450.0,12.0,162.0,6.0,517.33,12.0,307.5,285.0,36.0,24.0,21.123597468230592,60,12.0,-46.0,0.2,153.83,
2025-04-08 08:33:01,165.0,45.0,417.86,14.0,162.0,9.0,456.88,17.0,291.43,252.86,54.0,31.0,26.129492341028055,85,23.0,25.0,0.27,153.83,
2025-04-08 08:33:02,165.0,25.0,416.0,10.0,162.0,5.0,417.0,5.0,290.5,251.0,30.0,15.0,27.772069962461664,45,15.0,-40.0,0.33,153.83,
2025-04-08 08:33:03,165.0,65.0,253.62,29.0,162.0,13.0,301.4,30.0,209.31,88.62,78.0,59.0,49.677803393466576,137,19.0,92.0,0.14,167.0,1.0
2025-04-08 08:33:04,165.0,25.0,186.67,12.0,162.0,8.0,225.5,16.0,175.83,21.669999999999987,33.0,28.0,58.52151937535444,61,5.0,-76.0,0.08,165.0,3.0
2025-04-08 08:33:05,166.92,103.0,185.06,17.0,164.62,16.0,186.2,10.0,175.99,18.14000000000001,119.0,27.0,58.53163093576016,146,92.0,85.0,0.63,167.0,2.0
2025-04-08 08:33:06,167.0,182.0,182.96,24.0,165.0,28.0,184.39,18.0,174.98,15.960000000000008,210.0,42.0,49.80456073493754,252,168.0,106.0,0.67,167.0,
2025-04-08 08:33:07,167.0,201.0,180.46,26.0,165.0,32.0,181.36,22.0,173.73,13.460000000000008,233.0,48.0,15.31088893566042,281,185.0,29.0,0.66,167.0,1.0
2025-04-08 08:33:08,167.0,95.0,176.4,50.0,165.0,20.0,178.0,10.0,171.7,9.400000000000006,115.0,60.0,1.7774785512471087,175,55.0,-106.0,0.31,167.0,5.0
2025-04-08 08:33:09,167.39,23.0,174.68,28.0,166.88,67.0,174.36,36.0,171.03,7.29000000000002,90.0,64.0,2.1085136945596075,154,26.0,-21.0,0.17,167.0,
2025-04-08 08:33:10,168.0,10.0,170.86,22.0,167.0,70.0,171.61,38.0,169.43,2.8600000000000136,80.0,60.0,2.1998704507647595,140,20.0,-14.0,0.14,167.0,
2025-04-08 08:33:11,167.06,77.0,169.0,39.0,166.42,83.0,171.47,38.0,168.03,1.9399999999999975,160.0,77.0,2.179238399108879,237,83.0,97.0,0.35,167.14,7.0
2025-04-08 08:33:12,165.14,28.0,168.23,26.0,163.06,62.0,275.74,19.0,166.69,3.0900000000000034,90.0,45.0,2.0715887623158555,135,45.0,-102.0,0.33,166.2,5.0
2025-04-08 08:33:13,164.82,17.0,167.31,26.0,163.88,32.0,360.27,49.0,166.07,2.490000000000009,49.0,75.0,2.0220781389836477,124,-26.0,-11.0,-0.21,164.0,5.0
2025-04-08 08:33:14,162.0,45.0,166.0,18.0,161.0,18.0,311.56,36.0,164.0,4.0,63.0,54.0,2.049702417464148,117,9.0,-7.0,0.08,164.0,
2025-04-08 08:33:15,162.0,55.0,165.1,20.0,161.0,22.0,260.6,30.0,163.55,3.0999999999999943,77.0,50.0,1.874385232592456,127,27.0,10.0,0.21,164.0,
2025-04-08 08:33:16,162.0,45.0,163.29,21.0,161.0,22.0,278.36,28.0,162.64,1.289999999999992,67.0,49.0,1.7199273240933342,116,18.0,-11.0,0.16,162.0,1.0
2025-04-08 08:33:17,162.0,36.0,258.33,36.0,161.0,24.0,325.73,55.0,210.17,96.32999999999998,60.0,91.0,20.65706247267857,151,-31.0,35.0,-0.21,162.0,2.0
2025-04-08 08:33:18,164.74,92.0,295.82,22.0,161.56,18.0,310.47,30.0,230.28,131.07999999999998,110.0,52.0,31.931635880426164,162,58.0,11.0,0.36,165.0,2.0
2025-04-08 08:33:19,165.0,176.0,347.73,26.0,162.0,22.0,425.55,33.0,256.37,182.73,198.0,59.0,41.28063795534272,257,139.0,95.0,0.54,165.0,
2025-04-08 08:33:20,165.0,176.0,320.78,32.0,162.0,22.0,383.9,20.0,242.89,155.77999999999997,198.0,52.0,36.53115588097438,250,146.0,-7.0,0.58,165.0,
2025-04-08 08:33:21,165.0,96.0,186.0,6.0,162.0,12.0,314.0,18.0,175.5,21.0,108.0,24.0,31.555575893969092,132,84.0,-118.0,0.64,165.0,
2025-04-08 08:33:22,165.0,128.0,178.5,16.0,162.0,16.0,359.5,16.0,171.75,13.5,144.0,32.0,39.220463663756696,176,112.0,44.0,0.64,165.0,
2025-04-08 08:33:23,165.6,80.0,174.0,40.0,164.88,100.0,370.73,11.0,169.8,8.400000000000006,180.0,51.0,42.64468982182992,231,129.0,55.0,0.56,165.0,
2025-04-08 08:33:24,166.0,48.0,176.02,46.0,165.0,160.0,261.73,22.0,171.01,10.02000000000001,208.0,68.0,31.767688773345142,276,140.0,45.0,0.51,166.0,4.0
2025-04-08 08:33:25,165.27,88.0,435.8,30.0,164.85,104.0,431.32,41.0,300.54,270.53,192.0,71.0,57.51754558393549,263,121.0,-13.0,0.46,166.0,4.0
2025-04-08 08:33:26,165.0,192.0,273.2,45.0,163.0,24.0,327.83,36.0,219.1,108.2,216.0,81.0,56.60445256338125,297,135.0,34.0,0.45,166.0,
2025-04-08 08:33:27,166.0,160.0,288.38,58.0,164.88,170.0,514.48,50.0,227.19,122.38,330.0,108.0,53.45255812400428,438,222.0,141.0,0.51,166.0,
2025-04-08 08:33:28,167.0,104.0,214.53,34.0,165.0,208.0,277.18,44.0,190.76,47.53,312.0,78.0,49.445433055036005,390,234.0,-48.0,0.6,166.0,
2025-04-08 08:33:29,166.12,73.0,214.0,40.0,164.94,132.0,243.29,28.0,190.06,47.88,205.0,68.0,45.10452970600669,273,137.0,-117.0,0.5,167.0,8.0
2025-04-08 08:33:30,165.0,96.0,213.33,24.0,163.0,12.0,252.0,21.0,189.17,48.33000000000001,108.0,45.0,18.38864133099787,153,63.0,-120.0,0.41,167.0,
2025-04-08 08:33:31,165.0,126.0,212.11,36.0,162.76,29.0,417.2,30.0,188.56,47.110000000000014,155.0,66.0,16.814950787917734,221,89.0,68.0,0.4,165.0,2.0
2025-04-08 08:33:32,166.0,140.0,257.4,40.0,165.0,182.0,404.03,37.0,211.7,91.39999999999998,322.0,77.0,9.902287614490971,399,245.0,168.0,0.61,166.0,5.0
2025-04-08 08:33:33,166.5,80.0,260.38,37.0,165.0,112.0,263.94,17.0,213.44,93.88,192.0,54.0,12.791527664829268,246,138.0,-153.0,0.56,166.0,
2025-04-08 08:33:34,167.4,100.0,259.0,46.0,165.0,140.0,260.0,38.0,213.2,91.6,240.0,84.0,13.11751805792862,324,156.0,78.0,0.48,166.0,
2025-04-08 08:33:35,168.0,124.0,255.77,57.0,165.0,182.0,257.33,60.0,211.89,87.77000000000001,306.0,117.0,10.759605940743118,423,189.0,99.0,0.45,168.0,3.0
2025-04-08 08:33:36,168.0,60.0,254.32,41.0,165.0,126.0,255.5,40.0,211.16,86.32,186.0,81.0,0.9918265977810152,267,105.0,-156.0,0.39,168.0,3.0
2025-04-08 08:33:37,166.7,60.0,252.18,44.0,164.52,166.0,255.0,55.0,209.44,85.48000000000002,226.0,99.0,1.630453924545785,325,127.0,58.0,0.39,167.4,5.0
2025-04-08 08:33:38,165.0,146.0,250.04,49.0,163.0,240.0,254.59,59.0,207.52,85.03999999999999,386.0,108.0,2.2113841819252182,494,278.0,168.0,0.56,165.0,1.0
2025-04-08 08:33:39,165.0,84.0,247.29,34.0,163.0,140.0,248.28,29.0,206.15,82.28999999999999,224.0,63.0,2.411176061608084,287,161.0,-168.0,0.56,165.0,
2025-04-08 08:33:40,165.0,128.0,219.26,57.0,163.0,260.0,234.42,52.0,192.13,54.25999999999999,388.0,109.0,7.592381049452126,497,279.0,168.0,0.56,165.0,4.0
2025-04-08 08:33:41,165.0,104.0,176.47,55.0,163.0,260.0,192.69,62.0,170.74,11.47,364.0,117.0,16.29615690891861,481,247.0,-16.0,0.51,165.0,
2025-04-08 08:33:42,165.0,72.0,173.72,43.0,163.0,180.0,175.26,38.0,169.36,8.719999999999999,252.0,81.0,18.4790760050418,333,171.0,-148.0,0.51,165.0,
2025-04-08 08:33:43,165.0,96.0,170.41,44.0,163.0,240.0,171.17,47.0,167.7,5.409999999999997,336.0,91.0,17.130479561300305,427,245.0,94.0,0.57,165.0,
2025-04-08 08:33:44,165.0,72.0,168.56,27.0,163.0,180.0,170.0,45.0,166.78,3.5600000000000023,252.0,72.0,10.61258309744349,324,180.0,-103.0,0.56,165.0,
2025-04-08 08:33:45,165.0,78.0,166.93,46.0,163.0,220.0,169.27,45.0,165.97,1.9300000000000068,298.0,91.0,1.9362334570381463,389,207.0,65.0,0.53,165.0,7.0
2025-04-08 08:33:46,163.67,30.0,166.49,41.0,162.95,205.0,213.59,44.0,165.08,2.8200000000000216,235.0,85.0,1.647185478370954,320,150.0,-69.0,0.47,165.0,1.0
2025-04-08 08:33:47,163.0,241.0,207.14,49.0,161.0,60.0,323.91,33.0,185.07,44.13999999999999,301.0,82.0,8.41336139721513,383,219.0,63.0,0.57,164.86,7.0
2025-04-08 08:33:48,163.65,46.0,248.75,40.0,162.85,130.0,626.0,24.0,206.2,85.1,176.0,64.0,17.9066928828339,240,112.0,-143.0,0.47,164.86,
2025-04-08 08:33:49,168.0,11.0,326.62,40.0,163.0,220.0,647.55,33.0,247.31,158.62,231.0,73.0,34.25113472572993,304,158.0,64.0,0.52,164.86,
2025-04-08 08:33:50,165.03,91.0,420.0,24.0,162.97,182.0,558.5,36.0,292.52,254.97,273.0,60.0,51.06079543054585,333,213.0,29.0,0.64,165.0,10.0
2025-04-08 08:33:51,166.0,48.0,348.96,23.0,163.22,90.0,548.6,30.0,257.48,182.96,138.0,53.0,42.5763975695457,191,85.0,-142.0,0.45,166.0,2.0
2025-04-08 08:33:54,166.0,9.0,196.0,27.0,165.0,18.0,572.89,27.0,181.0,30.0,27.0,54.0,84.7603416699101,81,-27.0,-9.0,-0.33,166.0,
2025-04-08 08:33:55,166.0,8.0,196.0,24.0,165.0,16.0,494.0,32.0,181.0,30.0,24.0,56.0,99.91618727713713,80,-32.0,-1.0,-0.4,166.0,
2025-04-08 08:33:56,166.0,8.0,203.68,25.0,165.0,16.0,430.45,31.0,184.84,37.68000000000001,24.0,56.0,108.18542452659678,80,-32.0,0.0,-0.4,166.0,
2025-04-08 08:33:57,166.0,11.0,373.85,39.0,165.0,22.0,523.08,26.0,269.92,207.85,33.0,65.0,86.67425638561896,98,-32.0,18.0,-0.33,166.0,
2025-04-08 08:33:58,166.0,11.0,371.3,37.0,165.0,22.0,478.59,27.0,268.65,205.3,33.0,64.0,47.68249385256661,97,-31.0,-1.0,-0.32,166.0,
2025-04-08 08:33:59,163.1,157.0,274.47,34.0,163.5,20.0,359.14,49.0,218.78,111.37000000000003,177.0,83.0,43.330092545482046,260,94.0,163.0,0.36,164.0,7.0
2025-04-08 08:34:00,163.0,84.0,266.9,20.0,162.0,7.0,292.25,16.0,214.95,103.89999999999998,91.0,36.0,36.97651105769751,127,55.0,-133.0,0.43,164.0,
2025-04-08 08:34:01,163.0,96.0,274.38,16.0,162.0,8.0,344.0,32.0,218.69,111.38,104.0,48.0,28.424021003369905,152,56.0,25.0,0.37,164.0,
2025-04-08 08:34:02,163.07,82.0,273.91,22.0,162.72,29.0,444.4,40.0,218.49,110.84000000000005,111.0,62.0,22.82986465137348,173,49.0,21.0,0.28,163.0,5.0
2025-04-08 08:34:03,168.0,9.0,261.32,19.0,164.0,18.0,357.89,27.0,214.66,93.32,27.0,46.0,2.112919780789832,73,-19.0,-100.0,-0.26,163.0,
2025-04-08 08:34:04,167.52,42.0,197.94,32.0,164.93,28.0,446.21,38.0,182.73,30.419999999999987,70.0,70.0,15.308666826345998,140,0.0,67.0,0.0,168.0,4.0
2025-04-08 08:34:05,166.0,80.0,197.0,16.0,163.0,56.0,454.4,25.0,181.5,31.0,136.0,41.0,19.332393281745507,177,95.0,37.0,0.54,168.0,
2025-04-08 08:34:06,166.0,102.0,192.74,38.0,163.0,77.0,365.92,25.0,179.37,26.74000000000001,179.0,63.0,19.4601066286928,242,116.0,65.0,0.48,166.0,2.0
2025-04-08 08:34:07,166.0,87.0,187.29,34.0,163.0,77.0,189.33,36.0,176.65,21.289999999999992,164.0,70.0,15.6436590988205,234,94.0,-8.0,0.4,166.0,1.0
2025-04-08 08:34:08,166.0,63.0,184.5,24.0,163.46,78.0,185.2,30.0,175.25,18.5,141.0,54.0,3.1557408005291987,195,87.0,-39.0,0.45,166.0,
2025-04-08 08:34:09,166.0,55.0,182.07,28.0,164.0,108.0,183.62,32.0,174.04,16.069999999999993,163.0,60.0,3.047879590818513,223,103.0,28.0,0.46,166.0,1.0
2025-04-08 08:34:10,166.0,65.0,179.55,44.0,164.0,132.0,180.91,44.0,172.77,13.550000000000011,197.0,88.0,2.543576222591202,285,109.0,62.0,0.38,166.0,1.0
2025-04-08 08:34:11,165.64,50.0,176.64,56.0,163.91,211.0,177.53,68.0,171.14,11.0,261.0,124.0,2.1374400576704984,385,137.0,100.0,0.36,165.25,8.0
2025-04-08 08:34:12,164.0,96.0,171.74,38.0,163.0,228.0,172.47,38.0,167.87,7.740000000000009,324.0,76.0,2.8672512969981883,400,248.0,15.0,0.62,164.0,3.0
2025-04-08 08:34:13,164.0,44.0,166.25,32.0,163.0,152.0,167.62,32.0,165.12,2.25,196.0,64.0,3.656114057321192,260,132.0,-140.0,0.51,164.0,2.0
2025-04-08 08:34:14,163.02,226.0,165.33,60.0,162.58,33.0,236.2,60.0,164.18,2.3100000000000023,259.0,120.0,3.7176242413866034,379,139.0,119.0,0.37,163.33,12.0
2025-04-08 08:34:15,163.0,83.0,164.0,32.0,162.0,13.0,510.5,32.0,163.5,1.0,96.0,64.0,3.146350266602357,160,32.0,-168.0,0.2,163.0,5.0
2025-04-08 08:34:16,162.91,11.0,436.75,16.0,161.25,12.0,670.6,10.0,299.83,273.84000000000003,23.0,26.0,60.24585587407735,49,-3.0,-111.0,-0.06,163.0,6.0
2025-04-08 08:34:19,160.0,10.0,418.09,11.0,159.0,15.0,561.0,14.0,289.05,258.09,25.0,25.0,70.82216305648913,50,0.0,-68.0,0.0,163.0,
2025-04-08 08:34:23,164.93,56.0,393.73,41.0,163.45,22.0,613.57,44.0,279.33,228.8,78.0,85.0,72.94407467368276,163,-7.0,41.0,-0.04,163.0,
2025-04-08 08:34:27,164.65,46.0,181.55,20.0,163.5,20.0,362.18,34.0,173.1,16.900000000000006,66.0,54.0,74.00498375109613,120,12.0,-65.0,0.1,168.0,5.0
2025-04-08 08:34:28,166.0,74.0,179.86,29.0,164.82,22.0,180.7,23.0,172.93,13.860000000000014,96.0,52.0,73.47399009173272,148,44.0,28.0,0.3,168.0,
2025-04-08 08:34:29,167.04,69.0,175.84,25.0,166.47,38.0,177.26,27.0,171.44,8.800000000000011,107.0,52.0,13.778563060061598,159,55.0,11.0,0.35,167.17,6.0
2025-04-08 08:34:30,167.0,39.0,174.07,30.0,166.0,26.0,174.57,23.0,170.53,7.069999999999993,65.0,53.0,2.333081653115717,118,12.0,-41.0,0.1,167.17,
2025-04-08 08:34:31,166.73,37.0,169.18,44.0,165.57,23.0,170.86,37.0,167.96,2.450000000000017,60.0,81.0,2.0980157292327517,141,-21.0,23.0,-0.15,167.0,3.0
2025-04-08 08:34:32,164.44,27.0,165.97,33.0,163.15,40.0,168.53,34.0,165.21,1.5300000000000011,67.0,67.0,3.053691209030577,134,0.0,-7.0,0.0,165.33,3.0
2025-04-08 08:34:33,163.0,39.0,164.38,16.0,162.0,12.0,172.28,39.0,163.69,1.3799999999999957,51.0,55.0,3.3287580266690515,106,-4.0,-28.0,-0.04,163.0,3.0
2025-04-08 08:34:34,163.0,11.0,174.07,27.0,162.0,10.0,302.34,32.0,168.54,11.069999999999991,21.0,59.0,2.726780152508554,80,-38.0,-26.0,-0.47,163.0,1.0
2025-04-08 08:34:35,164.5,28.0,173.0,28.0,163.0,15.0,174.0,28.0,168.75,8.5,43.0,56.0,2.25673436631677,99,-13.0,19.0,-0.13,163.0,
2025-04-08 08:34:36,166.53,30.0,172.03,33.0,162.79,29.0,173.6,30.0,169.28,5.5,59.0,63.0,2.4873942188794085,122,-4.0,23.0,-0.03,163.0,
2025-04-08 08:34:37,167.77,52.0,169.69,29.0,164.35,34.0,170.71,35.0,168.73,1.9199999999999875,86.0,64.0,2.312870510883285,150,22.0,28.0,0.15,163.0,
2025-04-08 08:34:38,168.0,40.0,169.5,16.0,166.05,37.0,170.91,23.0,168.75,1.5,77.0,39.0,0.2772183257142048,116,38.0,-34.0,0.33,169.0,2.0
2025-04-08 08:34:39,168.0,30.0,170.9,30.0,166.0,50.0,379.11,18.0,169.45,2.9000000000000057,80.0,48.0,0.3458612440148131,128,32.0,12.0,0.25,168.0,2.0
2025-04-08 08:34:40,168.0,21.0,170.0,21.0,166.0,35.0,303.11,9.0,169.0,2.0,56.0,30.0,0.3191708008439841,86,26.0,-42.0,0.3,168.0,
2025-04-08 08:34:41,168.0,26.0,169.7,30.0,166.0,50.0,273.53,15.0,168.85,1.6999999999999886,76.0,45.0,0.2961080885614748,121,31.0,35.0,0.26,168.0,3.0
2025-04-08 08:34:42,166.0,15.0,233.14,14.0,163.0,7.0,272.08,12.0,199.57,67.13999999999999,22.0,26.0,13.668353229270211,48,-4.0,-73.0,-0.08,166.0,4.0
2025-04-08 08:34:43,161.32,31.0,232.1,21.0,160.16,38.0,417.58,12.0,196.71,70.78,69.0,33.0,15.93950061953298,102,36.0,54.0,0.35,163.0,4.0
2025-04-08 08:34:44,161.0,42.0,227.45,22.0,160.0,71.0,262.0,20.0,194.23,66.44999999999999,113.0,42.0,15.404272783876683,155,71.0,53.0,0.46,163.0,
2025-04-08 08:34:45,161.0,15.0,230.2,10.0,160.0,20.0,304.0,5.0,195.6,69.19999999999999,35.0,15.0,12.532598294052004,50,20.0,-105.0,0.4,163.0,
2025-04-08 08:34:46,160.64,25.0,285.8,15.0,159.57,35.0,427.33,9.0,223.22,125.16000000000004,60.0,24.0,12.097732432156738,84,36.0,34.0,0.43,160.8,5.0
2025-04-08 08:34:47,159.12,48.0,314.08,24.0,158.14,70.0,425.57,23.0,236.6,154.95999999999998,118.0,47.0,19.44450745069271,165,71.0,81.0,0.43,159.75,4.0
2025-04-08 08:34:48,162.79,19.0,313.0,12.0,158.25,32.0,407.0,12.0,237.89,150.21,51.0,24.0,21.414849287352705,75,27.0,-90.0,0.36,165.22,9.0
2025-04-08 08:34:49,159.0,22.0,285.62,16.0,158.0,66.0,327.11,19.0,222.31,126.62,88.0,35.0,17.013815856533213,123,53.0,48.0,0.43,165.22,
2025-04-08 08:34:50,159.48,29.0,274.08,24.0,158.03,68.0,411.75,24.0,216.78,114.6,97.0,48.0,9.365321670931204,145,49.0,22.0,0.34,165.22,
2025-04-08 08:34:51,159.0,23.0,223.59,27.0,158.0,78.0,301.89,18.0,191.3,64.59,101.0,45.0,18.909281583392435,146,56.0,1.0,0.38,159.0,1.0
2025-04-08 08:34:52,162.73,15.0,198.63,30.0,159.75,20.0,198.76,33.0,180.68,35.900000000000006,35.0,63.0,23.36927833716829,98,-28.0,-48.0,-0.29,159.0,
2025-04-08 08:34:53,162.17,12.0,164.0,24.0,160.97,60.0,236.33,24.0,163.08,1.8300000000000125,72.0,48.0,24.787591653891447,120,24.0,22.0,0.2,163.0,1.0
2025-04-08 08:34:54,162.0,7.0,164.0,14.0,161.0,49.0,298.33,9.0,163.0,2.0,56.0,23.0,22.42856482256699,79,33.0,-41.0,0.42,163.0,
2025-04-08 08:34:55,162.23,39.0,164.0,22.0,161.52,25.0,255.0,22.0,163.12,1.7700000000000102,64.0,44.0,13.105101296827431,108,20.0,29.0,0.19,162.4,5.0
2025-04-08 08:34:56,162.0,30.0,251.7,20.0,160.56,16.0,540.0,20.0,206.85,89.69999999999999,46.0,40.0,19.19184149580499,86,6.0,-22.0,0.07,162.0,3.0
2025-04-08 08:34:57,163.0,91.0,315.77,26.0,162.0,26.0,588.77,26.0,239.38,152.76999999999998,117.0,52.0,34.84275649256357,169,65.0,83.0,0.38,162.0,
2025-04-08 08:35:00,165.0,70.0,413.71,14.0,163.0,52.0,539.25,16.0,289.36,248.71,122.0,30.0,65.17352092682968,152,92.0,69.0,0.61,162.0,
2025-04-08 08:35:01,163.29,49.0,349.91,11.0,162.11,61.0,563.4,10.0,256.6,186.62000000000003,110.0,21.0,52.54718907800766,131,89.0,-21.0,0.68,162.0,
2025-04-08 08:35:02,163.0,49.0,383.55,11.0,162.0,63.0,542.83,12.0,273.27,220.55,112.0,23.0,44.98660433951285,135,89.0,4.0,0.66,162.0,
2025-04-08 08:35:03,164.28,47.0,306.56,18.0,162.85,61.0,490.11,9.0,235.42,142.28,108.0,27.0,50.635697684537824,135,81.0,0.0,0.6,162.0,
2025-04-08 08:35:04,168.0,12.0,218.5,8.0,167.0,12.0,337.0,4.0,193.25,50.5,24.0,12.0,37.304555351859776,36,12.0,-99.0,0.33,162.0,
2025-04-08 08:35:05,168.0,24.0,217.86,21.0,167.0,24.0,239.75,16.0,192.93,49.860000000000014,48.0,37.0,36.51556010798688,85,11.0,49.0,0.13,162.0,
2025-04-08 08:35:06,168.0,24.0,214.82,17.0,167.0,24.0,216.09,23.0,191.41,46.81999999999999,48.0,40.0,36.41276259774895,88,8.0,3.0,0.09,162.0,
2025-04-08 08:35:07,168.0,19.0,213.12,16.0,167.0,39.0,216.0,24.0,190.56,45.120000000000005,58.0,40.0,19.432424707175727,98,18.0,10.0,0.18,168.0,1.0
2025-04-08 08:35:08,168.0,22.0,208.33,21.0,167.0,48.0,214.63,30.0,188.17,40.33000000000001,70.0,51.0,2.049970731515429,121,19.0,23.0,0.16,168.0,
2025-04-08 08:35:09,168.0,22.0,177.67,30.0,167.0,33.0,178.66,29.0,172.83,9.669999999999987,55.0,59.0,8.204913162250811,114,-4.0,-7.0,-0.04,168.0,
2025-04-08 08:35:10,168.0,22.0,174.2,30.0,167.0,33.0,175.16,25.0,171.1,6.199999999999989,55.0,55.0,9.99345435773256,110,0.0,-4.0,0.0,168.0,
2025-04-08 08:35:11,164.39,51.0,172.93,42.0,163.43,61.0,174.0,28.0,168.66,8.54000000000002,112.0,70.0,10.2762897000859,182,42.0,72.0,0.23,166.4,10.0
2025-04-08 08:35:12,163.0,60.0,169.92,26.0,161.15,41.0,171.06,31.0,166.46,6.919999999999988,101.0,57.0,8.578888622665497,158,44.0,-24.0,0.28,166.4,
2025-04-08 08:35:13,163.0,72.0,166.9,30.0,162.0,24.0,168.6,30.0,164.95,3.9000000000000057,96.0,60.0,3.234524694620128,156,36.0,-2.0,0.23,166.4,
2025-04-08 08:35:14,163.0,60.0,165.65,40.0,162.0,30.0,189.43,28.0,164.32,2.6500000000000057,90.0,68.0,2.792583033700196,158,22.0,2.0,0.14,163.29,7.0
2025-04-08 08:35:15,162.43,21.0,164.85,39.0,161.67,57.0,219.0,35.0,163.64,2.4199999999999875,78.0,74.0,2.000344970277022,152,4.0,-6.0,0.03,163.0,1.0
2025-04-08 08:35:16,162.15,27.0,164.17,18.0,161.33,30.0,258.0,6.0,163.16,2.019999999999982,57.0,24.0,1.2856438076365817,81,33.0,-71.0,0.41,162.0,1.0
2025-04-08 08:35:17,163.0,42.0,263.9,31.0,162.0,45.0,642.75,24.0,213.45,100.89999999999998,87.0,55.0,22.117281252452784,142,32.0,61.0,0.23,163.0,3.0
2025-04-08 08:35:18,163.37,41.0,235.6,50.0,162.08,49.0,578.48,31.0,199.48,72.22999999999999,90.0,81.0,23.938410557096063,171,9.0,29.0,0.05,163.0,
2025-04-08 08:35:19,163.35,43.0,235.41,61.0,162.1,61.0,303.72,58.0,199.38,72.06,104.0,119.0,23.017787035249007,223,-15.0,52.0,-0.07,163.0,2.0
2025-04-08 08:35:20,168.0,9.0,234.44,36.0,163.0,18.0,528.4,30.0,201.22,66.44,27.0,66.0,18.917981393374536,93,-39.0,-130.0,-0.42,163.0,
2025-04-08 08:35:21,162.86,28.0,232.16,38.0,160.26,92.0,233.25,32.0,197.51,69.29999999999998,120.0,70.0,6.420075544731063,190,50.0,97.0,0.26,164.0,4.0
2025-04-08 08:35:22,162.0,36.0,230.44,36.0,160.0,126.0,233.0,27.0,196.22,68.44,162.0,63.0,1.9344559958964176,225,99.0,35.0,0.44,164.0,
2025-04-08 08:35:23,163.94,31.0,218.4,30.0,160.53,76.0,230.38,24.0,191.17,54.46000000000001,107.0,54.0,3.817073486332485,161,53.0,-64.0,0.33,164.0,
2025-04-08 08:35:24,166.0,39.0,223.48,25.0,162.0,52.0,225.79,39.0,194.74,57.47999999999999,91.0,64.0,3.685969343342944,155,27.0,-6.0,0.17,164.0,
2025-04-08 08:35:25,166.0,33.0,190.33,33.0,162.0,44.0,212.24,37.0,178.17,24.330000000000013,77.0,70.0,7.852940213707976,147,7.0,-8.0,0.05,164.0,
2025-04-08 08:35:26,162.44,82.0,169.67,30.0,160.13,180.0,170.2,50.0,166.05,7.22999999999999,262.0,80.0,12.886153421408668,342,182.0,168.0,0.53,166.0,3.0
2025-04-08 08:35:27,162.0,57.0,166.39,28.0,160.0,196.0,167.0,33.0,164.2,4.389999999999986,253.0,61.0,13.992838525477705,314,192.0,-28.0,0.61,166.0,
2025-04-08 08:35:28,162.0,39.0,163.6,47.0,160.0,238.0,165.58,43.0,162.8,1.5999999999999943,277.0,90.0,13.499580363852152,367,187.0,53.0,0.51,162.0,4.0
2025-04-08 08:35:29,160.38,47.0,164.82,22.0,159.96,73.0,171.29,21.0,162.6,4.439999999999998,120.0,43.0,6.523666913639414,163,77.0,-168.0,0.47,161.33,6.0
2025-04-08 08:35:30,160.0,136.0,166.42,31.0,148.98,45.0,183.44,32.0,163.21,6.419999999999988,181.0,63.0,1.4148038733756996,244,118.0,81.0,0.48,160.0,2.0
2025-04-08 08:35:31,160.09,90.0,162.18,38.0,159.4,70.0,191.58,36.0,161.14,2.0900000000000034,160.0,74.0,1.1094142599230434,234,86.0,-10.0,0.37,160.33,6.0
2025-04-08 08:35:32,160.0,20.0,162.0,24.0,158.0,32.0,219.79,38.0,161.0,2.0,52.0,62.0,1.0113357504418274,114,-10.0,-120.0,-0.09,160.0,4.0
2025-04-08 08:35:33,155.68,50.0,205.3,40.0,142.19,89.0,393.95,58.0,180.49,49.620000000000005,139.0,98.0,8.328221298699706,237,41.0,123.0,0.17,158.67,6.0
2025-04-08 08:35:34,167.0,24.0,180.55,11.0,149.59,34.0,250.73,33.0,173.77,13.550000000000011,58.0,44.0,8.778756745696475,102,14.0,-135.0,0.14,167.0,2.0
2025-04-08 08:35:35,163.36,22.0,177.94,17.0,143.62,52.0,346.52,29.0,170.65,14.579999999999984,74.0,46.0,8.402895334354024,120,28.0,18.0,0.23,167.0,2.0
2025-04-08 08:35:36,159.0,20.0,175.77,31.0,143.15,65.0,176.58,19.0,167.39,16.77000000000001,85.0,50.0,7.251027513401551,135,35.0,15.0,0.26,167.0,
2025-04-08 08:35:37,149.33,12.0,173.92,26.0,90.87,39.0,174.43,14.0,161.63,24.58999999999997,51.0,40.0,7.043712089523967,91,11.0,-44.0,0.12,159.0,2.0
2025-04-08 08:35:40,162.0,10.0,171.3,10.0,159.0,70.0,196.0,14.0,166.65,9.300000000000011,80.0,24.0,22.44413776468471,104,56.0,-30.0,0.54,159.0,
2025-04-08 08:35:41,162.5,10.0,171.0,10.0,159.07,58.0,385.5,20.0,166.75,8.5,68.0,30.0,22.313973200668386,98,38.0,-6.0,0.39,159.0,
2025-04-08 08:35:42,167.0,8.0,170.0,8.0,162.0,8.0,329.12,26.0,168.5,3.0,16.0,34.0,23.48241533573887,50,-18.0,-48.0,-0.36,159.0,
2025-04-08 08:35:43,159.12,64.0,320.05,20.0,136.36,73.0,400.45,38.0,239.59,160.93,137.0,58.0,41.09421552968373,195,79.0,145.0,0.41,163.0,3.0
2025-04-08 08:35:44,159.74,94.0,279.62,52.0,129.38,79.0,389.37,54.0,219.68,119.88,173.0,106.0,34.86815065357013,279,67.0,84.0,0.24,163.0,
2025-04-08 08:35:45,161.64,90.0,167.27,63.0,145.93,117.0,221.49,70.0,164.46,5.630000000000024,207.0,133.0,35.28117954377467,340,74.0,61.0,0.22,166.0,5.0
2025-04-08 08:35:46,159.0,56.0,163.7,20.0,129.37,43.0,165.2,20.0,161.35,4.699999999999989,99.0,40.0,36.30726965774301,139,59.0,-168.0,0.42,166.0,
2025-04-08 08:35:47,159.0,99.0,161.21,42.0,108.51,57.0,233.78,46.0,160.11,2.210000000000008,156.0,88.0,37.75569321307806,244,68.0,105.0,0.28,159.38,8.0
2025-04-08 08:35:48,159.0,20.0,160.4,20.0,118.03,34.0,172.89,38.0,159.7,1.4000000000000057,54.0,58.0,26.12805293166904,112,-4.0,-132.0,-0.04,159.38,
2025-04-08 08:35:49,153.6,15.0,232.25,20.0,123.36,25.0,467.6,25.0,192.93,78.65,40.0,45.0,14.221292135390115,85,-5.0,-27.0,-0.06,159.5,4.0
2025-04-08 08:35:50,130.44,48.0,157.0,48.0,120.36,39.0,286.48,23.0,143.72,26.56,87.0,71.0,17.943722300574,158,16.0,73.0,0.1,159.5,
2025-04-08 08:35:51,148.01,131.0,345.0,28.0,130.09,55.0,470.29,56.0,246.5,196.99,186.0,84.0,40.96224810725217,270,102.0,112.0,0.38,157.0,4.0
2025-04-08 08:35:52,160.91,97.0,236.56,32.0,159.67,18.0,321.82,22.0,198.73,75.65,115.0,54.0,39.758008375672816,169,61.0,-101.0,0.36,157.0,
2025-04-08 08:35:53,167.41,111.0,195.71,59.0,161.97,122.0,213.84,56.0,181.56,28.30000000000001,233.0,115.0,36.92557744978488,348,118.0,168.0,0.34,168.0,5.0
2025-04-08 08:35:54,168.0,70.0,177.12,68.0,162.0,154.0,297.46,56.0,172.56,9.120000000000005,224.0,124.0,38.00027473584986,348,100.0,0.0,0.29,168.0,
2025-04-08 08:35:55,162.41,73.0,177.0,45.0,160.43,51.0,535.5,24.0,169.71,14.590000000000003,124.0,69.0,31.555021311988675,193,55.0,-155.0,0.28,165.0,10.0
2025-04-08 08:35:56,162.0,36.0,175.5,30.0,160.0,30.0,686.0,24.0,168.75,13.5,66.0,54.0,12.509431242070471,120,12.0,-73.0,0.1,165.0,
2025-04-08 08:35:57,166.36,129.0,175.0,70.0,161.64,33.0,494.52,54.0,170.68,8.639999999999986,162.0,124.0,5.175197580778882,286,38.0,166.0,0.13,162.0,4.0
2025-04-08 08:35:58,167.86,245.0,174.5,80.0,166.79,34.0,481.24,41.0,171.18,6.639999999999986,279.0,121.0,1.4488029542016776,400,158.0,114.0,0.4,162.0,
2025-04-08 08:36:05,164.0,36.0,203.58,48.0,163.0,24.0,274.57,42.0,183.79,39.58000000000001,60.0,90.0,52.15481300896404,150,-30.0,87.0,-0.2,162.0,
2025-04-08 08:36:06,164.0,24.0,288.0,32.0,163.0,16.0,407.08,13.0,226.0,124.0,40.0,45.0,42.491425840985656,85,-5.0,-65.0,-0.06,162.0,
2025-04-08 08:36:07,164.0,24.0,224.54,26.0,163.0,16.0,407.0,14.0,194.27,60.53999999999999,40.0,40.0,45.71093031212546,80,0.0,-5.0,0.0,162.0,
2025-04-08 08:36:08,164.0,27.0,262.77,22.0,163.0,18.0,355.1,21.0,213.39,98.76999999999998,45.0,43.0,41.65869837140869,88,2.0,8.0,0.02,162.0,
2025-04-08 08:36:09,164.0,30.0,269.45,29.0,163.0,20.0,270.71,21.0,216.72,105.45,50.0,50.0,17.29833604714729,100,0.0,12.0,0.0,162.0,
2025-04-08 08:36:10,164.0,22.0,209.5,20.0,163.0,20.0,268.14,21.0,186.75,45.5,42.0,41.0,16.336450960965607,83,1.0,-17.0,0.01,164.0,2.0
2025-04-08 08:36:11,160.09,101.0,202.32,31.0,159.86,28.0,230.08,24.0,181.21,42.22999999999999,129.0,55.0,15.87903397565638,184,74.0,101.0,0.4,161.88,8.0
2025-04-08 08:36:12,162.07,27.0,185.62,50.0,159.99,184.0,196.27,37.0,173.85,23.55000000000001,211.0,87.0,19.45252117336097,298,124.0,114.0,0.42,161.88,
2025-04-08 08:36:13,164.0,12.0,177.9,31.0,160.0,104.0,178.84,25.0,170.95,13.900000000000006,116.0,56.0,18.311853538079426,172,60.0,-126.0,0.35,161.88,
2025-04-08 08:36:14,160.87,46.0,175.45,40.0,159.95,110.0,176.86,37.0,168.16,14.579999999999984,156.0,77.0,7.650619582758573,233,79.0,61.0,0.34,162.0,2.0
2025-04-08 08:36:15,160.0,104.0,173.79,38.0,159.0,26.0,174.95,42.0,166.89,13.789999999999992,130.0,80.0,5.700484189969828,210,50.0,-23.0,0.24,160.0,4.0
2025-04-08 08:36:16,164.0,44.0,172.78,36.0,160.0,88.0,173.47,30.0,168.39,8.780000000000001,132.0,66.0,2.772872157186561,198,66.0,-12.0,0.33,160.0,
2025-04-08 08:36:17,164.0,52.0,170.4,30.0,161.0,44.0,171.95,41.0,167.2,6.400000000000006,96.0,71.0,1.600521789949394,167,25.0,-31.0,0.15,160.0,
2025-04-08 08:36:18,164.0,19.0,167.71,14.0,163.0,6.0,168.7,20.0,165.86,3.710000000000008,25.0,34.0,1.022179045033009,59,-9.0,-108.0,-0.15,164.0,1.0
2025-04-08 08:36:19,163.8,10.0,165.3,20.0,161.0,24.0,168.0,40.0,164.55,1.5,34.0,60.0,1.448782247304896,94,-26.0,35.0,-0.28,164.0,3.0
2025-04-08 08:36:20,160.11,82.0,162.96,25.0,159.71,34.0,166.32,25.0,161.53,2.8499999999999943,116.0,50.0,2.6474006119413915,166,66.0,72.0,0.4,161.25,4.0
2025-04-08 08:36:21,160.0,47.0,169.59,22.0,159.0,8.0,354.35,17.0,164.8,9.590000000000003,55.0,39.0,2.0998976165777457,94,16.0,-72.0,0.17,160.0,3.0
2025-04-08 08:36:22,162.33,48.0,169.13,46.0,159.5,16.0,298.53,34.0,165.73,6.799999999999983,64.0,80.0,1.7518361795868402,144,-16.0,50.0,-0.11,160.0,
2025-04-08 08:36:23,167.0,48.0,168.83,30.0,160.0,24.0,170.0,18.0,167.92,1.8300000000000125,72.0,48.0,2.307515980466587,120,24.0,-24.0,0.2,167.0,5.0
2025-04-08 08:36:24,167.0,18.0,169.17,18.0,160.0,24.0,258.0,18.0,168.08,2.1699999999999875,42.0,36.0,2.681132223540549,78,6.0,-42.0,0.08,167.0,
2025-04-08 08:36:25,164.0,26.0,219.88,24.0,161.86,21.0,341.1,30.0,191.94,55.88,47.0,54.0,11.40505501959974,101,-7.0,23.0,-0.07,167.75,4.0
2025-04-08 08:36:26,161.0,126.0,382.33,27.0,160.0,36.0,586.3,43.0,271.67,221.33,162.0,70.0,45.23199940307815,232,92.0,131.0,0.4,167.75,
2025-04-08 08:36:27,161.0,96.0,402.23,39.0,160.0,114.0,619.42,33.0,281.62,241.23,210.0,72.0,56.10643260803545,282,138.0,50.0,0.49,161.0,5.0
2025-04-08 08:36:28,161.67,27.0,224.17,42.0,160.8,101.0,320.66,38.0,192.92,62.5,128.0,80.0,51.66097927836845,208,48.0,-74.0,0.23,161.0,
2025-04-08 08:36:29,162.53,19.0,223.0,60.0,161.14,73.0,251.67,36.0,192.76,60.47,92.0,96.0,46.20182702015156,188,-4.0,-20.0,-0.02,161.0,
2025-04-08 08:36:30,164.86,14.0,222.3,50.0,162.88,16.0,255.0,30.0,193.58,57.44,30.0,80.0,45.90281363925316,110,-50.0,-78.0,-0.45,165.75,4.0
2025-04-08 08:36:31,165.0,13.0,221.92,65.0,162.0,39.0,265.38,39.0,193.46,56.91999999999999,52.0,104.0,39.55309494843648,156,-52.0,46.0,-0.33,165.75,
2025-04-08 08:36:32,162.71,28.0,220.75,60.0,160.86,70.0,279.62,26.0,191.73,58.03999999999999,98.0,86.0,0.7355949973047557,184,12.0,28.0,0.07,163.0,4.0
2025-04-08 08:36:33,161.0,81.0,207.73,41.0,160.0,180.0,499.96,25.0,184.37,46.72999999999999,261.0,66.0,3.87728642223688,327,195.0,143.0,0.6,163.0,
2025-04-08 08:36:34,161.0,54.0,205.0,30.0,160.0,120.0,471.67,18.0,183.0,44.0,174.0,48.0,5.13560804579804,222,126.0,-105.0,0.57,163.0,
2025-04-08 08:36:35,161.0,75.0,204.93,70.0,160.0,280.0,331.9,40.0,182.96,43.93000000000001,355.0,110.0,5.081557832010659,465,245.0,168.0,0.53,161.0,4.0
2025-04-08 08:36:36,161.0,45.0,196.12,33.0,160.0,220.0,214.46,35.0,178.56,35.120000000000005,265.0,68.0,4.782471118582266,333,197.0,-132.0,0.59,161.0,2.0
2025-04-08 08:36:37,160.16,88.0,203.25,24.0,159.99,67.0,215.62,32.0,181.7,43.09,155.0,56.0,2.201844681188172,211,99.0,-122.0,0.47,162.0,6.0
2025-04-08 08:36:38,160.0,134.0,202.29,35.0,159.0,7.0,314.29,21.0,181.14,42.28999999999999,141.0,56.0,1.815962554701401,197,85.0,-14.0,0.43,160.0,3.0
2025-04-08 08:36:39,160.0,68.0,201.5,20.0,159.0,4.0,429.0,12.0,180.75,41.5,72.0,32.0,1.6097266848997465,104,40.0,-93.0,0.38,160.0,
2025-04-08 08:36:40,167.38,13.0,200.23,65.0,160.22,137.0,401.0,39.0,183.81,32.849999999999994,150.0,104.0,1.886629269379141,254,46.0,150.0,0.18,168.0,1.0
2025-04-08 08:36:41,161.44,43.0,197.45,55.0,161.77,26.0,448.0,33.0,179.45,36.00999999999999,69.0,88.0,1.5957913397677703,157,-19.0,-97.0,-0.12,162.6,5.0
2025-04-08 08:36:42,160.0,91.0,195.25,40.0,157.88,8.0,197.0,40.0,177.62,35.25,99.0,80.0,2.2809274429667954,179,19.0,22.0,0.11,162.6,
2025-04-08 08:36:43,160.0,36.0,194.67,30.0,158.43,21.0,196.33,30.0,177.33,34.66999999999999,57.0,60.0,2.643770035400244,117,-3.0,-62.0,-0.03,162.6,
2025-04-08 08:36:44,160.0,30.0,192.4,25.0,159.0,20.0,195.0,25.0,176.2,32.400000000000006,50.0,50.0,2.991750323820764,100,0.0,-17.0,0.0,162.6,
2025-04-08 08:36:45,162.22,81.0,191.62,40.0,160.64,50.0,193.88,40.0,176.92,29.40000000000001,131.0,80.0,1.211622878656471,211,51.0,111.0,0.24,162.6,
2025-04-08 08:36:46,165.2,142.0,189.89,66.0,163.81,214.0,191.23,62.0,177.55,24.69,356.0,128.0,0.5842345420157874,484,228.0,168.0,0.47,162.6,
2025-04-08 08:36:47,167.31,144.0,184.25,80.0,164.0,256.0,185.29,72.0,175.78,16.939999999999998,400.0,152.0,0.7497532928136857,552,248.0,68.0,0.45,162.6,
2025-04-08 08:36:50,165.09,128.0,169.75,44.0,163.84,138.0,171.31,32.0,167.42,4.659999999999997,266.0,76.0,4.028668514545588,342,190.0,-161.0,0.56,169.0,4.0
2025-04-08 08:36:51,164.0,297.0,166.51,41.0,162.0,60.0,167.94,35.0,165.26,2.509999999999991,357.0,76.0,4.318715086700547,433,281.0,91.0,0.65,164.0,2.0
2025-04-08 08:36:52,164.0,198.0,167.74,62.0,161.73,55.0,293.3,40.0,165.87,3.740000000000009,253.0,102.0,3.5323320908569897,355,151.0,-78.0,0.43,164.0,6.0
2025-04-08 08:36:53,164.0,60.0,167.0,60.0,162.0,48.0,295.58,36.0,165.5,3.0,108.0,96.0,2.287865817765703,204,12.0,-151.0,0.06,164.0,4.0
2025-04-08 08:36:54,165.11,54.0,202.17,46.0,163.43,84.0,290.17,47.0,183.64,37.05999999999997,138.0,93.0,7.928008577196198,231,45.0,27.0,0.19,166.6,5.0
2025-04-08 08:36:56,162.33,24.0,346.11,27.0,161.64,78.0,500.71,28.0,254.22,183.78,102.0,55.0,77.11251889284911,157,47.0,4.0,0.3,166.6,
2025-04-08 08:36:57,167.0,126.0,311.68,25.0,163.0,9.0,332.5,20.0,239.34,144.68,135.0,45.0,70.27588149571649,180,90.0,23.0,0.5,166.6,
2025-04-08 08:36:58,165.15,26.0,271.0,32.0,162.01,97.0,311.09,33.0,218.08,105.85,123.0,65.0,60.01543984675919,188,58.0,8.0,0.31,166.6,
2025-04-08 08:36:59,162.17,35.0,219.06,32.0,161.52,63.0,282.73,33.0,190.62,56.890000000000015,98.0,65.0,58.20083057826552,163,33.0,-25.0,0.2,162.2,5.0
2025-04-08 08:37:00,162.0,28.0,219.0,21.0,160.0,21.0,300.29,21.0,190.5,57.0,49.0,42.0,28.599306285293345,91,7.0,-72.0,0.08,162.2,
2025-04-08 08:37:01,162.0,44.0,218.73,33.0,160.0,33.0,342.83,29.0,190.36,56.72999999999999,77.0,62.0,22.240975698022805,139,15.0,48.0,0.11,162.2,
2025-04-08 08:37:02,162.0,48.0,217.06,48.0,160.0,48.0,300.94,53.0,189.53,55.06,96.0,101.0,12.452165273560166,197,-5.0,58.0,-0.03,162.0,2.0
2025-04-08 08:37:03,162.0,38.0,215.75,24.0,160.0,24.0,232.0,32.0,188.88,53.75,62.0,56.0,0.7478101363763698,118,6.0,-79.0,0.05,162.0,
2025-04-08 08:37:04,162.0,98.0,211.71,56.0,160.0,40.0,221.82,50.0,186.86,49.71000000000001,138.0,106.0,1.476407802766044,244,32.0,126.0,0.13,162.0,
2025-04-08 08:37:05,162.0,49.0,206.89,27.0,160.0,21.0,208.34,29.0,184.44,44.88999999999999,70.0,56.0,2.379974789797249,126,14.0,-118.0,0.11,162.0,
2025-04-08 08:37:06,162.0,84.0,204.25,36.0,160.0,36.0,207.0,60.0,183.12,42.25,120.0,96.0,2.766817666575236,216,24.0,90.0,0.11,162.0,
2025-04-08 08:37:07,168.0,64.0,202.84,55.0,162.0,91.0,204.31,49.0,185.42,34.84,155.0,104.0,2.223213889861741,259,51.0,43.0,0.2,168.0,3.0
2025-04-08 08:37:08,168.0,26.0,198.85,52.0,162.0,84.0,200.09,44.0,183.42,30.849999999999994,110.0,96.0,1.530921291273983,206,14.0,-53.0,0.07,168.0,2.0
2025-04-08 08:37:09,162.67,45.0,196.49,49.0,160.61,56.0,198.45,55.0,179.58,33.82000000000002,101.0,104.0,2.215012415332778,205,-3.0,-1.0,-0.01,163.33,9.0
2025-04-08 08:37:10,160.0,27.0,193.89,45.0,159.0,72.0,195.33,45.0,176.94,33.889999999999986,99.0,90.0,3.389879053901599,189,9.0,-16.0,0.05,163.33,
2025-04-08 08:37:11,160.0,39.0,191.55,49.0,159.0,53.0,193.39,61.0,175.78,31.55000000000001,92.0,110.0,4.127992248064817,202,-18.0,13.0,-0.09,163.33,
2025-04-08 08:37:12,161.49,82.0,189.09,53.0,159.35,43.0,190.32,53.0,175.29,27.599999999999994,125.0,106.0,3.3565190301987893,231,19.0,29.0,0.08,162.0,2.0
2025-04-08 08:37:13,162.52,103.0,187.85,41.0,161.63,65.0,188.75,44.0,175.19,25.329999999999984,168.0,85.0,1.827766396476688,253,83.0,22.0,0.33,162.0,
2025-04-08 08:37:14,164.33,90.0,185.4,72.0,163.0,90.0,186.33,60.0,174.87,21.069999999999997,180.0,132.0,0.8099567890269962,312,48.0,59.0,0.15,162.0,
2025-04-08 08:37:15,166.0,66.0,181.95,42.0,163.0,66.0,183.32,47.0,173.98,15.949999999999989,132.0,89.0,0.6677349774363327,221,43.0,-91.0,0.19,162.0,
2025-04-08 08:37:16,166.83,72.0,177.08,51.0,163.8,123.0,177.68,53.0,171.96,10.25,195.0,104.0,1.384402398182376,299,91.0,78.0,0.3,167.0,2.0
2025-04-08 08:37:17,167.69,52.0,173.73,30.0,164.0,143.0,174.87,38.0,170.71,6.039999999999992,195.0,68.0,1.9361224135096844,263,127.0,-36.0,0.48,167.0,
2025-04-08 08:37:18,167.38,34.0,170.92,24.0,163.94,94.0,172.64,36.0,169.15,3.539999999999992,128.0,60.0,2.3375050802290205,188,68.0,-75.0,0.36,169.0,4.0
2025-04-08 08:37:19,164.0,132.0,168.98,55.0,163.0,72.0,171.78,50.0,166.49,4.97999999999999,204.0,105.0,2.8363656323011472,309,99.0,121.0,0.32,169.0,
2025-04-08 08:37:20,164.0,91.0,168.0,59.0,163.0,78.0,168.71,35.0,166.0,4.0,169.0,94.0,2.5938908998070054,263,75.0,-46.0,0.29,165.5,10.0
2025-04-08 08:37:21,164.0,18.0,169.0,15.0,163.0,18.0,170.0,3.0,166.5,5.0,36.0,18.0,2.057437726907735,54,18.0,-168.0,0.33,165.5,
2025-04-08 08:37:22,165.0,18.0,168.42,38.0,163.43,42.0,361.81,16.0,166.71,3.4199999999999875,60.0,54.0,1.2462142673330587,114,6.0,60.0,0.05,164.75,4.0
2025-04-08 08:37:23,166.82,51.0,238.07,15.0,163.95,57.0,511.5,36.0,202.45,71.25,108.0,51.0,16.112977688810158,159,57.0,45.0,0.36,166.33,3.0
2025-04-08 08:37:25,163.61,82.0,406.44,25.0,162.38,26.0,589.21,19.0,285.02,242.83,108.0,44.0,107.76312973368944,152,64.0,50.0,0.42,168.0,5.0
2025-04-08 08:37:26,163.04,56.0,256.14,21.0,162.2,15.0,275.0,14.0,209.59,93.1,71.0,35.0,101.11003723666592,106,36.0,-46.0,0.34,164.0,2.0
2025-04-08 08:37:27,163.0,90.0,186.77,30.0,161.0,10.0,198.76,17.0,174.88,23.77000000000001,100.0,47.0,99.33957504438986,147,53.0,41.0,0.36,164.0,
2025-04-08 08:37:28,163.0,99.0,185.09,44.0,160.61,38.0,188.0,11.0,174.05,22.090000000000003,137.0,55.0,104.04519580451552,192,82.0,45.0,0.43,164.0,
2025-04-08 08:37:29,163.67,81.0,183.5,28.0,162.12,96.0,184.38,37.0,173.58,19.830000000000013,177.0,65.0,48.12531277820494,242,112.0,50.0,0.46,164.0,
2025-04-08 08:37:30,164.12,56.0,178.47,30.0,162.35,93.0,179.87,30.0,171.3,14.349999999999994,149.0,60.0,16.215574303739423,209,89.0,-33.0,0.43,164.8,5.0
2025-04-08 08:37:31,163.0,85.0,174.87,23.0,161.1,80.0,175.94,17.0,168.93,11.870000000000005,165.0,40.0,2.419022529888416,205,125.0,-4.0,0.61,163.0,1.0
2025-04-08 08:37:32,163.0,120.0,171.54,57.0,162.0,60.0,172.11,36.0,167.27,8.539999999999992,180.0,93.0,2.925889608326047,273,87.0,68.0,0.32,163.0,
2025-04-08 08:37:33,163.0,100.0,165.59,37.0,162.0,52.0,167.68,28.0,164.3,2.5900000000000034,152.0,65.0,3.582084588631833,217,87.0,-56.0,0.4,163.0,4.0
2025-04-08 08:37:34,160.57,42.0,165.0,9.0,159.4,15.0,175.0,9.0,162.79,4.430000000000007,57.0,18.0,3.4375965441158787,75,39.0,-142.0,0.52,162.33,9.0
2025-04-08 08:37:35,160.08,39.0,163.27,11.0,159.48,31.0,167.18,11.0,161.67,3.1899999999999977,70.0,22.0,3.0438659629032108,92,48.0,17.0,0.52,160.5,2.0
2025-04-08 08:37:36,160.0,41.0,161.73,11.0,159.0,70.0,358.7,23.0,160.86,1.7299999999999898,111.0,34.0,2.5298754910317967,145,77.0,53.0,0.53,160.0,1.0
2025-04-08 08:37:37,159.7,20.0,161.0,16.0,149.64,91.0,292.18,77.0,160.35,1.3000000000000114,111.0,93.0,1.5846860888282093,204,18.0,59.0,0.09,160.0,1.0
2025-04-08 08:37:38,159.0,33.0,202.18,11.0,115.85,67.0,375.9,31.0,180.59,43.18000000000001,100.0,42.0,8.623596697441288,142,58.0,-62.0,0.41,161.0,1.0
2025-04-08 08:37:39,160.56,36.0,235.67,9.0,159.0,27.0,237.0,9.0,198.11,75.10999999999999,63.0,18.0,16.744789637380006,81,45.0,-61.0,0.56,161.0,
2025-04-08 08:37:40,141.75,32.0,234.88,8.0,139.91,33.0,402.62,16.0,188.31,93.13,65.0,24.0,16.74876652175019,89,41.0,8.0,0.46,160.71,7.0
2025-04-08 08:37:41,125.61,66.0,161.92,24.0,83.71,70.0,356.95,19.0,143.76,36.30999999999999,136.0,43.0,21.966027861224845,179,93.0,90.0,0.52,155.83,6.0
2025-04-08 08:37:42,150.91,23.0,233.43,7.0,116.0,36.0,487.71,35.0,192.17,82.52000000000001,59.0,42.0,21.54700721678292,101,17.0,-78.0,0.17,163.0,1.0
2025-04-08 08:37:43,168.0,18.0,232.11,9.0,163.0,27.0,281.45,29.0,200.06,64.11000000000001,45.0,38.0,23.24024892293731,83,7.0,-18.0,0.08,163.0,
2025-04-08 08:37:44,163.71,14.0,231.0,5.0,122.85,13.0,386.1,21.0,197.36,67.28999999999999,27.0,26.0,23.13247003672736,53,1.0,-30.0,0.02,168.0,2.0
2025-04-08 08:37:45,163.0,33.0,229.85,13.0,148.44,73.0,441.59,22.0,196.42,66.85,106.0,35.0,23.757028012781536,141,71.0,88.0,0.5,168.0,
2025-04-08 08:37:46,163.0,27.0,229.94,17.0,143.78,63.0,230.8,10.0,196.47,66.94,90.0,27.0,2.835900209822196,117,63.0,-24.0,0.54,168.0,
2025-04-08 08:37:47,163.0,21.0,228.43,7.0,147.22,37.0,230.0,14.0,195.71,65.43,58.0,21.0,1.7004793442051624,79,37.0,-38.0,0.47,168.0,
2025-04-08 08:37:48,163.0,21.0,227.67,12.0,140.8,70.0,229.78,18.0,195.33,64.66999999999999,91.0,30.0,0.7821572732321296,121,61.0,42.0,0.5,163.0,1.0
2025-04-08 08:37:49,163.6,20.0,226.2,10.0,98.42,53.0,227.06,17.0,194.9,62.6,73.0,27.0,0.6831032133365206,100,46.0,-21.0,0.46,166.0,4.0
2025-04-08 08:37:50,163.0,40.0,225.0,13.0,132.91,33.0,226.8,20.0,194.0,62.0,73.0,33.0,0.9200923867044122,106,40.0,6.0,0.38,166.0,
2025-04-08 08:37:51,163.0,40.0,223.2,15.0,128.0,24.0,224.56,9.0,193.1,60.19999999999999,64.0,24.0,1.0564894699297496,88,40.0,-18.0,0.45,166.0,
2025-04-08 08:37:52,160.19,77.0,220.0,30.0,156.95,63.0,220.76,42.0,190.1,59.81,140.0,72.0,2.0783358727775734,212,68.0,124.0,0.32,161.5,10.0
2025-04-08 08:37:53,167.92,39.0,216.1,21.0,161.75,24.0,216.64,28.0,192.01,48.18000000000001,63.0,49.0,1.860892259126,112,14.0,-100.0,0.12,161.5,
2025-04-08 08:37:59,167.53,15.0,195.13,30.0,165.74,35.0,197.5,40.0,181.33,27.599999999999994,50.0,70.0,2.981777993091514,120,-20.0,53.0,-0.17,167.5,4.0
2025-04-08 08:38:00,162.21,48.0,190.06,33.0,160.15,136.0,191.0,35.0,176.13,27.849999999999994,184.0,68.0,4.709759017199114,252,116.0,132.0,0.46,164.75,4.0
2025-04-08 08:38:01,162.0,40.0,184.21,39.0,160.0,132.0,185.33,21.0,173.1,22.210000000000008,172.0,60.0,5.609105989379457,232,112.0,-20.0,0.48,164.75,
2025-04-08 08:38:02,162.0,52.0,178.15,40.0,160.0,143.0,179.55,40.0,170.07,16.150000000000006,195.0,80.0,5.939185971166164,275,115.0,43.0,0.42,164.75,
2025-04-08 08:38:03,162.0,32.0,170.27,15.0,160.66,65.0,170.82,17.0,166.13,8.27000000000001,97.0,32.0,5.795646642101473,129,65.0,-146.0,0.5,164.75,
2025-04-08 08:38:04,162.0,46.0,168.48,21.0,161.0,24.0,170.18,34.0,165.24,6.47999999999999,70.0,55.0,4.602622078783605,125,15.0,-4.0,0.12,162.0,1.0
2025-04-08 08:38:05,162.0,30.0,165.0,36.0,161.0,20.0,165.79,38.0,163.5,3.0,50.0,74.0,3.9016368360099465,124,-24.0,-1.0,-0.19,162.0,
2025-04-08 08:38:06,160.56,36.0,163.08,26.0,159.97,62.0,164.56,36.0,161.82,2.5200000000000102,98.0,62.0,3.113771025639625,160,36.0,36.0,0.23,161.6,5.0
2025-04-08 08:38:07,160.0,110.0,161.37,19.0,159.0,50.0,162.82,17.0,160.68,1.3700000000000043,160.0,36.0,2.275737243206132,196,124.0,36.0,0.63,161.6,
2025-04-08 08:38:08,160.0,99.0,161.29,42.0,159.0,60.0,253.69,26.0,160.64,1.289999999999992,159.0,68.0,1.9789593225018485,227,91.0,31.0,0.4,160.0,6.0
2025-04-08 08:38:09,160.0,52.0,317.56,36.0,159.0,60.0,460.86,56.0,238.78,157.56,112.0,92.0,34.50872179609232,204,20.0,-23.0,0.1,160.0,2.0
2025-04-08 08:38:11,166.0,24.0,423.38,24.0,162.0,11.0,457.0,36.0,294.69,257.38,35.0,60.0,73.3964316571318,95,-25.0,-57.0,-0.26,160.0,
2025-04-08 08:38:12,166.0,28.0,333.61,33.0,162.0,9.0,416.24,42.0,249.8,167.61,37.0,75.0,60.67868835101823,112,-38.0,17.0,-0.34,160.0,
2025-04-08 08:38:13,166.0,28.0,196.71,35.0,162.0,7.0,244.08,25.0,181.36,30.710000000000008,35.0,60.0,53.07491705127752,95,-25.0,-17.0,-0.26,160.0,
2025-04-08 08:38:14,166.0,44.0,195.0,55.0,162.0,11.0,268.24,41.0,180.5,29.0,55.0,96.0,63.35949794624328,151,-41.0,56.0,-0.27,160.0,
2025-04-08 08:38:15,165.81,31.0,188.83,60.0,161.06,16.0,302.61,46.0,177.32,23.02000000000001,47.0,106.0,53.12293365393187,153,-59.0,2.0,-0.39,165.2,5.0
2025-04-08 08:38:16,160.0,16.0,179.7,50.0,159.0,50.0,246.43,42.0,169.85,19.69999999999999,66.0,92.0,32.75725385315568,158,-26.0,5.0,-0.16,165.2,
2025-04-08 08:38:17,160.0,52.0,177.32,62.0,159.0,65.0,229.09,44.0,168.66,17.319999999999993,117.0,106.0,5.944595865162328,223,11.0,65.0,0.05,165.2,
2025-04-08 08:38:18,160.0,48.0,172.51,45.0,159.0,60.0,174.05,39.0,166.26,12.509999999999993,108.0,84.0,6.081457062259767,192,24.0,-31.0,0.12,165.2,
2025-04-08 08:38:19,160.2,50.0,169.43,49.0,159.09,55.0,170.17,52.0,164.81,9.230000000000018,105.0,101.0,4.858039728132466,206,4.0,14.0,0.02,165.2,
2025-04-08 08:38:20,162.0,37.0,165.36,33.0,160.0,40.0,166.65,26.0,163.68,3.3600000000000136,77.0,59.0,2.580633643142129,136,18.0,-70.0,0.13,164.0,5.0
2025-04-08 08:38:21,162.0,22.0,163.92,49.0,160.0,32.0,164.73,37.0,162.96,1.9199999999999875,54.0,86.0,2.2664906794687694,140,-32.0,4.0,-0.23,164.0,
2025-04-08 08:38:22,161.2,10.0,163.0,14.0,159.13,23.0,164.0,35.0,162.1,1.8000000000000114,33.0,49.0,1.6240751214523552,82,-16.0,-58.0,-0.2,162.0,2.0
2025-04-08 08:38:23,160.0,49.0,162.03,58.0,159.0,17.0,197.72,68.0,161.02,2.030000000000001,66.0,126.0,1.4520261706049864,192,-60.0,110.0,-0.31,160.5,4.0
2025-04-08 08:38:24,161.0,59.0,162.0,45.0,160.0,27.0,367.2,20.0,161.5,1.0,86.0,65.0,1.07783115566521,151,21.0,-41.0,0.14,161.0,5.0
2025-04-08 08:38:25,161.0,35.0,162.0,35.0,160.0,21.0,265.72,32.0,161.5,1.0,56.0,67.0,0.7454394677793292,123,-11.0,-28.0,-0.09,161.0,
2025-04-08 08:38:26,161.0,20.0,162.0,20.0,160.0,12.0,449.0,20.0,161.5,1.0,32.0,40.0,0.3832492663052029,72,-8.0,-51.0,-0.11,161.0,
2025-04-08 08:38:27,161.47,17.0,271.11,45.0,160.21,19.0,492.33,30.0,216.29,109.64,36.0,75.0,24.55737811738276,111,-39.0,39.0,-0.35,161.56,9.0
2025-04-08 08:38:28,162.25,8.0,375.25,40.0,160.36,14.0,531.37,19.0,268.75,213.0,22.0,59.0,48.09655465831293,81,-37.0,-30.0,-0.46,163.0,1.0
2025-04-08 08:38:29,167.18,33.0,283.0,55.0,166.2,70.0,483.1,31.0,225.09,115.82,103.0,86.0,45.73405547291939,189,17.0,108.0,0.09,167.33,3.0
2025-04-08 08:38:30,167.0,55.0,250.91,22.0,166.0,110.0,292.0,55.0,208.95,83.91,165.0,77.0,38.357397982658526,242,88.0,53.0,0.36,167.33,
2025-04-08 08:38:31,167.0,40.0,231.5,16.0,166.0,80.0,292.0,40.0,199.25,64.5,120.0,56.0,26.93372384205436,176,64.0,-66.0,0.36,167.33,
2025-04-08 08:38:32,167.0,40.0,221.77,26.0,166.0,80.0,258.57,21.0,194.38,54.77000000000001,120.0,47.0,30.037296482873625,167,73.0,-9.0,0.44,167.33,
2025-04-08 08:38:33,166.45,29.0,221.0,28.0,165.42,62.0,268.0,23.0,193.72,54.55000000000001,91.0,51.0,13.130969880403695,142,40.0,-25.0,0.28,166.71,7.0
2025-04-08 08:38:34,166.0,104.0,218.08,52.0,163.0,78.0,381.75,40.0,192.04,52.08000000000001,182.0,92.0,6.853070114924873,274,90.0,132.0,0.33,166.71,
2025-04-08 08:38:35,166.0,80.0,217.2,40.0,163.0,60.0,241.23,35.0,191.6,51.19999999999999,140.0,75.0,3.049216292767737,215,65.0,-59.0,0.3,166.71,
2025-04-08 08:38:36,166.0,88.0,220.27,44.0,163.0,66.0,265.44,36.0,193.14,54.27000000000001,154.0,80.0,1.153377648509606,234,74.0,19.0,0.32,166.71,
2025-04-08 08:38:37,166.0,48.0,219.0,32.0,163.0,54.0,232.0,16.0,192.5,53.0,102.0,48.0,0.8469946871627678,150,54.0,-84.0,0.36,166.0,4.0
2025-04-08 08:38:38,166.0,27.0,217.33,36.0,163.0,63.0,232.89,18.0,191.67,51.33000000000001,90.0,54.0,0.6402343321647114,144,36.0,-6.0,0.25,166.0,1.0
2025-04-08 08:38:39,166.0,5.0,216.6,20.0,163.0,35.0,299.0,20.0,191.3,50.6,40.0,40.0,0.7582347921867914,80,0.0,-64.0,0.0,166.0,2.0
2025-04-08 08:38:40,166.0,9.0,216.0,36.0,163.0,63.0,370.57,35.0,191.0,50.0,72.0,71.0,0.8829042983713883,143,1.0,63.0,0.01,166.0,
2025-04-08 08:38:41,166.0,9.0,214.26,35.0,163.0,63.0,220.29,28.0,190.13,48.25999999999999,72.0,63.0,0.8708903490585453,135,9.0,-8.0,0.07,166.0,
2025-04-08 08:38:42,166.0,8.0,214.5,32.0,163.0,56.0,265.89,27.0,190.25,48.5,64.0,59.0,0.6659204157283214,123,5.0,-12.0,0.04,166.0,
2025-04-08 08:38:43,164.15,13.0,213.14,28.0,162.71,49.0,322.0,28.0,188.65,48.98999999999998,62.0,56.0,1.029334736654884,118,6.0,-5.0,0.05,163.75,4.0
2025-04-08 08:38:44,163.91,23.0,205.24,42.0,162.5,56.0,211.36,44.0,184.58,41.33000000000001,79.0,86.0,2.57234717720716,165,-7.0,47.0,-0.04,163.75,
2025-04-08 08:38:45,163.18,34.0,170.89,36.0,162.12,64.0,197.11,36.0,167.03,7.7099999999999795,98.0,72.0,9.82976703691854,170,26.0,5.0,0.15,166.0,1.0
2025-04-08 08:38:46,163.06,34.0,170.0,40.0,162.13,60.0,211.0,40.0,166.53,6.939999999999998,94.0,80.0,11.71292960792025,174,14.0,4.0,0.08,166.0,
2025-04-08 08:38:47,164.0,59.0,169.21,56.0,163.0,17.0,178.79,56.0,166.61,5.210000000000008,76.0,112.0,10.991369341446918,188,-36.0,14.0,-0.19,166.0,
2025-04-08 08:38:48,163.57,21.0,167.83,48.0,162.1,30.0,169.17,48.0,165.7,4.260000000000019,51.0,96.0,8.114490125701273,147,-45.0,-41.0,-0.31,164.0,4.0
2025-04-08 08:38:49,161.64,25.0,164.1,40.0,160.89,46.0,165.4,40.0,162.87,2.460000000000008,71.0,80.0,1.679529696107622,151,-9.0,4.0,-0.06,162.25,4.0
2025-04-08 08:38:50,161.0,45.0,165.3,33.0,160.0,36.0,181.7,33.0,163.15,4.300000000000011,81.0,66.0,1.828830227251309,147,15.0,-4.0,0.1,164.0,2.0
2025-04-08 08:38:51,162.04,54.0,165.25,32.0,160.14,37.0,300.9,31.0,163.64,3.210000000000008,91.0,63.0,1.6624469916687932,154,28.0,7.0,0.18,164.62,8.0
2025-04-08 08:38:52,165.0,71.0,209.83,46.0,161.4,67.0,386.88,34.0,187.41,44.83000000000001,138.0,80.0,10.598968346028055,218,58.0,64.0,0.27,165.0,5.0
2025-04-08 08:38:53,165.0,32.0,262.51,37.0,162.0,72.0,336.63,19.0,213.76,97.51,104.0,56.0,22.48797967804346,160,48.0,-58.0,0.3,165.0,
2025-04-08 08:38:54,165.0,44.0,240.36,55.0,162.0,99.0,411.43,49.0,202.68,75.36000000000001,143.0,104.0,22.764216876494743,247,39.0,87.0,0.16,165.0,
2025-04-08 08:38:55,165.0,42.0,201.92,59.0,162.0,117.0,233.6,47.0,183.46,36.91999999999999,159.0,106.0,19.1668255065904,265,53.0,18.0,0.2,165.0,1.0
2025-04-08 08:38:56,165.35,23.0,200.0,26.0,163.14,63.0,201.0,65.0,182.67,34.650000000000006,86.0,91.0,13.68108657965735,177,-5.0,-88.0,-0.03,166.0,1.0
2025-04-08 08:38:57,162.19,47.0,199.0,18.0,161.07,43.0,201.0,45.0,180.6,36.81,90.0,63.0,14.794346217392702,153,27.0,-24.0,0.18,165.0,3.0
2025-04-08 08:38:58,162.0,80.0,167.3,50.0,161.0,50.0,191.48,23.0,164.65,5.300000000000011,130.0,73.0,13.508596152083724,203,57.0,50.0,0.28,165.0,
2025-04-08 08:38:59,162.0,104.0,164.85,65.0,161.0,65.0,173.43,47.0,163.42,2.8499999999999943,169.0,112.0,10.037073776758778,281,57.0,78.0,0.2,165.0,
2025-04-08 08:39:00,161.97,37.0,163.0,72.0,160.94,72.0,320.38,39.0,162.49,1.0300000000000011,109.0,111.0,9.978403178870982,220,-2.0,-61.0,-0.01,161.77,13.0
2025-04-08 08:39:01,158.28,53.0,162.54,52.0,146.89,74.0,299.92,26.0,160.41,4.259999999999991,127.0,78.0,8.135018746143528,205,49.0,-15.0,0.24,159.0,5.0
2025-04-08 08:39:02,158.0,52.0,162.0,40.0,142.4,80.0,266.9,20.0,160.0,4.0,132.0,60.0,1.9760389672550525,192,72.0,-13.0,0.38,158.0,1.0
2025-04-08 08:39:03,158.0,23.0,184.57,28.0,107.64,73.0,347.3,20.0,171.29,26.569999999999997,96.0,48.0,4.569088530561559,144,48.0,-48.0,0.33,159.71,7.0
2025-04-08 08:39:04,159.44,25.0,215.0,18.0,137.87,60.0,474.0,9.0,187.22,55.56,85.0,27.0,11.530428005937363,112,58.0,-32.0,0.52,159.71,
2025-04-08 08:39:05,162.0,7.0,381.11,9.0,159.0,56.0,561.22,27.0,271.56,219.11,63.0,36.0,46.86509393994729,99,27.0,-13.0,0.27,159.71,
2025-04-08 08:39:06,160.38,26.0,323.0,14.0,158.4,20.0,520.27,11.0,241.69,162.62,46.0,25.0,48.07479245925113,71,21.0,-28.0,0.3,159.6,5.0
2025-04-08 08:39:07,165.0,12.0,240.0,20.0,159.0,16.0,439.75,4.0,202.5,75.0,28.0,24.0,41.07865224176739,52,4.0,-19.0,0.08,159.6,
2025-04-08 08:39:08,165.0,21.0,233.31,26.0,159.0,28.0,276.84,19.0,199.15,68.31,49.0,45.0,35.15498442611027,94,4.0,42.0,0.04,159.6,
2025-04-08 08:39:09,165.0,15.0,231.91,22.0,159.77,26.0,317.78,9.0,198.45,66.91,41.0,31.0,32.78193176126223,72,10.0,-22.0,0.14,159.6,
2025-04-08 08:39:10,165.4,15.0,280.67,45.0,162.5,48.0,415.0,9.0,223.03,115.27,63.0,54.0,18.957093131597546,117,9.0,45.0,0.08,159.6,
2025-04-08 08:39:11,166.0,9.0,272.5,16.0,165.0,27.0,324.81,26.0,219.25,106.5,36.0,42.0,11.737818366292217,78,-6.0,-39.0,-0.08,159.6,
2025-04-08 08:39:12,166.0,16.0,208.75,16.0,165.0,48.0,378.74,38.0,187.38,42.75,64.0,54.0,15.122097076796912,118,10.0,40.0,0.08,166.0,1.0
2025-04-08 08:39:13,165.0,33.0,208.0,11.0,162.0,11.0,515.75,20.0,186.5,43.0,44.0,31.0,17.33616076298533,75,13.0,-43.0,0.17,166.0,
2025-04-08 08:39:14,165.0,33.0,205.46,13.0,162.0,11.0,495.75,24.0,185.23,40.46000000000001,44.0,37.0,19.106440537161145,81,7.0,6.0,0.09,166.0,
2025-04-08 08:39:15,164.25,16.0,203.0,10.0,161.13,46.0,604.7,23.0,183.62,38.75,62.0,33.0,15.0783795548488,95,29.0,14.0,0.31,165.0,3.0
2025-04-08 08:39:16,161.2,132.0,201.42,24.0,159.27,154.0,436.96,23.0,181.31,40.22,286.0,47.0,2.413683906415598,333,239.0,168.0,0.72,161.5,2.0
2025-04-08 08:39:17,164.5,28.0,199.56,27.0,161.89,55.0,201.0,9.0,182.03,35.06,83.0,36.0,2.1610807481652983,119,47.0,-168.0,0.39,165.33,3.0
2025-04-08 08:39:18,162.0,56.0,198.5,24.0,161.0,24.0,201.0,8.0,180.25,36.5,80.0,32.0,1.962528980701138,112,48.0,-7.0,0.43,165.33,
2025-04-08 08:39:19,162.0,82.0,196.19,16.0,161.0,42.0,197.1,40.0,179.09,34.19,124.0,56.0,1.7243839479921486,180,68.0,68.0,0.38,162.0,4.0
2025-04-08 08:39:20,162.0,30.0,192.72,18.0,161.0,30.0,196.0,24.0,177.36,30.72,60.0,42.0,1.850464806499727,102,18.0,-78.0,0.18,162.0,
2025-04-08 08:39:21,162.0,42.0,187.67,27.0,161.0,42.0,189.67,21.0,174.83,25.669999999999987,84.0,48.0,2.757502493216494,132,36.0,30.0,0.27,162.0,
2025-04-08 08:39:22,162.0,21.0,184.95,19.0,161.0,21.0,185.67,9.0,173.47,22.94999999999999,42.0,28.0,2.8385735854644896,70,14.0,-62.0,0.2,162.0,
2025-04-08 08:39:23,162.22,23.0,183.73,11.0,161.45,33.0,184.93,29.0,172.97,21.50999999999999,56.0,40.0,2.61288729188575,96,16.0,26.0,0.17,162.0,
2025-04-08 08:39:24,163.0,20.0,181.25,20.0,162.0,23.0,183.0,10.0,172.12,18.25,43.0,30.0,2.0458616766778834,73,13.0,-23.0,0.18,162.0,
2025-04-08 08:39:25,162.85,33.0,173.09,33.0,161.96,73.0,171.14,35.0,167.97,10.240000000000007,106.0,68.0,2.5978876034387643,174,38.0,101.0,0.22,163.0,2.0
2025-04-08 08:39:26,162.0,35.0,165.45,11.0,161.0,21.0,166.29,31.0,163.73,3.4499999999999886,56.0,42.0,4.146579313133017,98,14.0,-76.0,0.14,164.0,1.0
2025-04-08 08:39:27,162.0,55.0,164.09,11.0,161.0,33.0,165.33,15.0,163.05,2.0900000000000034,88.0,26.0,4.593649964908557,114,62.0,16.0,0.54,164.0,
2025-04-08 08:39:28,162.0,50.0,306.07,29.0,161.0,30.0,320.5,22.0,234.03,144.07,80.0,51.0,30.322885746579164,131,29.0,17.0,0.22,164.5,2.0
2025-04-08 08:39:29,162.67,36.0,197.0,40.0,161.36,28.0,288.3,23.0,179.83,34.33000000000001,64.0,63.0,30.004914930725807,127,1.0,-4.0,0.01,164.5,
2025-04-08 08:39:30,166.0,33.0,197.0,55.0,162.0,55.0,356.43,28.0,181.5,31.0,88.0,83.0,29.049523576129264,171,5.0,44.0,0.03,164.5,
2025-04-08 08:39:31,165.5,24.0,300.5,40.0,161.92,38.0,390.5,40.0,233.0,135.0,62.0,80.0,32.96461997354252,142,-18.0,-29.0,-0.13,164.4,5.0
2025-04-08 08:39:32,162.0,38.0,196.3,54.0,161.0,42.0,437.35,46.0,179.15,34.30000000000001,80.0,100.0,29.238511761033187,180,-20.0,38.0,-0.11,162.0,1.0
2025-04-08 08:39:33,162.0,22.0,185.12,34.0,161.0,33.0,232.56,45.0,173.56,23.120000000000005,55.0,79.0,24.55057372038555,134,-24.0,-46.0,-0.18,162.0,
2025-04-08 08:39:34,161.43,28.0,183.55,44.0,159.46,78.0,185.11,54.0,172.49,22.120000000000005,106.0,98.0,25.4687465337438,204,8.0,70.0,0.04,161.67,3.0
2025-04-08 08:39:35,161.0,16.0,180.5,26.0,159.0,64.0,181.6,30.0,170.75,19.5,80.0,56.0,26.577895891136464,136,24.0,-68.0,0.18,161.67,
2025-04-08 08:39:36,161.0,20.0,178.75,32.0,159.0,66.0,179.84,38.0,169.88,17.75,86.0,70.0,3.641954145798517,156,16.0,20.0,0.1,161.67,
2025-04-08 08:39:37,165.25,53.0,177.08,48.0,159.86,42.0,178.07,43.0,171.16,11.830000000000013,95.0,91.0,1.4580020576461217,186,4.0,30.0,0.02,161.67,
2025-04-08 08:39:38,166.0,55.0,176.0,44.0,161.0,34.0,226.39,41.0,171.0,10.0,89.0,85.0,0.9416634218768032,174,4.0,-12.0,0.02,161.67,
2025-04-08 08:39:39,166.0,60.0,173.71,52.0,162.94,125.0,211.64,56.0,169.86,7.710000000000008,185.0,108.0,0.6200000000815591,293,77.0,119.0,0.26,161.67,
2025-04-08 08:39:40,166.0,60.0,169.79,52.0,163.0,132.0,171.43,56.0,167.89,3.789999999999992,192.0,108.0,1.306032158907887,300,84.0,7.0,0.28,161.67,
2025-04-08 08:39:41,166.0,17.0,167.2,25.0,163.0,55.0,205.67,18.0,166.6,1.1999999999999886,72.0,43.0,1.9963266266075077,115,29.0,-168.0,0.25,166.0,4.0
2025-04-08 08:39:42,163.33,30.0,276.31,35.0,162.83,96.0,358.88,40.0,219.82,112.98,126.0,75.0,22.863717545493223,201,51.0,86.0,0.25,166.0,1.0
2025-04-08 08:39:43,163.31,65.0,273.8,40.0,162.69,65.0,379.61,44.0,218.55,110.49,130.0,84.0,27.99895944495237,214,46.0,13.0,0.21,165.0,1.0
2025-04-08 08:39:44,163.2,122.0,227.78,64.0,162.27,104.0,244.55,78.0,195.49,64.58000000000001,226.0,142.0,25.99780086853662,368,84.0,154.0,0.23,165.0,2.0
2025-04-08 08:39:45,163.0,77.0,217.75,48.0,161.46,52.0,235.46,57.0,190.38,54.75,129.0,105.0,22.071465062384952,234,24.0,-134.0,0.1,163.0,9.0
2025-04-08 08:39:46,163.0,26.0,220.77,52.0,162.0,78.0,347.27,55.0,191.88,57.77000000000001,104.0,107.0,14.69509203782254,211,-3.0,-23.0,-0.01,163.0,
2025-04-08 08:39:47,163.0,66.0,214.85,53.0,162.0,78.0,369.47,64.0,188.92,51.85,144.0,117.0,12.267824990603698,261,27.0,50.0,0.1,163.0,
2025-04-08 08:39:48,163.0,150.0,218.13,60.0,162.0,90.0,341.08,71.0,190.57,55.13,240.0,131.0,2.4913189278141554,371,109.0,110.0,0.29,163.0,
2025-04-08 08:39:49,163.0,65.0,182.13,31.0,162.0,42.0,211.44,32.0,172.56,19.129999999999995,107.0,63.0,8.063629455777878,170,44.0,-168.0,0.26,163.0,5.0
2025-04-08 08:39:50,163.0,35.0,168.9,40.0,162.0,60.0,173.3,50.0,165.95,5.900000000000006,95.0,90.0,11.891792547807606,185,5.0,15.0,0.03,163.0,3.0
2025-04-08 08:39:51,163.0,20.0,166.7,40.0,162.0,60.0,171.1,42.0,164.85,3.6999999999999886,80.0,82.0,12.397029886230689,162,-2.0,-23.0,-0.01,163.0,
2025-04-08 08:39:52,162.17,82.0,164.12,40.0,161.54,78.0,174.57,65.0,163.15,1.950000000000017,160.0,105.0,11.286061314741334,265,55.0,103.0,0.21,163.42,12.0
2025-04-08 08:39:53,159.51,35.0,161.5,12.0,158.33,45.0,287.0,60.0,160.51,1.990000000000009,80.0,72.0,4.495695719252546,152,8.0,-113.0,0.05,161.4,5.0
2025-04-08 08:39:54,159.0,27.0,261.38,39.0,158.0,36.0,395.43,23.0,210.19,102.38,63.0,62.0,20.929758718152964,125,1.0,-27.0,0.01,160.0,1.0
2025-04-08 08:39:55,162.0,26.0,230.18,34.0,151.9,31.0,335.46,26.0,196.09,68.18,57.0,60.0,22.683697229510354,117,-3.0,-8.0,-0.03,160.33,9.0
2025-04-08 08:39:56,117.24,33.0,217.62,32.0,54.75,24.0,390.06,34.0,167.43,100.38,57.0,66.0,22.308789299289533,123,-9.0,6.0,-0.07,162.0,7.0
2025-04-08 08:39:58,152.0,27.0,196.2,49.0,121.08,13.0,279.96,26.0,174.1,44.19999999999999,40.0,75.0,34.462101212783,115,-35.0,50.0,-0.3,156.5,4.0
2025-04-08 08:39:59,165.0,24.0,197.0,30.0,161.0,6.0,414.83,12.0,181.0,32.0,30.0,42.0,28.698570173444235,72,-12.0,-43.0,-0.17,156.5,
2025-04-08 08:40:00,165.0,20.0,195.21,47.0,161.0,11.0,295.0,36.0,180.11,30.210000000000008,31.0,83.0,25.458114030699623,114,-52.0,42.0,-0.46,165.0,3.0
2025-04-08 08:40:01,165.0,13.0,191.23,65.0,162.74,23.0,195.0,39.0,178.12,26.22999999999999,36.0,104.0,26.199781105957808,140,-68.0,26.0,-0.49,165.0,
2025-04-08 08:40:02,165.0,10.0,179.61,38.0,163.0,20.0,182.42,38.0,172.3,14.610000000000014,30.0,76.0,3.7863940629702544,106,-46.0,-34.0,-0.43,165.0,
2025-04-08 08:40:03,165.0,9.0,174.54,35.0,163.0,18.0,175.39,38.0,169.77,9.539999999999992,27.0,73.0,4.963652888760151,100,-46.0,-6.0,-0.46,165.0,
2025-04-08 08:40:04,163.55,11.0,171.41,44.0,161.86,14.0,172.29,41.0,167.48,7.859999999999985,25.0,85.0,5.399400892700883,110,-60.0,10.0,-0.55,164.0,2.0
2025-04-08 08:40:05,163.97,31.0,167.55,49.0,162.82,11.0,168.48,42.0,165.76,3.5800000000000125,42.0,91.0,4.828362041117169,133,-49.0,23.0,-0.37,164.0,
2025-04-08 08:40:06,163.47,19.0,165.45,55.0,161.46,13.0,167.17,52.0,164.46,1.9799999999999895,32.0,107.0,3.1397420276358825,139,-75.0,6.0,-0.54,163.75,4.0
2025-04-08 08:40:07,161.0,6.0,163.45,22.0,159.0,6.0,164.23,26.0,162.23,2.4499999999999886,12.0,48.0,2.873473507813235,60,-36.0,-79.0,-0.6,163.75,
2025-04-08 08:40:08,161.0,12.0,163.28,54.0,159.0,12.0,287.79,52.0,162.14,2.280000000000001,24.0,106.0,2.299734767338523,130,-82.0,70.0,-0.63,163.0,3.0
2025-04-08 08:40:09,160.22,18.0,333.04,28.0,158.44,16.0,363.5,20.0,246.63,172.82000000000002,34.0,48.0,37.14256628182945,82,-14.0,-48.0,-0.17,162.67,6.0
2025-04-08 08:40:10,160.86,42.0,241.56,32.0,159.0,7.0,403.18,11.0,201.21,80.69999999999999,49.0,43.0,37.06995859183132,92,6.0,10.0,0.07,162.67,
2025-04-08 08:40:11,161.0,48.0,349.0,8.0,159.0,8.0,369.29,28.0,255.0,188.0,56.0,36.0,44.47666995178569,92,20.0,0.0,0.22,162.67,
2025-04-08 08:40:12,159.34,32.0,348.75,12.0,157.14,73.0,377.0,60.0,254.05,189.41,105.0,72.0,40.993825510679805,177,33.0,85.0,0.19,160.17,6.0
2025-04-08 08:40:13,160.56,18.0,212.87,23.0,158.0,99.0,365.06,17.0,186.71,52.31,117.0,40.0,32.305787407213245,157,77.0,-20.0,0.49,160.17,
2025-04-08 08:40:14,161.0,24.0,198.42,12.0,158.0,132.0,237.48,23.0,179.71,37.41999999999999,156.0,35.0,36.6067286164725,191,121.0,34.0,0.63,160.17,
2025-04-08 08:40:15,161.0,20.0,197.1,10.0,158.0,110.0,291.89,18.0,179.05,36.1,130.0,28.0,39.93471897985599,158,102.0,-33.0,0.65,160.17,
2025-04-08 08:40:16,160.06,33.0,196.31,13.0,157.72,116.0,285.1,51.0,178.18,36.25,149.0,64.0,32.8833833417439,213,85.0,55.0,0.4,158.67,9.0
2025-04-08 08:40:17,166.0,14.0,183.2,30.0,158.0,56.0,269.21,28.0,174.6,17.19999999999999,70.0,58.0,4.412215996536284,128,12.0,-85.0,0.09,158.67,
2025-04-08 08:40:18,166.0,7.0,179.88,17.0,162.0,14.0,187.27,11.0,172.94,13.879999999999995,21.0,28.0,2.9634658763165245,49,-7.0,-79.0,-0.14,158.67,
2025-04-08 08:40:19,166.0,10.0,178.4,10.0,162.0,20.0,292.5,36.0,172.2,12.400000000000006,30.0,46.0,3.0814898993982567,76,-16.0,27.0,-0.21,158.67,
2025-04-08 08:40:20,166.0,8.0,177.25,8.0,162.0,16.0,391.43,28.0,171.62,11.25,24.0,36.0,2.6371423928363127,60,-12.0,-16.0,-0.2,158.67,
2025-04-08 08:40:21,163.67,12.0,177.0,12.0,161.59,17.0,431.83,30.0,170.33,13.330000000000013,29.0,42.0,1.584746036466247,71,-13.0,11.0,-0.18,164.0,2.0
2025-04-08 08:40:22,162.99,105.0,174.86,14.0,161.93,14.0,341.13,31.0,168.92,11.870000000000005,119.0,45.0,1.593681273058166,164,74.0,93.0,0.45,164.0,
2025-04-08 08:40:23,163.0,38.0,172.27,11.0,162.0,11.0,345.76,51.0,167.64,9.27000000000001,49.0,62.0,1.8847068737862305,111,-13.0,-53.0,-0.12,163.0,5.0
2025-04-08 08:40:24,163.0,33.0,187.27,11.0,162.0,11.0,337.33,18.0,175.14,24.27000000000001,44.0,29.0,2.882030534206161,73,15.0,-38.0,0.21,163.0,
2025-04-08 08:40:25,163.82,102.0,260.58,12.0,162.6,15.0,495.87,15.0,212.2,96.76,117.0,27.0,18.860314949652647,144,90.0,71.0,0.62,163.0,
2025-04-08 08:40:26,164.0,230.0,259.31,16.0,163.0,27.0,260.91,11.0,211.66,95.31,257.0,27.0,22.83335542578195,284,230.0,140.0,0.81,164.0,7.0
2025-04-08 08:40:27,164.0,252.0,256.58,31.0,163.0,36.0,257.54,26.0,210.29,92.57999999999998,288.0,57.0,22.07614051414061,345,231.0,61.0,0.67,164.0,
2025-04-08 08:40:28,164.0,273.0,230.33,18.0,163.0,39.0,245.41,32.0,197.17,66.33000000000001,312.0,50.0,15.877357147840335,362,262.0,17.0,0.72,164.0,
2025-04-08 08:40:29,164.11,141.0,185.84,25.0,163.78,81.0,186.7,20.0,174.97,21.72999999999999,222.0,45.0,15.947387560352215,267,177.0,-95.0,0.66,164.0,
2025-04-08 08:40:30,165.63,191.0,181.0,41.0,164.09,324.0,182.73,37.0,173.32,15.370000000000005,515.0,78.0,18.54555391462012,593,437.0,168.0,0.74,166.0,2.0
2025-04-08 08:40:31,166.16,236.0,176.56,25.0,165.12,51.0,177.72,25.0,171.36,10.400000000000006,287.0,50.0,17.3916321833256,337,237.0,-168.0,0.7,166.0,
2025-04-08 08:40:32,167.22,259.0,174.51,35.0,166.0,45.0,176.12,41.0,170.87,7.289999999999992,304.0,76.0,11.095398595818535,380,228.0,43.0,0.6,167.33,6.0
2025-04-08 08:40:33,168.0,143.0,172.5,32.0,166.54,26.0,173.14,21.0,170.25,4.5,169.0,53.0,1.948956130880248,222,116.0,-158.0,0.52,167.33,
2025-04-08 08:40:34,167.87,94.0,169.18,17.0,166.5,36.0,170.05,44.0,168.52,1.3100000000000025,130.0,61.0,1.7427937342372488,191,69.0,-31.0,0.36,168.0,13.0
2025-04-08 08:40:35,166.25,12.0,168.0,15.0,165.29,21.0,202.67,6.0,167.12,1.75,33.0,21.0,1.7640096371895302,54,12.0,-137.0,0.22,167.0,2.0
2025-04-08 08:40:36,166.0,35.0,167.69,39.0,165.0,65.0,525.79,19.0,166.85,1.6899999999999975,100.0,58.0,1.8069504697412828,158,42.0,104.0,0.27,166.0,2.0
2025-04-08 08:40:37,165.21,24.0,166.91,23.0,163.36,55.0,279.54,13.0,166.06,1.6999999999999886,79.0,36.0,1.651166254530116,115,43.0,-43.0,0.37,165.5,2.0
2025-04-08 08:40:38,164.34,41.0,355.11,27.0,161.92,78.0,489.0,7.0,259.73,190.77,119.0,34.0,41.41814855833231,153,85.0,38.0,0.56,167.0,3.0
2025-04-08 08:40:39,162.92,26.0,459.0,3.0,161.78,54.0,0.0,0.0,310.96,296.08000000000004,80.0,3.0,67.47494223784159,83,77.0,-70.0,0.93,167.0,
2025-04-08 08:40:40,165.0,9.0,342.71,7.0,162.0,27.0,0.0,0.0,253.86,177.70999999999998,36.0,7.0,63.38929302334934,43,29.0,-40.0,0.67,167.0,
2025-04-08 08:40:41,165.0,6.0,226.0,12.0,162.0,18.0,500.67,6.0,195.5,61.0,24.0,18.0,57.0646153058096,42,6.0,-1.0,0.14,167.0,
2025-04-08 08:40:42,165.93,15.0,290.64,22.0,164.1,10.0,387.25,16.0,228.28,124.70999999999998,25.0,38.0,42.623774821102224,63,-13.0,21.0,-0.21,167.0,
2025-04-08 08:40:43,166.0,24.0,246.97,35.0,165.0,12.0,292.91,34.0,206.49,80.97,36.0,69.0,45.99763059115151,105,-33.0,42.0,-0.31,167.0,
2025-04-08 08:40:44,166.0,26.0,208.42,45.0,165.0,13.0,212.69,45.0,187.21,42.41999999999999,39.0,90.0,26.966335865298085,129,-51.0,24.0,-0.4,167.0,
2025-04-08 08:40:45,166.0,24.0,195.88,56.0,165.0,12.0,201.46,48.0,180.94,29.879999999999995,36.0,104.0,18.631270219715987,140,-68.0,11.0,-0.49,167.0,
2025-04-08 08:40:46,166.0,22.0,194.0,33.0,165.0,11.0,195.0,55.0,180.0,28.0,33.0,88.0,20.678496802235863,121,-55.0,-19.0,-0.45,167.0,
2025-04-08 08:40:47,166.0,22.0,192.45,33.0,165.0,11.0,195.0,55.0,179.23,26.44999999999999,33.0,88.0,11.464568461136636,121,-55.0,0.0,-0.45,167.0,
2025-04-08 08:40:48,166.0,36.0,189.7,66.0,165.0,18.0,192.54,78.0,177.85,23.69999999999999,54.0,144.0,3.626724417445356,198,-90.0,77.0,-0.45,167.0,
2025-04-08 08:40:49,166.62,32.0,187.27,33.0,165.62,16.0,188.44,43.0,176.95,20.65000000000001,48.0,76.0,1.607896140954482,124,-28.0,-74.0,-0.23,167.0,
2025-04-08 08:40:50,167.0,60.0,183.05,59.0,166.0,30.0,184.06,51.0,175.03,16.05000000000001,90.0,110.0,1.9546150516399323,200,-20.0,76.0,-0.1,167.0,
2025-04-08 08:40:51,166.25,16.0,179.0,24.0,164.43,14.0,180.0,24.0,172.62,12.75,30.0,48.0,2.576757652574,78,-18.0,-122.0,-0.23,166.67,6.0
2025-04-08 08:40:52,165.0,14.0,177.59,44.0,162.97,94.0,178.5,48.0,171.3,12.590000000000003,108.0,92.0,2.7824359831090537,200,16.0,122.0,0.08,166.67,
2025-04-08 08:40:53,165.0,15.0,171.98,63.0,163.0,105.0,173.08,49.0,168.49,6.97999999999999,120.0,112.0,3.279614306607044,232,8.0,32.0,0.03,166.67,
2025-04-08 08:40:54,162.89,54.0,166.41,58.0,161.98,83.0,168.16,62.0,164.65,3.5200000000000102,137.0,120.0,3.99638211387545,257,17.0,25.0,0.07,163.25,8.0
2025-04-08 08:40:55,161.24,42.0,164.04,26.0,160.0,48.0,267.82,17.0,162.64,2.799999999999983,90.0,43.0,4.254662148761706,133,47.0,-124.0,0.35,162.0,3.0
2025-04-08 08:40:56,161.08,38.0,164.0,30.0,159.7,43.0,364.0,10.0,162.54,2.9199999999999875,81.0,40.0,3.85178270416532,121,41.0,-12.0,0.34,162.0,
2025-04-08 08:40:57,161.5,16.0,187.88,32.0,160.5,48.0,235.09,22.0,174.69,26.379999999999995,64.0,54.0,5.123179676734614,118,10.0,-3.0,0.08,162.86,7.0
2025-04-08 08:40:58,154.91,54.0,256.38,45.0,154.04,75.0,326.2,30.0,205.64,101.47,129.0,75.0,18.36684703480978,204,54.0,86.0,0.26,157.4,5.0
2025-04-08 08:40:59,153.75,36.0,221.62,32.0,152.67,55.0,337.75,16.0,187.69,67.87,91.0,48.0,18.314714029984128,139,43.0,-65.0,0.31,156.0,1.0
2025-04-08 08:41:00,157.0,27.0,226.0,45.0,155.77,35.0,524.67,9.0,191.5,69.0,62.0,54.0,16.46598524231371,116,8.0,-23.0,0.07,156.0,
2025-04-08 08:41:01,162.0,11.0,226.0,45.0,158.44,27.0,559.67,9.0,194.0,64.0,38.0,54.0,11.181611243469694,92,-16.0,-24.0,-0.17,161.0,3.0
2025-04-08 08:41:02,159.73,22.0,427.03,32.0,157.54,39.0,525.62,40.0,293.38,267.29999999999995,61.0,72.0,44.63340475473576,133,-11.0,41.0,-0.08,161.0,1.0
2025-04-08 08:41:06,166.0,14.0,249.95,21.0,161.0,28.0,294.89,18.0,207.98,83.94999999999999,42.0,39.0,70.64026281094925,81,3.0,15.0,0.04,161.0,
2025-04-08 08:41:07,166.0,11.0,248.55,11.0,161.0,22.0,250.0,22.0,207.27,82.55000000000001,33.0,33.0,86.45116291872537,66,0.0,-15.0,0.0,161.0,
2025-04-08 08:41:08,166.0,12.0,231.07,15.0,161.0,24.0,233.35,31.0,198.53,65.07,36.0,46.0,76.00313579057139,82,-10.0,16.0,-0.12,161.0,
2025-04-08 08:41:09,163.67,9.0,217.0,9.0,160.2,15.0,218.0,36.0,190.33,53.33000000000001,24.0,45.0,63.62024426234203,69,-21.0,-13.0,-0.3,162.67,3.0
2025-04-08 08:41:10,163.0,40.0,216.67,6.0,159.0,5.0,217.94,17.0,189.83,53.66999999999999,45.0,23.0,8.77905575788723,68,22.0,-1.0,0.32,162.67,
2025-04-08 08:41:11,163.0,100.0,213.73,30.0,159.0,15.0,214.46,26.0,188.37,50.72999999999999,115.0,56.0,7.990912338406463,171,59.0,103.0,0.35,163.0,3.0
2025-04-08 08:41:12,163.0,80.0,210.06,31.0,161.2,41.0,211.8,30.0,186.53,47.06,121.0,61.0,4.610284156112344,182,60.0,11.0,0.33,163.0,
2025-04-08 08:41:13,162.37,86.0,205.24,29.0,161.63,51.0,206.15,27.0,183.81,42.870000000000005,137.0,56.0,2.663471419051349,193,81.0,11.0,0.42,163.0,5.0
2025-04-08 08:41:14,162.0,51.0,201.9,20.0,161.0,11.0,203.89,19.0,181.95,39.900000000000006,62.0,39.0,3.229445772900532,101,23.0,-92.0,0.23,162.0,5.0
2025-04-08 08:41:15,162.53,15.0,197.33,18.0,161.22,9.0,198.33,18.0,179.93,34.80000000000001,24.0,36.0,3.3996941039021524,60,-12.0,-41.0,-0.2,162.0,
2025-04-08 08:41:16,164.58,48.0,193.58,24.0,162.0,12.0,194.67,24.0,179.08,29.0,60.0,48.0,3.0113452143699577,108,12.0,48.0,0.11,162.0,
2025-04-08 08:41:17,165.0,52.0,188.85,26.0,162.0,13.0,189.92,26.0,176.92,23.849999999999994,65.0,52.0,2.6497679143862247,117,13.0,9.0,0.11,162.0,
2025-04-08 08:41:18,165.0,48.0,185.17,24.0,162.31,13.0,186.25,24.0,175.08,20.169999999999987,61.0,48.0,2.66619016578195,109,13.0,-8.0,0.12,162.0,
2025-04-08 08:41:19,166.67,48.0,184.0,24.0,162.0,12.0,185.0,24.0,175.33,17.330000000000013,60.0,48.0,2.181391757597353,108,12.0,-1.0,0.11,162.0,
2025-04-08 08:41:20,168.0,16.0,183.17,24.0,163.0,14.0,184.29,14.0,175.58,15.169999999999987,30.0,38.0,1.659252843937452,68,-8.0,-40.0,-0.12,168.0,3.0
2025-04-08 08:41:21,168.0,10.0,180.59,37.0,162.57,14.0,181.91,22.0,174.3,12.590000000000003,24.0,59.0,0.9554161397607932,83,-35.0,15.0,-0.42,168.0,
2025-04-08 08:41:22,168.0,11.0,178.81,43.0,165.86,56.0,179.47,34.0,173.41,10.810000000000002,67.0,77.0,0.8848446191937275,144,-10.0,61.0,-0.07,168.0,
2025-04-08 08:41:23,166.22,45.0,175.18,57.0,165.05,41.0,176.36,59.0,170.7,8.960000000000008,86.0,116.0,1.9685603877242237,202,-30.0,58.0,-0.15,166.67,3.0
2025-04-08 08:41:24,166.0,44.0,170.7,47.0,164.14,28.0,171.61,36.0,168.35,4.699999999999989,72.0,83.0,2.9159852537552755,155,-11.0,-47.0,-0.07,166.67,
2025-04-08 08:41:25,164.25,48.0,166.48,42.0,162.59,34.0,168.13,53.0,165.36,2.2299999999999898,82.0,95.0,3.67291845813653,177,-13.0,22.0,-0.07,166.0,4.0
2025-04-08 08:41:26,161.89,27.0,162.88,32.0,160.3,30.0,169.6,42.0,162.38,0.9900000000000092,57.0,74.0,4.336663464014959,131,-17.0,-46.0,-0.13,162.43,7.0
2025-04-08 08:41:27,159.59,61.0,161.2,20.0,152.27,67.0,192.02,56.0,160.4,1.6099999999999852,128.0,76.0,4.210323028002073,204,52.0,73.0,0.25,160.0,3.0
2025-04-08 08:41:28,159.0,38.0,165.13,15.0,154.47,68.0,195.75,28.0,162.07,6.129999999999996,106.0,43.0,3.14907446722464,149,63.0,-55.0,0.42,159.2,5.0
2025-04-08 08:41:29,162.0,8.0,360.62,16.0,158.27,22.0,512.45,29.0,261.31,198.62,30.0,45.0,44.20184645464609,75,-15.0,-74.0,-0.2,159.2,
2025-04-08 08:41:30,162.17,53.0,294.17,24.0,154.03,33.0,507.86,21.0,228.17,132.00000000000003,86.0,45.0,47.018040473844685,131,41.0,56.0,0.31,160.0,3.0
2025-04-08 08:41:31,167.0,27.0,430.48,31.0,160.1,40.0,672.19,31.0,298.74,263.48,67.0,62.0,60.94760512112081,129,5.0,-2.0,0.04,167.0,3.0
2025-04-08 08:41:32,167.0,27.0,280.09,33.0,165.0,45.0,553.64,44.0,223.55,113.08999999999996,72.0,77.0,50.6242799454971,149,-5.0,20.0,-0.03,167.0,1.0
2025-04-08 08:41:33,165.55,22.0,216.0,7.0,160.64,44.0,332.86,21.0,190.77,50.44999999999999,66.0,28.0,41.04070442865295,94,38.0,-55.0,0.4,166.0,4.0
2025-04-08 08:41:34,163.5,32.0,181.78,9.0,158.91,78.0,380.0,30.0,172.64,18.28,110.0,39.0,48.317248783432085,149,71.0,55.0,0.48,163.5,4.0
2025-04-08 08:41:35,159.0,66.0,413.09,11.0,158.0,63.0,568.37,27.0,286.05,254.09,129.0,38.0,56.22042022254956,167,91.0,18.0,0.54,159.0,3.0
2025-04-08 08:41:37,163.0,54.0,275.74,27.0,159.0,45.0,396.42,24.0,219.37,112.74,99.0,51.0,72.06142851761997,150,48.0,-12.0,0.32,159.0,
2025-04-08 08:41:38,163.0,42.0,243.0,7.0,162.0,70.0,549.86,28.0,203.0,80.0,112.0,35.0,70.02254972507107,147,77.0,-3.0,0.52,159.0,
2025-04-08 08:41:39,163.0,36.0,243.0,6.0,162.0,60.0,512.17,24.0,203.0,80.0,96.0,30.0,63.10120307886408,126,66.0,-21.0,0.52,159.0,
2025-04-08 08:41:40,163.0,54.0,272.55,33.0,162.0,90.0,559.3,30.0,217.77,109.55,144.0,63.0,61.126917720428686,207,81.0,81.0,0.39,159.0,
2025-04-08 08:41:41,164.09,22.0,390.0,5.0,162.71,34.0,499.0,20.0,277.05,225.91,56.0,25.0,30.64533031311737,81,31.0,-126.0,0.38,159.0,
2025-04-08 08:41:42,165.3,40.0,213.69,13.0,163.0,60.0,425.46,37.0,189.5,48.38999999999999,100.0,50.0,34.45716514747079,150,50.0,69.0,0.33,159.0,
2025-04-08 08:41:43,166.0,24.0,212.5,24.0,163.0,36.0,292.1,21.0,189.25,46.5,60.0,45.0,36.450977078812,105,15.0,-45.0,0.14,159.0,
2025-04-08 08:41:44,166.0,48.0,212.0,48.0,163.0,72.0,420.85,33.0,189.0,46.0,120.0,81.0,38.13229248288228,201,39.0,96.0,0.19,159.0,
2025-04-08 08:41:45,164.43,21.0,206.32,65.0,162.25,120.0,223.06,49.0,185.38,41.88999999999999,141.0,114.0,39.73377945778738,255,27.0,54.0,0.11,164.33,9.0
2025-04-08 08:41:46,164.71,14.0,189.15,48.0,162.06,64.0,193.29,48.0,176.93,24.44,78.0,96.0,5.349324256399349,174,-18.0,-81.0,-0.1,164.33,
2025-04-08 08:41:47,166.0,20.0,187.2,40.0,163.0,10.0,189.0,50.0,176.6,21.19999999999999,30.0,90.0,6.276915643857638,120,-60.0,-54.0,-0.5,164.33,
2025-04-08 08:41:48,166.0,20.0,183.4,40.0,163.0,10.0,188.49,47.0,174.7,17.400000000000006,30.0,87.0,6.278074545599741,117,-57.0,-3.0,-0.49,164.33,
2025-04-08 08:41:49,166.0,32.0,182.04,69.0,163.0,16.0,187.32,66.0,174.02,16.039999999999992,48.0,135.0,4.560052631287288,183,-87.0,66.0,-0.48,164.33,
2025-04-08 08:41:50,164.64,25.0,167.81,54.0,161.69,52.0,174.87,45.0,166.23,3.170000000000016,77.0,99.0,4.351612344880215,176,-22.0,-7.0,-0.12,163.5,6.0
2025-04-08 08:41:51,161.3,166.0,184.1,67.0,160.96,250.0,264.84,64.0,172.7,22.799999999999983,416.0,131.0,3.9591918367407657,547,285.0,168.0,0.52,161.64,11.0
2025-04-08 08:41:53,161.55,110.0,350.18,33.0,160.91,110.0,371.97,39.0,255.86,188.63,220.0,72.0,69.87300394286818,292,148.0,-45.0,0.51,161.64,
2025-04-08 08:41:54,162.1,87.0,206.04,25.0,160.95,168.0,301.91,33.0,184.07,43.94,255.0,58.0,68.39363296389563,313,197.0,21.0,0.63,162.5,8.0
2025-04-08 08:41:55,161.0,140.0,197.62,24.0,160.0,20.0,198.31,16.0,179.31,36.620000000000005,160.0,40.0,65.99474426043385,200,120.0,-113.0,0.6,162.5,
2025-04-08 08:41:56,161.0,128.0,194.5,24.0,160.0,20.0,195.77,26.0,177.75,33.5,148.0,50.0,65.05735907643397,198,98.0,-2.0,0.49,161.0,4.0
2025-04-08 08:41:57,161.0,70.0,193.88,17.0,160.0,14.0,194.71,21.0,177.44,32.879999999999995,84.0,38.0,34.188564316158285,122,46.0,-76.0,0.38,161.0,
2025-04-08 08:41:58,161.0,110.0,190.45,11.0,160.0,22.0,194.0,33.0,175.73,29.44999999999999,132.0,44.0,3.177735042464261,176,88.0,54.0,0.5,161.0,
2025-04-08 08:41:59,161.58,86.0,187.18,40.0,160.78,36.0,189.75,24.0,174.38,25.599999999999994,122.0,64.0,1.906507277748272,186,58.0,10.0,0.31,161.0,4.0
2025-04-08 08:42:00,165.11,38.0,182.9,51.0,162.54,78.0,183.7,47.0,174.0,17.789999999999992,116.0,98.0,1.712848504716069,214,18.0,28.0,0.08,161.0,
2025-04-08 08:42:01,167.0,24.0,178.33,49.0,163.0,72.0,179.56,41.0,172.66,11.330000000000013,96.0,90.0,1.8180814063481807,186,6.0,-28.0,0.03,161.0,
2025-04-08 08:42:02,167.0,20.0,177.3,43.0,163.0,60.0,178.46,35.0,172.15,10.300000000000011,80.0,78.0,1.4249666663153655,158,2.0,-28.0,0.01,161.0,
2025-04-08 08:42:03,167.0,28.0,173.43,40.0,163.0,84.0,174.13,38.0,170.21,6.430000000000007,112.0,78.0,1.6594125466896272,190,34.0,32.0,0.18,161.0,
2025-04-08 08:42:04,166.23,31.0,168.74,50.0,162.86,91.0,172.57,37.0,167.48,2.5100000000000198,122.0,87.0,2.531926144284682,209,35.0,19.0,0.17,167.0,2.0
2025-04-08 08:42:05,163.0,48.0,166.62,40.0,162.0,104.0,175.0,32.0,164.81,3.620000000000005,152.0,72.0,3.300813536101981,224,80.0,15.0,0.36,167.0,
2025-04-08 08:42:06,163.0,66.0,165.77,52.0,162.0,143.0,172.13,47.0,164.38,2.7700000000000102,209.0,99.0,3.3715471226301528,308,110.0,84.0,0.36,167.0,
2025-04-08 08:42:07,162.52,108.0,164.47,45.0,161.86,167.0,170.3,67.0,163.49,1.9499999999999889,275.0,112.0,2.74898708620417,387,163.0,79.0,0.42,163.29,7.0
2025-04-08 08:42:08,162.0,78.0,164.0,12.0,161.0,36.0,368.6,25.0,163.0,2.0,114.0,37.0,1.7445543843969569,151,77.0,-168.0,0.51,164.0,1.0
2025-04-08 08:42:09,162.0,158.0,416.21,29.0,161.0,84.0,508.09,53.0,289.1,254.21,242.0,82.0,55.98674155547987,324,160.0,168.0,0.49,162.0,2.0
2025-04-08 08:42:10,162.0,103.0,415.6,10.0,161.0,60.0,418.65,34.0,288.8,253.6,163.0,44.0,68.64610680876282,207,119.0,-117.0,0.57,162.0,1.0
2025-04-08 08:42:11,162.0,94.0,327.59,27.0,161.0,66.0,415.64,11.0,244.8,165.58999999999995,160.0,38.0,63.40689804745267,198,122.0,-9.0,0.62,162.0,4.0
2025-04-08 08:42:12,162.16,57.0,329.32,31.0,160.95,38.0,414.67,15.0,245.74,167.16,95.0,46.0,51.42845243637069,141,49.0,-57.0,0.35,162.0,4.0
2025-04-08 08:42:13,166.53,34.0,349.24,21.0,163.4,25.0,360.62,24.0,257.88,182.71,59.0,45.0,22.229392254400985,104,14.0,-37.0,0.13,162.0,
2025-04-08 08:42:14,168.0,50.0,331.6,10.0,167.0,10.0,348.8,10.0,249.8,163.60000000000002,60.0,20.0,18.293891876799485,80,40.0,-24.0,0.5,162.0,
2025-04-08 08:42:15,168.0,55.0,331.0,11.0,167.0,11.0,333.0,11.0,249.5,163.0,66.0,22.0,5.160724755306928,88,44.0,8.0,0.5,162.0,
2025-04-08 08:42:16,168.0,44.0,244.35,17.0,167.0,10.0,262.9,20.0,206.18,76.35,54.0,37.0,20.40932629951428,91,17.0,3.0,0.19,168.0,2.0
2025-04-08 08:42:17,168.0,30.0,237.3,10.0,167.0,10.0,238.4,10.0,202.65,69.30000000000001,40.0,20.0,26.522326821002213,60,20.0,-31.0,0.33,168.0,
2025-04-08 08:42:18,166.92,39.0,184.5,36.0,162.83,36.0,235.67,15.0,175.71,17.580000000000013,75.0,51.0,32.247790156847486,126,24.0,66.0,0.19,166.8,5.0
2025-04-08 08:42:19,161.75,56.0,169.82,34.0,161.39,23.0,184.68,31.0,165.79,8.069999999999993,79.0,65.0,32.61819783495229,144,14.0,18.0,0.1,163.0,7.0
2025-04-08 08:42:20,161.64,11.0,167.82,11.0,160.7,40.0,169.35,20.0,164.73,6.180000000000007,51.0,31.0,20.040928621201747,82,20.0,-62.0,0.24,161.25,4.0
2025-04-08 08:42:21,160.19,26.0,165.33,12.0,159.43,35.0,167.0,12.0,162.76,5.140000000000015,61.0,24.0,16.604843269363062,85,37.0,3.0,0.44,161.0,1.0
2025-04-08 08:42:22,160.0,13.0,162.26,31.0,159.0,104.0,164.62,13.0,161.13,2.259999999999991,117.0,44.0,5.70422475014084,161,73.0,76.0,0.45,161.0,
2025-04-08 08:42:23,159.08,53.0,160.45,29.0,158.53,60.0,161.85,26.0,159.76,1.369999999999976,113.0,55.0,2.484518061943261,168,58.0,7.0,0.35,159.5,2.0
2025-04-08 08:42:24,159.0,54.0,160.26,35.0,158.0,44.0,214.8,20.0,159.63,1.259999999999991,98.0,55.0,2.1581172350276723,153,43.0,-15.0,0.28,159.0,5.0
2025-04-08 08:42:25,159.0,92.0,162.43,14.0,158.0,56.0,221.3,46.0,160.71,3.430000000000007,148.0,60.0,1.2658080423682971,208,88.0,55.0,0.42,159.0,
2025-04-08 08:42:26,159.0,69.0,194.19,27.0,158.0,44.0,276.56,39.0,176.59,35.19,113.0,66.0,7.309123066423343,179,47.0,-29.0,0.26,160.5,2.0
2025-04-08 08:42:27,162.25,24.0,401.28,18.0,163.16,50.0,600.35,26.0,281.76,239.03,74.0,44.0,53.074814648758775,118,30.0,-61.0,0.25,160.5,
2025-04-08 08:42:28,167.0,15.0,370.74,35.0,165.0,90.0,459.39,23.0,268.87,203.74,105.0,58.0,60.61528866548504,163,47.0,45.0,0.29,160.5,
2025-04-08 08:42:29,168.0,9.0,261.79,19.0,165.0,54.0,333.56,27.0,214.89,93.79000000000002,63.0,46.0,53.91388578093837,109,17.0,-54.0,0.16,160.5,
2025-04-08 08:42:30,166.15,26.0,252.41,34.0,163.29,84.0,256.96,28.0,209.28,86.25999999999999,110.0,62.0,43.8743851238973,172,48.0,63.0,0.28,166.0,3.0
2025-04-08 08:42:31,165.0,44.0,166.86,29.0,159.0,66.0,192.2,15.0,165.93,1.8600000000000136,110.0,44.0,47.26357826064445,154,66.0,-18.0,0.43,166.0,
2025-04-08 08:42:32,165.0,42.0,166.0,36.0,159.0,72.0,384.5,16.0,165.5,1.0,114.0,52.0,42.66780437285336,166,62.0,12.0,0.37,165.0,2.0
2025-04-08 08:42:33,159.86,42.0,182.7,23.0,158.55,33.0,297.36,33.0,171.28,22.83999999999997,75.0,56.0,24.56815479436951,131,19.0,-35.0,0.15,160.71,7.0
2025-04-08 08:42:34,159.0,13.0,190.32,19.0,158.0,32.0,192.5,24.0,174.66,31.319999999999997,45.0,43.0,18.26501300300958,88,2.0,-43.0,0.02,160.71,
2025-04-08 08:42:35,159.0,9.0,188.62,13.0,158.0,18.0,189.29,14.0,173.81,29.620000000000005,27.0,27.0,4.312960700042987,54,0.0,-34.0,0.0,160.71,
2025-04-08 08:42:43,151.58,19.0,154.0,24.0,121.64,45.0,156.0,36.0,152.79,2.4199999999999875,64.0,60.0,17.113954247927335,124,4.0,-73.0,0.03,160.71,
2025-04-08 08:42:44,153.0,18.0,154.0,12.0,115.88,66.0,156.0,45.0,153.5,1.0,84.0,57.0,19.863096938799558,141,27.0,17.0,0.19,154.0,1.0
2025-04-08 08:42:45,150.44,25.0,155.83,36.0,138.55,77.0,276.75,60.0,153.14,5.390000000000015,102.0,96.0,19.05592558759982,198,6.0,57.0,0.03,155.33,3.0
2025-04-08 08:42:46,152.43,14.0,156.0,28.0,143.43,28.0,322.91,32.0,154.21,3.569999999999993,42.0,60.0,14.289203266807252,102,-18.0,-96.0,-0.18,156.0,1.0
2025-04-08 08:42:47,158.44,25.0,280.8,30.0,150.09,23.0,369.5,24.0,219.62,122.36,48.0,54.0,29.6146782862843,102,-6.0,0.0,-0.06,156.0,2.0
2025-04-08 08:42:48,163.16,19.0,212.0,7.0,161.67,9.0,334.0,21.0,187.58,48.84,28.0,28.0,29.63053323853813,56,0.0,-46.0,0.0,156.0,
2025-04-08 08:42:49,160.75,8.0,273.0,16.0,118.2,30.0,326.69,16.0,216.88,112.25,38.0,32.0,32.31234253346703,70,6.0,14.0,0.09,163.2,5.0
2025-04-08 08:42:50,142.0,35.0,288.33,30.0,107.0,56.0,313.23,30.0,215.17,146.32999999999998,91.0,60.0,28.028707961661222,151,31.0,81.0,0.21,156.5,2.0
2025-04-08 08:42:51,152.0,45.0,191.55,33.0,151.0,54.0,323.45,20.0,171.77,39.55000000000001,99.0,53.0,21.37117755295876,152,46.0,1.0,0.3,163.0,1.0
2025-04-08 08:42:52,150.27,22.0,417.0,14.0,135.37,63.0,643.84,31.0,283.64,266.73,85.0,45.0,42.82435603719077,130,40.0,-22.0,0.31,163.0,
2025-04-08 08:42:53,146.57,21.0,340.96,28.0,130.22,107.0,417.06,31.0,243.77,194.39,128.0,59.0,41.16793691697543,187,69.0,57.0,0.37,163.0,
2025-04-08 08:42:54,131.71,35.0,153.58,19.0,128.51,94.0,279.52,27.0,142.65,21.870000000000005,129.0,46.0,56.075277083578285,175,83.0,-12.0,0.47,149.2,5.0
2025-04-08 08:42:55,130.0,54.0,164.17,30.0,39.0,36.0,318.89,18.0,147.08,34.16999999999999,90.0,48.0,62.79599246767337,138,42.0,-37.0,0.3,149.2,
2025-04-08 08:42:56,127.47,59.0,153.0,41.0,93.13,67.0,154.0,10.0,140.24,25.53,126.0,51.0,67.47031962278004,177,75.0,39.0,0.42,153.0,1.0
2025-04-08 08:42:57,151.0,7.0,153.38,13.0,135.9,63.0,155.67,12.0,152.19,2.3799999999999955,70.0,25.0,44.16543478785324,95,45.0,-82.0,0.47,153.0,
2025-04-08 08:42:58,151.0,6.0,154.0,6.0,39.0,24.0,156.0,12.0,152.5,3.0,30.0,18.0,5.517913554970901,48,12.0,-47.0,0.25,153.0,
2025-04-08 08:42:59,151.0,11.0,155.25,16.0,53.0,44.0,281.33,30.0,153.12,4.25,55.0,46.0,5.473141693774251,101,9.0,53.0,0.09,154.0,1.0
2025-04-08 08:43:00,150.63,19.0,155.0,15.0,68.19,37.0,156.9,20.0,152.82,4.3700000000000045,56.0,35.0,5.564151327932163,91,21.0,-10.0,0.23,152.0,1.0
2025-04-08 08:43:01,150.0,28.0,155.0,12.0,11.0,44.0,156.0,8.0,152.5,5.0,72.0,20.0,0.3547957160501094,92,52.0,1.0,0.57,152.0,
2025-04-08 08:43:02,128.11,37.0,154.64,33.0,34.63,65.0,156.0,22.0,141.37,26.529999999999973,102.0,55.0,5.089117801753954,157,47.0,65.0,0.3,152.0,
2025-04-08 08:43:03,132.19,62.0,154.71,14.0,54.54,78.0,157.18,17.0,143.45,22.52000000000001,140.0,31.0,5.749579984671074,171,109.0,14.0,0.64,154.5,4.0
2025-04-08 08:43:04,153.0,12.0,154.0,3.0,64.29,17.0,156.0,3.0,153.5,1.0,29.0,6.0,5.825415864994548,35,23.0,-136.0,0.66,154.5,
2025-04-08 08:43:05,153.0,52.0,154.0,13.0,118.6,82.0,156.0,13.0,153.5,1.0,134.0,26.0,5.951405716310232,160,108.0,125.0,0.68,154.5,
2025-04-08 08:43:06,153.0,28.0,156.0,10.0,121.0,21.0,267.17,12.0,154.5,3.0,49.0,22.0,6.3130998724976495,71,27.0,-89.0,0.38,156.0,3.0
2025-04-08 08:43:07,153.0,56.0,155.64,56.0,121.0,42.0,158.82,17.0,154.32,2.6399999999999864,98.0,73.0,4.720389814425091,171,25.0,100.0,0.15,156.0,
2025-04-08 08:43:08,153.98,44.0,198.47,32.0,124.46,37.0,353.43,23.0,176.22,44.49000000000001,81.0,55.0,9.967804171437344,136,26.0,-35.0,0.19,156.86,7.0
2025-04-08 08:43:09,125.95,22.0,278.14,14.0,101.94,31.0,451.0,18.0,202.05,152.19,53.0,32.0,21.251727459200048,85,21.0,-51.0,0.25,158.75,4.0
2025-04-08 08:43:10,161.93,27.0,259.53,17.0,157.3,10.0,427.8,10.0,210.73,97.59999999999997,37.0,27.0,26.23730988497314,64,10.0,-21.0,0.16,162.0,1.0
2025-04-08 08:43:12,165.0,86.0,405.58,24.0,161.0,30.0,565.48,21.0,285.29,240.58,116.0,45.0,59.512429374039726,161,71.0,92.0,0.44,165.0,4.0
2025-04-08 08:43:13,165.0,40.0,173.61,36.0,161.0,24.0,239.05,21.0,169.31,8.610000000000014,64.0,57.0,61.35879333885297,121,7.0,-40.0,0.06,165.0,
2025-04-08 08:43:14,165.0,33.0,171.33,45.0,161.15,26.0,180.33,27.0,168.17,6.3300000000000125,59.0,72.0,67.68235604646216,131,-13.0,10.0,-0.1,165.0,3.0
2025-04-08 08:43:15,165.0,13.0,170.63,43.0,163.0,18.0,194.0,29.0,167.81,5.629999999999996,31.0,72.0,73.21573000387335,103,-41.0,-28.0,-0.4,165.0,1.0
2025-04-08 08:43:16,165.0,8.0,168.81,26.0,163.0,16.0,169.92,38.0,166.9,3.8100000000000014,24.0,64.0,52.43954881575643,88,-40.0,-15.0,-0.45,165.0,
2025-04-08 08:43:17,164.2,15.0,166.89,46.0,162.33,27.0,174.27,44.0,165.55,2.6899999999999977,42.0,90.0,1.411743602825117,132,-48.0,44.0,-0.36,165.0,1.0
2025-04-08 08:43:18,163.0,18.0,165.91,33.0,161.0,27.0,170.03,29.0,164.45,2.9099999999999966,45.0,62.0,1.5605383686786884,107,-17.0,-25.0,-0.16,165.0,
2025-04-08 08:43:19,161.43,28.0,163.43,37.0,160.53,17.0,164.3,40.0,162.43,2.0,45.0,77.0,2.109507051450444,122,-32.0,15.0,-0.26,162.0,4.0
2025-04-08 08:43:20,160.91,11.0,162.27,22.0,158.91,11.0,196.53,19.0,161.59,1.3600000000000136,22.0,41.0,2.186247927413543,63,-19.0,-59.0,-0.3,161.0,2.0
2025-04-08 08:43:21,160.0,8.0,162.54,13.0,158.0,48.0,293.17,18.0,161.27,2.539999999999992,56.0,31.0,1.863738179069358,87,25.0,24.0,0.29,163.0,2.0
2025-04-08 08:43:22,158.04,51.0,161.74,19.0,136.12,17.0,322.92,25.0,159.89,3.700000000000017,68.0,44.0,1.681749089526004,112,24.0,25.0,0.21,159.0,2.0
2025-04-08 08:43:23,158.0,19.0,160.6,10.0,123.8,5.0,389.0,15.0,159.3,2.5999999999999943,24.0,25.0,1.278076680063556,49,-1.0,-63.0,-0.02,158.0,2.0
2025-04-08 08:43:24,158.0,19.0,191.87,15.0,129.67,9.0,407.16,19.0,174.93,33.870000000000005,28.0,34.0,6.516976292738867,62,-6.0,13.0,-0.1,158.0,2.0
2025-04-08 08:43:25,160.62,8.0,321.5,24.0,147.11,9.0,488.32,19.0,241.06,160.88,17.0,43.0,35.12557116973486,60,-26.0,-2.0,-0.43,158.0,
2025-04-08 08:43:26,166.0,10.0,321.0,40.0,160.33,12.0,517.1,30.0,243.5,155.0,22.0,70.0,42.956583081061,92,-48.0,32.0,-0.52,158.0,
2025-04-08 08:43:27,162.81,36.0,316.22,45.0,160.93,44.0,594.42,33.0,239.51,153.41000000000005,80.0,78.0,41.06224117117919,158,2.0,66.0,0.01,164.67,3.0
2025-04-08 08:43:28,164.5,40.0,296.31,26.0,161.41,61.0,329.08,25.0,230.4,131.81,101.0,51.0,28.909369588423623,152,50.0,-6.0,0.33,164.67,
2025-04-08 08:43:29,167.0,24.0,295.0,24.0,162.0,30.0,296.0,12.0,231.0,128.0,54.0,36.0,6.011437432100932,90,18.0,-62.0,0.2,164.67,
2025-04-08 08:43:30,167.0,56.0,276.87,46.0,162.18,67.0,295.18,34.0,221.93,109.87,123.0,80.0,8.449495251200936,203,43.0,113.0,0.21,164.67,
2025-04-08 08:43:31,167.0,28.0,221.64,22.0,163.0,28.0,225.65,23.0,194.32,54.63999999999999,56.0,45.0,17.42192784969777,101,11.0,-102.0,0.11,164.67,
2025-04-08 08:43:32,165.25,44.0,223.14,28.0,161.78,78.0,224.12,51.0,194.2,57.88999999999999,122.0,79.0,18.704964581631305,201,43.0,100.0,0.21,164.62,8.0
2025-04-08 08:43:33,162.0,18.0,218.45,22.0,161.0,81.0,223.8,30.0,190.23,56.44999999999999,99.0,52.0,18.725355270330315,151,47.0,-50.0,0.31,164.62,
2025-04-08 08:43:34,162.0,16.0,219.33,30.0,161.0,72.0,222.78,18.0,190.67,57.33000000000001,88.0,48.0,13.363799983541083,136,40.0,-15.0,0.29,164.62,
2025-04-08 08:43:35,161.54,13.0,214.0,30.0,159.97,32.0,222.5,24.0,187.77,52.46000000000001,45.0,54.0,2.8034746298294038,99,-9.0,-37.0,-0.09,161.0,4.0
2025-04-08 08:43:36,161.45,33.0,214.0,30.0,159.14,21.0,222.2,50.0,187.73,52.55000000000001,54.0,80.0,2.654976459424457,134,-26.0,35.0,-0.19,163.29,7.0
2025-04-08 08:43:37,159.38,48.0,184.17,23.0,158.29,31.0,208.47,30.0,171.77,24.789999999999992,79.0,53.0,7.868461094782193,132,26.0,-2.0,0.2,161.0,1.0
2025-04-08 08:43:38,160.91,55.0,178.47,30.0,159.0,33.0,201.81,21.0,169.69,17.560000000000002,88.0,51.0,9.95440003215181,139,37.0,7.0,0.27,161.0,
2025-04-08 08:43:39,162.74,38.0,178.0,36.0,161.56,41.0,179.0,18.0,170.37,15.259999999999993,79.0,54.0,9.417880865678171,133,25.0,-6.0,0.19,161.0,
2025-04-08 08:43:40,165.67,43.0,176.5,64.0,163.44,79.0,177.41,58.0,171.09,10.830000000000013,122.0,122.0,7.642355657787027,244,0.0,111.0,0.0,161.0,
2025-04-08 08:43:44,165.5,24.0,172.17,48.0,163.36,66.0,174.0,48.0,168.83,6.669999999999988,90.0,96.0,1.230658360436262,186,-6.0,24.0,-0.03,168.0,1.0
2025-04-08 08:43:45,164.0,21.0,172.0,36.0,162.51,71.0,174.0,36.0,168.0,8.0,92.0,72.0,1.7901815550697764,164,20.0,-22.0,0.12,164.0,3.0
2025-04-08 08:43:46,164.0,16.0,169.69,26.0,163.0,72.0,170.88,32.0,166.85,5.689999999999998,88.0,58.0,2.0865929167215853,146,30.0,-18.0,0.21,164.0,
2025-04-08 08:43:47,164.0,22.0,167.0,44.0,163.0,99.0,168.0,22.0,165.5,3.0,121.0,66.0,2.152619334697494,187,55.0,41.0,0.29,164.0,
2025-04-08 08:43:48,163.67,27.0,165.85,26.0,162.92,88.0,166.94,34.0,164.76,2.180000000000007,115.0,60.0,1.6892513134860434,175,55.0,-12.0,0.31,164.0,2.0
2025-04-08 08:43:49,162.82,77.0,164.75,32.0,161.62,64.0,245.08,24.0,163.78,1.9300000000000068,141.0,56.0,1.6727283103107184,197,85.0,22.0,0.43,163.0,9.0
2025-04-08 08:43:50,162.0,57.0,163.89,18.0,159.0,36.0,590.33,18.0,162.94,1.8899999999999864,93.0,36.0,1.5156120876119916,129,57.0,-68.0,0.44,162.0,1.0
2025-04-08 08:43:51,162.0,66.0,195.54,26.0,159.0,82.0,305.16,19.0,178.77,33.53999999999999,148.0,45.0,6.567724111144903,193,103.0,64.0,0.53,162.0,2.0
2025-04-08 08:43:52,162.0,36.0,229.0,18.0,159.0,53.0,593.0,10.0,195.5,67.0,89.0,28.0,14.08492101504691,117,61.0,-76.0,0.52,162.0,
2025-04-08 08:43:53,159.78,40.0,398.75,16.0,151.86,21.0,593.0,40.0,279.26,238.97,61.0,56.0,48.37465762152839,117,5.0,0.0,0.04,161.4,5.0
2025-04-08 08:43:54,160.0,99.0,284.04,23.0,159.0,13.0,415.68,28.0,222.02,124.04000000000002,112.0,51.0,45.59369057227202,163,61.0,46.0,0.37,161.4,
2025-04-08 08:43:55,160.0,132.0,212.0,24.0,159.0,18.0,251.75,44.0,186.0,52.0,150.0,68.0,40.854346158029294,218,82.0,55.0,0.38,161.4,
2025-04-08 08:43:56,160.0,154.0,207.62,58.0,159.0,14.0,273.06,52.0,183.81,47.620000000000005,168.0,110.0,39.87025357331055,278,58.0,60.0,0.21,161.4,
2025-04-08 08:43:57,160.0,165.0,198.65,71.0,159.0,15.0,200.47,57.0,179.32,38.650000000000006,180.0,128.0,42.26278765060446,308,52.0,30.0,0.17,161.4,
2025-04-08 08:43:58,160.91,79.0,184.37,54.0,159.95,99.0,185.26,61.0,172.64,23.460000000000008,178.0,115.0,19.28286596956225,293,63.0,-15.0,0.22,161.4,
2025-04-08 08:43:59,167.0,80.0,181.41,41.0,163.0,48.0,182.58,71.0,174.21,14.409999999999997,128.0,112.0,5.818937188190756,240,16.0,-53.0,0.07,161.4,
2025-04-08 08:44:00,165.34,64.0,175.32,74.0,162.51,65.0,176.03,77.0,170.33,9.97999999999999,129.0,151.0,5.446142671663295,280,-22.0,40.0,-0.08,167.0,5.0
2025-04-08 08:44:01,163.75,32.0,168.58,24.0,162.27,44.0,171.0,60.0,166.17,4.8300000000000125,76.0,84.0,4.853558488378876,160,-8.0,-120.0,-0.05,167.0,
2025-04-08 08:44:02,163.0,33.0,168.0,22.0,162.0,44.0,171.0,55.0,165.5,5.0,77.0,77.0,3.855418265262115,154,0.0,-6.0,0.0,167.0,
2025-04-08 08:44:03,163.0,39.0,165.0,49.0,162.0,52.0,166.78,36.0,164.0,2.0,91.0,85.0,4.170823659676596,176,6.0,22.0,0.03,164.0,1.0
2025-04-08 08:44:04,160.25,160.0,162.65,54.0,159.82,67.0,164.84,43.0,161.45,2.4000000000000057,227.0,97.0,3.25690804293276,324,130.0,148.0,0.4,161.7,10.0
2025-04-08 08:44:05,160.0,92.0,162.18,33.0,159.0,11.0,162.59,39.0,161.09,2.180000000000007,103.0,72.0,2.306982878159596,175,31.0,-149.0,0.18,161.7,
2025-04-08 08:44:06,160.0,106.0,161.58,45.0,156.0,18.0,166.22,64.0,160.79,1.5800000000000125,124.0,109.0,2.076229756101765,233,15.0,58.0,0.06,160.67,6.0
2025-04-08 08:44:07,160.0,72.0,162.67,52.0,159.0,16.0,324.4,30.0,161.34,2.6699999999999875,88.0,82.0,1.291948141421719,170,6.0,-63.0,0.04,162.0,4.0
2025-04-08 08:44:08,160.0,65.0,161.82,11.0,159.0,11.0,314.76,34.0,160.91,1.8199999999999927,76.0,45.0,0.2788906597996485,121,31.0,-49.0,0.26,160.0,1.0
2025-04-08 08:44:09,160.21,56.0,311.49,37.0,159.6,25.0,394.79,38.0,235.85,151.28,81.0,75.0,33.46004453075507,156,6.0,35.0,0.04,161.67,3.0
2025-04-08 08:44:10,165.21,76.0,420.5,32.0,159.94,32.0,484.11,18.0,292.86,255.29,108.0,50.0,60.08460160473808,158,58.0,2.0,0.37,161.67,
2025-04-08 08:44:11,167.19,47.0,422.9,40.0,165.71,104.0,481.46,26.0,295.05,255.71,151.0,66.0,66.52357529477857,217,85.0,59.0,0.39,161.67,
2025-04-08 08:44:12,167.12,43.0,208.71,28.0,164.71,70.0,344.4,20.0,187.92,41.59,113.0,48.0,60.537586423643205,161,65.0,-56.0,0.4,168.0,6.0
2025-04-08 08:44:13,166.0,90.0,255.47,38.0,160.0,59.0,368.55,22.0,210.74,89.47,149.0,60.0,48.24377503885928,209,89.0,48.0,0.43,168.0,
2025-04-08 08:44:15,166.11,71.0,446.31,26.0,162.04,53.0,541.56,36.0,306.21,280.2,124.0,62.0,62.99740653392045,186,62.0,41.0,0.33,168.0,
2025-04-08 08:44:16,167.26,34.0,272.0,36.0,166.0,108.0,442.17,24.0,219.63,104.74,142.0,60.0,63.40374003164212,202,82.0,16.0,0.41,167.5,2.0
2025-04-08 08:44:17,168.0,24.0,328.5,48.0,166.0,108.0,418.0,24.0,248.25,160.5,132.0,72.0,53.29485369151552,204,60.0,2.0,0.29,168.0,1.0
2025-04-08 08:44:18,168.0,11.0,223.0,44.0,166.0,99.0,416.91,22.0,195.5,55.0,110.0,66.0,57.33006427695724,176,44.0,-28.0,0.25,168.0,
2025-04-08 08:44:19,166.0,117.0,236.46,52.0,159.0,51.0,346.24,42.0,201.23,70.46000000000001,168.0,94.0,45.22121161579015,262,74.0,86.0,0.28,168.0,1.0
2025-04-08 08:44:20,166.0,90.0,268.5,32.0,159.0,40.0,386.67,30.0,217.25,102.5,130.0,62.0,20.57008069989255,192,68.0,-70.0,0.35,166.0,4.0
2025-04-08 08:44:21,166.0,45.0,176.67,18.0,159.0,32.0,440.18,22.0,171.33,10.669999999999987,77.0,40.0,28.47850979247512,117,37.0,-75.0,0.32,166.0,
2025-04-08 08:44:22,166.0,18.0,276.0,20.0,159.0,15.0,543.59,34.0,221.0,110.0,33.0,54.0,19.838920585558743,87,-21.0,-30.0,-0.24,166.0,3.0
2025-04-08 08:44:23,166.89,56.0,373.13,53.0,163.67,15.0,514.75,48.0,270.01,206.24,71.0,101.0,35.90637102242569,172,-30.0,85.0,-0.17,166.0,1.0
2025-04-08 08:44:25,167.0,60.0,331.7,40.0,166.0,10.0,477.4,30.0,249.35,164.7,70.0,70.0,58.59931373318343,140,0.0,45.0,0.0,166.0,
2025-04-08 08:44:26,167.0,68.0,215.36,39.0,166.0,12.0,228.88,33.0,191.18,48.360000000000014,80.0,72.0,52.43445594263429,152,8.0,12.0,0.05,167.0,1.0
2025-04-08 08:44:27,167.0,45.0,193.0,27.0,166.0,9.0,195.0,18.0,180.0,26.0,54.0,45.0,61.03553202848374,99,9.0,-53.0,0.09,167.0,
2025-04-08 08:44:28,167.0,75.0,182.38,39.0,162.36,55.0,184.48,31.0,174.69,15.379999999999995,130.0,70.0,65.59924793776285,200,60.0,101.0,0.3,167.0,
2025-04-08 08:44:29,167.0,50.0,179.46,26.0,162.0,50.0,180.35,34.0,173.23,12.460000000000008,100.0,60.0,31.903618133373488,160,40.0,-40.0,0.25,167.0,
2025-04-08 08:44:30,167.0,50.0,177.25,24.0,162.0,50.0,178.16,38.0,172.12,10.25,100.0,62.0,7.837380302124834,162,38.0,2.0,0.23,167.0,
2025-04-08 08:44:31,167.0,65.0,172.55,40.0,163.68,57.0,174.16,38.0,169.78,5.550000000000011,122.0,78.0,3.821168669417625,200,44.0,38.0,0.22,167.0,
2025-04-08 08:44:32,165.82,61.0,168.94,32.0,162.92,65.0,169.86,42.0,167.38,3.1200000000000045,126.0,74.0,2.89258534880849,200,52.0,0.0,0.26,167.0,5.0
2025-04-08 08:44:33,165.0,32.0,167.0,16.0,162.0,40.0,169.0,16.0,166.0,2.0,72.0,32.0,3.057616718973029,104,40.0,-96.0,0.38,167.0,
2025-04-08 08:44:34,162.35,68.0,165.44,50.0,161.06,154.0,166.33,36.0,163.9,3.0900000000000034,222.0,86.0,3.209467245532412,308,136.0,168.0,0.44,165.0,4.0
2025-04-08 08:44:35,161.12,118.0,163.5,48.0,160.59,81.0,164.83,46.0,162.31,2.3799999999999955,199.0,94.0,2.9214516939609947,293,105.0,-15.0,0.36,161.56,9.0
2025-04-08 08:44:36,161.0,50.0,162.4,20.0,160.0,30.0,211.45,22.0,161.7,1.4000000000000057,80.0,42.0,2.4107924008817854,122,38.0,-168.0,0.31,161.0,6.0
2025-04-08 08:44:37,161.0,14.0,163.0,14.0,160.0,21.0,275.71,14.0,162.0,2.0,35.0,28.0,1.7895865444706838,63,7.0,-59.0,0.11,161.0,
2025-04-08 08:44:38,161.0,16.0,163.0,19.0,160.0,24.0,250.0,16.0,162.0,2.0,40.0,35.0,0.8755683869072505,75,5.0,12.0,0.07,161.0,
2025-04-08 08:44:39,160.7,20.0,162.48,27.0,159.91,23.0,195.88,25.0,161.59,1.7800000000000011,43.0,52.0,0.2838133191938988,95,-9.0,20.0,-0.09,161.0,2.0
2025-04-08 08:44:40,160.0,11.0,162.58,19.0,158.0,7.0,166.57,21.0,161.29,2.5800000000000125,18.0,40.0,0.2995496622466551,58,-22.0,-37.0,-0.38,160.0,2.0
2025-04-08 08:44:41,160.0,9.0,163.0,27.0,158.0,9.0,293.3,20.0,161.5,3.0,18.0,47.0,0.315166622839616,65,-29.0,7.0,-0.45,160.0,
2025-04-08 08:44:42,161.7,47.0,269.19,32.0,159.12,16.0,391.46,37.0,215.44,107.49,63.0,69.0,24.081597330744916,132,-6.0,67.0,-0.05,160.0,
2025-04-08 08:44:43,162.0,80.0,317.0,23.0,160.0,11.0,387.09,33.0,239.5,155.0,91.0,56.0,37.14254070469767,147,35.0,15.0,0.24,162.0,1.0
2025-04-08 08:44:44,162.0,114.0,231.06,48.0,160.0,16.0,454.74,58.0,196.53,69.06,130.0,106.0,34.12802763126103,236,24.0,89.0,0.1,162.0,3.0
2025-04-08 08:44:45,162.72,90.0,182.17,24.0,161.67,30.0,383.84,38.0,172.44,19.44999999999999,120.0,62.0,31.661942770463625,182,58.0,-54.0,0.32,164.0,3.0
2025-04-08 08:44:48,168.0,50.0,268.0,10.0,167.0,5.0,424.0,25.0,218.0,100.0,55.0,35.0,73.50310422016241,90,20.0,3.0,0.22,164.0,
2025-04-08 08:44:49,168.0,100.0,424.0,50.0,167.0,10.0,650.33,15.0,296.0,256.0,110.0,65.0,69.42988131921322,175,45.0,85.0,0.26,164.0,
2025-04-08 08:44:50,168.0,52.0,400.21,39.0,167.0,8.0,621.75,12.0,284.1,232.21,60.0,51.0,44.53720691736301,111,9.0,-64.0,0.08,168.0,8.0
2025-04-08 08:44:51,166.57,7.0,422.58,26.0,162.16,31.0,599.5,10.0,294.57,256.01,38.0,36.0,40.46960489058442,74,2.0,-37.0,0.03,167.25,4.0
2025-04-08 08:44:52,162.63,19.0,281.44,27.0,161.29,62.0,411.67,15.0,222.04,118.81,81.0,42.0,39.47651099071495,123,39.0,49.0,0.32,163.33,3.0
2025-04-08 08:44:53,161.48,92.0,277.2,50.0,159.62,26.0,493.4,10.0,219.34,115.72,118.0,60.0,39.09786311296359,178,58.0,55.0,0.33,161.57,7.0
2025-04-08 08:44:54,165.0,55.0,319.58,19.0,161.0,40.0,544.0,15.0,242.29,154.57999999999998,95.0,34.0,35.00028957023144,129,61.0,-49.0,0.47,161.57,
2025-04-08 08:45:00,165.0,5.0,427.2,15.0,161.03,33.0,716.8,15.0,296.1,262.2,38.0,30.0,52.730362031754574,68,8.0,-74.0,0.12,161.57,
2025-04-08 08:45:01,162.0,7.0,268.0,21.0,161.0,56.0,666.0,21.0,215.0,106.0,63.0,42.0,85.82376197767111,105,21.0,37.0,0.2,161.57,
2025-04-08 08:45:08,161.0,29.0,384.62,40.0,159.0,140.0,654.5,30.0,272.81,223.62,169.0,70.0,61.37600402437335,239,99.0,65.0,0.41,161.0,1.0
2025-04-08 08:45:09,162.8,51.0,191.91,22.0,159.4,70.0,365.5,26.0,177.36,29.109999999999985,121.0,48.0,106.5010822949699,169,73.0,-70.0,0.43,165.0,5.0
2025-04-08 08:45:10,165.0,72.0,320.12,24.0,161.0,56.0,444.62,32.0,242.56,155.12,128.0,56.0,103.47173319317692,184,72.0,15.0,0.39,165.0,
2025-04-08 08:45:11,165.0,63.0,293.57,21.0,161.0,49.0,351.0,21.0,229.29,128.57,112.0,42.0,86.67842540101911,154,70.0,-30.0,0.45,165.0,
2025-04-08 08:45:12,166.27,49.0,240.67,36.0,164.46,104.0,245.25,36.0,203.47,74.39999999999998,153.0,72.0,36.55686077879343,225,81.0,71.0,0.36,167.0,2.0
2025-04-08 08:45:13,165.5,38.0,231.67,27.0,164.13,62.0,237.11,27.0,198.58,66.16999999999999,100.0,54.0,25.837797313240607,154,46.0,-71.0,0.3,166.0,4.0
2025-04-08 08:45:14,165.6,53.0,226.76,38.0,164.33,81.0,229.93,43.0,196.18,61.16,134.0,81.0,20.710300094399862,215,53.0,61.0,0.25,166.0,
2025-04-08 08:45:15,166.0,52.0,223.85,39.0,165.0,91.0,224.85,39.0,194.92,57.85,143.0,78.0,14.244731306701116,221,65.0,6.0,0.29,166.0,
2025-04-08 08:45:16,166.0,36.0,222.56,27.0,163.16,57.0,224.0,27.0,194.28,56.56,93.0,54.0,3.727382459598068,147,39.0,-74.0,0.27,166.0,
2025-04-08 08:45:17,165.1,40.0,221.25,44.0,162.27,102.0,222.85,40.0,193.18,56.150000000000006,142.0,84.0,2.0694250409526136,226,58.0,79.0,0.26,165.8,5.0
2025-04-08 08:45:18,165.97,35.0,218.0,44.0,162.56,81.0,219.0,33.0,191.99,52.03,116.0,77.0,1.606953639693181,193,39.0,-33.0,0.2,167.0,1.0
2025-04-08 08:45:19,167.0,24.0,216.63,30.0,165.0,24.0,218.08,26.0,191.82,49.63,48.0,56.0,1.368071635596654,104,-8.0,-89.0,-0.08,167.0,
2025-04-08 08:45:20,167.0,28.0,213.2,30.0,165.0,30.0,216.0,40.0,190.1,46.19999999999999,58.0,70.0,1.5698662363797602,128,-12.0,24.0,-0.09,167.0,2.0
2025-04-08 08:45:21,167.0,6.0,212.0,18.0,165.0,18.0,216.0,24.0,189.5,45.0,24.0,42.0,1.4966028197642127,66,-18.0,-62.0,-0.27,167.0,
2025-04-08 08:45:22,167.0,11.0,211.0,33.0,165.0,33.0,214.08,39.0,189.0,44.0,44.0,72.0,1.357468231719285,116,-28.0,50.0,-0.24,167.0,
2025-04-08 08:45:23,167.0,14.0,208.64,44.0,165.0,42.0,210.0,42.0,187.82,41.63999999999999,56.0,86.0,1.4752355744517434,142,-30.0,26.0,-0.21,167.0,
2025-04-08 08:45:24,167.0,11.0,205.62,42.0,165.0,33.0,207.31,35.0,186.31,38.620000000000005,44.0,77.0,1.5048189260270266,121,-33.0,-21.0,-0.27,167.0,
2025-04-08 08:45:25,167.0,8.0,202.22,27.0,165.0,24.0,203.11,27.0,184.61,35.22,32.0,54.0,2.00668133995667,86,-22.0,-35.0,-0.26,167.0,
2025-04-08 08:45:26,162.62,64.0,198.55,33.0,161.84,112.0,199.73,33.0,180.59,35.93000000000001,176.0,66.0,3.2806599945944117,242,110.0,156.0,0.45,164.8,5.0
2025-04-08 08:45:27,162.0,156.0,195.32,37.0,161.0,108.0,197.0,36.0,178.66,33.31999999999999,264.0,73.0,3.861226489100888,337,191.0,95.0,0.57,164.8,
2025-04-08 08:45:28,162.0,104.0,189.84,31.0,161.0,72.0,191.4,25.0,175.92,27.840000000000003,176.0,56.0,4.255604539914031,232,120.0,-105.0,0.52,164.8,
2025-04-08 08:45:29,162.08,99.0,185.59,59.0,161.62,167.0,188.82,49.0,173.84,23.50999999999999,266.0,108.0,4.178723489313387,374,158.0,142.0,0.42,164.8,
2025-04-08 08:45:30,162.06,118.0,173.3,56.0,161.38,170.0,175.2,51.0,167.68,11.240000000000007,288.0,107.0,4.996170533532945,395,181.0,21.0,0.46,162.5,4.0
2025-04-08 08:45:31,162.05,63.0,169.57,28.0,161.08,107.0,170.64,33.0,165.81,7.519999999999982,170.0,61.0,5.462519565195708,231,109.0,-164.0,0.47,162.5,
2025-04-08 08:45:32,163.0,13.0,169.11,18.0,161.0,247.0,170.06,51.0,166.06,6.110000000000014,260.0,69.0,4.694648016640703,329,191.0,98.0,0.58,162.5,
2025-04-08 08:45:33,163.0,12.0,167.4,15.0,161.0,228.0,169.93,45.0,165.2,4.400000000000006,240.0,60.0,3.542953570137608,300,180.0,-29.0,0.6,162.5,
2025-04-08 08:45:34,161.12,100.0,163.54,41.0,160.58,144.0,164.04,27.0,162.33,2.4199999999999875,244.0,68.0,1.953568529679256,312,176.0,12.0,0.56,161.4,5.0
2025-04-08 08:45:35,161.0,176.0,162.0,36.0,159.0,56.0,163.0,48.0,161.5,1.0,232.0,84.0,2.1116699553089457,316,148.0,4.0,0.47,161.0,4.0
2025-04-08 08:45:36,161.0,83.0,275.51,41.0,158.0,132.0,294.92,37.0,218.26,114.51,215.0,78.0,24.441898453273687,293,137.0,-23.0,0.47,161.23,13.0
2025-04-08 08:45:37,158.44,50.0,397.68,38.0,157.46,74.0,496.4,45.0,278.06,239.24,124.0,83.0,51.22544680137126,207,41.0,-86.0,0.2,159.67,3.0
2025-04-08 08:45:38,158.08,72.0,271.42,38.0,105.47,97.0,423.62,37.0,214.75,113.34,169.0,75.0,48.22351760293007,244,94.0,37.0,0.39,158.67,3.0
2025-04-08 08:45:39,158.0,56.0,251.12,24.0,75.0,73.0,560.62,24.0,204.56,93.12,129.0,48.0,41.70608444819649,177,81.0,-67.0,0.46,158.0,4.0
2025-04-08 08:45:40,158.0,49.0,363.0,7.0,111.51,47.0,491.0,25.0,260.5,205.0,96.0,32.0,32.097670943544735,128,64.0,-49.0,0.5,158.0,
2025-04-08 08:45:41,158.0,20.0,362.06,17.0,155.0,10.0,372.43,7.0,260.03,204.06,30.0,24.0,32.01362444335328,54,6.0,-74.0,0.11,158.0,5.0
2025-04-08 08:45:42,158.0,12.0,334.89,18.0,155.0,12.0,353.53,19.0,246.44,176.89,24.0,37.0,26.0712145862074,61,-13.0,7.0,-0.21,158.0,
2025-04-08 08:45:43,116.33,24.0,209.43,42.0,57.8,100.0,338.66,29.0,162.88,93.1,124.0,71.0,42.44408934115662,195,53.0,134.0,0.27,158.0,2.0
2025-04-08 08:45:46,119.99,80.0,155.03,36.0,64.55,47.0,158.58,33.0,137.51,35.040000000000006,127.0,69.0,57.66092845246396,196,58.0,123.0,0.3,156.0,3.0
2025-04-08 08:45:47,115.74,31.0,217.82,28.0,75.3,10.0,232.95,39.0,166.78,102.08,41.0,67.0,28.97636364349717,108,-26.0,-88.0,-0.24,154.5,12.0
2025-04-08 08:45:48,157.68,25.0,223.0,39.0,140.76,17.0,419.43,42.0,190.34,65.32,42.0,81.0,36.82485397119965,123,-39.0,15.0,-0.32,154.5,
2025-04-08 08:45:49,165.0,6.0,212.2,5.0,161.0,3.0,225.5,8.0,188.6,47.19999999999999,9.0,13.0,36.39755939620349,22,-4.0,-101.0,-0.18,154.5,
2025-04-08 08:45:50,165.18,11.0,196.0,6.0,162.14,7.0,223.0,18.0,180.59,30.819999999999997,18.0,24.0,21.79216441751813,42,-6.0,20.0,-0.14,154.5,
2025-04-08 08:45:51,167.0,7.0,210.78,9.0,165.0,14.0,273.43,23.0,188.89,43.78,21.0,32.0,9.859211428919204,53,-11.0,11.0,-0.21,154.5,
2025-04-08 08:45:52,167.86,57.0,220.34,29.0,165.61,23.0,283.32,19.0,194.1,52.47999999999999,80.0,48.0,4.936489643473852,128,32.0,75.0,0.25,154.5,
2025-04-08 08:45:53,168.0,98.0,201.13,30.0,167.0,14.0,219.75,16.0,184.57,33.129999999999995,112.0,46.0,5.072538812086702,158,66.0,30.0,0.42,154.5,
2025-04-08 08:45:54,167.96,45.0,215.89,9.0,166.78,9.0,218.0,18.0,191.92,47.92999999999998,54.0,27.0,5.478150235264196,81,27.0,-77.0,0.33,168.0,7.0
2025-04-08 08:45:55,164.14,14.0,181.27,11.0,161.51,39.0,183.32,25.0,172.71,17.130000000000024,53.0,36.0,8.466378800888073,89,17.0,8.0,0.19,165.2,5.0
2025-04-08 08:45:56,163.0,22.0,178.7,20.0,161.0,60.0,180.0,15.0,170.85,15.699999999999989,82.0,35.0,10.707513717018124,117,47.0,28.0,0.4,165.2,
2025-04-08 08:45:57,161.39,82.0,175.07,28.0,159.93,103.0,176.97,33.0,168.23,13.680000000000009,185.0,61.0,10.13532337915951,246,124.0,129.0,0.5,165.2,
2025-04-08 08:45:58,161.12,64.0,170.56,34.0,159.65,74.0,172.47,36.0,165.84,9.439999999999998,138.0,70.0,10.398930233449097,208,68.0,-38.0,0.33,165.2,
2025-04-08 08:45:59,163.0,8.0,165.95,20.0,161.0,48.0,168.2,20.0,164.47,2.9499999999999886,56.0,40.0,3.413356119737293,96,16.0,-112.0,0.17,165.2,
2025-04-08 08:46:00,161.32,25.0,163.43,28.0,159.7,69.0,164.94,33.0,162.37,2.1100000000000136,94.0,61.0,3.294665385156774,155,33.0,59.0,0.21,161.33,6.0
2025-04-08 08:46:01,159.38,26.0,460.72,25.0,158.76,25.0,447.65,23.0,310.05,301.34000000000003,51.0,48.0,64.80157112292974,99,3.0,-56.0,0.03,162.0,8.0
2025-04-08 08:46:06,164.0,30.0,406.0,20.0,160.91,22.0,499.0,20.0,285.0,242.0,52.0,40.0,38.86947581329022,92,12.0,21.0,0.13,164.4,5.0
2025-04-08 08:46:07,162.56,39.0,443.55,22.0,160.94,16.0,622.06,52.0,303.05,280.99,55.0,74.0,42.68905796571257,129,-19.0,37.0,-0.15,164.4,
2025-04-08 08:46:08,167.0,30.0,443.0,20.0,166.0,10.0,611.38,26.0,305.0,276.0,40.0,46.0,39.65331852443099,86,-6.0,-43.0,-0.07,164.4,
2025-04-08 08:46:09,166.6,25.0,407.47,30.0,162.43,47.0,485.88,17.0,287.03,240.87000000000003,72.0,47.0,36.86735778435983,119,25.0,33.0,0.21,167.0,3.0
2025-04-08 08:46:10,166.0,6.0,240.78,18.0,162.0,36.0,367.4,10.0,203.39,74.78,42.0,28.0,41.96774749733457,70,14.0,-49.0,0.2,167.0,
2025-04-08 08:46:11,163.47,19.0,169.7,23.0,161.8,45.0,205.43,23.0,166.58,6.22999999999999,64.0,46.0,63.8290909382239,110,18.0,40.0,0.16,163.33,3.0
2025-04-08 08:46:12,163.0,65.0,168.46,26.0,162.0,52.0,215.0,26.0,165.73,5.460000000000008,117.0,52.0,66.40604588439282,169,65.0,59.0,0.38,163.33,
2025-04-08 08:46:13,163.0,55.0,166.27,22.0,162.0,44.0,220.2,20.0,164.64,3.2700000000000102,99.0,42.0,52.66751494042711,141,57.0,-28.0,0.4,163.33,
2025-04-08 08:46:14,163.0,40.0,165.88,16.0,162.0,32.0,267.0,8.0,164.44,2.8799999999999955,72.0,24.0,17.035073524940834,96,48.0,-45.0,0.5,163.0,1.0
2025-04-08 08:46:15,161.07,30.0,164.92,13.0,152.62,21.0,267.0,10.0,162.99,3.8499999999999934,51.0,23.0,1.3634258322875066,74,28.0,-22.0,0.38,162.4,10.0
2025-04-08 08:46:16,158.0,12.0,163.67,12.0,145.94,16.0,273.96,28.0,160.83,5.669999999999988,28.0,40.0,1.8900872996108065,68,-12.0,-6.0,-0.18,162.4,
2025-04-08 08:46:18,146.84,92.0,175.6,10.0,137.75,59.0,238.4,10.0,161.22,28.75999999999999,151.0,20.0,11.881339570947262,171,131.0,-7.0,0.77,161.0,1.0
2025-04-08 08:46:19,161.0,44.0,210.5,4.0,139.0,36.0,260.5,4.0,185.75,49.5,80.0,8.0,17.61362455601211,88,72.0,-83.0,0.82,161.0,
2025-04-08 08:46:20,161.0,146.0,181.92,12.0,154.0,108.0,365.22,18.0,171.46,20.919999999999987,254.0,30.0,18.20712690130299,284,224.0,168.0,0.79,161.0,
2025-04-08 08:46:21,161.33,73.0,185.66,32.0,160.19,101.0,234.91,23.0,173.49,24.329999999999984,174.0,55.0,18.69463372201093,229,119.0,-55.0,0.52,161.0,
2025-04-08 08:46:22,166.5,10.0,177.57,21.0,164.8,10.0,233.41,32.0,172.04,11.069999999999991,20.0,53.0,8.727082559489203,73,-33.0,-156.0,-0.45,161.0,
2025-04-08 08:46:23,167.17,6.0,185.67,18.0,165.0,6.0,485.67,30.0,176.42,18.5,12.0,48.0,5.867092124735842,60,-36.0,-13.0,-0.6,161.0,
2025-04-08 08:46:24,161.0,121.0,185.0,33.0,159.0,99.0,440.0,40.0,173.0,24.0,220.0,73.0,1.9256219774763768,293,147.0,168.0,0.5,163.6,5.0
2025-04-08 08:46:25,161.46,65.0,185.0,21.0,159.66,67.0,244.0,13.0,173.23,23.539999999999992,132.0,34.0,1.6498878750204984,166,98.0,-127.0,0.59,163.6,
2025-04-08 08:46:26,161.0,154.0,183.21,42.0,159.0,174.0,419.4,30.0,172.11,22.210000000000008,328.0,72.0,1.7899022320059692,400,256.0,168.0,0.64,161.0,2.0
2025-04-08 08:46:27,161.0,117.0,181.43,42.0,159.0,195.0,255.0,25.0,171.21,20.430000000000007,312.0,67.0,1.9721384333104317,379,245.0,-21.0,0.65,161.0,
2025-04-08 08:46:28,161.0,78.0,178.2,40.0,159.0,150.0,181.0,30.0,169.6,17.19999999999999,228.0,70.0,1.4802533567405498,298,158.0,-81.0,0.53,161.0,2.0
2025-04-08 08:46:29,161.23,71.0,178.0,44.0,159.19,149.0,181.0,33.0,169.61,16.77000000000001,220.0,77.0,1.5831677106808328,297,143.0,-1.0,0.48,161.0,
2025-04-08 08:46:30,163.69,52.0,177.8,55.0,161.91,58.0,180.44,43.0,170.75,14.110000000000014,110.0,98.0,1.0769308242143285,208,12.0,-89.0,0.06,161.0,
2025-04-08 08:46:31,166.0,33.0,174.25,24.0,163.0,44.0,175.23,35.0,170.12,8.25,77.0,59.0,0.7106827703999894,136,18.0,-72.0,0.13,161.0,
2025-04-08 08:46:32,166.0,30.0,172.6,25.0,163.0,40.0,173.4,25.0,169.3,6.599999999999994,70.0,50.0,0.570552364068223,120,20.0,-16.0,0.17,161.0,
2025-04-08 08:46:33,166.0,36.0,170.29,28.0,163.0,56.0,171.97,35.0,168.14,4.289999999999992,92.0,63.0,0.97638619415894,155,29.0,35.0,0.19,166.0,2.0
2025-04-08 08:46:34,165.33,9.0,167.38,16.0,162.9,31.0,170.0,16.0,166.35,2.049999999999983,40.0,32.0,1.7425469864956038,72,8.0,-83.0,0.11,164.0,3.0
2025-04-08 08:46:35,162.04,50.0,164.57,46.0,160.57,132.0,166.4,40.0,163.3,2.530000000000001,182.0,86.0,2.713838609819414,268,96.0,168.0,0.36,163.0,2.0
2025-04-08 08:46:36,162.0,33.0,165.21,28.0,161.0,99.0,171.0,28.0,163.61,3.210000000000008,132.0,56.0,2.669091605799256,188,76.0,-80.0,0.4,162.0,5.0
2025-04-08 08:46:37,161.16,38.0,167.4,20.0,159.95,114.0,168.8,20.0,164.28,6.240000000000009,152.0,40.0,2.057311352262757,192,112.0,4.0,0.58,161.5,2.0
2025-04-08 08:46:38,161.0,16.0,167.5,4.0,159.0,30.0,174.0,10.0,164.25,6.5,46.0,14.0,1.1900294114643484,60,32.0,-132.0,0.53,161.5,
2025-04-08 08:46:39,161.0,119.0,165.45,31.0,159.0,360.0,185.77,75.0,163.23,4.449999999999989,479.0,106.0,0.5054997528693308,585,373.0,168.0,0.64,161.0,3.0
2025-04-08 08:46:40,161.0,41.0,163.0,9.0,159.25,56.0,164.0,18.0,162.0,2.0,97.0,27.0,0.9357510353460816,124,70.0,-168.0,0.56,161.0,2.0
2025-04-08 08:46:41,161.0,21.0,163.29,7.0,160.0,14.0,388.86,21.0,162.14,2.289999999999992,35.0,28.0,1.0990222928365083,63,7.0,-61.0,0.11,163.5,2.0
2025-04-08 08:46:42,161.0,19.0,162.33,9.0,160.0,18.0,320.46,26.0,161.67,1.3300000000000125,37.0,35.0,1.0652558378869437,72,2.0,9.0,0.03,161.0,2.0
2025-04-08 08:46:43,160.17,12.0,161.29,14.0,159.04,106.0,263.82,33.0,160.73,1.1200000000000043,118.0,47.0,0.9005165185342249,165,71.0,93.0,0.43,160.33,3.0
2025-04-08 08:46:44,159.4,40.0,266.78,36.0,157.72,160.0,310.78,46.0,213.09,107.37999999999997,200.0,82.0,23.01793930829044,282,118.0,117.0,0.42,160.0,1.0
2025-04-08 08:46:45,159.08,51.0,259.6,10.0,155.86,56.0,411.62,16.0,209.34,100.52,107.0,26.0,27.259718083651045,133,81.0,-149.0,0.61,159.5,2.0
2025-04-08 08:46:46,163.24,67.0,266.0,7.0,160.64,73.0,442.0,14.0,214.62,102.76,140.0,21.0,28.083755980995853,161,119.0,28.0,0.74,164.67,3.0
2025-04-08 08:46:47,164.0,108.0,166.88,16.0,159.0,99.0,230.0,11.0,165.44,2.8799999999999955,207.0,27.0,27.103048352539968,234,180.0,73.0,0.77,164.67,
2025-04-08 08:46:48,164.0,60.0,166.0,5.0,159.0,55.0,167.0,10.0,165.0,2.0,115.0,15.0,25.88600818975607,130,100.0,-104.0,0.77,164.67,
2025-04-08 08:46:49,164.0,48.0,166.0,6.0,159.0,66.0,296.17,12.0,165.0,2.0,114.0,18.0,25.720136080513434,132,96.0,2.0,0.73,164.0,4.0
2025-04-08 08:46:50,164.0,71.0,165.8,10.0,159.17,60.0,218.1,20.0,164.9,1.8000000000000114,131.0,30.0,22.15371120151517,161,101.0,29.0,0.63,164.0,1.0
2025-04-08 08:46:51,166.77,47.0,253.57,21.0,161.86,44.0,494.44,36.0,210.17,86.79999999999998,91.0,57.0,20.163707992334636,148,34.0,-13.0,0.23,164.0,1.0
2025-04-08 08:46:52,165.28,36.0,268.9,20.0,163.57,46.0,500.46,26.0,217.09,103.61999999999998,82.0,46.0,26.76608805933598,128,36.0,-20.0,0.28,167.33,6.0
2025-04-08 08:46:53,164.0,54.0,247.9,30.0,162.0,36.0,324.8,20.0,205.95,83.9,90.0,50.0,25.572128773336782,140,40.0,12.0,0.29,167.33,
2025-04-08 08:46:54,164.0,36.0,246.25,24.0,162.0,24.0,247.33,18.0,205.12,82.25,60.0,42.0,20.53677993260166,102,18.0,-38.0,0.18,167.33,
2025-04-08 08:46:55,164.48,50.0,242.1,39.0,163.26,76.0,243.61,66.0,203.29,77.62,126.0,105.0,5.511195877493551,231,21.0,129.0,0.09,167.33,
2025-04-08 08:46:56,164.5,24.0,239.29,31.0,163.75,32.0,240.8,25.0,201.9,74.78999999999999,56.0,56.0,6.034786657381,112,0.0,-119.0,0.0,165.5,2.0
2025-04-08 08:46:57,164.0,35.0,234.0,14.0,163.0,14.0,240.0,35.0,199.0,70.0,49.0,49.0,2.7603206335691826,98,0.0,-14.0,0.0,165.5,
2025-04-08 08:46:58,164.0,33.0,218.22,18.0,163.0,18.0,232.3,27.0,191.11,54.22,51.0,45.0,5.4919331751316,96,6.0,-2.0,0.06,164.0,2.0
2025-04-08 08:46:59,163.0,42.0,166.0,20.0,161.2,35.0,240.0,50.0,164.5,3.0,77.0,70.0,16.058550681805627,147,7.0,51.0,0.05,163.6,5.0
2025-04-08 08:47:00,162.59,58.0,233.5,54.0,160.94,77.0,305.67,30.0,198.04,70.91,135.0,84.0,15.285558543936862,219,51.0,72.0,0.23,166.0,2.0
2025-04-08 08:47:02,164.65,68.0,207.8,40.0,160.23,71.0,332.08,26.0,186.22,43.150000000000006,139.0,66.0,77.4608105431391,205,73.0,76.0,0.36,162.0,2.0
2025-04-08 08:47:03,168.0,173.0,206.77,52.0,167.0,13.0,324.91,44.0,187.38,38.77000000000001,186.0,96.0,77.81553880813324,282,90.0,77.0,0.32,168.0,2.0
2025-04-08 08:47:04,168.0,91.0,206.0,28.0,167.0,7.0,373.43,14.0,187.0,38.0,98.0,42.0,74.49876227159808,140,56.0,-142.0,0.4,168.0,
2025-04-08 08:47:05,168.0,117.0,204.67,36.0,167.0,9.0,300.0,18.0,186.33,36.66999999999999,126.0,54.0,75.65104645674168,180,72.0,40.0,0.4,168.0,
2025-04-08 08:47:06,168.0,52.0,201.53,17.0,167.0,4.0,261.2,10.0,184.76,33.53,56.0,27.0,1.0035038615398677,83,29.0,-97.0,0.35,168.0,
2025-04-08 08:47:07,168.0,117.0,201.0,36.0,167.0,9.0,213.88,32.0,184.5,33.0,126.0,68.0,1.3039095061106762,194,58.0,111.0,0.3,168.0,
2025-04-08 08:47:08,168.0,169.0,197.65,46.0,167.0,13.0,199.2,50.0,182.83,29.65000000000001,182.0,96.0,1.6393687810028472,278,86.0,84.0,0.31,168.0,
2025-04-08 08:47:09,168.0,117.0,193.06,35.0,167.0,9.0,194.57,28.0,180.53,25.06,126.0,63.0,2.2048696106863392,189,63.0,-89.0,0.33,168.0,
2025-04-08 08:47:10,168.0,143.0,188.11,37.0,167.0,11.0,189.0,40.0,178.05,20.110000000000014,154.0,77.0,2.838578869809643,231,77.0,42.0,0.33,168.0,
2025-04-08 08:47:11,168.0,132.0,184.02,44.0,167.0,12.0,185.43,42.0,176.01,16.02000000000001,144.0,86.0,3.4469232657736466,230,58.0,-1.0,0.25,168.0,3.0
2025-04-08 08:47:12,168.0,100.0,179.08,36.0,167.0,10.0,181.41,34.0,173.54,11.080000000000013,110.0,70.0,3.653754233679929,180,40.0,-50.0,0.22,168.0,
2025-04-08 08:47:13,168.0,124.0,177.45,58.0,167.0,15.0,179.49,47.0,172.72,9.449999999999989,139.0,105.0,3.2167141620193997,244,34.0,64.0,0.14,168.0,2.0
2025-04-08 08:47:14,168.0,88.0,173.0,29.0,167.0,11.0,174.06,36.0,170.5,5.0,99.0,65.0,2.9329217514516785,164,34.0,-80.0,0.21,168.0,
2025-04-08 08:47:15,168.0,72.0,170.35,23.0,167.0,9.0,171.55,22.0,169.17,2.3499999999999943,81.0,45.0,2.668158541042938,126,36.0,-38.0,0.29,168.0,
2025-04-08 08:47:16,167.95,61.0,169.8,49.0,166.61,18.0,173.41,61.0,168.87,1.8500000000000227,79.0,110.0,2.0939078299060943,189,-31.0,63.0,-0.16,168.0,8.0
2025-04-08 08:47:17,166.54,13.0,168.7,30.0,164.97,29.0,321.56,43.0,167.62,2.1599999999999966,42.0,73.0,1.938280165544551,115,-31.0,-74.0,-0.27,167.0,1.0
2025-04-08 08:47:18,165.03,31.0,192.36,33.0,163.4,57.0,322.61,41.0,178.7,27.330000000000013,88.0,74.0,4.439771390526991,162,14.0,47.0,0.09,166.0,2.0
2025-04-08 08:47:19,162.55,91.0,255.91,23.0,160.96,115.0,266.08,39.0,209.23,93.36,206.0,62.0,17.623106139387946,268,144.0,106.0,0.54,164.0,5.0
2025-04-08 08:47:20,162.0,131.0,251.09,35.0,160.0,130.0,253.06,17.0,206.54,89.09,261.0,52.0,20.284794058607662,313,209.0,45.0,0.67,162.0,4.0
2025-04-08 08:47:21,162.0,77.0,250.07,27.0,160.0,110.0,250.41,17.0,206.04,88.07,187.0,44.0,19.12760518204296,231,143.0,-82.0,0.62,162.0,
2025-04-08 08:47:22,162.88,68.0,223.96,25.0,160.42,101.0,218.42,31.0,193.42,61.08000000000001,169.0,56.0,12.787332794610109,225,113.0,-6.0,0.5,162.0,
2025-04-08 08:47:23,167.0,48.0,201.27,26.0,162.0,84.0,201.64,22.0,184.13,34.27000000000001,132.0,48.0,10.718179416305269,180,84.0,-45.0,0.47,162.0,
2025-04-08 08:47:24,162.4,99.0,182.83,47.0,160.19,144.0,200.45,29.0,172.62,20.430000000000007,243.0,76.0,14.547838327398262,319,167.0,139.0,0.52,167.0,4.0
2025-04-08 08:47:25,162.0,37.0,198.73,11.0,160.0,110.0,201.0,33.0,180.36,36.72999999999999,147.0,44.0,12.868138171473122,191,103.0,-128.0,0.54,162.0,4.0
2025-04-08 08:47:26,161.35,49.0,285.75,24.0,159.92,120.0,257.72,39.0,223.55,124.4,169.0,63.0,19.770056398506306,232,106.0,41.0,0.46,161.2,5.0
2025-04-08 08:47:27,160.0,64.0,244.57,14.0,159.0,40.0,333.93,15.0,202.29,84.57,104.0,29.0,20.448453486758304,133,75.0,-99.0,0.56,161.2,
2025-04-08 08:47:28,160.18,66.0,222.07,59.0,159.11,61.0,246.08,26.0,191.12,61.88999999999999,127.0,85.0,19.95854628975057,212,42.0,79.0,0.2,160.0,3.0
2025-04-08 08:47:29,160.54,39.0,220.93,28.0,146.71,24.0,221.97,77.0,190.73,60.390000000000015,63.0,105.0,16.44538689116532,168,-42.0,-44.0,-0.25,162.0,2.0
2025-04-08 08:47:30,159.1,148.0,218.27,66.0,150.73,92.0,219.89,36.0,188.69,59.170000000000016,240.0,102.0,14.576771933460114,342,138.0,168.0,0.4,162.0,
2025-04-08 08:47:31,162.62,26.0,216.0,42.0,159.05,112.0,217.0,42.0,189.31,53.38,138.0,84.0,5.602403055842898,222,54.0,-120.0,0.24,162.0,
2025-04-08 08:47:32,163.0,104.0,213.38,26.0,162.0,13.0,214.69,32.0,188.19,50.38,117.0,58.0,1.273506969011595,175,59.0,-47.0,0.34,162.0,
2025-04-08 08:47:33,164.24,113.0,210.96,55.0,163.57,51.0,212.21,38.0,187.6,46.72,164.0,93.0,1.1994915590040327,257,71.0,82.0,0.28,162.0,
2025-04-08 08:47:34,167.0,63.0,206.87,62.0,164.0,104.0,207.82,44.0,186.94,39.870000000000005,167.0,106.0,0.9226754576354924,273,61.0,16.0,0.22,167.0,1.0
2025-04-08 08:47:35,168.0,112.0,192.54,50.0,167.0,56.0,193.98,55.0,180.27,24.539999999999992,168.0,105.0,3.56936548984899,273,63.0,0.0,0.23,167.0,
2025-04-08 08:47:36,168.0,96.0,185.77,44.0,167.0,51.0,187.08,52.0,176.89,17.77000000000001,147.0,96.0,5.089751467422359,243,51.0,-30.0,0.21,167.0,
2025-04-08 08:47:37,168.0,88.0,179.58,48.0,167.0,44.0,180.8,35.0,173.79,11.580000000000013,132.0,83.0,6.086967225156681,215,49.0,-28.0,0.23,167.0,
2025-04-08 08:47:38,168.0,96.0,176.19,54.0,167.0,48.0,177.13,30.0,172.09,8.189999999999998,144.0,84.0,5.894080080906221,228,60.0,13.0,0.26,167.0,
2025-04-08 08:47:39,168.0,96.0,171.88,34.0,167.0,48.0,173.05,43.0,169.94,3.879999999999996,144.0,77.0,4.064010334649714,221,67.0,-7.0,0.3,167.0,
2025-04-08 08:47:40,167.06,34.0,172.8,44.0,164.85,40.0,291.85,54.0,169.93,5.740000000000009,74.0,98.0,2.926554287919864,172,-24.0,-49.0,-0.14,168.0,8.0
2025-04-08 08:47:41,164.65,17.0,172.03,31.0,161.2,30.0,244.33,15.0,168.34,7.3799999999999955,47.0,46.0,2.1301807435389604,93,1.0,-79.0,0.01,168.0,
2025-04-08 08:47:42,167.0,21.0,169.44,27.0,162.0,14.0,170.87,15.0,168.22,2.4399999999999977,35.0,42.0,1.5702324669123078,77,-7.0,-16.0,-0.09,168.0,
2025-04-08 08:47:43,167.0,21.0,168.87,23.0,162.0,14.0,169.21,19.0,167.93,1.8700000000000043,35.0,42.0,0.9817688119646462,77,-7.0,0.0,-0.09,168.0,
2025-04-08 08:47:44,162.69,39.0,166.4,20.0,161.33,54.0,277.24,58.0,164.55,3.710000000000008,93.0,78.0,1.9738363661022449,171,15.0,94.0,0.09,167.0,3.0
2025-04-08 08:47:45,161.08,26.0,171.73,11.0,159.55,22.0,209.25,12.0,166.4,10.649999999999975,48.0,23.0,1.618076018037636,71,25.0,-100.0,0.35,163.0,10.0
2025-04-08 08:47:46,161.0,30.0,198.3,30.0,159.0,19.0,695.0,10.0,179.65,37.30000000000001,49.0,40.0,5.939819020824276,89,9.0,18.0,0.1,163.0,
2025-04-08 08:47:47,161.0,10.0,237.0,9.0,159.0,9.0,695.0,3.0,199.0,76.0,19.0,12.0,14.400431590759302,31,7.0,-58.0,0.23,163.0,
2025-04-08 08:47:48,161.0,18.0,312.0,15.0,159.0,15.0,748.4,25.0,236.5,151.0,33.0,40.0,29.79929948841285,73,-7.0,42.0,-0.1,161.0,1.0
2025-04-08 08:47:49,118.47,30.0,441.12,32.0,114.82,39.0,583.08,25.0,279.8,322.65,69.0,57.0,46.07496066194842,126,12.0,53.0,0.1,159.33,9.0
2025-04-08 08:47:52,119.87,30.0,249.82,11.0,60.12,34.0,570.7,20.0,184.84,129.95,64.0,31.0,76.56711317530569,95,33.0,5.0,0.35,159.33,
2025-04-08 08:47:53,164.0,40.0,220.0,20.0,136.82,44.0,254.88,16.0,192.0,56.0,84.0,36.0,78.48456740022259,120,48.0,25.0,0.4,159.33,
2025-04-08 08:47:54,163.8,46.0,223.29,28.0,152.05,40.0,328.49,35.0,193.55,59.48999999999998,86.0,63.0,72.14655965463706,149,23.0,29.0,0.15,164.5,4.0
2025-04-08 08:47:55,164.0,54.0,223.0,24.0,162.75,36.0,423.0,18.0,193.5,59.0,90.0,42.0,60.8591194481163,132,48.0,-17.0,0.36,164.0,3.0
2025-04-08 08:47:56,164.0,76.0,220.75,36.0,162.0,60.0,223.0,24.0,192.38,56.75,136.0,60.0,3.6496547782112954,196,76.0,64.0,0.39,164.0,
2025-04-08 08:47:57,164.38,53.0,211.07,27.0,163.14,70.0,217.0,28.0,187.73,46.69,123.0,55.0,2.3921057669174863,178,68.0,-18.0,0.38,164.0,
2025-04-08 08:47:58,168.0,11.0,187.16,32.0,164.0,88.0,188.3,23.0,177.58,19.16,99.0,55.0,6.789563314390932,154,44.0,-24.0,0.29,164.0,
2025-04-08 08:47:59,168.0,13.0,183.54,48.0,164.0,104.0,193.44,45.0,175.77,15.539999999999992,117.0,93.0,8.271158927268129,210,24.0,56.0,0.11,164.0,
2025-04-08 08:48:00,164.2,59.0,180.64,33.0,162.81,59.0,181.76,37.0,172.42,16.439999999999998,118.0,70.0,8.475082890457909,188,48.0,-22.0,0.26,168.0,1.0
2025-04-08 08:48:01,163.73,60.0,178.45,44.0,161.82,44.0,179.35,46.0,171.09,14.72,104.0,90.0,6.573680095664642,194,14.0,6.0,0.07,163.78,9.0
2025-04-08 08:48:02,161.38,52.0,176.49,45.0,159.53,34.0,177.53,55.0,168.94,15.110000000000014,86.0,100.0,3.499621408115756,186,-14.0,-8.0,-0.08,162.0,4.0
2025-04-08 08:48:03,166.0,40.0,172.3,30.0,160.0,100.0,176.0,50.0,169.15,6.300000000000011,140.0,80.0,2.798219076509932,220,60.0,34.0,0.27,162.0,
2025-04-08 08:48:04,161.71,70.0,168.48,42.0,155.75,71.0,170.0,43.0,165.1,6.769999999999982,141.0,85.0,2.771398563928806,226,56.0,6.0,0.25,166.0,4.0
2025-04-08 08:48:05,160.0,110.0,165.98,49.0,145.0,55.0,166.84,50.0,162.99,5.97999999999999,165.0,99.0,3.30808554909769,264,66.0,38.0,0.25,166.0,
2025-04-08 08:48:06,159.71,107.0,163.42,60.0,147.94,71.0,168.04,48.0,161.56,3.70999999999998,178.0,108.0,3.432502002934781,286,70.0,22.0,0.24,160.33,3.0
2025-04-08 08:48:07,159.0,38.0,160.0,33.0,134.0,33.0,178.29,49.0,159.5,1.0,71.0,82.0,3.687078789523434,153,-11.0,-133.0,-0.07,159.0,7.0
2025-04-08 08:48:08,159.0,7.0,160.0,21.0,134.0,21.0,232.86,35.0,159.5,1.0,28.0,56.0,2.3937000647858664,84,-28.0,-69.0,-0.33,159.0,
2025-04-08 08:48:11,123.55,67.0,152.53,45.0,98.39,51.0,155.52,61.0,138.04,28.980000000000004,118.0,106.0,24.35640018558127,224,12.0,108.0,0.05,159.0,
2025-04-08 08:48:12,135.4,50.0,155.44,54.0,123.03,74.0,158.72,47.0,145.42,20.039999999999992,124.0,101.0,21.917320776048022,225,23.0,1.0,0.1,151.75,4.0
2025-04-08 08:48:13,150.92,53.0,156.76,49.0,128.48,50.0,159.54,39.0,153.84,5.840000000000003,103.0,88.0,20.43275972550423,191,15.0,-34.0,0.08,157.0,1.0
2025-04-08 08:48:14,140.43,14.0,154.71,28.0,119.29,14.0,157.0,21.0,147.57,14.28,28.0,49.0,8.613116160843147,77,-21.0,-114.0,-0.27,157.0,
2025-04-08 08:48:15,141.17,12.0,154.0,24.0,109.0,48.0,157.0,18.0,147.58,12.830000000000013,60.0,42.0,5.677244049728153,102,18.0,25.0,0.18,157.0,
2025-04-08 08:48:16,148.5,14.0,154.0,24.0,129.9,20.0,157.0,30.0,151.25,5.5,34.0,54.0,3.364471726760472,88,-20.0,-14.0,-0.23,154.0,2.0
2025-04-08 08:48:17,151.0,14.0,154.0,14.0,109.0,56.0,157.0,21.0,152.5,3.0,70.0,35.0,2.86434460220291,105,35.0,17.0,0.33,154.0,
2025-04-08 08:48:18,153.36,22.0,156.03,38.0,113.94,63.0,157.6,30.0,154.69,2.6699999999999875,85.0,68.0,3.122189936593986,153,17.0,48.0,0.11,154.0,2.0
2025-04-08 08:48:19,125.88,25.0,156.68,34.0,110.26,100.0,158.43,42.0,141.28,30.80000000000001,125.0,76.0,5.249890475064237,201,49.0,48.0,0.24,156.17,6.0
2025-04-08 08:48:20,115.0,8.0,157.0,16.0,83.36,22.0,159.0,24.0,136.0,42.0,30.0,40.0,8.078727003691416,70,-10.0,-131.0,-0.14,156.17,
2025-04-08 08:48:23,138.0,3.0,155.67,3.0,78.0,3.0,157.86,7.0,146.83,17.669999999999987,6.0,10.0,3.962335170095916,16,-4.0,-45.0,-0.25,156.0,2.0
2025-04-08 08:48:27,121.0,3.0,159.0,9.0,34.33,27.0,186.0,9.0,140.0,38.0,30.0,18.0,9.544878207718911,48,12.0,-32.0,0.25,156.0,
2025-04-08 08:48:28,118.17,12.0,281.4,40.0,28.17,108.0,410.2,40.0,199.78,163.22999999999996,120.0,80.0,31.559787705245668,200,40.0,152.0,0.2,159.0,3.0
2025-04-08 08:48:30,122.34,64.0,322.6,42.0,89.03,70.0,392.64,56.0,222.47,200.26,134.0,98.0,43.65260530598529,232,36.0,65.0,0.16,159.0,2.0
2025-04-08 08:48:31,120.8,90.0,193.38,42.0,78.65,71.0,201.83,54.0,157.09,72.58,161.0,96.0,36.69599664813765,257,65.0,25.0,0.25,159.0,
2025-04-08 08:48:32,140.65,86.0,154.12,42.0,132.22,74.0,155.97,34.0,147.39,13.47,160.0,76.0,34.39976278988168,236,84.0,-21.0,0.36,159.0,
2025-04-08 08:48:33,145.75,52.0,153.21,47.0,143.3,100.0,156.21,19.0,149.48,7.460000000000008,152.0,66.0,37.531148130588,218,86.0,-18.0,0.39,154.18,11.0
2025-04-08 08:48:34,149.37,38.0,156.06,53.0,149.36,50.0,157.47,19.0,152.71,6.689999999999998,88.0,72.0,31.874628154696204,160,16.0,-58.0,0.1,154.18,
2025-04-08 08:48:35,154.0,13.0,183.3,20.0,152.51,41.0,192.96,23.0,168.65,29.30000000000001,54.0,43.0,8.430550397225769,97,11.0,-63.0,0.11,157.67,6.0
2025-04-08 08:48:36,155.93,14.0,233.58,24.0,154.89,46.0,363.91,43.0,194.76,77.65,60.0,67.0,19.825228119750744,127,-7.0,30.0,-0.06,157.67,
2025-04-08 08:48:37,160.56,27.0,231.09,22.0,156.57,23.0,319.1,40.0,195.82,70.53,50.0,62.0,22.223207014293536,112,-12.0,-15.0,-0.11,158.0,5.0
2025-04-08 08:48:38,164.74,19.0,231.0,18.0,159.52,25.0,324.0,36.0,197.87,66.25999999999999,44.0,54.0,20.259480990393985,98,-10.0,-14.0,-0.1,165.0,4.0
2025-04-08 08:48:39,160.0,8.0,229.88,16.0,159.0,40.0,338.25,32.0,194.94,69.88,48.0,48.0,12.225594873057362,96,0.0,-2.0,0.0,165.0,
2025-04-08 08:48:40,164.0,37.0,228.22,18.0,160.0,9.0,343.0,36.0,196.11,64.22,46.0,54.0,1.2402217544136689,100,-8.0,4.0,-0.08,164.0,4.0
2025-04-08 08:48:41,164.0,6.0,227.0,12.0,160.0,6.0,423.48,23.0,195.5,63.0,12.0,35.0,1.1071901372938442,47,-23.0,-53.0,-0.49,164.0,
2025-04-08 08:48:42,166.83,36.0,226.64,22.0,163.27,11.0,506.65,31.0,196.73,59.80999999999997,47.0,53.0,1.134790729659252,100,-6.0,53.0,-0.06,167.0,2.0
2025-04-08 08:48:43,167.0,14.0,226.0,14.0,164.0,7.0,303.86,14.0,196.5,59.0,21.0,28.0,0.7346631882167751,49,-7.0,-51.0,-0.14,164.5,4.0
2025-04-08 08:48:48,148.65,78.0,154.29,14.0,148.03,39.0,158.62,26.0,151.47,5.639999999999986,117.0,40.0,17.43854064995647,157,77.0,-15.0,0.49,153.5,8.0
2025-04-08 08:48:49,157.6,87.0,175.5,24.0,154.92,61.0,300.86,28.0,166.55,17.900000000000006,148.0,52.0,21.015118367503284,200,96.0,43.0,0.48,157.8,5.0
2025-04-08 08:48:50,167.0,121.0,258.27,52.0,158.05,63.0,380.42,38.0,212.63,91.26999999999998,184.0,90.0,31.937408786564905,274,94.0,74.0,0.34,157.8,
2025-04-08 08:48:51,167.12,85.0,258.0,60.0,165.02,57.0,407.0,48.0,212.56,90.88,142.0,108.0,32.76500297573824,250,34.0,-24.0,0.14,167.0,1.0
2025-04-08 08:48:52,168.0,14.0,247.09,33.0,162.0,48.0,279.73,30.0,207.55,79.09,62.0,63.0,28.997503685664444,125,-1.0,-125.0,-0.01,167.0,
2025-04-08 08:48:53,168.0,18.0,237.91,43.0,162.15,40.0,327.06,34.0,202.95,69.91,58.0,77.0,19.370560652704725,135,-19.0,10.0,-0.14,167.0,
2025-04-08 08:48:54,168.0,6.0,242.0,15.0,164.0,3.0,482.0,9.0,205.0,74.0,9.0,24.0,4.382929385708265,33,-15.0,-102.0,-0.45,167.0,
2025-04-08 08:48:55,168.0,22.0,240.73,55.0,164.0,11.0,591.8,41.0,204.36,72.72999999999999,33.0,96.0,3.783415123946445,129,-63.0,96.0,-0.49,167.0,
2025-04-08 08:48:56,168.0,20.0,240.0,50.0,164.0,10.0,540.79,38.0,204.0,72.0,30.0,88.0,1.7215312951289716,118,-58.0,-11.0,-0.49,167.0,
2025-04-08 08:48:57,168.0,14.0,233.71,35.0,164.0,7.0,340.5,20.0,200.86,65.71000000000001,21.0,55.0,1.6194072990170834,76,-34.0,-42.0,-0.45,167.0,
2025-04-08 08:48:58,164.73,11.0,224.6,50.0,162.04,55.0,257.88,48.0,194.66,59.870000000000005,66.0,98.0,4.286429749816451,164,-32.0,88.0,-0.2,168.0,2.0
2025-04-08 08:48:59,164.0,10.0,239.7,50.0,162.0,60.0,422.86,44.0,201.85,75.69999999999999,70.0,94.0,3.908987081087908,164,-24.0,0.0,-0.15,168.0,
2025-04-08 08:49:00,164.0,9.0,211.63,38.0,162.44,54.0,324.64,33.0,187.82,47.63,63.0,71.0,6.588984747297235,134,-8.0,-30.0,-0.06,168.0,
2025-04-08 08:49:01,163.07,45.0,191.4,40.0,162.16,25.0,207.5,34.0,177.23,28.330000000000013,70.0,74.0,10.210922093529128,144,-4.0,10.0,-0.03,164.0,1.0
2025-04-08 08:49:02,163.0,44.0,189.72,43.0,160.0,9.0,202.84,38.0,176.36,26.72,53.0,81.0,11.03208638472914,134,-28.0,-10.0,-0.21,163.0,2.0
2025-04-08 08:49:03,163.0,8.0,188.27,30.0,160.0,8.0,189.45,31.0,175.63,25.27000000000001,16.0,61.0,11.26086009149079,77,-45.0,-57.0,-0.58,163.0,3.0
2025-04-08 08:49:04,163.0,9.0,183.24,41.0,160.55,11.0,184.2,40.0,173.12,20.24000000000001,20.0,81.0,5.682012847586327,101,-61.0,24.0,-0.6,163.0,
2025-04-08 08:49:05,162.25,8.0,181.0,38.0,160.93,28.0,182.7,43.0,171.62,18.75,36.0,81.0,2.343175196211252,117,-45.0,16.0,-0.38,162.25,4.0
2025-04-08 08:49:06,161.2,54.0,177.32,41.0,157.92,63.0,178.78,49.0,169.26,16.120000000000005,117.0,90.0,2.9119100261068165,207,27.0,90.0,0.13,159.33,3.0
2025-04-08 08:49:07,164.0,51.0,172.56,32.0,161.43,91.0,174.31,32.0,168.28,8.560000000000002,142.0,64.0,2.9600709451199148,206,78.0,-1.0,0.38,159.33,
2025-04-08 08:49:08,164.0,78.0,168.43,28.0,162.0,169.0,169.57,28.0,166.21,4.430000000000007,247.0,56.0,2.728226530210626,303,191.0,97.0,0.63,159.33,
2025-04-08 08:49:09,162.47,110.0,165.0,26.0,161.67,97.0,168.06,34.0,163.74,2.530000000000001,207.0,60.0,2.9984862848022344,267,147.0,-36.0,0.55,163.33,9.0
2025-04-08 08:49:10,163.0,26.0,168.09,22.0,161.45,110.0,387.57,49.0,165.55,5.090000000000003,136.0,71.0,2.1984016921728387,207,65.0,-60.0,0.31,163.0,2.0
2025-04-08 08:49:11,161.31,93.0,168.25,32.0,160.18,73.0,251.74,72.0,164.78,6.939999999999998,166.0,104.0,1.7048665637372822,270,62.0,63.0,0.23,162.2,5.0
2025-04-08 08:49:12,166.0,16.0,167.17,6.0,161.0,42.0,233.0,30.0,166.58,1.1699999999999875,58.0,36.0,1.1409513574862535,94,22.0,-168.0,0.23,166.67,3.0
2025-04-08 08:49:13,166.0,9.0,238.54,13.0,160.65,43.0,339.34,41.0,202.27,72.53999999999999,52.0,54.0,16.62755634481936,106,-2.0,12.0,-0.02,167.0,1.0
2025-04-08 08:49:14,160.4,15.0,369.25,32.0,159.12,24.0,637.38,16.0,264.82,208.85,39.0,48.0,43.27739768054592,87,-9.0,-19.0,-0.1,163.0,2.0
2025-04-08 08:49:16,160.18,33.0,375.0,9.0,159.25,32.0,493.44,45.0,267.59,214.82,65.0,54.0,70.55819831883508,119,11.0,-10.0,0.09,161.2,5.0
2025-04-08 08:49:17,160.0,24.0,352.0,6.0,159.0,18.0,455.0,30.0,256.0,192.0,42.0,36.0,53.19825589246365,78,6.0,-41.0,0.08,161.2,
2025-04-08 08:49:18,160.0,30.0,387.5,8.0,159.0,24.0,620.13,31.0,273.75,227.5,54.0,39.0,38.63408016246832,93,15.0,15.0,0.16,161.2,
2025-04-08 08:49:19,160.0,24.0,288.67,9.0,159.0,21.0,682.22,18.0,224.33,128.67000000000002,45.0,27.0,46.69080605429763,72,18.0,-21.0,0.25,161.2,
2025-04-08 08:49:20,160.0,44.0,173.07,28.0,159.0,33.0,394.75,16.0,166.54,13.069999999999991,77.0,44.0,44.07490862157375,121,33.0,49.0,0.27,161.2,
2025-04-08 08:49:21,159.83,24.0,177.0,14.0,158.03,29.0,571.43,7.0,168.42,17.169999999999987,53.0,21.0,49.23985956519471,74,32.0,-47.0,0.43,159.8,5.0
2025-04-08 08:49:22,159.5,20.0,376.05,20.0,157.21,39.0,462.55,31.0,267.77,216.55,59.0,51.0,51.74002580208184,110,8.0,36.0,0.07,159.8,
2025-04-08 08:49:23,159.81,36.0,365.84,51.0,155.37,38.0,407.28,43.0,262.82,206.03,74.0,94.0,49.07203714948154,168,-20.0,58.0,-0.12,159.86,7.0
2025-04-08 08:49:24,166.86,42.0,231.29,42.0,159.55,22.0,240.72,25.0,199.07,64.42999999999998,64.0,67.0,49.55226866653132,131,-3.0,-37.0,-0.02,159.86,
2025-04-08 08:49:25,167.0,65.0,226.12,48.0,164.0,13.0,229.23,47.0,196.56,59.120000000000005,78.0,95.0,44.03911409190806,173,-17.0,42.0,-0.1,159.86,
2025-04-08 08:49:26,167.0,39.0,224.95,43.0,164.0,9.0,226.17,29.0,195.98,57.94999999999999,48.0,72.0,37.35443815666471,120,-24.0,-53.0,-0.2,167.0,1.0
2025-04-08 08:49:27,164.2,20.0,223.12,85.0,159.4,73.0,226.0,51.0,193.66,58.920000000000016,93.0,136.0,29.803008572963005,229,-43.0,109.0,-0.19,164.0,8.0
2025-04-08 08:49:28,160.0,14.0,220.0,64.0,158.73,60.0,222.54,68.0,190.0,60.0,74.0,132.0,3.418330001641732,206,-58.0,-23.0,-0.28,164.0,
2025-04-08 08:49:29,157.0,80.0,185.8,40.0,110.57,14.0,201.28,39.0,171.4,28.80000000000001,94.0,79.0,10.452243778257886,173,15.0,-33.0,0.09,160.33,6.0
2025-04-08 08:49:30,158.82,107.0,162.46,65.0,150.83,58.0,165.0,52.0,160.64,3.640000000000015,165.0,117.0,15.519673965652103,282,48.0,109.0,0.17,160.33,
2025-04-08 08:49:31,118.15,27.0,163.17,46.0,86.27,75.0,198.86,29.0,140.66,45.01999999999998,102.0,75.0,21.806598084069737,177,27.0,-105.0,0.15,160.0,8.0
2025-04-08 08:49:33,135.57,49.0,160.13,30.0,113.0,13.0,311.22,23.0,147.85,24.56,62.0,53.0,15.706993028590174,115,9.0,-72.0,0.08,160.0,2.0
2025-04-08 08:49:34,146.25,77.0,165.23,39.0,146.7,53.0,299.55,22.0,155.74,18.97999999999999,130.0,61.0,11.495262937409665,191,69.0,76.0,0.36,160.0,4.0
2025-04-08 08:49:35,158.6,25.0,266.89,18.0,160.21,73.0,304.0,9.0,212.74,108.29,98.0,27.0,31.94768332759312,125,71.0,-66.0,0.57,160.0,
2025-04-08 08:49:36,164.0,16.0,250.0,12.0,162.0,72.0,327.33,15.0,207.0,86.0,88.0,27.0,36.5045908071869,115,61.0,-10.0,0.53,160.0,
2025-04-08 08:49:37,164.0,20.0,279.2,10.0,162.0,90.0,579.46,13.0,221.6,115.2,110.0,23.0,34.45974724225544,133,87.0,18.0,0.65,160.0,
2025-04-08 08:49:39,162.4,106.0,298.9,20.0,161.71,56.0,509.06,17.0,230.65,136.49999999999997,162.0,37.0,54.62251440569232,199,125.0,96.0,0.63,160.0,
2025-04-08 08:49:40,163.0,17.0,371.12,8.0,162.0,48.0,540.33,9.0,267.06,208.12,65.0,17.0,52.6924749845749,82,48.0,-117.0,0.59,163.0,5.0
2025-04-08 08:49:41,162.77,26.0,260.67,9.0,161.93,58.0,477.69,13.0,211.72,97.9,84.0,22.0,51.69614801897769,106,62.0,24.0,0.58,163.33,3.0
2025-04-08 08:49:42,162.0,39.0,373.43,7.0,160.0,7.0,648.0,7.0,267.71,211.43,46.0,14.0,48.5076852673887,60,32.0,-46.0,0.53,162.0,5.0
2025-04-08 08:49:43,162.0,18.0,213.56,36.0,160.0,9.0,215.0,9.0,187.78,51.56,27.0,45.0,34.88579839992311,72,-18.0,12.0,-0.25,162.0,
2025-04-08 08:49:44,166.58,95.0,212.0,52.0,161.64,22.0,239.0,13.0,189.29,45.41999999999999,117.0,65.0,40.09259245796022,182,52.0,110.0,0.29,167.0,3.0
2025-04-08 08:49:45,167.0,80.0,210.09,43.0,161.38,16.0,218.97,31.0,188.55,43.09,96.0,74.0,34.319225661429336,170,22.0,-12.0,0.13,167.0,
2025-04-08 08:49:46,167.0,88.0,206.51,49.0,163.29,14.0,207.7,50.0,186.76,39.50999999999999,102.0,99.0,35.61725382451764,201,3.0,31.0,0.01,167.0,
2025-04-08 08:49:47,167.0,112.0,189.97,63.0,165.0,14.0,192.4,60.0,178.48,22.97,126.0,123.0,4.400996478087833,249,3.0,48.0,0.01,167.0,
2025-04-08 08:49:48,167.0,64.0,180.0,34.0,165.0,8.0,181.0,38.0,173.5,13.0,72.0,72.0,6.976484071518069,144,0.0,-105.0,0.0,167.0,
2025-04-08 08:49:49,167.0,33.0,178.71,28.0,165.0,6.0,179.62,26.0,172.86,11.710000000000008,39.0,54.0,7.320102458309565,93,-15.0,-51.0,-0.16,167.0,5.0
2025-04-08 08:49:50,167.0,33.0,177.29,49.0,165.0,11.0,178.6,50.0,172.14,10.289999999999992,44.0,99.0,6.126574899579216,143,-55.0,50.0,-0.38,167.0,
2025-04-08 08:49:51,167.0,24.0,175.56,36.0,165.0,8.0,176.89,36.0,171.28,8.560000000000002,32.0,72.0,2.822785858005921,104,-40.0,-39.0,-0.38,167.0,
2025-04-08 08:49:52,167.0,33.0,175.0,44.0,165.0,11.0,176.0,55.0,171.0,8.0,44.0,99.0,1.0495141733965554,143,-55.0,39.0,-0.38,167.0,
2025-04-08 08:49:53,167.0,36.0,171.75,48.0,165.21,14.0,173.71,42.0,169.38,4.75,50.0,90.0,1.3144276321507289,140,-40.0,-3.0,-0.29,167.0,
2025-04-08 08:49:54,166.0,28.0,168.74,57.0,165.0,14.0,170.22,50.0,167.37,2.740000000000009,42.0,107.0,1.887161890289976,149,-65.0,9.0,-0.44,166.75,4.0
2025-04-08 08:49:55,162.39,23.0,166.12,68.0,153.34,29.0,169.46,65.0,164.25,3.730000000000018,52.0,133.0,2.9142117287810425,185,-81.0,36.0,-0.44,163.14,7.0
2025-04-08 08:49:56,157.69,29.0,162.55,51.0,132.84,43.0,163.96,53.0,160.12,4.860000000000014,72.0,104.0,4.331261940839878,176,-32.0,-9.0,-0.18,159.0,3.0
2025-04-08 08:49:57,116.38,32.0,157.25,44.0,80.0,55.0,158.54,35.0,136.81,40.870000000000005,87.0,79.0,13.203193931779438,166,8.0,-10.0,0.05,157.0,2.0
2025-04-08 08:50:00,136.0,48.0,154.8,10.0,91.64,14.0,197.44,25.0,145.4,18.80000000000001,62.0,35.0,15.66862852965147,97,27.0,-12.0,0.28,154.0,4.0
2025-04-08 08:50:03,121.63,35.0,256.42,24.0,91.29,34.0,444.57,35.0,189.02,134.79000000000002,69.0,59.0,28.033113990425736,128,10.0,22.0,0.08,157.22,9.0
2025-04-08 08:50:06,133.31,35.0,155.0,24.0,129.83,42.0,199.9,20.0,144.16,21.69,77.0,44.0,25.50698570980503,121,33.0,34.0,0.27,150.0,3.0
2025-04-08 08:50:07,146.5,28.0,283.56,18.0,143.36,47.0,444.36,22.0,215.03,137.06,75.0,40.0,36.51536662831381,115,35.0,-6.0,0.3,160.86,7.0
2025-04-08 08:50:08,166.03,33.0,176.58,24.0,161.17,12.0,477.36,11.0,171.31,10.550000000000011,45.0,35.0,34.2264440162892,80,10.0,-35.0,0.12,160.86,
2025-04-08 08:50:09,168.0,32.0,176.0,40.0,167.0,8.0,342.5,16.0,172.0,8.0,40.0,56.0,30.212544911016156,96,-16.0,16.0,-0.17,160.86,
2025-04-08 08:50:10,168.0,32.0,174.88,40.0,167.0,8.0,540.0,16.0,171.44,6.879999999999996,40.0,56.0,25.439002928577203,96,-16.0,0.0,-0.17,160.86,
2025-04-08 08:50:11,168.0,12.0,174.0,15.0,167.0,3.0,470.0,4.0,171.0,6.0,15.0,19.0,19.498518661686905,34,-4.0,-62.0,-0.12,160.86,
2025-04-08 08:50:12,168.0,36.0,174.0,45.0,167.0,9.0,400.0,9.0,171.0,6.0,45.0,54.0,0.4114608124279775,99,-9.0,65.0,-0.09,160.86,
2025-04-08 08:50:13,168.0,28.0,173.0,35.0,167.0,7.0,295.27,11.0,170.5,5.0,35.0,46.0,0.562778819932046,81,-11.0,-18.0,-0.14,160.86,
2025-04-08 08:50:14,168.0,68.0,172.0,85.0,167.0,17.0,349.23,40.0,170.0,4.0,85.0,125.0,0.5520144927124975,210,-40.0,129.0,-0.19,160.86,
2025-04-08 08:50:15,168.0,34.0,169.78,46.0,167.0,11.0,207.12,51.0,168.89,1.7800000000000011,45.0,97.0,0.8797272305466721,142,-52.0,-68.0,-0.37,168.0,1.0
2025-04-08 08:50:16,167.0,24.0,168.57,56.0,163.65,68.0,180.53,34.0,167.79,1.5699999999999932,92.0,90.0,1.2945771511061657,182,2.0,40.0,0.01,167.75,4.0
2025-04-08 08:50:17,166.0,28.0,167.73,44.0,163.0,90.0,236.36,44.0,166.86,1.7299999999999898,118.0,88.0,1.510089401382314,206,30.0,24.0,0.15,166.0,2.0
2025-04-08 08:50:18,163.0,91.0,176.67,27.0,161.0,132.0,203.11,36.0,169.83,13.669999999999987,223.0,63.0,1.3428812308493168,286,160.0,80.0,0.56,163.0,10.0
2025-04-08 08:50:19,164.82,11.0,270.43,21.0,161.2,51.0,510.0,14.0,217.62,105.61,62.0,35.0,22.06599805130409,97,27.0,-168.0,0.28,163.0,
2025-04-08 08:50:20,161.19,32.0,287.34,35.0,160.29,56.0,444.67,21.0,224.27,126.14999999999998,88.0,56.0,29.026860491622973,144,32.0,47.0,0.22,163.33,9.0
2025-04-08 08:50:21,161.89,9.0,364.43,14.0,160.6,10.0,402.0,13.0,263.16,202.54,19.0,27.0,40.46209917935697,46,-8.0,-98.0,-0.17,163.33,
2025-04-08 08:50:22,162.0,5.0,283.0,5.0,161.0,5.0,397.0,10.0,222.5,121.0,10.0,15.0,33.198602832048614,25,-5.0,-21.0,-0.2,163.33,
2025-04-08 08:50:23,162.0,6.0,217.67,9.0,161.0,6.0,338.09,11.0,189.83,55.66999999999999,12.0,20.0,26.18563021964721,32,-8.0,7.0,-0.25,163.33,
2025-04-08 08:50:24,162.0,8.0,205.47,17.0,161.0,40.0,294.54,13.0,183.74,43.47,48.0,30.0,31.850569068701255,78,18.0,46.0,0.23,163.33,
2025-04-08 08:50:25,162.0,8.0,212.68,22.0,161.0,40.0,341.0,13.0,187.34,50.68000000000001,48.0,35.0,33.87393806453744,83,13.0,5.0,0.16,163.33,
2025-04-08 08:50:26,161.55,11.0,308.82,11.0,160.76,34.0,405.82,17.0,235.18,147.26999999999998,45.0,28.0,23.467301080442223,73,17.0,-10.0,0.23,162.0,1.0
2025-04-08 08:50:27,161.0,55.0,372.83,18.0,159.0,72.0,499.71,17.0,266.92,211.83,127.0,35.0,36.9119184004315,162,92.0,89.0,0.57,162.0,
2025-04-08 08:50:28,161.36,39.0,318.33,12.0,160.19,59.0,495.33,12.0,239.85,156.96999999999997,98.0,24.0,35.96334355979852,122,74.0,-40.0,0.61,162.0,
2025-04-08 08:50:29,163.56,18.0,352.0,10.0,161.35,40.0,462.0,10.0,257.78,188.44,58.0,20.0,30.83710557105,78,38.0,-44.0,0.49,165.67,3.0
2025-04-08 08:50:30,163.85,13.0,323.15,13.0,161.05,63.0,431.08,13.0,243.5,159.29999999999998,76.0,26.0,13.25285931412798,102,50.0,24.0,0.49,165.67,
2025-04-08 08:50:31,161.0,15.0,198.0,3.0,159.0,12.0,199.0,3.0,179.5,37.0,27.0,6.0,34.21380130882979,33,21.0,-69.0,0.64,165.0,1.0
2025-04-08 08:50:32,161.0,34.0,198.0,7.0,159.0,28.0,293.86,7.0,179.5,37.0,62.0,14.0,37.59686662476149,76,48.0,43.0,0.63,161.0,1.0
2025-04-08 08:50:33,161.0,40.0,186.8,10.0,159.0,40.0,221.7,10.0,173.9,25.80000000000001,80.0,20.0,40.369648004411935,100,60.0,24.0,0.6,161.0,
2025-04-08 08:50:34,161.0,53.0,180.2,44.0,159.0,64.0,181.56,16.0,170.6,19.19999999999999,117.0,60.0,30.48163381448152,177,57.0,77.0,0.32,161.0,5.0
2025-04-08 08:50:35,164.0,21.0,180.0,35.0,161.0,14.0,181.0,7.0,172.0,16.0,35.0,42.0,4.183897704313602,77,-7.0,-100.0,-0.09,161.0,
2025-04-08 08:50:36,162.67,27.0,179.26,39.0,159.59,34.0,179.52,27.0,170.96,16.590000000000003,61.0,66.0,3.64737165643464,127,-5.0,50.0,-0.04,161.0,
2025-04-08 08:50:37,161.0,14.0,177.59,37.0,159.0,36.0,179.2,41.0,169.3,16.590000000000003,50.0,78.0,1.720616168750413,128,-28.0,1.0,-0.22,161.0,1.0
2025-04-08 08:50:38,161.0,8.0,176.0,40.0,159.0,32.0,177.0,32.0,168.5,15.0,40.0,72.0,1.3830835116386702,112,-32.0,-16.0,-0.29,161.0,
2025-04-08 08:50:39,161.0,8.0,174.41,32.0,159.0,32.0,175.55,33.0,167.7,13.409999999999997,40.0,65.0,1.7661596757279785,105,-25.0,-7.0,-0.24,161.0,
2025-04-08 08:50:40,159.22,18.0,172.0,24.0,158.33,24.0,174.0,18.0,165.61,12.78,42.0,42.0,1.9777967540091936,84,0.0,-21.0,0.0,161.0,1.0
2025-04-08 08:50:41,159.0,32.0,169.29,28.0,158.0,32.0,171.25,28.0,164.14,10.289999999999992,64.0,56.0,2.1289199139871826,120,8.0,36.0,0.07,161.0,
2025-04-08 08:50:42,159.7,23.0,166.0,40.0,158.4,40.0,167.0,40.0,162.85,6.300000000000011,63.0,80.0,2.365702855426475,143,-17.0,23.0,-0.12,159.8,5.0
2025-04-08 08:50:43,159.0,32.0,165.25,32.0,158.0,32.0,166.25,32.0,162.12,6.25,64.0,64.0,2.235359031604263,128,0.0,-15.0,0.0,159.8,
2025-04-08 08:50:44,159.0,28.0,163.23,26.0,158.0,28.0,164.31,26.0,161.12,4.22999999999999,56.0,52.0,1.7537017991028498,108,4.0,-20.0,0.04,159.8,
2025-04-08 08:50:45,158.62,47.0,161.07,43.0,146.84,45.0,163.14,42.0,159.84,2.4499999999999886,92.0,85.0,1.6397804731664944,177,7.0,69.0,0.04,159.0,4.0
2025-04-08 08:50:46,158.0,69.0,160.19,47.0,96.94,115.0,161.37,54.0,159.1,2.1899999999999977,184.0,101.0,1.55295846698473,285,83.0,108.0,0.29,159.25,4.0
2025-04-08 08:50:47,158.0,33.0,159.0,22.0,94.55,55.0,161.0,44.0,158.5,1.0,88.0,66.0,1.4783369034766034,154,22.0,-131.0,0.14,159.25,
2025-04-08 08:50:48,120.25,57.0,158.82,17.0,90.33,63.0,307.77,39.0,139.53,38.56999999999999,120.0,56.0,9.046425813556816,176,64.0,22.0,0.36,158.25,4.0
2025-04-08 08:50:49,136.2,74.0,156.58,12.0,100.41,68.0,177.54,13.0,146.39,20.380000000000024,142.0,25.0,9.203812796889732,167,117.0,-9.0,0.7,158.25,
2025-04-08 08:50:50,154.78,46.0,390.91,23.0,146.29,63.0,643.77,39.0,272.85,236.13,109.0,62.0,55.17236654340796,171,47.0,4.0,0.27,156.5,2.0
2025-04-08 08:50:51,166.0,52.0,330.16,31.0,163.59,34.0,379.06,34.0,248.08,164.16000000000005,86.0,65.0,62.5131734116909,151,21.0,-20.0,0.14,156.5,
2025-04-08 08:50:52,166.0,11.0,292.0,27.0,165.0,22.0,395.25,40.0,229.0,126.0,33.0,67.0,60.69064466620963,100,-34.0,-51.0,-0.34,166.0,3.0
2025-04-08 08:50:53,163.6,48.0,190.64,33.0,160.38,26.0,470.7,43.0,177.12,27.039999999999992,74.0,76.0,51.91013552284476,150,-2.0,50.0,-0.01,163.17,6.0
2025-04-08 08:50:54,167.0,35.0,189.0,48.0,161.26,38.0,260.65,46.0,178.0,22.0,73.0,94.0,42.60341183520518,167,-21.0,17.0,-0.13,167.0,3.0
2025-04-08 08:50:55,167.0,18.0,189.0,27.0,163.0,9.0,366.36,28.0,178.0,22.0,27.0,55.0,33.99769403945105,82,-28.0,-85.0,-0.34,167.0,
2025-04-08 08:50:56,161.96,50.0,181.4,30.0,160.0,16.0,334.71,42.0,171.68,19.44,66.0,72.0,23.759360260750817,138,-6.0,56.0,-0.04,163.0,7.0
2025-04-08 08:50:57,161.0,60.0,189.0,30.0,159.0,20.0,449.66,44.0,175.0,28.0,80.0,74.0,2.6883452159571166,154,6.0,16.0,0.04,163.0,
2025-04-08 08:50:58,161.68,37.0,188.0,21.0,160.09,22.0,614.29,21.0,174.84,26.319999999999997,59.0,42.0,2.635238129687741,101,17.0,-53.0,0.17,163.0,
2025-04-08 08:50:59,162.14,76.0,316.89,55.0,159.48,31.0,458.9,40.0,239.52,154.75,107.0,95.0,28.99419804030012,202,12.0,101.0,0.06,163.0,
2025-04-08 08:51:00,164.17,36.0,238.82,34.0,162.89,87.0,240.3,20.0,201.5,74.65,123.0,54.0,28.911408128974568,177,69.0,-25.0,0.39,163.0,
2025-04-08 08:51:01,166.0,16.0,236.88,32.0,163.0,88.0,238.0,16.0,201.44,70.88,104.0,48.0,26.51566329549628,152,56.0,-25.0,0.37,163.0,
2025-04-08 08:51:02,166.0,22.0,222.53,34.0,163.0,121.0,225.21,28.0,194.26,56.53,143.0,62.0,23.48084581100356,205,81.0,53.0,0.4,163.0,
2025-04-08 08:51:03,163.29,119.0,200.97,60.0,162.59,123.0,202.47,34.0,182.13,37.68000000000001,242.0,94.0,21.490544432380524,336,148.0,131.0,0.44,165.0,3.0
2025-04-08 08:51:04,165.0,12.0,199.8,20.0,163.0,60.0,201.0,16.0,182.4,34.80000000000001,72.0,36.0,9.66242102167652,108,36.0,-168.0,0.33,165.0,
2025-04-08 08:51:05,165.0,32.0,198.25,32.0,163.0,160.0,199.43,42.0,181.62,33.25,192.0,74.0,9.02299839300339,266,118.0,158.0,0.44,165.0,
2025-04-08 08:51:06,165.0,26.0,195.71,34.0,163.0,130.0,196.57,28.0,180.35,30.710000000000008,156.0,62.0,5.705170461971094,218,94.0,-48.0,0.43,165.0,
2025-04-08 08:51:07,163.22,90.0,191.0,44.0,162.56,90.0,191.88,34.0,177.11,27.78,180.0,78.0,2.167341689755445,258,102.0,40.0,0.4,165.0,2.0
2025-04-08 08:51:08,163.04,69.0,188.64,22.0,162.38,64.0,190.56,36.0,175.84,25.599999999999994,133.0,58.0,2.860424793654546,191,75.0,-67.0,0.39,163.0,2.0
2025-04-08 08:51:09,164.5,6.0,187.33,12.0,163.0,48.0,189.0,12.0,175.92,22.830000000000013,54.0,24.0,2.6584713653066507,78,30.0,-113.0,0.38,163.0,
2025-04-08 08:51:10,166.22,18.0,181.56,50.0,163.0,144.0,183.0,44.0,173.89,15.340000000000003,162.0,94.0,2.382450419244344,256,68.0,168.0,0.27,163.0,
2025-04-08 08:51:11,167.0,14.0,174.89,38.0,163.0,112.0,175.5,36.0,170.95,7.889999999999986,126.0,74.0,2.4138081945672765,200,52.0,-56.0,0.26,163.0,
2025-04-08 08:51:12,163.73,49.0,168.43,28.0,162.74,97.0,169.79,28.0,166.08,4.700000000000017,146.0,56.0,4.1351094302524825,202,90.0,2.0,0.45,167.0,1.0
2025-04-08 08:51:13,163.0,128.0,165.04,23.0,162.0,60.0,166.33,27.0,164.02,2.039999999999992,188.0,50.0,5.051234502591037,238,138.0,36.0,0.58,163.5,2.0
2025-04-08 08:51:14,163.0,52.0,236.16,25.0,162.0,60.0,334.68,38.0,199.58,73.16,112.0,63.0,14.33432698106751,175,49.0,-63.0,0.28,163.0,8.0
2025-04-08 08:51:15,163.53,17.0,273.32,22.0,162.15,41.0,365.55,38.0,218.42,109.79,58.0,60.0,24.07239913261966,118,-2.0,-57.0,-0.02,163.0,
2025-04-08 08:51:16,167.14,42.0,205.93,14.0,165.14,14.0,240.5,36.0,186.54,38.79000000000002,56.0,50.0,22.97490631101993,106,6.0,-12.0,0.06,163.0,
2025-04-08 08:51:17,168.0,44.0,202.91,11.0,166.0,11.0,222.0,33.0,185.45,34.91,55.0,44.0,20.024305730789727,99,11.0,-7.0,0.11,163.0,
2025-04-08 08:51:18,168.0,56.0,201.64,14.0,166.0,14.0,448.89,38.0,184.82,33.639999999999986,70.0,52.0,14.455726201064165,122,18.0,23.0,0.15,163.0,
2025-04-08 08:51:19,168.0,40.0,200.0,10.0,166.0,10.0,273.0,51.0,184.0,32.0,50.0,61.0,14.884256111748988,111,-11.0,-11.0,-0.1,163.0,
2025-04-08 08:51:20,168.0,64.0,199.88,16.0,166.0,16.0,252.7,56.0,183.94,31.879999999999995,80.0,72.0,1.0860018416863346,152,8.0,41.0,0.05,163.0,
2025-04-08 08:51:21,167.65,26.0,199.0,9.0,162.43,21.0,241.88,33.0,183.33,31.349999999999994,47.0,42.0,0.8296203952091105,89,5.0,-63.0,0.06,168.0,4.0
2025-04-08 08:51:22,167.0,33.0,198.73,11.0,166.0,11.0,344.13,15.0,182.86,31.72999999999999,44.0,26.0,0.7422937424952303,70,18.0,-19.0,0.26,168.0,
2025-04-08 08:51:23,167.0,33.0,197.67,15.0,166.0,11.0,414.06,17.0,182.33,30.669999999999987,44.0,32.0,0.7132110488124813,76,12.0,6.0,0.16,168.0,
2025-04-08 08:51:24,167.0,24.0,196.69,32.0,166.0,8.0,197.38,16.0,181.84,29.69,32.0,48.0,0.8228912444234314,80,-16.0,4.0,-0.2,168.0,
2025-04-08 08:51:25,163.18,67.0,190.77,65.0,162.12,33.0,191.59,37.0,176.97,27.590000000000003,100.0,102.0,2.574787369891052,202,-2.0,122.0,-0.01,166.0,5.0
2025-04-08 08:51:26,163.0,52.0,187.37,41.0,162.0,26.0,188.86,37.0,175.18,24.370000000000005,78.0,78.0,3.5097336081464188,156,0.0,-46.0,0.0,166.0,
2025-04-08 08:51:27,164.57,63.0,184.0,48.0,162.25,24.0,185.12,24.0,174.29,19.430000000000007,87.0,72.0,3.7482489245185655,159,15.0,3.0,0.09,163.0,2.0
2025-04-08 08:51:28,163.97,34.0,181.67,45.0,162.11,18.0,184.0,9.0,172.82,17.69999999999999,52.0,54.0,3.482578068063501,106,-2.0,-53.0,-0.02,163.0,
2025-04-08 08:51:29,162.78,27.0,179.94,85.0,161.34,41.0,184.0,17.0,171.36,17.159999999999997,68.0,102.0,2.155372357658737,170,-34.0,64.0,-0.2,162.14,7.0
2025-04-08 08:51:30,161.0,33.0,177.73,55.0,159.0,99.0,184.0,11.0,169.36,16.72999999999999,132.0,66.0,2.323579135764732,198,66.0,28.0,0.33,162.14,
2025-04-08 08:51:31,159.86,49.0,174.96,47.0,158.84,75.0,176.89,19.0,167.41,15.099999999999994,124.0,66.0,2.730946722322327,190,58.0,-8.0,0.31,160.2,5.0
2025-04-08 08:51:32,158.77,26.0,170.96,56.0,154.6,120.0,172.29,24.0,164.87,12.189999999999998,146.0,80.0,3.152067575443993,226,66.0,36.0,0.29,160.2,
2025-04-08 08:51:33,161.4,20.0,166.84,62.0,158.03,60.0,168.14,22.0,164.12,5.439999999999998,80.0,84.0,3.028189227932684,164,-4.0,-62.0,-0.02,165.0,1.0
2025-04-08 08:51:34,161.0,9.0,165.57,35.0,158.05,19.0,280.45,11.0,163.29,4.569999999999993,28.0,46.0,2.512598256818928,74,-18.0,-90.0,-0.24,165.0,3.0
2025-04-08 08:51:35,146.5,16.0,161.58,43.0,107.38,48.0,186.3,37.0,154.04,15.080000000000013,64.0,80.0,5.104961312309161,144,-16.0,70.0,-0.11,157.58,12.0
2025-04-08 08:51:40,139.0,20.0,155.72,29.0,57.7,80.0,179.08,13.0,147.36,16.72,100.0,42.0,1.5131589474323512,142,58.0,-20.0,0.41,153.5,8.0
2025-04-08 08:51:41,138.06,32.0,157.57,23.0,28.4,53.0,235.29,14.0,147.81,19.50999999999999,85.0,37.0,1.8092070086625804,122,48.0,-20.0,0.39,153.5,
2025-04-08 08:51:42,149.12,17.0,156.0,60.0,133.78,27.0,158.0,24.0,152.56,6.879999999999996,44.0,84.0,3.521104940241389,128,-40.0,6.0,-0.31,153.5,
2025-04-08 08:51:43,151.8,10.0,156.0,35.0,148.0,10.0,158.0,20.0,153.9,4.199999999999989,20.0,55.0,4.05308277736713,75,-35.0,-53.0,-0.47,156.0,3.0
2025-04-08 08:51:44,153.0,12.0,155.18,33.0,100.26,19.0,156.5,24.0,154.09,2.180000000000007,31.0,57.0,3.3058175993523524,88,-26.0,13.0,-0.3,156.0,
2025-04-08 08:51:45,152.57,14.0,154.85,39.0,124.53,34.0,155.89,27.0,153.71,2.280000000000001,48.0,66.0,2.6417286007813754,114,-18.0,26.0,-0.16,153.0,1.0
2025-04-08 08:51:46,151.14,28.0,153.0,40.0,95.87,46.0,156.21,19.0,152.07,1.8600000000000136,74.0,59.0,0.8953937682301158,133,15.0,19.0,0.11,152.0,2.0
2025-04-08 08:51:47,152.0,18.0,155.13,15.0,94.31,39.0,158.33,18.0,153.57,3.1299999999999955,57.0,33.0,0.8057418942720351,90,24.0,-43.0,0.27,154.0,4.0
2025-04-08 08:51:48,160.82,85.0,359.5,20.0,139.65,17.0,418.07,15.0,260.16,198.68,102.0,35.0,47.76859742550708,137,67.0,47.0,0.49,159.25,4.0
2025-04-08 08:51:49,162.52,87.0,382.0,26.0,159.55,47.0,467.82,17.0,272.26,219.48,134.0,43.0,62.09464654863681,177,91.0,40.0,0.51,162.0,4.0
2025-04-08 08:51:50,167.0,11.0,336.79,19.0,165.0,55.0,539.67,18.0,251.89,169.79000000000002,66.0,37.0,59.93357698319123,103,29.0,-74.0,0.28,162.0,
2025-04-08 08:51:51,165.4,20.0,190.0,16.0,163.03,58.0,347.75,16.0,177.7,24.599999999999994,78.0,32.0,53.65303560843602,110,46.0,7.0,0.42,166.0,2.0
2025-04-08 08:51:52,165.0,40.0,189.2,20.0,162.0,140.0,543.4,15.0,177.1,24.19999999999999,180.0,35.0,46.59583371933695,215,145.0,105.0,0.67,166.0,
2025-04-08 08:51:53,162.06,199.0,184.67,45.0,161.32,44.0,221.44,32.0,173.36,22.609999999999985,243.0,77.0,47.69224800740807,320,166.0,105.0,0.52,164.4,5.0
2025-04-08 08:51:54,162.0,133.0,182.8,45.0,161.0,26.0,184.24,34.0,172.4,20.80000000000001,159.0,79.0,34.40029505687624,238,80.0,-82.0,0.34,162.0,1.0
2025-04-08 08:51:55,162.0,144.0,181.02,55.0,161.0,72.0,181.88,51.0,171.51,19.02000000000001,216.0,106.0,2.811259504237205,322,110.0,84.0,0.34,162.0,
2025-04-08 08:51:56,162.0,132.0,176.55,22.0,161.0,66.0,178.3,27.0,169.27,14.550000000000011,198.0,49.0,2.8750078261051946,247,149.0,-75.0,0.6,162.0,
2025-04-08 08:51:57,162.0,192.0,170.4,50.0,161.0,40.0,171.23,64.0,166.2,8.400000000000006,232.0,114.0,2.8636113563416448,346,118.0,99.0,0.34,162.0,
2025-04-08 08:51:58,162.0,90.0,164.18,67.0,161.0,30.0,198.88,51.0,163.09,2.180000000000007,120.0,118.0,3.85424830546389,238,2.0,-108.0,0.01,162.0,11.0
2025-04-08 08:51:59,162.05,20.0,175.07,41.0,157.35,43.0,298.27,22.0,168.56,13.019999999999982,63.0,63.0,3.2101137051780877,126,0.0,-112.0,0.0,161.67,6.0
2025-04-08 08:52:00,166.0,20.0,304.93,14.0,159.29,49.0,382.5,24.0,235.46,138.93,69.0,38.0,30.80939353509181,107,31.0,-19.0,0.29,166.0,4.0
2025-04-08 08:52:01,166.0,6.0,328.67,3.0,161.0,21.0,350.0,9.0,247.33,162.67000000000002,27.0,12.0,41.58076562546846,39,15.0,-68.0,0.38,166.0,
2025-04-08 08:52:02,166.0,16.0,293.27,15.0,161.0,56.0,406.71,21.0,229.63,127.26999999999998,72.0,36.0,39.80535805642407,108,36.0,69.0,0.33,166.0,
2025-04-08 08:52:03,163.79,28.0,280.52,33.0,161.11,76.0,303.58,24.0,222.15,116.73,104.0,57.0,30.526276058505896,161,47.0,53.0,0.29,164.71,7.0
2025-04-08 08:52:04,161.0,32.0,276.17,24.0,159.0,36.0,278.0,6.0,218.58,115.17000000000002,68.0,30.0,11.405391269048948,98,38.0,-63.0,0.39,161.0,4.0
2025-04-08 08:52:05,161.42,24.0,273.23,52.0,159.5,56.0,275.6,20.0,217.32,111.81000000000004,80.0,72.0,12.33234649205504,152,8.0,54.0,0.05,162.0,3.0
2025-04-08 08:52:06,162.0,7.0,270.07,15.0,161.0,14.0,270.83,24.0,216.03,108.07,21.0,39.0,5.467318355474591,60,-18.0,-92.0,-0.3,162.0,
2025-04-08 08:52:07,162.0,10.0,266.86,22.0,161.0,20.0,268.79,28.0,214.43,104.86,30.0,50.0,2.9241699677195654,80,-20.0,20.0,-0.25,162.0,
2025-04-08 08:52:08,162.95,102.0,263.88,64.0,161.52,21.0,266.0,16.0,213.41,100.93,123.0,80.0,2.0953591577854005,203,43.0,123.0,0.21,162.0,
2025-04-08 08:52:09,163.0,132.0,261.83,48.0,162.0,12.0,266.0,12.0,212.42,98.82999999999998,144.0,60.0,1.9727062630094347,204,84.0,1.0,0.41,163.0,3.0
2025-04-08 08:52:10,163.0,135.0,259.63,27.0,162.0,15.0,260.91,33.0,211.31,96.63,150.0,60.0,1.8189557444089004,210,90.0,6.0,0.43,163.0,
2025-04-08 08:52:11,163.33,61.0,177.36,44.0,162.92,61.0,202.78,27.0,170.35,14.03,122.0,71.0,19.06076283888264,193,51.0,-17.0,0.26,163.0,
2025-04-08 08:52:12,166.19,32.0,171.83,29.0,162.79,115.0,179.8,49.0,169.01,5.640000000000015,147.0,78.0,23.40434361395638,225,69.0,32.0,0.31,163.0,
2025-04-08 08:52:13,162.17,116.0,165.94,32.0,161.41,58.0,170.02,53.0,164.05,3.77000000000001,174.0,85.0,24.250575663273494,259,89.0,34.0,0.34,167.5,2.0
2025-04-08 08:52:14,162.0,70.0,169.0,40.0,161.0,40.0,195.0,16.0,165.5,7.0,110.0,56.0,19.878515538142288,166,54.0,-93.0,0.33,162.8,5.0
2025-04-08 08:52:15,162.2,50.0,197.0,10.0,161.16,38.0,251.9,10.0,179.6,34.80000000000001,88.0,20.0,6.092435473615801,108,68.0,-58.0,0.63,162.0,4.0
2025-04-08 08:52:16,163.0,72.0,263.62,13.0,162.0,36.0,334.33,21.0,213.31,100.62,108.0,34.0,20.497539608454527,142,74.0,34.0,0.52,162.0,
2025-04-08 08:52:17,164.09,69.0,327.27,22.0,162.79,28.0,476.0,32.0,245.68,163.17999999999998,97.0,54.0,35.21228152222097,151,43.0,9.0,0.28,162.0,
2025-04-08 08:52:18,166.57,70.0,291.0,28.0,163.0,28.0,388.79,56.0,228.79,124.43,98.0,84.0,33.477132941757866,182,14.0,31.0,0.08,162.0,
2025-04-08 08:52:19,164.77,39.0,319.09,22.0,161.5,32.0,635.9,29.0,241.93,154.31999999999996,71.0,51.0,26.819919276539824,122,20.0,-60.0,0.16,166.57,7.0
2025-04-08 08:52:20,161.21,33.0,297.0,28.0,160.14,37.0,394.0,14.0,229.11,135.79,70.0,42.0,12.781247200492642,112,28.0,-10.0,0.25,162.0,3.0
2025-04-08 08:52:21,161.07,58.0,329.33,30.0,159.33,86.0,432.19,21.0,245.2,168.26,144.0,51.0,8.515026130323598,195,93.0,83.0,0.48,162.0,
2025-04-08 08:52:22,161.0,56.0,264.0,8.0,159.0,72.0,400.4,20.0,212.5,103.0,128.0,28.0,12.947305897371123,156,100.0,-39.0,0.64,162.0,
2025-04-08 08:52:23,161.0,77.0,406.44,41.0,159.0,99.0,494.79,19.0,283.72,245.44,176.0,60.0,26.39126313763873,236,116.0,80.0,0.49,162.0,
2025-04-08 08:52:25,166.0,24.0,390.0,24.0,161.0,42.0,558.33,12.0,278.0,224.0,66.0,36.0,46.86111607719193,102,30.0,-38.0,0.29,162.0,
2025-04-08 08:52:26,166.0,27.0,439.23,26.0,161.6,35.0,558.0,13.0,302.62,273.23,62.0,39.0,45.835321314462746,101,23.0,-1.0,0.23,166.0,3.0
2025-04-08 08:52:27,166.0,8.0,312.22,18.0,162.0,24.0,416.0,13.0,239.11,146.22000000000003,32.0,31.0,36.12439037547951,63,1.0,-38.0,0.02,166.0,
2025-04-08 08:52:28,165.25,16.0,207.43,46.0,161.68,50.0,351.68,28.0,186.34,42.18000000000001,66.0,74.0,58.51378470070159,140,-8.0,77.0,-0.06,163.25,4.0
2025-04-08 08:52:29,162.0,10.0,205.15,26.0,161.0,70.0,206.18,34.0,183.58,43.150000000000006,80.0,60.0,53.402350135552005,140,20.0,0.0,0.14,163.25,
2025-04-08 08:52:30,162.0,11.0,203.12,34.0,161.0,77.0,204.05,42.0,182.56,41.120000000000005,88.0,76.0,52.54930370613974,164,12.0,24.0,0.07,163.25,
2025-04-08 08:52:31,164.44,32.0,199.68,37.0,161.16,50.0,201.7,43.0,182.06,35.24000000000001,82.0,80.0,24.86431579593813,162,2.0,-2.0,0.01,165.0,2.0
2025-04-08 08:52:32,166.64,67.0,196.75,36.0,163.88,16.0,198.92,25.0,181.7,30.110000000000014,83.0,61.0,1.8675973870592917,144,22.0,-18.0,0.15,165.0,
2025-04-08 08:52:33,167.0,103.0,195.42,48.0,165.0,26.0,196.35,43.0,181.21,28.419999999999987,129.0,91.0,0.9057151871045536,220,38.0,76.0,0.17,167.0,4.0
2025-04-08 08:52:34,167.0,70.0,192.24,38.0,165.0,20.0,193.37,30.0,179.62,25.24000000000001,90.0,68.0,1.125966251782319,158,22.0,-62.0,0.14,167.0,
2025-04-08 08:52:35,167.0,97.0,186.69,49.0,165.0,32.0,187.56,45.0,176.85,19.69,129.0,94.0,2.135993913885069,223,35.0,65.0,0.16,167.0,1.0
2025-04-08 08:52:36,167.0,54.0,180.69,35.0,165.0,18.0,182.03,29.0,173.84,13.689999999999998,72.0,64.0,3.2853051608878,136,8.0,-87.0,0.06,167.0,
2025-04-08 08:52:37,167.0,40.0,178.31,35.0,165.0,16.0,179.53,34.0,172.66,11.310000000000002,56.0,69.0,3.6502643740088576,125,-13.0,-11.0,-0.1,167.0,1.0
2025-04-08 08:52:38,166.86,56.0,176.47,51.0,164.06,32.0,178.4,58.0,171.66,9.609999999999983,88.0,109.0,3.267886166952677,197,-21.0,72.0,-0.11,167.0,1.0
2025-04-08 08:52:39,165.0,15.0,172.33,24.0,162.0,36.0,173.33,30.0,168.67,7.3300000000000125,51.0,54.0,2.993314216744278,105,-3.0,-92.0,-0.03,165.0,1.0
2025-04-08 08:52:40,167.0,39.0,170.61,36.0,165.0,13.0,172.33,43.0,168.81,3.6100000000000136,52.0,79.0,2.313000216205231,131,-27.0,26.0,-0.21,165.0,
2025-04-08 08:52:41,164.73,22.0,166.82,61.0,162.17,46.0,199.17,53.0,165.77,2.0900000000000034,68.0,114.0,2.7261749760731444,182,-46.0,51.0,-0.25,166.5,4.0
2025-04-08 08:52:42,162.07,29.0,164.2,15.0,161.06,96.0,165.36,25.0,163.13,2.1299999999999955,125.0,40.0,3.2566117361714726,165,85.0,-17.0,0.52,163.0,1.0
2025-04-08 08:52:43,161.04,83.0,162.73,11.0,159.34,58.0,164.88,17.0,161.88,1.6899999999999975,141.0,28.0,3.149749196392012,169,113.0,4.0,0.67,162.0,3.0
2025-04-08 08:52:44,161.15,80.0,162.4,20.0,160.37,76.0,164.6,20.0,161.78,1.25,156.0,40.0,3.0030534461067786,196,116.0,27.0,0.59,161.0,3.0
2025-04-08 08:52:45,161.14,57.0,164.45,22.0,160.34,64.0,290.0,36.0,162.8,3.3100000000000023,121.0,58.0,1.616066211569085,179,63.0,-17.0,0.35,163.0,1.0
2025-04-08 08:52:46,161.71,34.0,176.0,28.0,160.94,64.0,349.69,51.0,168.85,14.289999999999992,98.0,79.0,2.943445260264661,177,19.0,-2.0,0.11,163.0,2.0
2025-04-08 08:52:47,162.14,35.0,172.0,50.0,160.4,20.0,253.0,20.0,167.07,9.860000000000014,55.0,70.0,3.266394036268983,125,-15.0,-52.0,-0.12,161.0,3.0
2025-04-08 08:52:48,166.0,28.0,171.57,70.0,161.0,28.0,293.33,54.0,168.79,5.569999999999993,56.0,124.0,3.3540676797244244,180,-68.0,55.0,-0.38,161.0,
2025-04-08 08:52:49,166.0,28.0,169.57,70.0,161.0,52.0,203.0,70.0,167.79,3.569999999999993,80.0,140.0,2.493872490760226,220,-60.0,40.0,-0.27,161.0,
2025-04-08 08:52:50,166.0,15.0,167.25,40.0,161.0,32.0,272.33,27.0,166.62,1.25,47.0,67.0,1.0006397954157986,114,-20.0,-106.0,-0.18,166.0,1.0
2025-04-08 08:52:51,161.45,22.0,264.48,29.0,159.48,33.0,451.5,24.0,212.97,103.03000000000004,55.0,53.0,20.32116433672439,108,2.0,-6.0,0.02,166.0,1.0
2025-04-08 08:52:52,162.03,58.0,319.57,67.0,159.43,70.0,386.32,57.0,240.8,157.54,128.0,124.0,33.86855960917355,252,4.0,144.0,0.02,161.0,1.0
2025-04-08 08:52:53,165.0,30.0,379.1,40.0,161.0,32.0,382.0,40.0,272.05,214.1,62.0,80.0,45.96259707631977,142,-18.0,-110.0,-0.13,161.0,
2025-04-08 08:52:54,165.0,36.0,195.2,35.0,161.0,38.0,245.91,44.0,180.1,30.19999999999999,74.0,79.0,43.24895224164529,153,-5.0,11.0,-0.03,161.0,
2025-04-08 08:52:55,166.17,35.0,194.23,26.0,163.18,44.0,195.8,40.0,180.2,28.06,79.0,66.0,39.77682277407426,145,13.0,-8.0,0.09,166.0,1.0
2025-04-08 08:52:56,167.0,45.0,188.97,39.0,165.0,45.0,189.87,62.0,177.99,21.97,90.0,101.0,43.60410726067122,191,-11.0,46.0,-0.06,166.0,
2025-04-08 08:52:57,165.55,33.0,179.49,43.0,161.3,121.0,181.29,51.0,172.52,13.939999999999998,154.0,94.0,42.30864887939742,248,60.0,57.0,0.24,167.0,3.0
2025-04-08 08:52:58,165.0,39.0,177.38,52.0,161.0,182.0,178.38,52.0,171.19,12.379999999999995,221.0,104.0,4.267803884922332,325,117.0,77.0,0.36,167.0,
2025-04-08 08:52:59,165.0,48.0,176.27,66.0,161.0,224.0,177.75,64.0,170.64,11.27000000000001,272.0,130.0,4.314101296928507,402,142.0,77.0,0.35,167.0,
2025-04-08 08:53:00,165.0,30.0,170.47,34.0,161.0,140.0,172.14,35.0,167.74,5.469999999999999,170.0,69.0,3.7683723276983896,239,101.0,-163.0,0.42,167.0,
2025-04-08 08:53:01,161.23,104.0,166.95,37.0,160.14,49.0,168.67,36.0,164.09,5.719999999999999,153.0,73.0,3.365015601771559,226,80.0,-13.0,0.35,165.0,3.0
2025-04-08 08:53:02,161.37,139.0,164.09,66.0,160.45,91.0,165.27,75.0,162.73,2.719999999999999,230.0,141.0,3.79696852767681,371,89.0,145.0,0.24,162.25,8.0
2025-04-08 08:53:03,161.5,14.0,163.0,27.0,160.93,58.0,166.0,32.0,162.25,1.5,72.0,59.0,3.5937515217624854,131,13.0,-168.0,0.1,162.0,3.0
2025-04-08 08:53:04,161.32,50.0,163.0,30.0,159.67,36.0,166.0,40.0,162.16,1.6800000000000068,86.0,70.0,2.336906074315373,156,16.0,25.0,0.1,161.0,4.0
2025-04-08 08:53:05,160.06,51.0,167.71,34.0,158.9,120.0,202.74,34.0,163.88,7.650000000000006,171.0,68.0,0.9084437242740492,239,103.0,83.0,0.43,161.57,7.0
2025-04-08 08:53:06,159.0,120.0,248.11,37.0,158.0,60.0,313.0,36.0,203.55,89.11000000000001,180.0,73.0,18.256922796576763,253,107.0,14.0,0.42,161.57,
2025-04-08 08:53:07,159.0,84.0,274.0,21.0,158.0,42.0,331.5,24.0,216.5,115.0,126.0,45.0,26.296976442172063,171,81.0,-82.0,0.47,161.57,
2025-04-08 08:53:08,159.0,60.0,193.29,21.0,158.0,30.0,358.25,16.0,176.14,34.28999999999999,90.0,37.0,24.397938027631547,127,53.0,-44.0,0.42,161.57,
2025-04-08 08:53:09,159.0,87.0,161.0,21.0,158.0,54.0,242.94,33.0,160.0,2.0,141.0,54.0,24.90504727962085,195,87.0,68.0,0.45,160.14,7.0
2025-04-08 08:53:10,159.0,72.0,228.5,12.0,158.0,48.0,308.86,28.0,193.75,69.5,120.0,40.0,22.315991351498223,160,80.0,-35.0,0.5,163.0,1.0
2025-04-08 08:53:11,160.04,135.0,270.53,45.0,158.62,79.0,315.54,39.0,215.29,110.48999999999998,214.0,84.0,24.600364428197825,298,130.0,138.0,0.44,159.0,2.0
2025-04-08 08:53:12,161.24,102.0,292.55,55.0,160.07,105.0,345.8,40.0,226.89,131.31,207.0,95.0,27.42809380908812,302,112.0,4.0,0.37,159.0,
2025-04-08 08:53:13,167.0,7.0,275.83,29.0,161.46,26.0,330.74,31.0,221.41,108.82999999999998,33.0,60.0,27.35951242255841,93,-27.0,-168.0,-0.29,159.0,
2025-04-08 08:53:14,167.0,13.0,280.0,60.0,164.5,36.0,311.62,56.0,223.5,113.0,49.0,116.0,13.224368415924973,165,-67.0,72.0,-0.41,159.0,
2025-04-08 08:53:15,162.95,44.0,269.25,64.0,161.42,120.0,280.38,48.0,216.1,106.3,164.0,112.0,4.926182091651618,276,52.0,111.0,0.19,164.6,5.0
2025-04-08 08:53:16,163.45,44.0,233.0,33.0,161.15,107.0,275.0,55.0,198.23,69.55000000000001,151.0,88.0,11.31788098541917,239,63.0,-37.0,0.26,164.6,
2025-04-08 08:53:17,166.0,20.0,231.65,20.0,162.0,20.0,248.67,18.0,198.82,65.65,40.0,38.0,12.249292632642872,78,2.0,-161.0,0.03,164.6,
2025-04-08 08:53:18,166.0,44.0,191.87,30.0,162.0,44.0,201.24,33.0,178.93,25.870000000000005,88.0,63.0,17.402463331382947,151,25.0,73.0,0.17,164.6,
2025-04-08 08:53:19,166.0,32.0,189.0,40.0,162.0,32.0,190.0,8.0,177.5,23.0,64.0,48.0,16.03788421208166,112,16.0,-39.0,0.14,164.6,
2025-04-08 08:53:20,166.0,36.0,187.39,31.0,163.91,66.0,188.29,21.0,176.69,21.389999999999983,102.0,52.0,11.432743765174973,154,50.0,42.0,0.32,164.6,
2025-04-08 08:53:21,166.0,44.0,184.05,42.0,165.0,154.0,184.6,45.0,175.02,18.05000000000001,198.0,87.0,9.844484242465544,285,111.0,131.0,0.39,164.6,
2025-04-08 08:53:22,166.0,40.0,179.62,32.0,165.0,140.0,181.08,24.0,172.81,13.620000000000005,180.0,56.0,2.3593961092106484,236,124.0,-49.0,0.53,164.6,
2025-04-08 08:53:23,165.17,118.0,175.53,34.0,164.14,98.0,176.65,37.0,170.35,10.360000000000014,216.0,71.0,2.921545823731039,287,145.0,51.0,0.51,166.0,4.0
2025-04-08 08:53:24,165.0,153.0,172.05,63.0,162.0,64.0,173.08,49.0,168.52,7.050000000000011,217.0,112.0,3.3281781803506547,329,105.0,42.0,0.32,165.0,8.0
2025-04-08 08:53:25,165.87,55.0,171.26,23.0,163.53,45.0,172.23,31.0,168.57,5.389999999999986,100.0,54.0,2.823991855541358,154,46.0,-168.0,0.3,165.0,
2025-04-08 08:53:26,168.0,157.0,169.73,33.0,167.0,51.0,177.31,36.0,168.86,1.7299999999999898,208.0,69.0,1.8299644805747508,277,139.0,123.0,0.5,168.0,5.0
2025-04-08 08:53:27,168.0,17.0,223.5,18.0,167.0,21.0,443.47,15.0,195.75,55.5,38.0,33.0,11.952817659454208,71,5.0,-168.0,0.07,168.0,3.0
2025-04-08 08:53:28,167.6,20.0,347.62,21.0,165.86,42.0,589.7,27.0,257.61,180.02,62.0,48.0,38.58229606957241,110,14.0,39.0,0.13,167.67,3.0
2025-04-08 08:53:29,165.33,24.0,370.0,14.0,163.75,32.0,404.23,13.0,267.67,204.67,56.0,27.0,47.93285324284506,83,29.0,-27.0,0.35,166.33,3.0
2025-04-08 08:53:30,165.0,20.0,278.5,8.0,163.0,20.0,335.4,10.0,221.75,113.5,40.0,18.0,41.4314725782238,58,22.0,-25.0,0.38,166.33,
2025-04-08 08:53:31,165.0,40.0,277.5,16.0,163.0,40.0,323.53,19.0,221.25,112.5,80.0,35.0,29.409438620961463,115,45.0,57.0,0.39,166.33,
2025-04-08 08:53:32,164.79,38.0,276.82,22.0,162.92,52.0,326.92,25.0,220.8,112.03,90.0,47.0,22.94099343969424,137,43.0,22.0,0.31,164.67,6.0
2025-04-08 08:53:33,163.0,36.0,275.33,18.0,161.43,21.0,393.56,27.0,219.17,112.32999999999998,57.0,45.0,21.00893191002586,102,12.0,-35.0,0.12,164.67,
2025-04-08 08:53:34,163.0,52.0,274.85,26.0,162.0,39.0,410.0,39.0,218.92,111.85000000000002,91.0,65.0,1.2654919992295113,156,26.0,54.0,0.17,163.0,3.0
2025-04-08 08:53:35,161.4,10.0,274.0,12.0,159.47,38.0,410.0,18.0,217.7,112.6,48.0,30.0,1.450403392203311,78,18.0,-78.0,0.23,162.25,4.0
2025-04-08 08:53:36,159.3,66.0,206.71,34.0,152.99,70.0,306.54,26.0,183.0,47.41,136.0,60.0,16.203330521844073,196,76.0,118.0,0.39,161.0,2.0
2025-04-08 08:53:37,159.0,88.0,162.08,26.0,158.0,169.0,205.69,26.0,160.54,3.0800000000000125,257.0,52.0,26.854920964324904,309,205.0,113.0,0.66,163.0,2.0
2025-04-08 08:53:38,159.0,42.0,160.67,30.0,158.0,195.0,165.07,30.0,159.83,1.6699999999999875,237.0,60.0,29.2007571819662,297,177.0,-12.0,0.6,159.0,3.0
2025-04-08 08:53:39,159.0,36.0,162.55,22.0,158.0,143.0,265.91,22.0,160.77,3.550000000000012,179.0,44.0,25.09803916644014,223,135.0,-74.0,0.61,159.0,2.0
2025-04-08 08:53:40,159.31,16.0,167.0,20.0,158.09,85.0,451.0,20.0,163.16,7.689999999999998,101.0,40.0,9.884849518337438,141,61.0,-82.0,0.43,159.0,
2025-04-08 08:53:41,159.4,20.0,166.25,24.0,158.07,108.0,303.21,28.0,162.82,6.849999999999994,128.0,52.0,1.475848908317033,180,76.0,39.0,0.42,160.5,2.0
2025-04-08 08:53:42,158.82,44.0,166.94,17.0,154.02,88.0,339.08,26.0,162.88,8.120000000000005,132.0,43.0,1.4963188163556704,175,89.0,-5.0,0.51,164.0,7.0
2025-04-08 08:53:43,158.79,81.0,168.0,18.0,152.28,72.0,246.33,36.0,163.4,9.210000000000008,153.0,54.0,1.0522737287318564,207,99.0,32.0,0.48,164.0,
2025-04-08 08:53:44,162.0,28.0,168.0,14.0,158.0,91.0,330.77,26.0,165.0,6.0,119.0,40.0,0.8959464270693305,159,79.0,-48.0,0.5,164.0,
2025-04-08 08:53:45,162.0,34.0,168.0,20.0,158.0,130.0,269.0,40.0,165.0,6.0,164.0,60.0,1.100545319456623,224,104.0,65.0,0.46,162.0,3.0
2025-04-08 08:53:46,162.0,7.0,167.21,19.0,158.0,91.0,212.2,15.0,164.61,5.210000000000008,98.0,34.0,0.9782739903408852,132,64.0,-92.0,0.48,162.0,
2025-04-08 08:53:47,162.0,9.0,166.0,27.0,158.0,117.0,167.44,18.0,164.0,4.0,126.0,45.0,0.6935560540988883,171,81.0,39.0,0.47,162.0,
2025-04-08 08:53:48,162.0,14.0,166.0,42.0,158.0,182.0,167.0,43.0,164.0,4.0,196.0,85.0,0.5024141719508841,281,111.0,110.0,0.4,162.0,
2025-04-08 08:53:49,162.0,9.0,165.11,27.0,158.0,117.0,166.64,33.0,163.56,3.1100000000000136,126.0,60.0,0.5683132940354347,186,66.0,-95.0,0.35,162.0,
2025-04-08 08:53:50,162.36,14.0,164.85,39.0,159.45,86.0,166.41,37.0,163.6,2.4899999999999807,100.0,76.0,0.4228238405976041,176,24.0,-10.0,0.14,163.0,1.0
2025-04-08 08:53:51,162.0,11.0,165.18,22.0,160.0,77.0,199.21,28.0,163.59,3.180000000000007,88.0,50.0,0.2286919329095839,138,38.0,-38.0,0.28,163.0,
2025-04-08 08:53:52,162.0,17.0,164.86,58.0,160.0,119.0,201.36,22.0,163.43,2.8600000000000136,136.0,80.0,0.2145460327716243,216,56.0,78.0,0.26,163.0,
2025-04-08 08:53:53,160.3,33.0,162.67,18.0,159.74,47.0,164.0,18.0,161.48,2.369999999999976,80.0,36.0,0.9259967603499426,116,44.0,-100.0,0.38,162.0,1.0
2025-04-08 08:53:54,160.0,82.0,161.43,28.0,158.46,72.0,163.14,28.0,160.71,1.4300000000000068,154.0,56.0,1.368236090804216,210,98.0,94.0,0.47,160.33,6.0
2025-04-08 08:53:55,158.14,86.0,161.22,18.0,154.03,37.0,165.33,18.0,159.68,3.0800000000000125,123.0,36.0,1.7061271934354905,159,87.0,-51.0,0.55,159.0,6.0
2025-04-08 08:53:56,158.64,55.0,163.14,14.0,155.5,92.0,169.86,14.0,160.89,4.5,147.0,28.0,1.3866037646641036,175,119.0,16.0,0.68,159.0,
2025-04-08 08:53:57,158.51,73.0,164.11,38.0,156.26,268.0,240.47,30.0,161.31,5.600000000000023,341.0,68.0,0.7057124061408722,409,273.0,168.0,0.67,159.64,14.0
2025-04-08 08:53:58,158.0,180.0,169.0,20.0,102.0,54.0,289.25,32.0,163.5,11.0,234.0,52.0,1.409528289954018,286,182.0,-123.0,0.64,159.64,
2025-04-08 08:53:59,158.02,184.0,169.0,24.0,139.32,60.0,337.67,60.0,163.51,10.97999999999999,244.0,84.0,1.6862888246620429,328,160.0,42.0,0.49,159.64,
2025-04-08 08:54:00,158.35,23.0,169.0,20.0,157.65,86.0,489.1,10.0,163.67,10.650000000000006,109.0,30.0,1.35723247830991,139,79.0,-168.0,0.57,158.4,5.0
2025-04-08 08:54:01,158.0,50.0,165.88,32.0,157.0,100.0,294.32,19.0,161.94,7.8799999999999955,150.0,51.0,1.0850944660162196,201,99.0,62.0,0.49,158.4,
2025-04-08 08:54:02,159.33,12.0,165.81,31.0,158.0,100.0,305.67,24.0,162.57,6.47999999999999,112.0,55.0,0.7517113809027891,167,57.0,-34.0,0.34,164.0,2.0
2025-04-08 08:54:03,159.22,36.0,168.0,32.0,157.43,175.0,426.03,39.0,163.61,8.780000000000001,211.0,71.0,0.7700000001160798,282,140.0,115.0,0.5,162.0,1.0
2025-04-08 08:54:04,158.0,39.0,166.71,34.0,156.0,209.0,208.31,26.0,162.35,8.710000000000008,248.0,60.0,0.7752547969403251,308,188.0,26.0,0.61,160.67,3.0
2025-04-08 08:54:05,158.0,24.0,164.67,18.0,156.0,168.0,167.12,16.0,161.33,6.669999999999988,192.0,34.0,0.8432081594597035,226,158.0,-82.0,0.7,164.0,2.0
2025-04-08 08:54:06,158.0,42.0,162.56,18.0,156.0,151.0,166.0,26.0,160.28,4.560000000000002,193.0,44.0,1.2691414421488816,237,149.0,11.0,0.63,164.0,
2025-04-08 08:54:07,158.0,30.0,162.0,10.0,156.0,100.0,164.9,20.0,160.0,4.0,130.0,30.0,1.4950685603611156,160,100.0,-77.0,0.62,164.0,
2025-04-08 08:54:08,158.0,24.0,162.0,8.0,156.0,80.0,179.62,16.0,160.0,4.0,104.0,24.0,1.028771111657492,128,80.0,-32.0,0.62,164.0,
2025-04-08 08:54:09,158.4,25.0,285.33,27.0,156.02,91.0,340.2,30.0,221.87,126.92999999999998,116.0,57.0,27.4945545517684,173,59.0,45.0,0.34,160.33,6.0
2025-04-08 08:54:10,156.0,54.0,228.15,13.0,150.0,24.0,384.33,18.0,192.08,72.15,78.0,31.0,27.754473152992148,109,47.0,-64.0,0.43,156.0,2.0
2025-04-08 08:54:11,159.41,54.0,164.0,14.0,122.49,65.0,465.57,21.0,161.7,4.590000000000003,119.0,35.0,27.523302854130023,154,84.0,45.0,0.55,156.0,
2025-04-08 08:54:12,160.24,92.0,163.56,32.0,131.06,111.0,340.77,26.0,161.9,3.319999999999993,203.0,58.0,27.204424272536283,261,145.0,107.0,0.56,162.0,8.0
2025-04-08 08:54:13,159.2,60.0,165.96,23.0,128.74,68.0,225.41,17.0,162.58,6.760000000000019,128.0,40.0,26.762736780833173,168,88.0,-93.0,0.52,162.0,
2025-04-08 08:54:14,158.0,30.0,165.0,15.0,107.53,34.0,167.0,10.0,161.5,7.0,64.0,25.0,13.494084629947068,89,39.0,-79.0,0.44,162.0,
2025-04-08 08:54:15,158.04,56.0,163.3,23.0,156.67,48.0,163.92,25.0,160.67,5.260000000000019,104.0,48.0,0.6911584479554221,152,56.0,63.0,0.37,162.0,
2025-04-08 08:54:16,158.05,57.0,164.4,20.0,156.5,36.0,169.25,28.0,161.23,6.349999999999994,93.0,48.0,0.7175165504573742,141,45.0,-11.0,0.32,159.5,2.0
2025-04-08 08:54:17,158.0,48.0,163.4,20.0,155.0,16.0,233.05,19.0,160.7,5.400000000000006,64.0,39.0,0.7800192306478736,103,25.0,-38.0,0.24,163.0,2.0
2025-04-08 08:54:18,158.0,32.0,163.0,16.0,155.0,16.0,574.0,24.0,160.5,5.0,48.0,40.0,0.4242051392674551,88,8.0,-15.0,0.09,158.0,4.0
2025-04-08 08:54:19,162.0,45.0,312.79,28.0,158.0,18.0,643.35,31.0,237.39,150.79000000000002,63.0,59.0,34.26436151455569,122,4.0,34.0,0.03,158.0,
2025-04-08 08:54:20,162.0,15.0,228.0,32.0,158.0,22.0,434.49,39.0,195.0,66.0,37.0,71.0,33.83688268738948,108,-34.0,-14.0,-0.31,162.0,4.0
2025-04-08 08:54:21,157.09,11.0,163.0,16.0,145.33,36.0,388.33,27.0,160.05,5.909999999999997,47.0,43.0,34.029930502429146,90,4.0,-18.0,0.04,159.33,3.0
2025-04-08 08:54:22,154.73,11.0,163.0,18.0,148.91,22.0,524.68,41.0,158.86,8.27000000000001,33.0,59.0,34.336264357092745,92,-26.0,2.0,-0.28,159.33,
2025-04-08 08:54:23,155.06,16.0,163.0,12.0,139.4,20.0,349.67,30.0,159.03,7.939999999999998,36.0,42.0,34.57568987019866,78,-6.0,-14.0,-0.08,159.33,
2025-04-08 08:54:24,156.56,9.0,163.0,18.0,155.0,18.0,219.0,45.0,159.78,6.439999999999998,27.0,63.0,15.915179232423885,90,-36.0,12.0,-0.4,159.33,
2025-04-08 08:54:25,158.16,220.0,163.0,13.0,157.49,84.0,271.55,55.0,160.58,4.840000000000003,304.0,68.0,0.715856130926102,372,236.0,168.0,0.63,158.83,6.0
2025-04-08 08:54:26,161.0,32.0,163.0,8.0,158.24,182.0,478.67,24.0,162.0,2.0,214.0,32.0,1.2857682529072008,246,182.0,-126.0,0.74,158.83,
2025-04-08 08:54:27,161.71,272.0,163.0,11.0,159.0,221.0,258.33,21.0,162.36,1.289999999999992,493.0,32.0,1.4215132782296565,525,461.0,168.0,0.88,158.83,
2025-04-08 08:54:28,162.0,384.0,163.0,12.0,159.0,264.0,189.0,60.0,162.5,1.0,648.0,72.0,1.2019484182702649,720,576.0,168.0,0.8,162.0,7.0
2025-04-08 08:54:29,162.0,314.0,163.0,12.0,159.04,228.0,189.0,60.0,162.5,1.0,542.0,72.0,0.8132158386195869,614,470.0,-106.0,0.77,162.0,5.0
2025-04-08 08:54:30,162.0,146.0,163.0,7.0,159.0,154.0,189.0,35.0,162.5,1.0,300.0,42.0,0.2166102494835591,342,258.0,-168.0,0.75,162.0,2.0
2025-04-08 08:54:31,162.0,120.0,163.0,6.0,159.0,132.0,341.0,10.0,162.5,1.0,252.0,16.0,0.0626099048171363,268,236.0,-74.0,0.88,162.0,
2025-04-08 08:54:32,162.0,100.0,163.0,5.0,159.0,110.0,462.0,25.0,162.5,1.0,210.0,30.0,0.0,240,180.0,-28.0,0.75,162.0,
2025-04-08 08:54:33,162.0,212.0,163.0,13.0,159.0,286.0,254.23,13.0,162.5,1.0,498.0,26.0,0.0,524,472.0,168.0,0.9,162.0,4.0
2025-04-08 08:54:34,162.0,188.0,198.56,18.0,159.01,268.0,315.17,46.0,180.28,36.56,456.0,64.0,7.951457728000367,520,392.0,-4.0,0.75,162.25,4.0
2025-04-08 08:54:35,163.34,58.0,291.0,60.0,161.98,115.0,521.0,36.0,227.17,127.66,173.0,96.0,28.0122151926648,269,77.0,-168.0,0.29,164.4,5.0
2025-04-08 08:54:36,164.0,27.0,285.05,43.0,162.0,108.0,446.81,31.0,224.52,121.05,135.0,74.0,32.28971012567541,209,61.0,-60.0,0.29,164.4,
2025-04-08 08:54:37,164.42,19.0,190.0,27.0,162.22,69.0,259.0,36.0,177.21,25.580000000000013,88.0,63.0,29.553118786350485,151,25.0,-58.0,0.17,164.4,
2025-04-08 08:54:38,166.0,8.0,189.71,21.0,164.0,24.0,315.6,30.0,177.86,23.710000000000008,32.0,51.0,26.001389770551462,83,-19.0,-68.0,-0.23,164.4,
2025-04-08 08:54:39,166.0,13.0,187.31,26.0,162.77,39.0,342.58,38.0,176.65,21.31,52.0,64.0,26.64197759176557,116,-12.0,33.0,-0.1,164.4,
2025-04-08 08:54:40,166.0,9.0,185.89,18.0,162.0,27.0,321.0,24.0,175.94,19.889999999999983,36.0,42.0,21.301348079409248,78,-6.0,-38.0,-0.08,164.4,
2025-04-08 08:54:41,164.55,11.0,184.11,18.0,161.78,27.0,249.22,36.0,174.33,19.56,38.0,54.0,1.3552379865411937,92,-16.0,14.0,-0.17,164.0,3.0
2025-04-08 08:54:42,162.0,22.0,182.27,22.0,161.0,110.0,313.44,36.0,172.14,20.27000000000001,132.0,58.0,2.2179337231228327,190,74.0,98.0,0.39,164.0,
2025-04-08 08:54:43,161.0,88.0,181.09,22.0,159.1,122.0,525.27,22.0,171.05,20.090000000000003,210.0,44.0,2.400764461617832,254,166.0,64.0,0.65,161.5,4.0
2025-04-08 08:54:44,161.0,45.0,181.0,12.0,160.0,12.0,293.0,12.0,171.0,20.0,57.0,24.0,2.173492581116526,81,33.0,-168.0,0.41,161.0,3.0
2025-04-08 08:54:45,161.0,55.0,176.16,25.0,160.0,22.0,321.91,22.0,168.58,15.159999999999997,77.0,47.0,2.0835906508166144,124,30.0,43.0,0.24,161.0,
2025-04-08 08:54:46,161.0,24.0,162.0,30.0,160.0,12.0,260.0,12.0,161.5,1.0,36.0,42.0,4.312247673797688,78,-6.0,-46.0,-0.08,161.0,2.0
2025-04-08 08:54:47,159.0,32.0,162.0,70.0,155.03,116.0,422.29,21.0,160.5,3.0,148.0,91.0,5.154500945792569,239,57.0,161.0,0.24,159.62,8.0
2025-04-08 08:54:48,157.0,68.0,162.0,40.0,154.0,176.0,297.5,16.0,159.5,5.0,244.0,56.0,5.208001536115296,300,188.0,61.0,0.63,159.62,
2025-04-08 08:54:49,157.0,112.0,162.0,40.0,154.0,176.0,342.88,16.0,159.5,5.0,288.0,56.0,3.816448610970948,344,232.0,44.0,0.67,159.62,
2025-04-08 08:54:50,157.0,99.0,162.0,55.0,154.0,242.0,248.36,22.0,159.5,5.0,341.0,77.0,0.8944271911028912,418,264.0,74.0,0.63,159.62,
2025-04-08 08:54:51,157.0,30.0,162.0,50.0,154.0,220.0,215.4,20.0,159.5,5.0,250.0,70.0,0.447213595706442,320,180.0,-98.0,0.56,159.62,
2025-04-08 08:54:52,157.0,30.0,161.45,22.0,154.0,220.0,167.32,41.0,159.23,4.449999999999989,250.0,63.0,0.1207476715510003,313,187.0,-7.0,0.6,159.62,
2025-04-08 08:54:53,154.39,152.0,161.48,44.0,153.66,232.0,270.87,31.0,157.94,7.090000000000003,384.0,75.0,0.6776282167865803,459,309.0,146.0,0.67,157.25,4.0
2025-04-08 08:54:54,154.0,225.0,162.12,40.0,139.11,70.0,254.38,39.0,158.06,8.120000000000005,295.0,79.0,0.7812681999068533,374,216.0,-85.0,0.58,154.0,6.0
2025-04-08 08:54:55,154.0,209.0,204.87,31.0,86.49,106.0,379.0,27.0,179.44,50.870000000000005,315.0,58.0,9.308677671945738,373,257.0,-1.0,0.69,163.0,5.0
2025-04-08 08:54:56,160.51,83.0,353.74,19.0,148.84,107.0,551.6,10.0,257.12,193.23,190.0,29.0,42.77676729254045,219,161.0,-154.0,0.74,163.0,
2025-04-08 08:54:57,166.0,72.0,237.25,32.0,154.0,152.0,354.27,11.0,201.62,71.25,224.0,43.0,41.21936777778316,267,181.0,48.0,0.68,163.0,
2025-04-08 08:54:58,166.0,44.0,206.27,44.0,154.0,209.0,224.22,36.0,186.14,40.27000000000001,253.0,80.0,37.33966630809845,333,173.0,66.0,0.52,166.0,5.0
2025-04-08 08:54:59,166.0,48.0,206.0,48.0,154.0,213.0,251.17,24.0,186.0,40.0,261.0,72.0,31.83877949922289,333,189.0,0.0,0.57,163.6,5.0
2025-04-08 08:55:00,154.0,234.0,205.86,56.0,128.5,154.0,356.0,18.0,179.93,51.860000000000014,388.0,74.0,31.752370305225025,462,314.0,129.0,0.68,154.0,2.0
2025-04-08 08:55:01,154.0,228.0,203.72,39.0,121.31,116.0,274.23,39.0,178.86,49.72,344.0,78.0,9.090214518929344,422,266.0,-40.0,0.63,154.0,
2025-04-08 08:55:02,154.0,209.0,198.17,29.0,116.21,109.0,201.38,26.0,176.09,44.16999999999999,318.0,55.0,4.484309311383393,373,263.0,-49.0,0.71,154.0,
2025-04-08 08:55:03,157.85,81.0,197.72,46.0,150.08,261.0,391.88,33.0,177.78,39.870000000000005,342.0,79.0,3.780273799629048,421,263.0,48.0,0.62,159.5,2.0
2025-04-08 08:55:04,167.0,24.0,193.17,24.0,155.45,66.0,197.71,21.0,180.08,26.169999999999987,90.0,45.0,1.6572477184064125,135,45.0,-168.0,0.33,159.5,
2025-04-08 08:55:05,162.76,34.0,191.55,22.0,158.5,40.0,199.0,44.0,177.16,28.79000000000002,74.0,66.0,1.5384992688213828,140,8.0,5.0,0.06,163.8,5.0
2025-04-08 08:55:06,159.86,37.0,189.77,26.0,157.89,45.0,191.57,28.0,174.82,29.91,82.0,54.0,1.9702740926492717,136,28.0,-4.0,0.21,160.0,8.0
2025-04-08 08:55:07,159.0,11.0,182.32,19.0,156.16,43.0,189.09,35.0,170.66,23.319999999999997,54.0,54.0,3.571358285045932,108,0.0,-28.0,0.0,160.0,
2025-04-08 08:55:08,159.0,10.0,163.07,27.0,155.0,30.0,301.42,24.0,161.04,4.069999999999993,40.0,51.0,7.398548506306514,91,-11.0,-17.0,-0.12,163.0,3.0
2025-04-08 08:55:09,159.0,8.0,162.69,29.0,156.71,28.0,439.79,28.0,160.84,3.6899999999999977,36.0,57.0,7.634047419303537,93,-21.0,2.0,-0.23,163.0,
2025-04-08 08:55:10,159.0,9.0,161.89,27.0,158.0,36.0,163.33,9.0,160.44,2.8899999999999864,45.0,36.0,6.720877918856957,81,9.0,-12.0,0.11,163.0,
2025-04-08 08:55:11,158.06,34.0,161.9,21.0,155.75,32.0,345.07,14.0,159.98,3.8400000000000034,66.0,35.0,4.52836835959517,101,31.0,20.0,0.31,159.0,1.0
2025-04-08 08:55:12,158.0,46.0,160.56,27.0,155.0,33.0,161.7,20.0,159.28,2.5600000000000023,79.0,47.0,0.7071633475975172,126,32.0,25.0,0.25,159.0,3.0
2025-04-08 08:55:13,158.82,49.0,160.0,23.0,157.61,46.0,163.25,12.0,159.41,1.1800000000000068,95.0,35.0,0.6643794098146751,130,60.0,4.0,0.46,160.0,1.0
2025-04-08 08:55:14,160.5,40.0,163.0,12.0,158.0,48.0,424.57,42.0,161.75,2.5,88.0,54.0,0.9968801333086652,142,34.0,12.0,0.24,159.75,8.0
2025-04-08 08:55:15,157.73,26.0,292.86,36.0,121.94,65.0,446.13,30.0,225.3,135.13000000000002,91.0,66.0,29.172742928976906,157,25.0,15.0,0.16,158.17,6.0
2025-04-08 08:55:16,165.0,22.0,279.09,44.0,163.0,10.0,656.92,26.0,222.05,114.08999999999996,32.0,70.0,34.82874057441869,102,-38.0,-55.0,-0.37,165.0,4.0
2025-04-08 08:55:19,158.0,30.0,196.09,33.0,98.89,45.0,284.23,39.0,177.05,38.09,75.0,72.0,77.60722530795744,147,3.0,-42.0,0.02,158.0,1.0
2025-04-08 08:55:20,160.23,26.0,194.19,31.0,148.72,32.0,196.27,45.0,177.21,33.96000000000001,58.0,76.0,85.79534602762601,134,-18.0,-13.0,-0.13,160.0,4.0
2025-04-08 08:55:21,165.0,9.0,181.05,22.0,158.0,18.0,190.84,19.0,173.02,16.05000000000001,27.0,41.0,92.61781783220816,68,-14.0,-66.0,-0.21,160.0,
2025-04-08 08:55:22,165.0,10.0,168.45,11.0,158.0,20.0,187.14,28.0,166.73,3.4499999999999886,30.0,39.0,86.02733705049887,69,-9.0,1.0,-0.13,160.0,
2025-04-08 08:55:23,165.0,9.0,167.05,21.0,158.0,18.0,176.6,15.0,166.02,2.050000000000012,27.0,36.0,5.413412047885304,63,-9.0,-6.0,-0.14,160.0,
2025-04-08 08:55:24,165.0,8.0,166.0,8.0,158.0,16.0,167.0,24.0,165.5,1.0,24.0,32.0,5.182318979008612,56,-8.0,-7.0,-0.14,160.0,
2025-04-08 08:55:25,158.0,16.0,165.78,9.0,94.0,8.0,166.95,22.0,161.89,7.780000000000001,24.0,31.0,4.029847391675896,55,-7.0,-1.0,-0.13,165.0,1.0
2025-04-08 08:55:26,158.0,22.0,163.88,32.0,137.89,65.0,165.05,21.0,160.94,5.879999999999996,87.0,53.0,2.615612738958172,140,34.0,85.0,0.24,165.0,
2025-04-08 08:55:27,158.65,26.0,162.05,21.0,136.98,47.0,163.18,34.0,160.35,3.4000000000000057,73.0,55.0,2.6386833838492327,128,18.0,-12.0,0.14,159.0,1.0
2025-04-08 08:55:28,158.4,25.0,162.25,24.0,156.08,52.0,163.26,31.0,160.32,3.8499999999999934,77.0,55.0,2.163943160113857,132,22.0,4.0,0.17,161.0,1.0
2025-04-08 08:55:29,158.0,16.0,175.08,13.0,156.0,40.0,250.52,25.0,166.54,17.080000000000013,56.0,38.0,2.612081545473506,94,18.0,-38.0,0.19,162.2,5.0
2025-04-08 08:55:30,162.34,29.0,294.0,17.0,157.17,48.0,405.11,38.0,228.17,131.66,77.0,55.0,29.690404678956224,132,22.0,38.0,0.17,162.2,
2025-04-08 08:55:31,167.0,24.0,247.43,28.0,164.4,60.0,541.05,42.0,207.21,80.43,84.0,70.0,31.278058923152084,154,14.0,22.0,0.09,167.0,2.0
2025-04-08 08:55:32,166.0,32.0,211.0,4.0,158.0,8.0,333.75,16.0,188.5,45.0,40.0,20.0,28.22475633198924,60,20.0,-94.0,0.33,167.0,
2025-04-08 08:55:33,166.0,56.0,250.6,10.0,158.0,14.0,313.8,25.0,208.3,84.6,70.0,35.0,23.269706272322267,105,35.0,45.0,0.33,167.0,
2025-04-08 08:55:34,166.0,72.0,281.46,26.0,160.0,11.0,480.91,32.0,223.73,115.45999999999998,83.0,58.0,15.689170468834206,141,25.0,36.0,0.18,166.0,4.0
2025-04-08 08:55:35,166.0,23.0,405.0,11.0,160.94,17.0,493.6,45.0,285.5,239.0,40.0,56.0,37.28883036513917,96,-16.0,-45.0,-0.17,166.0,3.0
2025-04-08 08:55:36,159.32,44.0,405.0,13.0,158.41,58.0,450.39,49.0,282.16,245.68,102.0,62.0,43.99338950342548,164,40.0,68.0,0.24,162.8,5.0
2025-04-08 08:55:40,162.94,18.0,445.25,32.0,159.71,49.0,645.0,24.0,304.1,282.31,67.0,56.0,46.19672206986108,123,11.0,-63.0,0.09,164.17,6.0
2025-04-08 08:55:41,160.67,27.0,378.0,40.0,159.44,75.0,605.33,36.0,269.33,217.33,102.0,76.0,49.99958919831235,178,26.0,55.0,0.15,164.17,
2025-04-08 08:55:42,160.38,26.0,397.79,61.0,158.27,222.0,418.76,41.0,279.09,237.41000000000005,248.0,102.0,55.38429939973965,350,146.0,168.0,0.42,160.33,6.0
2025-04-08 08:55:43,159.2,45.0,352.0,36.0,157.81,93.0,378.0,27.0,255.6,192.8,138.0,63.0,49.56983891440471,201,75.0,-149.0,0.37,158.4,5.0
2025-04-08 08:55:44,160.13,60.0,300.36,44.0,157.78,108.0,386.0,31.0,230.25,140.23000000000002,168.0,75.0,27.414677273315903,243,93.0,42.0,0.38,163.33,3.0
2025-04-08 08:55:45,158.0,121.0,276.24,42.0,156.0,33.0,281.42,24.0,217.12,118.24,154.0,66.0,26.086430763906403,220,88.0,-23.0,0.4,163.33,
2025-04-08 08:55:46,158.0,95.0,240.27,60.0,156.0,45.0,262.37,38.0,199.13,82.27000000000001,140.0,98.0,31.581397530826568,238,42.0,18.0,0.18,158.0,5.0
2025-04-08 08:55:47,158.0,48.0,239.0,28.0,156.0,24.0,263.0,20.0,198.5,81.0,72.0,48.0,23.86656552585892,120,24.0,-118.0,0.2,158.0,
2025-04-08 08:55:48,157.81,62.0,195.21,33.0,154.62,32.0,224.9,42.0,176.51,37.400000000000006,94.0,75.0,20.43531184005117,169,19.0,49.0,0.11,158.0,6.0
2025-04-08 08:55:49,160.0,45.0,191.29,35.0,151.22,23.0,254.43,42.0,175.64,31.289999999999992,68.0,77.0,17.479766874879882,145,-9.0,-24.0,-0.06,159.0,4.0
2025-04-08 08:55:50,162.94,16.0,186.5,24.0,159.75,24.0,224.0,28.0,174.72,23.56,40.0,52.0,12.720308565445944,92,-12.0,-53.0,-0.13,162.0,2.0
2025-04-08 08:55:51,165.0,10.0,184.4,30.0,162.0,30.0,221.0,30.0,174.7,19.40000000000001,40.0,60.0,10.361070408030397,100,-20.0,8.0,-0.2,162.0,
2025-04-08 08:55:52,165.0,12.0,182.0,43.0,162.0,36.0,188.54,39.0,173.5,17.0,48.0,82.0,1.129946901482091,130,-34.0,30.0,-0.26,162.0,
2025-04-08 08:55:53,165.0,16.0,181.0,27.0,162.0,27.0,182.0,36.0,173.0,16.0,43.0,63.0,1.056087117699011,106,-20.0,-24.0,-0.19,164.0,3.0
2025-04-08 08:55:54,162.0,20.0,179.31,36.0,161.0,30.0,180.41,34.0,170.65,17.310000000000002,50.0,70.0,1.6679268569607546,120,-20.0,14.0,-0.17,164.0,
2025-04-08 08:55:55,166.73,37.0,175.22,27.0,161.82,17.0,176.31,29.0,170.98,8.490000000000009,54.0,56.0,1.7176379129990966,110,-2.0,-10.0,-0.02,164.0,
2025-04-08 08:55:56,167.0,50.0,173.33,36.0,162.0,20.0,174.94,34.0,170.17,6.3300000000000125,70.0,70.0,1.4902852076609374,140,0.0,30.0,0.0,164.0,
2025-04-08 08:55:57,166.62,53.0,170.83,47.0,161.73,30.0,171.85,47.0,168.73,4.210000000000008,83.0,94.0,1.543738967628331,177,-11.0,37.0,-0.06,167.0,5.0
2025-04-08 08:55:58,162.0,14.0,166.04,23.0,160.0,14.0,168.14,21.0,164.02,4.039999999999992,28.0,44.0,2.8655104257664816,72,-16.0,-105.0,-0.22,167.0,
2025-04-08 08:55:59,156.71,17.0,162.47,34.0,151.78,18.0,164.23,26.0,159.59,5.759999999999991,35.0,60.0,4.801423747200329,95,-25.0,23.0,-0.26,160.33,6.0
2025-04-08 08:56:01,121.14,7.0,162.23,13.0,78.25,8.0,172.0,15.0,141.69,41.08999999999999,15.0,28.0,16.47737297023398,43,-13.0,-46.0,-0.3,150.0,1.0
2025-04-08 08:56:02,125.18,17.0,161.85,27.0,91.05,22.0,169.92,36.0,143.51,36.66999999999999,39.0,63.0,14.034910758540788,102,-24.0,59.0,-0.24,162.0,1.0
2025-04-08 08:56:03,158.29,21.0,163.76,25.0,139.82,17.0,231.0,30.0,161.02,5.469999999999999,38.0,55.0,13.20154233414432,93,-17.0,-9.0,-0.18,158.25,4.0
2025-04-08 08:56:05,121.0,24.0,152.45,11.0,110.69,26.0,156.0,24.0,136.73,31.44999999999999,50.0,35.0,11.96204413970332,85,15.0,1.0,0.18,158.25,
2025-04-08 08:56:09,115.6,25.0,154.2,30.0,81.4,30.0,187.46,28.0,134.9,38.6,55.0,58.0,5.9908955924990615,113,-3.0,29.0,-0.03,151.0,2.0
2025-04-08 08:56:10,161.9,10.0,166.0,20.0,141.18,11.0,217.25,20.0,163.95,4.099999999999994,21.0,40.0,16.320617941739147,61,-19.0,-52.0,-0.31,151.0,
2025-04-08 08:56:11,163.75,8.0,166.15,13.0,154.25,8.0,205.25,8.0,164.95,2.4000000000000057,16.0,21.0,19.70590951974073,37,-5.0,-24.0,-0.14,163.0,2.0
2025-04-08 08:56:12,160.0,22.0,166.27,11.0,101.38,26.0,238.74,19.0,163.14,6.27000000000001,48.0,30.0,16.74558538840008,78,18.0,41.0,0.23,163.0,
2025-04-08 08:56:13,160.81,31.0,164.88,8.0,128.88,16.0,260.73,11.0,162.84,4.069999999999993,47.0,19.0,12.914628527378982,66,28.0,-12.0,0.42,163.0,
2025-04-08 08:56:14,161.0,35.0,163.0,8.0,150.75,16.0,216.14,7.0,162.0,2.0,51.0,15.0,1.1228668666340842,66,36.0,0.0,0.55,163.0,
2025-04-08 08:56:15,160.59,41.0,186.29,17.0,138.29,21.0,287.86,14.0,173.44,25.69999999999999,62.0,31.0,4.69004051157155,93,31.0,27.0,0.33,161.67,3.0
2025-04-08 08:56:16,156.86,28.0,221.85,26.0,100.07,54.0,382.65,26.0,189.35,64.98999999999998,82.0,52.0,11.70964047271206,134,30.0,41.0,0.22,161.67,
2025-04-08 08:56:17,160.25,8.0,210.0,8.0,159.0,8.0,230.0,8.0,185.12,49.75,16.0,16.0,12.51622546937259,32,0.0,-102.0,0.0,161.67,
2025-04-08 08:56:18,161.4,10.0,214.0,10.0,159.0,10.0,235.22,9.0,187.7,52.6,20.0,19.0,11.606227638650088,39,1.0,7.0,0.03,161.67,
2025-04-08 08:56:19,160.09,11.0,178.8,10.0,148.89,18.0,372.06,17.0,169.45,18.710000000000008,29.0,27.0,8.974161242153135,56,2.0,17.0,0.04,161.0,3.0
2025-04-08 08:56:20,157.83,23.0,165.02,61.0,138.68,37.0,208.35,17.0,161.42,7.189999999999998,60.0,78.0,12.447464400437807,138,-18.0,82.0,-0.13,158.25,4.0
2025-04-08 08:56:21,125.7,60.0,160.06,66.0,116.4,55.0,166.25,52.0,142.88,34.36,115.0,118.0,18.364127531690087,233,-3.0,95.0,-0.01,162.0,1.0
2025-04-08 08:56:22,129.89,45.0,156.44,39.0,128.33,30.0,156.96,52.0,143.16,26.55000000000001,75.0,91.0,18.91453462288162,166,-16.0,-67.0,-0.1,162.0,
2025-04-08 08:56:23,131.21,24.0,152.67,27.0,131.29,21.0,157.29,21.0,141.94,21.45999999999998,45.0,48.0,12.801347585320777,93,-3.0,-73.0,-0.03,151.88,8.0
2025-04-08 08:56:24,136.26,19.0,156.0,20.0,132.39,31.0,158.0,30.0,146.13,19.74000000000001,50.0,50.0,8.154151090101482,100,0.0,7.0,0.0,151.88,
2025-04-08 08:56:25,139.79,19.0,156.0,20.0,139.29,31.0,158.0,30.0,147.89,16.210000000000008,50.0,50.0,2.503627368480813,100,0.0,0.0,0.0,151.88,
2025-04-08 08:56:26,144.92,26.0,154.83,18.0,143.85,13.0,156.35,17.0,149.88,9.910000000000023,39.0,35.0,3.278437127688226,74,4.0,-26.0,0.05,151.88,
2025-04-08 08:56:27,146.31,45.0,153.9,40.0,145.42,38.0,155.54,26.0,150.11,7.590000000000003,83.0,66.0,3.351812942304971,149,17.0,75.0,0.11,153.0,2.0
2025-04-08 08:56:28,150.67,24.0,154.0,24.0,148.0,6.0,156.0,12.0,152.33,3.3300000000000125,30.0,36.0,2.356123935662292,66,-6.0,-83.0,-0.09,153.0,
2025-04-08 08:56:29,151.76,29.0,154.1,42.0,151.31,35.0,156.13,23.0,152.93,2.3400000000000034,64.0,65.0,2.0322696671945875,129,-1.0,63.0,-0.01,154.0,4.0
2025-04-08 08:56:30,154.44,39.0,156.0,24.0,152.43,21.0,157.0,36.0,155.22,1.5600000000000025,60.0,60.0,2.200256803238529,120,0.0,-9.0,0.0,154.0,
2025-04-08 08:56:31,155.0,26.0,156.0,65.0,153.0,11.0,157.0,33.0,155.5,1.0,37.0,98.0,2.221861831931968,135,-61.0,15.0,-0.45,155.5,4.0
2025-04-08 08:56:32,155.45,22.0,161.47,38.0,152.07,15.0,233.86,28.0,158.46,6.02000000000001,37.0,66.0,2.430076130534637,103,-29.0,-32.0,-0.28,156.82,11.0
2025-04-08 08:56:33,158.92,13.0,185.12,24.0,146.42,24.0,438.43,21.0,172.02,26.200000000000017,37.0,45.0,7.632888051071482,82,-8.0,-21.0,-0.1,161.0,1.0
2025-04-08 08:56:34,165.9,10.0,170.0,21.0,164.68,25.0,466.44,9.0,167.95,4.099999999999994,35.0,30.0,7.6877890189694,65,5.0,-17.0,0.08,161.0,
2025-04-08 08:56:35,167.57,7.0,233.43,21.0,165.18,22.0,363.55,29.0,200.5,65.86000000000001,29.0,50.0,17.874769369146456,79,-21.0,14.0,-0.27,161.0,
2025-04-08 08:56:36,168.0,7.0,244.0,21.0,167.0,7.0,463.92,13.0,206.0,76.0,14.0,34.0,21.001449473790256,48,-20.0,-31.0,-0.42,161.0,
2025-04-08 08:56:37,165.21,14.0,244.0,18.0,163.25,16.0,269.5,8.0,204.61,78.78999999999999,30.0,26.0,18.634321291642344,56,4.0,8.0,0.07,166.0,5.0
2025-04-08 08:56:38,162.52,21.0,254.0,21.0,161.53,19.0,480.55,20.0,208.26,91.48,40.0,41.0,16.73899429476416,81,-1.0,25.0,-0.01,163.0,3.0
2025-04-08 08:56:39,162.86,7.0,248.0,35.0,161.84,19.0,397.57,7.0,205.43,85.13999999999999,26.0,42.0,2.8375429512411654,68,-16.0,-13.0,-0.24,162.33,3.0
2025-04-08 08:56:40,163.0,3.0,248.0,15.0,160.0,3.0,449.0,3.0,205.5,85.0,6.0,18.0,1.3790032632801343,24,-12.0,-44.0,-0.5,162.33,
2025-04-08 08:56:43,161.0,10.0,191.27,22.0,138.81,37.0,212.61,36.0,176.14,30.27000000000001,47.0,58.0,33.9561617383375,105,-11.0,-17.0,-0.1,162.33,
2025-04-08 08:56:44,161.8,15.0,164.32,34.0,159.15,39.0,196.67,36.0,163.06,2.519999999999982,54.0,70.0,39.332708017630125,124,-16.0,19.0,-0.13,164.0,2.0
2025-04-08 08:56:45,161.67,6.0,163.83,6.0,159.0,24.0,203.43,14.0,162.75,2.160000000000025,30.0,20.0,42.014972569313365,50,10.0,-74.0,0.2,163.0,2.0
2025-04-08 08:56:46,162.0,9.0,163.0,9.0,159.22,36.0,164.0,9.0,162.5,1.0,45.0,18.0,10.249633164176052,63,27.0,13.0,0.43,163.0,
2025-04-08 08:56:47,159.35,68.0,161.29,17.0,158.36,100.0,273.03,39.0,160.32,1.9399999999999975,168.0,56.0,6.345618961156055,224,112.0,161.0,0.5,160.67,3.0
2025-04-08 08:56:48,159.0,66.0,160.82,11.0,158.0,88.0,292.89,27.0,159.91,1.8199999999999927,154.0,38.0,1.4748118524703984,192,116.0,-32.0,0.6,160.67,
2025-04-08 08:56:49,159.26,34.0,316.75,24.0,158.27,55.0,661.1,10.0,238.01,157.49,89.0,34.0,34.297839144764914,123,55.0,-69.0,0.45,159.0,1.0
2025-04-08 08:56:51,167.0,54.0,444.0,12.0,161.0,18.0,488.93,15.0,305.5,277.0,72.0,27.0,81.31274297427241,99,45.0,-55.0,0.45,159.0,
2025-04-08 08:56:52,167.0,54.0,220.14,14.0,161.0,18.0,302.71,14.0,193.57,53.13999999999999,72.0,28.0,74.20287507907007,100,44.0,1.0,0.44,159.0,
2025-04-08 08:56:53,167.0,69.0,179.6,20.0,161.0,30.0,181.0,30.0,173.3,12.599999999999994,99.0,50.0,70.42970843330302,149,49.0,49.0,0.33,167.0,4.0
2025-04-08 08:56:54,167.0,60.0,177.07,28.0,161.0,36.0,194.08,26.0,172.04,10.069999999999991,96.0,54.0,78.79275550455188,150,42.0,1.0,0.28,167.0,
2025-04-08 08:56:55,167.0,40.0,176.0,32.0,161.0,24.0,177.0,16.0,171.5,9.0,64.0,48.0,57.93934518097467,112,16.0,-38.0,0.14,167.0,
2025-04-08 08:56:56,167.0,63.0,174.74,31.0,161.0,39.0,193.92,36.0,170.87,7.740000000000009,102.0,67.0,9.72002726334477,169,35.0,57.0,0.21,167.0,2.0
2025-04-08 08:56:57,161.43,42.0,170.21,14.0,159.09,68.0,173.0,56.0,165.82,8.780000000000001,110.0,70.0,2.8739659010107306,180,40.0,11.0,0.22,167.0,
2025-04-08 08:56:58,166.32,127.0,168.0,13.0,158.77,71.0,173.0,52.0,167.16,1.6800000000000068,198.0,65.0,2.799289195523362,263,133.0,83.0,0.51,164.43,7.0
2025-04-08 08:56:59,167.0,70.0,168.0,10.0,159.0,50.0,173.0,40.0,167.5,1.0,120.0,50.0,2.478426920483008,170,70.0,-93.0,0.41,167.0,2.0
2025-04-08 08:57:00,159.86,28.0,167.83,6.0,158.11,45.0,173.0,24.0,163.85,7.969999999999999,73.0,30.0,2.576790639570197,103,43.0,-67.0,0.42,167.0,6.0
2025-04-08 08:57:01,163.7,23.0,166.43,7.0,158.79,38.0,173.0,28.0,165.06,2.730000000000018,61.0,35.0,1.5049651159338746,96,26.0,-7.0,0.27,167.0,
2025-04-08 08:57:02,162.0,30.0,166.0,8.0,158.51,49.0,249.4,30.0,164.0,4.0,79.0,38.0,1.726319785027751,117,41.0,21.0,0.35,165.0,3.0
2025-04-08 08:57:03,159.0,37.0,164.08,13.0,158.0,104.0,165.08,13.0,161.54,5.0800000000000125,141.0,26.0,2.161434708747749,167,115.0,50.0,0.69,159.0,4.0
2025-04-08 08:57:04,159.0,8.0,162.75,8.0,158.0,85.0,241.75,8.0,160.88,3.75,93.0,16.0,1.7727323543560822,109,77.0,-58.0,0.71,162.0,1.0
2025-04-08 08:57:05,159.0,10.0,162.0,10.0,155.91,89.0,476.0,10.0,160.5,3.0,99.0,20.0,2.0183854934530205,119,79.0,10.0,0.66,162.0,
2025-04-08 08:57:06,159.0,6.0,162.0,6.0,158.0,60.0,458.44,18.0,160.5,3.0,66.0,24.0,1.4692447039831722,90,42.0,-29.0,0.47,162.0,
2025-04-08 08:57:07,158.86,74.0,160.89,9.0,156.45,83.0,407.33,18.0,159.88,2.0299999999999727,157.0,27.0,0.608769250359677,184,130.0,94.0,0.71,162.0,
2025-04-08 08:57:09,161.0,12.0,380.0,16.0,159.0,32.0,674.0,3.0,270.5,219.0,44.0,19.0,81.61379466732399,63,25.0,-101.0,0.4,160.2,5.0
2025-04-08 08:57:10,161.89,35.0,380.0,24.0,161.18,68.0,0.0,0.0,270.94,218.11,103.0,24.0,77.17000920046658,127,79.0,64.0,0.62,160.2,
2025-04-08 08:57:11,164.36,33.0,380.0,44.0,163.0,154.0,512.2,50.0,272.18,215.64,187.0,94.0,63.52943821568135,281,93.0,154.0,0.33,160.2,
2025-04-08 08:57:12,165.44,16.0,397.9,40.0,163.67,63.0,516.0,50.0,281.67,232.46,79.0,90.0,28.131514889889008,169,-11.0,-112.0,-0.07,160.2,
2025-04-08 08:57:13,163.55,33.0,407.0,20.0,164.0,11.0,516.0,25.0,285.27,243.45,44.0,45.0,6.864129223729588,89,-1.0,-80.0,-0.01,166.75,4.0
2025-04-08 08:57:15,163.0,112.0,325.23,39.0,162.0,16.0,365.59,34.0,244.12,162.23000000000002,128.0,73.0,31.39435825112612,201,55.0,15.0,0.27,166.75,
2025-04-08 08:57:16,163.0,126.0,336.47,43.0,162.0,18.0,352.58,38.0,249.73,173.47000000000003,144.0,81.0,34.73070514688776,225,63.0,24.0,0.28,166.75,
2025-04-08 08:57:17,163.0,140.0,187.35,48.0,162.0,40.0,218.65,49.0,175.18,24.349999999999994,180.0,97.0,57.43011344234032,277,83.0,52.0,0.3,166.75,
2025-04-08 08:57:18,163.94,32.0,181.9,50.0,162.95,132.0,204.4,50.0,172.92,17.960000000000008,164.0,100.0,65.1027090834176,264,64.0,-13.0,0.24,166.75,
2025-04-08 08:57:19,164.19,27.0,180.81,62.0,163.0,142.0,292.0,70.0,172.5,16.620000000000005,169.0,132.0,40.26007824135641,301,37.0,37.0,0.12,164.0,4.0
2025-04-08 08:57:20,166.0,14.0,178.14,70.0,165.0,14.0,180.0,42.0,172.07,12.139999999999986,28.0,112.0,34.260817999577235,140,-84.0,-161.0,-0.6,164.0,
2025-04-08 08:57:21,162.89,81.0,177.73,55.0,161.97,37.0,178.98,49.0,170.31,14.840000000000003,118.0,104.0,1.7531200758002108,222,14.0,82.0,0.06,163.27,15.0
2025-04-08 08:57:22,162.0,33.0,174.18,55.0,161.0,11.0,176.73,37.0,168.09,12.180000000000009,44.0,92.0,1.9916751743633592,136,-48.0,-86.0,-0.35,163.27,
2025-04-08 08:57:23,162.0,30.0,173.8,46.0,161.0,10.0,175.29,34.0,167.9,11.800000000000011,40.0,80.0,2.152772630859208,120,-40.0,-16.0,-0.33,163.27,
2025-04-08 08:57:24,161.97,34.0,171.76,54.0,160.69,16.0,173.57,42.0,166.86,9.789999999999992,50.0,96.0,2.1064258829063367,146,-46.0,26.0,-0.32,162.0,3.0
2025-04-08 08:57:25,161.0,11.0,170.0,33.0,160.0,64.0,171.0,55.0,165.5,9.0,75.0,88.0,1.77092348795176,163,-13.0,17.0,-0.08,162.0,
2025-04-08 08:57:26,161.0,11.0,168.31,49.0,160.0,88.0,169.77,39.0,164.65,7.310000000000002,99.0,88.0,1.4991831109576,187,11.0,24.0,0.06,162.0,
2025-04-08 08:57:27,161.14,14.0,166.02,62.0,160.02,98.0,166.73,66.0,163.58,4.880000000000024,112.0,128.0,1.7191916705770507,240,-16.0,53.0,-0.07,162.0,1.0
2025-04-08 08:57:28,160.06,52.0,162.68,38.0,159.55,31.0,163.52,42.0,161.37,2.6200000000000045,83.0,80.0,2.072262049110342,163,3.0,-77.0,0.02,160.5,2.0
2025-04-08 08:57:29,160.0,57.0,161.38,39.0,158.0,26.0,162.82,49.0,160.69,1.3799999999999957,83.0,88.0,2.0722620491106665,171,-5.0,8.0,-0.03,160.0,5.0
2025-04-08 08:57:30,158.0,22.0,161.91,55.0,157.0,27.0,276.83,23.0,159.95,3.9099999999999966,49.0,78.0,1.9888991930677624,127,-29.0,-44.0,-0.23,160.0,2.0
2025-04-08 08:57:31,157.33,15.0,158.29,17.0,135.25,16.0,165.61,28.0,157.81,0.9599999999999796,31.0,45.0,2.100952165135408,76,-14.0,-51.0,-0.18,157.67,3.0
2025-04-08 08:57:34,146.73,30.0,241.08,13.0,154.1,62.0,555.0,15.0,193.91,94.35000000000002,92.0,28.0,30.78507105725433,120,64.0,69.0,0.53,164.0,1.0
2025-04-08 08:57:35,164.0,7.0,414.0,7.0,162.0,49.0,618.57,7.0,289.0,250.0,56.0,14.0,69.83299972076358,70,42.0,-50.0,0.6,164.0,
2025-04-08 08:57:36,162.55,11.0,222.0,5.0,161.83,23.0,706.6,5.0,192.27,59.44999999999999,34.0,10.0,69.22636614758974,44,24.0,-26.0,0.55,162.5,4.0
2025-04-08 08:57:38,164.36,28.0,328.4,10.0,163.22,18.0,391.1,10.0,246.38,164.03999999999996,46.0,20.0,60.59230536957707,66,26.0,37.0,0.39,165.0,3.0
2025-04-08 08:57:39,163.71,14.0,347.83,6.0,161.33,6.0,467.0,6.0,255.77,184.12,20.0,12.0,51.78541619027565,32,8.0,-34.0,0.25,165.0,
2025-04-08 08:57:40,146.73,11.0,326.0,7.0,135.27,11.0,480.0,7.0,236.36,179.27,22.0,14.0,50.51964894969159,36,8.0,4.0,0.22,160.0,3.0
2025-04-08 08:57:41,134.3,20.0,324.33,18.0,114.83,24.0,326.0,9.0,229.32,190.03,44.0,27.0,41.36530889525748,71,17.0,35.0,0.24,165.0,2.0
2025-04-08 08:57:42,165.79,19.0,297.8,15.0,149.15,13.0,410.67,12.0,231.79,132.01000000000002,32.0,27.0,11.000960412622522,59,5.0,-12.0,0.08,165.0,
2025-04-08 08:57:43,166.0,27.0,284.08,12.0,165.0,9.0,377.15,13.0,225.04,118.07999999999998,36.0,25.0,11.967235687496604,61,11.0,2.0,0.18,165.0,
2025-04-08 08:57:44,166.0,30.0,207.76,21.0,165.0,10.0,218.6,15.0,186.88,41.75999999999999,40.0,36.0,19.98885739606209,76,4.0,15.0,0.05,165.0,
2025-04-08 08:57:45,166.0,21.0,204.0,15.0,165.0,7.0,205.45,20.0,185.0,38.0,28.0,35.0,23.563246380754,63,-7.0,-13.0,-0.11,165.0,
2025-04-08 08:57:46,166.0,18.0,201.17,18.0,165.0,6.0,203.0,12.0,183.58,35.16999999999999,24.0,30.0,23.84401224626689,54,-6.0,-9.0,-0.11,165.0,
2025-04-08 08:57:47,162.38,26.0,201.0,36.0,157.28,32.0,203.0,24.0,181.69,38.620000000000005,58.0,60.0,18.324091246229266,118,-2.0,64.0,-0.02,162.73,11.0
2025-04-08 08:57:48,158.0,7.0,200.86,21.0,120.56,34.0,203.0,14.0,179.43,42.860000000000014,41.0,35.0,2.887582033491962,76,6.0,-42.0,0.08,162.73,
2025-04-08 08:57:49,158.0,44.0,199.07,30.0,117.5,64.0,201.2,30.0,178.53,41.06999999999999,108.0,60.0,2.72083259318675,168,48.0,92.0,0.29,162.73,
2025-04-08 08:57:50,158.0,49.0,196.15,26.0,140.0,13.0,198.26,31.0,177.08,38.150000000000006,62.0,57.0,2.581931447608349,119,5.0,-49.0,0.04,158.0,4.0
2025-04-08 08:57:51,161.5,16.0,193.14,21.0,159.2,10.0,194.27,22.0,177.32,31.639999999999983,26.0,43.0,1.868836536498099,69,-17.0,-50.0,-0.25,158.0,
2025-04-08 08:57:52,162.55,22.0,189.64,25.0,161.66,29.0,190.79,28.0,176.09,27.08999999999997,51.0,53.0,1.304051379413907,104,-2.0,35.0,-0.02,158.0,
2025-04-08 08:57:53,164.0,7.0,187.29,14.0,162.0,28.0,188.58,19.0,175.64,23.289999999999992,35.0,33.0,1.129632683730461,68,2.0,-36.0,0.03,158.0,
2025-04-08 08:57:54,164.0,7.0,185.0,14.0,162.0,28.0,186.0,14.0,174.5,21.0,35.0,28.0,1.1420507870287144,63,7.0,-5.0,0.11,158.0,
2025-04-08 08:57:55,163.16,19.0,183.65,31.0,161.83,48.0,184.73,30.0,173.4,20.49000000000001,67.0,61.0,1.502464641897984,128,6.0,65.0,0.05,162.67,3.0
2025-04-08 08:57:56,162.0,18.0,179.7,20.0,160.0,9.0,180.62,21.0,170.85,17.69999999999999,27.0,41.0,2.094285080917823,68,-14.0,-60.0,-0.21,162.67,
2025-04-08 08:57:57,162.0,24.0,176.03,30.0,160.0,12.0,177.14,29.0,169.02,14.03,36.0,59.0,2.708176508308937,95,-23.0,27.0,-0.24,162.67,
2025-04-08 08:57:58,164.73,66.0,171.25,32.0,161.78,27.0,172.54,39.0,167.99,6.52000000000001,93.0,71.0,2.779275085369918,164,22.0,69.0,0.13,162.67,
2025-04-08 08:57:59,165.0,35.0,169.86,14.0,162.0,14.0,171.62,16.0,167.43,4.860000000000014,49.0,30.0,2.4261430296170494,79,19.0,-85.0,0.24,162.67,
2025-04-08 08:58:00,165.0,61.0,167.79,48.0,162.0,26.0,168.62,39.0,166.4,2.789999999999992,87.0,87.0,1.6938624501891444,174,0.0,95.0,0.0,165.0,2.0
2025-04-08 08:58:01,160.89,84.0,165.42,38.0,158.62,64.0,166.54,52.0,163.16,4.530000000000001,148.0,90.0,2.2444932613314488,238,58.0,64.0,0.24,165.0,3.0
2025-04-08 08:58:02,160.0,195.0,164.16,38.0,158.0,90.0,165.34,47.0,162.08,4.159999999999997,285.0,85.0,2.639520789871438,370,200.0,132.0,0.54,165.0,
2025-04-08 08:58:03,160.11,144.0,163.26,43.0,159.01,115.0,164.18,49.0,161.68,3.1499999999999773,259.0,92.0,2.607048139211223,351,167.0,-19.0,0.48,161.2,5.0
2025-04-08 08:58:04,160.0,102.0,161.22,41.0,158.0,55.0,162.87,23.0,160.61,1.2199999999999989,157.0,64.0,2.216840093503802,221,93.0,-130.0,0.42,160.0,7.0
2025-04-08 08:58:05,160.0,20.0,162.56,18.0,158.0,65.0,183.81,37.0,161.28,2.5600000000000023,85.0,55.0,0.95153560110322,140,30.0,-81.0,0.21,160.0,4.0
2025-04-08 08:58:06,160.84,19.0,209.8,50.0,158.53,75.0,321.32,38.0,185.32,48.96000000000001,94.0,88.0,10.70553034651542,182,6.0,42.0,0.03,162.0,1.0
2025-04-08 08:58:07,160.0,10.0,278.4,50.0,158.0,50.0,392.14,35.0,219.2,118.39999999999998,60.0,85.0,25.48826043495615,145,-25.0,-37.0,-0.17,162.0,
2025-04-08 08:58:08,160.0,6.0,269.0,30.0,158.0,30.0,397.0,24.0,214.5,109.0,36.0,54.0,28.04851725136537,90,-18.0,-55.0,-0.2,162.0,
2025-04-08 08:58:09,164.5,8.0,250.46,26.0,158.75,16.0,339.59,34.0,207.48,85.96000000000001,24.0,60.0,24.08171256368891,84,-36.0,-6.0,-0.43,162.0,
2025-04-08 08:58:10,166.0,9.0,186.67,9.0,160.0,9.0,260.33,36.0,176.33,20.669999999999987,18.0,45.0,18.768390447774937,63,-27.0,-21.0,-0.43,162.0,
2025-04-08 08:58:11,166.0,11.0,174.2,15.0,160.0,11.0,207.85,27.0,170.1,8.199999999999989,22.0,42.0,22.68488968454845,64,-20.0,1.0,-0.31,162.0,
2025-04-08 08:58:12,166.0,9.0,172.0,9.0,160.71,17.0,467.81,36.0,169.0,6.0,26.0,45.0,21.782892829010187,71,-19.0,7.0,-0.27,162.0,
2025-04-08 08:58:13,158.0,70.0,171.1,50.0,157.0,84.0,399.94,34.0,164.55,13.099999999999994,154.0,84.0,17.28352886421503,238,70.0,167.0,0.29,161.8,5.0
2025-04-08 08:58:14,160.29,21.0,168.7,20.0,157.9,61.0,169.62,52.0,164.49,8.409999999999997,82.0,72.0,4.874046573450342,154,10.0,-84.0,0.06,161.0,5.0
2025-04-08 08:58:15,161.23,26.0,204.28,58.0,157.33,33.0,244.08,26.0,182.75,43.05000000000001,59.0,84.0,7.4745682149647745,143,-25.0,-11.0,-0.17,161.45,11.0
2025-04-08 08:58:16,165.24,34.0,345.88,32.0,163.93,92.0,484.0,16.0,255.56,180.64,126.0,48.0,38.90010989701886,174,78.0,31.0,0.45,161.45,
2025-04-08 08:58:18,166.0,12.0,404.88,26.0,164.0,78.0,525.83,30.0,285.44,238.88,90.0,56.0,69.36731168208902,146,34.0,-84.0,0.23,161.45,
2025-04-08 08:58:19,166.0,22.0,341.5,34.0,164.0,143.0,438.35,46.0,253.75,175.5,165.0,80.0,53.6304095639784,245,85.0,99.0,0.35,161.45,
2025-04-08 08:58:20,166.0,20.0,377.89,18.0,164.0,130.0,422.6,43.0,271.94,211.89,150.0,61.0,30.96904551322248,211,89.0,-34.0,0.42,161.45,
2025-04-08 08:58:21,164.16,76.0,358.58,12.0,162.72,109.0,390.0,26.0,261.37,194.42,185.0,38.0,29.94999048413945,223,147.0,12.0,0.66,164.8,5.0
2025-04-08 08:58:22,164.0,50.0,398.38,16.0,162.0,80.0,399.78,9.0,281.19,234.38,130.0,25.0,13.258860056583066,155,105.0,-68.0,0.68,164.0,5.0
2025-04-08 08:58:23,162.45,40.0,245.5,28.0,161.64,110.0,318.27,22.0,203.97,83.05000000000001,150.0,50.0,30.0729709207466,200,100.0,45.0,0.5,162.83,12.0
2025-04-08 08:58:24,162.0,48.0,202.43,23.0,160.0,64.0,255.86,29.0,182.22,40.43000000000001,112.0,52.0,44.18724555796712,164,60.0,-36.0,0.37,162.83,
2025-04-08 08:58:25,162.0,33.0,201.0,11.0,160.0,44.0,203.0,22.0,181.5,39.0,77.0,33.0,46.37138072130378,110,44.0,-54.0,0.4,162.83,
2025-04-08 08:58:26,162.0,33.0,199.05,20.0,160.0,44.0,200.04,25.0,180.53,37.05000000000001,77.0,45.0,43.22050057553846,122,32.0,12.0,0.26,162.83,
2025-04-08 08:58:27,162.0,21.0,187.75,12.0,160.0,28.0,193.0,9.0,174.88,25.75,49.0,21.0,11.197238498850597,70,28.0,-52.0,0.4,162.83,
2025-04-08 08:58:28,160.32,38.0,183.8,20.0,159.0,16.0,185.29,21.0,172.06,23.480000000000015,54.0,41.0,4.5053878856485134,95,13.0,25.0,0.14,161.5,4.0
2025-04-08 08:58:29,160.04,92.0,182.05,19.0,159.47,30.0,183.86,29.0,171.05,22.01000000000002,122.0,48.0,4.797168956806769,170,74.0,75.0,0.44,161.5,
2025-04-08 08:58:30,161.62,26.0,179.95,19.0,160.0,170.0,180.9,20.0,170.78,18.329999999999984,196.0,39.0,4.06668784149369,235,157.0,65.0,0.67,161.5,
2025-04-08 08:58:31,164.18,34.0,177.13,31.0,161.43,126.0,178.21,28.0,170.65,12.949999999999989,160.0,59.0,1.7638112144315474,219,101.0,-16.0,0.46,161.5,
2025-04-08 08:58:32,165.44,32.0,172.47,32.0,164.43,91.0,173.61,23.0,168.95,7.030000000000001,123.0,55.0,1.1228846780304895,178,68.0,-41.0,0.38,161.5,
2025-04-08 08:58:33,166.91,22.0,170.04,25.0,165.0,182.0,171.57,28.0,168.47,3.1299999999999955,204.0,53.0,1.180550719010546,257,151.0,79.0,0.59,167.0,1.0
2025-04-08 08:58:34,165.04,184.0,166.86,37.0,164.45,116.0,196.8,49.0,165.95,1.8200000000000216,300.0,86.0,1.9665197685650944,386,214.0,129.0,0.55,165.4,5.0
2025-04-08 08:58:35,165.0,93.0,350.58,31.0,164.0,60.0,398.47,45.0,257.79,185.58,153.0,76.0,39.96491361181882,229,77.0,-157.0,0.34,165.0,8.0
2025-04-08 08:58:36,165.0,6.0,206.55,11.0,164.0,24.0,324.29,7.0,185.77,41.55000000000001,30.0,18.0,39.040164958669656,48,12.0,-168.0,0.25,165.0,
2025-04-08 08:58:37,165.8,10.0,272.55,29.0,164.5,16.0,291.47,19.0,219.18,106.75,26.0,48.0,38.92935807331183,74,-22.0,26.0,-0.3,165.0,
2025-04-08 08:58:38,165.3,10.0,300.12,16.0,164.03,29.0,502.1,20.0,232.71,134.82,39.0,36.0,36.69265594093886,75,3.0,1.0,0.04,166.0,1.0
2025-04-08 08:58:39,166.0,42.0,190.69,54.0,165.0,14.0,308.22,18.0,178.34,24.69,56.0,72.0,33.01573973122689,128,-16.0,53.0,-0.12,166.0,
2025-04-08 08:58:40,166.71,21.0,188.0,35.0,165.0,7.0,432.0,8.0,177.36,21.289999999999992,28.0,43.0,25.55981553141822,71,-15.0,-57.0,-0.21,166.0,
2025-04-08 08:58:41,162.75,64.0,186.27,55.0,161.83,58.0,381.06,17.0,174.51,23.52000000000001,122.0,72.0,27.409851331229987,194,50.0,123.0,0.26,166.5,4.0
2025-04-08 08:58:42,163.67,18.0,171.0,12.0,161.95,42.0,186.0,30.0,167.33,7.3300000000000125,60.0,42.0,26.437311701459723,102,18.0,-92.0,0.18,166.5,
2025-04-08 08:58:43,163.09,33.0,185.27,55.0,161.83,58.0,277.0,11.0,174.18,22.180000000000007,91.0,66.0,4.310305093627299,157,25.0,55.0,0.16,162.86,7.0
2025-04-08 08:58:44,161.73,45.0,184.0,70.0,159.58,55.0,359.5,14.0,172.87,22.27000000000001,100.0,84.0,3.69240436574198,184,16.0,27.0,0.09,161.5,4.0
2025-04-08 08:58:45,163.11,45.0,182.89,45.0,161.51,41.0,224.89,18.0,173.0,19.779999999999973,86.0,63.0,2.911351919667424,149,23.0,-35.0,0.15,161.5,
2025-04-08 08:58:46,164.0,50.0,182.0,50.0,162.0,62.0,378.0,11.0,173.0,18.0,112.0,61.0,2.705980413852154,173,51.0,24.0,0.29,161.5,
2025-04-08 08:58:47,164.0,30.0,181.17,30.0,162.0,66.0,270.79,14.0,172.58,17.169999999999987,96.0,44.0,0.6136611444034572,140,52.0,-33.0,0.37,161.5,
2025-04-08 08:58:48,164.0,30.0,178.33,30.0,162.0,66.0,179.67,30.0,171.17,14.330000000000013,96.0,60.0,0.7760992205582276,156,36.0,16.0,0.23,161.5,
2025-04-08 08:58:49,164.0,55.0,176.08,49.0,162.0,121.0,177.36,28.0,170.04,12.080000000000013,176.0,77.0,1.3093968077521716,253,99.0,97.0,0.39,161.5,
2025-04-08 08:58:50,164.0,39.0,173.63,87.0,162.0,198.0,174.97,69.0,168.82,9.629999999999995,237.0,156.0,1.7410399191725274,393,81.0,140.0,0.21,164.0,3.0
2025-04-08 08:58:51,164.0,18.0,169.33,45.0,162.0,99.0,170.33,45.0,166.67,5.3300000000000125,117.0,90.0,2.2585681305095293,207,27.0,-168.0,0.13,164.0,
2025-04-08 08:58:52,162.21,67.0,168.03,34.0,161.6,91.0,168.64,55.0,165.12,5.819999999999993,158.0,89.0,2.4639257294314767,247,69.0,40.0,0.28,163.33,3.0
2025-04-08 08:58:53,162.0,130.0,166.15,26.0,161.0,78.0,168.0,65.0,164.08,4.150000000000006,208.0,91.0,2.48541344652264,299,117.0,52.0,0.39,163.33,
2025-04-08 08:58:54,161.8,89.0,163.79,38.0,160.86,84.0,166.07,74.0,162.79,1.989999999999981,173.0,112.0,2.3396645058975176,285,61.0,-14.0,0.21,162.0,10.0
2025-04-08 08:58:55,160.97,64.0,162.23,35.0,159.08,26.0,166.16,38.0,161.6,1.259999999999991,90.0,73.0,1.9748594887124844,163,17.0,-122.0,0.1,161.0,5.0
2025-04-08 08:58:56,158.97,33.0,161.7,30.0,158.01,84.0,163.0,20.0,160.33,2.7299999999999898,117.0,50.0,1.9079124718284688,167,67.0,4.0,0.4,160.67,6.0
2025-04-08 08:58:57,158.78,18.0,339.23,31.0,157.23,65.0,465.5,32.0,249.0,180.45,83.0,63.0,38.843054076631866,146,20.0,-21.0,0.14,159.0,4.0
2025-04-08 08:58:58,158.0,12.0,281.21,42.0,157.0,132.0,338.05,42.0,219.61,123.20999999999998,144.0,84.0,41.17883959025728,228,60.0,82.0,0.26,159.0,
2025-04-08 08:58:59,147.14,29.0,177.52,27.0,138.89,90.0,183.14,57.0,162.33,30.380000000000024,119.0,84.0,41.25712823258716,203,35.0,-25.0,0.17,156.25,4.0
2025-04-08 08:59:00,157.0,24.0,160.4,20.0,138.0,16.0,160.6,20.0,158.7,3.4000000000000057,40.0,40.0,41.783309227491074,80,0.0,-123.0,0.0,156.25,
2025-04-08 08:59:01,141.6,30.0,157.87,15.0,106.72,47.0,159.96,45.0,149.73,16.27000000000001,77.0,60.0,43.88093128000069,137,17.0,57.0,0.12,157.0,3.0
2025-04-08 08:59:05,146.0,15.0,231.0,8.0,76.0,18.0,468.71,7.0,188.5,85.0,33.0,15.0,27.35984192206106,48,18.0,-16.0,0.38,153.4,5.0
2025-04-08 08:59:06,129.39,31.0,217.12,51.0,127.32,93.0,373.27,45.0,173.25,87.73000000000002,124.0,96.0,30.582449705675423,220,28.0,168.0,0.13,153.4,
2025-04-08 08:59:07,164.03,62.0,419.0,36.0,161.67,83.0,618.0,30.0,291.52,254.97,145.0,66.0,67.88140592238898,211,79.0,-9.0,0.37,163.0,3.0
2025-04-08 08:59:08,166.0,40.0,199.0,27.0,162.0,90.0,582.67,27.0,182.5,33.0,130.0,54.0,59.97269445339386,184,76.0,-27.0,0.41,166.0,2.0
2025-04-08 08:59:09,166.0,28.0,199.0,21.0,162.0,70.0,560.0,21.0,182.5,33.0,98.0,42.0,49.4203002823752,140,56.0,-44.0,0.4,166.0,
2025-04-08 08:59:10,166.0,16.0,199.0,15.0,162.0,50.0,499.0,15.0,182.5,33.0,66.0,30.0,49.9502560554011,96,36.0,-44.0,0.38,166.0,1.0
2025-04-08 08:59:11,167.0,28.0,198.38,16.0,166.0,21.0,303.57,21.0,182.69,31.379999999999995,49.0,37.0,48.734052981463925,86,12.0,-10.0,0.14,166.0,
2025-04-08 08:59:12,167.0,24.0,197.83,12.0,166.0,18.0,206.5,18.0,182.42,30.830000000000013,42.0,30.0,0.100099950779111,72,12.0,-14.0,0.17,166.0,
2025-04-08 08:59:13,167.0,20.0,197.0,10.0,166.0,15.0,214.8,15.0,182.0,30.0,35.0,25.0,0.2559687483776696,60,10.0,-12.0,0.17,166.0,
2025-04-08 08:59:14,167.0,34.0,194.7,20.0,166.0,30.0,225.0,30.0,180.85,27.69999999999999,64.0,50.0,0.7386947949906019,114,14.0,54.0,0.12,167.0,2.0
2025-04-08 08:59:15,167.0,18.0,194.0,18.0,166.0,27.0,244.78,27.0,180.5,27.0,45.0,45.0,0.968333620270626,90,0.0,-24.0,0.0,167.0,
2025-04-08 08:59:16,165.22,9.0,193.75,16.0,162.88,41.0,279.25,24.0,179.49,28.53,50.0,40.0,1.178503288135731,90,10.0,0.0,0.11,166.0,7.0
2025-04-08 08:59:17,162.07,69.0,191.67,30.0,161.15,79.0,327.47,38.0,176.87,29.599999999999994,148.0,68.0,1.93730999072096,216,80.0,126.0,0.37,162.33,3.0
2025-04-08 08:59:18,162.0,82.0,188.0,28.0,160.0,40.0,189.0,32.0,175.0,26.0,122.0,60.0,2.519954364695502,182,62.0,-34.0,0.34,162.33,
2025-04-08 08:59:19,162.0,92.0,185.91,22.0,160.0,44.0,188.0,44.0,173.95,23.91,136.0,66.0,2.812395775873063,202,70.0,20.0,0.35,162.0,6.0
2025-04-08 08:59:20,162.14,29.0,187.28,36.0,159.86,42.0,229.35,37.0,174.71,25.14000000000001,71.0,73.0,2.225057302666441,144,-2.0,-58.0,-0.01,162.0,4.0
2025-04-08 08:59:21,166.0,6.0,185.0,12.0,160.67,12.0,187.0,24.0,175.5,19.0,18.0,36.0,1.086429933382581,54,-18.0,-90.0,-0.33,162.0,
2025-04-08 08:59:22,166.0,5.0,184.0,12.0,163.0,15.0,185.44,18.0,175.0,18.0,20.0,30.0,0.5690957741451603,50,-10.0,-4.0,-0.2,162.0,
2025-04-08 08:59:23,166.0,8.0,182.78,18.0,163.0,24.0,183.93,30.0,174.39,16.78,32.0,48.0,0.5891094975893258,80,-16.0,30.0,-0.2,162.0,
2025-04-08 08:59:24,166.0,9.0,180.29,28.0,163.0,27.0,181.0,30.0,173.14,14.289999999999992,36.0,58.0,0.8866058877257895,94,-22.0,14.0,-0.23,162.0,
2025-04-08 08:59:25,166.0,9.0,176.46,26.0,163.0,27.0,177.64,25.0,171.23,10.460000000000008,36.0,51.0,1.7106343852940638,87,-15.0,-7.0,-0.17,162.0,
2025-04-08 08:59:26,164.29,14.0,172.51,37.0,162.0,36.0,173.45,31.0,168.4,8.219999999999999,50.0,68.0,2.675419593288336,118,-18.0,31.0,-0.15,163.75,4.0
2025-04-08 08:59:27,161.33,15.0,169.1,40.0,159.65,43.0,170.24,34.0,165.22,7.769999999999982,58.0,74.0,3.70540551089246,132,-16.0,14.0,-0.12,160.5,4.0
2025-04-08 08:59:28,160.0,8.0,168.33,24.0,159.0,24.0,169.4,20.0,164.17,8.330000000000013,32.0,44.0,3.82350232119106,76,-12.0,-56.0,-0.16,167.0,4.0
2025-04-08 08:59:29,159.04,28.0,167.8,20.0,158.1,30.0,168.86,28.0,163.42,8.76000000000002,58.0,48.0,3.2609768475342715,106,10.0,30.0,0.09,164.67,3.0
2025-04-08 08:59:30,158.94,35.0,165.3,37.0,149.17,41.0,166.42,38.0,162.12,6.360000000000014,76.0,75.0,2.373305711482536,151,1.0,45.0,0.01,161.5,2.0
2025-04-08 08:59:31,159.68,31.0,161.95,20.0,154.0,23.0,368.71,28.0,160.81,2.269999999999982,54.0,48.0,1.7273303100902413,102,6.0,-49.0,0.06,160.8,5.0
2025-04-08 08:59:35,166.11,202.0,455.1,29.0,163.38,89.0,607.33,45.0,310.61,288.99,291.0,74.0,91.63104806778146,365,217.0,168.0,0.59,160.8,
2025-04-08 08:59:37,168.0,130.0,243.82,33.0,165.0,50.0,391.11,18.0,205.91,75.82,180.0,51.0,73.26265638099723,231,129.0,-42.0,0.56,160.8,
2025-04-08 08:59:38,168.0,89.0,176.0,36.0,165.0,45.0,448.86,21.0,172.0,8.0,134.0,57.0,83.12197411034035,191,77.0,-40.0,0.4,168.0,4.0
2025-04-08 08:59:39,168.0,93.0,176.0,48.0,165.0,60.0,366.0,20.0,172.0,8.0,153.0,68.0,74.52357902033494,221,85.0,30.0,0.38,168.0,3.0
2025-04-08 08:59:40,168.0,54.0,175.0,36.0,165.0,45.0,308.0,45.0,171.5,7.0,99.0,81.0,65.43927284131537,180,18.0,-41.0,0.1,168.0,
2025-04-08 08:59:41,168.0,48.0,173.69,52.0,165.0,65.0,423.08,65.0,170.85,5.689999999999998,113.0,117.0,15.356749981689658,230,-4.0,50.0,-0.02,168.0,5.0
2025-04-08 08:59:42,168.0,8.0,172.75,32.0,165.0,40.0,320.0,40.0,170.38,4.75,48.0,72.0,0.7173423172571655,120,-24.0,-110.0,-0.2,168.0,
2025-04-08 08:59:43,165.22,27.0,171.57,28.0,164.33,15.0,356.67,9.0,168.4,6.349999999999994,42.0,37.0,1.3890212381846905,79,5.0,-41.0,0.06,168.0,
2025-04-08 08:59:44,164.64,28.0,169.53,34.0,162.64,11.0,206.89,19.0,167.09,4.890000000000015,39.0,53.0,1.8378873741686408,92,-14.0,13.0,-0.15,165.0,5.0
2025-04-08 08:59:45,162.89,9.0,165.0,28.0,161.11,37.0,168.0,21.0,163.94,2.1100000000000136,46.0,49.0,2.7915712421733128,95,-3.0,3.0,-0.03,163.25,4.0
2025-04-08 08:59:46,162.0,14.0,163.5,56.0,161.0,98.0,314.25,24.0,162.75,1.5,112.0,80.0,3.1475339553576944,192,32.0,97.0,0.17,163.25,
2025-04-08 08:59:47,161.22,27.0,262.21,29.0,160.88,48.0,415.0,7.0,211.71,100.98999999999998,75.0,36.0,20.77192745029037,111,39.0,-81.0,0.35,162.0,1.0
2025-04-08 08:59:49,161.0,77.0,185.2,30.0,160.0,54.0,274.36,22.0,173.1,24.19999999999999,131.0,52.0,113.32783784225347,183,79.0,5.0,0.43,162.0,
2025-04-08 08:59:50,161.0,39.0,184.4,25.0,160.0,14.0,185.62,16.0,172.7,23.40000000000001,53.0,41.0,112.15608975887176,94,12.0,-89.0,0.13,161.0,2.0
2025-04-08 08:59:51,161.0,50.0,180.67,48.0,160.0,20.0,184.22,32.0,170.83,19.669999999999987,70.0,80.0,111.00586934932812,150,-10.0,56.0,-0.07,161.0,
2025-04-08 08:59:52,164.27,22.0,177.95,38.0,160.88,34.0,179.19,26.0,171.11,13.679999999999978,56.0,64.0,114.22032319162868,120,-8.0,-30.0,-0.07,161.0,
2025-04-08 08:59:53,167.0,13.0,175.29,35.0,161.0,55.0,177.11,53.0,171.14,8.289999999999992,68.0,88.0,1.0427991178199645,156,-20.0,36.0,-0.13,167.0,1.0
2025-04-08 08:59:54,167.0,7.0,173.03,30.0,161.0,35.0,174.4,25.0,170.02,6.030000000000001,42.0,55.0,0.9724967866920352,97,-13.0,-59.0,-0.13,167.0,
2025-04-08 08:59:55,160.57,21.0,169.88,34.0,159.13,94.0,171.57,53.0,165.23,9.310000000000002,115.0,87.0,2.520720135224652,202,28.0,105.0,0.14,161.71,7.0
2025-04-08 08:59:56,159.29,34.0,166.03,34.0,158.63,98.0,166.86,42.0,162.66,6.740000000000009,132.0,76.0,3.866376856971864,208,56.0,6.0,0.27,161.17,6.0
2025-04-08 08:59:57,158.65,68.0,161.82,50.0,155.71,110.0,162.57,40.0,160.23,3.1699999999999875,178.0,90.0,4.677545296427223,268,88.0,60.0,0.33,159.0,4.0
2025-04-08 08:59:58,157.38,32.0,159.31,32.0,116.31,52.0,332.94,36.0,158.34,1.9300000000000068,84.0,68.0,4.563970858816841,152,16.0,-116.0,0.11,158.4,10.0
2025-04-08 08:59:59,125.4,35.0,255.16,19.0,75.67,63.0,464.19,32.0,190.28,129.76,98.0,51.0,13.078129453409144,149,47.0,-3.0,0.32,157.0,1.0
2025-04-08 09:00:04,166.0,63.0,392.1,20.0,159.94,17.0,577.1,42.0,279.05,226.1,80.0,62.0,60.94734243590992,142,18.0,-49.0,0.13,166.0,2.0
2025-04-08 09:00:05,166.0,19.0,386.33,18.0,163.0,11.0,535.07,46.0,276.17,220.33,30.0,64.0,54.62171207496214,94,-34.0,-48.0,-0.36,166.0,4.0
2025-04-08 09:00:06,162.11,18.0,171.19,21.0,145.15,26.0,224.0,15.0,166.65,9.079999999999984,44.0,36.0,71.22428223576618,80,8.0,-14.0,0.1,163.33,3.0
2025-04-08 09:00:07,161.0,13.0,170.75,16.0,150.05,58.0,173.0,8.0,165.88,9.75,71.0,24.0,79.5614367643024,95,47.0,15.0,0.49,161.0,1.0
2025-04-08 09:00:08,161.0,5.0,169.4,10.0,156.95,21.0,244.67,9.0,165.2,8.400000000000006,26.0,19.0,61.19123262363736,45,7.0,-50.0,0.16,161.0,
2025-04-08 09:00:09,161.0,7.0,169.0,14.0,160.0,35.0,282.5,20.0,165.0,8.0,42.0,34.0,49.415745972312365,76,8.0,31.0,0.11,161.0,
2025-04-08 09:00:10,161.0,10.0,167.9,21.0,160.0,50.0,190.48,33.0,164.45,6.900000000000006,60.0,54.0,0.8498411616954948,114,6.0,38.0,0.05,161.0,
2025-04-08 09:00:11,161.0,11.0,163.92,25.0,160.0,55.0,165.8,30.0,162.46,2.9199999999999875,66.0,55.0,1.3000461530700371,121,11.0,7.0,0.09,161.0,
2025-04-08 09:00:12,161.2,10.0,339.56,41.0,160.05,42.0,343.8,20.0,250.38,178.36,52.0,61.0,38.52148257790849,113,-9.0,-8.0,-0.08,163.2,5.0
2025-04-08 09:00:13,145.11,28.0,282.85,39.0,119.57,44.0,383.52,21.0,213.98,137.74,72.0,60.0,39.52586596141955,132,12.0,19.0,0.09,160.57,7.0
2025-04-08 09:00:14,117.75,24.0,354.0,7.0,103.23,65.0,516.86,14.0,235.88,236.25,89.0,21.0,40.455496536318776,110,68.0,-22.0,0.62,160.57,
2025-04-08 09:00:15,165.0,14.0,389.48,23.0,114.02,47.0,524.92,13.0,277.24,224.48,61.0,36.0,43.24230474893879,97,25.0,-13.0,0.26,160.57,
2025-04-08 09:00:16,165.0,28.0,390.29,70.0,158.92,52.0,458.93,15.0,277.64,225.29,80.0,85.0,27.375643919369043,165,-5.0,68.0,-0.03,160.57,
2025-04-08 09:00:17,164.18,22.0,305.7,46.0,161.12,34.0,369.14,14.0,234.94,141.51999999999998,56.0,60.0,28.32095125521189,116,-4.0,-49.0,-0.03,160.57,
2025-04-08 09:00:18,162.43,70.0,205.3,50.0,158.45,44.0,207.0,10.0,183.86,42.870000000000005,114.0,60.0,38.66389168203441,174,54.0,58.0,0.31,162.0,3.0
2025-04-08 09:00:19,165.0,90.0,203.89,45.0,159.0,45.0,289.22,9.0,184.44,38.88999999999999,135.0,54.0,46.68248365286591,189,81.0,15.0,0.43,162.0,
2025-04-08 09:00:20,165.0,110.0,188.16,56.0,162.47,38.0,199.31,16.0,176.58,23.16,148.0,72.0,43.7022667604336,220,76.0,31.0,0.35,165.0,5.0
2025-04-08 09:00:21,165.0,44.0,170.78,45.0,163.0,27.0,215.0,9.0,167.89,5.780000000000001,71.0,54.0,26.24936418277797,125,17.0,-95.0,0.14,165.0,1.0
2025-04-08 09:00:22,165.0,42.0,167.14,42.0,163.0,36.0,171.31,52.0,166.07,2.1399999999999864,78.0,94.0,8.623477836703193,172,-16.0,47.0,-0.09,165.0,1.0
2025-04-08 09:00:23,162.4,30.0,166.0,45.0,160.5,32.0,184.68,19.0,164.2,3.5999999999999943,62.0,64.0,8.492533779745143,126,-2.0,-46.0,-0.02,163.29,7.0
2025-04-08 09:00:24,159.15,26.0,164.38,40.0,158.25,32.0,267.0,8.0,161.76,5.22999999999999,58.0,48.0,5.663060126831947,106,10.0,-20.0,0.09,163.29,
2025-04-08 09:00:25,161.0,80.0,163.24,41.0,159.0,40.0,335.0,10.0,162.12,2.240000000000009,120.0,51.0,2.606562870930744,171,69.0,65.0,0.4,163.0,3.0
2025-04-08 09:00:26,159.33,24.0,286.93,14.0,158.44,36.0,548.91,11.0,223.13,127.6,60.0,25.0,26.706900419182137,85,35.0,-86.0,0.41,161.0,1.0
2025-04-08 09:00:27,161.48,62.0,223.25,24.0,158.29,56.0,272.57,14.0,192.37,61.77000000000001,118.0,38.0,26.984636925482416,156,80.0,71.0,0.51,166.0,2.0
2025-04-08 09:00:28,166.0,75.0,195.5,26.0,159.0,60.0,195.38,21.0,180.75,29.5,135.0,47.0,25.422061875467687,182,88.0,26.0,0.48,166.0,
2025-04-08 09:00:29,166.0,50.0,180.9,20.0,159.0,40.0,182.4,20.0,173.45,14.900000000000006,90.0,40.0,23.312393270535456,130,50.0,-52.0,0.38,166.0,
2025-04-08 09:00:30,160.28,82.0,177.27,22.0,158.27,44.0,179.09,22.0,168.78,16.99000000000001,126.0,44.0,21.7164978760413,170,82.0,40.0,0.48,166.0,5.0
2025-04-08 09:00:31,159.0,72.0,175.38,16.0,158.0,32.0,177.0,16.0,167.19,16.379999999999995,104.0,32.0,10.313778163219837,136,72.0,-34.0,0.53,166.0,
2025-04-08 09:00:32,159.92,78.0,171.5,20.0,158.6,60.0,173.0,20.0,165.71,11.580000000000013,138.0,40.0,6.089719205358511,178,98.0,42.0,0.55,166.0,
2025-04-08 09:00:33,162.0,52.0,167.7,20.0,159.05,83.0,168.7,20.0,164.85,5.699999999999989,135.0,40.0,3.3960830378707705,175,95.0,-3.0,0.54,162.0,1.0
2025-04-08 09:00:34,162.0,24.0,164.43,14.0,161.0,12.0,165.54,13.0,163.21,2.430000000000007,36.0,27.0,2.140191580236303,63,9.0,-112.0,0.14,162.0,3.0
2025-04-08 09:00:35,161.67,18.0,163.43,21.0,159.62,39.0,223.43,14.0,162.55,1.760000000000019,57.0,35.0,1.8765180521686435,92,22.0,29.0,0.24,161.67,6.0
2025-04-08 09:00:36,159.18,110.0,172.48,27.0,156.48,73.0,429.93,14.0,165.83,13.299999999999985,183.0,41.0,1.4830374237068014,224,142.0,132.0,0.63,160.0,5.0
2025-04-08 09:00:37,161.67,21.0,301.44,16.0,158.8,20.0,379.0,8.0,231.55,139.77,41.0,24.0,30.18804597850133,65,17.0,-159.0,0.26,161.8,5.0
2025-04-08 09:00:38,159.0,23.0,280.54,13.0,158.0,9.0,281.91,23.0,219.77,121.54000000000002,32.0,36.0,34.1247610980664,68,-4.0,3.0,-0.06,161.8,
2025-04-08 09:00:39,160.9,130.0,256.94,18.0,159.0,30.0,280.18,22.0,208.92,96.04,160.0,40.0,31.662329036255404,200,120.0,132.0,0.6,161.8,
2025-04-08 09:00:40,162.33,195.0,248.0,21.0,159.0,45.0,280.08,39.0,205.17,85.66999999999999,240.0,60.0,24.82414187842349,300,180.0,100.0,0.6,161.8,
2025-04-08 09:00:41,163.0,106.0,256.18,28.0,159.0,36.0,259.33,12.0,209.59,93.18,142.0,40.0,10.718194810699025,182,102.0,-118.0,0.56,163.0,5.0
2025-04-08 09:00:42,163.0,72.0,239.42,19.0,159.63,19.0,240.33,15.0,201.21,76.41999999999999,91.0,34.0,6.922378204063799,125,57.0,-57.0,0.46,163.0,
2025-04-08 09:00:43,163.0,112.0,228.73,22.0,162.0,14.0,229.0,34.0,195.86,65.72999999999999,126.0,56.0,5.717398884116734,182,70.0,57.0,0.38,163.0,
2025-04-08 09:00:44,163.6,80.0,226.57,14.0,162.0,10.0,227.92,26.0,195.09,62.97,90.0,40.0,6.160996672625325,130,50.0,-52.0,0.38,163.0,
2025-04-08 09:00:45,164.0,95.0,225.63,35.0,162.0,13.0,226.29,17.0,194.81,61.63,108.0,52.0,6.309700468334544,160,56.0,30.0,0.35,164.0,1.0
2025-04-08 09:00:46,164.48,29.0,222.41,22.0,162.0,12.0,224.62,26.0,193.45,57.93000000000001,41.0,48.0,2.99479214639386,89,-7.0,-71.0,-0.08,164.0,5.0
2025-04-08 09:00:47,165.54,26.0,218.64,33.0,162.0,13.0,356.28,43.0,192.09,53.1,39.0,76.0,1.493017079642081,115,-37.0,26.0,-0.32,164.0,
2025-04-08 09:00:48,161.91,22.0,206.5,34.0,159.14,44.0,214.32,34.0,184.2,44.59,66.0,68.0,4.482434606338803,134,-2.0,19.0,-0.01,164.67,3.0
2025-04-08 09:00:49,164.56,27.0,211.83,29.0,159.37,43.0,212.93,43.0,188.19,47.27000000000001,70.0,72.0,4.3249647397526925,142,-2.0,8.0,-0.01,161.0,1.0
2025-04-08 09:00:50,167.0,44.0,208.53,45.0,161.0,22.0,209.19,43.0,187.77,41.53,66.0,88.0,3.689905147846546,154,-22.0,12.0,-0.14,161.0,
2025-04-08 09:00:51,167.0,52.0,205.23,39.0,161.62,29.0,206.58,57.0,186.12,38.22999999999999,81.0,96.0,2.9266072507435656,177,-15.0,23.0,-0.08,161.0,
2025-04-08 09:00:52,167.0,48.0,202.21,47.0,163.0,36.0,204.08,36.0,184.61,35.21000000000001,84.0,83.0,1.7997972108282414,167,1.0,-10.0,0.01,161.0,
2025-04-08 09:00:53,167.0,36.0,198.18,33.0,163.0,27.0,200.0,30.0,182.59,31.180000000000007,63.0,63.0,2.313002377885756,126,0.0,-41.0,0.0,161.0,
2025-04-08 09:00:54,167.0,30.0,195.65,49.0,163.0,36.0,196.44,43.0,181.33,28.65000000000001,66.0,92.0,2.5992845169595022,158,-26.0,32.0,-0.16,167.0,3.0
2025-04-08 09:00:55,164.91,23.0,188.21,53.0,162.73,30.0,189.53,55.0,176.56,23.30000000000001,53.0,108.0,3.6702956284345474,161,-55.0,3.0,-0.34,164.33,3.0
2025-04-08 09:00:56,165.0,120.0,183.71,55.0,163.0,15.0,184.88,51.0,174.35,18.710000000000008,135.0,106.0,4.284345924421389,241,29.0,80.0,0.12,164.33,
2025-04-08 09:00:57,165.0,64.0,180.08,36.0,163.0,8.0,181.45,33.0,172.54,15.080000000000013,72.0,69.0,4.358363224893776,141,3.0,-100.0,0.02,164.33,
2025-04-08 09:00:58,165.0,128.0,178.07,58.0,163.0,16.0,180.78,54.0,171.53,13.069999999999991,144.0,112.0,3.894684839638079,256,32.0,115.0,0.12,164.33,
2025-04-08 09:00:59,165.0,99.0,173.92,39.0,163.0,13.0,176.58,45.0,169.46,8.919999999999987,112.0,84.0,2.708204202069482,196,28.0,-60.0,0.14,165.0,5.0
2025-04-08 09:01:00,163.0,11.0,171.63,38.0,162.0,11.0,172.68,34.0,167.32,8.629999999999995,22.0,72.0,2.728598541395733,94,-50.0,-102.0,-0.53,165.0,3.0
2025-04-08 09:01:01,162.73,15.0,167.5,40.0,160.95,20.0,169.06,47.0,165.12,4.77000000000001,35.0,87.0,3.034498311106306,122,-52.0,28.0,-0.43,162.0,3.0
2025-04-08 09:01:02,159.67,42.0,162.83,41.0,158.92,53.0,163.97,40.0,161.25,3.160000000000025,95.0,81.0,3.9765349237881855,176,14.0,54.0,0.08,161.0,2.0
2025-04-08 09:01:03,159.0,143.0,161.27,64.0,158.0,15.0,186.51,53.0,160.13,2.2700000000000102,158.0,117.0,3.952091851172893,275,41.0,99.0,0.15,159.67,9.0
2025-04-08 09:01:04,159.0,84.0,163.0,21.0,158.0,7.0,221.66,32.0,161.0,4.0,91.0,53.0,3.100391910727932,144,38.0,-131.0,0.26,159.67,
2025-04-08 09:01:05,159.0,48.0,162.5,30.0,158.0,10.0,257.46,26.0,160.75,3.5,58.0,56.0,1.9839228815927328,114,2.0,-30.0,0.02,159.67,
2025-04-08 09:01:06,163.88,41.0,223.44,45.0,158.83,24.0,516.2,20.0,193.66,59.56,65.0,65.0,14.70915259286228,130,0.0,16.0,0.0,162.0,3.0
2025-04-08 09:01:07,167.0,45.0,184.0,45.0,159.0,36.0,201.22,36.0,175.5,17.0,81.0,81.0,14.610002395622908,162,0.0,32.0,0.0,162.0,
2025-04-08 09:01:08,167.0,50.0,203.0,40.0,159.91,46.0,412.18,49.0,185.0,36.0,96.0,89.0,14.554573851546024,185,7.0,23.0,0.04,167.0,5.0
2025-04-08 09:01:09,162.0,28.0,311.11,36.0,159.0,36.0,494.67,39.0,236.56,149.11,64.0,75.0,28.59899263960372,139,-11.0,-46.0,-0.08,162.0,5.0
2025-04-08 09:01:10,162.38,13.0,374.74,38.0,161.14,56.0,465.11,36.0,268.56,212.36,69.0,74.0,39.36917931580628,143,-5.0,4.0,-0.03,162.0,
2025-04-08 09:01:11,163.0,10.0,245.1,50.0,162.0,120.0,420.0,40.0,204.05,82.1,130.0,90.0,38.43168588547878,220,40.0,77.0,0.18,162.0,
2025-04-08 09:01:12,162.08,24.0,213.35,17.0,161.92,26.0,261.32,19.0,187.72,51.26999999999998,50.0,36.0,35.66550742664554,86,14.0,-134.0,0.16,162.5,2.0
2025-04-08 09:01:13,162.0,40.0,211.0,16.0,161.0,4.0,219.0,20.0,186.5,49.0,44.0,36.0,35.34041482495795,80,8.0,-6.0,0.1,162.0,4.0
2025-04-08 09:01:14,162.0,37.0,216.0,32.0,161.0,7.0,327.39,31.0,189.0,54.0,44.0,63.0,35.050558911379824,107,-19.0,27.0,-0.18,162.0,4.0
2025-04-08 09:01:15,162.43,37.0,365.52,25.0,161.18,17.0,658.9,39.0,263.98,203.09,54.0,64.0,33.04761262179324,118,-10.0,11.0,-0.08,162.0,
2025-04-08 09:01:16,166.0,40.0,435.29,17.0,162.29,34.0,595.0,40.0,300.65,269.29,74.0,57.0,53.40596127774603,131,17.0,13.0,0.13,166.0,2.0
2025-04-08 09:01:17,161.05,20.0,327.0,30.0,160.64,25.0,374.83,24.0,244.03,165.95,45.0,54.0,49.20054034256239,99,-9.0,-32.0,-0.09,162.38,8.0
2025-04-08 09:01:18,161.78,32.0,289.15,26.0,160.64,50.0,364.97,33.0,225.47,127.36999999999998,82.0,59.0,41.75770982705003,141,23.0,42.0,0.16,162.38,
2025-04-08 09:01:19,167.0,11.0,324.56,36.0,165.0,33.0,403.79,28.0,245.78,157.56,44.0,64.0,28.447809581760616,108,-20.0,-33.0,-0.19,162.38,
2025-04-08 09:01:20,168.0,5.0,274.0,8.0,165.0,15.0,353.41,17.0,221.0,106.0,20.0,25.0,31.73100896599587,45,-5.0,-63.0,-0.11,162.38,
2025-04-08 09:01:21,168.0,12.0,214.71,21.0,165.11,35.0,334.92,39.0,191.36,46.71000000000001,47.0,60.0,22.02513268972764,107,-13.0,62.0,-0.12,162.38,
2025-04-08 09:01:22,168.0,11.0,205.11,28.0,167.0,22.0,252.29,14.0,186.55,37.110000000000014,33.0,42.0,24.78203119197673,75,-9.0,-32.0,-0.12,162.38,
2025-04-08 09:01:23,168.0,7.0,198.44,9.0,167.0,14.0,227.75,8.0,183.22,30.44,21.0,17.0,27.00988374651225,38,4.0,-37.0,0.11,162.38,
2025-04-08 09:01:24,168.0,15.0,195.53,30.0,167.0,30.0,235.6,15.0,181.77,27.53,45.0,45.0,16.200396600086858,90,0.0,52.0,0.0,162.38,
2025-04-08 09:01:25,168.0,9.0,193.8,15.0,167.0,18.0,194.13,30.0,180.9,25.80000000000001,27.0,45.0,4.271282008964671,72,-18.0,-18.0,-0.25,162.38,
2025-04-08 09:01:26,167.33,24.0,191.48,25.0,166.22,72.0,192.05,55.0,179.41,24.149999999999977,96.0,80.0,2.714654674190629,176,16.0,104.0,0.09,168.0,1.0
2025-04-08 09:01:27,166.12,48.0,188.6,30.0,165.54,39.0,190.47,15.0,177.36,22.47999999999999,87.0,45.0,2.2479924377330223,132,42.0,-44.0,0.32,167.0,2.0
2025-04-08 09:01:28,166.0,91.0,187.0,13.0,165.0,39.0,188.0,52.0,176.5,21.0,130.0,65.0,2.2479924377330125,195,65.0,63.0,0.33,167.0,
2025-04-08 09:01:29,166.0,70.0,184.7,10.0,165.0,30.0,188.0,40.0,175.35,18.69999999999999,100.0,50.0,2.2379745307095837,150,50.0,-45.0,0.33,167.0,
2025-04-08 09:01:30,166.0,74.0,181.12,33.0,165.0,36.0,185.41,27.0,173.56,15.120000000000005,110.0,60.0,2.1882253083503014,170,50.0,20.0,0.29,166.0,3.0
2025-04-08 09:01:31,166.07,43.0,177.84,25.0,165.29,42.0,180.4,25.0,171.95,11.77000000000001,85.0,50.0,2.196731663199852,135,35.0,-35.0,0.26,166.0,
2025-04-08 09:01:32,167.79,14.0,174.69,39.0,166.0,56.0,175.85,20.0,171.24,6.900000000000006,70.0,59.0,2.2189073888075392,129,11.0,-6.0,0.09,166.0,
2025-04-08 09:01:33,162.47,116.0,172.0,48.0,162.81,97.0,174.0,36.0,167.23,9.53,213.0,84.0,3.037240523913875,297,129.0,168.0,0.43,165.1,10.0
2025-04-08 09:01:34,162.0,254.0,170.44,25.0,161.0,55.0,171.75,28.0,166.22,8.439999999999998,309.0,53.0,3.1609729514984117,362,256.0,65.0,0.71,162.0,7.0
2025-04-08 09:01:35,162.0,285.0,166.27,15.0,161.0,72.0,168.0,15.0,164.13,4.27000000000001,357.0,30.0,3.343640231858769,387,327.0,25.0,0.84,162.0,
2025-04-08 09:01:36,162.64,105.0,164.27,15.0,161.98,251.0,170.43,47.0,163.45,1.630000000000024,356.0,62.0,3.081708941497324,418,294.0,31.0,0.7,163.0,8.0
2025-04-08 09:01:37,164.27,22.0,170.67,21.0,162.04,84.0,174.33,9.0,167.47,6.399999999999977,106.0,30.0,1.82151036233794,136,76.0,-168.0,0.56,166.4,5.0
2025-04-08 09:01:38,167.0,30.0,170.28,43.0,162.12,102.0,194.04,27.0,168.64,3.280000000000001,132.0,70.0,2.189559316416098,202,62.0,66.0,0.31,166.4,
2025-04-08 09:01:39,162.46,134.0,231.63,41.0,162.0,80.0,254.75,40.0,197.05,69.16999999999999,214.0,81.0,14.09115751101043,295,133.0,93.0,0.45,166.6,5.0
2025-04-08 09:01:40,162.08,106.0,347.8,20.0,161.7,47.0,358.6,20.0,254.94,185.72,153.0,40.0,38.52005516610936,193,113.0,-102.0,0.59,162.0,4.0
2025-04-08 09:01:41,164.38,24.0,356.2,20.0,162.0,88.0,357.0,20.0,260.29,191.82,112.0,40.0,45.37433823209008,152,72.0,-41.0,0.47,162.0,
2025-04-08 09:01:42,165.5,20.0,349.86,28.0,162.0,154.0,355.93,54.0,257.68,184.36,174.0,82.0,42.22093734156211,256,92.0,104.0,0.36,165.0,2.0
2025-04-08 09:01:43,167.4,10.0,325.21,19.0,162.0,110.0,347.5,24.0,246.31,157.80999999999997,120.0,43.0,26.35832942354496,163,77.0,-93.0,0.47,165.0,
2025-04-08 09:01:44,168.0,11.0,234.52,23.0,162.0,121.0,223.83,18.0,201.26,66.52000000000001,132.0,41.0,24.51625848289492,173,91.0,10.0,0.53,165.0,
2025-04-08 09:01:45,162.63,57.0,169.5,28.0,161.87,76.0,187.52,25.0,166.07,6.8700000000000045,133.0,53.0,41.21612754735838,186,80.0,13.0,0.43,165.0,2.0
2025-04-08 09:01:46,162.0,120.0,167.2,30.0,161.0,24.0,185.08,25.0,164.6,5.199999999999989,144.0,55.0,43.64499318364148,199,89.0,13.0,0.45,165.0,
2025-04-08 09:01:47,162.0,60.0,164.33,15.0,161.0,12.0,165.4,15.0,163.17,2.3300000000000125,72.0,30.0,36.12651339390654,102,42.0,-97.0,0.41,165.0,
2025-04-08 09:01:48,162.0,42.0,267.69,13.0,161.0,14.0,369.62,16.0,214.85,105.69,56.0,29.0,24.295901917815424,85,27.0,-17.0,0.32,162.0,7.0
2025-04-08 09:01:52,165.0,50.0,343.07,14.0,161.0,10.0,567.28,29.0,254.04,178.07,60.0,43.0,76.7185963766291,103,17.0,-46.0,0.17,162.0,
2025-04-08 09:01:53,165.0,32.0,353.71,7.0,161.0,7.0,530.88,16.0,259.36,188.71,39.0,23.0,63.3235270653817,62,16.0,-41.0,0.26,165.0,1.0
2025-04-08 09:01:54,165.0,20.0,326.09,11.0,161.0,5.0,513.0,11.0,245.55,161.08999999999995,25.0,22.0,63.648776657529886,47,3.0,-15.0,0.06,165.0,
2025-04-08 09:01:55,165.0,21.0,294.0,36.0,162.0,9.0,411.0,9.0,229.5,129.0,30.0,45.0,53.9573569589923,75,-15.0,28.0,-0.2,165.0,3.0
2025-04-08 09:01:56,165.0,13.0,382.93,30.0,162.0,13.0,485.29,21.0,273.97,217.93,26.0,51.0,16.49009793785691,77,-25.0,2.0,-0.32,165.0,
2025-04-08 09:01:57,160.28,25.0,284.36,25.0,147.12,57.0,376.26,19.0,222.32,124.08,82.0,44.0,21.177272015066336,126,38.0,49.0,0.3,161.2,5.0
2025-04-08 09:01:58,160.0,14.0,325.32,19.0,158.0,49.0,442.22,27.0,242.66,165.32,63.0,46.0,19.84610415169968,109,17.0,-17.0,0.16,161.2,
2025-04-08 09:01:59,160.0,18.0,314.54,13.0,158.0,63.0,347.18,40.0,237.27,154.54000000000002,81.0,53.0,19.90463589217624,134,28.0,25.0,0.21,161.2,
2025-04-08 09:02:00,158.8,35.0,239.75,60.0,137.71,97.0,291.38,60.0,199.28,80.94999999999999,132.0,120.0,27.473351633903523,252,12.0,118.0,0.05,158.5,8.0
2025-04-08 09:02:01,158.0,11.0,227.62,42.0,124.07,74.0,253.94,49.0,192.81,69.62,85.0,91.0,22.244765002132635,176,-6.0,-76.0,-0.03,159.0,4.0
2025-04-08 09:02:02,163.14,7.0,241.0,25.0,98.62,26.0,252.0,15.0,202.07,77.86000000000001,33.0,40.0,23.27854312451928,73,-7.0,-103.0,-0.1,159.0,
2025-04-08 09:02:03,167.0,16.0,286.81,37.0,158.0,8.0,388.89,27.0,226.91,119.81,24.0,64.0,19.29371192902245,88,-40.0,15.0,-0.45,159.0,
2025-04-08 09:02:04,164.0,12.0,384.97,31.0,112.67,36.0,513.94,32.0,274.48,220.97000000000003,48.0,63.0,33.54831366850062,111,-15.0,23.0,-0.14,167.0,2.0
2025-04-08 09:02:06,117.78,41.0,397.93,15.0,112.04,47.0,613.46,26.0,257.86,280.15,88.0,41.0,48.98695612099313,129,47.0,-104.0,0.36,153.71,7.0
2025-04-08 09:02:07,160.51,41.0,215.47,19.0,125.42,65.0,454.65,23.0,187.99,54.96000000000001,106.0,42.0,50.81326076921364,148,64.0,19.0,0.43,160.0,2.0
2025-04-08 09:02:08,166.93,59.0,205.41,32.0,160.77,39.0,476.77,22.0,186.17,38.47999999999999,98.0,54.0,52.56652670664197,152,44.0,4.0,0.29,160.0,
2025-04-08 09:02:12,168.0,60.0,272.83,12.0,164.4,15.0,294.91,11.0,220.42,104.82999999999998,75.0,23.0,27.26184824989132,98,52.0,26.0,0.53,160.0,
2025-04-08 09:02:13,168.0,45.0,269.82,11.0,166.0,11.0,272.0,11.0,218.91,101.82,56.0,22.0,21.63321358467354,78,34.0,-20.0,0.44,168.0,2.0
2025-04-08 09:02:14,168.0,18.0,265.67,6.0,166.0,6.0,269.0,6.0,216.83,97.67000000000002,24.0,12.0,21.06905028709417,36,12.0,-42.0,0.33,168.0,
2025-04-08 09:02:15,168.0,24.0,260.69,13.0,166.0,8.0,261.78,9.0,214.35,92.69,32.0,22.0,11.997416388543924,54,10.0,18.0,0.19,168.0,
2025-04-08 09:02:16,168.0,27.0,258.15,13.0,166.0,9.0,259.32,19.0,213.08,90.14999999999998,36.0,32.0,3.056332769857196,68,4.0,14.0,0.06,168.0,
2025-04-08 09:02:17,163.25,59.0,255.33,18.0,162.27,15.0,256.18,22.0,209.29,92.08,74.0,40.0,3.6762644083502223,114,34.0,46.0,0.3,167.5,4.0
2025-04-08 09:02:18,163.0,56.0,252.23,13.0,162.0,14.0,253.53,17.0,207.62,89.22999999999999,70.0,30.0,3.750750591561946,100,40.0,-14.0,0.4,167.5,
2025-04-08 09:02:19,165.69,104.0,239.47,17.0,162.84,74.0,247.62,24.0,202.58,73.78,178.0,41.0,4.683388730406838,219,137.0,119.0,0.63,167.5,
2025-04-08 09:02:20,168.0,80.0,205.17,18.0,163.09,70.0,214.91,11.0,186.58,37.16999999999999,150.0,29.0,10.354506265394836,179,121.0,-40.0,0.68,167.5,
2025-04-08 09:02:21,168.0,28.0,181.62,8.0,163.48,31.0,228.1,10.0,174.81,13.620000000000005,59.0,18.0,14.93772506106936,77,41.0,-102.0,0.53,168.0,6.0
2025-04-08 09:02:22,168.0,16.0,218.12,16.0,165.0,96.0,380.25,8.0,193.06,50.120000000000005,112.0,24.0,13.015302532023572,136,88.0,59.0,0.65,168.0,
2025-04-08 09:02:24,168.0,22.0,406.47,17.0,165.0,132.0,542.82,11.0,287.24,238.47000000000003,154.0,28.0,45.08958338685446,182,126.0,103.0,0.69,169.0,4.0
2025-04-08 09:02:25,168.0,28.0,405.21,42.0,165.0,168.0,407.0,14.0,286.61,237.21,196.0,56.0,54.31155908275976,252,140.0,70.0,0.56,169.0,
2025-04-08 09:02:26,168.0,12.0,281.0,10.0,165.0,72.0,391.64,14.0,224.5,113.0,84.0,24.0,45.992944785044,108,60.0,-144.0,0.56,169.0,
2025-04-08 09:02:27,165.32,57.0,214.88,24.0,163.95,76.0,289.33,6.0,190.1,49.56,133.0,30.0,46.73245478251817,163,103.0,55.0,0.63,166.5,4.0
2025-04-08 09:02:28,165.0,80.0,214.0,24.0,163.0,64.0,496.8,20.0,189.5,49.0,144.0,44.0,48.957581639620486,188,100.0,25.0,0.53,166.5,
2025-04-08 09:02:29,165.0,70.0,214.0,21.0,163.0,39.0,538.29,28.0,189.5,49.0,109.0,49.0,42.2295017730508,158,60.0,-30.0,0.38,166.5,
2025-04-08 09:02:30,165.0,80.0,214.0,24.0,163.0,32.0,388.47,30.0,189.5,49.0,112.0,54.0,15.587559141831536,166,58.0,8.0,0.35,166.5,
2025-04-08 09:02:31,165.0,97.0,213.2,30.0,163.0,40.0,348.6,40.0,189.1,48.19999999999999,137.0,70.0,0.3577708765319188,207,67.0,41.0,0.32,165.0,1.0
2025-04-08 09:02:32,165.0,81.0,208.73,11.0,163.0,36.0,233.58,26.0,186.86,43.72999999999999,117.0,37.0,1.1490517830342812,154,80.0,-53.0,0.52,165.0,
2025-04-08 09:02:33,167.0,52.0,169.3,20.0,165.0,108.0,203.09,22.0,168.15,2.300000000000012,160.0,42.0,9.27331763718322,202,118.0,48.0,0.58,167.0,4.0
2025-04-08 09:02:34,165.33,30.0,168.0,30.0,164.69,65.0,169.0,10.0,166.67,2.6699999999999875,95.0,40.0,11.59973404867942,135,55.0,-67.0,0.41,165.4,5.0
2025-04-08 09:02:35,165.0,59.0,168.0,36.0,164.0,48.0,169.0,12.0,166.5,3.0,107.0,48.0,11.47814575617908,155,59.0,20.0,0.38,165.0,1.0
2025-04-08 09:02:36,165.0,48.0,167.0,48.0,164.0,64.0,169.0,16.0,166.0,2.0,112.0,64.0,8.993421484623692,176,48.0,21.0,0.27,165.0,2.0
2025-04-08 09:02:37,164.59,17.0,165.75,36.0,163.14,43.0,218.0,12.0,165.17,1.1599999999999966,60.0,48.0,1.092048533761231,108,12.0,-68.0,0.11,163.8,5.0
2025-04-08 09:02:38,163.56,9.0,177.48,21.0,161.78,23.0,269.67,9.0,170.52,13.919999999999987,32.0,30.0,2.067261473565983,62,2.0,-46.0,0.03,162.75,4.0
2025-04-08 09:02:39,163.04,50.0,249.83,23.0,161.35,34.0,279.44,16.0,206.43,86.79000000000002,84.0,39.0,17.732493620472344,123,45.0,61.0,0.37,162.75,
2025-04-08 09:02:40,164.4,40.0,246.7,20.0,161.18,40.0,247.7,20.0,205.55,82.29999999999998,80.0,40.0,21.32939825686826,120,40.0,-3.0,0.33,162.75,
2025-04-08 09:02:41,165.73,44.0,243.71,17.0,162.97,65.0,245.09,22.0,204.72,77.98000000000002,109.0,39.0,20.756220031597675,148,70.0,28.0,0.47,162.75,
2025-04-08 09:02:42,167.25,32.0,243.0,9.0,165.64,22.0,244.0,18.0,205.12,75.75,54.0,27.0,15.636299754100987,81,27.0,-67.0,0.33,166.0,2.0
2025-04-08 09:02:43,168.0,44.0,224.53,19.0,166.0,22.0,243.56,18.0,196.26,56.53,66.0,37.0,4.160844866141981,103,29.0,22.0,0.28,166.0,
2025-04-08 09:02:44,168.0,36.0,210.47,15.0,166.0,18.0,212.53,19.0,189.23,42.47,54.0,34.0,7.230506897866795,88,20.0,-15.0,0.23,166.0,
2025-04-08 09:02:46,164.67,27.0,176.58,45.0,162.69,87.0,181.44,64.0,170.62,11.910000000000023,114.0,109.0,13.388277335045618,223,5.0,56.0,0.02,166.0,1.0
2025-04-08 09:02:47,163.0,35.0,173.64,55.0,162.0,99.0,175.0,44.0,168.32,10.639999999999986,134.0,99.0,11.928904811427335,233,35.0,10.0,0.15,163.0,3.0
2025-04-08 09:02:48,166.92,49.0,169.77,48.0,162.57,21.0,171.91,33.0,168.34,2.8500000000000227,70.0,81.0,9.253170807895684,151,-11.0,-82.0,-0.07,163.0,
2025-04-08 09:02:49,163.07,27.0,168.93,59.0,161.8,104.0,170.38,16.0,166.0,5.860000000000014,131.0,75.0,5.785310709036449,206,56.0,55.0,0.27,165.0,7.0
2025-04-08 09:02:50,162.0,71.0,168.88,34.0,161.0,110.0,169.46,26.0,165.44,6.879999999999996,181.0,60.0,2.0801634551378805,241,121.0,35.0,0.5,165.0,
2025-04-08 09:02:51,162.0,65.0,167.33,9.0,161.0,99.0,169.0,45.0,164.67,5.3300000000000125,164.0,54.0,1.6886325829175854,218,110.0,-23.0,0.5,165.0,
2025-04-08 09:02:52,162.0,70.0,165.86,14.0,161.0,110.0,168.93,46.0,163.93,3.8600000000000136,180.0,60.0,1.6821206853524937,240,120.0,22.0,0.5,165.0,
2025-04-08 09:02:53,162.0,91.0,163.64,56.0,161.0,143.0,164.77,70.0,162.82,1.6399999999999864,234.0,126.0,1.2533834210210926,360,108.0,120.0,0.3,165.0,
2025-04-08 09:02:54,161.7,83.0,163.17,53.0,160.9,122.0,170.81,37.0,162.43,1.4699999999999989,205.0,90.0,1.2533834210210295,295,115.0,-65.0,0.39,161.64,11.0
2025-04-08 09:02:55,160.92,99.0,193.64,28.0,159.74,70.0,307.89,37.0,177.28,32.72,169.0,65.0,6.242878342566905,234,104.0,-61.0,0.44,165.33,3.0
2025-04-08 09:02:56,166.9,42.0,204.58,24.0,160.5,28.0,236.31,32.0,185.74,37.68000000000001,70.0,56.0,10.553200936213234,126,14.0,-108.0,0.11,165.33,
2025-04-08 09:02:57,168.0,32.0,202.12,16.0,164.0,16.0,244.27,22.0,185.06,34.120000000000005,48.0,38.0,11.48421873703618,86,10.0,-40.0,0.12,165.33,
2025-04-08 09:02:58,168.0,44.0,201.45,22.0,164.0,22.0,311.31,26.0,184.73,33.44999999999999,66.0,48.0,9.905754388237868,114,18.0,28.0,0.16,165.33,
2025-04-08 09:02:59,168.0,23.0,200.0,22.0,164.0,22.0,308.35,34.0,184.0,32.0,45.0,56.0,3.457140436848745,101,-11.0,-13.0,-0.11,168.0,3.0
2025-04-08 09:03:00,168.0,6.0,200.0,12.0,164.0,12.0,251.53,19.0,184.0,32.0,18.0,31.0,0.7402567122931414,49,-13.0,-52.0,-0.27,168.0,
2025-04-08 09:03:01,168.0,11.0,197.14,28.0,164.0,22.0,213.93,28.0,182.57,29.139999999999983,33.0,56.0,0.9585770705034052,89,-23.0,40.0,-0.26,168.0,
2025-04-08 09:03:02,162.06,109.0,193.4,20.0,161.21,29.0,194.9,29.0,177.73,31.340000000000003,138.0,49.0,2.8361294046807104,187,89.0,98.0,0.48,165.33,3.0
2025-04-08 09:03:03,162.0,96.0,191.4,25.0,161.0,24.0,192.62,16.0,176.7,29.40000000000001,120.0,41.0,3.52305974971958,161,79.0,-26.0,0.49,165.33,
2025-04-08 09:03:04,162.0,132.0,189.9,49.0,161.0,33.0,190.93,28.0,175.95,27.90000000000001,165.0,77.0,3.646566878598792,242,88.0,81.0,0.36,165.33,
2025-04-08 09:03:05,162.0,117.0,185.81,37.0,161.0,33.0,187.35,40.0,173.91,23.81,150.0,77.0,3.225154259891005,227,73.0,-15.0,0.32,162.0,3.0
2025-04-08 09:03:06,162.0,33.0,184.38,16.0,161.0,15.0,185.21,19.0,173.19,22.379999999999995,48.0,35.0,1.9025982235071428,83,13.0,-144.0,0.16,162.0,3.0
2025-04-08 09:03:07,162.07,45.0,181.46,26.0,161.08,39.0,182.69,26.0,171.76,19.39000000000001,84.0,52.0,2.019794544029701,136,32.0,53.0,0.24,162.0,3.0
2025-04-08 09:03:08,163.74,47.0,178.33,18.0,162.56,27.0,179.67,18.0,171.04,14.590000000000003,74.0,36.0,1.9236293822074328,110,38.0,-26.0,0.35,162.0,
2025-04-08 09:03:09,165.19,78.0,176.95,38.0,164.09,68.0,178.26,38.0,171.07,11.759999999999993,146.0,76.0,1.296159712416407,222,70.0,112.0,0.32,164.0,3.0
2025-04-08 09:03:10,166.0,72.0,171.85,39.0,165.0,36.0,173.75,24.0,168.92,5.849999999999994,108.0,63.0,1.5422807786168615,171,45.0,-51.0,0.26,164.0,
2025-04-08 09:03:11,166.7,40.0,168.44,36.0,165.91,66.0,170.04,48.0,167.57,1.740000000000009,106.0,84.0,1.7585135768855027,190,22.0,19.0,0.12,167.0,2.0
2025-04-08 09:03:12,164.68,63.0,171.35,49.0,162.53,106.0,178.87,46.0,168.01,6.669999999999988,169.0,95.0,1.6552552673501468,264,74.0,74.0,0.28,166.0,8.0
2025-04-08 09:03:13,163.06,17.0,171.25,16.0,161.38,26.0,172.57,14.0,167.15,8.189999999999998,43.0,30.0,1.5571705109236174,73,13.0,-168.0,0.18,163.2,5.0
2025-04-08 09:03:14,162.28,57.0,166.5,56.0,160.44,72.0,168.0,44.0,164.39,4.219999999999999,129.0,100.0,1.706581378103488,229,29.0,156.0,0.13,164.0,4.0
2025-04-08 09:03:15,162.06,35.0,164.42,45.0,160.24,50.0,205.75,32.0,163.24,2.359999999999985,85.0,77.0,2.121984919854317,162,8.0,-67.0,0.05,163.5,2.0
2025-04-08 09:03:16,162.97,117.0,236.68,37.0,161.58,19.0,331.0,35.0,199.83,73.71000000000001,136.0,72.0,15.38853729241646,208,64.0,46.0,0.31,163.0,1.0
2025-04-08 09:03:17,163.92,247.0,271.88,34.0,163.57,65.0,304.2,55.0,217.9,107.96,312.0,89.0,24.94008360050335,401,223.0,168.0,0.56,163.0,
2025-04-08 09:03:18,168.0,38.0,256.5,20.0,164.0,170.0,298.0,20.0,212.25,88.5,208.0,40.0,26.12703905918349,248,168.0,-153.0,0.68,168.0,2.0
2025-04-08 09:03:29,166.9,81.0,169.6,43.0,165.81,52.0,170.93,46.0,168.25,2.6999999999999886,133.0,89.0,2.3990039599994355,222,44.0,-23.0,0.2,167.57,7.0
2025-04-08 09:03:30,165.97,39.0,232.2,40.0,163.87,47.0,290.2,25.0,199.09,66.22999999999999,86.0,65.0,12.784951310040046,151,21.0,-71.0,0.14,166.55,11.0
2025-04-08 09:03:31,160.82,49.0,268.6,30.0,160.08,39.0,342.04,25.0,214.71,107.78000000000004,88.0,55.0,20.959055322225225,143,33.0,-8.0,0.23,162.4,5.0
2025-04-08 09:03:32,160.0,34.0,288.67,12.0,159.0,6.0,363.67,12.0,224.33,128.67000000000002,40.0,24.0,25.44134273186265,64,16.0,-79.0,0.25,160.0,2.0
2025-04-08 09:03:33,163.71,55.0,339.11,27.0,159.98,49.0,371.08,26.0,251.41,175.4,104.0,53.0,30.790724577380526,157,51.0,93.0,0.32,160.0,
2025-04-08 09:03:34,164.0,45.0,308.74,23.0,160.0,44.0,362.18,22.0,236.37,144.74,89.0,45.0,20.02661029730467,134,44.0,-23.0,0.33,164.0,3.0
2025-04-08 09:03:35,164.0,24.0,296.12,16.0,160.0,32.0,304.59,17.0,230.06,132.12,56.0,33.0,13.74258636502283,89,23.0,-45.0,0.26,164.0,
2025-04-08 09:03:36,164.0,27.0,288.78,18.0,160.5,24.0,295.71,21.0,226.39,124.77999999999996,51.0,39.0,10.900170640871286,90,12.0,1.0,0.13,164.0,
2025-04-08 09:03:37,163.95,21.0,288.17,24.0,160.69,26.0,415.43,28.0,226.06,124.22000000000004,47.0,52.0,10.54973317198651,99,-5.0,9.0,-0.05,164.0,3.0
2025-04-08 09:03:38,168.0,9.0,271.92,24.0,163.0,9.0,385.11,18.0,219.96,103.92000000000002,18.0,42.0,6.021392696055462,60,-24.0,-39.0,-0.4,164.0,
2025-04-08 09:03:39,166.0,8.0,293.0,16.0,162.0,8.0,294.0,16.0,229.5,127.0,16.0,32.0,4.018542024181089,48,-16.0,-12.0,-0.33,162.2,5.0
2025-04-08 09:03:40,162.29,7.0,291.86,14.0,159.57,7.0,304.14,14.0,227.07,129.57000000000002,14.0,28.0,3.5293101309050745,42,-14.0,-6.0,-0.33,162.2,
2025-04-08 09:03:41,164.0,31.0,290.09,22.0,160.0,11.0,445.28,25.0,227.05,126.08999999999996,42.0,47.0,3.569197388784944,89,-5.0,47.0,-0.06,164.0,2.0
2025-04-08 09:03:42,164.0,50.0,289.0,20.0,160.43,14.0,420.93,29.0,226.5,125.0,64.0,49.0,3.5786771299055884,113,15.0,24.0,0.13,164.0,
2025-04-08 09:03:43,164.55,66.0,260.67,18.0,162.58,38.0,278.14,21.0,212.61,96.12,104.0,39.0,6.772534975923607,143,65.0,30.0,0.45,164.0,
2025-04-08 09:03:44,166.0,72.0,239.0,16.0,164.0,40.0,255.67,12.0,202.5,73.0,112.0,28.0,11.170865230594544,140,84.0,-3.0,0.6,164.0,
2025-04-08 09:03:49,168.0,65.0,194.83,24.0,167.0,13.0,196.07,15.0,181.42,26.830000000000013,78.0,39.0,10.63576278412089,117,39.0,-58.0,0.33,164.0,
2025-04-08 09:03:50,168.0,67.0,191.0,23.0,167.0,15.0,192.2,20.0,179.5,23.0,82.0,43.0,8.93846575202301,125,39.0,8.0,0.31,168.0,2.0
2025-04-08 09:03:51,167.38,16.0,186.23,30.0,164.12,52.0,187.56,18.0,176.8,18.849999999999994,68.0,48.0,3.449402846883144,116,20.0,-9.0,0.17,168.0,3.0
2025-04-08 09:03:52,167.0,11.0,182.71,14.0,164.0,55.0,183.71,24.0,174.86,15.710000000000008,66.0,38.0,3.3885513128893763,104,28.0,-12.0,0.27,168.0,
2025-04-08 09:03:53,167.0,11.0,179.45,11.0,164.0,55.0,181.25,16.0,173.23,12.449999999999989,66.0,27.0,3.3349542725625527,93,39.0,-11.0,0.42,168.0,
2025-04-08 09:03:54,167.0,13.0,177.09,23.0,165.05,21.0,178.27,15.0,172.04,10.090000000000003,34.0,38.0,2.9578336667369056,72,-4.0,-21.0,-0.06,168.0,
2025-04-08 09:03:55,167.0,15.0,174.15,39.0,166.0,15.0,175.0,36.0,170.58,7.150000000000006,30.0,75.0,2.422317072573573,105,-45.0,33.0,-0.43,168.0,
2025-04-08 09:03:56,164.31,29.0,171.39,36.0,163.21,42.0,172.6,40.0,167.85,7.079999999999984,71.0,76.0,2.670125465232019,147,-5.0,42.0,-0.03,165.0,5.0
2025-04-08 09:03:57,164.0,14.0,165.05,19.0,163.0,21.0,166.25,8.0,164.53,1.0500000000000114,35.0,27.0,3.494557196567166,62,8.0,-85.0,0.13,165.0,
2025-04-08 09:03:58,163.56,27.0,165.42,38.0,162.71,42.0,190.37,27.0,164.49,1.8599999999999848,69.0,65.0,3.439094357542181,134,4.0,72.0,0.03,164.0,2.0
2025-04-08 09:03:59,162.11,27.0,213.41,17.0,160.32,19.0,367.73,22.0,187.76,51.29999999999998,46.0,39.0,9.68541016168546,85,7.0,-49.0,0.08,163.0,3.0
2025-04-08 09:04:00,162.0,20.0,220.79,14.0,160.0,27.0,234.69,16.0,191.39,58.78999999999999,47.0,30.0,13.25184062687452,77,17.0,-8.0,0.22,163.0,
2025-04-08 09:04:01,162.69,26.0,196.12,17.0,161.48,46.0,215.21,29.0,179.4,33.43000000000001,72.0,46.0,12.64208962158089,118,26.0,41.0,0.22,163.0,
2025-04-08 09:04:02,163.91,22.0,190.0,23.0,162.0,44.0,191.29,21.0,176.95,26.090000000000003,66.0,44.0,10.49014156244255,110,22.0,-8.0,0.2,163.0,
2025-04-08 09:04:03,162.0,9.0,185.32,25.0,160.0,27.0,187.27,11.0,173.66,23.319999999999997,36.0,36.0,7.4670389044175804,72,0.0,-38.0,0.0,162.8,5.0
2025-04-08 09:04:04,160.27,75.0,184.9,30.0,138.23,60.0,186.0,18.0,172.58,24.629999999999995,135.0,48.0,7.5398693622690915,183,87.0,111.0,0.48,160.2,5.0
2025-04-08 09:04:05,159.31,87.0,182.43,28.0,150.75,48.0,183.2,20.0,170.87,23.120000000000005,135.0,48.0,3.442276862787499,183,87.0,0.0,0.48,163.5,2.0
2025-04-08 09:04:06,154.71,76.0,178.06,31.0,128.0,67.0,180.0,21.0,166.39,23.349999999999994,143.0,52.0,3.88275031389876,195,91.0,12.0,0.47,163.5,
2025-04-08 09:04:07,127.8,82.0,156.71,28.0,75.89,19.0,159.0,37.0,142.26,28.91000000000001,101.0,65.0,13.09420749797703,166,36.0,-29.0,0.22,157.0,2.0
2025-04-08 09:04:08,118.23,39.0,154.0,25.0,97.4,20.0,155.0,40.0,136.12,35.77,59.0,65.0,17.135151881441686,124,-6.0,-42.0,-0.05,154.0,1.0
2025-04-08 09:04:09,129.62,48.0,152.75,24.0,81.88,16.0,154.83,36.0,141.19,23.129999999999995,64.0,60.0,16.008102011171466,124,4.0,0.0,0.03,154.0,
2025-04-08 09:04:10,144.0,54.0,154.71,31.0,96.22,18.0,155.57,21.0,149.35,10.710000000000008,72.0,52.0,11.79060515834833,124,20.0,0.0,0.16,152.38,8.0
2025-04-08 09:04:11,144.0,42.0,247.91,22.0,79.86,21.0,381.8,10.0,195.95,103.91,63.0,32.0,24.48356448722434,95,31.0,-29.0,0.33,155.5,4.0
2025-04-08 09:04:13,162.68,44.0,304.14,28.0,90.52,25.0,625.86,28.0,233.41,141.45999999999998,69.0,56.0,79.95810327915551,125,13.0,31.0,0.1,155.5,
2025-04-08 09:04:14,164.0,35.0,288.11,36.0,145.25,24.0,393.0,36.0,226.06,124.11,59.0,72.0,69.60918919223313,131,-13.0,6.0,-0.1,164.0,4.0
2025-04-08 09:04:15,165.71,105.0,302.24,42.0,155.64,33.0,453.53,38.0,233.98,136.53,138.0,80.0,54.0826278022815,218,58.0,87.0,0.27,164.0,
2025-04-08 09:04:16,166.0,150.0,375.94,34.0,164.0,30.0,448.6,40.0,270.97,209.94,180.0,74.0,46.8122320553092,254,106.0,36.0,0.42,164.0,
2025-04-08 09:04:17,166.0,165.0,332.79,28.0,164.0,78.0,356.1,40.0,249.39,166.79000000000002,243.0,68.0,17.910624500561404,311,175.0,57.0,0.56,164.0,
2025-04-08 09:04:18,166.0,210.0,230.79,28.0,164.0,112.0,233.5,48.0,198.39,64.78999999999999,322.0,76.0,27.01525624531643,398,246.0,87.0,0.62,164.0,
2025-04-08 09:04:19,166.17,82.0,225.67,24.0,165.62,130.0,233.73,44.0,195.92,59.5,212.0,68.0,32.52163664393456,280,144.0,-118.0,0.51,164.0,
2025-04-08 09:04:20,166.21,29.0,230.0,10.0,164.77,117.0,234.0,20.0,198.1,63.78999999999999,146.0,30.0,35.19782280198741,176,116.0,-104.0,0.66,166.67,3.0
2025-04-08 09:04:21,166.0,156.0,230.0,24.0,164.0,432.0,256.02,41.0,198.0,64.0,588.0,65.0,23.180878973846088,653,523.0,168.0,0.8,166.67,
2025-04-08 09:04:22,166.0,104.0,228.25,16.0,164.0,288.0,277.0,24.0,197.12,62.25,392.0,40.0,1.005325817880261,432,352.0,-168.0,0.81,166.67,
2025-04-08 09:04:23,166.0,151.0,226.93,28.0,164.0,504.0,540.86,42.0,196.46,60.93000000000001,655.0,70.0,0.9500526301718816,725,585.0,168.0,0.81,166.0,3.0
2025-04-08 09:04:24,166.0,100.0,204.11,38.0,164.0,360.0,246.33,27.0,185.05,38.110000000000014,460.0,65.0,5.572789247773142,525,395.0,-168.0,0.75,166.0,
2025-04-08 09:04:25,166.0,60.0,211.45,22.0,164.0,216.0,234.17,12.0,188.73,45.44999999999999,276.0,34.0,5.817118702596291,310,242.0,-168.0,0.78,166.0,
2025-04-08 09:04:26,166.0,90.0,226.0,18.0,164.0,324.0,352.06,34.0,196.0,60.0,414.0,52.0,5.450767835827855,466,362.0,156.0,0.78,166.0,
2025-04-08 09:04:27,164.04,507.0,225.27,30.0,163.34,106.0,326.25,48.0,194.65,61.23000000000002,613.0,78.0,5.0435870172026736,691,535.0,168.0,0.77,164.0,1.0
2025-04-08 09:04:28,164.48,126.0,222.75,24.0,163.95,330.0,253.53,38.0,193.61,58.27000000000001,456.0,62.0,4.578255126147432,518,394.0,-168.0,0.76,165.14,7.0
2025-04-08 09:04:29,164.0,256.0,220.94,17.0,163.0,40.0,250.87,30.0,192.47,56.94,296.0,47.0,2.7643299369097725,343,249.0,-168.0,0.73,165.14,
2025-04-08 09:04:30,164.0,352.0,218.36,22.0,163.0,55.0,220.0,33.0,191.18,54.360000000000014,407.0,55.0,1.870446470791312,462,352.0,119.0,0.76,165.14,
2025-04-08 09:04:31,164.02,254.0,216.2,20.0,163.62,104.0,220.0,30.0,190.11,52.17999999999998,358.0,50.0,1.8209832509101729,408,308.0,-54.0,0.75,164.5,4.0
2025-04-08 09:04:32,164.0,335.0,213.0,42.0,163.0,60.0,214.59,41.0,188.5,49.0,395.0,83.0,1.993496927535909,478,312.0,70.0,0.65,164.0,10.0
2025-04-08 09:04:33,164.0,180.0,211.91,23.0,163.0,45.0,213.25,32.0,187.96,47.91,225.0,55.0,1.8646259678806425,280,170.0,-168.0,0.61,164.0,
2025-04-08 09:04:34,164.0,220.0,209.0,31.0,163.0,55.0,209.95,37.0,186.5,45.0,275.0,68.0,1.83395746954354,343,207.0,63.0,0.6,164.0,
2025-04-08 09:04:35,164.0,140.0,207.31,26.0,163.0,35.0,208.82,22.0,185.65,43.31,175.0,48.0,1.7427363541552243,223,127.0,-120.0,0.57,164.0,
2025-04-08 09:04:36,164.0,278.0,203.86,49.0,163.0,70.0,205.36,50.0,183.93,39.860000000000014,348.0,99.0,1.8343036826256105,447,249.0,168.0,0.56,164.0,2.0
2025-04-08 09:04:37,165.4,113.0,200.42,38.0,164.12,84.0,202.26,46.0,182.91,35.01999999999998,197.0,84.0,2.011628693395877,281,113.0,-166.0,0.4,164.0,
2025-04-08 09:04:38,168.0,98.0,186.36,42.0,167.0,28.0,193.58,48.0,177.18,18.360000000000014,126.0,90.0,3.665519062846776,216,36.0,-65.0,0.17,164.0,
2025-04-08 09:04:39,168.0,91.0,171.43,51.0,167.0,26.0,173.1,40.0,169.72,3.430000000000007,117.0,91.0,6.507531790171484,208,26.0,-8.0,0.12,164.0,
2025-04-08 09:04:40,165.79,80.0,167.94,49.0,164.31,162.0,170.49,59.0,166.86,2.1500000000000057,242.0,108.0,7.663736034082319,350,134.0,142.0,0.38,167.23,13.0
2025-04-08 09:04:41,164.0,118.0,167.0,14.0,163.0,77.0,168.0,28.0,165.5,3.0,195.0,42.0,7.395720384120215,237,153.0,-113.0,0.65,164.0,2.0
2025-04-08 09:04:42,164.0,108.0,165.73,11.0,163.0,77.0,167.85,26.0,164.86,1.7299999999999898,185.0,37.0,5.0310317033478125,222,148.0,-15.0,0.67,164.0,6.0
2025-04-08 09:04:43,164.0,97.0,165.92,13.0,163.0,110.0,282.35,23.0,164.96,1.9199999999999875,207.0,36.0,2.030221662797074,243,171.0,21.0,0.7,164.0,1.0
2025-04-08 09:04:44,164.0,61.0,167.0,18.0,163.0,99.0,446.18,34.0,165.5,3.0,160.0,52.0,0.7975462369608731,212,108.0,-31.0,0.51,164.0,3.0
2025-04-08 09:04:45,164.0,42.0,191.0,35.0,163.0,77.0,195.0,21.0,177.5,27.0,119.0,56.0,5.506512507939181,175,63.0,-37.0,0.36,164.0,
2025-04-08 09:04:46,164.0,84.0,189.51,51.0,163.0,132.0,192.83,46.0,176.75,25.50999999999999,216.0,97.0,6.592547307383608,313,119.0,138.0,0.38,164.0,5.0
2025-04-08 09:04:47,167.0,22.0,186.12,32.0,164.0,40.0,252.71,21.0,176.56,19.120000000000005,62.0,53.0,6.424467293098404,115,9.0,-168.0,0.08,167.0,3.0
2025-04-08 09:04:48,167.0,16.0,185.12,32.0,164.0,40.0,422.18,22.0,176.06,18.120000000000005,56.0,54.0,5.0432211928579305,110,2.0,-5.0,0.02,167.0,
2025-04-08 09:04:49,167.0,16.0,185.0,32.0,163.0,88.0,263.8,20.0,176.0,18.0,104.0,52.0,0.6087528234773023,156,52.0,46.0,0.33,167.0,
2025-04-08 09:04:50,164.19,47.0,184.1,40.0,162.7,110.0,279.0,40.0,174.15,19.91,157.0,80.0,1.0315182984763354,237,77.0,81.0,0.32,167.0,2.0
2025-04-08 09:04:51,163.42,57.0,182.14,28.0,162.57,77.0,279.0,28.0,172.78,18.72,134.0,56.0,1.5927648916558488,190,78.0,-47.0,0.41,167.0,
2025-04-08 09:04:52,164.0,42.0,181.0,28.0,163.0,77.0,279.0,28.0,172.5,17.0,119.0,56.0,1.7000352937781682,175,63.0,-15.0,0.36,167.0,
2025-04-08 09:04:53,164.0,30.0,180.0,20.0,163.0,55.0,279.0,20.0,172.0,16.0,85.0,40.0,1.6155432523121611,125,45.0,-50.0,0.36,167.0,
2025-04-08 09:04:54,164.97,62.0,180.0,60.0,163.6,110.0,270.44,45.0,172.48,15.03,172.0,105.0,0.8145059853010863,277,67.0,152.0,0.24,166.0,2.0
2025-04-08 09:04:55,167.25,16.0,178.93,30.0,164.0,48.0,194.2,20.0,173.09,11.680000000000009,64.0,50.0,0.4038564102391634,114,14.0,-163.0,0.12,166.0,
2025-04-08 09:04:56,168.0,24.0,176.36,42.0,164.0,72.0,177.43,42.0,172.18,8.360000000000014,96.0,84.0,0.4148493703638121,180,12.0,66.0,0.07,166.0,
2025-04-08 09:04:58,165.79,28.0,170.75,28.0,163.48,63.0,172.84,38.0,168.27,4.960000000000008,91.0,66.0,1.9310023304209465,157,25.0,16.0,0.16,169.0,2.0
2025-04-08 09:04:59,164.0,36.0,168.5,30.0,163.0,77.0,212.88,33.0,166.25,4.5,113.0,63.0,2.818950159206613,176,50.0,19.0,0.28,164.0,1.0
2025-04-08 09:05:00,164.0,69.0,166.45,33.0,163.0,121.0,167.71,49.0,165.23,2.4499999999999886,190.0,82.0,2.9216399504543333,272,108.0,96.0,0.4,164.0,
2025-04-08 09:05:01,163.62,37.0,165.62,40.0,162.4,98.0,354.82,49.0,164.62,2.0,135.0,89.0,2.479318454755372,224,46.0,-48.0,0.21,164.0,7.0
2025-04-08 09:05:02,162.95,137.0,165.0,44.0,161.79,75.0,343.0,44.0,163.97,2.050000000000012,212.0,88.0,1.6794701545696935,300,124.0,76.0,0.41,164.0,
2025-04-08 09:05:03,163.0,127.0,164.82,34.0,162.0,60.0,487.73,44.0,163.91,1.8199999999999927,187.0,78.0,0.9747717682053368,265,109.0,-35.0,0.41,163.5,4.0
2025-04-08 09:05:04,163.0,117.0,176.24,38.0,162.0,72.0,363.73,55.0,169.62,13.240000000000007,189.0,93.0,2.3815016271441665,282,96.0,17.0,0.34,163.0,3.0
2025-04-08 09:05:05,163.0,71.0,255.0,52.0,162.0,78.0,257.0,65.0,209.0,92.0,149.0,117.0,19.585242658698217,266,32.0,-16.0,0.12,163.0,4.0
2025-04-08 09:05:06,163.5,48.0,227.07,60.0,162.03,87.0,248.85,53.0,195.28,63.56999999999999,135.0,113.0,20.59998859223213,248,22.0,-18.0,0.09,163.0,
2025-04-08 09:05:07,165.35,34.0,187.13,60.0,162.11,111.0,189.0,60.0,176.24,21.78,145.0,120.0,18.81334632648042,265,25.0,17.0,0.09,166.0,8.0
2025-04-08 09:05:08,163.0,11.0,185.73,44.0,162.0,99.0,316.17,46.0,174.36,22.72999999999999,110.0,90.0,16.644218215347177,200,20.0,-65.0,0.1,166.0,
2025-04-08 09:05:09,162.0,42.0,185.0,28.0,160.0,63.0,484.3,30.0,173.5,23.0,105.0,58.0,15.823959049495008,163,47.0,-37.0,0.29,162.25,4.0
2025-04-08 09:05:10,161.05,114.0,185.0,64.0,159.79,114.0,293.25,64.0,173.03,23.94999999999999,228.0,128.0,9.470148890069934,356,100.0,168.0,0.28,162.25,
2025-04-08 09:05:11,160.47,90.0,183.03,58.0,159.78,69.0,194.5,48.0,171.75,22.56,159.0,106.0,1.6695598222559964,265,53.0,-91.0,0.2,162.25,
2025-04-08 09:05:12,162.0,42.0,181.62,32.0,160.0,63.0,183.03,31.0,171.81,19.620000000000005,105.0,63.0,1.1201116016233423,168,42.0,-97.0,0.25,162.25,
2025-04-08 09:05:13,162.0,48.0,180.88,32.0,160.0,72.0,182.0,40.0,171.44,18.879999999999995,120.0,72.0,0.9020698421358572,192,48.0,24.0,0.25,162.25,
2025-04-08 09:05:14,162.0,42.0,179.29,28.0,160.0,63.0,182.0,35.0,170.64,17.289999999999992,105.0,63.0,0.861527712897747,168,42.0,-24.0,0.25,162.25,
2025-04-08 09:05:15,162.0,34.0,178.26,61.0,160.0,117.0,180.07,56.0,170.13,16.25999999999999,151.0,117.0,0.7382614713572849,268,34.0,100.0,0.13,162.0,4.0
2025-04-08 09:05:16,166.47,36.0,176.86,63.0,162.47,38.0,178.17,72.0,171.66,10.390000000000017,74.0,135.0,0.7209923717284503,209,-61.0,-59.0,-0.29,167.0,5.0
2025-04-08 09:05:17,164.31,52.0,175.34,53.0,163.89,128.0,177.27,55.0,169.82,11.03,180.0,108.0,0.8007621370235108,288,72.0,79.0,0.25,164.4,5.0
2025-04-08 09:05:18,164.0,124.0,173.37,62.0,163.0,26.0,175.18,55.0,168.69,9.370000000000005,150.0,117.0,1.090169711600086,267,33.0,-21.0,0.12,164.0,5.0
2025-04-08 09:05:19,164.0,48.0,171.62,32.0,163.0,16.0,173.0,40.0,167.81,7.620000000000003,64.0,72.0,1.4665162801994225,136,-8.0,-131.0,-0.06,164.0,
2025-04-08 09:05:20,164.0,51.0,170.27,44.0,163.0,22.0,173.0,55.0,167.14,6.27000000000001,73.0,99.0,1.783039539687694,172,-26.0,36.0,-0.15,164.0,3.0
2025-04-08 09:05:21,164.0,27.0,167.67,36.0,163.0,18.0,173.0,45.0,165.83,3.669999999999988,45.0,81.0,1.514288611886517,126,-36.0,-46.0,-0.29,164.0,
2025-04-08 09:05:22,164.0,24.0,165.0,26.0,163.0,16.0,173.0,40.0,164.5,1.0,40.0,66.0,1.653671672397133,106,-26.0,-20.0,-0.25,165.0,2.0
2025-04-08 09:05:23,162.54,13.0,164.62,16.0,161.0,28.0,456.64,22.0,163.58,2.0800000000000125,41.0,38.0,1.7643043955305004,79,3.0,-27.0,0.04,163.6,5.0
2025-04-08 09:05:24,160.68,22.0,164.29,14.0,159.89,28.0,389.0,28.0,162.48,3.609999999999985,50.0,42.0,1.833924753114958,92,8.0,13.0,0.09,161.0,6.0
2025-04-08 09:05:25,160.43,63.0,161.7,40.0,159.73,33.0,198.52,50.0,161.06,1.2699999999999818,96.0,90.0,1.832266356206764,186,6.0,94.0,0.03,161.0,1.0
2025-04-08 09:05:26,160.0,28.0,161.5,20.0,159.0,19.0,176.5,40.0,160.75,1.5,47.0,60.0,1.604643262562332,107,-13.0,-79.0,-0.12,161.2,5.0
2025-04-08 09:05:27,160.0,18.0,161.58,19.0,159.0,18.0,187.38,32.0,160.79,1.5800000000000125,36.0,51.0,1.252784897772283,87,-15.0,-20.0,-0.17,161.2,5.0
2025-04-08 09:05:28,141.78,18.0,170.92,13.0,105.62,32.0,204.77,39.0,156.35,29.139999999999983,50.0,52.0,2.3116076656919087,102,-2.0,15.0,-0.02,160.0,5.0
2025-04-08 09:05:29,139.5,12.0,191.0,20.0,122.5,16.0,363.0,5.0,165.25,51.5,28.0,25.0,3.1490951081359677,53,3.0,-49.0,0.06,160.0,
2025-04-08 09:05:30,140.12,34.0,407.63,38.0,139.13,23.0,541.43,28.0,273.87,267.51,57.0,66.0,50.67094946811336,123,-9.0,70.0,-0.07,160.0,
2025-04-08 09:05:31,141.69,26.0,155.0,16.0,140.8,30.0,182.79,29.0,148.35,13.310000000000002,56.0,45.0,52.33296781188792,101,11.0,-22.0,0.11,160.0,
2025-04-08 09:05:32,143.97,30.0,155.55,22.0,142.82,34.0,158.83,48.0,149.76,11.580000000000013,64.0,70.0,53.61063028915157,134,-6.0,33.0,-0.04,156.0,4.0
2025-04-08 09:05:33,146.47,17.0,156.09,11.0,144.67,18.0,159.75,16.0,151.28,9.620000000000005,35.0,27.0,54.18430095516685,62,8.0,-72.0,0.13,156.0,
2025-04-08 09:05:34,149.06,32.0,155.0,24.0,148.14,29.0,157.0,36.0,152.03,5.939999999999998,61.0,60.0,55.25576775324088,121,1.0,59.0,0.01,156.0,
2025-04-08 09:05:35,150.0,6.0,154.67,6.0,149.0,9.0,157.0,9.0,152.33,4.669999999999988,15.0,15.0,1.6700149700178557,30,0.0,-91.0,0.0,156.0,
2025-04-08 09:05:36,152.64,25.0,155.71,17.0,151.24,21.0,241.38,24.0,154.17,3.0700000000000216,46.0,41.0,1.6060603973961225,87,5.0,57.0,0.06,154.33,3.0
2025-04-08 09:05:37,155.53,32.0,266.53,32.0,154.14,29.0,391.05,22.0,211.03,110.99999999999996,61.0,54.0,26.21820398120528,115,7.0,28.0,0.06,157.0,2.0
2025-04-08 09:05:38,155.4,25.0,252.59,27.0,96.57,14.0,280.68,31.0,204.0,97.19,39.0,58.0,30.05904556036489,97,-19.0,-18.0,-0.2,156.6,5.0
2025-04-08 09:05:39,157.68,19.0,184.33,15.0,156.25,16.0,185.93,27.0,171.01,26.65000000000001,35.0,42.0,27.574301804399216,77,-7.0,-20.0,-0.09,156.6,
2025-04-08 09:05:40,158.29,21.0,181.19,36.0,157.47,19.0,183.42,12.0,169.74,22.90000000000001,40.0,48.0,24.35332112875152,88,-8.0,11.0,-0.09,156.6,
2025-04-08 09:05:41,159.56,18.0,179.62,21.0,158.0,27.0,180.27,33.0,169.59,20.06,45.0,54.0,20.643336212930706,99,-9.0,11.0,-0.09,156.6,
2025-04-08 09:05:42,165.16,37.0,176.22,32.0,164.92,61.0,177.88,40.0,170.69,11.060000000000002,98.0,72.0,15.102249170242604,170,26.0,71.0,0.15,156.6,
2025-04-08 09:05:43,166.67,30.0,173.89,9.0,164.63,35.0,175.0,45.0,170.28,7.219999999999999,65.0,54.0,0.6056153895757688,119,11.0,-51.0,0.09,166.25,8.0
2025-04-08 09:05:44,167.0,36.0,173.0,8.0,166.0,8.0,175.0,40.0,170.0,6.0,44.0,48.0,0.4393745555797941,92,-4.0,-27.0,-0.04,167.0,5.0
2025-04-08 09:05:45,166.93,14.0,170.45,42.0,165.37,19.0,172.83,42.0,168.69,3.519999999999982,33.0,84.0,0.7625942565289004,117,-51.0,25.0,-0.44,167.0,2.0
2025-04-08 09:05:46,166.0,8.0,167.88,40.0,164.0,48.0,242.0,8.0,166.94,1.8799999999999957,56.0,48.0,1.5266139001367296,104,8.0,-13.0,0.08,167.0,
2025-04-08 09:05:47,166.0,4.0,167.0,20.0,164.0,24.0,242.0,4.0,166.5,1.0,28.0,24.0,1.7238387395839485,52,4.0,-52.0,0.08,167.0,
2025-04-08 09:05:48,164.0,60.0,309.06,17.0,163.0,32.0,425.69,13.0,236.53,145.06,92.0,30.0,30.66501051687566,122,62.0,70.0,0.51,166.0,1.0
2025-04-08 09:05:49,164.0,70.0,253.81,43.0,163.0,36.0,348.06,35.0,208.91,89.81,106.0,78.0,31.85740777276296,184,28.0,62.0,0.15,164.0,5.0
2025-04-08 09:05:50,164.0,30.0,237.78,18.0,163.0,24.0,275.78,27.0,200.89,73.78,54.0,45.0,29.78247857382088,99,9.0,-85.0,0.09,164.0,
2025-04-08 09:05:51,166.95,95.0,214.4,10.0,163.56,45.0,234.59,34.0,190.67,47.45000000000002,140.0,44.0,25.60014648395789,184,96.0,85.0,0.52,164.0,
2025-04-08 09:05:52,168.0,112.0,181.2,20.0,164.0,40.0,206.75,12.0,174.6,13.199999999999989,152.0,32.0,23.02128363059067,184,120.0,0.0,0.65,164.0,
2025-04-08 09:05:55,168.0,100.0,175.38,16.0,164.0,40.0,177.8,10.0,171.69,7.3799999999999955,140.0,26.0,7.836566850355608,166,114.0,6.0,0.69,168.0,1.0
2025-04-08 09:05:56,168.0,144.0,170.09,22.0,164.0,60.0,172.94,18.0,169.05,2.0900000000000034,204.0,40.0,2.2850382929156425,244,164.0,78.0,0.67,168.0,
2025-04-08 09:05:57,164.96,75.0,172.0,25.0,163.28,72.0,188.34,53.0,168.48,7.039999999999992,147.0,78.0,2.5072455005624064,225,69.0,-19.0,0.31,166.33,6.0
2025-04-08 09:05:58,163.22,41.0,177.45,11.0,162.18,68.0,229.81,43.0,170.34,14.22999999999999,109.0,54.0,1.761263750859074,163,55.0,-62.0,0.34,164.0,3.0
2025-04-08 09:05:59,163.0,48.0,170.5,20.0,162.0,84.0,275.75,52.0,166.75,7.5,132.0,72.0,1.8724235632168849,204,60.0,41.0,0.29,164.0,
2025-04-08 09:06:00,163.0,48.0,166.5,12.0,162.0,84.0,208.25,36.0,164.75,3.5,132.0,48.0,2.1710665581896427,180,84.0,-24.0,0.47,164.0,
2025-04-08 09:06:01,163.0,32.0,164.56,9.0,162.0,63.0,240.84,25.0,163.78,1.5600000000000025,95.0,34.0,2.6775641915907613,129,61.0,-51.0,0.47,163.0,1.0
2025-04-08 09:06:02,163.4,47.0,255.86,49.0,162.33,103.0,395.65,85.0,209.63,92.46,150.0,134.0,19.49328987113492,284,16.0,155.0,0.06,163.5,2.0
2025-04-08 09:06:04,164.86,21.0,331.4,55.0,163.85,53.0,559.37,49.0,248.13,166.53999999999996,74.0,104.0,74.47624769011999,178,-30.0,12.0,-0.17,164.67,3.0
2025-04-08 09:06:05,164.0,18.0,345.71,28.0,163.0,12.0,598.25,28.0,254.86,181.71,30.0,56.0,66.43001919313367,86,-26.0,-92.0,-0.3,164.67,
2025-04-08 09:06:06,162.58,62.0,382.6,50.0,161.5,24.0,448.56,48.0,272.59,220.02,86.0,98.0,49.16899093941336,184,-12.0,98.0,-0.07,163.6,5.0
2025-04-08 09:06:07,162.0,107.0,299.18,55.0,160.0,33.0,325.0,55.0,230.59,137.18,140.0,110.0,43.788128870735214,250,30.0,66.0,0.12,162.0,2.0
2025-04-08 09:06:08,162.4,15.0,275.89,18.0,161.8,30.0,277.5,20.0,219.14,113.48999999999998,45.0,38.0,20.884163138610795,83,7.0,-167.0,0.08,162.0,
2025-04-08 09:06:09,163.0,13.0,234.5,50.0,162.0,90.0,277.0,50.0,198.75,71.5,103.0,100.0,29.121748402184025,203,3.0,120.0,0.01,163.0,1.0
2025-04-08 09:06:10,163.96,69.0,255.18,38.0,162.16,32.0,291.76,38.0,209.57,91.22,101.0,76.0,28.50956541233321,177,25.0,-26.0,0.14,164.0,4.0
2025-04-08 09:06:11,164.0,140.0,221.25,59.0,163.0,14.0,228.32,66.0,192.63,57.25,154.0,125.0,15.2959105645955,279,29.0,102.0,0.1,164.0,
2025-04-08 09:06:12,164.0,174.0,182.61,90.0,163.0,18.0,183.67,90.0,173.31,18.610000000000014,192.0,180.0,17.445973747547097,372,12.0,93.0,0.03,164.0,2.0
2025-04-08 09:06:13,164.0,64.0,180.68,37.0,163.0,8.0,182.25,40.0,172.34,16.680000000000007,72.0,77.0,16.23717955804214,149,-5.0,-168.0,-0.03,164.0,
2025-04-08 09:06:14,165.59,51.0,177.31,52.0,163.96,75.0,178.53,57.0,171.45,11.72,126.0,109.0,16.851839662188254,235,17.0,86.0,0.07,164.0,
2025-04-08 09:06:15,166.16,50.0,173.02,66.0,163.98,98.0,174.33,60.0,169.59,6.860000000000014,148.0,126.0,9.472152870393318,274,22.0,39.0,0.08,166.25,4.0
2025-04-08 09:06:16,164.85,59.0,169.7,69.0,163.72,29.0,171.42,66.0,167.27,4.849999999999994,88.0,135.0,2.398899747821844,223,-47.0,-51.0,-0.21,164.0,4.0
2025-04-08 09:06:17,166.0,35.0,167.93,54.0,163.84,25.0,168.89,45.0,166.96,1.9300000000000068,60.0,99.0,2.413414593496016,159,-39.0,-64.0,-0.25,166.0,4.0
2025-04-08 09:06:18,162.61,28.0,165.2,40.0,160.94,65.0,167.38,52.0,163.9,2.589999999999975,93.0,92.0,2.859952796830626,185,1.0,26.0,0.01,162.71,7.0
2025-04-08 09:06:19,160.0,90.0,165.37,35.0,159.0,30.0,281.97,39.0,162.69,5.3700000000000045,120.0,74.0,2.7728631412493407,194,46.0,9.0,0.24,162.71,
2025-04-08 09:06:20,160.0,72.0,164.46,39.0,159.0,24.0,169.64,33.0,162.23,4.460000000000008,96.0,72.0,2.369229832688048,168,24.0,-26.0,0.14,162.71,
2025-04-08 09:06:21,160.0,127.0,163.13,75.0,159.0,45.0,166.0,60.0,161.57,3.1299999999999955,172.0,135.0,2.12843839471545,307,37.0,139.0,0.12,160.0,2.0
2025-04-08 09:06:22,160.0,49.0,161.71,28.0,159.0,21.0,163.0,35.0,160.86,1.710000000000008,70.0,63.0,1.1522803478748822,133,7.0,-168.0,0.05,160.0,
2025-04-08 09:06:27,115.57,49.0,154.0,14.0,95.0,28.0,157.0,14.0,134.79,38.43000000000001,77.0,28.0,8.774180873454295,105,49.0,75.0,0.47,160.0,
2025-04-08 09:06:28,150.78,81.0,159.33,18.0,149.0,18.0,346.16,31.0,155.06,8.550000000000011,99.0,49.0,16.81692391610582,148,50.0,43.0,0.34,156.57,7.0
2025-04-08 09:06:29,152.0,45.0,160.0,10.0,129.2,10.0,250.67,18.0,156.0,8.0,55.0,28.0,17.906083323834196,83,27.0,-65.0,0.33,156.57,
2025-04-08 09:06:30,154.75,72.0,256.37,51.0,147.88,65.0,361.98,66.0,205.56,101.62,137.0,117.0,32.22616049113043,254,20.0,168.0,0.08,159.67,3.0
2025-04-08 09:06:31,158.52,23.0,260.53,34.0,156.4,55.0,335.07,54.0,209.53,102.00999999999996,78.0,88.0,33.39964625561322,166,-10.0,-88.0,-0.06,159.67,
2025-04-08 09:06:32,164.48,42.0,347.0,90.0,160.14,43.0,554.0,30.0,255.74,182.52,85.0,120.0,42.18616858639926,205,-35.0,39.0,-0.17,159.67,
2025-04-08 09:06:40,168.0,11.0,255.96,25.0,167.0,11.0,253.47,34.0,211.98,87.96000000000001,22.0,59.0,36.64136460341104,81,-37.0,28.0,-0.46,159.67,
2025-04-08 09:06:41,168.0,15.0,197.34,35.0,167.0,15.0,216.82,34.0,182.67,29.340000000000003,30.0,69.0,49.40842671043169,99,-39.0,18.0,-0.39,159.67,
2025-04-08 09:06:42,168.0,11.0,192.87,38.0,167.0,11.0,195.41,17.0,180.43,24.870000000000005,22.0,55.0,50.801871323801606,77,-33.0,-22.0,-0.43,159.67,
2025-04-08 09:06:43,167.17,12.0,190.8,20.0,164.58,36.0,191.6,20.0,178.98,23.630000000000024,48.0,40.0,45.29645273087167,88,8.0,11.0,0.09,166.75,4.0
2025-04-08 09:06:44,166.0,8.0,189.75,8.0,164.0,70.0,191.0,32.0,177.88,23.75,78.0,40.0,14.418185392069548,118,38.0,30.0,0.32,166.0,4.0
2025-04-08 09:06:45,164.59,17.0,186.48,31.0,162.87,47.0,190.29,34.0,175.54,21.889999999999983,64.0,65.0,2.678161682962092,129,-1.0,11.0,-0.01,164.67,3.0
2025-04-08 09:06:46,163.0,24.0,186.0,32.0,162.0,88.0,187.0,8.0,174.5,23.0,112.0,40.0,2.4369817397933096,152,72.0,23.0,0.47,164.67,
2025-04-08 09:06:47,164.0,140.0,182.59,39.0,163.0,42.0,183.18,44.0,173.29,18.590000000000003,182.0,83.0,2.356548323308004,265,99.0,113.0,0.37,164.67,
2025-04-08 09:06:48,164.31,99.0,168.17,23.0,162.45,60.0,176.43,35.0,166.24,3.859999999999985,159.0,58.0,4.39025056233528,217,101.0,-48.0,0.47,166.0,4.0
2025-04-08 09:06:49,164.41,61.0,166.94,17.0,162.3,79.0,183.03,37.0,165.68,2.530000000000001,140.0,54.0,4.718400152603079,194,86.0,-23.0,0.44,165.0,1.0
2025-04-08 09:06:50,165.1,50.0,167.83,36.0,162.46,46.0,232.19,32.0,166.47,2.730000000000018,96.0,68.0,4.284172032036575,164,28.0,-30.0,0.17,167.0,3.0
2025-04-08 09:06:51,164.5,30.0,167.9,30.0,162.38,40.0,177.0,40.0,166.2,3.4000000000000057,70.0,70.0,3.2072620722485405,140,0.0,-24.0,0.0,167.0,
2025-04-08 09:06:52,163.48,31.0,176.3,43.0,162.18,49.0,347.2,30.0,169.89,12.820000000000022,80.0,73.0,1.6984492927620367,153,7.0,13.0,0.05,166.0,3.0
2025-04-08 09:06:53,165.6,30.0,253.0,60.0,163.0,45.0,623.07,28.0,209.3,87.4,75.0,88.0,18.962957838904927,163,-13.0,10.0,-0.08,166.0,
2025-04-08 09:06:56,164.18,77.0,315.27,22.0,164.45,118.0,454.22,49.0,239.73,151.08999999999995,195.0,71.0,69.0789427394492,266,124.0,104.0,0.47,162.0,4.0
2025-04-08 09:06:57,167.0,28.0,313.43,14.0,165.77,70.0,383.13,23.0,240.21,146.43,98.0,37.0,53.15886238436733,135,61.0,-131.0,0.45,162.0,
2025-04-08 09:06:58,167.0,44.0,250.23,31.0,166.0,44.0,290.19,21.0,208.61,83.22999999999999,88.0,52.0,53.34805263550023,140,36.0,5.0,0.26,162.0,
2025-04-08 09:06:59,167.71,28.0,250.19,27.0,166.83,48.0,386.36,22.0,208.95,82.47999999999999,76.0,49.0,45.66713698054761,125,27.0,-15.0,0.22,162.0,
2025-04-08 09:07:00,167.24,17.0,253.8,30.0,166.13,60.0,315.27,30.0,210.52,86.56,77.0,60.0,16.78211786396742,137,17.0,12.0,0.12,167.4,5.0
2025-04-08 09:07:01,167.65,23.0,251.77,26.0,166.14,37.0,252.77,26.0,209.71,84.12,60.0,52.0,13.777093307374145,112,8.0,-25.0,0.07,167.4,
2025-04-08 09:07:02,168.0,21.0,250.43,14.0,167.0,7.0,251.43,14.0,209.21,82.43,28.0,28.0,0.7438413810029684,56,0.0,-56.0,0.0,167.4,
2025-04-08 09:07:03,168.0,36.0,247.42,24.0,167.0,12.0,248.67,24.0,207.71,79.41999999999999,48.0,48.0,1.0347946656667577,96,0.0,40.0,0.0,168.0,3.0
2025-04-08 09:07:04,167.0,10.0,241.14,28.0,166.0,40.0,242.0,26.0,204.07,74.13999999999999,50.0,54.0,2.548034536675722,104,-4.0,8.0,-0.04,168.0,
2025-04-08 09:07:05,166.03,34.0,237.25,24.0,164.11,70.0,238.86,28.0,201.64,71.22,104.0,52.0,3.4868209016369067,156,52.0,52.0,0.33,166.5,2.0
2025-04-08 09:07:06,166.18,33.0,233.07,30.0,164.29,63.0,234.2,30.0,199.62,66.88999999999999,96.0,60.0,4.020404208545658,156,36.0,0.0,0.23,166.5,
2025-04-08 09:07:07,167.0,30.0,227.39,36.0,166.0,45.0,228.22,36.0,197.19,60.38999999999999,75.0,72.0,4.056122532677138,147,3.0,-9.0,0.02,166.5,
2025-04-08 09:07:08,167.0,38.0,221.89,53.0,166.0,57.0,222.88,48.0,194.44,54.88999999999999,95.0,101.0,3.753674200045968,196,-6.0,49.0,-0.03,166.5,
2025-04-08 09:07:09,164.65,46.0,198.48,29.0,163.56,81.0,198.52,21.0,181.57,33.829999999999984,127.0,50.0,7.919126845813878,177,77.0,-19.0,0.44,166.4,5.0
2025-04-08 09:07:10,164.0,18.0,168.4,10.0,163.0,55.0,170.0,10.0,166.2,4.400000000000006,73.0,20.0,13.94047093896362,93,53.0,-84.0,0.57,164.0,4.0
2025-04-08 09:07:11,163.12,85.0,165.14,28.0,162.72,76.0,166.42,24.0,164.13,2.019999999999982,161.0,52.0,15.3808267008015,213,109.0,120.0,0.51,163.5,4.0
2025-04-08 09:07:12,163.06,54.0,165.2,20.0,162.46,39.0,167.0,20.0,164.13,2.1399999999999864,93.0,40.0,13.515991639538989,133,53.0,-80.0,0.4,163.0,3.0
2025-04-08 09:07:13,163.06,49.0,164.86,28.0,162.17,109.0,166.5,32.0,163.96,1.8000000000000114,158.0,60.0,7.642975206036413,218,98.0,85.0,0.45,163.33,6.0
2025-04-08 09:07:14,163.0,8.0,164.8,10.0,162.0,18.0,166.33,12.0,163.9,1.8000000000000114,26.0,22.0,0.9758227298475316,48,4.0,-168.0,0.08,163.0,1.0
2025-04-08 09:07:15,161.79,14.0,163.27,22.0,160.98,43.0,185.81,21.0,162.53,1.4800000000000182,57.0,43.0,0.6785646616845434,100,14.0,52.0,0.14,162.25,4.0
2025-04-08 09:07:16,161.0,42.0,162.67,24.0,160.0,48.0,257.63,51.0,161.83,1.6699999999999875,90.0,75.0,1.0288099922177325,165,15.0,65.0,0.09,161.0,2.0
2025-04-08 09:07:17,160.85,13.0,162.0,9.0,159.86,28.0,184.0,32.0,161.42,1.1500000000000057,41.0,41.0,1.167034703891479,82,0.0,-83.0,0.0,160.67,6.0
2025-04-08 09:07:18,136.8,15.0,161.5,8.0,110.23,13.0,409.12,32.0,149.15,24.69999999999999,28.0,40.0,6.008845979061799,68,-12.0,-14.0,-0.18,158.75,4.0
2025-04-08 09:07:19,148.09,22.0,160.5,10.0,139.83,24.0,479.0,40.0,154.3,12.409999999999997,46.0,50.0,5.890248721411276,96,-4.0,28.0,-0.04,158.75,
2025-04-08 09:07:20,135.0,27.0,159.67,9.0,115.67,27.0,364.23,43.0,147.33,24.669999999999987,54.0,52.0,6.730871414615435,106,2.0,10.0,0.02,154.0,2.0
2025-04-08 09:07:21,139.0,36.0,157.92,12.0,127.33,36.0,220.69,54.0,148.46,18.919999999999987,72.0,66.0,5.839569333442936,138,6.0,32.0,0.04,154.0,
2025-04-08 09:07:22,143.0,12.0,154.69,13.0,137.0,12.0,156.0,6.0,148.85,11.689999999999998,24.0,19.0,2.7067452780206835,43,5.0,-95.0,0.12,154.0,
2025-04-08 09:07:23,145.94,32.0,154.62,24.0,133.78,23.0,155.7,23.0,150.28,8.680000000000007,55.0,47.0,2.7050748603480965,102,8.0,59.0,0.08,154.0,4.0
2025-04-08 09:07:24,151.88,16.0,155.38,8.0,110.16,19.0,213.0,30.0,153.62,3.5,35.0,38.0,2.427935336883429,73,-3.0,-29.0,-0.04,155.8,5.0
2025-04-08 09:07:25,154.8,10.0,345.58,26.0,74.14,14.0,409.76,21.0,250.19,190.78,24.0,47.0,44.71722542824059,71,-23.0,-2.0,-0.32,155.0,4.0
2025-04-08 09:07:30,165.69,16.0,344.0,12.0,153.82,11.0,418.67,18.0,254.84,178.31,27.0,30.0,22.60242730328064,57,-3.0,36.0,-0.05,166.83,6.0
2025-04-08 09:07:31,167.0,16.0,344.0,8.0,160.0,8.0,557.0,12.0,255.5,177.0,24.0,20.0,0.7649313695262353,44,4.0,-13.0,0.09,166.83,
2025-04-08 09:07:32,165.6,10.0,344.0,6.0,159.33,6.0,668.0,9.0,254.8,178.4,16.0,15.0,0.8431607201982694,31,1.0,-13.0,0.03,167.0,4.0
2025-04-08 09:07:33,137.83,24.0,228.36,47.0,123.5,24.0,309.07,45.0,183.1,90.53,48.0,92.0,32.345332275308046,140,-44.0,109.0,-0.31,159.0,4.0
2025-04-08 09:07:35,123.89,27.0,160.0,24.0,96.67,24.0,161.0,60.0,141.94,36.11,51.0,84.0,62.040606057646485,135,-33.0,7.0,-0.24,159.0,
2025-04-08 09:07:36,135.55,33.0,156.14,35.0,96.96,23.0,157.56,43.0,145.84,20.58999999999997,56.0,78.0,52.42394224016428,134,-22.0,-1.0,-0.16,157.0,4.0
2025-04-08 09:07:37,136.43,21.0,155.74,19.0,114.0,14.0,157.0,12.0,146.08,19.31,35.0,31.0,21.961955286360045,66,4.0,-68.0,0.06,157.0,
2025-04-08 09:07:38,138.0,30.0,154.76,29.0,114.0,23.0,155.89,55.0,146.38,16.75999999999999,53.0,84.0,10.268076742997067,137,-31.0,71.0,-0.23,157.0,
2025-04-08 09:07:39,138.71,34.0,151.76,34.0,111.97,60.0,154.32,38.0,145.24,13.049999999999985,94.0,72.0,1.8132512236526095,166,22.0,29.0,0.13,152.0,2.0
2025-04-08 09:07:44,148.38,34.0,151.0,66.0,144.28,36.0,156.0,50.0,149.69,2.6200000000000045,70.0,116.0,1.9440087448563368,186,-46.0,34.0,-0.25,151.0,1.0
2025-04-08 09:07:45,150.04,51.0,154.5,40.0,136.1,21.0,156.41,17.0,152.27,4.460000000000008,72.0,57.0,2.2669186134658923,129,15.0,-57.0,0.12,151.71,7.0
2025-04-08 09:07:46,152.3,43.0,156.0,28.0,150.46,13.0,157.0,7.0,154.15,3.6999999999999886,56.0,35.0,2.838552448005553,91,21.0,-38.0,0.23,151.71,
2025-04-08 09:07:47,153.88,50.0,156.0,32.0,152.5,14.0,157.0,8.0,154.94,2.1200000000000045,64.0,40.0,2.843944443915618,104,24.0,13.0,0.23,151.71,
2025-04-08 09:07:48,155.0,5.0,156.12,16.0,146.5,24.0,159.0,9.0,155.56,1.1200000000000043,29.0,25.0,2.3775134069188137,54,4.0,-50.0,0.07,156.0,5.0
2025-04-08 09:07:49,155.5,12.0,157.0,9.0,107.8,15.0,160.0,27.0,156.25,1.5,27.0,36.0,1.5317734819740392,63,-9.0,9.0,-0.14,156.0,
2025-04-08 09:07:50,156.0,20.0,157.0,10.0,155.0,10.0,160.0,57.0,156.5,1.0,30.0,67.0,0.9617951965356148,97,-37.0,34.0,-0.38,156.0,
2025-04-08 09:07:51,156.5,12.0,159.77,26.0,123.41,22.0,231.5,24.0,158.13,3.2700000000000102,34.0,50.0,1.2026761825525063,84,-16.0,-13.0,-0.19,157.0,1.0
2025-04-08 09:07:52,154.1,20.0,159.89,54.0,87.64,28.0,293.08,36.0,156.99,5.789999999999992,48.0,90.0,0.957877862819216,138,-42.0,54.0,-0.3,159.0,2.0
2025-04-08 09:07:53,157.27,37.0,266.31,35.0,145.29,41.0,303.92,39.0,211.79,109.04,78.0,74.0,24.52799665688332,152,4.0,14.0,0.03,159.75,8.0
2025-04-08 09:07:54,167.0,20.0,283.4,30.0,165.0,40.0,320.8,30.0,225.2,116.39999999999998,60.0,60.0,33.90731735186491,120,0.0,-32.0,0.0,159.75,
2025-04-08 09:07:55,165.14,63.0,278.34,44.0,155.25,69.0,327.52,40.0,221.74,113.2,132.0,84.0,34.32515185691216,216,48.0,96.0,0.22,167.0,2.0
2025-04-08 09:07:56,164.23,131.0,169.0,60.0,156.86,102.0,196.08,26.0,166.61,4.77000000000001,233.0,86.0,32.20628090916553,319,147.0,103.0,0.46,164.0,5.0
2025-04-08 09:07:57,164.08,52.0,168.38,40.0,163.12,68.0,273.29,21.0,166.23,4.299999999999983,120.0,61.0,29.52864592222408,181,59.0,-138.0,0.33,165.2,5.0
2025-04-08 09:07:58,164.14,42.0,167.08,38.0,163.48,87.0,219.05,22.0,165.61,2.940000000000026,129.0,60.0,31.421307579413057,189,69.0,8.0,0.37,165.0,1.0
2025-04-08 09:07:59,164.0,124.0,165.0,56.0,161.0,70.0,324.93,28.0,164.5,1.0,194.0,84.0,25.057810558787477,278,110.0,89.0,0.4,164.0,4.0
2025-04-08 09:08:00,164.0,56.0,165.0,28.0,161.0,35.0,288.0,14.0,164.5,1.0,91.0,42.0,0.9716738136232328,133,49.0,-145.0,0.37,164.0,
2025-04-08 09:08:01,164.0,64.0,198.0,16.0,161.0,40.0,270.5,16.0,181.0,34.0,104.0,32.0,7.100490828110484,136,72.0,3.0,0.53,165.0,2.0
2025-04-08 09:08:02,164.0,104.0,257.31,26.0,161.0,65.0,407.62,26.0,210.65,93.31,169.0,52.0,19.938888384262576,221,117.0,85.0,0.53,165.0,
2025-04-08 09:08:03,164.0,61.0,211.54,26.0,161.0,55.0,358.09,22.0,187.77,47.53999999999999,116.0,48.0,19.1514759222385,164,68.0,-57.0,0.41,164.0,3.0
2025-04-08 09:08:04,164.24,49.0,211.2,30.0,161.3,50.0,344.0,20.0,187.72,46.95999999999998,99.0,50.0,16.586333832407956,149,49.0,-15.0,0.33,164.0,
2025-04-08 09:08:05,165.12,26.0,209.0,30.0,163.1,50.0,334.4,20.0,187.06,43.88,76.0,50.0,11.431419421930103,126,26.0,-23.0,0.21,167.0,1.0
2025-04-08 09:08:06,166.0,9.0,206.67,27.0,164.0,45.0,265.33,18.0,186.33,40.66999999999999,54.0,45.0,10.494547631988752,99,9.0,-27.0,0.09,167.0,
2025-04-08 09:08:07,162.36,50.0,189.71,38.0,160.8,100.0,216.19,32.0,176.04,27.349999999999994,150.0,70.0,5.033987485093774,220,80.0,121.0,0.36,165.0,2.0
2025-04-08 09:08:08,164.0,12.0,178.08,36.0,161.0,60.0,257.0,24.0,171.04,14.080000000000013,72.0,60.0,7.616739459905457,132,12.0,-88.0,0.09,165.0,
2025-04-08 09:08:09,167.89,37.0,175.85,39.0,163.12,17.0,245.25,32.0,171.87,7.960000000000008,54.0,71.0,7.749798061890448,125,-17.0,-7.0,-0.14,165.0,
2025-04-08 09:08:10,168.0,45.0,174.95,44.0,164.0,15.0,323.55,33.0,171.48,6.949999999999989,60.0,77.0,6.455615385079959,137,-17.0,12.0,-0.12,165.0,
2025-04-08 09:08:11,166.83,24.0,172.15,26.0,163.08,76.0,175.0,39.0,169.49,5.319999999999993,100.0,65.0,2.4407642245987327,165,35.0,28.0,0.21,168.0,3.0
2025-04-08 09:08:12,164.0,8.0,171.67,18.0,163.0,92.0,174.45,22.0,167.83,7.6699999999999875,100.0,40.0,1.6698113666163372,140,60.0,-25.0,0.43,168.0,
2025-04-08 09:08:13,163.01,125.0,170.11,36.0,162.38,32.0,171.38,29.0,166.56,7.100000000000023,157.0,65.0,2.2888490557660552,222,92.0,82.0,0.41,163.33,3.0
2025-04-08 09:08:14,163.0,140.0,164.59,22.0,162.0,14.0,166.8,20.0,163.8,1.5900000000000034,154.0,42.0,2.9125538621768405,196,112.0,-26.0,0.57,163.33,
2025-04-08 09:08:15,163.0,109.0,164.0,30.0,162.0,15.0,188.38,24.0,163.5,1.0,124.0,54.0,2.5813814131354778,178,70.0,-18.0,0.39,163.0,7.0
2025-04-08 09:08:16,163.0,30.0,164.0,20.0,162.0,10.0,216.0,10.0,163.5,1.0,40.0,30.0,2.0233190554337543,70,10.0,-108.0,0.14,163.0,
2025-04-08 09:08:17,161.55,55.0,163.69,26.0,160.13,143.0,407.51,49.0,162.62,2.1399999999999864,198.0,75.0,1.499826656677809,273,123.0,168.0,0.45,162.5,4.0
2025-04-08 09:08:18,161.29,14.0,163.0,12.0,160.38,52.0,538.0,24.0,162.14,1.710000000000008,66.0,36.0,0.7002285341810693,102,30.0,-168.0,0.29,162.5,
2025-04-08 09:08:19,162.0,10.0,453.32,31.0,161.0,50.0,551.29,42.0,307.66,291.32,60.0,73.0,64.72339669702203,133,-13.0,31.0,-0.1,163.0,2.0
2025-04-08 09:08:20,163.54,26.0,444.68,31.0,161.14,35.0,443.19,54.0,304.11,281.14,61.0,85.0,78.40800584124099,146,-24.0,13.0,-0.16,163.0,
2025-04-08 09:08:21,164.0,26.0,338.07,28.0,162.0,8.0,408.19,27.0,251.04,174.07,34.0,55.0,72.16091795425055,89,-21.0,-57.0,-0.24,164.0,2.0
2025-04-08 09:08:22,160.03,242.0,257.18,39.0,114.5,58.0,359.45,49.0,208.61,97.15,300.0,88.0,62.51421094439311,388,212.0,168.0,0.55,162.5,4.0
2025-04-08 09:08:23,160.0,180.0,223.0,18.0,110.21,19.0,364.0,40.0,191.5,63.0,199.0,58.0,53.28143701140274,257,141.0,-131.0,0.55,162.5,
2025-04-08 09:08:24,160.0,240.0,192.53,34.0,146.0,12.0,243.67,42.0,176.26,32.53,252.0,76.0,51.70696597171488,328,176.0,71.0,0.54,162.5,
2025-04-08 09:08:25,160.0,186.0,161.56,36.0,158.72,46.0,281.73,44.0,160.78,1.5600000000000025,232.0,80.0,34.732421741077616,312,152.0,-16.0,0.49,160.71,7.0
2025-04-08 09:08:26,160.0,144.0,162.0,32.0,159.0,40.0,381.75,40.0,161.0,2.0,184.0,72.0,20.5821135940914,256,112.0,-56.0,0.44,160.71,
2025-04-08 09:08:27,160.0,196.0,162.0,48.0,159.0,60.0,338.15,52.0,161.0,2.0,256.0,100.0,13.67833761829566,356,156.0,100.0,0.44,160.0,2.0
2025-04-08 09:08:28,160.0,128.0,162.0,32.0,159.0,40.0,272.67,30.0,161.0,2.0,168.0,62.0,6.849738681152894,230,106.0,-126.0,0.46,160.0,
2025-04-08 09:08:29,160.0,117.0,201.09,44.0,159.0,45.0,216.1,31.0,180.55,41.09,162.0,75.0,8.768140053630665,237,87.0,7.0,0.37,160.0,5.0
2025-04-08 09:08:30,160.22,55.0,187.6,50.0,159.52,62.0,263.0,30.0,173.91,27.379999999999995,117.0,80.0,9.194295514071888,197,37.0,-40.0,0.19,160.0,3.0
2025-04-08 09:08:31,162.8,25.0,176.0,45.0,160.84,19.0,333.55,33.0,169.4,13.199999999999989,44.0,78.0,8.44870818528386,122,-34.0,-75.0,-0.28,163.25,4.0
2025-04-08 09:08:32,163.0,60.0,180.05,73.0,160.88,50.0,347.88,52.0,171.53,17.05000000000001,110.0,125.0,7.108535010822024,235,-15.0,113.0,-0.06,163.25,
2025-04-08 09:08:34,163.0,52.0,203.0,52.0,161.32,31.0,340.05,38.0,183.0,40.0,83.0,90.0,76.5641356641612,173,-7.0,-2.0,-0.04,163.25,
2025-04-08 09:08:35,163.0,40.0,177.11,36.0,161.29,14.0,186.33,24.0,170.06,14.110000000000014,54.0,60.0,77.01851705921167,114,-6.0,-59.0,-0.05,163.25,
2025-04-08 09:08:36,163.0,40.0,176.6,40.0,162.0,10.0,177.43,28.0,169.8,13.599999999999994,50.0,68.0,76.96878308769134,118,-18.0,4.0,-0.15,163.25,
2025-04-08 09:08:37,163.01,67.0,174.12,64.0,162.15,20.0,176.62,64.0,168.57,11.110000000000014,87.0,128.0,77.32930136759337,215,-41.0,97.0,-0.19,163.33,6.0
2025-04-08 09:08:38,163.0,80.0,171.94,64.0,162.0,16.0,173.25,64.0,167.47,8.939999999999998,96.0,128.0,6.357031539962918,224,-32.0,9.0,-0.14,163.33,
2025-04-08 09:08:39,163.0,65.0,168.46,52.0,162.0,13.0,169.62,52.0,165.73,5.460000000000008,78.0,104.0,1.7826188600156596,182,-26.0,-42.0,-0.14,163.33,
2025-04-08 09:08:40,163.0,59.0,164.73,44.0,162.0,15.0,165.92,52.0,163.86,1.7299999999999898,74.0,96.0,2.343145322015604,170,-22.0,-12.0,-0.13,163.67,6.0
2025-04-08 09:08:41,162.56,9.0,164.29,28.0,160.4,25.0,199.57,14.0,163.42,1.7299999999999898,34.0,42.0,2.2301457351670395,76,-8.0,-94.0,-0.11,163.0,1.0
2025-04-08 09:08:42,161.06,17.0,164.09,22.0,159.82,55.0,170.76,21.0,162.57,3.030000000000001,72.0,43.0,1.9732080478459,115,29.0,39.0,0.25,161.0,2.0
2025-04-08 09:08:43,160.0,36.0,163.0,18.0,159.0,45.0,164.0,18.0,161.5,3.0,81.0,36.0,1.5762709158275594,117,45.0,2.0,0.38,161.0,
2025-04-08 09:08:44,160.0,16.0,183.61,28.0,159.0,78.0,384.41,29.0,171.8,23.610000000000014,94.0,57.0,4.108113922481205,151,37.0,34.0,0.25,160.25,4.0
2025-04-08 09:08:45,160.2,20.0,188.1,30.0,159.12,65.0,292.0,24.0,174.15,27.90000000000001,85.0,54.0,5.838815804603189,139,31.0,-12.0,0.22,160.25,
2025-04-08 09:08:46,161.37,19.0,187.4,30.0,160.44,55.0,217.0,28.0,174.38,26.03,74.0,58.0,6.340934473725776,132,16.0,-7.0,0.12,160.25,
2025-04-08 09:08:47,166.94,47.0,187.0,39.0,159.92,62.0,350.0,39.0,176.97,20.06,109.0,78.0,6.020585519705208,187,31.0,55.0,0.17,162.0,5.0
2025-04-08 09:08:48,168.0,44.0,186.62,39.0,160.47,76.0,295.59,22.0,177.31,18.620000000000005,120.0,61.0,2.2656941541355717,181,59.0,-6.0,0.33,162.0,
2025-04-08 09:08:49,164.44,27.0,185.0,21.0,160.33,42.0,398.19,21.0,174.72,20.56,69.0,42.0,1.5101423774214575,111,27.0,-70.0,0.24,165.33,6.0
2025-04-08 09:08:50,161.75,48.0,185.0,27.0,159.38,48.0,445.19,36.0,173.38,23.25,96.0,63.0,1.709143060157383,159,33.0,48.0,0.21,165.33,
2025-04-08 09:08:51,167.0,28.0,184.71,21.0,160.0,42.0,370.66,29.0,175.86,17.710000000000008,70.0,50.0,1.624798449065035,120,20.0,-39.0,0.17,165.33,
2025-04-08 09:08:52,167.0,36.0,182.43,21.0,160.0,54.0,240.27,30.0,174.71,15.430000000000009,90.0,51.0,1.4722873361148414,141,39.0,21.0,0.28,165.33,
2025-04-08 09:08:53,163.65,40.0,179.03,30.0,159.78,69.0,180.5,30.0,171.34,15.379999999999995,109.0,60.0,1.7278657355489455,169,49.0,28.0,0.29,167.0,4.0
2025-04-08 09:08:54,166.0,52.0,175.82,33.0,160.0,78.0,177.56,32.0,170.91,9.819999999999991,130.0,65.0,2.126252572034677,195,65.0,26.0,0.33,167.0,
2025-04-08 09:08:55,166.0,54.0,174.2,35.0,160.32,50.0,175.5,40.0,170.1,8.199999999999989,104.0,75.0,2.5383124315347896,179,29.0,-16.0,0.16,166.0,1.0
2025-04-08 09:08:56,166.0,36.0,172.06,35.0,162.0,12.0,173.24,25.0,169.03,6.060000000000002,48.0,60.0,2.141324356580273,108,-12.0,-71.0,-0.11,166.0,
2025-04-08 09:08:57,164.82,51.0,230.51,43.0,161.33,54.0,242.18,45.0,197.67,65.69,105.0,88.0,12.251765178948066,193,17.0,85.0,0.09,166.57,7.0
2025-04-08 09:09:00,159.0,70.0,202.76,25.0,131.4,10.0,347.33,15.0,180.88,43.75999999999999,80.0,40.0,93.00674937874184,120,40.0,2.0,0.33,166.57,
2025-04-08 09:09:01,159.0,30.0,160.0,3.0,127.0,5.0,309.0,3.0,159.5,1.0,35.0,6.0,95.15287762332832,41,29.0,-79.0,0.71,160.0,1.0
2025-04-08 09:09:02,159.0,90.0,160.0,9.0,143.0,16.0,249.92,25.0,159.5,1.0,106.0,34.0,101.52396209762549,140,72.0,99.0,0.51,160.0,
2025-04-08 09:09:03,159.0,62.0,160.0,8.0,120.25,16.0,260.97,32.0,159.5,1.0,78.0,40.0,81.03571508908946,118,38.0,-22.0,0.32,159.0,6.0
2025-04-08 09:09:04,130.93,30.0,160.0,11.0,66.31,26.0,199.84,31.0,145.47,29.069999999999997,56.0,42.0,12.680110409616711,98,14.0,-20.0,0.14,159.0,4.0
2025-04-08 09:09:05,122.33,12.0,160.0,6.0,79.67,12.0,208.5,26.0,141.17,37.67,24.0,32.0,8.99160552960749,56,-8.0,-42.0,-0.14,159.0,
2025-04-08 09:09:06,136.86,14.0,160.0,6.0,111.57,14.0,396.0,6.0,148.43,23.139999999999983,28.0,12.0,8.338790679712936,40,16.0,-16.0,0.4,159.0,
2025-04-08 09:09:07,130.0,26.0,160.0,11.0,123.42,33.0,398.85,20.0,145.0,30.0,59.0,31.0,6.972225613107083,90,28.0,50.0,0.31,159.0,
2025-04-08 09:09:08,145.44,27.0,160.0,9.0,144.0,18.0,369.42,19.0,152.72,14.560000000000002,45.0,28.0,4.304540625904929,73,17.0,-17.0,0.23,159.0,
2025-04-08 09:09:09,146.38,26.0,286.28,18.0,145.0,24.0,323.69,16.0,216.33,139.89999999999998,50.0,34.0,31.37210783482791,84,16.0,11.0,0.19,159.5,2.0
2025-04-08 09:09:10,152.06,35.0,460.84,32.0,150.41,32.0,643.0,12.0,306.45,308.78,67.0,44.0,69.50731206139453,111,23.0,27.0,0.21,159.5,
2025-04-08 09:09:11,161.43,130.0,315.31,32.0,160.34,70.0,440.73,45.0,238.37,153.88,200.0,77.0,66.40367331706949,277,123.0,166.0,0.44,164.0,1.0
2025-04-08 09:09:13,166.13,30.0,251.0,24.0,164.1,118.0,358.15,26.0,208.57,84.87,148.0,50.0,51.34227809515374,198,98.0,30.0,0.49,167.0,2.0
2025-04-08 09:09:14,166.0,27.0,315.73,22.0,164.0,126.0,614.74,23.0,240.86,149.73000000000002,153.0,45.0,47.43650155734616,198,108.0,0.0,0.55,167.0,
2025-04-08 09:09:15,164.12,102.0,426.3,20.0,162.74,76.0,551.38,26.0,295.21,262.18,178.0,46.0,45.03901286662602,224,132.0,26.0,0.59,165.2,5.0
2025-04-08 09:09:16,164.0,84.0,359.37,19.0,163.0,7.0,424.86,14.0,261.68,195.37,91.0,33.0,43.38320608253966,124,58.0,-100.0,0.47,165.2,
2025-04-08 09:09:17,164.32,57.0,315.03,29.0,163.96,112.0,340.0,39.0,239.68,150.70999999999998,169.0,68.0,31.95173469469384,237,101.0,113.0,0.43,164.4,5.0
2025-04-08 09:09:18,164.0,72.0,314.0,16.0,163.0,8.0,417.0,24.0,239.0,150.0,80.0,40.0,24.247162308198117,120,40.0,-117.0,0.33,164.4,
2025-04-08 09:09:19,164.18,45.0,314.0,14.0,163.74,19.0,364.86,21.0,239.09,149.82,64.0,35.0,24.52179581515398,99,29.0,-21.0,0.29,164.0,2.0
2025-04-08 09:09:20,168.0,8.0,232.96,24.0,164.0,56.0,315.74,19.0,200.48,64.96000000000001,64.0,43.0,22.097637430279725,107,21.0,8.0,0.2,164.0,
2025-04-08 09:09:21,168.0,8.0,215.71,28.0,164.0,56.0,216.38,32.0,191.86,47.71000000000001,64.0,60.0,23.796943501216624,124,4.0,17.0,0.03,164.0,
2025-04-08 09:09:22,168.0,7.0,214.23,26.0,164.0,49.0,215.65,23.0,191.12,46.22999999999999,56.0,49.0,24.68143026649982,105,7.0,-19.0,0.07,164.0,
2025-04-08 09:09:23,168.0,7.0,210.5,30.0,164.0,49.0,212.67,24.0,189.25,42.5,56.0,54.0,20.98265355001819,110,2.0,5.0,0.02,164.0,
2025-04-08 09:09:24,168.0,8.0,172.0,23.0,164.0,56.0,179.22,23.0,170.0,4.0,64.0,46.0,11.230294742351475,110,18.0,0.0,0.16,164.0,
2025-04-08 09:09:25,164.3,53.0,168.21,28.0,163.8,35.0,176.73,41.0,166.26,3.9099999999999966,88.0,69.0,12.492478537107257,157,19.0,47.0,0.12,168.0,1.0
2025-04-08 09:09:26,163.62,24.0,166.46,26.0,162.04,94.0,167.68,44.0,165.04,2.8400000000000034,118.0,70.0,12.79265726892126,188,48.0,31.0,0.26,164.0,7.0
2025-04-08 09:09:27,163.63,27.0,165.08,71.0,162.06,106.0,166.56,32.0,164.36,1.450000000000017,133.0,103.0,10.441978739687343,236,30.0,48.0,0.13,164.0,3.0
2025-04-08 09:09:28,162.04,67.0,164.78,46.0,160.97,62.0,166.03,31.0,163.41,2.740000000000009,129.0,77.0,2.559976562408625,206,52.0,-30.0,0.25,162.33,3.0
2025-04-08 09:09:29,161.58,43.0,164.17,30.0,159.57,42.0,179.59,37.0,162.87,2.589999999999975,85.0,67.0,1.3408094570375255,152,18.0,-54.0,0.12,161.78,9.0
2025-04-08 09:09:30,159.34,41.0,163.08,65.0,150.96,54.0,386.29,42.0,161.21,3.740000000000009,95.0,107.0,1.4735908523335557,202,-12.0,50.0,-0.06,159.25,4.0
2025-04-08 09:09:31,162.6,30.0,296.76,37.0,132.68,38.0,349.17,30.0,229.68,134.16,68.0,67.0,29.858888626338437,135,1.0,-67.0,0.01,163.0,5.0
2025-04-08 09:09:36,167.0,12.0,298.0,6.0,166.0,12.0,443.85,13.0,232.5,131.0,24.0,19.0,10.38470509933184,43,5.0,-37.0,0.12,163.0,
2025-04-08 09:09:37,167.0,22.0,226.09,11.0,166.0,22.0,395.07,15.0,196.55,59.09,44.0,26.0,16.76894242342338,70,18.0,27.0,0.26,163.0,
2025-04-08 09:09:38,167.0,14.0,185.0,7.0,166.0,14.0,298.0,7.0,176.0,18.0,28.0,14.0,24.52060419321041,42,14.0,-28.0,0.33,163.0,
2025-04-08 09:09:39,163.61,33.0,184.44,9.0,163.18,51.0,235.22,9.0,174.03,20.829999999999984,84.0,18.0,29.24729782390312,102,66.0,60.0,0.65,164.67,9.0
2025-04-08 09:09:40,163.0,35.0,182.8,5.0,162.0,5.0,185.0,5.0,172.9,19.80000000000001,40.0,10.0,25.454956884663712,50,30.0,-52.0,0.6,164.67,
2025-04-08 09:09:41,163.0,74.0,179.82,11.0,162.0,11.0,182.27,11.0,171.41,16.819999999999993,85.0,22.0,10.40604487786252,107,63.0,57.0,0.59,163.0,1.0
2025-04-08 09:09:42,163.0,54.0,177.78,9.0,162.0,9.0,182.0,9.0,170.39,14.78,63.0,18.0,2.2020740223908364,81,45.0,-26.0,0.56,163.0,
2025-04-08 09:09:43,163.0,66.0,176.0,11.0,159.63,71.0,180.91,11.0,169.5,13.0,137.0,22.0,1.8367444024927453,159,115.0,78.0,0.72,163.0,
2025-04-08 09:09:44,163.67,54.0,174.22,9.0,162.5,36.0,175.22,9.0,168.94,10.550000000000011,90.0,18.0,1.5773300225660871,108,72.0,-51.0,0.67,163.0,
2025-04-08 09:09:45,163.71,35.0,172.7,10.0,162.45,67.0,220.0,12.0,168.21,8.98999999999998,102.0,22.0,1.2487393643543974,124,80.0,16.0,0.65,163.0,
2025-04-08 09:09:46,168.0,5.0,170.2,5.0,163.0,30.0,171.2,5.0,169.1,2.1999999999999886,35.0,10.0,0.7999812498353903,45,25.0,-79.0,0.56,163.0,
2025-04-08 09:09:47,163.56,27.0,168.25,12.0,162.12,144.0,169.25,12.0,165.9,4.689999999999998,171.0,24.0,1.436419158911545,195,147.0,150.0,0.75,163.83,6.0
2025-04-08 09:09:48,162.02,112.0,164.18,11.0,159.55,154.0,165.18,11.0,163.1,2.1599999999999966,266.0,22.0,2.551724906820501,288,244.0,93.0,0.85,162.17,6.0
2025-04-08 09:09:49,162.0,72.0,199.62,16.0,159.34,118.0,299.33,24.0,180.81,37.620000000000005,190.0,40.0,6.775531713458967,230,150.0,-58.0,0.65,162.14,7.0
2025-04-08 09:09:50,163.48,58.0,307.0,38.0,159.9,78.0,600.62,32.0,235.24,143.52,136.0,70.0,30.063679082908152,206,66.0,-24.0,0.32,162.14,
2025-04-08 09:09:51,164.77,52.0,197.2,30.0,163.33,67.0,408.56,25.0,180.98,32.42999999999998,119.0,55.0,29.163255648162625,174,64.0,-32.0,0.37,162.14,
2025-04-08 09:09:54,167.55,33.0,438.75,24.0,163.0,132.0,562.67,27.0,303.15,271.2,165.0,51.0,68.01024165521024,216,114.0,17.0,0.53,169.0,3.0
2025-04-08 09:09:55,163.21,58.0,445.56,18.0,162.39,57.0,595.12,25.0,304.38,282.35,115.0,43.0,64.07062766978402,158,72.0,-58.0,0.46,164.5,4.0
2025-04-08 09:09:56,163.0,80.0,327.27,22.0,162.0,50.0,437.21,38.0,245.14,164.26999999999998,130.0,60.0,37.067651260905286,190,70.0,32.0,0.37,164.5,
2025-04-08 09:09:57,164.08,25.0,283.67,36.0,162.88,82.0,371.74,39.0,223.87,119.59,107.0,75.0,48.08344902354752,182,32.0,-8.0,0.18,164.5,
2025-04-08 09:09:58,166.0,9.0,336.43,42.0,163.11,54.0,471.44,27.0,251.21,170.43,63.0,69.0,36.33508978934954,132,-6.0,-50.0,-0.05,164.5,
2025-04-08 09:09:59,167.09,35.0,344.19,47.0,165.73,15.0,411.91,35.0,255.64,177.1,50.0,82.0,29.63934496577301,132,-32.0,0.0,-0.24,168.0,5.0
2025-04-08 09:10:00,167.38,13.0,236.0,14.0,166.91,22.0,335.76,29.0,201.69,68.62,35.0,43.0,22.49291999719232,78,-8.0,-54.0,-0.1,168.0,
2025-04-08 09:10:01,168.0,12.0,252.17,24.0,167.0,48.0,297.4,30.0,210.08,84.16999999999999,60.0,54.0,24.14452877983113,114,6.0,36.0,0.05,168.0,
2025-04-08 09:10:02,167.05,63.0,250.57,44.0,166.17,72.0,283.91,35.0,208.81,83.51999999999998,135.0,79.0,25.752045161503077,214,56.0,100.0,0.26,168.0,1.0
2025-04-08 09:10:03,166.87,46.0,241.05,37.0,165.22,54.0,249.57,14.0,203.96,74.18,100.0,51.0,22.404259193289413,151,49.0,-63.0,0.32,166.8,5.0
2025-04-08 09:10:04,166.0,24.0,182.13,23.0,163.0,56.0,196.58,24.0,174.07,16.129999999999995,80.0,47.0,14.74566614297545,127,33.0,-24.0,0.26,166.8,
2025-04-08 09:10:05,166.0,42.0,176.69,26.0,163.0,98.0,179.24,33.0,171.35,10.689999999999998,140.0,59.0,19.279087893364977,199,81.0,72.0,0.41,166.8,
2025-04-08 09:10:06,166.0,24.0,171.5,12.0,163.15,41.0,172.18,22.0,168.75,5.5,65.0,34.0,19.335814438499643,99,31.0,-100.0,0.31,166.8,
2025-04-08 09:10:07,166.0,27.0,170.2,15.0,164.0,18.0,171.86,21.0,168.1,4.199999999999989,45.0,36.0,15.118853461823448,81,9.0,-18.0,0.11,166.8,
2025-04-08 09:10:08,166.0,23.0,168.12,24.0,164.0,16.0,171.0,8.0,167.06,2.1200000000000045,39.0,32.0,2.8334484290507698,71,7.0,-10.0,0.1,166.0,1.0
2025-04-08 09:10:09,163.32,41.0,166.22,27.0,162.37,41.0,171.0,9.0,164.77,2.9000000000000057,82.0,36.0,2.403711713182396,118,46.0,47.0,0.39,164.6,5.0
2025-04-08 09:10:10,163.0,40.0,164.25,36.0,162.0,60.0,171.0,12.0,163.62,1.25,100.0,48.0,2.1917686921959363,148,52.0,30.0,0.35,163.0,4.0
2025-04-08 09:10:11,162.33,42.0,163.79,42.0,161.11,63.0,171.0,14.0,163.06,1.4599999999999795,105.0,56.0,2.182663510505068,161,49.0,13.0,0.3,162.67,3.0
2025-04-08 09:10:12,162.12,50.0,166.83,18.0,160.17,48.0,458.08,39.0,164.48,4.710000000000008,98.0,57.0,1.535161229347041,155,41.0,-6.0,0.26,163.0,3.0
2025-04-08 09:10:13,163.47,34.0,169.36,11.0,162.07,43.0,408.29,41.0,166.42,5.890000000000015,77.0,52.0,1.284834619743058,129,25.0,-26.0,0.19,163.0,3.0
2025-04-08 09:10:14,167.0,60.0,169.0,15.0,163.14,35.0,456.03,66.0,168.0,2.0,95.0,81.0,2.054721392327999,176,14.0,47.0,0.08,163.0,
2025-04-08 09:10:15,167.0,44.0,168.09,11.0,163.96,79.0,363.91,33.0,167.55,1.0900000000000034,123.0,44.0,2.090746278267728,167,79.0,-9.0,0.47,163.0,
2025-04-08 09:10:16,167.0,22.0,268.64,11.0,164.0,72.0,349.26,19.0,217.82,101.64,94.0,30.0,22.940984721674237,124,64.0,-43.0,0.52,167.0,1.0
2025-04-08 09:10:17,164.68,53.0,320.0,36.0,163.73,66.0,389.4,25.0,242.34,155.32,119.0,61.0,35.454264623597695,180,58.0,56.0,0.32,165.0,9.0
2025-04-08 09:10:19,164.0,72.0,444.76,50.0,163.0,36.0,516.6,35.0,304.38,280.76,108.0,85.0,70.83597405273744,193,23.0,75.0,0.12,165.0,
2025-04-08 09:10:20,164.0,14.0,342.16,38.0,163.0,27.0,458.0,31.0,253.08,178.16000000000005,41.0,69.0,52.027739524220095,110,-28.0,-83.0,-0.25,164.0,5.0
2025-04-08 09:10:21,167.0,28.0,433.45,56.0,164.0,14.0,449.64,59.0,300.22,266.45,42.0,115.0,42.37188785031997,157,-73.0,47.0,-0.46,164.0,
2025-04-08 09:10:22,165.4,20.0,320.93,30.0,162.19,62.0,429.5,42.0,243.17,155.53,82.0,72.0,42.14251297680401,154,10.0,-3.0,0.06,165.25,4.0
2025-04-08 09:10:23,162.05,86.0,206.58,31.0,161.18,51.0,346.35,23.0,184.31,44.53,137.0,54.0,48.99821190615119,191,83.0,37.0,0.43,162.29,7.0
2025-04-08 09:10:24,162.0,120.0,163.8,49.0,160.0,56.0,226.96,26.0,162.9,1.8000000000000114,176.0,75.0,55.269750587460585,251,101.0,60.0,0.4,162.0,5.0
2025-04-08 09:10:25,162.0,45.0,444.43,42.0,160.0,73.0,398.8,15.0,303.21,282.43,118.0,57.0,64.55641772899187,175,61.0,-76.0,0.35,163.43,7.0
2025-04-08 09:10:27,162.43,42.0,302.9,10.0,160.41,98.0,595.92,38.0,232.66,140.46999999999997,140.0,48.0,69.66154871950592,188,92.0,71.0,0.49,164.0,3.0
2025-04-08 09:10:28,164.82,33.0,190.87,47.0,162.84,43.0,265.55,11.0,177.85,26.05000000000001,76.0,58.0,71.0113381791957,134,18.0,-54.0,0.13,164.0,
2025-04-08 09:10:29,166.0,33.0,188.64,55.0,164.0,33.0,425.0,11.0,177.32,22.639999999999983,66.0,66.0,67.33446539477458,132,0.0,-2.0,0.0,164.0,
2025-04-08 09:10:30,166.49,41.0,188.0,75.0,165.07,45.0,515.77,26.0,177.24,21.50999999999999,86.0,101.0,62.1196989690074,187,-15.0,55.0,-0.08,167.0,2.0
2025-04-08 09:10:31,167.82,17.0,185.12,85.0,166.0,51.0,199.83,75.0,176.47,17.30000000000001,68.0,160.0,24.79841063455681,228,-92.0,41.0,-0.4,167.0,
2025-04-08 09:10:37,166.54,26.0,170.55,55.0,164.43,47.0,173.0,55.0,168.54,4.010000000000019,73.0,110.0,2.05484062644807,183,-37.0,56.0,-0.2,165.38,8.0
2025-04-08 09:10:38,162.83,60.0,169.38,53.0,160.99,91.0,171.96,49.0,166.11,6.549999999999983,151.0,102.0,2.291521328746831,253,49.0,70.0,0.19,163.0,1.0
2025-04-08 09:10:39,162.94,158.0,166.26,65.0,161.24,121.0,167.42,71.0,164.6,3.319999999999993,279.0,136.0,2.490947610870592,415,143.0,162.0,0.34,163.0,7.0
2025-04-08 09:10:40,163.0,36.0,164.0,45.0,162.0,29.0,165.0,27.0,163.5,1.0,65.0,72.0,2.605916345568707,137,-7.0,-168.0,-0.05,163.0,5.0
2025-04-08 09:10:41,160.38,78.0,163.85,41.0,159.77,62.0,327.56,41.0,162.12,3.469999999999999,140.0,82.0,2.4730911831354785,222,58.0,85.0,0.26,162.57,7.0
2025-04-08 09:10:42,160.03,78.0,163.71,24.0,159.5,48.0,298.0,40.0,161.87,3.680000000000007,126.0,64.0,1.766734275464961,190,62.0,-32.0,0.33,160.0,1.0
2025-04-08 09:10:43,161.96,50.0,163.66,38.0,160.08,52.0,345.75,40.0,162.81,1.6999999999999886,102.0,78.0,1.1062775420764914,180,24.0,-10.0,0.13,163.0,1.0
2025-04-08 09:10:44,162.0,40.0,163.38,26.0,160.0,72.0,272.33,30.0,162.69,1.3799999999999957,112.0,56.0,0.6374715680741246,168,56.0,-12.0,0.33,162.0,4.0
2025-04-08 09:10:45,162.0,28.0,218.17,24.0,160.0,84.0,354.28,29.0,190.08,56.16999999999999,112.0,53.0,12.397307368945166,165,59.0,-3.0,0.36,164.0,3.0
2025-04-08 09:10:46,162.0,44.0,360.75,40.0,159.88,42.0,731.0,16.0,261.38,198.75,86.0,56.0,42.85611426622925,142,30.0,-23.0,0.21,164.0,
2025-04-08 09:10:49,162.0,130.0,400.37,19.0,160.0,60.0,478.05,37.0,281.18,238.37,190.0,56.0,60.24303594607496,246,134.0,70.0,0.54,164.0,
2025-04-08 09:10:50,162.0,130.0,195.43,28.0,160.0,60.0,235.29,14.0,178.71,33.43000000000001,190.0,42.0,64.56719887063461,232,148.0,-14.0,0.64,164.0,
2025-04-08 09:10:51,162.0,167.0,193.25,48.0,160.0,78.0,237.9,29.0,177.62,31.25,245.0,77.0,79.22220174925766,322,168.0,90.0,0.52,162.0,2.0
2025-04-08 09:10:52,162.0,121.0,190.07,43.0,160.0,66.0,191.12,34.0,176.03,28.069999999999997,187.0,77.0,76.08412994836763,264,110.0,-58.0,0.42,162.0,
2025-04-08 09:10:53,162.0,108.0,189.0,39.0,160.0,78.0,190.0,52.0,175.5,27.0,186.0,91.0,46.62378009128067,277,95.0,13.0,0.34,162.0,5.0
2025-04-08 09:10:54,162.0,72.0,187.63,43.0,160.0,72.0,188.98,41.0,174.81,25.629999999999995,144.0,84.0,1.597632623635196,228,60.0,-49.0,0.26,162.0,4.0
2025-04-08 09:10:55,162.0,24.0,184.56,41.0,160.0,72.0,186.05,43.0,173.28,22.56,96.0,84.0,1.5942302218010005,180,12.0,-48.0,0.07,162.0,
2025-04-08 09:10:56,160.67,30.0,182.53,34.0,159.67,45.0,184.33,36.0,171.6,21.860000000000014,75.0,70.0,1.8033108440044008,145,5.0,-35.0,0.03,161.0,4.0
2025-04-08 09:10:57,160.43,47.0,181.11,37.0,159.06,35.0,182.06,47.0,170.77,20.680000000000007,82.0,84.0,2.021947081430175,166,-2.0,21.0,-0.01,160.0,2.0
2025-04-08 09:10:58,164.28,29.0,180.11,27.0,162.42,33.0,182.0,36.0,172.19,15.830000000000013,62.0,63.0,1.5683590150549396,125,-1.0,-41.0,-0.01,160.0,
2025-04-08 09:10:59,164.16,38.0,176.86,35.0,161.67,36.0,180.16,37.0,170.51,12.700000000000015,74.0,72.0,1.1206025165526874,146,2.0,21.0,0.01,166.0,1.0
2025-04-08 09:11:00,164.0,80.0,173.19,59.0,160.0,48.0,174.43,58.0,168.59,9.189999999999998,128.0,117.0,1.3709558709543828,245,11.0,99.0,0.04,166.0,
2025-04-08 09:11:01,164.12,51.0,171.45,44.0,161.08,37.0,174.0,33.0,167.79,7.329999999999984,88.0,77.0,1.7689544935086263,165,11.0,-80.0,0.07,166.0,
2025-04-08 09:11:02,165.0,30.0,168.91,44.0,164.0,50.0,173.35,31.0,166.95,3.9099999999999966,80.0,75.0,2.1259539035699766,155,5.0,-10.0,0.03,166.0,
2025-04-08 09:11:03,164.26,34.0,166.32,28.0,162.0,30.0,167.73,22.0,165.29,2.0600000000000023,64.0,50.0,1.9356859249642024,114,14.0,-41.0,0.12,165.0,3.0
2025-04-08 09:11:04,160.47,19.0,163.15,13.0,118.11,36.0,165.18,17.0,161.81,2.680000000000007,55.0,30.0,2.685047485633097,85,25.0,-29.0,0.29,162.11,9.0
2025-04-08 09:11:05,129.88,33.0,160.82,11.0,104.76,41.0,161.82,11.0,145.35,30.94,74.0,22.0,9.280760744686008,96,52.0,11.0,0.54,159.0,1.0
2025-04-08 09:11:06,145.93,46.0,189.62,16.0,101.74,38.0,237.3,20.0,167.78,43.69,84.0,36.0,9.279050597992493,120,48.0,24.0,0.4,159.0,6.0
2025-04-08 09:11:07,146.86,14.0,296.0,18.0,116.11,18.0,562.78,9.0,221.43,149.14,32.0,27.0,28.80826652195694,59,5.0,-61.0,0.08,162.2,5.0
2025-04-08 09:11:08,138.0,12.0,207.77,13.0,82.0,12.0,480.86,7.0,172.88,69.77000000000001,24.0,20.0,28.543185701671515,44,4.0,-15.0,0.09,162.2,
2025-04-08 09:11:09,127.73,22.0,207.0,33.0,61.45,31.0,374.05,21.0,167.36,79.27,53.0,54.0,28.06177025777428,107,-1.0,63.0,-0.01,162.2,
2025-04-08 09:11:11,133.64,25.0,205.11,27.0,101.24,42.0,228.0,18.0,169.38,71.47000000000003,67.0,45.0,24.76931125405196,112,22.0,-7.0,0.2,162.2,
2025-04-08 09:11:12,125.64,53.0,204.3,30.0,113.35,17.0,288.25,24.0,164.97,78.66000000000001,70.0,54.0,5.131742394168358,124,16.0,12.0,0.13,169.0,1.0
2025-04-08 09:11:13,124.37,60.0,161.83,24.0,115.12,17.0,194.54,28.0,143.1,37.46000000000001,77.0,52.0,10.606051103030987,129,25.0,5.0,0.19,155.0,1.0
2025-04-08 09:11:14,122.6,15.0,154.9,20.0,121.12,17.0,157.0,30.0,138.75,32.30000000000001,32.0,50.0,13.502789711763445,82,-18.0,-47.0,-0.22,155.0,
2025-04-08 09:11:15,125.0,18.0,153.11,18.0,123.0,9.0,157.0,27.0,139.06,28.110000000000014,27.0,45.0,14.899730534479628,72,-18.0,-10.0,-0.25,155.0,
2025-04-08 09:11:16,143.24,49.0,209.49,41.0,109.87,30.0,255.46,52.0,176.37,66.25,79.0,93.0,17.1997194744596,172,-14.0,100.0,-0.08,155.4,5.0
2025-04-08 09:11:17,135.3,10.0,267.0,40.0,104.12,17.0,525.85,39.0,201.15,131.7,27.0,79.0,28.002064745302352,106,-52.0,-66.0,-0.49,166.33,3.0
2025-04-08 09:11:21,147.33,33.0,151.25,16.0,86.49,59.0,156.8,20.0,149.29,3.919999999999988,92.0,36.0,52.28781817976444,128,56.0,93.0,0.44,149.0,1.0
2025-04-08 09:11:22,148.5,20.0,153.0,20.0,145.94,34.0,158.2,20.0,150.75,4.5,54.0,40.0,54.11943024459981,94,14.0,-34.0,0.15,152.0,2.0
2025-04-08 09:11:23,150.68,56.0,195.26,23.0,143.77,26.0,250.38,26.0,172.97,44.579999999999984,82.0,49.0,35.7935934211711,131,33.0,37.0,0.25,158.5,4.0
2025-04-08 09:11:24,156.37,90.0,311.41,51.0,153.73,33.0,453.28,54.0,233.89,155.04000000000002,123.0,105.0,41.93936575581589,228,18.0,97.0,0.08,158.5,
2025-04-08 09:11:25,167.85,52.0,444.62,24.0,165.4,20.0,682.17,23.0,306.24,276.77,72.0,47.0,67.3212917285468,119,25.0,-109.0,0.21,168.0,4.0
2025-04-08 09:11:39,167.67,18.0,170.17,24.0,166.96,48.0,171.33,24.0,168.92,2.5,66.0,48.0,2.977638325939468,114,18.0,4.0,0.16,168.17,6.0
2025-04-08 09:11:40,165.96,23.0,168.0,14.0,164.69,13.0,170.0,14.0,166.98,2.039999999999992,36.0,28.0,2.784789040502613,64,8.0,-50.0,0.12,167.0,4.0
2025-04-08 09:11:41,165.0,39.0,166.69,26.0,164.0,13.0,168.85,26.0,165.85,1.6899999999999975,52.0,52.0,2.5714723409174174,104,0.0,40.0,0.0,167.0,
2025-04-08 09:11:42,163.38,26.0,223.89,27.0,161.29,72.0,251.59,27.0,193.64,60.50999999999999,98.0,54.0,11.564178743002184,152,44.0,48.0,0.29,164.67,6.0
2025-04-08 09:11:43,165.0,10.0,305.0,35.0,163.13,31.0,575.51,39.0,235.0,140.0,41.0,74.0,29.65994133507523,115,-33.0,-37.0,-0.29,164.67,
2025-04-08 09:11:44,165.0,3.0,176.0,12.0,164.0,12.0,553.08,13.0,170.5,11.0,15.0,25.0,29.43903157374753,40,-10.0,-75.0,-0.25,164.67,
2025-04-08 09:11:45,165.0,5.0,175.0,5.0,164.0,20.0,176.0,20.0,170.0,10.0,25.0,25.0,28.96835376751852,50,0.0,10.0,0.0,164.67,
2025-04-08 09:11:46,166.5,8.0,175.0,8.0,164.43,14.0,176.0,32.0,170.75,8.5,22.0,40.0,28.145246845606174,62,-18.0,12.0,-0.29,164.67,
2025-04-08 09:11:47,167.0,11.0,173.45,11.0,165.0,121.0,215.0,50.0,170.23,6.449999999999989,132.0,61.0,28.904789049569352,193,71.0,131.0,0.37,164.67,
2025-04-08 09:11:48,165.07,56.0,173.0,8.0,164.5,48.0,350.05,38.0,169.04,7.930000000000007,104.0,46.0,0.6582020967030768,150,58.0,-43.0,0.39,165.33,6.0
2025-04-08 09:11:49,165.0,56.0,171.62,8.0,164.0,32.0,443.0,24.0,168.31,6.6200000000000045,88.0,32.0,0.9791986520131384,120,56.0,-30.0,0.47,165.33,
2025-04-08 09:11:50,165.0,49.0,170.0,7.0,164.0,28.0,466.14,21.0,167.5,5.0,77.0,28.0,1.338405768107857,105,49.0,-15.0,0.47,165.33,
2025-04-08 09:11:51,165.0,49.0,170.0,8.0,164.0,32.0,497.63,27.0,167.5,5.0,81.0,35.0,1.153182552809583,116,46.0,11.0,0.4,165.0,1.0
2025-04-08 09:12:00,165.72,29.0,230.17,47.0,165.86,35.0,231.73,45.0,197.95,64.44999999999999,64.0,92.0,3.190987308044684,156,-28.0,-11.0,-0.18,166.5,6.0
2025-04-08 09:12:01,163.4,30.0,225.78,37.0,161.33,72.0,226.91,33.0,194.59,62.38,102.0,70.0,4.492980080091878,172,32.0,16.0,0.19,164.0,3.0
2025-04-08 09:12:02,166.65,69.0,221.12,56.0,162.35,62.0,223.1,49.0,193.89,54.47,131.0,105.0,4.480130578465622,236,26.0,64.0,0.11,167.0,3.0
2025-04-08 09:12:03,167.75,24.0,214.24,45.0,165.57,42.0,215.48,48.0,191.0,46.49000000000001,66.0,93.0,4.12469756468311,159,-27.0,-77.0,-0.17,167.0,
2025-04-08 09:12:06,168.0,135.0,178.85,27.0,167.0,45.0,182.65,34.0,173.43,10.849999999999994,180.0,61.0,7.923797700604362,241,119.0,2.0,0.49,167.0,
2025-04-08 09:12:11,168.0,144.0,170.82,44.0,167.0,48.0,172.34,32.0,169.41,2.819999999999993,192.0,76.0,1.0942714471758015,268,116.0,132.0,0.43,167.0,
2025-04-08 09:12:12,168.0,54.0,169.0,24.0,167.0,18.0,170.0,6.0,168.5,1.0,72.0,30.0,1.1692604500727326,102,42.0,-166.0,0.41,167.0,
2025-04-08 09:12:13,168.0,75.0,169.0,36.0,167.0,27.0,170.0,9.0,168.5,1.0,102.0,45.0,1.0095394990312834,147,57.0,45.0,0.39,168.0,2.0
2025-04-08 09:12:14,168.0,69.0,169.0,40.0,167.0,30.0,193.09,11.0,168.5,1.0,99.0,51.0,0.7445132638874602,150,48.0,3.0,0.32,168.0,1.0
2025-04-08 09:12:15,168.0,46.0,205.57,28.0,167.0,27.0,414.33,15.0,186.79,37.56999999999999,73.0,43.0,8.087400694914542,116,30.0,-34.0,0.26,168.0,3.0
2025-04-08 09:12:16,167.84,25.0,224.36,36.0,166.33,27.0,301.0,18.0,196.1,56.52000000000001,52.0,54.0,12.991397923245374,106,-2.0,-10.0,-0.02,167.75,4.0
2025-04-08 09:12:17,165.8,30.0,211.94,66.0,163.19,141.0,357.49,39.0,188.87,46.13999999999999,171.0,105.0,12.581171249136712,276,66.0,168.0,0.24,166.0,3.0
2025-04-08 09:12:18,164.0,32.0,184.67,43.0,163.0,280.0,192.83,24.0,174.34,20.669999999999987,312.0,67.0,11.243271321110424,379,245.0,103.0,0.65,166.0,
2025-04-08 09:12:19,164.0,24.0,183.12,40.0,163.0,160.0,186.0,8.0,173.56,19.120000000000005,184.0,48.0,9.749321514859597,232,136.0,-147.0,0.59,166.0,
2025-04-08 09:12:20,164.0,22.0,182.5,40.0,163.0,160.0,186.0,8.0,173.25,18.5,182.0,48.0,10.600326881757187,230,134.0,-2.0,0.58,164.0,2.0
2025-04-08 09:12:21,163.57,70.0,180.71,17.0,162.67,239.0,181.98,61.0,172.14,17.140000000000015,309.0,78.0,6.997768930173678,387,231.0,157.0,0.6,164.0,1.0
2025-04-08 09:12:24,163.25,167.0,169.42,55.0,162.15,244.0,171.85,55.0,166.33,6.169999999999988,411.0,110.0,2.9083620820152136,521,301.0,168.0,0.58,169.0,1.0
2025-04-08 09:12:25,163.0,188.0,165.29,31.0,161.0,130.0,166.67,48.0,164.15,2.289999999999992,318.0,79.0,4.039922028963408,397,239.0,-124.0,0.6,163.0,8.0
2025-04-08 09:12:26,163.0,155.0,166.92,38.0,161.0,182.0,326.11,64.0,164.96,3.919999999999988,337.0,102.0,4.149514429436758,439,235.0,42.0,0.54,166.2,5.0
2025-04-08 09:12:27,163.0,64.0,166.43,14.0,161.0,104.0,243.73,22.0,164.71,3.430000000000007,168.0,36.0,3.0122051723121355,204,132.0,-168.0,0.65,163.0,3.0
2025-04-08 09:12:28,161.67,108.0,164.13,45.0,160.94,97.0,167.0,13.0,162.9,2.460000000000008,205.0,58.0,1.2476578056919898,263,147.0,59.0,0.56,162.9,10.0
2025-04-08 09:12:29,161.0,69.0,162.0,6.0,160.0,6.0,169.12,17.0,161.5,1.0,75.0,23.0,1.438273270315577,98,52.0,-165.0,0.53,161.0,3.0
2025-04-08 09:12:30,161.0,77.0,204.0,22.0,160.0,9.0,230.83,35.0,182.5,43.0,86.0,57.0,8.605560992759495,143,29.0,45.0,0.2,161.0,1.0
2025-04-08 09:12:31,161.0,45.0,234.0,40.0,160.0,58.0,604.3,44.0,197.5,73.0,103.0,84.0,15.7329723828685,187,19.0,44.0,0.1,161.0,
2025-04-08 09:12:32,160.05,63.0,337.49,43.0,130.97,34.0,602.11,38.0,248.77,177.44,97.0,81.0,35.7458498290375,178,16.0,-9.0,0.09,160.38,8.0
2025-04-08 09:12:33,162.0,14.0,304.0,45.0,155.32,34.0,506.56,36.0,233.0,142.0,48.0,81.0,35.89555794245437,129,-33.0,-49.0,-0.26,162.0,2.0
2025-04-08 09:12:34,160.0,30.0,293.23,30.0,132.48,62.0,356.89,45.0,226.62,133.23000000000002,92.0,75.0,27.046621230758145,167,17.0,38.0,0.1,162.0,
2025-04-08 09:12:35,161.95,120.0,225.0,13.0,158.19,47.0,332.92,65.0,193.47,63.05000000000001,167.0,78.0,23.71996142492852,245,89.0,78.0,0.36,162.0,
2025-04-08 09:12:36,162.0,75.0,320.0,35.0,160.0,35.0,438.16,19.0,241.0,158.0,110.0,54.0,21.3189017071728,164,56.0,-81.0,0.34,162.0,2.0
2025-04-08 09:12:37,162.8,44.0,306.22,18.0,161.8,50.0,342.96,26.0,234.51,143.42000000000002,94.0,44.0,18.73908615701672,138,50.0,-26.0,0.36,162.0,
2025-04-08 09:12:38,164.6,15.0,248.14,29.0,162.86,65.0,283.0,35.0,206.37,83.53999999999999,80.0,64.0,19.901043439983148,144,16.0,6.0,0.11,162.0,
2025-04-08 09:12:39,166.0,12.0,259.62,42.0,163.0,84.0,299.78,23.0,212.81,93.62,96.0,65.0,19.77888318384273,161,31.0,17.0,0.19,162.0,
2025-04-08 09:12:40,166.0,12.0,172.51,49.0,163.0,84.0,232.98,45.0,169.26,6.509999999999991,96.0,94.0,28.300354238067367,190,2.0,29.0,0.01,162.0,
2025-04-08 09:12:41,166.0,13.0,169.83,47.0,163.0,91.0,171.07,44.0,167.91,3.830000000000013,104.0,91.0,28.955227852671086,195,13.0,5.0,0.07,162.0,
2025-04-08 09:12:42,166.0,12.0,168.27,41.0,163.21,78.0,169.35,43.0,167.13,2.2700000000000102,90.0,84.0,22.85149623110271,174,6.0,-21.0,0.03,162.0,
2025-04-08 09:12:43,165.04,25.0,248.62,24.0,163.12,67.0,429.33,15.0,206.83,83.58000000000001,92.0,39.0,22.961232980833184,131,53.0,-43.0,0.4,165.25,4.0
2025-04-08 09:12:44,166.57,14.0,210.53,17.0,163.53,38.0,418.73,22.0,188.55,43.96000000000001,52.0,39.0,17.464846979006204,91,13.0,-40.0,0.14,168.0,1.0
2025-04-08 09:12:45,165.0,14.0,168.0,28.0,163.0,98.0,274.64,14.0,166.5,3.0,112.0,42.0,17.924209327055465,154,70.0,63.0,0.45,168.0,
2025-04-08 09:12:46,162.52,122.0,167.24,34.0,161.21,141.0,344.76,68.0,164.88,4.719999999999999,263.0,102.0,18.45254914639444,365,161.0,168.0,0.44,163.4,5.0
2025-04-08 09:12:47,163.12,96.0,165.0,20.0,162.36,99.0,305.0,40.0,164.06,1.8799999999999957,195.0,60.0,18.98054872758167,255,135.0,-110.0,0.53,163.4,
2025-04-08 09:12:48,163.0,88.0,165.0,20.0,162.0,90.0,322.0,22.0,164.0,2.0,178.0,42.0,10.642397286330882,220,136.0,-35.0,0.62,163.0,4.0
2025-04-08 09:12:49,163.73,49.0,360.81,16.0,162.18,66.0,574.88,17.0,262.27,197.08,115.0,33.0,43.57475209338661,148,82.0,-72.0,0.55,163.33,6.0
2025-04-08 09:12:55,162.0,60.0,189.4,15.0,160.0,45.0,190.33,9.0,175.7,27.40000000000001,105.0,24.0,88.99855796584616,129,81.0,-165.0,0.63,163.33,
2025-04-08 09:12:56,162.0,70.0,185.75,12.0,160.0,54.0,189.0,18.0,173.88,23.75,124.0,30.0,109.67720182426284,154,94.0,25.0,0.61,162.0,1.0
2025-04-08 09:12:57,163.33,36.0,187.2,45.0,161.56,123.0,190.0,45.0,175.27,23.869999999999976,159.0,90.0,104.53692591615696,249,69.0,95.0,0.28,164.0,2.0
2025-04-08 09:12:58,161.27,55.0,170.75,36.0,158.78,82.0,188.4,30.0,166.01,9.47999999999999,137.0,66.0,74.30786802216906,203,71.0,-46.0,0.35,162.0,6.0
2025-04-08 09:12:59,161.88,51.0,163.0,45.0,160.0,117.0,190.0,39.0,162.44,1.1200000000000043,168.0,84.0,6.045928381985842,252,84.0,49.0,0.33,162.0,2.0
2025-04-08 09:13:00,162.0,90.0,163.0,36.0,160.0,108.0,334.81,26.0,162.5,1.0,198.0,62.0,6.17553641395648,260,136.0,8.0,0.52,162.0,4.0
2025-04-08 09:13:01,161.0,24.0,163.0,24.0,150.71,62.0,451.0,11.0,162.0,2.0,86.0,35.0,5.6174487091652985,121,51.0,-139.0,0.42,161.33,9.0
2025-04-08 09:13:02,160.0,36.0,299.5,16.0,99.0,15.0,581.86,7.0,229.75,139.5,51.0,23.0,29.788958524931708,74,28.0,-47.0,0.38,163.0,3.0
2025-04-08 09:13:05,133.14,22.0,161.47,60.0,131.16,113.0,171.52,54.0,147.3,28.330000000000013,135.0,114.0,119.23789280258222,249,21.0,117.0,0.08,163.0,
2025-04-08 09:13:06,138.28,29.0,162.4,60.0,134.08,106.0,258.33,24.0,150.34,24.120000000000005,135.0,84.0,121.77341261539848,219,51.0,-30.0,0.23,160.0,4.0
2025-04-08 09:13:07,139.0,88.0,155.15,47.0,138.0,11.0,205.47,15.0,147.07,16.150000000000006,99.0,62.0,132.05732459807027,161,37.0,-58.0,0.23,151.0,5.0
2025-04-08 09:13:08,139.08,51.0,154.0,9.0,138.8,30.0,157.0,18.0,146.54,14.919999999999987,81.0,27.0,92.35595757719206,108,54.0,-53.0,0.5,151.0,
2025-04-08 09:13:09,144.05,38.0,236.0,7.0,140.14,28.0,279.83,12.0,190.03,91.95,66.0,19.0,18.938554063077305,85,47.0,-23.0,0.55,157.71,7.0
2025-04-08 09:13:10,162.0,20.0,212.8,5.0,142.09,33.0,358.4,5.0,187.4,50.80000000000001,53.0,10.0,22.37639448168764,63,43.0,-22.0,0.68,157.71,
2025-04-08 09:13:11,162.0,32.0,222.0,9.0,151.08,50.0,472.27,11.0,192.0,60.0,82.0,20.0,23.612015373536,102,62.0,39.0,0.61,157.71,
2025-04-08 09:13:12,161.2,40.0,454.0,11.0,159.24,50.0,538.77,13.0,307.6,292.8,90.0,24.0,60.51194824164976,114,66.0,12.0,0.58,162.0,4.0
2025-04-08 09:13:14,163.73,15.0,372.21,29.0,160.04,89.0,460.12,48.0,267.97,208.48,104.0,77.0,68.00057661520302,181,27.0,48.0,0.15,162.0,
2025-04-08 09:13:15,168.0,9.0,296.05,37.0,167.0,36.0,365.69,13.0,232.03,128.05,45.0,50.0,58.55098265614415,95,-5.0,-86.0,-0.05,162.0,
2025-04-08 09:13:16,168.0,7.0,296.0,35.0,167.0,28.0,298.78,9.0,232.0,128.0,35.0,44.0,47.25312233069994,79,-9.0,-16.0,-0.11,162.0,
2025-04-08 09:13:19,167.29,42.0,257.53,57.0,165.64,33.0,261.71,42.0,212.41,90.23999999999998,75.0,99.0,8.570123686394188,174,-24.0,50.0,-0.14,162.0,
2025-04-08 09:13:20,167.88,34.0,248.24,41.0,166.9,49.0,256.64,44.0,208.06,80.36000000000001,83.0,85.0,11.667414880773483,168,-2.0,-6.0,-0.01,168.0,2.0
2025-04-08 09:13:22,166.92,26.0,200.3,20.0,166.0,10.0,247.17,30.0,183.61,33.380000000000024,36.0,50.0,19.55725747644832,86,-14.0,-82.0,-0.16,168.0,2.0
2025-04-08 09:13:23,166.0,67.0,199.29,28.0,162.0,40.0,240.0,28.0,182.64,33.28999999999999,107.0,56.0,14.550387280072414,163,51.0,77.0,0.31,166.0,1.0
2025-04-08 09:13:24,166.0,89.0,197.48,63.0,162.0,75.0,198.67,48.0,181.74,31.47999999999999,164.0,111.0,11.13541961490866,275,53.0,112.0,0.19,166.0,5.0
2025-04-08 09:13:25,163.87,45.0,193.09,44.0,160.84,83.0,193.89,47.0,178.48,29.22,128.0,91.0,2.562219740789585,219,37.0,-56.0,0.17,165.0,4.0
2025-04-08 09:13:26,162.11,55.0,190.37,63.0,160.07,116.0,191.29,49.0,176.24,28.25999999999999,171.0,112.0,3.082550891727772,283,59.0,64.0,0.21,165.0,
2025-04-08 09:13:27,167.33,36.0,187.29,42.0,163.58,38.0,190.31,58.0,177.31,19.95999999999998,74.0,100.0,2.788533664866105,174,-26.0,-109.0,-0.15,165.0,
2025-04-08 09:13:28,168.0,24.0,184.78,9.0,164.0,24.0,185.97,29.0,176.39,16.78,48.0,38.0,2.257137567826028,86,10.0,-88.0,0.12,165.0,
2025-04-08 09:13:29,168.0,33.0,182.68,44.0,164.0,33.0,183.38,29.0,175.34,14.680000000000009,66.0,73.0,1.1920864063026204,139,-7.0,53.0,-0.05,165.0,
2025-04-08 09:13:30,168.0,51.0,177.27,49.0,164.0,51.0,180.08,50.0,172.63,9.27000000000001,102.0,99.0,1.7919737721550195,201,3.0,62.0,0.01,165.0,
2025-04-08 09:13:31,166.07,29.0,174.77,44.0,162.7,43.0,175.65,52.0,170.42,8.700000000000017,72.0,96.0,2.840927665409923,168,-24.0,-33.0,-0.14,167.0,4.0
2025-04-08 09:13:32,164.0,24.0,172.57,35.0,162.0,48.0,173.87,31.0,168.29,8.569999999999993,72.0,66.0,3.3615517250358318,138,6.0,-30.0,0.04,167.0,
2025-04-08 09:13:33,164.0,30.0,169.37,43.0,162.2,60.0,170.56,50.0,166.69,5.3700000000000045,90.0,93.0,3.4357575583983326,183,-3.0,45.0,-0.02,167.0,
2025-04-08 09:13:34,163.41,34.0,165.61,31.0,162.5,56.0,167.0,43.0,164.51,2.200000000000017,90.0,74.0,3.161616675071656,164,16.0,-19.0,0.1,164.0,2.0
2025-04-08 09:13:35,161.24,66.0,187.62,45.0,153.58,86.0,248.96,26.0,174.43,26.379999999999995,152.0,71.0,3.788617161985522,223,81.0,59.0,0.36,162.4,10.0
2025-04-08 09:13:36,160.0,109.0,282.6,30.0,148.24,74.0,310.0,18.0,221.3,122.60000000000002,183.0,48.0,23.90797732975528,231,135.0,8.0,0.58,160.0,1.0
2025-04-08 09:13:37,160.34,59.0,215.52,33.0,157.5,64.0,276.88,40.0,187.93,55.18000000000001,123.0,73.0,23.30521443797701,196,50.0,-35.0,0.26,160.0,2.0
2025-04-08 09:13:38,162.0,40.0,164.59,27.0,160.0,40.0,165.89,28.0,163.3,2.5900000000000034,80.0,55.0,23.938033127224383,135,25.0,-61.0,0.19,164.0,4.0
2025-04-08 09:13:39,162.0,38.0,163.6,30.0,159.5,64.0,259.69,32.0,162.8,1.5999999999999943,102.0,62.0,24.26560466998694,164,40.0,29.0,0.24,162.0,2.0
2025-04-08 09:13:40,162.0,14.0,163.78,23.0,159.0,56.0,238.0,9.0,162.89,1.7800000000000011,70.0,32.0,25.66818711946934,102,38.0,-62.0,0.37,162.0,
2025-04-08 09:13:41,160.56,57.0,162.96,57.0,159.35,99.0,172.73,37.0,161.76,2.4000000000000057,156.0,94.0,11.303054012084113,250,62.0,148.0,0.25,162.0,2.0
2025-04-08 09:13:42,160.0,70.0,167.76,34.0,159.0,80.0,290.0,15.0,163.88,7.759999999999991,150.0,49.0,0.7788966555905388,199,101.0,-51.0,0.51,160.33,6.0
2025-04-08 09:13:43,168.0,42.0,257.5,16.0,160.0,24.0,336.46,13.0,212.75,89.5,66.0,29.0,22.336390263426427,95,37.0,-104.0,0.39,160.33,
2025-04-08 09:13:44,168.0,73.0,184.12,51.0,160.69,26.0,261.67,21.0,176.06,16.120000000000005,99.0,72.0,21.62576634480478,171,27.0,76.0,0.16,168.0,1.0
2025-04-08 09:13:45,168.0,27.0,183.55,55.0,163.0,11.0,324.62,13.0,175.77,15.550000000000011,38.0,68.0,20.49024963244937,106,-30.0,-65.0,-0.28,168.0,5.0
2025-04-08 09:13:46,162.11,55.0,182.0,50.0,160.08,37.0,382.4,30.0,172.05,19.889999999999983,92.0,80.0,18.9009515633497,172,12.0,66.0,0.07,165.5,2.0
2025-04-08 09:13:47,162.0,52.0,181.0,50.0,160.0,40.0,352.0,30.0,171.5,19.0,92.0,80.0,17.522928693574357,172,12.0,0.0,0.07,162.0,4.0
2025-04-08 09:13:48,160.0,10.0,179.4,50.0,159.0,80.0,506.8,30.0,169.7,19.40000000000001,90.0,80.0,2.787369727913943,170,10.0,-2.0,0.06,160.8,5.0
2025-04-08 09:13:49,159.2,30.0,178.0,45.0,156.38,58.0,704.74,23.0,168.6,18.80000000000001,88.0,68.0,2.746931014803771,156,20.0,-14.0,0.13,160.0,1.0
2025-04-08 09:13:50,159.0,44.0,178.0,30.0,140.25,16.0,765.0,6.0,168.5,19.0,60.0,36.0,1.6376812877024118,96,24.0,-60.0,0.25,159.0,4.0
2025-04-08 09:13:51,159.0,20.0,177.61,23.0,135.0,20.0,532.13,15.0,168.3,18.610000000000014,40.0,38.0,1.3349157277111166,78,2.0,-18.0,0.03,159.0,
2025-04-08 09:13:52,159.0,36.0,176.76,37.0,120.78,54.0,358.7,33.0,167.88,17.75999999999999,90.0,70.0,0.6760769187676713,160,20.0,82.0,0.12,159.0,
2025-04-08 09:13:53,162.0,12.0,177.0,30.0,159.0,24.0,473.83,6.0,169.5,15.0,36.0,36.0,0.5955501658889769,72,0.0,-88.0,0.0,159.0,
2025-04-08 09:13:54,162.0,25.0,174.67,60.0,159.0,48.0,239.73,48.0,168.33,12.669999999999987,73.0,108.0,0.602760317282403,181,-35.0,109.0,-0.19,159.0,
2025-04-08 09:13:55,161.73,30.0,171.82,55.0,147.95,44.0,173.91,55.0,166.78,10.090000000000003,74.0,110.0,0.9781206470013636,184,-36.0,3.0,-0.2,162.5,4.0
2025-04-08 09:13:56,159.0,24.0,167.89,45.0,88.65,52.0,169.22,45.0,163.44,8.889999999999986,76.0,90.0,2.309887443164779,166,-14.0,-18.0,-0.08,159.0,2.0
2025-04-08 09:13:57,159.43,14.0,165.8,50.0,152.09,47.0,166.8,50.0,162.61,6.3700000000000045,61.0,100.0,3.010227566163443,161,-39.0,-5.0,-0.24,159.0,
2025-04-08 09:13:58,159.67,12.0,165.0,24.0,158.43,53.0,166.0,45.0,162.33,5.3300000000000125,65.0,69.0,2.696102742866137,134,-4.0,-27.0,-0.03,162.17,6.0
2025-04-08 09:13:59,131.75,61.0,163.67,30.0,88.73,67.0,164.93,54.0,147.71,31.919999999999987,128.0,84.0,7.406748949444038,212,44.0,78.0,0.21,159.0,4.0
2025-04-08 09:14:00,116.22,54.0,161.27,22.0,95.0,45.0,349.73,11.0,138.75,45.05000000000001,99.0,33.0,11.181190455407265,132,66.0,-80.0,0.5,158.25,8.0
2025-04-08 09:14:02,162.0,18.0,163.0,9.0,89.33,36.0,363.78,18.0,162.5,1.0,54.0,27.0,11.985681874640695,81,27.0,-74.0,0.33,162.5,2.0
2025-04-08 09:14:03,162.0,12.0,333.0,24.0,144.67,36.0,382.0,6.0,247.5,171.0,48.0,30.0,46.06686086548648,78,18.0,-3.0,0.23,162.5,
2025-04-08 09:14:04,129.4,20.0,380.62,8.0,107.82,44.0,451.09,11.0,255.01,251.22,64.0,19.0,58.235791142561865,83,45.0,5.0,0.54,162.0,2.0
2025-04-08 09:14:06,162.0,58.0,377.0,7.0,154.11,54.0,557.42,19.0,269.5,215.0,112.0,26.0,42.00476841978875,138,86.0,50.0,0.62,162.0,3.0
2025-04-08 09:14:07,162.0,56.0,375.38,8.0,160.0,96.0,379.88,8.0,268.69,213.38,152.0,16.0,12.234191023524234,168,136.0,30.0,0.81,162.0,
2025-04-08 09:14:08,162.0,140.0,231.0,40.0,160.0,120.0,373.0,10.0,196.5,69.0,260.0,50.0,30.04310952614728,310,210.0,142.0,0.68,162.0,
2025-04-08 09:14:09,162.0,203.0,163.57,21.0,160.0,144.0,231.3,33.0,162.79,1.5699999999999932,347.0,54.0,46.98601781381439,401,293.0,91.0,0.73,162.0,1.0
2025-04-08 09:14:10,163.73,81.0,403.32,37.0,161.46,134.0,510.63,38.0,283.53,239.59,215.0,75.0,53.31448461722275,290,140.0,-111.0,0.48,162.33,3.0
2025-04-08 09:14:11,166.1,42.0,424.44,36.0,162.17,117.0,534.0,36.0,295.27,258.34000000000003,159.0,72.0,58.34635875528207,231,87.0,-59.0,0.38,168.0,2.0
2025-04-08 09:14:12,166.0,25.0,195.0,32.0,162.0,112.0,713.25,32.0,180.5,29.0,137.0,64.0,61.27397547083168,201,73.0,-30.0,0.36,166.0,3.0
2025-04-08 09:14:13,162.43,92.0,202.24,42.0,160.99,142.0,291.09,44.0,182.34,39.81,234.0,86.0,63.14510772815328,320,148.0,119.0,0.46,164.67,3.0
2025-04-08 09:14:14,162.0,78.0,211.0,12.0,160.0,72.0,219.83,24.0,186.5,49.0,150.0,36.0,58.4038472191694,186,114.0,-134.0,0.61,164.67,
2025-04-08 09:14:15,162.08,95.0,210.89,18.0,160.47,110.0,343.0,36.0,186.49,48.80999999999997,205.0,54.0,49.84933951418096,259,151.0,73.0,0.58,164.67,
2025-04-08 09:14:16,166.89,57.0,209.0,24.0,163.26,35.0,343.0,48.0,187.95,42.110000000000014,92.0,72.0,3.1701940003863607,164,20.0,-95.0,0.12,164.67,
2025-04-08 09:14:17,167.0,40.0,208.5,16.0,164.0,16.0,503.88,32.0,187.75,41.5,56.0,48.0,2.2659721975535234,104,8.0,-60.0,0.08,164.67,
2025-04-08 09:14:18,167.0,40.0,207.0,40.0,164.0,16.0,208.0,16.0,187.0,40.0,56.0,56.0,0.685543580004534,112,0.0,8.0,0.0,164.67,
2025-04-08 09:14:19,165.67,27.0,206.95,42.0,162.14,84.0,207.76,21.0,186.31,41.28,111.0,63.0,0.733348484750214,174,48.0,62.0,0.28,164.67,
2025-04-08 09:14:20,167.0,43.0,205.25,24.0,164.0,18.0,206.38,39.0,186.12,38.25,61.0,63.0,0.82342577084121,124,-2.0,-50.0,-0.02,167.0,2.0
2025-04-08 09:14:21,167.0,27.0,201.7,27.0,164.0,18.0,202.58,36.0,184.35,34.69999999999999,45.0,63.0,1.2676079835996303,108,-18.0,-16.0,-0.17,167.0,
2025-04-08 09:14:22,167.0,33.0,199.24,37.0,164.0,22.0,199.88,40.0,183.12,32.24000000000001,55.0,77.0,1.597294587759445,132,-22.0,24.0,-0.17,167.0,
2025-04-08 09:14:23,166.37,19.0,197.11,18.0,163.71,14.0,199.0,45.0,181.74,30.74000000000001,33.0,63.0,1.9555740845301055,96,-30.0,-36.0,-0.31,166.25,4.0
2025-04-08 09:14:24,164.0,6.0,194.52,27.0,163.0,6.0,197.0,15.0,179.26,30.52000000000001,12.0,42.0,2.6035014883971126,54,-30.0,-42.0,-0.56,166.25,
2025-04-08 09:14:25,164.0,9.0,192.55,33.0,163.0,9.0,193.87,30.0,178.27,28.55000000000001,18.0,63.0,2.556339179390356,81,-45.0,27.0,-0.56,166.25,
2025-04-08 09:14:26,164.0,11.0,191.65,46.0,163.0,11.0,192.39,31.0,177.83,27.65000000000001,22.0,77.0,2.2913816792682726,99,-55.0,18.0,-0.56,166.25,
2025-04-08 09:14:27,162.13,55.0,188.87,45.0,160.31,137.0,189.78,55.0,175.5,26.74000000000001,192.0,100.0,2.267983686027394,292,92.0,168.0,0.32,162.5,6.0
2025-04-08 09:14:28,162.0,52.0,184.83,36.0,160.0,156.0,186.0,30.0,173.42,22.830000000000013,208.0,66.0,2.36495877344332,274,142.0,-18.0,0.52,162.0,2.0
2025-04-08 09:14:29,161.58,53.0,180.81,42.0,159.99,184.0,182.67,43.0,171.2,19.22999999999999,237.0,85.0,2.982889538700128,322,152.0,48.0,0.47,161.2,5.0
2025-04-08 09:14:30,160.0,89.0,178.07,55.0,159.0,24.0,178.91,44.0,169.04,18.069999999999997,113.0,99.0,3.459945086281977,212,14.0,-110.0,0.07,160.0,7.0
2025-04-08 09:14:31,160.0,40.0,175.5,12.0,159.0,10.0,176.75,16.0,167.75,15.5,50.0,28.0,3.1551893762636256,78,22.0,-134.0,0.28,160.0,
2025-04-08 09:14:32,160.0,90.0,172.1,31.0,159.0,20.0,174.48,21.0,166.05,12.099999999999994,110.0,52.0,2.891049982287904,162,58.0,84.0,0.36,160.0,
2025-04-08 09:14:33,160.44,72.0,168.09,33.0,159.79,56.0,168.78,36.0,164.27,7.650000000000006,128.0,69.0,2.6705935669972254,197,59.0,35.0,0.3,160.0,
2025-04-08 09:14:34,162.57,56.0,165.29,34.0,159.9,101.0,166.64,28.0,163.93,2.719999999999999,157.0,62.0,2.2004590430378355,219,95.0,22.0,0.43,164.67,9.0
2025-04-08 09:14:35,160.92,39.0,178.35,20.0,159.46,39.0,314.0,9.0,169.64,17.430000000000007,78.0,29.0,2.4007540482288,107,49.0,-112.0,0.46,164.0,4.0
2025-04-08 09:14:36,160.0,30.0,433.0,5.0,159.0,13.0,0.0,0.0,296.5,273.0,43.0,5.0,58.41761181356259,48,38.0,-59.0,0.79,164.0,
2025-04-08 09:14:37,160.0,42.0,454.0,8.0,159.0,72.0,0.0,0.0,307.0,294.0,114.0,8.0,74.5095602590707,122,106.0,74.0,0.87,160.0,3.0
2025-04-08 09:14:38,165.83,18.0,402.82,22.0,159.62,24.0,461.0,4.0,284.33,236.99,42.0,26.0,71.22496296945395,68,16.0,-54.0,0.24,160.0,
2025-04-08 09:14:39,167.0,24.0,381.0,40.0,160.0,24.0,446.5,8.0,274.0,214.0,48.0,48.0,55.44379207810455,96,0.0,28.0,0.0,160.0,
2025-04-08 09:14:40,167.85,41.0,255.91,23.0,165.0,21.0,382.65,31.0,211.88,88.06,62.0,54.0,37.27633458375552,116,8.0,20.0,0.07,160.0,
2025-04-08 09:14:41,167.92,38.0,290.21,28.0,165.83,18.0,370.5,20.0,229.07,122.29,56.0,48.0,39.56406361839096,104,8.0,-12.0,0.08,160.0,
2025-04-08 09:14:42,167.7,10.0,280.97,36.0,166.36,25.0,350.46,26.0,224.34,113.27000000000004,35.0,62.0,32.26841691189832,97,-27.0,-7.0,-0.28,160.0,
2025-04-08 09:14:43,168.0,9.0,235.0,15.0,167.0,27.0,280.91,33.0,201.5,67.0,36.0,48.0,27.80521569778024,84,-12.0,-13.0,-0.14,160.0,
2025-04-08 09:14:44,168.0,13.0,279.0,13.0,167.0,39.0,389.24,49.0,223.5,111.0,52.0,62.0,11.210241745835969,114,-10.0,30.0,-0.09,160.0,
2025-04-08 09:14:45,168.0,7.0,276.57,7.0,167.0,21.0,644.47,30.0,222.29,108.57,28.0,37.0,10.732504367578136,65,-9.0,-49.0,-0.14,160.0,
2025-04-08 09:14:46,168.0,15.0,245.09,34.0,167.0,45.0,381.23,39.0,206.54,77.09,60.0,73.0,10.775452658709195,133,-13.0,68.0,-0.1,160.0,
2025-04-08 09:14:47,164.7,40.0,202.33,15.0,163.67,36.0,292.27,48.0,183.52,37.63000000000002,76.0,63.0,16.482578681750063,139,13.0,6.0,0.09,167.25,4.0
2025-04-08 09:14:48,165.92,50.0,199.57,21.0,164.0,60.0,216.49,43.0,182.75,33.650000000000006,110.0,64.0,19.94885084409829,174,46.0,35.0,0.26,166.0,4.0
2025-04-08 09:14:49,164.0,32.0,196.25,16.0,160.0,16.0,199.25,16.0,180.12,32.25,48.0,32.0,18.582070121492915,80,16.0,-94.0,0.2,166.0,
2025-04-08 09:14:50,164.0,46.0,194.93,42.0,160.86,28.0,197.0,14.0,179.46,30.930000000000007,74.0,56.0,11.344691269491564,130,18.0,50.0,0.14,164.0,2.0
2025-04-08 09:14:51,164.0,24.0,192.69,26.0,163.0,24.0,194.27,22.0,178.35,28.69,48.0,48.0,2.2053004330651254,96,0.0,-34.0,0.0,164.0,
2025-04-08 09:14:52,166.0,57.0,191.0,24.0,164.0,16.0,192.0,8.0,178.5,25.0,73.0,32.0,1.7823102984825847,105,41.0,9.0,0.39,166.0,1.0
2025-04-08 09:14:53,166.0,68.0,190.37,19.0,164.0,22.0,191.16,25.0,178.18,24.370000000000005,90.0,44.0,0.833738568183692,134,46.0,29.0,0.34,166.0,1.0
2025-04-08 09:14:54,166.0,21.0,184.33,12.0,164.0,18.0,188.67,9.0,175.17,18.330000000000013,39.0,21.0,1.6219032030540257,60,18.0,-74.0,0.3,166.0,5.0
2025-04-08 09:14:55,166.0,13.0,176.77,22.0,164.0,26.0,178.1,31.0,171.39,10.77000000000001,39.0,53.0,3.080595721622163,92,-14.0,32.0,-0.15,166.0,
2025-04-08 09:14:56,166.0,10.0,171.5,22.0,164.0,20.0,172.75,16.0,168.75,5.5,30.0,38.0,4.262448826681277,68,-8.0,-24.0,-0.12,166.0,
2025-04-08 09:14:57,164.46,26.0,167.17,18.0,163.38,32.0,169.83,42.0,165.81,2.7099999999999795,58.0,60.0,4.934419925389035,118,-2.0,50.0,-0.02,166.0,1.0
2025-04-08 09:14:58,164.0,28.0,165.14,42.0,163.0,28.0,166.05,38.0,164.57,1.1399999999999864,56.0,80.0,4.288043843068306,136,-24.0,18.0,-0.18,166.0,
2025-04-08 09:14:59,162.37,27.0,164.21,42.0,160.71,28.0,376.96,50.0,163.29,1.8400000000000036,55.0,92.0,3.283918391202157,147,-37.0,11.0,-0.25,163.5,4.0
2025-04-08 09:15:00,159.39,62.0,163.09,34.0,158.2,80.0,300.35,40.0,161.24,3.700000000000017,142.0,74.0,2.810964247384783,216,68.0,69.0,0.31,160.5,8.0
2025-04-08 09:15:01,158.7,60.0,160.92,36.0,157.1,98.0,226.58,36.0,159.81,2.219999999999999,158.0,72.0,2.434292505036169,230,86.0,14.0,0.37,159.43,7.0
2025-04-08 09:15:02,158.5,70.0,268.75,24.0,137.57,44.0,365.0,24.0,213.62,110.25,114.0,48.0,23.056381546115947,162,66.0,-68.0,0.41,160.0,3.0
2025-04-08 09:15:03,163.41,39.0,379.0,21.0,158.94,68.0,596.14,21.0,271.21,215.59,107.0,42.0,48.8146200435902,149,65.0,-13.0,0.44,160.0,
2025-04-08 09:15:04,167.0,6.0,319.33,18.0,163.0,42.0,515.25,12.0,243.17,152.32999999999998,48.0,30.0,49.38727214576726,78,18.0,-71.0,0.23,160.0,
2025-04-08 09:15:05,167.0,7.0,327.2,15.0,163.0,56.0,412.74,19.0,247.1,160.2,63.0,34.0,42.75956583035055,97,29.0,19.0,0.3,160.0,
2025-04-08 09:15:06,167.0,6.0,287.67,6.0,163.0,48.0,454.83,18.0,227.33,120.67000000000002,54.0,24.0,21.735773048136192,78,30.0,-19.0,0.38,160.0,
2025-04-08 09:15:07,167.0,13.0,285.11,19.0,163.0,94.0,377.73,33.0,226.05,118.11,107.0,52.0,18.34046400721869,159,55.0,81.0,0.35,160.0,
2025-04-08 09:15:08,167.0,15.0,271.76,25.0,163.01,99.0,282.26,35.0,219.38,104.76,114.0,60.0,11.910274136227226,174,54.0,15.0,0.31,160.0,
2025-04-08 09:15:09,167.0,7.0,245.29,17.0,164.0,7.0,258.55,11.0,206.15,78.28999999999999,14.0,28.0,14.846247674078526,42,-14.0,-132.0,-0.33,160.0,
2025-04-08 09:15:10,165.71,7.0,251.69,13.0,163.16,25.0,258.6,15.0,208.7,85.97999999999999,32.0,28.0,9.740711986301674,60,4.0,18.0,0.07,167.0,1.0
2025-04-08 09:15:11,163.19,26.0,250.25,16.0,162.62,56.0,251.38,32.0,206.72,87.06,82.0,48.0,8.874933802574546,130,34.0,70.0,0.26,163.2,5.0
2025-04-08 09:15:12,162.33,18.0,229.5,16.0,160.5,24.0,249.75,16.0,195.92,67.16999999999999,42.0,32.0,8.351980603430485,74,10.0,-56.0,0.14,162.75,4.0
2025-04-08 09:15:13,161.4,10.0,219.29,14.0,159.29,51.0,249.9,20.0,190.34,57.88999999999999,61.0,34.0,8.00579664993296,95,27.0,21.0,0.28,161.0,4.0
2025-04-08 09:15:14,159.06,47.0,219.29,14.0,158.88,41.0,249.9,20.0,189.17,60.22999999999999,88.0,34.0,9.101576786473714,122,54.0,27.0,0.44,159.2,5.0
2025-04-08 09:15:15,161.06,83.0,247.37,19.0,158.24,34.0,249.41,17.0,204.21,86.31,117.0,36.0,7.9517840765501875,153,81.0,31.0,0.53,159.2,
2025-04-08 09:15:16,168.0,152.0,244.32,22.0,159.0,64.0,245.6,10.0,206.16,76.32,216.0,32.0,7.787692212721114,248,184.0,95.0,0.74,159.2,
2025-04-08 09:15:17,168.0,190.0,240.83,24.0,159.0,80.0,244.11,18.0,204.42,72.83000000000001,270.0,42.0,8.35632395255697,312,228.0,64.0,0.73,159.2,
2025-04-08 09:15:19,168.0,198.0,237.33,18.0,160.58,53.0,238.12,25.0,202.67,69.33000000000001,251.0,43.0,1.2375984809615657,294,208.0,45.0,0.71,159.2,
2025-04-08 09:15:20,168.0,108.0,234.64,11.0,165.5,18.0,236.25,12.0,201.32,66.63999999999999,126.0,23.0,1.856803705316817,149,103.0,-145.0,0.69,159.2,
2025-04-08 09:15:21,168.0,194.0,231.11,19.0,166.11,37.0,232.45,20.0,199.55,63.110000000000014,231.0,39.0,2.095936544859588,270,192.0,121.0,0.71,168.0,5.0
2025-04-08 09:15:22,168.0,60.0,228.09,22.0,167.0,12.0,229.18,11.0,198.05,60.09,72.0,33.0,2.515835845216784,105,39.0,-165.0,0.37,168.0,3.0
2025-04-08 09:15:23,168.0,90.0,225.67,30.0,167.0,18.0,227.75,16.0,196.83,57.66999999999999,108.0,46.0,2.3678006673023018,154,62.0,49.0,0.4,168.0,
2025-04-08 09:15:24,168.0,78.0,224.48,29.0,167.0,18.0,225.0,19.0,196.24,56.47999999999999,96.0,48.0,2.067720967654211,144,48.0,-10.0,0.33,168.0,4.0
2025-04-08 09:15:25,168.0,60.0,220.22,36.0,167.0,20.0,221.0,16.0,194.11,52.22,80.0,52.0,2.034325441043398,132,28.0,-12.0,0.21,168.0,
2025-04-08 09:15:26,168.0,60.0,219.0,20.0,167.0,20.0,220.0,40.0,193.5,51.0,80.0,60.0,1.9005604436786547,140,20.0,8.0,0.14,168.0,
2025-04-08 09:15:27,168.0,48.0,216.8,25.0,167.0,16.0,217.48,23.0,192.4,48.80000000000001,64.0,48.0,1.867573291754737,112,16.0,-28.0,0.14,168.0,
2025-04-08 09:15:28,167.95,43.0,212.0,37.0,166.88,25.0,213.66,29.0,189.98,44.05000000000001,68.0,66.0,2.299865213458208,134,2.0,22.0,0.01,168.0,3.0
2025-04-08 09:15:29,167.89,36.0,208.08,66.0,166.84,38.0,209.78,55.0,187.98,40.190000000000026,74.0,121.0,2.5631387009045383,195,-47.0,61.0,-0.24,168.0,2.0
2025-04-08 09:15:30,167.0,18.0,202.92,26.0,166.0,27.0,204.48,29.0,184.96,35.91999999999999,45.0,55.0,3.4356193037171407,100,-10.0,-95.0,-0.1,168.0,
2025-04-08 09:15:31,164.08,26.0,200.2,20.0,164.0,14.0,202.0,40.0,182.14,36.119999999999976,40.0,60.0,4.048817111215698,100,-20.0,0.0,-0.2,166.0,6.0
2025-04-08 09:15:32,162.86,28.0,196.9,31.0,160.8,20.0,198.67,36.0,179.88,34.03999999999999,48.0,67.0,4.12539937461479,115,-19.0,15.0,-0.17,163.0,3.0
2025-04-08 09:15:33,162.0,9.0,193.65,34.0,160.0,27.0,194.69,29.0,177.82,31.65000000000001,36.0,63.0,4.029972704631055,99,-27.0,-16.0,-0.27,163.0,
2025-04-08 09:15:34,159.16,76.0,190.61,44.0,159.2,20.0,192.25,40.0,174.89,31.450000000000017,96.0,84.0,3.8743025178824886,180,12.0,81.0,0.07,160.5,4.0
2025-04-08 09:15:35,159.0,63.0,187.96,25.0,158.0,7.0,189.0,26.0,173.48,28.960000000000008,70.0,51.0,3.541471445609836,121,19.0,-59.0,0.16,160.5,
2025-04-08 09:15:36,159.0,66.0,174.44,18.0,158.0,10.0,185.0,42.0,166.72,15.439999999999998,76.0,60.0,5.04159895272013,136,16.0,15.0,0.12,159.0,8.0
2025-04-08 09:15:37,159.0,7.0,160.0,7.0,158.0,7.0,185.27,33.0,159.5,1.0,14.0,40.0,7.365827855717731,54,-26.0,-82.0,-0.48,159.0,
2025-04-08 09:15:38,159.0,6.0,160.0,6.0,158.0,6.0,186.0,30.0,159.5,1.0,12.0,36.0,7.359607326485965,48,-24.0,-6.0,-0.5,159.0,
2025-04-08 09:15:39,159.0,9.0,160.0,6.0,158.0,6.0,186.0,30.0,159.5,1.0,15.0,36.0,6.278550788204614,51,-21.0,3.0,-0.41,159.0,
2025-04-08 09:15:40,158.8,15.0,160.0,9.0,122.0,17.0,186.23,39.0,159.4,1.1999999999999886,32.0,48.0,3.240351832758862,80,-16.0,29.0,-0.2,159.0,2.0
2025-04-08 09:15:49,115.53,38.0,154.95,19.0,105.15,33.0,155.75,24.0,135.24,39.41999999999999,71.0,43.0,3.99489298981238,114,28.0,60.0,0.25,155.22,9.0
2025-04-08 09:15:50,116.67,36.0,156.0,21.0,115.31,35.0,157.0,21.0,136.33,39.33,71.0,42.0,2.870047037951275,113,29.0,-1.0,0.26,155.22,
2025-04-08 09:15:51,118.0,72.0,154.22,9.0,117.0,27.0,156.0,27.0,136.11,36.22,99.0,36.0,2.2923634092467484,135,63.0,22.0,0.47,155.22,
2025-04-08 09:15:52,118.0,29.0,154.38,8.0,117.0,24.0,156.38,24.0,136.19,36.38,53.0,32.0,1.90776832976483,85,21.0,-50.0,0.25,155.0,3.0
2025-04-08 09:15:53,124.56,32.0,156.0,13.0,123.34,58.0,157.0,64.0,140.28,31.44,90.0,77.0,1.975386038235148,167,13.0,82.0,0.08,155.0,
2025-04-08 09:15:54,149.53,55.0,156.94,32.0,139.69,39.0,158.18,50.0,153.23,7.409999999999997,94.0,82.0,7.370761154728581,176,12.0,9.0,0.07,156.83,6.0
2025-04-08 09:15:55,156.1,50.0,157.79,42.0,154.63,79.0,158.86,64.0,156.94,1.6899999999999975,129.0,106.0,9.851530337975795,235,23.0,59.0,0.1,157.0,3.0
2025-04-08 09:15:56,156.17,12.0,158.0,10.0,141.27,22.0,159.0,20.0,157.08,1.8300000000000125,34.0,30.0,9.823819521960864,64,4.0,-168.0,0.06,158.0,3.0
2025-04-08 09:15:57,157.49,88.0,158.71,56.0,117.58,72.0,206.33,60.0,158.1,1.2199999999999989,160.0,116.0,7.415388054583602,276,44.0,168.0,0.16,158.56,9.0
2025-04-08 09:15:58,158.3,80.0,260.59,39.0,157.05,74.0,411.26,27.0,209.44,102.28999999999996,154.0,66.0,23.820042401307063,220,88.0,-56.0,0.4,163.0,2.0
2025-04-08 09:15:59,159.76,33.0,186.19,31.0,158.45,44.0,418.09,23.0,172.98,26.430000000000007,77.0,54.0,22.579701503785824,131,23.0,-89.0,0.18,163.0,
2025-04-08 09:16:00,161.04,54.0,179.29,51.0,159.92,52.0,323.8,61.0,170.17,18.25,106.0,112.0,21.270899839923764,218,-6.0,87.0,-0.03,160.0,1.0
2025-04-08 09:16:01,162.05,41.0,177.09,33.0,161.09,44.0,180.0,55.0,169.57,15.039999999999992,85.0,88.0,19.51335619518257,173,-3.0,-45.0,-0.02,160.0,
2025-04-08 09:16:02,166.16,37.0,177.0,42.0,163.87,61.0,367.07,70.0,171.58,10.840000000000003,98.0,112.0,17.208040853045155,210,-14.0,37.0,-0.07,166.0,2.0
2025-04-08 09:16:03,166.35,34.0,175.54,39.0,162.47,73.0,197.24,41.0,170.95,9.189999999999998,107.0,80.0,1.3210412560053586,187,27.0,-23.0,0.14,167.33,3.0
2025-04-08 09:16:04,164.0,24.0,173.17,18.0,160.0,42.0,175.33,18.0,168.58,9.169999999999987,66.0,36.0,1.1709611437054022,102,30.0,-85.0,0.29,167.33,
2025-04-08 09:16:05,164.0,24.0,170.33,18.0,160.0,42.0,172.17,18.0,167.17,6.3300000000000125,66.0,36.0,1.780772304385841,102,30.0,0.0,0.29,167.33,
2025-04-08 09:16:06,164.0,36.0,168.0,27.0,160.0,63.0,169.0,27.0,166.0,4.0,99.0,54.0,2.3916793263452774,153,45.0,51.0,0.29,167.33,
2025-04-08 09:16:07,164.0,40.0,167.7,30.0,160.0,70.0,169.0,30.0,165.85,3.6999999999999886,110.0,60.0,2.1171797278613247,170,50.0,17.0,0.29,167.33,
2025-04-08 09:16:08,164.0,40.0,166.9,30.0,160.0,70.0,182.38,26.0,165.45,2.9000000000000057,110.0,56.0,1.2737542934438126,166,54.0,-4.0,0.33,166.0,3.0
2025-04-08 09:16:09,165.78,74.0,325.3,47.0,163.91,46.0,450.56,57.0,245.54,159.52,120.0,104.0,35.524588245327664,224,16.0,58.0,0.07,166.0,6.0
2025-04-08 09:16:10,165.78,37.0,425.44,61.0,163.83,48.0,452.76,59.0,295.61,259.66,85.0,120.0,60.0737217924783,205,-35.0,-19.0,-0.17,165.2,5.0
2025-04-08 09:16:11,164.0,18.0,283.29,42.0,162.0,18.0,431.85,40.0,223.64,119.29000000000002,36.0,82.0,55.42400355441753,118,-46.0,-87.0,-0.39,165.2,
2025-04-08 09:16:12,161.09,46.0,278.56,63.0,160.17,64.0,444.02,62.0,219.82,117.47,110.0,125.0,47.05567840335628,235,-15.0,117.0,-0.06,163.0,4.0
2025-04-08 09:16:13,160.02,106.0,234.06,64.0,159.19,48.0,294.53,66.0,197.04,74.03999999999999,154.0,130.0,37.33718923540032,284,24.0,49.0,0.08,160.67,3.0
2025-04-08 09:16:14,160.0,37.0,274.75,36.0,159.0,27.0,276.83,30.0,217.38,114.75,64.0,66.0,37.72248692756207,130,-2.0,-154.0,-0.02,160.67,
2025-04-08 09:16:15,160.0,18.0,245.93,54.0,159.0,36.0,245.72,36.0,202.96,85.93,54.0,90.0,11.521376653858807,144,-36.0,14.0,-0.25,160.67,
2025-04-08 09:16:16,162.87,47.0,168.5,32.0,159.86,21.0,170.58,38.0,165.69,5.629999999999996,68.0,70.0,21.72513337128401,138,-2.0,-6.0,-0.01,160.67,
2025-04-08 09:16:17,163.0,50.0,168.06,35.0,160.0,20.0,283.25,32.0,165.53,5.060000000000002,70.0,67.0,23.21934861274264,137,3.0,-1.0,0.02,168.0,5.0
2025-04-08 09:16:18,165.08,50.0,168.0,14.0,161.33,18.0,472.0,28.0,166.54,2.9199999999999875,68.0,42.0,24.770105974744457,110,26.0,-27.0,0.24,165.67,3.0
2025-04-08 09:16:19,167.0,141.0,168.0,24.0,163.0,48.0,378.5,48.0,167.5,1.0,189.0,72.0,16.4069079963309,261,117.0,151.0,0.45,167.0,3.0
2025-04-08 09:16:20,167.23,39.0,328.0,28.0,164.5,32.0,512.79,19.0,247.62,160.77,71.0,47.0,36.36916317431665,118,24.0,-143.0,0.2,167.0,3.0
2025-04-08 09:16:24,167.0,24.0,321.62,32.0,166.0,8.0,358.0,8.0,244.31,154.62,32.0,40.0,6.284367112135716,72,-8.0,-47.0,-0.11,167.0,
2025-04-08 09:16:25,167.0,48.0,235.44,64.0,166.0,16.0,319.8,40.0,201.22,68.44,64.0,104.0,17.84126873291498,168,-40.0,96.0,-0.24,167.0,
2025-04-08 09:16:26,164.82,33.0,300.84,32.0,162.47,17.0,309.28,25.0,232.83,136.01999999999998,50.0,57.0,17.803742022397696,107,-7.0,-61.0,-0.07,166.0,5.0
2025-04-08 09:16:27,163.0,30.0,269.73,26.0,161.4,20.0,282.63,35.0,216.37,106.73000000000002,50.0,61.0,18.86549972834244,111,-11.0,4.0,-0.1,166.0,
2025-04-08 09:16:28,162.84,32.0,212.36,42.0,161.64,28.0,276.68,38.0,187.6,49.52000000000001,60.0,80.0,22.96064306590923,140,-20.0,29.0,-0.14,162.75,4.0
2025-04-08 09:16:29,162.0,8.0,210.2,30.0,161.0,16.0,233.77,26.0,186.1,48.19999999999999,24.0,56.0,19.86132749843481,80,-32.0,-60.0,-0.4,162.75,
2025-04-08 09:16:30,160.57,14.0,208.67,36.0,159.7,23.0,211.0,27.0,184.62,48.1,37.0,63.0,21.897432041225336,100,-26.0,20.0,-0.26,161.33,3.0
2025-04-08 09:16:31,162.46,67.0,207.0,39.0,159.33,27.0,208.47,38.0,184.73,44.53999999999999,94.0,77.0,13.741514836439228,171,17.0,71.0,0.1,161.33,
2025-04-08 09:16:32,163.0,121.0,203.76,33.0,160.0,11.0,205.03,33.0,183.38,40.75999999999999,132.0,66.0,1.6126623949474654,198,66.0,27.0,0.33,161.33,
2025-04-08 09:16:33,163.0,99.0,200.52,23.0,160.0,51.0,200.6,20.0,181.76,37.52000000000001,150.0,43.0,1.6324582690155949,193,107.0,-5.0,0.55,161.33,
2025-04-08 09:16:34,163.0,198.0,195.6,53.0,160.05,115.0,197.25,40.0,179.3,32.599999999999994,313.0,93.0,2.274669206736883,406,220.0,168.0,0.54,161.33,
2025-04-08 09:16:35,163.39,102.0,192.0,71.0,162.94,128.0,192.84,37.0,177.7,28.610000000000014,230.0,108.0,2.8825127926995715,338,122.0,-68.0,0.36,161.33,
2025-04-08 09:16:36,164.07,30.0,189.6,40.0,162.98,98.0,192.0,30.0,176.83,25.53,128.0,70.0,2.74493715776451,198,58.0,-140.0,0.29,165.0,2.0
2025-04-08 09:16:37,163.0,99.0,188.89,27.0,162.0,9.0,190.8,30.0,175.94,25.889999999999983,108.0,57.0,2.2946633740215425,165,51.0,-33.0,0.31,165.0,
2025-04-08 09:16:38,164.41,71.0,187.77,13.0,163.38,16.0,188.98,41.0,176.09,23.360000000000014,87.0,54.0,1.3795542758716204,141,33.0,-24.0,0.23,163.0,5.0
2025-04-08 09:16:39,168.0,56.0,185.13,46.0,166.0,14.0,186.3,30.0,176.57,17.129999999999995,70.0,76.0,0.6993067996777432,146,-6.0,5.0,-0.04,163.0,
2025-04-08 09:16:40,168.0,68.0,180.6,47.0,166.0,17.0,181.47,38.0,174.3,12.599999999999994,85.0,85.0,0.9875373411043028,170,0.0,24.0,0.0,163.0,
2025-04-08 09:16:41,168.0,52.0,174.06,34.0,166.0,13.0,176.3,33.0,171.03,6.060000000000002,65.0,67.0,2.267075208297044,132,-2.0,-38.0,-0.02,163.0,
2025-04-08 09:16:42,167.72,29.0,169.0,12.0,163.75,32.0,175.73,30.0,168.36,1.2800000000000011,61.0,42.0,3.5010355610982784,103,19.0,-29.0,0.18,168.0,4.0
2025-04-08 09:16:43,166.0,11.0,167.36,11.0,163.0,105.0,169.82,11.0,166.68,1.3600000000000136,116.0,22.0,4.086412852377298,138,94.0,35.0,0.68,168.0,
2025-04-08 09:16:44,163.15,139.0,181.45,11.0,161.85,135.0,201.0,15.0,172.3,18.299999999999983,274.0,26.0,3.0466013851625267,300,248.0,162.0,0.83,166.0,2.0
2025-04-08 09:16:45,167.0,16.0,249.91,11.0,163.0,73.0,436.16,19.0,208.45,82.91,89.0,30.0,17.516584427338433,119,59.0,-168.0,0.5,167.0,2.0
2025-04-08 09:16:46,167.0,6.0,442.4,15.0,163.0,36.0,527.67,9.0,304.7,275.4,42.0,24.0,58.79652727840378,66,18.0,-53.0,0.27,167.0,
2025-04-08 09:16:47,167.0,15.0,439.93,42.0,163.0,90.0,440.85,33.0,303.46,272.93,105.0,75.0,68.50789531141709,180,30.0,114.0,0.17,167.0,
2025-04-08 09:16:48,167.0,15.0,208.18,38.0,163.0,90.0,257.15,34.0,187.59,41.18000000000001,105.0,72.0,64.0864888256494,177,33.0,-3.0,0.19,167.0,
2025-04-08 09:16:49,165.59,17.0,169.21,14.0,162.87,76.0,170.06,35.0,167.4,3.620000000000005,93.0,49.0,65.3163842385667,142,44.0,-35.0,0.31,164.33,3.0
2025-04-08 09:16:50,163.0,55.0,167.47,17.0,162.0,55.0,169.43,21.0,165.24,4.469999999999999,110.0,38.0,72.10112495655031,148,72.0,6.0,0.49,163.0,2.0
2025-04-08 09:16:51,163.0,48.0,165.93,27.0,162.0,60.0,166.61,18.0,164.46,2.930000000000007,108.0,45.0,59.924962244461,153,63.0,5.0,0.41,163.0,
2025-04-08 09:16:52,162.75,40.0,164.41,34.0,161.96,52.0,187.14,28.0,163.58,1.6599999999999966,92.0,62.0,10.125896503523606,154,30.0,1.0,0.19,163.0,4.0
2025-04-08 09:16:53,162.0,41.0,164.92,26.0,161.0,13.0,307.86,42.0,163.46,2.9199999999999875,54.0,68.0,1.608514842974886,122,-14.0,-32.0,-0.11,162.0,2.0
2025-04-08 09:16:54,161.97,36.0,338.26,38.0,160.41,51.0,540.43,42.0,250.12,176.29,87.0,80.0,38.438066028353646,167,7.0,45.0,0.04,162.43,7.0
2025-04-08 09:16:55,162.2,64.0,386.0,20.0,160.43,21.0,556.33,30.0,274.1,223.8,85.0,50.0,54.49330307478233,135,35.0,-32.0,0.26,162.43,
2025-04-08 09:16:56,164.62,56.0,338.0,16.0,161.0,8.0,436.25,32.0,251.31,173.38,64.0,48.0,52.89850546093043,112,16.0,-23.0,0.14,162.43,
2025-04-08 09:16:57,165.0,70.0,330.23,26.0,161.0,10.0,562.18,34.0,247.62,165.23000000000002,80.0,60.0,42.64304773348279,140,20.0,28.0,0.14,162.43,
2025-04-08 09:17:10,165.0,20.0,192.1,41.0,163.93,83.0,213.77,43.0,178.55,27.099999999999994,103.0,84.0,1.8115545810370224,187,19.0,29.0,0.1,167.2,5.0
2025-04-08 09:17:11,163.97,36.0,190.38,24.0,162.19,84.0,192.0,40.0,177.17,26.41,120.0,64.0,2.415630352532437,184,56.0,-3.0,0.3,167.2,
2025-04-08 09:17:12,166.78,32.0,188.9,40.0,165.12,40.0,191.32,56.0,177.84,22.120000000000005,72.0,96.0,2.122302994408603,168,-24.0,-16.0,-0.14,167.2,
2025-04-08 09:17:13,167.46,65.0,184.8,45.0,166.0,13.0,187.54,59.0,176.13,17.340000000000003,78.0,104.0,1.993740203756604,182,-26.0,14.0,-0.14,167.2,
2025-04-08 09:17:14,167.85,27.0,183.1,49.0,165.31,13.0,184.02,47.0,175.48,15.25,40.0,96.0,1.2448413553843232,136,-56.0,-46.0,-0.41,167.67,6.0
2025-04-08 09:17:15,163.27,22.0,181.16,50.0,162.12,154.0,182.24,66.0,172.22,17.889999999999986,176.0,116.0,2.182949839110993,292,60.0,156.0,0.21,163.5,2.0
2025-04-08 09:17:16,162.13,121.0,176.64,50.0,161.83,164.0,177.7,54.0,169.39,14.509999999999993,285.0,104.0,3.378930304116124,389,181.0,97.0,0.47,162.4,5.0
2025-04-08 09:17:17,162.0,162.0,175.0,33.0,161.0,44.0,176.0,33.0,168.5,13.0,206.0,66.0,3.452756869528129,272,140.0,-117.0,0.51,162.4,
2025-04-08 09:17:18,166.6,154.0,174.08,39.0,161.95,152.0,175.1,30.0,170.34,7.480000000000018,306.0,69.0,2.768732562035085,375,237.0,103.0,0.63,168.0,2.0
2025-04-08 09:17:19,168.0,154.0,171.81,37.0,162.62,182.0,172.78,37.0,169.91,3.8100000000000014,336.0,74.0,1.38277619305262,410,262.0,35.0,0.64,168.0,
2025-04-08 09:17:20,168.0,144.0,169.07,43.0,164.0,168.0,170.11,37.0,168.53,1.0699999999999932,312.0,80.0,0.8198963349551506,392,232.0,-18.0,0.59,168.0,3.0
2025-04-08 09:17:21,168.0,105.0,169.23,65.0,164.99,111.0,173.18,55.0,168.62,1.2299999999999898,216.0,120.0,0.8770689825052806,336,96.0,-56.0,0.29,168.0,4.0
2025-04-08 09:17:22,166.75,40.0,168.62,32.0,164.32,95.0,169.38,32.0,167.69,1.8700000000000043,135.0,64.0,1.0843753962870983,199,71.0,-137.0,0.36,168.0,7.0
2025-04-08 09:17:23,166.0,39.0,167.0,75.0,164.0,240.0,360.88,59.0,166.5,1.0,279.0,134.0,1.259662653281656,413,145.0,168.0,0.35,166.0,5.0
2025-04-08 09:17:24,164.0,96.0,399.7,23.0,162.0,24.0,489.48,29.0,281.85,235.7,120.0,52.0,50.99617309171424,172,68.0,-168.0,0.4,164.0,1.0
2025-04-08 09:17:25,164.0,165.0,378.64,33.0,162.0,44.0,380.0,44.0,271.32,214.64,209.0,77.0,59.81242203756746,286,132.0,114.0,0.46,164.0,
2025-04-08 09:17:26,164.0,180.0,377.92,36.0,162.0,48.0,413.43,51.0,270.96,213.92,228.0,87.0,59.1067426779728,315,141.0,29.0,0.45,164.0,
2025-04-08 09:17:27,164.15,160.0,355.57,49.0,162.8,92.0,381.86,49.0,259.86,191.42,252.0,98.0,47.37538411453881,350,154.0,35.0,0.44,165.0,8.0
2025-04-08 09:17:28,164.06,96.0,343.55,33.0,162.46,39.0,345.09,33.0,253.8,179.49,135.0,66.0,10.93765605603415,201,69.0,-149.0,0.34,165.0,
2025-04-08 09:17:29,165.0,66.0,342.0,33.0,163.67,36.0,343.45,33.0,253.5,177.0,102.0,66.0,8.819734689892847,168,36.0,-33.0,0.21,165.0,
2025-04-08 09:17:30,164.5,60.0,264.88,24.0,163.86,35.0,339.8,30.0,214.69,100.38,95.0,54.0,21.26292595105616,149,41.0,-19.0,0.28,165.0,
2025-04-08 09:17:31,164.0,22.0,253.71,21.0,163.0,9.0,339.33,27.0,208.86,89.71000000000001,31.0,48.0,24.29065911003848,79,-17.0,-70.0,-0.22,164.0,4.0
2025-04-08 09:17:32,164.0,12.0,320.24,17.0,163.0,6.0,339.67,18.0,242.12,156.24,18.0,35.0,21.45551164619699,53,-17.0,-26.0,-0.32,164.0,
2025-04-08 09:17:33,164.0,26.0,312.75,36.0,163.0,13.0,339.38,39.0,238.38,148.75,39.0,75.0,18.9688165155366,114,-36.0,61.0,-0.32,164.0,
2025-04-08 09:17:34,164.0,20.0,335.0,30.0,163.0,10.0,336.0,30.0,249.5,171.0,30.0,60.0,17.86157887758229,90,-30.0,-24.0,-0.33,164.0,
2025-04-08 09:17:35,164.0,22.0,333.0,33.0,163.0,11.0,334.27,33.0,248.5,169.0,33.0,66.0,16.63854320546407,99,-33.0,9.0,-0.33,164.0,
2025-04-08 09:17:36,164.0,22.0,332.0,33.0,163.0,11.0,333.0,33.0,248.0,168.0,33.0,66.0,4.826199332818296,99,-33.0,0.0,-0.33,164.0,
2025-04-08 09:17:37,164.52,23.0,325.35,34.0,163.15,13.0,331.25,36.0,244.94,160.83,36.0,70.0,4.516511928479304,106,-34.0,7.0,-0.32,166.4,5.0
2025-04-08 09:17:38,161.61,31.0,328.45,33.0,160.69,13.0,330.0,33.0,245.03,166.83999999999995,44.0,66.0,2.087840990136937,110,-22.0,4.0,-0.2,162.0,7.0
2025-04-08 09:17:39,159.73,37.0,325.83,36.0,152.32,71.0,327.39,28.0,242.78,166.1,108.0,64.0,2.375415753104237,172,44.0,62.0,0.26,162.0,
2025-04-08 09:17:40,159.52,25.0,322.88,32.0,151.0,102.0,324.0,16.0,241.2,163.36,127.0,48.0,2.57450966207073,175,79.0,3.0,0.45,160.4,5.0
2025-04-08 09:17:41,162.59,34.0,305.55,33.0,101.48,66.0,320.13,15.0,234.07,142.96,100.0,48.0,4.504822971005081,148,52.0,-27.0,0.35,160.0,2.0
2025-04-08 09:17:42,164.0,32.0,197.24,38.0,159.0,16.0,218.68,34.0,180.62,33.24000000000001,48.0,72.0,27.210662432217507,120,-24.0,-28.0,-0.2,160.0,
2025-04-08 09:17:43,164.33,36.0,182.73,26.0,161.86,28.0,227.91,44.0,173.53,18.399999999999977,64.0,70.0,34.35844364927042,134,-6.0,14.0,-0.04,160.0,
2025-04-08 09:17:44,166.03,32.0,179.83,18.0,164.32,38.0,181.32,28.0,172.93,13.800000000000011,70.0,46.0,34.1545406937363,116,24.0,-18.0,0.21,160.0,
2025-04-08 09:17:45,167.3,20.0,177.52,23.0,164.17,35.0,178.86,21.0,172.41,10.22,55.0,44.0,26.684023684596134,99,11.0,-17.0,0.11,167.6,5.0
2025-04-08 09:17:46,167.11,18.0,173.91,33.0,162.89,36.0,175.45,33.0,170.51,6.799999999999983,54.0,66.0,3.869702830978944,120,-12.0,21.0,-0.1,165.6,5.0
2025-04-08 09:17:47,164.0,12.0,172.0,36.0,159.0,24.0,173.5,36.0,168.0,8.0,36.0,72.0,2.248394983112628,108,-36.0,-12.0,-0.33,165.6,
2025-04-08 09:17:48,164.0,11.0,167.73,33.0,159.0,22.0,173.0,33.0,165.86,3.7299999999999898,33.0,66.0,2.990647087184608,99,-33.0,-9.0,-0.33,165.6,
2025-04-08 09:17:49,164.8,15.0,171.44,43.0,159.77,26.0,185.47,43.0,168.12,6.639999999999986,41.0,86.0,2.5268656474149247,127,-45.0,28.0,-0.35,165.25,4.0
2025-04-08 09:17:50,167.0,10.0,171.6,30.0,163.5,10.0,424.09,32.0,169.3,4.599999999999994,20.0,62.0,1.727952545669469,82,-42.0,-45.0,-0.51,165.25,
2025-04-08 09:17:51,167.0,8.0,169.25,24.0,163.0,26.0,326.62,24.0,168.12,2.25,34.0,48.0,1.2476377679781698,82,-14.0,0.0,-0.17,165.25,
2025-04-08 09:17:52,167.0,7.0,168.0,21.0,163.0,28.0,169.0,21.0,167.5,1.0,35.0,42.0,1.2556273332822645,77,-7.0,-5.0,-0.09,165.25,
2025-04-08 09:17:56,153.79,58.0,373.53,62.0,151.54,84.0,451.6,20.0,263.66,219.74,142.0,82.0,56.251036434896825,224,60.0,104.0,0.27,165.25,
2025-04-08 09:17:57,164.48,23.0,266.55,44.0,160.55,29.0,356.86,21.0,215.51,102.07000000000002,52.0,65.0,58.23746620518524,117,-13.0,-107.0,-0.11,166.0,3.0
2025-04-08 09:17:58,159.66,41.0,246.45,33.0,141.19,37.0,274.76,34.0,203.06,86.78999999999999,78.0,67.0,49.48568782991803,145,11.0,28.0,0.08,160.8,5.0
2025-04-08 09:17:59,161.97,62.0,216.91,43.0,153.69,78.0,224.2,45.0,189.44,54.94,140.0,88.0,29.464363560072048,228,52.0,83.0,0.23,163.0,5.0
2025-04-08 09:18:00,163.0,40.0,213.7,40.0,159.21,71.0,214.76,41.0,188.35,50.69999999999999,111.0,81.0,30.94056932249472,192,30.0,-36.0,0.16,163.0,
2025-04-08 09:18:01,160.21,66.0,210.23,53.0,159.09,106.0,211.71,56.0,185.22,50.01999999999998,172.0,109.0,12.725455983975396,281,63.0,89.0,0.22,163.0,4.0
2025-04-08 09:18:02,161.62,24.0,208.1,40.0,160.21,38.0,209.1,40.0,184.86,46.47999999999999,62.0,80.0,7.4614797460083695,142,-18.0,-139.0,-0.13,163.0,
2025-04-08 09:18:03,163.0,21.0,188.64,33.0,161.0,20.0,202.62,37.0,175.82,25.639999999999983,41.0,70.0,5.360347003701466,111,-29.0,-31.0,-0.26,163.0,1.0
2025-04-08 09:18:04,161.05,43.0,186.31,52.0,159.53,68.0,187.75,51.0,173.68,25.25999999999999,111.0,103.0,6.430947053124461,214,8.0,103.0,0.04,161.6,5.0
2025-04-08 09:18:05,161.29,49.0,185.33,49.0,160.46,52.0,186.78,45.0,173.31,24.04000000000002,101.0,94.0,5.977634983845134,195,7.0,-19.0,0.04,163.0,3.0
2025-04-08 09:18:06,166.0,11.0,183.71,34.0,163.0,8.0,184.79,38.0,174.85,17.710000000000008,19.0,72.0,4.775010994761006,91,-53.0,-104.0,-0.58,166.0,1.0
2025-04-08 09:18:07,166.0,6.0,180.17,24.0,163.0,6.0,183.0,30.0,173.08,14.169999999999987,12.0,54.0,1.1565336139029772,66,-42.0,-25.0,-0.64,166.0,
2025-04-08 09:18:08,166.0,11.0,173.73,44.0,163.0,11.0,175.27,45.0,169.86,7.72999999999999,22.0,89.0,1.859927417962049,111,-67.0,45.0,-0.6,166.0,
2025-04-08 09:18:09,166.0,11.0,169.37,54.0,163.0,11.0,170.36,45.0,167.69,3.3700000000000045,22.0,99.0,2.9098058354616216,121,-77.0,10.0,-0.64,166.0,
2025-04-08 09:18:10,162.57,28.0,167.68,38.0,160.27,44.0,168.61,33.0,165.13,5.110000000000014,72.0,71.0,3.9372287208245695,143,1.0,22.0,0.01,163.67,3.0
2025-04-08 09:18:11,162.0,36.0,165.0,25.0,160.0,60.0,165.96,25.0,163.5,3.0,96.0,50.0,3.799324940049874,146,46.0,3.0,0.32,163.67,
2025-04-08 09:18:12,160.15,109.0,161.67,60.0,159.16,124.0,231.17,48.0,160.91,1.5199999999999818,233.0,108.0,3.499181332838287,341,125.0,168.0,0.37,161.09,11.0
2025-04-08 09:18:13,159.53,34.0,195.04,46.0,153.28,86.0,424.19,32.0,177.29,35.50999999999999,120.0,78.0,6.307715909906257,198,42.0,-143.0,0.21,160.0,5.0
2025-04-08 09:18:14,159.0,104.0,420.9,29.0,148.84,93.0,422.89,35.0,289.95,261.9,197.0,64.0,55.47375036898168,261,133.0,63.0,0.51,160.0,
2025-04-08 09:18:15,167.0,22.0,360.21,29.0,156.91,79.0,390.14,28.0,263.6,193.21,101.0,57.0,61.03579318727744,158,44.0,-103.0,0.28,160.0,
2025-04-08 09:18:16,167.84,75.0,263.44,32.0,155.12,48.0,264.75,40.0,215.64,95.6,123.0,72.0,55.04048936919173,195,51.0,37.0,0.26,160.0,
2025-04-08 09:18:17,168.0,84.0,259.67,36.0,167.0,24.0,262.0,24.0,213.83,91.67000000000002,108.0,60.0,44.57500947840743,168,48.0,-27.0,0.29,160.0,
2025-04-08 09:18:18,168.0,98.0,259.87,31.0,167.0,28.0,261.93,28.0,213.94,91.87,126.0,59.0,35.381903142710044,185,67.0,17.0,0.36,160.0,
2025-04-08 09:18:19,168.0,84.0,244.78,36.0,167.0,24.0,247.82,34.0,206.39,76.78,108.0,70.0,23.152117613732607,178,38.0,-7.0,0.21,160.0,
2025-04-08 09:18:20,168.0,104.0,224.95,42.0,167.0,34.0,230.22,36.0,196.48,56.94999999999999,138.0,78.0,7.9852507787858915,216,60.0,38.0,0.28,168.0,3.0
2025-04-08 09:18:21,168.0,60.0,209.17,36.0,167.0,30.0,210.0,54.0,188.58,41.16999999999999,90.0,90.0,11.12822672307218,180,0.0,-36.0,0.0,168.0,
2025-04-08 09:18:22,168.0,64.0,205.35,34.0,167.0,32.0,206.39,36.0,186.68,37.35,96.0,70.0,11.649119280018336,166,26.0,-14.0,0.16,168.0,
2025-04-08 09:18:23,168.0,44.0,195.35,34.0,167.0,22.0,203.78,36.0,181.68,27.349999999999994,66.0,70.0,9.664839367526575,136,-4.0,-30.0,-0.03,168.0,
2025-04-08 09:18:27,167.6,68.0,192.33,18.0,163.61,49.0,193.36,45.0,179.97,24.730000000000015,117.0,63.0,1.7888627672592063,180,54.0,15.0,0.3,167.25,8.0
2025-04-08 09:18:28,168.0,60.0,188.79,33.0,165.41,49.0,189.26,27.0,178.39,20.789999999999992,109.0,60.0,2.5636458413918786,169,49.0,-11.0,0.29,167.25,
2025-04-08 09:18:29,168.0,5.0,186.2,5.0,166.0,20.0,189.0,20.0,177.1,18.19999999999999,25.0,25.0,2.6793599982243688,50,0.0,-119.0,0.0,168.0,4.0
2025-04-08 09:18:30,166.73,11.0,184.77,26.0,165.07,30.0,185.17,29.0,175.75,18.04000000000002,41.0,55.0,2.5074688432927386,96,-14.0,46.0,-0.15,166.5,4.0
2025-04-08 09:18:31,166.0,6.0,182.5,12.0,164.0,12.0,184.33,18.0,174.25,16.5,18.0,30.0,2.2274245217476523,48,-12.0,-48.0,-0.25,166.5,
2025-04-08 09:18:32,166.0,8.0,180.38,32.0,164.0,16.0,181.0,20.0,173.19,14.379999999999995,24.0,52.0,2.097303030103625,76,-28.0,28.0,-0.37,166.5,
2025-04-08 09:18:33,162.0,88.0,177.73,44.0,160.0,99.0,179.27,44.0,169.86,15.72999999999999,187.0,88.0,2.7625260179916378,275,99.0,168.0,0.36,163.8,5.0
2025-04-08 09:18:34,162.0,114.0,174.49,57.0,160.0,135.0,175.89,57.0,168.25,12.490000000000007,249.0,114.0,3.116295878134744,363,135.0,88.0,0.37,162.0,2.0
2025-04-08 09:18:35,161.52,50.0,168.37,38.0,159.45,91.0,170.37,41.0,164.94,6.849999999999994,141.0,79.0,3.7708182136080457,220,62.0,-143.0,0.28,161.33,9.0
2025-04-08 09:18:36,160.1,93.0,164.06,64.0,144.77,83.0,165.19,64.0,162.08,3.960000000000008,176.0,128.0,4.309980278386027,304,48.0,84.0,0.16,161.0,3.0
2025-04-08 09:18:37,158.49,63.0,226.9,61.0,100.29,31.0,308.38,65.0,192.7,68.41,94.0,126.0,12.190573407353694,220,-32.0,-84.0,-0.15,160.0,9.0
2025-04-08 09:18:38,151.71,17.0,266.35,17.0,104.98,42.0,386.65,23.0,209.03,114.64,59.0,40.0,20.543997906933416,99,19.0,-121.0,0.19,160.0,
2025-04-08 09:18:39,167.0,112.0,271.67,48.0,158.31,58.0,332.38,56.0,219.33,104.67000000000002,170.0,104.0,25.673296048620088,274,66.0,168.0,0.24,160.0,
2025-04-08 09:18:40,166.67,24.0,183.18,55.0,159.91,46.0,221.29,51.0,174.92,16.51000000000002,70.0,106.0,23.577637074144924,176,-36.0,-98.0,-0.2,166.88,8.0
2025-04-08 09:18:41,166.0,10.0,215.7,50.0,159.0,50.0,277.29,14.0,190.85,49.69999999999999,60.0,64.0,17.22294196704203,124,-4.0,-52.0,-0.03,166.88,
2025-04-08 09:18:42,166.0,13.0,257.92,49.0,159.0,65.0,285.02,49.0,211.96,91.92000000000002,78.0,98.0,18.052303731105912,176,-20.0,52.0,-0.11,166.88,
2025-04-08 09:18:43,166.0,11.0,236.24,29.0,159.0,55.0,271.31,39.0,201.12,70.24000000000001,66.0,68.0,17.535758609199068,134,-2.0,-42.0,-0.01,166.88,
2025-04-08 09:18:44,166.55,55.0,243.7,40.0,162.5,50.0,252.5,16.0,205.12,77.14999999999998,105.0,56.0,14.42088000089097,161,49.0,27.0,0.3,166.88,
2025-04-08 09:18:45,167.0,90.0,250.0,60.0,166.0,39.0,253.0,15.0,208.5,83.0,129.0,75.0,8.13760407000132,204,54.0,43.0,0.26,166.88,
2025-04-08 09:18:49,159.87,46.0,183.0,15.0,119.45,44.0,184.53,15.0,171.43,23.129999999999995,90.0,30.0,16.829195762130045,120,60.0,64.0,0.5,162.4,5.0
2025-04-08 09:18:50,159.0,26.0,177.54,13.0,123.07,60.0,179.38,13.0,168.27,18.539999999999992,86.0,26.0,18.79741258790926,112,60.0,-8.0,0.54,162.4,
2025-04-08 09:18:51,161.15,40.0,175.37,19.0,156.17,46.0,177.69,13.0,168.26,14.22,86.0,32.0,16.475274504544185,118,54.0,6.0,0.46,162.67,3.0
2025-04-08 09:18:52,160.93,56.0,173.16,50.0,159.0,28.0,174.4,20.0,167.04,12.22999999999999,84.0,70.0,7.4731164851136835,154,14.0,36.0,0.09,162.67,
2025-04-08 09:18:53,161.09,88.0,169.75,16.0,159.44,36.0,171.57,28.0,165.42,8.659999999999997,124.0,44.0,2.20500113380352,168,80.0,14.0,0.48,162.0,4.0
2025-04-08 09:18:54,162.6,80.0,168.63,19.0,159.57,42.0,171.7,46.0,165.62,6.030000000000001,122.0,65.0,1.3759069736264435,187,57.0,19.0,0.3,166.5,2.0
2025-04-08 09:18:55,167.0,72.0,169.56,18.0,162.0,48.0,171.9,42.0,168.28,2.5600000000000023,120.0,60.0,1.378361345973497,180,60.0,-7.0,0.33,167.0,1.0
2025-04-08 09:18:56,166.49,47.0,253.96,46.0,162.45,44.0,391.74,43.0,210.22,87.47,91.0,89.0,19.546290696704578,180,2.0,0.0,0.01,167.0,5.0
2025-04-08 09:18:57,164.0,48.0,400.29,35.0,163.0,24.0,432.57,46.0,282.14,236.29,72.0,81.0,50.55072383260298,153,-9.0,-27.0,-0.06,167.0,
2025-04-08 09:18:58,163.22,18.0,360.43,28.0,160.14,44.0,424.77,13.0,261.83,197.21,62.0,41.0,53.17553497615335,103,21.0,-50.0,0.2,167.0,
2025-04-08 09:19:00,163.46,92.0,294.45,31.0,162.33,103.0,357.17,72.0,228.95,130.98999999999998,195.0,103.0,31.25465965260434,298,92.0,135.0,0.31,167.5,6.0
2025-04-08 09:19:01,163.7,43.0,280.57,14.0,162.78,86.0,422.74,27.0,222.13,116.87,129.0,41.0,27.499905818023,170,88.0,-128.0,0.52,165.5,2.0
2025-04-08 09:19:02,164.0,22.0,206.06,18.0,163.0,77.0,206.45,40.0,185.03,42.06,99.0,58.0,35.99975277693058,157,41.0,-13.0,0.26,165.5,
2025-04-08 09:19:03,164.0,26.0,192.64,25.0,163.0,91.0,264.27,26.0,178.32,28.639999999999983,117.0,51.0,39.62400812638859,168,66.0,11.0,0.39,165.5,
2025-04-08 09:19:04,163.09,92.0,200.06,16.0,162.25,112.0,396.21,52.0,181.57,36.97,204.0,68.0,24.28182241925212,272,136.0,104.0,0.5,163.0,2.0
2025-04-08 09:19:05,164.88,32.0,198.23,13.0,162.52,58.0,351.83,42.0,181.55,33.349999999999994,90.0,55.0,18.272490251744237,145,35.0,-127.0,0.24,163.0,
2025-04-08 09:19:06,168.0,24.0,196.5,48.0,163.55,44.0,198.0,12.0,182.25,28.5,68.0,60.0,2.389849367655288,128,8.0,-17.0,0.06,163.0,
2025-04-08 09:19:07,168.0,32.0,195.15,34.0,164.0,48.0,196.15,46.0,181.57,27.15000000000001,80.0,80.0,1.555930589737821,160,0.0,32.0,0.0,163.0,
2025-04-08 09:19:08,168.0,22.0,192.0,44.0,165.54,13.0,193.0,11.0,180.0,24.0,35.0,55.0,0.8309753306098325,90,-20.0,-70.0,-0.22,163.0,
2025-04-08 09:19:09,168.0,22.0,190.53,17.0,166.0,11.0,191.16,38.0,179.26,22.53,33.0,55.0,1.2439975884549843,88,-22.0,-2.0,-0.25,163.0,
2025-04-08 09:19:10,167.33,18.0,188.05,42.0,164.35,34.0,189.44,18.0,177.69,20.72,52.0,60.0,1.8229454188431724,112,-8.0,24.0,-0.07,168.0,2.0
2025-04-08 09:19:11,163.66,32.0,185.1,42.0,162.75,56.0,187.29,21.0,174.38,21.44,88.0,63.0,2.731803433646047,151,25.0,39.0,0.17,164.5,4.0
2025-04-08 09:19:12,163.0,35.0,183.09,22.0,162.0,49.0,185.23,13.0,173.05,20.090000000000003,84.0,35.0,3.0403009719564404,119,49.0,-32.0,0.41,164.5,
2025-04-08 09:19:13,163.0,65.0,181.58,38.0,162.0,91.0,181.81,31.0,172.29,18.580000000000013,156.0,69.0,3.014834987205489,225,87.0,106.0,0.39,164.5,
2025-04-08 09:19:14,163.0,55.0,177.5,26.0,162.0,77.0,177.46,26.0,170.25,14.5,132.0,52.0,2.763805347718468,184,80.0,-41.0,0.43,164.5,
2025-04-08 09:19:15,163.0,41.0,170.78,40.0,162.0,91.0,171.97,30.0,166.89,7.780000000000001,132.0,70.0,2.917776550744749,202,62.0,18.0,0.31,163.0,4.0
2025-04-08 09:19:16,162.02,43.0,166.31,16.0,160.1,137.0,169.48,29.0,164.17,4.289999999999992,180.0,45.0,3.742512525039124,225,135.0,23.0,0.6,162.25,4.0
2025-04-08 09:19:17,160.54,89.0,163.38,26.0,159.89,88.0,164.39,23.0,161.96,2.8400000000000034,177.0,49.0,4.239884432395927,226,128.0,1.0,0.57,162.0,4.0
2025-04-08 09:19:18,160.0,109.0,161.1,40.0,159.0,22.0,162.1,20.0,160.55,1.0999999999999943,131.0,60.0,3.891950667733597,191,71.0,-35.0,0.37,160.0,4.0
2025-04-08 09:19:19,160.0,39.0,161.67,15.0,159.0,14.0,162.56,9.0,160.83,1.6699999999999875,53.0,24.0,2.65621911748089,77,29.0,-114.0,0.38,160.0,4.0
2025-04-08 09:19:21,163.0,40.0,295.0,16.0,160.0,12.0,414.0,8.0,229.0,132.0,52.0,24.0,72.81421173095329,76,28.0,-26.0,0.37,160.0,
2025-04-08 09:19:25,167.0,80.0,172.8,40.0,166.0,40.0,333.8,50.0,169.9,5.800000000000011,120.0,90.0,87.66695340891077,210,30.0,-102.0,0.14,160.0,
2025-04-08 09:19:26,167.0,46.0,171.57,28.0,166.0,28.0,308.0,35.0,169.29,4.569999999999993,74.0,63.0,100.63851847081278,137,11.0,-73.0,0.08,167.0,2.0
2025-04-08 09:19:27,167.0,11.0,170.83,24.0,166.0,24.0,581.23,13.0,168.92,3.830000000000013,35.0,37.0,106.88595829200442,72,-2.0,-65.0,-0.03,167.0,5.0
2025-04-08 09:19:28,167.0,6.0,169.0,24.0,166.0,24.0,589.0,3.0,168.0,2.0,30.0,27.0,70.31094082715778,57,3.0,-15.0,0.05,167.0,
2025-04-08 09:19:29,167.0,11.0,168.45,44.0,166.0,44.0,532.5,12.0,167.73,1.4499999999999886,55.0,56.0,0.9005942482965501,111,-1.0,54.0,-0.01,167.0,
2025-04-08 09:19:30,166.06,34.0,270.24,21.0,163.43,56.0,597.81,16.0,218.15,104.18,90.0,37.0,22.22010508526164,127,53.0,16.0,0.42,167.0,1.0
2025-04-08 09:19:31,166.0,22.0,271.17,18.0,163.0,48.0,271.71,14.0,218.58,105.17000000000002,70.0,32.0,27.471336516450663,102,38.0,-25.0,0.37,166.0,2.0
2025-04-08 09:19:32,166.0,24.0,266.83,12.0,163.0,72.0,270.8,30.0,216.42,100.82999999999998,96.0,42.0,27.317015393341944,138,54.0,36.0,0.39,166.0,
2025-04-08 09:19:33,164.04,23.0,197.04,27.0,161.5,48.0,262.57,7.0,180.54,33.0,71.0,34.0,24.3099594816627,105,37.0,-33.0,0.35,165.0,3.0
2025-04-08 09:19:34,160.71,84.0,244.95,22.0,159.67,48.0,262.57,14.0,202.83,84.23999999999998,132.0,36.0,16.311144349802245,168,96.0,63.0,0.57,163.0,5.0
2025-04-08 09:19:35,160.0,54.0,196.41,27.0,159.0,18.0,197.82,44.0,178.2,36.41,72.0,71.0,19.199090603465603,143,1.0,-25.0,0.01,160.0,3.0
2025-04-08 09:19:36,163.0,30.0,192.42,45.0,160.0,75.0,193.89,35.0,177.71,29.419999999999987,105.0,80.0,17.577706050565197,185,25.0,42.0,0.14,160.0,
2025-04-08 09:19:37,163.52,29.0,190.94,48.0,160.54,37.0,191.64,14.0,177.23,27.419999999999987,66.0,62.0,10.990239760809244,128,4.0,-57.0,0.03,160.0,
2025-04-08 09:19:38,165.43,56.0,188.57,35.0,165.14,37.0,190.39,33.0,177.0,23.139999999999983,93.0,68.0,11.321679645709468,161,25.0,33.0,0.16,164.0,1.0
2025-04-08 09:19:44,167.39,38.0,170.83,58.0,163.79,47.0,305.19,27.0,169.11,3.440000000000026,85.0,85.0,2.895076855640683,170,0.0,-55.0,0.0,166.64,11.0
2025-04-08 09:19:45,164.0,6.0,229.29,7.0,163.0,12.0,357.33,15.0,196.64,65.28999999999999,18.0,22.0,11.62256081937489,40,-4.0,-130.0,-0.1,166.64,
2025-04-08 09:19:46,162.67,15.0,228.09,11.0,162.0,20.0,553.05,43.0,195.38,65.42000000000002,35.0,54.0,14.248862410735478,89,-19.0,49.0,-0.21,162.33,3.0
2025-04-08 09:19:47,161.87,38.0,227.08,25.0,156.31,67.0,393.52,29.0,194.47,65.21000000000001,105.0,54.0,14.503232398333582,159,51.0,70.0,0.32,160.0,5.0
2025-04-08 09:19:48,163.0,14.0,225.0,17.0,159.0,28.0,226.0,11.0,194.0,62.0,42.0,28.0,11.676632648159975,70,14.0,-89.0,0.2,160.0,
2025-04-08 09:19:49,159.8,30.0,222.26,19.0,123.81,37.0,224.68,25.0,191.03,62.45999999999998,67.0,44.0,2.0888824763681564,111,23.0,41.0,0.21,161.67,3.0
2025-04-08 09:19:50,159.0,27.0,218.84,19.0,97.0,45.0,219.24,17.0,188.92,59.84,72.0,36.0,2.69557971502924,108,36.0,-3.0,0.33,159.0,3.0
2025-04-08 09:19:51,116.48,61.0,194.33,27.0,81.44,34.0,214.29,14.0,155.4,77.85000000000001,95.0,41.0,16.570227216307934,136,54.0,28.0,0.4,159.0,
2025-04-08 09:19:52,136.67,27.0,151.0,27.0,109.17,69.0,165.0,10.0,143.83,14.330000000000013,96.0,37.0,23.27441578214297,133,59.0,-3.0,0.44,159.0,
2025-04-08 09:19:55,166.0,156.0,216.58,12.0,110.0,64.0,354.14,50.0,191.29,50.58000000000001,220.0,62.0,25.070127043955164,282,158.0,168.0,0.56,159.0,
2025-04-08 09:19:56,166.0,65.0,216.0,5.0,160.43,21.0,410.14,21.0,191.0,50.0,86.0,26.0,30.87308973847703,112,60.0,-168.0,0.54,159.0,
2025-04-08 09:19:57,166.0,117.0,205.95,22.0,161.0,27.0,308.14,29.0,185.98,39.94999999999999,144.0,51.0,31.604402699624934,195,93.0,83.0,0.48,159.0,
2025-04-08 09:19:58,166.0,143.0,212.58,31.0,161.0,33.0,377.09,23.0,189.29,46.58000000000001,176.0,54.0,20.85345223218608,230,122.0,35.0,0.53,159.0,
2025-04-08 09:19:59,166.0,117.0,212.73,11.0,161.0,27.0,213.96,25.0,189.36,46.72999999999999,144.0,36.0,2.111925661587342,180,108.0,-50.0,0.6,159.0,
2025-04-08 09:20:00,166.0,65.0,211.0,5.0,162.22,23.0,212.0,15.0,188.5,45.0,88.0,20.0,1.8325337650561544,108,68.0,-72.0,0.63,159.0,
2025-04-08 09:20:01,165.78,78.0,210.22,9.0,163.44,63.0,212.0,27.0,188.0,44.44,141.0,36.0,1.3773815738823485,177,105.0,69.0,0.59,166.0,13.0
2025-04-08 09:20:02,164.26,47.0,209.22,9.0,163.44,63.0,212.0,27.0,186.74,44.96000000000001,110.0,36.0,1.0766707946585463,146,74.0,-31.0,0.51,165.0,3.0
2025-04-08 09:20:03,166.0,42.0,206.85,20.0,164.0,70.0,207.65,20.0,186.43,40.85,112.0,40.0,1.221056919259066,152,72.0,6.0,0.47,166.0,1.0
2025-04-08 09:20:04,166.0,28.0,203.36,11.0,164.0,49.0,205.24,17.0,184.68,37.360000000000014,77.0,28.0,1.4950250834250354,105,49.0,-47.0,0.47,166.0,
2025-04-08 09:20:05,166.0,16.0,201.25,4.0,164.0,28.0,203.0,12.0,183.62,35.25,44.0,16.0,1.7380391250111829,60,28.0,-45.0,0.47,166.0,
2025-04-08 09:20:06,166.0,28.0,200.0,7.0,164.0,49.0,203.0,21.0,183.0,34.0,77.0,28.0,1.6600542160029623,105,49.0,45.0,0.47,166.0,
2025-04-08 09:20:07,166.0,32.0,198.17,18.0,164.0,56.0,276.41,17.0,182.08,32.16999999999999,88.0,35.0,1.67263863403569,123,53.0,18.0,0.43,166.0,
2025-04-08 09:20:08,166.0,40.0,197.2,30.0,164.0,70.0,314.64,33.0,181.6,31.19999999999999,110.0,63.0,1.2260831945950204,173,47.0,50.0,0.27,166.0,
2025-04-08 09:20:09,166.0,22.0,196.0,30.0,164.0,70.0,197.0,30.0,181.0,30.0,92.0,60.0,1.0550829351610127,152,32.0,-21.0,0.21,166.0,2.0
2025-04-08 09:20:10,165.38,26.0,194.86,21.0,163.82,77.0,196.11,27.0,180.12,29.480000000000015,103.0,48.0,1.0877499713020775,151,55.0,-1.0,0.36,164.8,5.0
2025-04-08 09:20:11,164.0,44.0,191.82,17.0,163.0,77.0,193.03,29.0,177.91,27.819999999999997,121.0,46.0,1.6431737583308852,167,75.0,16.0,0.45,164.8,
2025-04-08 09:20:12,164.0,24.0,190.94,16.0,163.0,42.0,191.62,8.0,177.47,26.94,66.0,24.0,1.8453590436733065,90,42.0,-77.0,0.47,164.8,
2025-04-08 09:20:13,164.0,44.0,187.6,20.0,163.0,77.0,189.71,21.0,175.8,23.599999999999994,121.0,41.0,2.095554819150857,162,80.0,72.0,0.49,164.8,
2025-04-08 09:20:14,164.5,48.0,183.35,23.0,163.1,78.0,186.23,13.0,173.92,18.849999999999994,126.0,36.0,2.32916937985751,162,90.0,0.0,0.56,164.8,
2025-04-08 09:20:15,164.97,31.0,179.4,20.0,163.2,61.0,181.0,10.0,172.18,14.430000000000009,92.0,30.0,2.412888310731597,122,62.0,-40.0,0.51,166.4,5.0
2025-04-08 09:20:16,163.31,29.0,177.2,15.0,162.68,25.0,177.94,17.0,170.26,13.889999999999986,54.0,32.0,2.853065018548405,86,22.0,-36.0,0.26,163.6,5.0
2025-04-08 09:20:17,163.0,70.0,172.74,27.0,161.0,14.0,174.16,31.0,167.87,9.740000000000007,84.0,58.0,3.092051099199981,142,26.0,56.0,0.18,163.6,
2025-04-08 09:20:18,163.19,74.0,168.79,38.0,162.92,146.0,170.38,29.0,165.99,5.599999999999994,220.0,67.0,3.1934980820509176,287,153.0,145.0,0.53,163.6,
2025-04-08 09:20:19,164.0,142.0,167.12,32.0,163.0,100.0,167.97,31.0,165.56,3.1200000000000045,242.0,63.0,2.8239458210210278,305,179.0,18.0,0.59,167.0,3.0
2025-04-08 09:20:20,164.0,187.0,184.57,14.0,163.0,65.0,177.64,59.0,174.29,20.569999999999997,252.0,73.0,3.5892241501558924,325,179.0,20.0,0.55,164.0,10.0
2025-04-08 09:20:21,164.0,70.0,299.62,47.0,163.0,50.0,337.8,20.0,231.81,135.62,120.0,67.0,28.560097688909742,187,53.0,-138.0,0.28,164.0,
2025-04-08 09:20:22,164.0,70.0,299.0,50.0,163.0,50.0,381.36,22.0,231.5,135.0,120.0,72.0,34.704392373301594,192,48.0,5.0,0.25,164.0,
2025-04-08 09:20:23,164.0,37.0,299.0,35.0,163.0,35.0,323.37,19.0,231.5,135.0,72.0,54.0,33.92355626994434,126,18.0,-66.0,0.14,164.0,2.0
2025-04-08 09:20:24,164.0,20.0,298.42,31.0,163.0,40.0,321.0,29.0,231.21,134.42000000000002,60.0,60.0,25.58820568152613,120,0.0,-6.0,0.0,164.0,4.0
2025-04-08 09:20:25,164.0,34.0,297.01,74.0,163.0,80.0,356.51,47.0,230.51,133.01,114.0,121.0,0.4929807299390225,235,-7.0,115.0,-0.03,164.0,
2025-04-08 09:20:26,164.0,39.0,231.83,36.0,163.0,65.0,288.7,47.0,197.92,67.83000000000001,104.0,83.0,14.879824259717868,187,21.0,-48.0,0.11,164.0,
2025-04-08 09:20:27,164.0,15.0,165.0,15.0,163.0,25.0,244.0,10.0,164.5,1.0,40.0,25.0,29.75982476427041,65,15.0,-122.0,0.23,164.0,
2025-04-08 09:20:28,164.0,36.0,249.62,48.0,163.0,60.0,313.0,36.0,206.81,85.62,96.0,84.0,27.496800722994667,180,12.0,115.0,0.07,164.0,
2025-04-08 09:20:29,164.0,21.0,294.43,35.0,163.0,35.0,300.0,14.0,229.21,130.43,56.0,49.0,27.052801148865893,105,7.0,-75.0,0.07,164.0,
2025-04-08 09:20:30,163.0,21.0,294.0,35.0,162.0,21.0,355.0,14.0,228.5,131.0,42.0,49.0,26.604858015033265,91,-7.0,-14.0,-0.08,163.6,5.0
2025-04-08 09:20:31,162.8,25.0,234.43,61.0,161.23,39.0,311.8,55.0,198.61,71.63,64.0,116.0,26.558185743760426,180,-52.0,89.0,-0.29,162.6,5.0
2025-04-08 09:20:32,159.3,20.0,265.8,40.0,142.75,32.0,293.69,51.0,212.55,106.5,52.0,91.0,13.470266515555045,143,-39.0,-37.0,-0.27,160.2,5.0
2025-04-08 09:20:33,162.27,30.0,252.4,53.0,156.19,21.0,274.4,48.0,207.33,90.13,51.0,101.0,13.391691454035348,152,-50.0,9.0,-0.33,160.2,
2025-04-08 09:20:34,164.07,14.0,240.77,43.0,162.53,30.0,261.46,57.0,202.42,76.70000000000002,44.0,100.0,11.651183201721668,144,-56.0,-8.0,-0.39,163.33,3.0
2025-04-08 09:20:35,168.0,18.0,239.48,42.0,163.0,9.0,240.32,34.0,203.74,71.47999999999999,27.0,76.0,5.2792755184853855,103,-49.0,-41.0,-0.48,163.33,
2025-04-08 09:20:36,168.0,20.0,236.83,46.0,163.0,10.0,238.76,42.0,202.41,68.83000000000001,30.0,88.0,4.330213620605742,118,-58.0,15.0,-0.49,163.33,
2025-04-08 09:20:37,168.0,26.0,226.47,55.0,165.47,34.0,227.43,61.0,197.24,58.47,60.0,116.0,3.621694354867369,176,-56.0,58.0,-0.32,163.33,
2025-04-08 09:20:38,167.0,40.0,211.49,41.0,165.87,23.0,225.2,50.0,189.24,44.49000000000001,63.0,91.0,6.003057554286542,154,-28.0,-22.0,-0.18,167.0,4.0
2025-04-08 09:20:39,165.89,36.0,206.0,44.0,163.14,56.0,221.97,37.0,185.94,40.110000000000014,92.0,81.0,7.89027122474731,173,11.0,19.0,0.06,166.67,6.0
2025-04-08 09:20:40,163.32,22.0,186.53,53.0,162.02,61.0,189.98,43.0,174.92,23.210000000000008,83.0,96.0,10.616976970874193,179,-13.0,6.0,-0.07,166.67,
2025-04-08 09:20:41,164.0,91.0,177.21,42.0,163.0,13.0,178.38,37.0,170.61,13.210000000000008,104.0,79.0,10.809912118054896,183,25.0,4.0,0.14,166.67,
2025-04-08 09:20:42,164.0,47.0,171.98,43.0,163.0,11.0,174.67,33.0,167.99,7.97999999999999,58.0,76.0,9.39869405822253,134,-18.0,-49.0,-0.13,164.0,5.0
2025-04-08 09:20:43,164.0,137.0,169.73,64.0,163.0,14.0,170.69,26.0,166.87,5.72999999999999,151.0,90.0,7.7324853701811485,241,61.0,107.0,0.25,164.0,5.0
2025-04-08 09:20:44,164.0,108.0,166.25,40.0,163.0,11.0,166.97,37.0,165.12,2.25,119.0,77.0,3.8143767511958737,196,42.0,-45.0,0.21,164.0,1.0
2025-04-08 09:20:45,164.0,84.0,165.41,27.0,162.26,27.0,169.11,54.0,164.7,1.4099999999999966,111.0,81.0,2.3893869506763927,192,30.0,-4.0,0.16,164.75,8.0
2025-04-08 09:20:46,164.0,28.0,170.82,44.0,162.37,57.0,289.22,36.0,167.41,6.819999999999993,85.0,80.0,1.4401284665134113,165,5.0,-27.0,0.03,164.0,2.0
2025-04-08 09:20:47,164.0,16.0,170.5,32.0,163.0,56.0,321.4,20.0,167.25,6.5,72.0,52.0,1.2656421295382745,124,20.0,-41.0,0.16,164.0,
2025-04-08 09:20:48,164.0,16.0,169.0,32.0,163.0,56.0,303.25,28.0,166.5,5.0,72.0,60.0,1.2321647617352711,132,12.0,8.0,0.09,164.0,
2025-04-08 09:20:49,164.0,22.0,201.74,39.0,163.0,77.0,297.96,28.0,182.87,37.74000000000001,99.0,67.0,7.41493290597185,166,32.0,34.0,0.19,167.0,4.0
2025-04-08 09:20:50,164.0,14.0,250.16,19.0,163.0,70.0,331.0,24.0,207.08,86.16,84.0,43.0,17.529100661473446,127,41.0,-39.0,0.32,164.0,1.0
2025-04-08 09:20:51,165.2,10.0,207.81,42.0,163.18,34.0,232.29,14.0,186.5,42.610000000000014,44.0,56.0,16.641948503708058,100,-12.0,-27.0,-0.12,164.0,
2025-04-08 09:20:52,163.0,45.0,207.0,45.0,162.0,36.0,209.0,9.0,185.0,44.0,81.0,54.0,14.44665013074217,135,27.0,35.0,0.2,164.0,4.0
2025-04-08 09:20:53,163.0,25.0,205.2,25.0,162.0,20.0,209.0,5.0,184.1,42.19999999999999,45.0,30.0,10.13240840077396,75,15.0,-60.0,0.2,164.0,
2025-04-08 09:20:54,163.0,35.0,205.0,35.0,162.0,28.0,255.8,10.0,184.0,42.0,63.0,45.0,9.969728180852018,108,18.0,33.0,0.17,164.0,
2025-04-08 09:20:55,163.0,55.0,204.09,55.0,162.0,36.0,321.89,18.0,183.55,41.09,91.0,73.0,1.1702563821967256,164,18.0,56.0,0.11,164.0,
2025-04-08 09:20:56,161.27,63.0,203.79,70.0,160.5,32.0,354.38,16.0,182.53,42.51999999999998,95.0,86.0,0.8998499875377577,181,9.0,17.0,0.05,162.38,8.0
2025-04-08 09:20:57,159.68,31.0,194.36,47.0,145.45,62.0,222.18,22.0,177.02,34.68000000000001,93.0,69.0,2.98352978870175,162,24.0,-19.0,0.15,160.29,7.0
2025-04-08 09:20:58,161.1,62.0,169.49,57.0,138.0,32.0,170.75,51.0,165.29,8.390000000000015,94.0,108.0,7.884882370718567,202,-14.0,40.0,-0.07,160.29,
2025-04-08 09:20:59,161.89,64.0,164.92,60.0,159.38,32.0,166.33,66.0,163.4,3.030000000000001,96.0,126.0,9.495618463273775,222,-30.0,20.0,-0.14,162.0,5.0
2025-04-08 09:21:00,145.68,47.0,160.88,69.0,113.62,89.0,246.81,52.0,153.28,15.199999999999989,136.0,121.0,11.588806237057463,257,15.0,35.0,0.06,160.33,9.0
2025-04-08 09:21:02,127.0,16.0,158.71,14.0,88.83,36.0,334.47,19.0,142.86,31.710000000000008,52.0,33.0,17.17114527339542,85,19.0,-135.0,0.22,160.33,
2025-04-08 09:21:03,139.42,66.0,157.44,36.0,94.3,92.0,202.17,24.0,148.43,18.02000000000001,158.0,60.0,14.829212049196943,218,98.0,133.0,0.45,160.33,
2025-04-08 09:21:04,141.0,35.0,156.26,19.0,52.6,50.0,159.95,21.0,148.63,15.259999999999993,85.0,40.0,11.710441921637548,125,45.0,-93.0,0.36,155.67,3.0
2025-04-08 09:21:05,141.42,60.0,157.0,32.0,86.18,44.0,376.11,36.0,149.21,15.580000000000013,104.0,68.0,10.963538662313624,172,36.0,47.0,0.21,157.0,2.0
2025-04-08 09:21:06,142.0,55.0,156.35,23.0,82.54,41.0,408.53,17.0,149.17,14.349999999999994,96.0,40.0,2.7044592805307004,136,56.0,-36.0,0.41,157.0,
2025-04-08 09:21:07,142.0,55.0,156.0,55.0,135.81,52.0,157.0,11.0,149.0,14.0,107.0,66.0,0.3435403907103112,173,41.0,37.0,0.24,157.0,
2025-04-08 09:21:08,144.0,23.0,155.55,55.0,141.82,44.0,156.19,31.0,149.77,11.550000000000011,67.0,86.0,0.4126499727972447,153,-19.0,-20.0,-0.12,157.0,
2025-04-08 09:21:09,145.0,40.0,154.28,39.0,144.0,8.0,155.75,40.0,149.64,9.28,48.0,79.0,0.3296513310297576,127,-31.0,-26.0,-0.24,157.0,
2025-04-08 09:21:10,146.44,54.0,152.7,40.0,142.69,29.0,154.0,50.0,149.57,6.259999999999991,83.0,90.0,0.3285574531946205,173,-7.0,46.0,-0.04,157.0,
2025-04-08 09:21:11,149.27,63.0,151.0,88.0,145.95,75.0,155.67,60.0,150.13,1.7299999999999898,138.0,148.0,0.4092309861799933,286,-10.0,113.0,-0.03,151.0,5.0
2025-04-08 09:21:12,148.5,48.0,151.0,22.0,131.0,16.0,156.0,40.0,149.75,2.5,64.0,62.0,0.2161480974932271,126,2.0,-160.0,0.02,151.0,2.0
2025-04-08 09:21:13,150.0,66.0,151.0,22.0,131.0,21.0,156.0,55.0,150.5,1.0,87.0,77.0,0.3906020993927601,164,10.0,38.0,0.06,151.0,
2025-04-08 09:21:14,140.93,28.0,155.15,34.0,132.24,21.0,156.16,44.0,148.04,14.22,49.0,78.0,0.9417908472956422,127,-29.0,-37.0,-0.23,154.14,7.0
2025-04-08 09:21:15,140.5,40.0,155.5,20.0,139.0,10.0,156.4,25.0,148.0,15.0,50.0,45.0,1.1840312496085814,95,5.0,-32.0,0.05,154.14,
2025-04-08 09:21:16,142.6,40.0,153.37,38.0,139.0,10.0,156.5,24.0,147.98,10.77000000000001,50.0,62.0,1.1903696904951049,112,-12.0,17.0,-0.11,154.14,
2025-04-08 09:21:20,150.0,23.0,154.62,39.0,126.39,69.0,156.14,42.0,152.31,4.6200000000000045,92.0,81.0,1.821400560022382,173,11.0,-1.0,0.06,151.0,1.0
2025-04-08 09:21:21,150.79,24.0,154.06,64.0,132.12,60.0,156.82,34.0,152.43,3.2700000000000102,84.0,98.0,1.9906657178065832,182,-14.0,9.0,-0.08,151.0,
2025-04-08 09:21:24,140.61,41.0,156.67,27.0,123.33,54.0,159.68,56.0,148.64,16.059999999999974,95.0,83.0,10.688200503360976,178,12.0,104.0,0.07,155.0,1.0
2025-04-08 09:21:25,143.18,33.0,155.22,45.0,119.82,51.0,157.0,18.0,149.2,12.039999999999992,84.0,63.0,10.1185680805164,147,21.0,-31.0,0.14,155.0,
2025-04-08 09:21:26,150.67,18.0,154.0,25.0,137.63,38.0,155.19,31.0,152.33,3.3300000000000125,56.0,56.0,10.094900692926371,112,0.0,-35.0,0.0,155.0,
2025-04-08 09:21:27,151.56,18.0,153.3,20.0,133.5,48.0,156.4,15.0,152.43,1.740000000000009,66.0,35.0,7.864976160170397,101,31.0,-11.0,0.31,152.33,3.0
2025-04-08 09:21:28,152.0,16.0,154.0,8.0,120.09,44.0,157.0,18.0,153.0,2.0,60.0,26.0,2.034170592662214,86,34.0,-15.0,0.4,152.33,
2025-04-08 09:21:29,153.21,14.0,275.93,28.0,117.19,67.0,235.1,29.0,214.57,122.72,81.0,57.0,28.13783271682561,138,24.0,52.0,0.17,158.11,9.0
2025-04-08 09:21:30,135.25,59.0,224.62,21.0,119.97,72.0,277.24,29.0,179.94,89.37,131.0,50.0,27.359603981053272,181,81.0,43.0,0.45,151.75,8.0
2025-04-08 09:21:31,140.51,37.0,155.45,62.0,124.73,41.0,238.26,39.0,147.98,14.939999999999998,78.0,101.0,28.138090375860006,179,-23.0,-2.0,-0.13,151.0,4.0
2025-04-08 09:21:32,141.0,6.0,155.8,15.0,82.0,6.0,174.71,21.0,148.4,14.800000000000011,12.0,36.0,28.802180820209863,48,-24.0,-131.0,-0.5,155.0,4.0
2025-04-08 09:21:33,143.0,9.0,157.67,18.0,32.0,6.0,186.41,29.0,150.33,14.669999999999987,15.0,47.0,29.18998167180077,62,-32.0,14.0,-0.52,155.0,
2025-04-08 09:21:34,145.0,5.0,157.0,5.0,45.0,15.0,158.0,20.0,151.0,12.0,20.0,25.0,13.704455479881595,45,-5.0,-17.0,-0.11,155.0,
2025-04-08 09:21:35,145.0,6.0,157.86,14.0,120.67,18.0,158.67,12.0,151.43,12.860000000000014,24.0,26.0,1.5529230502677969,50,-2.0,5.0,-0.04,157.5,2.0
2025-04-08 09:21:36,153.0,12.0,158.0,12.0,145.0,4.0,160.0,4.0,155.5,5.0,16.0,16.0,2.6025314599547107,32,0.0,-18.0,0.0,157.5,
2025-04-08 09:21:37,153.67,9.0,158.0,21.0,110.58,19.0,160.0,7.0,155.83,4.3300000000000125,28.0,28.0,2.6309256926137303,56,0.0,24.0,0.0,157.5,
2025-04-08 09:21:38,155.8,10.0,158.0,12.0,77.75,8.0,160.0,4.0,156.9,2.1999999999999886,18.0,16.0,2.716922891812715,34,2.0,-22.0,0.06,157.5,
2025-04-08 09:21:39,164.53,32.0,392.59,22.0,156.22,36.0,614.14,28.0,278.56,228.06,68.0,50.0,55.33473981144281,118,18.0,84.0,0.15,162.33,9.0
2025-04-08 09:21:40,167.14,14.0,213.0,4.0,161.0,16.0,632.0,12.0,190.07,45.860000000000014,30.0,16.0,53.06080351822877,46,14.0,-72.0,0.3,162.33,
2025-04-08 09:21:42,168.0,14.0,357.78,9.0,167.0,28.0,397.29,21.0,262.89,189.78,42.0,30.0,67.68326506604213,72,12.0,16.0,0.17,162.33,
2025-04-08 09:21:51,167.47,19.0,215.88,40.0,166.63,41.0,216.55,44.0,191.67,48.41,60.0,84.0,4.75742892748731,144,-24.0,31.0,-0.17,167.33,3.0
2025-04-08 09:21:52,167.0,20.0,210.83,36.0,164.0,10.0,211.88,16.0,188.92,43.83000000000001,30.0,52.0,5.170805546536371,82,-22.0,-62.0,-0.27,167.33,
2025-04-08 09:21:53,167.0,21.0,208.28,47.0,164.0,13.0,209.54,39.0,187.64,41.28,34.0,86.0,4.474441864645182,120,-52.0,38.0,-0.43,167.0,1.0
2025-04-08 09:21:54,163.32,75.0,204.14,21.0,162.95,84.0,205.41,17.0,183.73,40.81999999999999,159.0,38.0,4.28547196935036,197,121.0,77.0,0.61,165.5,2.0
2025-04-08 09:21:55,164.5,48.0,201.0,56.0,163.0,228.0,201.89,36.0,182.75,36.5,276.0,92.0,3.69606141725028,368,184.0,168.0,0.5,165.5,
2025-04-08 09:21:56,166.03,63.0,197.57,46.0,163.02,272.0,199.23,30.0,181.8,31.539999999999992,335.0,76.0,3.132342573871029,411,259.0,43.0,0.63,167.0,4.0
2025-04-08 09:21:57,164.0,21.0,195.39,23.0,163.0,133.0,196.33,21.0,179.7,31.389999999999983,154.0,44.0,2.9316428841323674,198,110.0,-168.0,0.56,167.0,
2025-04-08 09:21:58,164.33,43.0,191.83,24.0,163.03,234.0,193.78,32.0,178.08,27.5,277.0,56.0,2.2992977188878543,333,221.0,135.0,0.66,166.0,5.0
2025-04-08 09:21:59,164.24,25.0,188.03,34.0,163.05,180.0,189.27,26.0,176.13,23.789999999999992,205.0,60.0,2.696362364386909,265,145.0,-68.0,0.55,165.0,2.0
2025-04-08 09:22:00,163.06,192.0,171.66,41.0,162.71,80.0,174.74,43.0,167.36,8.599999999999994,272.0,84.0,5.577587292017991,356,188.0,91.0,0.53,163.8,5.0
2025-04-08 09:22:01,163.07,174.0,170.78,41.0,162.67,81.0,173.0,36.0,166.92,7.710000000000008,255.0,77.0,6.06700255481067,332,178.0,-24.0,0.54,163.8,
2025-04-08 09:22:02,163.0,283.0,166.58,50.0,162.0,48.0,167.72,54.0,164.79,3.5800000000000125,331.0,104.0,6.006490655955261,435,227.0,103.0,0.52,163.0,1.0
2025-04-08 09:22:03,163.0,221.0,164.69,39.0,162.0,39.0,165.79,57.0,163.85,1.6899999999999975,260.0,96.0,4.873884487765015,356,164.0,-79.0,0.46,164.0,3.0
2025-04-08 09:22:04,163.0,187.0,179.56,48.0,162.0,48.0,364.64,69.0,171.28,16.560000000000002,235.0,117.0,2.878063585134281,352,118.0,-4.0,0.34,163.0,13.0
2025-04-08 09:22:05,163.62,24.0,221.61,36.0,162.73,44.0,292.39,51.0,192.62,57.99000000000001,68.0,87.0,11.935843916543083,155,-19.0,-168.0,-0.12,163.0,
2025-04-08 09:22:06,164.11,9.0,188.21,29.0,163.03,33.0,364.82,22.0,176.16,24.099999999999994,42.0,51.0,11.686284696176088,93,-9.0,-62.0,-0.1,166.0,1.0
2025-04-08 09:22:07,164.0,8.0,219.38,16.0,163.0,32.0,246.0,16.0,191.69,55.38,40.0,32.0,12.685178359017344,72,8.0,-21.0,0.11,166.0,
2025-04-08 09:22:08,165.71,7.0,224.2,10.0,163.06,17.0,326.32,19.0,194.96,58.48999999999998,24.0,29.0,10.814588295450031,53,-5.0,-19.0,-0.09,166.0,
2025-04-08 09:22:09,168.0,27.0,214.11,27.0,164.0,58.0,246.28,29.0,191.06,46.110000000000014,85.0,56.0,7.49211719076035,141,29.0,88.0,0.21,166.0,
2025-04-08 09:22:10,168.0,24.0,181.1,10.0,164.33,36.0,182.43,14.0,174.55,13.099999999999994,60.0,24.0,9.56151295559886,84,36.0,-57.0,0.43,166.0,
2025-04-08 09:22:11,164.89,54.0,177.43,21.0,163.57,28.0,178.88,17.0,171.16,12.54000000000002,82.0,38.0,10.965059507366313,120,44.0,36.0,0.37,166.5,6.0
2025-04-08 09:22:12,164.0,84.0,174.82,34.0,163.0,56.0,176.5,32.0,169.41,10.819999999999991,140.0,66.0,11.893921556832389,206,74.0,86.0,0.36,166.5,
2025-04-08 09:22:13,164.0,54.0,170.56,18.0,163.0,36.0,171.18,17.0,167.28,6.560000000000002,90.0,35.0,9.529478999403874,125,55.0,-81.0,0.44,166.5,
2025-04-08 09:22:14,164.0,54.0,166.15,13.0,163.0,48.0,168.09,23.0,165.08,2.1500000000000057,102.0,36.0,3.630802941509902,138,66.0,13.0,0.48,164.0,6.0
2025-04-08 09:22:15,162.36,66.0,164.87,15.0,161.33,54.0,168.0,30.0,163.62,2.509999999999991,120.0,45.0,3.0749959349689986,165,75.0,27.0,0.45,162.75,8.0
2025-04-08 09:22:16,162.0,27.0,167.0,18.0,160.0,18.0,194.0,36.0,164.5,5.0,45.0,54.0,2.346533613668296,99,-9.0,-66.0,-0.09,162.75,
2025-04-08 09:22:17,162.0,19.0,164.33,42.0,160.0,20.0,171.6,20.0,163.17,2.3300000000000125,39.0,62.0,1.608073381433356,101,-23.0,2.0,-0.23,164.33,6.0
2025-04-08 09:22:18,162.0,10.0,166.0,7.0,160.0,14.0,222.42,19.0,164.0,4.0,24.0,26.0,0.7453723902011041,50,-2.0,-51.0,-0.04,162.0,1.0
2025-04-08 09:22:19,162.21,19.0,165.5,12.0,159.89,27.0,266.0,36.0,163.86,3.289999999999992,46.0,48.0,0.4894895300963589,94,-2.0,44.0,-0.02,163.0,4.0
2025-04-08 09:22:20,160.0,28.0,163.78,18.0,159.0,98.0,246.85,26.0,161.89,3.780000000000001,126.0,44.0,1.0098663278245092,170,82.0,76.0,0.48,163.0,
2025-04-08 09:22:21,159.71,49.0,162.04,23.0,153.75,64.0,481.8,35.0,160.88,2.329999999999984,113.0,58.0,1.3422928145800737,171,55.0,1.0,0.32,160.4,5.0
2025-04-08 09:22:22,161.43,28.0,163.0,13.0,159.35,46.0,460.0,48.0,162.21,1.5699999999999932,74.0,61.0,1.3376359744239743,135,13.0,-36.0,0.1,162.0,3.0
2025-04-08 09:22:23,164.36,22.0,224.5,14.0,159.38,55.0,495.7,30.0,194.43,60.13999999999999,77.0,44.0,14.44901830575617,121,33.0,-14.0,0.27,161.0,2.0
2025-04-08 09:22:24,168.0,12.0,223.75,20.0,164.0,12.0,246.62,8.0,195.88,55.75,24.0,28.0,18.3596914462112,52,-4.0,-69.0,-0.08,161.0,
2025-04-08 09:22:25,168.0,10.0,202.86,21.0,164.0,10.0,236.27,11.0,185.43,34.860000000000014,20.0,32.0,17.114824860339155,52,-12.0,0.0,-0.23,161.0,
2025-04-08 09:22:26,168.0,6.0,241.67,3.0,164.0,6.0,668.36,11.0,204.83,73.66999999999999,12.0,14.0,16.254780219987246,26,-2.0,-26.0,-0.08,161.0,
2025-04-08 09:22:27,168.0,18.0,239.44,9.0,164.0,18.0,242.0,9.0,203.72,71.44,36.0,18.0,7.875447288890565,54,18.0,28.0,0.33,161.0,
2025-04-08 09:22:28,166.18,11.0,239.0,6.0,163.5,12.0,459.86,14.0,202.59,72.82,23.0,20.0,8.089100691677336,43,3.0,-11.0,0.07,166.67,3.0
2025-04-08 09:22:29,164.0,12.0,239.0,12.0,163.0,18.0,432.71,28.0,201.5,75.0,30.0,40.0,8.025978445030578,70,-10.0,27.0,-0.14,166.67,
2025-04-08 09:22:30,164.0,9.0,239.0,9.0,163.0,9.0,387.44,9.0,201.5,75.0,18.0,18.0,1.448057319341166,36,0.0,-34.0,0.0,166.67,
2025-04-08 09:22:31,165.38,8.0,239.0,8.0,162.12,17.0,389.75,8.0,202.19,73.62,25.0,16.0,0.9209505959046714,41,9.0,5.0,0.22,164.4,5.0
2025-04-08 09:22:32,160.62,13.0,226.85,13.0,159.21,38.0,342.38,13.0,193.73,66.22999999999999,51.0,26.0,3.7034132904789057,77,25.0,36.0,0.32,164.4,
2025-04-08 09:22:33,161.0,13.0,183.8,15.0,160.0,13.0,327.61,33.0,172.4,22.80000000000001,26.0,48.0,12.706893011279002,74,-22.0,-3.0,-0.3,164.4,
2025-04-08 09:22:34,162.0,9.0,179.02,41.0,160.0,9.0,262.09,11.0,170.51,17.02000000000001,18.0,52.0,15.537674536431972,70,-34.0,-4.0,-0.49,164.4,
2025-04-08 09:22:35,159.19,32.0,178.0,35.0,142.6,40.0,180.0,7.0,168.59,18.81,72.0,42.0,15.394040405302352,114,30.0,44.0,0.26,161.0,2.0
2025-04-08 09:22:36,163.57,37.0,176.35,23.0,158.67,54.0,177.2,35.0,169.96,12.78,91.0,58.0,10.538209999809094,149,33.0,35.0,0.22,166.0,3.0
2025-04-08 09:22:37,166.45,33.0,173.94,35.0,165.91,132.0,175.18,55.0,170.2,7.490000000000009,165.0,90.0,1.3691858895244666,255,75.0,106.0,0.29,166.0,
2025-04-08 09:22:39,165.38,53.0,170.55,11.0,162.73,11.0,172.0,55.0,167.96,5.170000000000016,64.0,66.0,1.0909170454586306,130,-2.0,-91.0,-0.02,166.27,15.0
2025-04-08 09:22:40,164.0,114.0,165.5,22.0,160.0,10.0,169.86,14.0,164.75,1.5,124.0,36.0,2.3983369238019083,160,88.0,30.0,0.55,164.0,3.0
2025-04-08 09:22:41,164.0,56.0,165.0,35.0,160.0,7.0,424.18,17.0,164.5,1.0,63.0,52.0,2.8584611244637794,115,11.0,-45.0,0.1,164.0,1.0
2025-04-08 09:22:42,164.0,28.0,165.0,25.0,160.0,5.0,378.33,9.0,164.5,1.0,33.0,34.0,2.6783017007181678,67,-1.0,-48.0,-0.01,164.0,3.0
2025-04-08 09:22:43,161.05,19.0,341.0,18.0,119.29,17.0,409.0,6.0,251.03,179.95,36.0,24.0,38.31064956379731,60,12.0,-7.0,0.2,164.0,5.0
2025-04-08 09:22:44,160.0,12.0,397.59,22.0,25.07,29.0,408.3,23.0,278.8,237.59,41.0,45.0,55.82418857448896,86,-4.0,26.0,-0.05,164.0,
2025-04-08 09:22:45,160.77,13.0,220.18,34.0,65.78,18.0,282.1,31.0,190.47,59.41,31.0,65.0,52.29417701809741,96,-34.0,10.0,-0.35,160.75,4.0
2025-04-08 09:22:46,136.43,7.0,175.44,18.0,27.1,10.0,176.43,14.0,155.94,39.00999999999999,17.0,32.0,54.253815257547615,49,-15.0,-47.0,-0.31,161.0,2.0
2025-04-08 09:22:47,166.0,14.0,174.05,21.0,94.0,5.0,175.17,24.0,170.02,8.050000000000011,19.0,45.0,53.18930409396335,64,-26.0,15.0,-0.41,166.0,3.0
2025-04-08 09:22:48,166.0,7.0,170.91,22.0,94.0,7.0,172.52,29.0,168.45,4.909999999999997,14.0,51.0,49.6787653832107,65,-37.0,1.0,-0.57,166.0,
2025-04-08 09:22:49,136.77,26.0,166.31,36.0,86.96,23.0,170.53,36.0,151.54,29.539999999999992,49.0,72.0,15.190422311445898,121,-23.0,56.0,-0.19,161.18,11.0
2025-04-08 09:22:50,115.9,30.0,168.67,36.0,7.96,27.0,437.25,20.0,142.28,52.76999999999998,57.0,56.0,11.684925331385983,113,1.0,-8.0,0.01,161.18,
2025-04-08 09:22:52,160.91,44.0,436.23,13.0,118.14,14.0,730.0,7.0,298.57,275.32000000000005,58.0,20.0,99.10701221407147,78,38.0,31.0,0.49,161.18,
2025-04-08 09:22:53,168.0,45.0,411.0,4.0,115.2,10.0,412.0,12.0,289.5,243.0,55.0,16.0,96.80291534866154,71,39.0,-7.0,0.55,168.0,1.0
2025-04-08 09:22:54,168.0,32.0,411.0,4.0,164.9,10.0,0.0,0.0,289.5,243.0,42.0,4.0,80.53865345286168,46,38.0,-25.0,0.83,168.0,3.0
2025-04-08 09:22:55,168.0,53.0,409.0,7.0,167.0,49.0,0.0,0.0,288.5,241.0,102.0,7.0,31.253141922055885,109,95.0,63.0,0.87,168.0,3.0
2025-04-08 09:22:56,168.0,10.0,408.0,2.0,167.0,14.0,0.0,0.0,288.0,240.0,24.0,2.0,4.384116786783578,26,22.0,-83.0,0.85,168.0,
2025-04-08 09:22:57,168.0,10.0,408.0,2.0,167.0,14.0,0.0,0.0,288.0,240.0,24.0,2.0,0.758287544508133,26,22.0,0.0,0.85,168.0,
2025-04-08 09:22:58,168.0,20.0,406.5,4.0,167.0,28.0,754.0,2.0,287.25,238.5,48.0,6.0,0.8291561976828355,54,42.0,28.0,0.78,168.0,
2025-04-08 09:22:59,168.0,34.0,361.18,11.0,167.0,70.0,391.16,19.0,264.59,193.18,104.0,30.0,10.450854988954388,134,74.0,80.0,0.55,168.0,2.0
2025-04-08 09:23:00,168.0,24.0,316.71,24.0,167.0,56.0,418.0,12.0,242.35,148.70999999999998,80.0,36.0,20.35820399740968,116,44.0,-18.0,0.38,168.0,
2025-04-08 09:23:01,168.0,33.0,350.29,14.0,167.0,77.0,433.26,19.0,259.14,182.29,110.0,33.0,19.4824210507869,143,77.0,27.0,0.54,168.0,
2025-04-08 09:23:02,168.0,24.0,359.0,10.0,167.0,70.0,447.0,20.0,263.5,191.0,94.0,30.0,16.058431741616054,124,64.0,-19.0,0.52,168.0,2.0
2025-04-08 09:23:03,168.0,9.0,272.85,13.0,167.0,63.0,390.57,14.0,220.42,104.85000000000002,72.0,27.0,18.78933607129682,99,45.0,-25.0,0.45,168.0,
2025-04-08 09:23:04,167.0,42.0,359.0,7.0,164.0,28.0,374.0,14.0,263.0,192.0,70.0,21.0,18.491774387552315,91,49.0,-8.0,0.54,167.5,2.0
2025-04-08 09:23:05,167.0,16.0,357.29,7.0,164.0,16.0,360.6,5.0,262.14,190.29,32.0,12.0,18.647369787724426,44,20.0,-47.0,0.45,167.0,4.0
2025-04-08 09:23:06,167.33,18.0,340.9,29.0,164.6,30.0,361.46,13.0,254.11,173.56999999999996,48.0,42.0,18.41065126496445,90,6.0,46.0,0.07,167.0,
2025-04-08 09:23:07,165.18,34.0,359.0,11.0,160.92,76.0,532.6,25.0,262.09,193.82,110.0,36.0,18.212335654718668,146,74.0,56.0,0.51,167.5,4.0
2025-04-08 09:23:08,162.25,16.0,313.64,11.0,160.32,50.0,529.48,31.0,237.94,151.39,66.0,42.0,10.646827226931894,108,24.0,-38.0,0.22,163.2,5.0
2025-04-08 09:23:09,163.16,19.0,273.92,13.0,160.04,91.0,275.84,38.0,218.54,110.76000000000002,110.0,51.0,18.70513646034516,161,59.0,53.0,0.37,164.33,3.0
2025-04-08 09:23:10,160.19,64.0,255.36,14.0,159.23,86.0,259.67,12.0,207.77,95.17000000000002,150.0,26.0,22.99004023485232,176,124.0,15.0,0.7,163.0,2.0
2025-04-08 09:23:11,160.0,123.0,201.74,31.0,159.0,143.0,208.46,28.0,180.87,41.74000000000001,266.0,59.0,30.68336797028842,325,207.0,149.0,0.64,160.0,1.0
2025-04-08 09:23:12,160.0,89.0,193.0,35.0,159.0,121.0,194.17,24.0,176.5,33.0,210.0,59.0,25.82765049322361,269,151.0,-56.0,0.56,160.0,1.0
2025-04-08 09:23:13,160.0,96.0,189.82,22.0,159.0,132.0,190.89,28.0,174.91,29.819999999999997,228.0,50.0,20.055310269355296,278,178.0,9.0,0.64,160.0,2.0
2025-04-08 09:23:14,163.95,128.0,183.67,42.0,160.7,167.0,184.56,32.0,173.81,19.72,295.0,74.0,14.230109627128806,369,221.0,91.0,0.6,160.0,
2025-04-08 09:23:15,167.0,84.0,176.38,26.0,161.0,156.0,177.83,46.0,171.69,9.379999999999995,240.0,72.0,3.44751794775612,312,168.0,-57.0,0.54,160.0,
2025-04-08 09:23:16,167.0,84.0,172.72,18.0,161.58,156.0,173.73,22.0,169.86,5.719999999999999,240.0,40.0,2.622180390457433,280,200.0,-32.0,0.71,160.0,
2025-04-08 09:23:17,167.0,53.0,168.87,23.0,162.0,104.0,170.38,16.0,167.93,1.8700000000000043,157.0,39.0,2.843272762170153,196,118.0,-84.0,0.6,167.0,1.0
2025-04-08 09:23:18,167.0,60.0,169.23,26.0,162.06,94.0,171.7,20.0,168.12,2.2299999999999898,154.0,46.0,2.490656539970546,200,108.0,4.0,0.54,168.0,4.0
2025-04-08 09:23:19,167.0,74.0,168.5,28.0,164.0,14.0,385.68,19.0,167.75,1.5,88.0,47.0,1.6906359750394089,135,41.0,-65.0,0.3,167.5,4.0
2025-04-08 09:23:20,167.0,18.0,293.11,9.0,164.0,8.0,412.25,8.0,230.06,126.11,26.0,17.0,27.581412762947867,43,9.0,-92.0,0.21,167.0,2.0
2025-04-08 09:23:21,167.0,18.0,234.0,9.0,164.0,9.0,414.0,9.0,200.5,67.0,27.0,18.0,27.95985282507951,45,9.0,2.0,0.2,167.0,
2025-04-08 09:23:22,167.0,16.0,221.5,8.0,164.0,8.0,350.25,8.0,194.25,54.5,24.0,16.0,25.904152755882784,40,8.0,-5.0,0.2,167.0,
2025-04-08 09:23:23,162.77,39.0,184.0,6.0,160.24,51.0,684.14,7.0,173.38,21.22999999999999,90.0,13.0,24.76684416715441,103,77.0,63.0,0.75,164.4,5.0
2025-04-08 09:23:24,162.0,66.0,242.33,6.0,160.0,96.0,590.33,12.0,202.17,80.33000000000001,162.0,18.0,20.311471389343343,180,144.0,77.0,0.8,164.4,
2025-04-08 09:23:26,161.0,16.0,322.65,20.0,160.0,128.0,426.2,15.0,241.82,161.64999999999998,144.0,35.0,62.9274333657438,179,109.0,-159.0,0.61,164.4,
2025-04-08 09:23:27,160.33,36.0,291.11,36.0,159.71,114.0,323.28,25.0,225.72,130.78,150.0,61.0,60.12315128135025,211,89.0,32.0,0.42,160.4,5.0
2025-04-08 09:23:28,160.0,59.0,320.87,23.0,159.0,77.0,431.5,20.0,240.43,160.87,136.0,43.0,49.45750468836994,179,93.0,-32.0,0.52,160.4,
2025-04-08 09:23:29,161.07,41.0,316.57,21.0,159.52,69.0,434.0,28.0,238.82,155.5,110.0,49.0,43.19959629441156,159,61.0,-20.0,0.38,161.0,2.0
2025-04-08 09:23:30,164.0,42.0,225.54,39.0,160.0,99.0,376.21,38.0,194.77,61.53999999999999,141.0,77.0,19.821164698375387,218,64.0,59.0,0.29,164.0,2.0
2025-04-08 09:23:31,164.0,30.0,168.0,30.0,160.11,84.0,204.1,40.0,166.0,4.0,114.0,70.0,32.101787644929,184,44.0,-34.0,0.24,164.0,
2025-04-08 09:23:32,164.0,27.0,167.44,27.0,163.0,27.0,519.0,36.0,165.72,3.4399999999999977,54.0,63.0,37.05893643913854,117,-9.0,-67.0,-0.08,164.0,
2025-04-08 09:23:33,163.2,15.0,165.61,49.0,160.08,111.0,268.71,42.0,164.41,2.410000000000025,126.0,91.0,32.18794852114847,217,35.0,100.0,0.16,163.6,5.0
2025-04-08 09:23:34,160.12,75.0,164.33,39.0,158.48,56.0,166.12,24.0,162.23,4.210000000000008,131.0,63.0,13.578778663786265,194,68.0,-23.0,0.35,163.6,5.0
2025-04-08 09:23:35,160.0,104.0,163.05,42.0,152.33,18.0,164.03,37.0,161.52,3.050000000000012,122.0,79.0,2.025272821151173,201,43.0,7.0,0.21,163.0,4.0
2025-04-08 09:23:36,160.0,78.0,169.15,26.0,159.0,24.0,230.58,31.0,164.58,9.150000000000006,102.0,57.0,1.7515621599285278,159,45.0,-42.0,0.28,160.5,4.0
2025-04-08 09:23:37,161.3,37.0,184.48,25.0,159.6,25.0,204.81,31.0,172.89,23.17999999999998,62.0,56.0,4.540939330149006,118,6.0,-41.0,0.05,160.5,
2025-04-08 09:23:38,165.47,19.0,279.3,40.0,162.6,43.0,349.67,36.0,222.39,113.83,62.0,76.0,25.926807940818698,138,-14.0,20.0,-0.1,160.5,
2025-04-08 09:23:39,161.37,41.0,309.67,36.0,162.68,38.0,324.5,48.0,235.52,148.3,79.0,84.0,34.862943794236685,163,-5.0,25.0,-0.03,164.8,5.0
2025-04-08 09:23:40,160.0,41.0,308.71,14.0,159.0,14.0,310.0,28.0,234.36,148.70999999999998,55.0,42.0,34.48270247530076,97,13.0,-66.0,0.13,159.8,10.0
2025-04-08 09:23:44,151.92,78.0,411.46,26.0,102.52,31.0,409.81,31.0,281.69,259.54,109.0,57.0,70.18722853910178,166,52.0,56.0,0.31,155.25,4.0
2025-04-08 09:23:45,156.72,39.0,183.82,34.0,143.25,59.0,367.5,16.0,170.27,27.099999999999994,98.0,50.0,64.35819854532984,148,48.0,-18.0,0.32,159.0,6.0
2025-04-08 09:23:46,157.08,26.0,315.16,55.0,129.15,55.0,476.16,19.0,236.12,158.08,81.0,74.0,68.86009352302759,155,7.0,7.0,0.05,159.0,
2025-04-08 09:23:47,125.33,18.0,290.94,34.0,89.33,18.0,416.54,41.0,208.14,165.61,36.0,75.0,59.003651836137365,111,-39.0,-44.0,-0.35,158.0,2.0
2025-04-08 09:23:51,115.0,30.0,153.0,16.0,75.0,6.0,171.33,24.0,134.0,38.0,36.0,40.0,62.71528266698723,76,-4.0,-95.0,-0.05,158.0,
2025-04-08 09:23:54,154.0,25.0,155.0,10.0,106.0,8.0,238.33,18.0,154.5,1.0,33.0,28.0,20.3852917565601,61,5.0,-41.0,0.08,158.0,
2025-04-08 09:23:55,146.85,39.0,180.24,33.0,83.32,25.0,347.5,24.0,163.54,33.390000000000015,64.0,57.0,18.07327640468313,121,7.0,60.0,0.06,155.0,2.0
2025-04-08 09:23:56,137.7,37.0,171.89,19.0,124.57,21.0,310.45,22.0,154.8,34.19,58.0,41.0,18.69888018037654,99,17.0,-22.0,0.17,160.0,5.0
2025-04-08 09:23:57,155.07,29.0,245.0,12.0,139.77,26.0,307.33,24.0,200.03,89.93,55.0,36.0,27.887986302350456,91,19.0,-8.0,0.21,160.0,
2025-04-08 09:23:58,167.0,44.0,214.06,34.0,160.0,11.0,231.0,26.0,190.53,47.06,55.0,60.0,21.215509656854667,115,-5.0,24.0,-0.04,160.0,
2025-04-08 09:23:59,167.29,34.0,197.4,48.0,166.09,46.0,207.79,34.0,182.34,30.110000000000014,80.0,82.0,18.76287211490012,162,-2.0,47.0,-0.01,160.0,
2025-04-08 09:24:02,167.37,27.0,185.53,45.0,165.22,36.0,198.17,46.0,176.45,18.16,63.0,91.0,5.639447667998837,154,-28.0,9.0,-0.18,167.67,3.0
2025-04-08 09:24:03,165.82,17.0,184.37,38.0,162.44,27.0,185.38,39.0,175.1,18.55000000000001,44.0,77.0,2.7303534569897656,121,-33.0,-33.0,-0.27,165.67,3.0
2025-04-08 09:24:04,162.38,8.0,179.33,18.0,161.06,17.0,183.32,25.0,170.85,16.950000000000017,25.0,43.0,3.0970905702117766,68,-18.0,-53.0,-0.26,162.33,3.0
2025-04-08 09:24:05,162.0,20.0,179.62,52.0,160.0,92.0,181.95,38.0,170.81,17.620000000000005,112.0,90.0,3.3758584093669914,202,22.0,134.0,0.11,162.33,
2025-04-08 09:24:06,162.0,14.0,175.79,47.0,160.0,112.0,177.87,46.0,168.89,13.789999999999992,126.0,93.0,3.199265540728481,219,33.0,17.0,0.15,162.33,
2025-04-08 09:24:07,162.0,16.0,170.39,56.0,160.0,128.0,172.18,57.0,166.2,8.389999999999986,144.0,113.0,3.254850226983043,257,31.0,38.0,0.12,162.33,
2025-04-08 09:24:08,162.0,14.0,165.24,41.0,160.0,112.0,166.74,47.0,163.62,3.240000000000009,126.0,88.0,3.130803411281246,214,38.0,-43.0,0.18,162.33,
2025-04-08 09:24:09,160.08,75.0,162.66,38.0,155.8,45.0,163.74,38.0,161.37,2.579999999999984,120.0,76.0,3.8233192385791295,196,44.0,-18.0,0.22,162.2,5.0
2025-04-08 09:24:10,161.54,35.0,259.32,41.0,159.49,86.0,285.71,31.0,210.43,97.78,121.0,72.0,20.50186747591773,193,49.0,-3.0,0.25,161.4,5.0
2025-04-08 09:24:11,160.67,60.0,238.4,40.0,135.43,54.0,268.83,36.0,199.53,77.73000000000002,114.0,76.0,22.983486463112957,190,38.0,-3.0,0.2,164.4,5.0
2025-04-08 09:24:12,160.0,69.0,237.42,48.0,155.32,75.0,239.0,24.0,198.71,77.41999999999999,144.0,72.0,22.617758951763985,216,72.0,26.0,0.33,160.0,1.0
2025-04-08 09:24:13,160.38,56.0,233.21,56.0,159.38,91.0,238.73,30.0,196.79,72.83000000000001,147.0,86.0,18.662804719551232,233,61.0,17.0,0.26,160.0,
2025-04-08 09:24:14,161.0,60.0,182.42,38.0,160.0,85.0,200.5,64.0,171.71,21.419999999999987,145.0,102.0,14.292098516316807,247,43.0,14.0,0.17,160.6,5.0
2025-04-08 09:24:15,163.83,142.0,180.1,40.0,159.6,40.0,182.0,20.0,171.97,16.269999999999982,182.0,60.0,14.55078417131189,242,122.0,-5.0,0.5,160.6,
2025-04-08 09:24:16,164.0,170.0,179.82,34.0,160.0,30.0,181.08,26.0,171.91,15.819999999999991,200.0,60.0,14.195278088156549,260,140.0,18.0,0.54,160.6,
2025-04-08 09:24:17,164.0,153.0,177.0,22.0,160.0,35.0,179.62,32.0,170.5,13.0,188.0,54.0,11.31578896940438,242,134.0,-18.0,0.55,160.6,
2025-04-08 09:24:18,164.0,154.0,174.93,30.0,160.0,88.0,176.56,18.0,169.47,10.930000000000009,242.0,48.0,1.0955911646642134,290,194.0,48.0,0.67,160.6,
2025-04-08 09:24:19,164.0,226.0,173.43,28.0,160.0,121.0,284.62,29.0,168.71,9.430000000000009,347.0,57.0,1.4502827310872466,404,290.0,114.0,0.72,164.0,3.0
2025-04-08 09:24:20,164.0,255.0,173.54,26.0,160.0,143.0,220.0,31.0,168.77,9.539999999999992,398.0,57.0,1.348525120303468,455,341.0,51.0,0.75,164.0,1.0
2025-04-08 09:24:21,164.0,170.0,172.82,22.0,160.0,121.0,174.0,22.0,168.41,8.819999999999993,291.0,44.0,0.8378663378421817,335,247.0,-120.0,0.74,164.0,8.0
2025-04-08 09:24:22,165.22,74.0,169.7,20.0,162.4,110.0,172.0,20.0,167.46,4.47999999999999,184.0,40.0,0.7292324732818175,224,144.0,-111.0,0.64,164.0,
2025-04-08 09:24:23,167.0,50.0,168.3,20.0,166.0,170.0,170.18,44.0,167.65,1.3000000000000114,220.0,64.0,0.6081118318931942,284,156.0,60.0,0.55,164.0,
2025-04-08 09:24:24,167.0,37.0,265.67,43.0,166.0,187.0,285.8,51.0,216.34,98.67000000000002,224.0,94.0,21.59256422938448,318,130.0,34.0,0.41,167.0,2.0
2025-04-08 09:24:25,167.0,24.0,239.89,36.0,166.0,136.0,394.0,20.0,203.44,72.88999999999999,160.0,56.0,23.481659864670934,216,104.0,-102.0,0.48,167.0,
2025-04-08 09:24:26,167.0,33.0,235.96,47.0,166.0,187.0,292.44,43.0,201.48,68.96000000000001,220.0,90.0,22.39240005001924,310,130.0,94.0,0.42,167.0,
2025-04-08 09:24:27,167.0,30.0,183.68,22.0,166.0,170.0,225.0,38.0,175.34,16.680000000000007,200.0,60.0,20.49417722183798,260,140.0,-50.0,0.54,167.0,
2025-04-08 09:24:28,166.32,75.0,176.18,11.0,165.69,161.0,275.59,27.0,171.25,9.860000000000014,236.0,38.0,19.422752122191728,274,198.0,14.0,0.72,167.0,
2025-04-08 09:24:29,167.0,21.0,173.4,15.0,166.0,255.0,242.13,15.0,170.2,6.400000000000006,276.0,30.0,16.66491284105914,306,246.0,32.0,0.8,167.0,2.0
2025-04-08 09:24:30,167.0,8.0,172.5,8.0,166.0,136.0,198.57,28.0,169.75,5.5,144.0,36.0,13.52836760293325,180,108.0,-126.0,0.6,167.0,
2025-04-08 09:24:31,166.46,24.0,171.0,12.0,165.96,191.0,219.25,60.0,168.73,4.539999999999992,215.0,72.0,2.5611969858037376,287,143.0,107.0,0.5,166.2,5.0
2025-04-08 09:24:32,166.0,121.0,169.67,12.0,164.0,48.0,423.5,24.0,167.83,3.669999999999988,169.0,36.0,1.321294819519593,205,133.0,-82.0,0.65,166.0,5.0
2025-04-08 09:24:33,166.0,80.0,230.3,10.0,164.0,40.0,396.33,18.0,198.15,64.30000000000001,120.0,28.0,13.011760833956805,148,92.0,-57.0,0.62,167.0,1.0
2025-04-08 09:24:34,166.05,86.0,361.88,25.0,164.48,58.0,462.48,33.0,263.96,195.83,144.0,58.0,41.29960387219352,202,86.0,54.0,0.43,166.0,1.0
2025-04-08 09:24:35,167.43,14.0,203.11,54.0,166.05,59.0,264.31,42.0,185.27,35.68000000000001,73.0,96.0,39.599286862266894,169,-23.0,-33.0,-0.14,167.0,1.0
2025-04-08 09:24:36,166.51,37.0,264.95,43.0,166.53,17.0,348.27,49.0,215.73,98.44,54.0,92.0,36.7497009511657,146,-38.0,-23.0,-0.26,167.4,5.0
2025-04-08 09:24:37,166.0,45.0,260.67,12.0,164.0,9.0,309.0,21.0,213.33,94.67000000000002,54.0,33.0,29.8654653404248,87,21.0,-59.0,0.24,167.4,
2025-04-08 09:24:38,166.0,70.0,255.75,32.0,164.0,70.0,318.45,29.0,210.88,89.75,140.0,61.0,28.55298986096056,201,79.0,114.0,0.39,167.4,
2025-04-08 09:24:39,166.0,62.0,249.9,40.0,164.0,104.0,320.8,25.0,207.95,83.9,166.0,65.0,12.28570795681351,231,101.0,30.0,0.44,166.0,3.0
2025-04-08 09:24:40,166.0,20.0,247.9,10.0,164.0,80.0,249.15,13.0,206.95,81.9,100.0,23.0,3.6577342713917034,123,77.0,-108.0,0.63,166.0,
2025-04-08 09:24:41,166.0,22.0,239.44,18.0,164.0,88.0,334.57,28.0,202.72,73.44,110.0,46.0,4.031653506951191,156,64.0,33.0,0.41,166.0,
2025-04-08 09:24:42,166.0,18.0,226.78,9.0,164.0,72.0,239.8,25.0,196.39,60.78,90.0,34.0,5.621554055606845,124,56.0,-32.0,0.45,166.0,
2025-04-08 09:24:43,164.67,36.0,221.14,22.0,163.8,60.0,238.34,38.0,192.9,56.47,96.0,60.0,6.572592334848367,156,36.0,32.0,0.23,165.0,4.0
2025-04-08 09:24:44,163.92,37.0,173.82,22.0,162.39,145.0,194.58,78.0,168.87,9.900000000000006,182.0,100.0,14.842827560815447,282,82.0,126.0,0.29,165.0,
2025-04-08 09:24:45,165.08,13.0,169.97,38.0,163.44,32.0,171.23,22.0,167.53,4.889999999999986,45.0,60.0,16.3492559463756,105,-15.0,-168.0,-0.14,165.0,
2025-04-08 09:24:46,166.0,13.0,168.15,41.0,164.0,26.0,169.81,37.0,167.07,2.1500000000000057,39.0,78.0,14.757381881624315,117,-39.0,12.0,-0.33,165.0,
2025-04-08 09:24:47,164.74,38.0,166.49,51.0,163.22,46.0,178.27,11.0,165.61,1.75,84.0,62.0,11.521075470635989,146,22.0,29.0,0.15,166.0,3.0
2025-04-08 09:24:48,163.15,53.0,447.0,13.0,162.2,123.0,535.66,53.0,305.08,283.85,176.0,66.0,61.64150403745923,242,110.0,96.0,0.45,164.38,8.0
2025-04-08 09:24:49,166.15,46.0,271.5,32.0,163.44,52.0,470.61,28.0,218.83,105.35,98.0,60.0,60.418081565042336,158,38.0,-84.0,0.24,164.38,
2025-04-08 09:24:50,167.0,50.0,178.0,50.0,163.0,30.0,329.77,26.0,172.5,11.0,80.0,76.0,59.68759645018476,156,4.0,-2.0,0.03,164.38,
2025-04-08 09:24:51,167.3,50.0,176.4,50.0,163.0,30.0,288.0,50.0,171.85,9.099999999999994,80.0,100.0,58.94549287265405,180,-20.0,24.0,-0.11,164.38,
2025-04-08 09:24:52,168.0,20.0,176.0,20.0,163.0,12.0,288.0,20.0,172.0,8.0,32.0,40.0,57.88971039830922,72,-8.0,-108.0,-0.11,164.38,
2025-04-08 09:24:53,168.0,55.0,175.82,55.0,163.0,33.0,286.57,51.0,171.91,7.819999999999993,88.0,106.0,20.91551983576061,194,-18.0,122.0,-0.09,164.38,
2025-04-08 09:24:55,166.14,63.0,173.2,75.0,161.81,57.0,377.23,43.0,169.67,7.060000000000002,120.0,118.0,0.9983586530345868,238,2.0,22.0,0.01,165.7,10.0
2025-04-08 09:24:56,161.0,36.0,173.0,20.0,160.0,44.0,529.0,20.0,167.0,12.0,80.0,40.0,2.176251364178415,120,40.0,-118.0,0.33,165.7,
2025-04-08 09:24:57,160.45,100.0,173.0,50.0,159.92,60.0,210.8,50.0,166.72,12.550000000000011,160.0,100.0,2.510822574394242,260,60.0,140.0,0.23,165.7,
2025-04-08 09:24:58,162.28,43.0,173.0,60.0,159.95,66.0,198.83,60.0,167.64,10.72,109.0,120.0,2.155799155785892,229,-11.0,-31.0,-0.05,167.0,5.0
2025-04-08 09:24:59,161.12,32.0,172.83,36.0,159.91,44.0,175.67,45.0,166.98,11.710000000000008,76.0,81.0,1.204707433398859,157,-5.0,-72.0,-0.03,161.75,4.0
2025-04-08 09:25:00,163.47,90.0,168.95,65.0,161.1,80.0,169.98,65.0,166.21,5.47999999999999,170.0,130.0,0.5176871643048371,300,40.0,143.0,0.13,161.75,
2025-04-08 09:25:01,161.08,53.0,166.49,45.0,160.0,68.0,166.88,60.0,163.78,5.409999999999997,121.0,105.0,1.4821538381981538,226,16.0,-74.0,0.07,161.0,3.0
2025-04-08 09:25:02,160.43,14.0,163.89,18.0,159.75,16.0,165.58,38.0,162.16,3.4599999999999795,30.0,56.0,2.3065948929287194,86,-26.0,-140.0,-0.3,163.0,2.0
2025-04-08 09:25:03,160.53,17.0,162.12,34.0,159.97,31.0,163.67,15.0,161.32,1.5900000000000034,48.0,49.0,2.4667995459874583,97,-1.0,11.0,-0.01,161.0,1.0
2025-04-08 09:25:04,160.0,76.0,163.41,22.0,159.0,15.0,351.32,41.0,161.7,3.4099999999999966,91.0,63.0,2.0077798684325754,154,28.0,57.0,0.18,161.38,8.0
2025-04-08 09:25:05,160.0,20.0,163.0,16.0,159.0,12.0,640.38,40.0,161.5,3.0,32.0,56.0,0.9942434309978492,88,-24.0,-66.0,-0.27,160.0,4.0
2025-04-08 09:25:06,160.0,20.0,162.1,20.0,142.2,10.0,272.8,50.0,161.05,2.0999999999999943,30.0,70.0,0.4183061081097892,100,-40.0,12.0,-0.4,160.0,
2025-04-08 09:25:07,160.07,80.0,190.57,28.0,158.65,43.0,250.45,55.0,175.32,30.5,123.0,83.0,6.233154899413603,206,40.0,106.0,0.19,160.0,2.0
2025-04-08 09:25:08,164.8,20.0,243.0,35.0,160.6,30.0,402.29,35.0,203.9,78.19999999999999,50.0,70.0,18.4558034233162,120,-20.0,-86.0,-0.17,160.0,
2025-04-08 09:25:09,167.5,40.0,243.0,50.0,166.0,40.0,412.06,48.0,205.25,75.5,80.0,98.0,21.921287142868604,178,-18.0,58.0,-0.1,160.0,
2025-04-08 09:25:12,163.0,8.0,374.36,11.0,160.0,24.0,471.0,9.0,268.68,211.36,32.0,20.0,30.43747969198718,52,12.0,-70.0,0.23,166.6,5.0
2025-04-08 09:25:13,163.0,10.0,169.0,10.0,160.77,26.0,399.6,15.0,166.0,6.0,36.0,25.0,41.48784243606946,61,11.0,9.0,0.18,166.6,
2025-04-08 09:25:14,161.24,34.0,423.93,28.0,160.18,56.0,666.12,32.0,292.58,262.69,90.0,60.0,49.66929906894338,150,30.0,89.0,0.2,161.5,4.0
2025-04-08 09:25:15,165.0,56.0,388.5,36.0,159.67,48.0,436.92,36.0,276.75,223.5,104.0,72.0,49.91483817463651,176,32.0,26.0,0.18,161.5,
2025-04-08 09:25:16,167.0,29.0,369.0,27.0,160.0,36.0,393.11,27.0,268.0,202.0,65.0,54.0,50.400082539616456,119,11.0,-57.0,0.09,167.0,2.0
2025-04-08 09:25:17,162.1,40.0,318.73,33.0,159.36,44.0,332.91,33.0,240.41,156.63000000000002,84.0,66.0,49.981870413182286,150,18.0,31.0,0.12,167.0,3.0
2025-04-08 09:25:18,160.0,32.0,310.0,38.0,159.0,32.0,327.75,24.0,235.0,150.0,64.0,62.0,24.404535848898195,126,2.0,-24.0,0.02,167.0,
2025-04-08 09:25:19,159.7,40.0,310.0,37.0,157.88,32.0,399.53,17.0,234.85,150.3,72.0,54.0,19.88110333960737,126,18.0,0.0,0.14,159.8,5.0
2025-04-08 09:25:20,160.98,43.0,299.59,39.0,158.42,36.0,323.11,27.0,230.28,138.61,79.0,66.0,15.129298397484895,145,13.0,19.0,0.09,162.75,4.0
2025-04-08 09:25:21,154.67,18.0,261.13,30.0,54.28,25.0,270.45,22.0,207.9,106.46,43.0,52.0,12.69736468721474,95,-9.0,-50.0,-0.09,159.75,4.0
2025-04-08 09:25:22,156.87,38.0,257.37,38.0,111.08,13.0,258.57,23.0,207.12,100.5,51.0,61.0,14.296859795078136,112,-10.0,17.0,-0.09,168.0,1.0
2025-04-08 09:25:23,161.0,90.0,208.74,47.0,148.81,16.0,220.93,46.0,184.87,47.74000000000001,106.0,93.0,20.173634526284854,199,13.0,87.0,0.07,168.0,
2025-04-08 09:25:24,161.15,65.0,197.49,49.0,160.6,50.0,198.26,47.0,179.32,36.34,115.0,96.0,20.42394477078564,211,19.0,12.0,0.09,168.0,
2025-04-08 09:25:25,162.25,28.0,193.49,45.0,160.33,27.0,194.83,23.0,177.87,31.24000000000001,55.0,68.0,14.92477236007612,123,-13.0,-88.0,-0.11,163.45,11.0
2025-04-08 09:25:26,160.4,10.0,189.34,32.0,155.76,17.0,190.65,26.0,174.87,28.94,27.0,58.0,12.988908730146884,85,-31.0,-38.0,-0.36,159.8,5.0
2025-04-08 09:25:27,159.0,15.0,187.32,40.0,118.46,63.0,187.78,45.0,173.16,28.319999999999997,78.0,85.0,4.532578736225061,163,-7.0,78.0,-0.04,159.8,
2025-04-08 09:25:28,162.68,19.0,180.46,37.0,157.8,20.0,180.51,49.0,171.57,17.78,39.0,86.0,3.2181469823606803,125,-47.0,-38.0,-0.38,159.8,
2025-04-08 09:25:29,167.05,19.0,173.7,23.0,162.09,11.0,175.78,18.0,170.37,6.649999999999977,30.0,41.0,2.940581575143861,71,-11.0,-54.0,-0.15,159.8,
2025-04-08 09:25:30,167.64,14.0,170.13,46.0,165.0,16.0,171.33,18.0,168.89,2.490000000000009,30.0,64.0,2.3364759789208107,94,-34.0,23.0,-0.36,169.0,1.0
2025-04-08 09:25:31,150.74,23.0,168.04,48.0,117.56,16.0,170.29,49.0,159.39,17.299999999999983,39.0,97.0,5.422792638490916,136,-58.0,42.0,-0.43,164.33,3.0
2025-04-08 09:25:33,130.76,29.0,155.85,47.0,125.41,34.0,157.36,11.0,143.3,25.090000000000003,63.0,58.0,15.475822110636308,121,5.0,37.0,0.04,156.0,1.0
2025-04-08 09:25:34,134.0,8.0,153.23,35.0,131.0,56.0,154.64,14.0,143.61,19.22999999999999,64.0,49.0,13.566663185914758,113,15.0,-8.0,0.13,156.0,
2025-04-08 09:25:37,126.0,16.0,151.0,6.0,0.0,0.0,154.0,18.0,138.5,25.0,16.0,24.0,4.404495430812505,40,-8.0,-33.0,-0.2,156.0,
2025-04-08 09:25:40,136.76,34.0,154.0,16.0,97.59,34.0,158.33,36.0,145.38,17.24000000000001,68.0,52.0,18.00594901692316,120,16.0,-42.0,0.13,156.0,
2025-04-08 09:25:41,143.59,61.0,156.37,19.0,142.5,40.0,159.21,38.0,149.98,12.78,101.0,57.0,20.34844465800858,158,44.0,38.0,0.28,156.0,6.0
2025-04-08 09:25:42,146.02,55.0,157.0,7.0,144.38,42.0,160.0,28.0,151.51,10.97999999999999,97.0,35.0,22.414796898478468,132,62.0,-26.0,0.47,156.0,
2025-04-08 09:25:43,149.08,95.0,156.86,58.0,146.85,59.0,159.25,48.0,152.97,7.780000000000001,154.0,106.0,17.70760091034491,260,48.0,128.0,0.18,156.0,
2025-04-08 09:25:44,151.36,105.0,156.72,58.0,148.96,67.0,158.88,64.0,154.04,5.359999999999985,172.0,122.0,3.3821782921743075,294,50.0,34.0,0.17,155.67,3.0
2025-04-08 09:25:45,153.32,85.0,157.0,65.0,152.78,54.0,160.0,52.0,155.16,3.680000000000007,139.0,117.0,2.045084350352491,256,22.0,-38.0,0.09,155.67,
2025-04-08 09:25:46,157.18,128.0,159.79,73.0,154.47,78.0,423.09,56.0,158.49,2.609999999999985,206.0,129.0,2.6375424167315287,335,77.0,79.0,0.23,157.0,5.0
2025-04-08 09:25:47,160.9,115.0,322.86,28.0,160.21,141.0,659.79,38.0,241.88,161.96,256.0,66.0,38.835332752534406,322,190.0,-13.0,0.59,161.33,6.0
2025-04-08 09:25:48,163.53,66.0,202.8,30.0,162.23,93.0,376.41,34.0,183.17,39.27000000000001,159.0,64.0,37.35729205924964,223,95.0,-99.0,0.43,161.33,
2025-04-08 09:25:49,165.64,55.0,178.27,22.0,163.0,66.0,382.21,38.0,171.95,12.630000000000024,121.0,60.0,35.21720815169878,181,61.0,-42.0,0.34,161.33,
2025-04-08 09:25:56,164.45,44.0,171.08,12.0,164.33,12.0,270.0,12.0,167.77,6.630000000000024,56.0,24.0,1.258201096832061,80,32.0,20.0,0.4,168.0,2.0
2025-04-08 09:25:57,164.0,15.0,170.0,3.0,163.0,3.0,281.0,3.0,167.0,6.0,18.0,6.0,1.7377715615318694,24,12.0,-56.0,0.5,168.0,
2025-04-08 09:25:58,162.96,50.0,169.2,10.0,162.0,12.0,216.5,20.0,166.08,6.239999999999981,62.0,30.0,1.9281415923287888,92,32.0,68.0,0.35,163.38,8.0
2025-04-08 09:25:59,162.0,104.0,169.0,8.0,160.0,15.0,195.0,24.0,165.5,7.0,119.0,32.0,1.78261886001115,151,87.0,59.0,0.58,163.38,
2025-04-08 09:26:00,162.21,96.0,167.67,12.0,161.81,72.0,226.67,18.0,164.94,5.45999999999998,168.0,30.0,1.1379894551649905,198,138.0,47.0,0.7,166.0,1.0
2025-04-08 09:26:01,162.0,102.0,166.0,9.0,160.0,29.0,500.41,17.0,164.0,4.0,131.0,26.0,1.1346717587329564,157,105.0,-41.0,0.67,162.0,3.0
2025-04-08 09:26:02,162.54,81.0,174.79,14.0,161.3,125.0,260.97,29.0,168.66,12.25,206.0,43.0,1.7550726480879322,249,163.0,92.0,0.65,163.0,1.0
2025-04-08 09:26:03,162.21,57.0,452.36,25.0,161.9,50.0,499.14,14.0,307.29,290.15,107.0,39.0,63.31161599580355,146,68.0,-103.0,0.47,163.0,4.0
2025-04-08 09:26:04,162.15,41.0,371.81,16.0,161.22,9.0,454.0,20.0,266.98,209.66,50.0,36.0,67.95550809169264,86,14.0,-60.0,0.16,162.0,7.0
2025-04-08 09:26:05,165.67,36.0,339.0,30.0,163.2,20.0,528.42,12.0,252.33,173.33,56.0,42.0,63.12950871027046,98,14.0,12.0,0.14,162.0,
2025-04-08 09:26:06,166.0,56.0,248.14,22.0,162.0,20.0,284.6,30.0,207.07,82.13999999999999,76.0,52.0,53.80657050955877,128,24.0,30.0,0.19,166.0,2.0
2025-04-08 09:26:07,166.0,20.0,253.08,13.0,162.0,10.0,257.8,15.0,209.54,87.08000000000001,30.0,28.0,41.9722202176645,58,2.0,-70.0,0.03,166.0,
2025-04-08 09:26:08,166.0,36.0,246.78,27.0,162.0,18.0,257.61,23.0,206.39,80.78,54.0,50.0,28.96614696503681,104,4.0,46.0,0.04,166.0,
2025-04-08 09:26:09,166.0,48.0,243.0,36.0,162.0,24.0,339.33,12.0,204.5,77.0,72.0,48.0,20.407974666784117,120,24.0,16.0,0.2,166.0,
2025-04-08 09:26:10,166.0,36.0,235.22,27.0,162.2,15.0,261.96,23.0,200.61,69.22,51.0,50.0,3.3322769993046486,101,1.0,-19.0,0.01,166.0,
2025-04-08 09:26:11,166.0,42.0,227.29,24.0,163.0,12.0,258.5,24.0,196.65,61.28999999999999,54.0,48.0,5.027451640751339,102,6.0,1.0,0.06,166.0,3.0
2025-04-08 09:26:12,166.0,10.0,231.0,30.0,163.0,10.0,352.43,14.0,198.5,65.0,20.0,44.0,4.064547945355282,64,-24.0,-38.0,-0.38,166.0,
2025-04-08 09:26:13,166.0,12.0,229.75,36.0,163.0,12.0,573.06,18.0,197.88,63.75,24.0,54.0,3.0780302142913945,78,-30.0,14.0,-0.38,166.0,
2025-04-08 09:26:14,166.0,11.0,227.55,31.0,163.0,11.0,378.89,27.0,196.77,61.55000000000001,22.0,58.0,1.6107668981232726,80,-36.0,2.0,-0.45,166.0,
2025-04-08 09:26:15,166.0,16.0,214.87,45.0,163.0,16.0,219.15,39.0,190.43,48.870000000000005,32.0,84.0,3.233191921319905,116,-52.0,36.0,-0.45,166.0,
2025-04-08 09:26:16,166.0,10.0,194.1,30.0,163.0,10.0,195.07,29.0,180.05,28.099999999999994,20.0,59.0,7.781537765768798,79,-39.0,-37.0,-0.49,166.0,
2025-04-08 09:26:17,165.29,14.0,191.45,33.0,161.12,32.0,192.61,38.0,178.37,26.16,46.0,71.0,9.136760914026564,117,-25.0,38.0,-0.21,163.67,3.0
2025-04-08 09:26:18,162.62,21.0,172.35,40.0,160.13,117.0,173.83,59.0,167.48,9.72999999999999,138.0,99.0,11.34796898127942,237,39.0,120.0,0.16,163.67,
2025-04-08 09:26:19,162.38,52.0,165.86,42.0,160.68,59.0,167.33,39.0,164.12,3.480000000000018,111.0,81.0,10.534806595285731,192,30.0,-45.0,0.16,165.25,8.0
2025-04-08 09:26:20,160.0,96.0,165.14,21.0,159.0,39.0,171.43,21.0,162.57,5.139999999999986,135.0,42.0,8.152414979628565,177,93.0,-15.0,0.53,161.0,12.0
2025-04-08 09:26:21,160.0,16.0,166.0,8.0,159.0,24.0,183.75,24.0,163.0,6.0,40.0,32.0,6.583469450074935,72,8.0,-105.0,0.11,161.0,
2025-04-08 09:26:22,160.0,32.0,163.8,20.0,159.0,48.0,191.44,32.0,161.9,3.8000000000000114,80.0,52.0,2.2026529458967947,132,28.0,60.0,0.21,161.0,
2025-04-08 09:26:23,160.03,32.0,375.44,41.0,156.56,43.0,440.77,26.0,267.74,215.41,75.0,67.0,46.89394182621122,142,8.0,10.0,0.06,161.6,5.0
2025-04-08 09:26:25,163.0,25.0,341.47,38.0,160.0,55.0,363.54,13.0,252.24,178.47000000000003,80.0,51.0,71.48830659625472,131,29.0,18.0,0.22,161.6,
2025-04-08 09:26:26,163.0,13.0,257.0,28.0,160.0,55.0,290.0,31.0,210.0,94.0,68.0,59.0,62.232844865072025,127,9.0,-4.0,0.07,161.6,
2025-04-08 09:26:27,163.0,14.0,168.26,53.0,160.0,70.0,279.82,17.0,165.63,5.259999999999991,84.0,70.0,61.01510444144238,154,14.0,27.0,0.09,161.6,
2025-04-08 09:26:28,159.72,43.0,167.92,52.0,137.18,55.0,327.45,31.0,163.82,8.199999999999989,98.0,83.0,68.41772701573844,181,15.0,27.0,0.08,161.29,7.0
2025-04-08 09:26:29,159.21,114.0,165.75,48.0,146.19,32.0,496.0,12.0,162.48,6.539999999999992,146.0,60.0,39.708247002355535,206,86.0,25.0,0.42,162.0,4.0
2025-04-08 09:26:30,159.49,71.0,163.82,44.0,154.17,63.0,477.77,13.0,161.66,4.329999999999984,134.0,57.0,20.895320528770583,191,77.0,-15.0,0.4,162.0,
2025-04-08 09:26:31,163.0,68.0,277.48,46.0,158.44,71.0,346.24,29.0,220.24,114.48000000000002,139.0,75.0,25.46506980159417,214,64.0,23.0,0.3,162.0,4.0
2025-04-08 09:26:33,167.67,18.0,438.65,23.0,165.33,18.0,478.85,13.0,303.16,270.98,36.0,36.0,79.18645212408573,72,0.0,-14.0,0.0,168.0,4.0
2025-04-08 09:26:34,167.0,24.0,233.83,18.0,160.0,12.0,463.12,16.0,200.42,66.83000000000001,36.0,34.0,71.8470682770016,70,2.0,-2.0,0.03,168.0,
2025-04-08 09:26:35,161.11,18.0,283.75,24.0,136.07,41.0,426.25,24.0,222.43,122.64,59.0,48.0,58.38221364422678,107,11.0,37.0,0.1,163.86,7.0
2025-04-08 09:26:36,136.31,45.0,287.5,30.0,99.6,55.0,315.5,30.0,211.91,151.19,100.0,60.0,59.75450886753349,160,40.0,53.0,0.25,159.0,2.0
2025-04-08 09:26:37,123.78,36.0,259.25,24.0,111.14,42.0,273.75,24.0,191.51,135.47,78.0,48.0,44.74586606604137,126,30.0,-34.0,0.24,159.0,
2025-04-08 09:26:38,140.0,7.0,257.71,21.0,120.0,42.0,391.57,23.0,198.86,117.70999999999998,49.0,44.0,12.167638636978577,93,5.0,-33.0,0.05,159.0,
2025-04-08 09:26:39,153.05,19.0,227.15,39.0,102.26,62.0,326.51,55.0,190.1,74.1,81.0,94.0,13.896721555823596,175,-13.0,82.0,-0.07,160.0,5.0
2025-04-08 09:26:40,163.0,14.0,250.43,21.0,159.0,7.0,387.73,33.0,206.71,87.43,21.0,54.0,9.461716017725836,75,-33.0,-100.0,-0.44,160.0,
2025-04-08 09:26:41,163.0,18.0,215.33,27.0,161.23,13.0,229.0,27.0,189.17,52.33000000000001,31.0,54.0,7.447116891796852,85,-23.0,10.0,-0.27,163.0,1.0
2025-04-08 09:26:42,160.1,29.0,215.0,24.0,159.38,8.0,567.84,38.0,187.55,54.900000000000006,37.0,62.0,8.126541084624213,99,-25.0,14.0,-0.25,161.67,3.0
2025-04-08 09:26:43,164.29,28.0,212.31,13.0,159.91,22.0,213.0,15.0,188.3,48.02000000000001,50.0,28.0,8.075049845052567,78,22.0,-21.0,0.28,161.67,
2025-04-08 09:26:44,166.0,28.0,209.43,7.0,160.0,28.0,212.0,21.0,187.71,43.43000000000001,56.0,28.0,8.310037304373736,84,28.0,6.0,0.33,161.67,
2025-04-08 09:26:45,165.62,47.0,207.92,12.0,159.98,45.0,212.0,36.0,186.77,42.29999999999998,92.0,48.0,0.8956003573469172,140,44.0,56.0,0.31,164.8,5.0
2025-04-08 09:26:46,160.86,29.0,205.74,35.0,159.55,11.0,206.19,31.0,183.3,44.88,40.0,66.0,1.9914893924093595,106,-26.0,-34.0,-0.25,160.67,3.0
2025-04-08 09:26:47,163.55,22.0,201.69,35.0,160.0,11.0,203.64,39.0,182.62,38.13999999999999,33.0,74.0,2.6068851144763223,107,-41.0,1.0,-0.38,160.67,
2025-04-08 09:26:48,165.36,22.0,198.2,15.0,160.0,11.0,199.94,31.0,181.78,32.839999999999975,33.0,46.0,2.636727137964265,79,-13.0,-28.0,-0.16,160.67,
2025-04-08 09:26:49,166.0,16.0,196.65,34.0,160.0,8.0,197.25,20.0,181.32,30.65000000000001,24.0,54.0,2.158314156946624,78,-30.0,-1.0,-0.38,160.67,
2025-04-08 09:26:50,166.73,22.0,193.54,41.0,161.88,16.0,195.76,33.0,180.13,26.81,38.0,74.0,1.2183595528722728,112,-36.0,34.0,-0.32,160.67,
2025-04-08 09:26:51,163.89,18.0,187.59,29.0,160.42,24.0,192.93,43.0,175.74,23.700000000000017,42.0,72.0,2.7126592119309483,114,-30.0,2.0,-0.26,166.0,3.0
2025-04-08 09:26:52,161.84,19.0,190.48,21.0,129.96,47.0,191.85,47.0,176.16,28.639999999999983,66.0,68.0,2.875652969339791,134,-2.0,20.0,-0.01,161.43,7.0
2025-04-08 09:26:53,167.4,15.0,176.89,36.0,148.17,12.0,182.67,24.0,172.14,9.48999999999998,27.0,60.0,3.685243546913988,87,-33.0,-47.0,-0.38,161.43,
2025-04-08 09:26:54,159.25,40.0,171.78,40.0,145.81,27.0,174.29,52.0,165.51,12.53,67.0,92.0,5.495209732127487,159,-25.0,72.0,-0.16,165.0,3.0
2025-04-08 09:26:55,156.29,49.0,168.17,29.0,113.97,31.0,169.02,41.0,162.23,11.879999999999995,80.0,70.0,6.232417668936012,150,10.0,-9.0,0.07,167.0,2.0
2025-04-08 09:26:56,167.0,30.0,168.15,33.0,153.0,12.0,175.5,60.0,167.58,1.1500000000000057,42.0,93.0,5.494854866151102,135,-51.0,-15.0,-0.38,167.0,4.0
2025-04-08 09:26:57,158.0,55.0,168.03,32.0,99.57,44.0,216.85,52.0,163.02,10.03,99.0,84.0,3.983821030124517,183,15.0,48.0,0.08,167.0,
2025-04-08 09:26:58,159.05,82.0,163.9,10.0,109.57,21.0,165.55,20.0,161.47,4.849999999999994,103.0,30.0,2.5290057334970104,133,73.0,-50.0,0.55,167.0,
2025-04-08 09:26:59,159.28,29.0,161.77,13.0,158.29,35.0,163.5,8.0,160.52,2.490000000000009,64.0,21.0,2.741100144113662,85,43.0,-48.0,0.51,161.0,2.0
2025-04-08 09:27:00,159.0,49.0,232.72,40.0,158.0,70.0,445.87,53.0,195.86,73.72,119.0,93.0,14.87840045166366,212,26.0,127.0,0.12,159.0,3.0
2025-04-08 09:27:01,162.29,42.0,199.86,29.0,150.47,15.0,385.25,20.0,181.07,37.57000000000002,57.0,49.0,15.60547564158387,106,8.0,-106.0,0.08,158.67,3.0
2025-04-08 09:27:02,164.0,62.0,196.57,23.0,160.0,21.0,198.14,28.0,180.28,32.56999999999999,83.0,51.0,14.908606574729584,134,32.0,28.0,0.24,164.0,4.0
2025-04-08 09:27:03,164.57,42.0,194.43,37.0,163.76,41.0,195.3,40.0,179.5,29.860000000000014,83.0,77.0,12.5593463205723,160,6.0,26.0,0.04,164.0,
2025-04-08 09:27:04,166.0,18.0,192.57,30.0,164.0,54.0,193.64,33.0,179.28,26.569999999999997,72.0,63.0,7.113284754603605,135,9.0,-25.0,0.07,164.0,
2025-04-08 09:27:05,164.1,42.0,189.88,32.0,162.86,14.0,191.52,31.0,176.99,25.78,56.0,63.0,1.5323935526075247,119,-7.0,-16.0,-0.06,165.33,3.0
2025-04-08 09:27:06,167.71,69.0,186.47,34.0,163.95,41.0,188.28,29.0,177.09,18.75999999999999,110.0,63.0,1.4969201715764635,173,47.0,54.0,0.27,165.33,
2025-04-08 09:27:07,168.0,40.0,185.0,20.0,164.0,25.0,188.0,15.0,176.5,17.0,65.0,35.0,1.4057631379688222,100,30.0,-73.0,0.3,165.33,
2025-04-08 09:27:08,168.0,91.0,182.39,49.0,164.0,65.0,184.15,40.0,175.19,14.389999999999986,156.0,89.0,1.4775148053645075,245,67.0,145.0,0.27,168.0,1.0
2025-04-08 09:27:09,168.0,77.0,179.73,44.0,164.0,55.0,182.0,33.0,173.86,11.72999999999999,132.0,77.0,1.3808077346504457,209,55.0,-36.0,0.26,168.0,
2025-04-08 09:27:10,168.0,98.0,178.92,51.0,164.0,70.0,182.36,42.0,173.46,10.919999999999987,168.0,93.0,1.587718488923639,261,75.0,52.0,0.29,168.0,
2025-04-08 09:27:16,168.0,58.0,342.71,35.0,164.0,50.0,379.15,39.0,255.36,174.70999999999998,108.0,74.0,36.82369250903664,182,34.0,55.0,0.19,168.0,3.0
2025-04-08 09:27:17,165.66,29.0,264.36,22.0,163.65,23.0,381.12,34.0,215.01,98.70000000000002,52.0,56.0,35.92502094641125,108,-4.0,-74.0,-0.04,166.0,8.0
2025-04-08 09:27:18,162.0,60.0,189.38,21.0,160.0,90.0,347.71,24.0,175.69,27.379999999999995,150.0,45.0,34.78361927689653,195,105.0,87.0,0.54,162.75,4.0
2025-04-08 09:27:19,162.03,59.0,171.0,21.0,160.09,113.0,171.33,18.0,166.52,8.969999999999999,172.0,39.0,35.493329373279245,211,133.0,16.0,0.63,162.0,8.0
2025-04-08 09:27:20,162.48,31.0,168.6,10.0,159.38,40.0,297.91,22.0,165.54,6.1200000000000045,71.0,32.0,39.03095220462964,103,39.0,-108.0,0.38,162.0,7.0
2025-04-08 09:27:21,167.0,7.0,168.0,7.0,160.0,21.0,630.71,21.0,167.5,1.0,28.0,28.0,21.049671493875387,56,0.0,-47.0,0.0,162.0,
2025-04-08 09:27:24,163.0,15.0,377.0,15.0,160.0,15.0,689.0,5.0,270.0,214.0,30.0,20.0,101.9301891982946,50,10.0,-9.0,0.2,162.0,
2025-04-08 09:27:27,166.0,10.0,379.68,40.0,163.0,30.0,529.66,38.0,272.84,213.68,40.0,78.0,53.97561273390203,118,-38.0,-7.0,-0.32,162.0,
2025-04-08 09:27:28,164.8,5.0,427.0,5.0,162.08,13.0,468.0,19.0,295.9,262.2,18.0,24.0,54.92040895696393,42,-6.0,-76.0,-0.14,164.0,3.0
2025-04-08 09:27:29,164.5,8.0,394.69,16.0,160.69,13.0,485.67,18.0,279.59,230.19,21.0,34.0,53.12273571645352,55,-13.0,13.0,-0.24,164.0,
2025-04-08 09:27:30,166.48,33.0,382.71,17.0,162.27,11.0,407.04,27.0,274.6,216.23,44.0,44.0,55.22445626713002,88,0.0,33.0,0.0,165.0,7.0
2025-04-08 09:27:31,141.6,10.0,380.25,12.0,126.5,4.0,382.0,4.0,260.93,238.65,14.0,16.0,12.698116789513827,30,-2.0,-58.0,-0.07,159.5,2.0
2025-04-08 09:27:32,133.09,22.0,154.44,9.0,86.55,29.0,212.64,14.0,143.77,21.349999999999994,51.0,23.0,61.2111654030546,74,28.0,44.0,0.38,159.5,
2025-04-08 09:27:35,145.11,19.0,177.35,37.0,114.03,31.0,293.83,41.0,161.23,32.23999999999998,50.0,78.0,61.913938495301856,128,-28.0,57.0,-0.22,159.33,3.0
2025-04-08 09:27:36,142.4,10.0,361.17,23.0,141.0,5.0,605.14,21.0,251.79,218.77,15.0,44.0,58.11497500644751,59,-29.0,-69.0,-0.49,149.0,5.0
2025-04-08 09:27:37,146.33,21.0,305.0,59.0,144.26,19.0,587.92,53.0,225.67,158.67,40.0,112.0,65.05112773811099,152,-72.0,93.0,-0.47,149.0,
2025-04-08 09:27:38,153.11,28.0,307.33,73.0,149.37,27.0,450.57,56.0,230.22,154.21999999999997,55.0,129.0,56.300831432582406,184,-74.0,32.0,-0.4,156.25,4.0
2025-04-08 09:27:39,158.92,13.0,304.8,40.0,155.56,18.0,356.29,49.0,231.86,145.88000000000002,31.0,89.0,34.429839238661614,120,-58.0,-64.0,-0.48,156.25,
2025-04-08 09:27:43,163.06,34.0,183.93,45.0,162.07,41.0,290.79,58.0,173.5,20.870000000000005,75.0,103.0,29.060904149734814,178,-28.0,73.0,-0.16,163.57,7.0
2025-04-08 09:27:44,162.95,41.0,182.72,40.0,160.73,55.0,228.85,55.0,172.84,19.77000000000001,96.0,95.0,31.076731327474928,191,1.0,13.0,0.01,163.57,
2025-04-08 09:27:45,166.0,24.0,178.95,38.0,161.24,51.0,180.25,40.0,172.47,12.949999999999989,75.0,78.0,25.41441028235848,153,-3.0,-38.0,-0.02,163.57,
2025-04-08 09:27:46,163.17,23.0,175.64,33.0,161.26,39.0,177.82,33.0,169.41,12.47,62.0,66.0,7.642856141524296,128,-4.0,-25.0,-0.03,164.5,4.0
2025-04-08 09:27:47,165.08,12.0,172.31,26.0,160.92,38.0,173.2,30.0,168.7,7.22999999999999,50.0,56.0,2.172401896526436,106,-6.0,-22.0,-0.06,164.5,
2025-04-08 09:27:48,168.0,9.0,171.89,27.0,161.44,45.0,173.0,36.0,169.94,3.8899999999999855,54.0,63.0,1.867503681396884,117,-9.0,11.0,-0.08,164.5,
2025-04-08 09:27:49,162.83,29.0,168.8,30.0,160.57,70.0,171.64,33.0,165.81,5.969999999999999,99.0,63.0,2.3981722206775267,162,36.0,45.0,0.22,168.0,1.0
2025-04-08 09:27:50,162.0,24.0,165.63,27.0,160.0,90.0,167.34,32.0,163.81,3.629999999999996,114.0,59.0,2.622409197670628,173,55.0,11.0,0.32,162.0,3.0
2025-04-08 09:27:51,160.28,67.0,163.14,28.0,159.22,92.0,225.2,20.0,161.71,2.859999999999985,159.0,48.0,3.392997200120541,207,111.0,34.0,0.54,162.0,6.0
2025-04-08 09:27:52,163.0,25.0,164.0,15.0,160.0,50.0,317.0,10.0,163.5,1.0,75.0,25.0,3.1440149490778126,100,50.0,-107.0,0.5,162.0,
2025-04-08 09:27:53,163.0,43.0,206.21,29.0,160.0,110.0,361.4,30.0,184.6,43.21000000000001,153.0,59.0,9.455967956799974,212,94.0,112.0,0.44,163.0,3.0
2025-04-08 09:27:54,163.0,16.0,200.65,37.0,160.0,80.0,243.29,28.0,181.82,37.650000000000006,96.0,65.0,11.138266023041076,161,31.0,-51.0,0.19,163.0,
2025-04-08 09:27:55,165.0,14.0,314.8,25.0,160.07,41.0,572.0,20.0,239.9,149.8,55.0,45.0,31.703423789869262,100,10.0,-61.0,0.1,163.0,1.0
2025-04-08 09:27:56,167.29,41.0,342.32,47.0,164.19,54.0,544.32,41.0,254.81,175.03,95.0,88.0,39.92098796372741,183,7.0,83.0,0.04,167.0,3.0
2025-04-08 09:27:59,160.55,44.0,222.62,26.0,159.38,52.0,472.0,16.0,191.58,62.06999999999999,96.0,42.0,33.59162440252147,138,54.0,16.0,0.39,164.9,10.0
2025-04-08 09:28:00,160.0,135.0,219.74,65.0,159.0,126.0,220.83,70.0,189.87,59.74000000000001,261.0,135.0,30.375547237869885,396,126.0,168.0,0.32,164.9,
2025-04-08 09:28:01,160.64,55.0,204.8,50.0,159.38,117.0,218.48,61.0,182.72,44.160000000000025,172.0,111.0,6.797326680397867,283,61.0,-113.0,0.22,161.17,6.0
2025-04-08 09:28:02,160.0,32.0,215.37,38.0,159.0,72.0,217.0,34.0,187.68,55.370000000000005,104.0,72.0,5.63992730450023,176,32.0,-107.0,0.18,161.17,
2025-04-08 09:28:03,159.06,67.0,213.44,36.0,156.56,50.0,214.56,36.0,186.25,54.38,117.0,72.0,3.4144765338260954,189,45.0,13.0,0.24,160.0,4.0
2025-04-08 09:28:04,159.51,157.0,198.0,82.0,154.21,114.0,233.4,68.0,178.75,38.49000000000001,271.0,150.0,4.3791585949867535,421,121.0,168.0,0.29,160.0,
2025-04-08 09:28:05,152.17,36.0,160.11,28.0,122.65,40.0,192.41,17.0,156.14,7.940000000000026,76.0,45.0,12.86459365856688,121,31.0,-168.0,0.26,159.0,9.0
2025-04-08 09:28:06,118.46,78.0,157.08,24.0,75.79,86.0,160.0,21.0,137.77,38.62000000000002,164.0,45.0,21.68959589296282,209,119.0,88.0,0.57,159.0,
2025-04-08 09:28:07,119.5,54.0,155.96,26.0,118.0,36.0,156.79,24.0,137.73,36.46000000000001,90.0,50.0,22.60194947344187,140,40.0,-69.0,0.29,159.0,
2025-04-08 09:28:08,121.24,59.0,155.0,11.0,104.11,81.0,156.0,55.0,138.12,33.760000000000005,140.0,66.0,18.06293359341192,206,74.0,66.0,0.36,159.0,
2025-04-08 09:28:09,129.82,56.0,156.06,62.0,123.02,94.0,157.92,60.0,142.94,26.24000000000001,150.0,122.0,7.914312983449736,272,28.0,66.0,0.1,153.38,8.0
2025-04-08 09:28:10,133.96,69.0,155.43,28.0,131.37,41.0,156.62,32.0,144.69,21.47,110.0,60.0,3.316149875985508,170,50.0,-102.0,0.29,153.38,
2025-04-08 09:28:11,135.59,51.0,154.06,70.0,135.32,59.0,156.79,52.0,144.82,18.47,110.0,122.0,3.4921841303116032,232,-12.0,62.0,-0.05,153.38,
2025-04-08 09:28:12,138.97,74.0,153.9,30.0,136.62,26.0,156.76,49.0,146.44,14.930000000000009,100.0,79.0,3.202033728742097,179,21.0,-53.0,0.12,153.5,6.0
2025-04-08 09:28:13,140.11,81.0,156.14,21.0,138.0,9.0,157.46,39.0,148.13,16.029999999999973,90.0,60.0,1.9638304407468783,150,30.0,-29.0,0.2,154.0,1.0
2025-04-08 09:28:14,141.8,82.0,157.0,26.0,141.06,50.0,158.0,30.0,149.4,15.199999999999989,132.0,56.0,2.0601529069477778,188,76.0,38.0,0.4,157.0,3.0
2025-04-08 09:28:15,145.9,67.0,157.0,17.0,143.33,43.0,158.0,33.0,151.45,11.099999999999994,110.0,50.0,2.569721774824405,160,60.0,-28.0,0.38,157.0,1.0
2025-04-08 09:28:16,146.0,81.0,156.62,24.0,145.0,9.0,206.57,21.0,151.31,10.620000000000005,90.0,45.0,2.133689293221477,135,45.0,-25.0,0.33,156.2,5.0
2025-04-08 09:28:17,147.97,102.0,158.0,36.0,146.99,68.0,282.33,48.0,152.99,10.03,170.0,84.0,1.901573033046394,254,86.0,119.0,0.34,156.2,
2025-04-08 09:28:18,159.33,72.0,269.54,61.0,154.18,123.0,369.69,64.0,214.44,110.21,195.0,125.0,28.271357767182355,320,70.0,66.0,0.22,158.0,3.0
2025-04-08 09:28:19,162.07,30.0,323.0,28.0,160.0,70.0,374.43,28.0,242.53,160.93,100.0,56.0,43.10311334463023,156,44.0,-164.0,0.28,162.0,4.0
2025-04-08 09:28:20,163.21,81.0,283.0,56.0,161.14,95.0,428.13,30.0,223.1,119.79,176.0,86.0,42.07945258674422,262,90.0,106.0,0.34,168.0,2.0
2025-04-08 09:28:21,163.0,133.0,266.23,52.0,162.0,11.0,292.74,38.0,214.62,103.23000000000002,144.0,90.0,33.615221700891205,234,54.0,-28.0,0.23,163.0,8.0
2025-04-08 09:28:22,164.58,96.0,262.67,45.0,163.0,12.0,266.53,53.0,213.62,98.09,108.0,98.0,12.28781998566383,206,10.0,-28.0,0.05,163.0,
2025-04-08 09:28:23,165.92,96.0,264.24,51.0,163.0,12.0,266.71,51.0,215.08,98.32000000000002,108.0,102.0,12.196778263134885,210,6.0,4.0,0.03,163.0,
2025-04-08 09:28:24,168.0,80.0,266.0,50.0,163.0,10.0,267.0,40.0,217.0,98.0,90.0,90.0,3.790973489761536,180,0.0,-30.0,0.0,163.0,
2025-04-08 09:28:25,168.0,80.0,249.15,41.0,163.0,10.0,261.54,39.0,208.57,81.15,90.0,80.0,3.159655044474328,170,10.0,-10.0,0.06,163.0,
2025-04-08 09:28:34,166.64,33.0,218.11,36.0,166.11,9.0,219.37,27.0,192.37,51.47000000000003,42.0,63.0,1.5768703180838912,105,-21.0,-4.0,-0.2,167.0,4.0
2025-04-08 09:28:35,166.0,104.0,216.62,37.0,163.0,8.0,217.47,19.0,191.31,50.620000000000005,112.0,56.0,2.216134021229989,168,56.0,63.0,0.33,167.0,
2025-04-08 09:28:36,166.0,130.0,212.75,16.0,163.0,10.0,213.6,15.0,189.38,46.75,140.0,31.0,2.7900412183427656,171,109.0,3.0,0.64,167.0,
2025-04-08 09:28:37,166.0,125.0,203.05,19.0,163.0,11.0,209.21,14.0,184.53,37.05000000000001,136.0,33.0,4.043381010991806,169,103.0,-2.0,0.61,166.0,3.0
2025-04-08 09:28:38,166.0,140.0,181.05,39.0,163.0,32.0,187.04,26.0,173.53,15.050000000000011,172.0,65.0,7.707274485837675,237,107.0,68.0,0.45,166.0,
2025-04-08 09:28:39,166.0,116.0,175.74,23.0,163.0,98.0,177.38,40.0,170.87,9.740000000000007,214.0,63.0,9.261888576313131,277,151.0,40.0,0.55,166.0,3.0
2025-04-08 09:28:40,166.0,94.0,169.18,28.0,163.0,152.0,170.05,40.0,167.59,3.180000000000007,246.0,68.0,9.326966280631378,314,178.0,37.0,0.57,166.0,1.0
2025-04-08 09:28:41,163.95,76.0,166.92,26.0,162.91,129.0,167.92,26.0,165.44,2.969999999999999,205.0,52.0,7.4554020683012,257,153.0,-57.0,0.6,166.0,6.0
2025-04-08 09:28:42,163.0,114.0,165.22,18.0,162.0,30.0,166.41,17.0,164.11,2.219999999999999,144.0,35.0,3.8793453055929024,179,109.0,-78.0,0.61,163.0,4.0
2025-04-08 09:28:43,163.0,97.0,164.05,21.0,162.0,33.0,223.0,15.0,163.52,1.0500000000000114,130.0,36.0,2.992194846600672,166,94.0,-13.0,0.57,163.0,2.0
2025-04-08 09:28:44,163.0,51.0,314.9,29.0,162.0,27.0,504.56,45.0,238.95,151.89999999999998,78.0,74.0,33.03466467212945,152,4.0,-14.0,0.03,163.0,2.0
2025-04-08 09:28:45,164.5,16.0,338.79,38.0,162.5,30.0,414.5,20.0,251.64,174.29000000000002,46.0,58.0,44.56363169671044,104,-12.0,-48.0,-0.12,163.0,
2025-04-08 09:28:46,167.0,12.0,312.33,51.0,162.53,57.0,328.35,57.0,239.67,145.32999999999998,69.0,108.0,43.89229169227862,177,-39.0,73.0,-0.22,163.0,
2025-04-08 09:28:47,167.0,10.0,297.63,41.0,163.0,100.0,450.65,49.0,232.32,130.63,110.0,90.0,35.18746865007606,200,20.0,23.0,0.1,163.0,
2025-04-08 09:28:48,167.0,8.0,307.25,32.0,163.0,80.0,445.84,37.0,237.12,140.25,88.0,69.0,7.140724753139666,157,19.0,-43.0,0.12,163.0,
2025-04-08 09:28:49,167.0,9.0,270.32,38.0,163.0,90.0,278.59,41.0,218.66,103.32,99.0,79.0,11.973734588677722,178,20.0,21.0,0.11,163.0,
2025-04-08 09:28:50,167.0,10.0,260.53,43.0,163.0,116.0,286.29,41.0,213.77,93.52999999999996,126.0,84.0,11.481287819756522,210,42.0,32.0,0.2,163.0,
2025-04-08 09:28:51,167.0,7.0,258.0,28.0,163.0,84.0,259.0,35.0,212.5,91.0,91.0,63.0,11.18521255945027,154,28.0,-56.0,0.18,163.0,
2025-04-08 09:28:52,167.27,11.0,255.9,42.0,163.04,97.0,257.77,39.0,211.59,88.63,108.0,81.0,10.637094058063036,189,27.0,35.0,0.14,163.0,
2025-04-08 09:28:53,168.0,41.0,209.37,52.0,167.0,15.0,218.25,56.0,188.68,41.370000000000005,56.0,108.0,11.703856202127165,164,-52.0,-25.0,-0.32,168.0,1.0
2025-04-08 09:28:54,168.0,24.0,180.94,49.0,167.0,12.0,182.16,51.0,174.47,12.939999999999998,36.0,100.0,17.74760744438704,136,-64.0,-28.0,-0.47,168.0,
2025-04-08 09:28:55,167.22,9.0,178.62,32.0,163.04,106.0,181.03,37.0,172.92,11.400000000000006,115.0,69.0,19.276816905289497,184,46.0,48.0,0.25,168.0,2.0
2025-04-08 09:28:56,167.0,8.0,175.12,34.0,163.0,120.0,176.14,35.0,171.06,8.120000000000005,128.0,69.0,17.05735706374372,197,59.0,13.0,0.3,168.0,
2025-04-08 09:28:57,163.34,118.0,171.4,83.0,162.85,177.0,172.85,82.0,167.37,8.060000000000002,295.0,165.0,8.146167810697255,460,130.0,168.0,0.28,164.0,4.0
2025-04-08 09:28:58,163.0,132.0,168.89,64.0,162.0,39.0,169.77,61.0,165.95,5.889999999999986,171.0,125.0,3.6167568345185033,296,46.0,-164.0,0.16,163.0,3.0
2025-04-08 09:28:59,163.0,119.0,165.32,50.0,162.0,42.0,166.45,58.0,164.16,2.319999999999993,161.0,108.0,3.622453588389313,269,53.0,-27.0,0.2,164.5,4.0
2025-04-08 09:29:00,162.66,35.0,164.34,29.0,160.7,43.0,165.71,28.0,163.5,1.6800000000000068,78.0,57.0,3.0119047129736845,135,21.0,-134.0,0.16,163.0,8.0
2025-04-08 09:29:01,160.6,40.0,162.4,30.0,159.28,100.0,163.4,30.0,161.5,1.8000000000000114,140.0,60.0,2.2613557880244266,200,80.0,65.0,0.4,160.75,8.0
2025-04-08 09:29:02,159.0,88.0,161.25,24.0,93.82,22.0,165.97,35.0,160.12,2.25,110.0,59.0,2.282099910177136,169,51.0,-31.0,0.3,159.5,4.0
2025-04-08 09:29:03,159.11,47.0,286.0,28.0,150.87,62.0,518.25,16.0,222.55,126.89,109.0,44.0,26.983387111332757,153,65.0,-16.0,0.42,159.5,
2025-04-08 09:29:04,160.38,8.0,379.0,16.0,159.0,144.0,604.0,18.0,269.69,218.62,152.0,34.0,49.16197483828383,186,118.0,33.0,0.63,159.5,
2025-04-08 09:29:05,162.54,35.0,377.63,38.0,159.11,95.0,422.57,23.0,270.09,215.09,130.0,61.0,54.63732835708628,191,69.0,5.0,0.36,159.5,
2025-04-08 09:29:06,162.27,33.0,325.25,48.0,161.67,21.0,396.98,50.0,243.76,162.98,54.0,98.0,45.436785427669456,152,-44.0,-39.0,-0.29,162.0,4.0
2025-04-08 09:29:07,164.22,9.0,321.85,26.0,162.0,18.0,396.23,31.0,243.03,157.63000000000002,27.0,57.0,20.20006386128733,84,-30.0,-68.0,-0.36,162.0,
2025-04-08 09:29:08,167.79,29.0,275.4,40.0,164.64,11.0,278.69,26.0,221.6,107.61,40.0,66.0,20.52262726845874,106,-26.0,22.0,-0.25,162.0,
2025-04-08 09:29:12,168.0,18.0,222.0,6.0,163.0,6.0,254.96,23.0,195.0,54.0,24.0,29.0,11.603466292451476,53,-5.0,-61.0,-0.09,162.0,
2025-04-08 09:29:16,167.14,73.0,206.12,50.0,163.56,135.0,206.91,43.0,186.63,38.98000000000002,208.0,93.0,3.3454476531617785,301,115.0,168.0,0.38,167.83,6.0
2025-04-08 09:29:17,167.0,84.0,201.38,26.0,163.01,152.0,202.62,39.0,184.19,34.379999999999995,236.0,65.0,4.278434293061432,301,171.0,0.0,0.57,167.83,
2025-04-08 09:29:18,167.0,84.0,194.08,24.0,163.0,180.0,200.86,42.0,180.54,27.080000000000013,264.0,66.0,5.07360621255158,330,198.0,29.0,0.6,167.83,
2025-04-08 09:29:19,167.0,91.0,197.68,44.0,163.35,85.0,198.35,34.0,182.34,30.680000000000007,176.0,78.0,4.088710065539055,254,98.0,-76.0,0.39,167.0,1.0
2025-04-08 09:29:20,166.91,33.0,193.67,42.0,163.5,54.0,195.29,14.0,180.29,26.75999999999999,87.0,56.0,2.656138174123988,143,31.0,-111.0,0.22,167.0,4.0
2025-04-08 09:29:21,165.29,34.0,192.67,48.0,163.57,42.0,193.67,24.0,178.98,27.379999999999995,76.0,72.0,2.0253814455646464,148,4.0,5.0,0.03,165.75,4.0
2025-04-08 09:29:22,163.0,196.0,189.29,42.0,162.0,48.0,190.37,60.0,176.14,26.289999999999992,244.0,102.0,2.302524701286905,346,142.0,168.0,0.41,163.0,2.0
2025-04-08 09:29:23,163.0,156.0,182.94,31.0,162.0,39.0,183.26,38.0,172.97,19.94,195.0,69.0,3.6639091145981255,264,126.0,-82.0,0.48,163.0,
2025-04-08 09:29:24,163.0,156.0,176.97,35.0,162.0,39.0,178.36,45.0,169.99,13.97,195.0,80.0,4.244812127766472,275,115.0,11.0,0.42,163.0,
2025-04-08 09:29:25,163.0,180.0,172.97,58.0,162.0,45.0,173.9,42.0,167.98,9.97,225.0,100.0,4.462529551726402,325,125.0,50.0,0.38,163.0,
2025-04-08 09:29:26,163.0,74.0,167.69,26.0,162.0,24.0,168.77,26.0,165.35,4.689999999999998,98.0,52.0,4.214336246673877,150,46.0,-168.0,0.31,163.0,5.0
2025-04-08 09:29:27,163.0,40.0,164.78,18.0,162.0,24.0,166.0,20.0,163.89,1.7800000000000011,64.0,38.0,3.625242060887429,102,26.0,-48.0,0.25,163.0,2.0
2025-04-08 09:29:28,162.2,41.0,163.71,34.0,160.09,170.0,166.18,34.0,162.95,1.510000000000019,211.0,68.0,2.916010973920653,279,143.0,168.0,0.51,162.83,6.0
2025-04-08 09:29:29,160.12,96.0,163.3,23.0,159.39,139.0,286.27,30.0,161.71,3.180000000000007,235.0,53.0,2.414265933989932,288,182.0,9.0,0.63,162.0,2.0
2025-04-08 09:29:30,160.21,172.0,208.67,36.0,159.19,209.0,355.1,40.0,184.44,48.45999999999998,381.0,76.0,9.46973706076505,457,305.0,168.0,0.67,160.0,5.0
2025-04-08 09:29:31,163.0,32.0,172.67,24.0,160.0,114.0,243.5,24.0,167.83,9.669999999999987,146.0,48.0,9.38251991737974,194,98.0,-168.0,0.51,160.0,
2025-04-08 09:29:32,164.85,26.0,170.64,22.0,161.1,109.0,173.0,44.0,167.74,5.789999999999992,135.0,66.0,9.097732134989911,201,69.0,7.0,0.34,163.0,2.0
2025-04-08 09:29:33,163.75,16.0,170.0,12.0,160.35,104.0,189.33,18.0,166.88,6.25,120.0,30.0,8.608086314624678,150,90.0,-51.0,0.6,164.2,5.0
2025-04-08 09:29:34,163.0,21.0,170.0,14.0,160.0,161.0,394.77,26.0,166.5,7.0,182.0,40.0,7.713884883768325,222,142.0,72.0,0.64,164.2,
2025-04-08 09:29:35,163.0,15.0,169.2,10.0,160.0,115.0,430.0,20.0,166.1,6.199999999999989,130.0,30.0,0.7600000000175201,160,100.0,-62.0,0.62,164.2,
2025-04-08 09:29:36,163.96,75.0,166.92,26.0,161.83,59.0,379.54,52.0,165.44,2.9599999999999795,134.0,78.0,0.8603022724753514,212,56.0,52.0,0.26,164.2,
2025-04-08 09:29:37,163.76,58.0,300.79,39.0,162.53,34.0,352.46,52.0,232.28,137.03000000000003,92.0,91.0,29.543266576328964,183,1.0,-29.0,0.01,165.0,6.0
2025-04-08 09:29:38,162.76,42.0,346.0,36.0,161.76,34.0,348.0,48.0,254.38,183.24,76.0,84.0,43.0645399371693,160,-8.0,-23.0,-0.05,165.0,
2025-04-08 09:29:39,163.0,23.0,345.0,21.0,162.0,35.0,348.0,28.0,254.0,182.0,58.0,49.0,45.32167913923824,107,9.0,-53.0,0.08,163.0,1.0
2025-04-08 09:29:40,166.44,50.0,326.16,44.0,161.64,55.0,333.51,49.0,246.3,159.72000000000003,105.0,93.0,37.44367236263125,198,12.0,91.0,0.06,162.6,5.0
2025-04-08 09:29:41,168.0,64.0,279.51,65.0,162.0,76.0,284.92,79.0,223.75,111.51,140.0,144.0,13.630796748542796,284,-4.0,86.0,-0.01,168.0,3.0
2025-04-08 09:29:42,168.0,20.0,272.71,42.0,162.0,30.0,275.58,38.0,220.36,104.70999999999998,50.0,80.0,16.522512520802728,130,-30.0,-154.0,-0.23,168.0,
2025-04-08 09:29:43,165.84,25.0,256.0,53.0,160.7,69.0,267.17,41.0,210.92,90.16,94.0,94.0,18.24860761811916,188,0.0,58.0,0.0,168.0,2.0
2025-04-08 09:29:44,162.0,30.0,223.96,46.0,160.0,150.0,225.12,34.0,192.98,61.96000000000001,180.0,80.0,19.441795698959165,260,100.0,72.0,0.38,168.0,
2025-04-08 09:29:45,160.21,113.0,218.68,53.0,159.85,71.0,221.27,67.0,189.45,58.47,184.0,120.0,15.634665650408325,304,64.0,44.0,0.21,162.0,3.0
2025-04-08 09:29:46,160.0,83.0,212.54,65.0,159.0,13.0,216.88,41.0,186.27,52.53999999999999,96.0,106.0,14.85657867747659,202,-10.0,-102.0,-0.05,160.0,3.0
2025-04-08 09:29:47,161.14,105.0,214.14,69.0,147.4,45.0,216.12,51.0,187.64,53.0,150.0,120.0,10.083777565974325,270,30.0,68.0,0.11,160.0,
2025-04-08 09:29:48,162.0,115.0,209.27,51.0,160.0,71.0,212.17,69.0,185.64,47.27000000000001,186.0,120.0,2.9500389828006663,306,66.0,36.0,0.22,162.0,5.0
2025-04-08 09:29:49,164.36,83.0,206.5,42.0,161.33,63.0,207.72,64.0,185.43,42.13999999999999,146.0,106.0,1.6729106371956914,252,40.0,-54.0,0.16,162.0,1.0
2025-04-08 09:29:50,166.0,46.0,204.63,43.0,162.0,78.0,205.61,41.0,185.31,38.63,124.0,84.0,0.9586813860933716,208,40.0,-44.0,0.19,166.0,5.0
2025-04-08 09:29:51,166.0,20.0,200.88,40.0,162.0,60.0,202.5,30.0,183.44,34.879999999999995,80.0,70.0,1.490258366875184,150,10.0,-58.0,0.07,166.0,
2025-04-08 09:29:52,166.26,19.0,199.18,44.0,162.77,52.0,200.27,44.0,182.72,32.920000000000016,71.0,88.0,1.3334429121791476,159,-17.0,9.0,-0.11,166.0,
2025-04-08 09:29:53,167.72,18.0,193.68,72.0,166.0,36.0,195.82,56.0,180.7,25.960000000000008,54.0,128.0,1.9653880024158463,182,-74.0,23.0,-0.41,166.0,
2025-04-08 09:29:54,167.04,91.0,181.67,75.0,165.4,40.0,207.3,66.0,174.36,14.629999999999995,131.0,141.0,4.218990400562504,272,-10.0,90.0,-0.04,167.14,7.0
2025-04-08 09:29:55,167.0,45.0,190.0,45.0,166.0,18.0,406.75,16.0,178.5,23.0,63.0,61.0,3.666262401961654,124,2.0,-148.0,0.02,167.14,
2025-04-08 09:29:56,167.0,40.0,211.12,32.0,166.0,16.0,561.44,16.0,189.06,44.120000000000005,56.0,48.0,5.438944750596243,104,8.0,-20.0,0.08,167.14,
2025-04-08 09:29:57,167.0,47.0,432.45,11.0,166.0,22.0,544.0,55.0,299.73,265.45,69.0,66.0,53.52102764334832,135,3.0,31.0,0.02,167.0,2.0
2025-04-08 09:29:58,167.0,24.0,232.36,14.0,166.0,16.0,524.56,32.0,199.68,65.36000000000001,40.0,46.0,52.066987429656976,86,-6.0,-49.0,-0.07,167.0,
2025-04-08 09:29:59,167.0,27.0,232.0,28.0,166.0,18.0,577.0,9.0,199.5,65.0,45.0,37.0,49.10373387024719,82,8.0,-4.0,0.1,167.0,
2025-04-08 09:30:00,167.52,31.0,232.0,36.0,166.64,28.0,371.67,27.0,199.76,64.47999999999999,59.0,63.0,46.1704881932178,122,-4.0,40.0,-0.03,167.0,
2025-04-08 09:30:01,168.0,52.0,230.15,39.0,167.0,81.0,238.23,13.0,199.08,62.150000000000006,133.0,52.0,44.82275315060495,185,81.0,63.0,0.44,167.0,
2025-04-08 09:30:02,168.0,36.0,228.52,31.0,167.0,27.0,229.32,37.0,198.26,60.52000000000001,63.0,68.0,0.6156947295957851,131,-5.0,-54.0,-0.04,168.0,1.0
2025-04-08 09:30:05,168.0,45.0,223.52,25.0,166.27,33.0,224.14,35.0,195.76,55.52000000000001,78.0,60.0,1.2479703522323882,138,18.0,12.0,0.13,168.0,
2025-04-08 09:30:06,168.0,37.0,202.08,65.0,167.0,39.0,222.0,13.0,185.04,34.08000000000001,76.0,78.0,5.546226645211073,154,-2.0,16.0,-0.01,168.0,1.0
2025-04-08 09:30:07,167.0,20.0,211.59,22.0,164.0,42.0,223.75,24.0,189.3,44.59,62.0,46.0,5.602484270397213,108,16.0,-46.0,0.15,167.4,5.0
2025-04-08 09:30:08,168.0,24.0,218.17,23.0,166.0,24.0,219.5,16.0,193.09,50.16999999999999,48.0,39.0,4.948851381891318,87,9.0,-21.0,0.1,167.4,
2025-04-08 09:30:09,168.0,30.0,214.2,35.0,166.0,30.0,215.28,25.0,191.1,46.19999999999999,60.0,60.0,4.041858483426516,120,0.0,33.0,0.0,167.4,
2025-04-08 09:30:10,168.0,14.0,209.5,16.0,166.0,22.0,210.59,17.0,188.75,41.5,36.0,33.0,2.9971870145264594,69,3.0,-51.0,0.04,168.0,1.0
2025-04-08 09:30:11,163.65,46.0,205.62,34.0,162.8,60.0,206.19,27.0,184.63,41.97,106.0,61.0,3.14992539594924,167,45.0,98.0,0.27,165.75,4.0
2025-04-08 09:30:12,163.8,75.0,199.45,33.0,162.23,86.0,199.92,36.0,181.63,35.64999999999998,161.0,69.0,4.687387331984099,230,92.0,63.0,0.4,165.75,
2025-04-08 09:30:13,166.0,70.0,194.65,37.0,163.0,58.0,195.24,34.0,180.32,28.65000000000001,128.0,71.0,4.589654671110171,199,57.0,-31.0,0.29,165.75,
2025-04-08 09:30:14,166.0,35.0,190.55,11.0,163.0,11.0,191.21,19.0,178.27,24.55000000000001,46.0,30.0,4.085327404265398,76,16.0,-123.0,0.21,165.75,
2025-04-08 09:30:15,166.0,45.0,189.0,17.0,163.0,18.0,190.29,21.0,177.5,23.0,63.0,38.0,2.8431760409866618,101,25.0,25.0,0.25,165.75,
2025-04-08 09:30:16,166.0,52.0,185.92,25.0,163.0,24.0,187.62,29.0,175.96,19.919999999999987,76.0,54.0,2.2547350176993364,130,22.0,29.0,0.17,166.0,1.0
2025-04-08 09:30:17,166.0,60.0,182.4,45.0,163.15,26.0,183.33,27.0,174.2,16.400000000000006,86.0,72.0,2.3181026724541023,158,14.0,28.0,0.09,166.0,
2025-04-08 09:30:18,166.0,68.0,178.54,35.0,164.0,125.0,180.37,41.0,172.27,12.539999999999992,193.0,76.0,2.4448619593011727,269,117.0,111.0,0.43,166.0,
2025-04-08 09:30:19,165.57,56.0,173.47,47.0,162.43,56.0,175.09,33.0,169.52,7.900000000000006,112.0,80.0,3.1278746778023243,192,32.0,-77.0,0.17,165.6,5.0
2025-04-08 09:30:20,162.24,59.0,174.0,26.0,161.38,112.0,175.6,30.0,168.12,11.759999999999993,171.0,56.0,3.232581012138129,227,115.0,35.0,0.51,162.5,4.0
2025-04-08 09:30:21,162.0,162.0,171.29,31.0,160.0,126.0,172.62,29.0,166.65,9.289999999999992,288.0,60.0,3.068577846500707,348,228.0,121.0,0.66,162.5,
2025-04-08 09:30:22,162.47,51.0,166.25,12.0,160.73,66.0,169.64,22.0,164.36,3.780000000000001,117.0,34.0,2.977436817135483,151,83.0,-168.0,0.55,162.5,
2025-04-08 09:30:23,162.54,52.0,164.79,19.0,161.09,66.0,180.97,40.0,163.66,2.25,118.0,59.0,2.4700850187863908,177,59.0,26.0,0.33,163.17,6.0
2025-04-08 09:30:24,166.41,68.0,168.5,24.0,161.6,50.0,343.75,60.0,167.46,2.0900000000000034,118.0,84.0,1.9494358158279383,202,34.0,25.0,0.17,163.17,
2025-04-08 09:30:25,167.0,30.0,272.82,34.0,162.0,44.0,483.49,43.0,219.91,105.82,74.0,77.0,24.368909905862388,151,-3.0,-51.0,-0.02,167.0,4.0
2025-04-08 09:30:26,163.42,24.0,215.36,14.0,160.22,54.0,342.64,25.0,189.39,51.940000000000026,78.0,39.0,24.2139800528546,117,39.0,-34.0,0.33,163.67,6.0
2025-04-08 09:30:27,159.6,30.0,288.26,27.0,157.87,71.0,348.0,31.0,223.93,128.66,101.0,58.0,28.31469494803091,159,43.0,42.0,0.27,159.67,3.0
2025-04-08 09:30:28,166.2,60.0,284.05,21.0,157.4,50.0,443.84,31.0,225.12,117.85000000000002,110.0,52.0,25.68199700179201,162,58.0,3.0,0.36,168.0,2.0
2025-04-08 09:30:29,168.0,48.0,197.22,9.0,159.0,48.0,368.53,17.0,182.61,29.22,96.0,26.0,20.49089602726185,122,70.0,-40.0,0.57,168.0,
2025-04-08 09:30:30,168.0,48.0,184.0,18.0,159.0,48.0,426.71,14.0,176.0,16.0,96.0,32.0,23.41422110598708,128,64.0,6.0,0.5,168.0,
2025-04-08 09:30:31,168.0,32.0,183.0,21.0,162.24,34.0,185.0,7.0,175.5,15.0,66.0,28.0,25.62032532970745,94,38.0,-34.0,0.4,168.0,5.0
2025-04-08 09:30:32,168.0,6.0,183.0,18.0,164.0,36.0,185.0,6.0,175.5,15.0,42.0,24.0,21.55163520478304,66,18.0,-28.0,0.27,168.0,
2025-04-08 09:30:33,168.0,12.0,181.58,36.0,164.0,24.0,185.0,12.0,174.79,13.580000000000013,36.0,48.0,3.2320349626880183,84,-12.0,18.0,-0.14,166.0,2.0
2025-04-08 09:30:34,162.91,22.0,180.64,42.0,159.75,48.0,185.0,14.0,171.78,17.72999999999999,70.0,56.0,1.6958419737807036,126,14.0,42.0,0.11,163.0,2.0
2025-04-08 09:30:35,163.79,42.0,176.92,36.0,162.0,14.0,183.35,20.0,170.35,13.129999999999995,56.0,56.0,2.372220478799506,112,0.0,-14.0,0.0,163.0,
2025-04-08 09:30:36,165.08,26.0,172.27,15.0,162.82,11.0,173.32,19.0,168.67,7.189999999999998,37.0,34.0,2.9007016392650407,71,3.0,-41.0,0.04,163.0,
2025-04-08 09:30:37,166.0,19.0,170.2,20.0,165.0,30.0,171.67,12.0,168.1,4.199999999999989,49.0,32.0,2.687502558144629,81,17.0,10.0,0.21,166.0,1.0
2025-04-08 09:30:38,166.0,7.0,170.43,14.0,163.0,9.0,172.8,20.0,168.21,4.430000000000007,16.0,34.0,1.5971443266133138,50,-18.0,-31.0,-0.36,167.0,2.0
2025-04-08 09:30:39,167.0,16.0,169.94,34.0,166.0,16.0,172.74,46.0,168.47,2.9399999999999977,32.0,80.0,0.9162968951342466,112,-48.0,62.0,-0.43,167.0,
2025-04-08 09:30:40,167.0,12.0,168.08,36.0,164.67,12.0,170.0,24.0,167.54,1.0800000000000125,24.0,60.0,0.4299651149015404,84,-36.0,-28.0,-0.43,167.0,
2025-04-08 09:30:41,162.94,16.0,169.46,13.0,159.27,33.0,223.95,21.0,166.2,6.52000000000001,49.0,34.0,0.9067138468292854,83,15.0,-1.0,0.18,167.5,2.0
2025-04-08 09:30:42,163.0,55.0,167.91,11.0,162.0,11.0,170.0,22.0,165.45,4.909999999999997,66.0,33.0,1.304580392322222,99,33.0,16.0,0.33,167.5,
2025-04-08 09:30:43,163.0,24.0,166.5,6.0,162.0,6.0,170.0,12.0,164.75,3.5,30.0,18.0,1.5178833947412145,48,12.0,-51.0,0.25,163.0,3.0
2025-04-08 09:30:44,162.22,23.0,165.5,10.0,159.84,25.0,170.0,20.0,163.86,3.280000000000001,48.0,30.0,1.4042969771492233,78,18.0,30.0,0.23,162.25,4.0
2025-04-08 09:30:45,161.0,30.0,164.17,29.0,159.0,60.0,168.33,15.0,162.59,3.1699999999999875,90.0,44.0,1.4042969771489842,134,46.0,56.0,0.34,164.0,1.0
2025-04-08 09:30:46,161.0,31.0,162.23,52.0,159.0,63.0,165.0,13.0,161.62,1.2299999999999898,94.0,65.0,1.5603300932909,159,29.0,25.0,0.18,161.0,2.0
2025-04-08 09:30:47,159.0,38.0,161.57,28.0,130.73,22.0,225.0,14.0,160.29,2.569999999999993,60.0,42.0,1.7680695687750891,102,18.0,-57.0,0.18,160.0,2.0
2025-04-08 09:30:48,159.0,18.0,180.11,18.0,111.89,19.0,408.5,12.0,169.56,21.110000000000014,37.0,30.0,3.587635711722862,67,7.0,-35.0,0.1,159.0,4.0
2025-04-08 09:30:49,159.0,3.0,218.0,6.0,89.71,7.0,592.0,6.0,188.5,59.0,10.0,12.0,11.73445226672437,22,-2.0,-45.0,-0.09,159.0,
2025-04-08 09:30:50,160.0,7.0,218.0,14.0,136.67,9.0,329.0,14.0,189.0,58.0,16.0,28.0,14.106558049362592,44,-12.0,22.0,-0.27,159.0,
2025-04-08 09:30:51,162.0,8.0,273.5,16.0,159.0,8.0,461.8,20.0,217.75,111.5,16.0,36.0,22.078203051880035,52,-20.0,8.0,-0.38,159.0,
2025-04-08 09:30:52,162.86,7.0,329.0,14.0,161.57,7.0,774.43,28.0,245.93,166.14,14.0,42.0,29.922405819052354,56,-28.0,4.0,-0.5,159.0,
2025-04-08 09:30:53,162.06,18.0,276.33,18.0,159.25,12.0,333.44,18.0,219.19,114.26999999999998,30.0,36.0,24.0687874642672,66,-6.0,10.0,-0.09,163.0,1.0
2025-04-08 09:30:54,160.37,35.0,289.62,26.0,152.76,51.0,463.35,34.0,224.99,129.25,86.0,60.0,20.383888735961825,146,26.0,80.0,0.18,160.75,4.0
2025-04-08 09:30:55,159.0,25.0,297.8,20.0,144.0,10.0,356.33,18.0,228.4,138.8,35.0,38.0,11.298075942392895,73,-3.0,-73.0,-0.04,160.75,
2025-04-08 09:30:56,159.0,32.0,234.73,22.0,140.8,15.0,295.15,26.0,196.86,75.72999999999999,47.0,48.0,17.724935260814746,95,-1.0,22.0,-0.01,159.67,3.0
2025-04-08 09:30:57,160.59,34.0,282.56,36.0,143.33,18.0,288.0,36.0,221.57,121.97,52.0,72.0,12.428562668308436,124,-20.0,29.0,-0.16,159.67,
2025-04-08 09:30:58,163.09,33.0,274.18,44.0,144.31,26.0,328.36,44.0,218.64,111.09,59.0,88.0,12.420063204350852,147,-29.0,23.0,-0.2,165.75,4.0
2025-04-08 09:30:59,162.33,9.0,273.0,12.0,154.0,7.0,372.0,12.0,217.67,110.67,16.0,24.0,11.820650151327078,40,-8.0,-107.0,-0.2,165.75,
2025-04-08 09:31:00,163.42,26.0,254.44,32.0,160.94,102.0,286.8,40.0,208.93,91.02,128.0,72.0,10.047065740805408,200,56.0,160.0,0.28,162.29,7.0
2025-04-08 09:31:01,161.0,55.0,220.71,41.0,159.54,26.0,244.5,32.0,190.85,59.71000000000001,81.0,73.0,12.484747494445571,154,8.0,-46.0,0.05,162.29,
2025-04-08 09:31:02,161.0,50.0,172.29,28.0,160.0,38.0,180.76,34.0,166.64,11.289999999999992,88.0,62.0,21.99173094597279,150,26.0,-4.0,0.17,162.29,
2025-04-08 09:31:03,161.0,40.0,168.57,14.0,160.0,40.0,169.37,19.0,164.79,7.569999999999993,80.0,33.0,24.00874382386654,113,47.0,-37.0,0.42,162.29,
2025-04-08 09:31:04,161.4,35.0,166.14,35.0,157.78,49.0,168.06,34.0,163.77,4.739999999999981,84.0,69.0,20.142454666699425,153,15.0,40.0,0.1,165.0,1.0
2025-04-08 09:31:05,163.33,18.0,165.75,32.0,161.86,42.0,228.2,20.0,164.54,2.4199999999999875,60.0,52.0,11.63734376909244,112,8.0,-41.0,0.07,164.0,1.0
2025-04-08 09:31:06,163.53,19.0,166.25,16.0,162.03,37.0,302.8,15.0,164.89,2.719999999999999,56.0,31.0,1.0539117610267776,87,25.0,-25.0,0.29,164.0,
2025-04-08 09:31:07,162.12,32.0,165.63,19.0,160.49,158.0,182.2,20.0,163.88,3.509999999999991,190.0,39.0,0.518584612218813,229,151.0,142.0,0.66,162.6,10.0
2025-04-08 09:31:08,160.24,79.0,163.67,12.0,158.96,207.0,166.0,24.0,161.95,3.4299999999999784,286.0,36.0,1.1363670181898604,322,250.0,93.0,0.78,161.0,3.0
2025-04-08 09:31:09,160.0,180.0,162.7,10.0,152.0,81.0,185.89,19.0,161.35,2.6999999999999886,261.0,29.0,1.5830887530487208,290,232.0,-32.0,0.8,161.0,1.0
2025-04-08 09:31:10,160.0,205.0,164.38,26.0,153.33,54.0,367.43,42.0,162.19,4.379999999999996,259.0,68.0,1.476319748573796,327,191.0,37.0,0.58,160.0,5.0
2025-04-08 09:31:11,162.35,69.0,164.0,14.0,159.27,99.0,280.86,7.0,163.17,1.6500000000000057,168.0,21.0,1.0092175186889825,189,147.0,-138.0,0.78,160.0,
2025-04-08 09:31:12,163.0,117.0,245.26,31.0,160.31,65.0,503.61,23.0,204.13,82.25999999999999,182.0,54.0,18.7787784480257,236,128.0,47.0,0.54,164.0,2.0
2025-04-08 09:31:13,163.0,82.0,383.55,20.0,161.0,20.0,669.21,14.0,273.27,220.55,102.0,34.0,48.49690423109551,136,68.0,-100.0,0.5,163.0,2.0
2025-04-08 09:31:14,163.0,56.0,338.42,12.0,161.0,16.0,512.0,10.0,250.71,175.42000000000002,72.0,22.0,50.42640855742219,94,50.0,-42.0,0.53,163.0,
2025-04-08 09:31:15,163.0,35.0,335.2,5.0,161.0,10.0,458.0,5.0,249.1,172.2,45.0,10.0,44.11066741730478,55,35.0,-39.0,0.64,163.0,
2025-04-08 09:31:16,163.0,63.0,457.33,9.0,161.0,18.0,568.11,9.0,310.17,294.33,81.0,18.0,38.69056706744029,99,63.0,44.0,0.64,163.0,
2025-04-08 09:31:18,163.25,16.0,245.5,6.0,161.67,15.0,333.0,12.0,204.38,82.25,31.0,18.0,50.19579833014017,49,13.0,-13.0,0.27,164.33,3.0
2025-04-08 09:31:19,163.0,12.0,178.0,16.0,161.0,8.0,179.0,4.0,170.5,15.0,20.0,20.0,67.22002365367103,40,0.0,-9.0,0.0,164.33,
2025-04-08 09:31:20,161.12,48.0,178.0,32.0,135.31,26.0,262.12,8.0,169.56,16.879999999999995,74.0,40.0,76.91637614968664,114,34.0,74.0,0.3,162.2,5.0
2025-04-08 09:31:21,160.0,90.0,177.5,24.0,124.22,69.0,234.0,6.0,168.75,17.5,159.0,30.0,68.61573638750856,189,129.0,75.0,0.68,162.2,
2025-04-08 09:31:22,160.79,71.0,177.0,36.0,159.93,129.0,288.0,36.0,168.89,16.210000000000008,200.0,72.0,15.647662125699316,272,128.0,83.0,0.47,162.2,
2025-04-08 09:31:23,161.0,62.0,176.6,40.0,160.0,150.0,301.53,34.0,168.8,15.599999999999994,212.0,74.0,0.746357823058248,286,138.0,14.0,0.48,161.0,4.0
2025-04-08 09:31:24,167.74,19.0,175.89,36.0,160.9,31.0,257.43,28.0,171.81,8.149999999999977,50.0,64.0,1.2985645921710742,114,-14.0,-168.0,-0.12,161.0,
2025-04-08 09:31:26,168.0,14.0,170.11,36.0,163.43,40.0,177.33,12.0,169.06,2.1100000000000136,54.0,48.0,1.3919303143622754,102,6.0,-74.0,0.06,169.33,3.0
2025-04-08 09:31:27,164.0,7.0,168.15,26.0,163.0,77.0,170.59,17.0,166.08,4.150000000000006,84.0,43.0,2.2241807480598967,127,41.0,25.0,0.32,169.33,
2025-04-08 09:31:28,163.13,46.0,166.92,37.0,161.57,126.0,294.2,30.0,165.02,3.789999999999992,172.0,67.0,2.9726419226068552,239,105.0,112.0,0.44,165.17,6.0
2025-04-08 09:31:29,163.0,117.0,168.0,39.0,160.0,195.0,304.73,49.0,165.5,5.0,312.0,88.0,2.57695944866018,400,224.0,161.0,0.56,163.0,1.0
2025-04-08 09:31:30,160.55,110.0,166.67,27.0,135.67,63.0,319.82,33.0,163.61,6.119999999999976,173.0,60.0,2.011586438619542,233,113.0,-167.0,0.48,163.0,9.0
2025-04-08 09:31:31,160.0,174.0,162.47,40.0,95.44,27.0,186.0,36.0,161.24,2.469999999999999,201.0,76.0,1.9342957374809808,277,125.0,44.0,0.45,161.2,5.0
2025-04-08 09:31:32,160.0,80.0,161.0,16.0,107.53,19.0,428.0,24.0,160.5,1.0,99.0,40.0,2.230399067439813,139,59.0,-138.0,0.42,160.0,3.0
2025-04-08 09:31:33,160.0,46.0,161.0,8.0,74.0,12.0,428.0,12.0,160.5,1.0,58.0,20.0,2.2110630927306945,78,38.0,-61.0,0.49,160.0,2.0
2025-04-08 09:31:34,160.0,38.0,173.83,12.0,82.43,21.0,322.0,15.0,166.92,13.830000000000013,59.0,27.0,2.754156858284578,86,32.0,8.0,0.37,160.4,5.0
2025-04-08 09:31:35,163.55,31.0,256.57,21.0,146.06,48.0,322.17,23.0,210.06,93.01999999999998,79.0,44.0,21.532103473651663,123,35.0,37.0,0.28,160.4,
2025-04-08 09:31:37,167.0,10.0,390.33,27.0,163.0,36.0,453.71,7.0,278.67,223.33,46.0,34.0,106.60153901328113,80,12.0,-7.0,0.15,167.0,1.0
2025-04-08 09:31:38,167.0,8.0,425.88,24.0,163.0,32.0,612.5,24.0,296.44,258.88,40.0,48.0,95.88471150293,88,-8.0,8.0,-0.09,167.0,
2025-04-08 09:31:39,163.17,23.0,425.0,12.0,161.42,19.0,798.0,12.0,294.09,261.83000000000004,42.0,24.0,74.96848491199574,66,18.0,-22.0,0.27,167.0,1.0
2025-04-08 09:31:40,163.0,99.0,424.89,37.0,161.0,60.0,661.17,36.0,293.95,261.89,159.0,73.0,57.26610838882058,232,86.0,166.0,0.37,163.0,1.0
2025-04-08 09:31:41,163.0,84.0,318.63,35.0,161.0,55.0,413.4,40.0,240.81,155.63,139.0,75.0,23.440845121286053,214,64.0,-18.0,0.3,163.0,4.0
2025-04-08 09:31:42,165.7,80.0,253.66,53.0,162.66,58.0,282.53,43.0,209.68,87.96000000000001,138.0,96.0,39.6811747557971,234,42.0,20.0,0.18,163.0,
2025-04-08 09:31:43,166.0,54.0,239.71,31.0,163.27,33.0,246.75,32.0,202.85,73.71000000000001,87.0,63.0,44.14167735825287,150,24.0,-84.0,0.16,163.0,
2025-04-08 09:31:44,166.0,66.0,211.16,37.0,164.0,33.0,215.84,37.0,188.58,45.16,99.0,74.0,41.929012986237545,173,25.0,23.0,0.14,163.0,
2025-04-08 09:31:45,166.0,42.0,199.69,13.0,164.0,21.0,357.29,21.0,182.85,33.69,63.0,34.0,22.74373166391257,97,29.0,-76.0,0.3,163.0,
2025-04-08 09:31:46,166.0,54.0,198.0,9.0,164.0,27.0,200.0,27.0,182.0,32.0,81.0,36.0,12.436031119294022,117,45.0,20.0,0.38,163.0,
2025-04-08 09:31:47,166.0,21.0,195.5,14.0,164.0,18.0,195.8,10.0,180.75,29.5,39.0,24.0,9.14029157084414,63,15.0,-54.0,0.24,166.0,3.0
2025-04-08 09:31:48,166.0,18.0,194.0,6.0,164.0,18.0,195.0,18.0,180.0,28.0,36.0,24.0,3.394367393203149,60,12.0,-3.0,0.2,166.0,
2025-04-08 09:31:49,166.0,39.0,191.76,25.0,164.0,39.0,332.72,29.0,178.88,25.75999999999999,78.0,54.0,1.575223793636668,132,24.0,72.0,0.18,166.0,
2025-04-08 09:31:50,166.0,21.0,190.0,16.0,164.0,21.0,190.32,19.0,178.0,24.0,42.0,35.0,1.5644104320920136,77,7.0,-55.0,0.09,166.0,
2025-04-08 09:31:51,166.0,27.0,188.0,12.0,164.0,27.0,189.58,33.0,177.0,22.0,54.0,45.0,1.5041210057829506,99,9.0,22.0,0.09,166.0,
2025-04-08 09:31:52,165.16,38.0,184.36,50.0,163.36,44.0,185.2,20.0,174.76,19.200000000000017,82.0,70.0,1.993870607646484,152,12.0,53.0,0.08,165.2,5.0
2025-04-08 09:31:53,165.0,46.0,180.0,38.0,164.0,14.0,181.75,32.0,172.5,15.0,60.0,70.0,2.589501882608949,130,-10.0,-22.0,-0.08,165.0,3.0
2025-04-08 09:31:54,168.0,88.0,176.91,44.0,165.0,22.0,179.0,11.0,172.45,8.909999999999997,110.0,55.0,2.539354248629809,165,55.0,35.0,0.33,165.0,
2025-04-08 09:31:55,168.0,71.0,175.22,54.0,165.0,28.0,177.8,20.0,171.61,7.219999999999999,99.0,74.0,2.201006587912264,173,25.0,8.0,0.14,168.0,7.0
2025-04-08 09:31:56,167.37,19.0,171.07,27.0,164.92,24.0,224.82,22.0,169.22,3.6999999999999886,43.0,49.0,1.993256130062542,92,-6.0,-81.0,-0.07,168.0,5.0
2025-04-08 09:32:00,164.32,76.0,171.76,17.0,163.6,121.0,173.97,61.0,168.04,7.439999999999998,197.0,78.0,2.3374451865297456,275,119.0,124.0,0.43,165.33,3.0
2025-04-08 09:32:01,164.0,100.0,170.71,35.0,163.0,70.0,171.17,30.0,167.36,6.710000000000008,170.0,65.0,2.808090098275118,235,105.0,-40.0,0.45,165.33,
2025-04-08 09:32:02,164.0,118.0,169.05,20.0,163.0,91.0,170.41,34.0,166.53,5.050000000000011,209.0,54.0,2.873720584891596,263,155.0,28.0,0.59,164.0,2.0
2025-04-08 09:32:03,164.0,105.0,166.5,18.0,163.0,98.0,168.06,67.0,165.25,2.5,203.0,85.0,2.4924826980399546,288,118.0,25.0,0.41,164.0,2.0
2025-04-08 09:32:04,164.0,48.0,166.54,37.0,163.0,51.0,168.37,19.0,165.27,2.539999999999992,99.0,56.0,1.243684043488339,155,43.0,-133.0,0.28,164.0,
2025-04-08 09:32:05,163.24,29.0,178.88,16.0,162.55,80.0,450.0,7.0,171.06,15.639999999999986,109.0,23.0,2.3898389067106507,132,86.0,-23.0,0.65,164.0,6.0
2025-04-08 09:32:06,163.38,68.0,330.64,11.0,162.36,113.0,569.62,21.0,247.01,167.26,181.0,32.0,35.84869983695419,213,149.0,81.0,0.7,164.0,2.0
2025-04-08 09:32:07,166.2,20.0,318.18,33.0,163.39,82.0,571.86,37.0,242.19,151.98000000000002,102.0,70.0,42.49762793380414,172,32.0,-41.0,0.19,164.0,
2025-04-08 09:32:09,163.54,56.0,290.71,35.0,162.0,28.0,315.0,50.0,227.12,127.17,84.0,85.0,30.45044580954552,169,-1.0,26.0,-0.01,165.83,6.0
2025-04-08 09:32:10,163.08,73.0,288.0,21.0,161.88,50.0,289.48,42.0,225.54,124.92,123.0,63.0,9.611354223004994,186,60.0,17.0,0.32,165.83,
2025-04-08 09:32:11,163.25,24.0,287.0,8.0,162.47,30.0,288.0,20.0,225.12,123.75,54.0,28.0,7.081830271905195,82,26.0,-104.0,0.32,166.0,1.0
2025-04-08 09:32:12,163.0,41.0,192.38,26.0,161.0,28.0,287.65,23.0,177.69,29.379999999999995,69.0,49.0,22.12815672395837,118,20.0,36.0,0.17,163.0,5.0
2025-04-08 09:32:13,161.55,40.0,188.8,50.0,161.17,24.0,287.0,20.0,175.18,27.25,64.0,70.0,27.13247316408985,134,-6.0,16.0,-0.04,163.0,3.0
2025-04-08 09:32:14,161.73,30.0,224.91,55.0,160.87,23.0,237.35,43.0,193.32,63.18000000000001,53.0,98.0,24.696722454610267,151,-45.0,17.0,-0.3,163.0,
2025-04-08 09:32:15,163.67,18.0,221.31,26.0,162.56,16.0,223.24,29.0,192.49,57.640000000000015,34.0,55.0,19.897973514909665,89,-21.0,-62.0,-0.24,163.6,5.0
2025-04-08 09:32:16,159.8,35.0,172.47,49.0,112.96,28.0,184.26,61.0,166.13,12.669999999999987,63.0,110.0,11.72327471315236,173,-47.0,84.0,-0.27,161.67,3.0
2025-04-08 09:32:17,159.0,24.0,161.43,35.0,83.71,17.0,179.25,32.0,160.21,2.430000000000007,41.0,67.0,15.071248455255288,108,-26.0,-65.0,-0.24,159.5,4.0
2025-04-08 09:32:18,159.78,9.0,161.19,26.0,156.5,16.0,165.89,37.0,160.49,1.4099999999999966,25.0,63.0,16.943801816594544,88,-38.0,-20.0,-0.43,160.0,1.0
2025-04-08 09:32:19,138.89,19.0,159.9,29.0,125.5,24.0,289.88,24.0,149.4,21.01000000000002,43.0,53.0,16.131130772516425,96,-10.0,8.0,-0.1,159.0,2.0
2025-04-08 09:32:20,133.93,28.0,158.55,33.0,120.43,21.0,159.64,33.0,146.24,24.620000000000005,49.0,66.0,8.338143078648834,115,-17.0,19.0,-0.15,159.0,
2025-04-08 09:32:21,123.66,38.0,155.5,42.0,97.83,18.0,156.44,48.0,139.58,31.840000000000003,56.0,90.0,9.087751647135589,146,-34.0,31.0,-0.23,159.0,
2025-04-08 09:32:23,133.27,15.0,154.76,29.0,82.5,24.0,156.0,49.0,144.01,21.48999999999998,39.0,78.0,13.90492430759716,117,-39.0,-5.0,-0.33,159.0,
2025-04-08 09:32:28,145.0,24.0,151.0,40.0,106.93,15.0,154.0,16.0,148.0,6.0,39.0,56.0,15.465337694340771,95,-17.0,33.0,-0.18,159.0,
2025-04-08 09:32:29,131.68,25.0,151.0,58.0,100.37,19.0,154.0,28.0,141.34,19.319999999999997,44.0,86.0,16.848542963710525,130,-42.0,35.0,-0.32,151.0,2.0
2025-04-08 09:32:30,119.67,12.0,153.46,24.0,91.29,14.0,156.0,52.0,136.56,33.790000000000006,26.0,76.0,17.187184760745442,102,-50.0,-28.0,-0.49,152.2,5.0
2025-04-08 09:32:31,124.55,11.0,154.89,9.0,112.12,16.0,156.74,38.0,139.72,30.33999999999999,27.0,47.0,16.59609351624663,74,-20.0,-28.0,-0.27,155.0,5.0
2025-04-08 09:32:32,132.7,27.0,156.0,6.0,131.33,9.0,157.0,24.0,144.35,23.30000000000001,36.0,30.0,4.3803515840637655,66,6.0,-8.0,0.09,155.0,
2025-04-08 09:32:33,133.22,36.0,156.0,8.0,132.78,36.0,157.0,47.0,144.61,22.78,72.0,55.0,3.3623994408769144,127,17.0,61.0,0.13,155.0,
2025-04-08 09:32:34,145.13,30.0,156.98,48.0,138.06,32.0,157.37,70.0,151.06,11.849999999999994,62.0,118.0,5.506182888354788,180,-56.0,53.0,-0.31,156.9,10.0
2025-04-08 09:32:35,156.64,36.0,203.36,39.0,135.59,17.0,298.76,17.0,180.0,46.72000000000003,53.0,56.0,16.192614674598385,109,-3.0,-71.0,-0.03,157.57,7.0
2025-04-08 09:32:36,162.0,18.0,261.33,36.0,160.0,45.0,375.96,26.0,211.67,99.32999999999998,63.0,62.0,29.285815167074176,125,1.0,16.0,0.01,157.57,
2025-04-08 09:32:37,168.0,70.0,193.55,44.0,164.86,28.0,250.44,41.0,180.77,25.55000000000001,98.0,85.0,26.880118489322896,183,13.0,58.0,0.07,157.57,
2025-04-08 09:32:41,163.87,46.0,175.89,36.0,162.42,59.0,177.78,36.0,169.88,12.019999999999982,105.0,72.0,3.9682590641288416,177,33.0,-78.0,0.19,157.57,
2025-04-08 09:32:42,164.33,27.0,173.73,44.0,162.66,89.0,176.0,44.0,169.03,9.399999999999975,116.0,88.0,3.1909747727047946,204,28.0,27.0,0.14,157.57,
2025-04-08 09:32:43,167.21,19.0,173.0,44.0,162.7,37.0,176.0,44.0,170.11,5.789999999999992,56.0,88.0,2.7625984145433216,144,-32.0,-60.0,-0.22,167.0,1.0
2025-04-08 09:32:44,164.77,78.0,172.33,48.0,163.87,52.0,174.0,48.0,168.55,7.560000000000002,130.0,96.0,1.93389503335522,226,34.0,82.0,0.15,168.0,3.0
2025-04-08 09:32:45,164.0,54.0,172.0,24.0,163.0,6.0,187.4,20.0,168.0,8.0,60.0,44.0,0.8866961148189527,104,16.0,-122.0,0.15,168.0,
2025-04-08 09:32:46,164.0,135.0,170.4,60.0,163.0,15.0,255.9,29.0,167.2,6.400000000000006,150.0,89.0,1.093741285695367,239,61.0,135.0,0.26,168.0,
2025-04-08 09:32:47,164.0,90.0,168.57,42.0,163.0,10.0,305.04,26.0,166.29,4.569999999999993,100.0,68.0,1.4417177255045672,168,32.0,-71.0,0.19,168.0,
2025-04-08 09:32:48,164.0,82.0,184.56,50.0,163.0,13.0,240.62,42.0,174.28,20.56,95.0,92.0,3.1453346403896068,187,3.0,19.0,0.02,164.0,5.0
2025-04-08 09:32:49,164.0,64.0,185.06,64.0,163.0,16.0,271.88,34.0,174.53,21.06,80.0,98.0,4.013271732643569,178,-18.0,-9.0,-0.1,164.0,
2025-04-08 09:32:50,164.0,36.0,184.89,36.0,163.0,9.0,348.0,27.0,174.44,20.889999999999983,45.0,63.0,4.215195131905179,108,-18.0,-70.0,-0.17,164.0,
2025-04-08 09:32:51,163.26,27.0,183.13,30.0,151.75,12.0,329.43,23.0,173.2,19.870000000000005,39.0,53.0,3.5389080236759787,92,-14.0,-16.0,-0.15,163.5,6.0
2025-04-08 09:32:52,160.0,40.0,184.0,32.0,96.0,40.0,347.0,18.0,172.0,24.0,80.0,50.0,1.0854031509256072,130,30.0,38.0,0.23,163.5,
2025-04-08 09:32:53,160.0,35.0,183.71,28.0,96.0,35.0,236.0,14.0,171.86,23.710000000000008,70.0,42.0,1.2788588663487472,112,28.0,-18.0,0.25,163.5,
2025-04-08 09:32:54,161.32,38.0,181.93,56.0,160.57,70.0,372.2,30.0,171.62,20.610000000000014,108.0,86.0,1.1843479218702044,194,22.0,82.0,0.11,163.5,
2025-04-08 09:32:55,162.1,40.0,179.62,52.0,160.28,88.0,265.26,38.0,170.86,17.52000000000001,128.0,90.0,0.8457659250866011,218,38.0,24.0,0.17,162.5,2.0
2025-04-08 09:32:56,163.06,34.0,179.0,58.0,160.93,58.0,257.0,36.0,171.03,15.939999999999998,92.0,94.0,0.505252412203236,186,-2.0,-32.0,-0.01,164.0,1.0
2025-04-08 09:32:57,163.61,18.0,177.18,44.0,160.83,35.0,184.44,43.0,170.4,13.569999999999991,53.0,87.0,0.588625517656924,140,-34.0,-46.0,-0.24,162.83,6.0
2025-04-08 09:32:58,160.73,44.0,174.12,64.0,156.24,100.0,176.56,64.0,167.43,13.390000000000017,144.0,128.0,1.6454999240461987,272,16.0,132.0,0.06,162.0,1.0
2025-04-08 09:32:59,160.0,96.0,170.75,48.0,113.82,88.0,173.75,48.0,165.38,10.75,184.0,96.0,2.505384202080577,280,88.0,8.0,0.31,162.0,
2025-04-08 09:33:00,160.0,88.0,168.0,44.0,146.9,59.0,169.0,44.0,164.0,8.0,147.0,88.0,3.06229815661925,235,59.0,-45.0,0.25,162.0,
2025-04-08 09:33:01,160.0,53.0,166.14,28.0,159.0,100.0,167.73,22.0,163.07,6.139999999999986,153.0,50.0,2.930807056090892,203,103.0,-32.0,0.51,160.0,3.0
2025-04-08 09:33:02,160.0,49.0,164.36,50.0,159.0,140.0,165.6,20.0,162.18,4.360000000000014,189.0,70.0,2.061424264927175,259,119.0,56.0,0.46,161.0,4.0
2025-04-08 09:33:03,160.0,20.0,163.19,32.0,159.0,100.0,163.95,19.0,161.59,3.1899999999999977,120.0,51.0,1.502674282747059,171,69.0,-88.0,0.4,161.0,
2025-04-08 09:33:04,160.0,26.0,161.18,34.0,159.0,130.0,163.44,25.0,160.59,1.1800000000000068,156.0,59.0,1.3157241352306464,215,97.0,44.0,0.45,161.0,4.0
2025-04-08 09:33:05,159.17,84.0,162.73,49.0,143.0,93.0,217.56,39.0,160.95,3.5600000000000023,177.0,88.0,0.9888275886259592,265,89.0,50.0,0.34,159.4,5.0
2025-04-08 09:33:06,161.0,18.0,162.0,45.0,159.0,63.0,163.0,27.0,161.5,1.0,81.0,72.0,0.6135715117470084,153,9.0,-112.0,0.06,159.4,
2025-04-08 09:33:07,161.0,88.0,162.41,44.0,159.0,84.0,288.38,52.0,161.7,1.4099999999999966,172.0,96.0,0.4756364157919368,268,76.0,115.0,0.28,161.0,7.0
2025-04-08 09:33:10,163.0,21.0,222.0,35.0,159.0,28.0,713.07,27.0,192.5,59.0,49.0,62.0,98.70912075386,111,-13.0,45.0,-0.12,161.0,
2025-04-08 09:33:11,163.0,9.0,257.67,15.0,159.0,12.0,614.0,3.0,210.33,94.67000000000002,21.0,18.0,90.85652409155944,39,3.0,-72.0,0.08,161.0,
2025-04-08 09:33:12,159.0,40.0,274.35,37.0,144.1,20.0,350.64,22.0,216.68,115.35000000000002,60.0,59.0,79.89680049914473,119,1.0,80.0,0.01,163.0,3.0
2025-04-08 09:33:13,159.23,26.0,235.29,28.0,151.5,16.0,452.0,35.0,197.26,76.06,42.0,63.0,76.72021102682207,105,-21.0,-14.0,-0.2,162.0,2.0
2025-04-08 09:33:14,160.48,33.0,234.25,32.0,112.81,54.0,567.0,40.0,197.37,73.77000000000001,87.0,72.0,10.19335420752532,159,15.0,54.0,0.09,162.0,
2025-04-08 09:33:15,166.0,42.0,233.86,28.0,164.0,63.0,289.37,27.0,199.93,67.86000000000001,105.0,55.0,8.750824532584097,160,50.0,1.0,0.31,162.0,
2025-04-08 09:33:16,167.16,43.0,229.44,36.0,165.22,69.0,287.0,16.0,198.3,62.28,112.0,52.0,8.326756271206273,164,60.0,4.0,0.37,168.0,2.0
2025-04-08 09:33:17,168.0,17.0,230.0,28.0,166.0,42.0,298.17,12.0,199.0,62.0,59.0,40.0,1.1255531973519164,99,19.0,-65.0,0.19,168.0,1.0
2025-04-08 09:33:18,168.0,12.0,227.33,18.0,166.0,36.0,234.67,12.0,197.67,59.33000000000001,48.0,30.0,1.0356302429290176,78,18.0,-21.0,0.23,168.0,
2025-04-08 09:33:19,168.0,14.0,220.11,19.0,166.0,42.0,252.88,16.0,194.05,52.110000000000014,56.0,35.0,2.2530978673969133,91,21.0,13.0,0.23,168.0,
2025-04-08 09:33:20,167.37,19.0,225.0,36.0,165.67,55.0,351.86,29.0,196.18,57.63,74.0,65.0,1.9688702344409952,139,9.0,48.0,0.06,167.33,3.0
2025-04-08 09:33:21,167.0,11.0,216.63,27.0,166.0,55.0,242.28,36.0,191.81,49.63,66.0,63.0,2.865618606874682,129,3.0,-10.0,0.02,167.33,
2025-04-08 09:33:22,166.4,10.0,208.37,19.0,164.54,74.0,209.82,17.0,187.38,41.97,84.0,36.0,4.0357985579144176,120,48.0,-9.0,0.4,166.2,5.0
2025-04-08 09:33:23,166.0,13.0,197.15,13.0,164.0,117.0,207.0,40.0,181.58,31.15000000000001,130.0,53.0,5.818758458645704,183,77.0,63.0,0.42,166.2,
2025-04-08 09:33:24,166.0,8.0,196.0,8.0,164.0,78.0,208.0,32.0,181.0,30.0,86.0,40.0,6.541956893778685,126,46.0,-57.0,0.37,166.2,
2025-04-08 09:33:25,166.93,59.0,193.73,15.0,164.4,55.0,194.73,15.0,180.33,26.799999999999983,114.0,30.0,4.996593839812829,144,84.0,18.0,0.58,166.2,
2025-04-08 09:33:27,166.0,14.0,185.36,14.0,164.0,64.0,187.5,14.0,175.68,19.360000000000014,78.0,28.0,2.360057202707437,106,50.0,25.0,0.47,166.2,
2025-04-08 09:33:28,166.0,12.0,180.25,12.0,164.0,60.0,181.33,12.0,173.12,14.25,72.0,24.0,3.3219015638711777,96,48.0,-10.0,0.5,166.2,
2025-04-08 09:33:29,166.0,9.0,176.0,9.0,164.0,45.0,177.33,9.0,171.0,10.0,54.0,18.0,3.874923225052079,72,36.0,-24.0,0.5,166.2,
2025-04-08 09:33:30,162.36,53.0,169.84,19.0,160.94,153.0,171.05,19.0,166.1,7.47999999999999,206.0,38.0,4.822260880546128,244,168.0,168.0,0.69,163.75,8.0
2025-04-08 09:33:31,161.0,10.0,164.75,12.0,160.0,210.0,167.5,10.0,162.88,3.75,220.0,22.0,5.210650631163328,242,198.0,-2.0,0.82,163.75,
2025-04-08 09:33:32,160.05,128.0,162.55,22.0,159.68,217.0,163.24,34.0,161.3,2.5,345.0,56.0,5.090599178882608,401,289.0,159.0,0.72,160.08,12.0
2025-04-08 09:33:33,160.0,105.0,161.67,12.0,159.0,120.0,163.0,36.0,160.83,1.6699999999999875,225.0,48.0,4.216422654340777,273,177.0,-128.0,0.65,160.0,3.0
2025-04-08 09:33:34,160.0,29.0,217.7,10.0,159.0,100.0,288.0,12.0,188.85,57.69999999999999,129.0,22.0,11.841088210128373,151,107.0,-122.0,0.71,160.0,6.0
2025-04-08 09:33:35,160.0,9.0,291.67,9.0,159.0,90.0,491.22,9.0,225.83,131.67000000000002,99.0,18.0,28.2354629854028,117,81.0,-34.0,0.69,160.0,
2025-04-08 09:33:36,160.0,9.0,286.53,15.0,159.0,90.0,376.76,21.0,223.27,126.52999999999996,99.0,36.0,31.80511719833872,135,63.0,18.0,0.47,160.0,
2025-04-08 09:33:37,160.0,8.0,222.4,20.0,159.0,80.0,383.4,20.0,191.2,62.400000000000006,88.0,40.0,27.04003106507214,128,48.0,-7.0,0.38,166.0,1.0
2025-04-08 09:33:38,167.0,16.0,207.78,9.0,159.26,27.0,304.42,12.0,187.39,40.78,43.0,21.0,19.459843781491955,64,22.0,-64.0,0.34,166.0,
2025-04-08 09:33:39,168.0,14.0,199.0,7.0,162.93,43.0,331.0,7.0,183.5,31.0,57.0,14.0,20.56903425054444,71,43.0,7.0,0.61,166.0,
2025-04-08 09:33:40,168.0,20.0,197.8,10.0,166.35,43.0,385.0,16.0,182.9,29.80000000000001,63.0,26.0,16.890230016197613,89,37.0,18.0,0.42,166.0,
2025-04-08 09:33:41,168.0,18.0,197.0,9.0,167.0,36.0,224.11,9.0,182.5,29.0,54.0,18.0,3.735708768099576,72,36.0,-17.0,0.5,166.0,
2025-04-08 09:33:42,168.0,22.0,196.0,11.0,167.0,44.0,395.62,29.0,182.0,28.0,66.0,40.0,2.157387308772952,106,26.0,34.0,0.25,166.0,
2025-04-08 09:33:43,167.4,15.0,196.0,6.0,166.67,18.0,348.6,10.0,181.7,28.599999999999994,33.0,16.0,0.7155417528374626,49,17.0,-57.0,0.35,167.67,3.0
2025-04-08 09:33:44,167.0,30.0,195.3,10.0,166.0,20.0,297.0,20.0,181.15,28.30000000000001,50.0,30.0,0.6819090848883843,80,20.0,31.0,0.25,167.67,
2025-04-08 09:33:45,167.0,30.0,194.0,10.0,166.0,20.0,358.18,22.0,180.5,27.0,50.0,32.0,0.7726577509175102,82,18.0,2.0,0.22,167.67,
2025-04-08 09:33:46,167.0,21.0,393.0,7.0,164.89,19.0,418.6,10.0,280.0,226.0,40.0,17.0,44.12691355624218,57,23.0,-25.0,0.4,167.67,
2025-04-08 09:33:47,167.0,36.0,367.46,28.0,163.38,64.0,386.59,32.0,267.23,200.46,100.0,60.0,50.86597123814785,160,40.0,103.0,0.25,167.67,
2025-04-08 09:33:48,166.71,34.0,350.85,13.0,163.94,51.0,500.88,16.0,258.78,184.14,85.0,29.0,48.70461651630261,114,56.0,-46.0,0.49,167.0,3.0
2025-04-08 09:33:49,163.1,63.0,288.0,16.0,162.13,52.0,518.6,10.0,225.55,124.9,115.0,26.0,40.04411654663021,141,89.0,27.0,0.63,165.0,3.0
2025-04-08 09:33:50,163.0,48.0,216.24,21.0,162.0,40.0,215.81,27.0,189.62,53.24000000000001,88.0,48.0,36.57659675256988,136,40.0,-5.0,0.29,165.0,
2025-04-08 09:33:51,163.0,54.0,183.22,9.0,162.0,45.0,185.0,45.0,173.11,20.22,99.0,54.0,41.370700622543104,153,45.0,17.0,0.29,165.0,
2025-04-08 09:33:52,163.0,57.0,182.36,14.0,162.0,70.0,204.79,70.0,172.68,19.360000000000014,127.0,84.0,37.44047368824376,211,43.0,58.0,0.2,163.0,3.0
2025-04-08 09:33:53,163.0,24.0,179.64,14.0,162.0,40.0,232.3,27.0,171.32,16.639999999999986,64.0,41.0,23.104891906262207,105,23.0,-106.0,0.22,163.0,
2025-04-08 09:33:54,163.0,36.0,175.18,38.0,162.0,60.0,177.26,19.0,169.09,12.180000000000009,96.0,57.0,8.231569109231337,153,39.0,48.0,0.25,163.0,
2025-04-08 09:33:55,163.0,45.0,169.87,38.0,162.0,75.0,169.77,39.0,166.43,6.8700000000000045,120.0,77.0,2.7742800868058946,197,43.0,44.0,0.22,163.0,
2025-04-08 09:33:56,162.87,38.0,164.03,39.0,161.96,57.0,165.21,14.0,163.45,1.1599999999999966,95.0,53.0,3.725457018950317,148,42.0,-49.0,0.28,163.25,4.0
2025-04-08 09:33:57,161.07,54.0,163.32,28.0,160.15,26.0,192.88,24.0,162.2,2.25,80.0,52.0,3.7992722987493934,132,28.0,-16.0,0.21,161.6,5.0
2025-04-08 09:33:58,161.23,61.0,171.86,35.0,160.11,54.0,272.55,55.0,166.54,10.630000000000024,115.0,90.0,2.734880253328058,205,25.0,73.0,0.12,163.0,3.0
2025-04-08 09:33:59,163.0,9.0,194.0,45.0,162.0,54.0,410.0,45.0,178.5,31.0,63.0,90.0,6.471671345181655,153,-27.0,-52.0,-0.18,163.0,
2025-04-08 09:34:00,167.58,36.0,361.68,25.0,162.28,25.0,627.3,40.0,264.63,194.1,61.0,65.0,43.83748544339719,126,-4.0,-27.0,-0.03,168.0,4.0
2025-04-08 09:34:03,163.86,21.0,324.97,35.0,161.0,27.0,362.56,48.0,244.41,161.11,48.0,83.0,70.72821396020213,131,-35.0,10.0,-0.27,164.0,2.0
2025-04-08 09:34:04,163.0,12.0,165.17,36.0,161.67,72.0,283.5,36.0,164.08,2.1699999999999875,84.0,72.0,75.7654890434961,156,12.0,25.0,0.08,164.0,
2025-04-08 09:34:05,163.95,20.0,165.0,30.0,162.45,11.0,166.0,6.0,164.47,1.0500000000000114,31.0,36.0,90.14277414191396,67,-5.0,-89.0,-0.07,164.0,2.0
2025-04-08 09:34:06,162.71,17.0,165.11,19.0,161.57,54.0,185.09,33.0,163.91,2.4000000000000057,71.0,52.0,75.94803861851922,123,19.0,56.0,0.15,163.0,7.0
2025-04-08 09:34:07,162.0,24.0,163.67,12.0,160.0,36.0,240.77,26.0,162.83,1.6699999999999875,60.0,38.0,36.04495248991262,98,22.0,-25.0,0.22,163.0,
2025-04-08 09:34:08,162.0,40.0,163.0,20.0,160.0,60.0,253.58,26.0,162.5,1.0,100.0,46.0,0.8481568251478645,146,54.0,48.0,0.37,163.0,
2025-04-08 09:34:09,161.33,24.0,245.35,34.0,159.92,52.0,267.23,26.0,203.34,84.01999999999998,76.0,60.0,17.867169613569214,136,16.0,-10.0,0.12,161.33,6.0
2025-04-08 09:34:10,159.93,29.0,254.97,38.0,157.57,21.0,495.05,22.0,207.45,95.04,50.0,60.0,23.228242077265715,110,-10.0,-26.0,-0.09,161.33,
2025-04-08 09:34:11,152.82,33.0,293.16,37.0,101.66,79.0,592.45,29.0,222.99,140.34000000000003,112.0,66.0,27.60733000491114,178,46.0,68.0,0.26,159.6,5.0
2025-04-08 09:34:12,131.78,27.0,193.94,17.0,92.43,21.0,534.48,29.0,162.86,62.16,48.0,46.0,27.59945597290039,94,2.0,-84.0,0.02,159.6,
2025-04-08 09:34:13,158.33,36.0,251.92,12.0,114.88,16.0,471.32,19.0,205.12,93.58999999999996,52.0,31.0,22.361645064710096,83,21.0,-11.0,0.25,156.0,3.0
2025-04-08 09:34:14,168.0,52.0,282.0,20.0,164.0,20.0,391.8,10.0,225.0,114.0,72.0,30.0,25.02467442345808,102,42.0,19.0,0.41,168.0,1.0
2025-04-08 09:34:15,166.83,48.0,281.27,22.0,162.86,28.0,463.0,11.0,224.05,114.43999999999996,76.0,33.0,26.53872886933509,109,43.0,7.0,0.39,168.0,5.0
2025-04-08 09:34:16,164.29,14.0,224.39,31.0,160.1,82.0,383.71,14.0,194.34,60.1,96.0,45.0,25.56939928899533,141,51.0,32.0,0.36,164.8,5.0
2025-04-08 09:34:17,164.75,48.0,227.09,33.0,161.12,89.0,389.0,15.0,195.92,62.34,137.0,48.0,14.8618128100202,185,89.0,44.0,0.48,164.8,
2025-04-08 09:34:18,167.0,39.0,277.85,26.0,164.0,13.0,376.51,37.0,222.42,110.85000000000002,52.0,63.0,15.752954643497306,115,-11.0,-70.0,-0.1,164.8,
2025-04-08 09:34:19,167.0,14.0,276.62,26.0,164.0,10.0,346.32,44.0,221.81,109.62,24.0,70.0,15.166003758409229,94,-46.0,-21.0,-0.49,167.0,2.0
2025-04-08 09:34:20,167.0,10.0,241.12,41.0,164.0,10.0,248.68,41.0,204.06,74.12,20.0,82.0,13.65904096194456,102,-62.0,8.0,-0.61,167.0,
2025-04-08 09:34:21,166.0,20.0,200.44,55.0,162.78,23.0,201.28,72.0,183.22,34.44,43.0,127.0,16.900812998198564,170,-84.0,68.0,-0.49,165.67,3.0
2025-04-08 09:34:22,163.0,30.0,188.0,12.0,160.0,48.0,189.83,30.0,175.5,25.0,78.0,42.0,21.603277992010245,120,36.0,-50.0,0.3,165.67,
2025-04-08 09:34:23,163.0,60.0,179.61,36.0,160.0,96.0,186.29,42.0,171.31,16.610000000000014,156.0,78.0,21.261068881880465,234,78.0,114.0,0.33,165.67,
2025-04-08 09:34:24,163.0,80.0,172.95,74.0,160.0,128.0,174.17,24.0,167.97,9.949999999999989,208.0,98.0,14.39522733408739,306,110.0,72.0,0.36,165.67,
2025-04-08 09:34:25,163.0,50.0,168.71,17.0,160.0,80.0,170.1,21.0,165.85,5.710000000000008,130.0,38.0,6.886824377029686,168,92.0,-138.0,0.55,165.67,
2025-04-08 09:34:26,160.94,70.0,163.64,22.0,159.6,67.0,166.0,11.0,162.29,2.6999999999999886,137.0,33.0,5.06774900720693,170,104.0,2.0,0.61,163.0,5.0
2025-04-08 09:34:27,160.0,80.0,164.33,18.0,159.0,30.0,196.0,22.0,162.17,4.3300000000000125,110.0,40.0,3.889051298201727,150,70.0,-20.0,0.47,163.25,4.0
2025-04-08 09:34:28,160.88,82.0,165.0,26.0,159.67,72.0,226.0,42.0,162.94,4.1200000000000045,154.0,68.0,2.563314260882383,222,86.0,72.0,0.39,164.25,4.0
2025-04-08 09:34:29,159.0,18.0,164.5,6.0,147.8,40.0,226.0,18.0,161.75,5.5,58.0,24.0,1.649363513614224,82,34.0,-140.0,0.41,164.25,
2025-04-08 09:34:30,159.87,23.0,162.36,11.0,156.89,38.0,335.73,33.0,161.12,2.490000000000009,61.0,44.0,0.6743367111769853,105,17.0,23.0,0.16,164.25,
2025-04-08 09:34:31,160.0,7.0,422.71,21.0,159.0,21.0,704.93,15.0,291.36,262.71,28.0,36.0,57.8575662294921,64,-8.0,-41.0,-0.12,160.0,1.0
2025-04-08 09:34:32,134.53,19.0,214.19,43.0,133.81,16.0,455.92,26.0,174.36,79.66,35.0,69.0,56.75022361189484,104,-34.0,40.0,-0.33,161.0,6.0
2025-04-08 09:34:34,116.0,12.0,151.33,3.0,75.0,12.0,156.2,5.0,133.67,35.33000000000001,24.0,8.0,60.97174862180076,32,16.0,-143.0,0.5,152.5,2.0
2025-04-08 09:34:35,128.65,17.0,199.97,33.0,99.95,38.0,247.87,31.0,164.31,71.32,55.0,64.0,60.66254223159513,119,-9.0,87.0,-0.08,156.5,2.0
2025-04-08 09:34:36,162.14,7.0,211.0,20.0,112.64,11.0,303.0,8.0,186.57,48.860000000000014,18.0,28.0,19.696857109702645,46,-10.0,-73.0,-0.22,156.5,
2025-04-08 09:34:37,162.0,82.0,208.78,37.0,150.45,11.0,284.45,40.0,185.39,46.78,93.0,77.0,21.454624676280066,170,16.0,124.0,0.09,156.5,
2025-04-08 09:34:38,162.0,66.0,304.88,33.0,159.88,51.0,587.07,28.0,233.44,142.88,117.0,61.0,36.46371730912878,178,56.0,8.0,0.31,162.0,1.0
2025-04-08 09:34:39,162.45,33.0,367.0,14.0,161.14,49.0,536.0,21.0,264.73,204.55,82.0,35.0,41.044417647228016,117,47.0,-61.0,0.4,162.0,
2025-04-08 09:34:40,165.31,39.0,366.23,26.0,162.0,91.0,471.14,37.0,265.77,200.92,130.0,63.0,39.79307226138867,193,67.0,76.0,0.35,162.0,
2025-04-08 09:34:41,166.0,30.0,361.1,20.0,162.0,70.0,392.0,21.0,263.55,195.1,100.0,41.0,34.721661538585884,141,59.0,-52.0,0.42,162.0,
2025-04-08 09:34:42,162.36,66.0,314.25,32.0,160.31,91.0,317.86,56.0,238.31,151.89,157.0,88.0,15.892057764812057,245,69.0,104.0,0.28,164.0,6.0
2025-04-08 09:34:43,160.55,58.0,292.5,20.0,159.34,82.0,312.55,44.0,226.53,131.95,140.0,64.0,18.17249900261716,204,76.0,-41.0,0.37,162.0,4.0
2025-04-08 09:34:44,164.0,8.0,226.56,18.0,160.0,56.0,280.78,18.0,195.28,62.56,64.0,36.0,29.07132642312882,100,28.0,-104.0,0.28,162.0,
2025-04-08 09:34:45,161.39,23.0,216.33,30.0,159.89,63.0,224.7,40.0,188.86,54.940000000000026,86.0,70.0,30.91875369415936,156,16.0,56.0,0.1,160.8,5.0
2025-04-08 09:34:46,160.0,36.0,192.44,32.0,159.0,12.0,193.32,38.0,176.22,32.44,48.0,70.0,26.25050189996517,118,-22.0,-38.0,-0.19,160.8,
2025-04-08 09:34:47,160.0,33.0,189.09,22.0,159.0,11.0,193.0,44.0,174.55,29.090000000000003,44.0,66.0,21.012110079667437,110,-22.0,-8.0,-0.2,160.8,
2025-04-08 09:34:48,160.0,36.0,187.2,40.0,159.0,12.0,190.5,32.0,173.6,27.19999999999999,48.0,72.0,9.7780989972515,120,-24.0,10.0,-0.2,160.8,
2025-04-08 09:34:49,160.0,16.0,186.1,40.0,159.0,10.0,188.0,20.0,173.05,26.099999999999994,26.0,60.0,6.5974487493307565,86,-34.0,-34.0,-0.4,160.0,2.0
2025-04-08 09:34:50,162.08,26.0,184.77,52.0,159.38,13.0,188.0,26.0,173.42,22.69,39.0,78.0,1.2736443773842587,117,-39.0,31.0,-0.33,163.0,2.0
2025-04-08 09:34:51,163.46,26.0,182.8,40.0,162.15,13.0,259.96,23.0,173.13,19.340000000000003,39.0,63.0,0.6012071190877917,102,-24.0,-15.0,-0.24,163.0,
2025-04-08 09:34:52,163.22,18.0,179.21,29.0,162.22,9.0,181.44,27.0,171.21,15.990000000000007,27.0,56.0,0.960505075489496,83,-29.0,-19.0,-0.35,164.0,4.0
2025-04-08 09:34:53,163.0,12.0,175.27,22.0,162.0,6.0,176.48,23.0,169.14,12.27000000000001,18.0,45.0,1.8165214009309427,63,-27.0,-20.0,-0.43,164.0,
2025-04-08 09:34:54,164.92,26.0,171.71,38.0,162.33,12.0,172.89,37.0,168.32,6.7900000000000205,38.0,75.0,2.295088233606516,113,-37.0,50.0,-0.33,164.0,
2025-04-08 09:34:55,167.84,49.0,169.23,52.0,164.54,26.0,171.0,52.0,168.53,1.3899999999999864,75.0,104.0,2.0592547195619115,179,-29.0,66.0,-0.16,168.0,5.0
2025-04-08 09:34:56,166.0,12.0,168.0,18.0,164.0,12.0,169.0,24.0,167.0,2.0,24.0,42.0,1.5377743657756295,66,-18.0,-113.0,-0.27,168.0,
2025-04-08 09:34:57,164.71,17.0,167.09,35.0,163.33,18.0,168.14,28.0,165.9,2.3799999999999955,35.0,63.0,1.3082889589213142,98,-28.0,32.0,-0.29,165.33,3.0
2025-04-08 09:34:58,164.0,6.0,166.18,22.0,163.0,12.0,167.29,17.0,165.09,2.180000000000007,18.0,39.0,1.4946805678921808,57,-21.0,-41.0,-0.37,165.33,
2025-04-08 09:34:59,162.92,13.0,164.78,18.0,161.78,9.0,165.71,21.0,163.85,1.8600000000000136,22.0,39.0,1.7912370027535354,61,-17.0,4.0,-0.28,163.6,5.0
2025-04-08 09:35:00,156.75,12.0,163.7,10.0,155.83,12.0,164.95,22.0,160.22,6.949999999999989,24.0,32.0,2.610568903521128,56,-8.0,-5.0,-0.14,160.0,6.0
2025-04-08 09:35:01,150.0,15.0,160.55,31.0,126.43,21.0,163.21,19.0,155.27,10.550000000000011,36.0,50.0,4.376645976090453,86,-14.0,30.0,-0.16,159.0,3.0
2025-04-08 09:35:02,118.29,21.0,156.45,11.0,78.2,15.0,157.95,19.0,137.37,38.15999999999998,36.0,30.0,11.28074465627258,66,6.0,-20.0,0.09,159.0,
2025-04-08 09:35:03,118.0,40.0,152.48,29.0,46.04,23.0,154.8,15.0,135.24,34.47999999999999,63.0,44.0,13.234970721539796,107,19.0,41.0,0.18,159.0,
2025-04-08 09:35:07,116.71,35.0,151.88,16.0,113.94,31.0,154.0,40.0,134.29,35.17,66.0,56.0,3.718449945877548,122,10.0,30.0,0.08,159.0,
2025-04-08 09:35:08,129.27,55.0,151.22,23.0,120.27,64.0,154.18,55.0,140.25,21.94999999999999,119.0,78.0,4.981345199842886,197,41.0,75.0,0.21,152.0,4.0
2025-04-08 09:35:09,131.73,55.0,154.0,31.0,121.5,70.0,156.0,55.0,142.86,22.27000000000001,125.0,86.0,6.196932305584759,211,39.0,14.0,0.18,154.0,1.0
2025-04-08 09:35:10,132.57,35.0,151.0,21.0,105.33,30.0,154.0,14.0,141.79,18.430000000000007,65.0,35.0,6.709621449828688,100,30.0,-111.0,0.3,154.0,
2025-04-08 09:35:11,133.56,45.0,151.0,27.0,92.61,33.0,154.0,18.0,142.28,17.439999999999998,78.0,45.0,3.49344099706927,123,33.0,23.0,0.27,154.0,
2025-04-08 09:35:12,135.91,45.0,151.0,33.0,130.91,35.0,154.0,22.0,143.46,15.090000000000003,80.0,55.0,1.22211701567653,135,25.0,12.0,0.19,154.0,
2025-04-08 09:35:13,139.69,65.0,151.32,37.0,139.44,45.0,154.62,32.0,145.51,11.629999999999995,110.0,69.0,1.444974048212326,179,41.0,44.0,0.23,151.0,3.0
2025-04-08 09:35:14,144.35,51.0,154.0,26.0,143.0,55.0,156.0,65.0,149.18,9.650000000000006,106.0,91.0,3.0108520388767634,197,15.0,18.0,0.08,151.0,
2025-04-08 09:35:15,148.5,44.0,154.9,51.0,147.06,32.0,156.46,48.0,151.7,6.400000000000006,76.0,99.0,3.944145027760793,175,-23.0,-22.0,-0.13,155.0,4.0
2025-04-08 09:35:16,150.67,45.0,153.42,38.0,148.52,29.0,155.22,18.0,152.04,2.75,74.0,56.0,3.791479922142809,130,18.0,-45.0,0.14,153.33,6.0
2025-04-08 09:35:17,153.09,23.0,155.0,7.0,150.67,15.0,156.0,14.0,154.04,1.9099999999999968,38.0,21.0,3.278167170846253,59,17.0,-71.0,0.29,153.33,
2025-04-08 09:35:18,154.0,15.0,156.85,26.0,153.0,5.0,157.5,16.0,155.42,2.8499999999999943,20.0,42.0,2.3858499533742816,62,-22.0,3.0,-0.35,155.67,3.0
2025-04-08 09:35:19,155.82,11.0,157.0,27.0,153.38,13.0,158.0,20.0,156.41,1.1800000000000068,24.0,47.0,2.057138789682776,71,-23.0,9.0,-0.32,157.0,4.0
2025-04-08 09:35:20,155.26,23.0,157.41,17.0,147.18,33.0,197.1,20.0,156.34,2.1500000000000057,56.0,37.0,1.839211787701032,93,19.0,22.0,0.2,157.5,8.0
2025-04-08 09:35:21,152.83,36.0,197.25,16.0,109.38,26.0,364.29,28.0,175.04,44.41999999999999,62.0,44.0,8.767422654350765,106,18.0,13.0,0.17,159.0,2.0
2025-04-08 09:35:22,162.0,7.0,258.86,14.0,156.03,29.0,368.31,26.0,210.43,96.86,36.0,40.0,23.67063940834793,76,-4.0,-30.0,-0.05,159.0,
2025-04-08 09:35:23,164.08,12.0,418.76,33.0,160.13,15.0,606.58,33.0,291.42,254.68,27.0,66.0,56.73231151645472,93,-39.0,17.0,-0.42,159.0,
2025-04-08 09:35:24,167.0,20.0,414.5,20.0,162.0,4.0,642.5,20.0,290.75,247.5,24.0,40.0,63.55500161277698,64,-16.0,-29.0,-0.25,159.0,
2025-04-08 09:35:25,167.0,26.0,221.0,24.0,162.0,6.0,367.0,30.0,194.0,54.0,32.0,54.0,55.080548926096334,86,-22.0,22.0,-0.26,167.0,1.0
2025-04-08 09:35:26,167.0,44.0,219.85,52.0,162.0,11.0,338.37,51.0,193.42,52.85,55.0,103.0,50.74401472095103,158,-48.0,72.0,-0.3,167.0,
2025-04-08 09:35:27,167.0,40.0,218.5,50.0,162.0,10.0,308.3,43.0,192.75,51.5,50.0,93.0,53.512107695362666,143,-43.0,-15.0,-0.3,167.0,
2025-04-08 09:35:28,167.0,60.0,216.2,75.0,162.0,99.0,335.88,69.0,191.6,49.19999999999999,159.0,144.0,43.74994662853972,303,15.0,160.0,0.05,167.0,
2025-04-08 09:35:29,167.13,46.0,212.22,58.0,162.51,78.0,350.06,52.0,189.68,45.09,124.0,110.0,1.7103216072002942,234,14.0,-69.0,0.06,167.0,
2025-04-08 09:35:30,168.0,36.0,208.91,55.0,167.0,52.0,253.16,49.0,188.45,40.91,88.0,104.0,2.0833746662699024,192,-16.0,-42.0,-0.08,168.0,1.0
2025-04-08 09:35:31,168.0,7.0,212.0,25.0,167.0,20.0,216.0,15.0,190.0,44.0,27.0,40.0,1.6879958530916552,67,-13.0,-125.0,-0.19,168.0,1.0
2025-04-08 09:35:32,168.0,12.0,211.38,52.0,167.0,48.0,275.0,40.0,189.69,43.38,60.0,92.0,1.1284635572556494,152,-32.0,85.0,-0.21,168.0,
2025-04-08 09:35:33,168.0,11.0,209.35,43.0,167.0,44.0,209.7,23.0,188.67,41.35,55.0,66.0,0.6902680639096399,121,-11.0,-31.0,-0.09,168.0,
2025-04-08 09:35:37,167.0,44.0,170.79,14.0,164.0,22.0,172.64,14.0,168.89,3.789999999999992,66.0,28.0,8.700874668678132,94,38.0,-24.0,0.4,168.0,
2025-04-08 09:35:38,166.59,44.0,168.0,13.0,162.98,41.0,174.57,60.0,167.3,1.4099999999999966,85.0,73.0,8.292163167716913,158,12.0,64.0,0.08,167.0,5.0
2025-04-08 09:35:39,164.76,83.0,168.0,11.0,163.71,41.0,212.95,43.0,166.38,3.240000000000009,124.0,54.0,6.065313676969837,178,70.0,20.0,0.39,165.5,6.0
2025-04-08 09:35:40,164.0,122.0,166.29,14.0,163.0,33.0,331.71,21.0,165.14,2.289999999999992,155.0,35.0,2.675879294743038,190,120.0,12.0,0.63,164.0,6.0
2025-04-08 09:35:41,164.0,88.0,223.98,49.0,163.0,33.0,566.82,49.0,193.99,59.97999999999999,121.0,98.0,12.17978037568981,219,23.0,29.0,0.11,164.5,4.0
2025-04-08 09:35:42,165.38,58.0,339.73,62.0,163.52,31.0,644.62,65.0,252.55,174.35000000000002,89.0,127.0,37.46775507019409,216,-38.0,-3.0,-0.18,164.0,4.0
2025-04-08 09:35:43,166.0,22.0,429.0,44.0,164.0,22.0,537.45,55.0,297.5,263.0,44.0,99.0,58.11095826090015,143,-55.0,-73.0,-0.38,166.0,3.0
2025-04-08 09:35:44,165.12,34.0,366.22,54.0,162.74,47.0,529.95,64.0,265.67,201.1,81.0,118.0,54.12286162057673,199,-37.0,56.0,-0.19,165.0,4.0
2025-04-08 09:35:45,167.0,7.0,184.33,27.0,163.0,21.0,305.76,34.0,175.67,17.330000000000013,28.0,61.0,50.83114576713867,89,-33.0,-110.0,-0.37,167.0,5.0
2025-04-08 09:35:46,163.33,24.0,180.45,47.0,162.07,83.0,181.64,44.0,171.89,17.119999999999976,107.0,91.0,56.19241657021076,198,16.0,109.0,0.08,165.0,2.0
2025-04-08 09:35:47,163.36,28.0,176.27,49.0,162.14,73.0,177.16,49.0,169.81,12.909999999999997,101.0,98.0,60.85847862048544,199,3.0,1.0,0.02,165.0,
2025-04-08 09:35:48,163.52,29.0,170.67,43.0,162.13,31.0,171.83,41.0,167.1,7.149999999999977,60.0,84.0,42.40080211505511,144,-24.0,-55.0,-0.17,163.5,4.0
2025-04-08 09:35:49,162.0,42.0,169.87,23.0,160.0,54.0,170.79,19.0,165.93,7.870000000000003,96.0,42.0,3.895510236162282,138,54.0,-6.0,0.39,163.5,
2025-04-08 09:35:50,162.34,59.0,168.0,36.0,160.15,78.0,169.0,27.0,165.17,5.659999999999997,137.0,63.0,2.80668844014501,200,74.0,62.0,0.37,162.0,1.0
2025-04-08 09:35:51,166.0,27.0,167.5,24.0,162.0,36.0,209.25,20.0,166.75,1.5,63.0,44.0,1.7642902255702997,107,19.0,-93.0,0.18,166.0,3.0
2025-04-08 09:35:52,163.45,22.0,167.0,36.0,160.91,66.0,348.47,43.0,165.23,3.550000000000012,88.0,79.0,0.8736017399491859,167,9.0,60.0,0.05,162.67,6.0
2025-04-08 09:35:53,160.79,58.0,165.68,62.0,159.49,79.0,169.07,59.0,163.24,4.890000000000015,137.0,121.0,1.2998384515168389,258,16.0,91.0,0.06,161.6,5.0
2025-04-08 09:35:54,160.0,34.0,164.0,18.0,153.45,49.0,165.0,24.0,162.0,4.0,83.0,42.0,1.8627587068756783,125,41.0,-133.0,0.33,161.33,6.0
2025-04-08 09:35:55,160.0,24.0,163.0,32.0,138.61,36.0,165.33,27.0,161.5,3.0,60.0,59.0,2.21220026219162,119,1.0,-6.0,0.01,161.33,
2025-04-08 09:35:56,160.56,54.0,164.73,44.0,159.32,47.0,258.3,44.0,162.64,4.169999999999988,101.0,88.0,1.4473838468216145,189,13.0,70.0,0.07,162.2,5.0
2025-04-08 09:35:57,162.43,42.0,167.0,21.0,160.0,21.0,280.0,21.0,164.71,4.569999999999993,63.0,42.0,1.2445561457965972,105,21.0,-84.0,0.2,162.2,
2025-04-08 09:35:58,164.67,36.0,167.0,18.0,160.0,18.0,640.0,18.0,165.83,2.3300000000000125,54.0,36.0,1.8539228678778448,90,18.0,-15.0,0.2,162.2,
2025-04-08 09:35:59,166.0,36.0,167.0,18.0,162.0,36.0,637.0,28.0,166.5,1.0,72.0,46.0,2.116844349507292,118,26.0,28.0,0.22,162.2,
2025-04-08 09:36:00,162.35,51.0,347.27,41.0,161.25,48.0,484.85,47.0,254.81,184.92,99.0,88.0,40.22665994089059,187,11.0,69.0,0.06,167.0,3.0
2025-04-08 09:36:01,163.6,45.0,198.0,33.0,161.93,90.0,276.0,55.0,180.8,34.400000000000006,135.0,88.0,38.73239793764458,223,47.0,36.0,0.21,164.0,3.0
2025-04-08 09:36:02,164.0,15.0,198.0,9.0,162.0,27.0,276.0,15.0,181.0,34.0,42.0,24.0,37.08837513291808,66,18.0,-157.0,0.27,164.0,
2025-04-08 09:36:03,164.0,40.0,195.13,38.0,162.0,72.0,196.23,26.0,179.57,31.129999999999995,112.0,64.0,35.33714235758259,176,48.0,110.0,0.27,164.0,
2025-04-08 09:36:04,162.64,59.0,193.0,30.0,161.5,60.0,194.0,50.0,177.82,30.360000000000014,119.0,80.0,33.570498208993854,199,39.0,23.0,0.2,163.67,6.0
2025-04-08 09:36:05,162.0,80.0,193.0,30.0,160.0,30.0,196.82,34.0,177.5,31.0,110.0,64.0,1.6306501770922897,174,46.0,-25.0,0.26,163.67,
2025-04-08 09:36:06,162.0,64.0,189.93,28.0,160.0,24.0,374.92,26.0,175.96,27.930000000000007,88.0,54.0,1.9509228585596623,142,34.0,-32.0,0.24,163.67,
2025-04-08 09:36:07,162.0,64.0,188.19,32.0,160.0,24.0,190.91,32.0,175.09,26.19,88.0,64.0,1.7378348598327766,152,24.0,10.0,0.16,163.67,
2025-04-08 09:36:08,162.0,96.0,187.33,48.0,160.0,36.0,188.69,48.0,174.67,25.330000000000013,132.0,96.0,1.409315436674673,228,36.0,76.0,0.16,163.67,
2025-04-08 09:36:09,162.0,56.0,182.26,31.0,160.0,21.0,183.52,25.0,172.13,20.25999999999999,77.0,56.0,1.968565467554728,133,21.0,-95.0,0.16,163.67,
2025-04-08 09:36:10,162.0,40.0,181.0,40.0,160.0,24.0,182.0,24.0,171.5,19.0,64.0,64.0,1.945571895368651,128,0.0,-5.0,0.0,162.0,3.0
2025-04-08 09:36:11,163.0,36.0,180.0,24.0,160.71,28.0,181.0,40.0,171.5,17.0,64.0,64.0,1.7614965228600072,128,0.0,0.0,0.0,162.0,
2025-04-08 09:36:12,168.0,18.0,178.38,24.0,163.22,18.0,180.25,24.0,173.19,10.379999999999995,36.0,48.0,1.3485065813883466,84,-12.0,-44.0,-0.14,162.0,
2025-04-08 09:36:13,168.0,34.0,175.45,55.0,167.0,26.0,176.69,49.0,171.73,7.449999999999989,60.0,104.0,0.7080607318919647,164,-44.0,80.0,-0.27,168.0,1.0
2025-04-08 09:36:14,168.0,22.0,174.51,49.0,167.0,22.0,175.49,35.0,171.26,6.509999999999991,44.0,84.0,0.7749387072841925,128,-40.0,-36.0,-0.31,168.0,
2025-04-08 09:36:15,168.0,16.0,172.74,31.0,167.0,16.0,173.4,25.0,170.37,4.740000000000009,32.0,56.0,1.0226191862307157,88,-24.0,-40.0,-0.27,168.0,
2025-04-08 09:36:16,167.86,28.0,170.03,37.0,166.57,28.0,172.16,43.0,168.94,2.1699999999999875,56.0,80.0,1.580275292487641,136,-24.0,48.0,-0.18,168.0,4.0
2025-04-08 09:36:17,167.0,22.0,170.32,25.0,162.07,60.0,172.06,52.0,168.66,3.319999999999993,82.0,77.0,1.3649432222793805,159,5.0,23.0,0.03,168.0,
2025-04-08 09:36:18,167.0,18.0,168.0,45.0,162.0,63.0,169.0,18.0,167.5,1.0,81.0,63.0,1.4794526014867646,144,18.0,-15.0,0.12,168.0,
2025-04-08 09:36:19,162.26,76.0,167.34,32.0,160.14,196.0,226.72,40.0,164.8,5.0800000000000125,272.0,72.0,2.0863556743866143,344,200.0,168.0,0.58,167.0,2.0
2025-04-08 09:36:20,161.87,45.0,167.0,18.0,160.01,136.0,327.81,31.0,164.43,5.129999999999996,181.0,49.0,2.128633364401798,230,132.0,-114.0,0.57,163.27,11.0
2025-04-08 09:36:21,159.98,234.0,168.74,38.0,157.84,79.0,414.63,57.0,164.36,8.76000000000002,313.0,95.0,1.9942166381925368,408,218.0,168.0,0.53,160.0,8.0
2025-04-08 09:36:22,159.47,51.0,167.87,30.0,151.62,39.0,331.27,45.0,163.67,8.400000000000006,90.0,75.0,1.4817118478446971,165,15.0,-168.0,0.09,160.0,
2025-04-08 09:36:23,159.95,62.0,166.89,18.0,158.31,13.0,331.89,27.0,163.42,6.939999999999998,75.0,45.0,0.571690475732132,120,30.0,-45.0,0.25,159.8,5.0
2025-04-08 09:36:24,160.0,88.0,163.08,12.0,159.0,8.0,165.33,12.0,161.54,3.0800000000000125,96.0,24.0,1.1704828063847958,120,72.0,0.0,0.6,159.8,
2025-04-08 09:36:25,160.0,106.0,161.2,20.0,159.0,10.0,196.67,18.0,160.6,1.1999999999999886,116.0,38.0,1.57867666101769,154,78.0,34.0,0.51,160.0,1.0
2025-04-08 09:36:26,160.0,80.0,161.0,16.0,159.0,8.0,372.25,24.0,160.5,1.0,88.0,40.0,1.5175901950267974,128,48.0,-26.0,0.38,160.0,
2025-04-08 09:36:27,160.0,52.0,408.5,16.0,159.0,6.0,601.33,18.0,284.25,248.5,58.0,34.0,54.90127794505386,92,24.0,-36.0,0.26,160.0,2.0
2025-04-08 09:36:29,161.1,30.0,387.4,30.0,160.0,60.0,493.0,23.0,274.25,226.3,90.0,53.0,87.12660540845202,143,37.0,7.0,0.26,160.0,
2025-04-08 09:36:30,162.12,16.0,331.83,12.0,160.18,33.0,421.62,13.0,246.98,169.70999999999998,49.0,25.0,72.74642032430265,74,24.0,-69.0,0.32,160.0,
2025-04-08 09:36:31,162.0,27.0,184.11,18.0,160.0,54.0,312.24,21.0,173.06,22.110000000000014,81.0,39.0,68.28762808884282,120,42.0,46.0,0.35,160.0,
2025-04-08 09:36:32,160.7,33.0,181.9,20.0,157.53,38.0,238.6,30.0,171.3,21.200000000000017,71.0,50.0,79.4142471474741,121,21.0,1.0,0.17,160.5,10.0
2025-04-08 09:36:33,124.35,26.0,159.5,36.0,56.09,11.0,191.12,32.0,141.92,35.150000000000006,37.0,68.0,56.19529090591191,105,-31.0,-16.0,-0.3,159.0,1.0
2025-04-08 09:36:35,130.0,12.0,153.22,18.0,112.75,12.0,155.0,9.0,141.61,23.22,24.0,27.0,20.528664593685324,51,-3.0,-25.0,-0.06,159.0,
2025-04-08 09:36:36,148.36,14.0,156.47,19.0,109.55,29.0,158.45,38.0,152.42,8.109999999999985,43.0,57.0,16.6441770598617,100,-14.0,49.0,-0.14,154.75,4.0
2025-04-08 09:36:37,149.57,7.0,157.33,15.0,84.29,7.0,282.0,21.0,153.45,7.760000000000019,14.0,36.0,11.00251471255657,50,-22.0,-50.0,-0.44,155.0,1.0
2025-04-08 09:36:38,150.78,9.0,156.78,27.0,104.44,9.0,157.67,27.0,153.78,6.0,18.0,54.0,11.920856932285762,72,-36.0,22.0,-0.5,157.0,1.0
2025-04-08 09:36:39,151.0,11.0,156.38,29.0,134.8,20.0,157.64,33.0,153.69,5.379999999999996,31.0,62.0,5.271503580576382,93,-31.0,21.0,-0.33,154.0,2.0
2025-04-08 09:36:40,151.5,8.0,157.0,10.0,131.62,32.0,158.0,24.0,154.25,5.5,40.0,34.0,0.6790213546212172,74,6.0,-19.0,0.08,157.0,2.0
2025-04-08 09:36:41,152.0,8.0,157.5,12.0,65.25,16.0,202.22,23.0,154.75,5.5,24.0,35.0,0.5173780049750681,59,-11.0,-15.0,-0.19,157.0,1.0
2025-04-08 09:36:42,157.03,173.0,176.0,30.0,156.72,127.0,211.54,26.0,166.51,18.97,300.0,56.0,5.558181357245728,356,244.0,168.0,0.69,158.0,3.0
2025-04-08 09:36:43,164.5,10.0,203.0,18.0,158.85,39.0,278.85,26.0,183.75,38.5,49.0,44.0,12.974428696479803,93,5.0,-168.0,0.05,158.0,
2025-04-08 09:36:44,166.71,7.0,338.38,8.0,164.22,9.0,489.11,19.0,252.54,171.67,16.0,27.0,41.02094343137483,43,-11.0,-50.0,-0.26,158.0,
2025-04-08 09:36:46,168.0,12.0,362.93,14.0,166.0,6.0,506.6,10.0,265.46,194.93,18.0,24.0,65.84074323699649,42,-6.0,-19.0,-0.14,158.0,
2025-04-08 09:36:48,162.0,14.0,251.0,14.0,159.0,14.0,556.0,7.0,206.5,89.0,28.0,21.0,55.05200341495423,49,7.0,-4.0,0.14,158.0,
2025-04-08 09:36:49,163.75,40.0,203.9,68.0,161.36,28.0,232.09,44.0,183.82,40.150000000000006,68.0,112.0,69.71996930578871,180,-44.0,131.0,-0.24,158.0,
2025-04-08 09:36:50,166.0,36.0,198.72,29.0,163.0,18.0,286.62,32.0,182.36,32.72,54.0,61.0,66.51707840848167,115,-7.0,-65.0,-0.06,158.0,
2025-04-08 09:36:51,166.7,40.0,168.8,50.0,163.0,24.0,169.61,46.0,167.75,2.1000000000000227,64.0,96.0,69.67805953096054,160,-32.0,45.0,-0.2,158.0,
2025-04-08 09:36:52,165.55,44.0,168.09,55.0,162.11,36.0,169.73,55.0,166.82,2.539999999999992,80.0,110.0,16.090947765748705,190,-30.0,30.0,-0.16,167.0,4.0
2025-04-08 09:36:53,163.0,22.0,167.79,19.0,159.15,13.0,169.29,35.0,165.39,4.789999999999992,35.0,54.0,9.056614709705093,89,-19.0,-101.0,-0.21,162.6,5.0
2025-04-08 09:36:54,159.0,24.0,164.36,44.0,158.0,12.0,166.19,52.0,161.68,5.360000000000014,36.0,96.0,7.924944794763117,132,-60.0,43.0,-0.45,162.6,
2025-04-08 09:36:55,143.64,28.0,160.48,63.0,119.08,25.0,161.9,31.0,152.06,16.840000000000003,53.0,94.0,6.402245699755501,147,-41.0,15.0,-0.28,158.67,3.0
2025-04-08 09:36:56,122.0,45.0,156.42,45.0,101.2,15.0,165.69,84.0,139.21,34.41999999999999,60.0,129.0,11.50662287554576,189,-69.0,42.0,-0.37,156.46,13.0
2025-04-08 09:36:57,125.16,57.0,157.91,11.0,91.11,27.0,221.0,34.0,141.53,32.75,84.0,45.0,11.68545805691967,129,39.0,-60.0,0.3,153.0,1.0
2025-04-08 09:36:58,131.3,54.0,158.0,16.0,101.21,34.0,159.0,8.0,144.65,26.69999999999999,88.0,24.0,9.135399827047836,112,64.0,-17.0,0.57,158.33,3.0
2025-04-08 09:36:59,139.65,46.0,258.0,16.0,117.74,23.0,346.2,20.0,198.83,118.35,69.0,36.0,24.83582251506947,105,33.0,-7.0,0.31,158.33,
2025-04-08 09:37:00,164.0,14.0,308.09,22.0,139.71,56.0,399.88,17.0,236.05,144.08999999999995,70.0,39.0,43.51397568597984,109,31.0,4.0,0.28,164.0,4.0
2025-04-08 09:37:01,164.0,20.0,234.94,34.0,162.0,80.0,617.93,14.0,199.47,70.94,100.0,48.0,40.374866934765926,148,52.0,39.0,0.35,164.0,
2025-04-08 09:37:02,164.0,12.0,285.0,24.0,162.0,48.0,369.31,16.0,224.5,121.0,60.0,40.0,35.223127345539154,100,20.0,-48.0,0.2,164.0,
2025-04-08 09:37:03,162.4,30.0,264.05,19.0,161.71,28.0,282.17,29.0,213.23,101.65,58.0,48.0,16.104579472935004,106,10.0,6.0,0.09,163.0,4.0
2025-04-08 09:37:04,161.71,14.0,242.0,20.0,145.0,8.0,243.0,4.0,201.86,80.28999999999999,22.0,24.0,15.413658553376612,46,-2.0,-60.0,-0.04,163.0,
2025-04-08 09:37:05,148.4,15.0,223.4,25.0,160.0,2.0,267.23,13.0,185.9,75.0,17.0,38.0,14.605076857040876,55,-21.0,9.0,-0.38,160.75,4.0
2025-04-08 09:37:10,131.67,54.0,174.83,24.0,133.97,58.0,236.0,30.0,153.25,43.160000000000025,112.0,54.0,5.203136554042972,166,58.0,-24.0,0.35,153.17,6.0
2025-04-08 09:37:11,121.06,125.0,275.37,27.0,88.39,66.0,335.96,26.0,198.22,154.31,191.0,53.0,23.94395268121008,244,138.0,78.0,0.57,158.0,4.0
2025-04-08 09:37:13,119.13,116.0,156.81,64.0,109.94,98.0,190.72,39.0,137.97,37.68000000000001,214.0,103.0,27.543557685963933,317,111.0,77.0,0.35,155.0,2.0
2025-04-08 09:37:14,123.29,52.0,157.0,36.0,100.28,50.0,422.0,6.0,140.14,33.709999999999994,102.0,42.0,27.58234634689411,144,60.0,-168.0,0.42,155.0,
2025-04-08 09:37:15,129.36,67.0,157.0,54.0,120.71,79.0,302.14,14.0,143.18,27.639999999999983,146.0,68.0,27.793653412245416,214,78.0,70.0,0.36,155.0,
2025-04-08 09:37:16,133.3,37.0,157.0,61.0,130.29,62.0,220.0,44.0,145.15,23.69999999999999,99.0,105.0,6.620881361269945,204,-6.0,-10.0,-0.03,157.0,1.0
2025-04-08 09:37:17,155.88,32.0,185.52,27.0,144.4,30.0,323.85,27.0,170.7,29.64000000000001,62.0,54.0,13.298397271852693,116,8.0,-88.0,0.07,156.56,9.0
2025-04-08 09:37:18,156.71,21.0,316.45,22.0,151.0,14.0,370.08,13.0,236.58,159.73999999999998,35.0,35.0,40.68546546372594,70,0.0,-46.0,0.0,156.56,
2025-04-08 09:37:19,164.52,27.0,381.18,11.0,163.24,42.0,546.68,41.0,272.85,216.66,69.0,52.0,58.184597360470406,121,17.0,51.0,0.14,156.56,
2025-04-08 09:37:20,168.0,12.0,399.44,9.0,166.0,30.0,409.12,8.0,283.72,231.44,42.0,17.0,61.53265352640079,59,25.0,-62.0,0.42,156.56,
2025-04-08 09:37:21,166.2,40.0,395.0,11.0,160.16,37.0,408.67,15.0,280.6,228.8,77.0,26.0,47.58662312036974,103,51.0,44.0,0.5,166.8,5.0
2025-04-08 09:37:22,166.75,16.0,292.0,7.0,162.57,14.0,315.88,8.0,229.38,125.25,30.0,15.0,25.67217520975027,45,15.0,-58.0,0.33,166.8,
2025-04-08 09:37:23,167.56,27.0,205.64,11.0,166.6,30.0,216.76,17.0,186.6,38.079999999999984,57.0,28.0,41.94723113627536,85,29.0,40.0,0.34,166.8,
2025-04-08 09:37:24,168.0,21.0,181.31,29.0,167.0,42.0,188.2,15.0,174.66,13.310000000000002,63.0,44.0,50.96012676593429,107,19.0,22.0,0.18,166.8,
2025-04-08 09:37:25,168.0,33.0,180.26,39.0,167.0,66.0,185.45,29.0,174.13,12.259999999999993,99.0,68.0,45.9314421720032,167,31.0,60.0,0.19,166.8,
2025-04-08 09:37:26,167.04,69.0,177.0,52.0,160.89,27.0,178.25,20.0,172.02,9.960000000000008,96.0,72.0,24.17589956961386,168,24.0,1.0,0.14,168.0,3.0
2025-04-08 09:37:27,167.0,47.0,175.07,70.0,166.0,14.0,177.0,14.0,171.04,8.069999999999993,61.0,84.0,6.277220722584711,145,-23.0,-23.0,-0.16,167.0,4.0
2025-04-08 09:37:28,159.5,36.0,171.41,32.0,64.27,45.0,171.89,27.0,165.45,11.909999999999997,81.0,59.0,3.673520110199983,140,22.0,-5.0,0.16,166.67,3.0
2025-04-08 09:37:29,158.0,21.0,167.65,26.0,81.36,22.0,169.5,10.0,162.83,9.650000000000006,43.0,36.0,4.749371537376487,79,7.0,-61.0,0.09,158.0,3.0
2025-04-08 09:37:30,158.0,10.0,167.0,25.0,124.0,10.0,169.0,5.0,162.5,9.0,20.0,30.0,4.508167033289721,50,-10.0,-29.0,-0.2,158.0,
2025-04-08 09:37:31,160.55,44.0,165.3,50.0,142.12,48.0,166.06,34.0,162.92,4.75,92.0,84.0,3.604021365091907,176,8.0,126.0,0.05,158.0,
2025-04-08 09:37:32,163.0,42.0,164.5,20.0,161.12,16.0,261.77,39.0,163.75,1.5,58.0,59.0,1.1884653970721968,117,-1.0,-59.0,-0.01,163.0,1.0
2025-04-08 09:37:33,161.64,56.0,164.0,22.0,160.0,30.0,191.4,50.0,162.82,2.3600000000000136,86.0,72.0,0.4673649537969516,158,14.0,41.0,0.09,162.43,7.0
2025-04-08 09:37:34,162.73,67.0,176.18,22.0,159.95,57.0,258.44,41.0,169.46,13.450000000000015,124.0,63.0,2.926704631499158,187,61.0,29.0,0.33,163.0,2.0
2025-04-08 09:37:35,163.0,23.0,357.38,29.0,160.0,42.0,454.91,33.0,260.19,194.38,65.0,62.0,42.776164741594734,127,3.0,-60.0,0.02,163.0,3.0
2025-04-08 09:37:36,161.6,15.0,357.21,19.0,159.5,32.0,367.2,25.0,259.41,195.61,47.0,44.0,51.79920684721018,91,3.0,-36.0,0.03,161.0,6.0
2025-04-08 09:37:37,159.43,14.0,257.11,27.0,143.62,29.0,297.14,28.0,208.27,97.68,43.0,55.0,46.93670365502962,98,-12.0,7.0,-0.12,159.0,4.0
2025-04-08 09:37:38,159.0,12.0,242.67,18.0,158.0,12.0,301.85,26.0,200.83,83.66999999999999,24.0,44.0,39.455926297580135,68,-20.0,-30.0,-0.29,159.0,
2025-04-08 09:37:39,165.47,17.0,239.63,35.0,148.2,20.0,320.97,32.0,202.55,74.16,37.0,67.0,30.75165036221763,104,-30.0,36.0,-0.29,159.0,
2025-04-08 09:37:40,168.0,16.0,240.12,24.0,167.0,8.0,388.0,32.0,204.06,72.12,24.0,56.0,24.9650411575882,80,-32.0,-24.0,-0.4,159.0,
2025-04-08 09:37:41,168.0,14.0,197.33,27.0,167.0,7.0,266.91,22.0,182.67,29.330000000000013,21.0,49.0,9.897877550266124,70,-28.0,-10.0,-0.4,159.0,
2025-04-08 09:37:42,162.0,56.0,212.57,35.0,160.25,16.0,337.38,40.0,187.29,50.56999999999999,72.0,75.0,9.790250252167167,147,-3.0,77.0,-0.02,165.4,5.0
2025-04-08 09:37:43,162.0,40.0,239.43,14.0,160.0,24.0,292.27,22.0,200.71,77.43,64.0,36.0,9.773989973396702,100,28.0,-47.0,0.28,165.4,
2025-04-08 09:37:44,166.0,48.0,237.64,25.0,160.85,95.0,239.11,35.0,201.82,71.63999999999999,143.0,60.0,9.646146899154042,203,83.0,103.0,0.41,165.4,
2025-04-08 09:37:45,166.0,40.0,234.57,21.0,159.0,70.0,235.93,29.0,200.29,68.57,110.0,50.0,8.910498302567515,160,60.0,-43.0,0.38,165.4,
2025-04-08 09:37:46,166.0,40.0,231.42,24.0,159.32,50.0,233.04,26.0,198.71,65.41999999999999,90.0,50.0,5.960501656745064,140,40.0,-20.0,0.29,165.4,
2025-04-08 09:37:47,166.0,28.0,229.12,16.0,161.0,14.0,230.16,19.0,197.56,63.120000000000005,42.0,35.0,1.6846869145517864,77,7.0,-63.0,0.09,165.4,
2025-04-08 09:37:48,165.74,38.0,225.37,27.0,160.44,25.0,227.17,23.0,195.55,59.63,63.0,50.0,2.421142292402757,113,13.0,36.0,0.12,165.4,
2025-04-08 09:37:49,160.16,25.0,225.0,18.0,158.77,26.0,226.0,12.0,192.58,64.84,51.0,30.0,2.986698846562859,81,21.0,-32.0,0.26,160.33,3.0
2025-04-08 09:37:50,159.78,54.0,206.88,43.0,158.33,36.0,214.08,37.0,183.33,47.1,90.0,80.0,6.166338459739081,170,10.0,89.0,0.06,163.2,5.0
2025-04-08 09:37:51,159.0,52.0,185.8,41.0,158.0,26.0,194.05,39.0,172.4,26.80000000000001,78.0,80.0,10.417990689190184,158,-2.0,-12.0,-0.01,158.8,5.0
2025-04-08 09:37:52,145.14,63.0,164.08,37.0,104.62,53.0,171.83,53.0,154.61,18.940000000000023,116.0,90.0,16.681514619483654,206,26.0,48.0,0.13,158.0,1.0
2025-04-08 09:37:54,129.3,10.0,158.0,30.0,71.5,20.0,296.14,37.0,143.65,28.69999999999999,30.0,67.0,26.370420550306484,97,-37.0,-28.0,-0.38,157.0,1.0
2025-04-08 09:38:00,147.0,12.0,155.82,11.0,97.86,35.0,157.0,6.0,151.41,8.819999999999993,47.0,17.0,16.343839206257613,64,30.0,-72.0,0.47,157.0,
2025-04-08 09:38:02,127.47,98.0,320.52,42.0,113.9,89.0,364.84,43.0,224.0,193.05,187.0,85.0,39.44881468434799,272,102.0,112.0,0.38,152.5,8.0
2025-04-08 09:38:03,164.12,98.0,439.5,40.0,162.84,58.0,524.8,50.0,301.81,275.38,156.0,90.0,71.25803477503476,246,66.0,-26.0,0.27,152.5,
2025-04-08 09:38:04,165.62,81.0,215.0,55.0,163.48,75.0,326.26,38.0,190.31,49.38,156.0,93.0,63.41999132765688,249,63.0,3.0,0.25,166.0,5.0
2025-04-08 09:38:05,168.0,54.0,268.91,43.0,167.0,9.0,511.92,25.0,218.45,100.91000000000004,63.0,68.0,56.48300647097396,131,-5.0,-118.0,-0.04,168.0,5.0
2025-04-08 09:38:06,168.0,7.0,342.06,33.0,167.0,7.0,558.97,29.0,255.03,174.06,14.0,62.0,42.46835174574244,76,-48.0,-55.0,-0.63,168.0,
2025-04-08 09:38:07,168.0,10.0,317.05,38.0,167.0,10.0,538.45,22.0,242.53,149.05,20.0,60.0,41.752416457016096,80,-40.0,4.0,-0.5,168.0,
2025-04-08 09:38:08,163.54,28.0,174.86,28.0,162.83,18.0,329.88,34.0,169.2,11.320000000000022,46.0,62.0,35.63490676289309,108,-16.0,28.0,-0.15,165.25,4.0
2025-04-08 09:38:09,162.33,15.0,173.89,18.0,159.09,11.0,175.0,36.0,168.11,11.559999999999974,26.0,54.0,40.5416820075349,80,-28.0,-28.0,-0.35,162.0,2.0
2025-04-08 09:38:10,159.35,83.0,172.08,26.0,157.62,16.0,199.13,53.0,165.71,12.730000000000018,99.0,79.0,44.66108686541416,178,20.0,98.0,0.11,162.0,1.0
2025-04-08 09:38:11,164.81,86.0,171.64,28.0,160.95,42.0,306.0,70.0,168.23,6.829999999999984,128.0,98.0,33.43939413326821,226,30.0,48.0,0.13,164.33,6.0
2025-04-08 09:38:12,165.0,48.0,169.0,16.0,164.0,8.0,291.66,32.0,167.0,4.0,56.0,48.0,1.3357207792194945,104,8.0,-122.0,0.08,164.33,
2025-04-08 09:38:13,165.75,24.0,168.0,8.0,164.0,4.0,354.0,16.0,166.88,2.25,28.0,24.0,1.0308394637567562,52,4.0,-52.0,0.08,164.33,
2025-04-08 09:38:14,166.71,42.0,168.0,14.0,164.0,7.0,347.14,28.0,167.36,1.289999999999992,49.0,42.0,0.9102911622322684,91,7.0,39.0,0.08,164.33,
2025-04-08 09:38:15,164.65,23.0,378.44,50.0,159.79,19.0,421.46,39.0,271.55,213.79,42.0,89.0,46.594826214935686,131,-47.0,40.0,-0.36,168.0,2.0
2025-04-08 09:38:16,165.16,25.0,395.0,30.0,164.44,9.0,461.0,24.0,280.08,229.84,34.0,54.0,59.63318187049957,88,-20.0,-43.0,-0.23,165.0,1.0
2025-04-08 09:38:17,166.0,32.0,372.15,39.0,165.0,32.0,431.41,37.0,269.08,206.15,64.0,76.0,58.44796574732176,140,-12.0,52.0,-0.09,165.0,
2025-04-08 09:38:18,166.74,38.0,287.2,50.0,165.37,19.0,499.89,45.0,226.97,120.45999999999998,57.0,95.0,47.03340695718426,152,-38.0,12.0,-0.25,167.0,4.0
2025-04-08 09:38:19,166.0,15.0,283.88,73.0,165.0,60.0,350.23,64.0,224.94,117.88,75.0,137.0,26.40694473050831,212,-62.0,60.0,-0.29,167.0,
2025-04-08 09:38:20,165.11,36.0,278.85,53.0,164.67,24.0,280.44,52.0,221.98,113.74,60.0,105.0,27.6906897711146,165,-45.0,-47.0,-0.27,166.0,1.0
2025-04-08 09:38:21,165.0,44.0,274.51,49.0,164.0,11.0,275.8,50.0,219.76,109.51,55.0,99.0,20.60824058477819,154,-44.0,-11.0,-0.29,166.0,
2025-04-08 09:38:22,165.0,52.0,172.93,55.0,164.0,13.0,195.74,54.0,168.96,7.930000000000007,65.0,109.0,24.50735440638339,174,-44.0,20.0,-0.25,166.0,
2025-04-08 09:38:23,165.0,40.0,168.78,55.0,164.0,12.0,169.91,53.0,166.89,3.780000000000001,52.0,108.0,29.807948268877343,160,-56.0,-14.0,-0.35,165.0,2.0
2025-04-08 09:38:24,164.82,17.0,166.35,46.0,163.1,10.0,168.12,41.0,165.59,1.5300000000000011,27.0,87.0,29.460470634395097,114,-60.0,-46.0,-0.53,165.0,2.0
2025-04-08 09:38:25,161.75,12.0,164.65,43.0,159.09,68.0,165.59,39.0,163.2,2.9000000000000057,80.0,82.0,24.06152218792577,162,-2.0,48.0,-0.01,164.0,1.0
2025-04-08 09:38:26,159.3,33.0,162.2,30.0,158.9,39.0,163.84,25.0,160.75,2.8999999999999773,72.0,55.0,3.196634167375564,127,17.0,-35.0,0.13,162.0,2.0
2025-04-08 09:38:27,159.0,58.0,161.72,40.0,158.0,12.0,194.76,25.0,160.36,2.719999999999999,70.0,65.0,2.8840717744243336,135,5.0,8.0,0.04,159.0,5.0
2025-04-08 09:38:28,158.92,24.0,162.0,36.0,156.13,15.0,166.39,31.0,160.46,3.0800000000000125,39.0,67.0,2.287240695692056,106,-28.0,-29.0,-0.26,159.0,
2025-04-08 09:38:29,123.73,15.0,160.25,24.0,106.67,12.0,163.0,16.0,141.99,36.52,27.0,40.0,8.666664294872922,67,-13.0,-39.0,-0.19,158.0,1.0
2025-04-08 09:38:31,143.14,14.0,164.7,23.0,123.95,21.0,222.36,33.0,153.92,21.56,35.0,56.0,11.486629183534134,91,-21.0,-28.0,-0.23,158.0,
2025-04-08 09:38:32,148.32,34.0,199.55,33.0,137.94,31.0,243.03,37.0,173.93,51.23000000000002,65.0,70.0,15.395737397085623,135,-5.0,44.0,-0.04,159.0,1.0
2025-04-08 09:38:33,159.0,24.0,251.56,25.0,140.0,18.0,267.79,28.0,205.28,92.56,42.0,53.0,28.384151740012072,95,-11.0,-40.0,-0.12,159.0,
2025-04-08 09:38:34,159.0,58.0,249.25,48.0,140.65,26.0,452.35,40.0,204.12,90.25,84.0,88.0,30.93154102207071,172,-4.0,77.0,-0.02,159.0,5.0
2025-04-08 09:38:35,156.4,20.0,222.04,50.0,131.67,18.0,262.12,41.0,189.22,65.63999999999999,38.0,91.0,21.69527782721518,129,-53.0,-43.0,-0.41,161.67,3.0
2025-04-08 09:38:36,124.09,33.0,154.0,60.0,87.82,34.0,191.57,21.0,139.05,29.91,67.0,81.0,27.352772254381293,148,-14.0,19.0,-0.09,161.67,
2025-04-08 09:38:37,119.33,72.0,153.79,29.0,77.33,36.0,154.73,11.0,136.56,34.459999999999994,108.0,40.0,34.412856318533684,148,68.0,0.0,0.46,154.0,2.0
2025-04-08 09:38:41,132.46,35.0,153.08,26.0,124.12,69.0,154.14,28.0,142.77,20.620000000000005,104.0,54.0,3.482121479788673,158,50.0,-64.0,0.32,153.4,5.0
2025-04-08 09:38:43,126.25,16.0,453.57,28.0,124.24,55.0,557.63,35.0,289.91,327.32,71.0,63.0,67.59443120553675,134,8.0,59.0,0.06,154.56,9.0
2025-04-08 09:38:44,140.69,36.0,361.92,24.0,132.41,17.0,450.64,33.0,251.31,221.23,53.0,57.0,72.61717854612684,110,-4.0,-24.0,-0.04,154.56,
2025-04-08 09:38:45,143.55,62.0,266.56,54.0,139.2,71.0,394.9,58.0,205.05,123.01,133.0,112.0,65.48417656197623,245,21.0,135.0,0.09,153.2,5.0
2025-04-08 09:38:46,147.0,40.0,341.58,24.0,146.36,56.0,548.75,48.0,244.29,194.58,96.0,72.0,55.914971340420976,168,24.0,-77.0,0.14,153.2,
2025-04-08 09:38:47,161.29,49.0,340.86,28.0,163.45,85.0,441.39,46.0,251.07,179.57000000000002,134.0,74.0,30.14450331320988,208,60.0,40.0,0.29,153.2,
2025-04-08 09:38:48,167.07,60.0,339.7,20.0,160.03,62.0,416.6,20.0,253.38,172.63,122.0,40.0,20.39724246068848,162,82.0,-46.0,0.51,168.0,2.0
2025-04-08 09:38:49,167.0,77.0,272.3,40.0,158.0,66.0,313.26,43.0,219.65,105.3,143.0,83.0,21.298542673152685,226,60.0,64.0,0.27,168.0,
2025-04-08 09:38:50,167.0,58.0,245.43,46.0,158.0,60.0,246.78,23.0,206.22,78.43,118.0,69.0,20.894101320710263,187,49.0,-39.0,0.26,167.0,2.0
2025-04-08 09:38:51,167.0,55.0,218.17,48.0,158.47,45.0,226.05,19.0,192.58,51.16999999999999,100.0,67.0,27.002567470522045,167,33.0,-20.0,0.2,167.0,
2025-04-08 09:38:52,160.14,35.0,212.84,37.0,158.05,63.0,215.19,37.0,186.49,52.70000000000002,98.0,74.0,26.60623667488662,172,24.0,5.0,0.14,167.0,5.0
2025-04-08 09:38:53,159.0,33.0,207.04,27.0,158.0,66.0,207.96,24.0,183.02,48.03999999999999,99.0,51.0,15.179883728147187,150,48.0,-22.0,0.32,167.0,
2025-04-08 09:38:54,158.29,51.0,201.41,41.0,143.75,120.0,202.38,34.0,179.85,43.120000000000005,171.0,75.0,10.40589592491008,246,96.0,96.0,0.39,158.6,5.0
2025-04-08 09:38:55,158.77,86.0,171.41,44.0,147.89,94.0,176.51,53.0,165.09,12.639999999999986,180.0,97.0,10.27062948411892,277,83.0,31.0,0.3,158.6,
2025-04-08 09:38:56,159.0,78.0,164.07,59.0,158.0,52.0,165.21,28.0,161.53,5.069999999999993,130.0,87.0,11.1727337746877,217,43.0,-60.0,0.2,158.6,
2025-04-08 09:38:57,159.0,23.0,163.15,39.0,158.0,52.0,164.18,45.0,161.08,4.150000000000006,75.0,84.0,10.510629381727949,159,-9.0,-58.0,-0.06,160.38,8.0
2025-04-08 09:38:58,158.13,23.0,179.49,37.0,130.2,82.0,230.33,27.0,168.81,21.360000000000014,105.0,64.0,7.691620115426942,169,41.0,10.0,0.24,159.29,7.0
2025-04-08 09:38:59,158.0,20.0,265.8,30.0,121.15,92.0,346.44,18.0,211.9,107.8,112.0,48.0,21.59083069268169,160,64.0,-9.0,0.4,159.29,
2025-04-08 09:39:00,159.0,92.0,212.64,22.0,158.0,20.0,306.89,18.0,185.82,53.63999999999999,112.0,40.0,21.51870047191626,152,72.0,-8.0,0.47,159.29,
2025-04-08 09:39:01,159.25,130.0,224.69,32.0,158.8,70.0,359.24,34.0,191.97,65.44,200.0,66.0,20.00793917423917,266,134.0,114.0,0.5,159.29,
2025-04-08 09:39:02,161.27,52.0,296.0,22.0,159.63,99.0,340.82,44.0,228.63,134.73,151.0,66.0,23.27299357624769,217,85.0,-49.0,0.39,161.0,3.0
2025-04-08 09:39:03,162.27,22.0,258.83,24.0,161.55,44.0,299.55,33.0,210.55,96.55999999999996,66.0,57.0,17.11320630390674,123,9.0,-94.0,0.07,163.0,1.0
2025-04-08 09:39:04,161.84,50.0,251.0,30.0,160.38,91.0,359.82,51.0,206.42,89.16,141.0,81.0,16.795316906806864,222,60.0,99.0,0.27,161.8,5.0
2025-04-08 09:39:05,159.6,78.0,248.04,25.0,158.9,134.0,342.23,47.0,203.82,88.44,212.0,72.0,13.3101716743277,284,140.0,62.0,0.49,161.5,4.0
2025-04-08 09:39:06,161.37,43.0,222.27,30.0,159.06,188.0,314.28,39.0,191.82,60.900000000000006,231.0,69.0,13.35620717120229,300,162.0,16.0,0.54,161.5,
2025-04-08 09:39:07,165.0,18.0,222.56,18.0,161.0,27.0,406.65,34.0,193.78,57.56,45.0,52.0,8.132430141112184,97,-7.0,-168.0,-0.07,161.5,
2025-04-08 09:39:08,165.0,20.0,206.27,22.0,161.0,30.0,293.11,38.0,185.64,41.27000000000001,50.0,60.0,8.646113577791226,110,-10.0,13.0,-0.09,161.5,
2025-04-08 09:39:09,165.0,22.0,196.78,36.0,161.0,33.0,255.09,44.0,180.89,31.78,55.0,80.0,8.71083233681268,135,-25.0,25.0,-0.19,161.5,
2025-04-08 09:39:10,164.78,23.0,217.5,40.0,161.47,32.0,348.3,40.0,191.14,52.72,55.0,80.0,5.287804837553987,135,-25.0,0.0,-0.19,165.0,2.0
2025-04-08 09:39:11,164.0,65.0,208.29,42.0,161.0,39.0,272.77,52.0,186.14,44.28999999999999,104.0,94.0,5.042015470033621,198,10.0,63.0,0.05,165.0,
2025-04-08 09:39:12,160.02,110.0,227.57,28.0,159.19,54.0,230.72,50.0,193.79,67.54999999999998,164.0,78.0,5.045121405878987,242,86.0,44.0,0.36,160.2,5.0
2025-04-08 09:39:13,159.0,93.0,220.7,20.0,158.0,20.0,226.0,40.0,189.85,61.69999999999999,113.0,60.0,5.004065347301047,173,53.0,-69.0,0.31,159.0,3.0
2025-04-08 09:39:14,159.0,127.0,220.0,22.0,158.0,22.0,241.64,44.0,189.5,61.0,149.0,66.0,2.7749108093884205,215,83.0,42.0,0.39,159.0,4.0
2025-04-08 09:39:15,159.0,57.0,193.55,22.0,128.21,28.0,245.69,26.0,176.27,34.55000000000001,85.0,48.0,6.638685863938581,133,37.0,-82.0,0.28,159.0,4.0
2025-04-08 09:39:16,159.46,70.0,203.77,26.0,140.4,110.0,488.6,40.0,181.61,44.31,180.0,66.0,7.097420658243186,246,114.0,113.0,0.46,163.0,4.0
2025-04-08 09:39:17,159.0,70.0,217.0,28.0,131.6,50.0,471.69,35.0,188.0,58.0,120.0,63.0,5.9259370567072525,183,57.0,-63.0,0.31,163.0,
2025-04-08 09:39:18,159.0,46.0,216.38,26.0,158.0,9.0,316.75,16.0,187.69,57.38,55.0,42.0,5.555315472595219,97,13.0,-86.0,0.13,163.0,
2025-04-08 09:39:19,159.0,60.0,214.68,38.0,158.0,10.0,215.73,22.0,186.84,55.68000000000001,70.0,60.0,5.077230544308126,130,10.0,33.0,0.08,163.0,
2025-04-08 09:39:20,159.78,54.0,210.76,46.0,158.69,26.0,211.79,53.0,185.27,50.97999999999999,80.0,99.0,2.6123303772794277,179,-19.0,49.0,-0.11,163.0,
2025-04-08 09:39:21,166.0,10.0,207.67,18.0,159.0,39.0,209.06,17.0,186.83,41.66999999999999,49.0,35.0,1.060202810813905,84,14.0,-95.0,0.17,163.0,
2025-04-08 09:39:22,166.0,24.0,205.29,41.0,159.0,108.0,206.46,50.0,185.65,39.28999999999999,132.0,91.0,0.9831480051636956,223,41.0,139.0,0.18,163.0,
2025-04-08 09:39:23,166.0,24.0,200.95,37.0,159.0,75.0,202.0,46.0,183.47,34.94999999999999,99.0,83.0,1.387270701794262,182,16.0,-41.0,0.09,163.0,
2025-04-08 09:39:24,166.0,10.0,190.46,13.0,159.0,30.0,199.59,17.0,178.23,24.460000000000008,40.0,30.0,3.38591198941371,70,10.0,-112.0,0.14,163.0,
2025-04-08 09:39:25,166.0,28.0,178.7,53.0,159.3,60.0,179.16,49.0,172.35,12.699999999999989,88.0,102.0,5.99457087705647,190,-14.0,120.0,-0.07,163.0,
2025-04-08 09:39:26,166.0,34.0,170.34,65.0,162.29,21.0,171.13,62.0,168.17,4.340000000000003,55.0,127.0,7.35085573250154,182,-72.0,-8.0,-0.4,163.0,
2025-04-08 09:39:27,163.06,47.0,165.55,31.0,161.08,26.0,167.9,69.0,164.31,2.490000000000009,73.0,100.0,7.677452702560103,173,-27.0,-9.0,-0.16,164.2,5.0
2025-04-08 09:39:28,119.94,69.0,227.07,29.0,102.0,26.0,242.58,53.0,173.51,107.13,95.0,82.0,5.307247874373868,177,13.0,4.0,0.07,159.4,10.0
2025-04-08 09:39:42,149.09,35.0,154.0,13.0,148.21,43.0,155.0,52.0,151.54,4.909999999999997,78.0,65.0,2.6757653110891826,143,13.0,49.0,0.09,159.4,
2025-04-08 09:39:43,150.55,22.0,153.06,16.0,149.0,28.0,154.31,13.0,151.8,2.509999999999991,50.0,29.0,2.3295235564443515,79,21.0,-64.0,0.27,153.0,2.0
2025-04-08 09:39:44,151.6,10.0,153.0,3.0,149.91,11.0,154.0,3.0,152.3,1.4000000000000057,21.0,6.0,2.1003523513996,27,15.0,-52.0,0.56,153.0,
2025-04-08 09:39:45,151.5,32.0,154.0,11.0,140.93,29.0,155.0,44.0,152.75,2.5,61.0,55.0,1.5037685992300895,116,6.0,89.0,0.05,153.0,1.0
2025-04-08 09:39:48,142.03,33.0,154.21,29.0,135.2,45.0,364.11,36.0,148.12,12.180000000000009,78.0,65.0,13.389263235892797,143,13.0,13.0,0.09,148.0,3.0
2025-04-08 09:39:49,146.14,43.0,152.06,17.0,145.74,31.0,207.91,22.0,149.1,5.920000000000016,74.0,39.0,13.407653411392692,113,35.0,-30.0,0.31,152.33,3.0
2025-04-08 09:39:50,150.11,27.0,155.0,21.0,149.53,17.0,210.0,29.0,152.56,4.889999999999986,44.0,50.0,13.400615657499849,94,-6.0,-19.0,-0.06,154.0,3.0
2025-04-08 09:39:51,152.39,18.0,154.75,16.0,150.15,26.0,206.7,23.0,153.57,2.3600000000000136,44.0,39.0,9.080389308836509,83,5.0,-11.0,0.06,154.0,2.0
2025-04-08 09:39:52,154.62,24.0,268.23,13.0,132.08,25.0,453.59,29.0,211.43,113.61,49.0,42.0,27.193740640081806,91,7.0,8.0,0.08,157.0,1.0
2025-04-08 09:39:53,154.23,13.0,269.77,26.0,132.5,24.0,432.7,43.0,212.0,115.54,37.0,69.0,32.89025037910237,106,-32.0,15.0,-0.3,155.0,3.0
2025-04-08 09:39:54,160.92,13.0,300.23,44.0,149.88,34.0,473.08,24.0,230.58,139.31000000000003,47.0,68.0,36.39476569508384,115,-21.0,9.0,-0.18,155.0,
2025-04-08 09:39:55,163.55,11.0,310.0,55.0,161.46,26.0,446.38,26.0,236.77,146.45,37.0,81.0,32.879228245201546,118,-44.0,3.0,-0.37,155.0,
2025-04-08 09:39:56,164.38,8.0,309.9,39.0,163.0,8.0,538.8,15.0,237.14,145.51999999999998,16.0,54.0,12.927572471274946,70,-38.0,-48.0,-0.54,155.0,
2025-04-08 09:39:57,161.82,11.0,307.66,41.0,159.17,47.0,309.15,40.0,234.74,145.84000000000003,58.0,81.0,10.527510626927334,139,-23.0,69.0,-0.17,162.4,5.0
2025-04-08 09:39:58,162.0,10.0,304.49,37.0,159.08,49.0,305.31,26.0,233.24,142.49,59.0,63.0,2.698792322515742,122,-4.0,-17.0,-0.03,162.4,
2025-04-08 09:39:59,166.0,7.0,302.44,18.0,161.0,7.0,303.23,26.0,234.22,136.44,14.0,44.0,1.676281599275685,58,-30.0,-64.0,-0.52,162.4,
2025-04-08 09:40:00,166.0,12.0,299.09,34.0,161.0,12.0,299.73,30.0,232.54,133.08999999999995,24.0,64.0,1.764788939241719,88,-40.0,30.0,-0.45,162.4,
2025-04-08 09:40:01,166.0,12.0,256.89,28.0,161.0,20.0,262.87,39.0,211.45,90.89,32.0,67.0,9.980286569035377,99,-35.0,11.0,-0.35,162.4,
2025-04-08 09:40:02,160.35,26.0,248.05,42.0,139.53,32.0,249.26,23.0,204.2,87.70000000000002,58.0,65.0,14.217204366543566,123,-7.0,24.0,-0.06,160.12,8.0
2025-04-08 09:40:03,159.0,39.0,235.95,38.0,133.08,65.0,247.86,42.0,197.47,76.94999999999999,104.0,80.0,16.649628524386433,184,24.0,61.0,0.13,160.12,
2025-04-08 09:40:04,159.91,46.0,239.81,54.0,144.04,69.0,249.6,43.0,199.86,79.9,115.0,97.0,14.138604245117673,212,18.0,28.0,0.08,160.12,
2025-04-08 09:40:05,161.62,16.0,246.29,17.0,161.29,34.0,247.52,31.0,203.96,84.66999999999999,50.0,48.0,5.325689626711015,98,2.0,-114.0,0.02,161.75,8.0
2025-04-08 09:40:06,159.0,33.0,239.76,34.0,158.0,11.0,241.06,36.0,199.38,80.75999999999999,44.0,70.0,2.974185602825822,114,-26.0,16.0,-0.23,161.75,
2025-04-08 09:40:07,159.0,27.0,234.9,31.0,158.0,9.0,235.94,34.0,196.95,75.9,36.0,65.0,2.768398453990304,101,-29.0,-13.0,-0.29,161.75,
2025-04-08 09:40:08,159.0,42.0,232.37,46.0,158.0,14.0,233.26,42.0,195.68,73.37,56.0,88.0,3.1848359455481785,144,-32.0,43.0,-0.22,161.75,
2025-04-08 09:40:09,160.38,16.0,199.79,39.0,138.55,20.0,206.44,27.0,180.08,39.41,36.0,66.0,9.02935213623071,102,-30.0,-42.0,-0.29,160.75,4.0
2025-04-08 09:40:15,147.0,71.0,154.0,31.0,144.69,85.0,155.0,12.0,150.5,7.0,156.0,43.0,11.133763065560244,199,113.0,24.0,0.57,154.0,1.0
2025-04-08 09:40:16,149.94,129.0,299.05,43.0,148.88,56.0,406.56,48.0,224.49,149.11,185.0,91.0,42.52953467885627,276,94.0,77.0,0.34,155.86,7.0
2025-04-08 09:40:17,152.71,42.0,247.33,12.0,150.69,29.0,360.42,19.0,200.02,94.62,71.0,31.0,42.94478408375158,102,40.0,-168.0,0.39,155.86,
2025-04-08 09:40:18,154.14,14.0,178.0,25.0,154.95,22.0,385.8,15.0,166.07,23.860000000000014,36.0,40.0,38.26101736755107,76,-4.0,-26.0,-0.05,158.0,2.0
2025-04-08 09:40:19,162.99,101.0,182.8,50.0,161.77,13.0,265.81,37.0,172.9,19.81,114.0,87.0,29.3929299322141,201,27.0,125.0,0.13,158.0,
2025-04-08 09:40:20,163.92,120.0,321.92,37.0,162.0,12.0,509.0,36.0,242.92,158.00000000000003,132.0,73.0,32.86088023775464,205,59.0,4.0,0.29,158.0,
2025-04-08 09:40:21,165.0,90.0,243.39,31.0,162.0,9.0,419.89,27.0,204.19,78.38999999999999,99.0,58.0,30.44131978085135,157,41.0,-48.0,0.26,158.0,
2025-04-08 09:40:22,165.09,44.0,171.0,20.0,164.14,14.0,507.0,15.0,168.05,5.909999999999997,58.0,35.0,32.95955293993001,93,23.0,-64.0,0.25,158.0,
2025-04-08 09:40:23,165.62,47.0,171.0,32.0,162.91,23.0,374.0,8.0,168.31,5.379999999999996,70.0,40.0,32.55163482837766,110,30.0,17.0,0.27,165.9,10.0
2025-04-08 09:40:24,165.37,19.0,170.89,27.0,161.2,15.0,291.2,10.0,168.13,5.519999999999982,34.0,37.0,33.28635606370949,71,-3.0,-39.0,-0.04,165.9,
2025-04-08 09:40:25,163.55,11.0,168.36,33.0,161.77,13.0,171.0,44.0,165.95,4.810000000000002,24.0,77.0,16.387393935584914,101,-53.0,30.0,-0.52,165.9,
2025-04-08 09:40:26,164.0,12.0,166.25,36.0,162.0,12.0,183.12,48.0,165.12,2.25,24.0,84.0,1.4722160167729248,108,-60.0,7.0,-0.56,165.9,
2025-04-08 09:40:27,165.0,11.0,166.0,33.0,162.8,15.0,190.7,43.0,165.5,1.0,26.0,76.0,1.507305543027884,102,-50.0,-6.0,-0.49,165.9,
2025-04-08 09:40:28,163.94,17.0,165.61,51.0,162.67,49.0,251.16,19.0,164.77,1.670000000000016,66.0,70.0,1.3248131943947368,136,-4.0,34.0,-0.03,162.2,5.0
2025-04-08 09:40:29,161.0,12.0,165.55,11.0,159.0,48.0,183.94,17.0,163.27,4.550000000000011,60.0,28.0,1.0225311731395366,88,32.0,-48.0,0.36,162.2,
2025-04-08 09:40:30,161.0,33.0,165.95,21.0,159.0,132.0,209.23,44.0,163.48,4.949999999999989,165.0,65.0,0.998083162888736,230,100.0,142.0,0.43,162.2,
2025-04-08 09:40:31,161.0,36.0,163.11,27.0,159.32,88.0,164.2,15.0,162.06,2.1100000000000136,124.0,42.0,1.3454107179749248,166,82.0,-64.0,0.49,162.2,
2025-04-08 09:40:32,159.43,111.0,161.94,33.0,157.18,128.0,169.52,81.0,160.69,2.509999999999991,239.0,114.0,1.5450987023622642,353,125.0,168.0,0.35,160.43,7.0
2025-04-08 09:40:33,159.0,124.0,288.0,17.0,144.28,47.0,457.51,51.0,223.5,129.0,171.0,68.0,27.35860467933341,239,103.0,-114.0,0.43,159.0,2.0
2025-04-08 09:40:34,159.0,84.0,256.44,16.0,78.0,30.0,337.56,41.0,207.72,97.44,114.0,57.0,29.863765670123488,171,57.0,-68.0,0.33,159.0,2.0
2025-04-08 09:40:35,159.0,64.0,164.0,40.0,98.45,20.0,291.0,24.0,161.5,5.0,84.0,64.0,30.20659663053827,148,20.0,-23.0,0.14,159.0,5.0
2025-04-08 09:40:36,160.33,18.0,366.83,36.0,138.64,14.0,447.23,22.0,263.58,206.5,32.0,58.0,43.657928489565904,90,-26.0,-58.0,-0.29,159.0,
2025-04-08 09:40:38,144.38,24.0,297.08,36.0,109.9,30.0,523.19,26.0,220.73,152.7,54.0,62.0,58.60182787251654,116,-8.0,14.0,-0.07,155.0,5.0
2025-04-08 09:40:39,146.88,24.0,343.0,36.0,145.62,24.0,535.55,38.0,244.94,196.12,48.0,74.0,56.77661023696341,122,-26.0,6.0,-0.21,155.0,
2025-04-08 09:40:40,150.25,36.0,158.0,48.0,136.75,36.0,369.67,60.0,154.12,7.75,72.0,108.0,59.406979977104186,180,-36.0,58.0,-0.2,155.0,
2025-04-08 09:40:41,151.31,13.0,158.0,20.0,129.4,15.0,355.0,17.0,154.65,6.689999999999998,28.0,37.0,67.91296879094634,65,-9.0,-115.0,-0.14,155.0,
2025-04-08 09:40:42,152.97,80.0,157.57,65.0,135.34,29.0,343.69,48.0,155.27,4.599999999999994,109.0,113.0,43.65652723247743,222,-4.0,157.0,-0.02,154.67,6.0
2025-04-08 09:40:43,153.17,54.0,158.0,24.0,130.22,32.0,375.2,50.0,155.58,4.8300000000000125,86.0,74.0,40.2688188304554,160,12.0,-62.0,0.07,158.0,5.0
2025-04-08 09:40:44,154.06,16.0,158.0,12.0,153.11,28.0,285.25,24.0,156.03,3.9399999999999977,44.0,36.0,0.7554137939121539,80,8.0,-80.0,0.1,155.0,1.0
2025-04-08 09:40:45,154.0,18.0,158.0,12.0,153.0,30.0,461.64,22.0,156.0,4.0,48.0,34.0,0.5728263262393686,82,14.0,2.0,0.17,155.0,
2025-04-08 09:40:46,154.0,42.0,157.65,34.0,130.79,38.0,419.48,61.0,155.82,3.6500000000000057,80.0,95.0,0.3180408779276265,175,-15.0,93.0,-0.09,155.0,
2025-04-08 09:40:47,149.04,23.0,156.27,45.0,110.3,20.0,157.33,30.0,152.66,7.230000000000018,43.0,75.0,1.441152316735751,118,-32.0,-57.0,-0.27,155.0,3.0
2025-04-08 09:40:48,142.0,8.0,155.93,29.0,106.0,16.0,156.94,17.0,148.97,13.930000000000009,24.0,46.0,3.101439988139765,70,-22.0,-48.0,-0.31,156.0,1.0
2025-04-08 09:40:49,138.5,10.0,155.5,16.0,117.43,14.0,157.0,16.0,147.0,17.0,24.0,32.0,4.036347358693475,56,-8.0,-14.0,-0.14,155.33,3.0
2025-04-08 09:40:50,131.67,12.0,155.36,22.0,106.47,15.0,189.62,21.0,143.52,23.690000000000023,27.0,43.0,4.800393733854648,70,-16.0,14.0,-0.23,154.0,2.0
2025-04-08 09:40:51,126.5,4.0,156.0,12.0,90.2,5.0,157.0,6.0,141.25,29.5,9.0,18.0,4.488245759762955,27,-9.0,-43.0,-0.33,154.0,
2025-04-08 09:40:52,133.0,7.0,202.91,11.0,66.86,14.0,323.5,20.0,167.95,69.91,21.0,31.0,10.612175554523724,52,-10.0,25.0,-0.19,156.33,6.0
2025-04-08 09:40:53,116.33,9.0,155.0,18.0,54.47,15.0,242.0,24.0,135.67,38.67,24.0,42.0,12.37349869681289,66,-18.0,14.0,-0.27,155.0,2.0
2025-04-08 09:40:57,127.36,28.0,189.15,46.0,78.22,23.0,229.7,47.0,158.25,61.790000000000006,51.0,93.0,17.250792155725097,144,-42.0,58.0,-0.29,155.0,
2025-04-08 09:40:58,166.0,25.0,291.4,43.0,154.11,18.0,429.44,32.0,228.7,125.39999999999998,43.0,75.0,46.32396647524941,118,-32.0,-26.0,-0.27,166.0,1.0
2025-04-08 09:40:59,166.0,10.0,353.58,19.0,161.0,10.0,431.53,15.0,259.79,187.58,20.0,34.0,61.80493629152965,54,-14.0,-64.0,-0.26,166.0,
2025-04-08 09:41:00,166.0,8.0,184.0,20.0,161.0,8.0,268.0,20.0,175.0,18.0,16.0,40.0,50.77224015148476,56,-24.0,2.0,-0.43,166.0,
2025-04-08 09:41:01,132.42,24.0,175.98,47.0,102.89,27.0,182.3,50.0,154.2,43.56,51.0,97.0,46.76660100969539,148,-46.0,92.0,-0.31,156.86,7.0
2025-04-08 09:41:12,129.2,5.0,154.14,14.0,128.0,25.0,158.29,17.0,141.67,24.94,30.0,31.0,3.592668924355304,61,-1.0,-83.0,-0.02,153.17,6.0
2025-04-08 09:41:13,130.86,7.0,155.0,28.0,128.0,35.0,156.0,7.0,142.93,24.139999999999983,42.0,35.0,4.098448486931213,77,7.0,16.0,0.09,153.17,
2025-04-08 09:41:15,150.19,16.0,154.21,38.0,147.35,40.0,155.67,24.0,152.2,4.02000000000001,56.0,62.0,5.805667059006236,118,-6.0,-100.0,-0.05,150.0,3.0
2025-04-08 09:41:16,154.0,14.0,155.0,42.0,153.0,14.0,156.0,28.0,154.5,1.0,28.0,70.0,5.6029394071354055,98,-42.0,-20.0,-0.43,155.0,2.0
2025-04-08 09:41:17,154.0,12.0,155.21,39.0,153.0,12.0,162.67,24.0,154.6,1.210000000000008,24.0,63.0,4.978523877619878,87,-39.0,-11.0,-0.45,155.4,5.0
2025-04-08 09:41:18,154.0,10.0,155.0,20.0,123.35,17.0,159.0,20.0,154.5,1.0,27.0,40.0,2.838217750637124,67,-13.0,-20.0,-0.19,155.0,2.0
2025-04-08 09:41:19,154.6,10.0,335.53,17.0,75.3,80.0,431.27,37.0,245.06,180.93,90.0,54.0,40.758176112284936,144,36.0,77.0,0.25,157.67,3.0
2025-04-08 09:41:20,155.0,10.0,377.52,29.0,114.4,100.0,474.64,36.0,266.26,222.52,110.0,65.0,55.89420792890832,175,45.0,31.0,0.26,157.67,
2025-04-08 09:41:21,156.42,12.0,208.11,46.0,148.0,156.0,209.3,44.0,182.26,51.690000000000026,168.0,90.0,52.1187881670328,258,78.0,83.0,0.3,157.67,
2025-04-08 09:41:22,148.99,86.0,202.18,44.0,128.4,146.0,205.12,52.0,175.59,53.19,232.0,96.0,48.19113798199871,328,136.0,70.0,0.41,159.0,1.0
2025-04-08 09:41:23,136.27,103.0,184.92,39.0,126.24,82.0,196.58,43.0,160.6,48.64999999999998,185.0,82.0,46.65419681014816,267,103.0,-61.0,0.39,159.0,
2025-04-08 09:41:24,162.0,21.0,177.12,34.0,130.0,56.0,184.48,25.0,169.56,15.120000000000005,77.0,59.0,42.90003006991996,136,18.0,-131.0,0.13,159.0,
2025-04-08 09:41:25,162.87,46.0,176.44,45.0,148.16,37.0,196.0,27.0,169.66,13.569999999999991,83.0,72.0,8.03833191651321,155,11.0,19.0,0.07,163.0,4.0
2025-04-08 09:41:26,163.6,40.0,173.16,32.0,162.0,30.0,175.32,50.0,168.38,9.560000000000002,70.0,82.0,5.357911906707197,152,-12.0,-3.0,-0.08,163.0,
2025-04-08 09:41:27,165.0,40.0,172.07,43.0,162.0,33.0,173.68,47.0,168.53,7.069999999999993,73.0,90.0,3.815623147014742,163,-17.0,11.0,-0.1,165.0,2.0
2025-04-08 09:41:28,163.05,42.0,170.85,71.0,140.67,81.0,255.49,39.0,166.95,7.799999999999983,123.0,110.0,1.0976930354314711,233,13.0,70.0,0.06,164.67,3.0
2025-04-08 09:41:29,163.0,20.0,168.56,16.0,162.0,8.0,168.75,8.0,165.78,5.560000000000002,28.0,24.0,1.5094535435165723,52,4.0,-168.0,0.08,164.67,
2025-04-08 09:41:30,163.0,40.0,165.5,8.0,162.0,16.0,185.67,12.0,164.25,2.5,56.0,20.0,1.806396966348944,76,36.0,24.0,0.47,164.67,
2025-04-08 09:41:31,163.0,36.0,165.11,9.0,162.0,18.0,481.72,29.0,164.06,2.1100000000000136,54.0,38.0,1.880220731731936,92,16.0,16.0,0.17,163.0,1.0
2025-04-08 09:41:32,162.36,22.0,167.17,18.0,161.05,74.0,400.56,45.0,164.77,4.809999999999974,96.0,63.0,1.2019442582892448,159,33.0,67.0,0.21,162.8,5.0
2025-04-08 09:41:33,161.59,17.0,263.86,21.0,160.92,73.0,408.85,26.0,212.72,102.27,90.0,47.0,21.47886472791417,137,43.0,-22.0,0.31,162.0,1.0
2025-04-08 09:41:34,161.0,63.0,352.6,15.0,159.0,27.0,373.25,24.0,256.8,191.6,90.0,39.0,41.590820501644814,129,51.0,-8.0,0.4,162.0,
2025-04-08 09:41:35,161.62,72.0,318.63,19.0,159.62,68.0,369.55,31.0,240.13,157.01,140.0,50.0,42.529841640900095,190,90.0,61.0,0.47,162.0,
2025-04-08 09:41:36,161.42,43.0,402.0,16.0,159.26,94.0,506.94,34.0,281.71,240.58,137.0,50.0,44.83530115879719,187,87.0,-3.0,0.47,163.57,7.0
2025-04-08 09:41:37,167.1,31.0,341.24,34.0,160.67,43.0,410.87,30.0,254.17,174.14,74.0,64.0,25.260503359989528,138,10.0,-49.0,0.07,163.57,
2025-04-08 09:41:38,166.4,35.0,257.73,40.0,160.44,50.0,500.79,34.0,212.06,91.33,85.0,74.0,25.498775068619324,159,11.0,21.0,0.07,168.0,3.0
2025-04-08 09:41:39,161.0,48.0,262.67,36.0,159.59,68.0,352.42,38.0,211.83,101.67000000000002,116.0,74.0,29.64253869020064,190,42.0,31.0,0.22,168.0,
2025-04-08 09:41:40,162.2,20.0,322.89,46.0,160.88,57.0,359.12,42.0,242.55,160.69,77.0,88.0,29.66534813549374,165,-11.0,-25.0,-0.07,168.0,
2025-04-08 09:41:41,163.0,11.0,183.0,22.0,162.0,33.0,280.89,53.0,173.0,20.0,44.0,75.0,31.64931863405661,119,-31.0,-46.0,-0.26,168.0,
2025-04-08 09:41:42,165.93,43.0,179.04,45.0,162.79,14.0,198.98,49.0,172.49,13.109999999999983,57.0,94.0,29.80448842037124,151,-37.0,32.0,-0.25,166.0,4.0
2025-04-08 09:41:43,166.43,14.0,174.13,45.0,165.25,16.0,175.74,46.0,170.28,7.699999999999989,30.0,91.0,32.17656522999377,121,-61.0,-30.0,-0.5,166.0,
2025-04-08 09:41:44,167.0,12.0,170.25,52.0,166.0,24.0,171.73,45.0,168.62,3.25,36.0,97.0,32.00286190327428,133,-61.0,12.0,-0.46,166.0,
2025-04-08 09:41:45,164.25,16.0,166.9,67.0,162.5,36.0,259.24,41.0,165.57,2.6500000000000057,52.0,108.0,3.033458422336629,160,-56.0,27.0,-0.35,166.33,3.0
2025-04-08 09:41:46,161.82,39.0,164.37,35.0,159.69,101.0,164.79,38.0,163.1,2.550000000000012,140.0,73.0,3.730183641597969,213,67.0,53.0,0.31,162.4,5.0
2025-04-08 09:41:47,159.09,139.0,160.86,21.0,154.09,165.0,163.56,27.0,159.97,1.7700000000000102,304.0,48.0,4.151152851924992,352,256.0,139.0,0.73,160.6,5.0
2025-04-08 09:41:48,159.0,141.0,160.5,36.0,153.0,180.0,183.09,34.0,159.75,1.5,321.0,70.0,3.779374286842318,391,251.0,39.0,0.64,159.0,6.0
2025-04-08 09:41:49,159.99,91.0,200.33,36.0,145.08,72.0,303.44,16.0,180.16,40.34,163.0,52.0,8.427683548878955,215,111.0,-168.0,0.52,159.0,4.0
2025-04-08 09:41:50,161.8,123.0,256.65,40.0,156.5,48.0,437.34,38.0,209.23,94.84999999999997,171.0,78.0,21.1945457606443,249,93.0,34.0,0.37,162.0,2.0
2025-04-08 09:41:51,162.0,54.0,284.5,24.0,159.0,24.0,286.0,18.0,223.25,122.5,78.0,42.0,28.839254844743227,120,36.0,-129.0,0.3,162.0,
2025-04-08 09:41:52,162.0,50.0,236.71,34.0,159.0,40.0,265.8,30.0,199.35,74.71000000000001,90.0,64.0,24.900504412562533,154,26.0,34.0,0.17,162.0,4.0
2025-04-08 09:41:53,162.0,40.0,187.12,32.0,159.0,32.0,196.33,18.0,174.56,25.120000000000005,72.0,50.0,20.19168516989224,122,22.0,-32.0,0.18,162.0,
2025-04-08 09:41:54,162.0,25.0,185.0,20.0,159.0,24.0,307.6,15.0,173.5,23.0,49.0,35.0,21.76430035631851,84,14.0,-38.0,0.17,162.0,
2025-04-08 09:41:55,162.0,55.0,184.0,44.0,159.12,51.0,500.0,51.0,173.0,22.0,106.0,95.0,22.27436575977071,201,11.0,117.0,0.05,162.0,
2025-04-08 09:41:56,162.0,35.0,182.86,28.0,160.0,21.0,508.91,33.0,172.43,20.860000000000014,56.0,61.0,11.643859755254912,117,-5.0,-84.0,-0.04,162.0,
2025-04-08 09:41:57,162.0,65.0,182.0,52.0,159.94,35.0,315.25,61.0,172.0,20.0,100.0,113.0,0.9950477375708096,213,-13.0,96.0,-0.06,162.0,
2025-04-08 09:41:58,162.55,11.0,182.0,28.0,161.9,31.0,346.6,25.0,172.27,19.44999999999999,42.0,53.0,0.6041109170051212,95,-11.0,-118.0,-0.12,162.0,
2025-04-08 09:41:59,164.76,34.0,182.0,40.0,162.23,26.0,270.0,30.0,173.38,17.24000000000001,60.0,70.0,0.5623433115497737,130,-10.0,35.0,-0.08,162.0,
2025-04-08 09:42:00,165.0,40.0,182.0,32.0,163.0,8.0,252.0,24.0,173.5,17.0,48.0,56.0,0.6798749885418428,104,-8.0,-26.0,-0.08,162.0,
2025-04-08 09:42:01,165.94,85.0,180.92,48.0,164.96,56.0,237.83,36.0,173.43,14.97999999999999,141.0,84.0,0.7205761583932594,225,57.0,121.0,0.25,166.0,5.0
2025-04-08 09:42:02,167.0,30.0,179.56,36.0,166.0,36.0,474.54,39.0,173.28,12.560000000000002,66.0,75.0,0.5105585177477796,141,-9.0,-84.0,-0.06,167.0,3.0
2025-04-08 09:42:03,166.67,12.0,178.83,24.0,165.46,26.0,458.5,30.0,172.75,12.160000000000023,38.0,54.0,0.3004496630798977,92,-16.0,-49.0,-0.17,167.4,5.0
2025-04-08 09:42:04,166.0,12.0,178.0,24.0,164.43,28.0,283.0,30.0,172.0,12.0,40.0,54.0,0.6275906309409011,94,-14.0,2.0,-0.15,167.4,
2025-04-08 09:42:05,166.0,28.0,175.57,53.0,164.88,69.0,234.09,53.0,170.78,9.569999999999991,97.0,106.0,1.0875063218412753,203,-9.0,109.0,-0.04,167.4,
2025-04-08 09:42:06,165.86,35.0,170.26,58.0,164.9,79.0,181.0,56.0,168.06,4.399999999999977,114.0,114.0,2.0768678340338798,228,0.0,25.0,0.0,166.0,2.0
2025-04-08 09:42:07,164.03,39.0,167.6,40.0,162.35,46.0,277.0,50.0,165.81,3.569999999999993,85.0,90.0,2.8904411428092325,175,-5.0,-53.0,-0.03,164.67,6.0
2025-04-08 09:42:08,163.0,22.0,165.74,39.0,161.85,84.0,201.48,62.0,164.37,2.740000000000009,106.0,101.0,3.220905152289342,207,5.0,32.0,0.02,163.0,2.0
2025-04-08 09:42:09,161.14,85.0,163.18,11.0,160.85,41.0,164.6,20.0,162.16,2.0400000000000205,126.0,31.0,3.3261133474437825,157,95.0,-50.0,0.61,161.67,9.0
2025-04-08 09:42:10,161.0,68.0,162.0,9.0,159.0,9.0,283.21,19.0,161.5,1.0,77.0,28.0,2.6837566953886416,105,49.0,-52.0,0.47,161.0,2.0
2025-04-08 09:42:11,161.0,45.0,162.0,7.0,158.75,8.0,315.0,21.0,161.5,1.0,53.0,28.0,1.933615783976525,81,25.0,-24.0,0.31,161.0,1.0
2025-04-08 09:42:12,161.0,57.0,258.14,22.0,158.78,27.0,333.53,34.0,209.57,97.14,84.0,56.0,21.135783638182065,140,28.0,59.0,0.2,161.0,1.0
2025-04-08 09:42:13,161.0,45.0,274.27,30.0,159.0,35.0,373.76,37.0,217.63,113.26999999999998,80.0,67.0,28.55964583113814,147,13.0,7.0,0.09,161.0,
2025-04-08 09:42:14,161.0,75.0,264.47,30.0,159.0,75.0,279.6,75.0,212.73,103.47000000000004,150.0,105.0,28.52243730819735,255,45.0,108.0,0.18,161.0,
2025-04-08 09:42:15,160.57,37.0,222.5,40.0,159.05,37.0,381.55,44.0,191.53,61.93000000000001,74.0,84.0,22.959384138082825,158,-10.0,-97.0,-0.06,161.0,
2025-04-08 09:42:16,164.6,15.0,209.0,60.0,160.12,34.0,236.56,45.0,186.8,44.400000000000006,49.0,105.0,13.63589087665526,154,-56.0,-4.0,-0.36,164.0,2.0
2025-04-08 09:42:17,161.0,20.0,208.52,29.0,159.0,50.0,231.29,41.0,184.76,47.52000000000001,70.0,70.0,15.350307814504868,140,0.0,-14.0,0.0,164.0,
2025-04-08 09:42:18,159.7,23.0,208.0,14.0,158.77,26.0,524.66,32.0,183.85,48.30000000000001,49.0,46.0,11.998042757051996,95,3.0,-45.0,0.03,161.0,2.0
2025-04-08 09:42:19,159.94,89.0,203.0,32.0,158.97,72.0,366.49,53.0,181.47,43.06,161.0,85.0,3.788016631437447,246,76.0,151.0,0.31,161.0,
2025-04-08 09:42:20,160.1,60.0,204.8,20.0,159.0,50.0,255.12,40.0,182.45,44.70000000000002,110.0,60.0,2.0708524814786773,170,50.0,-76.0,0.29,161.0,
2025-04-08 09:42:21,162.27,41.0,176.19,27.0,159.16,58.0,201.46,59.0,169.23,13.919999999999987,99.0,86.0,6.344621344102875,185,13.0,15.0,0.07,161.0,3.0
2025-04-08 09:42:22,167.0,33.0,168.0,22.0,166.0,55.0,310.46,35.0,167.5,1.0,88.0,57.0,7.860960501112129,145,31.0,-40.0,0.21,167.0,2.0
2025-04-08 09:42:23,166.02,57.0,286.5,56.0,163.2,75.0,410.31,52.0,226.26,120.48,132.0,108.0,23.85143748288657,240,24.0,95.0,0.1,166.5,2.0
2025-04-08 09:42:24,166.0,40.0,285.0,44.0,163.0,55.0,529.18,44.0,225.5,119.0,95.0,88.0,29.504178856562813,183,7.0,-57.0,0.04,166.0,1.0
2025-04-08 09:42:25,164.72,47.0,273.6,50.0,162.62,72.0,447.08,52.0,219.16,108.88000000000002,119.0,102.0,30.40674925078393,221,17.0,38.0,0.08,166.0,3.0
2025-04-08 09:42:26,162.18,80.0,233.2,40.0,161.62,24.0,361.34,44.0,197.69,71.01999999999998,104.0,84.0,25.03868447023625,188,20.0,-33.0,0.11,163.0,5.0
2025-04-08 09:42:27,162.06,106.0,282.0,56.0,161.38,21.0,430.12,50.0,222.03,119.94,127.0,106.0,11.773681242502333,233,21.0,45.0,0.09,163.0,
2025-04-08 09:42:28,165.0,14.0,280.71,28.0,162.0,56.0,334.0,28.0,222.86,115.70999999999998,70.0,56.0,11.274181566750256,126,14.0,-107.0,0.11,163.0,
2025-04-08 09:42:29,165.0,24.0,273.33,48.0,162.0,96.0,366.75,48.0,219.17,108.32999999999998,120.0,96.0,10.470738751399114,216,24.0,90.0,0.11,163.0,
2025-04-08 09:42:30,166.93,58.0,277.18,44.0,164.14,28.0,333.0,44.0,222.06,110.25,86.0,88.0,10.75343991474594,174,-2.0,-42.0,-0.01,167.0,2.0
2025-04-08 09:42:31,167.0,60.0,274.0,46.0,165.0,24.0,412.56,45.0,220.5,107.0,84.0,91.0,1.4763231353778457,175,-7.0,1.0,-0.04,167.0,
2025-04-08 09:42:32,167.0,80.0,270.67,54.0,165.41,44.0,271.89,57.0,218.83,103.67000000000002,124.0,111.0,1.760093747517944,235,13.0,60.0,0.06,167.0,
2025-04-08 09:42:33,167.0,70.0,262.8,44.0,166.0,84.0,266.94,54.0,214.9,95.8,154.0,98.0,2.666415196486009,252,56.0,17.0,0.22,167.0,
2025-04-08 09:42:34,167.0,52.0,257.2,35.0,166.0,66.0,266.23,39.0,212.1,90.2,118.0,74.0,4.102562613788038,192,44.0,-60.0,0.23,167.0,3.0
2025-04-08 09:42:35,167.0,24.0,261.68,38.0,166.0,72.0,263.33,36.0,214.34,94.68,96.0,74.0,3.440374979569973,170,22.0,-22.0,0.13,167.0,
2025-04-08 09:42:36,167.0,19.0,256.31,42.0,166.0,78.0,257.41,46.0,211.65,89.31,97.0,88.0,2.860267470019325,185,9.0,15.0,0.05,167.0,1.0
2025-04-08 09:42:37,167.0,10.0,253.3,30.0,166.0,60.0,254.3,30.0,210.15,86.30000000000001,70.0,60.0,1.9665121408347133,130,10.0,-55.0,0.08,167.0,
2025-04-08 09:42:38,166.05,38.0,245.95,43.0,165.33,36.0,249.92,37.0,206.0,79.89999999999998,74.0,80.0,3.09818818021919,154,-6.0,24.0,-0.04,166.25,4.0
2025-04-08 09:42:39,166.0,30.0,233.19,32.0,165.0,20.0,234.21,38.0,199.59,67.19,50.0,70.0,5.75043737467415,120,-20.0,-34.0,-0.17,166.25,
2025-04-08 09:42:40,165.0,28.0,228.91,45.0,162.0,112.0,230.08,49.0,196.96,63.91,140.0,94.0,6.433704220746289,234,46.0,114.0,0.2,166.0,3.0
2025-04-08 09:42:41,165.0,16.0,224.12,24.0,162.0,64.0,226.0,24.0,194.56,59.120000000000005,80.0,48.0,6.470785887359269,128,32.0,-106.0,0.25,166.0,
2025-04-08 09:42:42,166.45,44.0,219.93,44.0,163.08,50.0,221.32,44.0,193.19,53.48000000000002,94.0,88.0,5.0636301207776935,182,6.0,54.0,0.03,166.0,
2025-04-08 09:42:43,167.0,23.0,216.59,34.0,165.0,22.0,217.78,41.0,191.79,49.59,45.0,75.0,3.1002370877154832,120,-30.0,-62.0,-0.25,167.0,3.0
2025-04-08 09:42:44,166.56,9.0,213.62,24.0,164.87,15.0,215.0,24.0,190.09,47.06,24.0,48.0,2.625732278821708,72,-24.0,-48.0,-0.33,167.0,1.0
2025-04-08 09:42:45,162.56,25.0,211.17,18.0,161.89,18.0,212.5,18.0,186.86,48.60999999999999,43.0,36.0,2.98401910182322,79,7.0,7.0,0.09,163.75,4.0
2025-04-08 09:42:46,166.0,13.0,208.08,39.0,162.0,91.0,209.23,39.0,187.04,42.08000000000001,104.0,78.0,2.819455621222945,182,26.0,103.0,0.14,163.75,
2025-04-08 09:42:47,164.35,17.0,179.58,33.0,161.99,71.0,182.33,39.0,171.96,15.230000000000018,88.0,72.0,7.876761390320584,160,16.0,-22.0,0.1,166.0,1.0
2025-04-08 09:42:48,162.0,66.0,174.63,38.0,161.0,10.0,175.8,30.0,168.32,12.629999999999995,76.0,68.0,9.947948532237408,144,8.0,-16.0,0.06,166.0,
2025-04-08 09:42:49,162.0,88.0,171.8,35.0,161.0,11.0,173.11,53.0,166.9,9.800000000000011,99.0,88.0,9.971232621900036,187,11.0,43.0,0.06,166.0,
2025-04-08 09:42:50,162.0,80.0,166.06,36.0,161.0,10.0,167.65,31.0,164.03,4.060000000000002,90.0,67.0,9.064546320695948,157,23.0,-30.0,0.15,166.0,
2025-04-08 09:42:51,161.8,40.0,162.95,43.0,159.61,23.0,164.46,37.0,162.38,1.1499999999999773,63.0,80.0,3.745720224475062,143,-17.0,-14.0,-0.12,161.89,9.0
2025-04-08 09:42:52,159.75,32.0,242.25,28.0,158.43,37.0,268.26,23.0,201.0,82.5,69.0,51.0,16.087528710154427,120,18.0,-23.0,0.15,163.0,5.0
2025-04-08 09:42:53,166.79,39.0,323.83,35.0,162.0,20.0,450.11,35.0,245.31,157.04,59.0,70.0,35.81048212465237,129,-11.0,9.0,-0.09,163.0,
2025-04-08 09:42:54,167.0,65.0,273.92,52.0,165.0,13.0,309.62,52.0,220.46,106.92000000000002,78.0,104.0,35.95973623373856,182,-26.0,53.0,-0.14,163.0,
2025-04-08 09:42:55,167.0,40.0,247.38,32.0,165.0,8.0,278.12,32.0,207.19,80.38,48.0,64.0,30.31274105058882,112,-16.0,-70.0,-0.14,163.0,
2025-04-08 09:42:56,167.0,45.0,245.44,36.0,165.0,9.0,246.44,36.0,206.22,78.44,54.0,72.0,17.86914743349707,126,-18.0,14.0,-0.14,163.0,
2025-04-08 09:42:57,167.49,49.0,243.54,52.0,166.78,45.0,244.85,52.0,205.51,76.04999999999998,94.0,104.0,17.013767072581402,198,-10.0,72.0,-0.05,163.0,
2025-04-08 09:42:58,168.0,36.0,221.58,48.0,167.0,60.0,225.67,48.0,194.79,53.58000000000001,96.0,96.0,9.123904317782612,192,0.0,-6.0,0.0,163.0,
2025-04-08 09:42:59,167.06,48.0,200.2,40.0,165.71,14.0,201.6,40.0,183.63,33.139999999999986,62.0,80.0,10.179028440870487,142,-18.0,-50.0,-0.13,168.0,3.0
2025-04-08 09:43:00,167.0,40.0,196.3,40.0,165.0,10.0,198.2,40.0,181.65,29.30000000000001,50.0,80.0,11.63877141282743,130,-30.0,-12.0,-0.23,167.0,1.0
2025-04-08 09:43:01,167.0,40.0,192.1,40.0,165.0,10.0,193.7,40.0,179.55,25.099999999999994,50.0,80.0,10.934609275143194,130,-30.0,0.0,-0.23,167.0,
2025-04-08 09:43:02,163.57,60.0,189.27,60.0,159.89,36.0,190.4,60.0,176.42,25.700000000000017,96.0,120.0,7.003679033197201,216,-24.0,86.0,-0.11,165.0,7.0
2025-04-08 09:43:03,163.0,205.0,183.69,52.0,161.0,13.0,185.46,52.0,173.35,20.69,218.0,104.0,4.102097024699064,322,114.0,106.0,0.35,163.0,4.0
2025-04-08 09:43:04,163.0,65.0,181.4,20.0,161.0,5.0,182.4,20.0,172.2,18.40000000000001,70.0,40.0,4.004813353958486,110,30.0,-168.0,0.27,163.0,
2025-04-08 09:43:05,163.0,91.0,179.57,28.0,161.87,23.0,180.57,28.0,171.29,16.569999999999993,114.0,56.0,3.394343824665309,170,58.0,60.0,0.34,163.0,
2025-04-08 09:43:06,163.0,120.0,176.83,48.0,162.0,84.0,178.17,48.0,169.92,13.830000000000013,204.0,96.0,2.4600264226310347,300,108.0,130.0,0.36,163.0,4.0
2025-04-08 09:43:07,163.0,96.0,174.62,39.0,162.0,99.0,176.64,44.0,168.81,11.620000000000005,195.0,83.0,1.7988968842160833,278,112.0,-22.0,0.4,163.0,1.0
2025-04-08 09:43:08,163.0,46.0,172.33,30.0,162.0,72.0,173.38,26.0,167.67,9.330000000000013,118.0,56.0,1.827093320014601,174,62.0,-104.0,0.36,163.0,3.0
2025-04-08 09:43:09,164.26,50.0,167.67,57.0,162.43,110.0,169.34,61.0,165.96,3.4099999999999966,160.0,118.0,2.047718242347219,278,42.0,104.0,0.15,167.0,1.0
2025-04-08 09:43:10,165.0,28.0,168.43,37.0,163.0,61.0,169.3,40.0,166.72,3.430000000000007,89.0,77.0,1.5876177121843067,166,12.0,-112.0,0.07,165.0,1.0
2025-04-08 09:43:11,165.0,12.0,167.83,18.0,163.0,36.0,168.87,23.0,166.42,2.8300000000000125,48.0,41.0,1.1351343532997078,89,7.0,-77.0,0.08,165.0,
2025-04-08 09:43:12,164.27,33.0,167.0,39.0,162.89,74.0,168.2,41.0,165.64,2.7299999999999898,107.0,80.0,0.7831474957126108,187,27.0,98.0,0.14,165.0,2.0
2025-04-08 09:43:13,163.0,48.0,167.2,30.0,162.0,32.0,168.31,26.0,165.1,4.199999999999989,80.0,56.0,0.6385295608198353,136,24.0,-51.0,0.18,165.0,
2025-04-08 09:43:14,163.0,72.0,164.98,49.0,162.0,56.0,166.05,43.0,163.99,1.9799999999999895,128.0,92.0,1.0916867682813864,220,36.0,84.0,0.16,163.0,3.0
2025-04-08 09:43:15,162.27,22.0,163.92,48.0,161.4,40.0,220.21,57.0,163.09,1.6499999999999773,62.0,105.0,1.3218055832990252,167,-43.0,-53.0,-0.26,162.6,5.0
2025-04-08 09:43:16,162.0,12.0,163.0,22.0,161.0,18.0,178.0,30.0,162.5,1.0,30.0,52.0,1.3188366085456875,82,-22.0,-85.0,-0.27,163.0,1.0
2025-04-08 09:43:17,162.0,24.0,163.0,36.0,161.0,36.0,264.64,28.0,162.5,1.0,60.0,64.0,1.1121735476265266,124,-4.0,42.0,-0.03,163.0,
2025-04-08 09:43:18,161.62,32.0,185.9,42.0,159.91,66.0,392.42,38.0,173.76,24.28,98.0,80.0,4.841608203896768,178,18.0,54.0,0.1,162.0,2.0
2025-04-08 09:43:19,161.43,14.0,240.8,40.0,159.06,108.0,361.4,48.0,201.11,79.37,122.0,88.0,16.64801399567054,210,34.0,32.0,0.16,161.0,2.0
2025-04-08 09:43:20,159.23,78.0,276.32,19.0,158.9,61.0,313.55,55.0,217.77,117.09,139.0,74.0,24.8062929515888,213,65.0,3.0,0.31,159.0,5.0
2025-04-08 09:43:21,160.58,72.0,212.94,16.0,159.0,96.0,247.96,24.0,186.76,52.35999999999999,168.0,40.0,21.86302929605239,208,128.0,-5.0,0.62,159.0,
2025-04-08 09:43:22,166.08,78.0,185.46,13.0,161.04,67.0,235.0,17.0,175.77,19.379999999999995,145.0,30.0,18.479632842674267,175,115.0,-33.0,0.66,167.0,4.0
2025-04-08 09:43:23,167.0,12.0,230.58,12.0,166.0,20.0,522.92,38.0,198.79,63.58000000000001,32.0,50.0,15.830758036179006,82,-18.0,-93.0,-0.22,167.0,1.0
2025-04-08 09:43:24,167.0,9.0,299.67,9.0,166.0,18.0,648.28,36.0,233.33,132.67000000000002,27.0,45.0,23.23609863983296,72,-18.0,-10.0,-0.25,167.0,
2025-04-08 09:43:25,166.23,13.0,186.29,51.0,161.93,40.0,191.28,25.0,176.26,20.06,53.0,76.0,23.81745935233324,129,-23.0,57.0,-0.18,166.5,2.0
2025-04-08 09:43:26,166.0,7.0,190.82,22.0,162.0,25.0,281.53,15.0,178.41,24.819999999999997,32.0,37.0,24.742730649628104,69,-5.0,-60.0,-0.07,166.5,
2025-04-08 09:43:27,166.22,9.0,189.31,26.0,162.08,50.0,190.2,30.0,177.76,23.090000000000003,59.0,56.0,24.420001023751947,115,3.0,46.0,0.03,166.5,
2025-04-08 09:43:28,167.0,20.0,187.24,34.0,166.0,10.0,188.67,36.0,177.12,20.24000000000001,30.0,70.0,25.030869541429155,100,-40.0,-15.0,-0.4,166.5,
2025-04-08 09:43:29,167.0,34.0,181.82,49.0,166.0,17.0,183.52,42.0,174.41,14.819999999999991,51.0,91.0,1.5507643276928051,142,-40.0,42.0,-0.28,166.5,
2025-04-08 09:43:30,167.0,20.0,178.69,13.0,166.0,10.0,179.97,37.0,172.85,11.689999999999998,30.0,50.0,2.374352543335647,80,-20.0,-62.0,-0.25,166.5,
2025-04-08 09:43:31,167.0,22.0,177.12,34.0,166.0,11.0,178.02,41.0,172.06,10.120000000000005,33.0,75.0,2.5297331875208307,108,-42.0,28.0,-0.39,166.5,
2025-04-08 09:43:32,167.0,24.0,174.34,29.0,166.0,12.0,175.96,25.0,170.67,7.340000000000003,36.0,54.0,2.4701761070911794,90,-18.0,-18.0,-0.2,166.5,
2025-04-08 09:43:33,165.82,33.0,173.0,56.0,162.4,52.0,174.0,14.0,169.41,7.180000000000007,85.0,70.0,1.9325630649590415,155,15.0,65.0,0.1,167.0,2.0
2025-04-08 09:43:34,164.26,46.0,169.22,54.0,161.55,142.0,170.6,40.0,166.74,4.960000000000008,188.0,94.0,2.4079098820436857,282,94.0,127.0,0.33,164.0,4.0
2025-04-08 09:43:35,162.31,35.0,165.52,21.0,161.23,120.0,167.07,28.0,163.92,3.210000000000008,155.0,49.0,3.250638398844672,204,106.0,-78.0,0.52,164.0,1.0
2025-04-08 09:43:36,162.0,8.0,163.5,6.0,161.0,16.0,167.0,4.0,162.75,1.5,24.0,10.0,3.4072525588871785,34,14.0,-168.0,0.41,164.0,
2025-04-08 09:43:37,161.0,68.0,162.75,36.0,160.0,13.0,170.72,29.0,161.88,1.75,81.0,65.0,3.099233776281327,146,16.0,112.0,0.11,161.4,10.0
2025-04-08 09:43:38,161.35,20.0,275.44,36.0,159.47,19.0,453.95,42.0,218.4,114.09,39.0,78.0,24.476558581631625,117,-39.0,-29.0,-0.33,161.0,2.0
2025-04-08 09:43:39,165.0,7.0,461.4,10.0,160.0,7.0,518.83,24.0,313.2,296.4,14.0,34.0,65.6011791052573,48,-20.0,-69.0,-0.42,161.0,
2025-04-08 09:43:40,165.0,8.0,435.56,9.0,160.0,8.0,492.86,29.0,300.28,270.56,16.0,38.0,72.71605613617979,54,-22.0,6.0,-0.41,161.0,
2025-04-08 09:43:41,165.0,3.0,359.0,6.0,160.0,3.0,458.0,3.0,262.0,194.0,6.0,9.0,62.09544524359296,15,-3.0,-39.0,-0.2,161.0,
2025-04-08 09:43:42,159.56,25.0,318.53,15.0,157.1,50.0,426.67,18.0,239.05,158.96999999999997,75.0,33.0,40.02906419091074,108,42.0,93.0,0.39,159.71,7.0
2025-04-08 09:43:43,164.8,55.0,236.22,18.0,156.38,26.0,363.64,11.0,200.51,71.41999999999999,81.0,29.0,45.79694498544693,110,52.0,2.0,0.47,161.33,6.0
2025-04-08 09:43:44,168.0,120.0,269.6,20.0,162.0,9.0,388.0,12.0,218.8,101.60000000000002,129.0,32.0,38.866049065991376,161,97.0,51.0,0.6,168.0,5.0
2025-04-08 09:43:45,168.0,156.0,327.79,34.0,162.0,25.0,443.16,19.0,247.9,159.79000000000002,181.0,53.0,24.262765093864477,234,128.0,73.0,0.55,168.0,
2025-04-08 09:43:46,168.0,156.0,292.41,49.0,162.0,26.0,380.38,16.0,230.2,124.41000000000004,182.0,65.0,18.444418396903902,247,117.0,13.0,0.47,168.0,
2025-04-08 09:43:47,168.0,208.0,286.15,54.0,166.35,138.0,286.32,31.0,227.07,118.14999999999998,346.0,85.0,17.276290979259603,431,261.0,168.0,0.61,168.0,5.0
2025-04-08 09:43:48,168.0,84.0,271.27,22.0,167.0,144.0,281.56,32.0,219.64,103.26999999999998,228.0,54.0,11.764757541065062,282,174.0,-149.0,0.62,168.0,
2025-04-08 09:43:49,168.0,84.0,259.13,23.0,167.0,144.0,275.0,22.0,213.57,91.13,228.0,45.0,13.031735494555098,273,183.0,-9.0,0.67,168.0,
2025-04-08 09:43:50,168.0,91.0,210.76,42.0,167.0,156.0,217.46,41.0,189.38,42.75999999999999,247.0,83.0,16.216965499132236,330,164.0,57.0,0.5,168.0,
2025-04-08 09:43:51,168.0,69.0,179.22,41.0,167.0,144.0,181.68,34.0,173.61,11.22,213.0,75.0,22.3806686674023,288,138.0,-42.0,0.48,168.0,3.0
2025-04-08 09:43:52,168.0,44.0,176.55,51.0,167.0,132.0,177.79,48.0,172.27,8.550000000000011,176.0,99.0,22.074961608121573,275,77.0,-13.0,0.28,168.0,
2025-04-08 09:43:53,168.0,32.0,172.17,23.0,167.0,96.0,174.41,17.0,170.09,4.169999999999988,128.0,40.0,18.317540227881032,168,88.0,-107.0,0.52,168.0,
2025-04-08 09:43:54,168.0,52.0,169.89,19.0,167.0,156.0,171.91,46.0,168.95,1.8899999999999864,208.0,65.0,8.318383256380931,273,143.0,105.0,0.52,168.0,
2025-04-08 09:43:55,167.03,143.0,168.38,40.0,165.5,48.0,175.8,64.0,167.7,1.3499999999999943,191.0,104.0,2.40897903686144,295,87.0,22.0,0.29,167.8,5.0
2025-04-08 09:43:56,167.0,151.0,168.0,75.0,165.0,45.0,176.0,60.0,167.5,1.0,196.0,135.0,1.960068876350413,331,61.0,36.0,0.18,167.0,1.0
2025-04-08 09:43:57,167.0,28.0,171.24,34.0,165.0,24.0,176.92,26.0,169.12,4.240000000000009,52.0,60.0,1.0732054789449272,112,-8.0,-168.0,-0.07,167.0,9.0
2025-04-08 09:43:58,167.31,13.0,173.29,28.0,165.14,29.0,175.84,38.0,170.3,5.97999999999999,42.0,66.0,1.1443251286402072,108,-24.0,-4.0,-0.22,167.0,
2025-04-08 09:43:59,168.0,18.0,170.62,26.0,167.0,9.0,209.86,28.0,169.31,2.6200000000000045,27.0,54.0,1.1738313337262063,81,-27.0,-27.0,-0.33,167.0,
2025-04-08 09:44:00,168.0,26.0,169.38,26.0,167.0,13.0,247.79,19.0,168.69,1.3799999999999957,39.0,45.0,1.0180029469689569,84,-6.0,3.0,-0.07,167.0,
2025-04-08 09:44:01,168.0,28.0,169.0,28.0,167.0,14.0,261.27,37.0,168.5,1.0,42.0,65.0,0.7030860545036551,107,-23.0,23.0,-0.21,167.0,
2025-04-08 09:44:02,167.36,11.0,257.53,30.0,165.17,23.0,349.94,31.0,212.45,90.16999999999996,34.0,61.0,19.354729396197698,95,-27.0,-12.0,-0.28,168.0,2.0
2025-04-08 09:44:03,162.07,67.0,215.0,36.0,161.08,146.0,328.67,48.0,188.54,52.93000000000001,213.0,84.0,19.294793857412422,297,129.0,168.0,0.43,165.0,5.0
2025-04-08 09:44:04,162.0,60.0,240.6,30.0,161.0,130.0,335.13,30.0,201.3,78.6,190.0,60.0,19.54517920102146,250,130.0,-47.0,0.52,165.0,
2025-04-08 09:44:05,162.0,57.0,226.2,30.0,161.0,130.0,303.0,24.0,194.1,64.19999999999999,187.0,54.0,16.344277897785606,241,133.0,-9.0,0.55,162.0,3.0
2025-04-08 09:44:06,162.0,36.0,210.34,29.0,161.0,156.0,299.15,20.0,186.17,48.34,192.0,49.0,10.645096054054376,241,143.0,0.0,0.59,164.0,1.0
2025-04-08 09:44:07,162.0,30.0,214.73,22.0,161.0,130.0,347.4,20.0,188.36,52.72999999999999,160.0,42.0,6.116410712177756,202,118.0,-39.0,0.58,164.0,
2025-04-08 09:44:08,161.25,93.0,204.45,40.0,160.88,148.0,282.29,24.0,182.85,43.19999999999999,241.0,64.0,7.27040782900399,305,177.0,103.0,0.58,161.5,6.0
2025-04-08 09:44:09,161.3,100.0,172.0,39.0,160.74,81.0,192.77,13.0,166.65,10.699999999999989,181.0,52.0,10.336514402836215,233,129.0,-72.0,0.55,161.5,
2025-04-08 09:44:10,162.0,30.0,169.5,18.0,161.0,60.0,270.4,10.0,165.75,7.5,90.0,28.0,10.91416877274853,118,62.0,-115.0,0.53,161.5,
2025-04-08 09:44:11,164.34,101.0,169.25,36.0,161.43,92.0,418.0,12.0,166.79,4.909999999999997,193.0,48.0,10.707114457221344,241,145.0,123.0,0.6,164.0,3.0
2025-04-08 09:44:12,164.0,14.0,168.0,21.0,161.0,56.0,418.0,7.0,166.0,4.0,70.0,28.0,7.415242410065709,98,42.0,-143.0,0.43,164.0,
2025-04-08 09:44:13,165.0,20.0,167.0,30.0,161.0,80.0,399.0,10.0,166.0,2.0,100.0,40.0,0.4543897006273845,140,60.0,42.0,0.43,164.0,
2025-04-08 09:44:14,162.25,40.0,167.0,20.0,160.4,84.0,490.2,10.0,164.62,4.75,124.0,30.0,0.7826046256163569,154,94.0,14.0,0.61,167.0,2.0
2025-04-08 09:44:15,161.74,86.0,166.91,11.0,160.13,90.0,543.18,11.0,164.33,5.169999999999988,176.0,22.0,1.0363252385405015,198,154.0,44.0,0.78,167.0,
2025-04-08 09:44:16,161.0,60.0,165.0,10.0,160.0,26.0,430.8,10.0,163.0,4.0,86.0,20.0,1.2622202660533692,106,66.0,-92.0,0.62,167.0,
2025-04-08 09:44:17,161.0,53.0,186.78,9.0,160.0,18.0,304.33,9.0,173.89,25.78,71.0,18.0,4.337864682079896,89,53.0,-17.0,0.6,161.0,1.0
2025-04-08 09:44:18,165.24,59.0,376.33,42.0,158.95,38.0,382.44,18.0,270.79,211.09,97.0,60.0,46.858558769983965,157,37.0,68.0,0.24,161.0,
2025-04-08 09:44:19,167.0,84.0,376.33,52.0,163.33,24.0,380.68,40.0,271.66,209.33,108.0,92.0,57.20150111666692,200,16.0,43.0,0.08,161.0,
2025-04-08 09:44:20,167.0,70.0,366.0,50.0,165.0,20.0,378.54,26.0,266.5,199.0,90.0,76.0,55.60013642069641,166,14.0,-34.0,0.08,161.0,
2025-04-08 09:44:21,167.0,64.0,328.89,28.0,165.0,24.0,356.12,40.0,247.95,161.89,88.0,68.0,41.52336535012612,156,20.0,-10.0,0.13,167.0,5.0
2025-04-08 09:44:22,163.09,22.0,239.98,43.0,159.88,51.0,353.05,39.0,201.53,76.88999999999999,73.0,82.0,29.63511481334357,155,-9.0,-1.0,-0.06,162.8,10.0
2025-04-08 09:44:23,161.93,83.0,237.52,50.0,160.19,37.0,247.57,70.0,199.72,75.59,120.0,120.0,34.77884946343183,240,0.0,85.0,0.0,162.8,
2025-04-08 09:44:24,162.0,84.0,234.7,44.0,161.0,24.0,236.18,56.0,198.35,72.69999999999999,108.0,100.0,32.11352440950774,208,8.0,-32.0,0.04,162.8,
2025-04-08 09:44:25,162.0,76.0,232.25,60.0,161.0,24.0,234.0,60.0,197.12,70.25,100.0,120.0,21.87211078062761,220,-20.0,12.0,-0.09,162.0,1.0
2025-04-08 09:44:26,164.0,18.0,229.69,65.0,161.97,74.0,231.85,65.0,196.85,65.69,92.0,130.0,1.9422744399400849,222,-38.0,2.0,-0.17,165.0,1.0
2025-04-08 09:44:27,162.0,43.0,227.18,55.0,161.0,22.0,228.27,55.0,194.59,65.18,65.0,110.0,1.9062082782435497,175,-45.0,-47.0,-0.26,162.0,3.0
2025-04-08 09:44:28,162.0,36.0,224.58,43.0,161.0,24.0,225.69,54.0,193.29,62.58000000000001,60.0,97.0,2.050829100642944,157,-37.0,-18.0,-0.24,162.0,
2025-04-08 09:44:29,162.0,27.0,219.81,32.0,161.0,18.0,221.46,26.0,190.91,57.81,45.0,58.0,2.5852311308746896,103,-13.0,-54.0,-0.13,162.0,
2025-04-08 09:44:30,162.0,39.0,217.05,60.0,161.0,26.0,218.24,34.0,189.53,55.05000000000001,65.0,94.0,2.908518523242248,159,-29.0,56.0,-0.18,162.0,
2025-04-08 09:44:31,162.0,27.0,215.4,30.0,161.0,18.0,216.24,33.0,188.7,53.400000000000006,45.0,63.0,2.488730600133906,108,-18.0,-51.0,-0.17,162.0,
2025-04-08 09:44:32,162.0,36.0,213.36,39.0,161.0,24.0,215.56,45.0,187.68,51.360000000000014,60.0,84.0,2.1761824372148664,144,-24.0,36.0,-0.17,162.0,
2025-04-08 09:44:33,162.0,39.0,211.21,47.0,161.0,26.0,212.53,38.0,186.61,49.21000000000001,65.0,85.0,1.6568433842828991,150,-20.0,6.0,-0.13,162.0,
2025-04-08 09:44:34,162.0,39.0,208.8,25.0,161.0,32.0,209.36,44.0,185.4,46.80000000000001,71.0,69.0,1.640131092334277,140,2.0,-10.0,0.01,162.0,
2025-04-08 09:44:35,161.53,40.0,197.79,19.0,160.56,36.0,247.9,39.0,179.66,36.25999999999999,76.0,58.0,3.545405477521714,134,18.0,-6.0,0.13,161.5,6.0
2025-04-08 09:44:38,160.67,9.0,267.6,15.0,158.0,153.0,409.0,10.0,214.13,106.93000000000004,162.0,25.0,84.98737388577237,187,137.0,-133.0,0.73,161.5,
2025-04-08 09:44:39,164.21,14.0,228.27,11.0,158.93,120.0,231.0,22.0,196.24,64.06,134.0,33.0,82.90952900601997,167,101.0,-20.0,0.6,161.5,
2025-04-08 09:44:40,158.56,116.0,223.15,13.0,158.24,95.0,275.78,18.0,190.86,64.59,211.0,31.0,80.43669560592394,242,180.0,75.0,0.74,167.2,5.0
2025-04-08 09:44:41,163.33,66.0,223.69,13.0,157.9,135.0,431.81,21.0,193.51,60.35999999999999,201.0,34.0,61.25081362724953,235,167.0,-7.0,0.71,158.0,4.0
2025-04-08 09:44:42,166.0,36.0,222.0,9.0,158.9,71.0,293.05,19.0,194.0,56.0,107.0,28.0,9.355435318575346,135,79.0,-100.0,0.59,158.0,
2025-04-08 09:44:43,166.0,26.0,222.0,11.0,158.15,110.0,352.0,33.0,194.0,56.0,136.0,44.0,1.919041427391768,180,92.0,45.0,0.51,166.0,2.0
2025-04-08 09:44:44,166.0,22.0,219.55,11.0,158.0,91.0,272.87,15.0,192.77,53.55000000000001,113.0,26.0,1.312314748848625,139,87.0,-41.0,0.63,166.0,
2025-04-08 09:44:45,166.0,20.0,207.67,12.0,158.54,78.0,217.9,10.0,186.83,41.66999999999999,98.0,22.0,3.05595647875512,120,76.0,-19.0,0.63,166.0,
2025-04-08 09:44:46,166.0,14.0,186.73,15.0,159.0,77.0,194.6,15.0,176.37,20.72999999999999,91.0,30.0,7.553583917588025,121,61.0,1.0,0.5,166.0,1.0
2025-04-08 09:44:47,166.0,12.0,182.57,14.0,159.49,79.0,183.23,26.0,174.29,16.569999999999993,91.0,40.0,9.13500519978196,131,51.0,10.0,0.39,166.0,
2025-04-08 09:44:48,166.0,10.0,179.25,12.0,161.0,80.0,180.9,10.0,172.62,13.25,90.0,22.0,8.779355329410137,112,68.0,-19.0,0.61,166.0,
2025-04-08 09:44:49,166.67,9.0,174.27,11.0,162.0,30.0,175.4,15.0,170.47,7.600000000000023,39.0,26.0,6.369613803052808,65,13.0,-47.0,0.2,166.0,
2025-04-08 09:44:50,163.57,46.0,169.33,21.0,161.19,36.0,172.69,39.0,166.45,5.760000000000019,82.0,60.0,3.803314344100402,142,22.0,77.0,0.15,163.82,11.0
2025-04-08 09:44:51,163.0,30.0,167.5,24.0,162.0,20.0,167.88,16.0,165.25,4.5,50.0,40.0,3.8886090058064826,90,10.0,-52.0,0.11,163.82,
2025-04-08 09:44:52,162.4,15.0,165.09,11.0,160.27,22.0,167.0,33.0,163.75,2.6899999999999977,37.0,44.0,3.709665753142563,81,-7.0,-9.0,-0.09,162.75,4.0
2025-04-08 09:44:53,161.82,11.0,163.6,30.0,160.8,20.0,166.2,10.0,162.71,1.7800000000000011,31.0,40.0,3.0106942720971106,71,-9.0,-10.0,-0.13,162.0,1.0
2025-04-08 09:44:54,158.69,26.0,162.0,16.0,129.0,15.0,166.5,16.0,160.35,3.3100000000000023,41.0,32.0,2.354255721037533,73,9.0,2.0,0.12,160.0,4.0
2025-04-08 09:44:55,158.0,49.0,161.1,30.0,128.3,10.0,166.33,18.0,159.55,3.0999999999999943,59.0,48.0,2.363031950701825,107,11.0,34.0,0.1,159.0,1.0
2025-04-08 09:44:56,158.0,59.0,159.53,17.0,109.35,31.0,207.33,36.0,158.76,1.5300000000000011,90.0,53.0,2.122870697908237,143,37.0,36.0,0.26,158.0,4.0
2025-04-08 09:45:00,139.0,49.0,154.0,13.0,41.57,14.0,156.0,21.0,146.5,15.0,63.0,34.0,14.983975440450797,97,29.0,-5.0,0.3,154.0,1.0
2025-04-08 09:45:02,141.36,11.0,153.14,28.0,95.66,53.0,400.36,11.0,147.25,11.779999999999973,64.0,39.0,12.01192615695054,103,25.0,-85.0,0.24,150.0,7.0
2025-04-08 09:45:03,143.86,14.0,155.25,16.0,62.31,32.0,235.5,32.0,149.55,11.389999999999986,46.0,48.0,6.069911037242144,94,-2.0,-9.0,-0.02,150.0,
2025-04-08 09:45:05,167.0,8.0,458.25,20.0,158.0,16.0,508.3,23.0,312.62,291.25,24.0,43.0,106.59670459259074,67,-19.0,-30.0,-0.28,150.0,
2025-04-08 09:45:06,167.0,10.0,386.5,10.0,161.0,10.0,404.92,37.0,276.75,219.5,20.0,47.0,97.9378831198636,67,-27.0,0.0,-0.4,150.0,
2025-04-08 09:45:07,166.04,56.0,266.25,8.0,164.16,19.0,361.5,8.0,216.14,100.21,75.0,16.0,83.65394593203638,91,59.0,24.0,0.65,166.25,4.0
2025-04-08 09:45:08,166.0,56.0,270.5,8.0,151.4,15.0,474.57,23.0,218.25,104.5,71.0,31.0,63.35937476017317,102,40.0,11.0,0.39,166.0,4.0
2025-04-08 09:45:09,166.0,50.0,194.9,10.0,163.77,26.0,260.9,10.0,180.45,28.90000000000001,76.0,20.0,52.93686494306272,96,56.0,-6.0,0.58,166.0,
2025-04-08 09:45:10,164.65,20.0,184.0,8.0,145.96,25.0,290.36,11.0,174.32,19.349999999999994,45.0,19.0,40.79510963338692,64,26.0,-32.0,0.41,165.11,9.0
2025-04-08 09:45:11,164.33,9.0,183.33,9.0,156.76,17.0,261.83,24.0,173.83,19.0,26.0,33.0,22.617183069517168,59,-7.0,-5.0,-0.12,165.11,
2025-04-08 09:45:12,167.0,4.0,182.0,4.0,161.0,4.0,407.71,7.0,174.5,15.0,8.0,11.0,19.187768239168744,19,-3.0,-40.0,-0.16,165.11,
2025-04-08 09:45:13,167.0,13.0,182.0,13.0,161.0,25.0,300.43,46.0,174.5,15.0,38.0,59.0,2.769557726434174,97,-21.0,78.0,-0.22,165.11,
2025-04-08 09:45:14,167.0,7.0,181.29,7.0,161.0,28.0,496.71,7.0,174.14,14.289999999999992,35.0,14.0,0.2819929078027136,49,21.0,-48.0,0.43,165.11,
2025-04-08 09:45:15,141.81,27.0,181.0,10.0,100.03,32.0,240.0,10.0,161.41,39.19,59.0,20.0,5.74568794837054,79,39.0,30.0,0.49,161.0,6.0
2025-04-08 09:45:16,163.0,26.0,180.5,8.0,162.0,32.0,253.2,10.0,171.75,17.5,58.0,18.0,5.624771106458497,76,40.0,-3.0,0.53,163.0,1.0
2025-04-08 09:45:17,163.75,12.0,211.0,11.0,162.69,26.0,272.77,13.0,187.38,47.25,38.0,24.0,9.256485834270528,62,14.0,-14.0,0.23,163.0,
2025-04-08 09:45:18,163.4,10.0,339.07,14.0,162.27,22.0,507.43,7.0,251.24,175.67,32.0,21.0,35.902168875989304,53,11.0,-9.0,0.21,164.0,2.0
2025-04-08 09:45:19,163.0,50.0,458.77,40.0,162.0,40.0,468.83,36.0,310.89,295.77,90.0,76.0,63.2490690050064,166,14.0,113.0,0.08,164.0,
2025-04-08 09:45:20,163.0,42.0,252.73,22.0,162.0,32.0,342.61,33.0,207.86,89.72999999999999,74.0,55.0,56.14009556457899,129,19.0,-37.0,0.15,163.0,2.0
2025-04-08 09:45:21,163.0,60.0,249.52,44.0,162.0,48.0,250.55,51.0,206.26,86.52000000000001,108.0,95.0,49.56663676304923,203,13.0,74.0,0.06,163.0,
2025-04-08 09:45:22,163.0,60.0,244.56,45.0,162.0,48.0,245.82,44.0,203.78,81.56,108.0,89.0,46.24722997110276,197,19.0,-6.0,0.1,163.0,
2025-04-08 09:45:23,163.0,20.0,218.4,30.0,162.0,40.0,229.86,28.0,190.7,55.400000000000006,60.0,58.0,49.098792449510015,118,2.0,-79.0,0.02,163.0,3.0
2025-04-08 09:45:24,163.0,12.0,210.26,23.0,162.0,24.0,212.17,18.0,186.63,47.25999999999999,36.0,41.0,9.694739810848723,77,-5.0,-41.0,-0.06,163.0,
2025-04-08 09:45:25,163.0,24.0,207.05,37.0,162.0,48.0,208.33,43.0,185.03,44.05000000000001,72.0,80.0,9.880179654239782,152,-8.0,75.0,-0.05,163.0,
2025-04-08 09:45:26,163.0,30.0,199.18,50.0,162.0,60.0,201.13,39.0,181.09,36.18000000000001,90.0,89.0,8.721951043204285,179,1.0,27.0,0.01,163.0,
2025-04-08 09:45:27,163.0,34.0,193.4,50.0,162.0,68.0,195.15,41.0,178.2,30.40000000000001,102.0,91.0,4.858791001890363,193,11.0,14.0,0.06,163.0,
2025-04-08 09:45:28,162.33,36.0,188.79,29.0,161.4,30.0,190.04,26.0,175.56,26.45999999999998,66.0,55.0,4.607696821628982,121,11.0,-72.0,0.09,163.0,2.0
2025-04-08 09:45:29,162.0,9.0,186.39,18.0,159.0,9.0,187.47,32.0,174.19,24.389999999999983,18.0,50.0,4.363648702639698,68,-32.0,-53.0,-0.47,162.0,3.0
2025-04-08 09:45:30,165.52,23.0,182.53,15.0,162.55,11.0,185.69,39.0,174.03,17.00999999999999,34.0,54.0,3.0088918225899146,88,-20.0,20.0,-0.23,162.0,
2025-04-08 09:45:31,166.0,55.0,176.59,22.0,165.0,11.0,177.04,25.0,171.3,10.590000000000003,66.0,47.0,2.51241517270691,113,19.0,25.0,0.17,162.0,
2025-04-08 09:45:32,166.56,79.0,169.37,43.0,165.88,57.0,169.82,40.0,167.96,2.8100000000000023,136.0,83.0,3.0229902414740515,219,53.0,106.0,0.24,167.0,2.0
2025-04-08 09:45:33,166.21,38.0,167.8,20.0,165.77,26.0,194.62,26.0,167.01,1.5900000000000034,64.0,46.0,3.33753951288174,110,18.0,-109.0,0.16,167.0,3.0
2025-04-08 09:45:34,165.56,18.0,166.8,20.0,162.6,10.0,231.0,10.0,166.18,1.240000000000009,28.0,30.0,3.2843157582739195,58,-2.0,-52.0,-0.03,166.0,5.0
2025-04-08 09:45:35,164.33,9.0,166.0,18.0,161.78,9.0,350.11,18.0,165.17,1.6699999999999875,18.0,36.0,2.3484101004819915,54,-18.0,-4.0,-0.33,165.0,1.0
2025-04-08 09:45:36,161.89,9.0,202.44,18.0,160.6,10.0,632.7,30.0,182.17,40.55000000000001,19.0,48.0,7.047621584623184,67,-29.0,13.0,-0.43,166.0,2.0
2025-04-08 09:45:37,158.14,91.0,205.15,26.0,157.68,95.0,207.0,26.0,181.65,47.01000000000002,186.0,52.0,8.674997406342422,238,134.0,168.0,0.56,159.8,5.0
2025-04-08 09:45:38,158.71,119.0,222.0,14.0,157.33,63.0,246.0,18.0,190.35,63.28999999999999,182.0,32.0,10.99478421798489,214,150.0,-24.0,0.7,159.8,
2025-04-08 09:45:39,159.5,112.0,227.36,11.0,147.81,104.0,336.45,20.0,193.43,67.86000000000001,216.0,31.0,10.97990346041584,247,185.0,33.0,0.75,159.8,
2025-04-08 09:45:40,158.0,134.0,222.5,14.0,134.43,74.0,429.0,21.0,190.25,64.5,208.0,35.0,5.325805103461192,243,173.0,-4.0,0.71,158.0,6.0
2025-04-08 09:45:41,160.87,75.0,188.29,31.0,157.41,54.0,414.71,14.0,174.58,27.419999999999987,129.0,45.0,7.770380943046017,174,84.0,-69.0,0.48,163.0,1.0
2025-04-08 09:45:42,162.41,74.0,178.42,24.0,160.24,34.0,229.5,72.0,170.41,16.00999999999999,108.0,96.0,10.50645420682221,204,12.0,30.0,0.06,163.0,
2025-04-08 09:45:43,162.0,36.0,178.0,9.0,160.0,18.0,297.0,45.0,170.0,16.0,54.0,54.0,11.251867844942495,108,0.0,-96.0,0.0,163.0,
2025-04-08 09:45:44,162.9,184.0,319.56,61.0,159.6,40.0,505.41,44.0,241.23,156.66,224.0,105.0,30.181234732860972,329,119.0,168.0,0.36,163.0,4.0
2025-04-08 09:45:45,163.0,120.0,381.32,34.0,160.0,24.0,419.07,28.0,272.16,218.32,144.0,62.0,47.87389194540235,206,82.0,-123.0,0.4,163.0,
2025-04-08 09:45:46,163.0,50.0,311.67,21.0,160.83,58.0,360.59,27.0,237.33,148.67000000000002,108.0,48.0,45.86703642050644,156,60.0,-50.0,0.38,163.0,8.0
2025-04-08 09:45:47,165.39,88.0,170.0,42.0,161.73,37.0,185.62,52.0,167.69,4.610000000000014,125.0,94.0,46.58641937303257,219,31.0,63.0,0.14,163.0,
2025-04-08 09:45:48,166.0,84.0,170.0,18.0,162.0,24.0,236.5,22.0,168.0,4.0,108.0,40.0,47.10389017905065,148,68.0,-71.0,0.46,163.0,
2025-04-08 09:45:49,166.0,122.0,168.93,42.0,162.0,38.0,214.29,42.0,167.46,2.930000000000007,160.0,84.0,49.23268294537746,244,76.0,96.0,0.31,166.0,9.0
2025-04-08 09:45:50,164.98,47.0,167.08,39.0,161.52,50.0,218.35,55.0,166.03,2.1000000000000227,97.0,94.0,31.32970427565595,191,3.0,-53.0,0.02,165.33,6.0
2025-04-08 09:45:51,162.0,36.0,165.65,23.0,161.0,72.0,293.57,23.0,163.83,3.6500000000000057,108.0,46.0,1.7237662254640829,154,62.0,-37.0,0.4,165.33,
2025-04-08 09:45:52,162.0,20.0,165.0,10.0,161.0,40.0,166.0,15.0,163.5,3.0,60.0,25.0,2.050178041061428,85,35.0,-69.0,0.41,165.33,
2025-04-08 09:45:53,161.7,54.0,170.31,26.0,160.96,92.0,258.97,37.0,166.01,8.610000000000014,146.0,63.0,1.6644608736916484,209,83.0,124.0,0.4,162.0,4.0
2025-04-08 09:45:54,161.0,80.0,206.18,11.0,158.84,38.0,279.14,21.0,183.59,45.18000000000001,118.0,32.0,8.467226228231489,150,86.0,-59.0,0.57,162.0,
2025-04-08 09:45:55,161.06,34.0,205.0,5.0,158.46,52.0,207.0,10.0,183.03,43.94,86.0,15.0,10.378676216168037,101,71.0,-49.0,0.7,162.0,
2025-04-08 09:45:56,162.92,26.0,205.0,13.0,161.0,104.0,460.36,53.0,183.96,42.08000000000001,130.0,66.0,10.325200724443718,196,64.0,95.0,0.33,162.0,
2025-04-08 09:45:57,165.0,16.0,203.88,8.0,161.0,64.0,431.16,25.0,184.44,38.88,80.0,33.0,7.952548648078425,113,47.0,-83.0,0.42,162.0,
2025-04-08 09:45:58,162.0,40.0,203.0,10.0,160.8,50.0,641.78,32.0,182.5,41.0,90.0,42.0,0.7622532387958094,132,48.0,19.0,0.36,163.0,4.0
2025-04-08 09:45:59,161.32,38.0,203.0,8.0,160.5,24.0,555.89,18.0,182.16,41.68000000000001,62.0,26.0,0.9635974263428856,88,36.0,-44.0,0.41,163.0,
2025-04-08 09:46:00,164.82,11.0,203.0,8.0,160.95,44.0,403.0,16.0,183.91,38.18000000000001,55.0,24.0,1.000339942246973,79,31.0,-9.0,0.39,163.0,3.0
2025-04-08 09:46:01,162.71,14.0,202.12,8.0,160.86,28.0,308.2,20.0,182.42,39.41,42.0,28.0,1.019401785389151,70,14.0,-9.0,0.2,163.0,
2025-04-08 09:46:02,165.0,10.0,201.3,10.0,161.0,40.0,445.53,30.0,183.15,36.30000000000001,50.0,40.0,0.7061657029724027,90,10.0,20.0,0.11,163.0,
2025-04-08 09:46:03,161.89,18.0,197.82,11.0,160.53,30.0,200.0,11.0,179.85,35.93000000000001,48.0,22.0,1.5289767820520788,70,26.0,-20.0,0.37,162.33,3.0
2025-04-08 09:46:04,159.53,51.0,183.12,49.0,144.71,34.0,194.0,21.0,171.33,23.590000000000003,85.0,70.0,5.151972437819664,155,15.0,85.0,0.1,158.79,14.0
2025-04-08 09:46:05,118.62,16.0,168.25,8.0,82.83,24.0,304.91,11.0,143.44,49.63,40.0,19.0,16.663108053423013,59,21.0,-96.0,0.36,153.25,4.0
2025-04-08 09:46:06,140.08,13.0,178.56,9.0,107.64,14.0,608.09,33.0,159.32,38.47999999999999,27.0,42.0,16.262505034589516,69,-15.0,10.0,-0.22,153.25,
2025-04-08 09:46:07,148.0,28.0,171.59,17.0,93.43,14.0,178.07,14.0,159.79,23.590000000000003,42.0,31.0,13.778868966647726,73,11.0,4.0,0.15,154.0,4.0
2025-04-08 09:46:08,154.18,17.0,174.29,14.0,111.63,38.0,176.29,14.0,164.23,20.109999999999985,55.0,28.0,10.250457062982449,83,27.0,10.0,0.33,154.0,
2025-04-08 09:46:09,166.0,7.0,172.14,7.0,158.0,14.0,174.0,7.0,169.07,6.139999999999986,21.0,14.0,9.636563184042666,35,7.0,-48.0,0.2,154.0,
2025-04-08 09:46:10,166.0,6.0,171.5,6.0,164.57,42.0,174.0,6.0,168.75,5.5,48.0,12.0,4.68181802295311,60,36.0,25.0,0.6,154.0,
2025-04-08 09:46:11,166.0,14.0,169.36,14.0,165.0,126.0,191.13,30.0,167.68,3.3600000000000136,140.0,44.0,3.919844384672596,184,96.0,124.0,0.52,167.0,1.0
2025-04-08 09:46:12,166.3,10.0,203.59,32.0,165.05,66.0,422.62,32.0,184.95,37.28999999999999,76.0,64.0,8.065741131480197,140,12.0,-44.0,0.09,168.0,1.0
2025-04-08 09:46:13,166.0,9.0,241.19,37.0,165.0,81.0,562.31,29.0,203.59,75.19,90.0,66.0,15.586020017953762,156,24.0,16.0,0.15,168.0,
2025-04-08 09:46:14,166.05,19.0,285.0,18.0,164.62,24.0,563.17,30.0,225.53,118.95,43.0,48.0,24.60826283994994,91,-5.0,-65.0,-0.05,166.4,5.0
2025-04-08 09:46:15,165.0,64.0,310.58,38.0,161.0,24.0,512.46,26.0,237.79,145.57999999999998,88.0,64.0,28.668256312515208,152,24.0,61.0,0.16,166.4,
2025-04-08 09:46:16,165.0,47.0,216.52,21.0,161.0,27.0,390.96,23.0,190.76,51.52000000000001,74.0,44.0,22.59059715899672,118,30.0,-34.0,0.25,165.0,5.0
2025-04-08 09:46:17,165.0,24.0,213.75,8.0,161.0,24.0,216.0,8.0,189.38,48.75,48.0,16.0,21.4952006271184,64,32.0,-54.0,0.5,165.0,
2025-04-08 09:46:18,165.0,9.0,212.67,3.0,161.0,9.0,216.0,3.0,188.83,47.66999999999999,18.0,6.0,23.42150230023833,24,12.0,-40.0,0.5,165.0,
2025-04-08 09:46:19,165.0,27.0,209.56,9.0,161.22,27.0,211.89,9.0,187.28,44.56,54.0,18.0,21.827213977053177,72,36.0,48.0,0.5,165.0,
2025-04-08 09:46:20,165.0,36.0,206.5,12.0,162.0,36.0,208.5,12.0,185.75,41.5,72.0,24.0,1.935962293036832,96,48.0,24.0,0.5,165.0,
2025-04-08 09:46:21,164.47,30.0,203.67,12.0,161.5,44.0,204.67,12.0,184.07,39.19999999999999,74.0,24.0,2.1920241787124137,98,50.0,2.0,0.51,163.5,6.0
2025-04-08 09:46:22,161.0,20.0,201.0,5.0,160.0,55.0,202.0,5.0,181.0,40.0,75.0,10.0,3.0228182214713177,85,65.0,-13.0,0.76,163.5,
2025-04-08 09:46:23,161.0,28.0,189.67,9.0,160.0,81.0,200.71,7.0,175.33,28.669999999999987,109.0,16.0,4.7265664070292726,125,93.0,40.0,0.74,163.5,
2025-04-08 09:46:24,161.0,52.0,195.62,13.0,160.0,187.0,197.54,13.0,178.31,34.620000000000005,239.0,26.0,4.222383213311739,265,213.0,140.0,0.8,163.5,
2025-04-08 09:46:25,161.0,24.0,193.0,9.0,160.0,99.0,195.0,9.0,177.0,32.0,123.0,18.0,3.447792047101449,141,105.0,-124.0,0.74,161.0,3.0
2025-04-08 09:46:26,161.96,23.0,191.77,13.0,160.01,133.0,193.15,13.0,176.86,29.81,156.0,26.0,2.125711645556709,182,130.0,41.0,0.71,161.0,
2025-04-08 09:46:27,162.85,74.0,190.14,14.0,160.08,84.0,193.0,14.0,176.5,27.289999999999992,158.0,28.0,1.0694157283559371,186,130.0,4.0,0.7,161.0,
2025-04-08 09:46:28,166.0,13.0,187.08,13.0,161.0,22.0,189.54,13.0,176.54,21.080000000000013,35.0,26.0,0.7396756046100001,61,9.0,-125.0,0.15,161.0,
2025-04-08 09:46:29,166.0,8.0,184.62,8.0,161.0,32.0,187.0,8.0,175.31,18.620000000000005,40.0,16.0,0.6671731409873441,56,24.0,-5.0,0.43,161.0,
2025-04-08 09:46:30,163.69,13.0,181.0,42.0,160.46,61.0,182.0,14.0,172.35,17.310000000000002,74.0,56.0,1.8634028013434265,130,18.0,74.0,0.14,162.67,3.0
2025-04-08 09:46:31,160.35,79.0,175.61,41.0,159.69,224.0,176.8,25.0,167.98,15.26000000000002,303.0,66.0,3.641157782911058,369,237.0,168.0,0.64,160.2,10.0
2025-04-08 09:46:32,160.0,51.0,169.07,29.0,159.0,170.0,170.04,25.0,164.53,9.069999999999991,221.0,54.0,5.037029878812787,275,167.0,-94.0,0.61,160.2,
2025-04-08 09:46:33,160.0,39.0,165.68,25.0,159.0,81.0,166.62,53.0,162.84,5.680000000000007,120.0,78.0,5.225262672828195,198,42.0,-77.0,0.21,160.2,
2025-04-08 09:46:34,159.22,55.0,160.56,25.0,158.24,101.0,162.73,22.0,159.89,1.3400000000000034,156.0,47.0,4.81040227008619,203,109.0,5.0,0.54,159.38,8.0
2025-04-08 09:46:35,163.0,10.0,269.82,33.0,159.7,70.0,332.18,34.0,216.41,106.82,80.0,67.0,23.704549141463424,147,13.0,-56.0,0.09,161.0,3.0
2025-04-08 09:46:36,167.0,9.0,236.87,30.0,165.0,36.0,330.0,33.0,201.93,69.87,45.0,63.0,26.165528849997617,108,-18.0,-39.0,-0.17,161.0,
2025-04-08 09:46:37,167.0,6.0,285.0,21.0,165.0,24.0,367.71,14.0,226.0,118.0,30.0,35.0,30.503334735731165,65,-5.0,-43.0,-0.08,161.0,
2025-04-08 09:46:38,167.0,13.0,211.85,26.0,165.0,52.0,253.0,24.0,189.42,44.85,65.0,50.0,25.79581845958888,115,15.0,50.0,0.13,161.0,
2025-04-08 09:46:39,167.94,64.0,200.0,20.0,165.55,22.0,202.0,10.0,183.97,32.06,86.0,30.0,17.713269884469895,116,56.0,1.0,0.48,161.0,
2025-04-08 09:46:40,168.0,178.0,195.92,26.0,167.0,21.0,197.92,37.0,181.96,27.919999999999987,199.0,63.0,18.153182365636752,262,136.0,146.0,0.52,168.0,4.0
2025-04-08 09:46:41,168.0,18.0,193.5,8.0,167.0,6.0,194.2,10.0,180.75,25.5,24.0,18.0,19.063180479659305,42,6.0,-168.0,0.14,168.0,3.0
2025-04-08 09:46:42,168.0,24.0,192.38,8.0,167.0,8.0,194.0,16.0,180.19,24.379999999999995,32.0,24.0,3.7371339285687903,56,8.0,14.0,0.14,168.0,
2025-04-08 09:46:43,166.5,42.0,191.07,14.0,161.93,71.0,194.0,28.0,178.79,24.569999999999997,113.0,42.0,1.9530796194879525,155,71.0,99.0,0.46,167.2,5.0
2025-04-08 09:46:44,165.0,24.0,190.62,8.0,162.0,64.0,194.0,16.0,177.81,25.620000000000005,88.0,24.0,1.631747529508988,112,64.0,-43.0,0.57,167.2,
2025-04-08 09:46:45,162.47,58.0,188.31,16.0,161.26,94.0,321.0,18.0,175.39,25.840000000000003,152.0,34.0,2.128022556285098,186,118.0,74.0,0.63,164.25,4.0
2025-04-08 09:46:46,162.51,101.0,187.82,11.0,161.29,98.0,189.0,11.0,175.17,25.31,199.0,22.0,2.1721418001727497,221,177.0,35.0,0.8,164.25,
2025-04-08 09:46:47,163.0,130.0,186.1,10.0,162.0,70.0,189.0,10.0,174.55,23.099999999999994,200.0,20.0,1.8465427154705192,220,180.0,-1.0,0.82,164.25,
2025-04-08 09:46:48,163.72,139.0,185.85,13.0,162.38,91.0,188.54,13.0,174.78,22.129999999999995,230.0,26.0,1.3105342422298314,256,204.0,36.0,0.8,164.0,5.0
2025-04-08 09:46:49,164.62,55.0,185.0,10.0,163.0,70.0,186.0,10.0,174.81,20.379999999999995,125.0,20.0,0.3354101967094072,145,105.0,-111.0,0.72,164.86,7.0
2025-04-08 09:46:50,165.0,12.0,183.83,12.0,163.0,84.0,185.17,12.0,174.42,18.830000000000013,96.0,24.0,0.2871062522073788,120,72.0,-25.0,0.6,164.86,
2025-04-08 09:46:51,165.62,13.0,175.11,19.0,163.0,91.0,182.77,13.0,170.36,9.490000000000007,104.0,32.0,1.9209190508858476,136,72.0,16.0,0.53,164.86,
2025-04-08 09:46:52,164.18,51.0,179.38,13.0,162.77,93.0,183.0,13.0,171.78,15.199999999999989,144.0,26.0,2.0404901372111466,170,118.0,34.0,0.69,166.0,1.0
2025-04-08 09:46:53,165.0,48.0,177.31,16.0,163.0,144.0,179.56,16.0,171.16,12.310000000000002,192.0,32.0,1.994738078058289,224,160.0,54.0,0.71,166.0,
2025-04-08 09:46:54,163.0,56.0,176.0,7.0,162.0,49.0,177.0,7.0,169.5,13.0,105.0,14.0,1.871117313279744,119,91.0,-105.0,0.76,164.5,4.0
2025-04-08 09:46:55,163.0,52.0,174.89,9.0,162.0,63.0,175.89,9.0,168.94,11.889999999999986,115.0,18.0,1.163150893072226,133,97.0,14.0,0.73,163.0,4.0
2025-04-08 09:46:56,163.0,32.0,173.62,8.0,162.0,56.0,174.62,8.0,168.31,10.620000000000005,88.0,16.0,1.4768615371978944,104,72.0,-29.0,0.69,163.0,
2025-04-08 09:46:57,162.86,42.0,172.3,10.0,161.8,79.0,173.3,10.0,167.58,9.439999999999998,121.0,20.0,1.3568050707651873,141,101.0,37.0,0.72,162.8,5.0
2025-04-08 09:46:58,162.0,78.0,168.76,41.0,161.0,178.0,169.55,29.0,165.38,6.759999999999991,256.0,70.0,1.601068393309161,326,186.0,168.0,0.57,162.8,
2025-04-08 09:46:59,162.0,69.0,165.16,37.0,161.0,91.0,166.49,41.0,163.58,3.1599999999999966,160.0,78.0,2.227334730132178,238,82.0,-88.0,0.34,162.0,2.0
2025-04-08 09:47:00,162.0,11.0,163.88,40.0,161.0,56.0,167.0,40.0,162.94,1.8799999999999957,67.0,80.0,2.369603342344957,147,-13.0,-91.0,-0.09,162.0,3.0
2025-04-08 09:47:01,161.12,48.0,165.83,60.0,160.65,51.0,244.59,29.0,163.48,4.710000000000008,99.0,89.0,1.9064941647043925,188,10.0,41.0,0.05,163.0,5.0
2025-04-08 09:47:02,161.63,76.0,165.1,48.0,160.73,30.0,199.08,25.0,163.37,3.469999999999999,106.0,73.0,0.9432921074892112,179,33.0,-9.0,0.18,165.0,2.0
2025-04-08 09:47:03,162.0,60.0,202.42,24.0,159.25,40.0,381.25,24.0,182.21,40.41999999999999,100.0,48.0,8.441328686886518,148,52.0,-31.0,0.35,164.75,4.0
2025-04-08 09:47:04,162.38,26.0,390.0,10.0,159.49,37.0,743.0,15.0,276.19,227.62,63.0,25.0,49.07508502285111,88,38.0,-60.0,0.43,164.75,
2025-04-08 09:47:09,163.0,11.0,274.07,28.0,162.0,44.0,298.91,43.0,218.54,111.07,55.0,71.0,77.60564876347705,126,-16.0,9.0,-0.13,164.75,
2025-04-08 09:47:10,163.24,21.0,224.05,37.0,162.5,8.0,225.53,19.0,193.65,60.81,29.0,56.0,98.74035608605092,85,-27.0,-41.0,-0.32,163.75,4.0
2025-04-08 09:47:11,162.0,36.0,223.9,39.0,161.0,9.0,224.58,24.0,192.95,61.900000000000006,45.0,63.0,88.85263715838768,108,-18.0,23.0,-0.17,163.75,
2025-04-08 09:47:12,162.0,40.0,219.45,38.0,161.0,10.0,222.47,38.0,190.72,57.44999999999999,50.0,76.0,74.09060513992354,126,-26.0,18.0,-0.21,163.75,
2025-04-08 09:47:13,162.76,17.0,216.5,50.0,161.97,37.0,221.46,26.0,189.63,53.74000000000001,54.0,76.0,12.096527187587116,130,-22.0,4.0,-0.17,163.0,2.0
2025-04-08 09:47:14,163.0,6.0,214.67,30.0,162.0,24.0,223.0,12.0,188.83,51.66999999999999,30.0,42.0,2.083717831192467,72,-12.0,-58.0,-0.17,163.0,
2025-04-08 09:47:15,165.25,16.0,195.79,29.0,162.16,19.0,203.23,26.0,180.52,30.539999999999992,35.0,55.0,4.737947868014922,90,-20.0,18.0,-0.22,163.0,
2025-04-08 09:47:16,166.0,36.0,190.11,45.0,163.0,12.0,192.0,18.0,178.06,24.110000000000014,48.0,63.0,5.8209681325381535,111,-15.0,21.0,-0.14,163.0,
2025-04-08 09:47:17,166.0,48.0,187.69,54.0,163.0,23.0,188.56,45.0,176.84,21.69,71.0,99.0,6.045546294589303,170,-28.0,59.0,-0.16,163.0,
2025-04-08 09:47:18,166.07,61.0,180.81,68.0,163.82,22.0,183.14,59.0,173.44,14.740000000000007,83.0,127.0,5.786943925771171,210,-44.0,40.0,-0.21,166.0,1.0
2025-04-08 09:47:19,167.0,18.0,175.86,36.0,166.0,27.0,177.21,33.0,171.43,8.860000000000014,45.0,69.0,3.633224463203015,114,-24.0,-96.0,-0.21,166.0,
2025-04-08 09:47:20,167.0,26.0,173.03,62.0,166.0,39.0,173.87,55.0,170.02,6.030000000000001,65.0,117.0,3.4387236004097472,182,-52.0,68.0,-0.29,166.0,
2025-04-08 09:47:21,166.34,53.0,168.19,69.0,165.38,34.0,169.19,74.0,167.26,1.8499999999999943,87.0,143.0,3.6058313881840287,230,-56.0,48.0,-0.24,166.67,3.0
2025-04-08 09:47:22,164.5,18.0,166.56,50.0,161.36,11.0,167.85,46.0,165.53,2.0600000000000023,29.0,96.0,3.173756449384737,125,-67.0,-105.0,-0.54,166.0,2.0
2025-04-08 09:47:23,162.14,14.0,164.28,36.0,160.46,13.0,165.21,57.0,163.21,2.140000000000015,27.0,93.0,3.32179921127233,120,-66.0,-5.0,-0.55,161.8,5.0
2025-04-08 09:47:24,159.86,127.0,161.93,75.0,158.38,39.0,164.92,72.0,160.9,2.069999999999993,166.0,147.0,3.5307831992360743,313,19.0,168.0,0.06,160.0,9.0
2025-04-08 09:47:25,160.0,19.0,248.93,61.0,159.0,42.0,340.08,52.0,204.47,88.93,61.0,113.0,18.157148179161094,174,-52.0,-139.0,-0.3,160.0,5.0
2025-04-08 09:47:26,158.38,26.0,198.92,61.0,139.21,29.0,385.59,39.0,178.65,40.53999999999999,55.0,100.0,18.085179567812283,155,-45.0,-19.0,-0.29,159.25,4.0
2025-04-08 09:47:27,158.0,23.0,224.18,28.0,131.5,12.0,336.85,20.0,191.09,66.18,35.0,48.0,18.50500689002895,83,-13.0,-72.0,-0.16,159.25,
2025-04-08 09:47:28,158.0,24.0,283.71,34.0,152.0,8.0,445.3,30.0,220.85,125.70999999999998,32.0,64.0,23.080401209684997,96,-32.0,13.0,-0.33,158.0,3.0
2025-04-08 09:47:30,141.0,40.0,155.0,11.0,67.41,37.0,158.0,8.0,148.0,14.0,77.0,19.0,37.29468487599853,96,58.0,-40.0,0.6,155.0,1.0
2025-04-08 09:47:31,130.64,55.0,154.37,19.0,98.55,55.0,156.91,11.0,142.5,23.730000000000015,110.0,30.0,44.44957108904459,140,80.0,44.0,0.57,155.0,
2025-04-08 09:47:32,125.73,44.0,152.62,26.0,105.35,46.0,154.57,14.0,139.17,26.89,90.0,40.0,49.688032060044605,130,50.0,-10.0,0.38,148.0,1.0
2025-04-08 09:47:33,145.0,22.0,152.0,33.0,119.0,75.0,155.0,11.0,148.5,7.0,97.0,44.0,44.71569892107257,141,53.0,11.0,0.38,148.0,
2025-04-08 09:47:34,126.25,32.0,153.91,33.0,59.53,38.0,155.85,20.0,140.08,27.66,70.0,53.0,4.375579961558868,123,17.0,-18.0,0.14,153.33,6.0
2025-04-08 09:47:37,141.61,18.0,151.6,30.0,139.0,12.0,154.53,38.0,146.61,9.98999999999998,30.0,68.0,5.764353389582864,98,-38.0,35.0,-0.39,150.0,3.0
2025-04-08 09:47:38,147.5,24.0,154.0,28.0,145.0,18.0,155.0,65.0,150.75,6.5,42.0,93.0,6.316745206195651,135,-51.0,37.0,-0.38,154.0,1.0
2025-04-08 09:47:39,147.67,24.0,154.81,26.0,122.1,31.0,155.53,53.0,151.24,7.140000000000015,55.0,79.0,6.587438804269634,134,-24.0,-1.0,-0.18,154.5,4.0
2025-04-08 09:47:40,148.6,20.0,155.25,24.0,119.4,25.0,171.71,42.0,151.93,6.650000000000006,45.0,66.0,2.458328700560558,111,-21.0,-23.0,-0.19,155.57,7.0
2025-04-08 09:47:41,150.82,34.0,158.0,14.0,128.88,32.0,305.62,66.0,154.41,7.180000000000007,66.0,80.0,2.823317197907589,146,-14.0,35.0,-0.1,155.57,
2025-04-08 09:47:42,152.83,12.0,158.0,6.0,146.67,12.0,193.69,26.0,155.42,5.169999999999988,24.0,32.0,2.0516456809113106,56,-8.0,-90.0,-0.14,155.57,
2025-04-08 09:47:43,153.5,16.0,158.0,8.0,133.75,16.0,175.5,36.0,155.75,4.5,32.0,44.0,2.0516456809114803,76,-12.0,20.0,-0.16,155.57,
2025-04-08 09:47:44,154.0,10.0,157.0,25.0,139.0,10.0,158.0,5.0,155.5,3.0,20.0,30.0,1.578755839261834,50,-10.0,-26.0,-0.2,155.57,
2025-04-08 09:47:45,154.33,30.0,162.23,71.0,139.27,30.0,199.64,39.0,158.28,7.899999999999977,60.0,110.0,1.4399201366757342,170,-50.0,120.0,-0.29,157.29,7.0
2025-04-08 09:47:46,157.0,16.0,188.88,24.0,149.5,16.0,200.06,34.0,172.94,31.879999999999995,32.0,58.0,7.563076093760205,90,-26.0,-80.0,-0.29,158.0,3.0
2025-04-08 09:47:47,157.86,28.0,271.91,32.0,152.8,20.0,441.58,38.0,214.88,114.05,48.0,70.0,25.31167912249237,118,-22.0,28.0,-0.19,157.6,5.0
2025-04-08 09:47:48,136.42,24.0,251.76,17.0,105.54,13.0,370.6,35.0,194.09,115.34,37.0,52.0,25.16584630009534,89,-15.0,-29.0,-0.17,157.6,
2025-04-08 09:47:49,138.7,50.0,353.91,32.0,93.17,29.0,500.8,45.0,246.3,215.21000000000004,79.0,77.0,34.77186535117201,156,2.0,67.0,0.01,154.0,1.0
2025-04-08 09:47:50,140.81,57.0,222.0,45.0,110.15,33.0,272.54,39.0,181.4,81.19,90.0,84.0,29.4098864329674,174,6.0,18.0,0.03,154.0,
2025-04-08 09:47:55,147.0,18.0,156.0,9.0,128.0,9.0,204.7,43.0,151.5,9.0,27.0,52.0,1.6879514211011206,79,-25.0,-3.0,-0.32,154.0,
2025-04-08 09:47:56,147.29,14.0,156.0,7.0,77.57,7.0,157.0,35.0,151.64,8.710000000000008,21.0,42.0,1.8925855330732144,63,-21.0,-16.0,-0.33,154.0,
2025-04-08 09:47:57,148.0,16.0,155.23,13.0,94.2,20.0,156.75,20.0,151.62,7.22999999999999,36.0,33.0,1.6162054324864654,69,3.0,6.0,0.04,154.0,
2025-04-08 09:47:58,148.0,24.0,155.0,19.0,60.88,26.0,156.0,12.0,151.5,7.0,50.0,31.0,1.399071120422134,81,19.0,12.0,0.23,155.0,1.0
2025-04-08 09:47:59,148.75,16.0,155.0,8.0,137.91,22.0,156.0,8.0,151.88,6.25,38.0,16.0,0.1553061492659975,54,22.0,-27.0,0.41,155.0,
2025-04-08 09:48:00,149.62,16.0,155.0,14.0,130.32,22.0,156.0,8.0,152.31,5.379999999999996,38.0,22.0,0.3217141588428671,60,16.0,6.0,0.27,155.0,
2025-04-08 09:48:01,151.6,10.0,155.0,10.0,116.0,15.0,156.0,5.0,153.3,3.4000000000000057,25.0,15.0,0.728093400602061,40,10.0,-20.0,0.25,155.0,
2025-04-08 09:48:02,153.8,108.0,155.2,20.0,114.97,35.0,156.71,28.0,154.5,1.3999999999999773,143.0,48.0,1.2108344230326435,191,95.0,151.0,0.5,155.0,2.0
2025-04-08 09:48:03,154.7,160.0,156.0,10.0,153.0,20.0,157.0,50.0,155.35,1.3000000000000114,180.0,60.0,1.4575561738751202,240,120.0,49.0,0.5,155.0,
2025-04-08 09:48:04,154.89,106.0,156.56,43.0,96.79,38.0,279.73,55.0,155.72,1.670000000000016,144.0,98.0,1.4228949363892451,242,46.0,2.0,0.19,156.14,7.0
2025-04-08 09:48:05,155.95,38.0,292.0,40.0,118.83,58.0,470.56,45.0,223.97,136.05,96.0,85.0,30.984627962911127,181,11.0,-61.0,0.06,157.0,4.0
2025-04-08 09:48:08,163.07,28.0,330.88,41.0,162.0,42.0,475.68,38.0,246.97,167.81,70.0,79.0,70.3903629767604,149,-9.0,-2.0,-0.06,157.0,
2025-04-08 09:48:09,163.08,24.0,293.0,6.0,161.33,30.0,479.0,30.0,228.04,129.92,54.0,36.0,49.44557897325194,90,18.0,-59.0,0.2,164.0,3.0
2025-04-08 09:48:10,163.0,72.0,225.68,41.0,162.0,18.0,370.33,18.0,194.34,62.68000000000001,90.0,59.0,57.27582535415871,149,31.0,59.0,0.21,164.0,
2025-04-08 09:48:11,163.0,64.0,238.75,40.0,162.0,20.0,409.0,32.0,200.88,75.75,84.0,72.0,52.11691500846987,156,12.0,7.0,0.08,164.0,
2025-04-08 09:48:12,162.8,20.0,241.5,20.0,161.17,24.0,409.0,16.0,202.15,78.69999999999999,44.0,36.0,22.26029042937338,80,8.0,-76.0,0.1,161.5,4.0
2025-04-08 09:48:13,161.0,67.0,239.2,50.0,159.0,90.0,646.7,50.0,200.1,78.19999999999999,157.0,100.0,13.16749862350648,257,57.0,168.0,0.22,161.0,2.0
2025-04-08 09:48:17,167.0,139.0,354.4,30.0,166.0,48.0,423.5,24.0,260.7,187.4,187.0,54.0,71.16468000349695,241,133.0,9.0,0.55,167.0,5.0
2025-04-08 09:48:18,167.0,70.0,328.54,26.0,166.0,48.0,332.09,33.0,247.77,161.54000000000002,118.0,59.0,55.23260088027837,177,59.0,-64.0,0.33,167.0,5.0
2025-04-08 09:48:19,166.22,36.0,326.52,27.0,160.95,76.0,328.93,28.0,246.37,160.29999999999998,112.0,55.0,50.42946430411596,167,57.0,-10.0,0.34,167.0,2.0
2025-04-08 09:48:20,166.0,52.0,319.66,35.0,162.11,18.0,322.18,22.0,242.83,153.66000000000005,70.0,57.0,41.81967037172922,127,13.0,-40.0,0.1,167.0,
2025-04-08 09:48:21,166.0,48.0,225.52,27.0,164.8,120.0,267.28,36.0,195.76,59.52000000000001,168.0,63.0,24.92986823069991,231,105.0,104.0,0.45,167.0,
2025-04-08 09:48:22,165.09,138.0,210.4,20.0,164.59,68.0,214.0,20.0,187.74,45.31,206.0,40.0,29.716324301636764,246,166.0,15.0,0.67,166.0,4.0
2025-04-08 09:48:23,165.0,180.0,208.04,47.0,163.75,56.0,209.5,20.0,186.52,43.03999999999999,236.0,67.0,30.137931747219096,303,169.0,57.0,0.56,166.0,
2025-04-08 09:48:24,165.06,134.0,207.16,57.0,164.6,242.0,208.21,57.0,186.11,42.1,376.0,114.0,24.377860242441837,490,262.0,168.0,0.53,166.0,
2025-04-08 09:48:25,165.0,174.0,205.67,45.0,164.0,182.0,207.69,59.0,185.33,40.66999999999999,356.0,104.0,4.264688734247331,460,252.0,-30.0,0.55,165.0,5.0
2025-04-08 09:48:26,165.0,161.0,202.4,63.0,164.0,182.0,204.67,49.0,183.7,37.400000000000006,343.0,112.0,1.4980821072338226,455,231.0,-5.0,0.51,165.0,1.0
2025-04-08 09:48:27,166.21,28.0,197.48,66.0,165.0,168.0,199.48,54.0,181.85,31.269999999999985,196.0,120.0,1.9248298626146445,316,76.0,-139.0,0.24,165.0,
2025-04-08 09:48:28,165.69,78.0,192.74,42.0,164.61,178.0,194.1,48.0,179.22,27.05000000000001,256.0,90.0,2.77979675516248,346,166.0,30.0,0.48,168.0,2.0
2025-04-08 09:48:29,165.0,180.0,187.72,43.0,164.0,210.0,189.04,45.0,176.36,22.72,390.0,88.0,3.5718720581804204,478,302.0,132.0,0.63,168.0,
2025-04-08 09:48:30,165.0,104.0,182.64,42.0,164.0,168.0,183.83,54.0,173.82,17.639999999999986,272.0,96.0,4.0019495249200645,368,176.0,-110.0,0.48,165.0,4.0
2025-04-08 09:48:31,165.0,112.0,180.17,36.0,164.0,196.0,180.79,56.0,172.58,15.169999999999987,308.0,92.0,3.8156100429690047,400,216.0,32.0,0.54,165.0,
2025-04-08 09:48:32,164.47,79.0,176.03,36.0,163.92,76.0,177.3,10.0,170.25,11.560000000000002,155.0,46.0,3.461745224594649,201,109.0,-168.0,0.54,165.0,8.0
2025-04-08 09:48:33,164.0,143.0,173.33,33.0,160.95,43.0,179.62,61.0,168.67,9.330000000000013,186.0,94.0,3.010204312003084,280,92.0,79.0,0.33,164.0,4.0
2025-04-08 09:48:34,163.68,28.0,175.35,49.0,159.08,101.0,181.0,55.0,169.51,11.669999999999987,129.0,104.0,2.1595439333342394,233,25.0,-47.0,0.11,164.0,1.0
2025-04-08 09:48:35,163.0,52.0,171.7,53.0,159.38,95.0,173.62,64.0,167.35,8.699999999999989,147.0,117.0,1.9501589678791704,264,30.0,31.0,0.11,163.0,5.0
2025-04-08 09:48:36,163.0,18.0,168.49,41.0,161.0,27.0,170.5,40.0,165.74,5.490000000000009,45.0,81.0,1.793008644708177,126,-36.0,-138.0,-0.29,163.0,
2025-04-08 09:48:37,161.24,25.0,166.43,35.0,160.62,24.0,167.65,37.0,163.83,5.189999999999998,49.0,72.0,2.282870999420918,121,-23.0,-5.0,-0.19,161.8,5.0
2025-04-08 09:48:38,159.0,121.0,164.67,42.0,158.0,33.0,191.98,51.0,161.83,5.669999999999988,154.0,93.0,2.987577614053873,247,61.0,126.0,0.25,163.43,7.0
2025-04-08 09:48:39,159.0,86.0,162.0,8.0,158.0,24.0,163.0,16.0,160.5,3.0,110.0,24.0,2.789507124922648,134,86.0,-113.0,0.64,163.43,
2025-04-08 09:48:40,159.0,90.0,421.34,44.0,158.0,30.0,512.48,42.0,290.17,262.34,120.0,86.0,56.91807120765792,206,34.0,72.0,0.17,161.33,3.0
2025-04-08 09:48:41,161.0,21.0,369.11,37.0,158.92,71.0,471.0,45.0,265.05,208.11,92.0,82.0,63.92405321942622,174,10.0,-32.0,0.06,160.5,4.0
2025-04-08 09:48:42,159.0,63.0,314.0,27.0,158.0,15.0,538.44,45.0,236.5,155.0,78.0,72.0,59.39297054365986,150,6.0,-24.0,0.04,160.5,
2025-04-08 09:48:43,159.0,35.0,298.81,26.0,158.0,8.0,335.18,38.0,228.9,139.81,43.0,64.0,48.80817175432882,107,-21.0,-43.0,-0.2,160.5,
2025-04-08 09:48:44,115.94,52.0,235.0,50.0,93.6,45.0,283.3,50.0,175.47,119.06,97.0,100.0,43.13077404823688,197,-3.0,90.0,-0.02,161.88,8.0
2025-04-08 09:48:47,122.4,101.0,215.25,16.0,108.73,66.0,253.42,76.0,168.82,92.85,167.0,92.0,35.9005281298201,259,75.0,91.0,0.29,149.75,8.0
2025-04-08 09:48:48,116.93,42.0,295.15,33.0,124.59,102.0,501.59,58.0,206.04,178.21999999999997,144.0,91.0,27.56693853150908,235,53.0,-24.0,0.23,149.75,
2025-04-08 09:48:49,165.0,9.0,210.87,23.0,158.0,72.0,348.88,24.0,187.93,45.870000000000005,81.0,47.0,28.841900422822388,128,34.0,-107.0,0.27,149.75,
2025-04-08 09:48:50,165.0,12.0,179.5,36.0,158.12,100.0,407.95,39.0,172.25,14.5,112.0,75.0,28.64627427781846,187,37.0,59.0,0.2,149.75,
2025-04-08 09:48:51,165.0,11.0,169.0,33.0,159.0,159.0,250.45,22.0,167.0,4.0,170.0,55.0,16.53926449392509,225,115.0,38.0,0.51,149.75,
2025-04-08 09:48:52,162.12,43.0,168.38,24.0,158.77,70.0,208.2,15.0,165.25,6.259999999999991,113.0,39.0,17.227327999431903,152,74.0,-73.0,0.49,164.75,8.0
2025-04-08 09:48:53,160.17,182.0,346.67,45.0,158.51,127.0,435.7,27.0,253.42,186.50000000000003,309.0,72.0,37.01203115204594,381,237.0,168.0,0.62,162.8,5.0
2025-04-08 09:48:54,163.0,27.0,403.22,27.0,160.77,83.0,416.22,27.0,283.11,240.22000000000003,110.0,54.0,55.881350466860034,164,56.0,-168.0,0.34,162.8,
2025-04-08 09:48:55,161.4,30.0,408.0,21.0,160.23,71.0,620.0,6.0,284.7,246.6,101.0,27.0,60.25030896186392,128,74.0,-36.0,0.58,161.86,7.0
2025-04-08 09:48:56,160.07,58.0,370.21,14.0,158.33,67.0,408.0,15.0,265.14,210.14,125.0,29.0,49.30343730410768,154,96.0,26.0,0.62,160.44,9.0
2025-04-08 09:48:57,160.0,24.0,310.12,8.0,158.0,32.0,386.0,8.0,235.06,150.12,56.0,16.0,20.880808892379846,72,40.0,-82.0,0.56,160.44,
2025-04-08 09:48:58,160.0,48.0,318.38,24.0,158.0,64.0,320.0,8.0,239.19,158.38,112.0,32.0,23.53334549102798,144,80.0,72.0,0.56,160.44,
2025-04-08 09:48:59,160.0,66.0,268.08,37.0,158.0,104.0,458.28,18.0,214.04,108.07999999999998,170.0,55.0,27.56044048995,225,115.0,81.0,0.51,160.0,4.0
2025-04-08 09:49:00,161.77,31.0,221.0,24.0,158.3,46.0,401.0,8.0,191.39,59.22999999999999,77.0,32.0,27.7712374589261,109,45.0,-116.0,0.41,160.0,
2025-04-08 09:49:01,163.59,51.0,220.33,36.0,163.05,146.0,578.06,31.0,191.96,56.74000000000001,197.0,67.0,22.77332364851577,264,130.0,155.0,0.49,164.0,1.0
2025-04-08 09:49:02,166.06,32.0,219.0,24.0,163.27,112.0,381.0,24.0,192.53,52.94,144.0,48.0,20.96469580032204,192,96.0,-72.0,0.5,167.0,1.0
2025-04-08 09:49:03,166.0,70.0,219.0,45.0,163.0,238.0,329.59,41.0,192.5,53.0,308.0,86.0,9.825158013998175,394,222.0,168.0,0.56,167.0,
2025-04-08 09:49:04,166.0,55.0,218.09,33.0,163.0,187.0,234.76,34.0,192.05,52.09,242.0,67.0,0.4664011149522103,309,175.0,-85.0,0.57,167.0,
2025-04-08 09:49:05,166.0,45.0,217.33,27.0,163.0,153.0,219.0,27.0,191.67,51.33000000000001,198.0,54.0,0.3684698088428874,252,144.0,-57.0,0.57,167.0,
2025-04-08 09:49:06,166.0,75.0,215.24,51.0,163.0,255.0,216.6,45.0,190.62,49.24000000000001,330.0,96.0,0.7853852558002865,426,234.0,168.0,0.55,167.0,
2025-04-08 09:49:07,166.0,70.0,210.73,44.0,163.0,238.0,212.0,48.0,188.36,44.72999999999999,308.0,92.0,1.651317655700372,400,216.0,-26.0,0.54,167.0,
2025-04-08 09:49:08,166.76,83.0,211.52,46.0,164.11,108.0,273.0,49.0,189.14,44.76000000000002,191.0,95.0,1.5912165157599558,286,96.0,-114.0,0.34,167.0,1.0
2025-04-08 09:49:09,167.0,52.0,213.11,27.0,166.0,55.0,244.74,50.0,190.06,46.110000000000014,107.0,77.0,1.2846789482306165,184,30.0,-102.0,0.16,167.0,5.0
2025-04-08 09:49:10,167.0,18.0,211.11,9.0,166.0,45.0,213.0,45.0,189.06,44.110000000000014,63.0,54.0,0.8912463183803516,117,9.0,-67.0,0.08,167.0,
2025-04-08 09:49:11,166.8,25.0,208.31,32.0,165.29,72.0,212.5,40.0,187.56,41.50999999999999,97.0,72.0,0.9348154898299824,169,25.0,52.0,0.15,167.0,2.0
2025-04-08 09:49:12,166.0,50.0,205.62,34.0,163.0,170.0,205.24,34.0,185.81,39.620000000000005,220.0,68.0,1.6677170023795007,288,152.0,119.0,0.53,167.0,
2025-04-08 09:49:13,166.0,35.0,202.0,16.0,163.0,119.0,203.0,35.0,184.0,36.0,154.0,51.0,2.4440171848873864,205,103.0,-83.0,0.5,167.0,
2025-04-08 09:49:14,166.0,60.0,198.91,44.0,163.0,204.0,201.21,28.0,182.45,32.91,264.0,72.0,2.6544735824686065,336,192.0,131.0,0.57,167.0,
2025-04-08 09:49:15,166.29,28.0,193.71,28.0,163.38,156.0,194.52,56.0,180.0,27.420000000000016,184.0,84.0,2.930261080522061,268,100.0,-68.0,0.37,167.0,
2025-04-08 09:49:16,167.86,7.0,191.57,35.0,166.0,35.0,192.21,19.0,179.71,23.70999999999998,42.0,54.0,2.607034714003836,96,-12.0,-168.0,-0.12,167.0,
2025-04-08 09:49:17,166.53,19.0,187.69,48.0,165.64,39.0,189.05,40.0,177.11,21.16,58.0,88.0,2.6598928549886605,146,-30.0,50.0,-0.21,166.5,4.0
2025-04-08 09:49:18,166.0,28.0,182.15,26.0,165.0,28.0,182.5,70.0,174.08,16.150000000000006,56.0,96.0,3.1874990196105664,152,-40.0,6.0,-0.26,166.5,
2025-04-08 09:49:19,165.7,20.0,178.1,50.0,163.43,65.0,178.74,42.0,171.9,12.400000000000006,85.0,92.0,3.5328671076077818,177,-7.0,25.0,-0.04,166.0,2.0
2025-04-08 09:49:20,165.0,22.0,174.13,61.0,163.0,221.0,175.38,65.0,169.57,9.129999999999995,243.0,126.0,4.037143792338296,369,117.0,168.0,0.32,165.0,1.0
2025-04-08 09:49:21,165.0,12.0,168.88,56.0,162.72,87.0,169.79,52.0,166.94,3.879999999999996,99.0,108.0,3.93462196405372,207,-9.0,-162.0,-0.04,165.0,
2025-04-08 09:49:22,163.16,37.0,165.5,60.0,162.12,41.0,166.58,60.0,164.33,2.3400000000000034,78.0,120.0,3.8707660740494414,198,-42.0,-9.0,-0.21,163.33,6.0
2025-04-08 09:49:23,160.06,34.0,163.56,45.0,158.1,84.0,166.0,45.0,161.81,3.5,118.0,90.0,4.020043532103904,208,28.0,10.0,0.13,161.0,2.0
2025-04-08 09:49:24,159.44,79.0,162.71,56.0,158.11,142.0,166.57,74.0,161.08,3.2700000000000102,221.0,130.0,3.546735118388322,351,91.0,143.0,0.26,162.0,3.0
2025-04-08 09:49:25,159.0,118.0,161.29,56.0,158.0,160.0,162.71,56.0,160.14,2.289999999999992,278.0,112.0,2.7602807828204465,390,166.0,39.0,0.43,159.0,6.0
2025-04-08 09:49:26,159.0,23.0,160.38,58.0,158.0,140.0,162.0,28.0,159.69,1.3799999999999957,163.0,86.0,1.8280180524291576,249,77.0,-141.0,0.31,159.5,4.0
2025-04-08 09:49:27,151.55,62.0,159.67,18.0,118.78,81.0,245.45,22.0,155.61,8.119999999999976,143.0,40.0,2.4120800152577218,183,103.0,-66.0,0.56,158.12,8.0
2025-04-08 09:49:29,145.56,18.0,155.0,10.0,67.08,12.0,158.4,10.0,150.28,9.439999999999998,30.0,20.0,11.92586055595152,50,10.0,-31.0,0.2,155.5,2.0
2025-04-08 09:49:30,160.8,20.0,323.19,21.0,121.3,10.0,488.73,22.0,242.0,162.39,30.0,43.0,42.89715922995381,73,-13.0,23.0,-0.18,155.5,
2025-04-08 09:49:31,164.67,24.0,271.54,26.0,158.24,17.0,606.48,27.0,218.1,106.87000000000003,41.0,53.0,47.81712120151127,94,-12.0,21.0,-0.13,155.5,
2025-04-08 09:49:32,164.0,16.0,268.65,23.0,163.0,16.0,383.23,26.0,216.33,104.64999999999998,32.0,49.0,47.95786609097643,81,-17.0,-13.0,-0.21,155.5,
2025-04-08 09:49:33,164.33,18.0,357.86,35.0,163.0,18.0,527.5,20.0,261.1,193.53,36.0,55.0,41.8970407069526,91,-19.0,10.0,-0.21,155.5,
2025-04-08 09:49:34,165.33,18.0,368.44,36.0,163.0,36.0,438.0,9.0,266.89,203.11,54.0,45.0,23.49603009021007,99,9.0,8.0,0.09,155.5,
2025-04-08 09:49:35,165.74,46.0,188.27,74.0,162.7,80.0,435.25,24.0,177.0,22.53,126.0,98.0,36.88893370646608,224,28.0,125.0,0.12,168.0,2.0
2025-04-08 09:49:36,163.0,36.0,353.73,11.0,161.0,36.0,407.06,17.0,258.36,190.73,72.0,28.0,38.57479786078022,100,44.0,-124.0,0.44,168.0,
2025-04-08 09:49:37,164.33,83.0,221.0,18.0,162.22,72.0,346.1,31.0,192.66,56.66999999999999,155.0,49.0,42.80310526118463,204,106.0,104.0,0.52,168.0,
2025-04-08 09:49:38,165.0,30.0,365.2,10.0,163.0,24.0,488.67,12.0,265.1,200.2,54.0,22.0,43.53276719897383,76,32.0,-128.0,0.42,168.0,
2025-04-08 09:49:39,165.5,20.0,302.0,16.0,164.35,37.0,668.0,16.0,233.75,136.5,57.0,32.0,39.20024974410301,89,25.0,13.0,0.28,168.0,
2025-04-08 09:49:40,165.18,44.0,169.86,28.0,163.67,60.0,277.5,28.0,167.52,4.680000000000007,104.0,56.0,42.23655312640992,160,48.0,71.0,0.3,166.0,2.0
2025-04-08 09:49:41,165.0,52.0,167.85,26.0,163.0,52.0,193.89,18.0,166.42,2.8499999999999943,104.0,44.0,43.25498352791312,148,60.0,-12.0,0.41,166.0,
2025-04-08 09:49:42,164.5,32.0,182.06,34.0,162.33,48.0,202.93,30.0,173.28,17.560000000000002,80.0,64.0,45.4594014478857,144,16.0,-4.0,0.11,164.33,6.0
2025-04-08 09:49:43,163.0,26.0,169.67,45.0,161.0,52.0,179.82,50.0,166.33,6.669999999999988,78.0,95.0,29.37089801146738,173,-17.0,29.0,-0.1,164.33,
2025-04-08 09:49:44,163.0,24.0,167.15,46.0,161.0,48.0,168.85,54.0,165.08,4.150000000000006,72.0,100.0,3.222775201593934,172,-28.0,-1.0,-0.16,164.33,
2025-04-08 09:49:45,161.75,32.0,163.73,37.0,159.98,49.0,166.06,51.0,162.74,1.9799999999999895,81.0,88.0,3.930432546171997,169,-7.0,-3.0,-0.04,163.0,2.0
2025-04-08 09:49:46,160.2,25.0,162.0,42.0,158.86,70.0,166.0,62.0,161.1,1.8000000000000114,95.0,104.0,4.694654406876751,199,-9.0,30.0,-0.05,161.0,4.0
2025-04-08 09:49:47,159.0,37.0,161.44,27.0,158.0,51.0,226.67,9.0,160.22,2.4399999999999977,88.0,36.0,2.587330670788984,124,52.0,-75.0,0.42,159.0,4.0
2025-04-08 09:49:48,158.08,38.0,160.1,42.0,155.5,56.0,178.27,22.0,159.09,2.019999999999982,94.0,64.0,2.3374088217520432,158,30.0,34.0,0.19,158.75,8.0
2025-04-08 09:49:49,158.0,65.0,160.0,39.0,124.67,49.0,252.62,13.0,159.0,2.0,114.0,52.0,1.554799022383066,166,62.0,8.0,0.37,158.75,
2025-04-08 09:49:50,158.0,40.0,160.0,24.0,155.0,24.0,212.0,8.0,159.0,2.0,64.0,32.0,0.946160662891224,96,32.0,-70.0,0.33,158.75,
2025-04-08 09:49:51,159.9,63.0,208.17,30.0,155.69,35.0,389.0,32.0,184.04,48.26999999999998,98.0,62.0,11.063832970539904,160,36.0,64.0,0.23,158.0,3.0
2025-04-08 09:49:52,163.0,54.0,371.1,21.0,158.0,18.0,428.43,28.0,267.05,208.1,72.0,49.0,46.78255476136399,121,23.0,-39.0,0.19,158.0,
2025-04-08 09:49:53,163.0,60.0,317.33,12.0,158.0,20.0,398.69,32.0,240.17,154.32999999999998,80.0,44.0,49.266884110932274,124,36.0,3.0,0.29,158.0,
2025-04-08 09:49:54,163.0,43.0,316.38,8.0,158.0,16.0,349.0,16.0,239.69,153.38,59.0,24.0,44.72736466638787,83,35.0,-41.0,0.42,163.0,1.0
2025-04-08 09:49:55,163.0,41.0,315.0,9.0,158.0,18.0,410.2,20.0,239.0,152.0,59.0,29.0,30.346946304365662,88,30.0,5.0,0.34,163.0,4.0
2025-04-08 09:49:56,165.53,19.0,314.18,11.0,160.86,14.0,397.73,22.0,239.85,148.65,33.0,33.0,12.248821167772046,66,0.0,-22.0,0.0,163.0,
2025-04-08 09:49:57,166.0,32.0,190.21,19.0,163.0,56.0,216.0,29.0,178.11,24.210000000000008,88.0,48.0,27.537143642724608,136,40.0,70.0,0.29,163.0,
2025-04-08 09:49:58,166.0,17.0,183.0,9.0,163.0,54.0,203.42,24.0,174.5,17.0,71.0,33.0,34.64562093540885,104,38.0,-32.0,0.37,166.0,1.0
2025-04-08 09:49:59,166.0,8.0,182.5,8.0,163.0,48.0,186.0,40.0,174.25,16.5,56.0,48.0,34.98208927437056,104,8.0,0.0,0.08,166.0,
2025-04-08 09:50:00,166.92,39.0,173.0,36.0,163.75,24.0,181.0,9.0,169.96,6.0800000000000125,63.0,45.0,29.499029306064,108,18.0,4.0,0.17,166.0,
2025-04-08 09:50:01,167.0,69.0,174.77,31.0,166.0,13.0,267.9,20.0,170.89,7.77000000000001,82.0,51.0,3.246131543855587,133,31.0,25.0,0.23,167.0,1.0
2025-04-08 09:50:02,167.0,60.0,180.0,12.0,166.0,12.0,339.72,36.0,173.5,13.0,72.0,48.0,2.063625450515099,120,24.0,-13.0,0.2,167.0,
2025-04-08 09:50:03,167.8,75.0,177.53,15.0,166.91,55.0,281.57,35.0,172.67,9.72999999999999,130.0,50.0,1.791125344584631,180,80.0,60.0,0.44,167.0,
2025-04-08 09:50:04,166.82,33.0,176.83,12.0,163.13,45.0,178.0,12.0,171.83,10.01000000000002,78.0,24.0,1.4015170352204531,102,54.0,-78.0,0.53,167.0,7.0
2025-04-08 09:50:05,164.05,38.0,174.5,12.0,162.37,67.0,176.5,12.0,169.28,10.449999999999989,105.0,24.0,1.6346651033202697,129,81.0,27.0,0.63,165.67,3.0
2025-04-08 09:50:06,163.0,60.0,172.53,15.0,162.0,90.0,299.88,24.0,167.77,9.53,150.0,39.0,2.4040902645309967,189,111.0,60.0,0.59,165.67,
2025-04-08 09:50:07,163.0,28.0,170.12,17.0,162.0,42.0,327.92,13.0,166.56,7.1200000000000045,70.0,30.0,2.602320118665645,100,40.0,-89.0,0.4,165.67,
2025-04-08 09:50:08,163.0,52.0,168.27,33.0,162.0,78.0,169.32,19.0,165.64,5.27000000000001,130.0,52.0,2.4377305019241278,182,78.0,82.0,0.43,165.67,
2025-04-08 09:50:09,163.0,33.0,165.19,26.0,162.0,72.0,166.68,22.0,164.1,2.1899999999999977,105.0,48.0,1.98116127561851,153,57.0,-29.0,0.37,163.0,3.0
2025-04-08 09:50:10,162.14,35.0,165.0,42.0,161.77,39.0,166.0,14.0,163.57,2.8600000000000136,74.0,56.0,1.7303959084584328,130,18.0,-23.0,0.14,162.2,5.0
2025-04-08 09:50:11,162.0,16.0,164.12,24.0,161.0,8.0,166.0,8.0,163.06,2.1200000000000045,24.0,32.0,1.4666901513302308,56,-8.0,-74.0,-0.14,162.2,
2025-04-08 09:50:12,161.93,30.0,163.47,58.0,159.48,58.0,217.14,42.0,162.7,1.539999999999992,88.0,100.0,1.1494694428337875,188,-12.0,132.0,-0.06,162.33,3.0
2025-04-08 09:50:13,159.19,98.0,162.39,36.0,158.95,241.0,163.19,62.0,160.79,3.1999999999999886,339.0,98.0,1.2640134492987043,437,241.0,168.0,0.55,161.33,6.0
2025-04-08 09:50:14,159.04,167.0,161.35,37.0,158.79,188.0,162.89,27.0,160.2,2.3100000000000023,355.0,64.0,1.4800439182698348,419,291.0,-18.0,0.69,160.0,1.0
2025-04-08 09:50:15,159.0,138.0,161.1,10.0,158.0,82.0,287.96,28.0,160.05,2.0999999999999943,220.0,38.0,1.4205808671128328,258,182.0,-161.0,0.71,159.0,3.0
2025-04-08 09:50:16,159.0,9.0,160.12,16.0,158.0,189.0,264.85,13.0,159.56,1.1200000000000043,198.0,29.0,1.221904251570709,227,169.0,-31.0,0.74,159.0,
2025-04-08 09:50:17,158.05,110.0,160.0,20.0,152.89,135.0,575.03,31.0,159.02,1.9499999999999889,245.0,51.0,0.669275727937388,296,194.0,69.0,0.66,159.0,1.0
2025-04-08 09:50:18,158.0,292.0,216.47,43.0,151.0,84.0,479.73,44.0,187.23,58.47,376.0,87.0,12.317108832839352,463,289.0,167.0,0.62,158.67,3.0
2025-04-08 09:50:19,158.0,140.0,200.0,21.0,149.86,28.0,360.6,10.0,179.0,42.0,168.0,31.0,13.239575899552502,199,137.0,-168.0,0.69,158.67,
2025-04-08 09:50:20,158.13,122.0,200.0,24.0,155.91,66.0,321.0,8.0,179.07,41.870000000000005,188.0,32.0,12.758927462761664,220,156.0,21.0,0.71,158.67,
2025-04-08 09:50:21,166.0,11.0,200.0,33.0,158.73,49.0,287.61,23.0,183.0,34.0,60.0,56.0,10.852899612546716,116,4.0,-104.0,0.03,158.67,
2025-04-08 09:50:22,166.0,12.0,173.0,48.0,162.35,17.0,282.12,34.0,169.5,7.0,29.0,82.0,6.565436009894389,111,-53.0,-5.0,-0.48,158.67,
2025-04-08 09:50:23,158.48,126.0,279.88,16.0,100.4,35.0,493.0,30.0,219.18,121.4,161.0,46.0,19.230020800821343,207,115.0,96.0,0.56,162.67,9.0
2025-04-08 09:50:24,158.0,108.0,336.0,21.0,108.25,24.0,607.57,7.0,247.0,178.0,132.0,28.0,32.53142634438319,160,104.0,-47.0,0.65,158.0,5.0
2025-04-08 09:50:25,158.0,98.0,356.47,19.0,117.0,21.0,460.0,9.0,257.24,198.47000000000003,119.0,28.0,38.47002313490384,147,91.0,-13.0,0.62,158.0,
2025-04-08 09:50:26,158.0,63.0,230.8,5.0,115.62,13.0,348.0,15.0,194.4,72.80000000000001,76.0,20.0,36.36599895506843,96,56.0,-51.0,0.58,158.0,2.0
2025-04-08 09:50:27,158.0,130.0,209.71,17.0,106.09,11.0,375.08,13.0,183.85,51.71000000000001,141.0,30.0,31.930059191928216,171,111.0,75.0,0.65,164.0,1.0
2025-04-08 09:50:28,158.62,55.0,206.31,13.0,157.16,50.0,409.76,21.0,182.46,47.69,105.0,34.0,36.1992789983452,139,71.0,-32.0,0.51,160.0,1.0
2025-04-08 09:50:29,159.0,104.0,262.64,22.0,158.0,52.0,280.74,19.0,210.82,103.64,156.0,41.0,30.9345337769948,197,115.0,58.0,0.58,160.0,
2025-04-08 09:50:30,160.87,30.0,233.92,13.0,158.88,64.0,258.0,20.0,197.39,73.04999999999998,94.0,33.0,11.516567631027293,127,61.0,-70.0,0.48,160.0,
2025-04-08 09:50:31,159.5,48.0,232.7,30.0,158.46,52.0,234.0,10.0,196.1,73.19999999999999,100.0,40.0,11.564295482217052,140,60.0,13.0,0.43,161.0,4.0
2025-04-08 09:50:32,159.0,60.0,231.41,29.0,158.0,40.0,233.25,12.0,195.21,72.41,100.0,41.0,10.05915155468029,141,59.0,1.0,0.42,161.0,
2025-04-08 09:50:33,162.0,48.0,226.77,39.0,159.0,72.0,230.2,15.0,194.38,64.77000000000001,120.0,54.0,6.822407932689763,174,66.0,33.0,0.38,161.0,
2025-04-08 09:50:34,165.18,44.0,188.35,34.0,160.71,56.0,203.5,26.0,176.77,23.169999999999987,100.0,60.0,8.569991248538402,160,40.0,-14.0,0.25,167.0,5.0
2025-04-08 09:50:35,162.33,30.0,167.45,11.0,159.48,50.0,233.75,20.0,164.89,5.119999999999976,80.0,31.0,14.02211645936596,111,49.0,-49.0,0.44,167.0,1.0
2025-04-08 09:50:36,162.0,32.0,165.25,8.0,159.0,72.0,167.0,36.0,163.62,3.25,104.0,44.0,15.329012688363802,148,60.0,37.0,0.41,167.0,
2025-04-08 09:50:37,162.0,44.0,165.33,12.0,159.0,99.0,189.15,26.0,163.67,3.3300000000000125,143.0,38.0,13.337587113118142,181,105.0,33.0,0.58,165.0,1.0
2025-04-08 09:50:38,162.39,41.0,166.88,25.0,159.32,74.0,247.37,43.0,164.64,4.490000000000009,115.0,68.0,5.647793374408471,183,47.0,2.0,0.26,164.67,3.0
2025-04-08 09:50:39,161.57,49.0,164.31,49.0,158.93,101.0,165.47,43.0,162.94,2.740000000000009,150.0,92.0,0.8011054861943522,242,58.0,59.0,0.24,162.0,3.0
2025-04-08 09:50:40,159.0,77.0,162.62,40.0,158.0,77.0,163.76,37.0,160.81,3.620000000000005,154.0,77.0,1.4344092860861668,231,77.0,-11.0,0.33,162.0,
2025-04-08 09:50:41,159.04,55.0,160.86,35.0,158.18,77.0,183.5,28.0,159.95,1.8200000000000216,132.0,63.0,1.9654948486347663,195,69.0,-36.0,0.35,159.17,6.0
2025-04-08 09:50:42,158.5,12.0,292.12,8.0,139.43,49.0,463.8,10.0,225.31,133.62,61.0,18.0,28.33444635068801,79,43.0,-116.0,0.54,158.67,3.0
2025-04-08 09:50:43,159.74,23.0,387.67,12.0,134.05,44.0,559.0,24.0,273.7,227.93,67.0,36.0,51.2976594982659,103,31.0,24.0,0.3,160.0,5.0
2025-04-08 09:50:44,158.0,31.0,274.82,22.0,116.83,48.0,649.2,40.0,216.41,116.82,79.0,62.0,48.0094634421177,141,17.0,38.0,0.12,158.0,2.0
2025-04-08 09:50:45,161.48,21.0,291.82,44.0,127.48,81.0,344.78,46.0,226.65,130.34,102.0,90.0,40.540668223403074,192,12.0,51.0,0.06,162.5,2.0
2025-04-08 09:50:46,167.0,12.0,302.9,40.0,154.0,24.0,350.5,32.0,234.95,135.89999999999998,36.0,72.0,22.394659631261497,108,-36.0,-84.0,-0.33,162.5,
2025-04-08 09:50:47,167.0,8.0,226.0,16.0,164.09,22.0,342.0,32.0,196.5,59.0,30.0,48.0,28.51189348324747,78,-18.0,-30.0,-0.23,162.5,
2025-04-08 09:50:48,165.8,10.0,225.05,38.0,160.29,28.0,282.44,36.0,195.43,59.25,38.0,74.0,17.718826710593444,112,-36.0,34.0,-0.32,165.5,4.0
2025-04-08 09:50:49,165.8,10.0,225.0,40.0,159.11,19.0,262.8,40.0,195.4,59.19999999999999,29.0,80.0,19.41127842260877,109,-51.0,-3.0,-0.47,165.5,
2025-04-08 09:50:50,160.75,28.0,224.0,40.0,159.92,13.0,476.33,36.0,192.38,63.25,41.0,76.0,17.964400073479563,117,-35.0,8.0,-0.3,163.33,3.0
2025-04-08 09:50:51,160.05,76.0,220.45,44.0,153.91,44.0,267.29,28.0,190.25,60.39999999999998,120.0,72.0,2.5952591392820046,192,48.0,75.0,0.25,163.33,
2025-04-08 09:50:52,163.0,40.0,202.27,30.0,159.0,56.0,276.11,18.0,182.63,39.27000000000001,96.0,48.0,5.274255397686479,144,48.0,-48.0,0.33,163.33,
2025-04-08 09:50:53,163.0,35.0,196.85,26.0,159.0,49.0,261.5,16.0,179.92,33.849999999999994,84.0,42.0,6.577669040018884,126,42.0,-18.0,0.33,163.33,
2025-04-08 09:50:54,163.0,56.0,184.47,38.0,159.0,84.0,191.0,34.0,173.74,21.47,140.0,72.0,7.629621877918986,212,68.0,86.0,0.32,163.0,4.0
2025-04-08 09:50:55,163.0,12.0,184.47,38.0,159.0,84.0,208.11,38.0,173.74,21.47,96.0,76.0,6.89828456937068,172,20.0,-40.0,0.12,163.0,
2025-04-08 09:50:56,161.67,42.0,189.5,48.0,157.78,74.0,213.33,48.0,175.58,27.830000000000013,116.0,96.0,3.981848816820632,212,20.0,40.0,0.09,163.0,1.0
2025-04-08 09:50:57,163.0,30.0,189.0,40.0,159.0,70.0,331.35,34.0,176.0,26.0,100.0,74.0,2.5273464345069656,174,26.0,-38.0,0.15,163.0,
2025-04-08 09:50:58,159.71,85.0,188.8,60.0,158.29,119.0,392.34,58.0,174.25,29.090000000000003,204.0,118.0,1.0609995287531602,322,86.0,148.0,0.27,163.0,3.0
2025-04-08 09:50:59,159.0,35.0,188.0,20.0,158.0,45.0,463.0,20.0,173.5,29.0,80.0,40.0,1.1170854936012742,120,40.0,-168.0,0.33,163.0,
2025-04-08 09:51:00,159.0,49.0,187.96,25.0,158.0,63.0,437.55,22.0,173.48,28.960000000000008,112.0,47.0,1.172612467959634,159,65.0,39.0,0.41,163.0,
2025-04-08 09:51:01,159.0,112.0,185.48,25.0,158.0,144.0,186.49,55.0,172.24,26.47999999999999,256.0,80.0,1.3806085614735102,336,176.0,168.0,0.52,159.0,5.0
2025-04-08 09:51:02,159.0,25.0,181.97,33.0,158.0,153.0,184.72,57.0,170.48,22.97,178.0,90.0,1.4790537515632407,268,88.0,-68.0,0.33,159.0,1.0
2025-04-08 09:51:03,160.77,73.0,179.68,31.0,160.0,64.0,180.48,58.0,170.22,18.91,137.0,89.0,1.5792023302961569,226,48.0,-42.0,0.21,159.0,
2025-04-08 09:51:04,164.0,24.0,174.92,38.0,161.31,78.0,175.1,48.0,169.46,10.919999999999987,102.0,86.0,1.641913517823726,188,16.0,-38.0,0.09,166.0,1.0
2025-04-08 09:51:05,162.0,24.0,169.71,35.0,161.0,108.0,171.41,22.0,165.86,7.710000000000008,132.0,57.0,2.351705763910805,189,75.0,1.0,0.4,166.0,
2025-04-08 09:51:06,161.44,32.0,167.53,19.0,160.31,96.0,168.49,37.0,164.48,6.090000000000003,128.0,56.0,2.744558252253066,184,72.0,-5.0,0.39,161.4,5.0
2025-04-08 09:51:07,161.0,86.0,163.45,40.0,159.0,165.0,164.67,45.0,162.22,2.4499999999999886,251.0,85.0,3.36878613153306,336,166.0,152.0,0.49,161.0,1.0
2025-04-08 09:51:08,161.0,36.0,162.38,37.0,159.0,120.0,164.64,47.0,161.69,1.3799999999999957,156.0,84.0,3.132621905051503,240,72.0,-96.0,0.3,161.0,5.0
2025-04-08 09:51:09,159.0,72.0,161.96,26.0,158.0,48.0,257.41,32.0,160.48,2.960000000000008,120.0,58.0,2.181187749829772,178,62.0,-62.0,0.35,161.8,5.0
2025-04-08 09:51:10,159.0,60.0,176.12,24.0,158.0,48.0,316.0,24.0,167.56,17.120000000000005,108.0,48.0,2.7950813941650496,156,60.0,-22.0,0.38,159.0,4.0
2025-04-08 09:51:11,163.76,67.0,302.7,37.0,160.88,64.0,571.2,44.0,233.23,138.94,131.0,81.0,31.530441322633195,212,50.0,56.0,0.24,163.22,9.0
2025-04-08 09:51:14,168.0,18.0,285.36,14.0,165.0,36.0,307.75,16.0,226.68,117.36,54.0,30.0,93.55128128465194,84,24.0,-45.0,0.29,163.22,
2025-04-08 09:51:15,168.0,30.0,285.0,30.0,165.4,20.0,307.0,20.0,226.5,117.0,50.0,50.0,79.40927042858456,100,0.0,16.0,0.0,163.22,
2025-04-08 09:51:16,168.0,30.0,285.0,30.0,166.0,10.0,307.0,20.0,226.5,117.0,40.0,50.0,80.57422739313157,90,-10.0,-10.0,-0.11,163.22,
2025-04-08 09:51:17,168.0,33.0,306.91,22.0,166.0,11.0,439.9,40.0,237.45,138.91000000000005,44.0,62.0,55.3460868535442,106,-18.0,16.0,-0.17,163.22,
2025-04-08 09:51:18,166.0,45.0,247.12,32.0,163.65,23.0,398.06,32.0,206.56,81.12,68.0,64.0,11.202848744852623,132,4.0,26.0,0.03,167.0,5.0
2025-04-08 09:51:19,165.0,35.0,210.92,26.0,163.0,21.0,238.0,22.0,187.96,45.91999999999999,56.0,48.0,19.69147988344305,104,8.0,-28.0,0.08,167.0,
2025-04-08 09:51:20,165.0,40.0,208.88,16.0,163.0,24.0,222.0,30.0,186.94,43.88,64.0,46.0,22.643418911463858,110,18.0,6.0,0.16,167.0,
2025-04-08 09:51:21,165.0,16.0,186.3,20.0,163.0,24.0,212.0,25.0,175.65,21.30000000000001,40.0,45.0,24.228418644229237,85,-5.0,-25.0,-0.06,165.0,3.0
2025-04-08 09:51:22,165.0,13.0,174.73,22.0,163.0,27.0,175.94,32.0,169.86,9.72999999999999,40.0,54.0,14.08212270930876,94,-14.0,9.0,-0.15,165.0,1.0
2025-04-08 09:51:23,165.0,14.0,170.4,50.0,163.0,42.0,171.49,43.0,167.7,5.400000000000006,56.0,93.0,9.437728540280563,149,-37.0,55.0,-0.25,165.0,
2025-04-08 09:51:24,166.2,20.0,168.5,36.0,163.29,28.0,169.79,38.0,167.35,2.300000000000012,48.0,74.0,8.215354526739828,122,-26.0,-27.0,-0.21,167.0,3.0
2025-04-08 09:51:25,163.5,28.0,166.12,26.0,162.21,98.0,168.65,31.0,164.81,2.6200000000000045,126.0,57.0,4.089722484475289,183,69.0,61.0,0.38,165.0,1.0
2025-04-08 09:51:26,162.06,94.0,164.56,32.0,161.41,108.0,166.19,21.0,163.31,2.5,202.0,53.0,2.570414363487288,255,149.0,72.0,0.58,163.25,4.0
2025-04-08 09:51:27,162.0,121.0,163.55,33.0,161.0,88.0,211.36,36.0,162.77,1.5500000000000114,209.0,69.0,2.263894873889067,278,140.0,23.0,0.5,163.25,
2025-04-08 09:51:28,162.0,73.0,226.82,22.0,161.0,72.0,284.51,39.0,194.41,64.82,145.0,61.0,13.466915014212548,206,84.0,-72.0,0.41,162.0,4.0
2025-04-08 09:51:29,162.0,49.0,260.21,19.0,161.0,56.0,262.68,19.0,211.11,98.20999999999998,105.0,38.0,22.24335676106525,143,67.0,-63.0,0.47,162.0,
2025-04-08 09:51:30,162.0,90.0,229.33,67.0,161.0,120.0,239.84,50.0,195.66,67.33000000000001,210.0,117.0,21.49141270368306,327,93.0,168.0,0.28,162.0,5.0
2025-04-08 09:51:31,162.95,76.0,227.96,47.0,161.53,34.0,232.2,40.0,195.45,65.01000000000002,110.0,87.0,17.682047392766254,197,23.0,-130.0,0.12,162.0,
2025-04-08 09:51:32,163.0,94.0,224.21,56.0,162.0,26.0,226.05,20.0,193.61,61.21000000000001,120.0,76.0,7.348450176740288,196,44.0,-1.0,0.22,163.0,2.0
2025-04-08 09:51:33,163.0,39.0,224.0,45.0,162.0,18.0,225.0,9.0,193.5,61.0,57.0,54.0,7.471320499084099,111,3.0,-85.0,0.03,163.0,3.0
2025-04-08 09:51:34,162.79,19.0,222.62,13.0,161.24,42.0,223.98,41.0,192.7,59.83000000000001,61.0,54.0,1.3020099846132172,115,7.0,4.0,0.06,162.14,7.0
2025-04-08 09:51:35,163.07,58.0,221.16,56.0,159.68,73.0,222.38,16.0,192.11,58.09,131.0,72.0,1.2632616514531667,203,59.0,88.0,0.29,162.14,
2025-04-08 09:51:36,167.0,50.0,219.05,42.0,161.27,73.0,220.56,18.0,193.02,52.05000000000001,123.0,60.0,0.6131639259056123,183,63.0,-20.0,0.34,162.14,
2025-04-08 09:51:37,167.0,50.0,217.59,34.0,163.75,80.0,218.35,34.0,192.29,50.59,130.0,68.0,0.5602945654134664,198,62.0,15.0,0.31,162.14,
2025-04-08 09:51:38,167.0,65.0,214.77,65.0,166.0,65.0,215.22,45.0,190.88,47.77000000000001,130.0,110.0,0.8186879747691614,240,20.0,42.0,0.08,162.14,
2025-04-08 09:51:39,167.0,65.0,211.76,41.0,166.0,65.0,212.54,65.0,189.38,44.75999999999999,130.0,106.0,1.4299405582160818,236,24.0,-4.0,0.1,162.14,
2025-04-08 09:51:40,167.0,63.0,208.62,13.0,166.0,65.0,212.0,65.0,187.81,41.620000000000005,128.0,78.0,2.123353479765181,206,50.0,-30.0,0.24,167.0,2.0
2025-04-08 09:51:41,166.15,41.0,205.66,29.0,163.38,80.0,206.66,29.0,185.9,39.50999999999999,121.0,58.0,2.51055173219558,179,63.0,-27.0,0.35,167.0,3.0
2025-04-08 09:51:42,166.0,40.0,203.06,32.0,163.8,50.0,204.62,16.0,184.53,37.06,90.0,48.0,2.561044708713524,138,42.0,-41.0,0.3,167.0,
2025-04-08 09:51:43,166.0,70.0,199.67,54.0,165.0,56.0,201.6,30.0,182.83,33.66999999999999,126.0,84.0,2.592286635391389,210,42.0,72.0,0.2,167.0,
2025-04-08 09:51:44,165.64,33.0,197.83,66.0,164.19,74.0,198.78,18.0,181.73,32.190000000000026,107.0,84.0,2.416650574664898,191,23.0,-19.0,0.12,166.0,4.0
2025-04-08 09:51:45,165.9,40.0,194.7,50.0,164.57,46.0,195.42,38.0,180.3,28.799999999999983,86.0,88.0,2.217311435055414,174,-2.0,-17.0,-0.01,166.0,
2025-04-08 09:51:46,165.11,36.0,190.59,37.0,162.5,32.0,192.2,25.0,177.85,25.47999999999999,68.0,62.0,2.5373056575877406,130,6.0,-44.0,0.05,166.0,4.0
2025-04-08 09:51:47,164.87,62.0,189.29,35.0,162.69,26.0,189.39,31.0,177.08,24.419999999999987,88.0,66.0,2.461294374922675,154,22.0,24.0,0.14,166.0,
2025-04-08 09:51:48,165.0,257.0,184.79,62.0,163.0,36.0,186.18,33.0,174.9,19.789999999999992,293.0,95.0,2.692112553372388,388,198.0,168.0,0.51,165.0,1.0
2025-04-08 09:51:49,165.02,184.0,178.78,50.0,163.78,41.0,180.16,57.0,171.9,13.759999999999993,225.0,107.0,3.173118340059868,332,118.0,-56.0,0.36,165.0,1.0
2025-04-08 09:51:50,167.91,22.0,177.44,52.0,166.71,14.0,178.25,60.0,172.68,9.53,36.0,112.0,2.6163753553386613,148,-76.0,-168.0,-0.51,165.0,
2025-04-08 09:51:51,168.0,12.0,174.14,28.0,167.0,8.0,176.5,20.0,171.07,6.139999999999986,20.0,48.0,2.4449089962660926,68,-28.0,-80.0,-0.41,168.0,1.0
2025-04-08 09:51:52,167.5,6.0,172.35,26.0,165.14,42.0,172.95,22.0,169.92,4.849999999999994,48.0,48.0,1.8728000427227067,96,0.0,28.0,0.0,168.0,1.0
2025-04-08 09:51:53,167.0,7.0,170.0,11.0,165.0,91.0,171.94,31.0,168.5,3.0,98.0,42.0,1.649296819866431,140,56.0,44.0,0.4,168.0,
2025-04-08 09:51:54,165.1,102.0,167.47,40.0,164.6,81.0,171.84,43.0,166.29,2.3700000000000045,183.0,83.0,2.443024764512413,266,100.0,126.0,0.38,165.33,6.0
2025-04-08 09:51:55,164.54,26.0,178.86,28.0,162.4,20.0,332.5,16.0,171.7,14.320000000000022,46.0,44.0,2.1671017511923187,90,2.0,-168.0,0.02,164.78,9.0
2025-04-08 09:51:56,163.0,32.0,179.09,44.0,162.0,44.0,723.91,22.0,171.05,16.090000000000003,76.0,66.0,2.163485613546075,142,10.0,52.0,0.07,163.0,3.0
2025-04-08 09:51:57,163.0,7.0,178.0,28.0,162.0,28.0,716.5,20.0,170.5,15.0,35.0,48.0,2.2072766025174357,83,-13.0,-59.0,-0.16,163.0,
2025-04-08 09:51:58,161.92,13.0,177.29,28.0,161.48,29.0,662.13,23.0,169.6,15.370000000000005,42.0,51.0,2.1224207876905683,93,-9.0,10.0,-0.1,162.2,5.0
2025-04-08 09:51:59,160.91,47.0,177.0,36.0,158.93,43.0,362.37,27.0,168.96,16.090000000000003,90.0,63.0,1.0987356370034476,153,27.0,60.0,0.18,160.4,10.0
2025-04-08 09:52:00,159.0,18.0,176.33,36.0,158.0,31.0,277.09,33.0,167.67,17.330000000000013,49.0,69.0,1.3263973763623564,118,-20.0,-35.0,-0.17,160.4,
2025-04-08 09:52:01,159.88,34.0,174.47,60.0,158.8,40.0,318.0,30.0,167.17,14.590000000000003,74.0,90.0,1.368155692902132,164,-16.0,46.0,-0.1,160.4,
2025-04-08 09:52:02,162.0,13.0,172.58,48.0,160.92,39.0,281.0,30.0,167.29,10.580000000000013,52.0,78.0,1.0826218176353872,130,-26.0,-34.0,-0.2,160.4,
2025-04-08 09:52:03,162.0,7.0,170.29,14.0,161.0,21.0,172.0,28.0,166.14,8.289999999999992,28.0,42.0,1.0183957973301825,70,-14.0,-60.0,-0.2,160.4,
2025-04-08 09:52:04,162.0,11.0,168.92,26.0,161.0,69.0,170.3,40.0,165.46,6.919999999999988,80.0,66.0,0.9152212847281074,146,14.0,76.0,0.1,160.4,
2025-04-08 09:52:05,161.22,27.0,164.87,60.0,160.73,110.0,166.44,54.0,163.04,3.6500000000000057,137.0,114.0,1.727990162014499,251,23.0,105.0,0.09,161.12,8.0
2025-04-08 09:52:06,159.07,15.0,161.25,32.0,158.09,23.0,163.0,16.0,160.16,2.180000000000007,38.0,48.0,2.842924550532102,86,-10.0,-165.0,-0.12,160.0,1.0
2025-04-08 09:52:07,159.0,10.0,160.69,13.0,158.0,15.0,162.5,8.0,159.85,1.6899999999999975,25.0,21.0,2.9101718162365207,46,4.0,-40.0,0.09,161.0,3.0
2025-04-08 09:52:08,158.08,26.0,160.6,10.0,108.32,19.0,248.27,33.0,159.34,2.519999999999982,45.0,43.0,2.608275292222164,88,2.0,42.0,0.02,159.0,2.0
2025-04-08 09:52:09,158.0,19.0,172.0,13.0,92.0,14.0,225.5,24.0,165.0,14.0,33.0,37.0,2.4394097646800814,70,-4.0,-18.0,-0.06,158.0,1.0
2025-04-08 09:52:10,158.0,12.0,180.0,24.0,120.0,36.0,396.56,18.0,169.0,22.0,48.0,42.0,4.208301320012289,90,6.0,20.0,0.07,158.0,
2025-04-08 09:52:11,161.0,48.0,224.5,32.0,158.0,16.0,359.71,28.0,192.75,63.5,64.0,60.0,13.756124817695596,124,4.0,34.0,0.03,158.0,
2025-04-08 09:52:12,161.5,40.0,358.0,32.0,159.5,48.0,388.5,16.0,259.75,196.5,88.0,48.0,41.45841132991025,136,40.0,12.0,0.29,158.0,
2025-04-08 09:52:13,163.1,20.0,372.4,20.0,160.32,44.0,423.14,28.0,267.75,209.3,64.0,48.0,49.52291136433762,112,16.0,-24.0,0.14,161.6,10.0
2025-04-08 09:52:14,163.34,58.0,364.17,24.0,158.78,36.0,441.81,42.0,263.76,200.83,94.0,66.0,46.25098128688784,160,28.0,48.0,0.17,161.6,
2025-04-08 09:52:15,162.95,38.0,274.29,31.0,158.95,42.0,284.83,24.0,218.62,111.34000000000005,80.0,55.0,33.21500459129961,135,25.0,-25.0,0.19,165.0,6.0
2025-04-08 09:52:16,163.0,69.0,281.0,9.0,159.0,36.0,421.11,18.0,222.0,118.0,105.0,27.0,23.99218685322488,132,78.0,-3.0,0.59,163.0,2.0
2025-04-08 09:52:17,163.0,77.0,279.13,15.0,159.0,44.0,398.82,33.0,221.07,116.13,121.0,48.0,24.82338312962302,169,73.0,37.0,0.43,163.0,
2025-04-08 09:52:18,163.0,135.0,277.0,11.0,159.0,36.0,278.92,25.0,220.0,114.0,171.0,36.0,19.421936051795857,207,135.0,38.0,0.65,163.0,
2025-04-08 09:52:19,163.0,254.0,274.23,47.0,159.0,98.0,275.86,21.0,218.62,111.23000000000002,352.0,68.0,1.4945300264774908,420,284.0,168.0,0.68,163.0,1.0
2025-04-08 09:52:20,163.0,140.0,269.95,20.0,159.0,90.0,271.15,20.0,216.47,106.95,230.0,40.0,2.16985483386391,270,190.0,-150.0,0.7,163.0,
2025-04-08 09:52:21,163.0,154.0,164.0,56.0,159.75,72.0,361.13,52.0,163.5,1.0,226.0,108.0,24.89767599596469,334,118.0,64.0,0.35,163.0,4.0
2025-04-08 09:52:22,163.0,98.0,221.75,40.0,161.0,33.0,351.38,37.0,192.38,58.75,131.0,77.0,24.41419423204529,208,54.0,-126.0,0.26,163.0,4.0
2025-04-08 09:52:23,165.4,45.0,200.71,56.0,162.71,63.0,294.65,49.0,183.06,35.31,108.0,105.0,23.23981024018977,213,3.0,5.0,0.01,163.0,
2025-04-08 09:52:24,165.12,85.0,194.27,74.0,161.53,152.0,196.36,59.0,179.69,29.15000000000001,237.0,133.0,19.484821015344878,370,104.0,157.0,0.28,166.0,4.0
2025-04-08 09:52:25,163.0,37.0,187.55,47.0,162.0,52.0,188.82,44.0,175.28,24.55000000000001,89.0,91.0,10.604655581395418,180,-2.0,-168.0,-0.01,163.0,5.0
2025-04-08 09:52:26,162.69,26.0,180.93,57.0,161.69,52.0,182.07,56.0,171.81,18.24000000000001,78.0,113.0,7.922955887799823,191,-35.0,11.0,-0.18,162.4,5.0
2025-04-08 09:52:27,162.0,13.0,175.35,46.0,161.0,26.0,177.26,19.0,168.67,13.349999999999994,39.0,65.0,5.805580935618722,104,-26.0,-87.0,-0.25,162.4,
2025-04-08 09:52:28,161.73,11.0,172.48,33.0,160.23,26.0,173.29,31.0,167.11,10.75,37.0,64.0,5.089717084477086,101,-27.0,-3.0,-0.27,161.5,2.0
2025-04-08 09:52:29,162.88,16.0,171.56,41.0,159.11,53.0,172.58,48.0,167.22,8.680000000000007,69.0,89.0,3.500081427626604,158,-20.0,57.0,-0.13,161.5,
2025-04-08 09:52:30,166.0,22.0,170.0,11.0,161.0,11.0,171.0,44.0,168.0,4.0,33.0,55.0,1.9226466133993452,88,-22.0,-70.0,-0.25,161.5,
2025-04-08 09:52:31,166.0,14.0,169.0,28.0,161.0,7.0,170.0,7.0,167.5,3.0,21.0,35.0,0.6421448434859307,56,-14.0,-32.0,-0.25,161.5,
2025-04-08 09:52:32,166.0,18.0,168.83,36.0,161.0,12.0,286.95,39.0,167.42,2.8300000000000125,30.0,75.0,0.3443835071769062,105,-45.0,49.0,-0.43,166.0,1.0
2025-04-08 09:52:33,166.0,8.0,168.67,24.0,161.0,8.0,224.56,36.0,167.33,2.6699999999999875,16.0,60.0,0.3014630989283571,76,-44.0,-29.0,-0.58,166.0,
2025-04-08 09:52:34,166.0,8.0,167.38,16.0,163.0,24.0,169.0,32.0,166.69,1.3799999999999957,32.0,48.0,0.4686896627998503,80,-16.0,4.0,-0.2,166.0,
2025-04-08 09:52:35,159.17,83.0,167.0,22.0,159.25,24.0,169.0,44.0,163.08,7.8300000000000125,107.0,66.0,1.885584789929885,173,41.0,93.0,0.24,163.2,5.0
2025-04-08 09:52:36,159.0,32.0,166.0,20.0,158.0,16.0,168.57,28.0,162.5,7.0,48.0,48.0,2.411520267386201,96,0.0,-77.0,0.0,159.0,5.0
2025-04-08 09:52:37,159.0,53.0,165.0,46.0,158.0,34.0,166.0,34.0,162.0,6.0,87.0,80.0,2.49546588836912,167,7.0,71.0,0.04,161.4,5.0
2025-04-08 09:52:38,159.0,5.0,164.4,10.0,158.0,10.0,166.0,10.0,161.7,5.400000000000006,15.0,20.0,2.0232597460566657,35,-5.0,-132.0,-0.14,161.4,
2025-04-08 09:52:39,159.67,27.0,162.65,23.0,158.14,21.0,165.67,24.0,161.16,2.980000000000018,48.0,47.0,0.7371024352237003,95,1.0,60.0,0.01,161.4,
2025-04-08 09:52:40,160.0,72.0,163.78,18.0,159.0,12.0,248.0,30.0,161.89,3.780000000000001,84.0,48.0,0.486106984122406,132,36.0,37.0,0.27,161.67,3.0
2025-04-08 09:52:41,162.05,61.0,241.07,28.0,160.29,14.0,471.68,38.0,201.56,79.01999999999998,75.0,66.0,17.834447566437728,141,9.0,9.0,0.06,163.0,4.0
2025-04-08 09:52:42,162.0,8.0,378.0,10.0,159.08,25.0,578.0,20.0,270.0,216.0,33.0,30.0,47.2981978515041,63,3.0,-78.0,0.05,163.0,4.0
2025-04-08 09:52:43,161.62,13.0,214.36,22.0,159.06,31.0,435.14,14.0,187.99,52.74000000000001,44.0,36.0,44.57308436713831,80,8.0,17.0,0.1,163.0,
2025-04-08 09:52:44,162.0,21.0,195.79,28.0,161.0,12.0,229.36,28.0,178.89,33.78999999999999,33.0,56.0,41.66730168849468,89,-23.0,9.0,-0.26,162.0,7.0
2025-04-08 09:52:45,161.22,23.0,194.0,16.0,158.68,22.0,291.0,16.0,177.61,32.78,45.0,32.0,38.54250056755571,77,13.0,-12.0,0.17,160.25,4.0
2025-04-08 09:52:46,167.0,22.0,193.45,22.0,159.0,44.0,563.18,22.0,180.23,26.44999999999999,66.0,44.0,39.92637449105579,110,22.0,33.0,0.2,160.25,
2025-04-08 09:52:47,167.0,20.0,193.0,20.0,159.44,36.0,350.2,20.0,180.0,26.0,56.0,40.0,4.073742750840121,96,16.0,-14.0,0.17,160.25,
2025-04-08 09:52:48,163.91,35.0,191.44,18.0,160.14,28.0,470.0,18.0,177.68,27.53,63.0,36.0,1.2379297233774922,99,27.0,3.0,0.27,165.0,4.0
2025-04-08 09:52:49,163.0,40.0,190.55,11.0,159.0,32.0,321.36,22.0,176.77,27.55000000000001,72.0,33.0,1.5565570982207133,105,39.0,6.0,0.37,165.0,
2025-04-08 09:52:50,163.0,30.0,189.0,6.0,159.0,24.0,386.62,16.0,176.0,26.0,54.0,22.0,1.9036622599666029,76,32.0,-29.0,0.42,165.0,
2025-04-08 09:52:51,163.0,80.0,186.43,47.0,159.16,43.0,242.93,46.0,174.71,23.430000000000007,123.0,93.0,1.9845830796468784,216,30.0,140.0,0.14,165.0,
2025-04-08 09:52:52,163.8,35.0,182.62,32.0,161.7,37.0,185.0,40.0,173.21,18.819999999999997,72.0,72.0,1.7558559166458163,144,0.0,-72.0,0.0,165.0,
2025-04-08 09:52:53,165.58,38.0,181.0,60.0,163.0,60.0,182.0,48.0,173.29,15.419999999999987,98.0,108.0,1.5919422100125824,206,-10.0,62.0,-0.05,166.0,2.0
2025-04-08 09:52:54,165.64,25.0,179.62,39.0,163.63,51.0,181.09,33.0,172.63,13.980000000000018,76.0,72.0,1.369678794469481,148,4.0,-58.0,0.03,165.67,3.0
2025-04-08 09:52:55,164.15,47.0,175.84,63.0,162.7,50.0,176.8,30.0,170.0,11.689999999999998,97.0,93.0,1.7262734430034092,190,4.0,42.0,0.02,164.5,4.0
2025-04-08 09:52:56,163.0,64.0,171.58,52.0,159.08,59.0,172.42,53.0,167.29,8.580000000000013,123.0,105.0,2.605087330593404,228,18.0,38.0,0.08,164.5,
2025-04-08 09:52:57,159.87,46.0,168.06,16.0,158.4,30.0,169.92,26.0,163.97,8.189999999999998,76.0,42.0,3.86831746370661,118,34.0,-110.0,0.29,163.0,5.0
2025-04-08 09:52:58,159.0,39.0,165.59,27.0,158.0,27.0,165.76,29.0,162.3,6.590000000000003,66.0,56.0,4.235819873414901,122,10.0,4.0,0.08,159.0,5.0
2025-04-08 09:52:59,159.0,12.0,161.75,12.0,158.0,36.0,165.0,48.0,160.38,2.75,48.0,60.0,3.8637637091333135,108,-12.0,-14.0,-0.11,159.0,
2025-04-08 09:53:00,159.5,20.0,164.93,28.0,158.06,32.0,188.69,52.0,162.21,5.430000000000007,52.0,80.0,2.600913301133847,132,-28.0,24.0,-0.21,164.0,6.0
2025-04-08 09:53:01,161.62,65.0,165.0,65.0,159.85,41.0,443.62,52.0,163.31,3.3799999999999955,106.0,117.0,1.361407360055992,223,-11.0,91.0,-0.05,164.0,
2025-04-08 09:53:02,161.5,50.0,292.87,46.0,159.83,30.0,438.47,43.0,227.18,131.37,80.0,89.0,29.14617522077332,169,-9.0,-54.0,-0.05,163.0,5.0
2025-04-08 09:53:04,161.0,50.0,314.5,50.0,159.0,12.0,634.42,33.0,237.75,153.5,62.0,83.0,75.46606455884687,145,-21.0,5.0,-0.14,164.0,5.0
2025-04-08 09:53:05,161.9,86.0,356.98,43.0,160.56,27.0,553.45,11.0,259.44,195.08,113.0,54.0,66.42129274562527,167,59.0,22.0,0.35,164.0,
2025-04-08 09:53:07,163.0,48.0,222.83,29.0,161.0,24.0,477.4,20.0,192.91,59.83000000000001,72.0,49.0,61.45382803373653,121,23.0,-81.0,0.19,164.0,
2025-04-08 09:53:08,164.0,36.0,266.67,24.0,161.0,18.0,380.67,24.0,215.33,102.67000000000002,54.0,48.0,46.98850391319192,102,6.0,-19.0,0.06,164.0,
2025-04-08 09:53:09,164.0,54.0,396.9,21.0,161.0,27.0,533.52,27.0,280.45,232.9,81.0,48.0,49.34440191146362,129,33.0,27.0,0.26,164.0,
2025-04-08 09:53:10,165.44,54.0,208.38,37.0,164.2,45.0,266.22,36.0,186.91,42.94,99.0,73.0,56.95625233457736,172,26.0,43.0,0.15,164.0,
2025-04-08 09:53:11,167.8,92.0,233.67,75.0,166.96,104.0,357.47,60.0,200.74,65.86999999999998,196.0,135.0,37.95990015793037,331,61.0,159.0,0.18,164.0,
2025-04-08 09:53:17,168.0,31.0,218.93,30.0,166.0,42.0,222.29,35.0,193.47,50.93000000000001,73.0,65.0,2.580532890709975,138,8.0,-122.0,0.06,168.0,1.0
2025-04-08 09:53:18,168.0,48.0,216.62,58.0,166.0,72.0,219.2,50.0,192.31,48.620000000000005,120.0,108.0,3.167432714365911,228,12.0,90.0,0.05,168.0,
2025-04-08 09:53:19,168.0,48.0,214.67,55.0,166.0,72.0,216.08,52.0,191.34,46.66999999999999,120.0,107.0,3.2579548799875715,227,13.0,-1.0,0.06,168.0,
2025-04-08 09:53:20,168.0,56.0,211.6,57.0,166.55,66.0,213.06,69.0,189.8,43.6,122.0,126.0,2.72937172258272,248,-4.0,21.0,-0.02,168.0,
2025-04-08 09:53:21,167.88,16.0,210.09,44.0,166.84,38.0,211.27,37.0,188.98,42.21000000000001,54.0,81.0,1.822841188922838,135,-27.0,-113.0,-0.2,167.67,6.0
2025-04-08 09:53:22,166.15,39.0,208.88,50.0,165.0,36.0,210.2,55.0,187.52,42.72999999999999,75.0,105.0,1.8948614725180384,180,-30.0,45.0,-0.17,166.29,7.0
2025-04-08 09:53:23,166.0,10.0,199.12,34.0,164.0,20.0,207.23,31.0,182.56,33.120000000000005,30.0,65.0,3.360505914298103,95,-35.0,-85.0,-0.37,166.29,
2025-04-08 09:53:24,166.0,19.0,190.16,67.0,164.0,38.0,188.68,91.0,178.08,24.16,57.0,158.0,4.9577736939105455,215,-101.0,120.0,-0.47,166.29,
2025-04-08 09:53:25,166.0,13.0,172.7,50.0,164.0,26.0,184.2,50.0,169.35,6.699999999999989,39.0,100.0,7.944011581060903,139,-61.0,-76.0,-0.44,166.29,
2025-04-08 09:53:26,166.0,7.0,170.43,35.0,164.0,14.0,172.57,35.0,168.21,4.430000000000007,21.0,70.0,8.343160672073147,91,-49.0,-48.0,-0.54,166.29,
2025-04-08 09:53:27,164.43,23.0,167.31,52.0,163.22,46.0,168.15,66.0,165.87,2.8799999999999955,69.0,118.0,7.143712620201495,187,-49.0,96.0,-0.26,166.29,
2025-04-08 09:53:28,163.49,41.0,164.95,64.0,162.45,89.0,166.33,76.0,164.22,1.4599999999999795,130.0,140.0,5.378933909244883,270,-10.0,83.0,-0.04,164.2,5.0
2025-04-08 09:53:29,161.99,75.0,163.37,57.0,159.94,33.0,173.92,52.0,162.68,1.3799999999999957,108.0,109.0,2.7519320485838525,217,-1.0,-53.0,-0.0,163.0,10.0
2025-04-08 09:53:30,160.22,18.0,171.58,19.0,159.04,111.0,300.87,23.0,165.9,11.360000000000014,129.0,42.0,2.070924914144061,171,87.0,-46.0,0.51,162.0,1.0
2025-04-08 09:53:31,161.12,16.0,324.4,15.0,159.07,81.0,336.83,12.0,242.76,163.27999999999997,97.0,27.0,34.94948611925545,124,70.0,-47.0,0.56,162.0,
2025-04-08 09:53:32,163.64,66.0,323.38,26.0,159.31,65.0,326.0,13.0,243.51,159.74,131.0,39.0,43.213786920380365,170,92.0,46.0,0.54,162.0,
2025-04-08 09:53:33,164.0,48.0,316.18,11.0,162.0,56.0,349.58,12.0,240.09,152.18,104.0,23.0,42.66338441802343,127,81.0,-43.0,0.64,162.0,
2025-04-08 09:53:34,164.0,102.0,296.48,27.0,162.0,119.0,314.67,39.0,230.24,132.48000000000002,221.0,66.0,33.18419578654953,287,155.0,160.0,0.54,162.0,
2025-04-08 09:53:35,163.48,62.0,276.21,28.0,161.81,85.0,304.29,34.0,219.85,112.73,147.0,62.0,10.127998321487675,209,85.0,-78.0,0.41,163.33,9.0
2025-04-08 09:53:36,161.5,32.0,201.27,30.0,159.09,132.0,212.37,35.0,181.38,39.77000000000001,164.0,65.0,25.03643205410968,229,99.0,20.0,0.43,161.6,5.0
2025-04-08 09:53:37,160.42,19.0,187.85,33.0,159.02,169.0,203.2,49.0,174.13,27.430000000000007,188.0,82.0,29.640066970235463,270,106.0,41.0,0.39,161.6,
2025-04-08 09:53:38,160.17,12.0,184.47,30.0,159.01,151.0,187.33,36.0,172.32,24.30000000000001,163.0,66.0,27.3547003273667,229,97.0,-41.0,0.42,161.6,
2025-04-08 09:53:39,159.54,28.0,181.52,42.0,156.72,237.0,182.63,54.0,170.53,21.980000000000015,265.0,96.0,20.65627192888468,361,169.0,132.0,0.47,159.33,3.0
2025-04-08 09:53:40,160.29,35.0,180.25,32.0,151.34,141.0,183.45,44.0,170.27,19.960000000000008,176.0,76.0,4.551980887484503,252,100.0,-109.0,0.4,159.33,
2025-04-08 09:53:41,159.17,59.0,177.59,41.0,150.08,124.0,178.79,38.0,168.38,18.420000000000016,183.0,79.0,2.1839253650303445,262,104.0,10.0,0.4,159.56,9.0
2025-04-08 09:53:42,161.33,55.0,175.83,48.0,157.67,90.0,176.56,18.0,168.58,14.5,145.0,66.0,1.6105682227159477,211,79.0,-51.0,0.37,159.0,1.0
2025-04-08 09:53:43,167.0,26.0,174.54,52.0,160.36,50.0,175.54,52.0,170.77,7.539999999999992,76.0,104.0,1.135266488548958,180,-28.0,-31.0,-0.16,159.0,
2025-04-08 09:53:44,161.11,38.0,172.26,19.0,159.73,49.0,173.95,38.0,166.68,11.149999999999975,87.0,57.0,1.6331350219813163,144,30.0,-36.0,0.21,164.6,5.0
2025-04-08 09:53:45,160.8,40.0,169.89,28.0,159.76,42.0,171.0,24.0,165.35,9.089999999999977,82.0,52.0,2.05591099029638,134,30.0,-10.0,0.22,164.6,
2025-04-08 09:53:46,161.39,46.0,166.76,38.0,160.0,48.0,167.58,36.0,164.08,5.3700000000000045,94.0,74.0,2.646614818975548,168,20.0,34.0,0.12,162.0,1.0
2025-04-08 09:53:47,161.33,36.0,162.84,19.0,159.68,47.0,165.19,31.0,162.09,1.509999999999991,83.0,50.0,3.2557687264331707,133,33.0,-35.0,0.25,162.0,3.0
2025-04-08 09:53:48,159.48,58.0,161.46,65.0,155.75,59.0,163.0,13.0,160.47,1.9800000000000184,117.0,78.0,2.488298615524094,195,39.0,62.0,0.2,160.0,4.0
2025-04-08 09:53:49,118.39,76.0,157.8,35.0,101.15,59.0,191.27,15.0,138.1,39.41000000000001,135.0,50.0,11.289666514118826,185,85.0,-10.0,0.46,159.0,5.0
2025-04-08 09:53:50,124.69,52.0,155.77,26.0,116.73,128.0,176.56,16.0,140.23,31.080000000000013,180.0,42.0,12.711000354024588,222,138.0,37.0,0.62,156.29,7.0
2025-04-08 09:53:51,136.33,36.0,158.0,8.0,89.45,44.0,159.0,16.0,147.17,21.669999999999987,80.0,24.0,11.18154819334117,104,56.0,-118.0,0.54,156.29,
2025-04-08 09:53:52,137.82,34.0,155.62,8.0,136.91,46.0,159.0,16.0,146.72,17.80000000000001,80.0,24.0,8.739620701152276,104,56.0,0.0,0.54,156.29,
2025-04-08 09:53:53,139.38,52.0,158.44,18.0,138.5,48.0,311.9,21.0,148.91,19.06,100.0,39.0,4.751918559909057,139,61.0,35.0,0.44,154.0,1.0
2025-04-08 09:53:54,141.0,28.0,159.0,14.0,139.0,42.0,282.0,14.0,150.0,18.0,70.0,28.0,3.801714087094072,98,42.0,-41.0,0.43,154.0,
2025-04-08 09:53:55,141.9,40.0,159.0,20.0,139.0,60.0,231.16,25.0,150.45,17.099999999999994,100.0,45.0,1.66173102516944,145,55.0,47.0,0.38,154.0,
2025-04-08 09:53:56,149.86,84.0,157.36,22.0,140.97,62.0,162.9,20.0,153.61,7.5,146.0,42.0,2.5080809396850565,188,104.0,43.0,0.55,157.67,3.0
2025-04-08 09:53:57,155.27,66.0,157.0,18.0,152.0,66.0,159.33,6.0,156.14,1.7299999999999898,132.0,24.0,2.9800956360514004,156,108.0,-32.0,0.69,157.67,
2025-04-08 09:53:58,155.89,72.0,164.05,20.0,152.26,93.0,219.28,25.0,159.97,8.160000000000025,165.0,45.0,4.152388469304629,210,120.0,54.0,0.57,157.67,9.0
2025-04-08 09:53:59,165.56,32.0,169.0,24.0,158.0,24.0,395.93,29.0,167.28,3.4399999999999977,56.0,53.0,6.489086992791532,109,3.0,-101.0,0.03,168.0,1.0
2025-04-08 09:54:00,167.0,23.0,169.0,10.0,164.0,10.0,380.0,15.0,168.0,2.0,33.0,25.0,6.475550169678126,58,8.0,-51.0,0.14,167.0,4.0
2025-04-08 09:54:01,167.0,33.0,229.36,22.0,164.0,22.0,380.0,33.0,198.18,62.360000000000014,55.0,55.0,16.569356656189886,110,0.0,52.0,0.0,167.0,
2025-04-08 09:54:02,167.0,24.0,252.0,16.0,164.0,16.0,441.68,22.0,209.5,85.0,40.0,38.0,21.82913603420965,78,2.0,-32.0,0.03,167.0,
2025-04-08 09:54:03,167.0,30.0,217.39,28.0,164.0,47.0,447.91,22.0,192.2,50.38999999999999,77.0,50.0,18.76270023211036,127,27.0,49.0,0.21,167.0,
2025-04-08 09:54:04,167.0,30.0,212.04,28.0,164.0,50.0,359.0,20.0,189.52,45.03999999999999,80.0,48.0,15.209214312384349,128,32.0,1.0,0.25,167.0,
2025-04-08 09:54:05,167.29,42.0,310.32,25.0,164.51,35.0,499.21,28.0,238.8,143.03,77.0,53.0,20.066295123914767,130,24.0,2.0,0.18,167.0,
2025-04-08 09:54:06,168.0,42.0,214.0,14.0,167.0,21.0,415.0,18.0,191.0,46.0,63.0,32.0,20.97017119625028,95,31.0,-35.0,0.33,167.0,
2025-04-08 09:54:09,167.0,27.0,259.44,25.0,164.0,72.0,333.3,20.0,213.22,92.44,99.0,45.0,37.67700359635907,144,54.0,-34.0,0.38,167.0,
2025-04-08 09:54:10,167.16,25.0,193.91,33.0,165.09,33.0,254.12,24.0,180.53,26.75,58.0,57.0,40.21960131577696,115,1.0,-29.0,0.01,167.0,
2025-04-08 09:54:11,168.0,4.0,171.25,12.0,167.0,12.0,267.0,8.0,169.62,3.25,16.0,20.0,43.80577644557901,36,-4.0,-79.0,-0.11,167.0,
2025-04-08 09:54:13,167.0,32.0,169.77,22.0,163.19,54.0,191.06,48.0,168.39,2.7700000000000102,86.0,70.0,19.062635442142557,156,16.0,22.0,0.1,167.0,
2025-04-08 09:54:14,167.0,12.0,170.25,16.0,166.0,32.0,277.0,21.0,168.62,3.25,44.0,37.0,5.158436778717332,81,7.0,-75.0,0.09,167.0,1.0
2025-04-08 09:54:15,167.0,12.0,170.0,36.0,166.0,48.0,388.74,46.0,168.5,3.0,60.0,82.0,0.6197338138443947,142,-22.0,61.0,-0.15,167.0,
2025-04-08 09:54:16,166.69,13.0,168.75,32.0,165.64,44.0,219.21,42.0,167.72,2.0600000000000023,57.0,74.0,0.6866367307549724,131,-17.0,-11.0,-0.13,166.25,4.0
2025-04-08 09:54:17,164.13,15.0,166.0,18.0,163.07,30.0,198.37,19.0,165.07,1.8700000000000043,45.0,37.0,1.489278348738514,82,8.0,-49.0,0.1,166.0,1.0
2025-04-08 09:54:18,162.36,33.0,164.8,30.0,160.29,82.0,223.94,33.0,163.58,2.4399999999999977,115.0,63.0,2.255996453902508,178,52.0,96.0,0.29,163.33,6.0
2025-04-08 09:54:19,162.0,18.0,164.67,18.0,160.0,60.0,221.22,23.0,163.33,2.6699999999999875,78.0,41.0,2.3669917617135923,119,37.0,-59.0,0.31,163.33,
2025-04-08 09:54:20,161.18,49.0,164.68,50.0,159.9,156.0,184.68,62.0,162.93,3.5,205.0,112.0,1.9602372305461744,317,93.0,168.0,0.29,162.0,3.0
2025-04-08 09:54:21,168.0,84.0,172.0,48.0,164.2,75.0,282.5,36.0,170.0,4.0,159.0,84.0,2.9194811182844878,243,75.0,-74.0,0.31,162.0,
2025-04-08 09:54:22,167.93,74.0,170.94,36.0,166.0,70.0,206.68,50.0,169.44,3.009999999999991,144.0,86.0,3.540484430133842,230,58.0,-13.0,0.25,168.0,7.0
2025-04-08 09:54:23,167.0,45.0,169.44,18.0,162.38,97.0,256.57,28.0,168.22,2.4399999999999977,142.0,46.0,3.400092645799629,188,96.0,-42.0,0.51,168.0,
2025-04-08 09:54:24,163.76,95.0,260.41,34.0,161.88,112.0,361.56,41.0,212.08,96.65000000000003,207.0,75.0,20.06693499266958,282,132.0,94.0,0.47,167.0,5.0
2025-04-08 09:54:25,163.0,106.0,200.69,26.0,162.0,16.0,244.6,30.0,181.85,37.69,122.0,56.0,18.58981764300094,178,66.0,-104.0,0.37,167.0,
2025-04-08 09:54:26,163.0,104.0,193.9,31.0,162.0,20.0,250.85,39.0,178.45,30.90000000000001,124.0,70.0,17.783932917103293,194,54.0,16.0,0.28,163.0,3.0
2025-04-08 09:54:27,163.0,40.0,256.33,18.0,162.0,10.0,430.76,17.0,209.67,93.32999999999998,50.0,35.0,19.67621737021713,85,15.0,-109.0,0.18,163.0,
2025-04-08 09:54:28,161.83,86.0,214.31,39.0,160.46,151.0,516.46,52.0,188.07,52.47999999999999,237.0,91.0,15.787830123232157,328,146.0,168.0,0.45,160.33,6.0
2025-04-08 09:54:29,163.72,50.0,196.0,24.0,162.08,78.0,389.67,36.0,179.86,32.28,128.0,60.0,12.884063799905396,188,68.0,-140.0,0.36,160.33,
2025-04-08 09:54:30,167.25,59.0,196.0,30.0,163.79,48.0,598.0,40.0,181.63,28.75,107.0,70.0,12.90887601613838,177,37.0,-11.0,0.21,164.0,1.0
2025-04-08 09:54:31,168.0,36.0,196.0,18.0,164.0,30.0,647.15,26.0,182.0,28.0,66.0,44.0,12.37060750327295,110,22.0,-67.0,0.2,164.0,
2025-04-08 09:54:32,168.0,24.0,196.0,12.0,164.0,20.0,437.63,19.0,182.0,28.0,44.0,31.0,3.12356687138761,75,13.0,-35.0,0.17,164.0,
2025-04-08 09:54:33,168.0,36.0,208.67,18.0,164.0,30.0,323.0,30.0,188.33,40.66999999999999,66.0,48.0,3.2352326036979524,114,18.0,39.0,0.16,164.0,
2025-04-08 09:54:34,168.0,60.0,271.31,32.0,164.0,50.0,308.62,47.0,219.66,103.31,110.0,79.0,16.416002253899524,189,31.0,75.0,0.16,164.0,
2025-04-08 09:54:35,168.0,36.0,255.44,36.0,164.0,50.0,256.33,24.0,211.72,87.44,86.0,60.0,17.712919578658887,146,26.0,-43.0,0.18,168.0,3.0
2025-04-08 09:54:36,168.0,18.0,253.45,22.0,165.33,18.0,254.43,14.0,210.73,85.44999999999999,36.0,36.0,16.3420093623777,72,0.0,-74.0,0.0,168.0,
2025-04-08 09:54:37,167.94,32.0,237.36,45.0,166.0,30.0,240.1,31.0,202.65,69.42000000000002,62.0,76.0,11.866219701322011,138,-14.0,66.0,-0.1,167.75,4.0
2025-04-08 09:54:38,164.0,25.0,210.25,32.0,163.0,56.0,244.29,17.0,187.12,46.25,81.0,49.0,12.335486613832575,130,32.0,-8.0,0.25,164.0,3.0
2025-04-08 09:54:39,164.0,28.0,176.81,42.0,163.0,98.0,183.57,46.0,170.4,12.810000000000002,126.0,88.0,17.61501717285674,214,38.0,84.0,0.18,164.0,
2025-04-08 09:54:40,165.59,29.0,168.0,32.0,163.4,35.0,275.8,40.0,166.79,2.4099999999999966,64.0,72.0,19.30418788760701,136,-8.0,-78.0,-0.06,166.0,2.0
2025-04-08 09:54:41,166.0,27.0,168.0,44.0,163.56,32.0,296.38,26.0,167.0,2.0,59.0,70.0,15.748687881853158,129,-11.0,-7.0,-0.09,166.0,2.0
2025-04-08 09:54:42,163.2,30.0,166.94,34.0,162.09,154.0,203.83,29.0,165.07,3.740000000000009,184.0,63.0,9.065353274970812,247,121.0,118.0,0.49,163.75,4.0
2025-04-08 09:54:43,163.0,52.0,164.15,39.0,162.0,260.0,166.0,52.0,163.58,1.1500000000000057,312.0,91.0,2.554030148612396,403,221.0,156.0,0.55,163.75,
2025-04-08 09:54:44,162.04,334.0,164.0,51.0,161.46,82.0,280.47,68.0,163.02,1.960000000000008,416.0,119.0,1.8099364629787813,535,297.0,132.0,0.56,162.44,9.0
2025-04-08 09:54:45,162.3,114.0,164.0,10.0,161.67,48.0,223.4,15.0,163.15,1.6999999999999886,162.0,25.0,1.683873510694826,187,137.0,-168.0,0.73,164.0,2.0
2025-04-08 09:54:46,162.62,317.0,185.66,32.0,161.94,248.0,234.89,57.0,174.14,23.039999999999992,565.0,89.0,4.737285087475784,654,476.0,168.0,0.73,163.25,4.0
2025-04-08 09:54:47,163.06,97.0,264.89,35.0,162.27,144.0,305.3,27.0,213.97,101.82999999999998,241.0,62.0,21.97796555643916,303,179.0,-168.0,0.59,163.25,
2025-04-08 09:54:54,168.0,75.0,242.0,28.0,166.0,98.0,452.62,52.0,205.0,74.0,173.0,80.0,29.018261836300027,253,93.0,9.0,0.37,168.0,2.0
2025-04-08 09:54:55,168.0,25.0,241.23,13.0,166.0,35.0,374.4,15.0,204.62,73.22999999999999,60.0,28.0,31.97136406223641,88,32.0,-165.0,0.36,168.0,
2025-04-08 09:54:56,168.0,39.0,213.83,35.0,166.0,77.0,235.61,31.0,190.91,45.83000000000001,116.0,66.0,27.035571013020107,182,50.0,94.0,0.27,168.0,4.0
2025-04-08 09:54:57,168.0,9.0,200.29,24.0,166.0,63.0,208.53,32.0,184.15,32.28999999999999,72.0,56.0,10.766505003948296,128,16.0,-54.0,0.12,168.0,
2025-04-08 09:54:58,166.32,25.0,195.0,22.0,164.89,63.0,257.0,42.0,180.66,28.680000000000007,88.0,64.0,11.335425444156929,152,24.0,24.0,0.16,166.4,5.0
2025-04-08 09:54:59,165.2,30.0,192.16,38.0,163.45,66.0,195.14,21.0,178.68,26.960000000000008,96.0,59.0,10.48881451833509,155,37.0,3.0,0.24,165.2,5.0
2025-04-08 09:55:00,165.36,11.0,172.0,21.0,163.45,33.0,192.5,24.0,168.68,6.639999999999986,44.0,45.0,8.134397949450983,89,-1.0,-66.0,-0.01,165.2,
2025-04-08 09:55:01,167.0,10.0,184.92,24.0,164.0,30.0,249.13,30.0,175.96,17.919999999999987,40.0,54.0,5.824197798841537,94,-14.0,5.0,-0.15,165.2,
2025-04-08 09:55:02,167.0,9.0,193.89,18.0,164.0,27.0,368.63,38.0,180.44,26.889999999999983,36.0,56.0,4.957023300331576,92,-20.0,-2.0,-0.22,165.2,
2025-04-08 09:55:03,165.29,21.0,191.0,34.0,163.33,81.0,192.24,34.0,178.14,25.710000000000008,102.0,68.0,4.591775255827518,170,34.0,78.0,0.2,165.5,2.0
2025-04-08 09:55:04,164.0,20.0,188.18,34.0,163.0,90.0,189.46,26.0,176.09,24.180000000000007,110.0,60.0,4.4099342398758745,170,50.0,0.0,0.29,165.5,
2025-04-08 09:55:05,164.0,32.0,186.57,42.0,163.0,144.0,187.14,44.0,175.29,22.569999999999997,176.0,86.0,2.1093672036964835,262,90.0,92.0,0.34,165.5,
2025-04-08 09:55:06,163.02,86.0,182.27,44.0,162.11,81.0,183.8,30.0,172.65,19.25,167.0,74.0,2.9438699020218237,241,93.0,-21.0,0.39,163.5,4.0
2025-04-08 09:55:07,162.34,82.0,178.19,52.0,161.67,81.0,179.57,60.0,170.27,15.849999999999994,163.0,112.0,3.0706872195046016,275,51.0,34.0,0.19,163.5,
2025-04-08 09:55:08,162.89,27.0,173.65,40.0,161.96,75.0,175.04,50.0,168.27,10.76000000000002,102.0,90.0,3.299981818135966,192,12.0,-83.0,0.06,162.4,5.0
2025-04-08 09:55:09,162.0,39.0,169.28,32.0,161.0,39.0,171.69,35.0,165.64,7.280000000000001,78.0,67.0,3.747770003619088,145,11.0,-47.0,0.08,162.4,
2025-04-08 09:55:10,161.21,29.0,162.64,44.0,160.18,33.0,164.43,42.0,161.92,1.4299999999999784,62.0,86.0,4.155472295663366,148,-24.0,3.0,-0.16,161.0,1.0
2025-04-08 09:55:11,160.18,33.0,161.34,47.0,159.21,43.0,168.0,24.0,160.76,1.1599999999999966,76.0,71.0,4.051156624968303,147,5.0,-1.0,0.03,161.0,6.0
2025-04-08 09:55:12,161.12,25.0,167.83,24.0,159.65,43.0,169.67,24.0,164.48,6.710000000000008,68.0,48.0,2.9894782153452653,116,20.0,-31.0,0.17,161.0,
2025-04-08 09:55:13,164.0,11.0,166.45,22.0,160.0,35.0,168.0,22.0,165.23,2.4499999999999886,46.0,44.0,2.1494603974075748,90,2.0,-26.0,0.02,161.0,
2025-04-08 09:55:14,160.57,21.0,166.37,19.0,159.1,89.0,186.7,20.0,163.47,5.800000000000011,110.0,39.0,1.831685016596274,149,71.0,59.0,0.48,161.33,3.0
2025-04-08 09:55:15,159.14,44.0,161.96,23.0,154.76,68.0,162.9,39.0,160.55,2.8200000000000216,112.0,62.0,2.1419780577828376,174,50.0,25.0,0.29,159.25,4.0
2025-04-08 09:55:16,158.95,40.0,160.0,90.0,135.75,16.0,169.15,39.0,159.47,1.0500000000000114,56.0,129.0,2.5099601590509337,185,-73.0,11.0,-0.39,159.0,6.0
2025-04-08 09:55:17,116.47,15.0,157.62,37.0,45.24,17.0,227.05,42.0,137.04,41.150000000000006,32.0,79.0,11.473701233691774,111,-47.0,-74.0,-0.42,159.0,3.0
2025-04-08 09:55:18,115.95,22.0,157.23,13.0,46.74,31.0,159.0,13.0,136.59,41.27999999999999,53.0,26.0,13.41710773602184,79,27.0,-32.0,0.34,151.0,3.0
2025-04-08 09:55:19,143.6,40.0,157.0,10.0,93.12,24.0,159.0,10.0,150.3,13.400000000000006,64.0,20.0,11.635533937040265,84,44.0,5.0,0.52,151.0,
2025-04-08 09:55:20,145.64,56.0,159.57,14.0,85.0,42.0,313.15,52.0,152.61,13.930000000000009,98.0,66.0,10.065146297993628,164,32.0,80.0,0.2,159.0,4.0
2025-04-08 09:55:21,150.08,48.0,160.0,12.0,86.75,16.0,376.68,38.0,155.04,9.919999999999987,64.0,50.0,8.835073853681944,114,14.0,-50.0,0.12,159.0,
2025-04-08 09:55:22,151.5,24.0,156.44,18.0,94.0,6.0,301.38,8.0,153.97,4.939999999999998,30.0,26.0,7.540700895806432,56,4.0,-58.0,0.07,159.0,
2025-04-08 09:55:23,153.75,48.0,157.67,18.0,104.11,54.0,279.0,22.0,155.71,3.919999999999988,102.0,40.0,2.1508905132567646,142,62.0,86.0,0.44,156.0,4.0
2025-04-08 09:55:24,156.18,44.0,158.64,11.0,142.0,77.0,261.67,18.0,157.41,2.4599999999999795,121.0,29.0,1.807849551267677,150,92.0,8.0,0.61,158.0,1.0
2025-04-08 09:55:25,157.0,36.0,198.45,33.0,144.18,66.0,282.43,21.0,177.73,41.44999999999999,102.0,54.0,10.005294598362482,156,48.0,6.0,0.31,160.0,1.0
2025-04-08 09:55:26,158.62,32.0,212.18,34.0,127.62,101.0,371.45,22.0,185.4,53.56,133.0,56.0,14.47701903017416,189,77.0,33.0,0.41,160.0,
2025-04-08 09:55:27,130.47,133.0,273.82,34.0,123.41,216.0,399.7,56.0,202.15,143.35,349.0,90.0,19.56997445067393,439,259.0,168.0,0.59,159.0,4.0
2025-04-08 09:55:28,124.28,123.0,151.4,30.0,122.78,138.0,216.17,24.0,137.84,27.120000000000005,261.0,54.0,25.00566395839208,315,207.0,-124.0,0.66,150.62,8.0
2025-04-08 09:55:29,132.11,199.0,156.0,40.0,96.88,86.0,368.96,27.0,144.05,23.889999999999983,285.0,67.0,27.552684624189112,352,218.0,37.0,0.62,150.62,
2025-04-08 09:55:30,133.36,28.0,156.0,32.0,115.23,88.0,157.0,32.0,144.68,22.639999999999983,116.0,64.0,28.9917148509712,180,52.0,-168.0,0.29,150.62,
2025-04-08 09:55:31,144.0,64.0,156.12,25.0,93.25,56.0,229.43,21.0,150.06,12.120000000000005,120.0,46.0,26.29419574735117,166,74.0,-14.0,0.45,155.38,8.0
2025-04-08 09:55:32,138.0,38.0,157.0,36.0,103.14,44.0,219.29,35.0,147.5,19.0,82.0,71.0,4.5818315115263575,153,11.0,-13.0,0.07,155.38,
2025-04-08 09:55:33,149.67,30.0,157.0,24.0,130.12,25.0,239.0,20.0,153.33,7.3300000000000125,55.0,44.0,3.856764187763761,99,11.0,-54.0,0.11,155.38,
2025-04-08 09:55:34,155.0,49.0,157.0,42.0,127.43,56.0,239.0,35.0,156.0,2.0,105.0,77.0,4.504218023144302,182,28.0,83.0,0.15,155.38,
2025-04-08 09:55:35,155.0,77.0,156.88,33.0,94.91,88.0,275.56,41.0,155.94,1.8799999999999957,165.0,74.0,3.731766337810941,239,91.0,57.0,0.38,156.71,7.0
2025-04-08 09:55:36,117.32,57.0,157.0,8.0,104.82,61.0,242.25,36.0,137.16,39.68000000000001,118.0,44.0,7.960639421555149,162,74.0,-77.0,0.46,156.71,
2025-04-08 09:55:38,141.0,24.0,229.72,50.0,101.0,12.0,406.0,44.0,185.36,88.72,36.0,94.0,21.432192608317497,130,-58.0,10.0,-0.45,160.0,4.0
2025-04-08 09:55:39,143.7,44.0,246.0,42.0,142.3,54.0,247.0,70.0,194.85,102.3,98.0,112.0,28.652306713422245,210,-14.0,80.0,-0.07,160.0,
2025-04-08 09:55:40,166.2,25.0,245.82,33.0,160.59,27.0,359.71,35.0,206.01,79.62,52.0,68.0,34.68918087819348,120,-16.0,-90.0,-0.13,160.0,
2025-04-08 09:55:41,167.79,28.0,244.91,33.0,165.65,23.0,317.36,55.0,206.35,77.12,51.0,88.0,31.625898090015216,139,-37.0,19.0,-0.27,168.38,8.0
2025-04-08 09:55:42,163.67,15.0,243.3,30.0,147.43,35.0,290.96,46.0,203.48,79.63000000000002,50.0,76.0,9.031674817000033,126,-26.0,-13.0,-0.21,164.67,3.0
2025-04-08 09:55:43,159.97,62.0,242.25,36.0,154.06,34.0,260.5,40.0,201.11,82.28,96.0,76.0,4.702648190119443,172,20.0,46.0,0.12,164.67,
2025-04-08 09:55:44,160.0,60.0,240.25,28.0,159.0,70.0,310.5,12.0,200.12,80.25,130.0,40.0,2.8072459813906536,170,90.0,-2.0,0.53,164.67,
2025-04-08 09:55:45,160.64,47.0,225.0,24.0,159.11,55.0,333.25,8.0,192.82,64.36000000000001,102.0,32.0,5.055218096188648,134,70.0,-36.0,0.52,164.67,
2025-04-08 09:55:46,166.0,23.0,225.0,15.0,160.0,30.0,389.8,5.0,195.5,59.0,53.0,20.0,4.342899952800253,73,33.0,-61.0,0.45,166.0,1.0
2025-04-08 09:55:47,160.0,54.0,224.44,27.0,159.0,63.0,355.06,17.0,192.22,64.44,117.0,44.0,4.096056640237245,161,73.0,88.0,0.45,166.0,
2025-04-08 09:55:48,160.0,48.0,212.67,18.0,159.0,56.0,310.5,14.0,186.33,52.66999999999999,104.0,32.0,5.031949920262553,136,72.0,-25.0,0.53,166.0,
2025-04-08 09:55:49,160.0,41.0,161.0,10.0,159.0,70.0,362.43,14.0,160.5,1.0,111.0,24.0,14.356412504523082,135,87.0,-1.0,0.64,160.0,3.0
2025-04-08 09:55:50,160.0,31.0,161.0,7.0,159.0,49.0,259.0,35.0,160.5,1.0,80.0,42.0,17.21370674782232,122,38.0,-13.0,0.31,160.0,
2025-04-08 09:55:51,160.31,72.0,203.11,27.0,150.55,53.0,290.29,51.0,181.71,42.80000000000001,125.0,78.0,14.854156657313888,203,47.0,81.0,0.23,164.75,4.0
2025-04-08 09:55:52,166.0,40.0,260.0,8.0,159.0,56.0,439.0,16.0,213.0,94.0,96.0,24.0,21.746612839705048,120,72.0,-83.0,0.6,164.75,
2025-04-08 09:55:53,166.0,45.0,211.4,10.0,159.22,72.0,430.54,13.0,188.7,45.400000000000006,117.0,23.0,21.932991588017,140,94.0,20.0,0.67,166.0,1.0
2025-04-08 09:55:54,166.64,14.0,298.71,14.0,163.6,40.0,408.62,26.0,232.68,132.07,54.0,40.0,28.061721615040486,94,14.0,-46.0,0.15,166.0,
2025-04-08 09:55:56,166.29,31.0,346.97,30.0,162.38,39.0,409.83,18.0,256.63,180.68000000000004,70.0,48.0,37.140372642180736,118,22.0,43.0,0.19,167.5,2.0
2025-04-08 09:55:57,166.0,36.0,365.16,45.0,163.0,12.0,507.0,15.0,265.58,199.16000000000005,48.0,60.0,36.78402778380926,108,-12.0,-10.0,-0.11,167.5,
2025-04-08 09:55:58,166.0,33.0,387.89,35.0,163.0,14.0,439.92,26.0,276.94,221.89,47.0,61.0,20.05248662884625,108,-14.0,0.0,-0.13,167.5,
2025-04-08 09:55:59,166.0,36.0,199.56,52.0,163.0,24.0,205.79,42.0,182.78,33.56,60.0,94.0,40.76184882951279,154,-34.0,46.0,-0.22,167.5,
2025-04-08 09:56:00,166.73,33.0,204.0,45.0,165.25,24.0,205.0,27.0,185.36,37.27000000000001,57.0,72.0,45.66488278754304,129,-15.0,-25.0,-0.12,167.5,
2025-04-08 09:56:01,166.75,32.0,202.88,32.0,165.08,26.0,204.06,48.0,184.81,36.13,58.0,80.0,47.799555228056654,138,-22.0,9.0,-0.16,166.8,5.0
2025-04-08 09:56:02,166.0,8.0,201.0,12.0,163.75,8.0,204.0,20.0,183.5,35.0,16.0,32.0,41.52634489092475,48,-16.0,-90.0,-0.33,166.8,
2025-04-08 09:56:03,165.14,14.0,201.0,21.0,163.43,14.0,204.0,35.0,183.07,35.860000000000014,28.0,56.0,1.125046665709381,84,-28.0,36.0,-0.33,165.0,4.0
2025-04-08 09:56:04,164.33,30.0,199.98,47.0,162.15,26.0,202.53,49.0,182.16,35.64999999999998,56.0,96.0,1.3004037834548725,152,-40.0,68.0,-0.26,165.0,
2025-04-08 09:56:05,168.0,40.0,196.72,36.0,163.0,20.0,197.76,34.0,182.36,28.72,60.0,70.0,1.0587964865938488,130,-10.0,-22.0,-0.08,165.0,
2025-04-08 09:56:06,168.0,32.0,188.98,45.0,163.0,24.0,190.81,43.0,178.49,20.97999999999999,56.0,88.0,1.989655749124199,144,-32.0,14.0,-0.22,168.0,2.0
2025-04-08 09:56:07,161.79,86.0,182.56,82.0,160.69,58.0,183.68,80.0,172.18,20.77000000000001,144.0,162.0,4.541119905928722,306,-18.0,162.0,-0.06,164.33,6.0
2025-04-08 09:56:08,163.0,119.0,178.0,70.0,160.0,180.0,179.21,72.0,170.5,15.0,299.0,142.0,5.5444224225812,441,157.0,135.0,0.36,163.0,1.0
2025-04-08 09:56:09,168.0,36.0,173.85,60.0,163.0,102.0,174.77,64.0,170.93,5.849999999999994,138.0,124.0,5.269219107232151,262,14.0,-168.0,0.05,168.0,2.0
2025-04-08 09:56:10,165.67,15.0,169.19,72.0,160.46,97.0,170.97,72.0,167.43,3.5200000000000102,112.0,144.0,4.073945262275767,256,-32.0,-6.0,-0.12,168.0,1.0
2025-04-08 09:56:11,160.25,109.0,164.85,61.0,159.88,125.0,166.0,46.0,162.55,4.599999999999994,234.0,107.0,3.8651351852189846,341,127.0,85.0,0.37,163.0,1.0
2025-04-08 09:56:12,160.0,214.0,162.62,40.0,159.0,33.0,163.7,46.0,161.31,2.6200000000000045,247.0,86.0,4.44462371860846,333,161.0,-8.0,0.48,160.5,4.0
2025-04-08 09:56:13,160.0,164.0,204.32,37.0,159.0,36.0,211.72,40.0,182.16,44.31999999999999,200.0,77.0,8.367154833037203,277,123.0,-56.0,0.44,160.3,10.0
2025-04-08 09:56:14,160.0,121.0,181.82,45.0,159.0,33.0,187.59,54.0,170.91,21.819999999999997,154.0,99.0,8.365932105869483,253,55.0,-24.0,0.22,160.3,
2025-04-08 09:56:15,160.65,92.0,174.42,48.0,159.7,71.0,212.96,54.0,167.53,13.769999999999982,163.0,102.0,8.361741445417803,265,61.0,12.0,0.23,160.3,
2025-04-08 09:56:16,164.11,37.0,170.71,59.0,160.43,111.0,174.28,53.0,167.41,6.599999999999994,148.0,112.0,7.69620555858654,260,36.0,-5.0,0.14,160.3,
2025-04-08 09:56:17,164.91,11.0,167.5,26.0,161.82,33.0,169.0,35.0,166.2,2.5900000000000034,44.0,61.0,6.565018659533186,105,-17.0,-155.0,-0.16,167.0,1.0
2025-04-08 09:56:18,160.49,73.0,163.74,23.0,159.53,51.0,165.21,28.0,162.12,3.25,124.0,51.0,3.1644004171432774,175,73.0,70.0,0.42,162.4,5.0
2025-04-08 09:56:19,159.96,53.0,161.32,28.0,158.48,31.0,171.74,23.0,160.64,1.3599999999999852,84.0,51.0,3.190258610209433,135,33.0,-40.0,0.24,159.78,9.0
2025-04-08 09:56:20,123.11,19.0,186.25,28.0,93.42,24.0,313.25,16.0,154.68,63.14,43.0,44.0,5.053068374761414,87,-1.0,-48.0,-0.01,159.0,1.0
2025-04-08 09:56:21,161.61,33.0,215.67,18.0,138.93,15.0,217.0,9.0,188.64,54.05999999999997,48.0,27.0,13.071881272411252,75,21.0,-12.0,0.28,163.0,1.0
2025-04-08 09:56:22,163.0,21.0,214.14,14.0,136.0,14.0,287.59,17.0,188.57,51.13999999999999,35.0,31.0,16.37357932768575,66,4.0,-9.0,0.06,163.0,
2025-04-08 09:56:23,166.29,17.0,213.88,16.0,159.78,23.0,354.5,12.0,190.08,47.59,40.0,28.0,17.357494634883825,68,12.0,2.0,0.18,163.0,
2025-04-08 09:56:24,167.0,26.0,204.9,20.0,163.0,39.0,310.49,43.0,185.95,37.900000000000006,65.0,63.0,15.11340894702525,128,2.0,60.0,0.02,163.0,
2025-04-08 09:56:25,163.46,24.0,183.33,24.0,147.43,28.0,391.51,37.0,173.4,19.870000000000005,52.0,61.0,6.832376599692421,113,-9.0,-15.0,-0.08,162.17,6.0
2025-04-08 09:56:26,167.26,43.0,181.0,16.0,161.92,24.0,392.29,35.0,174.13,13.740000000000007,67.0,51.0,8.047411385037021,118,16.0,5.0,0.14,162.17,
2025-04-08 09:56:27,168.0,108.0,179.33,36.0,167.0,108.0,278.52,88.0,173.67,11.330000000000013,216.0,124.0,7.961785603746336,340,92.0,168.0,0.27,162.17,
2025-04-08 09:56:34,167.35,34.0,216.0,30.0,165.38,39.0,322.05,42.0,191.68,48.650000000000006,73.0,72.0,10.934757427580456,145,1.0,65.0,0.01,168.0,4.0
2025-04-08 09:56:35,167.0,51.0,215.08,39.0,164.0,39.0,432.69,65.0,191.04,48.08000000000001,90.0,104.0,5.316039879461703,194,-14.0,49.0,-0.07,167.0,1.0
2025-04-08 09:56:36,167.0,27.0,214.35,31.0,164.0,33.0,282.68,53.0,190.68,47.35,60.0,84.0,5.28673812478235,144,-24.0,-50.0,-0.17,167.0,1.0
2025-04-08 09:56:37,167.0,20.0,211.5,26.0,164.0,30.0,213.43,14.0,189.25,44.5,50.0,40.0,1.587167287977599,90,10.0,-54.0,0.11,167.0,
2025-04-08 09:56:38,161.89,27.0,208.76,25.0,158.56,34.0,210.05,19.0,185.32,46.870000000000005,61.0,44.0,2.549858819626216,105,17.0,15.0,0.16,162.08,13.0
2025-04-08 09:56:39,161.0,21.0,205.14,28.0,156.39,23.0,206.22,27.0,183.07,44.13999999999999,44.0,55.0,3.5139678427704726,99,-11.0,-6.0,-0.11,162.08,
2025-04-08 09:56:40,166.0,15.0,201.44,36.0,159.67,54.0,202.94,34.0,183.72,35.44,69.0,70.0,3.386675360884835,139,-1.0,40.0,-0.01,162.08,
2025-04-08 09:56:41,166.0,10.0,195.9,20.0,163.0,70.0,196.5,20.0,180.95,29.90000000000001,80.0,40.0,3.101752730316148,120,40.0,-19.0,0.33,162.08,
2025-04-08 09:56:42,163.53,51.0,192.81,37.0,162.47,135.0,193.86,22.0,178.17,29.28,186.0,59.0,2.7656156638301828,245,127.0,125.0,0.52,166.0,1.0
2025-04-08 09:56:43,163.0,70.0,186.81,36.0,162.0,120.0,189.11,28.0,174.9,23.81,190.0,64.0,3.653542116908193,254,126.0,9.0,0.5,166.0,
2025-04-08 09:56:44,163.0,91.0,187.0,39.0,162.0,156.0,190.0,26.0,175.0,24.0,247.0,65.0,3.826169102381827,312,182.0,58.0,0.58,166.0,
2025-04-08 09:56:45,166.64,77.0,184.7,46.0,162.49,142.0,187.69,39.0,175.67,18.06,219.0,85.0,2.604375164990772,304,134.0,-8.0,0.44,166.0,
2025-04-08 09:56:46,163.13,150.0,180.57,21.0,162.04,138.0,181.45,33.0,171.85,17.439999999999998,288.0,54.0,2.256140509813173,342,234.0,38.0,0.68,168.0,4.0
2025-04-08 09:56:47,163.0,170.0,174.32,28.0,162.0,168.0,176.71,35.0,168.66,11.319999999999991,338.0,63.0,2.94379516950813,401,275.0,59.0,0.69,163.0,2.0
2025-04-08 09:56:48,162.13,79.0,171.6,20.0,160.47,47.0,173.0,40.0,166.86,9.47,126.0,60.0,3.850268821786198,186,66.0,-168.0,0.35,162.91,11.0
2025-04-08 09:56:49,162.0,77.0,168.5,32.0,159.0,33.0,168.88,34.0,165.25,6.5,110.0,66.0,4.15945549321283,176,44.0,-10.0,0.25,162.91,
2025-04-08 09:56:50,162.09,32.0,164.46,26.0,157.77,56.0,194.94,32.0,163.28,2.3700000000000045,88.0,58.0,3.280114327278527,146,30.0,-30.0,0.21,162.5,10.0
2025-04-08 09:56:51,159.0,27.0,160.7,10.0,129.71,70.0,162.06,18.0,159.85,1.6999999999999886,97.0,28.0,3.3969324397193152,125,69.0,-21.0,0.55,161.25,4.0
2025-04-08 09:56:52,158.16,19.0,443.57,42.0,120.92,39.0,552.08,48.0,300.86,285.41,58.0,90.0,61.34635400739007,148,-32.0,23.0,-0.22,161.5,4.0
2025-04-08 09:56:54,127.67,15.0,449.5,24.0,102.87,39.0,501.0,15.0,288.58,321.83,54.0,39.0,66.88164793125264,93,15.0,-44.0,0.16,161.5,
2025-04-08 09:56:55,157.81,42.0,453.44,27.0,82.0,21.0,590.33,27.0,305.63,295.63,63.0,54.0,61.36741830971902,117,9.0,24.0,0.08,161.5,
2025-04-08 09:56:57,157.66,179.0,232.51,37.0,77.74,97.0,288.87,15.0,195.09,74.85,276.0,52.0,43.70110776628019,328,224.0,168.0,0.68,161.5,
2025-04-08 09:56:58,164.0,114.0,179.0,24.0,148.0,50.0,277.0,8.0,171.5,15.0,164.0,32.0,59.10737982688821,196,132.0,-132.0,0.67,164.0,2.0
2025-04-08 09:56:59,164.0,78.0,178.5,18.0,162.0,24.0,288.14,7.0,171.25,14.5,102.0,25.0,61.070721135418296,127,77.0,-69.0,0.61,164.0,
2025-04-08 09:57:00,164.0,102.0,176.89,27.0,162.0,36.0,288.0,9.0,170.44,12.889999999999986,138.0,36.0,41.78181099473812,174,102.0,47.0,0.59,164.0,5.0
2025-04-08 09:57:01,164.0,40.0,174.4,15.0,162.0,20.0,220.0,5.0,169.2,10.400000000000006,60.0,20.0,10.990042311111154,80,40.0,-94.0,0.5,164.0,
2025-04-08 09:57:02,164.0,72.0,173.67,27.0,162.0,36.0,247.78,9.0,168.83,9.669999999999987,108.0,36.0,1.1955459004202,144,72.0,64.0,0.5,164.0,
2025-04-08 09:57:03,164.0,80.0,172.1,30.0,162.0,40.0,324.0,11.0,168.05,8.099999999999994,120.0,41.0,1.281885330289454,161,79.0,17.0,0.49,164.0,
2025-04-08 09:57:04,164.0,67.0,171.73,33.0,162.0,44.0,354.92,13.0,167.86,7.72999999999999,111.0,46.0,1.032923036828523,157,65.0,-4.0,0.41,164.0,3.0
2025-04-08 09:57:05,165.1,40.0,169.0,33.0,163.89,47.0,220.19,21.0,167.05,3.9000000000000057,87.0,54.0,0.8452041173650487,141,33.0,-16.0,0.23,166.0,4.0
2025-04-08 09:57:06,166.09,35.0,168.54,28.0,163.69,52.0,191.92,24.0,167.31,2.4499999999999886,87.0,52.0,0.6941901756800531,139,35.0,-2.0,0.25,167.0,1.0
2025-04-08 09:57:07,163.8,41.0,167.07,28.0,162.57,70.0,176.75,48.0,165.44,3.269999999999982,111.0,76.0,1.033619852755574,187,35.0,48.0,0.19,166.0,4.0
2025-04-08 09:57:08,161.45,42.0,163.6,20.0,160.22,55.0,167.0,20.0,162.53,2.1500000000000057,97.0,40.0,2.1578623681806177,137,57.0,-50.0,0.42,162.56,9.0
2025-04-08 09:57:09,160.0,58.0,161.5,16.0,159.0,24.0,185.23,13.0,160.75,1.5,82.0,29.0,2.879163072840716,111,53.0,-26.0,0.48,160.0,2.0
2025-04-08 09:57:10,160.0,38.0,214.73,15.0,159.0,24.0,290.14,14.0,187.37,54.72999999999999,62.0,29.0,10.75172079250624,91,33.0,-20.0,0.36,160.0,2.0
2025-04-08 09:57:11,160.0,64.0,253.89,36.0,140.32,53.0,292.32,19.0,206.94,93.89,117.0,55.0,20.06390615009982,172,62.0,81.0,0.36,160.0,
2025-04-08 09:57:12,160.71,84.0,248.25,24.0,159.69,39.0,251.14,21.0,204.48,87.53999999999999,123.0,45.0,22.1229367399542,168,78.0,-4.0,0.46,160.0,
2025-04-08 09:57:13,161.38,58.0,248.0,18.0,159.9,40.0,249.0,12.0,204.69,86.62,98.0,30.0,19.5857787693014,128,68.0,-40.0,0.53,160.0,
2025-04-08 09:57:14,160.0,100.0,246.07,42.0,159.0,28.0,247.07,42.0,203.04,86.07,128.0,84.0,7.913382968112935,212,44.0,84.0,0.21,160.0,2.0
2025-04-08 09:57:15,163.86,76.0,216.4,20.0,160.2,41.0,245.0,24.0,190.13,52.53999999999999,117.0,44.0,6.701957176826787,161,73.0,-51.0,0.45,160.0,
2025-04-08 09:57:16,168.0,136.0,174.29,21.0,161.0,86.0,216.4,20.0,171.14,6.289999999999992,222.0,41.0,14.499676892952415,263,181.0,102.0,0.69,160.0,
2025-04-08 09:57:17,168.0,230.0,173.64,42.0,163.07,58.0,229.0,42.0,170.82,5.639999999999986,288.0,84.0,16.49772802539842,372,204.0,109.0,0.55,168.0,1.0
2025-04-08 09:57:18,168.0,132.0,171.86,28.0,166.0,18.0,173.78,27.0,169.93,3.8600000000000136,150.0,55.0,14.9374920920486,205,95.0,-167.0,0.46,168.0,2.0
2025-04-08 09:57:19,168.0,172.0,170.2,50.0,166.0,28.0,172.64,42.0,169.1,2.1999999999999886,200.0,92.0,8.92738651566138,292,108.0,87.0,0.37,168.0,4.0
2025-04-08 09:57:20,168.0,70.0,169.71,21.0,166.0,14.0,171.0,21.0,168.86,1.710000000000008,84.0,42.0,1.010198000399572,126,42.0,-166.0,0.33,168.0,3.0
2025-04-08 09:57:21,168.0,85.0,194.37,41.0,166.0,26.0,303.62,50.0,181.18,26.370000000000005,111.0,91.0,5.201367127978181,202,20.0,76.0,0.1,168.0,3.0
2025-04-08 09:57:22,168.0,32.0,296.52,29.0,166.0,16.0,354.56,27.0,232.26,128.51999999999998,48.0,56.0,27.321331958746367,104,-8.0,-98.0,-0.08,168.0,
2025-04-08 09:57:23,168.0,16.0,262.0,16.0,166.0,8.0,291.0,12.0,215.0,94.0,24.0,28.0,28.8037219817165,52,-4.0,-52.0,-0.08,168.0,
2025-04-08 09:57:24,168.0,28.0,391.82,22.0,166.0,14.0,520.15,20.0,279.91,223.82,42.0,42.0,44.110460437406736,84,0.0,32.0,0.0,168.0,
2025-04-08 09:57:30,164.0,119.0,325.73,11.0,163.0,56.0,425.6,10.0,244.86,161.73000000000002,175.0,21.0,70.65101825168593,196,154.0,81.0,0.79,168.0,
2025-04-08 09:57:36,164.1,143.0,377.51,39.0,163.28,86.0,424.74,23.0,270.81,213.41,229.0,62.0,30.127756803321127,291,167.0,168.0,0.57,166.75,4.0
2025-04-08 09:57:37,164.0,126.0,221.45,29.0,163.0,72.0,446.81,27.0,192.72,57.44999999999999,198.0,56.0,61.10520640665615,254,142.0,-37.0,0.56,166.75,
2025-04-08 09:57:38,165.5,56.0,223.2,45.0,163.54,156.0,456.69,67.0,194.35,57.69999999999999,212.0,112.0,71.62490837690505,324,100.0,70.0,0.31,166.75,
2025-04-08 09:57:39,166.0,33.0,218.4,30.0,163.33,24.0,221.0,30.0,192.2,52.400000000000006,57.0,60.0,66.52740089617237,117,-3.0,-168.0,-0.03,166.75,
2025-04-08 09:57:40,165.39,23.0,187.77,31.0,163.07,60.0,194.08,24.0,176.58,22.380000000000024,83.0,55.0,37.303358695967646,138,28.0,21.0,0.2,166.0,4.0
2025-04-08 09:57:41,164.0,10.0,182.7,30.0,163.0,80.0,183.56,27.0,173.35,18.69999999999999,90.0,57.0,10.024367810491569,147,33.0,9.0,0.22,166.0,
2025-04-08 09:57:42,162.55,66.0,178.67,45.0,160.32,150.0,179.67,45.0,170.61,16.119999999999976,216.0,90.0,11.05440952742471,306,126.0,159.0,0.41,162.57,7.0
2025-04-08 09:57:43,162.4,15.0,175.22,27.0,160.33,96.0,176.56,27.0,168.81,12.819999999999991,111.0,54.0,9.355033404537732,165,57.0,-141.0,0.35,162.57,
2025-04-08 09:57:44,163.22,41.0,172.97,36.0,162.9,80.0,174.0,39.0,168.1,9.75,121.0,75.0,3.49344385957691,196,46.0,31.0,0.23,162.57,
2025-04-08 09:57:45,163.0,56.0,169.1,20.0,162.0,14.0,170.4,15.0,166.05,6.099999999999994,70.0,35.0,2.75344874657492,105,35.0,-91.0,0.33,163.0,2.0
2025-04-08 09:57:46,163.0,90.0,168.39,23.0,162.0,18.0,169.27,22.0,165.7,5.389999999999986,108.0,45.0,2.02880013801622,153,63.0,48.0,0.41,163.0,
2025-04-08 09:57:47,163.0,120.0,164.7,40.0,162.0,28.0,165.88,34.0,163.85,1.6999999999999886,148.0,74.0,1.9850113349838288,222,74.0,69.0,0.33,163.0,9.0
2025-04-08 09:57:48,162.82,11.0,164.0,27.0,160.75,48.0,165.0,22.0,163.41,1.1800000000000068,59.0,49.0,1.8816668142936448,108,10.0,-114.0,0.09,163.0,3.0
2025-04-08 09:57:49,160.35,34.0,163.88,16.0,159.93,90.0,245.63,19.0,162.11,3.530000000000001,124.0,35.0,1.6419744212421932,159,89.0,51.0,0.56,162.0,1.0
2025-04-08 09:57:50,160.0,90.0,162.92,13.0,159.0,21.0,393.42,26.0,161.46,2.9199999999999875,111.0,39.0,1.6489481495830376,150,72.0,-9.0,0.48,162.0,
2025-04-08 09:57:51,160.0,93.0,161.23,13.0,159.0,39.0,399.43,23.0,160.62,1.2299999999999898,132.0,36.0,1.3414730709235316,168,96.0,18.0,0.57,160.0,7.0
2025-04-08 09:57:52,160.15,80.0,393.17,18.0,158.89,65.0,732.15,13.0,276.66,233.02,145.0,31.0,51.33235402745544,176,114.0,8.0,0.65,161.0,1.0
2025-04-08 09:57:53,161.32,34.0,369.61,28.0,159.98,114.0,587.31,45.0,265.47,208.29,148.0,73.0,60.200282640532734,221,75.0,45.0,0.34,160.8,5.0
2025-04-08 09:57:54,167.0,10.0,171.5,10.0,162.0,10.0,459.67,42.0,169.25,4.5,20.0,52.0,58.993306145697815,72,-32.0,-149.0,-0.44,160.8,
2025-04-08 09:57:55,162.06,17.0,169.31,13.0,160.67,9.0,340.71,14.0,165.68,7.25,26.0,27.0,58.2093835219033,53,-1.0,-19.0,-0.02,163.0,3.0
2025-04-08 09:57:56,161.37,82.0,168.48,25.0,159.57,42.0,169.22,27.0,164.92,7.109999999999985,124.0,52.0,57.36864064974896,176,72.0,123.0,0.41,163.0,
2025-04-08 09:57:57,164.0,40.0,166.25,12.0,160.0,60.0,168.89,28.0,165.12,2.25,100.0,40.0,44.41071908897695,140,60.0,-36.0,0.43,164.0,5.0
2025-04-08 09:57:58,164.0,12.0,165.1,10.0,160.0,48.0,262.67,12.0,164.55,1.0999999999999943,60.0,22.0,1.9145573901076955,82,38.0,-58.0,0.46,164.67,3.0
2025-04-08 09:57:59,164.0,10.0,173.33,9.0,160.0,54.0,270.18,11.0,168.67,9.330000000000013,64.0,20.0,1.6620679889872,84,44.0,2.0,0.52,164.0,1.0
2025-04-08 09:58:00,160.0,42.0,241.62,16.0,159.0,14.0,261.5,12.0,200.81,81.62,56.0,28.0,15.73813298965343,84,28.0,0.0,0.33,164.0,
2025-04-08 09:58:01,160.0,72.0,241.25,60.0,159.0,24.0,354.0,12.0,200.62,81.25,96.0,72.0,19.017858186452525,168,24.0,84.0,0.14,164.0,
2025-04-08 09:58:02,155.12,17.0,238.25,36.0,136.57,47.0,248.51,41.0,196.68,83.13,64.0,77.0,18.077752349228074,141,-13.0,-27.0,-0.09,159.75,8.0
2025-04-08 09:58:03,165.73,52.0,237.0,36.0,145.54,26.0,239.0,60.0,201.37,71.27000000000001,78.0,96.0,14.076791182653226,174,-18.0,33.0,-0.1,159.75,
2025-04-08 09:58:04,167.81,80.0,235.92,72.0,164.0,16.0,236.91,56.0,201.86,68.10999999999999,96.0,128.0,2.063993701546916,224,-32.0,50.0,-0.14,159.75,
2025-04-08 09:58:11,164.0,27.0,166.91,33.0,163.0,18.0,168.57,37.0,165.45,2.9099999999999966,45.0,70.0,11.500882574829507,115,-25.0,-155.0,-0.22,164.0,2.0
2025-04-08 09:58:12,162.42,26.0,164.94,16.0,160.56,32.0,168.63,35.0,163.68,2.5200000000000102,58.0,51.0,9.744673929897004,109,7.0,-6.0,0.06,163.6,5.0
2025-04-08 09:58:13,159.44,36.0,161.22,18.0,152.52,162.0,164.11,54.0,160.33,1.7800000000000011,198.0,72.0,7.596372818655772,270,126.0,161.0,0.47,160.5,4.0
2025-04-08 09:58:14,152.0,180.0,158.35,20.0,106.0,60.0,160.92,52.0,155.18,6.349999999999994,240.0,72.0,5.261970163352335,312,168.0,42.0,0.54,160.5,
2025-04-08 09:58:15,151.84,44.0,155.55,71.0,145.45,132.0,156.5,76.0,153.7,3.710000000000008,176.0,147.0,5.141135088675359,323,29.0,11.0,0.09,155.0,1.0
2025-04-08 09:58:19,145.72,46.0,324.45,33.0,121.09,32.0,412.98,41.0,235.09,178.73,78.0,74.0,45.8462989782164,152,4.0,-11.0,0.03,157.08,12.0
2025-04-08 09:58:20,168.0,102.0,278.78,18.0,167.0,9.0,281.0,27.0,223.39,110.77999999999996,111.0,45.0,54.91120350165357,156,66.0,4.0,0.42,157.08,
2025-04-08 09:58:26,168.0,180.0,223.43,21.0,167.0,10.0,236.79,29.0,195.71,55.43000000000001,190.0,50.0,3.768929556256124,240,140.0,-64.0,0.58,157.08,
2025-04-08 09:58:27,168.0,144.0,191.68,19.0,167.0,8.0,198.86,21.0,179.84,23.680000000000007,152.0,40.0,7.409755056681675,192,112.0,-48.0,0.58,157.08,
2025-04-08 09:58:28,168.0,126.0,193.57,14.0,167.0,7.0,196.0,21.0,180.79,25.569999999999997,133.0,35.0,8.980263359168214,168,98.0,-24.0,0.58,157.08,
2025-04-08 09:58:29,168.0,234.0,191.08,26.0,167.0,13.0,242.31,39.0,179.54,23.080000000000013,247.0,65.0,9.278298874255894,312,182.0,144.0,0.58,157.08,
2025-04-08 09:58:30,168.0,216.0,188.67,24.0,167.0,12.0,364.0,36.0,178.33,20.669999999999987,228.0,60.0,7.246886917843899,288,168.0,-24.0,0.58,157.08,
2025-04-08 09:58:31,168.0,178.0,188.0,20.0,167.0,10.0,275.7,30.0,178.0,20.0,188.0,50.0,1.1401973513458707,238,138.0,-50.0,0.58,168.0,2.0
2025-04-08 09:58:32,168.0,75.0,187.86,14.0,167.0,7.0,296.29,21.0,177.93,19.860000000000014,82.0,35.0,1.2304348824769384,117,47.0,-121.0,0.4,168.0,9.0
2025-04-08 09:58:33,168.0,42.0,187.0,12.0,167.0,6.0,257.0,18.0,177.5,19.0,48.0,30.0,0.7741769823598983,78,18.0,-39.0,0.23,168.0,
2025-04-08 09:58:34,168.0,74.0,186.45,22.0,167.0,11.0,228.36,33.0,177.23,18.44999999999999,85.0,55.0,0.4337856613764236,140,30.0,62.0,0.21,168.0,3.0
2025-04-08 09:58:35,168.0,60.0,182.81,32.0,167.0,15.0,245.91,43.0,175.41,14.810000000000002,75.0,75.0,1.056754465339827,150,0.0,10.0,0.0,168.0,
2025-04-08 09:58:36,168.0,58.0,181.0,32.0,167.0,16.0,393.15,26.0,174.5,13.0,74.0,58.0,1.4802803788524403,132,16.0,-18.0,0.12,168.0,1.0
2025-04-08 09:58:37,168.0,30.0,179.9,20.0,167.0,10.0,318.19,26.0,173.95,11.900000000000006,40.0,46.0,1.5941988583659783,86,-6.0,-46.0,-0.07,168.0,
2025-04-08 09:58:38,167.87,38.0,178.44,32.0,164.3,111.0,312.77,39.0,173.15,10.569999999999991,149.0,71.0,1.5652859163792538,220,78.0,134.0,0.35,168.0,3.0
2025-04-08 09:58:39,164.45,49.0,176.55,22.0,163.92,196.0,451.89,19.0,170.5,12.100000000000025,245.0,41.0,1.8690291597551416,286,204.0,66.0,0.71,167.0,1.0
2025-04-08 09:58:40,166.0,7.0,173.86,14.0,164.0,140.0,646.0,11.0,169.93,7.860000000000014,147.0,25.0,2.066743815767894,172,122.0,-114.0,0.71,167.0,
2025-04-08 09:58:41,164.03,128.0,172.8,20.0,163.42,96.0,284.56,18.0,168.42,8.77000000000001,224.0,38.0,2.3019448299241865,262,186.0,90.0,0.71,164.67,3.0
2025-04-08 09:58:42,164.06,72.0,170.86,28.0,163.17,58.0,173.0,20.0,167.46,6.800000000000011,130.0,48.0,2.183293383861764,178,82.0,-84.0,0.46,164.67,
2025-04-08 09:58:43,165.0,26.0,169.62,52.0,164.0,65.0,181.0,26.0,167.31,4.6200000000000045,91.0,78.0,1.4403228804731385,169,13.0,-9.0,0.08,164.67,
2025-04-08 09:58:44,164.58,19.0,166.88,16.0,163.58,43.0,170.0,25.0,165.73,2.299999999999983,62.0,41.0,1.5457522440592946,103,21.0,-66.0,0.2,165.0,2.0
2025-04-08 09:58:45,163.8,46.0,165.23,13.0,162.85,106.0,168.62,39.0,164.52,1.4299999999999784,152.0,52.0,1.549248204780045,204,100.0,101.0,0.49,164.43,7.0
2025-04-08 09:58:46,163.0,106.0,172.03,30.0,162.0,224.0,183.33,21.0,167.52,9.03,330.0,51.0,1.3352041042530514,381,279.0,168.0,0.73,163.4,5.0
2025-04-08 09:58:47,164.65,68.0,170.33,45.0,162.19,158.0,181.0,30.0,167.49,5.680000000000007,226.0,75.0,1.340608070993978,301,151.0,-80.0,0.5,163.4,
2025-04-08 09:58:48,167.0,28.0,170.0,21.0,163.0,28.0,190.57,14.0,168.5,3.0,56.0,35.0,1.5981458006121412,91,21.0,-168.0,0.23,163.4,
2025-04-08 09:58:49,167.0,36.0,168.6,25.0,163.0,36.0,257.06,17.0,167.8,1.5999999999999943,72.0,42.0,1.5340404166821269,114,30.0,23.0,0.26,168.0,1.0
2025-04-08 09:58:50,165.57,28.0,397.85,26.0,162.7,46.0,513.06,36.0,281.71,232.28000000000003,74.0,62.0,50.93142576052645,136,12.0,22.0,0.09,165.29,7.0
2025-04-08 09:58:51,160.08,36.0,288.0,16.0,159.2,30.0,621.88,16.0,224.04,127.92,66.0,32.0,50.79919654876461,98,34.0,-38.0,0.35,161.8,5.0
2025-04-08 09:58:52,160.0,45.0,287.16,25.0,159.0,36.0,439.05,22.0,223.58,127.16000000000004,81.0,47.0,47.37639897670592,128,34.0,30.0,0.27,161.8,
2025-04-08 09:58:53,160.0,35.0,239.32,19.0,159.0,28.0,288.69,13.0,199.66,79.32,63.0,32.0,41.75451137302438,95,31.0,-33.0,0.33,161.8,
2025-04-08 09:58:54,160.0,40.0,194.18,22.0,159.0,32.0,296.8,15.0,177.09,34.18000000000001,72.0,37.0,39.00273234018385,109,35.0,14.0,0.32,161.8,
2025-04-08 09:58:55,160.0,55.0,193.54,35.0,159.0,44.0,413.64,14.0,176.77,33.53999999999999,99.0,49.0,23.44298765089509,148,50.0,39.0,0.34,161.8,
2025-04-08 09:58:56,160.73,74.0,189.93,68.0,159.69,72.0,191.1,60.0,175.33,29.200000000000017,146.0,128.0,21.07522787539955,274,18.0,126.0,0.07,161.8,
2025-04-08 09:58:57,161.38,26.0,189.0,45.0,160.11,45.0,190.0,27.0,175.19,27.620000000000005,71.0,72.0,10.572337489884454,143,-1.0,-131.0,-0.01,163.5,4.0
2025-04-08 09:58:58,161.0,36.0,188.93,54.0,160.0,50.0,189.75,40.0,174.96,27.930000000000007,86.0,94.0,0.984946699073372,180,-8.0,37.0,-0.04,163.5,
2025-04-08 09:58:59,161.0,27.0,185.68,41.0,160.0,44.0,186.44,34.0,173.34,24.680000000000007,71.0,75.0,1.2212166065098378,146,-4.0,-34.0,-0.03,161.0,1.0
2025-04-08 09:59:00,161.0,26.0,181.11,37.0,160.0,52.0,182.0,39.0,171.05,20.110000000000014,78.0,76.0,1.819431229811998,154,2.0,8.0,0.01,161.0,
2025-04-08 09:59:01,160.92,24.0,176.65,54.0,159.88,50.0,177.54,39.0,168.78,15.730000000000018,74.0,93.0,2.729455989756008,167,-19.0,13.0,-0.11,160.5,4.0
2025-04-08 09:59:02,161.5,30.0,172.16,43.0,159.09,53.0,173.38,55.0,166.83,10.659999999999997,83.0,98.0,3.29684242875128,181,-15.0,14.0,-0.08,160.0,1.0
2025-04-08 09:59:03,163.0,27.0,167.23,26.0,160.0,9.0,169.16,25.0,165.12,4.22999999999999,36.0,51.0,3.2728779384532958,87,-15.0,-94.0,-0.17,160.0,
2025-04-08 09:59:04,163.94,51.0,165.41,85.0,162.94,49.0,168.14,42.0,164.68,1.4699999999999989,100.0,127.0,2.6500132075169063,227,-27.0,140.0,-0.12,164.0,2.0
2025-04-08 09:59:05,163.31,26.0,165.0,50.0,162.18,66.0,169.0,30.0,164.15,1.6899999999999975,92.0,80.0,1.8919487308100689,172,12.0,-55.0,0.07,164.0,2.0
2025-04-08 09:59:06,162.16,69.0,263.4,30.0,161.01,71.0,400.94,49.0,212.78,101.23999999999998,140.0,79.0,21.304353311002306,219,61.0,47.0,0.28,163.38,13.0
2025-04-08 09:59:07,165.2,90.0,377.89,37.0,161.01,71.0,457.29,48.0,271.55,212.69,161.0,85.0,47.26975386015901,246,76.0,27.0,0.31,163.38,
2025-04-08 09:59:08,164.68,76.0,281.88,16.0,160.92,65.0,397.83,48.0,223.28,117.2,141.0,64.0,44.9773261766417,205,77.0,-41.0,0.38,163.38,
2025-04-08 09:59:09,162.64,47.0,275.0,40.0,160.29,41.0,278.91,23.0,218.82,112.36,88.0,63.0,38.15480611928229,151,25.0,-54.0,0.17,168.0,5.0
2025-04-08 09:59:10,162.0,54.0,276.38,29.0,160.0,40.0,329.95,21.0,219.19,114.38,94.0,50.0,24.01093979835071,144,44.0,-7.0,0.31,168.0,
2025-04-08 09:59:11,162.0,66.0,283.47,36.0,160.0,143.0,294.21,24.0,222.74,121.47000000000004,209.0,60.0,22.693003988014063,269,149.0,125.0,0.55,168.0,
2025-04-08 09:59:12,161.23,86.0,260.26,38.0,159.96,154.0,275.89,46.0,210.75,99.03,240.0,84.0,5.010671611672472,324,156.0,55.0,0.48,162.57,7.0
2025-04-08 09:59:13,160.0,156.0,217.94,31.0,159.0,72.0,220.05,21.0,188.97,57.94,228.0,52.0,13.651513835469666,280,176.0,-44.0,0.63,162.57,
2025-04-08 09:59:14,160.04,136.0,215.12,26.0,159.18,73.0,216.29,28.0,187.58,55.08000000000001,209.0,54.0,16.62802543899964,263,155.0,-17.0,0.59,162.57,
2025-04-08 09:59:15,163.0,48.0,212.25,32.0,160.0,104.0,214.0,8.0,187.62,49.25,152.0,40.0,16.28462986991165,192,112.0,-71.0,0.58,162.57,
2025-04-08 09:59:16,164.87,45.0,211.2,30.0,160.0,117.0,212.4,15.0,188.03,46.329999999999984,162.0,45.0,10.16716037052717,207,117.0,15.0,0.57,165.0,3.0
2025-04-08 09:59:17,165.0,30.0,201.54,39.0,160.0,126.0,204.0,22.0,183.27,36.53999999999999,156.0,61.0,2.209712651006404,217,95.0,10.0,0.44,165.0,
2025-04-08 09:59:18,160.83,108.0,192.87,15.0,159.69,118.0,199.97,34.0,176.85,32.03999999999999,226.0,49.0,4.784678672598352,275,177.0,58.0,0.64,163.75,4.0
2025-04-08 09:59:19,160.0,105.0,197.78,23.0,159.0,42.0,198.67,15.0,178.89,37.78,147.0,38.0,5.0351186679181,185,109.0,-90.0,0.59,163.75,
2025-04-08 09:59:20,161.52,67.0,195.81,57.0,160.01,154.0,196.81,70.0,178.66,34.28999999999999,221.0,127.0,4.5173554210419535,348,94.0,163.0,0.27,163.75,
2025-04-08 09:59:21,163.0,82.0,191.81,54.0,162.0,13.0,192.98,45.0,177.41,28.81,95.0,99.0,2.5253673000213124,194,-4.0,-154.0,-0.02,163.75,
2025-04-08 09:59:22,163.06,104.0,187.04,57.0,162.35,17.0,188.64,56.0,175.05,23.97999999999999,121.0,113.0,1.5515218335610823,234,8.0,40.0,0.03,163.0,4.0
2025-04-08 09:59:23,164.0,72.0,183.48,58.0,163.0,72.0,185.3,54.0,173.74,19.47999999999999,144.0,112.0,2.2700991167824904,256,32.0,22.0,0.12,163.0,
2025-04-08 09:59:24,165.36,33.0,179.93,67.0,163.8,90.0,181.72,58.0,172.64,14.569999999999991,123.0,125.0,2.5056635847648203,248,-2.0,-8.0,-0.01,167.0,3.0
2025-04-08 09:59:25,164.52,29.0,176.56,48.0,163.42,72.0,177.94,54.0,170.54,12.039999999999992,101.0,102.0,2.575971661337965,203,-1.0,-45.0,-0.0,164.75,4.0
2025-04-08 09:59:26,164.41,58.0,172.8,50.0,163.46,41.0,173.72,47.0,168.61,8.390000000000015,99.0,97.0,2.563987129456008,196,2.0,-7.0,0.01,165.5,4.0
2025-04-08 09:59:27,164.0,72.0,169.53,36.0,162.0,10.0,171.47,40.0,166.76,5.530000000000001,82.0,76.0,2.8561197453916125,158,6.0,-38.0,0.04,164.0,2.0
2025-04-08 09:59:28,163.8,30.0,165.7,46.0,160.27,52.0,180.3,37.0,164.75,1.8999999999999773,82.0,83.0,3.0933557829670315,165,-1.0,7.0,-0.01,164.0,6.0
2025-04-08 09:59:29,162.71,17.0,206.75,32.0,160.1,79.0,397.5,24.0,184.73,44.03999999999999,96.0,56.0,7.92852886732563,152,40.0,-13.0,0.26,164.0,
2025-04-08 09:59:30,163.0,36.0,247.75,48.0,162.0,12.0,248.75,48.0,205.38,84.75,48.0,96.0,17.212051882329916,144,-48.0,-8.0,-0.33,164.0,
2025-04-08 09:59:31,163.0,24.0,245.8,25.0,162.0,8.0,247.12,32.0,204.4,82.80000000000001,32.0,57.0,19.58525797634584,89,-25.0,-55.0,-0.28,164.0,
2025-04-08 09:59:32,163.0,41.0,214.0,52.0,162.0,15.0,214.95,66.0,188.5,51.0,56.0,118.0,16.661979774325108,174,-62.0,85.0,-0.36,163.0,2.0
2025-04-08 09:59:33,163.8,15.0,195.53,34.0,162.67,9.0,202.24,29.0,179.66,31.72999999999999,24.0,63.0,11.712569316764766,87,-39.0,-87.0,-0.45,163.0,
2025-04-08 09:59:34,164.24,33.0,191.93,60.0,163.27,15.0,193.32,57.0,178.09,27.69,48.0,117.0,13.111501820921172,165,-69.0,78.0,-0.42,163.0,
2025-04-08 09:59:35,165.0,20.0,188.49,39.0,163.1,10.0,190.09,33.0,176.74,23.49000000000001,30.0,72.0,11.532116891534622,102,-42.0,-63.0,-0.41,163.0,
2025-04-08 09:59:36,166.07,28.0,186.76,46.0,163.0,14.0,188.06,52.0,176.42,20.69,42.0,98.0,4.984678525242823,140,-56.0,38.0,-0.4,163.0,
2025-04-08 09:59:37,167.0,74.0,184.13,46.0,163.0,12.0,185.02,45.0,175.57,17.129999999999995,86.0,91.0,1.6026946059734777,177,-5.0,37.0,-0.03,163.0,
2025-04-08 09:59:38,167.06,128.0,181.65,43.0,166.2,50.0,182.64,55.0,174.36,14.590000000000003,178.0,98.0,1.3863729656972923,276,80.0,99.0,0.29,163.0,
2025-04-08 09:59:39,167.72,25.0,179.84,32.0,166.75,64.0,181.68,38.0,173.78,12.120000000000005,89.0,70.0,1.2813586539358,159,19.0,-117.0,0.12,167.4,10.0
2025-04-08 09:59:40,167.0,28.0,176.76,51.0,163.0,14.0,178.06,50.0,171.88,9.759999999999993,42.0,101.0,1.7453996677025003,143,-59.0,-16.0,-0.41,167.4,
2025-04-08 09:59:41,167.0,28.0,171.0,54.0,163.79,38.0,172.35,49.0,169.0,4.0,66.0,103.0,2.563380580408573,169,-37.0,26.0,-0.22,167.4,
2025-04-08 09:59:42,167.44,36.0,169.5,48.0,164.42,48.0,170.43,56.0,168.47,2.0600000000000023,84.0,104.0,2.6904126077640287,188,-20.0,19.0,-0.11,168.0,4.0
2025-04-08 09:59:43,165.74,38.0,168.39,46.0,163.98,90.0,169.68,47.0,167.06,2.6499999999999773,128.0,93.0,2.729472476508135,221,35.0,33.0,0.16,167.0,2.0
2025-04-08 09:59:44,163.68,114.0,165.38,34.0,161.5,28.0,167.74,46.0,164.53,1.6999999999999886,142.0,80.0,2.69365365257214,222,62.0,1.0,0.28,163.89,9.0
2025-04-08 09:59:45,162.0,125.0,164.15,41.0,160.0,98.0,166.34,47.0,163.07,2.1500000000000057,223.0,88.0,2.55259279949135,311,135.0,89.0,0.43,162.0,7.0
2025-04-08 09:59:46,162.0,32.0,279.78,51.0,160.0,84.0,350.8,50.0,220.89,117.77999999999996,116.0,101.0,24.734845461413663,217,15.0,-94.0,0.07,162.0,4.0
2025-04-08 09:59:47,162.0,12.0,319.0,28.0,160.0,84.0,351.5,44.0,240.5,157.0,96.0,72.0,36.73319683882711,168,24.0,-49.0,0.14,162.0,
2025-04-08 09:59:48,160.25,40.0,226.39,18.0,159.7,50.0,287.95,38.0,193.32,66.13999999999999,90.0,56.0,34.20753966598619,146,34.0,-22.0,0.23,162.0,
2025-04-08 09:59:49,160.0,48.0,163.22,9.0,159.0,27.0,165.0,9.0,161.61,3.219999999999999,75.0,18.0,34.9067582281715,93,57.0,-53.0,0.61,160.0,5.0
2025-04-08 09:59:50,160.42,12.0,163.0,9.0,159.45,22.0,402.65,17.0,161.71,2.5800000000000125,34.0,26.0,35.23011680366698,60,8.0,-33.0,0.13,160.0,
2025-04-08 09:59:51,160.76,33.0,162.85,13.0,159.17,29.0,320.76,29.0,161.8,2.0900000000000034,62.0,42.0,34.5321729695659,104,20.0,44.0,0.19,160.0,
2025-04-08 09:59:52,160.53,19.0,220.85,65.0,159.13,31.0,310.23,65.0,190.69,60.31999999999999,50.0,130.0,16.621246343160227,180,-80.0,76.0,-0.44,161.33,3.0
2025-04-08 09:59:53,160.92,13.0,322.13,15.0,159.67,9.0,427.63,27.0,241.53,161.21,22.0,42.0,34.79956206621022,64,-20.0,-116.0,-0.31,161.0,2.0
2025-04-08 09:59:54,161.25,12.0,456.57,14.0,159.0,13.0,564.18,22.0,308.91,295.32,25.0,36.0,62.77440417877354,61,-11.0,-3.0,-0.18,162.25,4.0
2025-04-08 09:59:56,159.0,12.0,199.71,7.0,158.0,12.0,526.36,11.0,179.36,40.71000000000001,24.0,18.0,70.30428592909554,42,6.0,-62.0,0.14,159.0,2.0
2025-04-08 09:59:57,159.0,8.0,195.89,19.0,158.0,16.0,197.69,13.0,177.45,36.88999999999999,24.0,32.0,73.35910918215966,56,-8.0,14.0,-0.14,159.0,
2025-04-08 09:59:58,164.43,56.0,192.33,24.0,152.83,144.0,194.6,30.0,178.38,27.90000000000001,200.0,54.0,80.10163325426032,254,146.0,168.0,0.57,157.5,4.0
2025-04-08 09:59:59,167.0,34.0,188.29,24.0,155.0,108.0,189.95,39.0,177.65,21.289999999999992,142.0,63.0,71.44182367493163,205,79.0,-49.0,0.39,167.0,1.0
2025-04-08 10:00:00,167.0,36.0,175.15,27.0,152.35,138.0,177.14,57.0,171.07,8.150000000000006,174.0,84.0,3.279721024724699,258,90.0,53.0,0.35,167.0,
2025-04-08 10:00:01,167.55,40.0,175.33,30.0,133.69,58.0,214.62,56.0,171.44,7.780000000000001,98.0,86.0,3.618420926318711,184,12.0,-74.0,0.07,168.0,7.0
2025-04-08 10:00:02,167.0,33.0,185.57,47.0,111.36,132.0,197.61,41.0,176.29,18.569999999999997,165.0,88.0,3.472165030643152,253,77.0,69.0,0.3,168.0,
2025-04-08 10:00:03,167.0,24.0,183.92,38.0,125.67,36.0,185.62,26.0,175.46,16.919999999999987,60.0,64.0,2.9625613917725238,124,-4.0,-129.0,-0.03,168.0,
2025-04-08 10:00:04,167.0,42.0,181.43,42.0,165.88,68.0,184.0,70.0,174.21,14.430000000000009,110.0,112.0,2.350006382974544,222,-2.0,98.0,-0.01,168.0,
2025-04-08 10:00:05,167.25,48.0,178.18,62.0,166.14,84.0,179.32,66.0,172.71,10.930000000000009,132.0,128.0,1.9770609500015648,260,4.0,38.0,0.02,168.0,3.0
2025-04-08 10:00:06,166.32,28.0,177.0,24.0,165.64,28.0,179.0,40.0,171.66,10.680000000000009,56.0,64.0,1.9064181073471531,120,-8.0,-140.0,-0.07,166.43,7.0
2025-04-08 10:00:07,166.0,20.0,176.0,42.0,165.0,20.0,177.26,38.0,171.0,10.0,40.0,80.0,1.829964480535372,120,-40.0,0.0,-0.33,166.43,
2025-04-08 10:00:08,166.0,22.0,174.36,33.0,165.0,22.0,176.0,55.0,170.18,8.360000000000014,44.0,88.0,1.5656212824374356,132,-44.0,12.0,-0.33,166.43,
2025-04-08 10:00:09,164.2,15.0,172.14,42.0,160.59,51.0,174.22,54.0,168.17,7.939999999999998,66.0,96.0,1.7112363951310272,162,-30.0,30.0,-0.19,165.5,4.0
2025-04-08 10:00:10,163.0,7.0,169.91,33.0,160.0,59.0,170.78,23.0,166.45,6.909999999999997,66.0,56.0,2.147619612506142,122,10.0,-40.0,0.08,165.5,
2025-04-08 10:00:11,163.0,13.0,167.65,49.0,160.0,65.0,168.57,51.0,165.33,4.650000000000006,78.0,100.0,2.400901913869243,178,-22.0,56.0,-0.12,166.0,3.0
2025-04-08 10:00:12,160.25,60.0,163.85,34.0,128.29,63.0,165.77,44.0,162.05,3.5999999999999943,123.0,78.0,3.061238311536848,201,45.0,23.0,0.22,163.0,2.0
2025-04-08 10:00:13,160.0,60.0,162.02,45.0,127.86,56.0,163.15,13.0,161.01,2.0200000000000102,116.0,58.0,3.0037842798744703,174,58.0,-27.0,0.33,163.0,
2025-04-08 10:00:14,159.81,32.0,181.75,24.0,124.48,84.0,203.95,37.0,170.78,21.94,116.0,61.0,3.87832180201966,177,55.0,3.0,0.31,160.0,5.0
2025-04-08 10:00:15,162.71,28.0,226.8,59.0,146.5,36.0,333.15,60.0,194.76,64.09,64.0,119.0,13.932054048130196,183,-55.0,6.0,-0.3,160.0,
2025-04-08 10:00:16,163.95,113.0,198.31,62.0,162.08,26.0,200.11,27.0,181.13,34.360000000000014,139.0,89.0,14.174897883230798,228,50.0,45.0,0.22,164.0,1.0
2025-04-08 10:00:17,164.08,120.0,194.3,44.0,163.0,24.0,196.73,41.0,179.19,30.22,144.0,85.0,12.559256745525234,229,59.0,1.0,0.26,165.0,1.0
2025-04-08 10:00:18,165.82,153.0,188.86,57.0,163.0,34.0,191.19,57.0,177.34,23.04000000000002,187.0,114.0,8.800945971883992,301,73.0,72.0,0.24,165.0,
2025-04-08 10:00:19,167.0,135.0,184.85,73.0,163.0,30.0,187.57,47.0,175.92,17.849999999999994,165.0,120.0,7.576303188232441,285,45.0,-16.0,0.16,165.0,
2025-04-08 10:00:20,167.25,144.0,181.91,56.0,163.0,32.0,182.89,66.0,174.58,14.659999999999997,176.0,122.0,2.597800993151933,298,54.0,13.0,0.18,165.0,
2025-04-08 10:00:21,168.0,78.0,177.82,38.0,163.0,26.0,179.29,42.0,172.91,9.819999999999991,104.0,80.0,2.4259987634005875,184,24.0,-114.0,0.13,168.0,3.0
2025-04-08 10:00:24,163.63,19.0,167.4,47.0,162.06,94.0,169.53,19.0,165.52,3.77000000000001,113.0,66.0,3.4532955274666643,179,47.0,30.0,0.26,167.0,1.0
2025-04-08 10:00:25,163.0,20.0,165.29,42.0,162.0,99.0,166.4,20.0,164.14,2.289999999999992,119.0,62.0,3.7266566785822177,181,57.0,2.0,0.31,167.0,
2025-04-08 10:00:26,162.49,78.0,165.33,21.0,160.68,85.0,167.12,16.0,163.91,2.8400000000000034,163.0,37.0,3.3327121087819167,200,126.0,19.0,0.63,162.6,10.0
2025-04-08 10:00:27,162.71,31.0,164.82,11.0,161.19,54.0,171.77,52.0,163.76,2.109999999999985,85.0,63.0,2.543045418395373,148,22.0,-52.0,0.15,164.0,5.0
2025-04-08 10:00:28,162.0,21.0,191.83,12.0,161.0,48.0,322.5,18.0,176.92,29.830000000000013,69.0,30.0,5.6725126707678335,99,39.0,-49.0,0.39,162.0,1.0
2025-04-08 10:00:29,160.38,37.0,357.11,27.0,159.92,48.0,519.5,46.0,258.74,196.73,85.0,73.0,41.3301316233087,158,12.0,59.0,0.08,161.2,5.0
2025-04-08 10:00:30,160.0,45.0,411.59,37.0,159.0,20.0,525.4,50.0,285.8,251.59,65.0,87.0,58.046938592832106,152,-22.0,-6.0,-0.14,160.0,3.0
2025-04-08 10:00:31,167.0,12.0,234.0,36.0,163.79,58.0,546.22,45.0,200.5,67.0,70.0,81.0,52.88836809734274,151,-11.0,-1.0,-0.07,160.0,
2025-04-08 10:00:32,164.5,30.0,233.03,37.0,162.13,47.0,496.4,25.0,198.76,68.53,77.0,62.0,45.91251986114485,139,15.0,-12.0,0.11,167.0,1.0
2025-04-08 10:00:33,164.29,42.0,231.56,36.0,163.38,39.0,461.74,31.0,197.92,67.27000000000001,81.0,67.0,41.23478483028643,148,14.0,9.0,0.09,167.0,
2025-04-08 10:00:34,166.36,44.0,169.22,36.0,164.0,55.0,202.53,30.0,167.79,2.859999999999985,99.0,66.0,44.41204656396754,165,33.0,17.0,0.2,167.0,
2025-04-08 10:00:35,165.05,61.0,345.08,39.0,163.36,56.0,566.08,39.0,255.06,180.02999999999997,117.0,78.0,31.60285398504416,195,39.0,30.0,0.2,169.0,4.0
2025-04-08 10:00:38,163.0,36.0,265.03,31.0,160.0,54.0,461.27,22.0,214.02,102.02999999999996,90.0,53.0,69.20527487121205,143,37.0,14.0,0.26,169.0,
2025-04-08 10:00:39,163.0,28.0,190.33,15.0,160.91,33.0,198.33,27.0,176.67,27.330000000000013,61.0,42.0,66.3832122603299,103,19.0,-40.0,0.18,169.0,
2025-04-08 10:00:40,163.0,80.0,190.0,20.0,162.0,50.0,191.0,50.0,176.5,27.0,130.0,70.0,76.2071796486395,200,60.0,97.0,0.3,169.0,
2025-04-08 10:00:41,163.0,112.0,186.7,20.0,162.0,70.0,189.0,26.0,174.85,23.69999999999999,182.0,46.0,64.88843094111627,228,136.0,28.0,0.6,169.0,
2025-04-08 10:00:42,163.0,64.0,184.5,12.0,162.0,40.0,185.67,12.0,173.75,21.5,104.0,24.0,17.294648594291054,128,80.0,-100.0,0.62,169.0,
2025-04-08 10:00:43,163.03,66.0,181.88,16.0,162.17,48.0,182.64,11.0,172.45,18.849999999999994,114.0,27.0,1.8031028811505,141,87.0,13.0,0.62,169.0,
2025-04-08 10:00:44,163.08,52.0,180.78,9.0,162.35,46.0,181.93,15.0,171.93,17.69999999999999,98.0,24.0,1.848534554725233,122,74.0,-19.0,0.61,169.0,
2025-04-08 10:00:45,163.0,88.0,176.64,25.0,162.0,55.0,178.53,17.0,169.82,13.639999999999986,143.0,42.0,1.9089787845895931,185,101.0,63.0,0.55,169.0,
2025-04-08 10:00:46,163.58,62.0,173.57,23.0,162.56,71.0,174.9,29.0,168.57,9.98999999999998,133.0,52.0,2.0835738527859005,185,81.0,0.0,0.44,169.0,
2025-04-08 10:00:47,163.77,52.0,170.05,37.0,162.69,58.0,171.45,20.0,166.91,6.280000000000001,110.0,57.0,2.309346227834406,167,53.0,-18.0,0.32,163.89,9.0
2025-04-08 10:00:48,162.06,34.0,167.0,36.0,160.19,53.0,168.0,9.0,164.53,4.939999999999998,87.0,45.0,2.814768196497348,132,42.0,-35.0,0.32,162.67,3.0
2025-04-08 10:00:49,162.0,36.0,166.92,49.0,160.0,54.0,167.14,36.0,164.46,4.919999999999988,90.0,85.0,2.39149952958658,175,5.0,43.0,0.03,162.67,
2025-04-08 10:00:50,162.07,42.0,166.73,30.0,160.12,83.0,210.53,17.0,164.4,4.659999999999997,125.0,47.0,1.888790618362126,172,78.0,-3.0,0.45,163.0,6.0
2025-04-08 10:00:51,163.38,26.0,195.0,9.0,161.05,22.0,316.06,33.0,179.19,31.620000000000005,48.0,42.0,6.400872596764675,90,6.0,-82.0,0.07,163.0,
2025-04-08 10:00:52,160.06,65.0,177.0,35.0,159.2,30.0,233.91,35.0,168.53,16.939999999999998,95.0,70.0,6.379323631860433,165,25.0,75.0,0.15,162.9,10.0
2025-04-08 10:00:53,157.4,25.0,188.52,23.0,151.13,23.0,220.48,46.0,172.96,31.120000000000005,48.0,69.0,6.272716317514546,117,-21.0,-48.0,-0.18,162.12,8.0
2025-04-08 10:00:54,149.2,15.0,177.0,9.0,117.83,12.0,200.0,9.0,163.1,27.80000000000001,27.0,18.0,6.589501498597088,45,9.0,-72.0,0.2,162.12,
2025-04-08 10:00:55,154.0,15.0,158.81,16.0,79.0,9.0,167.5,26.0,156.41,4.810000000000002,24.0,42.0,8.781080229676366,66,-18.0,21.0,-0.27,156.29,7.0
2025-04-08 10:00:56,153.75,8.0,250.71,14.0,101.62,8.0,430.5,34.0,202.23,96.96,16.0,48.0,17.65635098201249,64,-32.0,-2.0,-0.5,159.0,2.0
2025-04-08 10:00:57,143.0,8.0,318.74,34.0,64.0,8.0,457.03,31.0,230.87,175.74,16.0,65.0,30.99525979887916,81,-49.0,17.0,-0.6,159.0,
2025-04-08 10:00:58,151.67,9.0,322.29,35.0,111.14,7.0,505.12,33.0,236.98,170.62000000000003,16.0,68.0,37.30105454273398,84,-52.0,3.0,-0.62,159.0,
2025-04-08 10:00:59,159.0,15.0,322.0,25.0,149.2,5.0,399.2,20.0,240.5,163.0,20.0,45.0,35.242929361788526,65,-25.0,-19.0,-0.38,159.0,
2025-04-08 10:01:00,159.38,24.0,309.63,38.0,127.75,8.0,353.24,34.0,234.5,150.25,32.0,72.0,15.381067258159204,104,-40.0,39.0,-0.38,159.0,
2025-04-08 10:01:01,160.0,39.0,270.93,55.0,80.85,13.0,337.77,62.0,215.46,110.93,52.0,117.0,9.71567908074454,169,-65.0,65.0,-0.38,159.0,
2025-04-08 10:01:02,160.84,19.0,266.23,39.0,152.71,28.0,345.5,42.0,213.54,105.39,47.0,81.0,12.701294422223926,128,-34.0,-41.0,-0.27,159.0,
2025-04-08 10:01:03,166.4,20.0,169.35,46.0,160.86,21.0,191.44,41.0,167.87,2.9499999999999886,41.0,87.0,28.51368408326106,128,-46.0,0.0,-0.36,159.0,
2025-04-08 10:01:04,167.0,18.0,169.0,45.0,161.0,18.0,170.0,36.0,168.0,2.0,36.0,81.0,30.285519312041096,117,-45.0,-11.0,-0.38,159.0,
2025-04-08 10:01:05,164.0,16.0,243.34,35.0,160.4,20.0,375.62,32.0,203.67,79.34,36.0,67.0,23.94891792962709,103,-31.0,-14.0,-0.3,167.0,2.0
2025-04-08 10:01:06,161.85,39.0,329.5,34.0,160.9,91.0,335.25,40.0,245.67,167.65,130.0,74.0,32.93392551761806,204,56.0,101.0,0.27,162.0,3.0
2025-04-08 10:01:07,161.02,61.0,313.8,15.0,160.36,28.0,316.16,19.0,237.41,152.78,89.0,34.0,36.92130116883767,123,55.0,-81.0,0.45,162.0,1.0
2025-04-08 10:01:08,161.0,36.0,312.33,18.0,160.0,30.0,317.12,25.0,236.67,151.32999999999998,66.0,43.0,32.387850808598195,109,23.0,-14.0,0.21,162.0,
2025-04-08 10:01:09,163.31,26.0,311.62,16.0,160.53,19.0,313.0,8.0,237.47,148.31,45.0,24.0,16.35769910470345,69,21.0,-40.0,0.3,162.0,
2025-04-08 10:01:10,164.0,52.0,303.95,20.0,161.0,26.0,306.74,23.0,233.97,139.95,78.0,43.0,4.392734911193296,121,35.0,52.0,0.29,162.0,
2025-04-08 10:01:11,164.0,36.0,265.85,20.0,161.0,32.0,276.0,25.0,214.93,101.85000000000002,68.0,45.0,9.698236953179478,113,23.0,-8.0,0.2,162.0,
2025-04-08 10:01:12,164.0,27.0,232.2,15.0,161.0,36.0,235.85,20.0,198.1,68.19999999999999,63.0,35.0,17.278495883612543,98,28.0,-15.0,0.29,164.0,3.0
2025-04-08 10:01:13,164.75,20.0,220.69,13.0,162.09,22.0,228.84,19.0,192.72,55.94,42.0,32.0,20.28432818705158,74,10.0,-24.0,0.14,164.0,
2025-04-08 10:01:14,165.38,21.0,205.17,18.0,164.27,11.0,207.45,22.0,185.27,39.78999999999999,32.0,40.0,19.529126196530527,72,-8.0,-2.0,-0.11,167.67,3.0
2025-04-08 10:01:15,165.86,28.0,201.8,15.0,164.86,14.0,203.44,9.0,183.83,35.94,42.0,24.0,12.564340412453598,66,18.0,-6.0,0.27,167.67,
2025-04-08 10:01:16,167.0,28.0,201.0,14.0,165.0,14.0,203.0,7.0,184.0,34.0,42.0,21.0,6.365078946879959,63,21.0,-3.0,0.33,167.67,
2025-04-08 10:01:19,164.0,13.0,189.44,39.0,162.0,39.0,190.32,41.0,176.72,25.44,52.0,80.0,3.184870484025132,132,-28.0,50.0,-0.21,166.33,3.0
2025-04-08 10:01:20,160.57,21.0,184.86,14.0,150.36,14.0,185.6,10.0,172.71,24.29000000000002,35.0,24.0,5.042051169912361,59,11.0,-73.0,0.19,161.27,11.0
2025-04-08 10:01:21,167.44,41.0,182.5,16.0,132.0,13.0,183.07,28.0,174.97,15.060000000000002,54.0,44.0,4.8214157671803,98,10.0,39.0,0.1,161.27,
2025-04-08 10:01:22,168.0,10.0,179.26,19.0,158.0,7.0,181.5,16.0,173.63,11.259999999999993,17.0,35.0,3.585438606365352,52,-18.0,-46.0,-0.35,168.0,3.0
2025-04-08 10:01:23,168.0,8.0,176.0,23.0,150.0,12.0,176.9,29.0,172.0,8.0,20.0,52.0,1.880167545729718,72,-32.0,20.0,-0.44,168.0,
2025-04-08 10:01:24,160.45,62.0,172.44,18.0,127.52,46.0,174.0,18.0,166.45,11.990000000000007,108.0,36.0,3.2700489292999126,144,72.0,72.0,0.5,164.0,2.0
2025-04-08 10:01:25,162.64,66.0,168.87,30.0,160.0,66.0,169.89,18.0,165.75,6.230000000000018,132.0,48.0,4.212327147790829,180,84.0,36.0,0.47,164.0,
2025-04-08 10:01:26,163.0,60.0,165.44,25.0,160.0,60.0,166.12,32.0,164.22,2.4399999999999977,120.0,57.0,4.141551641597118,177,63.0,-3.0,0.36,164.0,1.0
2025-04-08 10:01:27,163.0,30.0,186.58,38.0,160.6,45.0,274.17,23.0,174.79,23.580000000000013,75.0,61.0,4.522075850758782,136,14.0,-41.0,0.1,163.6,10.0
2025-04-08 10:01:30,166.29,105.0,254.5,24.0,164.0,56.0,279.48,25.0,210.39,88.21000000000001,161.0,49.0,81.32581711855103,210,112.0,8.0,0.53,163.6,
2025-04-08 10:01:31,167.34,176.0,253.0,42.0,166.36,112.0,283.28,61.0,210.17,85.66,288.0,103.0,72.59595498373174,391,185.0,168.0,0.47,167.0,1.0
2025-04-08 10:01:45,168.0,45.0,217.55,31.0,167.0,27.0,272.67,27.0,192.77,49.55000000000001,72.0,58.0,15.42876923153661,130,14.0,-6.0,0.11,167.0,
2025-04-08 10:01:46,168.0,70.0,249.37,52.0,167.0,45.0,248.7,54.0,208.68,81.37,115.0,106.0,13.76665645681662,221,9.0,91.0,0.04,168.0,1.0
2025-04-08 10:01:47,168.0,40.0,218.59,32.0,167.0,30.0,238.46,39.0,193.3,50.59,70.0,71.0,9.341864374952731,141,-1.0,-80.0,-0.01,168.0,
2025-04-08 10:01:48,168.0,56.0,213.48,46.0,167.0,42.0,214.56,54.0,190.74,45.47999999999999,98.0,100.0,8.021273589649669,198,-2.0,57.0,-0.01,168.0,
2025-04-08 10:01:49,167.78,41.0,210.47,45.0,166.71,42.0,211.47,45.0,189.12,42.69,83.0,90.0,7.86919436791412,173,-7.0,-25.0,-0.04,168.0,2.0
2025-04-08 10:01:50,168.0,13.0,207.88,59.0,167.0,39.0,208.73,45.0,187.94,39.88,52.0,104.0,8.472725653531539,156,-52.0,-17.0,-0.33,168.0,
2025-04-08 10:01:51,168.0,7.0,203.29,21.0,167.0,21.0,205.4,25.0,185.64,35.28999999999999,28.0,46.0,2.887026151598208,74,-18.0,-82.0,-0.24,168.0,
2025-04-08 10:01:52,168.0,10.0,199.75,44.0,167.0,30.0,201.67,54.0,183.88,31.75,40.0,98.0,2.732815398085297,138,-58.0,64.0,-0.42,168.0,
2025-04-08 10:01:53,168.0,13.0,194.89,47.0,167.0,39.0,196.46,59.0,181.45,26.889999999999983,52.0,106.0,3.084166013691909,158,-54.0,20.0,-0.34,168.0,
2025-04-08 10:01:54,168.0,18.0,190.41,66.0,166.98,165.0,191.81,78.0,179.2,22.41,183.0,144.0,3.429857139883868,327,39.0,168.0,0.12,168.0,
2025-04-08 10:01:55,168.0,13.0,186.04,54.0,167.0,130.0,187.28,43.0,177.02,18.039999999999992,143.0,97.0,3.469426465572142,240,46.0,-87.0,0.19,168.0,
2025-04-08 10:01:56,167.05,37.0,183.64,25.0,165.3,54.0,184.62,32.0,175.35,16.589999999999975,91.0,57.0,3.4050624076531317,148,34.0,-92.0,0.23,167.25,4.0
2025-04-08 10:01:57,167.0,55.0,182.41,34.0,165.0,100.0,183.67,36.0,174.71,15.409999999999997,155.0,70.0,2.789216735933698,225,85.0,77.0,0.38,167.0,6.0
2025-04-08 10:01:58,165.21,39.0,180.22,36.0,164.57,70.0,183.0,27.0,172.71,15.009999999999993,109.0,63.0,2.448830333039171,172,46.0,-53.0,0.27,165.29,7.0
2025-04-08 10:01:59,164.55,66.0,177.23,60.0,163.73,74.0,178.95,57.0,170.89,12.679999999999978,140.0,117.0,2.38173886058336,257,23.0,85.0,0.09,165.0,4.0
2025-04-08 10:02:00,165.31,52.0,173.73,49.0,163.83,48.0,174.79,43.0,169.52,8.419999999999987,100.0,92.0,2.471372088539676,192,8.0,-65.0,0.04,165.0,
2025-04-08 10:02:02,165.68,44.0,170.32,63.0,162.53,43.0,171.88,34.0,168.0,4.639999999999986,87.0,97.0,1.737737034195088,184,-10.0,-24.0,-0.05,165.88,8.0
2025-04-08 10:02:03,167.9,20.0,170.81,32.0,163.52,23.0,263.89,53.0,169.36,2.9099999999999966,43.0,85.0,1.1199464272960435,128,-42.0,-56.0,-0.33,169.0,4.0
2025-04-08 10:02:06,161.53,19.0,171.0,18.0,160.07,97.0,252.33,36.0,166.26,9.47,116.0,54.0,1.6549259802218497,170,62.0,74.0,0.36,169.0,1.0
2025-04-08 10:02:07,160.66,53.0,168.57,37.0,160.58,33.0,189.95,78.0,164.61,7.909999999999997,86.0,115.0,2.5197480032759767,201,-29.0,31.0,-0.14,161.25,4.0
2025-04-08 10:02:08,160.0,91.0,166.29,14.0,158.0,14.0,169.0,35.0,163.14,6.289999999999992,105.0,49.0,3.1868118865118755,154,56.0,-47.0,0.36,165.0,1.0
2025-04-08 10:02:09,160.0,156.0,227.76,25.0,158.0,24.0,282.32,34.0,193.88,67.75999999999999,180.0,59.0,12.727595216694043,239,121.0,85.0,0.51,163.83,6.0
2025-04-08 10:02:10,160.0,125.0,317.5,30.0,158.0,20.0,404.05,38.0,238.75,157.5,145.0,68.0,32.45064822156889,213,77.0,-26.0,0.36,160.0,5.0
2025-04-08 10:02:11,160.0,96.0,289.62,58.0,158.0,24.0,403.62,16.0,224.81,129.62,120.0,74.0,34.357668285260736,194,46.0,-19.0,0.24,160.0,
2025-04-08 10:02:17,163.0,11.0,230.18,55.0,161.0,11.0,233.0,55.0,196.59,67.18,22.0,110.0,16.291572361193694,132,-88.0,-40.0,-0.67,165.5,4.0
2025-04-08 10:02:18,162.03,29.0,187.81,57.0,160.16,55.0,223.14,29.0,174.92,25.78,84.0,86.0,11.540704051313746,170,-2.0,38.0,-0.01,163.0,1.0
2025-04-08 10:02:19,163.38,42.0,177.64,70.0,161.03,36.0,178.64,70.0,170.51,14.259999999999993,78.0,140.0,14.725395410650574,218,-62.0,48.0,-0.28,163.0,
2025-04-08 10:02:20,164.0,43.0,175.6,75.0,161.4,15.0,177.13,75.0,169.8,11.599999999999994,58.0,150.0,14.736046620447707,208,-92.0,-10.0,-0.44,164.0,1.0
2025-04-08 10:02:21,164.0,22.0,174.64,55.0,161.9,20.0,177.0,55.0,169.32,10.639999999999986,42.0,110.0,11.598028711811669,152,-68.0,-56.0,-0.45,164.0,
2025-04-08 10:02:22,164.0,24.0,171.58,60.0,162.0,24.0,173.33,60.0,167.79,7.5800000000000125,48.0,120.0,2.6813187054147467,168,-72.0,16.0,-0.43,164.0,
2025-04-08 10:02:23,163.53,19.0,169.27,55.0,160.76,42.0,171.0,55.0,166.4,5.740000000000009,61.0,110.0,1.655907606120198,171,-49.0,3.0,-0.29,162.6,5.0
2025-04-08 10:02:24,161.0,11.0,167.82,55.0,135.73,44.0,170.64,55.0,164.41,6.819999999999993,55.0,110.0,2.2042527078369454,165,-55.0,-6.0,-0.33,162.6,
2025-04-08 10:02:25,160.36,11.0,166.0,55.0,106.52,33.0,167.0,55.0,163.18,5.639999999999986,44.0,110.0,2.481179155161154,154,-66.0,-11.0,-0.43,160.5,2.0
2025-04-08 10:02:26,161.58,33.0,165.29,59.0,156.13,69.0,166.47,75.0,163.43,3.70999999999998,102.0,134.0,1.9912734618846195,236,-32.0,82.0,-0.14,160.5,
2025-04-08 10:02:27,161.32,25.0,165.3,54.0,159.33,24.0,166.42,60.0,163.31,3.980000000000018,49.0,114.0,1.3504554787203435,163,-65.0,-73.0,-0.4,163.0,2.0
2025-04-08 10:02:28,161.0,28.0,162.18,55.0,159.4,20.0,163.36,55.0,161.59,1.1800000000000068,48.0,110.0,1.014928568917848,158,-62.0,-5.0,-0.39,161.0,1.0
2025-04-08 10:02:29,159.36,25.0,161.49,39.0,155.51,70.0,164.37,57.0,160.42,2.1299999999999955,95.0,96.0,1.329748096447421,191,-1.0,33.0,-0.01,161.44,9.0
2025-04-08 10:02:30,160.0,12.0,226.53,15.0,158.02,57.0,190.96,52.0,193.27,66.53,69.0,67.0,13.95691871438702,136,2.0,-55.0,0.01,164.5,6.0
2025-04-08 10:02:31,166.43,49.0,322.67,18.0,157.71,21.0,324.0,18.0,244.55,156.24,70.0,36.0,36.18205383888551,106,34.0,-30.0,0.32,164.5,
2025-04-08 10:02:32,167.01,72.0,237.48,25.0,163.06,16.0,292.27,22.0,202.25,70.47,88.0,47.0,34.60266290330863,135,41.0,29.0,0.3,167.0,2.0
2025-04-08 10:02:33,168.0,14.0,208.07,28.0,167.0,98.0,272.85,41.0,188.04,40.06999999999999,112.0,69.0,30.489193659393685,181,43.0,46.0,0.24,167.33,3.0
2025-04-08 10:02:34,167.0,40.0,205.75,16.0,160.0,8.0,404.35,23.0,186.38,38.75,48.0,39.0,24.091553914183557,87,9.0,-94.0,0.1,167.33,
2025-04-08 10:02:35,167.0,50.0,200.43,21.0,160.0,10.0,356.71,28.0,183.71,33.43000000000001,60.0,49.0,25.391012780115968,109,11.0,22.0,0.1,167.33,
2025-04-08 10:02:36,167.0,35.0,195.71,14.0,160.0,7.0,433.0,14.0,181.36,28.710000000000008,42.0,28.0,8.178885620914992,70,14.0,-39.0,0.2,167.33,
2025-04-08 10:02:37,167.0,25.0,195.0,10.0,163.0,35.0,449.0,10.0,181.0,28.0,60.0,20.0,3.081869562458685,80,40.0,10.0,0.5,167.33,
2025-04-08 10:02:38,163.35,46.0,194.37,19.0,161.68,37.0,282.22,18.0,178.86,31.02000000000001,83.0,37.0,2.8737814809078497,120,46.0,40.0,0.38,166.33,6.0
2025-04-08 10:02:39,163.0,61.0,190.52,29.0,161.0,92.0,194.08,26.0,176.76,27.52000000000001,153.0,55.0,2.638166029651762,208,98.0,88.0,0.47,163.0,1.0
2025-04-08 10:02:40,163.0,31.0,179.24,25.0,161.0,99.0,183.23,26.0,171.12,16.24000000000001,130.0,51.0,4.175499970064417,181,79.0,-27.0,0.44,163.0,3.0
2025-04-08 10:02:41,163.83,48.0,173.17,24.0,162.05,76.0,184.33,27.0,168.5,9.339999999999977,124.0,51.0,5.267686399170639,175,73.0,-6.0,0.42,163.0,
2025-04-08 10:02:42,164.0,38.0,171.88,16.0,163.0,48.0,189.0,16.0,167.94,7.8799999999999955,86.0,32.0,4.929571989534867,118,54.0,-57.0,0.46,164.0,2.0
2025-04-08 10:02:43,164.0,14.0,169.88,16.0,163.0,48.0,175.5,16.0,166.94,5.879999999999996,62.0,32.0,3.95258396495332,94,30.0,-24.0,0.32,164.0,2.0
2025-04-08 10:02:44,164.0,8.0,167.75,16.0,163.0,48.0,170.25,16.0,165.88,3.75,56.0,32.0,1.9733930171168703,88,24.0,-6.0,0.27,164.0,
2025-04-08 10:02:45,163.14,42.0,165.37,19.0,162.09,66.0,168.0,25.0,164.26,2.230000000000018,108.0,44.0,1.692713797428644,152,64.0,64.0,0.42,164.0,1.0
2025-04-08 10:02:46,163.0,23.0,164.44,9.0,161.0,45.0,166.0,14.0,163.72,1.4399999999999975,68.0,23.0,1.7727154311973112,91,45.0,-61.0,0.49,163.86,7.0
2025-04-08 10:02:54,166.29,14.0,198.22,18.0,165.0,17.0,200.6,15.0,182.25,31.930000000000007,31.0,33.0,2.442615401574772,64,-2.0,44.0,-0.03,165.17,6.0
2025-04-08 10:02:55,161.0,32.0,196.5,10.0,160.0,8.0,197.27,15.0,178.75,35.5,40.0,25.0,3.441239602237803,65,15.0,1.0,0.23,165.17,
2025-04-08 10:02:56,161.06,51.0,193.17,18.0,160.55,20.0,195.0,12.0,177.11,32.109999999999985,71.0,30.0,3.794478883853385,101,41.0,36.0,0.41,165.17,
2025-04-08 10:02:57,164.0,12.0,190.62,21.0,161.0,132.0,191.39,23.0,177.31,26.620000000000005,144.0,44.0,3.299896968089875,188,100.0,87.0,0.53,165.17,
2025-04-08 10:02:58,162.94,17.0,186.39,23.0,160.97,117.0,187.81,27.0,174.67,23.44999999999999,134.0,50.0,2.783005569525194,184,84.0,-4.0,0.46,162.0,3.0
2025-04-08 10:02:59,161.0,24.0,182.58,24.0,160.0,12.0,183.58,24.0,171.79,21.580000000000013,36.0,48.0,2.7375317349772788,84,-12.0,-100.0,-0.14,162.0,
2025-04-08 10:03:00,162.81,32.0,179.0,22.0,155.91,11.0,180.82,22.0,170.91,16.189999999999998,43.0,44.0,2.9524769262447017,87,-1.0,3.0,-0.01,161.0,2.0
2025-04-08 10:03:01,157.09,11.0,162.38,21.0,149.64,11.0,168.2,20.0,159.74,5.289999999999992,22.0,41.0,6.720072916271566,63,-19.0,-24.0,-0.3,160.0,1.0
2025-04-08 10:03:02,152.7,23.0,157.0,18.0,147.33,9.0,158.0,18.0,154.85,4.300000000000011,32.0,36.0,8.595680310481884,68,-4.0,5.0,-0.06,160.0,
2025-04-08 10:03:03,153.3,80.0,157.09,11.0,152.0,10.0,158.42,12.0,155.2,3.789999999999992,90.0,23.0,8.313577448968974,113,67.0,45.0,0.59,157.0,4.0
2025-04-08 10:03:04,154.38,64.0,160.5,8.0,151.0,8.0,515.27,11.0,157.44,6.1200000000000045,72.0,19.0,6.605298630645329,91,53.0,-22.0,0.58,158.67,3.0
2025-04-08 10:03:05,157.52,81.0,161.31,13.0,155.54,39.0,525.48,23.0,159.41,3.789999999999992,120.0,36.0,2.2822072649092764,156,84.0,65.0,0.54,158.67,
2025-04-08 10:03:06,158.45,66.0,160.1,29.0,156.28,76.0,186.05,21.0,159.28,1.6500000000000057,142.0,50.0,2.167032533213253,192,92.0,36.0,0.48,156.14,7.0
2025-04-08 10:03:07,154.12,51.0,238.67,57.0,151.56,59.0,532.41,51.0,196.39,84.54999999999998,110.0,108.0,17.327813768620818,218,2.0,26.0,0.01,155.0,6.0
2025-04-08 10:03:08,158.35,65.0,456.08,13.0,156.11,38.0,607.25,16.0,307.22,297.73,103.0,29.0,64.31191001673027,132,74.0,-86.0,0.56,155.0,
2025-04-08 10:03:15,165.67,6.0,334.0,6.0,164.25,8.0,424.67,3.0,249.83,168.33,14.0,9.0,42.88511081949095,23,5.0,-47.0,0.22,168.5,4.0
2025-04-08 10:03:16,164.0,10.0,332.8,10.0,163.0,15.0,454.0,5.0,248.4,168.8,25.0,15.0,12.980317792720582,40,10.0,17.0,0.25,168.5,
2025-04-08 10:03:17,164.0,14.0,266.94,18.0,163.0,21.0,324.36,14.0,215.47,102.94,35.0,32.0,21.989357198427115,67,3.0,27.0,0.04,168.5,
2025-04-08 10:03:18,164.0,16.0,207.43,14.0,163.0,24.0,258.5,12.0,185.71,43.43000000000001,40.0,26.0,28.994687099536325,66,14.0,-1.0,0.21,168.5,
2025-04-08 10:03:19,164.0,14.0,231.56,9.0,163.0,21.0,291.53,17.0,197.78,67.56,35.0,26.0,29.08978807073057,61,9.0,-5.0,0.15,168.5,
2025-04-08 10:03:20,164.0,18.0,196.94,18.0,163.0,27.0,304.26,19.0,180.47,32.94,45.0,37.0,27.466035935315084,82,8.0,21.0,0.1,168.5,
2025-04-08 10:03:21,164.0,19.0,165.5,20.0,163.0,30.0,175.31,16.0,164.75,1.5,49.0,36.0,19.034589042057643,85,13.0,3.0,0.15,164.0,1.0
2025-04-08 10:03:22,164.33,9.0,187.64,11.0,162.8,20.0,496.31,13.0,175.98,23.30999999999997,29.0,24.0,12.178639907642472,53,5.0,-32.0,0.09,164.0,1.0
2025-04-08 10:03:23,165.0,10.0,280.4,10.0,161.55,55.0,586.76,25.0,222.7,115.39999999999998,65.0,35.0,22.588258675693016,100,30.0,47.0,0.3,164.33,3.0
2025-04-08 10:03:24,161.04,46.0,438.43,7.0,160.31,26.0,515.11,19.0,299.74,277.39,72.0,26.0,55.41527650386687,98,46.0,-2.0,0.47,162.0,2.0
2025-04-08 10:03:25,161.42,96.0,298.53,19.0,160.53,66.0,429.31,13.0,229.97,137.11,162.0,32.0,53.49315255245309,194,130.0,96.0,0.67,162.0,5.0
2025-04-08 10:03:26,161.41,59.0,256.14,42.0,160.5,98.0,274.74,34.0,208.77,94.73,157.0,76.0,45.42262288771992,233,81.0,39.0,0.35,161.67,6.0
2025-04-08 10:03:27,161.0,49.0,210.03,33.0,160.0,91.0,237.82,17.0,185.52,49.03,140.0,50.0,42.848464966670825,190,90.0,-43.0,0.47,161.0,4.0
2025-04-08 10:03:28,161.0,8.0,179.0,8.0,160.0,56.0,185.53,17.0,170.0,18.0,64.0,25.0,50.65977645035575,89,39.0,-101.0,0.44,161.0,
2025-04-08 10:03:29,161.98,52.0,174.67,18.0,160.82,39.0,176.28,18.0,168.32,12.689999999999998,91.0,36.0,26.49695888210614,127,55.0,38.0,0.43,161.0,
2025-04-08 10:03:30,163.0,54.0,170.22,18.0,161.0,72.0,171.28,18.0,166.61,7.219999999999999,126.0,36.0,17.845000140095983,162,90.0,35.0,0.56,161.0,
2025-04-08 10:03:31,167.0,25.0,168.0,9.0,163.0,33.0,223.2,25.0,167.5,1.0,58.0,34.0,7.88660890370678,92,24.0,-70.0,0.26,167.0,2.0
2025-04-08 10:03:32,167.0,10.0,224.38,40.0,163.0,45.0,449.79,19.0,195.69,57.38,55.0,59.0,12.398323677014831,114,-4.0,22.0,-0.04,167.0,1.0
2025-04-08 10:03:34,163.0,70.0,280.51,49.0,161.0,84.0,506.06,47.0,221.76,117.51,154.0,96.0,74.2723153671677,250,58.0,89.0,0.23,167.0,
2025-04-08 10:03:35,163.94,36.0,421.29,28.0,161.32,37.0,595.22,36.0,292.62,257.35,73.0,64.0,73.20856766799916,137,9.0,-113.0,0.07,165.5,10.0
2025-04-08 10:03:36,166.04,26.0,414.18,17.0,165.0,40.0,448.28,25.0,290.11,248.14,66.0,42.0,60.27456320870362,108,24.0,-29.0,0.22,166.0,5.0
2025-04-08 10:03:37,167.82,11.0,413.91,22.0,165.0,55.0,562.27,33.0,290.86,246.09000000000003,66.0,55.0,44.10422904892461,121,11.0,13.0,0.09,166.0,
2025-04-08 10:03:38,167.0,17.0,411.89,18.0,164.71,49.0,586.29,21.0,289.44,244.89,66.0,39.0,30.879436847196672,105,27.0,-16.0,0.26,170.0,1.0
2025-04-08 10:03:39,165.0,45.0,379.42,24.0,164.0,77.0,500.45,31.0,272.21,214.42,122.0,55.0,8.37917478037099,177,67.0,72.0,0.38,165.0,1.0
2025-04-08 10:03:40,165.0,20.0,287.33,9.0,164.0,28.0,310.0,11.0,226.17,122.32999999999998,48.0,20.0,27.71644583997031,68,28.0,-109.0,0.41,165.0,
2025-04-08 10:03:41,165.0,36.0,186.2,25.0,164.0,63.0,305.5,18.0,175.6,21.19999999999999,99.0,43.0,49.542664744642174,142,56.0,74.0,0.39,165.0,
2025-04-08 10:03:42,165.0,44.0,286.27,22.0,164.0,77.0,335.42,19.0,225.64,121.26999999999998,121.0,41.0,44.72890418957313,162,80.0,20.0,0.49,165.0,
2025-04-08 10:03:43,165.0,40.0,285.1,20.0,164.0,70.0,286.4,20.0,225.05,120.10000000000002,110.0,40.0,34.17200359943816,150,70.0,-12.0,0.47,165.0,
2025-04-08 10:03:44,165.0,32.0,211.27,15.0,164.0,56.0,257.31,13.0,188.13,46.27000000000001,88.0,28.0,24.3748245121892,116,60.0,-34.0,0.52,165.0,
2025-04-08 10:03:45,164.73,66.0,206.93,30.0,163.93,87.0,208.18,33.0,185.83,42.20000000000002,153.0,63.0,23.568757922300897,216,90.0,100.0,0.42,164.8,5.0
2025-04-08 10:03:46,164.0,67.0,204.67,24.0,162.0,12.0,206.25,24.0,184.33,40.66999999999999,79.0,48.0,21.540767860037413,127,31.0,-89.0,0.24,164.0,5.0
2025-04-08 10:03:48,167.19,104.0,199.6,30.0,166.5,60.0,200.6,30.0,183.4,32.41,164.0,60.0,1.79313412772865,224,104.0,36.0,0.46,167.0,1.0
2025-04-08 10:03:49,167.0,99.0,197.82,22.0,163.18,38.0,199.64,22.0,182.41,30.819999999999997,137.0,44.0,1.4822853976294483,181,93.0,-43.0,0.51,167.0,
2025-04-08 10:03:50,167.04,101.0,195.67,24.0,163.47,85.0,197.17,24.0,181.35,28.629999999999995,186.0,48.0,1.6965052313581852,234,138.0,53.0,0.59,169.0,2.0
2025-04-08 10:03:51,167.0,108.0,193.25,24.0,164.0,24.0,194.92,24.0,180.12,26.25,132.0,48.0,2.135914324130504,180,84.0,-54.0,0.47,169.0,
2025-04-08 10:03:52,167.0,135.0,189.6,30.0,164.47,30.0,190.73,30.0,178.3,22.599999999999994,165.0,60.0,1.9917153411133268,225,105.0,45.0,0.47,169.0,
2025-04-08 10:03:53,167.0,117.0,186.62,26.0,165.0,26.0,187.85,26.0,176.81,19.620000000000005,143.0,52.0,2.26423717839508,195,91.0,-30.0,0.47,169.0,
2025-04-08 10:03:54,167.0,30.0,182.0,34.0,165.0,34.0,184.18,34.0,174.5,15.0,64.0,68.0,2.703688221675532,132,-4.0,-63.0,-0.03,167.0,8.0
2025-04-08 10:03:55,167.0,10.0,178.08,26.0,165.0,20.0,181.2,20.0,172.54,11.080000000000013,30.0,46.0,3.0046430736491065,76,-16.0,-56.0,-0.21,167.0,
2025-04-08 10:03:56,167.0,6.0,175.33,18.0,165.0,12.0,176.0,18.0,171.17,8.330000000000013,18.0,36.0,2.9399030596310585,54,-18.0,-22.0,-0.33,167.0,
2025-04-08 10:03:57,167.0,12.0,173.13,31.0,165.0,24.0,174.57,42.0,170.06,6.129999999999996,36.0,73.0,2.69113916400256,109,-37.0,55.0,-0.34,167.0,
2025-04-08 10:03:58,165.67,18.0,169.84,57.0,163.77,52.0,170.97,60.0,167.75,4.170000000000016,70.0,117.0,2.5440381286507447,187,-47.0,78.0,-0.25,165.67,3.0
2025-04-08 10:03:59,163.31,45.0,165.69,26.0,162.85,66.0,167.39,46.0,164.5,2.3799999999999955,111.0,72.0,3.1610330589902462,183,39.0,-4.0,0.21,163.29,7.0
2025-04-08 10:04:00,163.0,29.0,164.0,28.0,162.0,28.0,167.0,56.0,163.5,1.0,57.0,84.0,3.3552540887434565,141,-27.0,-42.0,-0.19,163.0,1.0
2025-04-08 10:04:01,162.51,99.0,166.61,46.0,161.2,50.0,314.12,32.0,164.56,4.100000000000023,149.0,78.0,2.742823362892704,227,71.0,86.0,0.31,163.0,2.0
2025-04-08 10:04:02,162.88,80.0,167.0,44.0,161.7,66.0,380.65,34.0,164.94,4.1200000000000045,146.0,78.0,1.600562401167256,224,68.0,-3.0,0.3,162.0,3.0
2025-04-08 10:04:03,161.86,79.0,167.0,52.0,161.51,73.0,406.95,38.0,164.43,5.139999999999986,152.0,90.0,0.5331791444068755,242,62.0,18.0,0.26,163.0,1.0
2025-04-08 10:04:04,161.0,40.0,165.62,26.0,160.0,8.0,193.27,22.0,163.31,4.6200000000000045,48.0,48.0,0.7068733974556511,96,0.0,-146.0,0.0,163.0,
2025-04-08 10:04:05,160.91,22.0,162.42,26.0,156.25,24.0,435.25,16.0,161.67,1.509999999999991,46.0,42.0,1.327542843011328,88,4.0,-8.0,0.05,161.0,5.0
2025-04-08 10:04:06,160.0,87.0,414.26,31.0,122.2,150.0,559.59,49.0,287.13,254.26,237.0,80.0,55.26412109135568,317,157.0,168.0,0.5,162.5,2.0
2025-04-08 10:04:07,164.53,30.0,294.88,34.0,113.93,45.0,540.54,26.0,229.71,130.35,75.0,60.0,56.00687100704717,135,15.0,-168.0,0.11,168.0,3.0
2025-04-08 10:04:08,168.0,8.0,397.5,12.0,160.95,64.0,518.89,28.0,282.75,229.5,72.0,40.0,61.30597752258758,112,32.0,-23.0,0.29,168.0,
2025-04-08 10:04:09,168.0,8.0,376.88,25.0,161.0,136.0,409.1,10.0,272.44,208.88,144.0,35.0,52.71500735084845,179,109.0,67.0,0.61,168.0,
2025-04-08 10:04:10,161.18,77.0,274.0,23.0,160.87,39.0,288.73,26.0,217.59,112.82,116.0,49.0,32.02692742053166,165,67.0,-14.0,0.41,163.33,3.0
2025-04-08 10:04:11,161.71,135.0,252.9,40.0,160.55,20.0,273.43,35.0,207.31,91.19,155.0,75.0,33.680247920702854,230,80.0,65.0,0.35,161.0,4.0
2025-04-08 10:04:20,161.95,21.0,245.06,31.0,160.98,112.0,246.7,40.0,203.51,83.11000000000001,133.0,71.0,5.175158934759528,204,62.0,-25.0,0.3,161.0,
2025-04-08 10:04:21,163.89,79.0,239.71,45.0,160.94,105.0,240.82,33.0,201.8,75.82000000000002,184.0,78.0,5.742563016634863,262,106.0,58.0,0.4,164.0,4.0
2025-04-08 10:04:22,167.0,78.0,235.85,39.0,161.67,66.0,238.0,52.0,201.42,68.85,144.0,91.0,4.908988694224475,235,53.0,-27.0,0.23,164.0,
2025-04-08 10:04:23,167.0,51.0,215.34,29.0,162.0,40.0,228.74,34.0,191.17,48.34,91.0,63.0,6.485516941618886,154,28.0,-81.0,0.18,167.0,1.0
2025-04-08 10:04:24,167.0,45.0,173.89,36.0,162.0,36.0,174.86,28.0,170.44,6.889999999999986,81.0,64.0,13.864233480435496,145,17.0,-9.0,0.12,167.0,
2025-04-08 10:04:25,167.0,45.0,172.12,32.0,162.38,32.0,173.18,34.0,169.56,5.1200000000000045,77.0,66.0,15.989669164808603,143,11.0,-2.0,0.08,167.0,
2025-04-08 10:04:26,167.17,42.0,169.72,53.0,166.14,51.0,170.65,49.0,168.44,2.550000000000012,93.0,102.0,15.144255676659505,195,-9.0,52.0,-0.05,168.0,1.0
2025-04-08 10:04:27,166.95,39.0,168.0,55.0,164.87,23.0,169.0,33.0,167.47,1.0500000000000114,62.0,88.0,9.988059371070866,150,-26.0,-45.0,-0.17,166.67,6.0
2025-04-08 10:04:28,164.03,34.0,167.52,42.0,162.13,47.0,209.55,42.0,165.78,3.490000000000009,81.0,84.0,1.8178888855039612,165,-3.0,15.0,-0.02,166.0,5.0
2025-04-08 10:04:29,164.0,30.0,166.1,30.0,162.0,40.0,179.33,18.0,165.05,2.0999999999999943,70.0,48.0,1.857484858629878,118,22.0,-47.0,0.19,166.0,
2025-04-08 10:04:30,164.17,29.0,409.02,52.0,161.08,108.0,552.48,50.0,286.6,244.85,137.0,102.0,53.64437127975339,239,35.0,121.0,0.15,163.67,9.0
2025-04-08 10:04:31,161.45,62.0,407.43,21.0,160.83,93.0,669.64,36.0,284.44,245.98,155.0,57.0,65.41937457664986,212,98.0,-27.0,0.46,165.0,1.0
2025-04-08 10:04:32,161.0,34.0,162.0,27.0,160.0,45.0,372.18,33.0,161.5,1.0,79.0,60.0,66.52308456468343,139,19.0,-73.0,0.14,161.0,5.0
2025-04-08 10:04:33,161.0,15.0,162.0,22.0,160.0,50.0,177.0,40.0,161.5,1.0,65.0,62.0,67.30035378807472,127,3.0,-12.0,0.02,162.0,2.0
2025-04-08 10:04:34,161.0,14.0,177.0,28.0,160.0,35.0,458.31,16.0,169.0,16.0,49.0,44.0,66.63401023501453,93,5.0,-34.0,0.05,161.0,4.0
2025-04-08 10:04:35,162.76,101.0,177.0,48.0,158.48,21.0,334.44,36.0,169.88,14.240000000000007,122.0,84.0,53.35381785776936,206,38.0,113.0,0.18,161.0,
2025-04-08 10:04:36,163.0,60.0,177.0,24.0,160.0,6.0,199.0,24.0,170.0,14.0,66.0,48.0,4.4678719766839645,114,18.0,-92.0,0.16,161.0,
2025-04-08 10:04:37,163.0,130.0,177.0,52.0,160.0,13.0,321.11,18.0,170.0,14.0,143.0,70.0,3.69984864555798,213,73.0,99.0,0.34,163.0,4.0
2025-04-08 10:04:39,163.0,37.0,352.84,25.0,160.0,9.0,450.77,13.0,257.92,189.84,46.0,38.0,69.34233685130619,84,8.0,-21.0,0.1,163.0,3.0
2025-04-08 10:04:40,164.45,33.0,332.71,21.0,162.4,15.0,423.57,7.0,248.58,168.26,48.0,28.0,64.48974554144256,76,20.0,-8.0,0.26,163.0,
2025-04-08 10:04:41,163.0,24.0,330.29,28.0,160.0,8.0,389.0,12.0,246.64,167.29000000000002,32.0,40.0,53.81784016476325,72,-8.0,-4.0,-0.11,163.0,
2025-04-08 10:04:42,163.0,33.0,312.73,41.0,160.98,51.0,325.9,39.0,237.87,149.73000000000002,84.0,80.0,33.75010933315623,164,4.0,92.0,0.02,163.0,
2025-04-08 10:04:43,162.17,36.0,238.0,34.0,160.92,38.0,311.64,28.0,200.08,75.83000000000001,74.0,62.0,22.478312214221244,136,12.0,-28.0,0.09,163.0,3.0
2025-04-08 10:04:44,161.0,24.0,324.61,41.0,160.0,9.0,468.24,17.0,242.8,163.61,33.0,58.0,20.05119148579477,91,-25.0,-45.0,-0.27,161.0,3.0
2025-04-08 10:04:45,153.15,26.0,262.53,32.0,61.91,44.0,442.75,12.0,207.84,109.37999999999997,70.0,44.0,21.478523692284146,114,26.0,23.0,0.23,158.57,7.0
2025-04-08 10:04:46,125.59,37.0,157.44,43.0,75.72,93.0,168.75,40.0,141.52,31.849999999999994,130.0,83.0,40.51554294341887,213,47.0,99.0,0.22,158.0,1.0
2025-04-08 10:04:48,139.0,42.0,158.0,49.0,90.94,31.0,285.43,7.0,148.5,19.0,73.0,56.0,50.08544219631119,129,17.0,-7.0,0.13,158.0,
2025-04-08 10:04:49,135.8,35.0,157.0,14.0,76.03,36.0,158.0,49.0,146.4,21.19999999999999,71.0,63.0,31.683496019221668,134,8.0,5.0,0.06,158.0,
2025-04-08 10:04:53,122.0,21.0,157.45,33.0,76.0,23.0,172.38,32.0,139.73,35.44999999999999,44.0,65.0,7.483085593526341,109,-21.0,7.0,-0.19,152.0,2.0
2025-04-08 10:04:55,121.91,11.0,157.67,18.0,60.45,11.0,158.1,20.0,139.79,35.75999999999999,22.0,38.0,5.567074635752787,60,-16.0,-67.0,-0.27,152.0,
2025-04-08 10:04:56,151.95,21.0,157.0,10.0,118.11,9.0,158.0,30.0,154.48,5.050000000000011,30.0,40.0,9.868639723895075,70,-10.0,10.0,-0.14,152.0,
2025-04-08 10:04:57,152.15,26.0,157.0,12.0,99.31,16.0,158.0,36.0,154.58,4.849999999999994,42.0,48.0,10.511186897778868,90,-6.0,20.0,-0.07,152.0,
2025-04-08 10:04:58,154.04,45.0,157.0,20.0,143.47,40.0,158.0,60.0,155.52,2.960000000000008,85.0,80.0,11.32330428806172,165,5.0,75.0,0.03,152.0,
2025-04-08 10:04:59,154.31,26.0,157.08,52.0,150.47,47.0,158.12,43.0,155.69,2.7700000000000102,73.0,95.0,6.853770495138771,168,-22.0,3.0,-0.13,155.67,12.0
2025-04-08 10:05:00,116.31,16.0,155.24,66.0,41.2,5.0,157.0,16.0,135.78,38.93000000000001,21.0,82.0,8.64264427128845,103,-61.0,-65.0,-0.59,155.67,
2025-04-08 10:05:02,135.32,34.0,152.36,55.0,130.05,19.0,155.0,33.0,143.84,17.04000000000002,53.0,88.0,11.796110375883996,141,-35.0,48.0,-0.25,155.67,
2025-04-08 10:05:03,137.5,24.0,151.0,40.0,136.0,32.0,155.0,24.0,144.25,13.5,56.0,64.0,9.982327884819204,120,-8.0,-21.0,-0.07,155.67,
2025-04-08 10:05:04,140.56,41.0,151.0,55.0,138.67,36.0,155.0,33.0,145.78,10.439999999999998,77.0,88.0,7.085610771136107,165,-11.0,45.0,-0.07,155.67,
2025-04-08 10:05:05,143.26,43.0,151.0,60.0,141.59,32.0,155.0,39.0,147.13,7.740000000000009,75.0,99.0,7.304096795637288,174,-24.0,9.0,-0.14,151.0,1.0
2025-04-08 10:05:06,148.26,31.0,151.0,48.0,145.98,48.0,155.0,42.0,149.63,2.740000000000009,79.0,90.0,2.3532381944964382,169,-11.0,-5.0,-0.07,151.0,1.0
2025-04-08 10:05:07,149.95,61.0,157.38,58.0,148.47,51.0,157.1,30.0,153.67,7.430000000000007,112.0,88.0,3.691587734300225,200,24.0,31.0,0.12,156.18,11.0
2025-04-08 10:05:08,156.71,21.0,161.0,29.0,152.96,26.0,162.0,10.0,158.86,4.289999999999992,47.0,39.0,5.315301496625999,86,8.0,-114.0,0.09,161.0,1.0
2025-04-08 10:05:09,160.0,28.0,161.0,14.0,153.4,15.0,162.0,7.0,160.5,1.0,43.0,21.0,5.750293036014191,64,22.0,-22.0,0.34,161.0,2.0
2025-04-08 10:05:10,160.19,43.0,161.77,13.0,145.82,34.0,205.72,43.0,160.98,1.5800000000000125,77.0,56.0,4.913905778505735,133,21.0,69.0,0.16,160.0,1.0
2025-04-08 10:05:11,160.0,39.0,161.69,13.0,136.1,20.0,205.8,40.0,160.85,1.6899999999999975,59.0,53.0,3.0829158275942308,112,6.0,-21.0,0.05,161.0,1.0
2025-04-08 10:05:12,160.55,22.0,304.0,40.0,132.56,34.0,573.53,34.0,232.27,143.45,56.0,74.0,32.19825725097592,130,-18.0,18.0,-0.14,160.5,4.0
2025-04-08 10:05:13,160.0,9.0,302.29,28.0,157.0,9.0,409.73,33.0,231.14,142.29000000000002,18.0,61.0,38.8514989414825,79,-43.0,-51.0,-0.54,161.0,2.0
2025-04-08 10:05:14,152.47,19.0,328.09,22.0,136.0,16.0,473.87,23.0,240.28,175.61999999999998,35.0,45.0,40.49246757114227,80,-10.0,1.0,-0.12,156.4,5.0
2025-04-08 10:05:15,135.68,28.0,300.0,36.0,116.56,25.0,312.22,36.0,217.84,164.32,53.0,72.0,32.12174543825419,125,-19.0,45.0,-0.15,161.0,1.0
2025-04-08 10:05:16,165.71,28.0,342.18,39.0,137.95,43.0,455.88,34.0,253.95,176.47,71.0,73.0,13.26417091265018,144,-2.0,19.0,-0.01,167.0,4.0
2025-04-08 10:05:17,164.0,16.0,436.29,28.0,143.5,40.0,566.2,30.0,300.14,272.29,56.0,58.0,31.64340847633183,114,-2.0,-30.0,-0.02,167.0,
2025-04-08 10:05:18,164.0,6.0,235.0,15.0,163.0,15.0,502.67,12.0,199.5,71.0,21.0,27.0,38.45579046125553,48,-6.0,-66.0,-0.12,167.0,
2025-04-08 10:05:19,164.0,18.0,428.65,34.0,163.0,45.0,521.5,30.0,296.32,264.65,63.0,64.0,45.26772470535699,127,-1.0,79.0,-0.01,167.0,
2025-04-08 10:05:20,164.0,14.0,318.36,22.0,163.0,35.0,393.16,25.0,241.18,154.36,49.0,47.0,41.7298732324936,96,2.0,-31.0,0.02,167.0,
2025-04-08 10:05:37,167.67,9.0,169.12,17.0,166.13,23.0,170.69,13.0,168.39,1.450000000000017,32.0,30.0,4.139631626125434,62,2.0,-64.0,0.03,168.0,1.0
2025-04-08 10:05:38,164.41,34.0,167.5,42.0,161.8,50.0,169.42,36.0,165.96,3.0900000000000034,84.0,78.0,4.521600380398363,162,6.0,100.0,0.04,164.71,7.0
2025-04-08 10:05:39,163.0,11.0,164.27,33.0,161.0,33.0,314.46,39.0,163.64,1.2700000000000102,44.0,72.0,4.67138416318113,116,-28.0,-46.0,-0.24,164.71,
2025-04-08 10:05:40,160.68,38.0,162.82,34.0,159.51,49.0,309.06,32.0,161.75,2.1399999999999864,87.0,66.0,4.360989566603007,153,21.0,37.0,0.14,161.71,7.0
2025-04-08 10:05:41,160.0,58.0,161.9,30.0,158.0,50.0,306.57,35.0,160.95,1.9000000000000057,108.0,65.0,3.062396120690628,173,43.0,20.0,0.25,160.0,4.0
2025-04-08 10:05:42,158.63,38.0,231.47,30.0,135.91,44.0,356.18,44.0,195.05,72.84,82.0,74.0,14.429433460812636,156,8.0,-17.0,0.05,159.2,5.0
2025-04-08 10:05:43,158.0,36.0,232.08,24.0,122.73,90.0,304.59,51.0,195.04,74.08000000000001,126.0,75.0,18.06384316805306,201,51.0,45.0,0.25,159.2,
2025-04-08 10:05:44,144.32,71.0,220.82,22.0,125.98,105.0,467.57,28.0,182.57,76.5,176.0,50.0,16.962960236940244,226,126.0,25.0,0.56,158.0,3.0
2025-04-08 10:05:45,147.02,65.0,230.09,22.0,133.39,67.0,598.0,22.0,188.55,83.07,132.0,44.0,14.116487523460428,176,88.0,-50.0,0.5,165.0,4.0
2025-04-08 10:05:46,142.0,70.0,194.5,16.0,140.0,40.0,359.2,20.0,168.25,52.5,110.0,36.0,11.145578495529666,146,74.0,-30.0,0.51,159.0,2.0
2025-04-08 10:05:47,152.92,37.0,350.11,18.0,147.78,54.0,519.0,16.0,251.52,197.19000000000003,91.0,34.0,31.946396197380544,125,57.0,-21.0,0.46,162.5,6.0
2025-04-08 10:05:48,154.17,23.0,225.64,11.0,119.67,24.0,389.0,8.0,189.91,71.47,47.0,19.0,32.11448427111994,66,28.0,-59.0,0.42,162.5,
2025-04-08 10:05:49,140.82,39.0,152.0,30.0,131.17,24.0,284.0,12.0,146.41,11.180000000000009,63.0,42.0,39.22443651602929,105,21.0,39.0,0.2,162.5,
2025-04-08 10:05:50,143.16,19.0,152.0,50.0,142.33,91.0,399.38,16.0,147.58,8.840000000000003,110.0,66.0,43.38211532417494,176,44.0,71.0,0.25,162.5,
2025-04-08 10:05:51,144.0,11.0,154.84,19.0,143.0,110.0,256.4,20.0,149.42,10.840000000000003,121.0,39.0,45.50229192029799,160,82.0,-16.0,0.51,153.0,6.0
2025-04-08 10:05:52,146.22,58.0,224.09,22.0,143.59,85.0,315.27,22.0,185.16,77.87,143.0,44.0,21.85298904040405,187,99.0,27.0,0.53,156.0,3.0
2025-04-08 10:05:53,156.66,67.0,243.71,14.0,150.65,55.0,332.79,19.0,200.19,87.05000000000001,122.0,33.0,25.16801084710548,155,89.0,-32.0,0.57,156.0,
2025-04-08 10:05:54,160.83,53.0,233.21,14.0,156.43,14.0,302.0,10.0,197.02,72.38,67.0,24.0,25.61745264463304,91,43.0,-64.0,0.47,162.0,2.0
2025-04-08 10:05:55,161.86,56.0,256.0,7.0,160.0,7.0,303.29,14.0,208.93,94.14,63.0,21.0,23.26155476317121,84,42.0,-7.0,0.5,162.0,
2025-04-08 10:05:56,163.19,89.0,242.91,11.0,160.0,10.0,346.38,21.0,203.05,79.72,99.0,32.0,8.82900050968452,131,67.0,47.0,0.51,162.0,
2025-04-08 10:05:57,164.69,105.0,191.0,24.0,163.6,30.0,248.8,15.0,177.84,26.31,135.0,39.0,11.783307260697647,174,96.0,43.0,0.55,162.0,
2025-04-08 10:05:58,165.0,80.0,232.0,15.0,164.0,30.0,385.41,17.0,198.5,67.0,110.0,32.0,11.707479233379402,142,78.0,-32.0,0.55,162.0,
2025-04-08 10:05:59,165.0,72.0,252.08,13.0,164.0,27.0,432.24,17.0,208.54,87.08000000000001,99.0,30.0,12.780088810333408,129,69.0,-13.0,0.53,162.0,
2025-04-08 10:06:00,165.0,72.0,250.5,30.0,164.0,30.0,250.33,30.0,207.75,85.5,102.0,60.0,12.56860891268438,162,42.0,33.0,0.26,165.0,4.0
2025-04-08 10:06:01,167.55,106.0,248.02,46.0,164.67,36.0,249.36,14.0,207.78,80.47,142.0,60.0,13.1034774010569,202,82.0,40.0,0.41,165.0,
2025-04-08 10:06:02,168.0,225.0,242.81,32.0,165.0,60.0,242.81,52.0,205.41,74.81,285.0,84.0,4.137164487908011,369,201.0,167.0,0.54,165.0,
2025-04-08 10:06:07,168.0,34.0,174.0,40.0,164.24,51.0,174.2,51.0,171.0,6.0,85.0,91.0,13.78376508795816,176,-6.0,73.0,-0.03,165.0,
2025-04-08 10:06:08,165.61,49.0,169.0,20.0,164.28,54.0,170.0,34.0,167.31,3.3899999999999864,103.0,54.0,3.564830991788506,157,49.0,-19.0,0.31,168.0,2.0
2025-04-08 10:06:09,164.29,35.0,166.35,20.0,163.33,33.0,168.3,20.0,165.32,2.0600000000000023,68.0,40.0,3.576280190367695,108,28.0,-49.0,0.26,164.71,7.0
2025-04-08 10:06:10,162.8,20.0,164.11,27.0,161.91,35.0,166.33,9.0,163.46,1.3100000000000025,55.0,36.0,3.845839310217838,91,19.0,-17.0,0.21,163.0,2.0
2025-04-08 10:06:11,162.0,32.0,163.77,13.0,161.0,24.0,164.45,11.0,162.88,1.7700000000000102,56.0,24.0,3.2925795358680805,80,32.0,-11.0,0.4,163.0,
2025-04-08 10:06:12,163.06,34.0,364.0,24.0,161.75,48.0,407.77,26.0,263.53,200.94,82.0,50.0,44.21316376374814,132,32.0,52.0,0.24,163.67,3.0
2025-04-08 10:06:13,164.0,18.0,248.0,18.0,161.33,60.0,252.56,18.0,206.0,84.0,78.0,36.0,43.83658882714313,114,42.0,-18.0,0.37,162.2,5.0
2025-04-08 10:06:14,161.19,43.0,221.67,18.0,160.85,33.0,253.67,18.0,191.43,60.47999999999999,76.0,36.0,41.31075465299574,112,40.0,-2.0,0.36,162.2,
2025-04-08 10:06:15,161.56,61.0,167.18,33.0,160.98,135.0,174.92,25.0,164.37,5.6200000000000045,196.0,58.0,41.125102674643976,254,138.0,142.0,0.54,161.5,4.0
2025-04-08 10:06:16,165.0,10.0,166.0,10.0,161.0,55.0,167.0,5.0,165.5,1.0,65.0,15.0,40.58458734544444,80,50.0,-168.0,0.62,161.5,
2025-04-08 10:06:17,161.23,105.0,207.38,16.0,160.79,42.0,445.67,21.0,184.3,46.150000000000006,147.0,37.0,17.697244135740874,184,110.0,104.0,0.6,165.33,3.0
2025-04-08 10:06:22,165.71,14.0,417.0,18.0,162.33,27.0,474.0,12.0,291.36,251.29,41.0,30.0,14.9804999916547,71,11.0,-60.0,0.15,166.0,4.0
2025-04-08 10:06:23,165.25,8.0,298.25,24.0,163.0,24.0,698.25,16.0,231.75,133.0,32.0,40.0,39.15549297352768,72,-8.0,1.0,-0.11,166.0,
2025-04-08 10:06:24,166.0,8.0,399.38,24.0,163.0,24.0,635.25,16.0,282.69,233.38,32.0,40.0,35.7261575039911,72,-8.0,0.0,-0.11,166.0,
2025-04-08 10:06:25,167.0,4.0,304.0,12.0,163.0,12.0,481.0,8.0,235.5,137.0,16.0,20.0,37.00240978639077,36,-4.0,-36.0,-0.11,166.0,
2025-04-08 10:06:27,166.79,14.0,316.0,24.0,164.25,24.0,341.0,16.0,241.39,149.21,38.0,40.0,21.007091659722946,78,-2.0,-21.0,-0.03,170.0,1.0
2025-04-08 10:06:28,164.36,22.0,430.4,30.0,161.22,134.0,615.2,30.0,297.38,266.04,156.0,60.0,29.11379793156492,216,96.0,138.0,0.44,164.2,5.0
2025-04-08 10:06:29,163.0,7.0,441.41,17.0,161.0,119.0,679.57,14.0,302.21,278.41,126.0,31.0,34.02223905036221,157,95.0,-59.0,0.61,164.2,
2025-04-08 10:06:30,163.0,6.0,436.86,14.0,161.0,102.0,618.5,16.0,299.93,273.86,108.0,30.0,33.36346025219785,138,78.0,-19.0,0.57,164.2,
2025-04-08 10:06:31,163.0,6.0,314.85,13.0,161.0,102.0,533.06,17.0,238.92,151.85000000000002,108.0,30.0,32.74708429768955,138,78.0,0.0,0.57,164.2,
2025-04-08 10:06:32,163.0,17.0,307.51,37.0,161.0,289.0,514.38,48.0,235.26,144.51,306.0,85.0,34.436352158728795,391,221.0,168.0,0.57,164.2,
2025-04-08 10:06:33,161.14,86.0,207.18,33.0,160.8,127.0,366.81,32.0,184.16,46.04000000000002,213.0,65.0,49.67862347126773,278,148.0,-113.0,0.53,162.0,2.0
2025-04-08 10:06:34,161.0,160.0,203.96,27.0,160.0,50.0,278.79,29.0,182.48,42.96000000000001,210.0,56.0,48.321274817620456,266,154.0,-12.0,0.58,162.0,
2025-04-08 10:06:35,161.0,150.0,188.33,30.0,160.0,55.0,191.82,22.0,174.67,27.330000000000013,205.0,52.0,31.26304079900112,257,153.0,-9.0,0.6,161.0,5.0
2025-04-08 10:06:36,164.04,79.0,187.89,37.0,160.54,71.0,188.79,28.0,175.96,23.849999999999994,150.0,65.0,25.347455099082683,215,85.0,-42.0,0.4,165.0,8.0
2025-04-08 10:06:42,165.19,107.0,171.27,33.0,164.89,106.0,278.83,29.0,168.23,6.0800000000000125,213.0,62.0,2.966307468894332,275,151.0,116.0,0.55,166.0,4.0
2025-04-08 10:06:43,165.0,204.0,169.08,36.0,163.38,16.0,468.08,24.0,167.04,4.0800000000000125,220.0,60.0,2.661719369133206,280,160.0,5.0,0.57,166.0,
2025-04-08 10:06:44,165.0,136.0,169.0,24.0,164.0,24.0,474.0,16.0,167.0,4.0,160.0,40.0,2.2024009625904326,200,120.0,-80.0,0.6,166.0,
2025-04-08 10:06:45,165.33,122.0,168.2,30.0,164.79,86.0,242.7,20.0,166.76,2.869999999999976,208.0,50.0,1.6716010289598346,258,158.0,58.0,0.61,167.0,5.0
2025-04-08 10:06:46,165.0,84.0,175.7,20.0,164.0,21.0,317.2,15.0,170.35,10.699999999999989,105.0,35.0,1.4964725189657118,140,70.0,-118.0,0.5,165.0,11.0
2025-04-08 10:06:47,166.36,66.0,262.78,18.0,164.62,48.0,519.74,38.0,214.57,96.41999999999996,114.0,56.0,20.97428735380577,170,58.0,30.0,0.34,165.0,
2025-04-08 10:06:48,168.0,36.0,261.1,10.0,165.0,36.0,496.53,15.0,214.55,93.10000000000002,72.0,25.0,25.52136810596199,97,47.0,-73.0,0.48,165.0,
2025-04-08 10:06:49,168.0,45.0,257.55,31.0,165.0,66.0,259.23,13.0,212.77,89.55000000000001,111.0,44.0,24.91425495574794,155,67.0,58.0,0.43,168.0,4.0
2025-04-08 10:06:50,168.0,18.0,229.91,11.0,165.0,54.0,255.91,23.0,198.95,61.91,72.0,34.0,18.98843121482152,106,38.0,-49.0,0.36,168.0,
2025-04-08 10:06:53,165.16,31.0,250.59,17.0,164.14,37.0,250.91,11.0,207.87,85.43,68.0,28.0,6.860391388252322,96,40.0,49.0,0.42,168.0,5.0
2025-04-08 10:06:54,165.0,31.0,245.87,15.0,164.0,54.0,247.0,21.0,205.43,80.87,85.0,36.0,5.5945196397910015,121,49.0,25.0,0.4,165.0,2.0
2025-04-08 10:06:55,165.0,27.0,241.89,9.0,164.0,54.0,243.93,15.0,203.44,76.88999999999999,81.0,24.0,4.882240264469463,105,57.0,-16.0,0.54,165.0,
2025-04-08 10:06:56,165.0,21.0,240.57,7.0,164.0,42.0,241.71,7.0,202.79,75.57,63.0,14.0,3.191781634135777,77,49.0,-28.0,0.64,165.0,
2025-04-08 10:06:57,165.0,39.0,236.53,19.0,164.0,78.0,237.53,15.0,200.76,71.53,117.0,34.0,2.705562788036392,151,83.0,74.0,0.55,165.0,
2025-04-08 10:06:58,164.3,60.0,192.54,35.0,163.84,43.0,204.52,25.0,178.42,28.23999999999998,103.0,60.0,11.164625833408373,163,43.0,12.0,0.26,165.0,
2025-04-08 10:06:59,164.2,30.0,189.73,11.0,163.83,24.0,190.47,17.0,176.96,25.53,54.0,28.0,13.541878747057652,82,26.0,-81.0,0.32,165.0,
2025-04-08 10:07:00,165.0,29.0,188.04,28.0,164.0,70.0,189.25,12.0,176.52,23.039999999999992,99.0,40.0,13.443117198031626,139,59.0,57.0,0.42,165.0,
2025-04-08 10:07:01,166.15,26.0,186.04,25.0,164.15,66.0,186.67,33.0,176.1,19.889999999999983,92.0,58.0,10.661712807988016,150,34.0,11.0,0.23,165.0,
2025-04-08 10:07:02,168.0,24.0,182.19,16.0,165.0,24.0,184.12,16.0,175.09,14.189999999999998,48.0,32.0,1.222382918736124,80,16.0,-70.0,0.2,165.0,
2025-04-08 10:07:03,168.0,26.0,180.16,37.0,165.0,26.0,181.13,15.0,174.08,12.159999999999997,52.0,52.0,1.1623252556914598,104,0.0,24.0,0.0,165.0,
2025-04-08 10:07:04,164.25,64.0,178.22,54.0,163.1,84.0,178.71,28.0,171.24,13.97,148.0,82.0,2.1057255281775644,230,66.0,126.0,0.29,165.11,9.0
2025-04-08 10:07:05,166.25,40.0,172.43,37.0,163.32,37.0,173.73,33.0,169.34,6.180000000000007,77.0,70.0,2.805940127661179,147,7.0,-83.0,0.05,165.11,
2025-04-08 10:07:06,167.0,60.0,169.78,41.0,164.0,24.0,171.05,43.0,168.39,2.780000000000001,84.0,84.0,2.909805835450173,168,0.0,21.0,0.0,165.11,
2025-04-08 10:07:07,165.19,21.0,167.7,30.0,163.36,39.0,169.67,36.0,166.45,2.509999999999991,60.0,66.0,2.9053485161027663,126,-6.0,-42.0,-0.05,167.0,5.0
2025-04-08 10:07:08,165.0,12.0,166.0,36.0,164.0,24.0,169.0,36.0,165.5,1.0,36.0,72.0,2.287384969789989,108,-36.0,-18.0,-0.33,167.0,
2025-04-08 10:07:09,163.54,37.0,168.47,51.0,161.84,140.0,222.73,37.0,166.01,4.930000000000007,177.0,88.0,1.646593453169762,265,89.0,157.0,0.34,164.5,2.0
2025-04-08 10:07:10,163.07,138.0,186.07,40.0,161.97,170.0,272.8,25.0,174.57,23.0,308.0,65.0,3.733641653938033,373,243.0,108.0,0.65,164.78,9.0
2025-04-08 10:07:11,164.0,121.0,349.38,24.0,161.0,140.0,462.24,17.0,256.69,185.38,261.0,41.0,39.77955479891668,302,220.0,-71.0,0.73,164.78,
2025-04-08 10:07:12,164.0,69.0,313.78,23.0,161.0,91.0,375.87,23.0,238.89,149.77999999999997,160.0,46.0,43.92576715323262,206,114.0,-96.0,0.55,164.0,2.0
2025-04-08 10:07:13,164.0,117.0,183.39,23.0,161.0,124.0,212.62,29.0,173.7,19.389999999999983,241.0,52.0,42.42770109256463,293,189.0,87.0,0.65,164.0,
2025-04-08 10:07:14,164.0,117.0,173.45,22.0,161.0,78.0,213.73,33.0,168.73,9.449999999999989,195.0,55.0,41.86503529199526,250,140.0,-43.0,0.56,164.0,
2025-04-08 10:07:15,164.0,135.0,172.33,54.0,161.0,90.0,181.65,23.0,168.17,8.330000000000013,225.0,77.0,43.01511804005668,302,148.0,52.0,0.49,164.0,
2025-04-08 10:07:16,164.0,81.0,168.41,34.0,161.0,78.0,169.9,31.0,166.21,4.409999999999997,159.0,65.0,31.287177884878236,224,94.0,-78.0,0.42,164.0,4.0
2025-04-08 10:07:17,162.2,40.0,165.94,32.0,160.46,84.0,167.84,19.0,164.07,3.740000000000009,124.0,51.0,3.58977436617092,175,73.0,-49.0,0.42,163.1,10.0
2025-04-08 10:07:18,162.54,39.0,165.0,24.0,161.5,54.0,169.0,12.0,163.77,2.460000000000008,93.0,36.0,2.276137078477122,129,57.0,-46.0,0.44,163.1,
2025-04-08 10:07:19,163.0,33.0,164.17,12.0,162.0,64.0,165.19,21.0,163.58,1.1699999999999875,97.0,33.0,1.9861520586346524,130,64.0,1.0,0.49,163.1,
2025-04-08 10:07:20,162.35,37.0,386.31,13.0,161.13,31.0,452.73,22.0,274.33,223.96,68.0,35.0,49.17016087018642,103,33.0,-27.0,0.32,163.0,3.0
2025-04-08 10:07:21,163.1,40.0,258.36,11.0,161.0,30.0,439.28,25.0,210.73,95.26000000000002,70.0,36.0,48.62982089212348,106,34.0,3.0,0.32,163.0,
2025-04-08 10:07:22,164.16,43.0,223.09,11.0,160.88,34.0,544.67,43.0,193.63,58.93000000000001,77.0,54.0,45.58615930301661,131,23.0,25.0,0.18,165.0,4.0
2025-04-08 10:07:23,161.0,27.0,221.78,9.0,160.0,36.0,529.73,33.0,191.39,60.78,63.0,42.0,41.3962802676763,105,21.0,-26.0,0.2,165.0,
2025-04-08 10:07:24,161.0,30.0,221.0,10.0,160.0,40.0,242.0,50.0,191.0,60.0,70.0,60.0,35.67084776116213,130,10.0,25.0,0.08,165.0,
2025-04-08 10:07:25,161.0,15.0,201.17,6.0,160.0,20.0,240.37,19.0,181.08,40.16999999999999,35.0,25.0,10.745074685641407,60,10.0,-70.0,0.17,165.0,
2025-04-08 10:07:26,161.53,17.0,165.0,7.0,160.36,25.0,219.0,7.0,163.26,3.469999999999999,42.0,14.0,12.59957419915512,56,28.0,-4.0,0.5,162.17,6.0
2025-04-08 10:07:27,160.0,18.0,191.67,6.0,159.0,18.0,236.6,15.0,175.83,31.669999999999987,36.0,21.0,11.7068813097262,57,15.0,1.0,0.26,162.0,3.0
2025-04-08 10:07:28,166.42,19.0,217.27,11.0,163.9,41.0,436.77,52.0,191.85,50.85000000000002,60.0,63.0,11.81504676249809,123,-3.0,66.0,-0.02,167.0,3.0
2025-04-08 10:07:29,165.0,30.0,214.0,10.0,160.0,30.0,315.06,18.0,189.5,49.0,60.0,28.0,11.499927391075856,88,32.0,-35.0,0.36,167.0,
2025-04-08 10:07:30,165.17,23.0,212.0,13.0,161.54,39.0,213.92,13.0,188.59,46.83000000000001,62.0,26.0,12.101331744895528,88,36.0,0.0,0.41,165.5,2.0
2025-04-08 10:07:31,162.14,14.0,209.17,12.0,159.27,33.0,211.27,11.0,185.65,47.03,47.0,23.0,6.251574201752257,70,24.0,-18.0,0.34,162.5,4.0
2025-04-08 10:07:32,160.89,9.0,207.0,6.0,159.06,16.0,208.0,6.0,183.94,46.110000000000014,25.0,12.0,3.137774689172854,37,13.0,-33.0,0.35,162.5,
2025-04-08 10:07:33,159.67,6.0,205.33,6.0,155.67,18.0,206.67,6.0,182.5,45.660000000000025,24.0,12.0,2.9819339362257216,36,12.0,-1.0,0.33,159.33,3.0
2025-04-08 10:07:34,166.43,28.0,203.0,12.0,153.55,11.0,203.88,8.0,184.71,36.56999999999999,39.0,20.0,2.276943126214407,59,19.0,23.0,0.32,167.0,2.0
2025-04-08 10:07:35,167.0,40.0,200.8,10.0,161.22,18.0,201.91,11.0,183.9,33.80000000000001,58.0,21.0,1.1610555542330592,79,37.0,20.0,0.47,167.0,
2025-04-08 10:07:38,167.18,57.0,187.22,18.0,164.74,46.0,188.72,18.0,177.2,20.039999999999992,103.0,36.0,2.9761501978254423,139,67.0,76.0,0.48,169.0,1.0
2025-04-08 10:07:39,167.0,40.0,183.0,10.0,163.0,20.0,184.0,10.0,175.0,16.0,60.0,20.0,3.807752618017248,80,40.0,-59.0,0.5,169.0,
2025-04-08 10:07:40,167.0,28.0,177.62,16.0,163.0,14.0,179.46,13.0,172.31,10.620000000000005,42.0,29.0,4.362415615231791,71,13.0,-9.0,0.18,169.0,
2025-04-08 10:07:41,167.65,92.0,171.67,12.0,165.0,32.0,175.22,18.0,169.66,4.019999999999982,124.0,30.0,4.45111446718902,154,94.0,83.0,0.61,169.0,
2025-04-08 10:07:42,168.0,128.0,169.33,9.0,167.0,36.0,171.33,9.0,168.67,1.3300000000000125,164.0,18.0,3.573775314708595,182,146.0,28.0,0.8,168.0,2.0
2025-04-08 10:07:43,168.0,66.0,169.0,9.0,167.0,36.0,260.13,15.0,168.5,1.0,102.0,24.0,2.785797910836558,126,78.0,-56.0,0.62,168.0,8.0
2025-04-08 10:07:44,168.0,24.0,169.0,6.0,167.0,24.0,347.0,12.0,168.5,1.0,48.0,18.0,1.6283949152530253,66,30.0,-60.0,0.45,168.0,1.0
2025-04-08 10:07:45,168.0,31.0,328.33,24.0,167.0,36.0,477.35,34.0,248.17,160.32999999999998,67.0,58.0,35.48409291499522,125,9.0,59.0,0.07,168.0,1.0
2025-04-08 10:07:54,166.85,47.0,172.52,33.0,163.88,99.0,172.81,27.0,169.68,5.670000000000016,146.0,60.0,18.50954942725553,206,86.0,26.0,0.42,167.82,11.0
2025-04-08 10:07:55,164.5,24.0,168.82,17.0,163.07,68.0,169.53,19.0,166.66,4.319999999999993,92.0,36.0,7.466051165108683,128,56.0,-78.0,0.44,167.0,2.0
2025-04-08 10:07:56,164.0,22.0,167.47,17.0,163.0,99.0,168.89,27.0,165.74,3.469999999999999,121.0,44.0,3.070068403150485,165,77.0,37.0,0.47,167.0,
2025-04-08 10:07:57,164.0,63.0,165.11,27.0,163.0,99.0,199.53,32.0,164.56,1.1100000000000136,162.0,59.0,3.0491507014288253,221,103.0,56.0,0.47,164.0,3.0
2025-04-08 10:07:58,164.0,36.0,185.27,30.0,163.0,81.0,360.0,36.0,174.63,21.27000000000001,117.0,66.0,4.037125214806142,183,51.0,-38.0,0.28,165.0,3.0
2025-04-08 10:07:59,164.24,42.0,406.18,44.0,163.04,94.0,608.91,44.0,285.21,241.94,136.0,88.0,52.61280690098189,224,48.0,41.0,0.21,169.0,2.0
2025-04-08 10:08:02,164.19,42.0,376.0,32.0,163.29,76.0,473.29,34.0,270.1,211.81,118.0,66.0,62.91842059365408,184,52.0,14.0,0.28,164.33,3.0
2025-04-08 10:08:03,164.15,33.0,213.22,46.0,163.35,85.0,299.6,40.0,188.68,49.06999999999999,118.0,86.0,57.26429428535684,204,32.0,20.0,0.16,164.33,3.0
2025-04-08 10:08:04,164.52,23.0,446.0,20.0,163.3,40.0,675.29,28.0,305.26,281.48,63.0,48.0,58.42889182587626,111,15.0,-93.0,0.14,164.33,
2025-04-08 10:08:05,168.0,11.0,338.71,28.0,164.0,44.0,524.58,38.0,253.36,170.70999999999998,55.0,66.0,51.22772101118652,121,-11.0,10.0,-0.09,164.33,
2025-04-08 10:08:06,165.6,15.0,225.0,18.0,163.5,48.0,226.0,36.0,195.3,59.400000000000006,63.0,54.0,49.857149938599335,117,9.0,-4.0,0.08,166.0,2.0
2025-04-08 10:08:07,164.0,30.0,223.3,20.0,163.0,80.0,224.3,20.0,193.65,59.30000000000001,110.0,40.0,51.00171467705753,150,70.0,33.0,0.47,166.0,
2025-04-08 10:08:08,163.71,17.0,223.0,14.0,162.81,53.0,224.0,14.0,193.35,59.28999999999999,70.0,28.0,50.15451854020717,98,42.0,-52.0,0.43,163.5,6.0
2025-04-08 10:08:09,163.0,70.0,211.14,44.0,161.0,70.0,222.5,28.0,187.07,48.13999999999999,140.0,72.0,27.46715729739792,212,68.0,114.0,0.32,163.5,
2025-04-08 10:08:10,162.44,36.0,203.78,18.0,160.95,37.0,205.85,26.0,183.11,41.34,73.0,44.0,5.18319206667168,117,29.0,-95.0,0.25,163.0,5.0
2025-04-08 10:08:11,162.42,19.0,193.73,30.0,160.96,47.0,197.33,36.0,178.08,31.31,66.0,66.0,6.693931580170988,132,0.0,15.0,0.0,163.0,
2025-04-08 10:08:12,161.33,27.0,185.5,24.0,160.41,17.0,201.0,48.0,173.42,24.169999999999987,44.0,72.0,7.740835226253903,116,-28.0,-16.0,-0.24,161.75,4.0
2025-04-08 10:08:13,162.55,66.0,182.32,38.0,161.0,22.0,190.71,28.0,172.43,19.769999999999985,88.0,66.0,6.265107341460026,154,22.0,38.0,0.14,161.75,
2025-04-08 10:08:15,165.95,19.0,180.4,40.0,162.81,42.0,183.0,20.0,173.17,14.450000000000015,61.0,60.0,2.281922435145267,121,1.0,-5.0,0.01,166.0,4.0
2025-04-08 10:08:16,163.09,45.0,179.75,48.0,160.94,17.0,183.0,24.0,171.42,16.659999999999997,62.0,72.0,1.4663662571199982,134,-10.0,13.0,-0.07,167.0,1.0
2025-04-08 10:08:17,163.53,34.0,179.0,28.0,162.31,16.0,183.0,14.0,171.26,15.47,50.0,42.0,1.6760161097138604,92,8.0,-42.0,0.09,167.0,
2025-04-08 10:08:18,164.0,62.0,179.0,44.0,163.0,51.0,183.0,22.0,171.5,15.0,113.0,66.0,1.7673058592163635,179,47.0,87.0,0.26,164.0,5.0
2025-04-08 10:08:19,164.0,33.0,177.87,45.0,163.0,121.0,207.79,19.0,170.93,13.870000000000005,154.0,64.0,0.874088096258623,218,90.0,39.0,0.41,164.0,
2025-04-08 10:08:20,164.0,20.0,175.6,50.0,163.0,110.0,177.0,40.0,169.8,11.599999999999994,130.0,90.0,0.6959310310809649,220,40.0,2.0,0.18,164.0,2.0
2025-04-08 10:08:21,165.82,100.0,173.44,45.0,163.24,29.0,177.0,36.0,169.63,7.620000000000003,129.0,81.0,0.8562301092706466,210,48.0,-10.0,0.23,164.0,
2025-04-08 10:08:22,167.0,126.0,171.62,37.0,164.0,9.0,172.82,44.0,169.31,4.6200000000000045,135.0,81.0,0.9346282683622672,216,54.0,6.0,0.25,164.0,
2025-04-08 10:08:23,167.43,98.0,170.0,35.0,163.33,15.0,171.0,28.0,168.71,2.569999999999993,113.0,63.0,0.815033741646431,176,50.0,-40.0,0.28,164.0,
2025-04-08 10:08:24,165.89,122.0,170.67,60.0,162.33,60.0,357.0,56.0,168.28,4.780000000000001,182.0,116.0,0.63814575139422,298,66.0,122.0,0.22,170.0,5.0
2025-04-08 10:08:25,165.0,33.0,170.45,22.0,163.0,35.0,344.29,28.0,167.73,5.449999999999989,68.0,50.0,0.7663680578043033,118,18.0,-168.0,0.15,165.0,5.0
2025-04-08 10:08:26,164.58,38.0,167.33,18.0,162.89,37.0,210.57,21.0,165.96,2.75,75.0,39.0,1.2779945226890213,114,36.0,-4.0,0.32,166.0,4.0
2025-04-08 10:08:27,163.0,60.0,167.58,12.0,161.0,12.0,257.08,12.0,165.29,4.5800000000000125,72.0,24.0,1.4927256948359875,96,48.0,-18.0,0.5,166.0,
2025-04-08 10:08:28,165.0,61.0,213.39,18.0,163.07,54.0,489.0,29.0,189.19,48.38999999999999,115.0,47.0,10.08157477778255,162,68.0,66.0,0.42,165.0,1.0
2025-04-08 10:08:41,167.68,76.0,195.77,26.0,167.05,21.0,241.47,30.0,181.73,28.090000000000003,97.0,56.0,7.443528733068294,153,41.0,62.0,0.27,168.78,9.0
2025-04-08 10:08:42,165.0,45.0,197.11,18.0,164.0,9.0,550.07,41.0,181.06,32.110000000000014,54.0,59.0,3.2616299606202803,113,-5.0,-40.0,-0.04,168.78,
2025-04-08 10:08:43,165.0,35.0,194.61,18.0,164.0,7.0,320.48,21.0,179.81,29.610000000000014,42.0,39.0,1.585922444515225,81,3.0,-32.0,0.04,168.78,
2025-04-08 10:08:44,165.0,50.0,191.05,21.0,164.0,10.0,192.48,29.0,178.02,26.05000000000001,60.0,50.0,1.7589855030721235,110,10.0,29.0,0.09,168.78,
2025-04-08 10:08:45,165.0,58.0,189.1,40.0,164.0,14.0,190.4,30.0,177.05,24.099999999999994,72.0,70.0,1.9805125599244648,142,2.0,32.0,0.01,165.0,4.0
2025-04-08 10:08:46,165.0,18.0,185.06,51.0,164.0,18.0,186.24,41.0,175.03,20.06,36.0,92.0,2.3545339241598064,128,-56.0,-14.0,-0.44,165.0,
2025-04-08 10:08:47,165.84,19.0,177.87,45.0,164.27,15.0,179.62,39.0,171.85,12.03,34.0,84.0,3.051347243435348,118,-50.0,-10.0,-0.42,167.0,2.0
2025-04-08 10:08:48,165.84,32.0,173.25,60.0,163.37,35.0,188.68,56.0,169.55,7.409999999999997,67.0,116.0,3.553125384787549,183,-49.0,65.0,-0.27,165.75,4.0
2025-04-08 10:08:49,162.46,26.0,172.07,29.0,161.0,84.0,184.7,27.0,167.27,9.609999999999983,110.0,56.0,3.967644137271244,166,54.0,-17.0,0.33,165.75,
2025-04-08 10:08:50,164.33,27.0,167.43,30.0,161.4,35.0,168.18,28.0,165.88,3.0999999999999943,62.0,58.0,3.650956039179896,120,4.0,-46.0,0.03,165.0,3.0
2025-04-08 10:08:51,163.0,41.0,206.11,37.0,160.99,80.0,268.76,49.0,184.55,43.110000000000014,121.0,86.0,7.469819274923805,207,35.0,87.0,0.17,163.75,8.0
2025-04-08 10:08:52,160.11,47.0,462.1,20.0,149.02,41.0,617.52,27.0,311.1,301.99,88.0,47.0,62.7375441820925,135,41.0,-72.0,0.3,161.0,1.0
2025-04-08 10:08:53,160.0,67.0,294.74,38.0,127.93,14.0,349.47,30.0,227.37,134.74,81.0,68.0,61.10532489071637,149,13.0,14.0,0.09,160.0,2.0
2025-04-08 10:08:54,160.0,55.0,269.42,45.0,158.0,231.0,270.54,37.0,214.71,109.42000000000002,286.0,82.0,56.04592197475206,368,204.0,168.0,0.55,160.0,
2025-04-08 10:08:55,160.0,35.0,252.94,17.0,158.0,147.0,262.0,25.0,206.47,92.94,182.0,42.0,48.55550020337543,224,140.0,-144.0,0.62,160.0,
2025-04-08 10:08:56,160.0,60.0,245.49,51.0,158.0,252.0,256.42,43.0,202.75,85.49000000000001,312.0,94.0,44.95381630073236,406,218.0,168.0,0.54,160.0,
2025-04-08 10:08:57,165.97,67.0,244.17,47.0,142.72,25.0,259.63,43.0,205.07,78.19999999999999,92.0,90.0,10.063720981823796,182,2.0,-168.0,0.01,160.0,2.0
2025-04-08 10:08:58,168.0,110.0,240.14,51.0,160.0,33.0,241.33,48.0,204.07,72.13999999999999,143.0,99.0,4.726317805649881,242,44.0,60.0,0.18,160.0,
2025-04-08 10:08:59,168.0,98.0,237.82,39.0,160.0,33.0,238.42,48.0,202.91,69.82,131.0,87.0,1.5555320633160954,218,44.0,-24.0,0.2,168.0,2.0
2025-04-08 10:09:00,168.0,24.0,235.0,6.0,160.0,9.0,236.0,9.0,201.5,67.0,33.0,15.0,1.3612861565464376,48,18.0,-168.0,0.38,168.0,
2025-04-08 10:09:01,168.0,72.0,233.29,21.0,160.0,34.0,234.89,27.0,200.64,65.28999999999999,106.0,48.0,1.811510419513292,154,58.0,106.0,0.38,168.0,
2025-04-08 10:09:02,168.0,72.0,231.0,33.0,160.0,36.0,232.14,21.0,199.5,63.0,108.0,54.0,1.808433023367427,162,54.0,8.0,0.33,168.0,
2025-04-08 10:09:03,168.0,40.0,229.4,25.0,160.0,20.0,231.0,5.0,198.7,61.400000000000006,60.0,30.0,1.65493202277509,90,30.0,-72.0,0.33,168.0,
2025-04-08 10:09:10,165.02,96.0,169.0,52.0,163.99,125.0,189.26,38.0,167.01,3.9799999999999898,221.0,90.0,2.3655591305275725,311,131.0,165.0,0.42,168.2,10.0
2025-04-08 10:09:11,163.42,86.0,167.25,32.0,161.29,70.0,215.05,22.0,165.33,3.830000000000013,156.0,54.0,2.969919190823738,210,102.0,-101.0,0.49,168.2,
2025-04-08 10:09:12,163.19,42.0,167.0,30.0,161.12,64.0,361.33,9.0,165.1,3.8100000000000014,106.0,39.0,2.85668864247119,145,67.0,-65.0,0.46,163.8,5.0
2025-04-08 10:09:13,164.0,14.0,166.14,21.0,163.0,42.0,381.18,11.0,165.07,2.1399999999999864,56.0,32.0,2.2892859148705216,88,24.0,-57.0,0.27,163.8,
2025-04-08 10:09:14,163.44,36.0,234.86,22.0,162.12,64.0,447.75,24.0,199.15,71.42000000000002,100.0,46.0,15.013288114201414,146,54.0,58.0,0.37,164.6,5.0
2025-04-08 10:09:15,166.67,27.0,295.05,41.0,163.43,46.0,314.43,14.0,230.86,128.38000000000002,73.0,55.0,29.51031124878243,128,18.0,-18.0,0.14,164.6,
2025-04-08 10:09:33,168.0,30.0,357.5,32.0,165.0,74.0,399.71,28.0,262.75,189.5,104.0,60.0,40.08878359341939,164,44.0,41.0,0.27,164.6,
2025-04-08 10:09:34,168.0,30.0,300.2,20.0,165.0,18.0,329.82,34.0,234.1,132.2,48.0,54.0,41.92254679763632,102,-6.0,-62.0,-0.06,168.0,1.0
2025-04-08 10:09:35,168.0,30.0,327.0,16.0,165.0,16.0,448.0,16.0,247.5,159.0,46.0,32.0,40.62407254325939,78,14.0,-24.0,0.18,168.0,1.0
2025-04-08 10:09:36,168.0,33.0,277.87,30.0,165.0,22.0,306.88,32.0,222.93,109.87,55.0,62.0,29.80723016316674,117,-7.0,39.0,-0.06,168.0,
2025-04-08 10:09:37,166.29,14.0,269.0,20.0,164.08,52.0,328.6,40.0,217.64,102.71,66.0,60.0,18.40173714625864,126,6.0,9.0,0.05,167.25,4.0
2025-04-08 10:09:38,164.07,15.0,269.0,10.0,163.43,14.0,367.0,20.0,216.53,104.93,29.0,30.0,13.054859248570947,59,-1.0,-67.0,-0.02,164.25,4.0
2025-04-08 10:09:39,164.0,26.0,267.18,22.0,163.0,22.0,378.29,28.0,215.59,103.18,48.0,50.0,13.419820043502812,98,-2.0,39.0,-0.02,164.0,1.0
2025-04-08 10:09:40,164.0,32.0,256.88,16.0,163.0,16.0,266.62,16.0,210.44,92.88,48.0,32.0,4.47542511947219,80,16.0,-18.0,0.2,164.0,
2025-04-08 10:09:41,167.0,32.0,254.4,20.0,164.0,32.0,255.88,16.0,210.7,87.4,64.0,36.0,3.375655491901322,100,28.0,20.0,0.28,164.0,
2025-04-08 10:09:42,167.0,44.0,245.06,34.0,164.0,44.0,251.38,32.0,206.03,78.06,88.0,66.0,4.274127981238332,154,22.0,54.0,0.14,164.0,
2025-04-08 10:09:43,167.0,36.0,229.36,22.0,164.77,26.0,245.07,28.0,198.18,62.360000000000014,62.0,50.0,6.538124348772029,112,12.0,-42.0,0.11,164.0,
2025-04-08 10:09:44,167.0,44.0,193.3,40.0,166.0,22.0,196.69,26.0,180.15,26.30000000000001,66.0,66.0,12.758618655638534,132,0.0,20.0,0.0,164.0,
2025-04-08 10:09:45,167.0,68.0,195.45,44.0,166.0,34.0,199.62,58.0,181.23,28.44999999999999,102.0,102.0,14.03625555481266,204,0.0,72.0,0.0,164.0,
2025-04-08 10:09:46,167.0,60.0,191.81,42.0,166.0,30.0,193.05,38.0,179.4,24.81,90.0,80.0,12.299884958812044,170,10.0,-34.0,0.06,164.0,
2025-04-08 10:09:47,167.0,30.0,189.0,44.0,166.0,30.0,190.04,46.0,178.0,22.0,60.0,90.0,8.34984251348564,150,-30.0,-20.0,-0.2,167.0,2.0
2025-04-08 10:09:48,167.84,25.0,185.46,26.0,166.78,18.0,186.36,28.0,176.65,17.620000000000005,43.0,54.0,1.798674511970776,97,-11.0,-53.0,-0.11,167.0,
2025-04-08 10:09:53,164.5,24.0,176.5,14.0,163.62,26.0,177.3,23.0,170.5,12.0,50.0,37.0,2.047014899802829,87,13.0,-19.0,0.15,168.0,3.0
2025-04-08 10:09:54,164.07,41.0,174.91,22.0,163.17,24.0,175.83,12.0,169.49,10.840000000000003,65.0,34.0,2.2299484299003693,99,31.0,12.0,0.31,167.0,1.0
2025-04-08 10:09:55,164.0,97.0,173.0,39.0,162.03,62.0,173.97,35.0,168.5,9.0,159.0,74.0,2.574224154966966,233,85.0,134.0,0.36,167.0,
2025-04-08 10:09:56,164.0,30.0,169.05,19.0,162.0,40.0,169.84,25.0,166.53,5.050000000000011,70.0,44.0,3.016691896766335,114,26.0,-119.0,0.23,164.0,4.0
2025-04-08 10:09:57,163.44,43.0,165.37,27.0,161.88,50.0,166.73,15.0,164.41,1.9300000000000068,93.0,42.0,2.4343438541044478,135,51.0,21.0,0.38,164.8,5.0
2025-04-08 10:09:58,161.82,39.0,164.47,30.0,160.12,135.0,167.0,15.0,163.14,2.6500000000000057,174.0,45.0,2.672158303696922,219,129.0,84.0,0.59,161.8,5.0
2025-04-08 10:09:59,160.03,134.0,162.86,21.0,156.98,86.0,464.39,23.0,161.44,2.8300000000000125,220.0,44.0,2.7784941965058545,264,176.0,45.0,0.67,161.0,1.0
2025-04-08 10:10:00,160.0,89.0,290.45,31.0,152.15,26.0,496.37,35.0,225.23,130.45,115.0,66.0,27.4993754474536,181,49.0,-83.0,0.27,161.0,2.0
2025-04-08 10:10:01,165.0,56.0,395.16,57.0,160.94,86.0,633.05,55.0,280.08,230.16000000000005,142.0,112.0,52.80871755685805,254,30.0,73.0,0.12,161.0,
2025-04-08 10:10:02,165.3,40.0,388.68,41.0,161.36,89.0,570.18,55.0,276.99,223.38,129.0,96.0,58.17578044169241,225,33.0,-29.0,0.15,161.0,
2025-04-08 10:10:03,167.62,16.0,392.18,33.0,163.95,40.0,481.31,39.0,279.9,224.56,56.0,72.0,52.069024093024765,128,-16.0,-97.0,-0.12,166.2,5.0
2025-04-08 10:10:04,165.0,23.0,307.69,62.0,163.0,39.0,437.15,54.0,236.35,142.69,62.0,116.0,26.719521889434866,178,-54.0,50.0,-0.3,166.2,
2025-04-08 10:10:05,165.0,36.0,397.8,30.0,163.0,36.0,575.3,33.0,281.4,232.8,72.0,63.0,19.40556183159828,135,9.0,-43.0,0.07,166.2,
2025-04-08 10:10:06,164.45,33.0,214.0,33.0,161.87,55.0,445.65,46.0,189.23,49.55000000000001,88.0,79.0,40.15367392904407,167,9.0,32.0,0.05,165.0,3.0
2025-04-08 10:10:07,163.0,36.0,209.21,39.0,161.0,156.0,295.77,52.0,186.1,46.21000000000001,192.0,91.0,46.51902653753626,283,101.0,116.0,0.36,165.0,
2025-04-08 10:10:08,163.0,30.0,203.47,43.0,161.0,97.0,215.23,47.0,183.23,40.47,127.0,90.0,42.93330606883208,217,37.0,-66.0,0.17,165.0,
2025-04-08 10:10:09,163.0,18.0,211.17,24.0,161.0,66.0,216.0,30.0,187.08,48.16999999999999,84.0,54.0,42.53554360767026,138,30.0,-79.0,0.22,165.0,
2025-04-08 10:10:10,161.08,78.0,210.0,44.0,160.12,91.0,216.0,55.0,185.54,48.91999999999999,169.0,99.0,2.191764129651855,268,70.0,130.0,0.26,161.75,8.0
2025-04-08 10:10:11,161.0,37.0,195.67,30.0,160.0,21.0,214.55,33.0,178.33,34.66999999999999,58.0,63.0,3.4997899937038444,121,-5.0,-147.0,-0.04,161.0,5.0
2025-04-08 10:10:14,128.0,9.0,207.0,28.0,16.02,44.0,304.56,27.0,167.5,79.0,53.0,55.0,21.64933601753272,108,-2.0,-72.0,-0.02,161.0,
2025-04-08 10:10:17,138.92,12.0,233.68,28.0,130.21,14.0,419.3,30.0,186.3,94.76000000000002,26.0,58.0,22.539685445898403,84,-32.0,24.0,-0.38,156.0,2.0
2025-04-08 10:10:18,141.29,17.0,156.0,46.0,140.19,16.0,301.0,33.0,148.65,14.710000000000008,33.0,79.0,19.02501038107581,112,-46.0,28.0,-0.41,156.0,1.0
2025-04-08 10:10:19,145.29,14.0,155.82,22.0,144.12,16.0,190.19,43.0,150.55,10.53,30.0,65.0,18.31181503838557,95,-35.0,-17.0,-0.37,156.0,2.0
2025-04-08 10:10:20,146.0,14.0,155.29,7.0,145.0,7.0,292.48,21.0,150.64,9.289999999999992,21.0,28.0,17.139297826925212,49,-7.0,-46.0,-0.14,155.0,5.0
2025-04-08 10:10:21,146.8,10.0,156.0,9.0,145.94,17.0,362.33,43.0,151.4,9.199999999999989,27.0,52.0,16.127106684090684,79,-25.0,30.0,-0.32,155.0,
2025-04-08 10:10:22,148.15,13.0,156.0,7.0,147.25,8.0,256.36,33.0,152.08,7.849999999999994,21.0,40.0,1.2861298534929626,61,-19.0,-18.0,-0.31,155.0,
2025-04-08 10:10:23,149.56,18.0,156.0,12.0,148.17,18.0,336.43,58.0,152.78,6.439999999999998,36.0,70.0,0.9521554495172472,106,-34.0,45.0,-0.32,155.0,
2025-04-08 10:10:24,154.0,10.0,276.0,10.0,152.0,8.0,397.61,28.0,215.0,122.0,18.0,38.0,28.308578205202025,56,-20.0,-50.0,-0.36,156.0,1.0
2025-04-08 10:10:25,157.05,19.0,286.96,23.0,156.08,12.0,368.03,37.0,222.0,129.90999999999997,31.0,60.0,36.46343812643058,91,-29.0,35.0,-0.32,160.0,1.0
2025-04-08 10:10:26,161.71,17.0,274.7,10.0,160.58,24.0,276.0,30.0,218.2,112.98999999999998,41.0,40.0,36.218966302201736,81,1.0,-10.0,0.01,160.0,
2025-04-08 10:10:30,166.85,33.0,266.6,30.0,165.89,27.0,269.27,33.0,216.72,99.75000000000004,60.0,63.0,2.174699979310494,123,-3.0,-59.0,-0.02,168.62,8.0
2025-04-08 10:10:31,165.0,18.0,256.5,10.0,163.0,10.0,266.29,7.0,210.75,91.5,28.0,17.0,3.9542534061455568,45,11.0,-78.0,0.24,168.62,
2025-04-08 10:10:32,165.0,63.0,246.71,35.0,163.0,35.0,260.57,35.0,205.86,81.71000000000001,98.0,70.0,5.314094466606247,168,28.0,123.0,0.17,168.62,
2025-04-08 10:10:33,165.0,90.0,245.59,44.0,163.0,50.0,246.6,50.0,205.3,80.59,140.0,94.0,6.2776269401754,234,46.0,66.0,0.2,168.62,
2025-04-08 10:10:34,167.47,51.0,243.55,22.0,164.87,60.0,244.88,34.0,205.51,76.08000000000001,111.0,56.0,4.95587227438491,167,55.0,-67.0,0.33,168.62,
2025-04-08 10:10:35,168.0,71.0,241.44,36.0,167.0,12.0,242.92,48.0,204.72,73.44,83.0,84.0,2.4512588602630188,167,-1.0,0.0,-0.01,168.0,1.0
2025-04-08 10:10:36,168.0,38.0,239.22,23.0,167.0,10.0,240.04,47.0,203.61,71.22,48.0,70.0,0.880369240727112,118,-22.0,-49.0,-0.19,168.0,3.0
2025-04-08 10:10:37,168.0,26.0,236.0,50.0,167.0,13.0,237.03,35.0,202.0,68.0,39.0,85.0,1.4474702069537313,124,-46.0,6.0,-0.37,168.0,
2025-04-08 10:10:38,168.0,24.0,231.49,51.0,167.0,12.0,232.48,33.0,199.75,63.49000000000001,36.0,84.0,2.2980143602725795,120,-48.0,-4.0,-0.4,168.0,
2025-04-08 10:10:39,168.0,28.0,177.85,40.0,167.0,14.0,180.57,46.0,172.93,9.849999999999994,42.0,86.0,13.36437316150746,128,-44.0,8.0,-0.34,168.0,
2025-04-08 10:10:40,167.2,10.0,173.0,18.0,165.02,81.0,174.0,18.0,170.1,5.800000000000011,91.0,36.0,16.66711642726549,127,55.0,-1.0,0.43,168.0,2.0
2025-04-08 10:10:41,167.0,11.0,172.54,26.0,165.0,110.0,173.64,22.0,169.77,5.539999999999992,121.0,48.0,16.464885362492666,169,73.0,42.0,0.43,168.0,
2025-04-08 10:10:42,165.67,27.0,169.57,30.0,164.98,92.0,170.96,25.0,167.62,3.9000000000000057,119.0,55.0,13.39149842250775,174,64.0,5.0,0.37,166.0,2.0
2025-04-08 10:10:43,164.93,87.0,167.44,32.0,163.23,39.0,169.09,43.0,166.18,2.509999999999991,126.0,75.0,2.5784006670860427,201,51.0,27.0,0.25,166.0,
2025-04-08 10:10:44,163.12,40.0,165.23,35.0,162.16,43.0,166.21,38.0,164.18,2.109999999999985,83.0,73.0,2.483324384777449,156,10.0,-45.0,0.06,163.33,3.0
2025-04-08 10:10:45,162.5,24.0,168.0,23.0,160.68,37.0,303.37,41.0,165.25,5.5,61.0,64.0,2.176269744317243,125,-3.0,-31.0,-0.02,164.0,6.0
2025-04-08 10:10:46,161.24,82.0,175.55,22.0,160.72,76.0,264.43,46.0,168.39,14.310000000000002,158.0,68.0,1.7116454072122258,226,90.0,101.0,0.4,165.0,1.0
2025-04-08 10:10:47,161.18,122.0,166.86,42.0,160.48,58.0,189.79,63.0,164.02,5.680000000000007,180.0,105.0,1.7857575423418854,285,75.0,59.0,0.26,161.0,5.0
2025-04-08 10:10:48,162.9,31.0,172.5,28.0,161.01,71.0,181.62,61.0,167.7,9.599999999999994,102.0,89.0,2.022070720828236,191,13.0,-94.0,0.07,165.0,7.0
2025-04-08 10:10:49,164.0,20.0,255.97,34.0,161.0,50.0,340.37,19.0,209.99,91.97,70.0,53.0,19.6015343787171,123,17.0,-68.0,0.14,165.0,
2025-04-08 10:10:50,161.27,30.0,255.0,40.0,160.15,33.0,358.76,17.0,208.13,93.73,63.0,57.0,23.26839551838557,120,6.0,-3.0,0.05,163.67,3.0
2025-04-08 10:10:51,160.56,27.0,255.0,50.0,148.36,33.0,420.07,28.0,207.78,94.44,60.0,78.0,23.47904874563753,138,-18.0,18.0,-0.13,160.8,5.0
2025-04-08 10:10:52,160.0,21.0,253.43,35.0,128.0,21.0,406.6,15.0,206.71,93.43,42.0,50.0,18.12953584623779,92,-8.0,-46.0,-0.09,161.0,1.0
2025-04-08 10:10:53,161.14,28.0,251.75,60.0,134.12,48.0,396.12,25.0,206.45,90.61,76.0,85.0,1.40670537072211,161,-9.0,69.0,-0.06,161.0,
2025-04-08 10:10:54,160.73,11.0,249.17,46.0,142.45,53.0,252.47,49.0,204.95,88.44,64.0,95.0,1.253227832446574,159,-31.0,-2.0,-0.19,162.67,3.0
2025-04-08 10:10:55,160.77,26.0,238.0,17.0,110.79,28.0,249.29,35.0,199.38,77.22999999999999,54.0,52.0,3.3289382691812195,106,2.0,-53.0,0.02,162.67,
2025-04-08 10:10:56,161.0,86.0,212.86,14.0,160.0,10.0,237.07,29.0,186.93,51.860000000000014,96.0,43.0,8.343127710878004,139,53.0,33.0,0.38,161.0,2.0
2025-04-08 10:10:57,161.0,112.0,208.26,27.0,160.0,14.0,209.88,57.0,184.63,47.25999999999999,126.0,84.0,10.138738580317664,210,42.0,71.0,0.2,161.0,
2025-04-08 10:10:58,161.0,64.0,203.32,31.0,160.0,8.0,204.79,14.0,182.16,42.31999999999999,72.0,45.0,9.978148625873615,117,27.0,-93.0,0.23,161.0,
2025-04-08 10:10:59,161.57,63.0,200.43,49.0,160.86,56.0,202.39,31.0,181.0,38.860000000000014,119.0,80.0,7.38494752858983,199,39.0,82.0,0.2,161.8,5.0
2025-04-08 10:11:03,148.44,25.0,186.69,29.0,150.74,43.0,187.86,28.0,167.56,38.25,68.0,57.0,6.256858636730352,125,11.0,5.0,0.09,162.17,6.0
2025-04-08 10:11:04,162.67,46.0,183.36,25.0,134.81,58.0,183.78,32.0,173.02,20.690000000000023,104.0,57.0,6.413058552674187,161,47.0,36.0,0.29,162.17,
2025-04-08 10:11:09,164.7,20.0,172.83,30.0,164.0,60.0,299.92,24.0,168.77,8.130000000000024,80.0,54.0,1.7884546401931511,134,26.0,22.0,0.19,164.8,5.0
2025-04-08 10:11:10,164.0,35.0,171.95,22.0,163.0,11.0,177.95,22.0,167.98,7.949999999999989,46.0,44.0,1.892894608801182,90,2.0,-44.0,0.02,164.0,3.0
2025-04-08 10:11:11,164.0,13.0,167.44,18.0,163.0,13.0,168.52,21.0,165.72,3.4399999999999977,26.0,39.0,2.303805547356096,65,-13.0,-25.0,-0.2,164.0,
2025-04-08 10:11:12,160.7,33.0,164.15,26.0,155.0,66.0,220.38,32.0,162.43,3.450000000000017,99.0,58.0,3.083233692088363,157,41.0,92.0,0.26,164.0,1.0
2025-04-08 10:11:13,160.19,62.0,161.81,59.0,135.26,46.0,300.25,32.0,161.0,1.6200000000000043,108.0,91.0,3.3931769774105547,199,17.0,42.0,0.09,161.0,3.0
2025-04-08 10:11:14,160.0,42.0,168.44,25.0,110.0,9.0,446.17,12.0,164.22,8.439999999999998,51.0,37.0,2.736220020398409,88,14.0,-111.0,0.16,160.0,3.0
2025-04-08 10:11:15,160.0,14.0,345.12,17.0,110.0,7.0,388.38,13.0,252.56,185.12,21.0,30.0,39.9391797612323,51,-9.0,-37.0,-0.18,160.0,
2025-04-08 10:11:16,160.88,34.0,338.71,28.0,150.53,34.0,348.59,44.0,249.8,177.82999999999998,68.0,72.0,48.567856860273615,140,-4.0,89.0,-0.03,160.0,
2025-04-08 10:11:17,161.0,22.0,337.56,36.0,160.0,18.0,444.79,28.0,249.28,176.56,40.0,64.0,48.19447188215703,104,-24.0,-36.0,-0.23,161.0,3.0
2025-04-08 10:11:18,162.8,10.0,322.56,18.0,160.6,10.0,400.2,20.0,242.68,159.76,20.0,38.0,37.90091186238166,58,-18.0,-46.0,-0.31,161.0,
2025-04-08 10:11:19,162.29,14.0,292.83,24.0,160.43,14.0,375.31,26.0,227.56,130.54,28.0,50.0,10.075975387029356,78,-22.0,20.0,-0.28,164.0,2.0
2025-04-08 10:11:20,122.26,27.0,206.0,32.0,105.73,11.0,207.0,16.0,164.13,83.74,38.0,48.0,36.105992577410525,86,-10.0,8.0,-0.12,160.5,4.0
2025-04-08 10:11:21,164.19,43.0,204.54,52.0,88.41,41.0,249.71,28.0,184.36,40.35,84.0,80.0,37.46948385019502,164,4.0,78.0,0.02,165.0,2.0
2025-04-08 10:11:22,164.66,29.0,204.0,52.0,160.67,48.0,472.0,48.0,184.33,39.34,77.0,100.0,33.000298028957666,177,-23.0,13.0,-0.13,164.2,5.0
2025-04-08 10:11:23,165.0,30.0,204.0,40.0,163.0,10.0,476.49,37.0,184.5,39.0,40.0,77.0,23.286133856869164,117,-37.0,-60.0,-0.32,164.2,
2025-04-08 10:11:24,165.0,18.0,202.33,24.0,163.0,6.0,293.76,17.0,183.67,37.33000000000001,24.0,41.0,8.988023698234752,65,-17.0,-52.0,-0.26,164.2,
2025-04-08 10:11:25,165.0,27.0,202.0,36.0,163.0,9.0,339.77,26.0,183.5,37.0,36.0,62.0,0.4531776693845585,98,-26.0,33.0,-0.27,164.2,
2025-04-08 10:11:26,163.86,21.0,200.53,60.0,161.1,63.0,217.2,60.0,182.2,36.66999999999999,84.0,120.0,0.9096427870482328,204,-36.0,106.0,-0.18,165.0,3.0
2025-04-08 10:11:27,166.36,28.0,197.07,56.0,161.95,20.0,198.43,56.0,181.71,30.70999999999998,48.0,112.0,1.1386088002597397,160,-64.0,-44.0,-0.4,164.71,7.0
2025-04-08 10:11:28,161.0,27.0,176.47,43.0,160.0,63.0,196.22,36.0,168.73,15.47,90.0,79.0,6.334206343341618,169,11.0,9.0,0.07,164.71,
2025-04-08 10:11:29,164.74,31.0,189.05,38.0,159.76,49.0,190.98,41.0,176.9,24.31,80.0,79.0,6.061119533553953,159,1.0,-10.0,0.01,160.6,5.0
2025-04-08 10:11:30,168.0,48.0,184.3,67.0,160.31,36.0,187.32,65.0,176.15,16.30000000000001,84.0,132.0,5.437239189150079,216,-48.0,57.0,-0.22,160.6,
2025-04-08 10:11:31,164.33,82.0,174.85,52.0,147.88,50.0,176.0,65.0,169.59,10.519999999999982,132.0,117.0,5.426792791329857,249,15.0,33.0,0.06,165.0,5.0
2025-04-08 10:11:32,165.11,87.0,173.83,48.0,162.14,63.0,228.45,53.0,169.47,8.719999999999999,150.0,101.0,3.999789994490953,251,49.0,2.0,0.2,165.0,
2025-04-08 10:11:33,165.97,35.0,172.1,31.0,164.2,75.0,173.63,19.0,169.03,6.129999999999996,110.0,50.0,3.937082676301059,160,60.0,-91.0,0.38,166.5,4.0
2025-04-08 10:11:34,164.17,109.0,171.33,60.0,162.31,105.0,173.0,15.0,167.75,7.160000000000025,214.0,75.0,3.297077493785989,289,139.0,129.0,0.48,165.0,7.0
2025-04-08 10:11:35,161.65,40.0,169.47,30.0,138.31,39.0,170.87,15.0,165.56,7.819999999999993,79.0,45.0,1.6862680688521503,124,34.0,-165.0,0.27,162.7,10.0
2025-04-08 10:11:36,160.39,31.0,166.86,21.0,141.5,28.0,237.75,48.0,163.62,6.470000000000027,59.0,69.0,2.461976847988326,128,-10.0,4.0,-0.08,166.67,3.0
2025-04-08 10:11:37,160.0,21.0,165.71,14.0,150.86,21.0,264.0,35.0,162.86,5.710000000000008,42.0,49.0,2.6307090299063387,91,-7.0,-37.0,-0.08,166.67,
2025-04-08 10:11:38,160.0,23.0,164.64,25.0,130.11,27.0,251.09,46.0,162.32,4.639999999999986,50.0,71.0,2.228905561039086,121,-21.0,30.0,-0.17,160.0,2.0
2025-04-08 10:11:39,160.0,13.0,161.88,24.0,130.0,39.0,163.94,17.0,160.94,1.8799999999999957,52.0,41.0,1.7062825088569429,93,11.0,-28.0,0.12,164.0,2.0
2025-04-08 10:11:40,156.86,14.0,161.29,17.0,140.09,22.0,325.14,36.0,159.08,4.429999999999978,36.0,53.0,1.7915021629993295,89,-17.0,-4.0,-0.19,160.67,3.0
2025-04-08 10:11:42,164.0,26.0,412.47,49.0,163.0,60.0,588.38,40.0,288.23,248.47000000000003,86.0,89.0,77.0827959404693,175,-3.0,12.0,-0.02,160.67,
2025-04-08 10:11:43,164.0,12.0,319.17,48.0,163.0,60.0,491.81,47.0,241.58,155.17000000000002,72.0,95.0,71.01372423693908,167,-23.0,-8.0,-0.14,160.67,
2025-04-08 10:11:44,163.1,20.0,331.89,45.0,147.27,49.0,535.6,52.0,247.49,168.79,69.0,97.0,58.668109991715504,166,-28.0,-1.0,-0.17,163.2,5.0
2025-04-08 10:11:45,163.0,12.0,307.0,30.0,160.0,42.0,472.69,26.0,235.0,144.0,54.0,56.0,33.88922911486818,110,-2.0,-56.0,-0.02,163.2,
2025-04-08 10:11:46,166.0,33.0,308.45,55.0,163.0,22.0,506.97,37.0,237.23,142.45,55.0,92.0,21.94742650061801,147,-37.0,37.0,-0.25,163.2,
2025-04-08 10:11:47,166.0,27.0,334.97,39.0,163.0,18.0,432.23,31.0,250.49,168.97000000000003,45.0,70.0,6.5861346782486585,115,-25.0,-32.0,-0.22,163.2,
2025-04-08 10:11:48,166.0,27.0,345.0,9.0,163.0,18.0,348.0,45.0,255.5,179.0,45.0,54.0,8.75874248965167,99,-9.0,-16.0,-0.09,163.2,
2025-04-08 10:11:49,163.45,64.0,342.85,13.0,161.31,58.0,348.0,65.0,253.15,179.40000000000003,122.0,78.0,9.474572813590571,200,44.0,101.0,0.22,163.56,9.0
2025-04-08 10:11:50,163.14,83.0,317.7,20.0,161.01,99.0,327.0,52.0,240.42,154.56,182.0,72.0,8.067854113705181,254,110.0,54.0,0.43,165.12,8.0
2025-04-08 10:11:51,162.0,49.0,280.21,19.0,160.0,49.0,476.47,17.0,221.11,118.20999999999998,98.0,36.0,14.095844423092554,134,62.0,-120.0,0.46,165.12,
2025-04-08 10:11:52,162.06,72.0,243.73,44.0,160.29,96.0,301.0,26.0,202.89,81.66999999999999,168.0,70.0,22.37346709832944,238,98.0,104.0,0.41,165.12,
2025-04-08 10:11:53,164.0,6.0,270.0,6.0,162.0,42.0,401.18,17.0,217.0,106.0,48.0,23.0,19.873764867282446,71,25.0,-167.0,0.35,165.12,
2025-04-08 10:11:54,164.0,6.0,270.0,26.0,162.0,42.0,477.6,20.0,217.0,106.0,48.0,46.0,13.495011300478051,94,2.0,23.0,0.02,165.12,
2025-04-08 10:11:55,164.0,9.0,261.16,31.0,163.0,36.0,442.29,28.0,212.58,97.16000000000004,45.0,59.0,6.962997199484627,104,-14.0,10.0,-0.13,165.12,
2025-04-08 10:11:56,164.0,11.0,242.15,40.0,163.0,53.0,267.91,23.0,203.07,78.15,64.0,63.0,7.105333911930586,127,1.0,23.0,0.01,165.12,
2025-04-08 10:11:57,163.06,34.0,263.9,42.0,160.18,170.0,264.58,48.0,213.48,100.83999999999996,204.0,90.0,5.707721086390844,294,114.0,167.0,0.39,163.25,4.0
2025-04-08 10:11:58,163.0,24.0,253.6,45.0,160.0,120.0,259.24,21.0,208.3,90.6,144.0,66.0,5.356228150483385,210,78.0,-84.0,0.37,163.25,
2025-04-08 10:11:59,163.0,34.0,253.38,34.0,160.0,130.0,255.68,28.0,208.19,90.38,164.0,62.0,4.156949602777334,226,102.0,16.0,0.45,163.25,
2025-04-08 10:12:00,166.6,45.0,245.28,25.0,161.93,84.0,248.23,31.0,205.94,78.68,129.0,56.0,3.824163960924085,185,73.0,-41.0,0.39,163.25,
2025-04-08 10:12:01,163.34,53.0,213.53,17.0,161.12,96.0,214.82,11.0,188.43,50.19,149.0,28.0,9.596065339504024,177,121.0,-8.0,0.68,167.5,4.0
2025-04-08 10:12:02,164.33,63.0,211.83,30.0,163.55,89.0,212.95,42.0,188.08,47.5,152.0,72.0,10.570906772837914,224,80.0,47.0,0.36,167.5,
2025-04-08 10:12:03,165.95,20.0,180.47,58.0,163.95,96.0,195.97,37.0,173.21,14.52000000000001,116.0,95.0,14.445160089110493,211,21.0,-13.0,0.1,167.0,1.0
2025-04-08 10:12:04,164.0,49.0,167.91,22.0,163.0,35.0,169.52,33.0,165.95,3.9099999999999966,84.0,55.0,15.486631977290315,139,29.0,-72.0,0.21,167.0,
2025-04-08 10:12:05,163.85,68.0,165.75,16.0,162.51,73.0,167.91,35.0,164.8,1.9000000000000057,141.0,51.0,11.560857667146983,192,90.0,53.0,0.47,164.0,7.0
2025-04-08 10:12:06,163.0,7.0,165.0,7.0,161.0,63.0,170.0,35.0,164.0,2.0,70.0,42.0,10.116035290568702,112,28.0,-80.0,0.25,163.0,4.0
2025-04-08 10:12:07,161.43,23.0,164.67,18.0,160.88,51.0,168.7,27.0,163.05,3.2399999999999807,74.0,45.0,4.059713044050233,119,29.0,7.0,0.24,163.0,1.0
2025-04-08 10:12:08,161.0,106.0,163.38,16.0,160.0,36.0,273.45,20.0,162.19,2.3799999999999955,142.0,36.0,1.4680837850857709,178,106.0,59.0,0.6,161.5,2.0
2025-04-08 10:12:09,161.28,75.0,260.09,43.0,160.21,38.0,574.47,30.0,210.69,98.80999999999996,113.0,73.0,21.12238220466695,186,40.0,8.0,0.22,165.2,5.0
2025-04-08 10:12:10,161.04,74.0,394.55,44.0,159.24,87.0,680.4,40.0,277.79,233.51,161.0,84.0,50.39141573720698,245,77.0,59.0,0.31,161.3,10.0
2025-04-08 10:12:12,159.0,77.0,160.0,33.0,124.64,11.0,413.82,22.0,159.5,1.0,88.0,55.0,79.0872554208327,143,33.0,12.0,0.23,161.3,
2025-04-08 10:12:13,159.0,30.0,189.46,26.0,124.7,10.0,535.2,20.0,174.23,30.460000000000008,40.0,46.0,76.62642448920627,86,-6.0,-57.0,-0.07,159.43,7.0
2025-04-08 10:12:15,162.22,27.0,362.73,52.0,148.25,57.0,430.6,55.0,262.48,200.51,84.0,107.0,84.36517836169156,191,-23.0,137.0,-0.12,162.0,1.0
2025-04-08 10:12:16,163.5,24.0,363.47,57.0,162.0,12.0,419.26,54.0,263.49,199.97000000000003,36.0,111.0,69.27636775986477,147,-75.0,-44.0,-0.51,162.0,
2025-04-08 10:12:17,152.81,27.0,195.83,42.0,139.68,28.0,320.89,36.0,174.32,43.02000000000001,55.0,78.0,65.32998584111304,133,-23.0,-14.0,-0.17,163.33,3.0
2025-04-08 10:12:18,137.0,8.0,153.54,35.0,130.67,12.0,154.25,24.0,145.27,16.539999999999992,20.0,59.0,73.41152068987557,79,-39.0,-54.0,-0.49,163.33,
2025-04-08 10:12:19,137.33,9.0,152.0,102.0,134.0,9.0,153.5,12.0,144.67,14.669999999999987,18.0,114.0,60.48116260456664,132,-96.0,53.0,-0.73,163.33,
2025-04-08 10:12:20,138.0,21.0,151.0,48.0,116.27,11.0,152.0,77.0,144.5,13.0,32.0,125.0,51.38935152344334,157,-93.0,25.0,-0.59,151.0,1.0
2025-04-08 10:12:21,138.38,8.0,151.0,32.0,119.31,36.0,152.0,56.0,144.69,12.620000000000005,44.0,88.0,13.21277601414735,132,-44.0,-25.0,-0.33,151.0,
2025-04-08 10:12:22,147.45,31.0,151.0,34.0,129.64,11.0,152.0,77.0,149.23,3.550000000000012,42.0,111.0,2.010154222945984,153,-69.0,21.0,-0.45,151.0,2.0
2025-04-08 10:12:23,145.32,28.0,151.0,13.0,130.15,20.0,152.0,84.0,148.16,5.680000000000007,48.0,97.0,2.2650055187631666,145,-49.0,-8.0,-0.34,151.0,1.0
2025-04-08 10:12:27,146.79,19.0,151.88,67.0,132.68,38.0,153.08,13.0,149.34,5.090000000000003,57.0,80.0,1.1905460931974252,137,-23.0,71.0,-0.17,150.5,2.0
2025-04-08 10:12:28,150.0,22.0,152.0,77.0,148.0,11.0,154.0,11.0,151.0,2.0,33.0,88.0,1.9450244214476096,121,-55.0,-16.0,-0.45,150.5,
2025-04-08 10:12:29,150.0,12.0,151.71,24.0,148.0,8.0,153.2,10.0,150.85,1.710000000000008,20.0,34.0,2.134298479601098,54,-14.0,-67.0,-0.26,151.57,7.0
2025-04-08 10:12:30,142.42,19.0,151.3,27.0,135.31,35.0,153.33,21.0,146.86,8.880000000000024,54.0,48.0,1.9218272555116716,102,6.0,48.0,0.06,150.5,2.0
2025-04-08 10:12:31,128.56,27.0,151.75,12.0,117.49,41.0,154.22,9.0,140.15,23.19,68.0,21.0,4.5053357255622535,89,47.0,-13.0,0.53,150.5,
2025-04-08 10:12:32,121.0,55.0,153.27,11.0,105.33,54.0,153.88,16.0,137.14,32.27000000000001,109.0,27.0,6.300480140435945,136,82.0,47.0,0.6,152.86,7.0
2025-04-08 10:12:33,121.63,57.0,156.45,11.0,96.17,58.0,157.62,16.0,139.04,34.81999999999999,115.0,27.0,5.798307511681998,142,88.0,6.0,0.62,156.0,1.0
2025-04-08 10:12:34,123.2,41.0,155.45,29.0,92.74,31.0,157.62,13.0,139.32,32.249999999999986,72.0,42.0,3.721077800856629,114,30.0,-28.0,0.26,156.0,
2025-04-08 10:12:35,121.0,40.0,154.92,36.0,42.0,24.0,157.0,8.0,137.96,33.91999999999999,64.0,44.0,1.1812366401479493,108,20.0,-6.0,0.19,155.0,2.0
2025-04-08 10:12:36,121.0,50.0,152.8,30.0,80.33,54.0,156.14,28.0,136.9,31.80000000000001,104.0,58.0,1.0896421431038807,162,46.0,54.0,0.28,155.0,
2025-04-08 10:12:40,130.07,27.0,157.0,18.0,119.25,20.0,158.0,18.0,143.54,26.930000000000007,47.0,36.0,19.043707097097126,83,11.0,-36.0,0.13,155.0,
2025-04-08 10:12:41,151.13,63.0,157.0,26.0,149.57,35.0,158.0,26.0,154.06,5.8700000000000045,98.0,52.0,23.48568116959837,150,46.0,67.0,0.31,155.0,
2025-04-08 10:12:42,155.67,15.0,157.6,20.0,153.5,24.0,160.8,20.0,156.63,1.9300000000000068,39.0,40.0,27.23539847331094,79,-1.0,-71.0,-0.01,157.5,4.0
2025-04-08 10:12:43,158.0,65.0,170.43,46.0,156.0,26.0,309.18,34.0,164.22,12.430000000000009,91.0,80.0,23.517472228112204,171,11.0,92.0,0.06,160.0,4.0
2025-04-08 10:12:44,162.0,65.0,251.83,24.0,159.75,79.0,403.21,33.0,206.92,89.83000000000001,144.0,57.0,24.53639908381078,201,87.0,30.0,0.43,160.0,
2025-04-08 10:12:45,164.9,50.0,376.38,24.0,160.41,73.0,395.07,28.0,270.64,211.48,123.0,52.0,49.64303757829523,175,71.0,-26.0,0.41,160.0,
2025-04-08 10:12:46,166.85,52.0,374.18,33.0,164.6,75.0,379.9,41.0,270.51,207.33,127.0,74.0,55.27370107021994,201,53.0,26.0,0.26,168.0,2.0
2025-04-08 10:12:48,166.0,90.0,326.25,36.0,163.0,50.0,461.38,34.0,246.12,160.25,140.0,70.0,27.08362383434012,210,70.0,-44.0,0.33,168.0,
2025-04-08 10:12:49,166.0,54.0,199.6,30.0,163.0,62.0,303.2,30.0,182.8,33.599999999999994,116.0,60.0,36.21411327093397,176,56.0,-34.0,0.32,166.0,4.0
2025-04-08 10:12:50,166.0,30.0,197.5,18.0,163.0,69.0,200.0,18.0,181.75,31.5,99.0,36.0,39.32427074975497,135,63.0,-41.0,0.47,166.0,
2025-04-08 10:12:51,164.85,73.0,190.14,37.0,162.79,139.0,192.65,37.0,177.49,25.289999999999992,212.0,74.0,32.37709329140024,286,138.0,151.0,0.48,166.0,5.0
2025-04-08 10:12:52,163.27,66.0,182.84,32.0,162.2,100.0,186.3,30.0,173.06,19.569999999999997,166.0,62.0,30.36298289035572,228,104.0,-58.0,0.46,163.0,4.0
2025-04-08 10:12:53,164.6,30.0,170.75,32.0,163.0,95.0,172.92,36.0,167.68,6.150000000000006,125.0,68.0,6.2817776146592434,193,57.0,-35.0,0.3,163.0,
2025-04-08 10:12:54,166.82,34.0,169.9,30.0,164.0,18.0,173.0,50.0,168.36,3.0800000000000125,52.0,80.0,6.006810301652113,132,-28.0,-61.0,-0.21,163.0,
2025-04-08 10:12:55,167.71,85.0,169.0,60.0,165.5,120.0,181.3,100.0,168.35,1.289999999999992,205.0,160.0,4.224259698460073,365,45.0,168.0,0.12,163.0,
2025-04-08 10:12:56,168.0,60.0,195.81,69.0,167.0,39.0,209.39,71.0,181.91,27.81,99.0,140.0,6.010080698296312,239,-41.0,-126.0,-0.17,169.0,3.0
2025-04-08 10:12:57,168.0,36.0,213.0,45.0,167.0,18.0,237.0,27.0,190.5,45.0,54.0,72.0,10.35910951771598,126,-18.0,-113.0,-0.14,169.0,
2025-04-08 10:12:58,168.0,48.0,211.75,60.0,167.0,24.0,237.0,36.0,189.88,43.75,72.0,96.0,10.983221294321332,168,-24.0,42.0,-0.14,169.0,
2025-04-08 10:12:59,167.62,13.0,199.41,27.0,165.33,9.0,209.21,29.0,183.51,31.789999999999992,22.0,56.0,8.937429720005273,78,-34.0,-90.0,-0.44,167.8,5.0
2025-04-08 10:13:00,167.0,8.0,179.22,32.0,164.0,8.0,195.5,40.0,173.11,12.22,16.0,72.0,7.067302880168175,88,-56.0,10.0,-0.64,167.8,
2025-04-08 10:13:01,165.46,13.0,179.78,45.0,162.89,18.0,278.67,45.0,172.62,14.319999999999991,31.0,90.0,8.712234500978115,121,-59.0,33.0,-0.49,164.67,3.0
2025-04-08 10:13:02,163.0,65.0,177.68,59.0,162.0,136.0,265.24,51.0,170.34,14.680000000000009,201.0,110.0,8.410830517852167,311,91.0,168.0,0.29,164.67,
2025-04-08 10:13:03,163.0,45.0,176.68,44.0,162.0,90.0,201.71,31.0,169.84,13.680000000000009,135.0,75.0,5.562609998915373,210,60.0,-101.0,0.29,163.0,1.0
2025-04-08 10:13:04,163.81,81.0,173.86,70.0,162.09,134.0,175.0,65.0,168.84,10.050000000000011,215.0,135.0,1.8378520071086395,350,80.0,140.0,0.23,163.0,
2025-04-08 10:13:05,165.0,143.0,171.33,64.0,163.0,70.0,173.72,53.0,168.16,6.3300000000000125,213.0,117.0,1.7123667831493317,330,96.0,-20.0,0.29,163.0,
2025-04-08 10:13:06,165.0,65.0,167.71,28.0,163.0,49.0,171.0,35.0,166.36,2.710000000000008,114.0,63.0,1.5633041930581122,177,51.0,-153.0,0.29,165.0,3.0
2025-04-08 10:13:07,164.07,60.0,189.71,42.0,162.57,74.0,275.61,41.0,176.89,25.64000000000001,134.0,83.0,4.045889271845328,217,51.0,40.0,0.24,165.0,8.0
2025-04-08 10:13:08,167.0,9.0,247.22,27.0,163.0,63.0,368.35,31.0,207.11,80.22,72.0,58.0,17.054699352378915,130,14.0,-87.0,0.11,165.0,
2025-04-08 10:13:09,163.31,26.0,243.9,30.0,162.2,70.0,308.59,34.0,203.6,80.59,96.0,64.0,19.55735488249968,160,32.0,30.0,0.2,163.8,5.0
2025-04-08 10:13:10,163.0,33.0,240.73,33.0,162.0,77.0,241.73,33.0,201.86,77.72999999999999,110.0,66.0,18.318835388747683,176,44.0,16.0,0.25,163.8,
2025-04-08 10:13:11,163.0,39.0,238.15,39.0,162.0,91.0,239.15,39.0,200.58,75.15,130.0,78.0,12.057568992132488,208,52.0,32.0,0.25,163.8,
2025-04-08 10:13:12,162.86,35.0,233.73,33.0,161.67,84.0,234.82,33.0,198.29,70.86999999999998,119.0,66.0,3.318790442320062,185,53.0,-23.0,0.29,162.6,5.0
2025-04-08 10:13:13,162.0,55.0,229.64,33.0,160.0,154.0,230.73,33.0,195.82,67.63999999999999,209.0,66.0,3.0474579570577944,275,143.0,90.0,0.52,162.6,
2025-04-08 10:13:14,161.46,52.0,174.05,37.0,159.93,150.0,189.15,39.0,167.76,12.590000000000003,202.0,76.0,14.22018705924906,278,126.0,3.0,0.45,162.33,6.0
2025-04-08 10:13:15,160.0,110.0,162.4,45.0,159.0,100.0,163.33,36.0,161.2,2.4000000000000057,210.0,81.0,18.706456104779274,291,129.0,13.0,0.44,160.0,5.0
2025-04-08 10:13:16,160.0,117.0,161.45,31.0,159.0,130.0,194.14,29.0,160.73,1.4499999999999886,247.0,60.0,18.75432616758152,307,187.0,16.0,0.61,161.25,4.0
2025-04-08 10:13:17,160.0,58.0,237.56,32.0,157.13,94.0,345.57,23.0,198.78,77.56,152.0,55.0,18.895703744503223,207,97.0,-100.0,0.47,160.0,2.0
2025-04-08 10:13:18,160.0,40.0,320.12,32.0,158.0,128.0,413.17,35.0,240.06,160.12,168.0,67.0,34.17488229679854,235,101.0,28.0,0.43,160.0,
2025-04-08 10:13:19,162.74,38.0,318.5,20.0,158.35,31.0,320.33,12.0,240.62,155.76,69.0,32.0,39.69717521436552,101,37.0,-134.0,0.37,160.0,
2025-04-08 10:13:20,164.0,127.0,251.75,20.0,160.0,70.0,297.84,19.0,207.88,87.75,197.0,39.0,33.16006151984698,236,158.0,135.0,0.67,164.0,3.0
2025-04-08 10:13:21,164.0,90.0,238.65,23.0,160.0,33.0,239.45,22.0,201.33,74.65,123.0,45.0,20.902547213199547,168,78.0,-68.0,0.46,164.0,
2025-04-08 10:13:22,164.0,102.0,237.0,22.0,160.0,22.0,239.0,33.0,200.5,73.0,124.0,55.0,20.52334573114325,179,69.0,11.0,0.39,164.0,1.0
2025-04-08 10:13:23,164.0,79.0,234.48,23.0,160.0,18.0,235.91,22.0,199.24,70.47999999999999,97.0,45.0,17.487412044097198,142,52.0,-37.0,0.37,164.0,1.0
2025-04-08 10:13:24,165.12,64.0,225.22,27.0,163.46,74.0,233.56,32.0,195.17,60.1,138.0,59.0,4.599590199141154,197,79.0,55.0,0.4,164.0,
2025-04-08 10:13:25,164.93,58.0,228.21,29.0,162.63,153.0,232.44,25.0,196.57,63.28,211.0,54.0,2.61491300047158,265,157.0,68.0,0.59,167.0,3.0
2025-04-08 10:13:26,164.0,63.0,194.53,34.0,162.0,240.0,220.62,26.0,179.26,30.53,303.0,60.0,8.585445241805171,363,243.0,98.0,0.67,164.0,3.0
2025-04-08 10:13:27,164.3,47.0,187.0,33.0,163.18,33.0,254.73,22.0,175.65,22.69999999999999,80.0,55.0,10.876156030511634,135,25.0,-168.0,0.19,164.0,2.0
2025-04-08 10:13:28,166.05,74.0,185.31,32.0,164.23,61.0,277.35,23.0,175.68,19.25999999999999,135.0,55.0,10.524976484535925,190,80.0,55.0,0.42,164.0,
2025-04-08 10:13:35,166.07,27.0,169.27,37.0,164.07,81.0,170.45,33.0,167.67,3.200000000000017,108.0,70.0,2.4648874213710763,178,38.0,70.0,0.21,167.0,2.0
2025-04-08 10:13:36,164.0,26.0,169.0,18.0,163.0,18.0,174.67,12.0,166.5,5.0,44.0,30.0,2.577628755277458,74,14.0,-104.0,0.19,164.67,6.0
2025-04-08 10:13:37,164.0,14.0,168.79,19.0,163.0,21.0,187.12,16.0,166.39,4.789999999999992,35.0,35.0,2.259860615178095,70,0.0,-4.0,0.0,164.67,
2025-04-08 10:13:38,164.0,18.0,167.22,18.0,163.0,27.0,169.0,27.0,165.61,3.219999999999999,45.0,45.0,1.7447779228409055,90,0.0,20.0,0.0,164.67,
2025-04-08 10:13:39,164.0,10.0,166.31,13.0,163.0,15.0,168.0,12.0,165.15,2.3100000000000023,25.0,25.0,0.9639917012261734,50,0.0,-40.0,0.0,164.67,
2025-04-08 10:13:40,163.12,33.0,164.69,39.0,162.04,138.0,201.92,26.0,163.91,1.5699999999999932,171.0,65.0,1.0552345710944544,236,106.0,168.0,0.45,163.5,4.0
2025-04-08 10:13:42,162.96,113.0,306.24,42.0,160.23,107.0,341.62,32.0,234.6,143.28,220.0,74.0,73.71103139964897,294,146.0,11.0,0.5,163.5,
2025-04-08 10:13:43,165.0,135.0,257.14,58.0,162.0,165.0,269.09,46.0,211.07,92.14,300.0,104.0,69.16161558263397,404,196.0,110.0,0.49,163.5,
2025-04-08 10:13:44,165.0,81.0,229.44,36.0,162.0,99.0,230.78,36.0,197.22,64.44,180.0,72.0,63.9198124997253,252,108.0,-152.0,0.43,163.5,
2025-04-08 10:13:45,165.0,175.0,227.27,60.0,162.04,135.0,229.0,60.0,196.13,62.27000000000001,310.0,120.0,57.11876793139045,430,190.0,168.0,0.44,165.0,5.0
2025-04-08 10:13:46,165.19,143.0,225.47,60.0,164.75,48.0,227.0,60.0,195.33,60.28,191.0,120.0,16.794601811297465,311,71.0,-119.0,0.23,166.8,5.0
2025-04-08 10:13:47,165.0,110.0,221.82,44.0,164.0,11.0,223.45,44.0,193.41,56.81999999999999,121.0,88.0,7.091016852330535,209,33.0,-102.0,0.16,166.8,
2025-04-08 10:13:48,165.16,111.0,221.5,64.0,164.42,24.0,379.09,43.0,193.33,56.34,135.0,107.0,1.7026391279526918,242,28.0,33.0,0.12,165.0,5.0
2025-04-08 10:13:49,168.0,24.0,219.0,24.0,165.0,40.0,270.6,30.0,193.5,51.0,64.0,54.0,1.3014222988851265,118,10.0,-124.0,0.08,165.0,
2025-04-08 10:13:50,168.0,33.0,198.18,44.0,165.0,55.0,199.0,38.0,183.09,30.180000000000007,88.0,82.0,4.902164827913825,170,6.0,52.0,0.04,165.0,
2025-04-08 10:13:51,166.57,63.0,184.3,57.0,164.9,61.0,186.64,50.0,175.43,17.730000000000018,124.0,107.0,8.21176716669653,231,17.0,61.0,0.07,168.0,3.0
2025-04-08 10:13:52,165.0,60.0,181.0,13.0,164.0,12.0,183.46,26.0,173.0,16.0,72.0,39.0,9.64400591041062,111,33.0,-120.0,0.3,168.0,
2025-04-08 10:13:53,165.0,43.0,178.05,38.0,164.0,11.0,180.23,13.0,171.53,13.050000000000011,54.0,51.0,9.097299049719917,105,3.0,-6.0,0.03,165.0,3.0
2025-04-08 10:13:54,162.0,90.0,176.93,28.0,161.0,20.0,177.29,28.0,169.46,14.930000000000009,110.0,56.0,5.270803544056141,166,54.0,61.0,0.33,163.6,5.0
2025-04-08 10:13:55,162.0,108.0,165.7,27.0,161.0,28.0,171.42,24.0,163.85,3.6999999999999886,136.0,51.0,4.381818115809294,187,85.0,21.0,0.45,162.0,6.0
2025-04-08 10:13:56,162.0,12.0,254.21,14.0,161.0,24.0,506.74,35.0,208.11,92.21,36.0,49.0,17.630560115890685,85,-13.0,-102.0,-0.15,162.0,2.0
2025-04-08 10:13:59,163.0,16.0,337.71,14.0,162.0,8.0,539.75,8.0,250.36,174.70999999999998,24.0,22.0,79.39185443104375,46,2.0,-32.0,0.04,162.0,
2025-04-08 10:14:00,163.9,20.0,247.0,8.0,162.67,12.0,322.2,20.0,205.45,83.1,32.0,28.0,68.23273811008939,60,4.0,14.0,0.07,162.0,
2025-04-08 10:14:01,165.93,42.0,203.42,26.0,164.45,51.0,327.86,14.0,184.68,37.48999999999998,93.0,40.0,73.94070617731509,133,53.0,73.0,0.4,162.0,
2025-04-08 10:14:02,165.0,75.0,260.76,21.0,163.0,32.0,390.33,21.0,212.88,95.76,107.0,42.0,51.5932502368288,149,65.0,16.0,0.44,166.2,5.0
2025-04-08 10:14:03,166.84,61.0,282.67,9.0,164.86,43.0,434.63,19.0,224.75,115.83,104.0,28.0,24.281909521288306,132,76.0,-17.0,0.58,166.2,
2025-04-08 10:14:04,167.0,53.0,330.18,11.0,165.0,55.0,362.35,20.0,248.59,163.18,108.0,31.0,23.65367519012704,139,77.0,7.0,0.55,167.0,3.0
2025-04-08 10:14:05,167.25,32.0,328.29,42.0,165.63,51.0,377.18,28.0,247.77,161.04000000000002,83.0,70.0,26.64397924485067,153,13.0,14.0,0.08,167.0,
2025-04-08 10:14:06,167.5,8.0,211.05,22.0,165.42,38.0,334.0,14.0,189.27,43.55000000000001,46.0,36.0,24.989724288195603,82,10.0,-71.0,0.12,167.5,4.0
2025-04-08 10:14:07,167.0,9.0,328.76,29.0,165.0,45.0,410.35,17.0,247.88,161.76,54.0,46.0,25.75803408647552,100,8.0,18.0,0.08,167.5,
2025-04-08 10:14:08,165.36,22.0,342.05,19.0,163.93,43.0,367.95,37.0,253.71,176.69,65.0,56.0,27.04203542635125,121,9.0,21.0,0.07,165.67,3.0
2025-04-08 10:14:09,163.19,26.0,276.25,28.0,161.06,64.0,341.86,28.0,219.72,113.06,90.0,56.0,27.14911692854917,146,34.0,25.0,0.23,162.86,7.0
2025-04-08 10:14:10,163.81,26.0,265.89,38.0,160.22,100.0,339.0,52.0,214.85,102.07999999999998,126.0,90.0,26.245263001159525,216,36.0,70.0,0.17,165.0,4.0
2025-04-08 10:14:11,167.54,28.0,286.5,32.0,160.63,90.0,360.0,50.0,227.02,118.96,118.0,82.0,17.256863272334147,200,36.0,-16.0,0.18,165.33,3.0
2025-04-08 10:14:18,167.09,150.0,169.64,28.0,166.02,179.0,187.8,44.0,168.37,2.549999999999983,329.0,72.0,29.478035551916147,401,257.0,168.0,0.64,169.0,1.0
2025-04-08 10:14:19,167.0,115.0,168.0,26.0,165.0,104.0,170.0,13.0,167.5,1.0,219.0,39.0,32.923069419481976,258,180.0,-143.0,0.7,167.0,5.0
2025-04-08 10:14:20,167.0,40.0,168.0,10.0,165.0,40.0,170.0,5.0,167.5,1.0,80.0,15.0,30.47581122792348,95,65.0,-163.0,0.68,167.0,
2025-04-08 10:14:21,167.0,42.0,169.0,7.0,165.0,56.0,230.0,14.0,168.0,2.0,98.0,21.0,19.451656741779708,119,77.0,24.0,0.65,167.0,2.0
2025-04-08 10:14:22,167.0,44.0,305.8,10.0,165.0,64.0,417.44,18.0,236.4,138.8,108.0,28.0,30.66203809272999,136,80.0,17.0,0.59,167.0,1.0
2025-04-08 10:14:23,167.0,45.0,379.43,14.0,165.0,72.0,397.31,13.0,273.21,212.43,117.0,27.0,49.47060157305577,144,90.0,8.0,0.62,167.0,
2025-04-08 10:14:24,167.81,73.0,407.21,14.0,166.08,52.0,479.6,10.0,287.51,239.4,125.0,24.0,56.80075113939983,149,101.0,5.0,0.68,167.67,3.0
2025-04-08 10:14:25,168.0,42.0,383.0,9.0,167.0,24.0,593.0,6.0,275.5,215.0,66.0,15.0,48.70143047180477,81,51.0,-68.0,0.63,167.67,
2025-04-08 10:14:26,168.0,46.0,373.11,19.0,167.0,52.0,512.7,27.0,270.55,205.11,98.0,46.0,19.151285335455626,144,52.0,63.0,0.36,168.0,5.0
2025-04-08 10:14:27,168.0,14.0,412.38,21.0,167.0,28.0,501.0,14.0,290.19,244.38,42.0,35.0,8.86065008901937,77,7.0,-67.0,0.09,168.0,
2025-04-08 10:14:28,168.0,24.0,275.61,41.0,165.82,68.0,301.93,28.0,221.8,107.61,92.0,69.0,27.67701302525324,161,23.0,84.0,0.14,168.0,
2025-04-08 10:14:29,167.77,13.0,261.77,26.0,165.22,36.0,267.86,14.0,214.77,93.99999999999996,49.0,40.0,33.98574068635309,89,9.0,-72.0,0.1,168.0,
2025-04-08 10:14:30,168.0,22.0,188.2,20.0,167.0,11.0,266.16,38.0,178.1,20.19999999999999,33.0,58.0,45.08549622661409,91,-25.0,2.0,-0.27,168.0,
2025-04-08 10:14:31,166.33,18.0,186.78,23.0,165.05,43.0,242.07,15.0,176.56,20.44999999999999,61.0,38.0,46.18124435309242,99,23.0,8.0,0.23,166.6,5.0
2025-04-08 10:14:32,166.12,16.0,185.25,80.0,165.0,96.0,226.11,18.0,175.69,19.129999999999995,112.0,98.0,22.883156032331435,210,14.0,111.0,0.07,166.6,
2025-04-08 10:14:33,167.0,14.0,184.14,70.0,165.0,84.0,235.93,14.0,175.57,17.139999999999986,98.0,84.0,17.153587671388884,182,14.0,-28.0,0.08,166.6,
2025-04-08 10:14:34,167.0,8.0,183.38,40.0,165.0,48.0,196.0,8.0,175.19,16.379999999999995,56.0,48.0,1.1634302729528103,104,8.0,-78.0,0.08,166.6,
2025-04-08 10:14:35,167.0,12.0,181.83,60.0,164.88,68.0,337.33,12.0,174.42,14.830000000000013,80.0,72.0,0.7788003595421183,152,8.0,48.0,0.05,166.6,
2025-04-08 10:14:42,163.62,65.0,170.0,12.0,162.14,44.0,175.0,60.0,166.81,6.379999999999996,109.0,72.0,2.820943104711992,181,37.0,88.0,0.2,164.0,15.0
2025-04-08 10:14:43,163.0,61.0,167.15,39.0,161.0,75.0,171.04,51.0,165.08,4.150000000000006,136.0,90.0,3.431731341469183,226,46.0,45.0,0.2,163.0,4.0
2025-04-08 10:14:44,162.75,24.0,164.62,40.0,160.92,38.0,166.0,8.0,163.69,1.8700000000000043,62.0,48.0,3.477250350495597,110,14.0,-116.0,0.13,162.2,5.0
2025-04-08 10:14:45,160.75,40.0,163.69,49.0,96.0,47.0,164.7,23.0,162.22,2.9399999999999977,87.0,72.0,3.1408390598726426,159,15.0,49.0,0.09,161.0,3.0
2025-04-08 10:14:46,160.0,128.0,162.04,57.0,97.11,47.0,163.48,21.0,161.02,2.039999999999992,175.0,78.0,2.287406828708328,253,97.0,94.0,0.38,160.0,2.0
2025-04-08 10:14:47,160.0,70.0,161.0,10.0,152.0,50.0,162.0,50.0,160.5,1.0,120.0,60.0,1.8934941246334556,180,60.0,-73.0,0.33,160.0,8.0
2025-04-08 10:14:48,145.81,64.0,158.35,23.0,74.48,42.0,265.74,38.0,152.08,12.539999999999992,106.0,61.0,4.541841036410358,167,45.0,-13.0,0.27,160.0,2.0
2025-04-08 10:14:50,152.0,16.0,156.21,24.0,92.39,31.0,158.42,26.0,154.1,4.210000000000008,47.0,50.0,21.024906182906506,97,-3.0,-34.0,-0.03,160.0,
2025-04-08 10:14:51,152.0,36.0,155.0,5.0,113.62,16.0,156.0,15.0,153.5,3.0,52.0,20.0,20.08036155053041,72,32.0,-25.0,0.44,160.0,
2025-04-08 10:14:52,145.05,38.0,155.0,7.0,106.11,19.0,156.0,21.0,150.03,9.949999999999989,57.0,28.0,18.71337409448173,85,29.0,13.0,0.34,160.0,
2025-04-08 10:14:53,137.54,39.0,155.25,12.0,131.84,50.0,156.13,31.0,146.39,17.710000000000008,89.0,43.0,18.27370652057265,132,46.0,47.0,0.35,160.0,
2025-04-08 10:14:54,140.0,11.0,157.65,17.0,134.26,70.0,199.09,33.0,148.82,17.650000000000006,81.0,50.0,3.23543969191522,131,31.0,-1.0,0.24,156.38,8.0
2025-04-08 10:14:55,147.47,17.0,160.0,8.0,140.93,15.0,314.0,9.0,153.74,12.53,32.0,17.0,3.1397818395583594,49,15.0,-82.0,0.31,160.0,1.0
2025-04-08 10:14:56,143.43,35.0,160.0,10.0,110.44,27.0,223.23,26.0,151.71,16.569999999999993,62.0,36.0,2.794721810846376,98,26.0,49.0,0.27,153.5,6.0
2025-04-08 10:14:58,144.15,87.0,299.59,29.0,131.67,51.0,460.08,39.0,221.87,155.43999999999997,138.0,68.0,79.38069759078732,206,70.0,71.0,0.34,153.5,
2025-04-08 10:14:59,155.46,50.0,212.12,34.0,148.74,58.0,455.82,45.0,183.79,56.66,108.0,79.0,74.96345796453114,187,29.0,-19.0,0.16,150.5,4.0
2025-04-08 10:15:07,166.67,30.0,172.0,50.0,163.86,56.0,174.0,10.0,169.33,5.3300000000000125,86.0,60.0,1.5177120939168045,146,26.0,34.0,0.18,167.25,4.0
2025-04-08 10:15:08,164.0,75.0,170.8,51.0,163.0,110.0,172.13,15.0,167.4,6.800000000000011,185.0,66.0,1.8867882764160655,251,119.0,105.0,0.47,164.0,1.0
2025-04-08 10:15:09,166.75,134.0,169.92,49.0,163.34,106.0,170.31,29.0,168.33,3.1699999999999875,240.0,78.0,1.4431112223321367,318,162.0,67.0,0.51,164.0,
2025-04-08 10:15:10,168.0,74.0,169.0,6.0,164.5,36.0,188.86,28.0,168.5,1.0,110.0,34.0,1.1663061347780324,144,76.0,-168.0,0.53,168.0,7.0
2025-04-08 10:15:11,168.0,46.0,216.87,31.0,167.0,72.0,293.95,44.0,192.44,48.870000000000005,118.0,75.0,10.777307177584833,193,43.0,49.0,0.22,168.0,1.0
2025-04-08 10:15:12,167.75,24.0,324.03,29.0,166.95,37.0,481.28,29.0,245.89,156.27999999999997,61.0,58.0,33.76823166824144,119,3.0,-74.0,0.03,168.0,3.0
2025-04-08 10:15:13,167.0,51.0,397.08,60.0,165.0,22.0,463.22,46.0,282.04,230.08,73.0,106.0,50.58279895379485,179,-33.0,60.0,-0.18,167.0,3.0
2025-04-08 10:15:14,167.0,33.0,322.84,49.0,165.0,22.0,370.33,45.0,244.92,155.83999999999995,55.0,94.0,45.61718667344614,149,-39.0,-30.0,-0.26,167.0,
2025-04-08 10:15:15,167.54,13.0,285.0,45.0,166.68,25.0,319.33,27.0,226.27,117.46,38.0,72.0,32.64383509944924,110,-34.0,-39.0,-0.31,167.0,
2025-04-08 10:15:16,165.47,19.0,284.73,55.0,164.47,57.0,463.32,47.0,225.1,119.26000000000002,76.0,102.0,23.01880383512652,178,-26.0,68.0,-0.15,167.25,4.0
2025-04-08 10:15:17,164.82,34.0,248.0,60.0,163.28,97.0,381.17,60.0,206.41,83.18,131.0,120.0,28.652248951871723,251,11.0,73.0,0.04,164.4,5.0
2025-04-08 10:15:18,164.0,36.0,218.83,60.0,163.0,120.0,455.33,60.0,191.42,54.83000000000001,156.0,120.0,20.49950560379521,276,36.0,25.0,0.13,164.4,
2025-04-08 10:15:19,164.0,18.0,173.0,30.0,163.0,60.0,219.0,30.0,168.5,9.0,78.0,60.0,24.31264794299519,138,18.0,-138.0,0.13,164.4,
2025-04-08 10:15:20,164.0,30.0,172.0,50.0,163.0,100.0,430.4,50.0,168.0,8.0,130.0,100.0,24.656538280951477,230,30.0,92.0,0.13,164.4,
2025-04-08 10:15:21,164.0,18.0,171.83,30.0,163.0,48.0,505.88,24.0,167.92,7.8300000000000125,66.0,54.0,17.671080895067597,120,12.0,-110.0,0.1,164.4,
2025-04-08 10:15:22,163.22,69.0,170.12,41.0,161.09,113.0,171.44,59.0,166.67,6.900000000000006,182.0,100.0,10.59695333574802,282,82.0,162.0,0.29,163.43,7.0
2025-04-08 10:15:23,168.0,33.0,169.0,55.0,163.24,59.0,170.0,22.0,168.5,1.0,92.0,77.0,0.7486120490748278,169,15.0,-113.0,0.09,163.43,
2025-04-08 10:15:24,166.67,63.0,169.09,68.0,163.97,101.0,171.05,43.0,167.88,2.420000000000016,164.0,111.0,0.6759289903680554,275,53.0,106.0,0.19,168.25,4.0
2025-04-08 10:15:25,164.0,91.0,168.31,26.0,163.0,13.0,171.73,44.0,166.15,4.310000000000002,104.0,70.0,0.9751051225482692,174,34.0,-101.0,0.2,168.25,
2025-04-08 10:15:26,163.94,68.0,166.36,28.0,161.43,46.0,168.07,28.0,165.15,2.420000000000016,114.0,56.0,1.3410630112040691,170,58.0,-4.0,0.34,164.0,7.0
2025-04-08 10:15:27,161.0,117.0,165.41,17.0,160.0,65.0,330.74,38.0,163.21,4.409999999999997,182.0,55.0,2.13043892191716,237,127.0,67.0,0.54,163.0,1.0
2025-04-08 10:15:28,161.0,72.0,163.21,19.0,160.0,60.0,164.9,29.0,162.11,2.210000000000008,132.0,48.0,2.299217258116172,180,84.0,-57.0,0.47,162.0,7.0
2025-04-08 10:15:29,161.0,78.0,163.54,26.0,133.78,83.0,278.8,41.0,162.27,2.539999999999992,161.0,67.0,1.7949707518561535,228,94.0,48.0,0.41,162.0,2.0
2025-04-08 10:15:30,151.8,82.0,165.0,16.0,120.0,19.0,215.12,34.0,158.4,13.199999999999989,101.0,50.0,2.4582351392856534,151,51.0,-77.0,0.34,160.86,7.0
2025-04-08 10:15:31,155.89,72.0,276.98,47.0,139.29,34.0,484.67,49.0,216.43,121.09000000000005,106.0,96.0,24.63515130864881,202,10.0,51.0,0.05,165.75,4.0
2025-04-08 10:15:32,167.0,45.0,281.98,41.0,158.33,18.0,487.33,45.0,224.49,114.98000000000002,63.0,86.0,32.76862828987542,149,-23.0,-53.0,-0.15,165.75,
2025-04-08 10:15:33,167.0,55.0,280.09,11.0,161.0,22.0,565.18,55.0,223.55,113.08999999999996,77.0,66.0,33.66844397948956,143,11.0,-6.0,0.08,167.0,2.0
2025-04-08 10:15:34,167.0,21.0,220.8,15.0,161.0,14.0,305.96,27.0,193.9,53.80000000000001,35.0,42.0,27.999245168397454,77,-7.0,-66.0,-0.09,167.0,
2025-04-08 10:15:35,167.35,46.0,191.0,12.0,162.38,26.0,402.17,60.0,179.17,23.65000000000001,72.0,72.0,20.08454679598297,144,0.0,67.0,0.0,167.0,
2025-04-08 10:15:44,167.92,13.0,177.75,57.0,165.27,89.0,178.44,61.0,172.84,9.830000000000013,102.0,118.0,1.870422412189253,220,-16.0,104.0,-0.07,168.0,5.0
2025-04-08 10:15:45,165.02,109.0,173.25,57.0,163.32,57.0,174.62,53.0,169.13,8.22999999999999,166.0,110.0,2.9497593122184,276,56.0,56.0,0.2,167.0,1.0
2025-04-08 10:15:46,165.0,108.0,170.05,57.0,163.0,48.0,172.12,48.0,167.53,5.050000000000011,156.0,105.0,3.620064916547563,261,51.0,-15.0,0.2,167.0,
2025-04-08 10:15:47,164.83,92.0,190.36,66.0,162.73,60.0,288.62,39.0,177.59,25.53,152.0,105.0,4.092961030845348,257,47.0,-4.0,0.18,165.0,9.0
2025-04-08 10:15:48,163.22,27.0,333.0,18.0,161.67,36.0,549.5,24.0,248.11,169.78,63.0,42.0,34.35802526339405,105,21.0,-152.0,0.2,165.0,
2025-04-08 10:15:49,165.95,44.0,233.07,28.0,163.93,15.0,282.2,20.0,199.51,67.12,59.0,48.0,33.6656305451127,107,11.0,2.0,0.1,165.0,
2025-04-08 10:15:50,166.67,72.0,174.09,33.0,165.0,12.0,174.89,36.0,170.38,7.420000000000016,84.0,69.0,33.4538440242676,153,15.0,46.0,0.1,165.0,
2025-04-08 10:15:51,167.0,84.0,173.0,15.0,163.12,51.0,174.0,60.0,170.0,6.0,135.0,75.0,33.005889928920645,210,60.0,57.0,0.29,167.0,1.0
2025-04-08 10:15:52,167.0,43.0,170.66,29.0,163.35,34.0,173.36,11.0,168.83,3.6599999999999966,77.0,40.0,34.24542202981334,117,37.0,-93.0,0.32,167.0,
2025-04-08 10:15:53,167.07,30.0,187.7,23.0,165.04,55.0,246.24,29.0,177.38,20.629999999999995,85.0,52.0,12.90519081610267,137,33.0,20.0,0.24,167.5,4.0
2025-04-08 10:15:57,164.07,41.0,326.36,59.0,162.88,82.0,351.64,53.0,245.21,162.29000000000002,123.0,112.0,38.561368362650704,235,11.0,142.0,0.05,166.67,3.0
2025-04-08 10:15:58,163.22,23.0,289.44,34.0,162.82,33.0,342.55,22.0,226.33,126.22,56.0,56.0,19.6205958115456,112,0.0,-123.0,0.0,166.67,
2025-04-08 10:15:59,164.0,3.0,290.0,15.0,163.0,18.0,357.0,6.0,227.0,126.0,21.0,21.0,18.407909984570164,42,0.0,-70.0,0.0,166.67,
2025-04-08 10:16:00,164.0,7.0,289.0,35.0,163.0,42.0,357.0,14.0,226.5,125.0,49.0,49.0,9.881546943674104,98,0.0,56.0,0.0,166.67,
2025-04-08 10:16:01,163.17,29.0,276.78,18.0,162.76,34.0,286.87,39.0,219.98,113.61,63.0,57.0,9.506620324806988,120,6.0,22.0,0.05,164.0,1.0
2025-04-08 10:16:02,163.0,67.0,251.5,32.0,161.0,10.0,263.12,32.0,207.25,88.5,77.0,64.0,8.42486023623125,141,13.0,21.0,0.09,164.0,
2025-04-08 10:16:03,163.63,19.0,244.0,20.0,162.95,40.0,245.0,8.0,203.82,80.37,59.0,28.0,10.815091307983902,87,31.0,-54.0,0.36,164.0,
2025-04-08 10:16:04,165.0,14.0,240.52,54.0,163.0,156.0,242.93,30.0,202.76,75.52000000000001,170.0,84.0,10.59202152565917,254,86.0,167.0,0.34,165.0,1.0
2025-04-08 10:16:05,164.09,132.0,235.91,46.0,162.45,33.0,237.32,31.0,200.0,71.82,165.0,77.0,7.83182098876278,242,88.0,-12.0,0.36,164.0,2.0
2025-04-08 10:16:10,166.41,54.0,175.36,47.0,164.73,134.0,176.45,40.0,170.88,8.950000000000017,188.0,87.0,3.132813432046765,275,101.0,98.0,0.37,169.0,4.0
2025-04-08 10:16:11,167.14,69.0,172.15,65.0,164.92,266.0,173.41,37.0,169.65,5.010000000000019,335.0,102.0,2.4840692421935024,437,233.0,162.0,0.53,168.0,4.0
2025-04-08 10:16:12,167.0,24.0,170.07,29.0,165.0,204.0,171.28,39.0,168.53,3.069999999999993,228.0,68.0,2.510583597495049,296,160.0,-141.0,0.54,168.0,
2025-04-08 10:16:13,166.03,35.0,168.43,28.0,164.92,159.0,183.03,33.0,167.23,2.4000000000000057,194.0,61.0,2.208196096367007,255,133.0,-41.0,0.52,167.6,5.0
2025-04-08 10:16:14,165.0,126.0,168.18,22.0,163.0,48.0,219.0,16.0,166.59,3.180000000000007,174.0,38.0,1.7478501079926467,212,136.0,-43.0,0.64,165.0,2.0
2025-04-08 10:16:15,165.0,105.0,167.0,17.0,163.0,42.0,169.0,14.0,166.0,2.0,147.0,31.0,1.481924424526931,178,116.0,-34.0,0.65,167.0,1.0
2025-04-08 10:16:16,165.0,147.0,166.2,20.0,163.0,60.0,169.0,20.0,165.6,1.1999999999999886,207.0,40.0,1.1512384635726491,247,167.0,69.0,0.68,165.0,3.0
2025-04-08 10:16:17,165.0,134.0,167.5,28.0,163.0,84.0,463.65,40.0,166.25,2.5,218.0,68.0,0.6176001943077057,286,150.0,39.0,0.52,165.0,5.0
2025-04-08 10:16:18,165.0,77.0,167.45,22.0,163.0,66.0,485.89,36.0,166.23,2.4499999999999886,143.0,58.0,0.3652807139842404,201,85.0,-85.0,0.42,165.0,
2025-04-08 10:16:19,165.0,49.0,167.0,14.0,162.75,40.0,300.08,26.0,166.0,2.0,89.0,40.0,0.2617823523631401,129,49.0,-72.0,0.38,165.0,
2025-04-08 10:16:20,165.0,40.0,189.54,26.0,162.57,35.0,262.36,22.0,177.27,24.539999999999992,75.0,48.0,5.037950972370604,123,27.0,-6.0,0.22,165.0,4.0
2025-04-08 10:16:21,165.0,27.0,271.41,29.0,163.0,52.0,342.08,26.0,218.21,106.41000000000004,79.0,55.0,22.55457869258512,134,24.0,11.0,0.18,165.0,
2025-04-08 10:16:22,165.0,33.0,213.0,33.0,163.0,66.0,318.0,44.0,189.0,48.0,99.0,77.0,21.66924710274948,176,22.0,42.0,0.12,165.0,
2025-04-08 10:16:23,164.2,15.0,193.9,10.0,162.78,23.0,272.57,14.0,179.05,29.700000000000017,38.0,24.0,19.817639364970237,62,14.0,-114.0,0.23,165.0,3.0
2025-04-08 10:16:24,163.0,60.0,193.36,25.0,162.0,50.0,221.14,35.0,178.18,30.360000000000014,110.0,60.0,17.354589306578784,170,50.0,108.0,0.29,165.0,
2025-04-08 10:16:28,165.38,58.0,170.15,39.0,163.53,77.0,210.34,35.0,167.77,4.77000000000001,135.0,74.0,6.0638205778215335,209,61.0,41.0,0.29,169.0,2.0
2025-04-08 10:16:29,164.03,58.0,169.8,30.0,162.27,52.0,432.25,32.0,166.92,5.77000000000001,110.0,62.0,6.29433872618966,172,48.0,-37.0,0.28,164.29,7.0
2025-04-08 10:16:30,163.62,24.0,168.0,45.0,162.57,70.0,281.94,47.0,165.81,4.379999999999996,94.0,92.0,2.534732727529529,186,2.0,14.0,0.01,163.67,3.0
2025-04-08 10:16:31,162.3,60.0,165.31,39.0,161.56,64.0,195.33,36.0,163.8,3.009999999999991,124.0,75.0,2.453338541662871,199,49.0,13.0,0.25,163.5,6.0
2025-04-08 10:16:32,163.0,12.0,165.0,15.0,161.86,28.0,339.0,10.0,164.0,2.0,40.0,25.0,1.7519560496792967,65,15.0,-134.0,0.23,163.5,
2025-04-08 10:16:33,163.4,30.0,165.0,33.0,161.61,38.0,274.0,38.0,164.2,1.5999999999999943,68.0,71.0,1.3608747187039338,139,-3.0,74.0,-0.02,162.8,5.0
2025-04-08 10:16:34,161.0,16.0,164.81,26.0,160.0,44.0,243.0,25.0,162.9,3.8100000000000014,60.0,51.0,1.056560457336505,111,9.0,-28.0,0.08,162.8,
2025-04-08 10:16:35,161.0,10.0,164.0,25.0,160.0,35.0,165.0,15.0,162.5,3.0,45.0,40.0,0.739594483488607,85,5.0,-26.0,0.06,162.8,
2025-04-08 10:16:36,160.28,29.0,163.06,33.0,159.65,43.0,238.67,18.0,161.67,2.780000000000001,72.0,51.0,1.0552630003968555,123,21.0,38.0,0.17,161.0,2.0
2025-04-08 10:16:37,160.0,33.0,166.68,19.0,159.0,55.0,288.14,21.0,163.34,6.680000000000007,88.0,40.0,0.9426133884082644,128,48.0,5.0,0.38,160.0,6.0
2025-04-08 10:16:38,160.0,5.0,243.44,9.0,159.0,25.0,381.33,12.0,201.72,83.44,30.0,21.0,17.504681659487826,51,9.0,-77.0,0.18,160.0,
2025-04-08 10:16:39,160.0,29.0,311.85,26.0,159.0,55.0,458.18,22.0,235.92,151.85000000000002,84.0,48.0,33.13644066582914,132,36.0,81.0,0.27,160.0,
2025-04-08 10:16:40,161.46,103.0,276.32,19.0,155.03,148.0,407.21,28.0,218.89,114.86,251.0,47.0,33.14750020740659,298,204.0,166.0,0.68,160.0,
2025-04-08 10:16:49,166.96,23.0,176.0,45.0,163.86,14.0,464.44,9.0,171.48,9.039999999999992,37.0,54.0,1.2584514293418032,91,-17.0,23.0,-0.19,160.0,
2025-04-08 10:16:51,166.0,40.0,252.67,18.0,163.62,8.0,367.22,18.0,209.33,86.66999999999999,48.0,36.0,67.6818958806565,84,12.0,-59.0,0.14,160.0,
2025-04-08 10:16:52,166.0,45.0,259.6,30.0,164.0,9.0,272.92,26.0,212.8,93.60000000000002,54.0,56.0,64.42791980189978,110,-2.0,26.0,-0.02,160.0,
2025-04-08 10:16:53,166.0,55.0,190.42,31.0,164.09,11.0,236.04,26.0,178.21,24.419999999999987,66.0,57.0,63.53143371591758,123,9.0,13.0,0.07,160.0,
2025-04-08 10:16:54,165.18,22.0,167.43,60.0,162.86,14.0,168.96,49.0,166.31,2.25,36.0,109.0,64.55564901695303,145,-73.0,22.0,-0.5,165.83,6.0
2025-04-08 10:16:55,162.9,78.0,165.1,39.0,159.92,39.0,165.93,45.0,164.0,2.1999999999999886,117.0,84.0,23.424477582221964,201,33.0,56.0,0.16,162.5,2.0
2025-04-08 10:16:56,163.0,48.0,164.0,16.0,160.0,32.0,167.0,28.0,163.5,1.0,80.0,44.0,20.90827419946508,124,36.0,-77.0,0.29,163.0,7.0
2025-04-08 10:16:57,163.27,11.0,170.38,13.0,159.51,39.0,284.33,15.0,166.83,7.109999999999985,50.0,28.0,6.009463370386249,78,22.0,-46.0,0.28,162.43,7.0
2025-04-08 10:16:58,162.12,17.0,170.27,11.0,159.05,59.0,493.27,22.0,166.2,8.150000000000006,76.0,33.0,1.50647602039108,109,43.0,31.0,0.39,162.43,
2025-04-08 10:16:59,160.22,37.0,169.86,7.0,104.36,33.0,652.0,19.0,165.04,9.640000000000017,70.0,26.0,1.4120481578236872,96,44.0,-13.0,0.46,163.0,4.0
2025-04-08 10:17:00,159.0,46.0,167.43,21.0,110.5,108.0,227.81,43.0,163.21,8.430000000000007,154.0,64.0,1.5996030757701192,218,90.0,122.0,0.41,159.0,5.0
2025-04-08 10:17:01,161.0,17.0,165.11,9.0,106.44,25.0,167.0,45.0,163.06,4.110000000000014,42.0,54.0,1.7081481200449815,96,-12.0,-122.0,-0.12,161.0,4.0
2025-04-08 10:17:02,148.09,66.0,164.1,10.0,127.41,34.0,167.0,50.0,156.1,16.00999999999999,100.0,60.0,3.926604130799627,160,40.0,64.0,0.25,161.0,
2025-04-08 10:17:03,148.8,60.0,163.88,8.0,143.09,23.0,179.49,37.0,156.34,15.079999999999984,83.0,45.0,4.208990377752393,128,38.0,-32.0,0.3,166.2,5.0
2025-04-08 10:17:04,147.94,69.0,166.08,13.0,135.0,18.0,315.42,33.0,157.01,18.14000000000001,87.0,46.0,3.658883709550213,133,41.0,5.0,0.31,166.2,
2025-04-08 10:17:05,149.0,75.0,163.32,19.0,112.21,71.0,300.58,38.0,156.16,14.319999999999991,146.0,57.0,2.9992132301674714,203,89.0,70.0,0.44,166.2,
2025-04-08 10:17:06,150.0,55.0,160.47,17.0,111.0,51.0,161.33,27.0,155.24,10.47,106.0,44.0,0.6333245613515759,150,62.0,-53.0,0.41,166.2,
2025-04-08 10:17:07,153.18,34.0,159.0,9.0,152.06,33.0,173.44,27.0,156.09,5.819999999999993,67.0,36.0,0.6336166033266218,103,31.0,-47.0,0.3,155.0,1.0
2025-04-08 10:17:08,155.68,44.0,158.38,13.0,153.39,41.0,368.88,34.0,157.03,2.6999999999999886,85.0,47.0,0.7456741915952303,132,38.0,29.0,0.29,155.0,
2025-04-08 10:17:09,155.56,27.0,240.74,23.0,151.8,30.0,506.88,40.0,198.15,85.18,57.0,63.0,18.802585726437023,120,-6.0,-12.0,-0.05,156.0,1.0
2025-04-08 10:17:10,161.14,21.0,233.88,32.0,158.89,36.0,338.64,22.0,197.51,72.74000000000001,57.0,54.0,22.855399362076675,111,3.0,-9.0,0.03,156.0,
2025-04-08 10:17:11,162.67,18.0,309.93,15.0,160.4,30.0,329.31,16.0,236.3,147.26000000000002,48.0,31.0,33.5357284101601,79,17.0,-32.0,0.22,156.0,
2025-04-08 10:17:12,164.0,18.0,295.56,9.0,162.0,18.0,351.64,25.0,229.78,131.56,36.0,34.0,31.58369563556524,70,2.0,-9.0,0.03,156.0,
2025-04-08 10:17:13,164.0,14.0,293.14,7.0,162.0,14.0,360.0,21.0,228.57,129.14,28.0,28.0,18.70311925856289,56,0.0,-14.0,0.0,156.0,
2025-04-08 10:17:14,162.0,24.0,292.1,10.0,157.6,20.0,400.26,31.0,227.05,130.10000000000002,44.0,41.0,15.13671926145251,85,3.0,29.0,0.04,162.4,5.0
2025-04-08 10:17:15,161.46,26.0,202.08,25.0,160.0,39.0,325.7,40.0,181.77,40.620000000000005,65.0,65.0,22.04319917797837,130,0.0,45.0,0.0,162.4,
2025-04-08 10:17:16,164.88,32.0,189.0,7.0,160.0,21.0,190.0,21.0,176.94,24.120000000000005,53.0,28.0,26.9710672758796,81,25.0,-49.0,0.31,162.4,
2025-04-08 10:17:17,165.0,99.0,187.9,10.0,160.0,86.0,190.0,30.0,176.45,22.90000000000001,185.0,40.0,27.155315870010064,225,145.0,144.0,0.64,165.0,6.0
2025-04-08 10:17:18,165.0,55.0,185.91,11.0,160.0,110.0,193.0,30.0,175.45,20.91,165.0,41.0,22.22526085336273,206,124.0,-19.0,0.6,165.0,
2025-04-08 10:17:19,165.0,70.0,183.86,14.0,160.0,140.0,376.22,46.0,174.43,18.860000000000014,210.0,60.0,2.8313459696785284,270,150.0,64.0,0.56,165.0,
2025-04-08 10:17:20,165.0,70.0,180.69,26.0,160.0,150.0,527.52,44.0,172.85,15.689999999999998,220.0,70.0,1.640512115168428,290,150.0,20.0,0.52,165.0,
2025-04-08 10:17:21,165.0,9.0,178.0,5.0,160.0,60.0,180.0,25.0,171.5,13.0,69.0,30.0,1.9855679288339971,99,39.0,-168.0,0.39,165.0,4.0
2025-04-08 10:17:22,165.0,13.0,178.0,13.0,160.0,156.0,180.0,65.0,171.5,13.0,169.0,78.0,1.7651713797855213,247,91.0,148.0,0.37,165.0,
2025-04-08 10:17:23,166.22,27.0,176.49,41.0,161.89,160.0,179.7,61.0,171.36,10.27000000000001,187.0,102.0,1.3227887208521751,289,85.0,42.0,0.29,165.0,
2025-04-08 10:17:24,168.0,103.0,174.55,29.0,165.78,27.0,175.86,37.0,171.28,6.550000000000011,130.0,66.0,0.6508609682671065,196,64.0,-93.0,0.33,168.0,5.0
2025-04-08 10:17:25,168.0,53.0,172.09,43.0,166.0,39.0,173.0,21.0,170.05,4.090000000000003,92.0,64.0,0.615483549750509,156,28.0,-40.0,0.18,168.0,3.0
2025-04-08 10:17:26,166.85,78.0,169.43,40.0,165.8,30.0,170.23,64.0,168.14,2.5800000000000125,108.0,104.0,1.4242822753981643,212,4.0,56.0,0.02,168.0,4.0
2025-04-08 10:17:27,165.9,30.0,167.75,60.0,163.5,36.0,200.36,33.0,166.82,1.8499999999999943,66.0,93.0,1.9973732750823492,159,-27.0,-53.0,-0.17,166.0,3.0
2025-04-08 10:17:28,166.2,45.0,242.42,36.0,163.13,97.0,421.0,24.0,204.31,76.22,142.0,60.0,15.85179011973143,202,82.0,43.0,0.41,165.0,1.0
2025-04-08 10:17:29,168.0,84.0,318.36,36.0,167.0,48.0,360.33,43.0,243.18,150.36,132.0,79.0,33.33471538801582,211,53.0,9.0,0.25,168.0,2.0
2025-04-08 10:17:34,166.62,42.0,170.0,64.0,164.59,74.0,219.22,18.0,168.31,3.3799999999999955,116.0,82.0,3.5172617190101225,198,34.0,65.0,0.17,167.0,6.0
2025-04-08 10:17:35,163.1,82.0,167.64,22.0,162.27,60.0,168.43,28.0,165.37,4.539999999999992,142.0,50.0,4.093928431227555,192,92.0,-6.0,0.48,166.33,3.0
2025-04-08 10:17:36,163.37,127.0,165.31,29.0,162.52,116.0,173.07,41.0,164.34,1.9399999999999975,243.0,70.0,4.056965614842282,313,173.0,121.0,0.55,164.0,1.0
2025-04-08 10:17:37,164.0,50.0,262.1,21.0,163.0,100.0,398.13,15.0,213.05,98.10000000000002,150.0,36.0,20.67658264801065,186,114.0,-127.0,0.61,164.0,5.0
2025-04-08 10:17:38,164.0,20.0,385.93,15.0,163.0,72.0,437.08,12.0,274.97,221.93,92.0,27.0,48.028521942695896,119,65.0,-67.0,0.55,164.0,
2025-04-08 10:17:39,164.0,22.0,354.44,18.0,163.0,99.0,532.05,22.0,259.22,190.44,121.0,40.0,51.440314443051626,161,81.0,42.0,0.5,164.0,
2025-04-08 10:17:40,164.0,18.0,187.67,9.0,163.0,81.0,328.15,27.0,175.83,23.669999999999987,99.0,36.0,49.05490464775185,135,63.0,-26.0,0.47,164.0,
2025-04-08 10:17:41,163.09,65.0,210.29,24.0,162.3,90.0,301.68,25.0,186.69,47.19999999999999,155.0,49.0,43.73129680217621,204,106.0,69.0,0.52,163.25,8.0
2025-04-08 10:17:42,162.33,63.0,175.31,26.0,160.85,115.0,312.8,45.0,168.82,12.97999999999999,178.0,71.0,50.00552599463409,249,107.0,45.0,0.43,163.25,
2025-04-08 10:17:43,162.0,105.0,172.87,30.0,160.0,88.0,258.83,60.0,167.43,10.870000000000005,193.0,90.0,38.562879430872655,283,103.0,34.0,0.36,163.25,
2025-04-08 10:17:44,162.79,68.0,169.73,22.0,161.77,71.0,171.27,22.0,166.26,6.939999999999998,139.0,44.0,8.505141386245054,183,95.0,-100.0,0.52,163.25,
2025-04-08 10:17:45,163.0,53.0,164.45,22.0,162.0,77.0,240.65,37.0,163.73,1.4499999999999886,130.0,59.0,9.194249833456674,189,71.0,6.0,0.38,163.0,5.0
2025-04-08 10:17:46,164.74,19.0,300.54,39.0,161.87,60.0,422.18,17.0,232.64,135.8,79.0,56.0,29.61087857528073,135,23.0,-54.0,0.17,163.67,3.0
2025-04-08 10:17:49,168.0,24.0,278.19,26.0,162.75,56.0,317.25,52.0,223.1,110.19,80.0,78.0,82.00286013304682,158,2.0,6.0,0.01,163.67,
2025-04-08 10:17:50,165.71,14.0,202.22,36.0,162.28,65.0,228.4,30.0,183.97,36.50999999999999,79.0,66.0,76.17531588382184,145,13.0,-13.0,0.09,166.0,4.0
2025-04-08 10:17:51,164.0,15.0,199.99,67.0,163.0,75.0,207.32,68.0,181.99,35.99000000000001,90.0,135.0,84.76389119194586,225,-45.0,80.0,-0.2,166.0,
2025-04-08 10:17:52,163.75,12.0,196.24,41.0,162.88,51.0,198.16,49.0,180.0,32.49000000000001,63.0,90.0,67.0293202263012,153,-27.0,-72.0,-0.18,163.33,3.0
2025-04-08 10:17:53,163.0,33.0,193.75,48.0,162.0,66.0,195.1,51.0,178.38,30.75,99.0,99.0,18.90664354135928,198,0.0,45.0,0.0,163.33,
2025-04-08 10:17:54,163.0,39.0,185.5,56.0,162.0,78.0,193.74,61.0,174.25,22.5,117.0,117.0,3.708445766088622,234,0.0,36.0,0.0,163.33,
2025-04-08 10:17:55,162.18,17.0,171.0,45.0,160.32,38.0,190.16,37.0,166.59,8.819999999999993,55.0,82.0,6.100456540294325,137,-27.0,-97.0,-0.2,162.38,8.0
2025-04-08 10:17:56,166.57,23.0,170.71,42.0,160.93,15.0,184.54,39.0,168.64,4.140000000000015,38.0,81.0,5.873003490550575,119,-43.0,-18.0,-0.36,162.38,
2025-04-08 10:17:57,167.0,21.0,169.38,32.0,162.0,7.0,170.48,31.0,168.19,2.3799999999999955,28.0,63.0,4.942676400495863,91,-35.0,-28.0,-0.38,162.38,
2025-04-08 10:17:58,164.94,17.0,167.75,40.0,159.5,24.0,168.8,41.0,166.35,2.8100000000000023,41.0,81.0,3.201043579837409,122,-40.0,31.0,-0.33,165.75,4.0
2025-04-08 10:17:59,160.0,9.0,166.71,42.0,159.0,36.0,167.62,39.0,163.36,6.710000000000008,45.0,81.0,2.0764464837837244,126,-36.0,4.0,-0.29,165.75,
2025-04-08 10:18:00,160.0,38.0,164.97,61.0,159.0,56.0,248.59,58.0,162.48,4.969999999999999,94.0,119.0,2.7864009043957854,213,-25.0,87.0,-0.12,165.75,
2025-04-08 10:18:01,159.0,48.0,182.75,44.0,158.0,12.0,233.05,41.0,170.88,23.75,60.0,85.0,3.455990451378264,145,-25.0,-68.0,-0.17,160.56,9.0
2025-04-08 10:18:02,168.0,102.0,257.0,30.0,159.0,24.0,555.83,18.0,212.5,89.0,126.0,48.0,21.1555070844454,174,78.0,29.0,0.45,160.56,
2025-04-08 10:18:07,168.0,129.0,169.0,16.0,161.6,20.0,171.0,40.0,168.5,1.0,149.0,56.0,21.26338872334377,205,93.0,-88.0,0.45,168.0,1.0
2025-04-08 10:18:08,168.0,166.0,170.35,37.0,160.0,22.0,236.07,43.0,169.18,2.3499999999999943,188.0,80.0,18.738895378330632,268,108.0,63.0,0.4,168.0,2.0
2025-04-08 10:18:09,168.0,166.0,183.57,70.0,163.49,43.0,298.24,58.0,175.79,15.569999999999991,209.0,128.0,8.959669078711544,337,81.0,69.0,0.24,168.0,7.0
2025-04-08 10:18:10,168.0,98.0,191.85,48.0,166.0,70.0,220.0,40.0,179.93,23.849999999999994,168.0,88.0,5.073494850694078,256,80.0,-81.0,0.31,168.0,5.0
2025-04-08 10:18:11,168.0,28.0,189.9,39.0,166.0,70.0,190.76,29.0,178.95,21.90000000000001,98.0,68.0,5.367713665986632,166,30.0,-90.0,0.18,168.0,
2025-04-08 10:18:15,167.78,27.0,184.71,28.0,166.78,46.0,187.0,14.0,176.25,16.930000000000007,73.0,42.0,0.9731649397816752,115,31.0,15.0,0.27,168.0,1.0
2025-04-08 10:18:16,167.92,144.0,179.64,39.0,166.62,53.0,182.14,28.0,173.78,11.72,197.0,67.0,1.5624275983289408,264,130.0,149.0,0.49,168.0,
2025-04-08 10:18:17,168.0,192.0,175.37,30.0,167.0,48.0,175.94,32.0,171.68,7.370000000000003,240.0,62.0,2.476812467672827,302,178.0,38.0,0.59,168.0,
2025-04-08 10:18:18,168.0,168.0,170.67,48.0,167.0,45.0,171.6,35.0,169.33,2.6699999999999875,213.0,83.0,3.220998292458257,296,130.0,-6.0,0.44,168.0,3.0
2025-04-08 10:18:19,167.69,68.0,217.06,66.0,166.41,59.0,280.45,53.0,192.38,49.370000000000005,127.0,119.0,9.13930139562209,246,8.0,-50.0,0.03,168.0,9.0
2025-04-08 10:18:20,167.0,30.0,290.9,20.0,165.79,57.0,293.0,50.0,228.95,123.89999999999998,87.0,70.0,25.05092672936518,157,17.0,-89.0,0.11,168.0,
2025-04-08 10:18:21,166.29,59.0,289.0,24.0,165.64,66.0,433.58,38.0,227.64,122.71,125.0,62.0,29.080610894546663,187,63.0,30.0,0.34,166.6,5.0
2025-04-08 10:18:22,166.0,54.0,286.86,28.0,164.0,28.0,442.33,30.0,226.43,120.86,82.0,58.0,26.921997139886003,140,24.0,-47.0,0.17,166.0,4.0
2025-04-08 10:18:23,166.0,27.0,286.33,18.0,164.0,18.0,392.05,42.0,226.17,120.32999999999998,45.0,60.0,15.6545306540961,105,-15.0,-35.0,-0.14,166.0,
2025-04-08 10:18:24,165.91,47.0,286.0,32.0,163.05,44.0,507.05,74.0,225.96,120.09,91.0,106.0,1.2552888114043377,197,-15.0,92.0,-0.08,166.0,3.0
2025-04-08 10:18:25,164.0,20.0,239.68,25.0,160.0,50.0,324.7,27.0,201.84,75.68,70.0,52.0,11.069804424651553,122,18.0,-75.0,0.15,166.0,
2025-04-08 10:18:26,163.69,26.0,235.0,20.0,162.05,19.0,236.0,30.0,199.35,71.31,45.0,50.0,14.045737787671856,95,-5.0,-27.0,-0.05,163.5,4.0
2025-04-08 10:18:27,163.37,49.0,233.12,16.0,162.66,29.0,236.0,24.0,198.25,69.75,78.0,40.0,14.437521601716512,118,38.0,23.0,0.32,163.5,
2025-04-08 10:18:28,165.0,30.0,232.5,20.0,163.0,134.0,236.0,30.0,198.75,67.5,164.0,50.0,11.892331562819342,214,114.0,96.0,0.53,163.5,
2025-04-08 10:18:29,163.32,76.0,230.0,18.0,162.84,61.0,279.84,25.0,196.66,66.68,137.0,43.0,1.8897222018135869,180,94.0,-34.0,0.52,165.0,3.0
2025-04-08 10:18:30,163.07,57.0,229.45,22.0,162.6,35.0,538.18,49.0,196.26,66.38,92.0,71.0,1.3382936897508202,163,21.0,-17.0,0.13,163.0,1.0
2025-04-08 10:18:31,163.16,55.0,224.77,26.0,162.7,43.0,436.14,37.0,193.97,61.610000000000014,98.0,63.0,1.885648429592998,161,35.0,-2.0,0.22,165.5,2.0
2025-04-08 10:18:32,163.48,62.0,219.0,18.0,161.93,15.0,320.84,25.0,191.24,55.52000000000001,77.0,43.0,2.867809268418337,120,34.0,-41.0,0.28,165.5,
2025-04-08 10:18:33,167.26,47.0,217.36,28.0,162.97,72.0,225.17,36.0,192.31,50.10000000000002,119.0,64.0,2.3779760301621526,183,55.0,63.0,0.3,168.0,6.0
2025-04-08 10:18:34,163.21,24.0,216.0,12.0,162.73,15.0,218.0,24.0,189.6,52.78999999999999,39.0,36.0,2.5581888124267405,75,3.0,-108.0,0.04,168.0,
2025-04-08 10:18:35,166.33,9.0,214.76,21.0,164.89,9.0,218.0,36.0,190.55,48.42999999999998,18.0,57.0,1.6831013041480922,75,-39.0,0.0,-0.52,168.0,
2025-04-08 10:18:36,168.0,7.0,213.33,30.0,165.0,7.0,215.19,27.0,190.67,45.33000000000001,14.0,57.0,0.9957057798490508,71,-43.0,-4.0,-0.61,168.0,
2025-04-08 10:18:37,168.0,15.0,210.6,60.0,165.0,15.0,213.87,30.0,189.3,42.6,30.0,90.0,1.1786135923298535,120,-60.0,49.0,-0.5,168.0,
2025-04-08 10:18:38,168.0,7.0,208.29,28.0,165.0,7.0,214.0,14.0,188.14,40.28999999999999,14.0,42.0,1.0314407399479832,56,-28.0,-64.0,-0.5,168.0,
2025-04-08 10:18:39,168.0,6.0,206.73,22.0,165.0,6.0,210.86,14.0,187.36,38.72999999999999,12.0,36.0,1.4579540459233626,48,-24.0,-8.0,-0.5,168.0,
2025-04-08 10:18:41,165.28,32.0,197.36,44.0,164.0,12.0,198.21,38.0,181.32,32.08000000000001,44.0,82.0,3.1363992092881827,126,-38.0,4.0,-0.3,166.33,3.0
2025-04-08 10:18:42,164.0,91.0,192.95,57.0,162.85,26.0,193.97,60.0,178.47,28.94999999999999,117.0,117.0,4.116002915453648,234,0.0,108.0,0.0,164.0,5.0
2025-04-08 10:18:43,165.76,34.0,189.57,35.0,163.71,28.0,191.35,37.0,177.67,23.81,62.0,72.0,4.217765996356655,134,-10.0,-100.0,-0.07,164.0,2.0
2025-04-08 10:18:46,164.45,22.0,180.4,50.0,163.2,25.0,181.51,49.0,172.43,15.950000000000015,47.0,99.0,2.4480645416371334,146,-52.0,-46.0,-0.36,166.0,5.0
2025-04-08 10:18:47,164.92,26.0,179.36,50.0,163.92,26.0,180.36,50.0,172.14,14.440000000000026,52.0,100.0,2.850654310859313,152,-48.0,6.0,-0.32,166.0,
2025-04-08 10:18:48,165.0,22.0,176.6,43.0,164.0,22.0,177.54,35.0,170.8,11.599999999999994,44.0,78.0,3.0955887969852376,122,-34.0,-30.0,-0.28,166.0,
2025-04-08 10:18:49,164.97,79.0,170.88,17.0,163.92,24.0,172.42,24.0,167.93,5.909999999999997,103.0,41.0,3.1004596433464684,144,62.0,22.0,0.43,166.0,
2025-04-08 10:18:50,165.0,72.0,169.09,43.0,164.0,28.0,173.59,32.0,167.05,4.090000000000003,100.0,75.0,2.4539458021765146,175,25.0,31.0,0.14,165.0,5.0
2025-04-08 10:18:51,165.0,14.0,175.86,35.0,164.0,14.0,431.5,24.0,170.43,10.860000000000014,28.0,59.0,2.1123091629824606,87,-31.0,-88.0,-0.36,165.0,
2025-04-08 10:18:52,165.0,31.0,173.76,59.0,164.0,26.0,355.12,51.0,169.38,8.759999999999991,57.0,110.0,1.6052320704557308,167,-53.0,80.0,-0.32,165.0,
2025-04-08 10:18:53,166.23,26.0,172.53,53.0,164.67,24.0,173.64,55.0,169.38,6.300000000000011,50.0,108.0,1.3363495051892444,158,-58.0,-9.0,-0.37,165.0,
2025-04-08 10:18:54,167.0,26.0,169.07,55.0,165.0,26.0,170.17,70.0,168.04,2.069999999999993,52.0,125.0,1.3185332760380195,177,-73.0,19.0,-0.41,165.0,
2025-04-08 10:18:55,165.31,26.0,166.85,52.0,164.15,26.0,214.18,44.0,166.08,1.539999999999992,52.0,96.0,1.674102744761956,148,-44.0,-29.0,-0.3,167.0,2.0
2025-04-08 10:18:56,163.27,33.0,165.24,51.0,162.56,25.0,247.19,36.0,164.25,1.9699999999999989,58.0,87.0,2.231138722719716,145,-29.0,-3.0,-0.2,164.0,5.0
2025-04-08 10:18:57,161.15,13.0,163.31,32.0,160.0,309.0,263.86,21.0,162.23,2.1599999999999966,322.0,53.0,2.8665187946391057,375,269.0,168.0,0.72,162.25,4.0
2025-04-08 10:18:58,160.32,34.0,177.54,26.0,159.87,144.0,345.33,12.0,168.93,17.22,178.0,38.0,2.7378878720684026,216,140.0,-159.0,0.65,161.29,7.0
2025-04-08 10:18:59,160.0,179.0,166.0,28.0,105.24,21.0,207.08,13.0,163.0,6.0,200.0,41.0,2.6830337306897856,241,159.0,25.0,0.66,160.0,1.0
2025-04-08 10:19:00,160.0,225.0,166.0,36.0,103.67,72.0,191.6,10.0,163.0,6.0,297.0,46.0,2.6973449909159,343,251.0,102.0,0.73,160.0,
2025-04-08 10:19:01,160.0,175.0,166.0,28.0,111.0,56.0,438.82,11.0,163.0,6.0,231.0,39.0,2.758291137646475,270,192.0,-73.0,0.71,160.0,
2025-04-08 10:19:02,160.0,200.0,166.0,32.0,124.56,50.0,262.3,10.0,163.0,6.0,250.0,42.0,2.6519766213183478,292,208.0,22.0,0.71,160.0,
2025-04-08 10:19:03,160.0,163.0,166.0,28.0,120.86,56.0,177.0,14.0,163.0,6.0,219.0,42.0,0.0,261,177.0,-31.0,0.68,160.0,4.0
2025-04-08 10:19:04,160.25,28.0,165.92,26.0,157.32,155.0,172.6,20.0,163.09,5.669999999999988,183.0,46.0,0.0402492238309631,229,137.0,-32.0,0.6,160.0,
2025-04-08 10:19:05,160.7,128.0,165.91,35.0,127.83,66.0,214.06,31.0,163.3,5.210000000000008,194.0,66.0,0.1300769004051047,260,128.0,31.0,0.49,163.5,6.0
2025-04-08 10:19:06,160.0,99.0,166.0,20.0,68.0,5.0,303.11,9.0,163.0,6.0,104.0,29.0,0.1300769004051047,133,75.0,-127.0,0.56,164.0,6.0
2025-04-08 10:19:07,160.0,93.0,230.0,10.0,68.0,5.0,324.6,20.0,195.0,70.0,98.0,30.0,14.26775805794377,128,68.0,-5.0,0.53,160.0,1.0
2025-04-08 10:19:08,160.0,124.0,230.0,16.0,78.62,8.0,424.91,11.0,195.0,70.0,132.0,27.0,17.456257330826094,159,105.0,31.0,0.66,160.0,5.0
2025-04-08 10:19:09,160.3,80.0,380.71,17.0,143.03,33.0,591.27,30.0,270.5,220.41,113.0,47.0,43.87850270918574,160,66.0,1.0,0.41,162.4,5.0
2025-04-08 10:19:10,160.0,69.0,455.62,13.0,155.69,13.0,560.5,16.0,307.81,295.62,82.0,29.0,60.34024958516515,111,53.0,-49.0,0.48,160.0,1.0
2025-04-08 10:19:11,160.0,51.0,446.5,18.0,143.0,8.0,448.0,6.0,303.25,286.5,59.0,24.0,56.02419539806016,83,35.0,-28.0,0.42,160.0,5.0
2025-04-08 10:19:12,160.24,66.0,349.76,25.0,148.71,17.0,445.6,15.0,255.0,189.52,83.0,40.0,45.59989550426653,123,43.0,40.0,0.35,164.0,4.0
2025-04-08 10:19:13,160.0,42.0,296.0,24.0,130.33,12.0,440.75,12.0,228.0,136.0,54.0,36.0,33.47390730106103,90,18.0,-33.0,0.2,160.0,3.0
2025-04-08 10:19:14,160.0,42.0,294.35,20.0,150.59,34.0,343.73,11.0,227.18,134.35000000000002,76.0,31.0,39.34553176664441,107,45.0,17.0,0.42,160.0,
2025-04-08 10:19:15,160.17,70.0,266.0,25.0,157.1,49.0,332.79,38.0,213.09,105.83,119.0,63.0,35.76800567546391,182,56.0,75.0,0.31,160.0,
2025-04-08 10:19:16,164.08,12.0,293.83,36.0,162.79,33.0,295.0,36.0,228.96,129.74999999999997,45.0,72.0,15.190354834565731,117,-27.0,-65.0,-0.23,160.0,
2025-04-08 10:19:17,165.82,11.0,271.42,31.0,164.0,11.0,286.28,29.0,218.62,105.60000000000002,22.0,60.0,6.9864511735223935,82,-38.0,-35.0,-0.46,160.0,
2025-04-08 10:19:18,166.4,15.0,169.64,42.0,163.78,18.0,177.14,42.0,168.02,3.2399999999999807,33.0,84.0,24.96955906699213,117,-51.0,35.0,-0.44,168.0,1.0
2025-04-08 10:19:19,160.88,41.0,166.44,27.0,161.25,64.0,168.21,38.0,163.66,5.560000000000002,105.0,65.0,30.365875584280545,170,40.0,53.0,0.24,163.2,5.0
2025-04-08 10:19:20,160.14,65.0,164.8,30.0,159.18,68.0,167.0,24.0,162.47,4.660000000000025,133.0,54.0,32.62715249604235,187,79.0,17.0,0.42,163.0,4.0
2025-04-08 10:19:21,164.65,23.0,268.0,30.0,162.26,57.0,457.0,30.0,216.33,103.35,80.0,60.0,28.98201252501285,140,20.0,-47.0,0.14,166.0,2.0
2025-04-08 10:19:22,167.0,18.0,462.92,48.0,163.0,84.0,739.0,24.0,314.96,295.92,102.0,72.0,65.392753191772,174,30.0,34.0,0.17,167.0,1.0
2025-04-08 10:19:23,167.0,7.0,170.31,13.0,163.79,19.0,378.16,19.0,168.65,3.3100000000000023,26.0,32.0,65.3040207797346,58,-6.0,-116.0,-0.1,167.0,
2025-04-08 10:19:24,166.88,8.0,168.88,25.0,164.5,14.0,169.74,19.0,167.88,2.0,22.0,44.0,64.656769715166,66,-22.0,8.0,-0.33,167.0,1.0
2025-04-08 10:19:25,166.0,10.0,167.3,30.0,163.0,70.0,174.0,10.0,166.65,1.3000000000000114,80.0,40.0,63.97572531827996,120,40.0,54.0,0.33,167.0,
2025-04-08 10:19:26,166.0,7.0,167.0,21.0,163.0,49.0,174.0,7.0,166.5,1.0,56.0,28.0,65.98788729759428,84,28.0,-36.0,0.33,167.0,
2025-04-08 10:19:27,163.12,51.0,166.92,26.0,162.18,77.0,172.09,11.0,165.02,3.799999999999983,128.0,37.0,1.3938974137270213,165,91.0,81.0,0.55,166.0,1.0
2025-04-08 10:19:28,163.0,51.0,165.38,26.0,162.0,117.0,167.0,39.0,164.19,2.3799999999999955,168.0,65.0,1.4518849816685049,233,103.0,68.0,0.44,163.0,4.0
2025-04-08 10:19:29,162.0,74.0,165.47,15.0,159.51,55.0,382.68,25.0,163.73,3.469999999999999,129.0,40.0,1.3232800157163602,169,89.0,-64.0,0.53,162.71,7.0
2025-04-08 10:19:30,162.42,48.0,168.0,8.0,161.27,44.0,422.36,22.0,165.21,5.5800000000000125,92.0,30.0,1.065246450355127,122,62.0,-47.0,0.51,162.71,
2025-04-08 10:19:31,166.79,29.0,406.0,12.0,164.48,31.0,527.17,24.0,286.4,239.21,60.0,36.0,54.501910516971805,96,24.0,-26.0,0.25,168.0,1.0
2025-04-08 10:19:36,168.0,5.0,258.44,18.0,166.0,5.0,373.47,17.0,213.22,90.44,10.0,35.0,84.50526066464751,45,-25.0,-60.0,-0.56,168.0,
2025-04-08 10:19:37,168.0,11.0,407.62,32.0,166.0,16.0,442.81,37.0,287.81,239.62,27.0,69.0,86.44927715140263,96,-42.0,51.0,-0.44,168.0,
2025-04-08 10:19:38,168.0,7.0,383.1,21.0,166.0,7.0,438.0,16.0,275.55,215.1,14.0,37.0,48.59755065844386,51,-23.0,-45.0,-0.45,168.0,
2025-04-08 10:19:39,168.0,11.0,380.6,48.0,166.0,11.0,435.64,25.0,274.3,212.6,22.0,73.0,45.49909372723838,95,-51.0,44.0,-0.54,168.0,
2025-04-08 10:19:40,164.73,30.0,367.17,48.0,163.7,33.0,540.03,35.0,265.95,202.44000000000003,63.0,83.0,29.098151659513174,146,-20.0,51.0,-0.14,165.5,4.0
2025-04-08 10:19:41,164.31,39.0,168.0,32.0,163.12,40.0,255.0,32.0,166.15,3.6899999999999977,79.0,64.0,49.69915009333685,143,15.0,-3.0,0.1,165.5,
2025-04-08 10:19:42,165.64,22.0,168.0,20.0,163.6,25.0,255.0,20.0,166.82,2.3600000000000136,47.0,40.0,57.874708033820895,87,7.0,-56.0,0.08,167.0,4.0
2025-04-08 10:19:43,164.0,73.0,166.86,57.0,163.0,75.0,183.6,55.0,165.43,2.8600000000000136,148.0,112.0,57.037154119047706,260,36.0,168.0,0.14,165.0,2.0
2025-04-08 10:19:44,164.0,11.0,168.65,34.0,163.0,40.0,217.26,31.0,166.32,4.650000000000006,51.0,65.0,44.62128113355766,116,-14.0,-144.0,-0.12,164.0,3.0
2025-04-08 10:19:45,163.5,18.0,167.19,52.0,162.94,48.0,168.36,56.0,165.35,3.6899999999999977,66.0,108.0,0.6212326456155003,174,-42.0,58.0,-0.24,163.33,3.0
2025-04-08 10:19:46,163.0,5.0,165.2,25.0,162.0,5.0,167.0,20.0,164.1,2.1999999999999886,10.0,45.0,1.0426073086153862,55,-35.0,-119.0,-0.64,163.0,2.0
2025-04-08 10:19:47,161.75,16.0,164.38,37.0,161.05,38.0,166.76,41.0,163.06,2.6299999999999955,54.0,78.0,1.2761151985529404,132,-24.0,77.0,-0.18,162.5,2.0
2025-04-08 10:19:48,161.0,96.0,163.61,33.0,160.0,24.0,165.4,57.0,162.3,2.6100000000000136,120.0,90.0,1.638072037481089,210,30.0,78.0,0.14,161.0,1.0
2025-04-08 10:19:49,160.89,35.0,164.5,24.0,159.89,18.0,178.2,41.0,162.69,3.6100000000000136,53.0,65.0,1.2320917173559087,118,-12.0,-92.0,-0.1,161.0,7.0
2025-04-08 10:19:50,160.54,13.0,168.68,37.0,159.82,17.0,395.53,38.0,164.61,8.140000000000015,30.0,75.0,0.9711179124992813,105,-45.0,-13.0,-0.43,161.0,
2025-04-08 10:19:51,165.46,69.0,191.64,44.0,160.68,19.0,221.69,52.0,178.55,26.17999999999998,88.0,96.0,6.935983708168479,184,-8.0,79.0,-0.04,163.0,1.0
2025-04-08 10:19:52,166.0,128.0,304.82,22.0,162.0,11.0,487.46,41.0,235.41,138.82,139.0,63.0,31.303410676793447,202,76.0,18.0,0.38,166.0,4.0
2025-04-08 10:19:53,166.0,64.0,302.5,16.0,162.0,8.0,466.0,24.0,234.25,136.5,72.0,40.0,36.781684572623824,112,32.0,-90.0,0.29,166.0,
2025-04-08 10:19:54,166.0,72.0,167.33,30.0,162.0,9.0,321.33,21.0,166.67,1.3300000000000125,81.0,51.0,35.93828766093334,132,30.0,20.0,0.23,166.0,5.0
2025-04-08 10:19:55,166.0,21.0,168.33,18.0,162.0,7.0,402.67,18.0,167.17,2.3300000000000125,28.0,36.0,35.39523414246605,64,-8.0,-68.0,-0.12,166.0,
2025-04-08 10:19:56,166.0,18.0,167.0,24.0,162.0,6.0,171.0,12.0,166.5,1.0,24.0,36.0,37.2755898679014,60,-12.0,-4.0,-0.2,166.0,
2025-04-08 10:19:57,161.38,52.0,166.74,47.0,159.5,24.0,170.12,32.0,164.06,5.360000000000014,76.0,79.0,30.501349970124053,155,-3.0,95.0,-0.02,165.4,5.0
2025-04-08 10:19:58,160.0,39.0,166.0,18.0,159.0,12.0,167.0,18.0,163.0,6.0,51.0,36.0,1.8357151195049304,87,15.0,-68.0,0.17,165.4,
2025-04-08 10:19:59,161.86,42.0,165.45,33.0,160.77,31.0,166.45,33.0,163.66,3.589999999999975,73.0,66.0,1.8414450847035055,139,7.0,52.0,0.05,165.4,
2025-04-08 10:20:00,163.2,15.0,165.86,21.0,160.43,14.0,170.8,15.0,164.53,2.660000000000025,29.0,36.0,1.3264237633495686,65,-7.0,-74.0,-0.11,164.0,3.0
2025-04-08 10:20:01,162.5,12.0,165.29,21.0,159.71,14.0,172.0,14.0,163.89,2.789999999999992,26.0,35.0,0.5622010316409346,61,-9.0,-4.0,-0.15,162.0,3.0
2025-04-08 10:20:02,159.43,7.0,164.29,21.0,158.18,34.0,171.14,14.0,161.86,4.859999999999985,41.0,35.0,1.0143322926821745,76,6.0,15.0,0.08,159.5,2.0
2025-04-08 10:20:03,159.0,8.0,163.25,24.0,158.0,56.0,168.88,16.0,161.12,4.25,64.0,40.0,1.4492998309451577,104,24.0,28.0,0.23,159.5,
2025-04-08 10:20:04,159.0,10.0,162.3,30.0,158.0,70.0,168.0,20.0,160.65,3.300000000000012,80.0,50.0,1.7138407160460714,130,30.0,26.0,0.23,159.5,
2025-04-08 10:20:05,158.33,18.0,161.12,24.0,157.91,46.0,168.0,16.0,159.73,2.789999999999992,64.0,40.0,1.567561801007144,104,24.0,-26.0,0.23,158.5,2.0
2025-04-08 10:20:06,158.05,76.0,163.61,31.0,157.2,30.0,333.84,38.0,160.83,5.560000000000002,106.0,69.0,0.7725088996098411,175,37.0,71.0,0.21,160.0,3.0
2025-04-08 10:20:07,159.33,12.0,166.0,12.0,158.57,28.0,307.29,17.0,162.67,6.669999999999988,40.0,29.0,1.0685972112898745,69,11.0,-106.0,0.16,160.0,2.0
2025-04-08 10:20:08,160.0,7.0,167.33,18.0,159.0,28.0,251.65,17.0,163.67,7.3300000000000125,35.0,35.0,1.6110245187385603,70,0.0,1.0,0.0,160.0,
2025-04-08 10:20:09,160.94,34.0,165.67,18.0,158.71,14.0,169.67,18.0,163.3,4.72999999999999,48.0,36.0,1.6912717108664606,84,12.0,14.0,0.14,162.57,7.0
2025-04-08 10:20:10,158.0,52.0,163.33,12.0,148.69,52.0,168.33,24.0,160.67,5.3300000000000125,104.0,36.0,1.3969323534005793,140,68.0,56.0,0.49,162.57,
2025-04-08 10:20:11,158.0,42.0,161.75,12.0,157.0,18.0,166.59,17.0,159.88,3.75,60.0,29.0,1.6721154266309384,89,31.0,-51.0,0.35,158.0,4.0
2025-04-08 10:20:12,157.22,18.0,160.56,36.0,148.14,28.0,162.0,9.0,158.89,3.3400000000000034,46.0,45.0,2.111674690850053,91,1.0,2.0,0.01,158.0,
2025-04-08 10:20:13,123.0,12.0,159.15,13.0,54.33,12.0,160.92,13.0,141.08,36.150000000000006,24.0,26.0,8.91898705010684,50,-2.0,-41.0,-0.04,157.0,2.0
2025-04-08 10:20:15,159.18,17.0,165.33,18.0,92.33,12.0,199.0,15.0,162.25,6.150000000000006,29.0,33.0,23.330461418496768,62,-4.0,18.0,-0.06,164.0,3.0
2025-04-08 10:20:16,123.67,12.0,156.56,25.0,82.89,18.0,162.81,31.0,140.11,32.89,30.0,56.0,21.983190623746214,86,-26.0,24.0,-0.3,157.0,4.0
2025-04-08 10:20:17,132.22,9.0,195.64,14.0,117.47,15.0,170.15,26.0,163.93,63.41999999999999,24.0,40.0,23.049988069410457,64,-16.0,-22.0,-0.25,155.14,7.0
2025-04-08 10:20:18,165.4,40.0,221.0,24.0,155.58,24.0,285.78,18.0,193.2,55.6,64.0,42.0,32.069839881109026,106,22.0,42.0,0.21,155.14,
2025-04-08 10:20:23,168.0,50.0,445.25,32.0,166.0,10.0,592.77,40.0,306.62,277.25,60.0,72.0,46.12146593507228,132,-12.0,-25.0,-0.09,155.14,
2025-04-08 10:20:24,168.0,50.0,343.05,38.0,166.97,37.0,408.12,32.0,255.53,175.05,87.0,70.0,30.407157381117397,157,17.0,25.0,0.11,155.14,
2025-04-08 10:20:25,168.0,65.0,290.0,52.0,167.0,52.0,567.0,39.0,229.0,122.0,117.0,91.0,33.055748667970526,208,26.0,51.0,0.12,155.14,
2025-04-08 10:20:26,168.0,50.0,371.0,42.0,167.0,40.0,571.24,34.0,269.5,203.0,90.0,76.0,28.066858035769545,166,14.0,-42.0,0.08,155.14,
2025-04-08 10:20:27,168.0,21.0,295.45,33.0,167.0,36.0,458.31,39.0,231.73,127.45,57.0,72.0,31.749942204672408,129,-15.0,-37.0,-0.12,168.0,3.0
2025-04-08 10:20:28,167.4,20.0,230.0,21.0,166.84,19.0,413.73,33.0,198.7,62.6,39.0,54.0,27.194739748709235,93,-15.0,-36.0,-0.16,168.0,2.0
2025-04-08 10:20:29,167.0,38.0,228.33,18.0,166.0,12.0,275.36,36.0,197.67,61.33000000000001,50.0,54.0,29.494278258672807,104,-4.0,11.0,-0.04,167.0,2.0
2025-04-08 10:20:30,168.0,36.0,226.53,40.0,167.0,24.0,226.53,32.0,197.26,58.53,60.0,72.0,31.82760389975996,132,-12.0,28.0,-0.09,167.0,
2025-04-08 10:20:31,165.86,14.0,179.56,34.0,165.5,20.0,200.53,36.0,172.71,13.699999999999989,34.0,70.0,21.00844187463705,104,-36.0,-28.0,-0.35,167.33,6.0
2025-04-08 10:20:32,160.38,55.0,170.66,29.0,160.11,19.0,172.0,51.0,165.52,10.28,74.0,80.0,15.965815669736244,154,-6.0,50.0,-0.04,162.5,2.0
2025-04-08 10:20:33,160.0,151.0,168.14,44.0,159.0,24.0,169.75,28.0,164.07,8.139999999999986,175.0,72.0,16.771861256282545,247,103.0,93.0,0.42,162.5,
2025-04-08 10:20:34,160.0,156.0,165.8,56.0,159.0,24.0,166.81,16.0,162.9,5.800000000000011,180.0,72.0,14.36181290784654,252,108.0,5.0,0.43,162.5,
2025-04-08 10:20:35,160.13,119.0,163.77,65.0,159.82,89.0,172.22,18.0,161.95,3.640000000000015,208.0,83.0,4.282738609813046,291,125.0,39.0,0.43,163.0,1.0
2025-04-08 10:20:36,160.0,84.0,161.17,24.0,159.0,12.0,198.05,21.0,160.58,1.1699999999999875,96.0,45.0,1.901586180003888,141,51.0,-150.0,0.36,160.0,2.0
2025-04-08 10:20:37,160.0,125.0,161.0,31.0,159.0,20.0,378.76,34.0,160.5,1.0,145.0,65.0,1.5300163397758466,210,80.0,69.0,0.38,160.8,5.0
2025-04-08 10:20:38,160.0,52.0,161.0,17.0,159.0,14.0,413.17,23.0,160.5,1.0,66.0,40.0,1.0931514076195397,106,26.0,-104.0,0.25,160.0,5.0
2025-04-08 10:20:39,159.37,71.0,161.0,26.0,144.08,73.0,462.04,23.0,160.18,1.6299999999999957,144.0,49.0,0.6925460273369527,193,95.0,87.0,0.49,160.0,1.0
2025-04-08 10:20:40,119.06,81.0,159.26,46.0,81.1,30.0,288.96,23.0,139.16,40.19999999999999,111.0,69.0,9.51794515638628,180,42.0,-13.0,0.23,159.0,9.0
2025-04-08 10:20:45,146.08,24.0,151.0,7.0,135.96,27.0,154.0,28.0,148.54,4.919999999999988,51.0,35.0,16.896524198779932,86,16.0,-5.0,0.19,159.0,
2025-04-08 10:20:46,148.43,28.0,151.0,7.0,146.0,14.0,154.0,28.0,149.71,2.569999999999993,42.0,35.0,16.119815445592454,77,7.0,-9.0,0.09,159.0,
2025-04-08 10:20:47,149.08,39.0,153.71,31.0,147.71,28.0,157.77,26.0,151.39,4.629999999999996,67.0,57.0,10.11884776048962,124,10.0,47.0,0.08,151.0,1.0
2025-04-08 10:20:48,151.36,28.0,154.0,56.0,149.87,30.0,160.28,25.0,152.68,2.6399999999999864,58.0,81.0,8.365855007108857,139,-23.0,15.0,-0.17,151.0,
2025-04-08 10:20:49,153.57,28.0,158.85,26.0,150.82,22.0,183.03,33.0,156.21,5.280000000000001,50.0,59.0,2.9724619425605856,109,-9.0,-30.0,-0.08,154.8,5.0
2025-04-08 10:20:50,157.0,22.0,161.0,12.0,155.25,32.0,178.0,36.0,159.0,4.0,54.0,48.0,3.762933695930888,102,6.0,-7.0,0.06,161.0,1.0
2025-04-08 10:20:51,158.5,14.0,176.87,15.0,157.18,22.0,217.56,25.0,167.68,18.370000000000005,36.0,40.0,6.48175670632382,76,-4.0,-26.0,-0.05,158.83,6.0
2025-04-08 10:20:52,161.79,28.0,195.0,55.0,159.35,17.0,280.64,44.0,178.39,33.21000000000001,45.0,99.0,10.333739400622408,144,-54.0,68.0,-0.38,163.0,2.0
2025-04-08 10:20:53,165.35,17.0,253.98,47.0,162.4,30.0,264.2,40.0,209.67,88.63,47.0,87.0,21.63831670902292,134,-40.0,-10.0,-0.3,163.0,
2025-04-08 10:20:54,163.23,26.0,355.09,44.0,160.82,22.0,389.68,37.0,259.16,191.86,48.0,81.0,40.77299044710837,129,-33.0,-5.0,-0.26,168.0,1.0
2025-04-08 10:20:55,164.4,10.0,237.4,40.0,162.33,18.0,286.4,40.0,200.9,73.0,28.0,80.0,35.55232411530917,108,-52.0,-21.0,-0.48,164.0,3.0
2025-04-08 10:20:56,164.0,10.0,185.2,40.0,163.0,10.0,188.0,40.0,174.6,21.19999999999999,20.0,80.0,33.92321078553731,100,-60.0,-8.0,-0.6,164.0,
2025-04-08 10:20:57,161.2,10.0,182.4,40.0,160.2,10.0,183.5,40.0,171.8,21.200000000000017,20.0,80.0,35.29372862138533,100,-60.0,0.0,-0.6,162.33,3.0
2025-04-08 10:20:58,160.0,13.0,177.0,52.0,159.0,13.0,178.08,52.0,168.5,17.0,26.0,104.0,38.105003870882754,130,-78.0,30.0,-0.6,162.33,
2025-04-08 10:20:59,160.0,15.0,171.87,60.0,159.0,15.0,173.8,60.0,165.93,11.870000000000005,30.0,120.0,14.112639016143609,150,-90.0,20.0,-0.6,162.33,
2025-04-08 10:21:00,160.0,10.0,170.5,40.0,159.0,10.0,171.5,40.0,165.25,10.5,20.0,80.0,3.959296654707095,100,-60.0,-50.0,-0.6,162.33,
2025-04-08 10:21:01,160.0,18.0,165.78,72.0,159.0,18.0,167.11,72.0,162.89,5.780000000000001,36.0,144.0,3.402576964592209,180,-108.0,80.0,-0.6,162.33,
2025-04-08 10:21:02,160.4,10.0,162.23,39.0,159.4,10.0,163.2,40.0,161.32,1.829999999999984,20.0,79.0,2.780534121346521,99,-59.0,-81.0,-0.6,162.33,
2025-04-08 10:21:03,159.43,14.0,160.73,30.0,105.53,38.0,162.0,76.0,160.08,1.299999999999983,52.0,106.0,2.4982053558447253,158,-54.0,59.0,-0.34,160.5,2.0
2025-04-08 10:21:04,120.96,45.0,152.84,32.0,74.3,54.0,161.56,45.0,136.9,31.88000000000001,99.0,77.0,11.55961374787098,176,22.0,18.0,0.12,159.5,2.0
2025-04-08 10:21:06,153.34,32.0,156.46,13.0,143.05,19.0,158.78,23.0,154.9,3.1200000000000045,51.0,36.0,18.175224345244303,87,15.0,-61.0,0.17,156.0,1.0
2025-04-08 10:21:07,137.24,17.0,170.29,28.0,118.23,13.0,235.87,23.0,153.76,33.04999999999998,30.0,51.0,16.898099893182085,81,-21.0,-6.0,-0.26,156.33,3.0
2025-04-08 10:21:08,141.88,57.0,158.0,43.0,138.59,44.0,221.38,52.0,149.94,16.120000000000005,101.0,95.0,15.143298187645884,196,6.0,115.0,0.03,158.0,3.0
2025-04-08 10:21:09,144.34,61.0,155.17,52.0,142.88,43.0,229.31,13.0,149.76,10.829999999999984,104.0,65.0,14.95917176851582,169,39.0,-27.0,0.23,155.0,1.0
2025-04-08 10:21:10,146.5,58.0,156.36,33.0,108.35,63.0,190.95,20.0,151.43,9.860000000000014,121.0,53.0,2.2959137614389458,174,68.0,5.0,0.39,155.0,4.0
2025-04-08 10:21:11,147.41,34.0,155.25,32.0,132.42,45.0,156.33,21.0,151.33,7.840000000000003,79.0,53.0,1.602725803113017,132,26.0,-42.0,0.2,155.0,
2025-04-08 10:21:12,148.9,39.0,152.72,43.0,147.58,24.0,154.48,33.0,150.81,3.819999999999993,63.0,76.0,0.7733886474237216,139,-13.0,7.0,-0.09,155.0,
2025-04-08 10:21:13,149.5,40.0,151.63,63.0,146.79,63.0,154.0,70.0,150.57,2.1299999999999955,103.0,133.0,0.6727555276353933,236,-30.0,97.0,-0.13,151.0,3.0
2025-04-08 10:21:14,125.06,67.0,153.16,43.0,90.0,83.0,154.54,65.0,139.11,28.099999999999994,150.0,108.0,5.344960243066599,258,42.0,22.0,0.16,152.0,3.0
2025-04-08 10:21:18,117.36,14.0,155.0,37.0,115.92,38.0,156.0,20.0,136.18,37.64,52.0,57.0,3.540744272035671,109,-5.0,-17.0,-0.05,155.0,7.0
2025-04-08 10:21:19,127.75,24.0,155.0,20.0,120.12,64.0,156.0,32.0,141.38,27.25,88.0,52.0,4.406242163108336,140,36.0,31.0,0.26,155.0,2.0
2025-04-08 10:21:20,128.4,20.0,154.27,22.0,123.03,38.0,155.75,16.0,141.34,25.870000000000005,58.0,38.0,4.792158177685183,96,20.0,-44.0,0.21,155.0,
2025-04-08 10:21:21,132.54,13.0,152.46,26.0,131.91,23.0,154.29,17.0,142.5,19.920000000000016,36.0,43.0,4.4861007567771285,79,-7.0,-17.0,-0.09,154.0,1.0
2025-04-08 10:21:23,137.38,32.0,153.47,19.0,134.96,28.0,155.45,42.0,145.42,16.090000000000003,60.0,61.0,1.7822738285567912,121,-1.0,-5.0,-0.01,152.1,10.0
2025-04-08 10:21:24,143.06,31.0,155.55,11.0,140.27,41.0,156.98,41.0,149.3,12.490000000000007,72.0,52.0,3.435313668351041,124,20.0,3.0,0.16,152.1,
2025-04-08 10:21:25,146.85,39.0,151.0,9.0,144.13,67.0,156.0,9.0,148.92,4.150000000000006,106.0,18.0,3.658633624723914,124,88.0,0.0,0.71,152.1,
2025-04-08 10:21:26,149.63,59.0,153.5,8.0,147.88,24.0,156.8,20.0,151.56,3.870000000000005,83.0,28.0,4.043293212217186,111,55.0,-13.0,0.5,151.0,1.0
2025-04-08 10:21:27,150.36,73.0,156.0,10.0,148.69,35.0,157.0,40.0,153.18,5.639999999999986,108.0,50.0,2.9433790105868227,158,58.0,47.0,0.37,151.0,
2025-04-08 10:21:28,154.27,33.0,156.67,21.0,151.18,39.0,157.42,48.0,155.47,2.3999999999999773,72.0,69.0,2.73451641062259,141,3.0,-17.0,0.02,156.5,2.0
2025-04-08 10:21:29,155.91,34.0,157.77,52.0,148.69,52.0,158.19,62.0,156.84,1.8600000000000136,86.0,114.0,3.138897895753413,200,-28.0,59.0,-0.14,156.75,4.0
2025-04-08 10:21:30,154.6,15.0,158.1,29.0,146.0,12.0,194.5,16.0,156.35,3.5,27.0,45.0,2.239587015493271,72,-18.0,-128.0,-0.25,158.0,10.0
2025-04-08 10:21:33,141.59,37.0,151.67,12.0,83.46,35.0,189.7,37.0,146.63,10.079999999999984,72.0,49.0,20.667143731051848,121,23.0,45.0,0.19,157.0,4.0
2025-04-08 10:21:34,165.82,60.0,290.3,40.0,79.92,26.0,492.31,26.0,228.06,124.48000000000002,86.0,66.0,45.74272477673324,152,20.0,31.0,0.13,168.0,3.0
2025-04-08 10:21:35,168.0,50.0,422.71,28.0,166.0,8.0,534.47,17.0,295.36,254.71,58.0,45.0,78.76128236640123,103,13.0,-49.0,0.13,168.0,7.0
2025-04-08 10:21:36,168.0,40.0,404.21,28.0,166.0,10.0,429.0,14.0,286.11,236.21,50.0,42.0,81.67013572904116,92,8.0,-11.0,0.09,168.0,
2025-04-08 10:21:37,168.0,46.0,169.62,37.0,166.0,13.0,178.22,27.0,168.81,1.6200000000000043,59.0,64.0,67.06992269266466,123,-5.0,31.0,-0.04,168.0,3.0
2025-04-08 10:21:38,168.0,9.0,181.18,22.0,166.0,9.0,206.67,30.0,174.59,13.180000000000009,18.0,52.0,59.659015496402695,70,-34.0,-53.0,-0.49,168.0,
2025-04-08 10:21:39,162.41,103.0,196.35,17.0,161.73,26.0,204.62,32.0,179.38,33.94,129.0,49.0,63.9892916822808,178,80.0,108.0,0.45,167.0,2.0
2025-04-08 10:21:40,168.0,33.0,272.06,31.0,167.0,66.0,363.0,32.0,220.03,104.06,99.0,63.0,49.22531950124854,162,36.0,-16.0,0.22,167.0,
2025-04-08 10:21:48,167.59,17.0,209.43,35.0,166.5,36.0,213.0,28.0,188.51,41.84,53.0,63.0,16.342637486036242,116,-10.0,-28.0,-0.09,169.0,1.0
2025-04-08 10:21:49,167.0,74.0,208.62,64.0,164.0,42.0,211.06,62.0,187.81,41.620000000000005,116.0,126.0,8.951632253393367,242,-10.0,126.0,-0.04,167.0,2.0
2025-04-08 10:21:50,164.92,51.0,205.32,76.0,163.11,101.0,206.92,50.0,185.12,40.400000000000006,152.0,126.0,2.6076272739771302,278,26.0,36.0,0.09,166.4,5.0
2025-04-08 10:21:51,165.0,166.0,201.85,52.0,164.0,32.0,202.64,44.0,183.42,36.85,198.0,96.0,2.8097918072320605,294,102.0,16.0,0.35,165.0,5.0
2025-04-08 10:21:52,165.06,70.0,197.86,42.0,164.0,30.0,198.75,48.0,181.46,32.80000000000001,100.0,90.0,2.954239326795867,190,10.0,-104.0,0.05,165.0,2.0
2025-04-08 10:21:53,167.0,26.0,196.36,22.0,164.0,38.0,198.0,44.0,181.68,29.360000000000014,64.0,66.0,2.640496165493616,130,-2.0,-60.0,-0.02,167.0,3.0
2025-04-08 10:21:54,167.0,8.0,194.09,11.0,164.0,16.0,195.79,19.0,180.55,27.090000000000003,24.0,30.0,1.820214273096885,54,-6.0,-76.0,-0.11,167.0,
2025-04-08 10:21:55,163.92,26.0,189.5,16.0,162.27,88.0,190.5,20.0,176.71,25.580000000000013,114.0,36.0,2.4929159632816864,150,78.0,96.0,0.52,164.5,4.0
2025-04-08 10:21:56,163.0,45.0,180.75,20.0,162.0,171.0,182.89,19.0,171.88,17.75,216.0,39.0,4.186147393485265,255,177.0,105.0,0.69,164.5,
2025-04-08 10:21:57,163.0,65.0,169.17,23.0,162.0,247.0,174.92,26.0,166.09,6.169999999999988,312.0,49.0,6.456428579329424,361,263.0,106.0,0.73,164.5,
2025-04-08 10:21:58,162.41,128.0,166.21,28.0,161.87,244.0,166.59,32.0,164.31,3.8000000000000114,372.0,60.0,6.879732552939817,432,312.0,71.0,0.72,163.0,5.0
2025-04-08 10:21:59,163.0,50.0,164.0,17.0,162.0,323.0,167.81,64.0,163.5,1.0,373.0,81.0,5.638986611083401,454,292.0,22.0,0.64,163.0,6.0
2025-04-08 10:22:00,162.0,203.0,239.87,15.0,160.0,52.0,353.22,55.0,200.93,77.87,255.0,70.0,15.766013129513142,325,185.0,-129.0,0.57,162.2,5.0
2025-04-08 10:22:01,167.0,8.0,283.68,19.0,162.89,54.0,352.55,31.0,225.34,116.68,62.0,50.0,27.94784839661163,112,12.0,-168.0,0.11,162.2,
2025-04-08 10:22:02,167.55,11.0,239.75,16.0,164.32,28.0,253.29,38.0,203.65,72.19999999999999,39.0,54.0,26.948926323695936,93,-15.0,-19.0,-0.16,162.2,
2025-04-08 10:22:03,168.0,12.0,237.67,12.0,167.0,6.0,432.33,18.0,202.83,69.66999999999999,18.0,30.0,22.325710515009288,48,-12.0,-45.0,-0.25,162.2,
2025-04-08 10:22:04,163.1,62.0,228.95,19.0,162.15,123.0,456.68,19.0,196.02,65.85,185.0,38.0,11.342505455145258,223,147.0,168.0,0.66,165.11,9.0
2025-04-08 10:22:05,163.0,56.0,185.68,19.0,162.0,105.0,217.88,16.0,174.34,22.680000000000007,161.0,35.0,18.28094992061399,196,126.0,-27.0,0.64,165.11,
2025-04-08 10:22:06,163.0,84.0,182.0,24.0,162.0,180.0,185.71,35.0,172.5,19.0,264.0,59.0,15.318047199300247,323,205.0,127.0,0.63,163.0,2.0
2025-04-08 10:22:07,163.0,54.0,179.89,18.0,161.3,69.0,181.0,18.0,171.44,16.889999999999986,123.0,36.0,14.838472967255973,159,87.0,-164.0,0.55,163.0,
2025-04-08 10:22:08,163.0,33.0,177.62,16.0,161.2,20.0,179.25,16.0,170.31,14.620000000000005,53.0,32.0,10.778743897133015,85,21.0,-74.0,0.25,163.0,3.0
2025-04-08 10:22:09,163.79,28.0,178.08,24.0,162.28,25.0,593.86,35.0,170.93,14.29000000000002,53.0,59.0,1.580673906907805,112,-6.0,27.0,-0.05,165.0,3.0
2025-04-08 10:22:10,161.0,18.0,176.0,14.0,160.0,18.0,649.57,21.0,168.5,15.0,36.0,35.0,1.4854393289456462,71,1.0,-41.0,0.01,162.0,5.0
2025-04-08 10:22:11,161.5,18.0,174.43,28.0,159.75,36.0,175.25,32.0,167.96,12.930000000000009,54.0,60.0,1.5246540591156907,114,-6.0,43.0,-0.05,162.0,
2025-04-08 10:22:12,163.0,8.0,173.75,16.0,160.71,14.0,175.0,24.0,168.38,10.75,22.0,40.0,1.315648129241865,62,-18.0,-52.0,-0.29,162.0,
2025-04-08 10:22:13,159.0,8.0,172.5,8.0,118.0,8.0,175.0,12.0,165.75,13.5,16.0,20.0,1.8426421247700544,36,-4.0,-26.0,-0.11,161.0,5.0
2025-04-08 10:22:14,159.0,24.0,171.32,31.0,126.98,42.0,254.21,33.0,165.16,12.319999999999991,66.0,64.0,1.5741346829215257,130,2.0,94.0,0.02,161.0,
2025-04-08 10:22:15,159.0,14.0,328.61,31.0,134.0,21.0,406.52,31.0,243.81,169.61,35.0,62.0,34.46202794381064,97,-27.0,-33.0,-0.28,159.0,1.0
2025-04-08 10:22:16,160.46,52.0,303.0,24.0,159.0,8.0,304.0,32.0,231.73,142.54,60.0,56.0,39.32593202964163,116,4.0,19.0,0.03,161.0,4.0
2025-04-08 10:22:17,161.58,24.0,302.25,24.0,145.25,12.0,305.55,29.0,231.92,140.67,36.0,53.0,38.85045726886623,89,-17.0,-27.0,-0.19,161.0,3.0
2025-04-08 10:22:18,163.0,40.0,285.82,33.0,159.0,11.0,343.88,25.0,224.41,122.82,51.0,58.0,31.11151282081937,109,-7.0,20.0,-0.06,162.2,5.0
2025-04-08 10:22:19,146.09,23.0,172.28,40.0,141.68,19.0,236.12,24.0,159.18,26.19,42.0,64.0,33.7234910707656,106,-22.0,-3.0,-0.21,162.2,
2025-04-08 10:22:20,150.0,10.0,153.56,27.0,143.89,18.0,156.0,10.0,151.78,3.5600000000000023,28.0,37.0,40.6594888064274,65,-9.0,-41.0,-0.14,153.0,1.0
2025-04-08 10:22:21,150.0,13.0,154.43,30.0,77.18,17.0,242.33,24.0,152.22,4.430000000000007,30.0,54.0,40.59980196996021,84,-24.0,19.0,-0.29,153.75,4.0
2025-04-08 10:22:22,127.0,7.0,157.0,21.0,118.0,7.0,253.29,21.0,142.0,30.0,14.0,42.0,33.265235907775754,56,-28.0,-28.0,-0.5,153.75,
2025-04-08 10:22:23,127.57,7.0,157.0,21.0,123.14,7.0,216.59,17.0,142.29,29.430000000000007,14.0,38.0,7.323474585192589,52,-24.0,-4.0,-0.46,153.75,
2025-04-08 10:22:24,157.32,38.0,323.28,29.0,150.76,29.0,337.18,17.0,240.3,165.95999999999998,67.0,46.0,41.98319092208182,113,21.0,61.0,0.19,156.75,4.0
2025-04-08 10:22:25,166.57,23.0,330.0,30.0,164.77,70.0,357.2,30.0,248.28,163.43,93.0,60.0,54.33718634600053,153,33.0,40.0,0.22,156.75,
2025-04-08 10:22:26,168.0,14.0,342.18,34.0,167.0,28.0,490.55,38.0,255.09,174.18,42.0,72.0,58.15506916856001,114,-30.0,-39.0,-0.26,156.75,
2025-04-08 10:22:27,168.0,3.0,183.11,9.0,167.0,6.0,265.6,5.0,175.56,15.110000000000014,9.0,14.0,50.400327677506255,23,-5.0,-91.0,-0.22,156.75,
2025-04-08 10:22:28,165.0,56.0,183.0,32.0,161.0,40.0,189.0,18.0,174.0,18.0,96.0,50.0,40.38843745430129,146,46.0,123.0,0.32,166.75,4.0
2025-04-08 10:22:29,165.0,56.0,182.12,32.0,161.0,40.0,330.0,22.0,173.56,17.120000000000005,96.0,54.0,42.42024775976679,150,42.0,4.0,0.28,166.75,
2025-04-08 10:22:30,165.0,63.0,264.5,22.0,161.1,42.0,280.74,19.0,214.75,99.5,105.0,41.0,36.10728970720449,146,64.0,-4.0,0.44,166.75,
2025-04-08 10:22:31,165.0,63.0,220.0,11.0,163.0,18.0,223.96,25.0,192.5,55.0,81.0,36.0,17.864296235787982,117,45.0,-29.0,0.38,166.75,
2025-04-08 10:22:32,165.0,63.0,185.45,29.0,163.0,18.0,217.35,23.0,175.22,20.44999999999999,81.0,52.0,17.914898269317316,133,29.0,16.0,0.22,166.75,
2025-04-08 10:22:33,165.0,49.0,205.0,11.0,161.75,24.0,291.71,7.0,185.0,40.0,73.0,18.0,16.70660288628391,91,55.0,-42.0,0.6,166.75,
2025-04-08 10:22:34,165.0,36.0,210.6,10.0,163.0,30.0,274.0,30.0,187.8,45.6,66.0,40.0,14.676054646940765,106,26.0,15.0,0.25,165.0,4.0
2025-04-08 10:22:35,163.73,22.0,210.0,9.0,161.29,42.0,277.0,27.0,186.86,46.27000000000001,64.0,36.0,6.36523997976416,100,28.0,-6.0,0.28,164.6,5.0
2025-04-08 10:22:36,162.84,25.0,208.08,13.0,161.5,44.0,311.54,35.0,185.46,45.24000000000001,69.0,48.0,5.069923076338254,117,21.0,17.0,0.18,162.67,6.0
2025-04-08 10:22:37,165.8,20.0,204.89,9.0,160.97,33.0,370.0,27.0,185.34,39.089999999999975,53.0,36.0,1.1900084033267944,89,17.0,-28.0,0.19,162.67,
2025-04-08 10:22:38,167.0,14.0,203.36,11.0,161.0,28.0,322.33,21.0,185.18,36.360000000000014,42.0,32.0,1.1507910322853605,74,10.0,-15.0,0.14,162.67,
2025-04-08 10:22:39,167.0,16.0,199.21,28.0,161.0,32.0,202.25,20.0,183.11,32.21000000000001,48.0,48.0,1.3426466400314778,96,0.0,22.0,0.0,162.67,
2025-04-08 10:22:40,165.0,24.0,198.58,60.0,160.89,36.0,200.0,12.0,181.79,33.58000000000001,60.0,72.0,1.646277619354405,132,-12.0,36.0,-0.09,164.0,4.0
2025-04-08 10:22:41,161.89,18.0,196.47,34.0,160.33,12.0,198.0,26.0,179.18,34.58000000000001,30.0,60.0,2.56244999950954,90,-30.0,-42.0,-0.33,164.0,
2025-04-08 10:22:43,166.71,14.0,190.64,42.0,160.91,22.0,190.85,40.0,178.68,23.92999999999998,36.0,82.0,1.84895916666246,118,-46.0,46.0,-0.39,162.75,4.0
2025-04-08 10:22:44,151.93,29.0,170.29,34.0,150.06,53.0,183.65,49.0,161.11,18.359999999999985,82.0,83.0,8.655556019111778,165,-1.0,47.0,-0.01,158.33,3.0
2025-04-08 10:22:45,153.22,27.0,157.41,22.0,150.0,45.0,158.67,12.0,155.32,4.189999999999998,72.0,34.0,11.99360371197827,106,38.0,-59.0,0.36,157.0,1.0
2025-04-08 10:22:46,158.46,50.0,231.43,23.0,141.03,31.0,280.39,36.0,194.95,72.97,81.0,59.0,16.03651302496839,140,22.0,34.0,0.16,153.9,10.0
2025-04-08 10:22:47,165.0,40.0,301.5,8.0,163.0,8.0,414.0,12.0,233.25,136.5,48.0,20.0,31.297247003530316,68,28.0,-72.0,0.41,153.9,
2025-04-08 10:22:48,165.0,37.0,299.75,8.0,163.0,8.0,500.33,12.0,232.38,134.75,45.0,20.0,37.358251698921805,65,25.0,-3.0,0.38,165.0,1.0
2025-04-08 10:22:49,165.0,57.0,227.81,27.0,163.15,13.0,254.61,28.0,196.41,62.81,70.0,55.0,32.24287781820969,125,15.0,60.0,0.12,165.0,
2025-04-08 10:22:50,165.0,45.0,184.56,9.0,164.0,9.0,341.63,38.0,174.78,19.56,54.0,47.0,25.625179609126665,101,7.0,-24.0,0.07,165.0,
2025-04-08 10:22:51,165.0,40.0,183.5,8.0,164.0,8.0,361.75,32.0,174.25,18.5,48.0,40.0,29.332221702421357,88,8.0,-13.0,0.09,165.0,
2025-04-08 10:22:52,165.0,50.0,326.48,27.0,164.0,10.0,428.0,41.0,245.74,161.48000000000002,60.0,68.0,32.945395277640856,128,-8.0,40.0,-0.06,165.0,
2025-04-08 10:22:53,165.0,65.0,307.15,40.0,164.0,13.0,326.58,48.0,236.07,142.14999999999998,78.0,88.0,33.75158885148965,166,-10.0,38.0,-0.06,165.0,
2025-04-08 10:22:54,165.0,50.0,190.43,37.0,164.0,10.0,215.68,22.0,177.72,25.430000000000007,60.0,59.0,35.9654246464573,119,1.0,-47.0,0.01,165.0,
2025-04-08 10:22:55,164.18,44.0,187.96,49.0,161.29,73.0,341.9,31.0,176.07,23.78,117.0,80.0,35.72776861210336,197,37.0,78.0,0.19,164.83,6.0
2025-04-08 10:22:56,163.0,42.0,194.18,44.0,161.0,154.0,205.24,50.0,178.59,31.180000000000007,196.0,94.0,34.92976052022113,290,102.0,93.0,0.35,164.83,
2025-04-08 10:22:57,164.37,35.0,192.54,35.0,161.73,74.0,194.57,42.0,178.46,28.169999999999987,109.0,77.0,26.11866325063342,186,32.0,-104.0,0.17,164.83,
2025-04-08 10:23:00,168.0,88.0,185.0,38.0,167.0,20.0,186.0,32.0,176.5,17.0,108.0,70.0,1.308651978174883,178,38.0,-16.0,0.21,168.0,1.0
2025-04-08 10:23:01,168.0,58.0,177.91,57.0,167.0,34.0,179.29,70.0,172.96,9.909999999999997,92.0,127.0,2.6306501097599777,219,-35.0,41.0,-0.16,168.0,6.0
2025-04-08 10:23:02,168.0,18.0,171.22,27.0,167.0,18.0,179.77,39.0,169.61,3.219999999999999,36.0,66.0,4.049527132885871,102,-30.0,-117.0,-0.29,168.0,
2025-04-08 10:23:03,168.0,14.0,170.0,21.0,167.0,14.0,184.0,28.0,169.0,2.0,28.0,49.0,3.848119021025384,77,-21.0,-25.0,-0.27,168.0,
2025-04-08 10:23:04,165.46,52.0,168.6,25.0,164.79,76.0,275.1,30.0,167.03,3.1399999999999864,128.0,55.0,3.7343874999758655,183,73.0,106.0,0.4,167.5,4.0
2025-04-08 10:23:05,165.0,50.0,168.6,15.0,164.0,20.0,329.0,25.0,166.8,3.5999999999999943,70.0,40.0,2.4870967009697607,110,30.0,-73.0,0.27,167.5,
2025-04-08 10:23:06,165.0,60.0,167.5,18.0,164.0,24.0,226.65,20.0,166.25,2.5,84.0,38.0,1.4741336438646808,122,46.0,12.0,0.38,167.5,
2025-04-08 10:23:07,165.0,100.0,167.0,30.0,164.0,40.0,283.74,19.0,166.0,2.0,140.0,49.0,1.1834399012933754,189,91.0,67.0,0.48,167.5,
2025-04-08 10:23:08,165.0,108.0,298.46,41.0,164.0,52.0,599.68,31.0,231.73,133.45999999999998,160.0,72.0,29.16572080371033,232,88.0,43.0,0.38,165.0,4.0
2025-04-08 10:23:09,165.0,20.0,436.0,4.0,164.0,16.0,541.6,15.0,300.5,271.0,36.0,19.0,59.80940084969921,55,17.0,-168.0,0.31,165.0,4.0
2025-04-08 10:23:10,164.0,10.0,337.88,16.0,163.0,30.0,536.54,26.0,250.94,173.88,40.0,42.0,57.73351219179388,82,-2.0,27.0,-0.02,164.4,5.0
2025-04-08 10:23:11,161.69,70.0,269.64,33.0,162.18,11.0,294.69,29.0,215.66,107.95,81.0,62.0,49.16649346862169,143,19.0,61.0,0.13,164.4,5.0
2025-04-08 10:23:12,161.0,24.0,267.67,18.0,160.0,6.0,591.25,12.0,214.33,106.67000000000002,30.0,30.0,35.58466622015761,60,0.0,-83.0,0.0,164.4,
2025-04-08 10:23:13,163.86,14.0,260.67,18.0,160.95,21.0,509.0,18.0,212.26,96.81,35.0,36.0,38.05542825931701,71,-1.0,11.0,-0.01,164.4,
2025-04-08 10:23:14,163.43,23.0,190.41,32.0,161.36,25.0,205.85,26.0,176.92,26.97999999999999,48.0,58.0,26.198185433346445,106,-10.0,35.0,-0.09,163.4,5.0
2025-04-08 10:23:15,161.17,23.0,185.0,24.0,160.3,10.0,186.0,8.0,173.09,23.830000000000013,33.0,32.0,21.48106771089356,65,1.0,-41.0,0.02,163.4,
2025-04-08 10:23:16,163.0,12.0,184.38,24.0,161.0,20.0,283.07,14.0,173.69,21.379999999999995,32.0,38.0,21.274928201993717,70,-6.0,5.0,-0.09,163.4,
2025-04-08 10:23:17,163.0,12.0,182.27,22.0,161.0,24.0,183.38,26.0,172.64,19.27000000000001,36.0,48.0,17.154706351318893,84,-12.0,14.0,-0.14,163.4,
2025-04-08 10:23:18,161.89,18.0,179.5,30.0,161.87,15.0,180.26,34.0,170.69,17.610000000000014,33.0,64.0,2.2634111424958654,97,-31.0,13.0,-0.32,163.33,3.0
2025-04-08 10:23:19,161.0,36.0,177.7,43.0,160.0,9.0,178.62,29.0,169.35,16.69999999999999,45.0,72.0,1.812048564463257,117,-27.0,20.0,-0.23,163.33,
2025-04-08 10:23:20,161.0,68.0,174.12,85.0,160.0,17.0,177.0,51.0,167.56,13.120000000000005,85.0,136.0,2.4672312416902766,221,-51.0,104.0,-0.23,163.33,
2025-04-08 10:23:21,161.0,40.0,171.5,48.0,160.0,10.0,175.91,32.0,166.25,10.5,50.0,80.0,2.520926417008541,130,-30.0,-91.0,-0.23,163.33,
2025-04-08 10:23:22,160.62,13.0,169.5,42.0,144.92,13.0,261.05,22.0,165.06,8.879999999999995,26.0,64.0,2.275998681891191,90,-38.0,-40.0,-0.42,161.2,5.0
2025-04-08 10:23:23,160.82,45.0,169.0,65.0,137.05,20.0,323.0,15.0,164.91,8.180000000000007,65.0,80.0,1.859497243872535,145,-15.0,55.0,-0.1,161.0,4.0
2025-04-08 10:23:24,162.56,41.0,167.97,37.0,155.04,49.0,204.88,43.0,165.27,5.409999999999997,90.0,80.0,1.1090761921387269,170,10.0,25.0,0.06,161.0,
2025-04-08 10:23:25,161.94,90.0,166.84,55.0,93.4,131.0,195.0,77.0,164.39,4.900000000000006,221.0,132.0,0.6827005199708298,353,89.0,168.0,0.25,163.0,2.0
2025-04-08 10:23:26,162.71,21.0,166.95,21.0,162.17,24.0,237.0,29.0,164.83,4.239999999999981,45.0,50.0,0.3268332907893755,95,-5.0,-168.0,-0.05,167.0,4.0
2025-04-08 10:23:27,163.05,37.0,164.5,16.0,161.0,15.0,197.32,19.0,163.78,1.4499999999999886,52.0,35.0,0.5718216504890375,87,17.0,-8.0,0.2,164.0,6.0
2025-04-08 10:23:28,162.25,20.0,269.71,28.0,136.0,10.0,295.95,22.0,215.98,107.45999999999998,30.0,50.0,22.998968455128065,80,-20.0,-7.0,-0.25,163.25,4.0
2025-04-08 10:23:29,160.0,6.0,322.29,14.0,142.67,6.0,358.8,20.0,241.14,162.29000000000002,12.0,34.0,36.28755475366158,46,-22.0,-34.0,-0.48,163.25,
2025-04-08 10:23:31,165.57,46.0,277.16,25.0,120.72,39.0,316.67,33.0,221.36,111.59000000000005,85.0,58.0,28.791976660174004,143,27.0,54.0,0.19,163.25,
2025-04-08 10:23:32,168.0,72.0,255.08,24.0,164.0,24.0,340.27,22.0,211.54,87.08000000000001,96.0,46.0,11.471111541608,142,50.0,-1.0,0.35,163.25,
2025-04-08 10:23:33,168.0,48.0,255.0,16.0,164.0,16.0,395.38,32.0,211.5,87.0,64.0,48.0,12.176981563590031,112,16.0,-30.0,0.14,163.25,
2025-04-08 10:23:34,168.0,48.0,254.75,16.0,164.0,16.0,347.0,32.0,211.38,86.75,64.0,48.0,4.681657826027771,112,16.0,0.0,0.14,163.25,
2025-04-08 10:23:35,168.0,66.0,251.0,23.0,164.0,22.0,332.84,31.0,209.5,83.0,88.0,54.0,4.720432183604132,142,34.0,30.0,0.24,163.25,
2025-04-08 10:23:37,164.1,59.0,250.64,22.0,161.71,28.0,343.96,47.0,207.37,86.53999999999999,87.0,69.0,1.6820166467675275,156,18.0,44.0,0.12,166.7,10.0
2025-04-08 10:23:38,163.0,34.0,242.42,24.0,161.0,39.0,351.73,51.0,202.71,79.41999999999999,73.0,75.0,3.363261809613073,148,-2.0,-8.0,-0.01,163.0,4.0
2025-04-08 10:23:39,165.18,22.0,247.0,18.0,161.7,23.0,350.0,19.0,206.09,81.82,45.0,37.0,2.8949732295828023,82,8.0,-66.0,0.1,167.0,4.0
2025-04-08 10:23:40,167.0,16.0,236.57,35.0,163.0,32.0,254.93,67.0,201.79,69.57,48.0,102.0,3.318128990862177,150,-54.0,68.0,-0.36,167.0,
2025-04-08 10:23:41,167.0,10.0,232.2,20.0,163.0,20.0,234.0,50.0,199.6,65.19999999999999,30.0,70.0,3.179720113468908,100,-40.0,-50.0,-0.4,167.0,
2025-04-08 10:23:42,167.0,13.0,231.89,27.0,165.0,13.0,310.24,58.0,199.44,64.88999999999999,26.0,85.0,2.718571315966841,111,-59.0,11.0,-0.53,167.0,
2025-04-08 10:23:43,167.0,9.0,226.81,21.0,165.0,9.0,230.36,22.0,196.9,59.81,18.0,43.0,3.444463673781004,61,-25.0,-50.0,-0.41,167.0,
2025-04-08 10:23:44,167.0,8.0,226.86,21.0,165.0,8.0,228.11,19.0,196.93,59.860000000000014,16.0,40.0,2.062127542126284,56,-24.0,-5.0,-0.43,167.0,
2025-04-08 10:23:45,167.0,13.0,223.21,28.0,165.0,13.0,224.11,37.0,195.11,56.21000000000001,26.0,65.0,1.905552413342377,91,-39.0,35.0,-0.43,167.0,
2025-04-08 10:23:46,162.27,74.0,207.77,44.0,161.27,60.0,216.57,37.0,185.02,45.5,134.0,81.0,5.615803593431049,215,53.0,124.0,0.25,164.5,4.0
2025-04-08 10:23:47,162.0,65.0,194.31,26.0,161.0,52.0,197.31,26.0,178.15,32.31,117.0,52.0,8.456942118756075,169,65.0,-46.0,0.38,164.5,
2025-04-08 10:23:48,162.15,65.0,188.71,38.0,161.19,54.0,195.28,36.0,175.43,26.56,119.0,74.0,9.704159932729269,193,45.0,24.0,0.23,164.5,
2025-04-08 10:23:49,163.06,68.0,182.92,61.0,162.1,100.0,183.39,77.0,172.99,19.859999999999985,168.0,138.0,8.916024899022286,306,30.0,113.0,0.1,163.5,4.0
2025-04-08 10:23:50,163.08,26.0,176.4,45.0,161.81,62.0,178.23,35.0,169.74,13.319999999999991,88.0,80.0,5.792273301561524,168,8.0,-138.0,0.05,163.0,6.0
2025-04-08 10:23:51,163.38,65.0,174.63,95.0,161.31,58.0,175.51,79.0,169.01,11.25,123.0,174.0,3.8390988525929775,297,-51.0,129.0,-0.17,163.0,
2025-04-08 10:23:52,164.0,45.0,168.32,34.0,162.0,26.0,169.74,42.0,166.16,4.319999999999993,71.0,76.0,3.60556930317245,147,-5.0,-150.0,-0.03,164.0,2.0
2025-04-08 10:23:53,162.58,33.0,164.77,43.0,155.93,84.0,165.69,32.0,163.67,2.1899999999999977,117.0,75.0,3.556308479305228,192,42.0,45.0,0.22,162.38,8.0
2025-04-08 10:23:54,161.82,72.0,187.81,47.0,141.37,104.0,314.9,41.0,174.81,25.99000000000001,176.0,88.0,4.191058338889882,264,88.0,72.0,0.33,162.25,8.0
2025-04-08 10:23:55,168.0,56.0,220.0,34.0,161.0,48.0,262.41,34.0,194.0,52.0,104.0,68.0,12.171957525393394,172,36.0,-92.0,0.21,162.25,
2025-04-08 10:23:56,168.0,91.0,318.61,56.0,165.02,133.0,338.71,35.0,243.3,150.61,224.0,91.0,32.92509635521191,315,133.0,143.0,0.42,162.25,
2025-04-08 10:23:57,168.0,70.0,241.24,41.0,167.0,10.0,255.69,29.0,204.62,73.24000000000001,80.0,70.0,30.86181864375449,150,10.0,-165.0,0.07,162.25,
2025-04-08 10:23:58,168.0,76.0,213.42,24.0,167.0,12.0,217.0,60.0,190.71,45.41999999999999,88.0,84.0,25.700213423238228,172,4.0,22.0,0.02,168.0,1.0
2025-04-08 10:23:59,168.0,60.0,212.0,20.0,167.0,10.0,421.31,26.0,190.0,44.0,70.0,46.0,22.450585293038483,116,24.0,-56.0,0.21,168.0,
2025-04-08 10:24:02,165.27,139.0,169.93,30.0,164.88,168.0,242.0,33.0,167.6,4.659999999999997,307.0,63.0,10.148937382799597,370,244.0,168.0,0.66,166.75,8.0
2025-04-08 10:24:03,165.0,188.0,168.0,20.0,163.0,20.0,412.05,39.0,166.5,3.0,208.0,59.0,11.538733899348973,267,149.0,-103.0,0.56,165.0,2.0
2025-04-08 10:24:04,165.0,102.0,166.0,12.0,163.0,12.0,284.0,24.0,165.5,1.0,114.0,36.0,10.698078332111017,150,78.0,-117.0,0.52,165.0,
2025-04-08 10:24:05,165.0,153.0,166.0,18.0,163.0,18.0,284.0,36.0,165.5,1.0,171.0,54.0,5.778581140728331,225,117.0,75.0,0.52,165.0,
2025-04-08 10:24:06,165.0,200.0,166.0,20.0,163.0,20.0,284.0,40.0,165.5,1.0,220.0,60.0,0.933809402383598,280,160.0,55.0,0.57,165.0,
2025-04-08 10:24:07,165.0,162.0,166.0,12.0,163.0,12.0,447.83,24.0,165.5,1.0,174.0,36.0,0.4472135954774266,210,138.0,-70.0,0.66,165.0,
2025-04-08 10:24:08,165.0,185.0,190.44,18.0,163.08,13.0,375.29,28.0,177.72,25.44,198.0,46.0,5.4649501370077225,244,152.0,34.0,0.62,165.0,2.0
2025-04-08 10:24:09,165.0,250.0,221.0,40.0,164.0,10.0,761.0,40.0,193.0,56.0,260.0,80.0,12.145397482173356,340,180.0,96.0,0.53,165.0,
2025-04-08 10:24:10,165.0,257.0,241.91,34.0,164.0,11.0,441.68,38.0,203.46,76.91,268.0,72.0,16.87974762844474,340,196.0,0.0,0.58,165.0,2.0
2025-04-08 10:24:11,165.22,109.0,170.85,39.0,164.81,57.0,226.85,39.0,168.03,5.629999999999996,166.0,78.0,16.326451543430554,244,88.0,-96.0,0.36,169.0,3.0
2025-04-08 10:24:12,165.0,64.0,168.36,28.0,164.0,10.0,169.52,23.0,166.68,3.3600000000000136,74.0,51.0,16.04265314715699,125,23.0,-119.0,0.18,165.0,7.0
2025-04-08 10:24:13,165.86,14.0,168.73,22.0,164.08,25.0,311.86,28.0,167.29,2.869999999999976,39.0,50.0,17.328767122908236,89,-11.0,-36.0,-0.12,167.0,3.0
2025-04-08 10:24:14,167.89,83.0,169.0,22.0,164.4,20.0,188.0,22.0,168.45,1.1100000000000136,103.0,44.0,16.045901969038194,147,59.0,58.0,0.4,167.0,
2025-04-08 10:24:15,168.0,52.0,186.38,16.0,165.0,8.0,233.56,18.0,177.19,18.379999999999995,60.0,34.0,4.336821416657822,94,26.0,-53.0,0.28,168.0,4.0
2025-04-08 10:24:16,168.0,51.0,203.75,24.0,165.0,9.0,301.64,28.0,185.88,35.75,60.0,52.0,8.316421706478266,112,8.0,18.0,0.07,168.0,1.0
2025-04-08 10:24:17,168.0,34.0,386.31,52.0,165.0,26.0,551.09,32.0,277.15,218.31,60.0,84.0,46.42616525193512,144,-24.0,32.0,-0.17,168.0,3.0
2025-04-08 10:24:18,165.13,93.0,168.54,26.0,164.52,27.0,393.54,37.0,166.83,3.4099999999999966,120.0,63.0,46.495683670637504,183,57.0,39.0,0.31,168.0,2.0
2025-04-08 10:24:19,165.0,61.0,167.91,23.0,164.0,12.0,193.36,25.0,166.46,2.9099999999999966,73.0,48.0,46.788432010487234,121,25.0,-62.0,0.21,165.0,1.0
2025-04-08 10:24:20,164.97,31.0,170.86,14.0,163.55,11.0,309.43,21.0,167.91,5.890000000000015,42.0,35.0,47.829245551231374,77,7.0,-44.0,0.09,165.0,
2025-04-08 10:24:21,164.0,7.0,173.0,28.0,163.0,35.0,549.46,26.0,168.5,9.0,42.0,54.0,49.07732826876362,96,-12.0,19.0,-0.12,165.0,
2025-04-08 10:24:22,164.0,12.0,173.0,30.0,163.0,60.0,435.62,37.0,168.5,9.0,72.0,67.0,0.948762351688766,139,5.0,43.0,0.04,165.0,
2025-04-08 10:24:23,163.39,49.0,173.0,26.0,162.85,41.0,245.49,43.0,168.19,9.610000000000014,90.0,69.0,0.848097871699989,159,21.0,20.0,0.13,165.0,
2025-04-08 10:24:24,163.72,54.0,172.23,43.0,162.92,38.0,234.0,28.0,167.98,8.509999999999991,92.0,71.0,0.2789802860098216,163,21.0,4.0,0.13,165.0,
2025-04-08 10:24:25,164.0,39.0,170.38,39.0,163.0,38.0,174.0,26.0,167.19,6.379999999999996,77.0,65.0,0.5400648109089253,142,12.0,-21.0,0.08,165.0,
2025-04-08 10:24:26,166.6,50.0,169.0,30.0,164.0,30.0,172.0,20.0,167.8,2.4000000000000057,80.0,50.0,0.4897652498718768,130,30.0,-12.0,0.23,165.0,
2025-04-08 10:24:27,165.13,61.0,175.67,33.0,162.46,46.0,249.1,20.0,170.4,10.539999999999992,107.0,53.0,1.2253448494126722,160,54.0,30.0,0.34,166.5,10.0
2025-04-08 10:24:29,161.15,108.0,320.57,7.0,160.57,7.0,604.43,7.0,240.86,159.42,115.0,14.0,32.17131175441854,129,101.0,77.0,0.78,165.5,2.0
2025-04-08 10:24:32,168.0,38.0,364.84,19.0,167.0,55.0,514.15,39.0,266.42,196.84,93.0,58.0,70.83225592906112,151,35.0,-32.0,0.23,168.0,4.0
2025-04-08 10:24:33,168.0,10.0,170.0,5.0,167.0,25.0,410.81,21.0,169.0,2.0,35.0,26.0,81.40505500274546,61,9.0,-90.0,0.15,168.0,
2025-04-08 10:24:34,167.12,51.0,170.0,12.0,161.54,168.0,226.27,44.0,168.56,2.8799999999999955,219.0,56.0,95.04057070535724,275,163.0,168.0,0.59,168.0,2.0
2025-04-08 10:24:35,167.0,28.0,170.0,6.0,161.0,102.0,203.0,30.0,168.5,3.0,130.0,36.0,89.71235968360216,166,94.0,-109.0,0.57,167.0,2.0
2025-04-08 10:24:36,161.0,136.0,170.0,8.0,160.0,16.0,278.41,32.0,165.5,9.0,152.0,40.0,44.08597826974011,192,112.0,26.0,0.58,167.0,3.0
2025-04-08 10:24:37,161.0,102.0,165.0,6.0,160.0,12.0,321.0,10.0,163.0,4.0,114.0,16.0,2.593013690668155,130,98.0,-62.0,0.75,167.0,
2025-04-08 10:24:38,161.0,102.0,167.0,6.0,160.0,12.0,421.67,18.0,164.0,6.0,114.0,24.0,2.5502392044653943,138,90.0,8.0,0.65,164.0,1.0
2025-04-08 10:24:39,161.0,112.0,170.0,8.0,160.0,16.0,215.0,40.0,165.5,9.0,128.0,48.0,2.079663434306656,176,80.0,38.0,0.45,164.0,
2025-04-08 10:24:40,161.34,47.0,170.0,8.0,160.33,21.0,212.25,40.0,165.67,8.659999999999997,68.0,48.0,1.1827003001572347,116,20.0,-60.0,0.17,164.0,
2025-04-08 10:24:42,164.44,27.0,169.57,14.0,162.93,28.0,211.86,43.0,167.01,5.129999999999996,55.0,57.0,1.9293859126655704,112,-2.0,-13.0,-0.02,164.0,
2025-04-08 10:24:43,164.1,42.0,166.59,44.0,162.3,60.0,167.64,28.0,165.34,2.490000000000009,102.0,72.0,1.601489931280376,174,30.0,62.0,0.17,166.0,2.0
2025-04-08 10:24:44,163.0,19.0,165.03,29.0,161.0,53.0,197.14,35.0,164.02,2.030000000000001,72.0,64.0,1.940755007720537,136,8.0,-38.0,0.06,163.67,6.0
2025-04-08 10:24:45,166.93,55.0,170.0,10.0,162.38,13.0,207.8,50.0,168.46,3.069999999999993,68.0,60.0,2.129267479672876,128,8.0,-8.0,0.06,163.67,
2025-04-08 10:24:46,167.0,10.0,170.0,5.0,163.0,5.0,299.65,17.0,168.5,3.0,15.0,22.0,1.965955238552616,37,-7.0,-91.0,-0.19,167.0,5.0
2025-04-08 10:24:47,167.0,6.0,170.0,6.0,163.0,6.0,225.43,14.0,168.5,3.0,12.0,20.0,2.136651586008481,32,-8.0,-5.0,-0.25,167.0,
2025-04-08 10:24:48,167.0,6.0,170.0,6.0,163.0,56.0,194.0,12.0,168.5,3.0,62.0,18.0,1.9991198063129525,80,44.0,48.0,0.55,167.0,
2025-04-08 10:24:49,163.51,63.0,170.0,13.0,162.95,93.0,613.23,26.0,166.75,6.490000000000009,156.0,39.0,0.7783443967761965,195,117.0,115.0,0.6,167.0,1.0
2025-04-08 10:24:50,163.34,74.0,169.14,28.0,162.83,42.0,453.0,16.0,166.24,5.799999999999983,116.0,44.0,1.1128881345367867,160,72.0,-35.0,0.45,163.0,4.0
2025-04-08 10:24:51,164.0,59.0,169.0,45.0,163.0,105.0,170.8,15.0,166.5,5.0,164.0,60.0,1.11198920857743,224,104.0,64.0,0.46,164.0,2.0
2025-04-08 10:24:52,164.0,36.0,168.5,36.0,163.0,95.0,171.0,12.0,166.25,4.5,131.0,48.0,0.94697940843111,179,83.0,-45.0,0.46,164.0,
2025-04-08 10:24:53,164.0,42.0,167.14,42.0,163.0,112.0,171.79,14.0,165.57,3.1399999999999864,154.0,56.0,0.4399659077615016,210,98.0,31.0,0.47,164.0,
2025-04-08 10:24:54,166.59,71.0,168.22,27.0,162.85,122.0,295.53,51.0,167.41,1.6299999999999957,193.0,78.0,0.6646277153357553,271,115.0,61.0,0.42,164.0,3.0
2025-04-08 10:24:57,163.0,30.0,170.0,30.0,162.0,112.0,213.0,50.0,166.5,7.0,142.0,80.0,1.9390074780651927,222,62.0,8.0,0.28,164.0,
2025-04-08 10:24:58,163.0,14.0,170.0,24.0,162.0,88.0,213.0,40.0,166.5,7.0,102.0,64.0,1.7016991508468176,166,38.0,-56.0,0.23,163.0,2.0
2025-04-08 10:24:59,162.17,48.0,170.0,39.0,161.69,128.0,260.4,45.0,166.08,7.8300000000000125,176.0,84.0,1.9059380892339368,260,92.0,94.0,0.35,162.25,4.0
2025-04-08 10:25:00,162.0,77.0,170.0,24.0,161.0,64.0,375.71,14.0,166.0,8.0,141.0,38.0,1.3482878031015966,179,103.0,-81.0,0.58,162.25,
2025-04-08 10:25:01,162.0,120.0,169.4,30.0,161.0,80.0,218.95,38.0,165.7,7.400000000000006,200.0,68.0,0.3444996371440407,268,132.0,89.0,0.49,162.25,
2025-04-08 10:25:02,164.18,85.0,168.03,112.0,161.78,146.0,174.84,57.0,166.1,3.8499999999999934,231.0,169.0,0.2861468154503213,400,62.0,132.0,0.15,167.0,3.0
2025-04-08 10:25:03,162.19,54.0,168.0,38.0,161.04,154.0,224.57,51.0,165.09,5.810000000000002,208.0,89.0,0.4249470555166959,297,119.0,-103.0,0.4,167.0,2.0
2025-04-08 10:25:04,162.0,45.0,167.44,27.0,161.0,135.0,224.67,27.0,164.72,5.439999999999998,180.0,54.0,0.5966741154032587,234,126.0,-63.0,0.54,167.0,
2025-04-08 10:25:05,162.0,70.0,165.71,42.0,161.0,210.0,167.79,42.0,163.86,3.710000000000008,280.0,84.0,0.8720550441297744,364,196.0,130.0,0.54,167.0,
2025-04-08 10:25:06,162.0,30.0,163.5,18.0,161.0,90.0,167.0,18.0,162.75,1.5,120.0,36.0,1.2677263111539958,156,84.0,-168.0,0.54,167.0,
2025-04-08 10:25:07,162.0,67.0,163.29,42.0,161.0,210.0,223.48,44.0,162.64,1.289999999999992,277.0,86.0,1.1137189950755395,363,191.0,168.0,0.53,162.0,3.0
2025-04-08 10:25:08,162.0,22.0,167.0,33.0,161.0,157.0,267.06,53.0,164.5,5.0,179.0,86.0,0.9659088983915892,265,93.0,-98.0,0.35,162.0,
2025-04-08 10:25:09,162.45,33.0,171.0,21.0,161.16,51.0,225.14,43.0,166.73,8.550000000000011,84.0,64.0,1.6649714712246853,148,20.0,-117.0,0.14,164.22,9.0
2025-04-08 10:25:10,168.0,20.0,172.87,31.0,161.0,130.0,286.5,36.0,170.44,4.8700000000000045,150.0,67.0,3.264195153478469,217,83.0,69.0,0.38,164.22,
2025-04-08 10:25:11,164.5,20.0,172.0,24.0,160.96,68.0,173.0,18.0,168.25,7.5,88.0,42.0,3.0634082326703616,130,46.0,-87.0,0.35,163.8,5.0
2025-04-08 10:25:12,161.0,78.0,171.0,40.0,160.0,33.0,245.87,23.0,166.0,10.0,111.0,63.0,2.2665899496805,174,48.0,44.0,0.28,163.8,
2025-04-08 10:25:13,161.0,45.0,169.29,21.0,160.0,21.0,171.0,28.0,165.14,8.289999999999992,66.0,49.0,2.0881738433360155,115,17.0,-59.0,0.15,161.0,5.0
2025-04-08 10:25:14,161.0,20.0,167.52,31.0,160.0,30.0,168.69,39.0,164.26,6.52000000000001,50.0,70.0,2.509864538175842,120,-20.0,5.0,-0.17,161.0,
2025-04-08 10:25:15,161.0,41.0,165.07,30.0,160.0,24.0,166.43,28.0,163.03,4.069999999999993,65.0,58.0,1.965077606608036,123,7.0,3.0,0.06,161.0,
2025-04-08 10:25:16,160.94,48.0,162.62,32.0,159.81,26.0,164.0,51.0,161.78,1.6800000000000068,74.0,83.0,1.6753865225649014,157,-9.0,34.0,-0.06,161.0,7.0
2025-04-08 10:25:17,160.0,25.0,161.62,32.0,159.0,40.0,164.0,40.0,160.81,1.6200000000000043,65.0,72.0,1.764406415764771,137,-7.0,-20.0,-0.05,161.0,
2025-04-08 10:25:18,159.44,27.0,160.78,18.0,158.77,26.0,164.0,35.0,160.11,1.3400000000000034,53.0,53.0,1.673699495127979,106,0.0,-31.0,0.0,161.0,2.0
2025-04-08 10:25:19,159.0,50.0,206.53,19.0,158.0,20.0,286.74,35.0,182.76,47.53,70.0,54.0,9.600769240013651,124,16.0,18.0,0.13,160.0,2.0
2025-04-08 10:25:20,159.37,41.0,165.0,8.0,158.48,25.0,261.88,17.0,162.18,5.629999999999996,66.0,25.0,9.667117977970078,91,41.0,-33.0,0.45,159.0,2.0
2025-04-08 10:25:21,160.0,35.0,165.0,7.0,158.44,18.0,168.0,21.0,162.5,5.0,53.0,28.0,9.602477284534045,81,25.0,-10.0,0.31,159.0,
2025-04-08 10:25:22,162.82,17.0,165.0,7.0,159.88,32.0,168.0,21.0,163.91,2.180000000000007,49.0,28.0,9.305561240462202,77,21.0,-4.0,0.27,159.0,
2025-04-08 10:25:23,160.5,16.0,165.0,8.0,157.38,39.0,168.0,24.0,162.75,4.5,55.0,32.0,8.934604076286348,87,23.0,10.0,0.26,161.6,5.0
2025-04-08 10:25:24,160.0,14.0,164.29,7.0,157.0,14.0,166.64,11.0,162.14,4.289999999999992,28.0,18.0,0.7229315320219117,46,10.0,-41.0,0.22,161.6,
2025-04-08 10:25:25,158.07,29.0,163.93,14.0,149.52,50.0,165.0,14.0,161.0,5.860000000000014,79.0,28.0,1.0514513778541883,107,51.0,61.0,0.48,158.0,5.0
2025-04-08 10:25:26,160.87,23.0,162.08,37.0,158.0,18.0,163.73,11.0,161.48,1.210000000000008,41.0,48.0,1.1372027083996077,89,-7.0,-18.0,-0.08,161.25,4.0
2025-04-08 10:25:27,160.25,12.0,165.48,42.0,155.5,48.0,238.88,24.0,162.86,5.22999999999999,60.0,66.0,0.8033554630369636,126,-6.0,37.0,-0.05,161.8,5.0
2025-04-08 10:25:28,161.0,9.0,171.0,27.0,157.11,18.0,402.67,27.0,166.0,10.0,27.0,54.0,1.9753176959647687,81,-27.0,-45.0,-0.33,161.8,
2025-04-08 10:25:29,167.24,21.0,171.0,21.0,166.71,42.0,430.0,19.0,169.12,3.759999999999991,63.0,40.0,3.4213330735244285,103,23.0,22.0,0.22,161.8,
2025-04-08 10:25:30,168.0,5.0,171.0,15.0,167.0,40.0,263.2,10.0,169.5,3.0,45.0,25.0,3.607564275240672,70,20.0,-33.0,0.29,161.8,
2025-04-08 10:25:33,168.0,9.0,170.67,27.0,167.0,72.0,312.56,27.0,169.33,2.6699999999999875,81.0,54.0,0.5114489221751114,135,27.0,50.0,0.2,161.8,
2025-04-08 10:25:34,167.04,26.0,169.0,18.0,164.22,18.0,171.0,18.0,168.02,1.960000000000008,44.0,36.0,0.8990439366315764,80,8.0,-55.0,0.1,167.25,4.0
2025-04-08 10:25:35,164.25,32.0,169.0,33.0,160.44,36.0,171.0,33.0,166.62,4.75,68.0,66.0,1.5494902387539595,134,2.0,54.0,0.01,167.0,5.0
2025-04-08 10:25:36,161.86,42.0,167.75,16.0,160.38,32.0,169.33,36.0,164.8,5.889999999999986,74.0,52.0,2.181210672996399,126,22.0,-8.0,0.17,167.0,
2025-04-08 10:25:37,162.0,52.0,166.15,41.0,160.0,30.0,167.63,19.0,164.07,4.150000000000006,82.0,60.0,2.1854907915598645,142,22.0,16.0,0.15,167.0,
2025-04-08 10:25:38,162.68,19.0,166.0,50.0,161.14,35.0,167.0,10.0,164.34,3.319999999999993,54.0,60.0,1.6926901665669944,114,-6.0,-28.0,-0.05,167.0,
2025-04-08 10:25:39,164.0,13.0,165.14,35.0,159.07,59.0,167.84,19.0,164.57,1.1399999999999864,72.0,54.0,1.009678166542353,126,18.0,12.0,0.14,165.0,3.0
2025-04-08 10:25:40,164.0,40.0,165.0,20.0,159.0,50.0,169.0,40.0,164.5,1.0,90.0,60.0,0.2719007171600892,150,30.0,24.0,0.2,165.0,
2025-04-08 10:25:41,163.55,22.0,168.43,28.0,158.86,43.0,198.67,18.0,165.99,4.879999999999996,65.0,46.0,0.7495532002414954,111,19.0,-39.0,0.17,162.0,7.0
2025-04-08 10:25:42,159.0,6.0,169.0,12.0,157.0,9.0,444.6,5.0,164.0,10.0,15.0,17.0,0.7646240906434072,32,-2.0,-79.0,-0.06,162.0,
2025-04-08 10:25:43,166.27,52.0,169.0,76.0,159.68,68.0,349.0,31.0,167.63,2.7299999999999898,120.0,107.0,1.4799222952549016,227,13.0,168.0,0.06,162.0,
2025-04-08 10:25:44,168.0,23.0,169.0,32.0,161.0,40.0,392.12,32.0,168.5,1.0,63.0,64.0,1.9416565092705975,127,-1.0,-100.0,-0.01,168.0,1.0
2025-04-08 10:25:45,163.58,38.0,169.0,52.0,160.45,77.0,684.67,48.0,166.29,5.419999999999988,115.0,100.0,1.7197005553273057,215,15.0,88.0,0.07,165.67,3.0
2025-04-08 10:25:46,161.41,54.0,169.0,40.0,160.12,64.0,431.0,20.0,165.2,7.590000000000003,118.0,60.0,1.8101187806309813,178,58.0,-37.0,0.33,165.67,
2025-04-08 10:25:47,162.0,119.0,169.0,39.0,161.0,62.0,414.11,18.0,165.5,7.0,181.0,57.0,1.40837850025947,238,124.0,60.0,0.52,162.0,3.0
2025-04-08 10:25:48,163.06,119.0,259.4,50.0,161.47,102.0,382.77,62.0,211.23,96.33999999999996,221.0,112.0,20.10239612583525,333,109.0,95.0,0.33,169.0,3.0
2025-04-08 10:25:49,166.82,110.0,289.8,30.0,162.48,58.0,382.24,21.0,228.31,122.98000000000002,168.0,51.0,30.247044979633973,219,117.0,-114.0,0.53,169.0,
2025-04-08 10:26:02,167.15,13.0,179.0,15.0,165.5,8.0,181.0,10.0,173.08,11.849999999999994,21.0,25.0,2.1347880456838797,46,-4.0,-83.0,-0.09,168.0,2.0
2025-04-08 10:26:03,167.0,24.0,176.7,30.0,164.0,8.0,177.75,28.0,171.85,9.699999999999989,32.0,58.0,2.6594209896130088,90,-26.0,44.0,-0.29,168.0,
2025-04-08 10:26:04,166.84,38.0,171.21,42.0,163.6,20.0,172.57,44.0,169.03,4.3700000000000045,58.0,86.0,3.343269357977838,144,-28.0,54.0,-0.19,167.0,3.0
2025-04-08 10:26:05,163.64,11.0,166.78,32.0,162.97,29.0,168.2,30.0,165.21,3.140000000000015,40.0,62.0,4.100298769601137,102,-22.0,-42.0,-0.22,164.0,1.0
2025-04-08 10:26:06,163.0,32.0,165.37,19.0,162.0,8.0,165.71,17.0,164.18,2.3700000000000045,40.0,36.0,3.931342010050989,76,4.0,-26.0,0.05,164.71,7.0
2025-04-08 10:26:07,163.0,22.0,165.0,14.0,162.0,7.0,166.0,21.0,164.0,2.0,29.0,35.0,3.45301752095048,64,-6.0,-12.0,-0.09,163.0,2.0
2025-04-08 10:26:08,163.0,8.0,165.0,8.0,162.0,4.0,166.0,12.0,164.0,2.0,12.0,20.0,2.153724680638258,32,-8.0,-32.0,-0.25,163.0,
2025-04-08 10:26:09,163.0,8.0,164.75,8.0,162.0,4.0,166.0,12.0,163.88,1.75,12.0,20.0,0.5450504563706912,32,-8.0,0.0,-0.25,163.0,2.0
2025-04-08 10:26:10,161.82,11.0,163.27,22.0,160.69,13.0,166.0,33.0,162.55,1.450000000000017,24.0,55.0,0.6638674566429923,79,-31.0,47.0,-0.39,162.0,1.0
2025-04-08 10:26:11,161.0,11.0,162.64,11.0,160.0,22.0,166.0,33.0,161.82,1.6399999999999864,33.0,44.0,1.0070749723776329,77,-11.0,-2.0,-0.14,163.0,1.0
2025-04-08 10:26:12,159.88,25.0,162.85,20.0,156.8,56.0,168.27,33.0,161.37,2.969999999999999,81.0,53.0,1.1879941077249232,134,28.0,57.0,0.21,160.33,3.0
2025-04-08 10:26:13,159.0,30.0,170.4,10.0,156.0,40.0,173.0,18.0,164.7,11.400000000000006,70.0,28.0,1.3985456731866817,98,42.0,-36.0,0.43,160.33,
2025-04-08 10:26:14,156.6,30.0,168.62,13.0,133.64,22.0,304.87,15.0,162.61,12.02000000000001,52.0,28.0,1.2780258213311138,80,24.0,-18.0,0.3,158.25,4.0
2025-04-08 10:26:15,159.2,15.0,167.57,7.0,154.0,12.0,413.87,15.0,163.39,8.370000000000005,27.0,22.0,1.3225997126829945,49,5.0,-31.0,0.1,158.25,
2025-04-08 10:26:16,164.0,16.0,351.45,42.0,156.73,45.0,498.13,46.0,257.73,187.45,61.0,88.0,42.37397786377859,149,-27.0,100.0,-0.18,165.0,2.0
2025-04-08 10:26:17,164.0,10.0,166.24,46.0,160.43,14.0,199.46,35.0,165.12,2.240000000000009,24.0,81.0,41.949496421292096,105,-57.0,-44.0,-0.54,165.0,4.0
2025-04-08 10:26:18,161.38,8.0,168.0,30.0,142.5,6.0,169.0,18.0,164.69,6.6200000000000045,14.0,48.0,41.950569960371205,62,-34.0,-43.0,-0.55,163.5,2.0
2025-04-08 10:26:19,156.06,17.0,167.34,29.0,128.82,11.0,168.22,27.0,161.7,11.28,28.0,56.0,42.061390015072,84,-28.0,22.0,-0.33,163.5,
2025-04-08 10:26:21,128.5,16.0,163.68,69.0,89.06,16.0,164.64,100.0,146.09,35.18000000000001,32.0,169.0,16.108669405012513,201,-137.0,121.0,-0.68,163.5,
2025-04-08 10:26:23,116.08,25.0,155.5,32.0,98.0,13.0,157.06,48.0,135.79,39.42,38.0,80.0,13.53848329762168,118,-42.0,52.0,-0.36,163.5,
2025-04-08 10:26:24,132.4,40.0,154.0,49.0,127.8,25.0,155.0,36.0,143.2,21.599999999999994,65.0,85.0,7.584690501265019,150,-20.0,32.0,-0.13,154.0,2.0
2025-04-08 10:26:25,136.36,22.0,154.0,21.0,135.25,16.0,155.0,21.0,145.18,17.639999999999986,38.0,42.0,6.201848917861607,80,-4.0,-70.0,-0.05,154.0,
2025-04-08 10:26:26,141.33,27.0,154.0,24.0,140.61,36.0,155.0,24.0,147.67,12.669999999999987,63.0,48.0,6.588379922255642,111,15.0,31.0,0.14,154.0,
2025-04-08 10:26:27,145.89,38.0,153.45,33.0,144.29,28.0,156.09,33.0,149.67,7.560000000000002,66.0,66.0,5.352529308652384,132,0.0,21.0,0.0,152.0,3.0
2025-04-08 10:26:28,148.22,18.0,161.27,22.0,146.71,28.0,167.12,25.0,154.75,13.050000000000011,46.0,47.0,4.455572914899318,93,-1.0,-39.0,-0.01,158.33,18.0
2025-04-08 10:26:33,168.0,23.0,169.25,24.0,163.0,16.0,183.5,18.0,168.62,1.25,39.0,42.0,11.385256694515078,81,-3.0,-101.0,-0.04,168.0,3.0
2025-04-08 10:26:34,165.5,12.0,201.24,21.0,161.5,48.0,601.05,21.0,183.37,35.74000000000001,60.0,42.0,9.88134353213163,102,18.0,21.0,0.18,168.0,1.0
2025-04-08 10:26:36,167.0,6.0,311.8,10.0,163.4,30.0,575.86,14.0,239.4,144.8,36.0,24.0,101.05617037073998,60,12.0,-119.0,0.2,168.0,
2025-04-08 10:26:37,163.29,56.0,309.61,28.0,161.75,75.0,410.08,37.0,236.45,146.32000000000002,131.0,65.0,94.80461154395408,196,66.0,136.0,0.34,165.0,4.0
2025-04-08 10:26:38,163.0,63.0,305.52,25.0,161.0,63.0,306.63,30.0,234.26,142.51999999999998,126.0,55.0,85.3138432494987,181,71.0,-15.0,0.39,165.0,
2025-04-08 10:26:39,163.66,41.0,301.72,43.0,162.64,77.0,304.3,23.0,232.69,138.06000000000003,118.0,66.0,76.6356909670686,184,52.0,3.0,0.28,164.0,3.0
2025-04-08 10:26:40,164.0,12.0,286.1,31.0,163.0,84.0,293.48,33.0,225.05,122.10000000000002,96.0,64.0,5.388046955995938,160,32.0,-24.0,0.2,164.0,
2025-04-08 10:26:50,167.94,158.0,215.95,38.0,163.28,40.0,218.77,26.0,191.94,48.00999999999999,198.0,64.0,4.573912985617346,262,134.0,168.0,0.51,167.33,3.0
2025-04-08 10:26:51,167.46,59.0,208.79,19.0,163.02,123.0,210.04,25.0,188.12,41.329999999999984,182.0,44.0,6.122522356022693,226,138.0,-36.0,0.61,167.33,
2025-04-08 10:26:52,163.01,152.0,194.19,36.0,161.6,100.0,207.04,48.0,178.6,31.180000000000007,252.0,84.0,8.865104624311863,336,168.0,110.0,0.5,164.0,1.0
2025-04-08 10:26:53,163.23,98.0,198.22,41.0,162.51,144.0,198.86,44.0,180.73,34.99000000000001,242.0,85.0,7.951017544943144,327,157.0,-9.0,0.48,164.0,2.0
2025-04-08 10:26:54,164.0,27.0,196.17,36.0,163.0,135.0,197.56,27.0,180.08,32.16999999999999,162.0,63.0,5.813370794985645,225,99.0,-102.0,0.44,164.0,
2025-04-08 10:26:55,164.0,24.0,194.3,33.0,163.0,120.0,194.87,30.0,179.15,30.30000000000001,144.0,63.0,3.880454870242769,207,81.0,-18.0,0.39,164.0,
2025-04-08 10:26:56,165.51,55.0,190.36,55.0,163.01,146.0,190.69,55.0,177.94,24.850000000000023,201.0,110.0,1.1197544373610873,311,91.0,104.0,0.29,163.6,5.0
2025-04-08 10:27:00,168.0,14.0,172.45,38.0,164.0,126.0,174.31,35.0,170.22,4.449999999999989,140.0,73.0,3.1814462120217666,213,67.0,116.0,0.31,163.6,
2025-04-08 10:27:01,165.54,13.0,169.18,34.0,163.3,43.0,170.07,40.0,167.36,3.640000000000015,56.0,74.0,4.020296009000654,130,-18.0,-83.0,-0.14,168.0,1.0
2025-04-08 10:27:02,163.85,34.0,167.1,21.0,162.67,66.0,168.2,30.0,165.47,3.25,100.0,51.0,4.148960110676588,151,49.0,21.0,0.32,164.0,3.0
2025-04-08 10:27:03,161.9,40.0,164.05,21.0,160.96,46.0,166.12,8.0,162.97,2.1500000000000057,86.0,29.0,3.978639214603959,115,57.0,-36.0,0.5,163.0,5.0
2025-04-08 10:27:04,161.0,121.0,163.6,20.0,160.0,11.0,164.09,35.0,162.3,2.5999999999999943,132.0,55.0,3.24981999501256,187,77.0,72.0,0.41,163.0,
2025-04-08 10:27:05,161.0,69.0,275.23,13.0,160.0,9.0,451.74,35.0,218.12,114.23000000000002,78.0,48.0,24.053264435414743,126,30.0,-61.0,0.24,161.17,6.0
2025-04-08 10:27:06,161.0,36.0,269.79,19.0,160.0,6.0,440.69,26.0,215.39,108.79000000000002,42.0,45.0,29.165072432620352,87,-3.0,-39.0,-0.03,161.17,
2025-04-08 10:27:07,161.0,36.0,245.0,24.0,160.0,6.0,563.0,10.0,203.0,84.0,42.0,34.0,27.72428412060436,76,8.0,-11.0,0.11,161.17,
2025-04-08 10:27:08,163.46,26.0,244.0,28.0,160.89,27.0,648.0,35.0,203.73,80.53999999999999,53.0,63.0,22.405909265191596,116,-10.0,40.0,-0.09,161.17,
2025-04-08 10:27:09,163.04,52.0,238.94,47.0,160.98,85.0,554.54,52.0,200.99,75.9,137.0,99.0,7.891402283498277,236,38.0,120.0,0.16,165.25,4.0
2025-04-08 10:27:10,162.9,60.0,230.14,44.0,161.0,140.0,239.74,39.0,196.52,67.23999999999998,200.0,83.0,6.996215405488889,283,117.0,47.0,0.41,165.25,
2025-04-08 10:27:11,163.82,51.0,292.38,29.0,161.81,118.0,637.92,49.0,228.1,128.56,169.0,78.0,12.414087562120748,247,91.0,-36.0,0.37,165.0,1.0
2025-04-08 10:27:12,165.0,16.0,245.92,12.0,163.0,48.0,387.44,36.0,205.46,80.91999999999999,64.0,48.0,12.290412930410485,112,16.0,-135.0,0.14,165.0,
2025-04-08 10:27:13,163.94,34.0,183.45,11.0,162.07,90.0,330.36,55.0,173.7,19.50999999999999,124.0,66.0,19.49135398067561,190,58.0,78.0,0.31,165.0,
2025-04-08 10:27:14,163.29,41.0,251.0,50.0,161.31,116.0,389.26,46.0,207.15,87.71000000000001,157.0,96.0,19.68788663112421,253,61.0,63.0,0.24,164.33,3.0
2025-04-08 10:27:15,163.0,50.0,200.85,26.0,161.0,140.0,339.0,34.0,181.92,37.85,190.0,60.0,21.716507085624944,250,130.0,-3.0,0.52,164.33,
2025-04-08 10:27:16,161.83,72.0,207.0,9.0,160.97,87.0,530.0,45.0,184.42,45.16999999999999,159.0,54.0,14.948598596523846,213,105.0,-37.0,0.49,163.0,5.0
2025-04-08 10:27:17,161.0,196.0,205.43,14.0,160.0,14.0,528.63,30.0,183.21,44.43000000000001,210.0,44.0,12.505072970598482,254,166.0,41.0,0.65,163.0,
2025-04-08 10:27:18,161.0,70.0,204.0,5.0,160.0,5.0,549.6,5.0,182.5,43.0,75.0,10.0,10.834798106102086,85,65.0,-168.0,0.76,163.0,
2025-04-08 10:27:19,161.0,168.0,203.17,12.0,115.68,41.0,536.42,24.0,182.08,42.16999999999999,209.0,36.0,1.021263922789562,245,173.0,160.0,0.71,163.0,
2025-04-08 10:27:20,161.0,112.0,202.38,8.0,160.0,32.0,493.75,40.0,181.69,41.38,144.0,48.0,1.0759879181438352,192,96.0,-53.0,0.5,163.0,
2025-04-08 10:27:21,161.52,96.0,180.07,14.0,160.85,107.0,217.43,14.0,170.8,18.549999999999983,203.0,28.0,5.204827566787449,231,175.0,39.0,0.76,161.0,5.0
2025-04-08 10:27:22,162.0,38.0,176.0,10.0,161.0,100.0,178.7,10.0,169.0,14.0,138.0,20.0,6.713112541883211,158,118.0,-73.0,0.75,162.0,3.0
2025-04-08 10:27:23,162.11,18.0,175.0,9.0,161.0,83.0,176.0,9.0,168.56,12.889999999999986,101.0,18.0,6.862009909639371,119,83.0,-39.0,0.7,162.0,
2025-04-08 10:27:24,164.0,26.0,171.92,12.0,161.29,96.0,172.92,12.0,167.96,7.9199999999999875,122.0,24.0,5.7380153363326025,146,98.0,27.0,0.67,162.0,
2025-04-08 10:27:25,167.71,34.0,170.79,14.0,165.36,55.0,242.4,20.0,169.25,3.079999999999984,89.0,34.0,1.0621581803043756,123,55.0,-23.0,0.45,169.5,2.0
2025-04-08 10:27:26,161.16,51.0,163.48,31.0,132.43,40.0,325.36,28.0,162.32,2.319999999999993,91.0,59.0,2.891646589745544,150,32.0,27.0,0.21,163.0,10.0
2025-04-08 10:27:27,148.25,20.0,170.21,24.0,75.46,26.0,431.21,19.0,159.23,21.960000000000008,46.0,43.0,4.441185652501653,89,3.0,-61.0,0.03,160.57,7.0
2025-04-08 10:27:29,145.7,30.0,167.73,26.0,136.34,35.0,168.45,22.0,156.72,22.03,65.0,48.0,10.812646762009022,113,17.0,64.0,0.15,160.57,
2025-04-08 10:27:30,166.54,39.0,294.4,15.0,164.07,43.0,472.95,22.0,230.47,127.86,82.0,37.0,35.00605476199779,119,45.0,6.0,0.38,166.75,4.0
2025-04-08 10:27:41,167.0,43.0,192.43,7.0,165.0,21.0,307.0,22.0,179.71,25.430000000000007,64.0,29.0,1.6033558556947611,93,35.0,23.0,0.38,166.75,
2025-04-08 10:27:42,167.0,70.0,191.0,14.0,165.0,42.0,290.18,38.0,179.0,24.0,112.0,52.0,1.70087624476047,164,60.0,71.0,0.37,166.75,
2025-04-08 10:27:43,167.0,38.0,191.0,10.0,165.0,30.0,250.08,25.0,179.0,24.0,68.0,35.0,1.4508549203798058,103,33.0,-61.0,0.32,167.0,2.0
2025-04-08 10:27:44,167.0,24.0,191.0,8.0,165.0,48.0,254.65,20.0,179.0,24.0,72.0,28.0,0.8460496439276705,100,44.0,-3.0,0.44,167.0,
2025-04-08 10:27:45,167.0,33.0,189.36,11.0,165.0,77.0,283.0,11.0,178.18,22.360000000000014,110.0,22.0,0.5417748609801148,132,88.0,32.0,0.67,167.0,
2025-04-08 10:27:46,165.26,46.0,187.8,10.0,164.3,46.0,468.62,16.0,176.53,22.54000000000002,92.0,26.0,1.073368529438933,118,66.0,-14.0,0.56,166.2,5.0
2025-04-08 10:27:47,165.0,21.0,184.67,9.0,164.0,24.0,306.56,9.0,174.83,19.669999999999987,45.0,18.0,1.8049847644757877,63,27.0,-55.0,0.43,165.0,3.0
2025-04-08 10:27:48,165.0,90.0,180.79,33.0,164.0,52.0,199.42,31.0,172.89,15.789999999999992,142.0,64.0,2.483209616602976,206,78.0,143.0,0.38,165.0,1.0
2025-04-08 10:27:49,165.0,60.0,178.14,21.0,164.0,22.0,179.78,23.0,171.57,13.139999999999986,82.0,44.0,2.6692320993104404,126,38.0,-80.0,0.3,165.0,5.0
2025-04-08 10:27:50,165.0,72.0,174.44,61.0,164.0,36.0,175.52,31.0,169.72,9.439999999999998,108.0,92.0,2.672399670705876,200,16.0,74.0,0.08,165.0,
2025-04-08 10:27:51,167.93,58.0,170.47,60.0,164.8,40.0,171.42,33.0,169.2,2.539999999999992,98.0,93.0,2.312113751524471,191,5.0,-9.0,0.03,166.78,9.0
2025-04-08 10:27:52,166.6,10.0,170.0,20.0,164.4,10.0,274.6,20.0,168.3,3.4000000000000057,20.0,40.0,1.86151282563087,60,-20.0,-131.0,-0.33,169.0,4.0
2025-04-08 10:27:53,166.09,44.0,221.2,60.0,164.1,31.0,389.13,60.0,193.65,55.10999999999999,75.0,120.0,10.778277691727434,195,-45.0,135.0,-0.23,165.89,9.0
2025-04-08 10:27:54,163.0,40.0,324.0,40.0,161.0,45.0,496.8,40.0,243.5,161.0,85.0,80.0,32.34208373002569,165,5.0,-30.0,0.03,165.89,
2025-04-08 10:27:55,163.07,45.0,207.84,38.0,161.09,92.0,280.26,38.0,185.45,44.77000000000001,137.0,76.0,30.738424650589906,213,61.0,48.0,0.29,163.6,5.0
2025-04-08 10:27:56,166.41,54.0,182.52,21.0,160.97,58.0,221.77,26.0,174.47,16.110000000000014,112.0,47.0,29.837470234589148,159,65.0,-54.0,0.41,163.0,2.0
2025-04-08 10:28:01,167.97,75.0,174.91,22.0,166.38,13.0,186.36,22.0,171.44,6.939999999999998,88.0,44.0,1.7116074316238814,132,44.0,27.0,0.33,168.75,4.0
2025-04-08 10:28:02,168.0,64.0,173.0,16.0,167.0,8.0,326.43,28.0,170.5,5.0,72.0,44.0,1.92481687440388,116,28.0,-16.0,0.24,168.75,
2025-04-08 10:28:03,168.0,64.0,171.88,16.0,167.0,8.0,264.57,28.0,169.94,3.879999999999996,72.0,44.0,1.91955203107125,116,28.0,0.0,0.24,168.75,
2025-04-08 10:28:04,168.0,56.0,170.86,14.0,167.0,7.0,400.43,28.0,169.43,2.8600000000000136,63.0,42.0,1.6185796242352584,105,21.0,-11.0,0.2,168.75,
2025-04-08 10:28:05,168.0,82.0,312.61,36.0,167.0,12.0,426.2,40.0,240.31,144.61,94.0,76.0,31.306003098447302,170,18.0,65.0,0.11,168.0,2.0
2025-04-08 10:28:06,168.0,48.0,378.67,24.0,167.0,8.0,422.33,24.0,273.33,210.67,56.0,48.0,48.98984455986767,104,8.0,-66.0,0.08,168.0,
2025-04-08 10:28:07,167.94,32.0,303.67,18.0,166.27,11.0,364.0,26.0,235.8,135.73000000000002,43.0,44.0,46.21826013601117,87,-1.0,-17.0,-0.01,168.0,6.0
2025-04-08 10:28:08,164.36,14.0,281.03,31.0,163.25,60.0,334.91,22.0,222.69,116.66999999999996,74.0,53.0,37.83298587211959,127,21.0,40.0,0.17,165.67,3.0
2025-04-08 10:28:09,164.0,36.0,277.23,35.0,163.0,180.0,277.6,30.0,220.61,113.23000000000002,216.0,65.0,21.17599867774844,281,151.0,154.0,0.54,165.67,
2025-04-08 10:28:10,164.0,28.0,214.97,32.0,163.0,210.0,235.97,37.0,189.48,50.97,238.0,69.0,30.33775650901036,307,169.0,26.0,0.55,164.0,2.0
2025-04-08 10:28:11,163.01,121.0,177.6,43.0,161.25,119.0,179.12,32.0,170.31,14.590000000000003,240.0,75.0,26.976509596313495,315,165.0,8.0,0.52,164.0,1.0
2025-04-08 10:28:12,163.0,125.0,174.91,53.0,161.0,169.0,175.94,64.0,168.95,11.909999999999997,294.0,117.0,26.17023538296876,411,177.0,96.0,0.43,164.0,
2025-04-08 10:28:13,161.57,67.0,172.51,45.0,159.66,73.0,173.83,47.0,167.04,10.939999999999998,140.0,92.0,22.744649260869828,232,48.0,-168.0,0.21,164.0,
2025-04-08 10:28:14,163.0,18.0,169.78,40.0,162.0,54.0,171.35,20.0,166.39,6.780000000000001,72.0,60.0,9.65454452576521,132,12.0,-100.0,0.09,164.0,
2025-04-08 10:28:15,163.0,54.0,165.64,22.0,161.67,98.0,166.77,69.0,164.32,2.6399999999999864,152.0,91.0,2.318764757361468,243,61.0,111.0,0.25,164.0,
2025-04-08 10:28:16,163.0,58.0,164.05,21.0,161.0,88.0,165.67,15.0,163.52,1.0500000000000114,146.0,36.0,2.1736674078573133,182,110.0,-61.0,0.6,163.0,6.0
2025-04-08 10:28:17,161.33,30.0,163.44,18.0,160.52,62.0,166.95,41.0,162.39,2.109999999999985,92.0,59.0,1.9493255243752168,151,33.0,-31.0,0.22,161.8,5.0
2025-04-08 10:28:18,160.59,41.0,231.91,23.0,150.43,92.0,229.71,34.0,196.25,71.32,133.0,57.0,14.427509487086905,190,76.0,39.0,0.4,160.58,12.0
2025-04-08 10:28:24,165.0,9.0,439.0,9.0,164.0,15.0,477.0,3.0,302.0,274.0,24.0,12.0,76.39902126336449,36,12.0,-6.0,0.33,167.33,3.0
2025-04-08 10:28:25,165.0,15.0,395.14,7.0,164.0,25.0,443.08,13.0,280.07,230.14,40.0,20.0,36.0186802923154,60,20.0,24.0,0.33,167.33,
2025-04-08 10:28:26,165.0,5.0,282.0,5.0,164.0,25.0,547.6,15.0,223.5,117.0,30.0,20.0,33.00902073676255,50,10.0,-10.0,0.2,165.0,2.0
2025-04-08 10:28:27,164.0,10.0,292.09,11.0,161.0,15.0,449.44,9.0,228.05,128.08999999999995,25.0,20.0,36.34281400772395,45,5.0,-5.0,0.11,164.25,4.0
2025-04-08 10:28:28,164.0,12.0,336.45,11.0,161.0,18.0,365.93,15.0,250.23,172.45,30.0,26.0,33.77553034372687,56,4.0,11.0,0.07,164.25,
2025-04-08 10:28:29,164.0,14.0,195.0,21.0,161.0,21.0,215.0,11.0,179.5,31.0,35.0,32.0,37.03645433893485,67,3.0,11.0,0.04,164.25,
2025-04-08 10:28:30,165.8,25.0,194.16,19.0,163.75,24.0,212.32,19.0,179.98,28.359999999999985,49.0,38.0,31.355215993515333,87,11.0,20.0,0.13,164.25,
2025-04-08 10:28:31,167.22,27.0,193.44,18.0,165.44,27.0,208.18,22.0,180.33,26.22,54.0,40.0,33.36302249497184,94,14.0,7.0,0.15,164.25,
2025-04-08 10:28:32,168.0,18.0,191.83,12.0,167.0,18.0,192.67,15.0,179.92,23.830000000000013,36.0,27.0,31.439379287765732,63,9.0,-31.0,0.14,164.25,
2025-04-08 10:28:33,167.0,24.0,190.62,16.0,164.0,109.0,192.0,16.0,178.81,23.620000000000005,133.0,32.0,0.5821254160298036,165,101.0,102.0,0.61,168.0,3.0
2025-04-08 10:28:34,167.0,36.0,189.0,24.0,164.0,138.0,221.96,23.0,178.0,22.0,174.0,47.0,0.9720442376701582,221,127.0,56.0,0.57,168.0,
2025-04-08 10:28:35,167.63,57.0,185.21,28.0,164.39,114.0,310.92,39.0,176.42,17.580000000000013,171.0,67.0,1.5688945152519072,238,104.0,17.0,0.44,168.0,
2025-04-08 10:28:38,167.36,25.0,178.56,18.0,165.32,19.0,181.22,18.0,172.96,11.199999999999989,44.0,36.0,1.861969387499824,80,8.0,-76.0,0.1,168.8,5.0
2025-04-08 10:28:39,167.0,5.0,177.6,10.0,165.27,11.0,178.6,10.0,172.3,10.599999999999994,16.0,20.0,1.705382655003311,36,-4.0,-44.0,-0.11,168.8,
2025-04-08 10:28:40,167.0,12.0,174.75,24.0,165.52,29.0,176.0,24.0,170.88,7.75,41.0,48.0,1.8457870949776127,89,-7.0,53.0,-0.08,168.8,
2025-04-08 10:28:41,167.0,9.0,173.11,18.0,164.64,25.0,174.11,18.0,170.06,6.110000000000014,34.0,36.0,1.9161471759720348,70,-2.0,-19.0,-0.03,168.8,
2025-04-08 10:28:42,167.0,8.0,170.1,20.0,165.0,40.0,170.82,22.0,168.55,3.0999999999999943,48.0,42.0,1.7620726432202445,90,6.0,20.0,0.07,168.8,
2025-04-08 10:28:43,165.75,16.0,168.33,24.0,164.62,48.0,170.0,20.0,167.04,2.5800000000000125,64.0,44.0,2.0407302614468232,108,20.0,18.0,0.19,167.0,1.0
2025-04-08 10:28:44,164.0,63.0,168.12,16.0,163.0,70.0,170.86,14.0,166.06,4.1200000000000045,133.0,30.0,2.011472097739472,163,103.0,55.0,0.63,165.0,5.0
2025-04-08 10:28:45,163.47,95.0,166.12,25.0,162.64,61.0,167.08,25.0,164.8,2.6500000000000057,156.0,50.0,2.063690868319212,206,106.0,43.0,0.51,165.0,
2025-04-08 10:28:46,163.19,122.0,201.19,32.0,161.92,61.0,313.68,25.0,182.19,38.0,183.0,57.0,7.10024436199097,240,126.0,34.0,0.53,163.62,8.0
2025-04-08 10:28:47,164.0,40.0,320.4,15.0,163.0,35.0,322.0,5.0,242.2,156.39999999999998,75.0,20.0,33.04388173323448,95,55.0,-145.0,0.58,163.62,
2025-04-08 10:28:48,164.0,48.0,317.83,18.0,163.0,42.0,496.67,6.0,240.92,153.82999999999998,90.0,24.0,39.24446559707484,114,66.0,19.0,0.58,163.62,
2025-04-08 10:28:49,164.07,59.0,315.31,35.0,163.06,88.0,339.43,23.0,239.69,151.24,147.0,58.0,37.45801182657716,205,89.0,91.0,0.43,168.0,1.0
2025-04-08 10:28:50,165.83,41.0,241.25,28.0,163.37,67.0,252.39,23.0,203.54,75.41999999999999,108.0,51.0,27.40494426193925,159,57.0,-46.0,0.36,167.75,4.0
2025-04-08 10:28:51,164.0,19.0,183.81,32.0,163.0,91.0,185.18,33.0,173.91,19.81,110.0,65.0,30.468790097409453,175,45.0,16.0,0.26,164.0,3.0
2025-04-08 10:28:52,164.08,12.0,179.38,26.0,163.01,78.0,182.35,34.0,171.73,15.299999999999985,90.0,60.0,33.78115702577389,150,30.0,-25.0,0.2,164.0,
2025-04-08 10:28:53,163.12,51.0,176.75,24.0,161.33,27.0,177.87,31.0,169.93,13.629999999999995,78.0,55.0,30.13480379892971,133,23.0,-17.0,0.17,164.0,3.0
2025-04-08 10:28:54,164.33,54.0,174.67,27.0,162.6,45.0,177.0,18.0,169.5,10.339999999999977,99.0,45.0,14.537202963430907,144,54.0,11.0,0.38,164.0,
2025-04-08 10:28:55,165.0,48.0,173.18,17.0,163.0,48.0,174.26,23.0,169.09,8.180000000000007,96.0,40.0,1.993920760708084,136,56.0,-8.0,0.41,164.0,
2025-04-08 10:28:56,165.0,72.0,172.25,32.0,163.0,72.0,173.43,28.0,168.62,7.25,144.0,60.0,1.1963402525964213,204,84.0,68.0,0.41,164.0,
2025-04-08 10:28:57,164.19,57.0,171.86,42.0,161.75,64.0,173.0,28.0,168.03,7.670000000000016,121.0,70.0,0.7420444730488476,191,51.0,-13.0,0.27,164.18,11.0
2025-04-08 10:28:58,161.79,33.0,170.6,25.0,160.74,38.0,171.8,25.0,166.19,8.810000000000002,71.0,50.0,1.2933019755579995,121,21.0,-70.0,0.17,162.33,3.0
2025-04-08 10:28:59,161.27,26.0,168.6,15.0,160.33,15.0,169.4,15.0,164.93,7.329999999999984,41.0,30.0,1.7537445652038663,71,11.0,-50.0,0.15,168.0,1.0
2025-04-08 10:29:00,161.0,40.0,167.05,21.0,160.0,16.0,168.0,18.0,164.02,6.050000000000011,56.0,39.0,1.9650623399734568,95,17.0,24.0,0.18,161.0,5.0
2025-04-08 10:29:01,160.0,14.0,164.59,17.0,158.0,21.0,166.55,11.0,162.29,4.590000000000003,35.0,28.0,2.171639933318091,63,7.0,-32.0,0.11,161.0,
2025-04-08 10:29:02,158.0,18.0,161.92,25.0,141.86,28.0,162.69,29.0,159.96,3.919999999999988,46.0,54.0,2.42614302958042,100,-8.0,37.0,-0.08,160.0,2.0
2025-04-08 10:29:03,142.78,54.0,151.43,14.0,96.94,17.0,152.86,36.0,147.1,8.650000000000006,71.0,50.0,7.272258933782653,121,21.0,21.0,0.17,160.0,
2025-04-08 10:29:06,131.26,38.0,159.04,28.0,99.11,27.0,207.23,26.0,145.15,27.78,65.0,54.0,9.29858967800931,119,11.0,-7.0,0.09,154.58,12.0
2025-04-08 10:29:07,128.03,58.0,164.37,71.0,71.71,56.0,231.06,33.0,146.2,36.34,114.0,104.0,5.28736701960259,218,10.0,99.0,0.05,157.86,7.0
2025-04-08 10:29:11,162.0,10.0,205.76,46.0,131.83,53.0,218.88,16.0,183.88,43.75999999999999,63.0,62.0,21.925645258463494,125,1.0,-71.0,0.01,157.86,
2025-04-08 10:29:12,162.0,10.0,182.86,42.0,148.65,23.0,184.23,26.0,172.43,20.860000000000014,33.0,68.0,16.922459041167226,101,-35.0,-24.0,-0.35,157.86,
2025-04-08 10:29:13,164.33,36.0,180.0,36.0,162.71,14.0,184.0,60.0,172.17,15.669999999999987,50.0,96.0,15.735404983666053,146,-46.0,45.0,-0.32,157.86,
2025-04-08 10:29:14,166.3,20.0,182.11,38.0,164.07,15.0,203.16,38.0,174.2,15.810000000000002,35.0,76.0,8.145856001672419,111,-41.0,-35.0,-0.37,166.2,5.0
2025-04-08 10:29:16,134.99,79.0,321.1,20.0,126.13,78.0,310.14,28.0,228.04,186.11,157.0,48.0,31.01558205160726,205,109.0,-20.0,0.53,150.0,1.0
2025-04-08 10:29:17,162.31,59.0,361.92,24.0,149.1,30.0,363.67,24.0,262.11,199.61,89.0,48.0,48.24069827438223,137,41.0,-68.0,0.3,162.0,2.0
2025-04-08 10:29:18,162.82,88.0,300.62,26.0,161.0,13.0,336.92,26.0,231.72,137.8,101.0,52.0,48.301764149976805,153,49.0,16.0,0.32,162.0,
2025-04-08 10:29:19,165.0,183.0,202.78,18.0,163.0,70.0,205.8,20.0,183.89,37.78,253.0,38.0,46.79233323953813,291,215.0,138.0,0.74,165.0,1.0
2025-04-08 10:29:20,165.8,60.0,184.07,15.0,164.86,116.0,189.44,9.0,174.93,18.269999999999985,176.0,24.0,36.17980748981378,200,152.0,-91.0,0.76,165.0,
2025-04-08 10:29:21,165.03,238.0,177.2,30.0,163.36,100.0,177.38,37.0,171.12,12.169999999999987,338.0,67.0,40.22716532394476,405,271.0,168.0,0.67,167.0,4.0
2025-04-08 10:29:22,165.0,270.0,171.4,30.0,163.66,59.0,173.2,30.0,168.2,6.400000000000006,329.0,60.0,26.246742083542145,389,269.0,-16.0,0.69,167.0,
2025-04-08 10:29:23,165.0,241.0,166.57,28.0,163.29,84.0,175.43,28.0,165.79,1.5699999999999932,325.0,56.0,7.082487557347454,381,269.0,-8.0,0.71,165.0,3.0
2025-04-08 10:29:24,165.0,97.0,166.0,7.0,163.0,70.0,193.0,14.0,165.5,1.0,167.0,21.0,3.962167336191309,188,146.0,-168.0,0.78,165.17,6.0
2025-04-08 10:29:25,165.0,38.0,166.0,7.0,163.0,70.0,267.86,21.0,165.5,1.0,108.0,28.0,2.4562206741213632,136,80.0,-52.0,0.59,165.0,5.0
2025-04-08 10:29:26,165.0,72.0,166.0,12.0,163.0,120.0,187.67,36.0,165.5,1.0,192.0,48.0,1.1817444732179363,240,144.0,104.0,0.6,165.0,
2025-04-08 10:29:27,165.0,30.0,166.0,6.0,163.0,60.0,270.75,24.0,165.5,1.0,90.0,30.0,0.1296919426222618,120,60.0,-120.0,0.5,165.0,
2025-04-08 10:29:28,165.75,16.0,216.0,35.0,163.7,46.0,408.0,28.0,190.88,50.25,62.0,63.0,11.350281053788102,125,-1.0,5.0,-0.01,165.0,1.0
2025-04-08 10:29:29,168.0,7.0,216.0,35.0,165.0,28.0,328.64,22.0,192.0,48.0,35.0,57.0,14.21344011842246,92,-22.0,-33.0,-0.24,165.6,5.0
2025-04-08 10:29:30,163.0,103.0,241.39,56.0,161.0,60.0,412.45,40.0,202.2,78.38999999999999,163.0,96.0,16.76306296593737,259,67.0,167.0,0.26,163.0,5.0
2025-04-08 10:29:31,163.92,13.0,455.7,23.0,162.52,21.0,562.69,26.0,309.81,291.78,34.0,49.0,56.28301271254037,83,-15.0,-168.0,-0.18,163.0,
2025-04-08 10:29:32,164.0,16.0,242.19,37.0,163.0,48.0,245.35,31.0,203.09,78.19,64.0,68.0,50.743922099104445,132,-4.0,49.0,-0.03,163.0,
2025-04-08 10:29:33,166.4,30.0,236.57,35.0,163.31,26.0,238.0,28.0,201.49,70.16999999999999,56.0,63.0,49.44817155365788,119,-7.0,-13.0,-0.06,163.0,
2025-04-08 10:29:34,167.0,36.0,233.58,26.0,164.0,12.0,239.48,23.0,200.29,66.58000000000001,48.0,49.0,48.32892901772168,97,-1.0,-22.0,-0.01,163.0,
2025-04-08 10:29:35,167.75,64.0,224.42,38.0,165.6,30.0,232.78,51.0,196.09,56.66999999999999,94.0,89.0,49.06979192945473,183,5.0,86.0,0.03,167.0,2.0
2025-04-08 10:29:39,167.46,35.0,186.65,17.0,163.91,141.0,190.0,85.0,177.05,19.19,176.0,102.0,7.82000511508675,278,74.0,168.0,0.27,168.0,2.0
2025-04-08 10:29:40,167.0,36.0,184.14,28.0,163.0,156.0,186.62,56.0,175.57,17.139999999999986,192.0,84.0,1.8464019064069088,276,108.0,-2.0,0.39,168.0,
2025-04-08 10:29:41,164.07,101.0,179.94,47.0,162.76,153.0,180.88,43.0,172.0,15.870000000000005,254.0,90.0,2.929143219438592,344,164.0,68.0,0.48,164.71,7.0
2025-04-08 10:29:42,165.3,23.0,178.78,9.0,163.24,38.0,180.0,45.0,172.04,13.47999999999999,61.0,54.0,2.953078055179568,115,7.0,-168.0,0.06,167.0,3.0
2025-04-08 10:29:43,167.0,14.0,174.24,42.0,166.0,14.0,176.7,54.0,170.62,7.240000000000009,28.0,96.0,2.718166661553903,124,-68.0,9.0,-0.55,167.0,
2025-04-08 10:29:44,163.95,39.0,169.27,75.0,162.87,118.0,169.73,55.0,166.61,5.320000000000022,157.0,130.0,3.2290044905485904,287,27.0,163.0,0.09,166.5,2.0
2025-04-08 10:29:45,162.66,70.0,164.08,13.0,161.9,40.0,165.74,47.0,163.37,1.420000000000016,110.0,60.0,3.816054244895235,170,50.0,-117.0,0.29,163.0,9.0
2025-04-08 10:29:46,161.56,9.0,188.6,25.0,160.56,9.0,221.22,45.0,175.08,27.039999999999992,18.0,70.0,4.603306420387737,88,-52.0,-82.0,-0.59,162.0,6.0
2025-04-08 10:29:47,162.8,20.0,227.0,60.0,160.33,12.0,406.33,36.0,194.9,64.19999999999999,32.0,96.0,12.419163820482558,128,-64.0,40.0,-0.5,162.0,
2025-04-08 10:29:48,164.0,33.0,336.57,35.0,161.0,11.0,564.04,47.0,250.29,172.57,44.0,82.0,35.839004589971275,126,-38.0,-2.0,-0.3,162.0,
2025-04-08 10:29:49,164.0,22.0,296.8,50.0,160.9,10.0,403.5,50.0,230.4,132.8,32.0,100.0,36.75116692024869,132,-68.0,6.0,-0.52,164.0,1.0
2025-04-08 10:29:50,166.8,60.0,345.74,46.0,163.89,18.0,387.6,50.0,256.27,178.94,78.0,96.0,35.28222172709623,174,-18.0,42.0,-0.1,164.0,
2025-04-08 10:29:51,164.95,56.0,393.97,68.0,160.15,54.0,443.64,70.0,279.46,229.02000000000004,110.0,138.0,31.734169754382748,248,-28.0,74.0,-0.11,161.25,8.0
2025-04-08 10:29:52,162.92,12.0,308.57,37.0,159.14,37.0,408.35,40.0,235.74,145.65,49.0,77.0,19.325262482046156,126,-28.0,-122.0,-0.22,160.0,1.0
2025-04-08 10:29:53,167.0,9.0,291.51,41.0,162.67,9.0,434.41,37.0,229.26,124.51,18.0,78.0,21.52698492590128,96,-60.0,-30.0,-0.62,160.0,
2025-04-08 10:29:54,167.0,7.0,276.81,27.0,164.0,7.0,334.8,15.0,221.91,109.81,14.0,42.0,23.34541646662105,56,-28.0,-40.0,-0.5,160.0,
2025-04-08 10:29:55,167.0,10.0,230.0,50.0,164.0,10.0,428.0,10.0,198.5,63.0,20.0,60.0,29.55190992135672,80,-40.0,24.0,-0.5,160.0,
2025-04-08 10:29:56,164.25,12.0,216.91,44.0,161.25,12.0,341.96,48.0,190.58,52.66,24.0,92.0,19.68269341324969,116,-68.0,36.0,-0.59,166.2,5.0
2025-04-08 10:29:57,165.88,64.0,230.0,40.0,161.29,14.0,414.85,13.0,197.94,64.12,78.0,53.0,16.87994727479866,131,25.0,15.0,0.19,166.2,
2025-04-08 10:29:58,166.0,135.0,234.39,33.0,164.0,9.0,281.89,27.0,200.2,68.38999999999999,144.0,60.0,11.817854289167007,204,84.0,73.0,0.41,166.2,
2025-04-08 10:29:59,166.0,174.0,182.58,19.0,164.0,12.0,340.41,17.0,174.29,16.580000000000013,186.0,36.0,10.72354978540146,222,150.0,18.0,0.68,166.0,3.0
2025-04-08 10:30:00,166.0,125.0,300.26,19.0,164.0,23.0,395.1,41.0,233.13,134.26,148.0,60.0,21.497913154536263,208,88.0,-14.0,0.42,166.0,1.0
2025-04-08 10:30:01,166.0,99.0,353.72,39.0,164.0,27.0,569.17,12.0,259.86,187.72000000000003,126.0,51.0,33.5042867406543,177,75.0,-31.0,0.42,166.0,
2025-04-08 10:30:02,166.0,66.0,398.33,30.0,164.0,18.0,662.86,7.0,282.17,232.33,84.0,37.0,43.63125313350493,121,47.0,-56.0,0.39,166.0,
2025-04-08 10:30:03,167.0,112.0,371.53,19.0,166.0,154.0,518.0,62.0,269.26,204.53,266.0,81.0,42.78978931941572,347,185.0,168.0,0.53,166.0,
2025-04-08 10:30:04,167.2,60.0,303.33,30.0,166.0,121.0,433.86,21.0,235.27,136.13,181.0,51.0,21.37958535612845,232,130.0,-115.0,0.56,167.0,4.0
2025-04-08 10:30:07,166.0,80.0,179.21,28.0,164.0,18.0,180.29,28.0,172.61,13.210000000000008,98.0,56.0,43.185767678715465,154,42.0,-132.0,0.27,168.4,5.0
2025-04-08 10:30:08,166.0,110.0,176.55,33.0,164.0,38.0,179.0,44.0,171.27,10.550000000000011,148.0,77.0,27.07814672388025,225,71.0,71.0,0.32,168.4,
2025-04-08 10:30:09,166.0,110.0,175.2,30.0,164.0,52.0,177.54,35.0,170.6,9.199999999999989,162.0,65.0,4.548842709963476,227,97.0,2.0,0.43,168.4,
2025-04-08 10:30:10,166.0,78.0,173.89,27.0,164.0,54.0,175.0,18.0,169.94,7.889999999999986,132.0,45.0,2.4098900389827214,177,87.0,-50.0,0.49,166.0,4.0
2025-04-08 10:30:11,166.0,94.0,170.16,25.0,164.0,144.0,171.19,36.0,168.08,4.159999999999997,238.0,61.0,1.675186556771611,299,177.0,122.0,0.59,166.0,2.0
2025-04-08 10:30:12,166.41,61.0,169.75,28.0,164.22,182.0,205.21,34.0,168.08,3.3400000000000034,243.0,62.0,1.4598904068417082,305,181.0,6.0,0.59,167.0,7.0
2025-04-08 10:30:13,166.48,54.0,169.0,27.0,164.12,134.0,170.0,45.0,167.74,2.5200000000000102,188.0,72.0,1.2904727815760295,260,116.0,-45.0,0.45,167.0,
2025-04-08 10:30:14,167.0,118.0,168.13,46.0,165.89,38.0,251.53,34.0,167.57,1.1299999999999957,156.0,80.0,0.9527958857954452,236,76.0,-24.0,0.32,167.0,3.0
2025-04-08 10:30:15,167.0,71.0,297.52,29.0,164.0,18.0,459.89,19.0,232.26,130.51999999999998,89.0,48.0,28.79804819775093,137,41.0,-99.0,0.3,167.0,5.0
2025-04-08 10:30:16,167.0,84.0,428.6,30.0,164.0,22.0,611.0,25.0,297.8,261.6,106.0,55.0,58.07982868432018,161,51.0,24.0,0.32,167.0,2.0
2025-04-08 10:30:17,167.0,36.0,462.07,28.0,164.0,20.0,515.0,6.0,314.54,295.07,56.0,34.0,69.54108512239348,90,22.0,-71.0,0.24,167.0,4.0
2025-04-08 10:30:20,163.08,146.0,363.23,13.0,162.18,88.0,716.9,31.0,263.16,200.15,234.0,44.0,72.55001323225216,278,190.0,168.0,0.68,166.2,5.0
2025-04-08 10:30:21,163.0,112.0,328.29,7.0,162.0,112.0,727.0,21.0,245.64,165.29000000000002,224.0,28.0,74.3751233948554,252,196.0,-26.0,0.78,166.2,
2025-04-08 10:30:25,163.0,126.0,219.89,46.0,162.0,192.0,230.15,40.0,191.45,56.88999999999999,318.0,86.0,79.40071737711168,404,232.0,168.0,0.57,163.0,3.0
2025-04-08 10:30:26,163.0,139.0,219.71,49.0,162.0,240.0,221.04,71.0,191.36,56.71000000000001,379.0,120.0,91.67198546993497,499,259.0,95.0,0.52,163.0,1.0
2025-04-08 10:30:27,163.0,89.0,212.23,44.0,162.0,160.0,214.36,42.0,187.61,49.22999999999999,249.0,86.0,88.4151628964171,335,163.0,-164.0,0.49,163.0,1.0
2025-04-08 10:30:28,163.86,70.0,178.49,45.0,162.19,93.0,188.93,44.0,171.17,14.629999999999995,163.0,89.0,65.87156723503682,252,74.0,-83.0,0.29,163.0,
2025-04-08 10:30:29,164.54,46.0,168.88,51.0,163.06,77.0,169.47,19.0,166.71,4.340000000000003,123.0,70.0,11.820313024619123,193,53.0,-59.0,0.27,164.0,5.0
2025-04-08 10:30:30,164.0,11.0,167.87,31.0,163.0,132.0,168.88,51.0,165.94,3.870000000000005,143.0,82.0,12.041609942195487,225,61.0,32.0,0.27,164.0,
2025-04-08 10:30:31,163.23,47.0,165.41,54.0,162.73,180.0,166.92,37.0,164.32,2.180000000000007,227.0,91.0,9.545137505556523,318,136.0,93.0,0.43,164.0,1.0
2025-04-08 10:30:32,163.0,47.0,165.42,31.0,162.0,176.0,192.26,38.0,164.21,2.4199999999999875,223.0,69.0,2.8354276573353907,292,154.0,-26.0,0.53,163.0,10.0
2025-04-08 10:30:33,162.47,30.0,169.58,24.0,161.98,114.0,209.61,23.0,166.03,7.110000000000014,144.0,47.0,1.115602975965303,191,97.0,-101.0,0.51,163.0,2.0
2025-04-08 10:30:34,162.0,128.0,195.5,16.0,161.0,16.0,197.0,32.0,178.75,33.5,144.0,48.0,6.153880889323597,192,96.0,1.0,0.5,163.0,
2025-04-08 10:30:35,162.0,208.0,184.65,20.0,161.0,26.0,192.29,24.0,173.32,22.65000000000001,234.0,44.0,6.458732847856604,278,190.0,86.0,0.68,163.0,
2025-04-08 10:30:36,162.16,110.0,174.64,22.0,161.96,52.0,179.0,11.0,168.4,12.47999999999999,162.0,33.0,5.901886986378313,195,129.0,-83.0,0.66,163.0,9.0
2025-04-08 10:30:37,162.06,47.0,174.0,14.0,161.87,38.0,185.43,7.0,168.03,11.939999999999998,85.0,21.0,5.140100193574203,106,64.0,-89.0,0.6,163.0,1.0
2025-04-08 10:30:38,166.88,177.0,173.26,19.0,161.97,102.0,181.65,17.0,170.07,6.379999999999996,279.0,36.0,4.45369846307329,315,243.0,168.0,0.77,163.0,
2025-04-08 10:30:39,168.0,112.0,170.62,13.0,162.0,77.0,172.25,8.0,169.31,2.6200000000000045,189.0,21.0,2.1090827390080653,210,168.0,-105.0,0.8,163.0,
2025-04-08 10:30:40,168.0,47.0,169.33,6.0,162.0,33.0,240.67,6.0,168.67,1.3300000000000125,80.0,12.0,0.8057170719191455,92,68.0,-118.0,0.74,168.0,1.0
2025-04-08 10:30:41,168.0,122.0,169.0,20.0,162.0,110.0,315.7,40.0,168.5,1.0,232.0,60.0,0.7914417224167303,292,172.0,168.0,0.59,168.0,4.0
2025-04-08 10:30:51,168.0,20.0,204.6,50.0,167.0,10.0,275.0,24.0,186.3,36.6,30.0,74.0,1.138494620094337,104,-44.0,20.0,-0.42,168.0,
2025-04-08 10:30:52,168.0,30.0,192.29,51.0,167.0,15.0,201.49,53.0,180.15,24.289999999999992,45.0,104.0,3.2324402546658604,149,-59.0,45.0,-0.4,168.0,
2025-04-08 10:30:53,166.33,18.0,183.22,45.0,164.86,14.0,185.0,18.0,174.78,16.889999999999986,32.0,63.0,5.401524784723776,95,-31.0,-54.0,-0.33,167.0,4.0
2025-04-08 10:30:54,164.83,24.0,181.42,60.0,163.72,29.0,185.0,24.0,173.12,16.589999999999975,53.0,84.0,6.374318002734585,137,-31.0,42.0,-0.23,164.67,3.0
2025-04-08 10:30:55,164.0,16.0,180.88,34.0,163.0,32.0,183.18,22.0,172.44,16.879999999999995,48.0,56.0,5.842689449216637,104,-8.0,-33.0,-0.08,164.67,
2025-04-08 10:30:56,165.52,23.0,177.15,39.0,163.3,46.0,179.09,66.0,171.34,11.629999999999995,69.0,105.0,3.465714933457266,174,-36.0,70.0,-0.21,164.67,
2025-04-08 10:30:57,166.5,20.0,172.97,58.0,163.5,40.0,175.08,51.0,169.73,6.469999999999999,60.0,109.0,1.8952097509219608,169,-49.0,-5.0,-0.29,169.0,1.0
2025-04-08 10:30:58,162.12,34.0,171.93,29.0,161.58,52.0,172.94,48.0,167.02,9.810000000000002,86.0,77.0,2.4378474111376147,163,9.0,-6.0,0.06,162.79,14.0
2025-04-08 10:30:59,161.0,42.0,171.0,12.0,160.0,36.0,172.0,18.0,166.0,10.0,78.0,30.0,2.75201380810326,108,48.0,-55.0,0.44,162.79,
2025-04-08 10:31:00,161.16,86.0,170.14,21.0,160.09,79.0,171.78,37.0,165.65,8.97999999999999,165.0,58.0,2.480820428808105,223,107.0,115.0,0.48,168.0,2.0
2025-04-08 10:31:01,161.11,79.0,168.8,15.0,160.26,81.0,171.92,37.0,164.96,7.689999999999998,160.0,52.0,1.8641003191867596,212,108.0,-11.0,0.51,168.0,
2025-04-08 10:31:02,161.17,29.0,167.14,21.0,160.49,71.0,168.04,23.0,164.16,5.969999999999999,100.0,44.0,1.0785731314995055,144,56.0,-68.0,0.39,161.5,6.0
2025-04-08 10:31:03,160.59,66.0,164.79,42.0,159.89,110.0,167.0,14.0,162.69,4.199999999999989,176.0,56.0,1.322070346083362,232,120.0,88.0,0.52,161.5,
2025-04-08 10:31:04,162.0,56.0,163.49,49.0,160.0,170.0,225.0,43.0,162.74,1.490000000000009,226.0,92.0,1.3196022127873257,318,134.0,86.0,0.42,162.0,1.0
2025-04-08 10:31:05,160.0,80.0,218.17,48.0,124.3,46.0,239.22,36.0,189.08,58.16999999999999,126.0,84.0,11.419084026312785,210,42.0,-108.0,0.2,162.0,2.0
2025-04-08 10:31:06,160.64,33.0,215.56,16.0,158.42,38.0,217.88,32.0,188.1,54.920000000000016,71.0,48.0,13.92532872143383,119,23.0,-91.0,0.19,162.0,
2025-04-08 10:31:07,167.0,13.0,211.32,37.0,160.25,48.0,215.1,29.0,189.16,44.31999999999999,61.0,66.0,14.282499081042785,127,-5.0,8.0,-0.04,162.0,
2025-04-08 10:31:08,167.0,9.0,169.11,45.0,162.0,9.0,190.11,9.0,168.06,2.1100000000000136,18.0,54.0,12.94987721949469,72,-36.0,-55.0,-0.5,167.0,1.0
2025-04-08 10:31:09,159.5,12.0,167.89,45.0,157.39,31.0,225.53,15.0,163.69,8.389999999999986,43.0,60.0,12.647253456778175,103,-17.0,31.0,-0.17,158.67,3.0
2025-04-08 10:31:10,157.0,10.0,167.0,25.0,149.0,5.0,258.0,5.0,162.0,10.0,15.0,30.0,13.36049475131777,45,-15.0,-58.0,-0.33,158.67,
2025-04-08 10:31:11,158.98,43.0,165.39,90.0,157.16,38.0,175.98,62.0,162.18,6.409999999999997,81.0,152.0,11.521893073622577,233,-71.0,168.0,-0.3,158.67,
2025-04-08 10:31:12,160.05,58.0,162.59,34.0,156.67,45.0,165.0,40.0,161.32,2.539999999999992,103.0,74.0,2.718547406243702,177,29.0,-56.0,0.16,162.0,3.0
2025-04-08 10:31:13,161.47,76.0,164.37,38.0,157.39,92.0,235.15,26.0,162.92,2.9000000000000057,168.0,64.0,0.9092414420794652,232,104.0,55.0,0.45,162.0,2.0
2025-04-08 10:31:14,164.0,24.0,187.67,15.0,160.0,56.0,480.78,18.0,175.83,23.669999999999987,80.0,33.0,6.164365336350033,113,47.0,-119.0,0.42,164.0,5.0
2025-04-08 10:31:15,164.0,20.0,281.06,16.0,160.0,80.0,414.54,26.0,222.53,117.06,100.0,42.0,26.163339427527006,142,58.0,29.0,0.41,164.0,
2025-04-08 10:31:16,160.31,52.0,314.12,25.0,156.69,70.0,457.53,19.0,237.21,153.81,122.0,44.0,35.44148515511142,166,78.0,24.0,0.47,161.6,10.0
2025-04-08 10:31:17,160.92,13.0,188.0,14.0,158.0,12.0,189.0,7.0,174.46,27.080000000000013,25.0,21.0,33.004739811123834,46,4.0,-120.0,0.09,161.6,
2025-04-08 10:31:18,161.0,16.0,186.53,34.0,160.0,8.0,188.14,14.0,173.76,25.53,24.0,48.0,30.67837300118736,72,-24.0,26.0,-0.33,161.6,
2025-04-08 10:31:19,161.27,22.0,185.75,40.0,160.0,17.0,186.65,37.0,173.51,24.47999999999999,39.0,77.0,31.088832882563825,116,-38.0,44.0,-0.33,161.6,
2025-04-08 10:31:20,162.9,41.0,183.3,40.0,160.0,70.0,184.03,30.0,173.1,20.40000000000001,111.0,70.0,28.403481652783103,181,41.0,65.0,0.23,161.6,
2025-04-08 10:31:21,165.94,49.0,178.88,50.0,161.6,75.0,179.82,49.0,172.41,12.939999999999998,124.0,99.0,0.7622138807396671,223,25.0,42.0,0.11,161.6,
2025-04-08 10:31:23,167.89,46.0,170.61,72.0,163.21,57.0,171.24,59.0,169.25,2.7200000000000277,103.0,131.0,1.67396236516621,234,-28.0,7.0,-0.12,169.0,3.0
2025-04-08 10:31:24,165.87,93.0,168.68,38.0,163.8,60.0,170.37,59.0,167.28,2.8100000000000023,153.0,97.0,2.452922746438097,250,56.0,16.0,0.22,166.57,7.0
2025-04-08 10:31:25,164.0,60.0,167.04,52.0,163.0,24.0,168.29,14.0,165.52,3.039999999999992,84.0,66.0,2.9675360149447334,150,18.0,-100.0,0.12,166.57,
2025-04-08 10:31:26,164.0,44.0,166.52,21.0,163.0,26.0,167.18,34.0,165.26,2.5200000000000102,70.0,55.0,2.8052842993170444,125,15.0,-25.0,0.12,164.0,1.0
2025-04-08 10:31:27,163.34,38.0,165.65,31.0,162.05,21.0,167.06,67.0,164.49,2.3100000000000023,59.0,98.0,1.9112168898362605,157,-39.0,32.0,-0.25,163.8,5.0
2025-04-08 10:31:28,163.0,23.0,166.62,56.0,161.0,12.0,411.7,43.0,164.81,3.620000000000005,35.0,99.0,1.0861261436848777,134,-64.0,-23.0,-0.48,164.0,1.0
2025-04-08 10:31:29,163.0,15.0,164.0,15.0,161.0,15.0,165.0,75.0,163.5,1.0,30.0,90.0,0.7875468240022997,120,-60.0,-14.0,-0.5,164.0,
2025-04-08 10:31:30,163.0,9.0,164.0,9.0,161.0,9.0,165.0,45.0,163.5,1.0,18.0,54.0,0.7901075876083472,72,-36.0,-48.0,-0.5,164.0,
2025-04-08 10:31:31,160.18,40.0,163.0,10.0,147.42,66.0,205.76,34.0,161.59,2.819999999999993,106.0,44.0,1.256371760267081,150,62.0,78.0,0.41,161.33,3.0
2025-04-08 10:31:32,160.0,98.0,161.14,28.0,118.76,75.0,194.43,21.0,160.57,1.1399999999999864,173.0,49.0,1.6924036161616285,222,124.0,72.0,0.56,160.0,4.0
2025-04-08 10:31:33,160.0,83.0,161.0,27.0,123.0,30.0,270.11,19.0,160.5,1.0,113.0,46.0,1.494981605237115,159,67.0,-63.0,0.42,160.0,2.0
2025-04-08 10:31:34,160.0,69.0,166.33,27.0,145.0,27.0,279.32,31.0,163.17,6.3300000000000125,96.0,58.0,1.4135168905950026,154,38.0,-5.0,0.25,160.0,3.0
2025-04-08 10:31:35,160.0,22.0,209.0,18.0,145.0,18.0,285.0,18.0,184.5,49.0,40.0,36.0,10.361227243912532,76,4.0,-78.0,0.05,160.0,4.0
2025-04-08 10:31:36,160.0,6.0,286.25,16.0,145.0,18.0,410.9,20.0,223.12,126.25,24.0,36.0,26.95995307859398,60,-12.0,-16.0,-0.2,160.0,
2025-04-08 10:31:37,150.25,16.0,228.6,20.0,122.25,40.0,422.67,18.0,189.43,78.35,56.0,38.0,25.22966765536133,94,18.0,34.0,0.19,160.0,1.0
2025-04-08 10:31:38,168.0,5.0,274.5,8.0,145.0,15.0,338.69,13.0,221.25,106.5,20.0,21.0,25.62151693401424,41,-1.0,-53.0,-0.02,160.0,
2025-04-08 10:31:39,168.0,8.0,274.0,32.0,167.0,104.0,275.0,8.0,221.0,106.0,112.0,40.0,19.171422743238736,152,72.0,111.0,0.47,160.0,
2025-04-08 10:31:40,168.0,11.0,259.61,46.0,167.0,143.0,273.12,17.0,213.8,91.61,154.0,63.0,14.036290464363008,217,91.0,65.0,0.42,160.0,
2025-04-08 10:31:41,167.27,15.0,217.0,25.0,166.7,61.0,271.0,20.0,192.13,49.72999999999999,76.0,45.0,15.60257895349265,121,31.0,-96.0,0.26,167.33,3.0
2025-04-08 10:31:42,167.0,88.0,271.0,32.0,165.0,77.0,421.0,40.0,219.0,104.0,165.0,72.0,12.281173803833587,237,93.0,116.0,0.39,167.33,
2025-04-08 10:31:43,167.0,99.0,269.77,26.0,165.0,106.0,345.5,40.0,218.38,102.76999999999998,205.0,66.0,11.885348964164605,271,139.0,34.0,0.51,167.33,
2025-04-08 10:31:44,167.0,145.0,256.4,20.0,165.0,135.0,266.49,55.0,211.7,89.39999999999998,280.0,75.0,10.987166149647951,355,205.0,84.0,0.58,167.0,4.0
2025-04-08 10:31:45,167.0,84.0,246.41,34.0,165.0,108.0,246.45,33.0,206.71,79.41,192.0,67.0,10.99329477454192,259,125.0,-96.0,0.48,167.0,
2025-04-08 10:31:46,167.0,63.0,244.14,28.0,165.0,81.0,245.31,26.0,205.57,77.13999999999999,144.0,54.0,6.299870633589942,198,90.0,-61.0,0.45,167.0,
2025-04-08 10:31:47,167.73,77.0,183.94,52.0,165.88,112.0,198.59,27.0,175.83,16.210000000000008,189.0,79.0,16.34607812290076,268,110.0,70.0,0.41,167.0,
2025-04-08 10:31:51,164.75,120.0,172.3,80.0,163.85,153.0,178.23,31.0,168.53,7.550000000000011,273.0,111.0,3.834925031861206,384,162.0,131.0,0.42,165.5,12.0
2025-04-08 10:31:52,163.78,80.0,167.83,48.0,162.99,170.0,173.24,33.0,165.8,4.050000000000011,250.0,81.0,5.48750671981339,331,169.0,-53.0,0.51,163.67,3.0
2025-04-08 10:31:53,163.05,170.0,166.06,17.0,162.78,81.0,167.53,38.0,164.55,3.009999999999991,251.0,55.0,5.456871814510497,306,196.0,-25.0,0.64,164.0,1.0
2025-04-08 10:31:54,163.07,110.0,166.22,45.0,162.89,112.0,167.64,39.0,164.65,3.1500000000000057,222.0,84.0,4.224505888266807,306,138.0,0.0,0.45,163.5,2.0
2025-04-08 10:31:55,163.08,142.0,165.82,55.0,162.38,74.0,208.06,18.0,164.45,2.7399999999999807,216.0,73.0,1.7286063750902043,289,143.0,-17.0,0.49,165.0,2.0
2025-04-08 10:31:56,163.0,81.0,195.56,45.0,161.0,54.0,383.32,37.0,179.28,32.56,135.0,82.0,6.470767342440984,217,53.0,-72.0,0.24,164.0,5.0
2025-04-08 10:31:57,164.11,70.0,397.13,45.0,162.73,88.0,430.54,37.0,280.62,233.02,158.0,82.0,50.66436074796545,240,76.0,23.0,0.32,164.0,
2025-04-08 10:31:58,166.0,25.0,255.0,10.0,163.43,70.0,287.0,50.0,210.5,89.0,95.0,60.0,48.86851696133181,155,35.0,-85.0,0.23,166.0,5.0
2025-04-08 10:31:59,164.0,36.0,254.0,12.0,163.0,96.0,312.83,12.0,209.0,90.0,132.0,24.0,44.71965675181293,156,108.0,1.0,0.69,166.0,
2025-04-08 10:32:00,164.0,24.0,252.38,8.0,163.0,64.0,264.12,8.0,208.19,88.38,88.0,16.0,37.59264316325683,104,72.0,-52.0,0.69,166.0,
2025-04-08 10:32:01,164.0,21.0,251.0,7.0,163.0,56.0,323.43,7.0,207.5,87.0,77.0,14.0,32.13942003210319,91,63.0,-13.0,0.69,166.0,
2025-04-08 10:32:02,164.0,30.0,248.63,19.0,163.0,80.0,328.1,10.0,206.32,84.63,110.0,29.0,1.5734103088414813,139,81.0,48.0,0.58,166.0,
2025-04-08 10:32:03,163.22,54.0,247.1,40.0,162.45,44.0,249.0,10.0,205.16,83.88,98.0,50.0,1.5198947331870087,148,48.0,9.0,0.32,163.75,4.0
2025-04-08 10:32:04,163.0,70.0,244.75,16.0,161.0,20.0,246.0,34.0,203.88,81.75,90.0,50.0,1.7412639087658472,140,40.0,-8.0,0.29,163.75,
2025-04-08 10:32:05,163.0,49.0,238.71,7.0,161.0,14.0,244.88,25.0,200.86,75.71000000000001,63.0,32.0,2.5536405385198107,95,31.0,-45.0,0.33,163.75,
2025-04-08 10:32:06,163.0,28.0,201.25,8.0,161.0,16.0,226.12,8.0,182.12,38.25,44.0,16.0,10.01879833113613,60,28.0,-35.0,0.47,163.0,4.0
2025-04-08 10:32:07,162.35,49.0,180.53,34.0,160.34,79.0,181.0,35.0,171.44,18.180000000000007,128.0,69.0,15.08934458483808,197,59.0,137.0,0.3,161.0,4.0
2025-04-08 10:32:08,161.0,24.0,178.29,17.0,160.0,104.0,179.77,13.0,169.65,17.289999999999992,128.0,30.0,16.078277270901523,158,98.0,-39.0,0.62,161.0,
2025-04-08 10:32:09,160.17,109.0,176.0,35.0,159.69,113.0,176.37,35.0,168.08,15.830000000000013,222.0,70.0,13.691165034429858,292,152.0,134.0,0.52,161.0,
2025-04-08 10:32:10,168.0,36.0,173.85,13.0,160.0,156.0,174.96,23.0,170.92,5.849999999999994,192.0,36.0,5.563418014134824,228,156.0,-64.0,0.68,161.0,
2025-04-08 10:32:13,163.26,133.0,170.08,48.0,162.03,231.0,196.69,26.0,166.67,6.820000000000022,364.0,74.0,1.609481282899233,438,290.0,97.0,0.66,164.67,3.0
2025-04-08 10:32:14,163.0,121.0,170.1,31.0,161.0,196.0,171.15,39.0,166.55,7.099999999999994,317.0,70.0,1.9126865922056364,387,247.0,-51.0,0.64,163.0,7.0
2025-04-08 10:32:15,163.0,49.0,165.33,45.0,161.0,210.0,166.75,40.0,164.17,2.3300000000000125,259.0,85.0,2.1906893892116237,344,174.0,-43.0,0.51,163.0,
2025-04-08 10:32:16,162.2,35.0,164.2,30.0,160.91,130.0,173.61,28.0,163.2,2.0,165.0,58.0,2.2693875825882097,223,107.0,-121.0,0.48,163.0,3.0
2025-04-08 10:32:17,164.35,68.0,176.29,35.0,161.35,102.0,338.8,15.0,170.32,11.939999999999998,170.0,50.0,2.7584905292578616,220,120.0,-3.0,0.55,163.5,6.0
2025-04-08 10:32:18,165.0,37.0,237.21,24.0,163.25,16.0,303.6,15.0,201.1,72.21000000000001,53.0,39.0,15.908965082619266,92,14.0,-128.0,0.15,164.71,7.0
2025-04-08 10:32:19,163.0,11.0,233.84,32.0,162.0,11.0,236.13,23.0,198.42,70.84,22.0,55.0,18.771526842534502,77,-33.0,-15.0,-0.43,164.71,
2025-04-08 10:32:20,161.03,79.0,231.57,21.0,160.15,13.0,236.0,14.0,196.3,70.53999999999999,92.0,35.0,17.70573127549347,127,57.0,50.0,0.45,162.0,3.0
2025-04-08 10:32:21,161.14,83.0,226.43,21.0,160.65,46.0,231.2,30.0,193.79,65.29000000000002,129.0,51.0,12.407073788769932,180,78.0,53.0,0.43,161.0,3.0
2025-04-08 10:32:22,161.0,120.0,188.92,36.0,160.0,24.0,217.64,14.0,174.96,27.919999999999987,144.0,50.0,10.391163553711436,194,94.0,14.0,0.48,161.0,
2025-04-08 10:32:23,161.0,130.0,185.03,38.0,160.0,26.0,193.48,27.0,173.01,24.03,156.0,65.0,12.280616026893195,221,91.0,27.0,0.41,161.0,
2025-04-08 10:32:24,161.0,70.0,182.44,18.0,160.0,14.0,184.88,17.0,171.72,21.44,84.0,35.0,12.03686545575678,119,49.0,-102.0,0.41,161.0,
2025-04-08 10:32:25,161.0,73.0,179.7,20.0,160.0,16.0,181.8,20.0,170.35,18.69999999999999,89.0,40.0,9.667121081273136,129,49.0,10.0,0.38,161.0,1.0
2025-04-08 10:32:26,162.74,38.0,176.88,32.0,160.94,105.0,178.22,27.0,169.81,14.139999999999986,143.0,59.0,2.08411851870279,202,84.0,73.0,0.42,161.0,
2025-04-08 10:32:27,167.0,8.0,173.33,18.0,161.0,72.0,174.2,20.0,170.17,6.3300000000000125,80.0,38.0,1.330909463487573,118,42.0,-84.0,0.36,161.0,
2025-04-08 10:32:29,161.39,83.0,167.65,17.0,160.91,65.0,169.64,22.0,164.52,6.260000000000019,148.0,39.0,2.5238066486960986,187,109.0,88.0,0.58,168.0,2.0
2025-04-08 10:32:30,161.0,189.0,175.08,24.0,160.0,30.0,259.41,27.0,168.04,14.080000000000013,219.0,51.0,2.4291294737010385,270,168.0,83.0,0.62,162.0,5.0
2025-04-08 10:32:31,161.25,96.0,323.72,69.0,160.85,104.0,384.74,68.0,242.49,162.47000000000003,200.0,137.0,33.28475371697963,337,63.0,67.0,0.19,162.0,
2025-04-08 10:32:32,164.68,34.0,231.33,30.0,160.98,123.0,261.93,54.0,198.0,66.65,157.0,84.0,32.908040810719555,241,73.0,-96.0,0.3,164.0,1.0
2025-04-08 10:32:33,168.0,48.0,256.79,48.0,161.0,132.0,260.22,36.0,212.4,88.79000000000002,180.0,84.0,32.4079141568842,264,96.0,23.0,0.36,168.0,3.0
2025-04-08 10:32:34,168.0,48.0,254.19,27.0,161.18,102.0,255.11,57.0,211.09,86.19,150.0,84.0,26.937583967385905,234,66.0,-30.0,0.28,168.0,
2025-04-08 10:32:35,168.0,40.0,211.83,29.0,167.0,10.0,254.85,41.0,189.91,43.83000000000001,50.0,70.0,20.044512216563454,120,-20.0,-114.0,-0.17,168.0,
2025-04-08 10:32:36,168.0,48.0,230.12,58.0,167.0,12.0,240.84,31.0,199.06,62.120000000000005,60.0,89.0,9.507332433441563,149,-29.0,29.0,-0.19,168.0,
2025-04-08 10:32:37,168.0,52.0,219.55,38.0,167.0,13.0,221.79,56.0,193.78,51.55000000000001,65.0,94.0,10.128433738736245,159,-29.0,10.0,-0.18,168.0,
2025-04-08 10:32:38,166.29,41.0,195.68,34.0,161.43,63.0,217.38,52.0,180.98,29.39000000000001,104.0,86.0,11.17275838815,190,18.0,31.0,0.09,166.6,5.0
2025-04-08 10:32:39,161.0,100.0,192.0,50.0,160.0,30.0,216.08,38.0,176.5,31.0,130.0,88.0,9.231737647917754,218,42.0,28.0,0.19,166.6,
2025-04-08 10:32:40,161.0,105.0,211.0,75.0,160.0,45.0,213.27,75.0,186.0,50.0,150.0,150.0,9.199917390932525,300,0.0,82.0,0.0,161.0,3.0
2025-04-08 10:32:41,163.48,69.0,205.88,51.0,160.85,61.0,207.69,72.0,184.68,42.400000000000006,130.0,123.0,6.417329662716802,253,7.0,-47.0,0.03,164.0,1.0
2025-04-08 10:32:42,164.0,56.0,203.39,64.0,161.0,80.0,204.92,52.0,183.7,39.38999999999999,136.0,116.0,3.764003188094629,252,20.0,-1.0,0.08,164.0,
2025-04-08 10:32:43,164.0,48.0,200.94,48.0,162.25,32.0,201.72,36.0,182.47,36.94,80.0,84.0,3.6843859732642414,164,-4.0,-88.0,-0.02,164.0,
2025-04-08 10:32:53,168.0,70.0,171.71,56.0,167.0,28.0,172.67,36.0,169.86,3.710000000000008,98.0,92.0,2.7184793543436747,190,6.0,-24.0,0.03,168.0,5.0
2025-04-08 10:32:54,167.0,16.0,168.88,32.0,165.0,40.0,170.75,32.0,167.94,1.8799999999999957,56.0,64.0,3.052027195159656,120,-8.0,-70.0,-0.07,168.0,
2025-04-08 10:32:55,165.0,55.0,167.27,44.0,164.0,66.0,168.64,44.0,166.14,2.2700000000000102,121.0,88.0,3.163877368039989,209,33.0,89.0,0.16,166.5,8.0
2025-04-08 10:32:56,165.0,27.0,206.45,22.0,164.0,68.0,394.66,29.0,185.73,41.44999999999999,95.0,51.0,7.801299250765458,146,44.0,-63.0,0.3,165.0,4.0
2025-04-08 10:32:57,164.17,23.0,196.0,9.0,163.62,26.0,412.67,9.0,180.09,31.830000000000013,49.0,18.0,8.519276377720841,67,31.0,-79.0,0.46,164.33,3.0
2025-04-08 10:32:58,164.0,55.0,196.0,11.0,163.0,22.0,448.81,32.0,180.0,32.0,77.0,43.0,8.508557457054085,120,34.0,53.0,0.28,164.33,
2025-04-08 10:32:59,164.0,40.0,202.0,8.0,162.88,16.0,407.88,24.0,183.0,38.0,56.0,32.0,7.564064383649057,88,24.0,-32.0,0.27,164.33,
2025-04-08 10:33:00,164.0,36.0,233.6,10.0,162.0,20.0,358.14,14.0,198.8,69.6,56.0,24.0,7.789546199874723,80,32.0,-8.0,0.4,164.33,
2025-04-08 10:33:01,164.0,45.0,298.25,8.0,162.0,16.0,369.0,12.0,231.12,134.25,61.0,20.0,21.84954507535512,81,41.0,1.0,0.51,164.33,
2025-04-08 10:33:02,164.0,42.0,379.0,21.0,162.27,11.0,560.36,22.0,271.5,215.0,53.0,43.0,38.53945095613013,96,10.0,15.0,0.1,164.33,
2025-04-08 10:33:03,164.0,54.0,364.29,17.0,163.0,9.0,390.05,21.0,264.15,200.29,63.0,38.0,38.96074280605986,101,25.0,5.0,0.25,164.33,
2025-04-08 10:33:04,164.0,47.0,368.41,17.0,163.0,8.0,375.55,29.0,266.21,204.41000000000005,55.0,46.0,30.970701154477126,101,9.0,0.0,0.09,164.0,1.0
2025-04-08 10:33:05,163.56,27.0,245.82,17.0,162.25,8.0,345.36,22.0,204.69,82.25999999999999,35.0,39.0,28.74143924719029,74,-4.0,-27.0,-0.05,163.83,6.0
2025-04-08 10:33:06,162.0,28.0,201.67,30.0,161.0,14.0,236.62,40.0,181.83,39.66999999999999,42.0,70.0,41.43059473384298,112,-28.0,38.0,-0.25,163.83,
2025-04-08 10:33:07,164.73,51.0,200.82,22.0,164.02,47.0,452.36,11.0,182.77,36.09,98.0,33.0,42.31424110154822,131,65.0,19.0,0.5,163.83,
2025-04-08 10:33:08,166.0,48.0,197.4,30.0,165.0,84.0,314.0,22.0,181.7,31.40000000000001,132.0,52.0,36.42974059748392,184,80.0,53.0,0.43,163.83,
2025-04-08 10:33:09,166.47,68.0,191.59,63.0,165.0,119.0,192.74,53.0,179.03,25.120000000000005,187.0,116.0,10.538129815104044,303,71.0,119.0,0.23,163.83,
2025-04-08 10:33:10,167.0,55.0,186.7,37.0,165.0,98.0,188.8,61.0,176.85,19.69999999999999,153.0,98.0,2.4405286312579304,251,55.0,-52.0,0.22,167.0,5.0
2025-04-08 10:33:11,165.9,29.0,185.16,31.0,164.78,81.0,186.03,67.0,175.53,19.25999999999999,110.0,98.0,3.0827066029693446,208,12.0,-43.0,0.06,166.6,5.0
2025-04-08 10:33:12,165.0,65.0,182.32,22.0,162.74,47.0,185.57,42.0,173.66,17.319999999999993,112.0,64.0,3.119427832150053,176,48.0,-32.0,0.27,166.6,
2025-04-08 10:33:13,164.09,33.0,176.73,41.0,162.89,56.0,177.94,51.0,170.41,12.639999999999986,89.0,92.0,3.269629948479551,181,-3.0,5.0,-0.02,166.6,
2025-04-08 10:33:14,165.0,12.0,172.0,28.0,163.0,60.0,173.95,21.0,168.5,7.0,72.0,49.0,3.4862802526469707,121,23.0,-60.0,0.19,166.6,
2025-04-08 10:33:15,165.0,10.0,169.64,33.0,163.0,50.0,172.29,34.0,167.32,4.639999999999986,60.0,67.0,3.453321589426317,127,-7.0,6.0,-0.06,166.6,
2025-04-08 10:33:16,163.89,18.0,166.58,36.0,162.91,44.0,167.8,44.0,165.24,2.690000000000026,62.0,80.0,3.198058786201349,142,-18.0,15.0,-0.13,165.0,1.0
2025-04-08 10:33:17,163.0,37.0,165.12,32.0,162.0,18.0,166.1,30.0,164.06,2.1200000000000045,55.0,62.0,2.533057441117613,117,-7.0,-25.0,-0.06,163.2,5.0
2025-04-08 10:33:18,164.79,28.0,172.47,34.0,162.45,11.0,208.41,17.0,168.63,7.680000000000007,39.0,51.0,2.027190173615097,90,-12.0,-27.0,-0.13,164.75,12.0
2025-04-08 10:33:19,163.0,12.0,361.33,18.0,162.0,24.0,505.53,19.0,262.17,198.33,36.0,37.0,42.90553029622156,73,-1.0,-17.0,-0.01,164.75,
2025-04-08 10:33:20,163.0,14.0,361.0,28.0,162.0,28.0,435.36,25.0,262.0,198.0,42.0,53.0,52.66745911851045,95,-11.0,22.0,-0.12,164.75,
2025-04-08 10:33:21,161.06,103.0,343.79,28.0,160.31,39.0,391.57,21.0,252.42,182.73,142.0,49.0,50.85347116962573,191,93.0,96.0,0.49,162.33,3.0
2025-04-08 10:33:22,161.0,70.0,286.4,10.0,160.0,15.0,315.4,10.0,223.7,125.39999999999998,85.0,20.0,39.67347640426719,105,65.0,-86.0,0.62,162.33,
2025-04-08 10:33:23,161.0,140.0,169.6,20.0,160.0,30.0,239.6,20.0,165.3,8.599999999999994,170.0,40.0,41.044901266782766,210,130.0,105.0,0.62,162.33,
2025-04-08 10:33:24,161.0,150.0,167.4,20.0,160.0,30.0,184.0,12.0,164.2,6.400000000000006,180.0,32.0,46.70327483164282,212,148.0,2.0,0.7,162.33,
2025-04-08 10:33:25,161.0,112.0,165.0,16.0,160.0,24.0,191.0,8.0,163.0,4.0,136.0,24.0,41.7352833942694,160,112.0,-52.0,0.7,162.33,
2025-04-08 10:33:26,161.0,168.0,165.43,23.0,131.71,31.0,204.83,12.0,163.22,4.430000000000007,199.0,35.0,26.745472140158487,234,164.0,74.0,0.7,164.0,2.0
2025-04-08 10:33:27,161.56,90.0,251.36,11.0,156.9,84.0,433.0,11.0,206.46,89.80000000000001,174.0,22.0,19.041792982804875,196,152.0,-38.0,0.78,163.5,4.0
2025-04-08 10:33:28,161.29,102.0,225.6,20.0,160.54,78.0,407.36,11.0,193.45,64.31,180.0,31.0,20.50939248246989,211,149.0,15.0,0.71,163.5,
2025-04-08 10:33:29,162.0,11.0,199.67,12.0,161.0,72.0,410.33,6.0,180.83,37.66999999999999,83.0,18.0,18.990807513109857,101,65.0,-110.0,0.64,162.0,5.0
2025-04-08 10:33:30,162.6,10.0,397.83,12.0,161.0,120.0,553.0,18.0,280.22,235.23,130.0,30.0,45.06441312166368,160,100.0,59.0,0.62,162.0,
2025-04-08 10:33:31,162.97,58.0,272.87,15.0,160.9,102.0,569.89,27.0,217.92,109.9,160.0,42.0,38.61375053008921,202,118.0,42.0,0.58,163.0,4.0
2025-04-08 10:33:36,163.61,49.0,254.47,34.0,160.82,49.0,336.3,33.0,209.04,90.86,98.0,67.0,22.33944314435721,165,31.0,66.0,0.19,164.0,9.0
2025-04-08 10:33:37,166.38,32.0,253.45,33.0,161.05,79.0,277.37,62.0,209.91,87.07,111.0,95.0,18.16175321933351,206,16.0,41.0,0.08,169.0,5.0
2025-04-08 10:33:38,162.0,8.0,251.0,16.0,161.0,56.0,254.0,16.0,206.5,89.0,64.0,32.0,14.170747333855514,96,32.0,-110.0,0.33,169.0,
2025-04-08 10:33:39,162.0,10.0,199.67,15.0,161.0,43.0,228.22,18.0,180.83,37.66999999999999,53.0,33.0,16.604735168016834,86,20.0,-10.0,0.23,169.0,
2025-04-08 10:33:40,161.08,26.0,196.5,20.0,160.11,72.0,198.1,20.0,178.79,35.41999999999999,98.0,40.0,15.771427646220705,138,58.0,52.0,0.42,161.5,2.0
2025-04-08 10:33:41,162.8,60.0,190.82,22.0,160.14,66.0,218.7,20.0,176.81,28.019999999999985,126.0,42.0,16.20782280258452,168,84.0,30.0,0.5,161.5,
2025-04-08 10:33:42,164.0,132.0,188.09,22.0,161.0,33.0,556.27,11.0,176.05,24.090000000000003,165.0,33.0,12.827056560255077,198,132.0,30.0,0.67,161.5,
2025-04-08 10:33:43,164.0,128.0,187.71,21.0,161.0,39.0,346.17,18.0,175.86,23.710000000000008,167.0,39.0,2.114242181015837,206,128.0,8.0,0.62,164.0,4.0
2025-04-08 10:33:44,164.0,112.0,185.0,17.0,161.42,38.0,187.64,25.0,174.5,21.0,150.0,42.0,1.5735533038278142,192,108.0,-14.0,0.56,164.0,
2025-04-08 10:33:45,164.0,143.0,181.69,32.0,163.0,32.0,184.03,31.0,172.84,17.689999999999998,175.0,63.0,1.5659725412625392,238,112.0,46.0,0.47,164.0,
2025-04-08 10:33:46,164.23,78.0,178.53,30.0,163.6,40.0,183.2,30.0,171.38,14.300000000000011,118.0,60.0,2.0026682201475587,178,58.0,-60.0,0.33,164.0,7.0
2025-04-08 10:33:47,166.29,21.0,174.24,21.0,164.22,36.0,176.92,24.0,170.26,7.950000000000017,57.0,45.0,2.2683738668900526,102,12.0,-76.0,0.12,166.0,5.0
2025-04-08 10:33:48,165.86,14.0,171.8,20.0,164.12,34.0,172.46,26.0,168.83,5.939999999999998,48.0,46.0,2.205520346764119,94,2.0,-8.0,0.02,166.0,
2025-04-08 10:33:49,167.38,13.0,169.0,13.0,166.0,12.0,170.89,18.0,168.19,1.6200000000000043,25.0,31.0,1.886305913681892,56,-6.0,-38.0,-0.11,168.0,1.0
2025-04-08 10:33:50,165.33,12.0,168.91,22.0,164.03,31.0,399.18,22.0,167.12,3.579999999999984,43.0,44.0,1.684467274835565,87,-1.0,31.0,-0.01,167.0,2.0
2025-04-08 10:33:51,165.0,7.0,167.29,14.0,164.0,21.0,170.29,14.0,166.14,2.289999999999992,28.0,28.0,1.5817932861131383,56,0.0,-31.0,0.0,167.0,
2025-04-08 10:33:52,164.5,24.0,167.33,18.0,163.65,23.0,171.11,18.0,165.92,2.8300000000000125,47.0,36.0,1.2646541029044678,83,11.0,27.0,0.13,165.67,3.0
2025-04-08 10:33:53,164.65,26.0,176.0,20.0,163.78,27.0,335.8,20.0,170.33,11.349999999999994,53.0,40.0,1.8005138155518128,93,13.0,10.0,0.14,165.0,5.0
2025-04-08 10:33:54,166.5,16.0,176.0,20.0,164.09,22.0,236.9,40.0,171.25,9.5,38.0,60.0,2.471653292837127,98,-22.0,5.0,-0.22,165.0,
2025-04-08 10:33:56,168.0,24.0,242.0,16.0,164.0,8.0,335.0,8.0,205.0,74.0,32.0,24.0,18.361232801747967,56,8.0,-67.0,0.14,165.0,
2025-04-08 10:33:57,168.0,21.0,231.83,36.0,164.0,22.0,272.47,30.0,199.92,63.83000000000001,43.0,66.0,16.96469481010437,109,-23.0,53.0,-0.21,168.0,5.0
2025-04-08 10:33:58,164.67,12.0,188.57,14.0,161.75,32.0,231.14,28.0,176.62,23.90000000000001,44.0,42.0,15.37199889409252,86,2.0,-23.0,0.02,164.75,4.0
2025-04-08 10:33:59,164.33,12.0,187.0,8.0,161.5,32.0,324.6,20.0,175.67,22.669999999999987,44.0,28.0,14.060843858032896,72,16.0,-14.0,0.22,164.75,
2025-04-08 10:34:00,167.0,9.0,186.22,9.0,163.0,18.0,329.35,23.0,176.61,19.22,27.0,32.0,14.44570282125392,59,-5.0,-13.0,-0.08,164.75,
2025-04-08 10:34:01,167.0,10.0,182.3,10.0,163.0,50.0,268.86,28.0,174.65,15.300000000000011,60.0,38.0,10.778289753016756,98,22.0,39.0,0.22,164.75,
2025-04-08 10:34:02,167.0,9.0,179.22,9.0,163.0,45.0,287.0,36.0,173.11,12.22,54.0,45.0,1.4839878705664598,99,9.0,1.0,0.09,164.75,
2025-04-08 10:34:03,163.13,31.0,441.45,11.0,161.24,41.0,452.58,19.0,302.29,278.32,72.0,30.0,56.93613509889812,102,42.0,3.0,0.41,167.0,1.0
2025-04-08 10:34:06,166.15,39.0,318.06,70.0,161.4,40.0,517.85,27.0,242.11,151.91,79.0,97.0,90.5552277894542,176,-18.0,-29.0,-0.1,167.0,
2025-04-08 10:34:07,168.0,33.0,292.51,43.0,163.0,11.0,317.04,28.0,230.26,124.51,44.0,71.0,73.04249092138038,115,-27.0,-61.0,-0.23,167.0,
2025-04-08 10:34:08,168.0,39.0,226.21,28.0,163.14,14.0,236.43,44.0,197.11,58.21000000000001,53.0,72.0,88.48949440470288,125,-19.0,10.0,-0.15,167.0,
2025-04-08 10:34:09,168.0,36.0,218.75,32.0,164.0,24.0,221.43,40.0,193.38,50.75,60.0,72.0,75.75457233725207,132,-12.0,7.0,-0.09,167.0,
2025-04-08 10:34:10,166.48,29.0,216.67,33.0,163.63,19.0,216.54,57.0,191.57,50.19,48.0,90.0,23.556507168932555,138,-42.0,6.0,-0.3,167.0,4.0
2025-04-08 10:34:11,162.0,22.0,213.09,11.0,161.0,44.0,215.3,27.0,187.55,51.09,66.0,38.0,17.276487779637794,104,28.0,-34.0,0.27,162.6,5.0
2025-04-08 10:34:12,161.79,38.0,164.66,50.0,160.64,88.0,174.11,27.0,163.22,2.8700000000000045,126.0,77.0,13.496763686157465,203,49.0,99.0,0.24,162.0,3.0
2025-04-08 10:34:13,161.0,36.0,163.06,33.0,160.0,144.0,177.29,21.0,162.03,2.0600000000000023,180.0,54.0,15.599427874123505,234,126.0,31.0,0.54,162.0,
2025-04-08 10:34:14,160.0,138.0,192.59,34.0,159.0,20.0,201.19,32.0,176.29,32.59,158.0,66.0,13.549111409977506,224,92.0,-10.0,0.41,160.36,11.0
2025-04-08 10:34:15,160.0,45.0,222.86,35.0,159.0,14.0,311.0,11.0,191.43,62.860000000000014,59.0,46.0,13.509318265552215,105,13.0,-119.0,0.12,160.0,3.0
2025-04-08 10:34:16,160.0,60.0,239.67,39.0,159.0,22.0,306.74,31.0,199.83,79.66999999999999,82.0,70.0,16.82081448681906,152,12.0,47.0,0.08,160.0,3.0
2025-04-08 10:34:20,167.89,27.0,205.27,30.0,166.51,43.0,229.36,28.0,186.58,37.38000000000002,70.0,58.0,8.419589063604848,128,12.0,-70.0,0.09,167.6,5.0
2025-04-08 10:34:21,167.0,42.0,191.9,42.0,160.54,37.0,201.3,47.0,179.45,24.90000000000001,79.0,89.0,12.810448860206876,168,-10.0,40.0,-0.06,167.6,
2025-04-08 10:34:22,167.0,24.0,188.88,17.0,162.0,16.0,190.0,23.0,177.94,21.879999999999995,40.0,40.0,13.614297631533448,80,0.0,-88.0,0.0,167.6,
2025-04-08 10:34:23,167.0,39.0,185.43,56.0,162.0,28.0,186.38,37.0,176.21,18.430000000000007,67.0,93.0,11.74366510080984,160,-26.0,80.0,-0.16,167.6,
2025-04-08 10:34:24,167.0,30.0,180.46,39.0,162.0,40.0,181.13,30.0,173.73,13.460000000000008,70.0,69.0,4.850306175900712,139,1.0,-21.0,0.01,167.6,
2025-04-08 10:34:25,167.0,27.0,175.24,34.0,162.0,36.0,176.28,29.0,171.12,8.240000000000009,63.0,63.0,3.324041215144796,126,0.0,-13.0,0.0,167.6,
2025-04-08 10:34:26,163.36,33.0,172.94,35.0,160.88,32.0,173.79,29.0,168.15,9.579999999999984,65.0,64.0,3.917046080911221,129,1.0,3.0,0.01,165.0,5.0
2025-04-08 10:34:27,165.66,44.0,169.25,59.0,162.97,67.0,170.18,67.0,167.46,3.5900000000000034,111.0,126.0,3.6982333620233545,237,-15.0,108.0,-0.06,165.0,
2025-04-08 10:34:28,163.61,59.0,168.22,51.0,162.68,44.0,169.82,56.0,165.91,4.609999999999985,103.0,107.0,3.12786348806708,210,-4.0,-27.0,-0.02,166.0,3.0
2025-04-08 10:34:29,163.0,56.0,167.0,24.0,162.0,16.0,168.0,40.0,165.0,4.0,72.0,64.0,2.361285666746755,136,8.0,-74.0,0.06,166.0,
2025-04-08 10:34:30,163.0,77.0,165.41,37.0,162.0,22.0,167.18,51.0,164.2,2.4099999999999966,99.0,88.0,1.650645328344055,187,11.0,51.0,0.06,166.0,
2025-04-08 10:34:31,162.52,21.0,200.92,25.0,160.46,26.0,237.68,31.0,181.72,38.39999999999998,47.0,56.0,7.291386699386011,103,-9.0,-84.0,-0.09,163.27,11.0
2025-04-08 10:34:32,162.35,23.0,241.0,44.0,160.05,41.0,345.09,55.0,201.67,78.65,64.0,99.0,16.227025297323625,163,-35.0,60.0,-0.21,162.0,1.0
2025-04-08 10:34:33,164.0,40.0,307.2,40.0,162.0,10.0,397.38,42.0,235.6,143.2,50.0,82.0,29.891855412469408,132,-32.0,-31.0,-0.24,162.0,
2025-04-08 10:34:34,164.0,32.0,221.09,46.0,162.7,10.0,340.15,34.0,192.54,57.09,42.0,80.0,26.5696834757205,122,-38.0,-10.0,-0.31,164.0,2.0
2025-04-08 10:34:35,163.62,16.0,186.0,44.0,160.7,20.0,259.35,37.0,174.81,22.379999999999995,36.0,81.0,23.75487255280428,117,-45.0,-5.0,-0.38,163.67,3.0
2025-04-08 10:34:36,167.0,20.0,192.5,40.0,162.0,10.0,457.86,42.0,179.75,25.5,30.0,82.0,24.091179506200483,112,-52.0,-5.0,-0.46,163.67,
2025-04-08 10:34:37,167.0,20.0,341.3,40.0,162.0,10.0,532.24,42.0,254.15,174.3,30.0,82.0,35.45507086440486,112,-52.0,0.0,-0.46,163.67,
2025-04-08 10:34:39,160.38,32.0,299.19,47.0,159.13,23.0,463.0,36.0,229.78,138.81,55.0,83.0,58.61166633017664,138,-28.0,-16.0,-0.2,163.67,
2025-04-08 10:34:40,159.09,22.0,197.13,38.0,121.78,27.0,309.47,47.0,178.11,38.03999999999999,49.0,85.0,57.83237873371595,134,-36.0,-4.0,-0.27,162.4,5.0
2025-04-08 10:34:41,159.0,20.0,163.0,33.0,125.54,13.0,172.03,37.0,161.0,4.0,33.0,70.0,62.47186590778254,103,-37.0,-31.0,-0.36,162.4,
2025-04-08 10:34:42,159.86,112.0,161.71,51.0,134.47,34.0,190.46,61.0,160.78,1.8499999999999943,146.0,112.0,66.5371574385318,258,34.0,155.0,0.13,161.0,4.0
2025-04-08 10:34:43,159.96,50.0,161.0,16.0,154.57,14.0,300.0,28.0,160.48,1.039999999999992,64.0,44.0,29.890026764791976,108,20.0,-150.0,0.19,161.0,1.0
2025-04-08 10:34:44,160.85,34.0,249.73,11.0,160.24,17.0,308.71,28.0,205.29,88.88,51.0,39.0,19.485557985338325,90,12.0,-18.0,0.13,160.0,2.0
2025-04-08 10:34:45,164.47,53.0,218.04,23.0,163.3,23.0,283.82,17.0,191.26,53.56999999999999,76.0,40.0,21.14241755334477,116,36.0,26.0,0.31,168.5,2.0
2025-04-08 10:34:46,164.0,144.0,220.61,33.0,162.0,54.0,312.13,15.0,192.3,56.610000000000014,198.0,48.0,20.295677372287404,246,150.0,130.0,0.61,168.5,
2025-04-08 10:34:47,164.0,224.0,223.34,44.0,162.25,56.0,427.0,20.0,193.67,59.34,280.0,64.0,16.701504423254097,344,216.0,98.0,0.63,168.5,
2025-04-08 10:34:48,164.0,208.0,229.96,46.0,163.0,26.0,249.57,28.0,196.98,65.96000000000001,234.0,74.0,5.6745264119548215,308,160.0,-36.0,0.52,168.5,
2025-04-08 10:34:49,164.0,116.0,186.0,34.0,163.0,16.0,231.67,33.0,175.0,22.0,132.0,67.0,8.572369567393586,199,65.0,-109.0,0.33,164.0,5.0
2025-04-08 10:34:50,164.0,116.0,166.33,54.0,163.0,22.0,173.27,44.0,165.17,2.3300000000000125,138.0,98.0,13.824808497768723,236,40.0,37.0,0.17,164.0,5.0
2025-04-08 10:34:51,164.0,24.0,225.75,16.0,163.0,8.0,278.86,7.0,194.88,61.75,32.0,23.0,14.22528207101631,55,9.0,-168.0,0.16,164.0,
2025-04-08 10:34:52,164.0,48.0,225.0,32.0,163.0,16.0,226.0,32.0,194.5,61.0,64.0,64.0,14.353967395810054,128,0.0,73.0,0.0,164.0,
2025-04-08 10:34:53,164.0,66.0,222.73,44.0,163.0,22.0,226.0,44.0,193.36,58.72999999999999,88.0,88.0,13.694061486643712,176,0.0,48.0,0.0,164.0,
2025-04-08 10:34:54,166.0,42.0,221.0,24.0,164.0,36.0,259.5,24.0,193.5,55.0,78.0,48.0,12.936143938592256,126,30.0,-50.0,0.24,164.0,
2025-04-08 10:34:55,166.0,38.0,217.22,27.0,164.0,54.0,238.33,36.0,191.61,51.22,92.0,63.0,1.2719669806936431,155,29.0,29.0,0.19,166.0,5.0
2025-04-08 10:34:56,166.0,18.0,221.0,36.0,164.0,54.0,235.9,30.0,193.5,55.0,72.0,66.0,1.0463651370219769,138,6.0,-17.0,0.04,166.0,
2025-04-08 10:34:57,167.71,68.0,221.0,44.0,164.59,34.0,253.76,29.0,194.35,53.28999999999999,102.0,73.0,1.0044550761358262,175,29.0,37.0,0.17,168.0,1.0
2025-04-08 10:34:58,168.0,90.0,219.68,38.0,166.0,20.0,274.13,23.0,193.84,51.68000000000001,110.0,61.0,1.0382918664686691,171,49.0,-4.0,0.29,168.0,
2025-04-08 10:34:59,168.0,90.0,321.25,32.0,166.0,20.0,692.3,37.0,244.62,153.25,110.0,69.0,22.963173343420355,179,41.0,8.0,0.23,168.0,
2025-04-08 10:35:01,168.0,70.0,372.92,36.0,166.0,20.0,495.27,44.0,270.46,204.92,90.0,80.0,55.91131924753658,170,10.0,12.0,0.06,168.0,2.0
2025-04-08 10:35:02,168.0,56.0,431.91,32.0,166.0,28.0,556.33,30.0,299.95,263.91,84.0,62.0,51.27702428963625,146,22.0,-24.0,0.15,168.0,
2025-04-08 10:35:03,168.0,70.0,201.07,30.0,166.0,20.0,356.82,34.0,184.53,33.06999999999999,90.0,64.0,54.66056649907635,154,26.0,8.0,0.17,168.0,
2025-04-08 10:35:04,168.0,55.0,173.11,45.0,166.0,18.0,279.55,22.0,170.56,5.110000000000014,73.0,67.0,69.63408166982569,140,6.0,-14.0,0.04,168.0,2.0
2025-04-08 10:35:05,168.0,65.0,170.59,51.0,166.0,47.0,230.74,47.0,169.29,2.5900000000000034,112.0,98.0,61.65777298929932,210,14.0,70.0,0.07,168.0,
2025-04-08 10:35:06,167.22,41.0,169.45,55.0,164.57,51.0,179.78,63.0,168.34,2.2299999999999898,92.0,118.0,57.07615728130248,210,-26.0,0.0,-0.12,166.67,9.0
2025-04-08 10:35:07,163.92,79.0,165.36,70.0,162.71,55.0,179.79,70.0,164.64,1.440000000000026,134.0,140.0,7.625448839248045,274,-6.0,64.0,-0.02,164.14,7.0
2025-04-08 10:35:08,162.1,89.0,163.9,40.0,160.57,84.0,191.98,43.0,163.0,1.8000000000000114,173.0,83.0,3.2072230979448437,256,90.0,-18.0,0.35,163.0,3.0
2025-04-08 10:35:09,162.0,96.0,163.89,45.0,160.0,90.0,244.15,52.0,162.94,1.8899999999999864,186.0,97.0,2.9946652567509835,283,89.0,27.0,0.31,162.25,4.0
2025-04-08 10:35:10,162.25,140.0,164.0,40.0,161.61,155.0,331.2,35.0,163.12,1.75,295.0,75.0,2.308185434490024,370,220.0,87.0,0.59,162.25,
2025-04-08 10:35:11,163.0,36.0,186.84,25.0,162.0,180.0,223.48,23.0,174.92,23.840000000000003,216.0,48.0,5.188764785571938,264,168.0,-106.0,0.64,163.0,4.0
2025-04-08 10:35:12,162.99,102.0,199.27,30.0,161.71,102.0,264.46,65.0,181.13,36.28,204.0,95.0,8.507039438017802,299,109.0,35.0,0.36,162.75,4.0
2025-04-08 10:35:13,167.43,49.0,199.0,10.0,165.35,46.0,476.0,15.0,183.21,31.569999999999997,95.0,25.0,9.654337367214223,120,70.0,-168.0,0.58,162.75,
2025-04-08 10:35:21,167.92,79.0,171.92,48.0,165.78,18.0,175.33,33.0,169.92,4.0,97.0,81.0,2.701407040782417,178,16.0,-18.0,0.09,167.07,14.0
2025-04-08 10:35:22,162.0,55.0,170.18,22.0,160.0,22.0,199.27,22.0,166.09,8.180000000000007,77.0,44.0,3.8409113501862495,121,33.0,-57.0,0.27,167.07,
2025-04-08 10:35:23,162.0,55.0,169.27,22.0,160.0,50.0,209.09,22.0,165.64,7.27000000000001,105.0,44.0,3.774768867095102,149,61.0,28.0,0.41,167.07,
2025-04-08 10:35:24,162.0,50.0,166.1,20.0,160.0,60.0,168.0,20.0,164.05,4.099999999999994,110.0,40.0,3.4610157468568774,150,70.0,1.0,0.47,167.07,
2025-04-08 10:35:25,162.0,65.0,164.15,26.0,160.0,78.0,167.08,26.0,163.08,2.1500000000000057,143.0,52.0,2.6237053950457296,195,91.0,45.0,0.47,167.07,
2025-04-08 10:35:26,160.8,40.0,163.36,14.0,159.5,48.0,215.38,16.0,162.08,2.5600000000000023,88.0,30.0,1.6893993015248725,118,58.0,-77.0,0.49,162.33,6.0
2025-04-08 10:35:27,160.0,54.0,163.0,9.0,159.0,54.0,346.2,30.0,161.5,3.0,108.0,39.0,1.6439586369471373,147,69.0,29.0,0.47,162.33,
2025-04-08 10:35:28,160.0,53.0,162.0,15.0,159.0,54.0,288.5,24.0,161.0,2.0,107.0,39.0,1.2288693990792725,146,68.0,-1.0,0.47,160.0,1.0
2025-04-08 10:35:29,159.58,33.0,215.83,12.0,156.52,50.0,269.38,42.0,187.7,56.25,83.0,54.0,11.5573232194999,137,29.0,-9.0,0.21,160.44,9.0
2025-04-08 10:35:30,161.73,77.0,213.42,12.0,155.51,67.0,272.0,48.0,187.57,51.69,144.0,60.0,14.305303212445022,204,84.0,67.0,0.41,160.44,
2025-04-08 10:35:31,163.0,71.0,211.27,11.0,159.0,88.0,272.0,44.0,187.14,48.27000000000001,159.0,55.0,14.363868559687816,214,104.0,10.0,0.49,163.0,5.0
2025-04-08 10:35:32,164.0,36.0,210.0,13.0,162.66,59.0,272.0,52.0,187.0,46.0,95.0,65.0,11.788775169625817,160,30.0,-54.0,0.19,164.33,3.0
2025-04-08 10:35:33,163.23,52.0,209.27,11.0,161.77,26.0,263.27,44.0,186.25,46.04000000000002,78.0,55.0,0.5722499453771971,133,23.0,-27.0,0.17,163.8,5.0
2025-04-08 10:35:34,163.0,60.0,200.67,24.0,159.0,12.0,222.22,36.0,181.83,37.66999999999999,72.0,60.0,2.3562194295066403,132,12.0,-1.0,0.09,163.8,
2025-04-08 10:35:35,163.0,35.0,194.57,7.0,159.88,17.0,209.86,28.0,178.79,31.569999999999997,52.0,35.0,3.727300631822613,87,17.0,-45.0,0.2,163.8,
2025-04-08 10:35:36,164.19,53.0,194.0,9.0,161.33,27.0,222.27,22.0,179.09,29.81,80.0,31.0,3.876573229024032,111,49.0,24.0,0.44,163.8,
2025-04-08 10:35:37,165.0,56.0,193.5,8.0,163.0,21.0,655.5,32.0,179.25,28.5,77.0,40.0,3.155839032648256,117,37.0,6.0,0.32,165.0,2.0
2025-04-08 10:35:38,166.09,77.0,189.57,21.0,163.0,92.0,465.79,28.0,177.83,23.47999999999999,169.0,49.0,1.487588652815949,218,120.0,101.0,0.55,165.0,
2025-04-08 10:35:39,167.0,42.0,188.0,6.0,163.0,72.0,189.0,18.0,177.5,21.0,114.0,24.0,0.781549742490531,138,90.0,-80.0,0.65,165.0,
2025-04-08 10:35:40,167.42,84.0,186.67,18.0,163.0,144.0,188.8,30.0,177.04,19.25,228.0,48.0,0.9811065181656564,276,180.0,138.0,0.65,165.0,
2025-04-08 10:35:44,164.0,60.0,171.89,19.0,162.71,70.0,174.35,23.0,167.95,7.889999999999986,130.0,42.0,3.629159682349194,172,88.0,10.0,0.51,169.0,2.0
2025-04-08 10:35:45,163.72,43.0,174.05,22.0,162.83,46.0,175.3,10.0,168.88,10.330000000000013,89.0,32.0,3.375191846397702,121,57.0,-51.0,0.47,166.0,3.0
2025-04-08 10:35:46,163.59,17.0,173.75,16.0,162.95,74.0,174.25,16.0,168.67,10.159999999999997,91.0,32.0,2.5141360345037103,123,59.0,2.0,0.48,163.4,5.0
2025-04-08 10:35:47,163.0,44.0,171.61,18.0,162.0,48.0,173.8,30.0,167.31,8.610000000000014,92.0,48.0,1.720029069519029,140,44.0,17.0,0.31,162.7,10.0
2025-04-08 10:35:48,165.93,61.0,170.46,13.0,160.67,12.0,171.29,7.0,168.2,4.530000000000001,73.0,20.0,0.6200564490356815,93,53.0,-47.0,0.57,162.7,
2025-04-08 10:35:49,166.0,120.0,168.32,25.0,162.0,9.0,169.08,13.0,167.16,2.319999999999993,129.0,38.0,0.7802755923331122,167,91.0,74.0,0.54,166.0,5.0
2025-04-08 10:35:50,166.66,118.0,179.3,20.0,165.75,64.0,182.0,27.0,172.98,12.640000000000017,182.0,47.0,2.384246212116216,229,135.0,62.0,0.59,167.2,5.0
2025-04-08 10:35:51,167.0,132.0,203.55,22.0,166.0,110.0,374.09,22.0,185.27,36.55000000000001,242.0,44.0,7.693271735743492,286,198.0,57.0,0.69,167.2,
2025-04-08 10:35:52,167.0,78.0,202.0,14.0,166.0,70.0,303.0,8.0,184.5,35.0,148.0,22.0,8.740344386807003,170,126.0,-116.0,0.74,167.0,2.0
2025-04-08 10:35:53,167.0,140.0,200.21,28.0,165.79,112.0,263.32,19.0,183.61,33.21000000000001,252.0,47.0,8.167051487531328,299,205.0,129.0,0.69,167.0,
2025-04-08 10:35:54,167.0,80.0,199.0,16.0,164.57,21.0,451.0,31.0,183.0,32.0,101.0,47.0,5.0451332985350055,148,54.0,-151.0,0.36,167.0,
2025-04-08 10:35:55,167.29,28.0,198.0,12.0,166.91,44.0,427.88,24.0,182.64,30.710000000000008,72.0,36.0,1.08080062915694,108,36.0,-40.0,0.33,167.0,
2025-04-08 10:35:56,167.56,32.0,181.62,52.0,166.96,94.0,228.43,23.0,174.59,14.060000000000002,126.0,75.0,4.018976237798225,201,51.0,93.0,0.25,167.4,5.0
2025-04-08 10:35:57,167.0,105.0,180.29,48.0,166.0,30.0,184.37,57.0,173.65,13.289999999999992,135.0,105.0,4.932856170616321,240,30.0,39.0,0.12,167.4,
2025-04-08 10:35:58,167.0,82.0,177.93,28.0,166.0,28.0,211.0,70.0,172.46,10.930000000000009,110.0,98.0,5.125736044705016,208,12.0,-32.0,0.06,167.0,2.0
2025-04-08 10:35:59,167.4,30.0,176.15,26.0,166.68,44.0,318.64,59.0,171.78,8.75,74.0,85.0,4.392531160958226,159,-11.0,-49.0,-0.07,168.0,1.0
2025-04-08 10:36:01,166.5,12.0,328.42,36.0,163.18,44.0,425.0,42.0,247.46,161.92000000000002,56.0,78.0,33.51912692777045,134,-22.0,75.0,-0.16,167.33,3.0
2025-04-08 10:36:02,166.0,12.0,350.83,36.0,163.0,72.0,353.58,36.0,258.42,184.83,84.0,72.0,44.42050855179375,156,12.0,22.0,0.08,167.33,
2025-04-08 10:36:03,166.0,13.0,346.16,37.0,163.0,78.0,347.55,29.0,256.08,180.16000000000005,91.0,66.0,45.094030647082064,157,25.0,1.0,0.16,167.33,
2025-04-08 10:36:04,166.0,14.0,309.27,26.0,163.0,84.0,326.39,33.0,237.63,143.26999999999998,98.0,59.0,35.69162156585175,157,39.0,0.0,0.25,167.33,
2025-04-08 10:36:05,164.71,14.0,286.09,23.0,162.91,53.0,286.84,25.0,225.4,121.37999999999997,67.0,48.0,13.669228946797656,115,19.0,-42.0,0.17,166.0,1.0
2025-04-08 10:36:06,163.0,72.0,281.16,32.0,162.0,60.0,282.62,32.0,222.08,118.16000000000004,132.0,64.0,16.86516883994857,196,68.0,81.0,0.35,166.0,
2025-04-08 10:36:07,163.0,86.0,276.13,47.0,162.0,85.0,277.13,45.0,219.56,113.13,171.0,92.0,15.067770239818962,263,79.0,67.0,0.3,163.0,4.0
2025-04-08 10:36:08,162.89,47.0,226.03,37.0,161.67,72.0,234.09,33.0,194.46,63.140000000000015,119.0,70.0,15.78478001113659,189,49.0,-74.0,0.26,163.0,5.0
2025-04-08 10:36:09,162.0,41.0,222.56,27.0,160.0,108.0,224.11,27.0,192.28,60.56,149.0,54.0,16.024296552422506,203,95.0,14.0,0.47,162.0,4.0
2025-04-08 10:36:10,162.7,23.0,219.65,43.0,160.17,92.0,221.2,25.0,191.17,56.95000000000002,115.0,68.0,15.507565895393828,183,47.0,-20.0,0.26,162.0,
2025-04-08 10:36:11,163.0,24.0,218.17,36.0,162.0,12.0,219.25,16.0,190.58,55.16999999999999,36.0,52.0,12.359494326224809,88,-16.0,-95.0,-0.18,162.0,
2025-04-08 10:36:12,163.0,24.0,213.43,37.0,162.0,12.0,215.14,37.0,188.22,50.43000000000001,36.0,74.0,2.28904346834758,110,-38.0,22.0,-0.35,162.0,
2025-04-08 10:36:13,163.0,30.0,201.55,33.0,162.0,15.0,202.54,41.0,182.27,38.55000000000001,45.0,74.0,3.9943372416441263,119,-29.0,9.0,-0.24,162.0,
2025-04-08 10:36:14,163.0,20.0,197.67,18.0,162.0,10.0,198.95,22.0,180.33,34.66999999999999,30.0,40.0,4.933926428310997,70,-10.0,-49.0,-0.14,162.0,
2025-04-08 10:36:15,166.84,103.0,193.85,39.0,162.92,24.0,195.09,33.0,180.35,27.00999999999999,127.0,72.0,4.750699948427213,199,55.0,129.0,0.28,162.0,
2025-04-08 10:36:16,167.0,135.0,183.66,38.0,163.93,30.0,189.43,44.0,175.33,16.659999999999997,165.0,82.0,4.645201825538588,247,83.0,48.0,0.34,162.0,
2025-04-08 10:36:19,167.33,88.0,170.42,38.0,166.41,82.0,172.76,58.0,168.88,3.089999999999975,170.0,96.0,4.39589240086567,266,74.0,53.0,0.28,168.0,4.0
2025-04-08 10:36:20,167.03,94.0,169.71,42.0,164.64,33.0,174.0,70.0,168.37,2.680000000000007,127.0,112.0,2.86468671934453,239,15.0,-27.0,0.06,168.0,3.0
2025-04-08 10:36:21,167.0,55.0,168.23,39.0,164.0,18.0,171.27,33.0,167.62,1.2299999999999898,73.0,72.0,2.140731183495286,145,1.0,-94.0,0.01,167.0,4.0
2025-04-08 10:36:22,164.6,15.0,168.17,18.0,163.1,20.0,174.8,20.0,166.38,3.569999999999993,35.0,38.0,1.7794296839126278,73,-3.0,-72.0,-0.04,167.0,3.0
2025-04-08 10:36:23,163.25,8.0,167.0,8.0,162.5,6.0,169.0,12.0,165.12,3.75,14.0,20.0,1.5279986910955323,34,-6.0,-39.0,-0.18,163.67,3.0
2025-04-08 10:36:24,160.2,90.0,166.83,24.0,147.73,15.0,169.62,32.0,163.52,6.630000000000024,105.0,56.0,1.943352772913319,161,49.0,127.0,0.3,162.67,3.0
2025-04-08 10:36:25,160.45,31.0,164.56,18.0,159.59,88.0,167.0,18.0,162.5,4.110000000000014,119.0,36.0,2.074830113524991,155,83.0,-6.0,0.54,162.67,
2025-04-08 10:36:26,162.0,12.0,165.25,24.0,160.0,144.0,170.75,24.0,163.62,3.25,156.0,48.0,1.5234565960309756,204,108.0,49.0,0.53,164.0,2.0
2025-04-08 10:36:27,159.27,56.0,166.07,27.0,110.04,98.0,171.0,26.0,162.67,6.799999999999983,154.0,53.0,1.0400865348568185,207,101.0,3.0,0.49,160.33,9.0
2025-04-08 10:36:28,159.23,35.0,164.0,26.0,137.83,36.0,166.0,13.0,161.61,4.77000000000001,71.0,39.0,0.8234864904724227,110,32.0,-97.0,0.29,160.33,
2025-04-08 10:36:29,159.7,20.0,163.16,25.0,156.93,30.0,190.59,17.0,161.43,3.460000000000008,50.0,42.0,0.8846637779352399,92,8.0,-18.0,0.09,161.0,3.0
2025-04-08 10:36:30,159.0,18.0,163.0,18.0,153.65,31.0,164.0,12.0,161.0,4.0,49.0,30.0,1.0640159773192843,79,19.0,-13.0,0.24,161.0,
2025-04-08 10:36:31,162.95,58.0,267.36,11.0,157.92,26.0,543.34,41.0,215.16,104.41000000000004,84.0,52.0,23.92599067959335,136,32.0,57.0,0.24,163.4,5.0
2025-04-08 10:36:32,164.0,49.0,431.0,9.0,161.27,30.0,587.0,45.0,297.5,267.0,79.0,54.0,59.616135819088285,133,25.0,-3.0,0.19,164.0,4.0
2025-04-08 10:36:33,164.0,55.0,305.61,33.0,163.0,11.0,403.5,24.0,234.8,141.61,66.0,57.0,56.96235177729216,123,9.0,-10.0,0.07,164.0,
2025-04-08 10:36:34,164.0,30.0,196.14,22.0,163.0,6.0,336.64,14.0,180.07,32.139999999999986,36.0,36.0,53.145574415937766,72,0.0,-51.0,0.0,164.0,
2025-04-08 10:36:36,164.43,35.0,291.0,32.0,163.62,16.0,460.0,8.0,227.71,126.57,51.0,40.0,66.4316071610493,91,11.0,-62.0,0.12,167.0,1.0
2025-04-08 10:36:37,166.09,64.0,252.11,54.0,164.7,69.0,303.2,30.0,209.1,86.02000000000001,133.0,84.0,65.08188096544211,217,49.0,126.0,0.23,166.25,8.0
2025-04-08 10:36:38,164.29,41.0,238.44,18.0,163.68,22.0,244.73,48.0,201.37,74.15,63.0,66.0,67.47965374837054,129,-3.0,-88.0,-0.02,166.0,2.0
2025-04-08 10:36:39,164.0,55.0,181.88,40.0,163.0,20.0,242.47,32.0,172.94,17.879999999999995,75.0,72.0,68.95700667807425,147,3.0,18.0,0.02,164.0,1.0
2025-04-08 10:36:40,163.19,43.0,172.77,13.0,162.26,38.0,175.54,41.0,167.98,9.580000000000013,81.0,54.0,25.113208675913445,135,27.0,-12.0,0.2,164.0,
2025-04-08 10:36:41,166.29,73.0,171.0,9.0,162.5,40.0,242.44,27.0,168.64,4.710000000000008,113.0,36.0,19.66354698420337,149,77.0,14.0,0.52,164.0,
2025-04-08 10:36:42,168.0,134.0,171.0,12.0,163.36,55.0,365.77,22.0,169.5,3.0,189.0,34.0,14.26274447643135,223,155.0,74.0,0.7,168.0,1.0
2025-04-08 10:36:43,168.0,88.0,170.38,8.0,164.0,32.0,343.0,24.0,169.19,2.3799999999999955,120.0,32.0,1.927900412358502,152,88.0,-71.0,0.58,168.0,
2025-04-08 10:36:44,168.0,118.0,219.91,11.0,164.0,44.0,482.95,19.0,193.95,51.91,162.0,30.0,11.249989777771912,192,132.0,40.0,0.69,168.0,1.0
2025-04-08 10:36:45,168.0,90.0,242.22,23.0,164.0,36.0,367.15,13.0,205.11,74.22,126.0,36.0,17.12530204113123,162,90.0,-30.0,0.56,168.0,
2025-04-08 10:36:46,168.0,70.0,226.67,9.0,164.0,28.0,269.63,19.0,197.33,58.66999999999999,98.0,28.0,16.63150865075006,126,70.0,-36.0,0.56,168.0,
2025-04-08 10:36:47,168.0,50.0,225.2,15.0,164.0,20.0,227.0,5.0,196.6,57.19999999999999,70.0,20.0,13.643580175304962,90,50.0,-36.0,0.56,168.0,
2025-04-08 10:36:48,168.0,50.0,225.0,15.0,164.0,20.0,251.43,7.0,196.5,57.0,70.0,22.0,4.229700935051461,92,48.0,2.0,0.52,168.0,
2025-04-08 10:36:50,168.0,72.0,224.0,27.0,164.0,36.0,413.0,9.0,196.0,56.0,108.0,36.0,0.4802395235453403,144,72.0,-31.0,0.5,168.0,3.0
2025-04-08 10:36:51,168.0,63.0,223.14,29.0,164.0,36.0,238.84,19.0,195.57,55.13999999999999,99.0,48.0,0.4320069443597203,147,51.0,3.0,0.35,168.0,
2025-04-08 10:36:52,168.0,70.0,220.33,33.0,164.0,40.0,221.49,37.0,194.17,52.33000000000001,110.0,70.0,0.9543427057273358,180,40.0,33.0,0.22,168.0,
2025-04-08 10:36:53,168.0,105.0,217.0,51.0,163.62,65.0,219.3,54.0,192.5,49.0,170.0,105.0,1.6083438686968807,275,65.0,95.0,0.24,168.0,2.0
2025-04-08 10:36:54,168.0,80.0,213.11,54.0,163.01,76.0,214.09,58.0,190.56,45.110000000000014,156.0,112.0,2.252187825199013,268,44.0,-7.0,0.16,168.0,
2025-04-08 10:36:55,168.0,50.0,201.63,27.0,164.0,10.0,208.88,32.0,184.81,33.629999999999995,60.0,59.0,4.19318136979243,119,1.0,-149.0,0.01,168.0,
2025-04-08 10:36:56,168.0,45.0,190.37,35.0,164.0,9.0,196.27,22.0,179.19,22.370000000000005,54.0,57.0,6.171752587391519,111,-3.0,-8.0,-0.03,168.0,
2025-04-08 10:36:57,168.0,70.0,186.38,47.0,164.0,14.0,187.61,46.0,177.19,18.379999999999995,84.0,93.0,6.742392008773554,177,-9.0,66.0,-0.05,168.0,
2025-04-08 10:36:58,168.0,55.0,181.05,38.0,164.0,11.0,182.15,39.0,174.53,13.050000000000011,66.0,77.0,6.427190677113361,143,-11.0,-34.0,-0.08,168.0,
2025-04-08 10:36:59,167.77,53.0,176.0,39.0,163.45,22.0,177.64,42.0,171.89,8.22999999999999,75.0,81.0,4.916270944524149,156,-6.0,13.0,-0.04,165.6,10.0
2025-04-08 10:37:00,165.09,92.0,172.7,54.0,161.75,32.0,174.71,42.0,168.9,7.609999999999985,124.0,96.0,4.101133989517032,220,28.0,64.0,0.13,165.6,
2025-04-08 10:37:01,167.0,112.0,171.24,29.0,163.0,16.0,172.67,27.0,169.12,4.240000000000009,128.0,56.0,3.5609731815855685,184,72.0,-36.0,0.39,165.6,
2025-04-08 10:37:02,167.26,247.0,169.59,51.0,165.73,82.0,170.66,61.0,168.43,2.3300000000000125,329.0,112.0,2.5930156189216222,441,217.0,168.0,0.49,168.0,3.0
2025-04-08 10:37:09,167.0,116.0,202.65,34.0,163.0,22.0,205.94,53.0,184.82,35.650000000000006,138.0,87.0,2.4575434889281835,225,51.0,-140.0,0.23,167.67,6.0
2025-04-08 10:37:10,167.0,100.0,181.93,40.0,163.0,20.0,182.93,41.0,174.46,14.930000000000009,120.0,81.0,6.4950442646661735,201,39.0,-24.0,0.19,167.67,
2025-04-08 10:37:11,167.0,139.0,178.96,57.0,163.71,34.0,179.57,63.0,172.98,11.960000000000008,173.0,120.0,7.735869699004287,293,53.0,92.0,0.18,167.0,1.0
2025-04-08 10:37:12,167.14,84.0,176.5,48.0,166.53,68.0,177.83,48.0,171.82,9.360000000000014,152.0,96.0,7.436203332344555,248,56.0,-45.0,0.23,167.0,
2025-04-08 10:37:13,168.0,30.0,174.8,44.0,167.0,90.0,175.58,36.0,171.4,6.800000000000011,120.0,80.0,5.563962616694315,200,40.0,-48.0,0.2,168.0,1.0
2025-04-08 10:37:14,167.77,39.0,172.14,50.0,166.94,137.0,173.45,58.0,169.95,4.369999999999976,176.0,108.0,1.6979752648291186,284,68.0,84.0,0.24,168.0,2.0
2025-04-08 10:37:15,167.0,72.0,169.95,44.0,163.0,24.0,315.21,48.0,168.48,2.9499999999999886,96.0,92.0,1.7448724881696605,188,4.0,-96.0,0.02,167.0,7.0
2025-04-08 10:37:16,167.0,10.0,171.8,25.0,163.0,10.0,367.26,19.0,169.4,4.800000000000011,20.0,44.0,1.3896762212729032,64,-24.0,-124.0,-0.38,167.0,
2025-04-08 10:37:17,164.34,29.0,170.5,60.0,162.09,70.0,224.17,36.0,167.42,6.159999999999997,99.0,96.0,1.503728698925213,195,3.0,131.0,0.02,162.67,3.0
2025-04-08 10:37:18,166.58,19.0,170.0,65.0,164.82,115.0,265.33,45.0,168.29,3.4199999999999875,134.0,110.0,0.9883167508300552,244,24.0,49.0,0.1,166.2,5.0
2025-04-08 10:37:19,166.0,44.0,169.45,55.0,164.0,110.0,215.91,33.0,167.73,3.4499999999999886,154.0,88.0,0.7640876912837065,242,66.0,-2.0,0.27,166.2,
2025-04-08 10:37:20,166.0,24.0,167.67,30.0,164.0,60.0,391.0,18.0,166.83,1.6699999999999875,84.0,48.0,0.9747461207777384,132,36.0,-110.0,0.27,166.2,
2025-04-08 10:37:21,164.71,62.0,292.29,41.0,163.79,76.0,684.9,29.0,228.5,127.58,138.0,70.0,27.25495239401404,208,68.0,76.0,0.33,166.0,4.0
2025-04-08 10:37:31,167.03,33.0,246.7,54.0,166.47,15.0,247.87,62.0,206.87,79.66999999999999,48.0,116.0,3.593316017268015,164,-68.0,-77.0,-0.41,166.71,7.0
2025-04-08 10:37:32,163.88,66.0,211.19,57.0,162.4,40.0,225.53,53.0,187.54,47.31,106.0,110.0,10.94826926961304,216,-4.0,52.0,-0.02,164.0,1.0
2025-04-08 10:37:33,163.0,29.0,189.56,36.0,162.0,72.0,191.39,33.0,176.28,26.56,101.0,69.0,16.04495465870662,170,32.0,-46.0,0.19,164.0,
2025-04-08 10:37:34,162.29,42.0,186.0,31.0,161.38,64.0,186.74,39.0,174.14,23.710000000000008,106.0,70.0,16.916014010397056,176,36.0,6.0,0.2,163.0,3.0
2025-04-08 10:37:35,162.14,28.0,183.0,6.0,161.13,46.0,185.0,30.0,172.57,20.860000000000014,74.0,36.0,14.33247536191664,110,38.0,-66.0,0.35,163.33,3.0
2025-04-08 10:37:36,162.0,40.0,181.75,20.0,161.0,64.0,182.11,28.0,171.88,19.75,104.0,48.0,6.408729983385618,152,56.0,42.0,0.37,163.33,
2025-04-08 10:37:37,162.0,45.0,178.06,32.0,161.0,72.0,179.0,21.0,170.03,16.060000000000002,117.0,53.0,2.362001270098112,170,64.0,18.0,0.38,163.33,
2025-04-08 10:37:38,161.83,48.0,172.97,36.0,160.97,66.0,175.05,20.0,167.4,11.139999999999986,114.0,56.0,2.588035934824841,170,58.0,0.0,0.34,162.0,5.0
2025-04-08 10:37:39,160.86,56.0,168.58,24.0,159.5,24.0,169.94,32.0,164.72,7.719999999999999,80.0,56.0,3.258320119316761,136,24.0,-34.0,0.18,162.0,
2025-04-08 10:37:40,159.87,23.0,162.74,39.0,154.38,34.0,164.78,41.0,161.31,2.8700000000000045,57.0,80.0,4.204363209802896,137,-23.0,1.0,-0.17,160.0,2.0
2025-04-08 10:37:41,159.22,27.0,160.78,36.0,108.38,13.0,174.39,33.0,160.0,1.5600000000000025,40.0,69.0,4.161762847633664,109,-29.0,-28.0,-0.27,160.0,7.0
2025-04-08 10:37:42,119.0,7.0,161.0,22.0,91.57,7.0,188.0,28.0,140.0,42.0,14.0,50.0,10.841142928674222,64,-36.0,-45.0,-0.56,161.0,2.0
2025-04-08 10:37:43,148.54,26.0,187.56,18.0,142.42,12.0,353.05,21.0,168.05,39.02000000000001,38.0,39.0,10.974831661576552,77,-1.0,13.0,-0.01,161.0,2.0
2025-04-08 10:37:44,161.12,34.0,182.94,18.0,148.92,52.0,184.19,42.0,172.03,21.819999999999997,86.0,60.0,12.357721068220604,146,26.0,69.0,0.18,162.0,2.0
2025-04-08 10:37:45,161.0,20.0,181.38,8.0,147.0,72.0,183.0,32.0,171.19,20.379999999999995,92.0,40.0,13.316689904024336,132,52.0,-14.0,0.39,161.0,2.0
2025-04-08 10:37:46,166.28,39.0,180.18,39.0,149.2,71.0,182.56,36.0,173.23,13.900000000000006,110.0,75.0,14.050999964413355,185,35.0,53.0,0.19,166.56,9.0
2025-04-08 10:37:47,166.42,12.0,180.0,48.0,163.5,16.0,181.0,12.0,173.21,13.580000000000013,28.0,60.0,2.132350815401993,88,-32.0,-97.0,-0.36,166.56,
2025-04-08 10:37:49,162.0,18.0,175.84,32.0,154.77,53.0,179.0,29.0,168.92,13.840000000000003,71.0,61.0,2.122043826113328,132,10.0,48.0,0.08,165.33,3.0
2025-04-08 10:37:50,160.0,15.0,166.96,25.0,159.0,56.0,171.26,27.0,163.48,6.960000000000008,71.0,52.0,4.485925768439033,123,19.0,-9.0,0.15,160.0,1.0
2025-04-08 10:37:51,160.0,7.0,165.62,26.0,159.0,49.0,195.33,18.0,162.81,5.6200000000000045,56.0,44.0,5.312237758228146,100,12.0,-23.0,0.12,160.0,
2025-04-08 10:37:52,159.81,27.0,165.76,34.0,158.17,60.0,185.5,32.0,162.79,5.949999999999989,87.0,66.0,5.055963805244677,153,21.0,53.0,0.14,159.33,3.0
2025-04-08 10:37:53,160.0,24.0,163.08,26.0,159.0,40.0,164.55,22.0,161.54,3.0800000000000125,64.0,48.0,2.8881776261067285,112,16.0,-41.0,0.14,159.33,
2025-04-08 10:37:54,159.67,45.0,161.46,26.0,151.71,56.0,168.23,52.0,160.56,1.7900000000000205,101.0,78.0,1.1701837462309204,179,23.0,67.0,0.13,160.0,3.0
2025-04-08 10:37:55,159.0,20.0,180.8,10.0,97.0,25.0,227.88,16.0,169.9,21.80000000000001,45.0,26.0,3.6886108496212335,71,19.0,-108.0,0.27,159.0,3.0
2025-04-08 10:37:56,161.95,38.0,385.28,50.0,151.51,55.0,488.18,44.0,273.61,223.33,93.0,94.0,49.29097128278111,187,-1.0,116.0,-0.01,159.0,
2025-04-08 10:37:57,166.23,52.0,361.18,44.0,164.46,67.0,490.73,44.0,263.71,194.95,119.0,88.0,57.545979268754806,207,31.0,20.0,0.15,159.0,
2025-04-08 10:37:58,167.66,41.0,275.83,48.0,166.15,66.0,373.67,48.0,221.75,108.17,107.0,96.0,51.98282918426008,203,11.0,-4.0,0.05,168.0,1.0
2025-04-08 10:37:59,168.0,35.0,296.0,28.0,167.0,18.0,418.0,26.0,232.0,128.0,53.0,54.0,40.92126745348887,107,-1.0,-96.0,-0.01,168.0,
2025-04-08 10:38:02,168.0,56.0,261.0,48.0,167.0,24.0,447.5,24.0,214.5,93.0,80.0,72.0,44.55308485391299,152,8.0,7.0,0.05,168.0,4.0
2025-04-08 10:38:03,167.62,8.0,230.78,27.0,166.29,34.0,275.46,26.0,199.2,63.16,42.0,53.0,49.195679891632444,95,-11.0,-57.0,-0.12,167.5,2.0
2025-04-08 10:38:04,166.03,34.0,259.13,46.0,164.26,61.0,480.71,34.0,212.58,93.1,95.0,80.0,51.37668556845573,175,15.0,80.0,0.09,166.12,8.0
2025-04-08 10:38:05,164.25,32.0,264.24,17.0,163.74,27.0,392.64,28.0,214.24,99.99,59.0,45.0,25.525277275672345,104,14.0,-71.0,0.13,165.0,2.0
2025-04-08 10:38:06,164.0,48.0,283.69,16.0,163.0,12.0,334.15,26.0,223.84,119.69,60.0,42.0,8.829321604741198,102,18.0,-2.0,0.18,165.0,
2025-04-08 10:38:07,164.0,56.0,308.83,30.0,163.0,14.0,334.5,30.0,236.42,144.82999999999998,70.0,60.0,13.852692157120662,130,10.0,28.0,0.08,165.0,
2025-04-08 10:38:08,164.0,48.0,305.26,43.0,163.0,12.0,321.57,30.0,234.63,141.26,60.0,73.0,11.094684312766928,133,-13.0,3.0,-0.1,165.0,
2025-04-08 10:38:09,162.38,64.0,237.0,23.0,160.07,133.0,271.57,46.0,199.69,74.62,197.0,69.0,15.235764831473182,266,128.0,133.0,0.48,163.8,5.0
2025-04-08 10:38:10,162.0,60.0,177.56,34.0,160.0,120.0,178.13,38.0,169.78,15.560000000000002,180.0,72.0,28.19087387790505,252,108.0,-14.0,0.43,163.8,
2025-04-08 10:38:11,162.0,42.0,173.38,13.0,160.0,70.0,173.6,15.0,167.69,11.379999999999995,112.0,28.0,33.426984159507164,140,84.0,-112.0,0.6,163.8,
2025-04-08 10:38:12,162.0,72.0,169.77,22.0,160.0,165.0,172.12,26.0,165.89,7.77000000000001,237.0,48.0,29.76261547646536,285,189.0,145.0,0.66,163.8,
2025-04-08 10:38:13,162.98,59.0,165.44,41.0,160.67,143.0,166.07,40.0,164.21,2.460000000000008,202.0,81.0,14.813129986600645,283,121.0,-2.0,0.43,164.0,4.0
2025-04-08 10:38:14,162.0,26.0,165.62,16.0,160.0,152.0,216.0,24.0,163.81,3.620000000000005,178.0,40.0,2.488770780912343,218,138.0,-65.0,0.63,162.0,4.0
2025-04-08 10:38:15,162.0,14.0,164.2,15.0,160.0,133.0,165.69,13.0,163.1,2.1999999999999886,147.0,28.0,1.847998917727554,175,119.0,-43.0,0.68,162.0,
2025-04-08 10:38:16,160.14,139.0,162.08,12.0,159.77,123.0,218.65,26.0,161.11,1.940000000000026,262.0,38.0,1.7397930911235835,300,224.0,125.0,0.75,161.0,4.0
2025-04-08 10:38:17,160.0,147.0,222.6,30.0,113.6,60.0,623.83,24.0,191.3,62.6,207.0,54.0,12.686608293784628,261,153.0,-39.0,0.59,160.0,7.0
2025-04-08 10:38:19,160.25,65.0,395.57,21.0,159.44,32.0,570.23,26.0,277.91,235.32,97.0,47.0,89.73079332091056,144,50.0,25.0,0.35,161.14,7.0
2025-04-08 10:38:20,166.0,12.0,183.0,4.0,160.0,20.0,392.0,12.0,174.5,17.0,32.0,16.0,87.65003633769908,48,16.0,-96.0,0.33,161.14,
2025-04-08 10:38:21,166.0,18.0,222.3,10.0,163.0,18.0,349.26,19.0,194.15,56.30000000000001,36.0,29.0,81.76357716000427,65,7.0,17.0,0.11,161.14,
2025-04-08 10:38:22,166.0,42.0,235.88,32.0,163.0,42.0,357.14,44.0,200.94,69.88,84.0,76.0,80.39196769578399,160,8.0,95.0,0.05,161.14,
2025-04-08 10:38:23,166.75,59.0,202.44,27.0,164.33,27.0,205.11,9.0,184.6,35.69,86.0,36.0,41.18981124015925,122,50.0,-38.0,0.41,161.14,
2025-04-08 10:38:24,167.02,61.0,202.0,27.0,166.31,35.0,336.22,9.0,184.51,34.97999999999999,96.0,36.0,10.135558692047232,132,60.0,10.0,0.45,167.2,5.0
2025-04-08 10:38:25,167.0,56.0,201.38,24.0,166.0,24.0,285.64,11.0,184.19,34.379999999999995,80.0,35.0,7.573702529142248,115,45.0,-17.0,0.39,167.2,
2025-04-08 10:38:26,167.0,37.0,198.64,14.0,166.0,18.0,225.8,20.0,182.82,31.639999999999983,55.0,34.0,7.596108872306526,89,21.0,-26.0,0.24,167.0,5.0
2025-04-08 10:38:27,167.0,20.0,196.6,30.0,166.0,30.0,198.0,20.0,181.8,29.599999999999994,50.0,50.0,1.2271226507285495,100,0.0,11.0,0.0,167.0,
2025-04-08 10:38:28,167.0,16.0,196.0,24.0,166.0,24.0,198.0,16.0,181.5,29.0,40.0,40.0,1.3612604452971604,80,0.0,-20.0,0.0,167.0,
2025-04-08 10:38:29,167.0,22.0,195.0,33.0,166.0,33.0,198.0,22.0,181.0,28.0,55.0,55.0,1.266420151422952,110,0.0,30.0,0.0,167.0,
2025-04-08 10:38:30,166.88,25.0,189.65,34.0,165.69,39.0,191.51,35.0,178.26,22.77000000000001,64.0,69.0,1.708882675881901,133,-5.0,23.0,-0.04,166.5,4.0
2025-04-08 10:38:31,166.0,4.0,168.33,6.0,164.0,8.0,184.0,8.0,167.17,2.3300000000000125,12.0,14.0,6.18530354953798,26,-2.0,-107.0,-0.08,166.5,
2025-04-08 10:38:32,163.86,14.0,167.58,19.0,162.16,98.0,332.78,36.0,165.72,3.719999999999999,112.0,55.0,7.680175779233495,167,57.0,141.0,0.34,165.44,9.0
2025-04-08 10:38:33,163.62,13.0,217.11,9.0,162.08,49.0,410.0,13.0,190.36,53.49000000000001,62.0,22.0,10.231134834412371,84,40.0,-83.0,0.48,165.0,1.0
2025-04-08 10:38:34,163.0,8.0,427.0,17.0,162.0,72.0,653.35,17.0,295.0,264.0,80.0,34.0,54.40829091232276,114,46.0,30.0,0.4,165.0,
2025-04-08 10:38:35,162.08,38.0,261.79,33.0,160.72,69.0,508.92,13.0,211.93,99.71,107.0,46.0,53.22362097790744,153,61.0,39.0,0.4,162.33,3.0
2025-04-08 10:38:36,164.0,13.0,260.5,32.0,162.0,91.0,270.25,57.0,212.25,96.5,104.0,89.0,48.61229751822016,193,15.0,40.0,0.08,162.33,
2025-04-08 10:38:37,163.33,12.0,218.56,18.0,161.72,65.0,243.58,24.0,190.94,55.22999999999999,77.0,42.0,43.22370449186369,119,35.0,-74.0,0.29,162.5,4.0
2025-04-08 10:38:38,162.0,30.0,216.67,18.0,160.0,41.0,219.0,18.0,189.33,54.66999999999999,71.0,36.0,43.40293596060015,107,35.0,-12.0,0.33,162.0,2.0
2025-04-08 10:38:39,162.0,25.0,216.0,20.0,160.0,40.0,249.6,35.0,189.0,54.0,65.0,55.0,12.254992860052791,120,10.0,13.0,0.08,162.0,
2025-04-08 10:38:40,162.0,20.0,213.53,19.0,160.0,60.0,280.11,35.0,187.76,51.53,80.0,54.0,10.344913242746028,134,26.0,14.0,0.19,162.0,
2025-04-08 10:38:41,162.34,35.0,181.92,13.0,161.05,38.0,200.45,11.0,172.13,19.579999999999984,73.0,24.0,7.743156333171731,97,49.0,-37.0,0.51,160.8,5.0
2025-04-08 10:38:42,163.17,36.0,180.3,20.0,161.69,58.0,296.4,10.0,171.73,17.130000000000024,94.0,30.0,9.20320324669272,124,64.0,27.0,0.52,163.2,5.0
2025-04-08 10:38:43,162.0,55.0,178.36,22.0,160.0,33.0,250.19,32.0,170.18,16.360000000000014,88.0,54.0,9.368188191957566,142,34.0,18.0,0.24,163.2,
2025-04-08 10:38:44,165.53,17.0,177.0,35.0,161.25,16.0,178.0,14.0,171.26,11.47,33.0,49.0,7.386045626716038,82,-16.0,-60.0,-0.2,162.0,3.0
2025-04-08 10:38:45,168.0,22.0,175.64,55.0,162.0,22.0,178.0,22.0,171.82,7.639999999999986,44.0,77.0,0.7621220374253113,121,-33.0,39.0,-0.27,162.0,
2025-04-08 10:38:46,165.3,23.0,169.6,58.0,160.97,29.0,172.9,48.0,167.45,4.299999999999983,52.0,106.0,1.819139906639602,158,-54.0,37.0,-0.34,168.0,2.0
2025-04-08 10:38:47,166.56,18.0,169.94,34.0,164.22,18.0,173.34,32.0,168.25,3.3799999999999955,36.0,66.0,1.8895158109760009,102,-30.0,-56.0,-0.29,167.0,2.0
2025-04-08 10:38:48,166.0,24.0,175.61,33.0,162.0,24.0,176.83,24.0,170.8,9.610000000000014,48.0,57.0,1.9409868623791295,105,-9.0,3.0,-0.09,167.0,
2025-04-08 10:38:49,166.0,18.0,174.78,36.0,162.0,18.0,175.42,24.0,170.39,8.780000000000001,36.0,60.0,1.8259709745579933,96,-24.0,-9.0,-0.25,167.0,
2025-04-08 10:38:50,166.0,24.0,171.27,15.0,162.0,30.0,172.5,24.0,168.63,5.27000000000001,54.0,39.0,1.433520142839949,93,15.0,-3.0,0.16,167.0,
2025-04-08 10:38:51,162.89,90.0,167.73,41.0,161.59,103.0,169.85,26.0,165.31,4.840000000000003,193.0,67.0,2.1773102672627065,260,126.0,167.0,0.48,166.0,2.0
2025-04-08 10:38:52,162.0,108.0,166.64,22.0,160.0,33.0,168.0,11.0,164.32,4.639999999999986,141.0,33.0,2.9439344421924765,174,108.0,-86.0,0.62,162.0,2.0
2025-04-08 10:38:53,162.0,75.0,164.82,22.0,160.0,33.0,171.48,21.0,163.41,2.819999999999993,108.0,43.0,2.97266210658497,151,65.0,-23.0,0.43,162.29,7.0
2025-04-08 10:38:54,163.19,48.0,167.62,16.0,161.44,54.0,195.04,78.0,165.41,4.430000000000007,102.0,94.0,1.9727087975485864,196,8.0,45.0,0.04,162.29,
2025-04-08 10:38:55,164.0,33.0,165.45,11.0,163.0,33.0,361.91,33.0,164.73,1.4499999999999886,66.0,44.0,0.8162597625297273,110,22.0,-86.0,0.2,162.29,
2025-04-08 10:38:56,164.0,26.0,349.45,22.0,163.0,30.0,437.79,38.0,256.73,185.45,56.0,60.0,41.26739754333846,116,-4.0,6.0,-0.03,164.0,1.0
2025-04-08 10:38:57,164.0,18.0,345.5,30.0,163.0,27.0,509.14,43.0,254.75,181.5,45.0,73.0,49.97515462707392,118,-28.0,2.0,-0.24,164.0,
2025-04-08 10:38:59,166.81,64.0,458.62,52.0,163.77,26.0,556.0,44.0,312.71,291.81,90.0,96.0,62.86519641264141,186,-6.0,35.0,-0.03,164.0,
2025-04-08 10:39:00,167.0,36.0,293.5,20.0,164.0,14.0,343.22,23.0,230.25,126.5,50.0,43.0,40.16015288815507,93,7.0,-93.0,0.08,167.0,1.0
2025-04-08 10:39:01,167.0,35.0,294.0,21.0,164.0,14.0,324.0,28.0,230.5,127.0,49.0,49.0,44.67550559310983,98,0.0,5.0,0.0,167.0,
2025-04-08 10:39:02,167.0,55.0,310.54,39.0,164.0,22.0,357.12,33.0,238.77,143.54000000000002,77.0,72.0,46.58774924805862,149,5.0,51.0,0.03,167.0,
2025-04-08 10:39:03,167.0,60.0,295.2,46.0,164.0,24.0,350.8,50.0,231.1,128.2,84.0,96.0,35.97666507612922,180,-12.0,31.0,-0.07,167.0,
2025-04-08 10:39:04,167.0,30.0,265.09,22.0,164.0,12.0,371.88,24.0,216.05,98.08999999999996,42.0,46.0,8.228306630161857,88,-4.0,-92.0,-0.05,167.0,
2025-04-08 10:39:05,167.0,60.0,293.04,46.0,164.0,24.0,573.04,25.0,230.02,126.04000000000002,84.0,71.0,8.222546442554494,155,13.0,67.0,0.08,167.0,
2025-04-08 10:39:06,167.0,45.0,280.47,15.0,166.0,9.0,398.0,16.0,223.73,113.47000000000004,54.0,31.0,8.524918181423493,85,23.0,-70.0,0.27,167.0,2.0
2025-04-08 10:39:07,165.04,51.0,196.12,41.0,162.12,41.0,562.96,27.0,180.58,31.080000000000013,92.0,68.0,20.84744660623832,160,24.0,75.0,0.15,166.7,10.0
2025-04-08 10:39:08,163.0,31.0,193.0,28.0,160.0,49.0,605.46,13.0,178.0,30.0,80.0,41.0,24.60674358788565,121,39.0,-39.0,0.32,163.0,3.0
2025-04-08 10:39:09,163.0,24.0,191.33,18.0,160.0,42.0,208.9,21.0,177.17,28.330000000000013,66.0,39.0,26.573523477325075,105,27.0,-16.0,0.26,163.0,
2025-04-08 10:39:10,163.0,39.0,189.33,33.0,160.0,84.0,190.6,40.0,176.17,26.330000000000013,123.0,73.0,20.525244212918395,196,50.0,91.0,0.26,163.0,1.0
2025-04-08 10:39:11,162.39,49.0,186.34,41.0,159.87,105.0,187.45,40.0,174.36,23.950000000000017,154.0,81.0,2.300875920151701,235,73.0,39.0,0.31,161.8,5.0
2025-04-08 10:39:12,161.54,39.0,183.37,54.0,160.12,59.0,185.27,33.0,172.45,21.830000000000013,98.0,87.0,2.236369826288325,185,11.0,-50.0,0.06,162.0,5.0
2025-04-08 10:39:13,162.0,39.0,180.09,35.0,160.0,56.0,182.14,21.0,171.04,18.090000000000003,95.0,56.0,2.538123322443572,151,39.0,-34.0,0.26,162.0,1.0
2025-04-08 10:39:14,161.06,51.0,175.12,40.0,159.6,60.0,177.0,26.0,168.09,14.060000000000002,111.0,66.0,3.101623768275393,177,45.0,26.0,0.25,160.62,8.0
2025-04-08 10:39:15,159.0,30.0,171.0,11.0,145.0,20.0,172.46,13.0,165.0,12.0,50.0,24.0,3.693408994401975,74,26.0,-103.0,0.35,160.62,
2025-04-08 10:39:16,159.0,24.0,166.31,13.0,157.83,254.0,169.06,16.0,162.65,7.310000000000002,278.0,29.0,4.079096713725702,307,249.0,168.0,0.81,162.5,4.0
2025-04-08 10:39:17,160.85,54.0,163.67,9.0,158.05,105.0,165.44,9.0,162.26,2.819999999999993,159.0,18.0,3.7348186033496416,177,141.0,-130.0,0.8,162.5,2.0
2025-04-08 10:39:20,167.0,36.0,444.39,33.0,160.09,11.0,468.96,23.0,305.7,277.39,47.0,56.0,87.95175410416773,103,-9.0,15.0,-0.09,162.5,
2025-04-08 10:39:21,158.07,107.0,396.96,54.0,155.6,183.0,417.61,33.0,277.51,238.89,290.0,87.0,69.99480745026734,377,203.0,168.0,0.54,165.4,5.0
2025-04-08 10:39:22,158.07,183.0,318.18,22.0,154.49,114.0,414.13,45.0,238.12,160.11,297.0,67.0,39.34759751242777,364,230.0,-13.0,0.63,159.0,4.0
2025-04-08 10:39:23,160.6,10.0,283.0,5.0,158.1,79.0,416.0,25.0,221.8,122.4,89.0,30.0,42.5730787000423,119,59.0,-168.0,0.5,159.0,
2025-04-08 10:39:24,162.12,16.0,317.53,30.0,158.21,112.0,421.63,30.0,239.83,155.40999999999997,128.0,60.0,34.2119170757791,188,68.0,69.0,0.36,162.0,3.0
2025-04-08 10:39:25,160.0,11.0,208.45,55.0,158.0,275.0,294.62,21.0,184.23,48.44999999999999,286.0,76.0,33.74719351294225,362,210.0,168.0,0.58,162.0,
2025-04-08 10:39:26,160.0,8.0,205.38,40.0,158.0,200.0,208.0,40.0,182.69,45.38,208.0,80.0,28.169817713289547,288,128.0,-74.0,0.44,162.0,
2025-04-08 10:39:27,161.96,51.0,205.0,30.0,158.33,30.0,208.0,30.0,183.48,43.03999999999999,81.0,60.0,26.71125287215025,141,21.0,-147.0,0.15,162.0,
2025-04-08 10:39:28,162.0,130.0,202.77,65.0,160.0,13.0,205.69,65.0,182.38,40.77000000000001,143.0,130.0,25.338164298148165,273,13.0,132.0,0.05,162.0,
2025-04-08 10:39:29,162.33,72.0,201.0,50.0,161.74,46.0,203.0,50.0,181.67,38.66999999999999,118.0,100.0,0.9914887795346968,218,18.0,-55.0,0.08,162.0,
2025-04-08 10:39:30,166.46,39.0,199.64,55.0,162.53,68.0,203.0,55.0,183.05,33.17999999999998,107.0,110.0,0.6862433970123637,217,-3.0,-1.0,-0.01,162.0,
2025-04-08 10:39:31,168.0,52.0,196.85,65.0,164.0,39.0,201.62,65.0,182.42,28.849999999999994,91.0,130.0,0.6932892613787105,221,-39.0,4.0,-0.18,162.0,
2025-04-08 10:39:32,168.0,64.0,193.38,80.0,164.0,113.0,195.31,80.0,180.69,25.379999999999995,177.0,160.0,0.8999277748479175,337,17.0,116.0,0.05,162.0,
2025-04-08 10:39:33,166.15,52.0,189.9,50.0,163.3,86.0,192.1,50.0,178.03,23.75,138.0,100.0,1.9644897556216052,238,38.0,-99.0,0.16,168.0,4.0
2025-04-08 10:39:34,165.29,70.0,188.0,60.0,161.98,105.0,190.0,60.0,176.64,22.710000000000008,175.0,120.0,2.76892217296581,295,55.0,57.0,0.19,163.78,9.0
2025-04-08 10:39:35,167.0,36.0,186.83,30.0,162.0,54.0,188.33,30.0,176.92,19.830000000000013,90.0,60.0,2.518501538602069,150,30.0,-145.0,0.2,163.78,
2025-04-08 10:39:36,167.0,66.0,184.27,55.0,162.0,106.0,188.0,55.0,175.64,17.27000000000001,172.0,110.0,1.9337347284310344,282,62.0,132.0,0.22,163.78,
2025-04-08 10:39:37,167.0,42.0,183.0,35.0,166.0,7.0,187.71,35.0,175.0,16.0,49.0,70.0,1.173873928469157,119,-21.0,-163.0,-0.18,163.78,
2025-04-08 10:39:38,167.0,28.0,182.12,40.0,166.0,8.0,188.0,40.0,174.56,15.120000000000005,36.0,80.0,1.0187835883735197,116,-44.0,-3.0,-0.38,167.0,5.0
2025-04-08 10:39:39,167.0,8.0,184.62,40.0,166.0,8.0,188.41,39.0,175.81,17.620000000000005,16.0,79.0,0.8984319673404014,95,-63.0,-21.0,-0.66,167.0,
2025-04-08 10:39:40,167.0,7.0,186.57,35.0,166.0,7.0,187.57,35.0,176.79,19.569999999999997,14.0,70.0,0.850793747002837,84,-56.0,-11.0,-0.67,167.0,
2025-04-08 10:39:41,167.0,9.0,184.0,45.0,166.0,9.0,185.0,45.0,175.5,17.0,18.0,90.0,0.8498058601463717,108,-72.0,24.0,-0.67,167.0,
2025-04-08 10:39:42,164.2,20.0,181.91,55.0,163.03,29.0,184.0,55.0,173.05,17.710000000000008,49.0,110.0,1.4146978475769754,159,-61.0,51.0,-0.38,165.67,3.0
2025-04-08 10:39:43,164.0,12.0,179.42,60.0,162.0,120.0,184.0,60.0,171.71,15.419999999999987,132.0,120.0,2.110739206993294,252,12.0,93.0,0.05,165.67,
2025-04-08 10:39:44,162.78,23.0,177.27,55.0,161.84,98.0,184.0,55.0,170.03,14.490000000000007,121.0,110.0,2.749378111489612,231,11.0,-21.0,0.05,162.5,4.0
2025-04-08 10:39:45,162.0,84.0,175.33,60.0,160.0,48.0,177.25,79.0,168.67,13.330000000000013,132.0,139.0,2.654716557363052,271,-7.0,40.0,-0.03,162.5,
2025-04-08 10:39:46,162.0,66.0,172.5,60.0,160.31,58.0,174.0,60.0,167.25,10.5,124.0,120.0,2.3161433461547283,244,4.0,-27.0,0.02,162.0,3.0
2025-04-08 10:39:47,161.2,60.0,168.49,41.0,160.53,51.0,169.82,44.0,164.84,7.29000000000002,111.0,85.0,2.6283074401477657,196,26.0,-48.0,0.13,161.8,5.0
2025-04-08 10:39:48,161.0,69.0,164.38,65.0,160.0,52.0,165.7,63.0,162.69,3.3799999999999955,121.0,128.0,2.9500813547994453,249,-7.0,53.0,-0.03,161.0,5.0
2025-04-08 10:39:49,160.2,44.0,161.71,34.0,159.29,42.0,162.79,38.0,160.96,1.510000000000019,86.0,72.0,3.168007260082359,158,14.0,-91.0,0.09,161.0,
2025-04-08 10:39:50,159.05,146.0,160.56,59.0,149.19,52.0,179.4,50.0,159.81,1.509999999999991,198.0,109.0,2.99254908062238,307,89.0,149.0,0.29,159.31,13.0
2025-04-08 10:39:51,159.0,26.0,200.12,32.0,141.1,20.0,277.36,22.0,179.56,41.120000000000005,46.0,54.0,8.04638241695824,100,-8.0,-168.0,-0.08,159.56,9.0
2025-04-08 10:39:52,165.05,43.0,267.0,44.0,162.0,42.0,348.76,34.0,216.02,101.95,85.0,78.0,23.87238718687217,163,7.0,63.0,0.04,159.56,
2025-04-08 10:39:55,163.91,22.0,225.82,33.0,162.2,41.0,251.0,44.0,194.86,61.91,63.0,77.0,27.15109426892316,140,-14.0,27.0,-0.1,165.5,4.0
2025-04-08 10:39:56,165.11,56.0,241.25,32.0,163.88,32.0,428.44,41.0,203.18,76.13999999999999,88.0,73.0,22.75935675716592,161,15.0,21.0,0.09,166.0,2.0
2025-04-08 10:39:57,166.58,48.0,439.17,41.0,164.0,48.0,630.19,43.0,302.88,272.59000000000003,96.0,84.0,46.78490440302259,180,12.0,19.0,0.07,166.0,
2025-04-08 10:39:58,167.11,71.0,398.21,53.0,163.92,52.0,408.8,20.0,282.66,231.1,123.0,73.0,52.27269344504802,196,50.0,16.0,0.26,169.0,4.0
2025-04-08 10:39:59,167.0,91.0,406.73,30.0,164.0,58.0,407.4,30.0,286.87,239.73,149.0,60.0,50.91968774452545,209,89.0,13.0,0.43,169.0,
2025-04-08 10:40:00,167.0,99.0,401.82,45.0,164.0,90.0,405.5,24.0,284.41,234.82,189.0,69.0,39.30180466594357,258,120.0,49.0,0.47,169.0,
2025-04-08 10:40:01,164.25,24.0,305.31,45.0,163.18,67.0,401.18,34.0,234.78,141.06,91.0,79.0,25.63177422653349,170,12.0,-88.0,0.07,164.6,5.0
2025-04-08 10:40:02,164.13,15.0,181.33,33.0,163.34,53.0,182.71,28.0,172.73,17.200000000000017,68.0,61.0,49.462615680936,129,7.0,-41.0,0.05,163.4,5.0
2025-04-08 10:40:03,168.0,11.0,178.53,17.0,166.0,88.0,180.26,38.0,173.26,10.53,99.0,55.0,56.382473783969125,154,44.0,25.0,0.29,163.4,
2025-04-08 10:40:04,167.2,15.0,175.05,22.0,165.92,74.0,175.71,28.0,171.12,7.850000000000023,89.0,50.0,50.90160459160352,139,39.0,-15.0,0.28,166.67,3.0
2025-04-08 10:40:05,166.0,44.0,173.0,36.0,163.0,18.0,174.0,9.0,169.5,7.0,62.0,45.0,28.26980226319137,107,17.0,-32.0,0.16,166.0,5.0
2025-04-08 10:40:06,166.0,11.0,172.65,23.0,163.0,22.0,173.12,32.0,169.33,6.650000000000006,33.0,55.0,1.8011857205555415,88,-22.0,-19.0,-0.25,166.0,
2025-04-08 10:40:07,166.0,5.0,171.0,5.0,163.0,10.0,173.0,20.0,168.5,5.0,15.0,25.0,1.887198982601659,40,-10.0,-48.0,-0.25,166.0,
2025-04-08 10:40:08,166.0,7.0,170.08,13.0,163.0,14.0,171.73,22.0,168.04,4.0800000000000125,21.0,35.0,1.1811943108278962,56,-14.0,16.0,-0.25,166.0,
2025-04-08 10:40:09,163.86,14.0,167.32,19.0,162.21,38.0,325.81,27.0,165.59,3.4599999999999795,52.0,46.0,1.5727587227326252,98,6.0,42.0,0.06,166.0,1.0
2025-04-08 10:40:10,163.0,28.0,166.03,29.0,162.0,84.0,166.34,44.0,164.52,3.030000000000001,112.0,73.0,2.0437049689059785,185,39.0,87.0,0.21,166.0,
2025-04-08 10:40:11,162.44,32.0,164.4,10.0,161.08,78.0,166.0,40.0,163.42,1.960000000000008,110.0,50.0,2.203719582871264,160,60.0,-25.0,0.38,163.0,2.0
2025-04-08 10:40:12,160.29,112.0,162.58,12.0,159.46,104.0,166.0,48.0,161.43,2.2900000000000205,216.0,60.0,2.462793129747084,276,156.0,116.0,0.57,162.0,6.0
2025-04-08 10:40:13,160.0,62.0,161.33,6.0,159.0,48.0,166.0,24.0,160.67,1.3300000000000125,110.0,30.0,2.0621178433660483,140,80.0,-136.0,0.57,160.0,2.0
2025-04-08 10:40:14,160.0,53.0,161.0,9.0,159.0,90.0,278.86,21.0,160.5,1.0,143.0,30.0,1.7785021787808009,173,113.0,33.0,0.65,160.0,7.0
2025-04-08 10:40:15,160.0,15.0,161.0,5.0,159.0,35.0,485.2,5.0,160.5,1.0,50.0,10.0,1.243796607137833,60,40.0,-113.0,0.67,160.0,
2025-04-08 10:40:16,159.0,39.0,246.27,15.0,155.0,21.0,412.0,11.0,202.63,87.27000000000001,60.0,26.0,18.722073336036576,86,34.0,26.0,0.4,159.6,5.0
2025-04-08 10:40:17,159.36,22.0,211.67,30.0,94.45,11.0,247.43,14.0,185.52,52.30999999999997,33.0,44.0,19.329832642833058,77,-11.0,-9.0,-0.14,159.0,4.0
2025-04-08 10:40:18,167.0,13.0,338.95,41.0,159.0,13.0,573.53,47.0,252.98,171.95,26.0,88.0,38.26597810065677,114,-62.0,37.0,-0.54,159.0,
2025-04-08 10:40:19,167.0,10.0,334.0,30.0,136.09,33.0,455.4,10.0,250.5,167.0,43.0,40.0,40.5908250716828,83,3.0,-31.0,0.04,159.0,
2025-04-08 10:40:20,147.48,63.0,258.57,14.0,118.28,64.0,340.15,26.0,203.02,111.09,127.0,40.0,30.78600980965148,167,87.0,84.0,0.52,163.0,2.0
2025-04-08 10:40:21,152.22,27.0,225.4,10.0,119.3,20.0,407.5,6.0,188.81,73.18,47.0,16.0,33.14528443081996,63,31.0,-104.0,0.49,158.0,3.0
2025-04-08 10:40:22,136.41,49.0,408.8,40.0,54.3,43.0,557.33,15.0,272.6,272.39,92.0,55.0,35.78922072356374,147,37.0,84.0,0.25,155.0,5.0
2025-04-08 10:40:23,164.0,30.0,403.62,32.0,162.0,10.0,529.44,25.0,283.81,239.62,40.0,57.0,42.071204760500585,97,-17.0,-50.0,-0.18,155.0,
2025-04-08 10:40:24,164.0,15.0,268.0,20.0,162.0,9.0,269.0,10.0,216.0,104.0,24.0,30.0,42.69150114484104,54,-6.0,-43.0,-0.11,155.0,
2025-04-08 10:40:25,165.82,28.0,196.62,26.0,162.0,20.0,258.18,34.0,181.22,30.80000000000001,48.0,60.0,47.35754923979874,108,-12.0,54.0,-0.11,167.0,2.0
2025-04-08 10:40:26,167.0,14.0,180.25,32.0,162.0,28.0,183.0,41.0,173.62,13.25,42.0,73.0,50.8943916360139,115,-31.0,7.0,-0.27,167.0,
2025-04-08 10:40:27,163.87,94.0,178.6,40.0,161.2,20.0,184.0,20.0,171.24,14.72999999999999,114.0,60.0,47.49154682677701,174,54.0,59.0,0.31,168.0,1.0
2025-04-08 10:40:28,164.0,154.0,177.4,40.0,162.0,20.0,179.5,32.0,170.7,13.400000000000006,174.0,72.0,19.162167935803687,246,102.0,72.0,0.41,164.0,2.0
2025-04-08 10:40:29,164.0,135.0,174.25,32.0,162.0,18.0,176.88,32.0,169.12,10.25,153.0,64.0,4.77579312784154,217,89.0,-29.0,0.41,164.0,
2025-04-08 10:40:30,164.0,148.0,172.76,37.0,162.0,20.0,176.43,37.0,168.38,8.759999999999991,168.0,74.0,2.0407155607622656,242,94.0,25.0,0.39,164.0,2.0
2025-04-08 10:40:31,164.0,238.0,168.6,50.0,162.99,145.0,170.15,26.0,166.3,4.599999999999994,383.0,76.0,1.967668671279912,459,307.0,168.0,0.67,164.0,
2025-04-08 10:40:32,164.0,283.0,167.96,26.0,163.0,187.0,169.95,59.0,165.98,3.960000000000008,470.0,85.0,1.9756720375446744,555,385.0,96.0,0.69,166.4,5.0
2025-04-08 10:40:33,164.0,165.0,194.88,25.0,163.0,154.0,192.81,47.0,179.44,30.879999999999995,319.0,72.0,5.528135309481553,391,247.0,-164.0,0.63,164.73,15.0
2025-04-08 10:40:34,164.0,56.0,216.11,9.0,163.0,88.0,280.95,20.0,190.06,52.110000000000014,144.0,29.0,10.520300375936928,173,115.0,-168.0,0.66,164.73,
2025-04-08 10:40:35,164.95,44.0,351.84,37.0,163.48,69.0,459.14,21.0,258.4,186.89,113.0,58.0,38.43176134397103,171,55.0,-2.0,0.32,164.73,
2025-04-08 10:40:36,167.0,35.0,360.0,35.0,166.0,14.0,589.14,14.0,263.5,193.0,49.0,49.0,45.99781168707872,98,0.0,-73.0,0.0,164.73,
2025-04-08 10:40:37,167.0,30.0,348.15,27.0,166.0,12.0,519.73,11.0,257.57,181.15,42.0,38.0,41.35281102899736,80,4.0,-18.0,0.05,164.73,
2025-04-08 10:40:38,167.0,65.0,355.67,42.0,166.0,50.0,584.31,32.0,261.33,188.67,115.0,74.0,31.45639632888633,189,41.0,109.0,0.22,164.73,
2025-04-08 10:40:40,166.54,26.0,371.12,40.0,164.15,52.0,679.0,8.0,268.83,204.58,78.0,48.0,39.62841379616386,126,30.0,54.0,0.24,164.73,
2025-04-08 10:40:41,167.0,34.0,292.0,35.0,166.0,14.0,679.0,7.0,229.5,125.0,48.0,42.0,45.71130254105637,90,6.0,-36.0,0.07,167.0,3.0
2025-04-08 10:40:42,166.5,16.0,306.88,26.0,164.57,14.0,679.5,10.0,236.69,140.38,30.0,36.0,48.41949091016947,66,-6.0,-24.0,-0.09,167.0,4.0
2025-04-08 10:40:44,166.0,9.0,373.11,45.0,164.0,36.0,578.89,45.0,269.56,207.11,45.0,90.0,46.887630884914486,135,-45.0,10.0,-0.33,167.0,
2025-04-08 10:40:45,162.12,32.0,398.08,65.0,159.73,52.0,467.54,65.0,280.1,235.96,84.0,130.0,47.06001402464716,214,-46.0,79.0,-0.21,162.89,9.0
2025-04-08 10:40:46,163.0,20.0,312.0,25.0,160.0,10.0,504.0,25.0,237.5,149.0,30.0,50.0,45.327397013285335,80,-20.0,-134.0,-0.25,162.89,
2025-04-08 10:40:50,159.0,92.0,419.02,49.0,138.44,176.0,482.54,57.0,289.01,260.02,268.0,106.0,75.1526948951267,374,162.0,168.0,0.43,159.0,2.0
2025-04-08 10:40:51,159.0,48.0,357.0,31.0,143.0,168.0,359.03,29.0,258.0,198.0,216.0,60.0,68.46683540225882,276,156.0,-98.0,0.57,159.0,
2025-04-08 10:40:52,161.75,60.0,311.05,42.0,147.51,39.0,322.29,38.0,236.4,149.3,99.0,80.0,82.66425194725956,179,19.0,-97.0,0.11,159.0,3.0
2025-04-08 10:40:53,165.69,156.0,237.82,51.0,161.79,86.0,238.85,40.0,201.76,72.13,242.0,91.0,78.75175667881963,333,151.0,154.0,0.45,162.0,5.0
2025-04-08 10:40:54,168.0,144.0,216.37,52.0,162.0,120.0,223.27,52.0,192.18,48.370000000000005,264.0,104.0,39.95430389832892,368,160.0,35.0,0.43,162.0,
2025-04-08 10:40:55,168.0,120.0,187.5,44.0,162.0,120.0,188.34,58.0,177.75,19.5,240.0,102.0,33.070738122999686,342,138.0,-26.0,0.4,168.0,4.0
2025-04-08 10:40:56,168.0,76.0,182.57,37.0,162.0,110.0,183.93,41.0,175.28,14.569999999999991,186.0,78.0,24.69837808440115,264,108.0,-78.0,0.41,168.0,2.0
2025-04-08 10:40:57,168.0,78.0,179.2,55.0,162.0,130.0,180.16,45.0,173.6,11.199999999999989,208.0,100.0,12.303718137214808,308,108.0,44.0,0.35,168.0,
2025-04-08 10:40:58,168.0,96.0,174.88,50.0,162.07,152.0,176.78,59.0,171.44,6.879999999999996,248.0,109.0,8.229738756487329,357,139.0,49.0,0.39,168.0,
2025-04-08 10:40:59,168.0,50.0,169.67,36.0,167.0,26.0,171.53,51.0,168.83,1.6699999999999875,76.0,87.0,3.4358914418285105,163,-11.0,-168.0,-0.07,168.0,4.0
2025-04-08 10:41:00,162.37,87.0,167.74,46.0,160.04,73.0,424.82,44.0,165.05,5.3700000000000045,160.0,90.0,4.039040727701432,250,70.0,87.0,0.28,166.4,5.0
2025-04-08 10:41:01,162.0,45.0,167.0,20.0,159.0,20.0,544.0,25.0,164.5,5.0,65.0,45.0,3.952711727413392,110,20.0,-140.0,0.18,166.4,
2025-04-08 10:41:02,162.0,133.0,165.57,54.0,159.0,64.0,331.22,41.0,163.79,3.569999999999993,197.0,95.0,3.2799649388418426,292,102.0,168.0,0.35,162.0,7.0
2025-04-08 10:41:03,160.91,22.0,163.83,12.0,156.18,34.0,199.0,30.0,162.37,2.920000000000016,56.0,42.0,2.4114352572756457,98,14.0,-168.0,0.14,162.0,2.0
2025-04-08 10:41:04,159.71,56.0,269.18,22.0,134.96,46.0,523.74,39.0,214.45,109.47,102.0,61.0,22.616646966339424,163,41.0,65.0,0.25,163.0,1.0
2025-04-08 10:41:05,164.22,18.0,217.0,12.0,160.67,24.0,776.5,18.0,190.61,52.78,42.0,30.0,22.964874918014026,72,12.0,-91.0,0.17,163.0,
2025-04-08 10:41:06,166.0,10.0,171.0,20.0,164.0,44.0,685.4,25.0,168.5,5.0,54.0,45.0,22.38967351258229,99,9.0,27.0,0.09,163.0,
2025-04-08 10:41:07,166.71,28.0,169.92,12.0,164.15,52.0,304.6,30.0,168.32,3.2099999999999795,80.0,42.0,21.65208650453875,122,38.0,23.0,0.31,163.0,
2025-04-08 10:41:08,167.09,32.0,263.74,19.0,164.27,37.0,419.87,31.0,215.42,96.65,69.0,50.0,23.269966695292624,119,19.0,-3.0,0.16,169.0,1.0
2025-04-08 10:41:09,167.8,30.0,298.75,16.0,163.58,33.0,535.62,21.0,233.28,130.95,63.0,37.0,28.789858978467187,100,26.0,-19.0,0.26,168.0,2.0
2025-04-08 10:41:10,168.0,40.0,339.0,16.0,166.0,8.0,472.87,23.0,253.5,171.0,48.0,39.0,38.40229524390472,87,9.0,-13.0,0.1,168.0,
2025-04-08 10:41:11,168.0,25.0,339.0,16.0,166.0,8.0,464.0,24.0,253.5,171.0,33.0,40.0,35.345668475783924,73,-7.0,-14.0,-0.1,168.0,3.0
2025-04-08 10:41:17,168.0,14.0,192.57,14.0,166.0,7.0,408.0,14.0,180.29,24.569999999999997,21.0,28.0,32.38870019003582,49,-7.0,-24.0,-0.14,168.0,
2025-04-08 10:41:18,163.37,54.0,242.0,16.0,162.31,26.0,321.59,22.0,202.69,78.63,80.0,38.0,8.8969882544616,118,42.0,69.0,0.36,166.25,4.0
2025-04-08 10:41:19,163.0,112.0,416.69,59.0,162.0,64.0,501.52,46.0,289.85,253.69,176.0,105.0,46.65633290347653,281,71.0,163.0,0.25,166.25,
2025-04-08 10:41:20,163.0,97.0,196.31,26.0,162.0,44.0,292.24,38.0,179.65,33.31,141.0,64.0,47.18883766315957,205,77.0,-76.0,0.38,166.25,
2025-04-08 10:41:21,163.0,126.0,193.65,31.0,162.0,56.0,195.24,49.0,178.32,30.65000000000001,182.0,80.0,47.8621969825877,262,102.0,57.0,0.39,166.25,
2025-04-08 10:41:22,163.0,69.0,189.16,49.0,162.0,44.0,191.71,28.0,176.08,26.16,113.0,77.0,48.46432780922507,190,36.0,-72.0,0.19,163.0,3.0
2025-04-08 10:41:23,164.05,40.0,184.2,41.0,163.04,50.0,185.06,52.0,174.12,20.149999999999977,90.0,93.0,50.49337610023742,183,-3.0,-7.0,-0.02,163.0,
2025-04-08 10:41:24,165.93,28.0,179.89,35.0,164.0,28.0,182.02,52.0,172.91,13.95999999999998,56.0,87.0,2.8089375215601127,143,-31.0,-40.0,-0.22,163.0,
2025-04-08 10:41:25,166.0,22.0,175.43,40.0,164.0,22.0,176.11,28.0,170.71,9.430000000000009,44.0,68.0,2.9197380019495567,112,-24.0,-31.0,-0.21,163.0,
2025-04-08 10:41:26,166.0,28.0,170.0,54.0,164.0,28.0,171.58,55.0,168.0,4.0,56.0,109.0,3.1213186316088537,165,-53.0,53.0,-0.32,163.0,
2025-04-08 10:41:27,164.33,24.0,167.5,36.0,163.03,124.0,168.16,51.0,165.92,3.1699999999999875,148.0,87.0,3.3927083576441848,235,61.0,70.0,0.26,165.0,4.0
2025-04-08 10:41:28,163.0,104.0,166.24,25.0,162.0,58.0,170.0,39.0,164.62,3.240000000000009,162.0,64.0,3.4010983520075926,226,98.0,-9.0,0.43,163.92,13.0
2025-04-08 10:41:29,162.06,48.0,164.0,10.0,160.5,24.0,170.0,30.0,163.03,1.9399999999999975,72.0,40.0,2.9948338852144816,112,32.0,-114.0,0.29,162.75,4.0
2025-04-08 10:41:30,162.0,32.0,164.0,8.0,160.0,16.0,170.0,24.0,163.0,2.0,48.0,32.0,2.111558666016386,80,16.0,-32.0,0.2,162.0,2.0
2025-04-08 10:41:31,162.0,30.0,163.18,22.0,160.0,20.0,168.0,18.0,162.59,1.1800000000000068,50.0,40.0,1.4016668648537478,90,10.0,10.0,0.11,162.0,3.0
2025-04-08 10:41:32,151.42,26.0,184.9,21.0,122.6,25.0,234.87,45.0,168.16,33.48000000000002,51.0,66.0,2.303638426495987,117,-15.0,27.0,-0.13,160.43,7.0
2025-04-08 10:41:34,131.62,64.0,184.81,37.0,93.57,14.0,249.34,32.0,158.22,53.19,78.0,69.0,9.034438001338518,147,9.0,20.0,0.06,150.29,7.0
2025-04-08 10:41:37,137.24,68.0,231.0,11.0,127.76,71.0,415.71,31.0,184.12,93.76,139.0,42.0,18.45950107668217,181,97.0,-31.0,0.54,153.0,2.0
2025-04-08 10:41:38,149.97,87.0,169.53,19.0,124.83,78.0,302.47,17.0,159.75,19.56,165.0,36.0,17.790007869588745,201,129.0,20.0,0.64,153.0,
2025-04-08 10:41:39,154.19,42.0,404.18,17.0,150.5,24.0,509.0,18.0,279.18,249.99,66.0,35.0,57.712101157383145,101,31.0,-100.0,0.31,158.0,2.0
2025-04-08 10:41:40,163.0,41.0,287.67,36.0,156.5,48.0,543.45,29.0,225.33,124.67000000000002,89.0,65.0,55.14703047309094,154,24.0,53.0,0.16,163.0,3.0
2025-04-08 10:41:41,164.78,90.0,208.88,34.0,163.0,36.0,285.32,25.0,186.83,44.1,126.0,59.0,46.66052475058569,185,67.0,31.0,0.36,163.0,
2025-04-08 10:41:42,167.0,60.0,208.0,24.0,163.0,24.0,256.83,12.0,187.5,41.0,84.0,36.0,46.268253370967216,120,48.0,-65.0,0.4,163.0,
2025-04-08 10:41:43,167.0,88.0,282.84,31.0,163.0,36.0,532.2,20.0,224.92,115.83999999999996,124.0,51.0,37.77750349083456,175,73.0,55.0,0.42,167.0,1.0
2025-04-08 10:41:44,167.25,72.0,244.0,24.0,163.0,32.0,329.46,26.0,205.62,76.75,104.0,50.0,18.98348361076068,154,54.0,-21.0,0.35,167.0,
2025-04-08 10:41:45,168.0,36.0,244.0,15.0,163.0,20.0,359.89,18.0,206.0,76.0,56.0,33.0,15.769102067017636,89,23.0,-65.0,0.26,168.0,3.0
2025-04-08 10:41:46,168.0,48.0,314.45,31.0,163.0,32.0,378.09,22.0,241.23,146.45,80.0,53.0,20.57133393827484,133,27.0,44.0,0.2,168.0,
2025-04-08 10:41:52,168.0,117.0,177.14,49.0,163.0,52.0,178.55,55.0,172.57,9.139999999999986,169.0,104.0,16.135824119022313,273,65.0,126.0,0.24,168.0,
2025-04-08 10:41:53,168.0,88.0,172.66,44.0,167.0,60.0,175.67,36.0,170.33,4.659999999999997,148.0,80.0,13.979505713723333,228,68.0,-45.0,0.3,168.0,2.0
2025-04-08 10:42:02,168.0,13.0,448.36,22.0,167.0,54.0,587.95,38.0,308.18,280.36,67.0,60.0,55.0170871638986,127,7.0,-119.0,0.06,168.0,4.0
2025-04-08 10:42:03,168.0,5.0,348.0,10.0,167.0,30.0,582.0,20.0,258.0,180.0,35.0,30.0,55.9066491573231,65,5.0,-62.0,0.08,168.0,
2025-04-08 10:42:04,167.03,35.0,401.85,13.0,166.27,22.0,539.27,22.0,284.44,234.82,57.0,35.0,48.51390110061252,92,22.0,27.0,0.24,168.0,
2025-04-08 10:42:06,167.0,66.0,241.67,18.0,166.0,24.0,487.71,14.0,204.33,74.66999999999999,90.0,32.0,47.80520703856445,122,58.0,-22.0,0.48,168.0,
2025-04-08 10:42:07,167.0,143.0,208.91,33.0,166.0,52.0,209.67,60.0,187.95,41.91,195.0,93.0,57.11572961978175,288,102.0,166.0,0.35,168.0,
2025-04-08 10:42:08,167.0,79.0,207.12,8.0,166.0,32.0,209.0,40.0,187.06,40.120000000000005,111.0,48.0,63.767080300104816,159,63.0,-129.0,0.4,167.0,3.0
2025-04-08 10:42:09,167.0,128.0,205.5,60.0,166.0,64.0,207.45,56.0,186.25,38.5,192.0,116.0,60.98876806429211,308,76.0,149.0,0.25,167.0,
2025-04-08 10:42:10,167.0,86.0,182.17,52.0,166.0,52.0,189.49,55.0,174.59,15.169999999999987,138.0,107.0,10.611775534754727,245,31.0,-63.0,0.13,167.0,3.0
2025-04-08 10:42:11,166.6,70.0,171.58,36.0,164.69,64.0,172.7,64.0,169.09,4.980000000000018,134.0,100.0,8.595406912998321,234,34.0,-11.0,0.15,167.0,5.0
2025-04-08 10:42:12,162.61,41.0,169.29,35.0,161.54,37.0,169.39,31.0,165.95,6.679999999999978,78.0,66.0,9.700464937312011,144,12.0,-90.0,0.08,164.5,8.0
2025-04-08 10:42:13,162.0,40.0,167.0,30.0,161.0,30.0,168.59,34.0,164.5,5.0,70.0,64.0,8.818479460769865,134,6.0,-10.0,0.04,164.5,
2025-04-08 10:42:14,161.88,50.0,165.56,54.0,160.69,48.0,166.61,62.0,163.72,3.680000000000007,98.0,116.0,4.428955858892725,214,-18.0,80.0,-0.08,161.8,5.0
2025-04-08 10:42:15,160.0,44.0,161.82,51.0,159.0,138.0,162.58,31.0,160.91,1.8199999999999927,182.0,82.0,3.004551547239678,264,100.0,50.0,0.38,160.67,3.0
2025-04-08 10:42:16,160.0,32.0,162.0,40.0,159.0,52.0,163.0,8.0,161.0,2.0,84.0,48.0,2.213917342635101,132,36.0,-132.0,0.27,161.0,5.0
2025-04-08 10:42:17,160.0,28.0,161.83,24.0,159.0,56.0,178.0,28.0,160.92,1.8300000000000125,84.0,52.0,1.7565876010095811,136,32.0,4.0,0.24,160.0,1.0
2025-04-08 10:42:18,160.0,18.0,161.71,21.0,159.0,42.0,179.04,24.0,160.86,1.710000000000008,60.0,45.0,1.2520862590175867,105,15.0,-31.0,0.14,160.0,
2025-04-08 10:42:19,159.18,68.0,161.0,24.0,150.97,36.0,309.74,57.0,160.09,1.8199999999999927,104.0,81.0,0.3756727299401851,185,23.0,80.0,0.12,160.4,5.0
2025-04-08 10:42:20,159.56,32.0,288.85,26.0,151.06,50.0,454.63,35.0,224.2,129.29000000000002,82.0,61.0,28.392591991574488,143,21.0,-42.0,0.15,161.75,4.0
2025-04-08 10:42:21,159.0,22.0,411.44,45.0,115.0,53.0,575.0,30.0,285.22,252.44,75.0,75.0,55.86794626617324,150,0.0,7.0,0.0,159.0,4.0
2025-04-08 10:42:22,157.73,15.0,397.86,35.0,125.88,8.0,559.0,25.0,277.8,240.13,23.0,60.0,60.59192668994789,83,-37.0,-67.0,-0.45,159.0,2.0
2025-04-08 10:42:23,146.0,55.0,358.86,49.0,116.03,29.0,466.49,59.0,252.43,212.86,84.0,108.0,50.65428876215734,192,-24.0,109.0,-0.12,159.0,
2025-04-08 10:42:24,148.66,41.0,154.0,33.0,147.84,76.0,277.84,38.0,151.33,5.340000000000003,117.0,71.0,54.138549389506366,188,46.0,-4.0,0.24,159.0,
2025-04-08 10:42:25,148.1,91.0,153.89,74.0,120.86,51.0,154.5,24.0,151.0,5.789999999999992,142.0,98.0,67.19288749562725,240,44.0,52.0,0.18,159.0,
2025-04-08 10:42:26,149.93,120.0,153.69,64.0,147.38,78.0,154.25,40.0,151.81,3.759999999999991,198.0,104.0,62.93832401645298,302,94.0,62.0,0.31,152.0,2.0
2025-04-08 10:42:27,152.46,148.0,154.16,37.0,151.48,123.0,157.4,20.0,153.31,1.6999999999999886,271.0,57.0,44.983839098058574,328,214.0,26.0,0.65,154.0,5.0
2025-04-08 10:42:28,154.69,70.0,157.67,12.0,153.11,108.0,277.67,24.0,156.18,2.9799999999999898,178.0,36.0,2.123565398103968,214,142.0,-114.0,0.66,154.5,2.0
2025-04-08 10:42:29,157.74,47.0,159.0,18.0,156.57,74.0,289.89,36.0,158.37,1.259999999999991,121.0,54.0,3.0834931490153097,175,67.0,-39.0,0.38,154.5,
2025-04-08 10:42:30,158.13,71.0,318.44,45.0,156.54,129.0,445.93,57.0,238.29,160.31,200.0,102.0,37.371557634115575,302,98.0,127.0,0.32,159.0,2.0
2025-04-08 10:42:31,167.58,12.0,377.2,25.0,159.54,37.0,466.83,29.0,272.39,209.62,49.0,54.0,55.78426140050632,103,-5.0,-168.0,-0.05,159.0,
2025-04-08 10:42:32,168.0,77.0,322.44,36.0,167.0,11.0,448.27,30.0,245.22,154.44,88.0,66.0,53.41323197485824,154,22.0,51.0,0.14,168.0,4.0
2025-04-08 10:42:34,167.89,27.0,461.18,44.0,165.7,23.0,484.0,37.0,314.54,293.29,50.0,81.0,44.955111277807,131,-31.0,1.0,-0.24,168.0,
2025-04-08 10:42:35,167.0,8.0,411.69,26.0,165.0,40.0,457.78,27.0,289.35,244.69,48.0,53.0,37.56327022504841,101,-5.0,-30.0,-0.05,168.0,
2025-04-08 10:42:36,167.0,6.0,315.83,24.0,165.0,30.0,480.0,18.0,241.42,148.82999999999998,36.0,42.0,43.8081616824994,78,-6.0,-23.0,-0.08,168.0,
2025-04-08 10:42:37,167.5,24.0,457.82,57.0,165.06,62.0,475.48,61.0,312.66,290.32,86.0,118.0,37.85026908755086,204,-32.0,126.0,-0.16,168.0,
2025-04-08 10:42:38,168.0,30.0,450.71,35.0,167.0,7.0,453.0,35.0,309.36,282.71,37.0,70.0,30.785020383296963,107,-33.0,-97.0,-0.31,168.0,4.0
2025-04-08 10:42:39,168.0,18.0,340.75,32.0,167.0,9.0,414.18,33.0,254.38,172.75,27.0,65.0,32.21267887028354,92,-38.0,-15.0,-0.41,168.0,
2025-04-08 10:42:40,167.18,22.0,215.95,42.0,164.86,14.0,217.17,48.0,191.57,48.76999999999998,36.0,90.0,50.62439253956551,126,-54.0,34.0,-0.43,166.6,5.0
2025-04-08 10:42:41,164.93,29.0,193.54,28.0,162.44,27.0,214.67,42.0,179.23,28.609999999999985,56.0,70.0,63.02769113651569,126,-14.0,0.0,-0.11,165.0,3.0
2025-04-08 10:42:42,163.05,133.0,165.71,34.0,162.44,48.0,194.28,39.0,164.38,2.6599999999999966,181.0,73.0,60.6856715378517,254,108.0,128.0,0.43,163.33,6.0
2025-04-08 10:42:43,163.0,187.0,165.27,33.0,162.0,33.0,459.74,43.0,164.14,2.2700000000000102,220.0,76.0,37.36853020925533,296,144.0,42.0,0.49,163.33,
2025-04-08 10:42:44,163.0,112.0,164.0,24.0,162.0,24.0,430.67,27.0,163.5,1.0,136.0,51.0,12.507610882979694,187,85.0,-109.0,0.45,163.0,3.0
2025-04-08 10:42:45,163.0,125.0,208.62,32.0,162.0,81.0,313.46,35.0,185.81,45.620000000000005,206.0,67.0,10.4085815556219,273,139.0,86.0,0.51,163.0,7.0
2025-04-08 10:42:46,163.0,62.0,254.71,14.0,162.0,60.0,262.29,14.0,208.86,91.71,122.0,28.0,19.99373952016058,150,94.0,-123.0,0.63,163.0,2.0
2025-04-08 10:42:47,164.11,36.0,233.23,35.0,162.03,68.0,236.1,29.0,198.67,69.11999999999998,104.0,64.0,20.31613964315143,168,40.0,18.0,0.24,163.0,3.0
2025-04-08 10:42:48,168.0,72.0,225.29,14.0,163.0,18.0,226.62,13.0,196.64,57.28999999999999,90.0,27.0,17.26515363383793,117,63.0,-51.0,0.54,163.0,
2025-04-08 10:42:49,168.0,76.0,224.36,22.0,163.0,52.0,226.0,11.0,196.18,56.360000000000014,128.0,33.0,8.203619323202728,161,95.0,44.0,0.59,168.0,2.0
2025-04-08 10:42:50,168.0,54.0,221.78,9.0,163.0,45.0,223.0,18.0,194.89,53.78,99.0,27.0,5.650908776473454,126,72.0,-35.0,0.57,168.0,
2025-04-08 10:42:51,168.0,84.0,221.0,14.0,163.0,70.0,223.0,28.0,194.5,53.0,154.0,42.0,1.6506150368954715,196,112.0,70.0,0.57,168.0,
2025-04-08 10:42:52,168.0,90.0,222.22,23.0,163.0,75.0,233.31,52.0,195.11,54.22,165.0,75.0,0.9054998619688645,240,90.0,44.0,0.38,168.0,1.0
2025-04-08 10:42:53,168.0,55.0,222.38,16.0,163.0,55.0,293.03,33.0,195.19,54.38,110.0,49.0,0.6227599858900056,159,61.0,-81.0,0.38,168.0,
2025-04-08 10:42:54,167.86,36.0,221.0,17.0,163.73,55.0,223.0,34.0,194.43,53.13999999999999,91.0,51.0,0.3465256123662435,142,40.0,-17.0,0.28,167.83,6.0
2025-04-08 10:42:55,167.78,27.0,219.11,9.0,163.75,16.0,223.0,18.0,193.44,51.33000000000001,43.0,27.0,0.7019472914869566,70,16.0,-72.0,0.23,167.83,
2025-04-08 10:43:02,163.79,33.0,172.12,25.0,163.32,34.0,320.46,37.0,167.95,8.330000000000013,67.0,62.0,8.166402512736472,129,5.0,-11.0,0.04,164.25,8.0
2025-04-08 10:43:03,162.38,26.0,321.0,13.0,161.27,11.0,592.87,23.0,241.69,158.62,37.0,36.0,31.00237361880582,73,1.0,-56.0,0.01,164.25,
2025-04-08 10:43:04,167.0,18.0,343.27,11.0,162.0,27.0,353.38,16.0,255.14,176.26999999999998,45.0,27.0,42.9863854028229,72,18.0,-1.0,0.25,164.25,
2025-04-08 10:43:05,163.11,18.0,314.77,13.0,161.46,13.0,339.94,17.0,238.94,151.65999999999997,31.0,30.0,42.1079095895299,61,1.0,-11.0,0.02,165.33,3.0
2025-04-08 10:43:06,161.6,10.0,282.17,6.0,159.27,30.0,339.2,10.0,221.88,120.57000000000002,40.0,16.0,34.07955472126981,56,24.0,-5.0,0.43,161.67,3.0
2025-04-08 10:43:07,165.14,21.0,280.5,26.0,159.13,45.0,281.45,11.0,222.82,115.36,66.0,37.0,13.967837341550837,103,29.0,47.0,0.28,161.67,
2025-04-08 10:43:08,166.0,24.0,278.67,18.0,160.0,8.0,279.82,22.0,222.33,112.67000000000002,32.0,40.0,14.693301875345185,72,-8.0,-31.0,-0.11,161.67,
2025-04-08 10:43:09,166.0,27.0,251.56,18.0,159.21,33.0,247.78,18.0,208.78,85.56,60.0,36.0,10.70064484038338,96,24.0,24.0,0.25,161.67,
2025-04-08 10:43:10,159.98,64.0,197.33,12.0,158.44,54.0,198.67,12.0,178.66,37.35000000000002,118.0,24.0,18.955233578091956,142,94.0,46.0,0.66,163.2,5.0
2025-04-08 10:43:11,159.0,99.0,189.26,27.0,57.2,15.0,197.5,12.0,174.13,30.25999999999999,114.0,39.0,23.51643319043144,153,75.0,11.0,0.49,163.2,
2025-04-08 10:43:12,159.0,113.0,193.61,23.0,127.4,10.0,196.15,13.0,176.3,34.610000000000014,123.0,36.0,22.05250439292612,159,87.0,6.0,0.55,163.2,
2025-04-08 10:43:13,161.76,76.0,192.48,31.0,160.3,108.0,193.5,32.0,177.12,30.72,184.0,63.0,14.505044639711596,247,121.0,88.0,0.49,163.2,
2025-04-08 10:43:14,163.27,66.0,190.14,28.0,159.97,148.0,192.32,22.0,176.71,26.869999999999976,214.0,50.0,1.6367437184929992,264,164.0,17.0,0.62,164.0,3.0
2025-04-08 10:43:15,162.5,56.0,180.38,24.0,159.15,136.0,184.46,26.0,171.44,17.879999999999995,192.0,50.0,2.368596630924371,242,142.0,-22.0,0.59,164.0,
2025-04-08 10:43:16,161.0,14.0,177.0,13.0,159.0,98.0,178.18,22.0,169.0,16.0,112.0,35.0,3.669370518226012,147,77.0,-95.0,0.52,164.0,
2025-04-08 10:43:17,162.78,36.0,171.79,39.0,160.19,54.0,172.9,51.0,167.29,9.009999999999993,90.0,90.0,4.455599847385999,180,0.0,33.0,0.0,164.0,
2025-04-08 10:43:18,163.0,22.0,167.18,11.0,162.0,11.0,169.0,44.0,165.09,4.180000000000007,33.0,55.0,4.458299002986006,88,-22.0,-92.0,-0.25,164.0,
2025-04-08 10:43:19,160.5,26.0,164.0,52.0,108.37,54.0,209.62,13.0,162.25,3.5,80.0,65.0,3.535792697546884,145,15.0,57.0,0.1,161.14,7.0
2025-04-08 10:43:20,158.89,36.0,164.0,44.0,97.48,54.0,235.0,11.0,161.44,5.110000000000014,90.0,55.0,3.220532564658487,145,35.0,0.0,0.24,159.0,5.0
2025-04-08 10:43:21,159.18,102.0,164.0,48.0,146.0,30.0,274.79,14.0,161.59,4.819999999999993,132.0,62.0,2.5661878341278355,194,70.0,49.0,0.36,159.0,
2025-04-08 10:43:22,158.99,98.0,161.8,44.0,155.33,18.0,174.03,34.0,160.39,2.8100000000000023,116.0,78.0,1.7726308132337305,194,38.0,0.0,0.2,159.0,3.0
2025-04-08 10:43:23,152.86,28.0,159.0,7.0,103.0,53.0,160.48,31.0,155.93,6.139999999999986,81.0,38.0,2.543088673252589,119,43.0,-75.0,0.36,158.0,1.0
2025-04-08 10:43:24,144.45,88.0,157.1,50.0,91.04,92.0,161.85,46.0,150.78,12.650000000000006,180.0,96.0,4.659498900099185,276,84.0,157.0,0.3,158.0,
2025-04-08 10:43:25,124.17,29.0,154.24,42.0,63.34,88.0,156.08,36.0,139.21,30.070000000000007,117.0,78.0,9.088393697459706,195,39.0,-81.0,0.2,154.29,7.0
2025-04-08 10:43:30,131.78,74.0,153.91,22.0,122.41,122.0,162.0,22.0,142.85,22.129999999999995,196.0,44.0,6.2184941907205085,240,152.0,98.0,0.63,153.86,7.0
2025-04-08 10:43:31,134.75,60.0,158.0,36.0,133.0,108.0,324.25,36.0,146.38,23.25,168.0,72.0,5.079869092803954,240,96.0,0.0,0.4,153.86,
2025-04-08 10:43:32,142.09,69.0,157.42,26.0,133.78,96.0,314.83,36.0,149.76,15.329999999999984,165.0,62.0,6.034096452661738,227,103.0,-13.0,0.45,155.0,1.0
2025-04-08 10:43:33,158.17,63.0,310.55,11.0,148.98,57.0,576.79,19.0,234.36,152.38000000000002,120.0,30.0,40.46594395290968,150,90.0,-77.0,0.6,158.0,3.0
2025-04-08 10:43:38,167.45,58.0,353.72,25.0,164.88,16.0,355.61,31.0,260.58,186.27000000000004,74.0,56.0,31.63766615918497,130,18.0,-21.0,0.14,168.71,7.0
2025-04-08 10:43:39,167.0,81.0,335.41,29.0,163.0,18.0,351.7,33.0,251.21,168.41000000000005,99.0,62.0,33.42903648028219,161,37.0,31.0,0.23,168.71,
2025-04-08 10:43:40,167.0,19.0,322.38,16.0,163.0,16.0,348.31,32.0,244.69,155.38,35.0,48.0,21.0077088231924,83,-13.0,-78.0,-0.16,167.0,7.0
2025-04-08 10:43:41,167.0,16.0,253.05,37.0,163.0,16.0,301.21,14.0,210.03,86.05000000000001,32.0,51.0,19.65879014588728,83,-19.0,0.0,-0.23,167.0,
2025-04-08 10:43:42,167.0,16.0,251.88,40.0,163.0,16.0,317.0,8.0,209.44,84.88,32.0,48.0,23.91459073452929,80,-16.0,-3.0,-0.2,167.0,
2025-04-08 10:43:43,167.0,16.0,246.14,21.0,163.6,25.0,258.9,30.0,206.57,79.13999999999999,41.0,51.0,21.671795495529064,92,-10.0,12.0,-0.11,167.0,
2025-04-08 10:43:44,167.0,24.0,177.47,34.0,164.0,60.0,228.76,34.0,172.24,10.47,84.0,68.0,25.648630177848347,152,16.0,60.0,0.11,167.0,
2025-04-08 10:43:45,167.0,18.0,175.7,37.0,165.35,31.0,176.83,35.0,171.35,8.699999999999989,49.0,72.0,20.247543801657347,121,-23.0,-31.0,-0.19,167.0,
2025-04-08 10:43:46,167.0,18.0,172.22,18.0,166.0,27.0,174.0,36.0,169.61,5.219999999999999,45.0,54.0,20.27945931231975,99,-9.0,-22.0,-0.09,167.0,
2025-04-08 10:43:47,167.0,28.0,169.38,32.0,166.0,42.0,172.15,52.0,168.19,2.3799999999999955,70.0,84.0,16.27452672123009,154,-14.0,55.0,-0.09,167.0,2.0
2025-04-08 10:43:48,163.34,58.0,167.92,24.0,162.17,47.0,176.68,57.0,165.63,4.579999999999984,105.0,81.0,2.626267313133189,186,24.0,32.0,0.13,164.4,10.0
2025-04-08 10:43:49,162.0,126.0,165.3,40.0,160.0,153.0,166.25,40.0,163.65,3.300000000000012,279.0,80.0,3.078031838696877,359,199.0,168.0,0.55,162.0,3.0
2025-04-08 10:43:50,160.85,89.0,162.58,24.0,159.97,88.0,201.63,41.0,161.72,1.7300000000000182,177.0,65.0,3.221723141430936,242,112.0,-117.0,0.46,162.0,10.0
2025-04-08 10:43:51,162.0,150.0,163.0,22.0,160.0,114.0,391.06,53.0,162.5,1.0,264.0,75.0,2.60828871101946,339,189.0,97.0,0.56,162.33,3.0
2025-04-08 10:43:52,162.05,112.0,238.2,20.0,160.5,120.0,398.07,41.0,200.13,76.14999999999998,232.0,61.0,16.503100617763664,293,171.0,-46.0,0.58,162.0,1.0
2025-04-08 10:43:53,167.34,79.0,303.0,18.0,162.48,56.0,500.11,36.0,235.17,135.66,135.0,54.0,32.59335407717394,189,81.0,-104.0,0.43,162.4,5.0
2025-04-08 10:43:54,168.0,100.0,430.6,20.0,167.0,30.0,528.0,40.0,299.3,262.6,130.0,60.0,57.61311855818978,190,70.0,1.0,0.37,162.4,
2025-04-08 10:44:00,168.0,70.0,449.29,41.0,167.0,30.0,459.95,22.0,308.65,281.29,100.0,63.0,10.377843224872526,163,37.0,71.0,0.23,162.4,
2025-04-08 10:44:01,168.0,63.0,367.39,18.0,167.0,27.0,372.27,41.0,267.69,199.39,90.0,59.0,26.01276936429552,149,31.0,-14.0,0.21,162.4,
2025-04-08 10:44:02,168.0,36.0,365.0,6.0,167.0,18.0,375.0,30.0,266.5,197.0,54.0,36.0,32.12966775427393,90,18.0,-59.0,0.2,168.0,2.0
2025-04-08 10:44:03,168.0,50.0,214.04,28.0,167.0,30.0,302.29,38.0,191.02,46.03999999999999,80.0,66.0,51.98001567910522,146,14.0,56.0,0.1,168.0,
2025-04-08 10:44:04,168.0,55.0,188.0,11.0,167.0,33.0,479.65,46.0,178.0,20.0,88.0,57.0,55.67027276742966,145,31.0,-1.0,0.21,168.0,
2025-04-08 10:44:05,168.0,25.0,188.0,5.0,167.0,15.0,518.78,23.0,178.0,20.0,40.0,28.0,46.72743755011628,68,12.0,-77.0,0.18,168.0,
2025-04-08 10:44:06,168.0,50.0,186.6,10.0,167.0,30.0,346.27,49.0,177.3,18.599999999999994,80.0,59.0,38.63070643930827,139,21.0,71.0,0.15,168.0,
2025-04-08 10:44:07,168.0,35.0,185.14,7.0,167.0,21.0,269.22,32.0,176.57,17.139999999999986,56.0,39.0,6.089681436660755,95,17.0,-44.0,0.18,168.0,
2025-04-08 10:44:08,168.0,46.0,182.0,15.0,167.0,45.0,205.0,60.0,175.0,14.0,91.0,75.0,1.252150150744719,166,16.0,71.0,0.1,168.0,3.0
2025-04-08 10:44:09,168.0,10.0,179.67,9.0,167.0,15.0,203.53,17.0,173.83,11.669999999999987,25.0,26.0,1.7048313699629836,51,-1.0,-115.0,-0.02,168.0,
2025-04-08 10:44:10,167.18,22.0,178.62,16.0,166.05,132.0,179.06,32.0,172.9,11.439999999999998,154.0,48.0,1.8345162850216556,202,106.0,151.0,0.52,168.0,
2025-04-08 10:44:11,166.26,139.0,174.48,61.0,165.76,211.0,205.05,41.0,170.37,8.219999999999999,350.0,102.0,2.3273869467730037,452,248.0,168.0,0.55,167.25,4.0
2025-04-08 10:44:12,167.0,93.0,174.4,75.0,166.0,300.0,253.38,42.0,170.7,7.400000000000006,393.0,117.0,1.996108714476542,510,276.0,58.0,0.54,167.0,1.0
2025-04-08 10:44:13,167.0,48.0,173.5,40.0,166.0,160.0,392.0,16.0,170.25,6.5,208.0,56.0,1.6437609315253443,264,152.0,-168.0,0.58,167.0,
2025-04-08 10:44:14,167.0,66.0,172.48,31.0,166.0,220.0,198.22,46.0,169.74,5.47999999999999,286.0,77.0,1.2278721431846915,363,209.0,99.0,0.58,167.0,
2025-04-08 10:44:15,167.0,84.0,171.5,40.0,166.0,280.0,172.86,58.0,169.25,4.5,364.0,98.0,0.5701491033132485,462,266.0,99.0,0.58,167.0,
2025-04-08 10:44:16,167.0,50.0,170.68,37.0,166.0,180.0,171.33,30.0,168.84,3.680000000000007,230.0,67.0,0.746746275523938,297,163.0,-165.0,0.55,167.0,2.0
2025-04-08 10:44:17,167.05,59.0,169.73,45.0,166.04,292.0,170.84,77.0,168.39,2.6799999999999784,351.0,122.0,0.7311155859430604,473,229.0,168.0,0.48,168.0,1.0
2025-04-08 10:44:18,166.54,48.0,167.71,34.0,164.31,94.0,169.5,40.0,167.12,1.170000000000016,142.0,74.0,0.998884377697855,216,68.0,-168.0,0.31,166.8,5.0
2025-04-08 10:44:19,164.0,57.0,165.69,26.0,163.0,299.0,289.37,38.0,164.85,1.6899999999999975,356.0,64.0,1.777399786207025,420,292.0,168.0,0.7,164.0,2.0
2025-04-08 10:44:20,163.13,158.0,164.77,26.0,162.41,215.0,371.17,29.0,163.95,1.6400000000000148,373.0,55.0,2.1547969741970365,428,318.0,8.0,0.74,164.0,3.0
2025-04-08 10:44:21,163.0,172.0,249.2,10.0,162.0,49.0,401.62,32.0,206.1,86.19999999999999,221.0,42.0,17.985465520803437,263,179.0,-165.0,0.68,163.0,2.0
2025-04-08 10:44:22,163.0,182.0,275.29,28.0,162.0,84.0,398.73,44.0,219.14,112.29000000000002,266.0,72.0,26.34682087083771,338,194.0,75.0,0.57,163.0,1.0
2025-04-08 10:44:23,168.0,34.0,230.22,18.0,163.0,108.0,388.5,18.0,199.11,62.22,142.0,36.0,25.002410883752997,178,106.0,-160.0,0.6,168.0,2.0
2025-04-08 10:44:24,168.0,52.0,217.33,45.0,163.73,66.0,263.06,33.0,192.67,49.33000000000001,118.0,78.0,20.52586733855626,196,40.0,18.0,0.2,168.0,
2025-04-08 10:44:25,168.0,28.0,244.12,17.0,164.0,28.0,378.84,19.0,206.06,76.12,56.0,36.0,9.852118046390398,92,20.0,-104.0,0.22,168.0,
2025-04-08 10:44:26,168.0,52.0,239.66,41.0,164.0,52.0,231.78,27.0,203.83,71.66,104.0,68.0,9.818883337733029,172,36.0,80.0,0.21,168.0,
2025-04-08 10:44:27,168.0,16.0,199.25,8.0,164.0,16.0,208.62,16.0,183.62,31.25,32.0,24.0,9.095893029274826,56,8.0,-116.0,0.14,168.0,
2025-04-08 10:44:28,168.0,36.0,172.29,17.0,164.0,36.0,207.35,31.0,170.15,4.289999999999992,72.0,48.0,14.857948377888828,120,24.0,64.0,0.2,168.0,
2025-04-08 10:44:29,168.0,48.0,172.0,36.0,164.0,48.0,272.67,52.0,170.0,4.0,96.0,88.0,17.539386249239406,184,8.0,64.0,0.04,168.0,
2025-04-08 10:44:30,163.44,158.0,171.0,42.0,162.6,80.0,273.72,18.0,167.22,7.560000000000002,238.0,60.0,15.296713045618874,298,178.0,114.0,0.6,166.0,8.0
2025-04-08 10:44:31,163.0,324.0,170.0,54.0,162.0,126.0,371.67,42.0,166.5,7.0,450.0,96.0,6.9693127351271045,546,354.0,168.0,0.65,166.0,
2025-04-08 10:44:32,163.0,234.0,169.77,39.0,162.0,91.0,375.29,17.0,166.38,6.77000000000001,325.0,56.0,1.8770189130650787,381,269.0,-165.0,0.71,166.0,
2025-04-08 10:44:33,163.0,207.0,166.17,41.0,162.0,91.0,177.84,43.0,164.59,3.1699999999999875,298.0,84.0,1.9667028245273124,382,214.0,1.0,0.56,163.0,5.0
2025-04-08 10:44:34,163.0,128.0,165.14,37.0,162.0,77.0,166.04,52.0,164.07,2.1399999999999864,205.0,89.0,1.349840731347004,294,116.0,-88.0,0.39,163.67,6.0
2025-04-08 10:44:35,163.0,64.0,169.39,51.0,161.9,61.0,231.54,28.0,166.2,6.389999999999986,125.0,79.0,1.1320203178403476,204,46.0,-90.0,0.23,163.0,7.0
2025-04-08 10:44:36,163.0,14.0,237.43,28.0,162.0,56.0,241.11,54.0,200.21,74.43,70.0,82.0,15.639701084100215,152,-12.0,-52.0,-0.08,163.0,
2025-04-08 10:44:37,162.28,25.0,211.19,27.0,161.63,49.0,232.64,22.0,186.73,48.91,74.0,49.0,16.349021377440504,123,25.0,-29.0,0.2,163.0,1.0
2025-04-08 10:44:38,162.0,84.0,168.56,36.0,159.68,47.0,169.36,47.0,165.28,6.560000000000002,131.0,83.0,16.22729398267027,214,48.0,91.0,0.22,163.0,
2025-04-08 10:44:39,162.0,60.0,166.05,38.0,160.0,40.0,167.36,22.0,164.03,4.050000000000011,100.0,60.0,16.23496073293701,160,40.0,-54.0,0.25,163.0,
2025-04-08 10:44:40,162.0,42.0,165.15,26.0,160.0,28.0,166.25,16.0,163.58,3.1500000000000057,70.0,42.0,16.686123875843855,112,28.0,-48.0,0.25,163.0,
2025-04-08 10:44:41,161.76,41.0,173.47,40.0,159.86,42.0,266.0,13.0,167.62,11.710000000000008,83.0,53.0,9.787357661800453,136,30.0,24.0,0.22,161.33,9.0
2025-04-08 10:44:42,160.0,14.0,219.56,54.0,159.0,42.0,317.46,24.0,189.78,59.56,56.0,78.0,11.135884338480013,134,-22.0,-2.0,-0.16,161.33,
2025-04-08 10:44:43,166.86,42.0,181.1,50.0,163.08,13.0,375.2,20.0,173.98,14.23999999999998,55.0,70.0,10.87941266797087,125,-15.0,-9.0,-0.12,161.33,
2025-04-08 10:44:44,167.0,13.0,227.0,45.0,164.0,9.0,399.67,18.0,197.0,60.0,22.0,63.0,14.41215875571759,85,-41.0,-40.0,-0.48,167.0,4.0
2025-04-08 10:44:45,165.4,10.0,227.0,50.0,162.0,14.0,315.46,26.0,196.2,61.6,24.0,76.0,13.37682623046323,100,-52.0,15.0,-0.52,164.67,3.0
2025-04-08 10:44:46,160.12,17.0,266.95,43.0,159.11,18.0,336.38,21.0,213.54,106.82999999999998,35.0,64.0,14.26718612761507,99,-29.0,-1.0,-0.29,162.5,2.0
2025-04-08 10:44:47,158.86,14.0,321.88,43.0,63.98,47.0,374.89,19.0,240.37,163.01999999999998,61.0,62.0,24.62006945562939,123,-1.0,24.0,-0.01,159.5,4.0
2025-04-08 10:44:48,150.5,10.0,263.12,26.0,56.38,21.0,293.82,11.0,206.81,112.62,31.0,37.0,18.03753946634676,68,-6.0,-55.0,-0.09,159.5,
2025-04-08 10:44:50,166.63,19.0,273.0,30.0,150.95,38.0,288.0,10.0,219.82,106.37,57.0,40.0,21.37293030915549,97,17.0,-7.0,0.18,166.4,5.0
2025-04-08 10:44:51,166.0,13.0,272.31,39.0,157.0,26.0,399.3,40.0,219.15,106.31,39.0,79.0,21.59384796649309,118,-40.0,21.0,-0.34,166.4,
2025-04-08 10:44:52,166.0,11.0,270.55,33.0,99.12,34.0,352.0,11.0,218.27,104.55,45.0,44.0,16.349491429399762,89,1.0,-29.0,0.01,166.4,
2025-04-08 10:44:53,124.35,26.0,245.71,28.0,129.34,59.0,380.55,29.0,185.03,121.36,85.0,57.0,19.67585906637916,142,28.0,53.0,0.2,164.0,3.0
2025-04-08 10:44:54,162.41,34.0,175.55,33.0,156.68,38.0,194.2,30.0,168.98,13.140000000000017,72.0,63.0,23.740137952421723,135,9.0,-7.0,0.07,165.2,5.0
2025-04-08 10:44:55,159.0,90.0,176.0,27.0,118.0,36.0,270.82,22.0,167.5,17.0,126.0,49.0,25.523311501449232,175,77.0,40.0,0.44,165.2,
2025-04-08 10:44:56,160.97,101.0,175.06,51.0,145.54,71.0,369.0,64.0,168.01,14.090000000000003,172.0,115.0,21.78994882967849,287,57.0,112.0,0.2,163.0,1.0
2025-04-08 10:44:57,164.0,50.0,174.1,30.0,163.0,10.0,219.44,36.0,169.05,10.099999999999994,60.0,66.0,7.472698976942879,126,-6.0,-161.0,-0.05,163.0,
2025-04-08 10:44:58,167.31,29.0,174.0,27.0,163.98,41.0,245.56,27.0,170.66,6.689999999999998,70.0,54.0,1.210433806534709,124,16.0,-2.0,0.13,163.0,
2025-04-08 10:44:59,168.0,21.0,172.29,21.0,164.0,35.0,223.0,24.0,170.14,4.289999999999992,56.0,45.0,1.34739378060097,101,11.0,-23.0,0.11,163.0,
2025-04-08 10:45:00,168.0,30.0,170.7,30.0,164.0,50.0,272.77,31.0,169.35,2.6999999999999886,80.0,61.0,1.0226778573931783,141,19.0,40.0,0.13,163.0,
2025-04-08 10:45:01,168.0,9.0,169.56,27.0,164.0,45.0,275.31,26.0,168.78,1.5600000000000025,54.0,53.0,0.7830261809175629,107,1.0,-34.0,0.01,168.0,2.0
2025-04-08 10:45:02,168.0,14.0,309.5,42.0,164.0,70.0,483.52,46.0,238.75,141.5,84.0,88.0,30.873986299148463,172,-4.0,65.0,-0.02,168.0,
2025-04-08 10:45:03,166.45,20.0,172.13,23.0,163.73,30.0,282.54,26.0,169.29,5.680000000000007,50.0,49.0,31.02254776771256,99,1.0,-73.0,0.01,164.67,6.0
2025-04-08 10:45:04,167.0,55.0,169.73,22.0,163.0,11.0,292.54,35.0,168.36,2.7299999999999898,66.0,57.0,31.22035762127024,123,9.0,24.0,0.07,164.67,
2025-04-08 10:45:05,167.0,23.0,168.9,31.0,163.0,15.0,273.26,53.0,167.95,1.9000000000000057,38.0,84.0,31.378207883816547,122,-46.0,-1.0,-0.38,167.0,4.0
2025-04-08 10:45:06,163.85,13.0,168.0,39.0,162.08,61.0,276.2,59.0,165.92,4.150000000000006,74.0,98.0,31.717938615238012,172,-24.0,50.0,-0.14,167.0,1.0
2025-04-08 10:45:07,163.23,31.0,166.34,38.0,161.55,29.0,202.78,46.0,164.78,3.1100000000000136,60.0,84.0,1.85425187070196,144,-24.0,-28.0,-0.17,163.14,7.0
2025-04-08 10:45:08,160.39,23.0,167.0,39.0,159.06,96.0,269.55,38.0,163.7,6.610000000000014,119.0,77.0,2.0035019341147,196,42.0,52.0,0.21,163.0,1.0
2025-04-08 10:45:09,159.2,50.0,165.3,30.0,153.5,50.0,188.0,20.0,162.25,6.100000000000023,100.0,50.0,2.168974412020773,150,50.0,-46.0,0.33,159.67,3.0
2025-04-08 10:45:10,159.0,88.0,163.64,33.0,121.08,39.0,188.0,22.0,161.32,4.639999999999986,127.0,55.0,1.8577890084722604,182,72.0,32.0,0.4,159.67,
2025-04-08 10:45:11,159.0,72.0,162.11,27.0,121.84,32.0,249.7,23.0,160.56,3.1100000000000136,104.0,50.0,1.7215167730811962,154,54.0,-28.0,0.35,159.67,
2025-04-08 10:45:12,159.11,72.0,161.55,22.0,129.48,67.0,295.75,36.0,160.33,2.4399999999999977,139.0,58.0,1.3784302666437274,197,81.0,43.0,0.41,161.0,2.0
2025-04-08 10:45:13,159.0,56.0,200.92,12.0,52.92,24.0,344.4,30.0,179.96,41.91999999999999,80.0,42.0,8.461112810972388,122,38.0,-75.0,0.31,159.14,7.0
2025-04-08 10:45:14,162.29,17.0,345.0,33.0,148.08,12.0,441.0,33.0,253.65,182.71,29.0,66.0,40.27416827198309,95,-37.0,-27.0,-0.39,162.75,4.0
2025-04-08 10:45:15,158.0,13.0,440.82,49.0,78.85,34.0,629.85,39.0,299.41,282.82,47.0,88.0,62.67024230047323,135,-41.0,40.0,-0.3,162.75,
2025-04-08 10:45:16,158.0,4.0,399.0,20.0,112.0,20.0,458.75,12.0,278.5,241.0,24.0,32.0,61.22039406929717,56,-8.0,-79.0,-0.14,162.75,
2025-04-08 10:45:17,158.0,13.0,214.33,45.0,119.12,41.0,366.19,47.0,186.17,56.33000000000001,54.0,92.0,54.08216868802544,146,-38.0,90.0,-0.26,159.0,3.0
2025-04-08 10:45:18,150.71,14.0,219.22,58.0,133.0,30.0,356.43,42.0,184.97,68.50999999999999,44.0,100.0,52.73194572552809,144,-56.0,-2.0,-0.39,158.0,1.0
2025-04-08 10:45:19,144.3,10.0,151.0,50.0,143.0,20.0,154.26,38.0,147.65,6.699999999999989,30.0,88.0,65.82574040601465,118,-58.0,-26.0,-0.49,158.0,
2025-04-08 10:45:22,147.67,9.0,152.47,17.0,78.67,18.0,185.69,16.0,150.07,4.800000000000011,27.0,33.0,16.424777928483476,60,-6.0,-5.0,-0.1,152.42,12.0
2025-04-08 10:45:23,149.25,16.0,153.0,34.0,112.73,52.0,159.52,31.0,151.12,3.75,68.0,65.0,1.6214592193437374,133,3.0,73.0,0.02,154.0,2.0
2025-04-08 10:45:24,123.2,15.0,151.0,12.0,69.0,42.0,155.0,18.0,137.1,27.8,57.0,30.0,5.599712492619041,87,27.0,-46.0,0.31,151.0,1.0
2025-04-08 10:45:26,123.0,14.0,151.0,7.0,53.57,42.0,156.5,16.0,137.0,28.0,56.0,23.0,17.73528629596907,79,33.0,23.0,0.42,151.0,
2025-04-08 10:45:27,147.0,8.0,392.25,8.0,61.0,24.0,581.38,16.0,269.62,245.25,32.0,24.0,63.12278732755709,56,8.0,-23.0,0.14,155.67,3.0
2025-04-08 10:45:33,141.78,27.0,156.0,12.0,136.12,25.0,157.0,24.0,148.89,14.22,52.0,36.0,59.79113872473075,88,16.0,-35.0,0.18,155.67,
2025-04-08 10:45:34,154.25,32.0,156.0,12.0,153.86,56.0,157.0,60.0,155.12,1.75,88.0,72.0,17.754077559816583,160,16.0,72.0,0.1,156.0,1.0
2025-04-08 10:45:35,156.68,34.0,158.08,37.0,151.85,27.0,273.29,35.0,157.38,1.4000000000000057,61.0,72.0,20.26270046168541,133,-11.0,-27.0,-0.08,157.0,6.0
2025-04-08 10:45:36,159.97,61.0,202.62,47.0,147.38,39.0,227.6,67.0,181.29,42.650000000000006,100.0,114.0,19.84644376204451,214,-14.0,81.0,-0.07,162.5,8.0
2025-04-08 10:45:37,168.0,16.0,175.62,16.0,160.0,40.0,420.67,12.0,171.81,7.620000000000003,56.0,28.0,13.274591142479736,84,28.0,-130.0,0.33,162.5,
2025-04-08 10:45:38,168.0,8.0,175.0,8.0,160.0,20.0,703.0,20.0,171.5,7.0,28.0,28.0,10.958866273479396,56,0.0,-28.0,0.0,162.5,
2025-04-08 10:45:39,168.0,20.0,175.0,20.0,160.79,61.0,472.97,39.0,171.5,7.0,81.0,59.0,8.545210939468154,140,22.0,84.0,0.16,162.5,
2025-04-08 10:45:40,164.0,60.0,174.44,18.0,162.59,111.0,389.46,37.0,169.22,10.439999999999998,171.0,55.0,4.714555122173004,226,116.0,86.0,0.51,168.0,2.0
2025-04-08 10:45:41,163.0,128.0,174.0,16.0,160.0,40.0,407.75,32.0,168.5,11.0,168.0,48.0,1.5292416421240471,216,120.0,-10.0,0.56,168.0,
2025-04-08 10:45:42,163.0,80.0,173.0,20.0,138.25,16.0,174.0,10.0,168.0,10.0,96.0,30.0,1.6606263878446057,126,66.0,-90.0,0.52,168.0,
2025-04-08 10:45:43,163.0,216.0,172.73,60.0,158.0,58.0,174.0,30.0,167.87,9.72999999999999,274.0,90.0,1.4852339883013086,364,184.0,168.0,0.51,163.0,3.0
2025-04-08 10:45:44,163.0,156.0,168.4,40.0,160.0,48.0,170.62,32.0,165.7,5.400000000000006,204.0,72.0,1.3176190648304915,276,132.0,-88.0,0.48,163.0,
2025-04-08 10:45:45,163.0,104.0,166.5,32.0,160.0,32.0,169.0,16.0,164.75,3.5,136.0,48.0,1.6395822638721984,184,88.0,-92.0,0.48,163.0,
2025-04-08 10:45:46,163.0,49.0,256.57,14.0,160.0,36.0,403.53,15.0,209.79,93.57,85.0,29.0,19.37451341324497,114,56.0,-70.0,0.49,163.0,10.0
2025-04-08 10:45:47,163.45,22.0,287.75,8.0,161.29,28.0,489.75,8.0,225.6,124.3,50.0,16.0,28.82585939742328,66,34.0,-48.0,0.52,164.0,2.0
2025-04-08 10:45:48,165.5,4.0,221.0,4.0,163.25,8.0,0.0,0.0,193.25,55.5,12.0,4.0,26.83790919576298,16,8.0,-50.0,0.5,164.0,1.0
2025-04-08 10:45:49,164.74,19.0,220.38,8.0,159.83,24.0,220.25,4.0,192.56,55.63999999999999,43.0,12.0,22.667168989532463,55,31.0,39.0,0.56,164.0,5.0
2025-04-08 10:45:50,166.0,3.0,219.0,1.0,160.0,4.0,220.0,3.0,192.5,53.0,7.0,4.0,14.754933073383484,11,3.0,-44.0,0.27,164.0,
2025-04-08 10:45:51,162.73,33.0,218.0,21.0,159.45,44.0,219.78,23.0,190.36,55.27000000000001,77.0,44.0,14.990739808295755,121,33.0,110.0,0.27,164.5,4.0
2025-04-08 10:45:52,160.0,30.0,216.67,18.0,159.0,40.0,217.36,22.0,188.33,56.66999999999999,70.0,40.0,2.030061575425294,110,30.0,-11.0,0.27,164.5,
2025-04-08 10:45:53,162.67,54.0,216.0,10.0,160.06,34.0,217.0,30.0,189.33,53.33000000000001,88.0,40.0,1.8890288510284143,128,48.0,18.0,0.38,164.5,
2025-04-08 10:45:54,163.0,60.0,214.94,16.0,162.0,50.0,216.12,24.0,188.97,51.94,110.0,40.0,1.629898769868027,150,70.0,22.0,0.47,164.5,
2025-04-08 10:45:55,163.0,30.0,212.47,17.0,162.0,55.0,214.78,27.0,187.74,49.47,85.0,44.0,0.997662267511786,129,41.0,-21.0,0.32,163.0,4.0
2025-04-08 10:45:56,163.57,14.0,210.62,8.0,162.12,34.0,212.0,24.0,187.1,47.05000000000001,48.0,32.0,0.9033437883864508,80,16.0,-49.0,0.2,163.0,
2025-04-08 10:45:57,168.0,24.0,209.0,17.0,164.92,24.0,211.93,43.0,188.5,41.0,48.0,60.0,0.9082235407741872,108,-12.0,28.0,-0.11,168.0,3.0
2025-04-08 10:46:04,167.18,11.0,190.47,30.0,164.07,61.0,191.89,36.0,178.82,23.289999999999992,72.0,66.0,2.52016269316359,138,6.0,83.0,0.04,168.5,2.0
2025-04-08 10:46:05,164.26,35.0,187.17,58.0,163.26,70.0,188.2,40.0,175.71,22.91,105.0,98.0,2.6057110354014426,203,7.0,65.0,0.03,164.6,5.0
2025-04-08 10:46:06,163.67,24.0,184.62,32.0,162.76,42.0,185.57,28.0,174.15,20.950000000000017,66.0,60.0,2.866954830479942,126,6.0,-77.0,0.05,164.0,2.0
2025-04-08 10:46:07,163.0,48.0,181.52,29.0,162.0,60.0,183.13,46.0,172.26,18.52000000000001,108.0,75.0,3.0325022671074344,183,33.0,57.0,0.18,164.0,
2025-04-08 10:46:08,163.0,53.0,176.81,42.0,162.0,70.0,177.73,44.0,169.9,13.810000000000002,123.0,86.0,3.386572013114603,209,37.0,26.0,0.18,163.0,1.0
2025-04-08 10:46:09,162.58,59.0,173.0,40.0,161.5,60.0,174.18,34.0,167.79,10.419999999999987,119.0,74.0,3.1851640460124417,193,45.0,-16.0,0.23,163.0,3.0
2025-04-08 10:46:10,161.77,61.0,169.56,43.0,160.86,64.0,170.74,39.0,165.66,7.789999999999992,125.0,82.0,3.392944149261756,207,43.0,14.0,0.21,161.83,12.0
2025-04-08 10:46:11,161.21,42.0,170.0,28.0,145.51,49.0,171.41,29.0,165.61,8.789999999999992,91.0,57.0,2.8588336782696726,148,34.0,-59.0,0.23,163.0,10.0
2025-04-08 10:46:12,159.0,20.0,169.75,8.0,141.0,8.0,171.0,12.0,164.38,10.75,28.0,20.0,2.183751359474884,48,8.0,-100.0,0.17,163.0,
2025-04-08 10:46:13,160.18,51.0,168.57,7.0,159.09,22.0,170.0,12.0,164.37,8.389999999999986,73.0,19.0,1.3958760690004073,92,54.0,44.0,0.59,163.0,
2025-04-08 10:46:14,161.49,81.0,166.75,24.0,159.16,50.0,168.46,13.0,164.12,5.259999999999991,131.0,37.0,0.7442244285212545,168,94.0,76.0,0.56,161.0,1.0
2025-04-08 10:46:15,161.64,50.0,163.56,9.0,154.85,47.0,164.37,19.0,162.6,1.920000000000016,97.0,28.0,1.0740716922103428,125,69.0,-43.0,0.55,161.67,9.0
2025-04-08 10:46:16,159.0,52.0,161.27,26.0,96.68,53.0,162.79,14.0,160.13,2.2700000000000102,105.0,40.0,1.8276077259650716,145,65.0,20.0,0.45,159.0,1.0
2025-04-08 10:46:17,159.0,26.0,258.69,13.0,144.74,46.0,164.2,10.0,208.85,99.69,72.0,23.0,20.6608913166884,95,49.0,-50.0,0.52,159.5,6.0
2025-04-08 10:46:22,159.06,64.0,288.08,25.0,158.33,24.0,458.43,37.0,223.57,129.01999999999998,88.0,62.0,108.11238097461408,150,26.0,31.0,0.17,159.0,4.0
2025-04-08 10:46:23,159.69,13.0,201.26,19.0,141.42,43.0,269.23,26.0,180.48,41.56999999999999,56.0,45.0,143.39244530309148,101,11.0,-49.0,0.11,162.0,2.0
2025-04-08 10:46:24,159.0,20.0,243.83,12.0,157.0,35.0,272.33,12.0,201.42,84.83000000000001,55.0,24.0,146.6912939816132,79,31.0,-22.0,0.39,161.33,3.0
2025-04-08 10:46:25,159.18,44.0,242.3,40.0,156.81,67.0,326.86,14.0,200.74,83.12,111.0,54.0,115.40730813081146,165,57.0,86.0,0.35,161.33,
2025-04-08 10:46:26,160.14,57.0,241.5,32.0,159.22,36.0,383.08,24.0,200.82,81.36000000000001,93.0,56.0,15.247356492193935,149,37.0,-16.0,0.25,168.0,1.0
2025-04-08 10:46:27,160.0,66.0,239.36,44.0,159.0,44.0,434.73,55.0,199.68,79.36000000000001,110.0,99.0,9.048719246393256,209,11.0,60.0,0.05,160.0,2.0
2025-04-08 10:46:28,160.0,78.0,237.23,52.0,159.0,52.0,566.0,65.0,198.62,77.22999999999999,130.0,117.0,1.1085486006703893,247,13.0,38.0,0.05,160.0,
2025-04-08 10:46:29,160.0,66.0,233.75,32.0,159.0,44.0,430.74,43.0,196.88,73.75,110.0,75.0,1.6458797040027209,185,35.0,-62.0,0.19,160.0,
2025-04-08 10:46:30,160.0,60.0,215.84,19.0,159.0,40.0,231.62,13.0,187.92,55.84,100.0,32.0,5.163010749557621,132,68.0,-53.0,0.52,160.0,
2025-04-08 10:46:31,160.0,55.0,213.75,36.0,159.0,60.0,218.79,19.0,186.88,53.75,115.0,55.0,6.114775547806067,170,60.0,38.0,0.35,160.0,5.0
2025-04-08 10:46:32,160.0,11.0,208.56,32.0,159.0,44.0,211.39,23.0,184.28,48.56,55.0,55.0,6.407470639811497,110,0.0,-60.0,0.0,160.0,
2025-04-08 10:46:33,166.2,30.0,207.89,27.0,161.85,13.0,208.67,18.0,187.04,41.69,43.0,45.0,4.823774455760328,88,-2.0,-22.0,-0.02,160.0,
2025-04-08 10:46:34,167.0,52.0,206.23,13.0,159.29,28.0,208.0,52.0,186.62,39.22999999999999,80.0,65.0,1.358646385210441,145,15.0,57.0,0.1,160.0,
2025-04-08 10:46:35,167.0,47.0,203.38,29.0,161.09,33.0,236.09,43.0,185.19,36.38,80.0,72.0,1.2098429650352551,152,8.0,7.0,0.05,167.0,1.0
2025-04-08 10:46:36,167.0,42.0,200.34,53.0,162.0,28.0,215.82,44.0,183.67,33.34,70.0,97.0,1.454424284741285,167,-27.0,15.0,-0.16,167.0,
2025-04-08 10:46:37,167.0,18.0,198.2,30.0,162.0,18.0,199.2,30.0,182.6,31.19999999999999,36.0,60.0,1.8939456169713893,96,-24.0,-71.0,-0.25,167.0,1.0
2025-04-08 10:46:38,167.0,20.0,195.13,31.0,162.0,20.0,196.65,34.0,181.06,28.129999999999995,40.0,65.0,2.170546014265741,105,-25.0,9.0,-0.24,167.0,
2025-04-08 10:46:39,165.55,31.0,192.25,48.0,161.38,29.0,193.45,31.0,178.9,26.69999999999999,60.0,79.0,2.4194689500062867,139,-19.0,34.0,-0.14,167.0,
2025-04-08 10:46:40,166.06,54.0,189.24,59.0,162.32,37.0,190.29,55.0,177.65,23.180000000000007,91.0,114.0,2.5037032571860816,205,-23.0,66.0,-0.11,167.0,
2025-04-08 10:46:41,167.0,60.0,180.89,57.0,166.0,60.0,181.8,60.0,173.95,13.889999999999986,120.0,117.0,3.3315717011710606,237,3.0,32.0,0.01,167.0,
2025-04-08 10:46:45,167.11,54.0,168.74,38.0,166.06,54.0,170.26,53.0,167.92,1.6299999999999957,108.0,91.0,2.2870461298456526,199,17.0,46.0,0.09,168.5,4.0
2025-04-08 10:46:46,165.82,33.0,167.29,28.0,163.27,82.0,169.68,37.0,166.55,1.4699999999999989,115.0,65.0,2.3319048008101952,180,50.0,-19.0,0.28,166.0,6.0
2025-04-08 10:46:47,162.21,86.0,165.33,18.0,161.71,68.0,210.08,12.0,163.77,3.1200000000000045,154.0,30.0,2.878355433236354,184,124.0,4.0,0.67,163.0,6.0
2025-04-08 10:46:48,162.0,113.0,164.22,18.0,161.0,36.0,421.43,14.0,163.11,2.219999999999999,149.0,32.0,2.8700783961489424,181,117.0,-3.0,0.65,162.0,2.0
2025-04-08 10:46:49,162.0,88.0,382.86,21.0,161.0,32.0,455.5,28.0,272.43,220.86,120.0,49.0,47.93381144870544,169,71.0,-12.0,0.42,162.33,3.0
2025-04-08 10:46:50,162.47,51.0,386.0,25.0,161.86,84.0,435.95,43.0,274.24,223.53,135.0,68.0,59.64157107253336,203,67.0,34.0,0.33,162.33,
2025-04-08 10:46:51,163.0,24.0,244.35,20.0,162.0,72.0,245.0,16.0,203.68,81.35,96.0,36.0,55.34395929096553,132,60.0,-71.0,0.45,162.33,
2025-04-08 10:46:52,162.66,41.0,243.0,20.0,161.9,63.0,244.0,30.0,202.83,80.34,104.0,50.0,48.56807871431658,154,54.0,22.0,0.35,163.8,5.0
2025-04-08 10:46:53,162.0,96.0,198.66,32.0,161.0,48.0,225.92,26.0,180.33,36.66,144.0,58.0,43.59231205155391,202,86.0,48.0,0.43,163.8,
2025-04-08 10:46:54,162.0,44.0,194.29,21.0,161.0,28.0,262.14,7.0,178.14,32.28999999999999,72.0,28.0,39.02004523318814,100,44.0,-102.0,0.44,162.0,3.0
2025-04-08 10:46:55,162.59,41.0,192.09,32.0,161.22,46.0,572.32,37.0,177.34,29.5,87.0,69.0,13.54989778559396,156,18.0,56.0,0.12,165.0,4.0
2025-04-08 10:46:56,162.0,33.0,184.04,25.0,161.0,44.0,280.67,36.0,173.02,22.039999999999992,77.0,61.0,11.762039363989672,138,16.0,-18.0,0.12,165.0,
2025-04-08 10:46:57,162.0,24.0,193.0,24.0,161.0,32.0,415.44,36.0,177.5,31.0,56.0,60.0,2.65709992285597,116,-4.0,-22.0,-0.03,165.0,
2025-04-08 10:46:58,163.14,28.0,175.5,42.0,161.6,40.0,254.09,44.0,169.32,12.360000000000014,68.0,86.0,3.7995894515119257,154,-18.0,38.0,-0.12,165.0,
2025-04-08 10:46:59,162.73,33.0,169.92,39.0,161.39,46.0,206.23,52.0,166.33,7.189999999999998,79.0,91.0,4.916128558127847,170,-12.0,16.0,-0.07,164.0,2.0
2025-04-08 10:47:00,161.31,29.0,168.69,39.0,160.29,42.0,346.4,50.0,165.0,7.3799999999999955,71.0,89.0,5.099703912977662,160,-18.0,-10.0,-0.11,161.6,5.0
2025-04-08 10:47:01,155.62,32.0,167.31,39.0,154.03,38.0,234.0,65.0,161.47,11.689999999999998,70.0,104.0,6.049655362087929,174,-34.0,14.0,-0.2,159.8,5.0
2025-04-08 10:47:02,151.0,53.0,166.07,28.0,128.0,24.0,350.54,37.0,158.54,15.069999999999991,77.0,65.0,4.208820499859618,142,12.0,-32.0,0.08,159.8,
2025-04-08 10:47:03,163.0,170.0,164.05,41.0,148.79,56.0,257.62,47.0,163.52,1.0500000000000114,226.0,88.0,3.0654477650154712,314,138.0,168.0,0.44,163.0,2.0
2025-04-08 10:47:04,163.0,55.0,242.0,16.0,159.8,20.0,504.76,21.0,202.5,79.0,75.0,37.0,18.21483406457604,112,38.0,-168.0,0.34,164.0,3.0
2025-04-08 10:47:05,163.0,64.0,434.76,33.0,160.0,32.0,541.04,23.0,298.88,271.76,96.0,56.0,59.73325221348696,152,40.0,40.0,0.26,163.0,4.0
2025-04-08 10:47:06,163.33,21.0,407.0,9.0,162.58,57.0,427.43,42.0,285.17,243.67,78.0,51.0,66.57313437115643,129,27.0,-23.0,0.21,163.0,
2025-04-08 10:47:07,163.45,22.0,403.54,13.0,162.41,61.0,520.48,46.0,283.5,240.09000000000003,83.0,59.0,60.06139508869282,142,24.0,13.0,0.17,163.67,3.0
2025-04-08 10:47:08,163.0,65.0,404.69,13.0,160.0,52.0,518.77,57.0,283.85,241.69,117.0,70.0,38.70227318905261,187,47.0,45.0,0.25,163.67,
2025-04-08 10:47:09,163.0,42.0,266.55,20.0,160.0,40.0,430.0,31.0,214.78,103.55,82.0,51.0,33.29844485858253,133,31.0,-54.0,0.23,163.0,4.0
2025-04-08 10:47:10,163.0,11.0,218.56,16.0,161.6,60.0,219.35,34.0,190.78,55.56,71.0,50.0,45.385572927969726,121,21.0,-12.0,0.17,163.0,
2025-04-08 10:47:11,167.0,56.0,216.38,8.0,163.0,8.0,218.0,32.0,191.69,49.38,64.0,40.0,47.32059118396616,104,24.0,-17.0,0.23,163.0,
2025-04-08 10:47:12,167.0,83.0,214.5,12.0,163.0,12.0,218.0,48.0,190.75,47.5,95.0,60.0,40.175905092481166,155,35.0,51.0,0.23,167.0,1.0
2025-04-08 10:47:13,167.0,81.0,211.58,36.0,163.0,12.0,213.44,36.0,189.29,44.58000000000001,93.0,72.0,10.8354819920505,165,21.0,10.0,0.13,167.0,
2025-04-08 10:47:14,167.0,98.0,198.64,33.0,163.0,14.0,204.13,39.0,182.82,31.639999999999983,112.0,72.0,3.5958907102482773,184,40.0,19.0,0.22,167.0,
2025-04-08 10:47:15,167.0,51.0,195.5,18.0,163.0,8.0,200.0,14.0,181.25,28.5,59.0,32.0,4.788256467656008,91,27.0,-93.0,0.3,167.0,1.0
2025-04-08 10:47:16,167.0,58.0,192.36,11.0,164.71,21.0,195.0,33.0,179.68,25.360000000000014,79.0,44.0,4.957092898065274,123,35.0,32.0,0.28,167.0,1.0
2025-04-08 10:47:17,166.84,76.0,177.52,62.0,165.93,86.0,183.67,42.0,172.18,10.680000000000009,162.0,104.0,6.156787311581296,266,58.0,143.0,0.22,166.83,6.0
2025-04-08 10:47:18,166.0,51.0,168.35,31.0,163.0,11.0,172.83,23.0,167.18,2.3499999999999943,62.0,54.0,6.6721001191564575,116,8.0,-150.0,0.07,166.0,2.0
2025-04-08 10:47:19,164.29,28.0,167.0,11.0,161.62,26.0,169.0,55.0,165.64,2.710000000000008,54.0,66.0,7.092713162115542,120,-12.0,4.0,-0.1,164.17,6.0
2025-04-08 10:47:20,162.0,32.0,165.47,17.0,161.0,48.0,167.92,24.0,163.74,3.469999999999999,80.0,41.0,6.405176031932792,121,39.0,1.0,0.32,164.17,
2025-04-08 10:47:21,161.29,42.0,162.71,24.0,160.38,48.0,164.14,21.0,162.0,1.420000000000016,90.0,45.0,3.895910676599952,135,45.0,14.0,0.33,161.8,5.0
2025-04-08 10:47:22,159.61,62.0,164.16,19.0,150.98,55.0,390.35,43.0,161.89,4.549999999999983,117.0,62.0,2.306577551274828,179,55.0,44.0,0.31,160.5,10.0
2025-04-08 10:47:23,160.81,53.0,165.14,14.0,125.48,42.0,249.05,44.0,162.98,4.329999999999984,95.0,58.0,1.5360013020973424,153,37.0,-26.0,0.24,159.0,1.0
2025-04-08 10:47:24,163.0,47.0,165.0,8.0,159.0,24.0,245.0,24.0,164.0,2.0,71.0,32.0,0.9682045238712006,103,39.0,-50.0,0.38,159.0,
2025-04-08 10:47:25,163.0,72.0,165.0,8.0,159.0,45.0,245.0,24.0,164.0,2.0,117.0,32.0,1.0282412168575383,149,85.0,46.0,0.57,159.0,
2025-04-08 10:47:26,163.0,31.0,164.75,8.0,159.0,48.0,262.62,24.0,163.88,1.75,79.0,32.0,0.921194876258428,111,47.0,-38.0,0.42,163.0,3.0
2025-04-08 10:47:27,160.75,16.0,407.37,38.0,156.44,50.0,540.0,32.0,284.06,246.62,66.0,70.0,53.82161536037405,136,-4.0,25.0,-0.03,160.6,5.0
2025-04-08 10:47:28,141.31,67.0,379.27,30.0,133.23,26.0,500.23,26.0,260.29,237.96,93.0,56.0,59.86463797602103,149,37.0,13.0,0.25,159.0,3.0
2025-04-08 10:47:29,143.09,127.0,221.27,22.0,142.02,84.0,342.0,48.0,182.18,78.18,211.0,70.0,57.06812788238335,281,141.0,132.0,0.5,159.0,
2025-04-08 10:47:30,148.81,79.0,219.11,9.0,144.78,40.0,344.22,36.0,183.96,70.30000000000001,119.0,45.0,53.5590251965069,164,74.0,-117.0,0.45,159.0,
2025-04-08 10:47:31,166.38,194.0,217.5,12.0,161.36,183.0,268.0,48.0,191.94,51.120000000000005,377.0,60.0,48.06866006037679,437,317.0,168.0,0.73,159.0,
2025-04-08 10:47:32,168.0,156.0,207.86,14.0,167.0,252.0,282.6,45.0,187.93,39.860000000000014,408.0,59.0,33.21305692043503,467,349.0,30.0,0.75,159.0,
2025-04-08 10:47:33,168.0,117.0,180.6,15.0,167.0,189.0,300.14,21.0,174.3,12.599999999999994,306.0,36.0,6.630861180876191,342,270.0,-125.0,0.79,159.0,
2025-04-08 10:47:34,168.0,153.0,177.19,36.0,167.0,252.0,269.36,28.0,172.6,9.189999999999998,405.0,64.0,8.446205065001097,469,341.0,127.0,0.73,168.0,1.0
2025-04-08 10:47:35,168.0,192.0,171.87,52.0,166.76,138.0,175.39,44.0,169.93,3.870000000000005,330.0,96.0,9.898552924546555,426,234.0,-43.0,0.55,168.0,
2025-04-08 10:47:36,168.0,127.0,169.86,72.0,166.0,48.0,171.17,24.0,168.93,1.8600000000000136,175.0,96.0,7.675309114299408,271,79.0,-155.0,0.29,168.0,7.0
2025-04-08 10:47:37,161.45,80.0,169.82,11.0,159.78,36.0,267.55,33.0,165.63,8.370000000000005,116.0,44.0,3.358209344285425,160,72.0,-111.0,0.45,165.83,12.0
2025-04-08 10:47:38,161.0,144.0,167.75,12.0,159.0,84.0,232.57,37.0,164.38,6.75,228.0,49.0,3.31809131882249,277,179.0,117.0,0.65,165.83,
2025-04-08 10:47:39,161.11,94.0,165.07,14.0,160.7,184.0,261.64,42.0,163.09,3.95999999999998,278.0,56.0,2.936446832490661,334,222.0,57.0,0.66,165.83,
2025-04-08 10:47:40,161.46,24.0,200.07,14.0,160.96,136.0,356.31,39.0,180.76,38.60999999999999,160.0,53.0,7.158126151448098,213,107.0,-121.0,0.5,162.0,1.0
2025-04-08 10:47:41,161.0,130.0,236.0,36.0,159.0,30.0,356.57,35.0,198.5,75.0,160.0,71.0,15.218928017440897,231,89.0,18.0,0.39,162.0,
2025-04-08 10:47:42,161.8,15.0,176.0,28.0,160.1,40.0,320.0,23.0,168.9,14.199999999999989,55.0,51.0,14.808702846638786,106,4.0,-125.0,0.04,162.0,
2025-04-08 10:47:43,161.37,35.0,176.0,36.0,160.07,15.0,336.0,27.0,168.69,14.629999999999995,50.0,63.0,14.137017719450167,113,-13.0,7.0,-0.12,161.4,5.0
2025-04-08 10:47:44,160.0,110.0,301.89,19.0,159.0,70.0,364.47,34.0,230.95,141.89,180.0,53.0,26.138516599073743,233,127.0,120.0,0.55,161.4,
2025-04-08 10:47:45,160.0,121.0,322.31,13.0,159.0,77.0,350.03,39.0,241.15,162.31,198.0,52.0,33.86585994774175,250,146.0,17.0,0.58,161.4,
2025-04-08 10:47:46,166.0,63.0,303.89,9.0,160.0,99.0,332.87,31.0,234.94,137.89,162.0,40.0,36.81435630294332,202,122.0,-48.0,0.6,161.4,
2025-04-08 10:47:47,166.0,77.0,240.95,20.0,160.0,133.0,243.97,30.0,203.47,74.94999999999999,210.0,50.0,30.041045254785416,260,160.0,58.0,0.62,161.4,
2025-04-08 10:47:48,166.0,70.0,226.0,10.0,161.32,53.0,227.0,20.0,196.0,60.0,123.0,30.0,20.194018173708464,153,93.0,-107.0,0.61,161.4,
2025-04-08 10:47:49,166.0,84.0,225.15,13.0,165.0,24.0,226.91,23.0,195.58,59.150000000000006,108.0,36.0,22.076704237726812,144,72.0,-9.0,0.5,161.4,
2025-04-08 10:47:50,166.0,28.0,221.67,21.0,165.0,16.0,222.37,19.0,193.83,55.66999999999999,44.0,40.0,17.269708451507274,84,4.0,-60.0,0.05,166.0,4.0
2025-04-08 10:47:51,165.71,21.0,216.48,27.0,160.57,88.0,217.27,30.0,191.1,50.76999999999998,109.0,57.0,4.601524747304837,166,52.0,82.0,0.31,165.75,4.0
2025-04-08 10:47:52,165.0,20.0,208.31,78.0,160.0,260.0,209.71,48.0,186.65,43.31,280.0,126.0,3.860073833498225,406,154.0,168.0,0.38,165.75,
2025-04-08 10:47:53,165.0,16.0,200.21,53.0,160.0,208.0,205.61,46.0,182.6,35.21000000000001,224.0,99.0,5.314750229319977,323,125.0,-83.0,0.39,165.75,
2025-04-08 10:47:54,165.0,14.0,186.8,45.0,160.0,182.0,190.31,42.0,175.9,21.80000000000001,196.0,87.0,7.094189876233595,283,109.0,-40.0,0.39,165.75,
2025-04-08 10:47:55,165.0,16.0,169.18,45.0,160.0,208.0,171.38,40.0,167.09,4.180000000000007,224.0,85.0,9.426551331216151,309,139.0,26.0,0.45,165.75,
2025-04-08 10:47:56,160.09,115.0,165.66,47.0,159.24,107.0,167.02,41.0,162.87,5.569999999999993,222.0,88.0,10.049814426149908,310,134.0,1.0,0.43,161.0,5.0
2025-04-08 10:47:57,159.23,61.0,163.19,31.0,158.07,140.0,165.4,50.0,161.21,3.960000000000008,201.0,81.0,9.084565482181787,282,120.0,-28.0,0.43,160.11,9.0
2025-04-08 10:47:58,159.0,30.0,162.0,30.0,158.0,78.0,164.75,12.0,160.5,3.0,108.0,42.0,6.3444487546237776,150,66.0,-132.0,0.44,160.11,
2025-04-08 10:47:59,158.33,78.0,160.5,60.0,156.77,112.0,266.96,46.0,159.42,2.1699999999999875,190.0,106.0,2.99824448636962,296,84.0,146.0,0.28,159.0,5.0
2025-04-08 10:48:00,158.0,74.0,297.54,28.0,123.12,16.0,419.57,21.0,227.77,139.54000000000002,90.0,49.0,29.886760112130784,139,41.0,-157.0,0.29,158.0,5.0
2025-04-08 10:48:01,158.24,49.0,319.38,24.0,148.29,34.0,358.12,24.0,238.81,161.14,83.0,48.0,40.13162929660418,131,35.0,-8.0,0.27,158.0,
2025-04-08 10:48:02,160.05,19.0,255.89,27.0,158.0,88.0,326.48,31.0,207.97,95.83999999999996,107.0,58.0,37.22156673220599,165,49.0,34.0,0.3,160.0,2.0
2025-04-08 10:48:03,161.75,8.0,311.0,24.0,158.0,64.0,500.5,18.0,236.38,149.25,72.0,42.0,32.86839743583601,114,30.0,-51.0,0.26,160.0,
2025-04-08 10:48:04,163.0,76.0,311.0,30.0,160.0,42.0,372.62,16.0,237.0,148.0,118.0,46.0,12.813638437230818,164,72.0,50.0,0.44,163.6,5.0
2025-04-08 10:48:05,163.0,84.0,309.6,10.0,162.0,10.0,311.0,30.0,236.3,146.60000000000002,94.0,40.0,13.076554209732771,134,54.0,-30.0,0.4,163.0,2.0
2025-04-08 10:48:06,163.0,72.0,307.96,23.0,162.0,9.0,309.92,13.0,235.48,144.95999999999998,81.0,36.0,12.676615478907593,117,45.0,-17.0,0.38,163.0,
2025-04-08 10:48:07,164.6,94.0,216.36,42.0,162.52,23.0,253.05,40.0,190.48,51.76000000000002,117.0,82.0,20.493982531467086,199,35.0,82.0,0.18,163.0,4.0
2025-04-08 10:48:08,168.0,110.0,214.33,27.0,163.0,44.0,242.47,17.0,191.17,46.33000000000001,154.0,44.0,24.892783693272907,198,110.0,-1.0,0.56,163.0,
2025-04-08 10:48:09,168.0,90.0,210.62,13.0,163.88,64.0,212.83,23.0,189.31,42.620000000000005,154.0,36.0,24.970253703157848,190,118.0,-8.0,0.62,163.0,
2025-04-08 10:48:10,168.0,50.0,209.46,13.0,164.0,40.0,210.29,7.0,188.73,41.46000000000001,90.0,20.0,20.39640237885257,110,70.0,-80.0,0.64,163.0,
2025-04-08 10:48:11,168.0,130.0,204.37,27.0,164.0,104.0,207.16,25.0,186.19,36.370000000000005,234.0,52.0,1.9241569582697635,286,182.0,168.0,0.64,163.0,
2025-04-08 10:48:12,168.0,50.0,202.4,15.0,164.23,26.0,203.4,15.0,185.2,34.400000000000006,76.0,30.0,2.415677958681042,106,46.0,-168.0,0.43,163.0,
2025-04-08 10:48:13,168.0,130.0,200.08,39.0,167.0,13.0,201.08,39.0,184.04,32.08000000000001,143.0,78.0,2.2648686496255523,221,65.0,115.0,0.29,163.0,
2025-04-08 10:48:14,168.0,96.0,197.96,24.0,167.0,12.0,199.59,34.0,182.98,29.960000000000008,108.0,58.0,2.205395656125228,166,50.0,-55.0,0.3,168.0,2.0
2025-04-08 10:48:18,168.0,27.0,169.0,12.0,166.0,48.0,345.58,26.0,168.5,1.0,75.0,38.0,6.162517342778751,113,37.0,41.0,0.33,168.0,3.0
2025-04-08 10:48:19,164.62,77.0,168.26,19.0,163.53,111.0,466.77,43.0,166.44,3.6399999999999855,188.0,62.0,1.367406303937137,250,126.0,137.0,0.5,166.0,6.0
2025-04-08 10:48:20,163.25,64.0,247.7,27.0,162.95,88.0,372.47,30.0,205.48,84.44999999999999,152.0,57.0,16.63520002885601,209,95.0,-41.0,0.45,164.0,3.0
2025-04-08 10:48:21,163.0,81.0,229.0,40.0,162.0,8.0,607.0,16.0,196.0,66.0,89.0,56.0,18.269041573110886,145,33.0,-64.0,0.23,163.0,3.0
2025-04-08 10:48:22,163.0,90.0,221.82,34.0,162.0,10.0,282.86,28.0,192.41,58.81999999999999,100.0,62.0,17.38626124271853,162,38.0,17.0,0.23,163.0,
2025-04-08 10:48:23,163.0,51.0,218.31,29.0,162.0,8.0,259.2,10.0,190.66,55.31,59.0,39.0,14.46333018360774,98,20.0,-64.0,0.2,163.0,5.0
2025-04-08 10:48:24,163.0,50.0,225.0,20.0,162.0,10.0,228.0,10.0,194.0,62.0,60.0,30.0,5.806324138390939,90,30.0,-8.0,0.33,163.0,
2025-04-08 10:48:25,163.0,60.0,224.8,20.0,162.0,24.0,245.44,18.0,193.9,61.80000000000001,84.0,38.0,1.9910750864947853,122,46.0,32.0,0.38,163.0,
2025-04-08 10:48:26,165.33,36.0,222.34,38.0,162.62,56.0,258.3,20.0,193.84,57.00999999999999,92.0,58.0,1.4432671270627666,150,34.0,28.0,0.23,163.0,
2025-04-08 10:48:27,164.94,31.0,198.14,21.0,162.86,29.0,211.87,31.0,181.54,33.19999999999999,60.0,52.0,5.358593098944805,112,8.0,-38.0,0.07,166.0,4.0
2025-04-08 10:48:28,163.0,48.0,221.0,12.0,162.0,12.0,222.0,60.0,192.0,58.0,60.0,72.0,5.384039375790173,132,-12.0,20.0,-0.09,166.0,
2025-04-08 10:48:29,162.75,16.0,219.23,31.0,160.32,19.0,221.45,11.0,190.99,56.47999999999999,35.0,42.0,5.135092988452957,77,-7.0,-55.0,-0.09,166.0,
2025-04-08 10:48:30,160.55,44.0,162.78,36.0,159.22,144.0,263.67,46.0,161.66,2.2299999999999898,188.0,82.0,13.367990873727251,270,106.0,168.0,0.39,162.0,6.0
2025-04-08 10:48:31,159.43,91.0,252.5,24.0,151.29,90.0,684.44,36.0,205.96,93.07,181.0,60.0,16.360809882156094,241,121.0,-29.0,0.5,160.0,4.0
2025-04-08 10:48:32,162.0,81.0,337.12,33.0,159.21,78.0,587.17,30.0,249.56,175.12,159.0,63.0,32.04233574507427,222,96.0,-19.0,0.43,160.0,
2025-04-08 10:48:33,162.0,72.0,254.4,10.0,161.0,16.0,501.82,22.0,208.2,92.4,88.0,32.0,31.84531174286203,120,56.0,-102.0,0.47,160.0,
2025-04-08 10:48:34,162.11,112.0,254.0,13.0,161.27,33.0,316.85,26.0,208.05,91.89,145.0,39.0,31.10546704359329,184,106.0,64.0,0.58,160.0,
2025-04-08 10:48:35,165.0,35.0,253.22,9.0,162.0,81.0,400.11,18.0,209.11,88.22,116.0,27.0,18.69782687908072,143,89.0,-41.0,0.62,165.0,1.0
2025-04-08 10:48:36,165.0,21.0,251.43,7.0,162.0,63.0,406.29,14.0,208.21,86.43,84.0,21.0,18.41543455908857,105,63.0,-38.0,0.6,165.0,
2025-04-08 10:48:37,165.0,13.0,251.0,7.0,162.0,63.0,455.5,18.0,208.0,86.0,76.0,25.0,0.4543456834495141,101,51.0,-4.0,0.5,165.0,2.0
2025-04-08 10:48:38,165.0,7.0,251.0,7.0,162.0,63.0,456.71,21.0,208.0,86.0,70.0,28.0,0.4752157405528415,98,42.0,-3.0,0.43,165.0,
2025-04-08 10:48:39,162.08,72.0,207.5,18.0,161.23,78.0,405.6,30.0,184.79,45.41999999999999,150.0,48.0,10.537384400318093,198,102.0,100.0,0.52,163.0,3.0
2025-04-08 10:48:40,162.0,49.0,163.8,15.0,161.0,42.0,190.77,13.0,162.9,1.8000000000000114,91.0,28.0,20.280755656534662,119,63.0,-79.0,0.53,163.0,
2025-04-08 10:48:41,162.0,56.0,163.0,8.0,161.0,48.0,428.0,24.0,162.5,1.0,104.0,32.0,22.65182597496411,136,72.0,17.0,0.53,163.0,
2025-04-08 10:48:43,161.06,67.0,317.94,32.0,159.21,57.0,622.92,36.0,239.5,156.88,124.0,68.0,66.3928737139768,192,56.0,80.0,0.29,161.0,1.0
2025-04-08 10:48:44,164.07,41.0,314.0,11.0,161.5,116.0,315.73,33.0,239.04,149.93,157.0,44.0,64.927149021038,201,113.0,9.0,0.56,161.0,
2025-04-08 10:48:45,167.0,12.0,313.25,4.0,162.0,72.0,317.0,12.0,240.12,146.25,84.0,16.0,55.06555547708643,100,68.0,-101.0,0.68,161.0,
2025-04-08 10:48:46,162.35,86.0,311.57,7.0,161.59,61.0,605.0,21.0,236.96,149.22,147.0,28.0,35.499525630634686,175,119.0,75.0,0.68,165.0,5.0
2025-04-08 10:48:47,162.03,91.0,310.62,8.0,161.26,47.0,605.0,24.0,236.33,148.59,138.0,32.0,1.6534811762104895,170,106.0,-5.0,0.62,162.43,7.0
2025-04-08 10:48:48,162.0,60.0,309.8,5.0,161.0,25.0,605.0,15.0,235.9,147.8,85.0,20.0,1.8242806801811349,105,65.0,-65.0,0.62,162.43,
2025-04-08 10:48:49,162.0,84.0,192.24,29.0,161.0,35.0,202.87,23.0,177.12,30.24000000000001,119.0,52.0,26.9764727123484,171,67.0,66.0,0.39,162.43,
2025-04-08 10:48:50,162.0,141.0,189.09,22.0,161.0,60.0,189.57,46.0,175.55,27.090000000000003,201.0,68.0,32.903971948688394,269,133.0,98.0,0.49,162.0,3.0
2025-04-08 10:48:51,162.0,78.0,185.55,44.0,161.0,50.0,186.27,22.0,173.77,23.55000000000001,128.0,66.0,33.23264554621054,194,62.0,-75.0,0.32,162.0,2.0
2025-04-08 10:48:52,163.88,48.0,185.0,40.0,161.84,64.0,186.0,32.0,174.44,21.120000000000005,112.0,72.0,27.166522228656028,184,40.0,-10.0,0.22,162.0,
2025-04-08 10:48:53,165.71,69.0,182.59,46.0,163.48,71.0,183.43,35.0,174.15,16.879999999999995,140.0,81.0,1.3551494382750062,221,59.0,37.0,0.27,162.0,
2025-04-08 10:48:54,166.0,52.0,180.75,55.0,164.52,66.0,181.75,53.0,173.37,14.75,118.0,108.0,0.8277560027307216,226,10.0,5.0,0.04,166.0,4.0
2025-04-08 10:48:55,166.0,45.0,177.26,70.0,163.07,108.0,178.14,65.0,171.63,11.259999999999993,153.0,135.0,1.1055405917723626,288,18.0,62.0,0.06,166.0,
2025-04-08 10:48:56,165.77,43.0,174.04,55.0,163.71,62.0,176.38,77.0,169.9,8.269999999999982,105.0,132.0,1.908132594988094,237,-27.0,-51.0,-0.11,166.0,3.0
2025-04-08 10:48:57,165.0,24.0,170.06,35.0,163.0,96.0,171.39,33.0,167.53,5.060000000000002,120.0,68.0,2.6780552645633238,188,52.0,-49.0,0.28,166.0,
2025-04-08 10:48:58,165.0,30.0,167.07,15.0,163.0,120.0,169.33,49.0,166.03,2.069999999999993,150.0,64.0,2.975368884702288,214,86.0,26.0,0.4,166.0,
2025-04-08 10:48:59,163.47,34.0,165.79,34.0,162.59,68.0,247.08,24.0,164.63,2.319999999999993,102.0,58.0,2.8385700625585524,160,44.0,-54.0,0.28,164.4,5.0
2025-04-08 10:49:00,163.0,64.0,173.33,42.0,162.0,84.0,449.12,16.0,168.17,10.330000000000013,148.0,58.0,2.0186678775998064,206,90.0,46.0,0.44,163.0,4.0
2025-04-08 10:49:01,162.24,51.0,401.62,26.0,161.39,108.0,496.5,30.0,281.93,239.38,159.0,56.0,51.59987325565893,215,103.0,9.0,0.48,162.67,3.0
2025-04-08 10:49:02,162.47,51.0,370.22,27.0,161.18,67.0,393.0,27.0,266.35,207.75000000000003,118.0,54.0,59.34880723317088,172,64.0,-43.0,0.37,162.0,3.0
2025-04-08 10:49:03,163.73,90.0,368.87,45.0,162.0,51.0,370.53,45.0,266.3,205.14,141.0,90.0,57.9451255930996,231,51.0,59.0,0.22,162.0,
2025-04-08 10:49:04,165.0,43.0,319.25,40.0,162.0,36.0,328.05,44.0,242.12,154.25,79.0,84.0,45.23405055928657,163,-5.0,-68.0,-0.03,165.0,5.0
2025-04-08 10:49:05,165.38,8.0,278.75,24.0,162.0,24.0,350.46,26.0,222.06,113.37,32.0,50.0,23.61063256247276,82,-18.0,-81.0,-0.22,165.0,
2025-04-08 10:49:06,166.0,13.0,225.0,37.0,162.0,39.0,244.0,31.0,195.5,59.0,52.0,68.0,30.334941569089757,120,-16.0,38.0,-0.13,165.0,
2025-04-08 10:49:07,166.4,10.0,208.6,30.0,162.0,30.0,209.6,30.0,187.5,42.19999999999999,40.0,60.0,32.62432344126205,100,-20.0,-20.0,-0.2,165.0,
2025-04-08 10:49:08,167.0,6.0,206.6,10.0,162.0,18.0,207.38,16.0,186.8,39.6,24.0,26.0,24.39543973778851,50,-2.0,-50.0,-0.04,165.0,
2025-04-08 10:49:09,167.0,12.0,193.22,32.0,162.0,36.0,193.39,28.0,180.11,26.22,48.0,60.0,16.400148779814863,108,-12.0,58.0,-0.11,165.0,
2025-04-08 10:49:10,167.0,16.0,170.36,42.0,162.83,18.0,177.91,32.0,168.68,3.3600000000000136,34.0,74.0,10.022186388211706,108,-40.0,0.0,-0.37,165.0,
2025-04-08 10:49:11,163.17,23.0,169.27,45.0,161.85,48.0,205.47,45.0,166.22,6.100000000000023,71.0,90.0,9.97092874310373,161,-19.0,53.0,-0.12,167.0,1.0
2025-04-08 10:49:12,163.0,13.0,167.59,37.0,161.16,57.0,168.36,33.0,165.3,4.590000000000003,70.0,70.0,9.539686577663293,140,0.0,-21.0,0.0,163.0,2.0
2025-04-08 10:49:13,163.0,7.0,164.29,31.0,162.0,21.0,165.57,21.0,163.65,1.289999999999992,28.0,52.0,6.58329476782303,80,-24.0,-60.0,-0.3,163.0,
2025-04-08 10:49:14,161.12,59.0,163.92,38.0,159.83,41.0,165.33,36.0,162.52,2.799999999999983,100.0,74.0,2.3831869419002296,174,26.0,94.0,0.15,162.14,7.0
2025-04-08 10:49:15,160.5,36.0,162.18,33.0,158.64,33.0,184.45,33.0,161.34,1.6800000000000068,69.0,66.0,1.9886377246856173,135,3.0,-39.0,0.02,161.0,6.0
2025-04-08 10:49:16,159.0,26.0,160.3,30.0,158.0,24.0,175.75,24.0,159.65,1.3000000000000114,50.0,54.0,2.1581635711970137,104,-4.0,-31.0,-0.04,161.0,
2025-04-08 10:49:17,136.44,52.0,327.85,20.0,88.42,36.0,553.29,34.0,232.15,191.41000000000005,88.0,54.0,31.500786815571,142,34.0,38.0,0.24,158.7,10.0
2025-04-08 10:49:22,158.16,57.0,191.93,60.0,132.86,58.0,395.9,49.0,175.05,33.77000000000001,115.0,109.0,24.15900204892625,224,6.0,49.0,0.03,158.67,9.0
2025-04-08 10:49:23,163.0,9.0,272.11,9.0,158.0,12.0,396.83,12.0,217.56,109.11,21.0,21.0,42.33335387138648,42,0.0,-168.0,0.0,158.67,
2025-04-08 10:49:24,163.0,20.0,222.5,30.0,135.88,32.0,415.68,31.0,192.75,59.5,52.0,61.0,43.22440664717149,113,-9.0,71.0,-0.08,163.0,1.0
2025-04-08 10:49:25,163.0,16.0,281.0,26.0,162.0,16.0,499.0,40.0,222.0,118.0,32.0,66.0,39.259069907475634,98,-34.0,-15.0,-0.35,163.0,
2025-04-08 10:49:26,163.15,26.0,334.67,30.0,162.08,24.0,422.46,54.0,248.91,171.52,50.0,84.0,28.40045827095187,134,-34.0,36.0,-0.25,163.0,
2025-04-08 10:49:27,163.0,14.0,304.0,14.0,162.0,14.0,455.0,35.0,233.5,141.0,28.0,49.0,20.77990928758083,77,-21.0,-57.0,-0.27,163.0,
2025-04-08 10:49:28,163.0,20.0,455.39,46.0,162.0,20.0,663.29,42.0,309.2,292.39,40.0,88.0,43.182029479867,128,-48.0,51.0,-0.38,163.0,
2025-04-08 10:49:29,163.0,14.0,348.0,20.0,162.0,14.0,460.81,27.0,255.5,185.0,28.0,47.0,33.612831180965884,75,-19.0,-53.0,-0.25,163.0,
2025-04-08 10:49:30,162.67,12.0,386.21,39.0,161.25,32.0,543.45,33.0,274.44,223.54,44.0,72.0,29.07645611143353,116,-28.0,41.0,-0.24,162.67,3.0
2025-04-08 10:49:31,161.29,17.0,442.97,37.0,160.11,54.0,641.29,35.0,302.13,281.68000000000006,71.0,72.0,31.656278682121304,143,-1.0,27.0,-0.01,161.33,3.0
2025-04-08 10:49:32,166.0,15.0,310.0,25.0,161.0,20.0,480.25,16.0,238.0,144.0,35.0,41.0,30.21420990196712,76,-6.0,-67.0,-0.08,161.33,
2025-04-08 10:49:33,161.07,40.0,335.43,49.0,137.24,50.0,346.8,20.0,248.25,174.36,90.0,69.0,25.29149323389426,159,21.0,83.0,0.13,162.22,9.0
2025-04-08 10:49:34,163.77,13.0,305.81,32.0,162.33,36.0,384.11,18.0,234.79,142.04,49.0,50.0,28.460124209147725,99,-1.0,-60.0,-0.01,162.22,
2025-04-08 10:49:35,166.54,52.0,372.93,28.0,163.14,28.0,444.52,42.0,269.73,206.39,80.0,70.0,27.91565152383365,150,10.0,51.0,0.07,162.22,
2025-04-08 10:49:36,167.03,113.0,319.45,40.0,165.18,61.0,378.58,38.0,243.24,152.42,174.0,78.0,13.804356920918378,252,96.0,102.0,0.38,162.22,
2025-04-08 10:49:37,167.09,97.0,366.28,29.0,165.78,79.0,454.81,16.0,266.68,199.19,176.0,45.0,15.12772520903627,221,131.0,-31.0,0.59,168.0,4.0
2025-04-08 10:49:38,167.0,74.0,416.25,16.0,163.0,24.0,765.0,2.0,291.62,249.25,98.0,18.0,22.62861396551097,116,80.0,-105.0,0.69,167.33,3.0
2025-04-08 10:49:39,166.7,54.0,385.33,30.0,162.76,34.0,494.36,28.0,276.02,218.63,88.0,58.0,17.531321113941292,146,30.0,30.0,0.21,166.6,10.0
2025-04-08 10:49:40,159.92,26.0,322.0,5.0,138.5,16.0,436.71,7.0,240.96,162.08,42.0,12.0,21.655878647612514,54,30.0,-92.0,0.56,161.4,5.0
2025-04-08 10:49:41,159.0,100.0,160.0,33.0,130.12,50.0,359.36,11.0,159.5,1.0,150.0,44.0,52.23296162386457,194,106.0,140.0,0.55,159.0,4.0
2025-04-08 10:49:42,159.0,36.0,189.53,17.0,135.0,28.0,426.14,7.0,174.26,30.53,64.0,24.0,59.37278433760789,88,40.0,-106.0,0.45,159.0,3.0
2025-04-08 10:49:43,164.6,20.0,411.0,10.0,161.91,22.0,579.0,10.0,287.8,246.4,42.0,20.0,58.37322434130306,62,22.0,-26.0,0.35,159.0,
2025-04-08 10:49:44,163.33,12.0,319.4,5.0,162.14,14.0,579.0,5.0,241.37,156.06999999999996,26.0,10.0,53.01464344876887,36,16.0,-26.0,0.44,163.67,6.0
2025-04-08 10:49:46,163.0,5.0,385.0,5.0,162.0,15.0,529.2,5.0,274.0,222.0,20.0,10.0,66.05272870972192,30,10.0,-6.0,0.33,163.67,
2025-04-08 10:49:47,163.0,9.0,389.44,9.0,162.0,27.0,510.67,3.0,276.22,226.44,36.0,12.0,41.739467294158594,48,24.0,18.0,0.5,163.67,
2025-04-08 10:49:48,163.0,5.0,449.14,14.0,162.0,15.0,507.0,14.0,306.07,286.14,20.0,28.0,42.63419718958172,48,-8.0,0.0,-0.17,163.67,
2025-04-08 10:49:49,162.33,3.0,380.0,2.0,160.5,6.0,459.0,8.0,271.17,217.67,9.0,10.0,35.54258811623236,19,-1.0,-29.0,-0.05,162.5,2.0
2025-04-08 10:49:50,162.0,18.0,420.56,9.0,159.13,23.0,459.0,36.0,291.28,258.56,41.0,45.0,14.70461730206306,86,-4.0,67.0,-0.05,162.5,
2025-04-08 10:49:51,160.0,12.0,434.8,10.0,159.29,14.0,465.22,36.0,297.4,274.8,26.0,46.0,14.549438820797723,72,-20.0,-14.0,-0.28,161.4,5.0
2025-04-08 10:49:52,163.27,15.0,308.24,29.0,158.36,11.0,459.17,24.0,235.75,144.97,26.0,53.0,28.040670997679943,79,-27.0,7.0,-0.34,161.4,
2025-04-08 10:49:53,167.0,16.0,207.07,29.0,159.0,8.0,507.22,9.0,187.03,40.06999999999999,24.0,38.0,45.70094999012722,62,-14.0,-17.0,-0.23,161.4,
2025-04-08 10:49:54,167.0,26.0,419.82,22.0,162.23,13.0,447.67,24.0,293.41,252.82,39.0,46.0,48.48032209051537,85,-7.0,23.0,-0.08,161.4,
2025-04-08 10:49:55,167.0,20.0,402.2,20.0,165.81,37.0,404.0,20.0,284.6,235.2,57.0,40.0,47.51888119474314,97,17.0,12.0,0.18,161.4,
2025-04-08 10:49:56,166.15,52.0,356.87,30.0,163.52,27.0,464.7,23.0,261.51,190.72,79.0,53.0,42.87217512559991,132,26.0,35.0,0.2,161.4,
2025-04-08 10:49:57,166.0,45.0,328.78,41.0,165.0,13.0,478.17,18.0,247.39,162.77999999999997,58.0,59.0,42.046035722765936,117,-1.0,-15.0,-0.01,166.0,1.0
2025-04-08 10:49:58,166.0,14.0,212.96,23.0,165.0,10.0,221.87,47.0,189.48,46.96000000000001,24.0,70.0,41.06173486349682,94,-46.0,-23.0,-0.49,166.0,2.0
2025-04-08 10:49:59,166.0,7.0,214.76,25.0,165.0,7.0,292.74,19.0,190.38,48.75999999999999,14.0,44.0,42.950346564377,58,-30.0,-36.0,-0.52,164.67,3.0
2025-04-08 10:50:00,163.0,17.0,240.0,16.0,159.0,9.0,298.06,17.0,201.5,77.0,26.0,33.0,33.93148788367635,59,-7.0,1.0,-0.12,163.0,2.0
2025-04-08 10:50:01,166.61,31.0,237.8,20.0,161.8,10.0,379.55,22.0,202.21,71.19,41.0,42.0,23.793153847274304,83,-1.0,24.0,-0.01,163.0,
2025-04-08 10:50:02,167.0,36.0,235.89,18.0,163.0,9.0,319.0,45.0,201.44,68.88999999999999,45.0,63.0,6.470751115601348,108,-18.0,25.0,-0.17,163.0,
2025-04-08 10:50:03,163.62,16.0,234.56,18.0,127.15,13.0,319.0,45.0,199.09,70.94,29.0,63.0,4.919128987946727,92,-34.0,-16.0,-0.37,165.0,6.0
2025-04-08 10:50:04,159.0,11.0,233.64,22.0,158.0,11.0,319.0,55.0,196.32,74.63999999999999,22.0,77.0,2.4246381173401623,99,-55.0,7.0,-0.56,165.0,
2025-04-08 10:50:05,141.33,9.0,232.38,16.0,108.94,17.0,510.46,39.0,186.85,91.04999999999998,26.0,55.0,6.215808072974593,81,-29.0,-18.0,-0.36,159.0,1.0
2025-04-08 10:50:06,159.56,84.0,231.0,9.0,134.51,41.0,232.0,18.0,195.28,71.44,125.0,27.0,5.551507002612424,152,98.0,71.0,0.64,162.0,7.0
2025-04-08 10:50:07,162.0,64.0,229.25,16.0,158.0,40.0,231.0,8.0,195.62,67.25,104.0,24.0,4.601050966904594,128,80.0,-24.0,0.62,162.0,
2025-04-08 10:50:08,162.48,84.0,227.09,22.0,160.0,96.0,228.05,20.0,194.78,64.61000000000001,180.0,42.0,3.908695434547555,222,138.0,94.0,0.62,162.0,
2025-04-08 10:50:09,163.43,56.0,221.3,30.0,161.4,80.0,221.13,30.0,192.36,57.870000000000005,136.0,60.0,3.6558473710006174,196,76.0,-26.0,0.39,162.0,
2025-04-08 10:50:10,162.0,64.0,217.55,11.0,159.0,64.0,218.23,13.0,189.77,55.55000000000001,128.0,24.0,2.474594916355537,152,104.0,-44.0,0.68,162.0,
2025-04-08 10:50:11,162.0,104.0,214.89,35.0,159.0,104.0,215.35,40.0,188.44,52.88999999999999,208.0,75.0,3.0992224831482083,283,133.0,131.0,0.47,162.0,
2025-04-08 10:50:12,162.0,104.0,212.25,24.0,159.0,104.0,213.74,19.0,187.12,50.25,208.0,43.0,3.081343862675784,251,165.0,-32.0,0.66,162.0,
2025-04-08 10:50:13,162.46,76.0,212.0,22.0,160.09,88.0,213.0,11.0,187.23,49.53999999999999,164.0,33.0,2.1715271124368467,197,131.0,-54.0,0.66,162.0,
2025-04-08 10:50:14,164.0,55.0,201.19,16.0,162.0,88.0,211.65,20.0,182.59,37.19,143.0,36.0,2.7045055000954137,179,107.0,-18.0,0.6,162.0,
2025-04-08 10:50:15,164.46,65.0,172.64,25.0,162.17,106.0,192.33,45.0,168.55,8.179999999999978,171.0,70.0,8.264419519847845,241,101.0,62.0,0.42,162.0,
2025-04-08 10:50:16,164.81,84.0,167.95,37.0,162.95,152.0,168.76,37.0,166.38,3.1399999999999864,236.0,74.0,10.161974709673196,310,162.0,69.0,0.52,164.67,6.0
2025-04-08 10:50:17,163.0,64.0,164.3,27.0,162.0,96.0,238.75,24.0,163.65,1.3000000000000114,160.0,51.0,10.526138893252016,211,109.0,-99.0,0.52,163.0,7.0
2025-04-08 10:50:18,162.0,26.0,454.44,18.0,161.0,78.0,532.17,24.0,308.22,292.44,104.0,42.0,62.11459466180279,146,62.0,-65.0,0.42,162.17,6.0
2025-04-08 10:50:19,162.0,33.0,388.25,24.0,161.0,50.0,449.8,40.0,275.12,226.25,83.0,64.0,69.73724779484834,147,19.0,1.0,0.13,162.17,
2025-04-08 10:50:20,161.26,46.0,345.33,9.0,159.7,23.0,376.61,23.0,253.3,184.07,69.0,32.0,65.36689131357018,101,37.0,-46.0,0.37,162.17,
2025-04-08 10:50:21,161.0,108.0,243.24,17.0,159.0,45.0,264.85,20.0,202.12,82.24000000000001,153.0,37.0,57.72202369979853,190,116.0,89.0,0.61,161.0,4.0
2025-04-08 10:50:22,161.6,25.0,197.0,11.0,160.38,29.0,223.32,19.0,179.3,35.400000000000006,54.0,30.0,52.721969993543546,84,24.0,-106.0,0.29,160.89,9.0
2025-04-08 10:50:23,159.88,32.0,188.0,8.0,158.17,24.0,402.0,8.0,173.94,28.120000000000005,56.0,16.0,45.25537183583932,72,40.0,-12.0,0.56,160.89,
2025-04-08 10:50:24,165.09,85.0,187.0,12.0,163.77,66.0,349.3,23.0,176.05,21.91,151.0,35.0,33.465817187094935,186,116.0,114.0,0.62,166.0,1.0
2025-04-08 10:50:25,168.0,42.0,184.22,9.0,166.0,42.0,484.55,11.0,176.11,16.22,84.0,20.0,11.682599453890528,104,64.0,-82.0,0.62,166.0,
2025-04-08 10:50:26,168.0,79.0,182.62,52.0,166.48,67.0,184.0,13.0,175.31,14.620000000000005,146.0,65.0,1.9699923857817347,211,81.0,107.0,0.38,168.0,2.0
2025-04-08 10:50:27,168.0,40.0,180.62,32.0,167.0,32.0,184.0,8.0,174.31,12.620000000000005,72.0,40.0,0.9907976584737171,112,32.0,-99.0,0.29,168.0,
2025-04-08 10:50:28,168.0,52.0,178.55,20.0,167.0,44.0,179.43,35.0,173.28,10.550000000000011,96.0,55.0,1.2108344230475383,151,41.0,39.0,0.27,168.0,1.0
2025-04-08 10:50:29,168.0,24.0,177.0,6.0,167.0,24.0,179.0,24.0,172.5,9.0,48.0,30.0,1.4642984668557628,78,18.0,-73.0,0.23,168.0,
2025-04-08 10:50:30,166.47,53.0,175.75,32.0,165.03,35.0,178.39,23.0,171.11,9.28,88.0,55.0,1.6199290108011162,143,33.0,65.0,0.23,167.33,9.0
2025-04-08 10:50:31,166.0,72.0,174.06,33.0,159.09,44.0,174.83,24.0,170.03,8.060000000000002,116.0,57.0,1.7025657109298389,173,59.0,30.0,0.34,167.33,
2025-04-08 10:50:32,166.0,68.0,169.17,30.0,164.63,54.0,170.53,15.0,167.58,3.1699999999999875,122.0,45.0,2.238738484064782,167,77.0,-6.0,0.46,166.0,6.0
2025-04-08 10:50:33,165.0,70.0,166.4,10.0,161.0,10.0,168.6,10.0,165.7,1.4000000000000057,80.0,20.0,2.735512749016383,100,60.0,-67.0,0.6,166.0,
2025-04-08 10:50:34,165.0,64.0,166.0,10.0,162.89,70.0,336.0,18.0,165.5,1.0,134.0,28.0,2.5252782025016005,162,106.0,62.0,0.65,165.0,3.0
2025-04-08 10:50:35,165.0,29.0,328.0,14.0,162.94,68.0,426.5,18.0,246.5,163.0,97.0,32.0,35.50974542291236,129,65.0,-33.0,0.5,165.0,1.0
2025-04-08 10:50:36,160.52,25.0,418.0,18.0,159.07,14.0,458.0,24.0,289.26,257.48,39.0,42.0,57.681868208303285,81,-3.0,-48.0,-0.04,161.86,7.0
2025-04-08 10:50:37,163.0,42.0,378.02,47.0,159.0,84.0,459.34,41.0,270.51,215.02,126.0,88.0,58.4987126354084,214,38.0,133.0,0.18,161.86,
2025-04-08 10:50:38,163.0,24.0,306.25,32.0,159.0,48.0,469.0,8.0,234.62,143.25,72.0,40.0,47.35685188016728,112,32.0,-102.0,0.29,161.86,
2025-04-08 10:50:39,163.0,18.0,356.05,21.0,159.33,36.0,551.67,9.0,259.52,193.05,54.0,30.0,21.173089524207885,84,24.0,-28.0,0.29,161.86,
2025-04-08 10:50:40,161.55,33.0,378.26,38.0,159.67,54.0,527.89,18.0,269.9,216.71,87.0,56.0,19.972539147542715,143,31.0,59.0,0.22,162.2,5.0
2025-04-08 10:50:41,162.44,25.0,440.5,60.0,160.2,60.0,441.42,57.0,301.47,278.06,85.0,117.0,24.04744123602612,202,-32.0,59.0,-0.16,162.2,
2025-04-08 10:50:42,165.0,14.0,240.29,59.0,161.0,56.0,295.47,59.0,202.64,75.28999999999999,70.0,118.0,37.24725090526972,188,-48.0,-14.0,-0.26,162.2,
2025-04-08 10:50:43,165.08,13.0,169.03,60.0,161.08,49.0,170.5,56.0,167.06,3.9499999999999886,62.0,116.0,54.24376664650144,178,-54.0,-10.0,-0.3,162.2,
2025-04-08 10:50:44,162.83,12.0,167.18,45.0,159.64,56.0,168.56,54.0,165.01,4.349999999999994,68.0,99.0,61.74117532085119,167,-31.0,-11.0,-0.19,163.71,7.0
2025-04-08 10:50:45,159.67,24.0,163.18,44.0,158.52,101.0,165.86,28.0,161.42,3.5100000000000198,125.0,72.0,59.37116008635896,197,53.0,30.0,0.27,159.5,4.0
2025-04-08 10:50:46,159.0,11.0,161.38,32.0,158.0,96.0,165.0,16.0,160.19,2.3799999999999955,107.0,48.0,17.753713132751553,155,59.0,-42.0,0.38,159.0,3.0
2025-04-08 10:50:47,158.43,42.0,160.62,32.0,157.96,110.0,169.24,34.0,159.53,2.1899999999999977,152.0,66.0,3.252548231775619,218,86.0,63.0,0.39,159.0,5.0
2025-04-08 10:50:48,158.0,110.0,173.11,19.0,156.0,10.0,224.5,22.0,165.55,15.110000000000014,120.0,41.0,2.774797289898203,161,79.0,-57.0,0.49,158.29,7.0
2025-04-08 10:50:49,158.0,73.0,159.0,11.0,156.0,11.0,175.7,23.0,158.5,1.0,84.0,34.0,2.735812493579401,118,50.0,-43.0,0.42,158.0,1.0
2025-04-08 10:50:50,158.0,42.0,175.32,25.0,83.1,63.0,271.25,16.0,166.66,17.319999999999993,105.0,41.0,3.738586631338928,146,64.0,28.0,0.44,159.0,1.0
2025-04-08 10:50:51,165.91,11.0,176.0,16.0,158.26,19.0,419.67,12.0,170.95,10.090000000000003,30.0,28.0,5.189611738851781,58,2.0,-88.0,0.03,159.0,
2025-04-08 10:50:52,167.0,80.0,177.2,40.0,163.0,10.0,599.2,40.0,172.1,10.199999999999989,90.0,80.0,5.379894980390478,170,10.0,112.0,0.06,159.0,
2025-04-08 10:50:53,167.0,80.0,294.6,40.0,163.0,10.0,523.6,40.0,230.8,127.60000000000002,90.0,80.0,29.00414660009917,170,10.0,0.0,0.06,159.0,
2025-04-08 10:50:54,167.11,54.0,177.0,28.0,165.29,14.0,373.0,28.0,172.06,9.889999999999986,68.0,56.0,27.084823794886443,124,12.0,-46.0,0.1,159.0,
2025-04-08 10:50:55,168.0,60.0,240.73,44.0,166.11,36.0,298.11,38.0,204.36,72.72999999999999,96.0,82.0,26.81413395953811,178,14.0,54.0,0.08,168.0,4.0
2025-04-08 10:50:56,168.0,22.0,215.0,33.0,167.0,66.0,379.09,23.0,191.5,47.0,88.0,56.0,24.640711840368148,144,32.0,-34.0,0.22,168.0,
2025-04-08 10:50:57,168.0,20.0,214.8,30.0,167.0,60.0,351.89,18.0,191.4,46.80000000000001,80.0,48.0,21.650521471781296,128,32.0,-16.0,0.25,168.0,
2025-04-08 10:50:58,168.0,14.0,213.8,15.0,167.0,42.0,246.47,17.0,190.9,45.80000000000001,56.0,32.0,11.544084199279505,88,24.0,-40.0,0.27,168.0,
2025-04-08 10:50:59,168.0,20.0,211.56,16.0,167.0,60.0,213.75,24.0,189.78,43.56,80.0,40.0,6.060306922925453,120,40.0,32.0,0.33,168.0,
2025-04-08 10:51:00,168.0,16.0,210.0,24.0,167.0,48.0,212.0,8.0,189.0,42.0,64.0,32.0,1.088246295677129,96,32.0,-24.0,0.33,168.0,
2025-04-08 10:51:01,167.25,40.0,208.09,11.0,166.71,42.0,210.0,33.0,187.67,40.84,82.0,44.0,1.494556790508223,126,38.0,30.0,0.3,167.67,3.0
2025-04-08 10:51:02,167.0,39.0,207.38,13.0,166.0,22.0,209.9,31.0,187.19,40.38,61.0,44.0,1.5183115622471517,105,17.0,-21.0,0.16,167.0,2.0
2025-04-08 10:51:03,166.62,24.0,205.44,34.0,164.58,19.0,205.54,28.0,186.03,38.81999999999999,43.0,62.0,1.4826091865533488,105,-19.0,0.0,-0.18,166.75,4.0
2025-04-08 10:51:04,166.0,15.0,186.27,41.0,163.0,15.0,189.33,48.0,176.13,20.27000000000001,30.0,89.0,5.183018425594273,119,-59.0,14.0,-0.5,166.75,
2025-04-08 10:51:05,166.0,11.0,182.14,35.0,163.0,11.0,183.02,51.0,174.07,16.139999999999986,22.0,86.0,6.565631728938723,108,-64.0,-11.0,-0.59,166.75,
2025-04-08 10:51:06,166.0,13.0,180.84,31.0,162.8,15.0,181.39,57.0,173.42,14.840000000000003,28.0,88.0,6.698844676512831,116,-60.0,8.0,-0.52,166.75,
2025-04-08 10:51:07,167.08,12.0,178.75,16.0,166.0,12.0,180.92,52.0,172.92,11.669999999999987,24.0,68.0,5.458125135982291,92,-44.0,-24.0,-0.48,166.75,
2025-04-08 10:51:08,165.43,49.0,177.3,30.0,163.47,19.0,179.0,10.0,171.36,11.870000000000005,68.0,40.0,1.7415653878160882,108,28.0,16.0,0.26,166.33,3.0
2025-04-08 10:51:09,165.0,204.0,176.25,20.0,162.0,40.0,177.09,44.0,170.62,11.25,244.0,64.0,1.4421581050765562,308,180.0,168.0,0.58,165.0,4.0
2025-04-08 10:51:10,165.0,130.0,172.77,31.0,162.0,39.0,174.0,21.0,168.89,7.77000000000001,169.0,52.0,1.822915247628672,221,117.0,-87.0,0.53,165.0,
2025-04-08 10:51:11,165.0,140.0,169.86,70.0,162.0,42.0,171.0,14.0,167.43,4.860000000000014,182.0,84.0,2.138908600206189,266,98.0,45.0,0.37,165.0,
2025-04-08 10:51:12,165.0,73.0,168.34,64.0,162.0,42.0,169.2,30.0,166.67,3.3400000000000034,115.0,94.0,2.006222819139209,209,21.0,-57.0,0.1,165.0,5.0
2025-04-08 10:51:13,163.58,31.0,166.12,25.0,161.34,61.0,167.11,35.0,164.85,2.539999999999992,92.0,60.0,2.190803505573611,152,32.0,-57.0,0.21,165.0,5.0
2025-04-08 10:51:14,162.28,25.0,164.82,17.0,161.26,81.0,335.78,37.0,163.55,2.539999999999992,106.0,54.0,2.108582462231972,160,52.0,8.0,0.33,163.0,1.0
2025-04-08 10:51:15,162.0,34.0,163.5,20.0,161.0,120.0,164.04,52.0,162.75,1.5,154.0,72.0,1.991783120731557,226,82.0,66.0,0.36,163.0,
2025-04-08 10:51:16,162.0,14.0,163.45,11.0,161.0,64.0,172.31,32.0,162.73,1.4499999999999886,78.0,43.0,1.6709877318611002,121,35.0,-105.0,0.29,163.0,1.0
2025-04-08 10:51:17,162.16,19.0,164.0,45.0,161.02,106.0,360.89,18.0,163.08,1.8400000000000036,125.0,63.0,0.8801249911402895,188,62.0,67.0,0.33,163.0,
2025-04-08 10:51:18,161.11,125.0,259.33,42.0,159.47,80.0,408.17,29.0,210.22,98.21999999999996,205.0,71.0,21.10774099708534,276,134.0,88.0,0.49,162.6,5.0
2025-04-08 10:51:19,161.0,82.0,227.33,24.0,159.3,40.0,242.65,34.0,194.17,66.33000000000001,122.0,58.0,22.28339404130444,180,64.0,-96.0,0.36,161.0,4.0
2025-04-08 10:51:20,161.0,28.0,227.0,8.0,160.0,8.0,424.0,16.0,194.0,66.0,36.0,24.0,21.07989919330848,60,12.0,-120.0,0.2,161.0,
2025-04-08 10:51:21,161.42,24.0,226.0,14.0,160.9,39.0,473.6,20.0,193.71,64.58000000000001,63.0,34.0,17.14147980776609,97,29.0,37.0,0.3,161.0,
2025-04-08 10:51:22,162.8,20.0,226.0,16.0,160.5,24.0,293.0,16.0,194.4,63.19999999999999,44.0,32.0,7.226883837454292,76,12.0,-21.0,0.16,163.67,3.0
2025-04-08 10:51:23,161.8,100.0,225.31,26.0,159.2,74.0,271.46,26.0,193.55,63.50999999999999,174.0,52.0,0.3426806093950496,226,122.0,150.0,0.54,163.67,
2025-04-08 10:51:24,161.0,73.0,223.45,22.0,160.0,11.0,258.0,22.0,192.23,62.44999999999999,84.0,44.0,0.819920727909138,128,40.0,-98.0,0.31,161.0,2.0
2025-04-08 10:51:25,161.0,55.0,221.55,22.0,160.0,11.0,225.82,22.0,191.27,60.55000000000001,66.0,44.0,1.2596904381849452,110,22.0,-18.0,0.2,161.0,
2025-04-08 10:51:26,161.0,50.0,206.27,22.0,160.0,10.0,220.6,20.0,183.64,45.27000000000001,60.0,42.0,4.295820061414694,102,18.0,-8.0,0.18,161.0,
2025-04-08 10:51:27,161.0,63.0,217.77,26.0,160.0,13.0,220.31,26.0,189.38,56.77000000000001,76.0,52.0,3.87367138513995,128,24.0,26.0,0.19,161.0,2.0
2025-04-08 10:51:28,160.94,32.0,215.58,24.0,159.45,22.0,216.58,24.0,188.26,54.640000000000015,54.0,48.0,3.354016994597832,102,6.0,-26.0,0.06,161.0,3.0
2025-04-08 10:51:29,159.03,29.0,213.88,16.0,158.15,41.0,214.88,16.0,186.45,54.85,70.0,32.0,2.910197587802246,102,38.0,0.0,0.37,159.33,3.0
2025-04-08 10:51:30,158.55,44.0,210.3,20.0,157.2,50.0,211.3,20.0,184.42,51.75,94.0,40.0,2.44315369963674,134,54.0,32.0,0.4,159.0,4.0
2025-04-08 10:51:31,156.73,55.0,206.0,22.0,154.96,27.0,208.0,22.0,181.36,49.27000000000001,82.0,44.0,3.1920651622497,126,38.0,-8.0,0.3,158.0,5.0
2025-04-08 10:51:32,158.83,24.0,203.73,11.0,155.75,24.0,206.86,14.0,181.28,44.89999999999998,48.0,25.0,3.084960291486206,73,23.0,-53.0,0.32,158.0,
2025-04-08 10:51:33,166.0,66.0,199.35,23.0,162.45,22.0,199.48,21.0,182.67,33.349999999999994,88.0,44.0,2.2021194336469585,132,44.0,59.0,0.33,158.0,
2025-04-08 10:51:34,166.0,54.0,191.52,21.0,164.33,30.0,192.94,17.0,178.76,25.52000000000001,84.0,38.0,2.078153026137431,122,46.0,-10.0,0.38,158.0,
2025-04-08 10:51:35,165.4,50.0,187.67,36.0,164.54,52.0,188.85,34.0,176.53,22.269999999999985,102.0,70.0,2.455778898851176,172,32.0,50.0,0.19,166.0,1.0
2025-04-08 10:51:36,165.12,34.0,177.0,31.0,163.67,30.0,179.29,24.0,171.06,11.879999999999995,64.0,55.0,4.567586890256254,119,9.0,-53.0,0.08,165.5,4.0
2025-04-08 10:51:37,165.0,27.0,172.95,21.0,163.0,18.0,174.25,24.0,168.98,7.949999999999989,45.0,45.0,5.596235341730953,90,0.0,-29.0,0.0,165.5,
2025-04-08 10:51:38,165.0,30.0,171.31,13.0,163.0,20.0,172.78,23.0,168.15,6.310000000000002,50.0,36.0,4.7069873592390135,86,14.0,-4.0,0.16,165.5,
2025-04-08 10:51:39,164.12,16.0,169.29,17.0,162.15,41.0,172.74,19.0,166.71,5.169999999999988,57.0,36.0,3.8289202133282543,93,21.0,7.0,0.23,164.5,4.0
2025-04-08 10:51:40,163.0,7.0,166.27,15.0,162.0,35.0,222.86,14.0,164.63,3.2700000000000102,42.0,29.0,2.414711162858097,71,13.0,-22.0,0.18,164.5,
2025-04-08 10:51:41,162.21,38.0,164.13,46.0,161.17,58.0,165.04,46.0,163.17,1.9199999999999875,96.0,92.0,2.4163443463277523,188,4.0,117.0,0.02,163.0,1.0
2025-04-08 10:51:42,159.52,48.0,162.31,26.0,158.86,22.0,237.68,31.0,160.91,2.789999999999992,70.0,57.0,2.8570754277807624,127,13.0,-61.0,0.1,161.43,14.0
2025-04-08 10:51:43,158.6,20.0,159.71,14.0,144.35,52.0,161.43,14.0,159.16,1.1100000000000136,72.0,28.0,2.9802818658688897,100,44.0,-27.0,0.44,159.0,2.0
2025-04-08 10:51:44,153.78,210.0,157.86,22.0,125.95,19.0,286.0,21.0,155.82,4.0800000000000125,229.0,43.0,3.4557444928734022,272,186.0,168.0,0.68,156.5,4.0
2025-04-08 10:51:45,154.29,116.0,192.23,26.0,127.25,32.0,283.43,21.0,173.26,37.94,148.0,47.0,6.605416716606646,195,101.0,-77.0,0.52,157.0,3.0
2025-04-08 10:51:46,163.0,32.0,281.55,22.0,135.7,23.0,396.93,14.0,222.27,118.55,55.0,36.0,27.62346520623432,91,19.0,-104.0,0.21,157.0,
2025-04-08 10:51:48,163.0,24.0,362.33,30.0,160.0,6.0,577.0,6.0,262.67,199.33,30.0,36.0,70.64297466839918,66,-6.0,-71.0,-0.09,157.0,
2025-04-08 10:51:49,163.0,44.0,209.09,47.0,160.0,11.0,522.53,19.0,186.04,46.09,55.0,66.0,63.78485972391954,121,-11.0,55.0,-0.09,163.0,3.0
2025-04-08 10:51:50,163.0,6.0,241.62,26.0,160.0,6.0,480.32,22.0,202.31,78.62,12.0,48.0,57.80146347628318,60,-36.0,-61.0,-0.6,163.0,
2025-04-08 10:51:51,159.44,9.0,252.33,27.0,149.42,24.0,526.53,17.0,205.89,92.89,33.0,44.0,59.55026616229432,77,-11.0,17.0,-0.14,161.5,2.0
2025-04-08 10:51:52,166.78,32.0,203.8,30.0,156.6,15.0,530.5,24.0,185.29,37.02000000000001,47.0,54.0,31.712201121966764,101,-7.0,24.0,-0.07,161.5,
2025-04-08 10:51:53,168.0,9.0,262.52,25.0,167.0,27.0,519.0,29.0,215.26,94.51999999999998,36.0,54.0,13.026249268306694,90,-18.0,-11.0,-0.2,161.5,
2025-04-08 10:51:54,168.0,8.0,453.47,32.0,167.0,24.0,567.5,30.0,310.73,285.47,32.0,62.0,49.73760830598999,94,-30.0,4.0,-0.32,161.5,
2025-04-08 10:51:55,167.67,12.0,334.1,48.0,165.75,32.0,380.1,30.0,250.89,166.43000000000004,44.0,78.0,49.2088307115714,122,-34.0,28.0,-0.28,167.5,2.0
2025-04-08 10:51:56,167.0,26.0,352.15,65.0,162.31,52.0,376.78,27.0,259.58,185.15,78.0,92.0,47.4745737210994,170,-14.0,48.0,-0.08,167.5,
2025-04-08 10:51:57,167.0,12.0,351.5,30.0,166.0,24.0,495.0,18.0,259.25,184.5,36.0,48.0,34.11469873822886,84,-12.0,-86.0,-0.14,167.5,
2025-04-08 10:51:58,166.35,23.0,328.14,70.0,164.02,112.0,376.71,68.0,247.25,161.79,135.0,138.0,25.81844495704804,273,-3.0,168.0,-0.01,166.4,5.0
2025-04-08 10:51:59,165.53,32.0,351.0,60.0,164.6,89.0,410.7,46.0,258.27,185.47,121.0,106.0,5.627496779217985,227,15.0,-46.0,0.07,165.2,5.0
2025-04-08 10:52:00,166.0,90.0,350.1,50.0,165.0,50.0,528.77,31.0,258.05,184.1,140.0,81.0,5.199634602557199,221,59.0,-6.0,0.27,165.2,
2025-04-08 10:52:01,166.7,87.0,327.4,45.0,165.0,55.0,407.11,47.0,247.05,160.7,142.0,92.0,6.246189238256217,234,50.0,13.0,0.21,167.0,4.0
2025-04-08 10:52:02,168.0,55.0,347.0,39.0,165.0,55.0,348.63,49.0,257.5,179.0,110.0,88.0,5.916999239488495,198,22.0,-36.0,0.11,167.0,
2025-04-08 10:52:03,168.0,45.0,343.97,35.0,165.0,45.0,344.97,37.0,255.99,175.97000000000003,90.0,72.0,4.736456481390818,162,18.0,-36.0,0.11,167.0,
2025-04-08 10:52:04,168.0,17.0,340.44,61.0,165.0,65.0,342.47,43.0,254.22,172.44,82.0,104.0,4.454892815782255,186,-22.0,24.0,-0.12,168.0,4.0
2025-04-08 10:52:05,168.0,11.0,338.38,39.0,165.0,55.0,339.55,49.0,253.19,170.38,66.0,88.0,4.0117514878301455,154,-22.0,-32.0,-0.14,168.0,
2025-04-08 10:52:06,167.0,9.0,215.35,26.0,164.88,32.0,336.78,23.0,191.17,48.35,41.0,49.0,28.69384306780981,90,-8.0,-64.0,-0.09,166.0,3.0
2025-04-08 10:52:07,166.56,81.0,177.46,50.0,164.27,33.0,185.98,61.0,172.01,10.900000000000006,114.0,111.0,40.49930345080124,225,3.0,135.0,0.01,166.0,
2025-04-08 10:52:08,167.0,72.0,172.35,26.0,165.0,24.0,173.37,30.0,169.67,5.349999999999994,96.0,56.0,42.503320105611344,152,40.0,-73.0,0.26,166.0,
2025-04-08 10:52:09,167.0,90.0,168.29,34.0,165.0,30.0,169.13,46.0,167.65,1.289999999999992,120.0,80.0,36.15277748666137,200,40.0,48.0,0.2,166.0,
2025-04-08 10:52:10,166.0,36.0,169.4,30.0,164.0,24.0,435.21,38.0,167.7,3.4000000000000057,60.0,68.0,9.96095376959625,128,-8.0,-72.0,-0.06,167.0,9.0
2025-04-08 10:52:11,165.0,39.0,168.33,36.0,163.0,26.0,564.16,49.0,166.67,3.3300000000000125,65.0,85.0,2.127933269637364,150,-20.0,22.0,-0.13,167.0,
2025-04-08 10:52:12,162.85,53.0,165.62,32.0,161.18,109.0,168.0,48.0,164.24,2.7700000000000102,162.0,80.0,1.974520194889932,242,82.0,92.0,0.34,164.2,5.0
2025-04-08 10:52:13,161.14,28.0,164.17,12.0,160.6,30.0,168.0,18.0,162.65,3.030000000000001,58.0,30.0,2.2440967002397443,88,28.0,-154.0,0.32,161.4,5.0
2025-04-08 10:52:14,161.59,88.0,163.27,30.0,160.75,72.0,168.0,45.0,162.43,1.6800000000000068,160.0,75.0,2.368579743227139,235,85.0,147.0,0.36,162.0,2.0
2025-04-08 10:52:15,160.52,25.0,162.07,27.0,159.2,45.0,163.6,25.0,161.3,1.549999999999983,70.0,52.0,2.079367692358611,122,18.0,-113.0,0.15,160.8,10.0
2025-04-08 10:52:16,159.67,36.0,161.52,21.0,158.14,42.0,162.89,18.0,160.6,1.8500000000000227,78.0,39.0,1.3943923407791972,117,39.0,-5.0,0.33,160.8,
2025-04-08 10:52:17,159.0,24.0,160.28,36.0,158.0,72.0,162.08,24.0,159.64,1.2800000000000011,96.0,60.0,1.2591783035070363,156,36.0,39.0,0.23,160.8,
2025-04-08 10:52:18,160.83,23.0,323.84,25.0,158.04,50.0,373.69,26.0,242.33,163.00999999999996,73.0,51.0,36.389474439733775,124,22.0,-32.0,0.18,161.0,4.0
2025-04-08 10:52:19,165.0,49.0,416.0,28.0,160.67,9.0,425.0,35.0,290.5,251.0,58.0,63.0,60.45609795545905,121,-5.0,-3.0,-0.04,161.0,
2025-04-08 10:52:20,165.3,132.0,349.94,64.0,164.46,61.0,373.93,69.0,257.62,184.64,193.0,133.0,59.23043491314307,326,60.0,168.0,0.18,161.0,
2025-04-08 10:52:21,167.0,35.0,298.0,28.0,165.0,70.0,401.81,31.0,232.5,131.0,105.0,59.0,48.26878204388516,164,46.0,-162.0,0.28,161.0,
2025-04-08 10:52:22,167.0,51.0,297.71,56.0,165.0,110.0,442.18,55.0,232.36,130.70999999999998,161.0,111.0,24.33579503529939,272,50.0,108.0,0.18,167.0,2.0
2025-04-08 10:52:23,165.17,71.0,274.05,40.0,164.14,28.0,446.31,42.0,219.61,108.88000000000002,99.0,82.0,28.18982298632076,181,17.0,-91.0,0.09,166.0,6.0
2025-04-08 10:52:24,165.49,97.0,237.81,37.0,164.57,49.0,321.74,38.0,201.65,72.32,146.0,75.0,20.48487905749217,221,71.0,40.0,0.32,166.0,1.0
2025-04-08 10:52:25,165.25,84.0,234.58,48.0,164.1,30.0,397.08,48.0,199.92,69.33000000000001,114.0,96.0,15.891226195610908,210,18.0,-11.0,0.09,166.0,
2025-04-08 10:52:26,165.0,66.0,231.62,52.0,162.0,13.0,233.38,52.0,198.31,66.62,79.0,104.0,14.996851336199327,183,-25.0,-27.0,-0.14,165.0,5.0
2025-04-08 10:52:27,163.89,19.0,229.27,49.0,158.35,69.0,230.92,52.0,196.58,65.38000000000002,88.0,101.0,9.356608894255237,189,-13.0,6.0,-0.07,165.0,2.0
2025-04-08 10:52:28,162.0,11.0,228.45,44.0,158.0,22.0,229.73,44.0,195.23,66.44999999999999,33.0,88.0,2.56042379305676,121,-55.0,-68.0,-0.45,165.0,
2025-04-08 10:52:29,162.0,16.0,223.75,61.0,158.0,32.0,225.0,61.0,192.88,61.75,48.0,122.0,2.723091992579271,170,-74.0,49.0,-0.44,165.0,
2025-04-08 10:52:30,162.0,13.0,188.88,43.0,159.83,46.0,200.78,46.0,175.44,26.879999999999995,59.0,89.0,9.297132353583246,148,-30.0,-22.0,-0.2,165.0,
2025-04-08 10:52:31,162.0,12.0,175.09,44.0,158.0,22.0,177.0,44.0,168.55,13.090000000000003,34.0,88.0,12.846510421123634,122,-54.0,-26.0,-0.44,165.0,
2025-04-08 10:52:32,162.59,32.0,172.35,51.0,159.22,90.0,173.7,61.0,167.47,9.759999999999993,122.0,112.0,13.291983674381797,234,10.0,112.0,0.04,163.0,1.0
2025-04-08 10:52:33,163.0,34.0,168.53,68.0,162.0,17.0,169.76,68.0,165.76,5.530000000000001,51.0,136.0,11.16654601924992,187,-85.0,-47.0,-0.45,163.0,
2025-04-08 10:52:34,163.0,30.0,166.67,60.0,162.0,15.0,167.67,60.0,164.83,3.669999999999988,45.0,120.0,4.188167857192519,165,-75.0,-22.0,-0.45,163.0,
2025-04-08 10:52:35,161.58,38.0,163.68,38.0,160.71,51.0,166.39,62.0,162.63,2.0999999999999943,89.0,100.0,2.3092899341611464,189,-11.0,24.0,-0.06,162.0,5.0
2025-04-08 10:52:36,161.42,19.0,167.6,30.0,159.5,44.0,194.75,24.0,164.51,6.180000000000007,63.0,54.0,1.7717505467805363,117,9.0,-72.0,0.08,161.0,4.0
2025-04-08 10:52:37,161.85,13.0,169.45,33.0,159.14,118.0,440.03,39.0,165.65,7.599999999999994,131.0,72.0,1.2610630436329278,203,59.0,86.0,0.29,161.5,2.0
2025-04-08 10:52:38,160.77,13.0,166.15,39.0,159.1,67.0,168.0,13.0,163.46,5.379999999999996,80.0,52.0,1.1839256733495775,132,28.0,-71.0,0.21,161.5,
2025-04-08 10:52:39,160.45,95.0,166.5,24.0,158.84,91.0,227.72,43.0,163.48,6.050000000000011,186.0,67.0,1.1626392389799909,253,119.0,121.0,0.47,164.5,8.0
2025-04-08 10:52:40,159.0,81.0,166.0,9.0,157.0,36.0,246.45,33.0,162.5,7.0,117.0,42.0,1.2002708027840792,159,75.0,-94.0,0.47,164.5,
2025-04-08 10:52:41,159.0,85.0,162.25,12.0,157.0,34.0,162.81,16.0,160.62,3.25,119.0,28.0,1.8219549939598263,147,91.0,-12.0,0.62,159.0,1.0
2025-04-08 10:52:42,159.0,96.0,162.5,14.0,157.9,39.0,314.49,43.0,160.75,3.5,135.0,57.0,1.4060298716649542,192,78.0,45.0,0.41,161.0,5.0
2025-04-08 10:52:43,159.0,86.0,161.37,38.0,158.0,55.0,219.35,23.0,160.18,2.3700000000000045,141.0,61.0,1.414171135334593,202,80.0,10.0,0.4,159.0,1.0
2025-04-08 10:52:44,159.0,63.0,160.89,36.0,158.0,45.0,349.51,37.0,159.94,1.8899999999999864,108.0,73.0,1.0060914471423,181,35.0,-21.0,0.19,159.0,
2025-04-08 10:52:45,159.0,56.0,160.0,32.0,158.0,58.0,252.5,40.0,159.5,1.0,114.0,72.0,0.5091365239425881,186,42.0,5.0,0.23,159.0,
2025-04-08 10:52:46,159.0,42.0,160.0,17.0,158.0,48.0,282.81,26.0,159.5,1.0,90.0,43.0,0.5232399067465507,133,47.0,-53.0,0.35,160.0,3.0
2025-04-08 10:52:47,159.0,68.0,257.04,23.0,158.0,88.0,443.84,49.0,208.02,98.04000000000002,156.0,72.0,21.57556766344794,228,84.0,95.0,0.37,159.0,6.0
2025-04-08 10:52:48,159.0,5.0,321.2,20.0,158.0,40.0,497.6,20.0,240.1,162.2,45.0,40.0,37.05936210999907,85,5.0,-143.0,0.06,159.0,
2025-04-08 10:52:49,158.69,16.0,325.76,59.0,153.43,124.0,344.33,36.0,242.23,167.07,140.0,95.0,40.98389561766975,235,45.0,150.0,0.19,158.25,4.0
2025-04-08 10:52:50,161.78,54.0,295.0,10.0,143.24,54.0,436.82,49.0,228.39,133.22,108.0,59.0,34.196658754914374,167,49.0,-68.0,0.29,164.0,4.0
2025-04-08 10:52:51,161.43,35.0,428.73,41.0,150.0,45.0,509.15,13.0,295.08,267.3,80.0,54.0,32.24167846127254,134,26.0,-33.0,0.19,164.0,
2025-04-08 10:52:52,166.0,36.0,301.73,52.0,158.67,60.0,429.81,47.0,233.87,135.73000000000002,96.0,99.0,26.90918300506522,195,-3.0,61.0,-0.02,164.0,
2025-04-08 10:52:53,166.0,25.0,231.45,44.0,160.45,55.0,398.48,23.0,198.73,65.44999999999999,80.0,67.0,35.049191146160325,147,13.0,-48.0,0.09,166.0,2.0
2025-04-08 10:52:54,166.0,11.0,202.73,55.0,160.65,51.0,426.3,40.0,184.36,36.72999999999999,62.0,95.0,42.70679372184327,157,-33.0,10.0,-0.21,166.0,
2025-04-08 10:52:55,166.0,10.0,208.68,34.0,163.0,10.0,341.8,50.0,187.34,42.68000000000001,20.0,84.0,46.418219806451695,104,-64.0,-53.0,-0.62,166.0,
2025-04-08 10:52:56,166.0,8.0,249.78,32.0,163.0,8.0,339.56,39.0,207.89,83.78,16.0,71.0,19.913612680778165,87,-55.0,-17.0,-0.63,166.0,
2025-04-08 10:52:57,159.0,29.0,269.81,54.0,107.89,46.0,390.21,14.0,214.41,110.81,75.0,68.0,12.901818864022433,143,7.0,56.0,0.05,161.2,5.0
2025-04-08 10:52:58,162.45,22.0,206.5,14.0,159.95,22.0,249.71,14.0,184.48,44.05000000000001,44.0,28.0,14.344282136100173,72,16.0,-71.0,0.22,161.2,
2025-04-08 10:52:59,166.0,19.0,194.12,25.0,161.0,36.0,198.27,15.0,180.06,28.120000000000005,55.0,40.0,15.291462650774834,95,15.0,23.0,0.16,166.0,1.0
2025-04-08 10:53:00,147.5,30.0,178.37,49.0,124.64,58.0,179.56,55.0,162.93,30.870000000000005,88.0,104.0,21.082863420324028,192,-16.0,97.0,-0.08,161.4,5.0
2025-04-08 10:53:01,163.56,34.0,174.14,28.0,113.77,22.0,176.45,22.0,168.85,10.579999999999984,56.0,50.0,19.98000825825729,106,6.0,-86.0,0.06,161.4,
2025-04-08 10:53:02,165.0,63.0,173.57,28.0,158.0,7.0,175.0,7.0,169.29,8.569999999999993,70.0,35.0,8.85933236762348,105,35.0,-1.0,0.33,161.4,
2025-04-08 10:53:03,165.16,96.0,171.16,25.0,163.6,45.0,172.1,40.0,168.16,6.0,141.0,65.0,6.250997520397683,206,76.0,101.0,0.37,166.0,1.0
2025-04-08 10:53:04,165.57,42.0,169.5,22.0,164.4,80.0,170.14,28.0,167.54,3.930000000000007,122.0,50.0,2.5613531580036875,172,72.0,-34.0,0.42,166.0,
2025-04-08 10:53:05,165.0,99.0,167.18,11.0,159.73,44.0,170.0,44.0,166.09,2.180000000000007,143.0,55.0,1.252090252344504,198,88.0,26.0,0.44,166.0,
2025-04-08 10:53:06,165.0,44.0,166.0,10.0,163.0,40.0,265.2,10.0,165.5,1.0,84.0,20.0,1.537865403738381,104,64.0,-94.0,0.62,165.0,6.0
2025-04-08 10:53:07,165.0,12.0,166.0,4.0,163.0,40.0,423.0,4.0,165.5,1.0,52.0,8.0,1.2235685514161567,60,44.0,-44.0,0.73,165.0,
2025-04-08 10:53:08,165.0,30.0,210.7,10.0,163.0,100.0,358.83,18.0,187.85,45.69999999999999,130.0,28.0,9.736941511584565,158,102.0,98.0,0.65,166.0,1.0
2025-04-08 10:53:09,165.0,18.0,267.5,6.0,163.0,60.0,473.83,18.0,216.25,102.5,78.0,24.0,22.30128852779653,102,54.0,-56.0,0.53,166.0,
2025-04-08 10:53:10,165.0,33.0,193.55,11.0,163.0,110.0,376.32,19.0,179.27,28.55000000000001,143.0,30.0,20.948857486746903,173,113.0,71.0,0.65,166.0,
2025-04-08 10:53:11,165.0,21.0,195.0,7.0,163.0,70.0,469.0,11.0,180.0,30.0,91.0,18.0,18.839934447869897,109,73.0,-64.0,0.67,166.0,
2025-04-08 10:53:14,163.43,74.0,299.29,31.0,162.2,150.0,570.0,13.0,231.36,135.86,224.0,44.0,96.54571637312615,268,180.0,126.0,0.67,164.0,4.0
2025-04-08 10:53:15,167.0,12.0,451.91,11.0,163.0,36.0,628.2,15.0,309.45,284.91,48.0,26.0,84.7103248134497,74,22.0,-168.0,0.3,164.0,
2025-04-08 10:53:16,167.87,46.0,450.82,22.0,164.88,34.0,521.18,44.0,309.34,282.95,80.0,66.0,58.19086809801156,146,14.0,72.0,0.1,164.0,
2025-04-08 10:53:17,168.0,65.0,382.79,38.0,167.0,26.0,443.52,42.0,275.39,214.79,91.0,80.0,58.92211443931867,171,11.0,25.0,0.06,164.0,
2025-04-08 10:53:18,168.0,35.0,232.11,19.0,167.0,14.0,384.0,22.0,200.05,64.11000000000001,49.0,41.0,48.47647027167016,90,8.0,-81.0,0.09,164.0,
2025-04-08 10:53:19,168.0,25.0,173.11,9.0,167.0,10.0,264.67,6.0,170.56,5.110000000000014,35.0,15.0,64.15246971083894,50,20.0,-40.0,0.4,164.0,
2025-04-08 10:53:20,168.0,35.0,172.57,14.0,167.0,14.0,323.18,22.0,170.29,4.569999999999993,49.0,36.0,63.701861275790655,85,13.0,35.0,0.15,164.0,
2025-04-08 10:53:21,168.0,52.0,170.21,28.0,167.0,28.0,329.29,56.0,169.11,2.210000000000008,80.0,84.0,45.67442501006495,164,-4.0,79.0,-0.02,168.0,2.0
2025-04-08 10:53:22,167.74,23.0,317.77,26.0,164.75,32.0,517.06,34.0,242.75,150.02999999999997,55.0,60.0,31.956342406477617,115,-5.0,-49.0,-0.04,168.0,3.0
2025-04-08 10:53:23,167.0,16.0,249.25,32.0,163.0,48.0,484.25,32.0,208.12,82.25,64.0,64.0,32.74991954188654,128,0.0,13.0,0.0,168.0,
2025-04-08 10:53:24,167.0,24.0,221.0,48.0,164.24,79.0,380.86,28.0,194.0,54.0,103.0,76.0,30.48313681365563,179,27.0,51.0,0.15,168.0,
2025-04-08 10:53:25,167.0,20.0,254.47,17.0,165.0,70.0,340.18,34.0,210.74,87.47,90.0,51.0,26.818001976285565,141,39.0,-38.0,0.28,168.0,
2025-04-08 10:53:26,167.0,22.0,397.0,11.0,165.82,117.0,462.36,14.0,282.0,230.0,139.0,25.0,35.29002011900933,164,114.0,23.0,0.7,168.0,
2025-04-08 10:53:27,166.02,123.0,253.07,15.0,165.13,89.0,263.83,24.0,209.54,87.04999999999998,212.0,39.0,34.82966264551059,251,173.0,87.0,0.69,166.67,3.0
2025-04-08 10:53:28,166.0,110.0,229.4,10.0,165.0,70.0,230.8,10.0,197.7,63.400000000000006,180.0,20.0,36.07353988729236,200,160.0,-51.0,0.8,166.67,
2025-04-08 10:53:29,166.0,100.0,228.0,10.0,165.0,70.0,229.0,10.0,197.0,62.0,170.0,20.0,35.57957672598247,190,150.0,-10.0,0.79,166.0,1.0
2025-04-08 10:53:30,166.0,64.0,228.0,7.0,165.0,49.0,229.0,7.0,197.0,62.0,113.0,14.0,36.92059750329172,127,99.0,-63.0,0.78,166.0,3.0
2025-04-08 10:53:31,166.0,82.0,228.0,14.0,165.0,98.0,229.0,14.0,197.0,62.0,180.0,28.0,5.538097146136875,208,152.0,81.0,0.73,166.0,2.0
2025-04-08 10:53:32,166.0,45.0,207.92,12.0,165.0,70.0,216.7,10.0,186.96,41.91999999999999,115.0,22.0,4.578331573842584,137,93.0,-71.0,0.68,166.0,1.0
2025-04-08 10:53:33,166.15,33.0,196.67,36.0,165.29,69.0,198.0,12.0,181.41,30.519999999999985,102.0,48.0,7.288180842984081,150,54.0,13.0,0.36,166.0,
2025-04-08 10:53:34,166.07,43.0,192.5,26.0,165.15,82.0,193.3,27.0,179.28,26.430000000000007,125.0,53.0,8.396481405924517,178,72.0,28.0,0.4,166.5,2.0
2025-04-08 10:53:35,165.21,71.0,187.81,53.0,163.93,75.0,190.2,30.0,176.51,22.599999999999994,146.0,83.0,8.102146012016306,229,63.0,51.0,0.28,166.0,3.0
2025-04-08 10:53:36,165.0,105.0,176.3,53.0,163.0,75.0,180.24,54.0,170.65,11.300000000000011,180.0,107.0,6.024190402039594,287,73.0,58.0,0.25,166.0,
2025-04-08 10:53:37,163.9,82.0,166.22,67.0,162.77,39.0,168.48,50.0,165.06,2.319999999999993,121.0,117.0,6.680925834045848,238,4.0,-49.0,0.02,165.0,7.0
2025-04-08 10:53:38,163.28,43.0,167.55,44.0,162.65,23.0,189.0,22.0,165.41,4.27000000000001,66.0,66.0,6.419561511506669,132,0.0,-106.0,0.0,167.0,1.0
2025-04-08 10:53:39,163.0,31.0,166.12,32.0,162.0,11.0,170.76,34.0,164.56,3.1200000000000045,42.0,66.0,5.139763613242794,108,-24.0,-24.0,-0.22,167.0,
2025-04-08 10:53:40,163.0,11.0,165.0,44.0,162.0,11.0,166.0,22.0,164.0,2.0,22.0,66.0,2.6882763994819983,88,-44.0,-20.0,-0.5,167.0,
2025-04-08 10:53:41,163.0,14.0,164.71,56.0,162.0,14.0,166.0,28.0,163.86,1.710000000000008,28.0,84.0,0.6660480463227356,112,-56.0,24.0,-0.5,167.0,
2025-04-08 10:53:42,161.69,49.0,164.27,30.0,160.91,33.0,174.67,15.0,162.98,2.5800000000000125,82.0,45.0,0.8986768050917266,127,37.0,15.0,0.29,162.5,2.0
2025-04-08 10:53:43,162.01,170.0,175.22,23.0,160.56,73.0,388.6,40.0,168.61,13.210000000000008,243.0,63.0,2.2028209187336576,306,180.0,168.0,0.59,164.0,2.0
2025-04-08 10:53:44,162.0,99.0,260.36,22.0,161.0,24.0,433.21,33.0,211.18,98.36,123.0,55.0,20.83017714759097,178,68.0,-128.0,0.38,164.0,
2025-04-08 10:53:45,162.82,121.0,261.0,33.0,161.0,44.0,535.53,34.0,211.91,98.18,165.0,67.0,25.50297178761785,232,98.0,54.0,0.42,164.0,
2025-04-08 10:53:46,164.93,154.0,260.29,42.0,161.0,56.0,430.35,40.0,212.61,95.36,210.0,82.0,25.336121842145527,292,128.0,60.0,0.44,164.0,
2025-04-08 10:53:47,165.63,90.0,201.0,20.0,161.0,40.0,260.0,30.0,183.32,35.370000000000005,130.0,50.0,20.36420708007184,180,80.0,-112.0,0.44,166.0,5.0
2025-04-08 10:53:48,166.88,100.0,199.31,48.0,161.92,59.0,210.84,50.0,183.1,32.43000000000001,159.0,98.0,15.722484854502223,257,61.0,77.0,0.24,167.0,2.0
2025-04-08 10:53:49,167.79,56.0,197.85,46.0,163.0,48.0,198.98,44.0,182.82,30.06,104.0,90.0,15.985442439921544,194,14.0,-63.0,0.07,168.0,1.0
2025-04-08 10:53:50,168.0,42.0,195.64,42.0,163.0,49.0,196.25,20.0,181.82,27.639999999999983,91.0,62.0,13.35941166369378,153,29.0,-41.0,0.19,168.0,
2025-04-08 10:53:51,168.0,33.0,192.16,25.0,163.0,42.0,193.0,27.0,180.08,24.16,75.0,52.0,1.3307591818315243,127,23.0,-26.0,0.18,168.0,
2025-04-08 10:53:52,168.0,24.0,189.38,24.0,163.0,60.0,190.84,32.0,178.69,21.379999999999995,84.0,56.0,1.8789145802903675,140,28.0,13.0,0.2,168.0,2.0
2025-04-08 10:53:53,168.0,17.0,188.24,51.0,163.38,37.0,189.09,43.0,178.12,20.24000000000001,54.0,94.0,2.003342207418996,148,-40.0,8.0,-0.27,168.0,
2025-04-08 10:53:54,163.43,21.0,188.0,27.0,161.64,25.0,189.0,27.0,175.71,24.569999999999997,46.0,54.0,2.277395442171718,100,-8.0,-48.0,-0.08,166.5,2.0
2025-04-08 10:53:55,163.89,65.0,184.13,39.0,162.72,47.0,185.22,23.0,174.01,20.24000000000001,112.0,62.0,2.433242692380381,174,50.0,74.0,0.29,166.0,1.0
2025-04-08 10:53:56,164.88,85.0,176.91,47.0,163.0,51.0,177.71,41.0,170.9,12.03,136.0,88.0,3.180554983021074,224,48.0,50.0,0.21,166.0,
2025-04-08 10:53:57,167.48,64.0,174.64,42.0,164.29,34.0,176.07,42.0,171.06,7.159999999999997,98.0,84.0,3.088049546237606,182,14.0,-42.0,0.08,167.71,7.0
2025-04-08 10:53:58,163.0,36.0,173.3,37.0,162.0,144.0,174.75,36.0,168.15,10.300000000000011,180.0,73.0,2.945951459209017,253,107.0,71.0,0.42,163.67,3.0
2025-04-08 10:53:59,163.0,42.0,167.86,42.0,162.0,168.0,169.13,45.0,165.43,4.860000000000014,210.0,87.0,3.251176710056398,297,123.0,44.0,0.41,163.67,
2025-04-08 10:54:00,162.4,60.0,164.55,33.0,161.97,99.0,165.55,33.0,163.47,2.1500000000000057,159.0,66.0,3.343870511848598,225,93.0,-72.0,0.41,163.0,3.0
2025-04-08 10:54:01,162.0,72.0,164.14,21.0,161.0,7.0,200.86,29.0,163.07,2.1399999999999864,79.0,50.0,3.3637152079224357,129,29.0,-96.0,0.22,162.0,3.0
2025-04-08 10:54:02,162.0,113.0,164.61,31.0,161.0,13.0,206.05,57.0,163.31,2.6100000000000136,126.0,88.0,2.1526913387679936,214,38.0,85.0,0.18,162.0,1.0
2025-04-08 10:54:03,161.93,43.0,163.89,27.0,160.5,12.0,290.82,44.0,162.91,1.9599999999999795,55.0,71.0,1.0246560398521067,126,-16.0,-88.0,-0.13,162.0,4.0
2025-04-08 10:54:04,161.85,47.0,163.0,33.0,160.22,18.0,242.06,34.0,162.43,1.1500000000000057,65.0,67.0,0.4023928428844603,132,-2.0,6.0,-0.02,162.0,
2025-04-08 10:54:05,162.0,72.0,247.25,36.0,161.0,9.0,305.8,30.0,204.62,85.25,81.0,66.0,18.64711291326394,147,15.0,15.0,0.1,162.0,3.0
2025-04-08 10:54:06,162.0,91.0,265.23,65.0,161.0,13.0,282.38,52.0,213.62,103.23000000000002,104.0,117.0,25.52588627256705,221,-13.0,74.0,-0.06,162.0,
2025-04-08 10:54:07,162.0,63.0,264.0,45.0,161.0,9.0,335.43,28.0,213.0,102.0,72.0,73.0,26.391108919483447,145,-1.0,-76.0,-0.01,162.0,
2025-04-08 10:54:08,162.22,36.0,261.26,38.0,161.88,32.0,338.82,34.0,211.74,99.04,68.0,72.0,21.905066080704948,140,-4.0,-5.0,-0.03,162.0,
2025-04-08 10:54:09,163.0,16.0,251.19,37.0,162.0,56.0,324.57,35.0,207.09,88.19,72.0,72.0,3.954223058966407,144,0.0,4.0,0.0,162.0,
2025-04-08 10:54:10,163.0,14.0,208.33,24.0,162.0,49.0,250.67,33.0,185.67,45.33000000000001,63.0,57.0,11.771343593662412,120,6.0,-24.0,0.05,162.0,
2025-04-08 10:54:11,162.33,36.0,247.55,22.0,161.91,46.0,268.09,44.0,204.94,85.22,82.0,66.0,11.024262787146132,148,16.0,28.0,0.11,162.67,3.0
2025-04-08 10:54:12,162.0,30.0,379.67,12.0,161.0,5.0,582.43,23.0,270.83,217.67,35.0,35.0,32.19504045656829,70,0.0,-78.0,0.0,162.67,
2025-04-08 10:54:13,162.0,72.0,240.45,31.0,161.0,12.0,480.31,39.0,201.23,78.44999999999999,84.0,70.0,32.88286362225873,154,14.0,84.0,0.09,162.67,
2025-04-08 10:54:14,162.0,96.0,235.61,46.0,159.67,36.0,247.14,57.0,198.8,73.61000000000001,132.0,103.0,33.5182119153165,235,29.0,81.0,0.12,162.0,5.0
2025-04-08 10:54:15,160.2,15.0,199.35,23.0,158.75,24.0,201.09,22.0,179.77,39.150000000000006,39.0,45.0,34.7702937865078,84,-6.0,-151.0,-0.07,160.67,3.0
2025-04-08 10:54:16,158.88,33.0,195.91,33.0,157.21,61.0,197.6,30.0,177.39,37.03,94.0,63.0,38.02394876916463,157,31.0,73.0,0.2,158.6,5.0
2025-04-08 10:54:17,159.6,47.0,192.94,33.0,138.24,34.0,194.45,33.0,176.27,33.34,81.0,66.0,12.25781872928596,147,15.0,-10.0,0.1,158.6,
2025-04-08 10:54:18,166.0,84.0,190.86,42.0,163.0,42.0,192.15,39.0,178.43,24.860000000000014,126.0,81.0,9.406854947325822,207,45.0,60.0,0.22,158.6,
2025-04-08 10:54:19,166.0,90.0,178.26,42.0,163.67,27.0,180.02,45.0,172.13,12.259999999999993,117.0,87.0,2.911858513050015,204,30.0,-3.0,0.15,158.6,
2025-04-08 10:54:20,166.0,78.0,170.97,35.0,165.0,13.0,172.24,34.0,168.49,4.969999999999999,91.0,69.0,4.143008568663483,160,22.0,-44.0,0.14,158.6,
2025-04-08 10:54:21,166.0,60.0,167.12,25.0,165.0,12.0,168.08,36.0,166.56,1.1200000000000043,72.0,61.0,5.019998007969375,133,11.0,-27.0,0.08,166.0,3.0
2025-04-08 10:54:22,166.0,10.0,167.91,23.0,165.0,8.0,207.53,17.0,166.96,1.9099999999999968,18.0,40.0,4.940549564574193,58,-22.0,-75.0,-0.38,166.0,2.0
2025-04-08 10:54:23,163.14,21.0,167.18,33.0,162.27,11.0,519.63,38.0,165.16,4.0400000000000205,32.0,71.0,2.6655112080070227,103,-39.0,45.0,-0.38,164.0,5.0
2025-04-08 10:54:24,162.73,33.0,166.64,33.0,161.67,27.0,482.88,32.0,164.68,3.9099999999999966,60.0,65.0,1.5164761785169385,125,-5.0,22.0,-0.04,164.0,
2025-04-08 10:54:25,163.0,36.0,332.09,33.0,162.0,36.0,431.27,44.0,247.55,169.08999999999995,72.0,77.0,36.55406981445469,149,-5.0,24.0,-0.03,166.0,3.0
2025-04-08 10:54:26,162.91,33.0,388.55,33.0,161.45,33.0,389.61,31.0,275.73,225.64,66.0,64.0,53.5452232229921,130,2.0,-19.0,0.02,164.0,3.0
2025-04-08 10:54:27,160.93,28.0,364.65,34.0,158.47,38.0,387.91,33.0,262.79,203.72,66.0,67.0,54.11312659604944,133,-1.0,3.0,-0.01,161.25,4.0
2025-04-08 10:54:28,158.78,18.0,350.15,20.0,154.97,33.0,386.62,24.0,254.46,191.37,51.0,44.0,43.95959701817218,95,7.0,-38.0,0.07,159.0,2.0
2025-04-08 10:54:29,158.16,63.0,292.33,45.0,144.61,28.0,299.19,47.0,225.25,134.17,91.0,92.0,18.803403415342284,183,-1.0,88.0,-0.01,159.0,
2025-04-08 10:54:30,164.42,31.0,288.07,15.0,158.81,43.0,290.19,21.0,226.24,123.65,74.0,36.0,22.45268647623489,110,38.0,-73.0,0.35,159.0,
2025-04-08 10:54:31,167.0,51.0,281.85,39.0,159.62,58.0,283.15,39.0,224.42,114.85000000000002,109.0,78.0,18.498345061115337,187,31.0,77.0,0.17,159.0,
2025-04-08 10:54:32,166.12,41.0,278.11,46.0,160.27,33.0,280.44,48.0,222.12,111.99,74.0,94.0,13.481306316528867,168,-20.0,-19.0,-0.12,165.5,4.0
2025-04-08 10:54:33,159.47,34.0,229.52,29.0,103.12,17.0,265.29,21.0,194.49,70.05000000000001,51.0,50.0,13.510189858031891,101,1.0,-67.0,0.01,162.33,3.0
2025-04-08 10:54:34,158.0,52.0,224.75,28.0,117.74,46.0,252.07,29.0,191.38,66.75,98.0,57.0,17.25448057752132,155,41.0,54.0,0.26,162.33,
2025-04-08 10:54:35,154.88,41.0,174.03,37.0,94.35,23.0,220.41,17.0,164.45,19.15000000000001,64.0,54.0,24.75947232878857,118,10.0,-37.0,0.08,158.0,4.0
2025-04-08 10:54:36,142.86,21.0,154.76,37.0,72.87,15.0,159.88,34.0,148.81,11.899999999999975,36.0,71.0,28.45112036458372,107,-35.0,-11.0,-0.33,158.0,
2025-04-08 10:54:44,146.0,21.0,156.0,6.0,109.14,21.0,159.0,18.0,151.0,10.0,42.0,24.0,11.337801815165609,66,18.0,-27.0,0.27,158.0,
2025-04-08 10:54:45,151.29,34.0,157.0,9.0,91.09,11.0,181.0,30.0,154.15,5.710000000000008,45.0,39.0,14.825526972083551,84,6.0,18.0,0.07,154.57,7.0
2025-04-08 10:54:46,161.09,35.0,182.96,49.0,144.6,57.0,260.41,64.0,172.02,21.870000000000005,92.0,113.0,18.79224920013538,205,-21.0,121.0,-0.1,158.33,3.0
2025-04-08 10:54:47,167.0,13.0,172.77,39.0,161.0,52.0,277.83,47.0,169.88,5.77000000000001,65.0,86.0,16.616406049444006,151,-21.0,-54.0,-0.14,158.33,
2025-04-08 10:54:48,165.5,4.0,172.0,12.0,160.2,10.0,200.0,16.0,168.75,6.5,14.0,28.0,9.797344027847975,42,-14.0,-109.0,-0.33,162.6,5.0
2025-04-08 10:54:49,161.0,8.0,172.0,24.0,158.0,32.0,200.0,32.0,166.5,11.0,40.0,56.0,7.056766256580429,96,-16.0,54.0,-0.17,162.6,
2025-04-08 10:54:50,161.0,10.0,169.9,30.0,158.0,40.0,312.0,40.0,165.45,8.900000000000006,50.0,70.0,2.6295341792825195,120,-20.0,24.0,-0.17,162.6,
2025-04-08 10:54:51,162.78,18.0,169.0,30.0,159.5,16.0,405.45,22.0,165.89,6.219999999999999,34.0,52.0,1.9241439655112973,86,-18.0,-34.0,-0.21,162.6,
2025-04-08 10:54:52,161.0,10.0,169.0,30.0,158.08,39.0,245.0,16.0,165.0,8.0,49.0,46.0,1.468117842685796,95,3.0,9.0,0.03,163.0,2.0
2025-04-08 10:54:53,162.78,45.0,169.0,36.0,160.57,14.0,295.05,20.0,165.89,6.219999999999999,59.0,56.0,0.5599374965223544,115,3.0,20.0,0.03,163.0,
2025-04-08 10:54:54,163.22,36.0,168.22,27.0,161.0,9.0,305.4,15.0,165.72,5.0,45.0,42.0,0.375699347898738,87,3.0,-28.0,0.03,163.0,
2025-04-08 10:54:55,161.54,13.0,168.0,30.0,159.14,56.0,282.0,10.0,164.77,6.460000000000008,69.0,40.0,0.5303112293845665,109,29.0,22.0,0.27,163.2,5.0
2025-04-08 10:54:56,165.9,10.0,167.9,30.0,162.6,15.0,237.64,22.0,166.9,2.0,25.0,52.0,0.8398988034350443,77,-27.0,-32.0,-0.35,163.2,
2025-04-08 10:54:57,165.64,11.0,189.96,25.0,163.11,19.0,391.64,14.0,177.8,24.32000000000002,30.0,39.0,5.41064044268465,69,-9.0,-8.0,-0.13,166.0,1.0
2025-04-08 10:54:58,162.1,31.0,258.91,11.0,161.13,23.0,437.82,44.0,210.5,96.81000000000004,54.0,55.0,19.375345674336376,109,-1.0,40.0,-0.01,165.0,1.0
2025-04-08 10:54:59,162.0,36.0,254.0,27.0,161.0,24.0,422.29,21.0,208.0,92.0,60.0,48.0,22.170863312014603,108,12.0,-1.0,0.11,165.0,
2025-04-08 10:55:00,162.0,36.0,218.57,23.0,161.0,24.0,260.36,22.0,190.28,56.56999999999999,60.0,45.0,18.870322731740472,105,15.0,-3.0,0.14,165.0,
2025-04-08 10:55:01,162.0,24.0,203.75,16.0,161.0,16.0,205.36,11.0,182.88,41.75,40.0,27.0,14.731976106417124,67,13.0,-38.0,0.19,165.0,
2025-04-08 10:55:02,162.0,33.0,201.19,21.0,161.0,22.0,203.0,22.0,181.6,39.19,55.0,43.0,13.76024418388155,98,12.0,31.0,0.12,165.0,
2025-04-08 10:55:03,162.0,28.0,199.1,20.0,161.0,20.0,200.1,20.0,180.55,37.1,48.0,40.0,11.463900732300464,88,8.0,-10.0,0.09,162.0,1.0
2025-04-08 10:55:04,162.0,14.0,197.57,14.0,161.0,14.0,199.0,14.0,179.79,35.56999999999999,28.0,28.0,4.221297193995328,56,0.0,-32.0,0.0,162.0,
2025-04-08 10:55:05,162.0,12.0,196.33,12.0,161.0,12.0,199.0,12.0,179.17,34.33000000000001,24.0,24.0,1.4752864128806875,48,0.0,-8.0,0.0,162.0,
2025-04-08 10:55:06,161.32,19.0,192.62,32.0,159.06,188.0,195.5,32.0,176.97,31.30000000000001,207.0,64.0,1.734871753193603,271,143.0,168.0,0.53,161.67,3.0
2025-04-08 10:55:07,161.0,12.0,186.15,26.0,159.0,168.0,190.92,24.0,173.58,25.15000000000001,180.0,50.0,2.8138976527278343,230,130.0,-41.0,0.57,161.67,
2025-04-08 10:55:08,161.0,9.0,189.0,18.0,159.0,126.0,191.0,18.0,175.0,28.0,135.0,36.0,2.652464891384225,171,99.0,-59.0,0.58,161.67,
2025-04-08 10:55:09,159.04,106.0,168.45,22.0,158.58,48.0,185.14,21.0,163.75,9.409999999999997,154.0,43.0,5.943915376250084,197,111.0,26.0,0.56,159.4,5.0
2025-04-08 10:55:10,159.35,77.0,180.35,17.0,158.89,94.0,189.29,28.0,169.85,21.0,171.0,45.0,5.213870922838429,216,126.0,19.0,0.58,159.43,7.0
2025-04-08 10:55:11,162.47,45.0,184.12,16.0,158.97,80.0,187.69,26.0,173.3,21.65000000000001,125.0,42.0,4.521761824777947,167,83.0,-49.0,0.5,159.43,
2025-04-08 10:55:12,163.0,39.0,179.36,47.0,159.0,78.0,179.77,44.0,171.18,16.360000000000014,117.0,91.0,4.314803587652471,208,26.0,41.0,0.12,159.43,
2025-04-08 10:55:13,163.0,43.0,175.65,17.0,159.0,103.0,177.0,34.0,169.32,12.650000000000006,146.0,51.0,3.552386521764953,197,95.0,-11.0,0.48,163.0,1.0
2025-04-08 10:55:14,162.14,28.0,171.71,17.0,160.33,39.0,175.95,21.0,166.92,9.570000000000022,67.0,38.0,2.355245210167737,105,29.0,-92.0,0.28,164.33,3.0
2025-04-08 10:55:15,164.21,33.0,169.37,62.0,159.71,48.0,170.27,22.0,166.79,5.159999999999997,81.0,84.0,2.797109222039318,165,-3.0,60.0,-0.02,167.0,1.0
2025-04-08 10:55:16,159.91,44.0,167.49,41.0,154.24,29.0,168.62,37.0,163.7,7.5800000000000125,73.0,78.0,2.832917224349352,151,-5.0,-14.0,-0.03,162.14,7.0
2025-04-08 10:55:17,159.01,85.0,164.07,75.0,158.1,62.0,167.0,15.0,161.54,5.060000000000002,147.0,90.0,3.044499958944497,237,57.0,86.0,0.24,162.14,
2025-04-08 10:55:18,159.0,38.0,162.62,65.0,157.78,49.0,167.0,13.0,160.81,3.620000000000005,87.0,78.0,2.855550734974102,165,9.0,-72.0,0.05,159.0,5.0
2025-04-08 10:55:19,156.0,14.0,160.47,40.0,124.2,10.0,212.27,11.0,158.24,4.469999999999999,24.0,51.0,3.21582493304738,75,-27.0,-90.0,-0.36,158.5,6.0
2025-04-08 10:55:20,158.0,10.0,281.11,38.0,139.2,10.0,394.4,20.0,219.55,123.11,20.0,58.0,26.224552808389717,78,-38.0,3.0,-0.49,158.5,
2025-04-08 10:55:21,162.33,36.0,245.0,50.0,143.56,16.0,260.0,20.0,203.67,82.66999999999999,52.0,70.0,28.74062229667321,122,-18.0,44.0,-0.15,165.0,2.0
2025-04-08 10:55:22,165.0,72.0,185.57,21.0,163.0,27.0,368.78,27.0,175.29,20.569999999999997,99.0,48.0,27.049669498905757,147,51.0,25.0,0.35,165.0,
2025-04-08 10:55:23,165.0,42.0,167.0,12.0,163.0,18.0,369.48,27.0,166.0,2.0,60.0,39.0,26.041508212851905,99,21.0,-48.0,0.21,165.0,2.0
2025-04-08 10:55:24,165.0,43.0,174.26,31.0,163.0,24.0,282.0,25.0,169.63,9.259999999999993,67.0,56.0,23.542963279927957,123,11.0,24.0,0.09,165.0,5.0
2025-04-08 10:55:25,165.0,7.0,177.92,26.0,163.0,21.0,354.76,17.0,171.46,12.919999999999987,28.0,43.0,15.165759130357598,71,-15.0,-52.0,-0.21,165.0,
2025-04-08 10:55:26,163.86,14.0,185.0,11.0,162.38,26.0,381.53,38.0,174.43,21.139999999999983,40.0,49.0,3.7617243386535617,89,-9.0,18.0,-0.1,164.0,2.0
2025-04-08 10:55:27,162.67,15.0,183.5,8.0,159.07,15.0,389.94,34.0,173.08,20.830000000000013,30.0,42.0,3.284349250615429,72,-12.0,-17.0,-0.17,161.2,5.0
2025-04-08 10:55:28,159.5,8.0,182.88,8.0,135.5,8.0,512.71,28.0,171.19,23.379999999999995,16.0,36.0,1.8457437525342624,52,-20.0,-20.0,-0.38,161.2,
2025-04-08 10:55:29,162.57,14.0,181.43,7.0,158.57,7.0,385.0,35.0,172.0,18.860000000000014,21.0,42.0,1.3309658147449794,63,-21.0,11.0,-0.33,161.2,
2025-04-08 10:55:30,163.0,91.0,175.97,30.0,162.0,12.0,278.56,25.0,169.48,12.97,103.0,55.0,1.875587907835657,158,48.0,95.0,0.3,163.0,5.0
2025-04-08 10:55:31,164.11,37.0,174.58,43.0,162.0,13.0,174.91,22.0,169.34,10.47,50.0,65.0,1.6145339884989007,115,-15.0,-43.0,-0.13,165.0,1.0
2025-04-08 10:55:32,165.43,14.0,172.25,12.0,160.67,9.0,173.94,33.0,168.84,6.819999999999993,23.0,45.0,1.3530705820529765,68,-22.0,-47.0,-0.32,167.0,2.0
2025-04-08 10:55:33,140.36,11.0,169.38,32.0,81.64,11.0,172.0,8.0,154.87,29.019999999999985,22.0,40.0,6.839304058163625,62,-18.0,-6.0,-0.29,160.5,2.0
2025-04-08 10:55:34,162.92,26.0,166.02,55.0,145.81,16.0,167.32,34.0,164.47,3.1000000000000227,42.0,89.0,6.239979967917503,131,-47.0,69.0,-0.36,166.0,2.0
2025-04-08 10:55:35,161.12,25.0,164.4,30.0,139.07,15.0,165.36,45.0,162.76,3.280000000000001,40.0,75.0,5.853223897990765,115,-35.0,-16.0,-0.3,162.0,1.0
2025-04-08 10:55:36,157.0,13.0,162.76,49.0,145.12,16.0,166.15,40.0,159.88,5.759999999999991,29.0,89.0,5.212027436613125,118,-60.0,3.0,-0.51,160.0,6.0
2025-04-08 10:55:37,133.0,11.0,155.57,42.0,78.0,11.0,163.92,53.0,144.29,22.569999999999997,22.0,95.0,8.109120174223728,117,-73.0,-1.0,-0.62,154.33,3.0
2025-04-08 10:55:48,126.8,150.0,151.38,13.0,125.0,10.0,154.38,16.0,139.09,24.58,160.0,29.0,30.41832704143993,189,131.0,81.0,0.69,148.0,1.0
2025-04-08 10:55:49,128.0,90.0,153.94,16.0,125.0,6.0,155.43,14.0,140.97,25.94,96.0,30.0,30.805964844490656,126,66.0,-63.0,0.52,153.5,2.0
2025-04-08 10:55:50,128.5,120.0,153.33,24.0,125.0,2.0,155.25,16.0,140.92,24.830000000000013,122.0,40.0,3.4472061150996574,162,82.0,36.0,0.51,154.0,1.0
2025-04-08 10:55:51,129.17,36.0,151.67,18.0,129.0,45.0,152.86,14.0,140.42,22.5,81.0,32.0,1.6792706750199882,113,49.0,-49.0,0.43,154.0,
2025-04-08 10:55:57,147.46,147.0,153.05,44.0,146.94,108.0,154.54,59.0,150.25,5.590000000000003,255.0,103.0,3.5498549266114248,358,152.0,44.0,0.42,152.4,5.0
2025-04-08 10:55:58,152.65,91.0,153.89,18.0,130.68,19.0,155.11,18.0,153.27,1.239999999999981,110.0,36.0,4.440981873413786,146,74.0,-168.0,0.51,153.67,3.0
2025-04-08 10:55:59,141.0,72.0,154.86,14.0,74.0,60.0,157.8,20.0,147.93,13.860000000000014,132.0,34.0,3.454376933687312,166,98.0,20.0,0.59,154.0,2.0
2025-04-08 10:56:00,126.0,64.0,156.0,12.0,78.1,20.0,159.0,24.0,141.0,30.0,84.0,36.0,4.566412158356965,120,48.0,-46.0,0.4,154.0,
2025-04-08 10:56:01,131.42,62.0,156.0,10.0,114.33,36.0,215.12,17.0,143.71,24.580000000000013,98.0,27.0,4.931918490809606,125,71.0,5.0,0.57,154.0,
2025-04-08 10:56:02,132.95,99.0,156.0,22.0,124.85,104.0,178.27,33.0,144.47,23.05000000000001,203.0,55.0,4.720538104918608,258,148.0,133.0,0.57,154.0,
2025-04-08 10:56:03,134.0,143.0,158.17,29.0,96.64,44.0,160.49,47.0,146.09,24.169999999999987,187.0,76.0,2.6014419078632263,263,111.0,5.0,0.42,154.0,
2025-04-08 10:56:04,137.45,84.0,183.21,19.0,130.45,53.0,276.9,41.0,160.33,45.76000000000002,137.0,60.0,7.610354788049618,197,77.0,-66.0,0.39,160.25,8.0
2025-04-08 10:56:05,136.0,91.0,213.31,26.0,132.0,14.0,231.91,23.0,174.65,77.31,105.0,49.0,13.4689643254408,154,56.0,-43.0,0.36,165.0,2.0
2025-04-08 10:56:06,136.0,143.0,155.11,35.0,132.0,22.0,157.0,38.0,145.56,19.110000000000014,165.0,73.0,13.14222203434402,238,92.0,84.0,0.39,153.0,1.0
2025-04-08 10:56:08,137.29,91.0,152.75,8.0,113.45,29.0,155.87,45.0,145.02,15.460000000000008,120.0,53.0,13.47196459318376,173,67.0,5.0,0.39,151.5,4.0
2025-04-08 10:56:09,138.0,65.0,154.0,10.0,106.36,22.0,156.0,35.0,146.0,16.0,87.0,45.0,13.26778429128216,132,42.0,-41.0,0.32,151.5,
2025-04-08 10:56:10,139.97,177.0,155.69,64.0,126.44,78.0,170.56,68.0,147.83,15.72,255.0,132.0,1.5322467164225049,387,123.0,168.0,0.32,154.67,3.0
2025-04-08 10:56:11,143.3,130.0,156.0,54.0,141.0,80.0,577.29,34.0,149.65,12.699999999999989,210.0,88.0,2.36629034566522,298,122.0,-89.0,0.41,156.0,3.0
2025-04-08 10:56:12,146.65,221.0,156.0,25.0,141.0,136.0,500.03,32.0,151.32,9.349999999999994,357.0,57.0,2.581071482929133,414,300.0,116.0,0.72,156.0,2.0
2025-04-08 10:56:13,151.21,150.0,155.24,21.0,144.35,80.0,305.1,20.0,153.22,4.030000000000001,230.0,41.0,2.835406496428972,271,189.0,-143.0,0.7,152.0,4.0
2025-04-08 10:56:14,148.96,70.0,155.62,13.0,125.56,43.0,308.7,10.0,152.29,6.659999999999997,113.0,23.0,2.1488997184589227,136,90.0,-135.0,0.66,154.0,2.0
2025-04-08 10:56:17,148.45,22.0,230.08,26.0,147.0,66.0,206.71,38.0,189.27,81.63000000000002,88.0,64.0,17.563193616196365,152,24.0,-13.0,0.16,157.44,9.0
2025-04-08 10:56:18,150.68,38.0,294.62,52.0,150.0,54.0,403.26,47.0,222.65,143.94,92.0,99.0,33.18145897937605,191,-7.0,39.0,-0.04,157.44,
2025-04-08 10:56:19,153.5,24.0,181.69,36.0,152.0,24.0,236.44,41.0,167.6,28.19,48.0,77.0,31.56962068191537,125,-29.0,-66.0,-0.23,155.0,1.0
2025-04-08 10:56:20,154.16,19.0,155.29,17.0,134.5,44.0,157.72,29.0,154.73,1.1299999999999957,63.0,46.0,30.04829412795376,109,17.0,-16.0,0.16,155.0,3.0
2025-04-08 10:56:23,162.0,44.0,375.5,16.0,159.0,8.0,466.5,16.0,268.75,213.5,52.0,32.0,83.08167890696537,84,20.0,-70.0,0.24,155.0,
2025-04-08 10:56:24,162.0,88.0,424.25,32.0,159.0,16.0,494.2,30.0,293.12,262.25,104.0,62.0,70.62228210699594,166,42.0,82.0,0.25,155.0,
2025-04-08 10:56:25,162.0,80.0,176.8,40.0,159.0,20.0,445.2,40.0,169.4,14.800000000000011,100.0,80.0,64.4973902572819,180,20.0,14.0,0.11,162.0,5.0
2025-04-08 10:56:26,162.0,41.0,233.22,36.0,160.11,18.0,504.78,36.0,197.61,71.22,59.0,72.0,63.67967470080304,131,-13.0,-49.0,-0.1,162.0,5.0
2025-04-08 10:56:28,165.56,25.0,202.09,47.0,164.62,48.0,309.16,43.0,183.82,36.53,73.0,90.0,70.28258802861545,163,-17.0,96.0,-0.1,162.0,
2025-04-08 10:56:29,165.13,45.0,355.69,39.0,163.69,32.0,438.19,37.0,260.41,190.56,77.0,76.0,64.67379739894723,153,1.0,-10.0,0.01,167.0,1.0
2025-04-08 10:56:31,165.0,72.0,431.81,43.0,162.0,24.0,471.12,41.0,298.41,266.81,96.0,84.0,66.76807972377321,180,12.0,32.0,0.07,167.0,
2025-04-08 10:56:32,165.23,39.0,328.06,51.0,164.53,64.0,375.85,47.0,246.64,162.83,103.0,98.0,64.20126533021072,201,5.0,21.0,0.02,167.0,
2025-04-08 10:56:33,165.15,33.0,364.06,48.0,164.62,37.0,395.2,45.0,264.61,198.91,70.0,93.0,44.426995734577154,163,-23.0,-38.0,-0.14,165.33,3.0
2025-04-08 10:56:34,165.68,88.0,297.77,78.0,164.79,67.0,299.1,98.0,231.73,132.08999999999995,155.0,176.0,49.97626266539076,331,-21.0,168.0,-0.06,165.33,
2025-04-08 10:56:35,165.81,43.0,293.54,52.0,164.45,44.0,294.28,50.0,229.68,127.73000000000002,87.0,102.0,28.39971883663817,189,-15.0,-142.0,-0.08,165.4,5.0
2025-04-08 10:56:36,162.0,15.0,286.16,50.0,161.0,30.0,287.16,43.0,224.08,124.16000000000004,45.0,93.0,16.400898451002067,138,-48.0,-51.0,-0.35,165.4,
2025-04-08 10:56:37,164.12,34.0,280.29,35.0,161.17,24.0,280.98,49.0,222.2,116.17000000000002,58.0,84.0,17.30155917829594,142,-26.0,4.0,-0.18,165.0,4.0
2025-04-08 10:56:38,165.0,32.0,223.2,25.0,162.0,8.0,278.75,24.0,194.1,58.19999999999999,40.0,49.0,15.19005332446398,89,-9.0,-53.0,-0.1,165.0,
2025-04-08 10:56:39,165.0,50.0,183.53,38.0,162.0,16.0,186.42,48.0,174.26,18.53,66.0,86.0,23.759702860095828,152,-20.0,63.0,-0.13,165.0,1.0
2025-04-08 10:56:40,165.0,39.0,178.9,39.0,162.0,13.0,180.29,49.0,171.95,13.900000000000006,52.0,88.0,25.104187300130477,140,-36.0,-12.0,-0.26,165.0,
2025-04-08 10:56:41,165.58,55.0,176.66,59.0,163.44,25.0,178.28,58.0,171.12,11.079999999999984,80.0,117.0,21.966219064737093,197,-37.0,57.0,-0.19,165.0,
2025-04-08 10:56:42,167.0,68.0,174.45,47.0,165.0,51.0,175.62,64.0,170.72,7.449999999999989,119.0,111.0,9.972567372547909,230,8.0,33.0,0.03,165.0,
2025-04-08 10:56:43,167.0,24.0,170.04,25.0,165.0,24.0,171.04,25.0,168.52,3.039999999999992,48.0,50.0,2.0784802140028016,98,-2.0,-132.0,-0.02,167.0,2.0
2025-04-08 10:56:44,167.0,10.0,169.0,27.0,165.0,27.0,170.0,36.0,168.0,2.0,37.0,63.0,1.7136569084853854,100,-26.0,2.0,-0.26,167.0,1.0
2025-04-08 10:56:45,165.55,33.0,168.29,52.0,163.88,43.0,169.54,59.0,166.92,2.7399999999999807,76.0,111.0,1.802354016279412,187,-35.0,87.0,-0.19,167.0,1.0
2025-04-08 10:56:46,162.12,25.0,166.22,27.0,159.5,32.0,167.73,33.0,164.17,4.099999999999994,57.0,60.0,2.395115863585073,117,-3.0,-70.0,-0.03,163.0,6.0
2025-04-08 10:56:47,159.9,124.0,163.36,33.0,158.86,28.0,164.29,31.0,161.63,3.460000000000008,152.0,64.0,2.8951286672607006,216,88.0,99.0,0.41,163.0,
2025-04-08 10:56:48,159.81,81.0,161.23,26.0,158.78,23.0,328.64,33.0,160.52,1.4199999999999875,104.0,59.0,3.23940889669594,163,45.0,-53.0,0.28,160.5,6.0
2025-04-08 10:56:49,160.14,58.0,268.4,25.0,159.0,27.0,439.88,25.0,214.27,108.26,85.0,50.0,22.9233258930724,135,35.0,-28.0,0.26,160.0,5.0
2025-04-08 10:56:50,161.37,38.0,363.08,39.0,160.22,46.0,467.19,31.0,262.22,201.71,84.0,70.0,45.0362583925444,154,14.0,19.0,0.09,160.0,
2025-04-08 10:56:51,162.0,20.0,218.86,22.0,161.0,40.0,387.15,26.0,190.43,56.860000000000014,60.0,48.0,42.34849619526095,108,12.0,-46.0,0.11,160.0,
2025-04-08 10:56:52,162.2,40.0,183.0,14.0,161.14,56.0,458.64,42.0,172.6,20.80000000000001,96.0,56.0,40.23672538863014,152,40.0,44.0,0.26,160.0,
2025-04-08 10:56:53,167.38,26.0,182.38,13.0,166.0,13.0,372.92,39.0,174.88,15.0,39.0,52.0,37.10407187897356,91,-13.0,-61.0,-0.14,160.0,
2025-04-08 10:56:54,168.0,20.0,180.6,10.0,166.0,10.0,368.2,30.0,174.3,12.599999999999994,30.0,40.0,38.32235874786451,70,-10.0,-21.0,-0.14,160.0,
2025-04-08 10:56:55,168.0,12.0,179.5,6.0,166.0,6.0,306.75,12.0,173.75,11.5,18.0,18.0,7.447944011605216,36,0.0,-34.0,0.0,160.0,
2025-04-08 10:56:56,163.45,20.0,178.31,13.0,160.98,43.0,180.0,13.0,170.88,14.860000000000014,63.0,26.0,1.5845882746004596,89,37.0,53.0,0.42,165.2,5.0
2025-04-08 10:56:57,159.07,55.0,169.12,16.0,158.92,13.0,179.1,10.0,164.1,10.050000000000011,68.0,26.0,4.456390916425456,94,42.0,5.0,0.45,161.4,5.0
2025-04-08 10:56:58,161.78,23.0,176.82,11.0,158.93,43.0,180.0,11.0,169.3,15.039999999999992,66.0,22.0,4.109170232540633,88,44.0,-6.0,0.5,159.0,1.0
2025-04-08 10:56:59,167.0,7.0,175.86,7.0,159.0,35.0,180.0,7.0,171.43,8.860000000000014,42.0,14.0,3.609829635868897,56,28.0,-32.0,0.5,159.0,
2025-04-08 10:57:00,167.0,11.0,174.73,11.0,159.0,55.0,180.0,11.0,170.86,7.72999999999999,66.0,22.0,3.021006454808847,88,44.0,32.0,0.5,159.0,
2025-04-08 10:57:01,160.44,48.0,172.52,29.0,159.26,31.0,177.5,14.0,166.48,12.080000000000013,79.0,43.0,3.09083807404978,122,36.0,34.0,0.3,160.8,5.0
2025-04-08 10:57:02,165.2,20.0,169.12,32.0,161.94,17.0,171.96,23.0,167.16,3.920000000000016,37.0,55.0,2.189744277306473,92,-18.0,-30.0,-0.2,163.0,5.0
2025-04-08 10:57:03,167.78,18.0,171.0,15.0,165.0,9.0,172.0,30.0,169.39,3.219999999999999,27.0,45.0,2.1927220526086897,72,-18.0,-20.0,-0.25,167.0,2.0
2025-04-08 10:57:04,167.18,22.0,168.87,45.0,162.39,23.0,169.59,27.0,168.02,1.6899999999999975,45.0,72.0,1.760573770108958,117,-27.0,45.0,-0.23,168.0,2.0
2025-04-08 10:57:05,162.0,16.0,165.36,14.0,160.67,18.0,166.39,18.0,163.68,3.3600000000000136,34.0,32.0,2.124636439486528,66,2.0,-51.0,0.03,163.0,2.0
2025-04-08 10:57:06,159.68,19.0,160.79,29.0,154.41,17.0,162.5,24.0,160.24,1.1099999999999852,36.0,53.0,3.708843485507653,89,-17.0,23.0,-0.19,159.71,7.0
2025-04-08 10:57:07,123.64,25.0,157.91,11.0,93.64,25.0,167.89,19.0,140.77,34.27,50.0,30.0,11.565070254866011,80,20.0,-9.0,0.25,158.0,1.0
2025-04-08 10:57:09,145.5,10.0,239.9,10.0,102.56,18.0,599.15,26.0,192.7,94.4,28.0,36.0,23.41791023981396,64,-8.0,26.0,-0.12,155.0,2.0
2025-04-08 10:57:10,147.4,10.0,249.7,10.0,115.43,37.0,596.21,28.0,198.55,102.29999999999998,47.0,38.0,29.85540101891099,85,9.0,21.0,0.11,155.0,
2025-04-08 10:57:11,151.05,20.0,193.0,9.0,131.9,31.0,518.5,24.0,172.03,41.94999999999999,51.0,33.0,29.857770345422544,84,18.0,-1.0,0.21,155.0,
2025-04-08 10:57:12,160.25,8.0,172.33,12.0,151.6,20.0,205.0,12.0,166.29,12.080000000000013,28.0,24.0,26.14087469844878,52,4.0,-32.0,0.08,155.0,
2025-04-08 10:57:13,159.0,6.0,173.22,9.0,158.0,12.0,309.0,9.0,166.11,14.22,18.0,18.0,15.379183333324535,36,0.0,-16.0,0.0,155.0,
2025-04-08 10:57:14,160.25,20.0,164.0,24.0,158.14,14.0,219.47,17.0,162.12,3.75,34.0,41.0,14.70214270098072,75,-7.0,39.0,-0.09,160.5,2.0
2025-04-08 10:57:15,159.0,70.0,184.67,30.0,158.0,20.0,334.56,27.0,171.83,25.669999999999987,90.0,57.0,4.226568347962089,147,33.0,72.0,0.22,159.0,2.0
2025-04-08 10:57:16,159.0,15.0,171.0,20.0,158.0,8.0,237.0,12.0,165.0,12.0,23.0,32.0,3.527569985130492,55,-9.0,-92.0,-0.16,159.0,3.0
2025-04-08 10:57:17,158.14,28.0,169.9,52.0,138.14,72.0,252.59,49.0,164.02,11.76000000000002,100.0,101.0,3.667646384262399,201,-1.0,146.0,-0.0,159.0,
2025-04-08 10:57:18,158.92,12.0,169.0,24.0,154.43,14.0,334.0,16.0,163.96,10.080000000000013,26.0,40.0,3.749677319449313,66,-14.0,-135.0,-0.21,158.5,2.0
2025-04-08 10:57:19,160.21,38.0,169.0,30.0,159.54,26.0,407.08,26.0,164.61,8.789999999999992,64.0,56.0,3.3517055359910595,120,8.0,54.0,0.07,158.5,
2025-04-08 10:57:20,162.33,58.0,167.92,39.0,160.76,34.0,290.92,26.0,165.13,5.589999999999975,92.0,65.0,0.5411376904186866,157,27.0,37.0,0.17,158.5,
2025-04-08 10:57:21,163.0,105.0,167.0,51.0,160.24,82.0,296.06,47.0,165.0,4.0,187.0,98.0,0.5411376904186866,285,89.0,128.0,0.31,158.5,
2025-04-08 10:57:22,163.0,72.0,166.19,32.0,161.83,69.0,210.87,23.0,164.59,3.1899999999999977,141.0,55.0,0.4565851508665089,196,86.0,-89.0,0.44,158.5,
2025-04-08 10:57:23,162.86,65.0,164.16,38.0,161.86,87.0,278.59,34.0,163.51,1.299999999999983,152.0,72.0,0.6371969868036934,224,80.0,28.0,0.36,163.0,9.0
2025-04-08 10:57:24,162.0,91.0,369.91,56.0,160.0,90.0,459.0,54.0,265.96,207.91000000000005,181.0,110.0,45.35304697592006,291,71.0,67.0,0.24,162.0,4.0
2025-04-08 10:57:25,162.0,58.0,419.85,39.0,160.0,72.0,463.58,53.0,290.92,257.85,130.0,92.0,63.103003335816254,222,38.0,-69.0,0.17,162.0,2.0
2025-04-08 10:57:26,162.0,27.0,357.67,12.0,160.0,54.0,418.48,33.0,259.83,195.67,81.0,45.0,60.39080617113879,126,36.0,-96.0,0.29,162.0,
2025-04-08 10:57:27,162.0,27.0,237.44,36.0,160.0,54.0,282.93,30.0,199.72,75.44,81.0,66.0,52.56594591558362,147,15.0,21.0,0.1,162.0,
2025-04-08 10:57:28,162.0,30.0,245.0,40.0,160.0,60.0,275.56,41.0,203.5,83.0,90.0,81.0,40.420552692906966,171,9.0,24.0,0.05,162.0,
2025-04-08 10:57:29,162.0,21.0,245.0,28.0,160.0,42.0,291.0,28.0,203.5,83.0,63.0,56.0,41.56709491893867,119,7.0,-52.0,0.06,162.0,
2025-04-08 10:57:30,162.0,24.0,244.88,32.0,160.0,48.0,305.33,24.0,203.44,82.88,72.0,56.0,25.672557722206808,128,16.0,9.0,0.12,162.0,
2025-04-08 10:57:31,162.0,27.0,243.44,36.0,160.0,54.0,498.58,36.0,202.72,81.44,81.0,72.0,1.6303005857908577,153,9.0,25.0,0.06,162.0,
2025-04-08 10:57:32,164.14,21.0,241.64,56.0,160.57,44.0,523.18,61.0,202.89,77.5,65.0,117.0,0.3753664876232389,182,-52.0,29.0,-0.29,162.0,2.0
2025-04-08 10:57:33,167.0,18.0,239.0,36.0,165.0,9.0,281.0,9.0,203.0,72.0,27.0,45.0,0.3440930107260457,72,-18.0,-110.0,-0.25,162.0,
2025-04-08 10:57:34,167.0,24.0,238.17,48.0,165.0,12.0,463.0,40.0,202.58,71.16999999999999,36.0,88.0,0.3290592652248805,124,-52.0,52.0,-0.42,162.0,
2025-04-08 10:57:35,161.93,40.0,237.8,40.0,160.56,73.0,489.0,50.0,199.86,75.87,113.0,90.0,1.323442480816472,203,23.0,79.0,0.11,163.45,11.0
2025-04-08 10:57:36,161.0,70.0,236.0,56.0,160.0,84.0,369.71,34.0,198.5,75.0,154.0,90.0,2.058416867407792,244,64.0,41.0,0.26,163.45,
2025-04-08 10:57:37,161.0,75.0,190.32,34.0,160.0,90.0,197.02,59.0,175.66,29.319999999999997,165.0,93.0,11.479651562657471,258,72.0,14.0,0.28,163.45,
2025-04-08 10:57:38,161.0,60.0,187.88,56.0,160.0,72.0,190.82,28.0,174.44,26.879999999999995,132.0,84.0,13.921735523993371,216,48.0,-42.0,0.22,163.45,
2025-04-08 10:57:39,161.32,50.0,189.0,30.0,160.21,76.0,190.0,60.0,175.16,27.680000000000007,126.0,90.0,13.21233817308707,216,36.0,0.0,0.17,161.0,1.0
2025-04-08 10:57:40,162.82,22.0,187.23,65.0,160.87,46.0,189.0,13.0,175.02,24.41,68.0,78.0,10.487224609018767,146,-10.0,-70.0,-0.07,165.0,1.0
2025-04-08 10:57:41,161.91,23.0,187.0,55.0,160.96,27.0,189.0,11.0,174.46,25.090000000000003,50.0,66.0,0.5131471523881848,116,-16.0,-30.0,-0.14,165.0,
2025-04-08 10:57:42,160.89,37.0,182.0,47.0,159.48,46.0,185.46,26.0,171.45,21.110000000000014,83.0,73.0,1.519664436644921,156,10.0,40.0,0.06,162.5,6.0
2025-04-08 10:57:43,159.08,77.0,160.78,27.0,158.53,68.0,161.64,28.0,159.93,1.6999999999999886,145.0,55.0,6.480295517952904,200,90.0,44.0,0.45,160.57,7.0
2025-04-08 10:57:44,159.0,66.0,360.12,17.0,158.0,40.0,483.69,29.0,259.56,201.12,106.0,46.0,40.41793450932416,152,60.0,-48.0,0.39,159.0,1.0
2025-04-08 10:57:45,159.0,36.0,395.0,9.0,105.24,34.0,448.33,12.0,277.0,236.0,70.0,21.0,55.20380557534088,91,49.0,-61.0,0.54,159.0,
2025-04-08 10:57:46,159.74,31.0,320.33,15.0,157.0,60.0,368.21,39.0,240.04,160.58999999999995,91.0,54.0,52.84024630904032,145,37.0,54.0,0.26,159.43,7.0
2025-04-08 10:57:47,159.79,14.0,290.05,42.0,156.25,24.0,293.35,17.0,224.92,130.26000000000002,38.0,59.0,44.98051244705932,97,-21.0,-48.0,-0.22,158.5,4.0
2025-04-08 10:57:48,166.97,129.0,286.74,82.0,162.71,17.0,290.35,37.0,226.86,119.77,146.0,119.0,22.307937600775,265,27.0,168.0,0.1,158.5,
2025-04-08 10:57:49,167.0,42.0,283.0,55.0,164.41,17.0,439.36,22.0,225.0,116.0,59.0,77.0,22.284687119187137,136,-18.0,-129.0,-0.13,167.0,7.0
2025-04-08 10:57:50,167.0,9.0,282.11,45.0,166.0,36.0,495.0,18.0,224.56,115.11,45.0,63.0,6.637023429223047,108,-18.0,-28.0,-0.17,167.0,
2025-04-08 10:57:51,167.0,7.0,281.43,35.0,163.0,7.0,495.0,14.0,224.21,114.43,14.0,49.0,1.027521289342889,63,-35.0,-45.0,-0.56,167.0,
2025-04-08 10:57:52,128.54,26.0,262.75,44.0,103.36,22.0,385.23,26.0,195.64,134.21,48.0,70.0,13.24013141928916,118,-22.0,55.0,-0.19,162.67,3.0
2025-04-08 10:57:53,123.17,48.0,158.0,60.0,91.92,49.0,234.88,17.0,140.58,34.83,97.0,77.0,36.55168833309937,174,20.0,56.0,0.11,162.67,
2025-04-08 10:57:54,119.74,54.0,156.17,53.0,100.56,45.0,157.39,46.0,137.96,36.42999999999999,99.0,99.0,43.01361644874814,198,0.0,24.0,0.0,162.67,
2025-04-08 10:57:59,118.33,36.0,156.0,10.0,102.09,44.0,158.0,50.0,137.17,37.67,80.0,60.0,7.298350498569206,140,20.0,28.0,0.14,162.67,
2025-04-08 10:58:01,147.8,44.0,158.0,20.0,110.75,36.0,275.9,29.0,152.9,10.199999999999989,80.0,49.0,12.408871020361689,129,31.0,57.0,0.24,162.67,
2025-04-08 10:58:02,126.65,46.0,158.0,20.0,116.18,38.0,256.91,22.0,142.33,31.349999999999994,84.0,42.0,12.531187892613138,126,42.0,-3.0,0.33,157.0,5.0
2025-04-08 10:58:03,127.75,32.0,158.0,24.0,121.68,22.0,275.6,30.0,142.88,30.25,54.0,54.0,7.089842734502516,108,0.0,-18.0,0.0,157.0,
2025-04-08 10:58:04,125.06,54.0,157.18,34.0,124.58,38.0,333.88,33.0,141.12,32.120000000000005,92.0,67.0,6.631848912632036,159,25.0,51.0,0.16,157.0,
2025-04-08 10:58:05,127.0,13.0,153.74,46.0,125.03,71.0,154.68,47.0,140.37,26.74000000000001,84.0,93.0,5.115970093733894,177,-9.0,18.0,-0.05,157.0,
2025-04-08 10:58:06,131.55,71.0,153.31,64.0,129.24,50.0,161.42,83.0,142.43,21.75999999999999,121.0,147.0,1.0426073086152072,268,-26.0,91.0,-0.1,153.56,9.0
2025-04-08 10:58:07,143.04,76.0,154.16,50.0,141.07,43.0,168.43,28.0,148.6,11.120000000000005,119.0,78.0,3.244942218280451,197,41.0,-71.0,0.21,153.56,
2025-04-08 10:58:08,147.18,11.0,154.0,27.0,145.77,31.0,158.0,18.0,150.59,6.819999999999993,42.0,45.0,4.652684171527239,87,-3.0,-110.0,-0.03,154.0,1.0
2025-04-08 10:58:09,148.0,12.0,154.0,27.0,146.0,36.0,157.89,35.0,151.0,6.0,48.0,62.0,4.885741499504626,110,-14.0,23.0,-0.13,154.0,1.0
2025-04-08 10:58:10,148.76,17.0,152.67,18.0,145.78,27.0,155.5,12.0,150.72,3.9099999999999966,44.0,30.0,3.6145635974462342,74,14.0,-36.0,0.19,150.0,3.0
2025-04-08 10:58:11,149.0,11.0,155.86,44.0,134.7,27.0,161.2,50.0,152.43,6.860000000000014,38.0,94.0,1.3693319539049698,132,-56.0,58.0,-0.42,154.8,5.0
2025-04-08 10:58:12,150.98,43.0,156.0,35.0,138.22,9.0,158.0,40.0,153.49,5.02000000000001,52.0,75.0,1.2653971708463805,127,-23.0,-5.0,-0.18,156.0,1.0
2025-04-08 10:58:13,152.0,90.0,156.0,46.0,150.0,15.0,158.0,75.0,154.0,4.0,105.0,121.0,1.4582078041166042,226,-16.0,99.0,-0.07,156.0,2.0
2025-04-08 10:58:14,155.07,176.0,157.68,38.0,153.66,77.0,320.96,52.0,156.38,2.6100000000000136,253.0,90.0,2.083969769451409,343,163.0,117.0,0.48,156.67,3.0
2025-04-08 10:58:15,156.91,120.0,340.67,43.0,156.3,108.0,476.23,44.0,248.79,183.76,228.0,87.0,42.38251962778996,315,141.0,-28.0,0.45,157.8,5.0
2025-04-08 10:58:16,162.0,12.0,231.0,12.0,157.0,102.0,234.33,21.0,196.5,69.0,114.0,33.0,41.60594152281627,147,81.0,-168.0,0.55,157.8,
2025-04-08 10:58:17,160.17,30.0,293.94,31.0,157.14,59.0,408.55,49.0,227.05,133.77,89.0,80.0,42.08147252651716,169,9.0,22.0,0.05,162.0,2.0
2025-04-08 10:58:18,159.88,48.0,405.23,44.0,159.37,111.0,442.7,20.0,282.55,245.35,159.0,64.0,48.3875524282851,223,95.0,54.0,0.43,162.0,
2025-04-08 10:58:19,162.17,12.0,282.0,24.0,160.58,72.0,407.39,28.0,222.08,119.83,84.0,52.0,32.25976332833286,136,32.0,-87.0,0.24,162.0,
2025-04-08 10:58:20,163.58,12.0,234.03,36.0,161.24,41.0,383.43,35.0,198.81,70.44999999999999,53.0,71.0,34.72069080534029,124,-18.0,-12.0,-0.15,162.0,
2025-04-08 10:58:21,164.42,12.0,376.0,53.0,161.0,72.0,446.56,36.0,270.21,211.58,84.0,89.0,35.03032115182579,173,-5.0,49.0,-0.03,162.0,
2025-04-08 10:58:22,161.52,31.0,270.38,13.0,160.31,78.0,296.31,13.0,215.95,108.86,109.0,26.0,36.39251159235992,135,83.0,-38.0,0.61,162.0,4.0
2025-04-08 10:58:23,165.0,24.0,269.8,10.0,161.0,30.0,368.3,10.0,217.4,104.8,54.0,20.0,26.823444036887597,74,34.0,-61.0,0.46,165.0,2.0
2025-04-08 10:58:24,165.89,45.0,269.0,12.0,162.93,29.0,491.88,24.0,217.44,103.11,74.0,36.0,27.02447538806332,110,38.0,36.0,0.35,165.0,
2025-04-08 10:58:25,168.0,60.0,269.0,12.0,165.0,24.0,382.0,26.0,218.5,101.0,84.0,38.0,23.66939057094718,122,46.0,12.0,0.38,165.0,
2025-04-08 10:58:26,168.0,70.0,250.62,42.0,165.0,28.0,269.46,28.0,209.31,82.62,98.0,70.0,3.696288679206832,168,28.0,46.0,0.17,165.0,
2025-04-08 10:58:27,167.33,45.0,194.14,21.0,163.5,26.0,240.73,45.0,180.74,26.80999999999997,71.0,66.0,16.048745122283734,137,5.0,-31.0,0.04,168.0,5.0
2025-04-08 10:58:28,165.26,27.0,196.61,23.0,162.19,32.0,197.94,32.0,180.93,31.350000000000023,59.0,55.0,19.09263549120496,114,4.0,-23.0,0.04,168.0,
2025-04-08 10:58:29,166.0,42.0,195.0,24.0,165.0,12.0,196.0,6.0,180.5,29.0,54.0,30.0,18.463128933092914,84,24.0,-30.0,0.29,168.0,
2025-04-08 10:58:30,166.0,28.0,194.8,10.0,165.0,8.0,195.2,10.0,180.4,28.80000000000001,36.0,20.0,12.8221655737245,56,16.0,-28.0,0.29,168.0,
2025-04-08 10:58:31,166.0,56.0,192.0,8.0,165.0,16.0,194.74,23.0,179.0,26.0,72.0,31.0,0.7631382574606635,103,41.0,47.0,0.4,168.0,
2025-04-08 10:58:32,165.97,65.0,188.76,34.0,164.67,27.0,189.79,19.0,177.37,22.789999999999992,92.0,53.0,1.4614889667730817,145,39.0,42.0,0.27,166.0,3.0
2025-04-08 10:58:33,165.64,28.0,185.05,41.0,163.65,37.0,185.0,29.0,175.35,19.410000000000025,65.0,70.0,2.182688708908891,135,-5.0,-10.0,-0.04,166.0,
2025-04-08 10:58:34,165.12,16.0,181.38,8.0,163.08,51.0,183.41,17.0,173.25,16.25999999999999,67.0,25.0,2.848443434579131,92,42.0,-43.0,0.46,166.0,2.0
2025-04-08 10:58:35,163.01,70.0,180.03,33.0,162.08,49.0,181.6,15.0,171.52,17.02000000000001,119.0,48.0,3.0194486251624224,167,71.0,75.0,0.43,163.4,10.0
2025-04-08 10:58:36,165.0,30.0,177.49,39.0,161.66,29.0,178.37,27.0,171.24,12.490000000000007,59.0,66.0,2.60707307147188,125,-7.0,-42.0,-0.06,163.4,
2025-04-08 10:58:37,167.0,39.0,174.6,40.0,163.0,26.0,175.57,37.0,170.8,7.599999999999994,65.0,77.0,1.877490346178275,142,-12.0,17.0,-0.08,163.4,
2025-04-08 10:58:38,167.0,39.0,172.4,25.0,163.92,26.0,172.81,26.0,169.7,5.400000000000006,65.0,51.0,1.2907827082788352,116,14.0,-26.0,0.12,163.4,
2025-04-08 10:58:39,167.0,34.0,168.04,25.0,166.0,26.0,169.2,15.0,167.52,1.039999999999992,60.0,40.0,1.6283979857487696,100,20.0,-16.0,0.2,167.0,1.0
2025-04-08 10:58:40,166.09,22.0,168.03,30.0,163.21,28.0,197.83,12.0,167.06,1.9399999999999975,50.0,42.0,1.8942755871282,92,8.0,-8.0,0.09,167.0,2.0
2025-04-08 10:58:41,165.45,22.0,167.5,18.0,162.94,48.0,339.33,12.0,166.48,2.050000000000012,70.0,30.0,1.8484912766873145,100,40.0,8.0,0.4,166.0,6.0
2025-04-08 10:58:42,163.0,44.0,198.33,12.0,162.0,33.0,364.1,20.0,180.67,35.33000000000001,77.0,32.0,5.931153344838637,109,45.0,9.0,0.41,164.0,1.0
2025-04-08 10:58:43,163.0,30.0,376.6,15.0,162.0,27.0,513.67,18.0,269.8,213.6,57.0,33.0,44.83136491341755,90,24.0,-19.0,0.27,163.0,2.0
2025-04-08 10:58:45,161.0,11.0,455.33,15.0,160.0,22.0,551.89,18.0,308.17,294.33,33.0,33.0,71.96729375209304,66,0.0,-28.0,0.0,163.0,
2025-04-08 10:58:46,161.0,8.0,366.38,16.0,159.0,64.0,503.22,18.0,263.69,205.38,72.0,34.0,55.12994132048448,106,38.0,40.0,0.36,163.0,
2025-04-08 10:58:47,159.33,42.0,425.14,21.0,158.64,45.0,620.62,13.0,292.24,265.80999999999995,87.0,34.0,24.71142792313057,121,53.0,15.0,0.44,160.0,2.0
2025-04-08 10:58:48,160.0,26.0,292.74,23.0,159.0,56.0,673.29,17.0,226.37,132.74,82.0,40.0,38.09802448946759,122,42.0,1.0,0.34,160.0,1.0
2025-04-08 10:58:49,159.0,70.0,257.69,35.0,158.0,40.0,376.78,27.0,208.34,98.69,110.0,62.0,42.34628637791111,172,48.0,50.0,0.28,160.0,3.0
2025-04-08 10:58:50,159.0,63.0,173.11,45.0,158.0,36.0,236.73,22.0,166.06,14.110000000000014,99.0,67.0,48.9144963175544,166,32.0,-6.0,0.19,160.0,
2025-04-08 10:58:51,159.0,63.0,173.0,50.0,158.0,40.0,312.12,34.0,166.0,14.0,103.0,84.0,52.16473348920736,187,19.0,21.0,0.1,159.0,1.0
2025-04-08 10:58:52,161.18,33.0,173.0,35.0,159.0,26.0,331.14,35.0,167.09,11.819999999999991,59.0,70.0,28.64011295368816,129,-11.0,-58.0,-0.09,159.0,
2025-04-08 10:58:53,167.0,33.0,171.55,55.0,163.0,22.0,302.0,55.0,169.27,4.550000000000011,55.0,110.0,18.48824410267264,165,-55.0,36.0,-0.33,159.0,
2025-04-08 10:58:54,167.0,18.0,170.0,30.0,163.0,12.0,330.6,20.0,168.5,3.0,30.0,50.0,1.462644864622023,80,-20.0,-85.0,-0.25,159.0,
2025-04-08 10:58:55,167.0,27.0,170.0,45.0,163.0,18.0,351.74,23.0,168.5,3.0,45.0,68.0,1.309492268020484,113,-23.0,33.0,-0.2,159.0,
2025-04-08 10:58:56,164.5,16.0,169.5,60.0,161.06,124.0,456.83,24.0,167.0,5.0,140.0,84.0,0.9893280547955468,224,56.0,111.0,0.25,166.0,4.0
2025-04-08 10:58:57,161.08,100.0,168.04,56.0,160.0,96.0,279.9,51.0,164.56,6.95999999999998,196.0,107.0,1.871144035077283,303,89.0,79.0,0.29,163.0,1.0
2025-04-08 10:58:58,161.0,60.0,165.6,25.0,159.0,30.0,167.0,15.0,163.3,4.599999999999994,90.0,40.0,2.3543406720363764,130,50.0,-168.0,0.38,163.0,
2025-04-08 10:58:59,161.0,74.0,164.22,27.0,159.0,42.0,165.62,29.0,162.61,3.219999999999999,116.0,56.0,2.4928658206979657,172,60.0,42.0,0.35,161.0,2.0
2025-04-08 10:59:00,160.76,51.0,162.0,27.0,158.91,46.0,243.31,39.0,161.38,1.240000000000009,97.0,66.0,2.141004437175109,163,31.0,-9.0,0.19,160.54,13.0
2025-04-08 10:59:01,159.67,45.0,161.84,25.0,158.64,28.0,339.34,47.0,160.75,2.170000000000016,73.0,72.0,1.517448516425812,145,1.0,-18.0,0.01,160.54,
2025-04-08 10:59:02,160.0,38.0,161.0,9.0,159.0,27.0,162.0,27.0,160.5,1.0,65.0,36.0,1.207547100531697,101,29.0,-44.0,0.29,160.0,1.0
2025-04-08 10:59:03,160.3,27.0,161.95,22.0,159.25,24.0,386.82,17.0,161.13,1.6499999999999773,51.0,39.0,0.8201402319129812,90,12.0,-11.0,0.13,160.0,1.0
2025-04-08 10:59:04,162.8,20.0,314.96,25.0,160.5,12.0,415.29,31.0,238.88,152.15999999999997,32.0,56.0,34.85747509502101,88,-24.0,-2.0,-0.27,161.0,3.0
2025-04-08 10:59:05,163.0,9.0,177.25,8.0,161.0,3.0,285.78,9.0,170.12,14.25,12.0,17.0,34.11926625823028,29,-5.0,-59.0,-0.17,161.0,
2025-04-08 10:59:06,163.29,35.0,175.58,36.0,161.31,13.0,305.5,28.0,169.43,12.29000000000002,48.0,64.0,33.21340045824895,112,-16.0,83.0,-0.14,163.0,1.0
2025-04-08 10:59:07,165.0,31.0,174.71,21.0,163.0,26.0,318.57,7.0,169.86,9.710000000000008,57.0,28.0,32.08326245879637,85,29.0,-27.0,0.34,165.0,4.0
2025-04-08 10:59:08,165.3,10.0,173.4,30.0,163.22,27.0,200.1,42.0,169.35,8.099999999999994,37.0,72.0,30.94431240147393,109,-35.0,24.0,-0.32,165.0,
2025-04-08 10:59:09,166.0,6.0,172.0,18.0,165.0,6.0,221.26,27.0,169.0,6.0,12.0,45.0,0.4409875281763459,57,-33.0,-52.0,-0.58,165.0,
2025-04-08 10:59:10,166.98,45.0,171.9,30.0,165.0,10.0,367.0,44.0,169.44,4.920000000000016,55.0,74.0,0.3063168294544397,129,-19.0,72.0,-0.15,165.0,
2025-04-08 10:59:11,167.0,83.0,170.33,45.0,165.73,33.0,330.08,37.0,168.67,3.3300000000000125,116.0,82.0,0.4516968009704771,198,34.0,69.0,0.17,167.0,5.0
2025-04-08 10:59:12,167.0,24.0,169.0,30.0,166.0,40.0,186.0,10.0,168.0,2.0,64.0,40.0,0.5845254485536096,104,24.0,-94.0,0.23,167.0,1.0
2025-04-08 10:59:13,167.0,14.0,168.86,21.0,166.0,28.0,179.0,7.0,167.93,1.8600000000000136,42.0,28.0,0.6478965966932327,70,14.0,-34.0,0.2,167.0,
2025-04-08 10:59:14,166.17,24.0,235.13,23.0,165.62,13.0,281.47,19.0,200.65,68.96000000000001,37.0,42.0,14.386370980897484,79,-5.0,9.0,-0.06,167.0,2.0
2025-04-08 10:59:15,166.0,36.0,231.85,13.0,165.0,9.0,236.24,41.0,198.92,65.85,45.0,54.0,17.313036417682817,99,-9.0,20.0,-0.09,167.0,
2025-04-08 10:59:16,165.97,33.0,185.33,9.0,164.6,10.0,281.38,29.0,175.65,19.360000000000014,43.0,38.0,16.34114286088987,81,5.0,-18.0,0.06,166.0,4.0
2025-04-08 10:59:17,162.35,17.0,175.12,17.0,161.5,22.0,240.49,37.0,168.74,12.77000000000001,39.0,54.0,16.182625559531804,93,-15.0,12.0,-0.16,162.62,8.0
2025-04-08 10:59:18,161.0,35.0,176.45,11.0,160.0,33.0,281.63,35.0,168.73,15.449999999999989,68.0,46.0,16.00706625212791,114,22.0,21.0,0.19,162.62,
2025-04-08 10:59:19,161.0,72.0,214.61,31.0,160.0,27.0,258.85,33.0,187.81,53.610000000000014,99.0,64.0,13.149914448391332,163,35.0,49.0,0.21,162.62,
2025-04-08 10:59:20,165.67,36.0,210.5,24.0,160.95,59.0,213.0,40.0,188.08,44.83000000000001,95.0,64.0,9.680514965641567,159,31.0,-4.0,0.19,162.62,
2025-04-08 10:59:21,167.0,28.0,208.43,21.0,161.0,56.0,213.0,35.0,187.71,41.43000000000001,84.0,56.0,10.479719939006552,140,28.0,-19.0,0.2,162.62,
2025-04-08 10:59:22,167.0,28.0,208.0,28.0,162.37,51.0,212.45,29.0,187.5,41.0,79.0,57.0,8.519737672018614,136,22.0,-4.0,0.16,167.0,2.0
2025-04-08 10:59:23,167.0,24.0,207.67,36.0,163.0,60.0,213.0,60.0,187.33,40.66999999999999,84.0,96.0,0.2883227358612999,180,-12.0,44.0,-0.07,167.0,
2025-04-08 10:59:24,167.0,18.0,206.44,27.0,163.65,37.0,213.0,45.0,186.72,39.44,55.0,72.0,0.5031600143239326,127,-17.0,-53.0,-0.13,167.0,
2025-04-08 10:59:25,167.0,24.0,205.75,36.0,165.0,36.0,429.75,40.0,186.38,38.75,60.0,76.0,0.5576468416608522,136,-16.0,9.0,-0.12,167.0,
2025-04-08 10:59:26,167.0,16.0,204.0,30.0,165.0,30.0,508.38,24.0,185.5,37.0,46.0,54.0,0.8029196722052203,100,-8.0,-36.0,-0.08,167.0,1.0
2025-04-08 10:59:27,165.8,10.0,203.6,30.0,163.21,114.0,385.81,21.0,184.7,37.79999999999998,124.0,51.0,1.0358957476570283,175,73.0,75.0,0.42,165.67,3.0
2025-04-08 10:59:28,165.0,4.0,203.0,12.0,163.0,68.0,444.0,12.0,184.0,38.0,72.0,24.0,1.1341075786774502,96,48.0,-79.0,0.5,165.67,
2025-04-08 10:59:29,165.0,12.0,202.46,35.0,163.0,204.0,392.13,30.0,183.73,37.46000000000001,216.0,65.0,1.091109527047311,281,151.0,168.0,0.54,165.67,
2025-04-08 10:59:30,165.0,13.0,201.0,26.0,163.0,221.0,202.0,39.0,183.0,36.0,234.0,65.0,0.9539287185178812,299,169.0,18.0,0.57,165.67,
2025-04-08 10:59:31,163.01,161.0,199.35,40.0,161.72,47.0,201.11,27.0,181.18,36.34,208.0,67.0,1.343212566950181,275,141.0,-24.0,0.51,164.0,2.0
2025-04-08 10:59:32,163.0,160.0,197.71,42.0,161.0,29.0,198.44,34.0,180.36,34.71000000000001,189.0,76.0,1.606573994565031,265,113.0,-10.0,0.43,164.0,
2025-04-08 10:59:33,163.91,88.0,193.0,39.0,162.91,134.0,195.0,32.0,178.45,29.090000000000003,222.0,71.0,2.1098412262567043,293,151.0,28.0,0.52,164.0,
2025-04-08 10:59:34,165.0,49.0,189.5,42.0,163.0,224.0,191.27,49.0,177.25,24.5,273.0,91.0,2.2624919889387725,364,182.0,71.0,0.5,165.0,3.0
2025-04-08 10:59:35,163.05,86.0,186.94,32.0,162.14,28.0,188.06,17.0,174.99,23.889999999999983,114.0,49.0,2.475506008882175,163,65.0,-168.0,0.4,164.0,4.0
2025-04-08 10:59:36,163.0,152.0,180.03,38.0,161.0,30.0,181.32,38.0,171.51,17.03,182.0,76.0,3.4074946808485667,258,106.0,95.0,0.41,163.0,9.0
2025-04-08 10:59:37,163.0,48.0,175.16,19.0,161.0,16.0,176.31,35.0,169.08,12.159999999999997,64.0,54.0,3.9186706929787465,118,10.0,-140.0,0.08,163.0,
2025-04-08 10:59:38,163.0,52.0,169.46,37.0,161.0,36.0,172.48,54.0,166.23,6.460000000000008,88.0,91.0,4.426773091091291,179,-3.0,61.0,-0.02,163.0,4.0
2025-04-08 10:59:39,163.0,13.0,166.5,28.0,161.0,26.0,169.88,34.0,164.75,3.5,39.0,62.0,4.1059493421143545,101,-23.0,-78.0,-0.23,164.5,4.0
2025-04-08 10:59:40,163.0,7.0,170.56,27.0,161.0,14.0,174.45,29.0,166.78,7.560000000000002,21.0,56.0,2.6516881415447124,77,-35.0,-24.0,-0.45,164.5,
2025-04-08 10:59:41,161.82,17.0,169.11,45.0,160.91,22.0,171.0,27.0,165.47,7.29000000000002,39.0,72.0,1.652564673472286,111,-33.0,34.0,-0.3,163.0,1.0
2025-04-08 10:59:42,162.0,16.0,169.0,40.0,161.0,16.0,171.0,24.0,165.5,7.0,32.0,64.0,0.7797627844469,96,-32.0,-15.0,-0.33,163.0,
2025-04-08 10:59:43,163.0,20.0,169.0,50.0,161.0,20.0,171.0,30.0,166.0,6.0,40.0,80.0,0.7502999400295699,120,-40.0,24.0,-0.33,163.0,
2025-04-08 10:59:44,164.55,22.0,168.82,49.0,161.36,22.0,170.23,39.0,166.68,4.269999999999982,44.0,88.0,0.6254438424098883,132,-44.0,12.0,-0.33,163.0,
2025-04-08 10:59:45,165.83,12.0,168.0,18.0,161.0,12.0,254.0,12.0,166.92,2.1699999999999875,24.0,30.0,0.6660930865940933,54,-6.0,-78.0,-0.11,163.0,
2025-04-08 10:59:46,160.0,40.0,167.5,28.0,159.0,20.0,241.57,21.0,163.75,7.5,60.0,49.0,1.2606347607488768,109,11.0,55.0,0.1,162.8,5.0
2025-04-08 10:59:47,160.0,36.0,164.31,13.0,159.0,18.0,165.52,23.0,162.15,4.310000000000002,54.0,36.0,2.0702536076549327,90,18.0,-19.0,0.2,162.8,
2025-04-08 10:59:48,160.0,28.0,162.0,21.0,158.0,43.0,162.76,17.0,161.0,2.0,71.0,38.0,2.6525365218990107,109,33.0,19.0,0.3,162.8,
2025-04-08 10:59:49,160.0,11.0,161.69,13.0,158.0,77.0,163.54,13.0,160.85,1.6899999999999975,88.0,26.0,2.512574377010146,114,62.0,5.0,0.54,160.88,8.0
2025-04-08 10:59:50,159.5,12.0,163.0,10.0,157.95,66.0,420.74,19.0,161.25,3.5,78.0,29.0,1.2010412149496803,107,49.0,-7.0,0.46,158.83,6.0
2025-04-08 10:59:51,157.44,27.0,161.22,9.0,144.18,22.0,418.88,17.0,159.33,3.780000000000001,49.0,26.0,1.0199411747780849,75,23.0,-32.0,0.31,158.5,4.0
2025-04-08 10:59:52,136.38,24.0,420.85,13.0,133.67,15.0,555.0,10.0,278.61,284.47,39.0,23.0,52.777669709830974,62,16.0,-13.0,0.26,154.33,6.0
2025-04-08 10:59:56,127.97,36.0,153.0,11.0,96.83,23.0,287.7,37.0,140.49,25.03,59.0,48.0,66.48978116974072,107,11.0,42.0,0.1,154.33,
2025-04-08 10:59:57,118.82,11.0,153.0,5.0,84.71,14.0,204.21,19.0,135.91,34.18000000000001,25.0,24.0,6.813405903071108,49,1.0,-58.0,0.02,154.33,
2025-04-08 10:59:59,122.22,45.0,153.0,9.0,107.26,31.0,154.0,45.0,137.61,30.78,76.0,54.0,7.650445738648472,130,22.0,-56.0,0.17,154.33,
2025-04-08 11:00:01,135.29,7.0,154.0,14.0,132.95,19.0,155.0,45.0,144.64,18.710000000000008,26.0,59.0,8.700955694635198,85,-33.0,-72.0,-0.39,154.33,
2025-04-08 11:00:02,137.88,16.0,154.0,24.0,136.19,32.0,155.0,84.0,145.94,16.120000000000005,48.0,108.0,10.155227717781862,156,-60.0,71.0,-0.38,154.33,
2025-04-08 11:00:03,142.92,25.0,154.0,18.0,140.53,17.0,155.0,63.0,148.46,11.080000000000013,42.0,81.0,6.315344804522252,123,-39.0,-33.0,-0.32,154.33,
2025-04-08 11:00:04,145.5,20.0,154.0,20.0,144.71,28.0,155.0,70.0,149.75,8.5,48.0,90.0,6.541955365179958,138,-42.0,15.0,-0.3,154.33,
2025-04-08 11:00:05,147.69,13.0,154.5,48.0,146.06,31.0,198.76,25.0,151.1,6.810000000000002,44.0,73.0,2.6652804730473894,117,-29.0,-21.0,-0.25,153.86,7.0
2025-04-08 11:00:06,149.92,36.0,154.51,41.0,148.0,12.0,239.75,40.0,152.21,4.590000000000003,48.0,81.0,2.435235101588359,129,-33.0,12.0,-0.26,154.33,6.0
2025-04-08 11:00:07,150.45,31.0,155.65,17.0,149.62,26.0,349.02,45.0,153.05,5.200000000000017,57.0,62.0,1.8475470224079316,119,-5.0,-10.0,-0.04,155.0,3.0
2025-04-08 11:00:08,160.18,28.0,358.04,27.0,157.8,54.0,299.24,25.0,259.11,197.86,82.0,52.0,48.12827007071847,134,30.0,15.0,0.22,157.5,4.0
2025-04-08 11:00:09,165.0,20.0,276.09,22.0,160.5,18.0,403.88,24.0,220.55,111.08999999999996,38.0,46.0,49.94247470840846,84,-8.0,-50.0,-0.1,157.5,
2025-04-08 11:00:10,165.27,11.0,401.14,7.0,163.4,10.0,404.0,21.0,283.21,235.87,21.0,28.0,60.0000956665906,49,-7.0,-35.0,-0.14,157.5,
2025-04-08 11:00:11,162.64,11.0,400.18,11.0,160.38,78.0,404.0,33.0,281.41,237.54,89.0,44.0,54.507484623673776,133,45.0,84.0,0.34,165.67,3.0
2025-04-08 11:00:12,161.0,11.0,277.26,23.0,160.0,99.0,400.33,27.0,219.13,116.26,110.0,50.0,31.45146292305077,160,60.0,27.0,0.38,165.67,
2025-04-08 11:00:13,161.0,5.0,212.0,25.0,160.0,45.0,319.71,7.0,186.5,51.0,50.0,32.0,42.54724902975554,82,18.0,-78.0,0.22,165.67,
2025-04-08 11:00:14,160.12,34.0,228.63,35.0,159.44,50.0,356.31,13.0,194.37,68.50999999999999,84.0,48.0,46.66756668179768,132,36.0,50.0,0.27,160.17,6.0
2025-04-08 11:00:15,160.0,35.0,387.47,17.0,158.0,22.0,389.22,27.0,273.74,227.47000000000003,57.0,44.0,44.245833137144494,101,13.0,-31.0,0.13,160.0,3.0
2025-04-08 11:00:16,158.13,15.0,384.58,60.0,157.06,35.0,386.0,12.0,271.36,226.45,50.0,72.0,41.52992595707381,122,-22.0,21.0,-0.18,159.0,2.0
2025-04-08 11:00:17,157.21,19.0,382.17,30.0,105.52,23.0,386.0,6.0,269.69,224.96,42.0,36.0,44.56431610605098,78,6.0,-44.0,0.08,158.0,4.0
2025-04-08 11:00:18,160.0,77.0,351.85,26.0,157.0,33.0,366.53,34.0,255.92,191.85,110.0,60.0,33.51042867526522,170,50.0,92.0,0.29,158.0,
2025-04-08 11:00:19,163.67,36.0,215.87,45.0,159.78,83.0,218.94,34.0,189.77,52.20000000000002,119.0,79.0,35.52557712409521,198,40.0,28.0,0.2,158.0,
2025-04-08 11:00:20,166.0,24.0,195.74,19.0,160.17,59.0,197.0,46.0,180.87,29.74000000000001,83.0,65.0,44.51960096407011,148,18.0,-50.0,0.12,158.0,
2025-04-08 11:00:21,166.0,24.0,192.0,21.0,161.0,24.0,193.47,15.0,179.0,26.0,48.0,36.0,44.05348964611121,84,12.0,-64.0,0.14,158.0,
2025-04-08 11:00:22,163.1,42.0,179.55,31.0,160.58,33.0,184.4,30.0,171.32,16.450000000000017,75.0,61.0,34.47568607004105,136,14.0,52.0,0.1,164.33,3.0
2025-04-08 11:00:23,161.74,27.0,173.41,39.0,160.09,54.0,175.56,45.0,167.58,11.669999999999987,81.0,84.0,8.668077641554557,165,-3.0,29.0,-0.02,164.33,
2025-04-08 11:00:24,160.04,28.0,171.3,20.0,158.88,16.0,173.0,50.0,165.67,11.26000000000002,44.0,70.0,6.77867759965147,114,-26.0,-51.0,-0.23,160.2,5.0
2025-04-08 11:00:25,160.0,36.0,169.25,24.0,158.0,25.0,173.0,60.0,164.62,9.25,61.0,84.0,5.823162371084607,145,-23.0,31.0,-0.16,160.2,
2025-04-08 11:00:26,159.9,31.0,166.73,37.0,154.33,21.0,170.58,43.0,163.32,6.829999999999984,52.0,80.0,3.111851538877602,132,-28.0,-13.0,-0.21,160.25,8.0
2025-04-08 11:00:27,157.76,21.0,164.59,17.0,149.0,14.0,165.05,37.0,161.18,6.8300000000000125,35.0,54.0,2.412525647535045,89,-19.0,-43.0,-0.21,160.25,
2025-04-08 11:00:28,135.95,19.0,162.93,30.0,132.33,24.0,164.13,39.0,149.44,26.980000000000015,43.0,69.0,6.592479048128515,112,-26.0,23.0,-0.23,157.0,1.0
2025-04-08 11:00:29,124.04,25.0,160.11,28.0,113.37,27.0,162.42,33.0,142.07,36.07000000000001,52.0,61.0,9.89593755032904,113,-9.0,1.0,-0.08,157.0,
2025-04-08 11:00:30,148.22,46.0,157.58,64.0,137.09,35.0,158.03,32.0,152.9,9.360000000000014,81.0,96.0,8.696345209340048,177,-15.0,64.0,-0.08,157.0,
2025-04-08 11:00:31,149.75,65.0,154.09,22.0,139.26,46.0,156.29,56.0,151.92,4.340000000000003,111.0,78.0,6.873995926679842,189,33.0,12.0,0.17,154.0,1.0
2025-04-08 11:00:32,151.44,39.0,153.05,19.0,150.04,48.0,154.86,28.0,152.24,1.6100000000000136,87.0,47.0,4.4694384434748144,134,40.0,-55.0,0.3,151.67,3.0
2025-04-08 11:00:33,142.43,28.0,153.26,35.0,74.92,12.0,155.55,29.0,147.84,10.829999999999984,40.0,64.0,4.55050326887153,104,-24.0,-30.0,-0.23,152.5,6.0
2025-04-08 11:00:34,149.0,10.0,153.0,15.0,123.2,5.0,154.0,5.0,151.0,4.0,15.0,20.0,1.988567323479635,35,-5.0,-69.0,-0.14,152.5,
2025-04-08 11:00:36,165.0,40.0,204.38,13.0,136.6,10.0,226.89,18.0,184.69,39.38,50.0,31.0,19.57241119535382,81,19.0,29.0,0.23,152.5,
2025-04-08 11:00:37,165.0,20.0,206.0,5.0,161.0,5.0,209.0,10.0,185.5,41.0,25.0,15.0,24.2238886225976,40,10.0,-41.0,0.25,152.5,
2025-04-08 11:00:38,134.83,6.0,205.5,6.0,3.5,6.0,208.0,9.0,170.17,70.66999999999999,12.0,15.0,23.48103639109685,27,-3.0,-13.0,-0.11,161.0,1.0
2025-04-08 11:00:41,162.4,15.0,183.62,8.0,145.23,13.0,185.57,7.0,173.01,21.22,28.0,15.0,20.641674592920364,43,13.0,6.0,0.3,165.0,2.0
2025-04-08 11:00:42,165.0,18.0,180.64,11.0,160.0,36.0,181.69,13.0,172.82,15.639999999999986,54.0,24.0,17.75865000499794,78,30.0,35.0,0.38,165.0,
2025-04-08 11:00:43,161.67,12.0,175.25,12.0,128.75,16.0,178.27,11.0,168.46,13.580000000000013,28.0,23.0,17.539292174999918,51,5.0,-27.0,0.1,162.0,5.0
2025-04-08 11:00:44,160.0,11.0,168.42,12.0,94.7,23.0,169.62,13.0,164.21,8.419999999999987,34.0,25.0,7.745725918209038,59,9.0,8.0,0.15,162.0,
2025-04-08 11:00:45,160.0,12.0,167.0,12.0,104.67,18.0,169.0,12.0,163.5,7.0,30.0,24.0,4.537570936086369,54,6.0,-5.0,0.11,162.0,
2025-04-08 11:00:46,158.75,16.0,163.42,19.0,141.81,16.0,168.61,18.0,161.09,4.669999999999988,32.0,37.0,4.640175643228952,69,-5.0,15.0,-0.07,160.0,1.0
2025-04-08 11:00:47,158.0,9.0,164.8,10.0,141.9,21.0,169.71,17.0,161.4,6.800000000000011,30.0,27.0,2.9603496415144464,57,3.0,-12.0,0.05,160.0,
2025-04-08 11:00:48,142.67,12.0,162.29,14.0,134.29,21.0,163.62,13.0,152.48,19.620000000000005,33.0,27.0,4.696704163561303,60,6.0,3.0,0.1,158.0,1.0
2025-04-08 11:00:49,146.39,41.0,154.58,33.0,126.29,28.0,158.17,24.0,150.48,8.190000000000026,69.0,57.0,5.877040071329572,126,12.0,66.0,0.1,158.0,
2025-04-08 11:00:50,120.11,18.0,152.47,45.0,52.23,13.0,156.5,16.0,136.29,32.36,31.0,61.0,10.24362582292093,92,-30.0,-34.0,-0.33,148.43,7.0
2025-04-08 11:00:52,130.92,13.0,160.0,10.0,102.9,10.0,382.38,26.0,145.46,29.080000000000013,23.0,36.0,12.986249266051004,59,-13.0,-30.0,-0.22,148.43,
2025-04-08 11:00:53,161.27,30.0,294.73,33.0,143.58,12.0,327.91,23.0,228.0,133.46,42.0,56.0,41.70681802775193,98,-14.0,39.0,-0.14,160.0,1.0
2025-04-08 11:00:54,166.16,25.0,311.8,40.0,165.26,19.0,392.83,41.0,238.98,145.64,44.0,81.0,55.25534064685528,125,-37.0,27.0,-0.3,160.0,
2025-04-08 11:00:55,167.0,10.0,268.35,26.0,166.0,30.0,399.81,32.0,217.67,101.35000000000002,40.0,58.0,53.36354720218681,98,-18.0,-27.0,-0.18,160.0,
2025-04-08 11:00:56,165.0,12.0,241.7,30.0,161.75,8.0,280.61,18.0,203.35,76.69999999999999,20.0,48.0,36.6660233731451,68,-28.0,-30.0,-0.41,166.25,4.0
2025-04-08 11:00:57,159.86,29.0,248.92,37.0,159.15,13.0,250.9,41.0,204.39,89.05999999999997,42.0,78.0,15.32140235096076,120,-36.0,52.0,-0.3,161.33,3.0
2025-04-08 11:00:58,158.5,12.0,247.0,40.0,157.25,8.0,250.0,8.0,202.75,88.5,20.0,48.0,15.5577189844792,68,-28.0,-52.0,-0.41,159.0,3.0
2025-04-08 11:00:59,137.0,12.0,245.64,25.0,120.4,15.0,246.55,29.0,191.32,108.64,27.0,54.0,9.350592494597432,81,-27.0,13.0,-0.33,157.5,2.0
2025-04-08 11:01:00,116.0,28.0,174.15,26.0,99.0,24.0,184.42,36.0,145.08,58.150000000000006,52.0,62.0,25.32524175600338,114,-10.0,33.0,-0.09,157.5,
2025-04-08 11:01:08,154.8,35.0,262.9,40.0,110.89,45.0,510.88,48.0,208.85,108.09999999999997,80.0,88.0,36.44198169693853,168,-8.0,37.0,-0.05,157.0,6.0
2025-04-08 11:01:09,157.67,36.0,351.61,33.0,142.56,32.0,736.36,11.0,254.64,193.94000000000003,68.0,44.0,58.556646334980734,112,24.0,-56.0,0.21,157.0,
2025-04-08 11:01:10,159.0,32.0,286.59,17.0,157.75,32.0,288.27,37.0,222.79,127.58999999999996,64.0,54.0,56.49249127096468,118,10.0,6.0,0.08,157.0,
2025-04-08 11:01:11,163.03,78.0,281.81,16.0,162.23,104.0,286.18,44.0,222.42,118.78,182.0,60.0,45.55945181847592,242,122.0,124.0,0.5,164.0,4.0
2025-04-08 11:01:12,166.78,36.0,279.05,19.0,164.0,90.0,281.45,11.0,222.92,112.27,126.0,30.0,16.92966420222314,156,96.0,-86.0,0.62,167.0,1.0
2025-04-08 11:01:13,166.4,45.0,277.19,16.0,163.96,110.0,278.26,23.0,221.79,110.79,155.0,39.0,14.389074674906544,194,116.0,38.0,0.6,167.0,3.0
2025-04-08 11:01:14,164.0,50.0,208.35,17.0,162.0,22.0,243.86,14.0,186.18,44.35,72.0,31.0,16.23977678418119,103,41.0,-91.0,0.4,164.0,5.0
2025-04-08 11:01:15,164.0,28.0,191.56,9.0,162.0,14.0,192.83,12.0,177.78,27.56,42.0,21.0,22.32817771337433,63,21.0,-40.0,0.33,164.0,
2025-04-08 11:01:16,164.08,26.0,189.53,17.0,162.4,20.0,191.08,13.0,176.8,25.44999999999999,46.0,30.0,23.34987751573918,76,16.0,13.0,0.21,164.0,2.0
2025-04-08 11:01:17,165.0,12.0,185.07,14.0,164.0,24.0,188.57,14.0,175.04,20.069999999999997,36.0,28.0,19.63265697759777,64,8.0,-12.0,0.12,164.0,
2025-04-08 11:01:18,163.12,8.0,186.25,16.0,160.39,61.0,188.33,15.0,174.69,23.129999999999995,69.0,31.0,4.69229368220005,100,38.0,36.0,0.38,163.75,4.0
2025-04-08 11:01:19,162.71,17.0,183.57,14.0,160.07,57.0,185.0,14.0,173.14,20.859999999999985,74.0,28.0,1.825184922141724,102,46.0,2.0,0.45,163.75,
2025-04-08 11:01:20,163.09,32.0,179.5,24.0,162.0,12.0,180.75,24.0,171.3,16.409999999999997,44.0,48.0,2.0760009633940317,92,-4.0,-10.0,-0.04,163.0,5.0
2025-04-08 11:01:21,164.9,10.0,174.83,24.0,162.0,10.0,176.5,20.0,169.87,9.930000000000009,20.0,44.0,2.2101968238173595,64,-24.0,-28.0,-0.38,163.0,
2025-04-08 11:01:22,166.24,17.0,170.47,64.0,162.0,17.0,171.78,36.0,168.35,4.22999999999999,34.0,100.0,2.523915608734129,134,-66.0,70.0,-0.49,163.0,
2025-04-08 11:01:23,166.17,12.0,168.86,42.0,161.62,16.0,170.2,30.0,167.51,2.690000000000026,28.0,72.0,2.262925098188443,100,-44.0,-34.0,-0.44,167.0,1.0
2025-04-08 11:01:24,162.0,10.0,167.07,30.0,161.0,30.0,168.33,30.0,164.53,5.069999999999993,40.0,60.0,2.5643556695611465,100,-20.0,0.0,-0.2,167.0,
2025-04-08 11:01:25,161.59,22.0,164.11,37.0,160.5,78.0,164.77,52.0,162.85,2.5200000000000102,100.0,89.0,2.8691671265385725,189,11.0,89.0,0.06,162.0,1.0
2025-04-08 11:01:26,161.0,27.0,163.0,20.0,160.0,130.0,164.0,10.0,162.0,2.0,157.0,30.0,2.799753560585092,187,127.0,-2.0,0.68,161.0,1.0
2025-04-08 11:01:27,161.0,20.0,163.35,17.0,160.0,130.0,227.26,27.0,162.18,2.3499999999999943,150.0,44.0,2.294717847581354,194,106.0,7.0,0.55,161.0,
2025-04-08 11:01:28,160.11,56.0,162.58,26.0,159.42,110.0,163.25,20.0,161.34,2.469999999999999,166.0,46.0,1.2154628747962468,212,120.0,18.0,0.57,161.0,2.0
2025-04-08 11:01:29,160.0,71.0,161.14,7.0,158.0,56.0,162.33,9.0,160.57,1.1399999999999864,127.0,16.0,0.8675655594868011,143,111.0,-69.0,0.78,160.0,3.0
2025-04-08 11:01:30,160.0,54.0,161.0,6.0,158.0,48.0,162.0,6.0,160.5,1.0,102.0,12.0,0.7805895208158168,114,90.0,-29.0,0.79,160.0,
2025-04-08 11:01:31,160.0,86.0,232.1,20.0,158.0,88.0,375.16,38.0,196.05,72.1,174.0,58.0,15.623727788207598,232,116.0,118.0,0.5,160.0,2.0
2025-04-08 11:01:32,165.0,14.0,249.57,23.0,158.79,53.0,358.32,31.0,207.28,84.57,67.0,54.0,22.73269605656165,121,13.0,-111.0,0.11,160.0,
2025-04-08 11:01:33,165.0,20.0,237.8,20.0,159.43,56.0,303.1,40.0,201.4,72.80000000000001,76.0,60.0,22.827657567083325,136,16.0,15.0,0.12,160.0,
2025-04-08 11:01:34,163.14,49.0,204.63,38.0,160.43,47.0,243.25,16.0,183.89,41.49000000000001,96.0,54.0,18.52422818905064,150,42.0,14.0,0.28,162.4,5.0
2025-04-08 11:01:35,166.0,48.0,195.21,33.0,164.0,120.0,218.08,51.0,180.61,29.210000000000008,168.0,84.0,11.365589733930191,252,84.0,102.0,0.33,162.4,
2025-04-08 11:01:36,164.54,67.0,193.58,24.0,162.82,71.0,218.0,60.0,179.06,29.04000000000002,138.0,84.0,12.968641794730017,222,54.0,-30.0,0.24,165.14,7.0
2025-04-08 11:01:37,164.0,50.0,192.7,20.0,160.74,38.0,465.91,33.0,178.35,28.69999999999999,88.0,53.0,9.596862508133388,141,35.0,-81.0,0.25,164.0,4.0
2025-04-08 11:01:38,164.0,39.0,190.85,26.0,162.0,91.0,318.84,49.0,177.42,26.849999999999994,130.0,75.0,2.533619939930717,205,55.0,64.0,0.27,164.0,
2025-04-08 11:01:39,164.0,18.0,190.0,12.0,162.0,42.0,359.0,30.0,177.0,26.0,60.0,42.0,1.432120804965155,102,18.0,-103.0,0.18,164.0,
2025-04-08 11:01:40,164.0,21.0,189.44,9.0,162.0,49.0,274.5,20.0,176.72,25.44,70.0,29.0,0.9747307320556464,99,41.0,-3.0,0.41,164.0,
2025-04-08 11:01:41,162.57,21.0,188.2,15.0,161.65,51.0,189.5,12.0,175.39,25.629999999999995,72.0,27.0,1.080106476239009,99,45.0,0.0,0.45,163.2,5.0
2025-04-08 11:01:42,162.0,63.0,185.62,21.0,161.0,60.0,243.76,21.0,173.81,23.620000000000005,123.0,42.0,1.473081803571369,165,81.0,66.0,0.49,162.0,2.0
2025-04-08 11:01:43,163.32,38.0,175.0,8.0,161.84,25.0,177.0,8.0,169.16,11.680000000000009,63.0,16.0,3.198707551498323,79,47.0,-86.0,0.59,162.0,
2025-04-08 11:01:44,164.0,50.0,170.8,30.0,162.0,30.0,172.35,20.0,167.4,6.800000000000011,80.0,50.0,4.032434748388567,130,30.0,51.0,0.23,162.0,
2025-04-08 11:01:45,164.0,55.0,167.06,32.0,162.0,33.0,167.88,17.0,165.53,3.0600000000000023,88.0,49.0,4.203625815889263,137,39.0,7.0,0.28,162.0,
2025-04-08 11:01:46,163.12,41.0,165.74,46.0,161.75,63.0,241.78,27.0,164.43,2.6200000000000045,104.0,73.0,3.683942181958044,177,31.0,40.0,0.18,164.33,3.0
2025-04-08 11:01:47,162.1,20.0,165.0,28.0,161.18,22.0,354.71,7.0,163.55,2.9000000000000057,42.0,35.0,2.27117370537987,77,7.0,-100.0,0.09,162.67,3.0
2025-04-08 11:01:48,162.0,36.0,277.57,35.0,161.0,36.0,455.47,32.0,219.79,115.57,72.0,67.0,24.44337538066322,139,5.0,62.0,0.04,164.0,4.0
2025-04-08 11:01:49,163.14,28.0,335.61,36.0,161.67,36.0,353.18,28.0,249.38,172.47000000000003,64.0,64.0,39.79158302958075,128,0.0,-11.0,0.0,164.0,
2025-04-08 11:01:50,164.0,26.0,307.42,53.0,162.0,39.0,317.0,25.0,235.71,143.42000000000002,65.0,78.0,40.25886262675616,143,-13.0,15.0,-0.09,164.0,
2025-04-08 11:01:51,164.84,32.0,170.2,20.0,163.2,30.0,252.94,33.0,167.52,5.359999999999985,62.0,53.0,39.46614055111069,115,9.0,-28.0,0.08,164.75,4.0
2025-04-08 11:01:52,164.0,8.0,168.38,16.0,162.0,24.0,211.5,8.0,166.19,4.379999999999996,32.0,24.0,38.74745630360817,56,8.0,-59.0,0.14,164.75,
2025-04-08 11:01:53,162.24,17.0,168.0,14.0,161.15,41.0,465.57,7.0,165.12,5.759999999999991,58.0,21.0,42.061134435485926,79,37.0,23.0,0.47,164.0,1.0
2025-04-08 11:01:54,162.0,30.0,167.7,20.0,161.0,70.0,401.4,50.0,164.85,5.699999999999989,100.0,70.0,31.22872507804336,170,30.0,91.0,0.18,164.0,
2025-04-08 11:01:55,162.0,39.0,167.0,26.0,161.0,91.0,396.0,65.0,164.5,5.0,130.0,91.0,1.2278965754525062,221,39.0,51.0,0.18,164.0,
2025-04-08 11:01:56,161.11,55.0,215.81,21.0,160.13,105.0,380.15,41.0,188.46,54.69999999999999,160.0,62.0,10.436950225042263,222,98.0,1.0,0.44,162.8,5.0
2025-04-08 11:01:57,163.1,31.0,226.75,60.0,160.2,90.0,299.74,57.0,194.92,63.650000000000006,121.0,117.0,14.893290435629464,238,4.0,16.0,0.02,161.0,5.0
2025-04-08 11:01:59,163.22,9.0,268.0,7.0,160.09,44.0,453.89,19.0,215.61,104.78,53.0,26.0,64.08961538346155,79,27.0,13.0,0.34,164.33,3.0
2025-04-08 11:02:00,161.0,4.0,411.44,16.0,160.0,32.0,440.12,8.0,286.22,250.44,36.0,24.0,61.58993002106792,60,12.0,-19.0,0.2,164.33,
2025-04-08 11:02:01,160.33,12.0,390.18,22.0,159.1,58.0,539.8,10.0,275.26,229.85,70.0,32.0,54.2808610838116,102,38.0,42.0,0.37,160.2,5.0
2025-04-08 11:02:04,161.46,74.0,445.82,11.0,158.76,89.0,556.55,11.0,303.64,284.36,163.0,22.0,18.006526594545466,185,141.0,80.0,0.76,160.2,
2025-04-08 11:02:05,162.0,81.0,438.31,13.0,161.0,36.0,490.68,19.0,300.15,276.31,117.0,32.0,16.501212985719413,149,85.0,-36.0,0.57,162.0,1.0
2025-04-08 11:02:06,162.0,96.0,261.92,12.0,161.0,48.0,389.67,24.0,211.96,99.92000000000002,144.0,36.0,43.8306790958122,180,108.0,31.0,0.6,162.0,
2025-04-08 11:02:07,162.0,57.0,214.25,32.0,161.0,32.0,305.18,22.0,188.12,52.25,89.0,54.0,59.15289240603587,143,35.0,-37.0,0.24,162.0,1.0
2025-04-08 11:02:08,162.0,35.0,226.67,18.0,161.0,20.0,351.94,17.0,194.33,64.66999999999999,55.0,35.0,57.51293115465463,90,20.0,-53.0,0.22,162.0,
2025-04-08 11:02:09,162.09,32.0,190.0,18.0,161.23,26.0,263.43,21.0,176.05,27.91,58.0,39.0,49.806614721340274,97,19.0,7.0,0.2,162.0,1.0
2025-04-08 11:02:10,162.43,28.0,193.5,32.0,161.5,48.0,268.27,33.0,177.96,31.069999999999997,76.0,65.0,14.522308012158993,141,11.0,44.0,0.08,163.0,3.0
2025-04-08 11:02:11,162.0,48.0,285.58,48.0,161.0,48.0,344.84,38.0,223.79,123.57999999999998,96.0,86.0,19.25226610038461,182,10.0,41.0,0.05,163.0,
2025-04-08 11:02:12,161.86,14.0,299.57,21.0,160.71,34.0,319.0,26.0,230.71,137.70999999999998,48.0,47.0,25.490037661800795,95,1.0,-87.0,0.01,161.57,7.0
2025-04-08 11:02:13,161.0,10.0,272.38,21.0,160.0,50.0,262.52,23.0,216.69,111.38,60.0,44.0,26.07671566743069,104,16.0,9.0,0.15,161.57,
2025-04-08 11:02:14,160.47,34.0,232.91,23.0,158.12,104.0,233.95,41.0,196.69,72.44,138.0,64.0,21.58750147654953,202,74.0,98.0,0.37,161.25,4.0
2025-04-08 11:02:15,160.0,21.0,229.6,10.0,158.0,70.0,231.0,25.0,194.8,69.6,91.0,35.0,16.123460546670184,126,56.0,-76.0,0.44,161.25,
2025-04-08 11:02:16,160.0,46.0,223.56,43.0,158.0,160.0,226.28,36.0,191.78,63.56,206.0,79.0,16.875240146440177,285,127.0,159.0,0.45,160.0,1.0
2025-04-08 11:02:17,160.88,48.0,202.69,55.0,158.39,62.0,207.78,59.0,181.78,41.81,110.0,114.0,12.74169808149684,224,-4.0,-61.0,-0.02,160.5,2.0
2025-04-08 11:02:18,161.2,20.0,171.43,14.0,160.5,8.0,175.71,14.0,166.31,10.230000000000018,28.0,28.0,12.55248063133396,56,0.0,-168.0,0.0,160.5,
2025-04-08 11:02:19,162.07,30.0,170.58,38.0,161.0,30.0,177.1,29.0,166.32,8.51000000000002,60.0,67.0,13.558569983593795,127,-7.0,71.0,-0.06,160.5,
2025-04-08 11:02:20,163.17,41.0,167.74,69.0,159.9,60.0,175.81,53.0,165.45,4.570000000000022,101.0,122.0,11.909448769779686,223,-21.0,96.0,-0.09,164.0,2.0
2025-04-08 11:02:21,159.29,42.0,165.07,28.0,157.92,108.0,168.61,54.0,162.18,5.780000000000001,150.0,82.0,7.66664007241785,232,68.0,9.0,0.29,159.2,5.0
2025-04-08 11:02:22,158.0,72.0,160.31,26.0,157.0,27.0,163.62,37.0,159.15,2.3100000000000023,99.0,63.0,3.145881434510925,162,36.0,-70.0,0.22,159.2,
2025-04-08 11:02:23,158.0,88.0,159.82,33.0,157.0,33.0,192.62,47.0,158.91,1.8199999999999927,121.0,80.0,3.4445565752357306,201,41.0,39.0,0.2,159.0,3.0
2025-04-08 11:02:24,158.03,116.0,160.0,34.0,157.28,58.0,252.18,61.0,159.02,1.9699999999999989,174.0,95.0,2.867450086749362,269,79.0,68.0,0.29,160.0,2.0
2025-04-08 11:02:25,157.62,79.0,159.43,14.0,122.64,55.0,236.14,28.0,158.52,1.8100000000000025,134.0,42.0,1.4856076197967516,176,92.0,-93.0,0.52,158.0,1.0
2025-04-08 11:02:26,158.22,80.0,228.38,16.0,102.28,72.0,247.0,32.0,193.3,70.16,152.0,48.0,15.385946509721196,200,104.0,24.0,0.52,158.0,3.0
2025-04-08 11:02:27,164.0,112.0,230.06,16.0,160.89,72.0,288.98,41.0,197.03,66.06,184.0,57.0,19.95329621892098,241,127.0,41.0,0.53,158.0,
2025-04-08 11:02:28,164.0,70.0,202.65,17.0,162.0,60.0,276.81,21.0,183.32,38.650000000000006,130.0,38.0,18.46592050237434,168,92.0,-73.0,0.55,158.0,
2025-04-08 11:02:29,164.0,77.0,200.07,27.0,162.0,99.0,282.48,27.0,182.04,36.06999999999999,176.0,54.0,15.025815119320873,230,122.0,62.0,0.53,158.0,
2025-04-08 11:02:30,164.0,91.0,189.07,61.0,162.0,144.0,195.44,41.0,176.53,25.069999999999997,235.0,102.0,8.463304910022682,337,133.0,107.0,0.39,158.0,
2025-04-08 11:02:31,164.0,69.0,186.05,44.0,162.0,216.0,187.36,28.0,175.02,22.05000000000001,285.0,72.0,8.706053641002436,357,213.0,20.0,0.6,164.0,5.0
2025-04-08 11:02:32,164.0,30.0,184.55,47.0,162.0,135.0,184.67,43.0,174.28,20.55000000000001,165.0,90.0,4.159942307293323,255,75.0,-102.0,0.29,164.0,
2025-04-08 11:02:33,164.0,26.0,178.69,29.0,162.0,117.0,179.24,21.0,171.34,14.689999999999998,143.0,50.0,3.945633029059775,193,93.0,-62.0,0.48,164.0,
2025-04-08 11:02:34,165.65,102.0,172.0,21.0,162.33,97.0,175.05,21.0,168.82,6.349999999999994,199.0,42.0,3.0907798368706025,241,157.0,48.0,0.65,166.0,2.0
2025-04-08 11:02:35,166.07,86.0,168.19,26.0,165.11,36.0,170.08,26.0,167.13,2.1200000000000045,122.0,52.0,3.4006646409201733,174,70.0,-67.0,0.4,167.0,3.0
2025-04-08 11:02:36,166.0,93.0,167.0,22.0,164.0,22.0,344.0,21.0,166.5,1.0,115.0,43.0,3.211242750089702,158,72.0,-16.0,0.46,166.0,3.0
2025-04-08 11:02:37,166.0,55.0,352.9,50.0,164.0,26.0,458.56,57.0,259.45,186.9,81.0,107.0,40.7406365929647,188,-26.0,30.0,-0.14,166.0,6.0
2025-04-08 11:02:38,164.29,21.0,327.0,46.0,162.11,114.0,394.11,53.0,245.64,162.71,135.0,99.0,46.85301772564947,234,36.0,46.0,0.15,166.0,1.0
2025-04-08 11:02:39,164.0,22.0,197.79,14.0,162.0,132.0,246.48,27.0,180.89,33.78999999999999,154.0,41.0,45.02299601314893,195,113.0,-39.0,0.58,166.0,
2025-04-08 11:02:40,164.0,8.0,185.0,4.0,162.0,48.0,209.0,4.0,174.5,21.0,56.0,8.0,43.61599511647104,64,48.0,-131.0,0.75,166.0,
2025-04-08 11:02:41,164.0,20.0,185.0,10.0,162.0,120.0,209.0,10.0,174.5,21.0,140.0,20.0,41.94724102965565,160,120.0,96.0,0.75,166.0,
2025-04-08 11:02:42,164.0,10.0,185.0,5.0,162.0,60.0,209.0,5.0,174.5,21.0,70.0,10.0,31.223194583514594,80,60.0,-80.0,0.75,166.0,
2025-04-08 11:02:43,163.2,30.0,168.11,18.0,161.89,122.0,189.8,10.0,165.66,4.910000000000025,152.0,28.0,5.42626022228979,180,124.0,100.0,0.69,166.0,
2025-04-08 11:02:44,163.87,63.0,185.0,9.0,161.5,56.0,432.0,39.0,174.44,21.129999999999995,119.0,48.0,3.9467454947087295,167,71.0,-13.0,0.43,162.0,3.0
2025-04-08 11:02:45,167.0,56.0,185.0,8.0,164.25,8.0,292.0,16.0,176.0,18.0,64.0,24.0,4.166749332513756,88,40.0,-79.0,0.45,162.0,
2025-04-08 11:02:46,167.0,49.0,184.11,9.0,164.0,9.0,273.0,9.0,175.56,17.110000000000014,58.0,18.0,4.286131122586426,76,40.0,-12.0,0.53,167.0,5.0
2025-04-08 11:02:47,167.0,20.0,181.8,10.0,164.0,10.0,196.5,10.0,174.4,14.800000000000011,30.0,20.0,4.278962491072336,50,10.0,-26.0,0.2,167.0,
2025-04-08 11:02:48,167.0,22.0,173.55,11.0,164.0,11.0,182.27,11.0,170.27,6.550000000000011,33.0,22.0,2.269929514325183,55,11.0,5.0,0.2,167.0,
2025-04-08 11:02:49,162.21,75.0,169.06,17.0,161.23,91.0,171.7,23.0,165.64,6.849999999999994,166.0,40.0,4.39251408648891,206,126.0,151.0,0.61,164.0,6.0
2025-04-08 11:02:50,162.13,61.0,165.36,11.0,161.3,80.0,166.55,11.0,163.75,3.230000000000018,141.0,22.0,5.205519186402252,163,119.0,-43.0,0.73,162.0,5.0
2025-04-08 11:02:51,162.0,59.0,163.06,35.0,161.0,104.0,164.62,13.0,162.53,1.0600000000000025,163.0,48.0,4.933058888762668,211,115.0,48.0,0.55,162.0,1.0
2025-04-08 11:02:52,161.32,71.0,236.38,50.0,160.89,63.0,319.88,25.0,198.85,75.06,134.0,75.0,15.181337885707013,209,59.0,-2.0,0.28,161.67,6.0
2025-04-08 11:02:53,161.0,64.0,275.36,25.0,160.0,10.0,406.8,15.0,218.18,114.36,74.0,40.0,25.359847199855302,114,34.0,-95.0,0.3,161.67,
2025-04-08 11:02:54,161.0,42.0,204.71,14.0,160.0,7.0,319.56,9.0,182.86,43.71000000000001,49.0,23.0,23.73554360026353,72,26.0,-42.0,0.36,161.67,
2025-04-08 11:02:55,164.57,56.0,187.71,34.0,160.98,61.0,210.63,19.0,176.14,23.14000000000001,117.0,53.0,21.470562871057023,170,64.0,98.0,0.38,161.67,
2025-04-08 11:02:56,165.0,60.0,172.83,24.0,161.0,72.0,212.0,20.0,168.92,7.8300000000000125,132.0,44.0,19.715349350189395,176,88.0,6.0,0.5,161.67,
2025-04-08 11:02:57,165.24,66.0,170.33,24.0,161.57,70.0,219.34,56.0,167.79,5.090000000000003,136.0,80.0,20.70057776971477,216,56.0,40.0,0.26,161.67,
2025-04-08 11:02:58,166.0,104.0,167.97,29.0,165.0,65.0,190.11,18.0,166.98,1.9699999999999989,169.0,47.0,6.819876831732551,216,122.0,0.0,0.56,161.67,
2025-04-08 11:02:59,166.0,100.0,167.0,65.0,165.0,65.0,168.0,26.0,166.5,1.0,165.0,91.0,3.950529078490631,256,74.0,40.0,0.29,166.0,1.0
2025-04-08 11:03:00,166.0,43.0,167.0,45.0,165.0,45.0,176.33,21.0,166.5,1.0,88.0,66.0,1.029524161930499,154,22.0,-102.0,0.14,166.0,4.0
2025-04-08 11:03:01,166.0,27.0,167.0,45.0,165.0,45.0,367.89,45.0,166.5,1.0,72.0,90.0,0.5630097690079332,162,-18.0,8.0,-0.11,166.0,
2025-04-08 11:03:02,165.0,53.0,166.65,23.0,161.0,66.0,225.27,55.0,165.83,1.6500000000000057,119.0,78.0,0.4099024274118198,197,41.0,35.0,0.21,165.6,5.0
2025-04-08 11:03:03,165.0,30.0,166.59,34.0,161.0,60.0,307.8,50.0,165.79,1.5900000000000034,90.0,84.0,0.3781930723822808,174,6.0,-23.0,0.03,166.0,1.0
2025-04-08 11:03:04,165.0,21.0,166.0,35.0,161.0,42.0,397.29,35.0,165.5,1.0,63.0,70.0,0.4528023851503123,133,-7.0,-41.0,-0.05,166.0,
2025-04-08 11:03:05,161.8,30.0,318.92,26.0,160.3,40.0,621.17,30.0,240.36,157.12,70.0,56.0,33.29930374647508,126,14.0,-7.0,0.11,165.0,3.0
2025-04-08 11:03:06,161.05,43.0,339.88,33.0,160.17,59.0,408.12,42.0,250.46,178.82999999999998,102.0,75.0,43.80129986655672,177,27.0,51.0,0.15,161.5,2.0
2025-04-08 11:03:07,162.0,6.0,336.0,12.0,160.59,34.0,337.0,30.0,249.0,174.0,40.0,42.0,44.51232660735714,82,-2.0,-95.0,-0.02,161.5,
2025-04-08 11:03:08,163.0,16.0,334.0,20.0,160.32,38.0,403.5,50.0,248.5,171.0,54.0,70.0,36.69646685990419,124,-16.0,42.0,-0.13,161.5,
2025-04-08 11:03:09,164.0,40.0,310.9,20.0,162.0,40.0,480.06,35.0,237.45,146.89999999999998,80.0,55.0,5.841128315664508,135,25.0,11.0,0.19,161.5,
2025-04-08 11:03:10,164.0,28.0,331.14,29.0,162.0,28.0,343.71,14.0,247.57,167.14,56.0,43.0,5.218546732574011,99,13.0,-36.0,0.13,161.5,
2025-04-08 11:03:11,164.93,60.0,330.53,59.0,163.85,52.0,331.38,32.0,247.73,165.59999999999997,112.0,91.0,4.842463216180213,203,21.0,104.0,0.1,165.0,4.0
2025-04-08 11:03:12,165.0,28.0,327.26,19.0,164.0,32.0,329.84,37.0,246.13,162.26,60.0,56.0,4.567666800463656,116,4.0,-87.0,0.03,165.0,2.0
2025-04-08 11:03:13,165.0,16.0,310.62,16.0,164.0,32.0,325.6,25.0,237.81,145.62,48.0,41.0,5.249335196008721,89,7.0,-27.0,0.08,165.0,
2025-04-08 11:03:14,164.5,28.0,259.4,48.0,163.17,48.0,270.88,42.0,211.95,94.89999999999998,76.0,90.0,15.253770681377487,166,-14.0,77.0,-0.08,164.5,4.0
2025-04-08 11:03:15,164.0,20.0,208.34,41.0,162.0,40.0,240.48,23.0,186.17,44.34,60.0,64.0,26.460860152308737,124,-4.0,-42.0,-0.03,164.5,
2025-04-08 11:03:16,162.9,39.0,205.7,47.0,159.32,60.0,241.78,23.0,184.3,42.79999999999998,99.0,70.0,28.53683794676678,169,29.0,45.0,0.17,162.0,10.0
2025-04-08 11:03:17,166.0,72.0,202.29,35.0,160.0,66.0,204.43,35.0,184.14,36.28999999999999,138.0,70.0,23.758565402818768,208,68.0,39.0,0.33,166.0,2.0
2025-04-08 11:03:18,166.0,50.0,201.0,20.0,161.67,84.0,202.0,50.0,183.5,35.0,134.0,70.0,12.303965620888524,204,64.0,-4.0,0.31,166.0,5.0
2025-04-08 11:03:19,166.0,11.0,198.77,31.0,160.0,77.0,201.61,46.0,182.39,32.77000000000001,88.0,77.0,1.379365796299684,165,11.0,-39.0,0.07,166.0,
2025-04-08 11:03:20,166.0,6.0,195.52,27.0,165.0,60.0,197.6,15.0,180.76,29.52000000000001,66.0,42.0,1.4686456345900714,108,24.0,-57.0,0.22,166.0,
2025-04-08 11:03:21,166.0,14.0,191.38,58.0,165.0,140.0,193.05,40.0,178.69,25.379999999999995,154.0,98.0,2.2034813364309254,252,56.0,144.0,0.22,166.0,
2025-04-08 11:03:22,166.0,11.0,189.13,46.0,165.0,110.0,189.81,31.0,177.57,23.129999999999995,121.0,77.0,2.4732104641534653,198,44.0,-54.0,0.22,166.0,
2025-04-08 11:03:23,166.0,14.0,183.81,43.0,165.0,140.0,212.39,49.0,174.91,17.810000000000002,154.0,92.0,2.888179357310868,246,62.0,48.0,0.25,166.0,
2025-04-08 11:03:24,166.94,70.0,186.62,39.0,165.22,51.0,308.22,36.0,176.78,19.680000000000007,121.0,75.0,2.1784329229966306,196,46.0,-50.0,0.23,166.0,
2025-04-08 11:03:25,167.0,54.0,184.64,33.0,166.0,9.0,185.67,30.0,175.82,17.639999999999986,63.0,63.0,1.4737129978373646,126,0.0,-70.0,0.0,166.0,
2025-04-08 11:03:26,167.0,28.0,182.17,12.0,166.0,6.0,185.0,30.0,174.58,15.169999999999987,34.0,42.0,1.2537025165461138,76,-8.0,-50.0,-0.11,167.0,4.0
2025-04-08 11:03:27,167.0,24.0,180.31,36.0,166.0,12.0,182.74,54.0,173.65,13.310000000000002,36.0,90.0,1.1977353630887615,126,-54.0,50.0,-0.43,167.0,
2025-04-08 11:03:28,166.27,15.0,175.46,65.0,165.02,112.0,176.1,50.0,170.86,9.189999999999998,127.0,115.0,2.27969734833216,242,12.0,116.0,0.05,167.0,2.0
2025-04-08 11:03:29,165.08,59.0,169.02,52.0,164.57,56.0,170.15,46.0,167.05,3.9399999999999977,115.0,98.0,3.5001814238680664,213,17.0,-29.0,0.08,165.5,2.0
2025-04-08 11:03:30,164.59,58.0,166.19,42.0,160.16,50.0,166.95,74.0,165.39,1.5999999999999943,108.0,116.0,4.016370251855455,224,-8.0,11.0,-0.04,165.0,9.0
2025-04-08 11:03:31,160.06,47.0,164.97,38.0,158.99,106.0,166.13,76.0,162.52,4.909999999999997,153.0,114.0,4.409958049685664,267,39.0,43.0,0.15,161.2,5.0
2025-04-08 11:03:32,158.24,100.0,162.69,39.0,132.13,69.0,165.34,41.0,160.47,4.449999999999989,169.0,80.0,4.0321421105890085,249,89.0,-18.0,0.36,160.0,4.0
2025-04-08 11:03:33,158.0,121.0,160.73,55.0,140.45,44.0,163.0,33.0,159.36,2.7299999999999898,165.0,88.0,3.239856478300117,253,77.0,4.0,0.3,160.0,
2025-04-08 11:03:34,158.24,100.0,161.64,44.0,142.74,74.0,198.24,45.0,159.94,3.3999999999999773,174.0,89.0,2.461712818340533,263,85.0,10.0,0.32,160.0,5.0
2025-04-08 11:03:35,159.46,37.0,163.0,30.0,157.95,104.0,261.79,34.0,161.23,3.539999999999992,141.0,64.0,1.226715125846861,205,77.0,-58.0,0.38,159.5,4.0
2025-04-08 11:03:36,158.57,60.0,245.92,36.0,157.67,75.0,342.97,37.0,202.24,87.35,135.0,73.0,18.791122105930448,208,62.0,3.0,0.3,161.33,3.0
2025-04-08 11:03:37,163.25,16.0,381.33,30.0,160.12,34.0,412.52,23.0,272.29,218.08,50.0,53.0,48.95525273144861,103,-3.0,-105.0,-0.03,161.33,
2025-04-08 11:03:38,159.07,27.0,391.0,28.0,157.3,43.0,424.0,21.0,275.04,231.93,70.0,49.0,56.94064953967443,119,21.0,16.0,0.18,160.09,11.0
2025-04-08 11:03:39,157.0,130.0,306.31,39.0,108.75,52.0,359.86,42.0,231.65,149.31,182.0,81.0,48.23976108979021,263,101.0,144.0,0.38,160.09,
2025-04-08 11:03:40,157.0,90.0,266.69,42.0,72.0,45.0,362.05,21.0,211.85,109.69,135.0,63.0,33.72240842525998,198,72.0,-65.0,0.36,160.09,
2025-04-08 11:03:41,157.0,90.0,235.96,46.0,70.62,52.0,237.32,38.0,196.48,78.96000000000001,142.0,84.0,35.33544212260609,226,58.0,28.0,0.26,160.09,
2025-04-08 11:03:42,161.12,33.0,195.75,24.0,151.93,61.0,389.0,48.0,178.44,34.629999999999995,94.0,72.0,37.09250692525418,166,22.0,-60.0,0.13,162.0,1.0
2025-04-08 11:03:43,158.44,54.0,190.22,36.0,148.54,59.0,397.41,71.0,174.33,31.78,113.0,107.0,23.810740223689205,220,6.0,54.0,0.03,160.7,10.0
2025-04-08 11:03:44,157.0,36.0,194.0,12.0,130.67,48.0,452.0,30.0,175.5,37.0,84.0,42.0,16.377831052981374,126,42.0,-94.0,0.33,160.7,
2025-04-08 11:03:46,158.11,27.0,315.1,30.0,157.06,51.0,385.48,27.0,236.61,156.99,78.0,57.0,72.60973509110217,135,21.0,-83.0,0.16,160.7,
2025-04-08 11:03:47,161.23,35.0,318.0,22.0,158.67,27.0,333.78,27.0,239.61,156.77,62.0,49.0,68.58323155116011,111,13.0,-24.0,0.12,162.0,5.0
2025-04-08 11:03:48,162.0,9.0,323.0,9.0,159.0,27.0,506.89,36.0,242.5,161.0,36.0,45.0,60.07029573757777,81,-9.0,-30.0,-0.11,162.0,
2025-04-08 11:03:49,162.0,7.0,250.29,7.0,159.0,21.0,519.69,16.0,206.14,88.28999999999999,28.0,23.0,51.91575743452136,51,5.0,-30.0,0.1,162.0,
2025-04-08 11:03:50,162.0,6.0,200.5,6.0,159.0,18.0,337.56,9.0,181.25,38.5,24.0,15.0,26.70622530422509,39,9.0,-12.0,0.23,162.0,
2025-04-08 11:03:51,164.62,24.0,180.5,10.0,160.31,16.0,261.5,16.0,172.56,15.879999999999995,40.0,26.0,32.2630170628852,66,14.0,27.0,0.21,162.0,
2025-04-08 11:03:52,164.2,25.0,166.75,8.0,161.1,10.0,168.0,8.0,165.47,2.550000000000012,35.0,16.0,31.36463502099154,51,19.0,-15.0,0.37,163.4,5.0
2025-04-08 11:03:53,160.0,36.0,164.67,9.0,159.0,27.0,487.7,27.0,162.33,4.669999999999988,63.0,36.0,17.560986589596695,99,27.0,48.0,0.27,163.4,
2025-04-08 11:03:56,161.09,22.0,352.69,13.0,159.0,30.0,460.24,34.0,256.89,191.6,52.0,47.0,119.60762713974424,99,5.0,27.0,0.05,166.0,1.0
2025-04-08 11:03:57,160.0,33.0,303.27,11.0,158.0,33.0,376.41,17.0,231.64,143.26999999999998,66.0,28.0,107.27312258902548,94,38.0,-5.0,0.4,166.0,
2025-04-08 11:03:58,160.62,13.0,301.8,5.0,159.0,17.0,303.0,5.0,231.21,141.18,30.0,10.0,89.82127960567085,40,20.0,-54.0,0.5,166.0,
2025-04-08 11:03:59,163.6,30.0,299.09,11.0,160.55,29.0,300.45,11.0,231.35,135.48999999999998,59.0,22.0,84.98726298687397,81,37.0,41.0,0.46,166.0,
2025-04-08 11:04:00,165.0,44.0,227.41,17.0,162.0,22.0,264.0,13.0,196.21,62.41,66.0,30.0,21.618015635114254,96,36.0,15.0,0.38,166.0,
2025-04-08 11:04:01,162.15,39.0,176.33,12.0,159.59,46.0,200.17,24.0,169.24,14.180000000000009,85.0,36.0,28.31471967016504,121,49.0,25.0,0.4,164.0,6.0
2025-04-08 11:04:02,159.38,48.0,174.25,12.0,158.62,48.0,176.0,45.0,166.81,14.870000000000005,96.0,57.0,31.676639341950743,153,39.0,32.0,0.25,160.0,3.0
2025-04-08 11:04:03,160.85,13.0,173.22,9.0,158.93,43.0,174.67,9.0,167.03,12.370000000000005,56.0,18.0,28.15048525336663,74,38.0,-79.0,0.51,160.0,
2025-04-08 11:04:04,159.21,14.0,169.43,14.0,158.11,44.0,171.21,14.0,164.32,10.22,58.0,28.0,13.245326345545518,86,30.0,12.0,0.35,159.6,5.0
2025-04-08 11:04:05,159.0,8.0,167.38,8.0,158.0,24.0,169.0,8.0,163.19,8.379999999999995,32.0,16.0,2.3907885728347225,48,16.0,-38.0,0.33,159.6,
2025-04-08 11:04:06,158.33,18.0,165.44,18.0,157.5,36.0,171.31,16.0,161.89,7.109999999999985,54.0,34.0,2.2465573662820253,88,20.0,40.0,0.23,158.5,2.0
2025-04-08 11:04:07,158.0,28.0,163.0,20.0,157.0,42.0,164.39,38.0,160.5,5.0,70.0,58.0,2.487796213518126,128,12.0,40.0,0.09,158.5,
2025-04-08 11:04:08,158.0,19.0,159.35,23.0,157.0,33.0,161.9,21.0,158.67,1.3499999999999943,52.0,44.0,2.22151524865212,96,8.0,-32.0,0.08,158.0,1.0
2025-04-08 11:04:09,157.35,20.0,158.67,48.0,155.85,26.0,264.93,29.0,158.01,1.3199999999999932,46.0,77.0,2.162503179186776,123,-31.0,27.0,-0.25,157.5,2.0
2025-04-08 11:04:10,153.17,47.0,158.0,40.0,134.64,11.0,204.0,30.0,155.59,4.8300000000000125,58.0,70.0,2.4133006443441203,128,-12.0,5.0,-0.09,157.0,2.0
2025-04-08 11:04:11,151.12,41.0,157.31,52.0,138.67,48.0,238.75,59.0,154.21,6.189999999999998,89.0,111.0,2.502354890895896,200,-22.0,72.0,-0.11,154.0,6.0
2025-04-08 11:04:12,143.83,18.0,240.6,30.0,134.33,33.0,364.58,43.0,192.22,96.76999999999998,51.0,73.0,16.022574699466855,124,-22.0,-76.0,-0.18,155.4,5.0
2025-04-08 11:04:13,146.22,23.0,153.0,14.0,145.53,19.0,194.5,22.0,149.61,6.780000000000001,42.0,36.0,17.207751741584193,78,6.0,-46.0,0.08,155.4,
2025-04-08 11:04:14,151.67,12.0,175.5,10.0,147.21,19.0,582.04,28.0,163.58,23.830000000000013,31.0,38.0,17.070444341023894,69,-7.0,-9.0,-0.1,153.0,1.0
2025-04-08 11:04:15,161.0,16.0,248.41,34.0,157.07,15.0,428.08,24.0,204.71,87.41,31.0,58.0,24.30913058914288,89,-27.0,20.0,-0.3,153.0,
2025-04-08 11:04:16,161.0,21.0,167.06,32.0,158.0,13.0,172.94,49.0,164.03,6.060000000000002,34.0,81.0,22.77321562713539,115,-47.0,26.0,-0.41,163.0,3.0
2025-04-08 11:04:17,159.35,23.0,162.0,55.0,157.69,13.0,172.78,41.0,160.67,2.6500000000000057,36.0,96.0,21.05641469956362,132,-60.0,17.0,-0.45,163.0,
2025-04-08 11:04:18,158.78,36.0,163.99,71.0,157.3,23.0,174.15,27.0,161.38,5.210000000000008,59.0,98.0,18.968232126373845,157,-39.0,25.0,-0.25,163.0,
2025-04-08 11:04:19,161.0,52.0,171.05,42.0,157.72,29.0,172.06,72.0,166.02,10.050000000000011,81.0,114.0,18.76395134293417,195,-33.0,38.0,-0.17,164.0,5.0
2025-04-08 11:04:20,161.0,90.0,168.64,56.0,159.73,30.0,170.24,34.0,164.82,7.639999999999986,120.0,90.0,2.2808836007115336,210,30.0,15.0,0.14,164.0,
2025-04-08 11:04:21,161.0,84.0,165.83,48.0,160.0,28.0,167.61,36.0,163.42,4.8300000000000125,112.0,84.0,2.2538456025191054,196,28.0,-14.0,0.14,164.0,
2025-04-08 11:04:22,161.0,84.0,165.71,34.0,160.0,82.0,200.73,37.0,163.35,4.710000000000008,166.0,71.0,1.7444254068303129,237,95.0,41.0,0.4,164.0,
2025-04-08 11:04:23,161.38,53.0,165.08,52.0,160.17,87.0,168.89,38.0,163.23,3.700000000000017,140.0,90.0,1.2210118754522383,230,50.0,-7.0,0.22,161.0,3.0
2025-04-08 11:04:24,161.25,32.0,164.59,44.0,160.27,22.0,172.76,34.0,162.92,3.3400000000000034,54.0,78.0,0.7363898424034034,132,-24.0,-98.0,-0.18,163.0,2.0
2025-04-08 11:04:25,161.81,27.0,309.75,57.0,160.77,26.0,543.49,43.0,235.78,147.94,53.0,100.0,32.44591114454957,153,-47.0,21.0,-0.31,162.67,6.0
2025-04-08 11:04:26,167.0,20.0,413.23,26.0,166.0,10.0,606.08,36.0,290.12,246.23,30.0,62.0,57.93222894037503,92,-32.0,-61.0,-0.35,162.67,
2025-04-08 11:04:27,163.0,30.0,457.29,14.0,162.36,11.0,628.0,7.0,310.14,294.29,41.0,21.0,68.91749139369516,62,20.0,-30.0,0.32,164.8,5.0
2025-04-08 11:04:31,162.0,26.0,387.68,19.0,161.0,24.0,467.23,22.0,274.84,225.68,50.0,41.0,44.91080081673135,91,9.0,25.0,0.1,164.8,
2025-04-08 11:04:32,162.0,25.0,233.13,15.0,161.0,26.0,291.52,21.0,197.57,71.13,51.0,36.0,76.95182291538063,87,15.0,-4.0,0.17,162.0,3.0
2025-04-08 11:04:33,162.0,9.0,227.45,11.0,161.0,18.0,230.5,16.0,194.73,65.44999999999999,27.0,27.0,75.11666459581436,54,0.0,-33.0,0.0,162.0,
2025-04-08 11:04:34,161.2,10.0,223.78,9.0,159.38,26.0,225.13,15.0,192.49,62.58000000000001,36.0,24.0,67.88053417585961,60,12.0,6.0,0.2,161.33,3.0
2025-04-08 11:04:35,160.0,18.0,220.82,11.0,158.0,63.0,222.12,16.0,190.41,60.81999999999999,81.0,27.0,36.339617774544905,108,54.0,48.0,0.5,161.33,
2025-04-08 11:04:36,163.57,28.0,219.89,9.0,158.53,38.0,221.0,18.0,191.73,56.31999999999999,66.0,27.0,2.8157556712198857,93,39.0,-15.0,0.42,161.33,
2025-04-08 11:04:37,158.39,36.0,216.74,19.0,157.09,140.0,219.04,23.0,187.56,58.35000000000002,176.0,42.0,2.6509583172892914,218,134.0,125.0,0.61,162.0,8.0
2025-04-08 11:04:38,162.0,8.0,213.25,8.0,157.22,36.0,215.0,10.0,187.62,51.25,44.0,18.0,2.289753261817552,62,26.0,-156.0,0.42,162.0,
2025-04-08 11:04:39,166.0,11.0,211.0,12.0,162.26,62.0,212.9,21.0,188.5,45.0,73.0,33.0,1.8394645960179432,106,40.0,44.0,0.38,162.0,
2025-04-08 11:04:40,166.0,8.0,208.64,14.0,164.0,176.0,209.62,13.0,187.32,42.63999999999999,184.0,27.0,1.8352601995365565,211,157.0,105.0,0.74,162.0,
2025-04-08 11:04:41,166.0,12.0,204.95,20.0,164.0,264.0,205.76,21.0,185.47,38.94999999999999,276.0,41.0,1.113454085268888,317,235.0,106.0,0.74,162.0,
2025-04-08 11:04:42,166.0,12.0,200.53,15.0,164.0,264.0,201.9,21.0,183.27,34.53,276.0,36.0,2.0856725533988434,312,240.0,-5.0,0.77,162.0,
2025-04-08 11:04:43,166.47,17.0,195.72,25.0,164.04,202.0,198.04,23.0,181.1,29.25,219.0,48.0,2.998711389914037,267,171.0,-45.0,0.64,162.0,
2025-04-08 11:04:44,167.0,26.0,191.04,23.0,166.0,13.0,192.59,17.0,179.02,24.039999999999992,39.0,40.0,3.3169308102519284,79,-1.0,-168.0,-0.01,162.0,
2025-04-08 11:04:45,167.0,6.0,188.67,6.0,166.0,3.0,190.0,6.0,177.83,21.669999999999987,9.0,12.0,3.1041053461499777,21,-3.0,-58.0,-0.14,162.0,
2025-04-08 11:04:46,164.12,153.0,185.9,20.0,162.11,108.0,188.0,20.0,175.01,21.78,261.0,40.0,3.147607027567932,301,221.0,168.0,0.73,166.0,4.0
2025-04-08 11:04:47,164.0,168.0,181.25,16.0,162.0,120.0,182.5,16.0,172.62,17.25,288.0,32.0,3.341276702099528,320,256.0,19.0,0.8,166.0,
2025-04-08 11:04:48,164.0,203.0,180.0,22.0,162.0,165.0,181.0,22.0,172.0,16.0,368.0,44.0,3.0982140016453816,412,324.0,92.0,0.79,164.0,8.0
2025-04-08 11:04:49,164.0,117.0,177.87,15.0,162.0,135.0,179.18,17.0,170.93,13.870000000000005,252.0,32.0,2.761334822144905,284,220.0,-128.0,0.77,164.0,
2025-04-08 11:04:50,164.0,94.0,175.95,19.0,162.0,162.0,176.9,20.0,169.97,11.949999999999989,256.0,39.0,1.914035004901592,295,217.0,11.0,0.74,164.0,4.0
2025-04-08 11:04:51,164.0,135.0,173.42,19.0,162.0,255.0,175.53,30.0,168.71,9.419999999999987,390.0,49.0,1.566502473661488,439,341.0,144.0,0.78,164.0,
2025-04-08 11:04:52,164.0,93.0,174.56,32.0,162.0,272.0,312.38,32.0,169.28,10.560000000000002,365.0,64.0,1.3124290456961814,429,301.0,-10.0,0.7,164.0,7.0
2025-04-08 11:04:53,164.0,20.0,172.6,20.0,162.0,170.0,174.0,20.0,168.3,8.599999999999994,190.0,40.0,1.043920495050434,230,150.0,-168.0,0.65,164.0,
2025-04-08 11:04:54,164.54,13.0,167.8,20.0,162.43,65.0,169.1,20.0,166.17,3.2600000000000198,78.0,40.0,1.4388641353461693,118,38.0,-112.0,0.32,165.0,1.0
2025-04-08 11:04:55,162.13,157.0,165.0,29.0,161.89,96.0,200.29,31.0,163.56,2.8700000000000045,253.0,60.0,2.35196300990986,313,193.0,168.0,0.62,162.5,8.0
2025-04-08 11:04:56,162.0,109.0,163.79,39.0,161.0,15.0,208.44,54.0,162.9,1.789999999999992,124.0,93.0,2.812120196574656,217,31.0,-96.0,0.14,162.0,4.0
2025-04-08 11:04:57,162.0,61.0,163.0,20.0,161.0,10.0,164.0,50.0,162.5,1.0,71.0,70.0,2.474849490369412,141,1.0,-76.0,0.01,162.0,1.0
2025-04-08 11:04:58,162.0,30.0,163.88,40.0,161.0,8.0,230.33,18.0,162.94,1.8799999999999957,38.0,58.0,1.4782692582816817,96,-20.0,-45.0,-0.21,162.0,2.0
2025-04-08 11:04:59,161.89,9.0,163.0,25.0,160.57,7.0,252.8,5.0,162.44,1.1100000000000136,16.0,30.0,0.448241006580119,46,-14.0,-50.0,-0.3,162.0,2.0
2025-04-08 11:05:00,161.89,79.0,163.0,65.0,159.14,37.0,296.12,17.0,162.44,1.1100000000000136,116.0,82.0,0.2535350074047519,198,34.0,152.0,0.17,160.33,3.0
2025-04-08 11:05:01,162.0,119.0,193.61,46.0,160.0,12.0,310.3,30.0,177.8,31.610000000000014,131.0,76.0,6.809807633111451,207,55.0,9.0,0.27,162.0,5.0
2025-04-08 11:05:02,162.0,70.0,300.0,10.0,160.0,10.0,465.62,16.0,231.0,138.0,80.0,26.0,29.628136627199456,106,54.0,-101.0,0.51,162.0,
2025-04-08 11:05:03,162.0,45.0,300.0,9.0,160.0,9.0,536.0,9.0,231.0,138.0,54.0,18.0,35.308804567699724,72,36.0,-34.0,0.5,162.0,2.0
2025-04-08 11:05:06,165.0,7.0,365.55,33.0,162.0,28.0,399.3,20.0,265.27,200.55,35.0,53.0,59.87316819744981,88,-18.0,-48.0,-0.2,162.0,
2025-04-08 11:05:07,165.0,15.0,222.2,45.0,162.0,60.0,224.0,62.0,193.6,57.19999999999999,75.0,107.0,69.80822924269107,182,-32.0,94.0,-0.18,162.0,
2025-04-08 11:05:08,165.0,7.0,220.15,26.0,162.0,28.0,220.7,23.0,192.58,55.150000000000006,35.0,49.0,77.85156600865587,84,-14.0,-98.0,-0.17,162.0,
2025-04-08 11:05:09,165.0,8.0,201.95,20.0,162.0,32.0,205.57,35.0,183.47,36.94999999999999,40.0,55.0,70.6950165853299,95,-15.0,11.0,-0.16,162.0,
2025-04-08 11:05:10,165.0,11.0,193.54,39.0,162.0,44.0,195.02,41.0,179.27,28.539999999999992,55.0,80.0,35.42206896837105,135,-25.0,40.0,-0.19,162.0,
2025-04-08 11:05:11,165.0,17.0,188.42,71.0,162.3,47.0,190.29,82.0,176.71,23.419999999999987,64.0,153.0,7.668685024175821,217,-89.0,82.0,-0.41,162.0,
2025-04-08 11:05:12,164.36,14.0,185.28,53.0,162.24,41.0,187.51,65.0,174.82,20.919999999999987,55.0,118.0,7.055178948830064,173,-63.0,-44.0,-0.36,165.0,1.0
2025-04-08 11:05:13,162.77,26.0,179.79,56.0,161.2,70.0,181.63,52.0,171.28,17.019999999999982,96.0,108.0,4.596417082903883,204,-12.0,31.0,-0.06,164.0,5.0
2025-04-08 11:05:14,162.82,44.0,172.89,36.0,161.33,36.0,173.73,30.0,167.85,10.069999999999991,80.0,66.0,4.500258881443122,146,14.0,-58.0,0.1,164.0,
2025-04-08 11:05:15,164.0,90.0,166.98,59.0,162.0,30.0,168.21,58.0,165.49,2.9799999999999898,120.0,117.0,4.671536149919529,237,3.0,91.0,0.01,164.0,
2025-04-08 11:05:16,162.76,34.0,165.95,74.0,161.11,74.0,169.03,33.0,164.36,3.1899999999999977,108.0,107.0,4.299854648706464,215,1.0,-22.0,0.0,164.33,6.0
2025-04-08 11:05:17,160.76,42.0,165.0,54.0,158.86,84.0,166.47,51.0,162.88,4.240000000000009,126.0,105.0,3.2898738577642064,231,21.0,16.0,0.09,160.9,10.0
2025-04-08 11:05:18,158.97,29.0,162.78,18.0,157.6,67.0,172.97,31.0,160.87,3.8100000000000014,96.0,49.0,2.6364275070629866,145,47.0,-86.0,0.32,160.67,3.0
2025-04-08 11:05:19,158.0,70.0,160.58,38.0,157.0,55.0,162.45,22.0,159.29,2.5800000000000125,125.0,60.0,2.5236223964762905,185,65.0,40.0,0.35,160.67,
2025-04-08 11:05:20,158.0,76.0,196.91,22.0,157.0,22.0,219.27,22.0,177.45,38.91,98.0,44.0,7.2381454807152785,142,54.0,-43.0,0.38,158.67,3.0
2025-04-08 11:05:21,158.0,88.0,199.08,26.0,157.0,68.0,224.04,25.0,178.54,41.08000000000001,156.0,51.0,9.39576127836387,207,105.0,65.0,0.51,158.67,
2025-04-08 11:05:22,161.0,23.0,198.82,22.0,157.93,67.0,250.0,22.0,179.91,37.81999999999999,90.0,44.0,10.214676695813989,134,46.0,-73.0,0.34,158.67,
2025-04-08 11:05:23,164.37,152.0,196.62,16.0,163.95,244.0,205.43,28.0,180.5,32.25,396.0,44.0,8.938695094923492,440,352.0,168.0,0.8,165.0,6.0
2025-04-08 11:05:24,164.0,214.0,194.7,20.0,161.33,15.0,196.62,13.0,179.35,30.69999999999999,229.0,33.0,1.1939639860620492,262,196.0,-168.0,0.75,164.0,5.0
2025-04-08 11:05:25,164.0,209.0,187.44,18.0,162.0,55.0,189.22,18.0,175.72,23.44,264.0,36.0,1.8693929495996355,300,228.0,38.0,0.76,164.0,
2025-04-08 11:05:26,164.0,212.0,178.57,23.0,162.0,60.0,180.08,13.0,171.28,14.569999999999991,272.0,36.0,3.872269360466982,308,236.0,8.0,0.77,164.0,6.0
2025-04-08 11:05:27,164.0,99.0,176.44,18.0,162.0,45.0,179.0,9.0,170.22,12.439999999999998,144.0,27.0,4.623870672932961,171,117.0,-137.0,0.68,164.0,2.0
2025-04-08 11:05:28,164.0,96.0,173.08,13.0,162.0,50.0,175.47,17.0,168.54,9.080000000000013,146.0,30.0,4.424276211993017,176,116.0,5.0,0.66,164.0,2.0
2025-04-08 11:05:29,164.0,54.0,170.2,10.0,162.0,30.0,171.75,8.0,167.1,6.199999999999989,84.0,18.0,3.290550105986086,102,66.0,-74.0,0.65,164.0,
2025-04-08 11:05:30,164.0,90.0,168.2,20.0,162.0,50.0,171.0,10.0,166.1,4.199999999999989,140.0,30.0,2.138859509178498,170,110.0,68.0,0.65,164.0,
2025-04-08 11:05:31,164.0,124.0,166.45,20.0,162.0,70.0,173.33,24.0,165.22,2.4499999999999886,194.0,44.0,1.9860714992170176,238,150.0,68.0,0.63,164.0,1.0
2025-04-08 11:05:32,164.13,46.0,167.0,14.0,162.78,41.0,190.71,14.0,165.57,2.8700000000000045,87.0,28.0,1.3402164004373378,115,59.0,-123.0,0.51,165.0,2.0
2025-04-08 11:05:33,164.0,93.0,166.24,17.0,162.0,65.0,197.08,26.0,165.12,2.240000000000009,158.0,43.0,0.8107527366592937,201,115.0,86.0,0.57,164.0,3.0
2025-04-08 11:05:34,164.0,44.0,201.9,10.0,162.0,45.0,430.17,24.0,182.95,37.900000000000006,89.0,34.0,7.812168072948986,123,55.0,-78.0,0.45,164.0,1.0
2025-04-08 11:05:35,165.35,37.0,346.0,16.0,163.14,35.0,790.0,24.0,255.68,180.65,72.0,40.0,39.19709899979871,112,32.0,-11.0,0.29,164.0,
2025-04-08 11:05:38,164.55,22.0,439.0,21.0,162.75,32.0,554.33,9.0,301.77,274.45,54.0,30.0,63.63940390984274,84,24.0,-32.0,0.29,164.0,
2025-04-08 11:05:40,164.0,18.0,181.79,19.0,162.0,30.0,342.9,20.0,172.89,17.789999999999992,48.0,39.0,67.80659385340128,87,9.0,-50.0,0.1,164.0,
2025-04-08 11:05:41,164.0,27.0,180.67,36.0,162.0,45.0,182.0,27.0,172.33,16.669999999999987,72.0,63.0,80.30826346024476,135,9.0,48.0,0.07,164.0,
2025-04-08 11:05:42,162.66,50.0,178.27,60.0,161.37,62.0,218.97,33.0,170.46,15.610000000000014,112.0,93.0,75.72310070249402,205,19.0,70.0,0.09,163.5,4.0
2025-04-08 11:05:43,161.0,36.0,174.91,46.0,160.0,48.0,177.44,45.0,167.96,13.909999999999997,84.0,91.0,65.68814908337747,175,-7.0,-30.0,-0.04,163.5,
2025-04-08 11:05:44,161.0,27.0,173.44,36.0,160.0,36.0,175.0,36.0,167.22,12.439999999999998,63.0,72.0,2.5364680167495504,135,-9.0,-40.0,-0.07,163.5,
2025-04-08 11:05:45,161.4,15.0,172.78,36.0,160.6,30.0,174.0,36.0,167.09,11.379999999999995,45.0,72.0,2.297709729272227,117,-27.0,-18.0,-0.23,163.5,
2025-04-08 11:05:46,162.0,9.0,169.89,36.0,161.0,26.0,171.22,36.0,165.94,7.889999999999986,35.0,72.0,1.6866772068154994,107,-37.0,-10.0,-0.35,163.5,
2025-04-08 11:05:47,163.8,20.0,166.53,45.0,161.2,20.0,210.61,44.0,165.17,2.7299999999999898,40.0,89.0,1.109698157153471,129,-49.0,22.0,-0.38,165.0,3.0
2025-04-08 11:05:48,160.5,32.0,165.07,43.0,160.11,18.0,166.55,22.0,162.78,4.569999999999993,50.0,65.0,1.808963791784861,115,-15.0,-14.0,-0.13,161.2,5.0
2025-04-08 11:05:49,159.6,30.0,161.78,41.0,158.19,27.0,167.45,31.0,160.69,2.180000000000007,57.0,72.0,2.577174809745587,129,-15.0,14.0,-0.12,159.75,4.0
2025-04-08 11:05:50,157.71,28.0,160.0,48.0,152.29,28.0,310.33,36.0,158.86,2.289999999999992,56.0,84.0,2.9744697006332634,140,-28.0,11.0,-0.2,158.0,1.0
2025-04-08 11:05:51,151.69,35.0,158.64,56.0,126.71,41.0,452.56,18.0,155.16,6.949999999999989,76.0,74.0,3.815870804938631,150,2.0,10.0,0.01,157.5,4.0
2025-04-08 11:05:52,146.89,28.0,154.87,15.0,131.63,49.0,157.92,48.0,150.88,7.980000000000018,77.0,63.0,4.718387436400262,140,14.0,-10.0,0.1,152.5,2.0
2025-04-08 11:05:55,131.27,22.0,152.0,27.0,122.56,27.0,155.0,16.0,141.64,20.72999999999999,49.0,43.0,9.292538942612271,92,6.0,19.0,0.07,152.5,
2025-04-08 11:05:56,126.29,14.0,152.0,18.0,90.88,16.0,153.0,12.0,139.14,25.709999999999997,30.0,30.0,7.377223054778953,60,0.0,-32.0,0.0,152.0,2.0
2025-04-08 11:05:57,133.53,32.0,152.0,13.0,123.07,28.0,153.0,26.0,142.77,18.47,60.0,39.0,5.458328498721961,99,21.0,39.0,0.21,152.0,
2025-04-08 11:05:58,145.14,29.0,152.0,11.0,110.4,30.0,153.0,52.0,148.57,6.860000000000014,59.0,63.0,6.402839213970709,122,-4.0,23.0,-0.03,152.0,
2025-04-08 11:06:00,148.0,48.0,153.0,14.0,100.17,36.0,154.0,60.0,150.5,5.0,84.0,74.0,4.826173432437628,158,10.0,25.0,0.06,153.0,1.0
2025-04-08 11:06:01,148.0,36.0,153.8,25.0,146.0,27.0,154.14,29.0,150.9,5.800000000000011,63.0,54.0,3.2670277011328444,117,9.0,-41.0,0.08,153.0,1.0
2025-04-08 11:06:02,148.2,20.0,154.0,25.0,146.0,15.0,155.0,5.0,151.1,5.800000000000011,35.0,30.0,1.159254070500178,65,5.0,-52.0,0.08,153.0,
2025-04-08 11:06:03,149.62,32.0,154.0,40.0,139.0,24.0,155.0,8.0,151.81,4.379999999999996,56.0,48.0,1.055381447615957,104,8.0,39.0,0.08,153.0,
2025-04-08 11:06:04,150.0,32.0,154.0,32.0,118.62,21.0,155.0,8.0,152.0,4.0,53.0,40.0,0.6290627949359502,93,13.0,-11.0,0.14,154.0,1.0
2025-04-08 11:06:05,150.0,40.0,154.0,40.0,77.9,21.0,155.39,41.0,152.0,4.0,61.0,81.0,0.5236601951389628,142,-20.0,49.0,-0.14,154.0,
2025-04-08 11:06:06,150.2,25.0,152.72,43.0,132.0,35.0,153.78,41.0,151.46,2.5200000000000102,60.0,84.0,0.3893327625221273,144,-24.0,2.0,-0.17,154.56,9.0
2025-04-08 11:06:07,151.0,9.0,152.0,36.0,150.0,36.0,153.0,45.0,151.5,1.0,45.0,81.0,0.2622594135073207,126,-36.0,-18.0,-0.29,154.56,
2025-04-08 11:06:08,151.91,35.0,152.81,43.0,128.38,26.0,154.29,28.0,152.36,0.9000000000000057,61.0,71.0,0.3803682425930705,132,-10.0,6.0,-0.08,152.33,6.0
2025-04-08 11:06:09,152.12,32.0,154.0,22.0,72.86,21.0,155.6,15.0,153.06,1.8799999999999957,53.0,37.0,0.6644396134891324,90,16.0,-42.0,0.18,153.8,5.0
2025-04-08 11:06:12,128.62,42.0,155.21,48.0,20.19,21.0,157.0,10.0,141.91,26.590000000000003,63.0,58.0,28.121834399625342,121,5.0,49.0,0.04,154.29,7.0
2025-04-08 11:06:13,154.0,16.0,155.0,15.0,151.0,15.0,157.0,5.0,154.5,1.0,31.0,20.0,28.51213127775529,51,11.0,-70.0,0.22,154.0,1.0
2025-04-08 11:06:14,151.0,12.0,270.2,5.0,20.0,8.0,344.88,8.0,210.6,119.2,20.0,13.0,45.30608049699251,33,7.0,-18.0,0.21,155.4,5.0
2025-04-08 11:06:15,160.85,26.0,356.0,16.0,154.55,33.0,457.0,40.0,258.42,195.15,59.0,56.0,66.55000578512367,115,3.0,82.0,0.03,155.4,
2025-04-08 11:06:16,162.57,14.0,412.1,20.0,159.83,24.0,549.0,29.0,287.34,249.53000000000003,38.0,49.0,63.32711804590544,87,-11.0,-28.0,-0.13,165.0,2.0
2025-04-08 11:06:17,163.43,14.0,459.0,16.0,160.31,26.0,656.39,36.0,311.21,295.57,40.0,52.0,62.7065170456794,92,-12.0,5.0,-0.13,163.0,3.0
2025-04-08 11:06:18,161.89,9.0,336.12,25.0,159.21,39.0,377.84,19.0,249.0,174.23000000000002,48.0,44.0,38.33693754070743,92,4.0,0.0,0.04,163.0,
2025-04-08 11:06:19,159.71,34.0,307.84,19.0,158.31,58.0,351.64,47.0,233.77,148.12999999999997,92.0,66.0,31.086956589542638,158,26.0,66.0,0.16,162.0,2.0
2025-04-08 11:06:20,159.0,60.0,302.0,14.0,158.0,154.0,304.07,15.0,230.5,143.0,214.0,29.0,35.430425202078816,243,185.0,85.0,0.76,159.0,5.0
2025-04-08 11:06:21,158.71,14.0,289.56,9.0,157.94,35.0,293.83,6.0,224.13,130.85,49.0,15.0,35.56753252616897,64,34.0,-168.0,0.53,159.0,2.0
2025-04-08 11:06:22,158.0,24.0,286.88,8.0,157.0,12.0,288.6,10.0,222.44,128.88,36.0,18.0,10.579559064538977,54,18.0,-10.0,0.33,159.0,
2025-04-08 11:06:23,158.0,40.0,283.1,10.0,157.0,20.0,286.0,20.0,220.55,125.10000000000002,60.0,30.0,5.6149238641376655,90,30.0,36.0,0.33,159.0,
2025-04-08 11:06:24,158.0,20.0,280.0,5.0,157.0,10.0,286.0,10.0,219.0,122.0,30.0,15.0,4.453036042977803,45,15.0,-45.0,0.33,159.0,
2025-04-08 11:06:25,158.64,11.0,244.71,14.0,157.93,30.0,280.69,13.0,201.68,86.07000000000002,41.0,27.0,9.085254536888504,68,14.0,23.0,0.21,159.0,
2025-04-08 11:06:26,158.2,25.0,198.4,20.0,157.67,30.0,265.67,12.0,178.3,40.20000000000002,55.0,32.0,18.76347728967217,87,23.0,19.0,0.26,159.0,1.0
2025-04-08 11:06:27,158.96,23.0,195.46,26.0,155.97,33.0,279.0,13.0,177.21,36.5,56.0,39.0,21.061062888658636,95,17.0,8.0,0.18,158.8,5.0
2025-04-08 11:06:28,163.91,22.0,195.0,16.0,161.33,9.0,279.0,8.0,179.45,31.090000000000003,31.0,24.0,18.59325872460299,55,7.0,-40.0,0.13,158.8,
2025-04-08 11:06:29,163.33,12.0,194.0,14.0,158.36,11.0,279.0,7.0,178.67,30.669999999999987,23.0,21.0,10.438973608550649,44,2.0,-11.0,0.05,164.0,1.0
2025-04-08 11:06:30,159.5,10.0,193.0,20.0,145.0,20.0,279.0,10.0,176.25,33.5,30.0,30.0,1.2574895625855669,60,0.0,16.0,0.0,159.5,2.0
2025-04-08 11:06:31,157.27,15.0,189.37,19.0,140.0,24.0,203.15,20.0,173.32,32.099999999999994,39.0,39.0,2.394702486742486,78,0.0,18.0,0.0,159.5,
2025-04-08 11:06:32,158.62,26.0,184.46,13.0,157.0,13.0,188.0,26.0,171.54,25.840000000000003,39.0,39.0,3.3929824638523463,78,0.0,0.0,0.0,159.5,
2025-04-08 11:06:33,160.33,18.0,183.06,17.0,157.0,9.0,184.8,10.0,171.7,22.72999999999999,27.0,27.0,3.0918166181078792,54,0.0,-24.0,0.0,159.5,
2025-04-08 11:06:34,164.52,67.0,181.36,22.0,159.91,22.0,183.29,17.0,172.94,16.840000000000003,89.0,39.0,1.8958902921864773,128,50.0,74.0,0.39,163.0,3.0
2025-04-08 11:06:35,165.0,143.0,172.76,25.0,162.0,12.0,174.32,25.0,168.88,7.759999999999991,155.0,50.0,1.7419184825948395,205,105.0,77.0,0.51,165.0,5.0
2025-04-08 11:06:36,165.18,80.0,170.87,45.0,164.7,80.0,171.59,22.0,168.02,5.689999999999998,160.0,67.0,2.0726022290841275,227,93.0,22.0,0.41,165.0,
2025-04-08 11:06:37,165.68,96.0,168.42,24.0,164.17,78.0,171.0,36.0,167.05,2.7399999999999807,174.0,60.0,2.5006639118449403,234,114.0,7.0,0.49,166.0,2.0
2025-04-08 11:06:38,166.0,96.0,167.15,26.0,165.0,104.0,171.28,25.0,166.58,1.1500000000000057,200.0,51.0,2.534221774036884,251,149.0,17.0,0.59,166.0,3.0
2025-04-08 11:06:39,166.0,30.0,167.0,18.0,165.0,72.0,238.67,9.0,166.5,1.0,102.0,27.0,1.0221937194100996,129,75.0,-122.0,0.58,166.0,5.0
2025-04-08 11:06:40,165.04,79.0,287.2,40.0,161.67,72.0,641.47,17.0,226.12,122.16,151.0,57.0,26.42942072766658,208,94.0,79.0,0.45,165.17,6.0
2025-04-08 11:06:44,163.98,49.0,368.56,34.0,159.89,135.0,397.49,41.0,266.27,204.58,184.0,75.0,51.761629900922976,259,109.0,157.0,0.42,165.17,
2025-04-08 11:06:45,161.0,72.0,175.9,20.0,158.71,70.0,320.42,26.0,168.45,14.900000000000006,142.0,46.0,73.91443194667815,188,96.0,-71.0,0.51,165.17,
2025-04-08 11:06:46,160.0,90.0,174.1,30.0,157.42,38.0,176.0,20.0,167.05,14.099999999999994,128.0,50.0,80.0865611697748,178,78.0,-10.0,0.44,164.5,4.0
2025-04-08 11:06:47,160.0,63.0,173.79,19.0,157.0,35.0,175.25,16.0,166.89,13.789999999999992,98.0,35.0,73.73493337625017,133,63.0,-45.0,0.47,164.5,
2025-04-08 11:06:48,160.0,117.0,167.02,45.0,157.0,65.0,169.13,47.0,163.51,7.02000000000001,182.0,92.0,44.66662154226603,274,90.0,141.0,0.33,164.5,
2025-04-08 11:06:49,160.18,77.0,167.56,52.0,158.86,92.0,183.05,38.0,163.87,7.3799999999999955,169.0,90.0,2.1577488269042355,259,79.0,-15.0,0.31,165.5,4.0
2025-04-08 11:06:50,165.33,24.0,172.0,42.0,161.85,27.0,368.89,61.0,168.67,6.669999999999988,51.0,103.0,2.222638072203081,154,-52.0,-105.0,-0.34,165.5,
2025-04-08 11:06:51,161.14,83.0,172.0,30.0,160.16,37.0,358.5,30.0,166.57,10.860000000000014,120.0,60.0,2.17571137791908,180,60.0,26.0,0.33,164.4,5.0
2025-04-08 11:06:52,161.0,102.0,171.25,36.0,160.0,96.0,359.46,52.0,166.12,10.25,198.0,88.0,2.1146914668590373,286,110.0,106.0,0.38,161.0,1.0
2025-04-08 11:06:53,161.27,52.0,170.36,42.0,160.38,91.0,291.4,40.0,165.81,9.090000000000003,143.0,82.0,1.7193661622838756,225,61.0,-61.0,0.27,161.0,3.0
2025-04-08 11:06:54,163.8,20.0,169.2,30.0,161.78,23.0,286.8,30.0,166.5,5.399999999999977,43.0,60.0,1.1247799784878798,103,-17.0,-122.0,-0.17,161.0,
2025-04-08 11:06:55,163.22,23.0,166.06,48.0,161.13,107.0,190.0,48.0,164.64,2.8400000000000034,130.0,96.0,0.7824768367220986,226,34.0,123.0,0.15,163.33,3.0
2025-04-08 11:06:56,161.3,23.0,164.0,27.0,160.43,95.0,289.03,33.0,162.65,2.6999999999999886,118.0,60.0,1.557956995557343,178,58.0,-48.0,0.33,161.25,4.0
2025-04-08 11:06:57,161.0,89.0,163.42,36.0,157.97,88.0,398.83,24.0,162.21,2.4199999999999875,177.0,60.0,1.891235046208029,237,117.0,59.0,0.49,161.0,3.0
2025-04-08 11:06:58,161.05,66.0,169.08,36.0,159.35,40.0,349.72,29.0,165.06,8.030000000000001,106.0,65.0,1.7737728152177146,171,41.0,-66.0,0.24,162.0,3.0
2025-04-08 11:06:59,162.0,21.0,455.57,35.0,161.0,67.0,637.71,14.0,308.79,293.57,88.0,49.0,64.92468598306831,137,39.0,-34.0,0.28,162.0,
2025-04-08 11:07:01,161.19,52.0,432.0,27.0,159.73,44.0,583.0,36.0,296.6,270.81,96.0,63.0,80.00766919489699,159,33.0,22.0,0.21,162.25,4.0
2025-04-08 11:07:02,161.0,30.0,430.67,30.0,159.0,23.0,432.0,18.0,295.83,269.67,53.0,48.0,63.68932210347421,101,5.0,-58.0,0.05,162.25,
2025-04-08 11:07:03,161.0,23.0,430.0,25.0,159.0,15.0,434.2,15.0,295.5,269.0,38.0,40.0,11.279010151609256,78,-2.0,-23.0,-0.03,162.25,
2025-04-08 11:07:04,161.92,38.0,428.33,30.0,160.67,18.0,443.0,18.0,295.13,266.41,56.0,48.0,11.35204519018943,104,8.0,26.0,0.08,162.25,
2025-04-08 11:07:05,162.0,84.0,275.24,51.0,161.0,36.0,454.04,48.0,218.62,113.24,120.0,99.0,34.50454941018782,219,21.0,115.0,0.1,162.25,
2025-04-08 11:07:06,162.0,63.0,189.0,45.0,161.0,27.0,189.52,27.0,175.5,27.0,90.0,72.0,56.025179428539815,162,18.0,-57.0,0.11,162.25,
2025-04-08 11:07:07,162.0,56.0,186.0,40.0,161.0,24.0,187.0,40.0,174.0,24.0,80.0,80.0,60.730158899842095,160,0.0,-2.0,0.0,162.25,
2025-04-08 11:07:08,162.0,36.0,186.0,40.0,161.0,24.0,187.0,40.0,174.0,24.0,60.0,80.0,52.60978711228605,140,-20.0,-20.0,-0.14,162.0,5.0
2025-04-08 11:07:09,164.14,84.0,185.64,64.0,162.0,28.0,186.57,70.0,174.89,21.5,112.0,134.0,19.69770595780252,246,-22.0,106.0,-0.09,162.0,
2025-04-08 11:07:10,165.22,54.0,183.36,33.0,162.0,18.0,184.51,39.0,174.29,18.14000000000001,72.0,72.0,0.6499461516499088,144,0.0,-102.0,0.0,162.0,
2025-04-08 11:07:11,166.0,45.0,181.18,49.0,162.0,22.0,182.38,39.0,173.59,15.180000000000009,67.0,88.0,0.4810717202708327,155,-21.0,11.0,-0.14,166.0,3.0
2025-04-08 11:07:12,164.27,33.0,177.67,85.0,161.19,52.0,178.94,69.0,170.97,13.399999999999975,85.0,154.0,1.5168783735171496,239,-69.0,84.0,-0.29,165.75,4.0
2025-04-08 11:07:13,161.38,21.0,174.53,49.0,159.38,39.0,175.59,37.0,167.96,13.150000000000006,60.0,86.0,2.8691810678385936,146,-26.0,-93.0,-0.18,162.4,5.0
2025-04-08 11:07:14,164.69,51.0,168.41,56.0,160.29,45.0,169.87,62.0,166.55,3.719999999999999,96.0,118.0,3.3926125626193437,214,-22.0,68.0,-0.1,165.0,3.0
2025-04-08 11:07:15,162.33,9.0,167.62,16.0,160.06,17.0,170.2,25.0,164.98,5.289999999999992,26.0,41.0,3.4645706804800085,67,-15.0,-147.0,-0.22,165.0,1.0
2025-04-08 11:07:16,160.2,35.0,167.0,40.0,156.46,50.0,168.93,43.0,163.6,6.800000000000011,85.0,83.0,2.843794999651124,168,2.0,101.0,0.01,160.2,5.0
2025-04-08 11:07:17,160.33,24.0,164.55,40.0,158.36,44.0,166.16,43.0,162.44,4.219999999999999,68.0,83.0,2.214831822066837,151,-15.0,-17.0,-0.1,166.0,1.0
2025-04-08 11:07:18,159.86,14.0,162.82,33.0,158.3,40.0,166.19,32.0,161.34,2.9599999999999795,54.0,65.0,2.0551447637670783,119,-11.0,-32.0,-0.09,162.0,4.0
2025-04-08 11:07:19,160.47,32.0,163.67,27.0,158.6,35.0,596.61,31.0,162.07,3.1999999999999886,67.0,58.0,1.4273682075900338,125,9.0,6.0,0.07,162.5,6.0
2025-04-08 11:07:20,160.0,16.0,162.38,16.0,159.0,12.0,566.8,10.0,161.19,2.3799999999999955,28.0,26.0,0.9706029054347748,54,2.0,-71.0,0.04,162.5,
2025-04-08 11:07:21,160.0,16.0,260.62,24.0,158.6,10.0,526.86,22.0,210.31,100.62,26.0,46.0,21.718320607267103,72,-20.0,18.0,-0.28,161.0,2.0
2025-04-08 11:07:22,160.2,10.0,331.92,25.0,158.11,9.0,667.09,11.0,246.06,171.72000000000003,19.0,36.0,38.63420802863767,55,-17.0,-17.0,-0.31,161.0,
2025-04-08 11:07:23,165.0,22.0,284.6,53.0,159.83,12.0,342.74,27.0,224.8,119.60000000000002,34.0,80.0,38.02576665893877,114,-46.0,59.0,-0.4,161.0,
2025-04-08 11:07:24,165.0,20.0,261.33,43.0,159.0,10.0,430.0,18.0,213.16,96.32999999999998,30.0,61.0,31.24806922035446,91,-31.0,-23.0,-0.34,161.0,
2025-04-08 11:07:25,165.0,13.0,238.91,53.0,158.77,13.0,559.57,56.0,201.95,73.91,26.0,109.0,17.07249337384754,135,-83.0,44.0,-0.61,165.0,1.0
2025-04-08 11:07:26,165.0,9.0,237.0,45.0,158.78,9.0,429.67,36.0,201.0,72.0,18.0,81.0,18.720279912439,99,-63.0,-36.0,-0.64,165.0,
2025-04-08 11:07:27,162.92,26.0,236.0,55.0,161.77,65.0,348.85,52.0,199.46,73.08000000000001,91.0,107.0,10.809397763060716,198,-16.0,99.0,-0.08,162.6,5.0
2025-04-08 11:07:28,162.0,66.0,233.6,50.0,159.0,11.0,269.37,51.0,197.8,71.6,77.0,101.0,6.069767705609414,178,-24.0,-20.0,-0.13,162.6,
2025-04-08 11:07:29,162.0,56.0,234.59,54.0,159.0,12.0,369.33,54.0,198.3,72.59,68.0,108.0,1.759266892787261,176,-40.0,-2.0,-0.23,162.0,2.0
2025-04-08 11:07:30,162.0,18.0,229.83,42.0,160.75,16.0,234.62,40.0,195.92,67.83000000000001,34.0,82.0,1.894592304443533,116,-48.0,-60.0,-0.41,162.0,2.0
2025-04-08 11:07:31,162.2,30.0,223.56,64.0,161.07,30.0,228.24,66.0,192.88,61.360000000000014,60.0,130.0,2.5710153636366457,190,-70.0,74.0,-0.37,162.0,
2025-04-08 11:07:32,163.18,17.0,216.04,53.0,161.42,24.0,220.84,55.0,189.61,52.85999999999999,41.0,108.0,3.6426254268116014,149,-67.0,-41.0,-0.45,164.0,2.0
2025-04-08 11:07:33,162.0,11.0,213.11,47.0,161.0,22.0,214.08,52.0,187.55,51.110000000000014,33.0,99.0,4.407830532138582,132,-66.0,-17.0,-0.5,164.0,
2025-04-08 11:07:34,165.33,30.0,208.61,62.0,161.17,24.0,210.15,65.0,186.97,43.28,54.0,127.0,3.7735699278072974,181,-73.0,49.0,-0.4,164.0,
2025-04-08 11:07:35,167.0,55.0,205.69,48.0,162.0,11.0,207.08,51.0,186.34,38.69,66.0,99.0,2.654288982015768,165,-33.0,-16.0,-0.2,164.0,
2025-04-08 11:07:36,165.21,47.0,200.48,89.0,157.49,90.0,202.13,76.0,182.85,35.26999999999998,137.0,165.0,2.460138207509688,302,-28.0,137.0,-0.09,164.22,9.0
2025-04-08 11:07:37,158.89,38.0,196.21,58.0,133.0,18.0,197.22,59.0,177.55,37.32000000000002,56.0,117.0,4.168527317896248,173,-61.0,-129.0,-0.35,160.0,3.0
2025-04-08 11:07:38,157.56,86.0,192.84,62.0,148.72,111.0,194.71,56.0,175.2,35.28,197.0,118.0,5.245566699608885,315,79.0,142.0,0.25,160.0,1.0
2025-04-08 11:07:39,157.0,60.0,192.31,26.0,141.83,42.0,195.45,44.0,174.65,35.31,102.0,70.0,5.0906158763006255,172,32.0,-143.0,0.19,160.0,
2025-04-08 11:07:40,157.0,130.0,189.64,55.0,144.08,91.0,193.32,80.0,173.32,32.639999999999986,221.0,135.0,3.7556930119542784,356,86.0,168.0,0.24,160.0,
2025-04-08 11:07:41,157.57,105.0,185.56,54.0,147.62,63.0,186.6,50.0,171.56,27.99000000000001,168.0,104.0,2.2271798310959494,272,64.0,-84.0,0.24,160.0,
2025-04-08 11:07:42,161.54,28.0,182.86,35.0,157.92,65.0,183.92,38.0,172.2,21.32000000000002,93.0,73.0,1.55189561505914,166,20.0,-106.0,0.12,160.0,
2025-04-08 11:07:43,161.11,44.0,179.12,50.0,157.19,105.0,180.48,50.0,170.12,18.00999999999999,149.0,100.0,1.7210752453158638,249,49.0,83.0,0.2,161.62,8.0
2025-04-08 11:07:44,162.0,74.0,175.26,53.0,157.75,114.0,177.73,55.0,168.63,13.259999999999993,188.0,108.0,1.8295846523291024,296,80.0,47.0,0.27,161.62,
2025-04-08 11:07:45,162.02,90.0,173.94,49.0,158.21,116.0,175.58,59.0,167.98,11.919999999999987,206.0,108.0,1.8164030389859744,314,98.0,18.0,0.31,161.62,
2025-04-08 11:07:46,164.1,42.0,169.58,101.0,162.0,187.0,170.7,96.0,166.84,5.480000000000018,229.0,197.0,2.074772276669625,426,32.0,112.0,0.08,161.62,
2025-04-08 11:07:47,162.19,74.0,165.7,46.0,159.78,54.0,167.08,39.0,163.94,3.509999999999991,128.0,85.0,2.3173735132765687,213,43.0,-168.0,0.2,167.0,2.0
2025-04-08 11:07:48,162.0,63.0,165.33,18.0,160.0,40.0,167.26,43.0,163.67,3.3300000000000125,103.0,61.0,2.2907793433752883,164,42.0,-49.0,0.26,164.44,9.0
2025-04-08 11:07:49,162.0,63.0,164.11,18.0,161.0,45.0,168.0,45.0,163.06,2.1100000000000136,108.0,63.0,2.172215458934537,171,45.0,7.0,0.26,164.44,
2025-04-08 11:07:50,162.0,64.0,166.33,54.0,161.0,60.0,340.33,60.0,164.17,4.3300000000000125,124.0,114.0,1.459976027211982,238,10.0,67.0,0.04,162.0,2.0
2025-04-08 11:07:51,161.13,115.0,163.02,49.0,159.55,55.0,322.31,49.0,162.08,1.8900000000000148,170.0,98.0,0.8387669521583625,268,72.0,30.0,0.27,162.0,5.0
2025-04-08 11:07:52,161.0,98.0,162.95,37.0,159.0,40.0,314.3,37.0,161.97,1.9499999999999889,138.0,74.0,0.965427366523636,212,64.0,-56.0,0.3,161.0,6.0
2025-04-08 11:07:53,161.0,52.0,163.0,30.0,159.0,30.0,563.91,23.0,162.0,2.0,82.0,53.0,0.9602239322327558,135,29.0,-77.0,0.21,161.0,2.0
2025-04-08 11:07:54,161.0,63.0,163.0,45.0,159.0,66.0,307.31,13.0,162.0,2.0,129.0,58.0,0.9657277049108576,187,71.0,52.0,0.38,161.0,
2025-04-08 11:07:55,161.0,70.0,162.8,50.0,159.0,120.0,270.5,10.0,161.9,1.8000000000000114,190.0,60.0,0.0648074072317818,250,130.0,63.0,0.52,161.0,5.0
2025-04-08 11:07:56,161.0,26.0,255.95,22.0,159.0,156.0,323.24,21.0,208.48,94.95,182.0,43.0,20.80106247286512,225,139.0,-25.0,0.62,161.0,
2025-04-08 11:07:57,159.24,76.0,182.27,22.0,143.04,46.0,214.33,24.0,170.75,23.03,122.0,46.0,20.181052499808796,168,76.0,-57.0,0.45,161.33,6.0
2025-04-08 11:07:58,159.92,59.0,180.59,58.0,147.12,17.0,181.56,25.0,170.25,20.670000000000016,76.0,83.0,19.375374318965807,159,-7.0,-9.0,-0.04,159.17,6.0
2025-04-08 11:07:59,160.0,30.0,177.0,20.0,159.0,10.0,180.0,40.0,168.5,17.0,40.0,60.0,18.51102725404618,100,-20.0,-59.0,-0.2,159.17,
2025-04-08 11:08:00,160.0,45.0,174.53,30.0,157.64,33.0,180.0,60.0,167.27,14.53,78.0,90.0,17.62473971439128,168,-12.0,68.0,-0.07,159.17,
2025-04-08 11:08:01,160.53,19.0,172.68,19.0,159.25,24.0,177.71,21.0,166.61,12.150000000000006,43.0,40.0,1.806593479462264,83,3.0,-85.0,0.04,159.17,
2025-04-08 11:08:02,161.82,22.0,170.0,22.0,160.0,33.0,171.4,25.0,165.91,8.180000000000007,55.0,47.0,1.7116716975036157,102,8.0,19.0,0.08,159.17,
2025-04-08 11:08:03,162.0,20.0,167.81,21.0,160.0,30.0,168.9,20.0,164.9,5.810000000000002,50.0,41.0,1.3617892641793552,91,9.0,-11.0,0.1,159.17,
2025-04-08 11:08:04,161.29,34.0,163.94,34.0,159.47,45.0,165.2,35.0,162.62,2.6500000000000057,79.0,69.0,1.8152327674525104,148,10.0,57.0,0.07,160.8,5.0
2025-04-08 11:08:05,158.0,40.0,162.04,23.0,157.0,42.0,163.11,27.0,160.02,4.039999999999992,82.0,50.0,2.6932452543413423,132,32.0,-16.0,0.24,158.0,2.0
2025-04-08 11:08:06,165.28,39.0,279.09,11.0,159.37,19.0,348.38,24.0,222.19,113.80999999999996,58.0,35.0,26.406046087970847,93,23.0,-39.0,0.25,161.5,4.0
2025-04-08 11:08:07,167.0,70.0,243.92,13.0,162.0,10.0,369.93,28.0,205.46,76.91999999999999,80.0,41.0,28.772101417867383,121,39.0,28.0,0.32,161.5,
2025-04-08 11:08:08,167.0,51.0,189.0,28.0,162.0,14.0,372.91,22.0,178.0,22.0,65.0,50.0,27.26448092298932,115,15.0,-6.0,0.13,167.0,5.0
2025-04-08 11:08:09,165.0,14.0,189.0,18.0,159.18,17.0,353.0,37.0,177.0,24.0,31.0,55.0,24.88102851571957,86,-24.0,-29.0,-0.28,163.4,5.0
2025-04-08 11:08:10,159.0,4.0,189.0,8.0,157.43,14.0,232.0,4.0,174.0,30.0,18.0,12.0,21.42056955358687,30,6.0,-56.0,0.2,158.67,3.0
2025-04-08 11:08:11,160.4,10.0,194.0,10.0,157.33,12.0,304.0,10.0,177.2,33.599999999999994,22.0,20.0,13.01787693904217,42,2.0,12.0,0.05,158.67,
2025-04-08 11:08:12,161.0,22.0,196.0,54.0,158.53,17.0,405.18,11.0,178.5,35.0,39.0,65.0,1.751570723676782,104,-26.0,62.0,-0.25,158.67,
2025-04-08 11:08:13,161.0,20.0,266.27,15.0,159.0,21.0,484.25,8.0,213.63,105.26999999999998,41.0,23.0,16.608771176701996,64,18.0,-40.0,0.28,158.67,
2025-04-08 11:08:14,161.0,112.0,359.0,14.0,159.0,42.0,530.0,17.0,260.0,198.0,154.0,31.0,36.88376716117892,185,123.0,121.0,0.66,158.67,
2025-04-08 11:08:15,161.0,45.0,303.0,6.0,159.0,18.0,538.0,9.0,232.0,142.0,63.0,15.0,35.49504585149975,78,48.0,-107.0,0.62,161.0,1.0
2025-04-08 11:08:18,165.0,16.0,334.66,41.0,162.0,86.0,358.82,28.0,249.83,169.66000000000005,102.0,69.0,44.27817780803677,171,33.0,62.0,0.19,161.0,
2025-04-08 11:08:19,165.0,5.0,288.8,15.0,162.0,40.0,291.0,10.0,226.9,123.8,45.0,25.0,49.865973669428286,70,20.0,-101.0,0.29,161.0,
2025-04-08 11:08:20,162.5,24.0,236.21,19.0,161.42,48.0,294.11,18.0,199.36,73.71000000000001,72.0,37.0,57.89025453390328,109,35.0,39.0,0.32,165.0,1.0
2025-04-08 11:08:21,162.0,35.0,188.33,18.0,161.0,49.0,241.41,17.0,175.17,26.330000000000013,84.0,35.0,60.57648495910016,119,49.0,10.0,0.41,165.0,
2025-04-08 11:08:22,163.21,33.0,189.0,26.0,161.53,75.0,453.22,23.0,176.11,25.789999999999992,108.0,49.0,32.57486039878088,157,59.0,38.0,0.38,165.0,
2025-04-08 11:08:23,167.0,12.0,188.25,32.0,162.0,60.0,215.38,21.0,177.62,21.25,72.0,53.0,22.4166226269715,125,19.0,-32.0,0.15,165.0,
2025-04-08 11:08:24,164.5,16.0,187.19,27.0,161.56,72.0,188.18,33.0,175.84,22.69,88.0,60.0,10.402867393177813,148,28.0,23.0,0.19,163.25,4.0
2025-04-08 11:08:25,161.24,90.0,182.14,58.0,160.18,80.0,184.67,49.0,171.69,20.899999999999977,170.0,107.0,2.201029304674881,277,63.0,129.0,0.23,161.67,3.0
2025-04-08 11:08:26,165.0,27.0,179.36,42.0,162.6,70.0,180.38,21.0,172.18,14.360000000000014,97.0,63.0,2.60882540620048,160,34.0,-117.0,0.21,161.67,
2025-04-08 11:08:27,165.0,45.0,175.17,60.0,163.0,105.0,176.56,45.0,170.08,10.169999999999987,150.0,105.0,3.129028603262689,255,45.0,95.0,0.18,161.67,
2025-04-08 11:08:28,165.0,24.0,174.62,40.0,163.0,56.0,176.0,16.0,169.81,9.620000000000005,80.0,56.0,2.4147774224625107,136,24.0,-119.0,0.18,161.67,
2025-04-08 11:08:29,163.15,78.0,172.42,50.0,161.23,123.0,173.47,51.0,167.79,9.269999999999982,201.0,101.0,1.7359867511110882,302,100.0,166.0,0.33,164.5,4.0
2025-04-08 11:08:30,163.0,90.0,168.06,47.0,161.0,180.0,169.74,38.0,165.53,5.060000000000002,270.0,85.0,2.520390842713112,355,185.0,53.0,0.52,164.5,
2025-04-08 11:08:31,163.0,52.0,165.48,25.0,161.0,108.0,166.08,24.0,164.24,2.4799999999999898,160.0,49.0,2.5780128005948018,209,111.0,-146.0,0.53,164.0,3.0
2025-04-08 11:08:32,163.0,5.0,164.0,10.0,161.0,60.0,165.0,25.0,163.5,1.0,65.0,35.0,2.60467464379516,100,30.0,-109.0,0.3,163.0,3.0
2025-04-08 11:08:33,163.0,8.0,164.0,16.0,161.0,96.0,165.0,40.0,163.5,1.0,104.0,56.0,1.8099640880493384,160,48.0,60.0,0.3,163.0,
2025-04-08 11:08:34,161.02,133.0,164.56,45.0,160.52,23.0,186.89,35.0,162.79,3.539999999999992,156.0,80.0,1.0396970712796,236,76.0,76.0,0.32,162.33,3.0
2025-04-08 11:08:35,161.0,72.0,165.0,30.0,160.0,6.0,366.0,12.0,163.0,4.0,78.0,42.0,0.5606959960860372,120,36.0,-116.0,0.3,162.33,
2025-04-08 11:08:36,161.0,118.0,164.5,50.0,160.0,10.0,332.36,11.0,162.75,3.5,128.0,61.0,0.3702296584913684,189,67.0,69.0,0.35,161.0,1.0
2025-04-08 11:08:37,160.38,66.0,162.67,51.0,149.66,35.0,201.0,20.0,161.52,2.289999999999992,101.0,71.0,0.730116429089401,172,30.0,-17.0,0.17,159.69,13.0
2025-04-08 11:08:38,158.0,39.0,161.21,43.0,124.0,56.0,198.13,23.0,159.6,3.210000000000008,95.0,66.0,1.4277499781213547,161,29.0,-11.0,0.18,159.69,
2025-04-08 11:08:39,139.94,16.0,243.82,17.0,113.8,30.0,344.85,13.0,191.88,103.88,46.0,30.0,13.555947034421136,76,16.0,-85.0,0.21,159.71,7.0
2025-04-08 11:08:40,161.0,6.0,315.33,9.0,124.77,35.0,423.5,6.0,238.17,154.32999999999998,41.0,15.0,33.69481755404006,56,26.0,-20.0,0.46,159.71,
2025-04-08 11:08:41,161.0,8.0,314.12,16.0,125.72,50.0,316.0,8.0,237.56,153.12,58.0,24.0,38.79788886009213,82,34.0,26.0,0.41,159.71,
2025-04-08 11:08:42,161.0,7.0,313.86,14.0,105.62,32.0,316.0,7.0,237.43,152.86,39.0,21.0,35.81597367097642,60,18.0,-22.0,0.3,159.71,
2025-04-08 11:08:43,161.0,13.0,312.52,23.0,137.62,76.0,314.38,16.0,236.76,151.51999999999998,89.0,39.0,20.39908944046501,128,50.0,68.0,0.39,159.71,
2025-04-08 11:08:44,161.0,12.0,309.0,13.0,159.0,192.0,311.04,23.0,235.0,148.0,204.0,36.0,1.2169346737189548,240,168.0,112.0,0.7,159.71,
2025-04-08 11:08:45,159.04,57.0,307.25,8.0,119.86,44.0,309.71,7.0,233.14,148.21,101.0,15.0,1.886350974791943,116,86.0,-124.0,0.74,159.33,6.0
2025-04-08 11:08:46,159.0,100.0,285.82,28.0,76.03,71.0,297.19,16.0,222.41,126.82,171.0,44.0,6.122023358342863,215,127.0,99.0,0.59,159.0,3.0
2025-04-08 11:08:47,159.19,84.0,231.33,36.0,128.58,52.0,233.88,32.0,195.26,72.14000000000001,136.0,68.0,17.28114521668305,204,68.0,-11.0,0.33,159.0,
2025-04-08 11:08:48,163.0,18.0,204.24,21.0,159.0,72.0,209.0,25.0,183.62,41.24000000000001,90.0,46.0,23.195553022078983,136,44.0,-68.0,0.32,159.0,
2025-04-08 11:08:49,163.0,16.0,200.0,20.0,159.0,64.0,201.0,27.0,181.5,37.0,80.0,47.0,23.359883989439407,127,33.0,-9.0,0.26,159.0,
2025-04-08 11:08:50,159.31,52.0,197.9,21.0,154.29,58.0,199.14,14.0,178.61,38.59,110.0,35.0,17.99145769525242,145,75.0,18.0,0.52,163.0,2.0
2025-04-08 11:08:51,165.2,30.0,193.61,23.0,160.2,60.0,194.8,15.0,179.4,28.410000000000025,90.0,38.0,6.761576739196986,128,52.0,-17.0,0.41,163.0,
2025-04-08 11:08:52,166.0,16.0,184.48,21.0,165.0,32.0,189.24,17.0,175.24,18.47999999999999,48.0,38.0,3.153280831141767,86,10.0,-42.0,0.12,163.0,
2025-04-08 11:08:53,165.83,24.0,180.62,21.0,164.07,58.0,182.57,21.0,173.23,14.789999999999992,82.0,42.0,3.321766096528206,124,40.0,38.0,0.32,165.5,4.0
2025-04-08 11:08:54,165.37,38.0,175.18,38.0,162.11,112.0,177.15,20.0,170.28,9.810000000000002,150.0,58.0,3.782904968412793,208,92.0,84.0,0.44,165.5,
2025-04-08 11:08:55,166.85,101.0,169.86,44.0,163.88,48.0,171.32,47.0,168.36,3.0100000000000198,149.0,91.0,4.315740956086247,240,58.0,32.0,0.24,167.33,6.0
2025-04-08 11:08:56,165.47,15.0,167.91,44.0,162.84,50.0,370.2,15.0,166.69,2.4399999999999977,65.0,59.0,3.490222055978359,124,6.0,-116.0,0.05,166.0,1.0
2025-04-08 11:08:57,162.18,68.0,167.0,40.0,161.2,90.0,739.45,22.0,164.59,4.819999999999993,158.0,62.0,3.318154607614867,220,96.0,96.0,0.44,164.0,3.0
2025-04-08 11:08:58,162.0,80.0,166.7,40.0,161.0,90.0,376.41,17.0,164.35,4.699999999999989,170.0,57.0,2.521315133027631,227,113.0,7.0,0.5,164.0,
2025-04-08 11:08:59,162.0,63.0,165.38,32.0,161.0,72.0,182.0,21.0,163.69,3.3799999999999955,135.0,53.0,1.937519032173069,188,82.0,-39.0,0.44,162.0,1.0
2025-04-08 11:09:00,162.5,48.0,182.0,27.0,161.28,74.0,462.67,27.0,172.25,19.5,122.0,54.0,3.503295591301658,176,68.0,-12.0,0.39,165.33,6.0
2025-04-08 11:09:02,162.0,42.0,259.67,18.0,161.0,66.0,364.0,12.0,210.83,97.67000000000002,108.0,30.0,65.1808654437794,138,78.0,-77.0,0.57,165.33,
2025-04-08 11:09:03,162.0,86.0,234.82,33.0,161.0,120.0,284.57,37.0,198.41,72.82,206.0,70.0,61.46438057932482,276,136.0,138.0,0.49,162.0,1.0
2025-04-08 11:09:04,162.0,15.0,191.0,20.0,161.0,70.0,304.2,30.0,176.5,29.0,85.0,50.0,59.14852517180868,135,35.0,-141.0,0.26,161.6,10.0
2025-04-08 11:09:05,161.0,30.0,191.0,20.0,159.0,110.0,437.04,25.0,176.0,30.0,140.0,45.0,58.4912859321804,185,95.0,50.0,0.51,161.6,
2025-04-08 11:09:06,161.0,21.0,191.0,14.0,159.0,98.0,313.0,14.0,176.0,30.0,119.0,28.0,16.19263320155362,147,91.0,-38.0,0.62,161.6,
2025-04-08 11:09:07,159.49,74.0,191.0,20.0,158.51,133.0,612.0,30.0,175.24,31.50999999999999,207.0,50.0,10.061202711408283,257,157.0,110.0,0.61,160.2,5.0
2025-04-08 11:09:08,165.0,26.0,189.0,14.0,159.0,156.0,236.78,27.0,177.0,24.0,182.0,41.0,0.6553777537003312,223,141.0,-34.0,0.63,160.2,
2025-04-08 11:09:09,165.0,30.0,184.65,51.0,159.08,150.0,196.65,49.0,174.82,19.65000000000001,180.0,100.0,0.8356554314099752,280,80.0,57.0,0.29,160.2,
2025-04-08 11:09:10,163.55,22.0,174.38,32.0,159.45,62.0,182.95,42.0,168.96,10.829999999999984,84.0,74.0,3.1541845221932943,158,10.0,-122.0,0.06,165.0,2.0
2025-04-08 11:09:11,159.03,137.0,163.27,60.0,158.06,207.0,168.35,31.0,161.15,4.240000000000009,344.0,91.0,6.496389766635092,435,253.0,168.0,0.58,160.14,7.0
2025-04-08 11:09:12,158.92,108.0,170.24,41.0,157.89,183.0,260.5,30.0,164.58,11.320000000000022,291.0,71.0,6.681633033925108,362,220.0,-73.0,0.61,159.0,9.0
2025-04-08 11:09:13,143.24,17.0,324.36,22.0,126.19,31.0,549.0,24.0,233.8,181.12,48.0,46.0,30.14158954003669,94,2.0,-168.0,0.02,163.0,1.0
2025-04-08 11:09:14,142.77,52.0,167.16,38.0,141.43,28.0,448.8,20.0,154.96,24.389999999999983,80.0,58.0,32.332806868566884,138,22.0,44.0,0.16,163.0,
2025-04-08 11:09:16,149.29,84.0,197.96,46.0,148.0,28.0,345.77,31.0,173.62,48.670000000000016,112.0,77.0,34.15559866259183,189,35.0,21.0,0.19,150.0,4.0
2025-04-08 11:09:18,163.54,70.0,416.55,22.0,161.75,109.0,509.73,22.0,290.04,253.01,179.0,44.0,104.09903496190584,223,135.0,61.0,0.61,150.0,
2025-04-08 11:09:19,165.05,88.0,231.29,34.0,162.12,146.0,371.8,30.0,198.17,66.23999999999998,234.0,64.0,97.85328798768136,298,170.0,75.0,0.57,150.0,
2025-04-08 11:09:20,166.0,36.0,208.67,18.0,165.0,54.0,267.33,18.0,187.33,42.66999999999999,90.0,36.0,90.10817238186618,126,54.0,-168.0,0.43,150.0,
2025-04-08 11:09:21,166.27,44.0,246.0,20.0,165.14,56.0,345.2,20.0,206.14,79.72999999999999,100.0,40.0,84.48435577075864,140,60.0,14.0,0.43,150.0,
2025-04-08 11:09:22,168.0,51.0,273.56,18.0,166.0,36.0,397.89,18.0,220.78,105.56,87.0,36.0,40.74609515033418,123,51.0,-17.0,0.41,168.0,3.0
2025-04-08 11:09:23,168.0,33.0,235.92,13.0,166.0,44.0,245.86,21.0,201.96,67.91999999999999,77.0,34.0,12.20522961685149,111,43.0,-12.0,0.39,168.0,
2025-04-08 11:09:24,168.0,18.0,233.0,6.0,166.0,24.0,234.0,6.0,200.5,65.0,42.0,12.0,12.023764801428428,54,30.0,-57.0,0.56,168.0,
2025-04-08 11:09:25,168.0,39.0,231.54,13.0,166.0,52.0,232.77,13.0,199.77,63.53999999999999,91.0,26.0,8.713610044067373,117,65.0,63.0,0.56,168.0,
2025-04-08 11:09:26,166.44,27.0,231.0,13.0,163.22,107.0,232.0,13.0,198.72,64.56,134.0,26.0,9.262190885534062,160,108.0,43.0,0.68,167.0,6.0
2025-04-08 11:09:27,166.0,12.0,229.57,14.0,164.05,76.0,231.83,12.0,197.79,63.56999999999999,88.0,26.0,1.6085303851856183,114,62.0,-46.0,0.54,165.25,4.0
2025-04-08 11:09:28,165.0,20.0,225.21,14.0,163.0,90.0,227.25,16.0,195.11,60.21000000000001,110.0,30.0,2.0966091672183107,140,80.0,26.0,0.57,165.25,
2025-04-08 11:09:29,165.0,16.0,222.0,8.0,163.0,72.0,224.0,10.0,193.5,57.0,88.0,18.0,2.601685991825747,106,70.0,-34.0,0.66,165.25,
2025-04-08 11:09:30,163.0,64.0,218.27,11.0,162.0,110.0,219.91,11.0,190.64,55.27000000000001,174.0,22.0,3.2702706310120964,196,152.0,90.0,0.78,163.67,6.0
2025-04-08 11:09:31,163.0,35.0,196.13,15.0,162.0,70.0,215.43,7.0,179.57,33.129999999999995,105.0,22.0,7.062263801363972,127,83.0,-69.0,0.65,163.67,
2025-04-08 11:09:32,164.14,56.0,189.22,18.0,162.11,90.0,200.64,14.0,176.68,25.080000000000013,146.0,32.0,8.41024672646714,178,114.0,51.0,0.64,163.67,
2025-04-08 11:09:33,167.0,88.0,172.17,12.0,163.0,55.0,173.41,22.0,169.58,5.169999999999988,143.0,34.0,9.941870045421313,177,109.0,-1.0,0.62,163.67,
2025-04-08 11:09:34,167.0,67.0,169.78,9.0,163.0,45.0,171.33,9.0,168.39,2.780000000000001,112.0,18.0,8.971363887394174,130,94.0,-47.0,0.72,167.0,1.0
2025-04-08 11:09:35,167.0,45.0,169.33,9.0,163.0,45.0,172.4,15.0,168.17,2.3300000000000125,90.0,24.0,5.282572290090864,114,66.0,-16.0,0.58,167.0,4.0
2025-04-08 11:09:36,167.5,24.0,170.0,8.0,164.5,32.0,173.0,16.0,168.75,2.5,56.0,24.0,3.598934564566795,80,32.0,-34.0,0.4,167.0,
2025-04-08 11:09:37,167.84,25.0,168.75,24.0,165.18,44.0,182.67,18.0,168.3,0.9099999999999966,69.0,42.0,0.56892002955753,111,27.0,31.0,0.24,167.6,5.0
2025-04-08 11:09:38,163.12,67.0,294.45,29.0,162.05,205.0,417.69,36.0,228.78,131.32999999999998,272.0,65.0,27.002497477086155,337,207.0,168.0,0.61,167.0,1.0
2025-04-08 11:09:39,163.11,37.0,174.65,17.0,162.09,115.0,203.05,22.0,168.88,11.539999999999992,152.0,39.0,26.94849402100318,191,113.0,-146.0,0.59,167.0,
2025-04-08 11:09:40,165.0,11.0,172.65,17.0,162.03,181.0,173.73,15.0,168.82,7.650000000000006,192.0,32.0,26.875153580957345,224,160.0,33.0,0.71,167.0,
2025-04-08 11:09:41,162.05,168.0,168.86,14.0,161.44,117.0,170.21,14.0,165.46,6.810000000000002,285.0,28.0,27.278312264508656,313,257.0,89.0,0.82,163.0,3.0
2025-04-08 11:09:42,162.0,145.0,163.24,17.0,161.0,60.0,165.6,10.0,162.62,1.240000000000009,205.0,27.0,27.998627109200232,232,178.0,-81.0,0.77,162.0,1.0
2025-04-08 11:09:43,162.0,95.0,163.0,14.0,161.0,42.0,329.6,10.0,162.5,1.0,137.0,24.0,3.1472654797503674,161,113.0,-71.0,0.7,162.0,1.0
2025-04-08 11:09:44,162.0,122.0,171.12,32.0,161.0,60.0,208.42,38.0,166.56,9.120000000000005,182.0,70.0,2.6910815669592467,252,112.0,91.0,0.44,162.0,2.0
2025-04-08 11:09:45,162.07,67.0,175.31,29.0,161.23,47.0,215.4,20.0,168.69,13.240000000000007,114.0,49.0,2.6475422565141047,163,65.0,-89.0,0.4,162.0,
2025-04-08 11:09:46,167.0,14.0,342.63,46.0,162.0,112.0,610.65,49.0,254.82,175.63,126.0,95.0,40.2142676173525,221,31.0,58.0,0.14,162.0,
2025-04-08 11:09:47,167.0,11.0,296.15,40.0,162.0,88.0,454.2,25.0,231.57,129.14999999999998,99.0,65.0,43.17519276158545,164,34.0,-57.0,0.21,162.0,
2025-04-08 11:09:48,167.0,9.0,373.96,23.0,162.0,72.0,505.76,21.0,270.48,206.96,81.0,44.0,48.40108087636147,125,37.0,-39.0,0.3,162.0,
2025-04-08 11:09:49,162.22,36.0,323.3,20.0,161.25,96.0,325.0,30.0,242.76,161.08,132.0,50.0,39.08879929084673,182,82.0,57.0,0.45,162.56,9.0
2025-04-08 11:09:50,161.0,105.0,244.36,22.0,159.0,44.0,315.08,25.0,202.68,83.36000000000001,149.0,47.0,25.58837861217679,196,102.0,14.0,0.52,161.0,7.0
2025-04-08 11:09:51,161.0,40.0,214.0,16.0,159.0,32.0,318.44,18.0,187.5,53.0,72.0,34.0,32.83095064112663,106,38.0,-90.0,0.36,161.0,
2025-04-08 11:09:52,162.75,99.0,175.39,36.0,160.88,64.0,214.77,26.0,169.07,12.639999999999986,163.0,62.0,41.42760335814855,225,101.0,119.0,0.45,163.0,2.0
2025-04-08 11:09:53,164.14,98.0,167.83,23.0,160.03,78.0,196.1,29.0,165.98,3.690000000000026,176.0,52.0,31.228781916687986,228,124.0,3.0,0.54,163.0,
2025-04-08 11:09:54,159.96,69.0,167.9,21.0,158.59,59.0,305.27,22.0,163.93,7.939999999999998,128.0,43.0,16.743666563809814,171,85.0,-57.0,0.5,166.0,1.0
2025-04-08 11:09:55,160.39,41.0,167.33,24.0,159.0,92.0,289.67,24.0,163.86,6.940000000000026,133.0,48.0,9.972420468473777,181,85.0,10.0,0.47,160.8,5.0
2025-04-08 11:09:56,162.0,15.0,219.43,35.0,159.0,135.0,316.97,31.0,190.71,57.43000000000001,150.0,66.0,11.379294793616848,216,84.0,35.0,0.39,165.0,2.0
2025-04-08 11:09:57,161.65,17.0,380.23,26.0,158.99,71.0,591.67,45.0,270.94,218.58,88.0,71.0,46.05924803988941,159,17.0,-57.0,0.11,160.2,5.0
2025-04-08 11:09:58,160.75,8.0,348.0,10.0,158.57,7.0,637.0,25.0,254.38,187.25,15.0,35.0,50.742186886259375,50,-20.0,-109.0,-0.4,160.2,
2025-04-08 11:09:59,166.0,9.0,334.0,18.0,160.85,26.0,640.33,45.0,250.0,168.0,35.0,63.0,46.118839100741575,98,-28.0,48.0,-0.29,160.2,
2025-04-08 11:10:00,166.0,9.0,451.67,36.0,161.96,83.0,607.33,27.0,308.83,285.67,92.0,63.0,42.75025461912617,155,29.0,57.0,0.19,160.2,
2025-04-08 11:10:03,164.0,8.0,464.0,20.0,162.0,12.0,639.0,12.0,314.0,300.0,20.0,32.0,44.95941703358906,52,-12.0,-58.0,-0.23,160.2,
2025-04-08 11:10:04,164.31,13.0,332.0,27.0,161.86,21.0,493.48,29.0,248.15,167.69,34.0,56.0,45.632764873500456,90,-22.0,38.0,-0.24,164.0,4.0
2025-04-08 11:10:05,161.67,9.0,182.0,21.0,160.5,24.0,692.0,35.0,171.83,20.330000000000013,33.0,56.0,79.04150953771156,89,-23.0,-1.0,-0.26,162.0,1.0
2025-04-08 11:10:06,159.46,26.0,182.0,18.0,158.75,16.0,568.67,30.0,170.73,22.539999999999992,42.0,48.0,74.94850345403907,90,-6.0,1.0,-0.07,160.5,4.0
2025-04-08 11:10:07,159.0,25.0,236.4,15.0,157.4,5.0,322.0,25.0,197.7,77.4,30.0,40.0,60.97629186823417,70,-10.0,-20.0,-0.14,160.5,
2025-04-08 11:10:11,158.81,31.0,417.81,32.0,157.77,13.0,418.69,16.0,288.31,259.0,44.0,48.0,70.546545273317,92,-4.0,-97.0,-0.04,159.0,5.0
2025-04-08 11:10:12,157.76,21.0,337.3,33.0,156.29,28.0,416.78,41.0,247.53,179.54000000000002,49.0,74.0,52.72674207648499,123,-25.0,31.0,-0.2,158.0,2.0
2025-04-08 11:10:13,157.0,59.0,297.68,37.0,156.0,44.0,366.64,25.0,227.34,140.68,103.0,62.0,63.6422263124111,165,41.0,42.0,0.25,158.0,3.0
2025-04-08 11:10:14,161.15,13.0,319.62,8.0,156.4,20.0,323.95,22.0,240.39,158.47,33.0,30.0,37.95127310117705,63,3.0,-102.0,0.05,158.0,
2025-04-08 11:10:15,159.66,35.0,291.51,37.0,143.39,57.0,293.64,25.0,225.59,131.85,92.0,62.0,25.43900391131912,154,30.0,91.0,0.19,161.0,4.0
2025-04-08 11:10:16,162.0,45.0,248.82,17.0,156.0,64.0,257.92,25.0,205.41,86.82,109.0,42.0,16.152765088370984,151,67.0,-3.0,0.44,161.0,
2025-04-08 11:10:17,165.53,17.0,180.86,29.0,161.29,68.0,218.86,37.0,173.2,15.330000000000013,85.0,66.0,26.20304810513626,151,19.0,0.0,0.13,161.0,
2025-04-08 11:10:18,165.08,13.0,177.65,17.0,161.67,45.0,178.18,17.0,171.36,12.569999999999991,58.0,34.0,30.834547994093832,92,24.0,-59.0,0.26,167.0,1.0
2025-04-08 11:10:19,162.0,38.0,174.25,32.0,159.0,40.0,174.56,16.0,168.12,12.25,78.0,48.0,25.517404452648886,126,30.0,34.0,0.24,162.0,1.0
2025-04-08 11:10:20,162.0,52.0,168.86,37.0,159.0,65.0,170.14,29.0,165.43,6.860000000000014,117.0,66.0,16.322215842221187,183,51.0,57.0,0.28,162.0,
2025-04-08 11:10:21,162.0,60.0,165.43,14.0,159.0,70.0,166.64,14.0,163.71,3.430000000000007,130.0,28.0,3.958867262241892,158,102.0,-25.0,0.65,162.0,
2025-04-08 11:10:22,162.0,33.0,163.0,13.0,159.39,62.0,259.65,17.0,162.5,1.0,95.0,30.0,3.5634295278634576,125,65.0,-33.0,0.52,162.0,3.0
2025-04-08 11:10:23,161.58,19.0,168.87,15.0,160.63,54.0,199.0,24.0,165.22,7.289999999999992,73.0,39.0,2.1143391402630547,112,34.0,-13.0,0.3,162.0,1.0
2025-04-08 11:10:24,161.0,40.0,183.38,26.0,159.0,65.0,191.72,25.0,172.19,22.379999999999995,105.0,51.0,3.760418859654981,156,54.0,44.0,0.35,161.0,3.0
2025-04-08 11:10:25,161.77,26.0,180.18,22.0,159.29,35.0,181.91,22.0,170.98,18.41,61.0,44.0,4.387111806194328,105,17.0,-51.0,0.16,161.0,
2025-04-08 11:10:26,162.0,29.0,177.11,18.0,161.0,9.0,178.44,18.0,169.56,15.110000000000014,38.0,36.0,4.086808045412771,74,2.0,-31.0,0.03,162.0,1.0
2025-04-08 11:10:27,162.0,33.0,176.0,22.0,161.0,11.0,178.0,22.0,169.0,14.0,44.0,44.0,2.6428204630756813,88,0.0,14.0,0.0,162.0,
2025-04-08 11:10:28,162.74,70.0,175.8,30.0,161.0,15.0,178.0,30.0,169.27,13.060000000000002,85.0,60.0,1.349351696205311,145,25.0,57.0,0.17,162.0,
2025-04-08 11:10:29,163.69,70.0,175.0,30.0,162.82,55.0,178.0,30.0,169.34,11.310000000000002,125.0,60.0,0.7807048098044096,185,65.0,40.0,0.35,162.0,
2025-04-08 11:10:30,165.67,27.0,173.22,18.0,163.0,45.0,175.78,18.0,169.44,7.550000000000011,72.0,36.0,0.2105231579934314,108,36.0,-77.0,0.33,162.0,
2025-04-08 11:10:31,166.6,30.0,170.3,20.0,163.0,50.0,172.0,20.0,168.45,3.700000000000017,80.0,40.0,0.3983089253975776,120,40.0,12.0,0.33,162.0,
2025-04-08 11:10:32,168.0,24.0,169.5,16.0,161.67,45.0,171.0,16.0,168.75,1.5,69.0,32.0,0.4285440468042176,101,37.0,-19.0,0.37,162.0,
2025-04-08 11:10:33,161.75,121.0,168.57,28.0,159.62,195.0,187.1,20.0,165.16,6.819999999999993,316.0,48.0,1.763510703129047,364,268.0,168.0,0.74,166.25,4.0
2025-04-08 11:10:34,161.32,63.0,166.46,26.0,160.12,169.0,224.31,42.0,163.89,5.140000000000015,232.0,68.0,2.453623850562652,300,164.0,-64.0,0.55,164.67,3.0
2025-04-08 11:10:35,160.0,32.0,217.11,36.0,159.0,132.0,352.14,57.0,188.56,57.110000000000014,164.0,93.0,10.056951327318483,257,71.0,-43.0,0.28,161.71,7.0
2025-04-08 11:10:36,164.57,58.0,350.4,50.0,158.98,59.0,598.92,26.0,257.48,185.83,117.0,76.0,39.68108831672927,193,41.0,-64.0,0.21,164.8,5.0
2025-04-08 11:10:37,166.0,42.0,418.0,20.0,161.0,7.0,600.03,29.0,292.0,252.0,49.0,49.0,58.12995802510172,98,0.0,-95.0,0.0,164.8,
2025-04-08 11:10:38,166.0,48.0,271.0,16.0,162.12,8.0,414.5,8.0,218.5,105.0,56.0,24.0,51.58567902044224,80,32.0,-18.0,0.4,164.8,
2025-04-08 11:10:39,166.0,36.0,253.31,13.0,164.0,49.0,347.43,14.0,209.65,87.31,85.0,27.0,41.26249289609271,112,58.0,32.0,0.52,166.0,3.0
2025-04-08 11:10:40,166.0,26.0,268.58,24.0,164.0,72.0,274.33,24.0,217.29,102.57999999999998,98.0,48.0,35.012518189928954,146,50.0,34.0,0.34,166.0,2.0
2025-04-08 11:10:41,164.4,20.0,268.0,16.0,163.57,28.0,361.65,17.0,216.2,103.6,48.0,33.0,34.42276383441776,81,15.0,-65.0,0.19,164.67,3.0
2025-04-08 11:10:42,164.0,18.0,267.38,16.0,161.0,8.0,333.0,40.0,215.69,103.38,26.0,56.0,3.425891124960935,82,-30.0,1.0,-0.37,164.0,2.0
2025-04-08 11:10:43,164.67,18.0,235.07,30.0,163.0,18.0,278.61,38.0,199.87,70.4,36.0,68.0,7.272578634850432,104,-32.0,22.0,-0.31,166.0,1.0
2025-04-08 11:10:44,164.84,77.0,246.27,22.0,162.88,16.0,397.79,28.0,205.56,81.43,93.0,50.0,7.778821890240342,143,43.0,39.0,0.3,166.0,
2025-04-08 11:10:45,165.23,169.0,242.85,26.0,164.0,26.0,282.1,49.0,204.04,77.62,195.0,75.0,7.309895348093589,270,120.0,127.0,0.44,166.0,
2025-04-08 11:10:46,166.14,91.0,241.71,14.0,164.0,14.0,279.0,7.0,203.93,75.57000000000002,105.0,21.0,5.908203618704958,126,84.0,-144.0,0.67,166.0,
2025-04-08 11:10:47,167.45,143.0,239.82,22.0,164.0,22.0,399.56,18.0,203.64,72.37,165.0,40.0,2.1138992407578003,205,125.0,79.0,0.61,166.0,
2025-04-08 11:10:48,168.0,143.0,238.18,22.0,164.0,22.0,398.36,22.0,203.09,70.18,165.0,44.0,0.9198206347309992,209,121.0,4.0,0.58,166.0,
2025-04-08 11:10:49,168.0,143.0,236.79,14.0,164.62,32.0,246.29,21.0,202.39,68.78999999999999,175.0,35.0,0.682400175905934,210,140.0,1.0,0.67,166.0,
2025-04-08 11:10:50,168.0,107.0,234.56,18.0,165.0,36.0,236.0,9.0,201.28,66.56,143.0,27.0,1.0634049088075688,170,116.0,-40.0,0.68,168.0,4.0
2025-04-08 11:10:51,168.0,90.0,232.38,16.0,165.0,40.0,233.71,14.0,200.19,64.38,130.0,30.0,1.3923613037123224,160,100.0,-10.0,0.62,168.0,
2025-04-08 11:10:52,168.0,54.0,231.0,6.0,165.0,24.0,232.0,12.0,199.5,63.0,78.0,18.0,1.4886403192426612,96,60.0,-64.0,0.62,168.0,
2025-04-08 11:10:53,168.0,99.0,220.29,17.0,165.0,44.0,226.0,14.0,194.15,52.28999999999999,143.0,31.0,3.1866549860431306,174,112.0,78.0,0.64,168.0,
2025-04-08 11:10:54,168.0,108.0,190.08,13.0,165.0,48.0,193.94,17.0,179.04,22.080000000000013,156.0,30.0,9.245640594359603,186,126.0,12.0,0.68,168.0,
2025-04-08 11:10:55,168.0,99.0,186.28,18.0,165.0,44.0,187.94,17.0,177.14,18.28,143.0,35.0,11.144614394408933,178,108.0,-8.0,0.61,168.0,
2025-04-08 11:10:56,168.0,67.0,184.0,36.0,165.0,48.0,186.0,12.0,176.0,16.0,115.0,48.0,10.86434443489635,163,67.0,-15.0,0.41,168.0,7.0
2025-04-08 11:10:57,166.88,16.0,182.1,20.0,164.77,26.0,183.5,12.0,174.49,15.22,42.0,32.0,7.992955023022438,74,10.0,-89.0,0.14,166.5,4.0
2025-04-08 11:10:58,162.1,115.0,180.81,36.0,160.57,28.0,181.23,26.0,171.45,18.710000000000008,143.0,62.0,2.8643027074763205,205,81.0,131.0,0.4,163.43,7.0
2025-04-08 11:10:59,162.0,84.0,174.41,27.0,160.0,24.0,175.87,30.0,168.2,12.409999999999997,108.0,57.0,3.631890692195254,165,51.0,-40.0,0.31,163.43,
2025-04-08 11:11:00,162.0,60.0,167.78,18.0,160.0,18.0,169.4,20.0,164.89,5.780000000000001,78.0,38.0,4.542975896926225,116,40.0,-49.0,0.34,162.0,1.0
2025-04-08 11:11:01,161.56,87.0,162.96,45.0,159.36,47.0,165.62,42.0,162.26,1.4000000000000057,134.0,87.0,4.907888548046955,221,47.0,105.0,0.21,161.5,8.0
2025-04-08 11:11:02,158.18,34.0,160.5,18.0,157.51,41.0,163.35,17.0,159.34,2.319999999999993,75.0,35.0,4.7733080772193945,110,40.0,-111.0,0.36,159.0,2.0
2025-04-08 11:11:03,158.0,75.0,159.09,35.0,157.0,75.0,167.26,23.0,158.54,1.0900000000000034,150.0,58.0,3.994381053435669,208,92.0,98.0,0.44,158.2,5.0
2025-04-08 11:11:04,158.0,27.0,159.0,18.0,157.0,45.0,163.0,9.0,158.5,1.0,72.0,27.0,2.799317774037864,99,45.0,-109.0,0.45,158.2,
2025-04-08 11:11:05,158.0,22.0,159.27,15.0,157.0,40.0,305.5,12.0,158.63,1.2700000000000102,62.0,27.0,1.6055466358979809,89,35.0,-10.0,0.39,158.0,2.0
2025-04-08 11:11:06,158.0,7.0,296.76,17.0,157.0,35.0,537.94,31.0,227.38,138.76,42.0,48.0,30.69306143088457,90,-6.0,1.0,-0.07,158.0,
2025-04-08 11:11:07,157.5,6.0,209.0,12.0,139.9,20.0,210.0,12.0,183.25,51.5,26.0,24.0,29.98894546328793,50,2.0,-40.0,0.04,157.2,5.0
2025-04-08 11:11:08,158.38,8.0,208.88,16.0,142.82,11.0,341.49,37.0,183.62,50.5,19.0,53.0,28.11386366190285,72,-34.0,22.0,-0.47,160.0,1.0
2025-04-08 11:11:09,161.2,10.0,207.5,20.0,146.2,15.0,349.0,50.0,184.35,46.30000000000001,25.0,70.0,24.834029677039247,95,-45.0,23.0,-0.47,160.0,
2025-04-08 11:11:10,164.0,8.0,206.0,16.0,158.07,15.0,349.0,40.0,185.0,42.0,23.0,56.0,19.387249676013116,79,-33.0,-16.0,-0.42,160.0,
2025-04-08 11:11:11,161.95,22.0,205.38,32.0,158.93,81.0,397.34,71.0,183.66,43.43000000000001,103.0,103.0,0.6967998278295139,206,0.0,127.0,0.0,160.25,4.0
2025-04-08 11:11:12,159.75,36.0,203.17,24.0,158.8,30.0,321.26,38.0,181.46,43.41999999999999,66.0,62.0,1.3327115216966203,128,4.0,-78.0,0.03,160.25,
2025-04-08 11:11:13,160.94,32.0,202.64,28.0,159.36,42.0,234.01,67.0,181.79,41.69999999999999,74.0,95.0,1.5633521676393325,169,-21.0,41.0,-0.12,160.25,
2025-04-08 11:11:14,166.0,8.0,199.75,16.0,160.0,24.0,200.75,16.0,182.88,33.75,32.0,32.0,1.4384783627369389,64,0.0,-105.0,0.0,160.25,
2025-04-08 11:11:15,166.0,12.0,197.08,24.0,160.06,32.0,198.5,24.0,181.54,31.080000000000013,44.0,48.0,0.9648212269958346,92,-4.0,28.0,-0.04,160.25,
2025-04-08 11:11:16,166.0,12.0,195.17,24.0,160.0,36.0,197.0,24.0,180.58,29.169999999999987,48.0,48.0,0.8254695633766332,96,0.0,4.0,0.0,160.25,
2025-04-08 11:11:17,166.0,16.0,194.75,32.0,160.75,59.0,196.56,32.0,180.38,28.75,75.0,64.0,1.0086029942752703,139,11.0,43.0,0.08,160.25,
2025-04-08 11:11:18,166.0,33.0,190.07,30.0,161.0,60.0,239.82,33.0,178.03,24.069999999999997,93.0,63.0,1.7819988776821485,156,30.0,17.0,0.19,160.25,
2025-04-08 11:11:19,165.71,51.0,187.58,31.0,160.91,53.0,525.95,37.0,176.64,21.870000000000005,104.0,68.0,2.0261490567229896,172,36.0,16.0,0.21,165.0,5.0
2025-04-08 11:11:20,163.0,63.0,184.68,44.0,160.19,62.0,185.83,36.0,173.84,21.680000000000007,125.0,80.0,2.8027094034270217,205,45.0,33.0,0.22,161.0,1.0
2025-04-08 11:11:21,164.0,77.0,182.28,29.0,161.0,22.0,183.46,26.0,173.14,18.28,99.0,55.0,2.988976413432721,154,44.0,-51.0,0.29,161.0,
2025-04-08 11:11:22,164.0,72.0,174.47,45.0,161.0,30.0,176.0,50.0,169.23,10.47,102.0,95.0,3.4122470602310573,197,7.0,43.0,0.04,164.0,3.0
2025-04-08 11:11:23,164.0,52.0,171.31,26.0,161.0,26.0,173.0,39.0,167.65,7.310000000000002,78.0,65.0,3.631810843099343,143,13.0,-54.0,0.09,164.0,
2025-04-08 11:11:24,163.1,42.0,168.18,34.0,160.62,26.0,169.92,26.0,165.64,5.0800000000000125,68.0,60.0,3.5242091311459376,128,8.0,-15.0,0.06,163.4,5.0
2025-04-08 11:11:25,160.72,40.0,166.46,39.0,159.19,74.0,168.0,39.0,163.59,5.740000000000009,114.0,78.0,3.638687950353925,192,36.0,64.0,0.19,161.44,9.0
2025-04-08 11:11:26,160.95,76.0,163.1,39.0,159.33,42.0,164.95,43.0,162.02,2.1500000000000057,118.0,82.0,2.925496539059526,200,36.0,8.0,0.18,161.44,
2025-04-08 11:11:27,160.68,22.0,168.0,36.0,159.23,64.0,199.0,24.0,164.34,7.319999999999993,86.0,60.0,2.12818467244941,146,26.0,-54.0,0.18,160.75,8.0
2025-04-08 11:11:28,160.0,14.0,167.89,27.0,159.0,63.0,220.95,19.0,163.94,7.889999999999986,77.0,46.0,1.3089232216016555,123,31.0,-23.0,0.25,160.75,
2025-04-08 11:11:29,159.25,24.0,167.0,30.0,158.68,50.0,168.0,30.0,163.12,7.75,74.0,60.0,0.8935994628734515,134,14.0,11.0,0.1,159.2,5.0
2025-04-08 11:11:30,159.0,10.0,167.0,18.0,157.0,12.0,168.0,18.0,163.0,8.0,22.0,36.0,0.9014876593984208,58,-14.0,-76.0,-0.24,159.0,2.0
2025-04-08 11:11:31,157.92,103.0,166.0,27.0,156.29,34.0,167.0,27.0,161.96,8.080000000000013,137.0,54.0,0.9226700385552988,191,83.0,133.0,0.43,159.0,
2025-04-08 11:11:32,158.0,247.0,163.52,23.0,157.0,26.0,164.36,33.0,160.76,5.52000000000001,273.0,56.0,1.2259200626660596,329,217.0,138.0,0.66,159.0,
2025-04-08 11:11:33,158.0,133.0,160.89,19.0,157.0,14.0,162.43,21.0,159.45,2.8899999999999864,147.0,40.0,1.5581463346061462,187,107.0,-142.0,0.57,162.0,1.0
2025-04-08 11:11:34,158.0,108.0,159.67,18.0,157.0,12.0,165.25,16.0,158.83,1.6699999999999875,120.0,34.0,1.7241374655305188,154,86.0,-33.0,0.56,158.0,3.0
2025-04-08 11:11:35,158.02,114.0,160.57,21.0,157.7,46.0,170.29,21.0,159.29,2.549999999999983,160.0,42.0,1.2823689016993285,202,118.0,48.0,0.58,158.0,
2025-04-08 11:11:36,158.0,81.0,159.0,6.0,156.0,15.0,186.46,13.0,158.5,1.0,96.0,19.0,0.8650606915385037,115,77.0,-87.0,0.67,158.0,3.0
2025-04-08 11:11:37,158.0,104.0,159.0,8.0,154.62,26.0,246.0,16.0,158.5,1.0,130.0,24.0,0.4411689019466131,154,106.0,39.0,0.69,158.0,
2025-04-08 11:11:38,158.0,91.0,159.0,7.0,156.4,20.0,381.88,17.0,158.5,1.0,111.0,24.0,0.3471743078694844,135,87.0,-19.0,0.64,158.0,
2025-04-08 11:11:39,158.0,86.0,159.0,11.0,157.0,22.0,271.6,25.0,158.5,1.0,108.0,36.0,0.3532987405080998,144,72.0,9.0,0.5,158.0,9.0
2025-04-08 11:11:40,160.67,36.0,258.09,11.0,157.67,18.0,335.06,17.0,209.38,97.42,54.0,28.0,22.754227739038985,82,26.0,-62.0,0.32,159.0,1.0
2025-04-08 11:11:41,164.22,18.0,283.6,15.0,161.9,42.0,514.8,15.0,223.91,119.38000000000002,60.0,30.0,32.25898975479642,90,30.0,8.0,0.33,159.0,
2025-04-08 11:11:42,166.0,5.0,400.77,13.0,162.0,40.0,703.83,12.0,283.38,234.77,45.0,25.0,52.032833672596354,70,20.0,-20.0,0.29,166.0,1.0
2025-04-08 11:11:44,164.91,11.0,397.57,28.0,162.86,57.0,536.67,24.0,281.24,232.66,68.0,52.0,55.10383353270551,120,16.0,25.0,0.13,163.75,4.0
2025-04-08 11:11:45,162.0,80.0,296.1,40.0,160.0,20.0,331.06,35.0,229.05,134.10000000000002,100.0,75.0,50.26085285786665,175,25.0,55.0,0.14,163.75,
2025-04-08 11:11:46,163.42,76.0,299.33,39.0,161.58,48.0,433.9,31.0,231.38,135.91,124.0,70.0,48.5151095020935,194,54.0,19.0,0.28,163.75,
2025-04-08 11:11:47,165.0,90.0,289.25,44.0,162.0,92.0,437.98,50.0,227.12,124.25,182.0,94.0,52.33208165169924,276,88.0,82.0,0.32,163.75,
2025-04-08 11:11:48,165.0,99.0,198.25,28.0,162.0,88.0,291.0,45.0,181.62,33.25,187.0,73.0,35.27474195511707,260,114.0,-16.0,0.44,163.75,
2025-04-08 11:11:49,165.0,111.0,176.43,67.0,162.0,112.0,184.7,54.0,170.72,11.430000000000009,223.0,121.0,29.330025912025427,344,102.0,84.0,0.3,165.0,5.0
2025-04-08 11:11:50,165.0,44.0,174.27,55.0,162.0,88.0,175.27,55.0,169.64,9.27000000000001,132.0,110.0,30.66294636854188,242,22.0,-102.0,0.09,165.0,
2025-04-08 11:11:51,165.27,22.0,170.64,55.0,163.03,70.0,172.09,55.0,167.95,5.369999999999976,92.0,110.0,25.017138125694316,202,-18.0,-40.0,-0.09,165.33,3.0
2025-04-08 11:11:52,165.0,26.0,168.23,65.0,162.0,127.0,169.62,65.0,166.62,3.2299999999999898,153.0,130.0,5.973248697322095,283,23.0,81.0,0.08,165.33,
2025-04-08 11:11:53,161.85,26.0,165.15,34.0,159.52,21.0,167.5,46.0,163.5,3.300000000000012,47.0,80.0,2.8174421023434983,127,-33.0,-156.0,-0.26,162.57,7.0
2025-04-08 11:11:54,159.64,11.0,163.94,48.0,157.75,24.0,214.54,28.0,161.79,4.300000000000011,35.0,76.0,3.2156103619774385,111,-41.0,-16.0,-0.37,162.25,4.0
2025-04-08 11:11:55,158.27,11.0,163.14,35.0,157.2,30.0,354.43,14.0,160.71,4.869999999999976,41.0,49.0,3.096777357198217,90,-8.0,-21.0,-0.09,162.25,
2025-04-08 11:11:56,159.5,20.0,161.45,44.0,157.82,39.0,232.83,87.0,160.48,1.9499999999999889,59.0,131.0,2.534314502987874,190,-72.0,100.0,-0.38,160.67,3.0
2025-04-08 11:11:57,158.0,12.0,161.0,33.0,157.0,36.0,261.0,12.0,159.5,3.0,48.0,45.0,1.5236896009534802,93,3.0,-97.0,0.03,160.67,
2025-04-08 11:11:58,159.0,14.0,245.15,34.0,157.33,36.0,467.18,22.0,202.07,86.15,50.0,56.0,18.554871328038324,106,-6.0,13.0,-0.06,161.0,5.0
2025-04-08 11:11:59,162.82,17.0,211.33,45.0,161.53,15.0,278.18,44.0,187.08,48.51000000000002,32.0,89.0,19.54910918686736,121,-57.0,15.0,-0.47,164.33,3.0
2025-04-08 11:12:00,158.43,14.0,189.17,18.0,157.0,20.0,549.0,12.0,173.8,30.73999999999998,34.0,30.0,18.156642861500128,64,4.0,-57.0,0.06,159.2,5.0
2025-04-08 11:12:01,157.29,31.0,205.57,21.0,156.09,53.0,370.55,29.0,181.43,48.28,84.0,50.0,15.77129766379628,134,34.0,70.0,0.25,166.0,1.0
2025-04-08 11:12:02,157.92,26.0,196.48,31.0,156.48,62.0,325.32,37.0,177.2,38.56,88.0,68.0,11.095009238394905,156,20.0,22.0,0.13,166.0,
2025-04-08 11:12:03,162.5,8.0,327.8,20.0,157.92,13.0,466.77,13.0,245.15,165.3,21.0,33.0,29.60908087057201,54,-12.0,-102.0,-0.22,166.0,
2025-04-08 11:12:04,163.0,22.0,326.36,44.0,161.0,11.0,376.35,51.0,244.68,163.36,33.0,95.0,37.036631461298974,128,-62.0,74.0,-0.48,166.0,
2025-04-08 11:12:05,163.0,24.0,191.93,41.0,161.0,12.0,227.22,41.0,177.46,28.930000000000007,36.0,82.0,36.30837410295428,118,-46.0,-10.0,-0.39,166.0,
2025-04-08 11:12:06,157.3,80.0,172.0,57.0,136.33,30.0,195.12,43.0,164.65,14.699999999999989,110.0,100.0,39.67250647488862,210,10.0,92.0,0.05,161.0,4.0
2025-04-08 11:12:07,157.0,84.0,158.15,27.0,113.44,18.0,159.81,43.0,157.57,1.1500000000000057,102.0,70.0,43.50516026864029,172,32.0,-38.0,0.19,157.43,7.0
2025-04-08 11:12:08,157.0,47.0,162.35,23.0,62.5,12.0,223.33,27.0,159.67,5.349999999999994,59.0,50.0,36.533348190387215,109,9.0,-63.0,0.08,157.0,2.0
2025-04-08 11:12:09,157.0,36.0,163.0,30.0,150.67,9.0,382.75,16.0,160.0,6.0,45.0,46.0,8.025014018683022,91,-1.0,-18.0,-0.01,157.0,
2025-04-08 11:12:10,157.29,51.0,163.0,45.0,123.28,43.0,420.05,19.0,160.15,5.710000000000008,94.0,64.0,2.5897142699643525,158,30.0,67.0,0.19,157.0,
2025-04-08 11:12:11,162.0,23.0,163.0,50.0,157.0,60.0,458.5,28.0,162.5,1.0,83.0,78.0,1.752418329068926,161,5.0,3.0,0.03,162.0,1.0
2025-04-08 11:12:12,162.0,11.0,163.0,40.0,157.0,48.0,455.46,13.0,162.5,1.0,59.0,53.0,1.4128800373907575,112,6.0,-49.0,0.05,162.0,1.0
2025-04-08 11:12:13,162.0,7.0,163.0,35.0,157.0,42.0,488.42,19.0,162.5,1.0,49.0,54.0,1.3292855223982638,103,-5.0,-9.0,-0.05,162.0,
2025-04-08 11:12:14,157.56,54.0,162.4,58.0,150.12,48.0,228.97,30.0,159.98,4.840000000000003,102.0,88.0,1.335058051193888,190,14.0,87.0,0.07,159.33,3.0
2025-04-08 11:12:15,157.0,30.0,164.0,25.0,127.38,13.0,430.43,7.0,160.5,7.0,43.0,32.0,1.251431180711775,75,11.0,-115.0,0.15,159.33,
2025-04-08 11:12:16,157.0,36.0,164.0,40.0,126.0,40.0,471.31,13.0,160.5,7.0,76.0,53.0,1.2091650011712285,129,23.0,54.0,0.18,157.0,2.0
2025-04-08 11:12:17,146.9,31.0,164.0,40.0,104.46,41.0,196.88,8.0,155.45,17.099999999999994,72.0,48.0,2.608827322774829,120,24.0,-9.0,0.2,157.0,
2025-04-08 11:12:18,139.94,51.0,164.0,60.0,128.58,45.0,201.0,12.0,151.97,24.06,96.0,72.0,3.8331384008479272,168,24.0,48.0,0.14,157.0,
2025-04-08 11:12:19,149.98,41.0,224.69,16.0,136.03,31.0,335.92,12.0,187.33,74.71000000000001,72.0,28.0,13.991066792780993,100,44.0,-68.0,0.44,164.0,5.0
2025-04-08 11:12:20,166.84,37.0,241.0,5.0,160.07,14.0,263.8,5.0,203.92,74.16,51.0,10.0,22.699729734075355,61,41.0,-39.0,0.67,164.0,
2025-04-08 11:12:21,167.0,81.0,238.56,9.0,162.0,45.0,244.67,9.0,202.78,71.56,126.0,18.0,25.163399015237804,144,108.0,83.0,0.75,164.0,
2025-04-08 11:12:22,167.0,63.0,210.57,7.0,162.0,35.0,232.57,7.0,188.79,43.56999999999999,98.0,14.0,21.010115896873952,112,84.0,-32.0,0.75,164.0,
2025-04-08 11:12:23,167.0,126.0,264.36,14.0,165.0,42.0,341.89,9.0,215.68,97.36,168.0,23.0,11.776037109320129,191,145.0,79.0,0.76,164.0,
2025-04-08 11:12:24,167.16,57.0,299.0,9.0,166.0,36.0,431.46,37.0,233.08,131.84,93.0,46.0,16.562723206045913,139,47.0,-52.0,0.34,167.0,3.0
2025-04-08 11:12:25,168.0,30.0,310.0,10.0,167.0,60.0,448.41,37.0,239.0,142.0,90.0,47.0,20.832015745004057,137,43.0,-2.0,0.31,167.0,
2025-04-08 11:12:26,168.0,9.0,289.0,15.0,167.0,18.0,354.0,3.0,228.5,121.0,27.0,18.0,19.949701752159125,45,9.0,-92.0,0.2,167.0,
2025-04-08 11:12:27,168.0,24.0,361.75,8.0,167.0,48.0,494.0,8.0,264.88,193.75,72.0,16.0,18.169158483543256,88,56.0,43.0,0.64,167.0,
2025-04-08 11:12:28,165.97,33.0,428.73,11.0,162.77,47.0,645.1,10.0,297.35,262.76,80.0,21.0,28.723483771996133,101,59.0,13.0,0.58,167.1,10.0
2025-04-08 11:12:30,163.5,20.0,242.73,11.0,161.64,39.0,492.4,10.0,203.11,79.22999999999999,59.0,21.0,71.11025854263322,80,38.0,8.0,0.47,165.0,2.0
2025-04-08 11:12:31,162.0,25.0,239.5,8.0,161.0,42.0,242.0,10.0,200.75,77.5,67.0,18.0,76.60954490140335,85,49.0,5.0,0.58,162.0,1.0
2025-04-08 11:12:32,162.0,28.0,236.71,7.0,161.0,49.0,240.0,14.0,199.36,74.71000000000001,77.0,21.0,83.11658155867651,98,56.0,13.0,0.57,162.0,
2025-04-08 11:12:33,162.0,28.0,233.18,11.0,161.0,49.0,234.03,31.0,197.59,71.18,77.0,42.0,83.07095984759118,119,35.0,21.0,0.29,162.0,
2025-04-08 11:12:34,162.53,17.0,230.4,15.0,161.72,50.0,233.64,39.0,196.46,67.87,67.0,54.0,2.621703644593618,121,13.0,2.0,0.11,162.0,
2025-04-08 11:12:35,163.0,21.0,228.51,41.0,162.0,60.0,229.41,17.0,195.76,65.50999999999999,81.0,58.0,2.059618896804479,139,23.0,18.0,0.17,162.0,
2025-04-08 11:12:36,165.64,33.0,224.92,49.0,164.17,47.0,225.7,23.0,195.28,59.28,80.0,72.0,1.6313184851748388,152,8.0,13.0,0.05,167.0,2.0
2025-04-08 11:12:37,166.0,85.0,220.93,60.0,163.0,34.0,223.18,67.0,193.47,54.93000000000001,119.0,127.0,1.5249491795047028,246,-8.0,94.0,-0.03,166.29,7.0
2025-04-08 11:12:38,163.0,26.0,208.43,37.0,162.0,52.0,217.86,29.0,185.72,45.43000000000001,78.0,66.0,4.399877271023587,144,12.0,-102.0,0.08,166.29,
2025-04-08 11:12:39,161.78,46.0,195.67,36.0,160.57,75.0,196.77,52.0,178.72,33.889999999999986,121.0,88.0,7.389742891337074,209,33.0,65.0,0.16,162.14,7.0
2025-04-08 11:12:40,163.0,20.0,193.19,26.0,161.0,60.0,195.92,38.0,178.1,30.19,80.0,64.0,8.016752459697365,144,16.0,-65.0,0.11,162.14,
2025-04-08 11:12:41,163.0,18.0,189.78,9.0,161.0,54.0,191.0,27.0,176.39,26.78,72.0,36.0,7.100841499432326,108,36.0,-36.0,0.33,162.14,
2025-04-08 11:12:42,163.0,24.0,186.93,14.0,161.0,72.0,188.56,34.0,174.96,23.930000000000007,96.0,48.0,4.15132749853066,144,48.0,36.0,0.33,162.14,
2025-04-08 11:12:43,163.0,16.0,182.43,14.0,161.0,48.0,183.17,24.0,172.71,19.430000000000007,64.0,38.0,2.4347135355220675,102,26.0,-42.0,0.25,162.14,
2025-04-08 11:12:44,164.57,23.0,176.92,36.0,161.6,60.0,178.07,44.0,170.74,12.349999999999994,83.0,80.0,2.917764555280772,163,3.0,61.0,0.02,162.14,
2025-04-08 11:12:45,167.0,15.0,173.73,33.0,163.0,30.0,175.59,49.0,170.36,6.72999999999999,45.0,82.0,2.621539623971254,127,-37.0,-36.0,-0.29,162.14,
2025-04-08 11:12:46,159.69,70.0,170.09,22.0,159.31,78.0,172.62,26.0,164.89,10.400000000000006,148.0,48.0,3.743523741082632,196,100.0,69.0,0.51,161.22,9.0
2025-04-08 11:12:47,159.48,31.0,164.26,47.0,158.91,132.0,167.28,29.0,161.87,4.780000000000001,163.0,76.0,4.539970264224958,239,87.0,43.0,0.36,162.0,5.0
2025-04-08 11:12:48,159.18,49.0,163.2,25.0,158.71,102.0,191.31,26.0,161.19,4.019999999999982,151.0,51.0,4.547576277540018,202,100.0,-37.0,0.5,161.33,3.0
2025-04-08 11:12:49,161.88,59.0,257.8,15.0,158.96,49.0,574.67,6.0,209.84,95.92000000000002,108.0,21.0,20.56268343383353,129,87.0,-73.0,0.67,162.0,2.0
2025-04-08 11:12:51,162.0,24.0,236.0,6.0,159.0,54.0,584.33,6.0,199.0,74.0,78.0,12.0,83.74632451636367,90,66.0,-32.0,0.73,162.0,
2025-04-08 11:12:52,162.0,24.0,339.33,6.0,159.0,54.0,722.0,1.0,250.67,177.32999999999998,78.0,7.0,77.76783184582243,85,71.0,-5.0,0.84,162.0,
2025-04-08 11:12:54,162.0,28.0,365.5,20.0,159.0,63.0,472.21,19.0,263.75,203.5,91.0,39.0,66.94920701546923,130,52.0,-40.0,0.4,162.0,
2025-04-08 11:12:55,162.0,31.0,165.0,39.0,159.0,81.0,238.33,9.0,163.5,3.0,112.0,48.0,66.34364664382048,160,64.0,30.0,0.4,162.0,1.0
2025-04-08 11:12:56,163.25,16.0,165.0,70.0,161.44,48.0,374.83,18.0,164.12,1.75,64.0,88.0,73.54487562026401,152,-24.0,-8.0,-0.16,164.0,1.0
2025-04-08 11:12:57,162.0,21.0,164.08,13.0,159.0,21.0,239.86,7.0,163.04,2.0800000000000125,42.0,20.0,79.33859571482273,62,22.0,-90.0,0.35,164.0,
2025-04-08 11:12:58,159.0,10.0,162.82,22.0,157.67,21.0,164.0,12.0,160.91,3.819999999999993,31.0,34.0,45.1209932293168,65,-3.0,3.0,-0.05,162.0,5.0
2025-04-08 11:12:59,159.24,54.0,162.0,33.0,144.27,44.0,166.45,11.0,160.62,2.759999999999991,98.0,44.0,1.577916347602689,142,54.0,77.0,0.38,158.4,5.0
2025-04-08 11:13:00,160.0,99.0,161.0,33.0,157.43,21.0,165.55,11.0,160.5,1.0,120.0,44.0,1.6421997442550056,164,76.0,22.0,0.46,158.4,
2025-04-08 11:13:01,160.0,14.0,163.0,12.0,158.0,8.0,288.44,16.0,161.5,3.0,22.0,28.0,1.039365190888493,50,-6.0,-114.0,-0.12,160.0,8.0
2025-04-08 11:13:02,160.0,10.0,165.0,10.0,158.0,10.0,555.2,10.0,162.5,5.0,20.0,20.0,0.820109748771817,40,0.0,-10.0,0.0,160.0,
2025-04-08 11:13:03,157.35,34.0,185.15,26.0,150.11,19.0,328.5,12.0,171.25,27.80000000000001,53.0,38.0,4.530494454254707,91,15.0,51.0,0.16,159.86,7.0
2025-04-08 11:13:04,157.0,28.0,165.0,12.0,148.0,12.0,490.5,4.0,161.0,8.0,40.0,16.0,4.477722635451277,56,24.0,-35.0,0.43,159.86,
2025-04-08 11:13:05,157.0,49.0,165.0,21.0,71.09,35.0,254.28,25.0,161.0,8.0,84.0,46.0,4.403123891061076,130,38.0,74.0,0.29,159.86,
2025-04-08 11:13:06,157.0,63.0,165.0,27.0,116.0,18.0,249.0,36.0,161.0,8.0,81.0,63.0,4.463742824136795,144,18.0,14.0,0.12,159.86,
2025-04-08 11:13:07,157.0,91.0,164.0,56.0,138.3,23.0,244.59,49.0,160.5,7.0,114.0,105.0,4.644889665000917,219,9.0,75.0,0.04,159.86,
2025-04-08 11:13:08,157.87,55.0,163.31,29.0,156.12,16.0,227.43,30.0,160.59,5.439999999999998,71.0,59.0,0.2512369400190635,130,12.0,-89.0,0.09,157.0,1.0
2025-04-08 11:13:09,159.26,46.0,164.83,36.0,156.56,32.0,187.9,21.0,162.05,5.570000000000022,78.0,57.0,0.6157678134088985,135,21.0,5.0,0.16,161.0,2.0
2025-04-08 11:13:10,157.0,40.0,163.5,40.0,155.0,20.0,166.0,30.0,160.25,6.5,60.0,70.0,0.7086395416784276,130,-10.0,-5.0,-0.08,161.0,
2025-04-08 11:13:11,156.68,38.0,162.27,44.0,144.56,25.0,166.0,33.0,159.48,5.590000000000003,63.0,77.0,0.9335577111404976,140,-14.0,10.0,-0.1,157.0,4.0
2025-04-08 11:13:12,158.69,26.0,162.73,49.0,146.71,34.0,228.29,42.0,160.71,4.039999999999992,60.0,91.0,0.9341199066661257,151,-31.0,11.0,-0.21,162.0,4.0
2025-04-08 11:13:13,162.91,22.0,165.27,33.0,161.45,22.0,370.36,44.0,164.09,2.3600000000000136,44.0,77.0,1.8102706979981555,121,-33.0,-30.0,-0.27,162.0,
2025-04-08 11:13:14,164.0,24.0,165.0,24.0,161.0,24.0,223.58,36.0,164.5,1.0,48.0,60.0,2.318777695259142,108,-12.0,-13.0,-0.11,165.0,2.0
2025-04-08 11:13:15,160.5,12.0,165.0,9.0,157.5,12.0,191.0,36.0,162.75,4.5,24.0,45.0,2.1637305747324187,69,-21.0,-39.0,-0.3,161.0,5.0
2025-04-08 11:13:16,159.96,27.0,162.57,40.0,155.83,12.0,170.67,43.0,161.27,2.609999999999985,39.0,83.0,1.671310862775767,122,-44.0,53.0,-0.36,161.0,4.0
2025-04-08 11:13:17,156.4,10.0,159.81,32.0,152.82,11.0,161.08,26.0,158.11,3.4099999999999966,21.0,58.0,2.585629517164365,79,-37.0,-43.0,-0.47,159.0,3.0
2025-04-08 11:13:18,154.33,36.0,160.62,24.0,141.0,24.0,198.5,8.0,157.48,6.289999999999992,60.0,32.0,2.9987280637013525,92,28.0,13.0,0.3,157.5,8.0
2025-04-08 11:13:23,165.33,85.0,458.41,39.0,161.0,12.0,530.52,56.0,311.87,293.08000000000004,97.0,95.0,21.21638399916982,192,2.0,39.0,0.01,165.0,1.0
2025-04-08 11:13:24,166.4,70.0,374.4,30.0,161.0,10.0,375.17,24.0,270.4,208.0,80.0,54.0,35.93098147838742,134,26.0,-58.0,0.19,165.0,
2025-04-08 11:13:25,167.0,56.0,370.14,14.0,161.0,8.0,373.68,28.0,268.57,203.14,64.0,42.0,39.81511685277592,106,22.0,-28.0,0.21,165.0,
2025-04-08 11:13:26,167.0,105.0,362.2,44.0,160.89,63.0,370.47,17.0,264.6,195.2,168.0,61.0,35.21181861250823,229,107.0,123.0,0.47,165.0,
2025-04-08 11:13:27,167.0,55.0,316.78,27.0,161.0,36.0,333.92,25.0,241.89,149.77999999999997,91.0,52.0,25.31742542203213,143,39.0,-86.0,0.27,167.0,2.0
2025-04-08 11:13:28,167.0,55.0,258.49,39.0,161.0,44.0,286.73,30.0,212.74,91.49,99.0,69.0,24.57028998608149,168,30.0,25.0,0.18,167.0,
2025-04-08 11:13:29,167.0,21.0,240.33,45.0,161.0,36.0,264.93,29.0,203.67,73.33000000000001,57.0,74.0,29.467784613033302,131,-17.0,-37.0,-0.13,167.0,3.0
2025-04-08 11:13:30,167.0,21.0,237.7,44.0,161.0,48.0,254.22,36.0,202.35,70.69999999999999,69.0,80.0,27.256735864738243,149,-11.0,18.0,-0.07,167.0,1.0
2025-04-08 11:13:31,160.67,18.0,232.15,20.0,159.74,47.0,234.5,26.0,196.41,71.48000000000002,65.0,46.0,18.012429597366715,111,19.0,-38.0,0.17,161.22,9.0
2025-04-08 11:13:32,160.23,35.0,229.57,28.0,158.24,25.0,230.75,32.0,194.9,69.34,60.0,60.0,7.069584853446647,120,0.0,9.0,0.0,164.0,2.0
2025-04-08 11:13:33,160.0,30.0,178.76,21.0,158.0,20.0,182.81,27.0,169.38,18.75999999999999,50.0,48.0,13.908891760311912,98,2.0,-22.0,0.02,164.0,
2025-04-08 11:13:34,159.76,34.0,161.67,12.0,157.33,30.0,164.53,34.0,160.72,1.9099999999999968,64.0,46.0,18.45545908396925,110,18.0,12.0,0.16,160.0,3.0
2025-04-08 11:13:35,158.0,22.0,160.47,19.0,156.0,55.0,211.57,35.0,159.24,2.469999999999999,77.0,54.0,18.2475614809227,131,23.0,21.0,0.18,160.0,
2025-04-08 11:13:36,158.18,22.0,160.0,45.0,156.82,61.0,161.0,11.0,159.09,1.8199999999999927,83.0,56.0,15.26778241920043,139,27.0,8.0,0.19,160.0,2.0
2025-04-08 11:13:37,157.03,140.0,168.54,28.0,155.79,86.0,471.41,32.0,162.78,11.509999999999993,226.0,60.0,4.257466382725604,286,166.0,147.0,0.58,157.69,13.0
2025-04-08 11:13:38,159.0,43.0,278.36,33.0,141.23,104.0,749.09,55.0,218.68,119.36,147.0,88.0,26.080178680370448,235,59.0,-51.0,0.25,157.69,
2025-04-08 11:13:39,159.0,66.0,463.33,18.0,93.0,65.0,605.16,19.0,311.17,304.33,131.0,37.0,65.96215028332598,168,94.0,-67.0,0.56,159.0,1.0
2025-04-08 11:13:40,159.0,117.0,456.33,27.0,142.06,53.0,583.39,33.0,307.67,297.33,170.0,60.0,74.62985709486595,230,110.0,62.0,0.48,159.0,
2025-04-08 11:13:41,160.21,66.0,340.31,32.0,158.91,114.0,397.59,34.0,250.26,180.1,180.0,66.0,62.56171648860133,246,114.0,16.0,0.46,159.0,
2025-04-08 11:13:42,165.43,88.0,299.9,30.0,160.21,66.0,436.65,37.0,232.67,134.46999999999997,154.0,67.0,42.88442666050401,221,87.0,-25.0,0.39,166.0,1.0
2025-04-08 11:13:43,166.0,70.0,266.0,45.0,161.0,70.0,342.63,52.0,216.0,100.0,140.0,97.0,43.60458611201518,237,43.0,16.0,0.18,166.0,7.0
2025-04-08 11:13:44,166.0,26.0,269.1,20.0,161.0,65.0,277.95,44.0,217.55,103.10000000000002,91.0,64.0,37.75441497361768,155,27.0,-82.0,0.17,166.0,
2025-04-08 11:13:45,166.0,26.0,247.73,33.0,161.0,65.0,244.0,35.0,206.86,81.72999999999999,91.0,68.0,17.043382000063993,159,23.0,4.0,0.14,166.0,
2025-04-08 11:13:46,166.0,22.0,235.73,11.0,161.0,70.0,238.68,53.0,200.86,69.72999999999999,92.0,64.0,12.10068055937747,156,28.0,-3.0,0.18,166.0,
2025-04-08 11:13:47,166.0,26.0,229.19,21.0,161.0,65.0,241.68,31.0,197.6,63.19,91.0,52.0,8.879559673772633,143,39.0,-13.0,0.27,166.0,
2025-04-08 11:13:48,166.0,24.0,189.05,20.0,161.0,60.0,203.94,18.0,177.53,23.05000000000001,84.0,38.0,14.717596610862852,122,46.0,-21.0,0.38,166.0,
2025-04-08 11:13:49,166.0,16.0,185.83,18.0,163.24,68.0,186.36,14.0,175.92,19.830000000000013,84.0,32.0,14.12731326190772,116,52.0,-6.0,0.45,166.0,
2025-04-08 11:13:50,166.0,34.0,182.36,22.0,165.0,323.0,183.61,28.0,174.18,16.360000000000014,357.0,50.0,12.89749665633092,407,307.0,168.0,0.75,166.0,
2025-04-08 11:13:51,166.0,20.0,178.95,19.0,165.0,190.0,180.0,11.0,172.47,12.949999999999989,210.0,30.0,10.27159432610448,240,180.0,-167.0,0.75,166.0,
2025-04-08 11:13:52,166.0,20.0,177.04,24.0,165.0,190.0,177.95,20.0,171.52,11.039999999999992,210.0,44.0,2.456935082589043,254,166.0,14.0,0.65,166.0,
2025-04-08 11:13:53,166.0,28.0,173.84,25.0,165.0,266.0,175.08,36.0,169.92,7.840000000000003,294.0,61.0,2.3281151174405865,355,233.0,101.0,0.66,166.0,
2025-04-08 11:13:54,166.96,46.0,171.15,26.0,165.54,41.0,173.23,26.0,169.06,4.189999999999998,87.0,52.0,2.034035397935372,139,35.0,-168.0,0.25,166.0,
2025-04-08 11:13:55,165.67,66.0,167.75,12.0,164.76,132.0,169.62,26.0,166.71,2.0800000000000125,198.0,38.0,2.2419255117092085,236,160.0,97.0,0.68,165.91,11.0
2025-04-08 11:13:56,165.0,135.0,168.0,14.0,161.0,50.0,213.67,12.0,166.5,3.0,185.0,26.0,2.1425265459385567,211,159.0,-25.0,0.75,165.0,2.0
2025-04-08 11:13:57,165.0,120.0,169.08,39.0,161.0,65.0,384.54,13.0,167.04,4.0800000000000125,185.0,52.0,1.5433016555587864,237,133.0,26.0,0.56,165.0,5.0
2025-04-08 11:13:58,165.0,78.0,167.0,45.0,162.24,68.0,326.65,23.0,166.0,2.0,146.0,68.0,1.1789910941350372,214,78.0,-23.0,0.36,165.0,5.0
2025-04-08 11:13:59,165.0,24.0,167.0,36.0,164.0,48.0,372.57,23.0,166.0,2.0,72.0,59.0,0.4536518489427097,131,13.0,-83.0,0.1,165.0,
2025-04-08 11:14:00,165.21,28.0,166.32,40.0,164.12,50.0,364.93,29.0,165.77,1.1099999999999852,78.0,69.0,0.510215640733367,147,9.0,16.0,0.06,167.0,2.0
2025-04-08 11:14:01,165.0,17.0,166.0,36.0,164.0,48.0,211.12,33.0,165.5,1.0,65.0,69.0,0.584225983715866,134,-4.0,-13.0,-0.03,165.0,1.0
2025-04-08 11:14:02,164.22,9.0,166.0,27.0,161.83,29.0,394.27,30.0,165.11,1.7800000000000011,38.0,57.0,0.3775314557072001,95,-19.0,-39.0,-0.2,164.25,4.0
2025-04-08 11:14:03,164.0,7.0,166.0,21.0,161.0,21.0,359.4,20.0,165.0,2.0,28.0,41.0,0.4248882206512705,69,-13.0,-26.0,-0.19,164.25,
2025-04-08 11:14:04,164.0,11.0,166.0,33.0,161.0,33.0,453.14,28.0,165.0,2.0,44.0,61.0,0.3442818613403953,105,-17.0,36.0,-0.16,164.25,
2025-04-08 11:14:05,164.0,9.0,166.0,27.0,161.0,27.0,560.0,26.0,165.0,2.0,36.0,53.0,0.2166102491754625,89,-17.0,-16.0,-0.19,164.25,
2025-04-08 11:14:06,164.0,7.0,166.0,21.0,161.0,21.0,451.5,16.0,165.0,2.0,28.0,37.0,0.049193495990426,65,-9.0,-24.0,-0.14,164.25,
2025-04-08 11:14:07,164.0,4.0,166.0,12.0,161.0,12.0,332.25,8.0,165.0,2.0,16.0,20.0,0.0,36,-4.0,-29.0,-0.11,164.25,
2025-04-08 11:14:08,164.0,8.0,166.0,24.0,161.0,24.0,349.38,16.0,165.0,2.0,32.0,40.0,0.0,72,-8.0,36.0,-0.11,164.25,
2025-04-08 11:14:09,164.0,8.0,165.31,29.0,161.0,24.0,223.37,19.0,164.66,1.3100000000000025,32.0,48.0,0.1520526226267382,80,-16.0,8.0,-0.2,164.25,
2025-04-08 11:14:10,160.38,24.0,164.8,20.0,159.28,54.0,233.88,16.0,162.59,4.420000000000016,78.0,36.0,1.0501428474484644,114,42.0,34.0,0.37,161.75,4.0
2025-04-08 11:14:11,160.0,55.0,163.29,28.0,159.0,137.0,164.88,50.0,161.64,3.289999999999992,192.0,78.0,1.560999679707366,270,114.0,156.0,0.42,161.75,
2025-04-08 11:14:12,159.57,65.0,161.78,36.0,158.9,124.0,164.27,22.0,160.67,2.210000000000008,189.0,58.0,1.8817199579229689,247,131.0,-23.0,0.53,160.0,5.0
2025-04-08 11:14:13,159.0,100.0,162.67,18.0,158.0,40.0,164.57,28.0,160.83,3.669999999999988,140.0,46.0,1.632534838845632,186,94.0,-61.0,0.51,160.0,
2025-04-08 11:14:14,159.0,84.0,205.0,13.0,158.0,38.0,225.73,22.0,182.0,46.0,122.0,35.0,9.2296386711533,157,87.0,-29.0,0.55,161.33,6.0
2025-04-08 11:14:15,159.0,83.0,448.5,20.0,158.0,57.0,489.67,30.0,303.75,289.5,140.0,50.0,62.143228673766856,190,90.0,33.0,0.47,159.0,3.0
2025-04-08 11:14:16,164.0,9.0,251.12,32.0,159.0,54.0,448.22,18.0,207.56,87.12,63.0,50.0,59.54512297409494,113,13.0,-77.0,0.12,159.0,
2025-04-08 11:14:17,165.78,18.0,191.64,28.0,161.0,20.0,280.53,30.0,178.71,25.859999999999985,38.0,58.0,56.826368439308986,96,-20.0,-17.0,-0.21,159.0,
2025-04-08 11:14:18,160.52,46.0,167.92,24.0,158.64,47.0,205.0,26.0,164.22,7.399999999999977,93.0,50.0,56.16053124748815,143,43.0,47.0,0.3,165.33,3.0
2025-04-08 11:14:19,158.62,74.0,191.23,26.0,157.94,67.0,264.62,29.0,174.93,32.609999999999985,141.0,55.0,57.03730296919807,196,86.0,53.0,0.44,160.5,8.0
2025-04-08 11:14:20,150.43,35.0,219.62,16.0,144.92,37.0,231.0,16.0,185.03,69.19,72.0,32.0,16.119796834950087,104,40.0,-92.0,0.38,158.0,9.0
2025-04-08 11:14:21,146.0,50.0,218.5,20.0,137.71,65.0,276.4,20.0,182.25,72.5,115.0,40.0,8.102112070322239,155,75.0,51.0,0.48,158.0,
2025-04-08 11:14:22,146.0,30.0,206.67,12.0,142.0,48.0,217.33,12.0,176.33,60.66999999999999,78.0,24.0,8.048324049145933,102,54.0,-53.0,0.53,158.0,
2025-04-08 11:14:23,150.12,32.0,205.0,16.0,143.54,52.0,422.55,31.0,177.56,54.88,84.0,47.0,4.2558430422260285,131,37.0,29.0,0.28,158.0,
2025-04-08 11:14:24,152.42,36.0,204.4,20.0,143.56,59.0,374.11,18.0,178.41,51.98000000000002,95.0,38.0,3.615201239220919,133,57.0,2.0,0.43,157.0,3.0
2025-04-08 11:14:25,149.17,36.0,204.0,18.0,105.25,59.0,343.15,27.0,176.58,54.83000000000001,95.0,45.0,2.396566293692429,140,50.0,7.0,0.36,157.0,
2025-04-08 11:14:26,165.0,18.0,202.56,18.0,160.0,45.0,375.0,18.0,183.78,37.56,63.0,36.0,3.047961613941853,99,27.0,-41.0,0.27,157.0,
2025-04-08 11:14:27,165.0,16.0,202.0,20.0,160.0,50.0,423.12,32.0,183.5,37.0,66.0,52.0,3.4172620619532004,118,14.0,19.0,0.12,165.0,1.0
2025-04-08 11:14:28,165.0,8.0,199.67,15.0,160.0,40.0,201.22,9.0,182.33,34.66999999999999,48.0,24.0,3.2388192292972664,72,24.0,-46.0,0.33,165.0,
2025-04-08 11:14:29,165.44,9.0,199.0,18.0,160.69,29.0,201.0,9.0,182.22,33.56,38.0,27.0,2.934556184513533,65,11.0,-7.0,0.17,165.0,
2025-04-08 11:14:30,164.47,15.0,195.46,28.0,160.91,34.0,197.25,16.0,179.97,30.99000000000001,49.0,44.0,1.5040445472350388,93,5.0,28.0,0.05,162.75,4.0
2025-04-08 11:14:31,160.0,33.0,193.13,15.0,158.27,22.0,194.07,29.0,176.57,33.129999999999995,55.0,44.0,2.745882371855325,99,11.0,6.0,0.11,162.75,
2025-04-08 11:14:32,160.0,33.0,188.8,15.0,159.0,22.0,193.35,26.0,174.4,28.80000000000001,55.0,41.0,3.514793023787287,96,14.0,-3.0,0.15,162.75,
2025-04-08 11:14:33,160.0,30.0,188.18,22.0,159.0,20.0,189.22,18.0,174.09,28.180000000000007,50.0,40.0,3.5521050097177507,90,10.0,-6.0,0.11,162.75,
2025-04-08 11:14:34,160.0,39.0,185.07,30.0,159.0,26.0,186.0,24.0,172.53,25.069999999999997,65.0,54.0,2.878544771244636,119,11.0,29.0,0.09,162.75,
2025-04-08 11:14:35,160.0,129.0,180.44,36.0,159.0,34.0,183.71,38.0,170.22,20.44,163.0,74.0,2.359188419787147,237,89.0,118.0,0.38,162.75,
2025-04-08 11:14:36,160.0,75.0,175.53,32.0,159.0,26.0,176.57,28.0,167.77,15.53,101.0,60.0,2.7961705956639995,161,41.0,-76.0,0.25,162.75,
2025-04-08 11:14:37,159.36,47.0,162.52,33.0,158.1,80.0,163.75,53.0,160.94,3.1599999999999966,127.0,86.0,5.154449534145544,213,41.0,52.0,0.19,159.83,6.0
2025-04-08 11:14:38,158.22,153.0,185.46,28.0,157.07,206.0,230.68,68.0,171.84,27.24000000000001,359.0,96.0,4.688107293999653,455,263.0,168.0,0.58,158.29,7.0
2025-04-08 11:14:39,162.03,58.0,311.1,40.0,160.94,124.0,347.11,35.0,236.57,149.07000000000002,182.0,75.0,31.0824720702853,257,107.0,-168.0,0.42,164.0,1.0
2025-04-08 11:14:40,163.0,52.0,396.86,14.0,161.5,60.0,449.3,20.0,279.93,233.86,112.0,34.0,52.50112236895596,146,78.0,-111.0,0.53,164.0,
2025-04-08 11:14:41,163.46,52.0,291.58,19.0,162.0,39.0,385.86,28.0,227.52,128.11999999999998,91.0,47.0,49.04727668280983,138,44.0,-8.0,0.32,164.0,
2025-04-08 11:14:42,165.25,48.0,266.42,12.0,162.0,36.0,269.67,24.0,215.83,101.17000000000002,84.0,36.0,38.918644246686085,120,48.0,-18.0,0.4,164.0,
2025-04-08 11:14:43,167.0,48.0,247.44,16.0,162.0,36.0,329.8,20.0,207.22,80.44,84.0,36.0,28.300885675189026,120,48.0,0.0,0.4,164.0,
2025-04-08 11:14:44,167.0,40.0,185.93,46.0,162.0,30.0,233.0,16.0,176.47,18.930000000000007,70.0,62.0,37.79555965983448,132,8.0,12.0,0.06,164.0,
2025-04-08 11:14:45,167.0,36.0,168.96,57.0,162.0,39.0,243.81,32.0,167.98,1.960000000000008,75.0,89.0,25.66149313660613,164,-14.0,32.0,-0.09,167.0,2.0
2025-04-08 11:14:46,167.0,15.0,221.89,45.0,162.0,27.0,352.33,18.0,194.44,54.88999999999999,42.0,63.0,20.142365054781344,105,-21.0,-59.0,-0.2,167.0,1.0
2025-04-08 11:14:47,167.0,5.0,407.0,25.0,162.0,15.0,463.0,10.0,287.0,240.0,20.0,35.0,47.46506315175502,55,-15.0,-50.0,-0.27,167.0,
2025-04-08 11:14:48,162.8,25.0,380.53,43.0,161.15,82.0,476.33,27.0,271.67,217.73,107.0,70.0,55.704248222196725,177,37.0,122.0,0.21,167.0,1.0
2025-04-08 11:14:49,162.0,23.0,289.57,14.0,161.0,100.0,335.15,26.0,225.79,127.57,123.0,40.0,50.27961843530753,163,83.0,-14.0,0.51,162.0,1.0
2025-04-08 11:14:50,161.09,44.0,288.0,6.0,160.5,40.0,405.83,24.0,224.55,126.91,84.0,30.0,37.83499900885592,114,54.0,-49.0,0.47,162.0,2.0
2025-04-08 11:14:51,161.0,60.0,285.67,6.0,160.0,30.0,564.23,26.0,223.33,124.67000000000002,90.0,32.0,30.50134947834496,122,58.0,8.0,0.48,162.0,
2025-04-08 11:14:52,161.0,40.0,284.5,4.0,160.0,20.0,723.0,20.0,222.75,123.5,60.0,24.0,21.303856927798808,84,36.0,-38.0,0.43,162.0,
2025-04-08 11:14:53,162.22,36.0,281.86,14.0,160.96,135.0,607.27,66.0,222.04,119.64,171.0,80.0,1.4904093397825324,251,91.0,167.0,0.36,162.0,
2025-04-08 11:14:54,162.24,38.0,236.08,12.0,160.86,105.0,604.6,30.0,199.16,73.84,143.0,42.0,10.77579834629926,185,101.0,-66.0,0.55,162.2,5.0
2025-04-08 11:14:55,163.74,82.0,194.0,7.0,160.89,47.0,278.0,7.0,178.87,30.25999999999999,129.0,14.0,19.804235658063075,143,115.0,-42.0,0.8,164.0,1.0
2025-04-08 11:14:56,164.0,132.0,172.71,35.0,160.71,69.0,208.4,15.0,168.36,8.710000000000008,201.0,50.0,24.67811641921008,251,151.0,108.0,0.6,164.0,
2025-04-08 11:14:57,164.72,87.0,166.26,34.0,163.78,178.0,168.4,20.0,165.49,1.539999999999992,265.0,54.0,23.72583254598404,319,211.0,68.0,0.66,165.0,7.0
2025-04-08 11:14:58,164.0,101.0,166.31,16.0,161.0,12.0,332.55,20.0,165.16,2.3100000000000023,113.0,36.0,14.3979640921925,149,77.0,-168.0,0.52,164.0,7.0
2025-04-08 11:14:59,164.0,40.0,167.0,10.0,161.0,10.0,385.67,30.0,165.5,3.0,50.0,40.0,5.84417059984205,90,10.0,-59.0,0.11,164.0,
2025-04-08 11:15:00,164.0,47.0,165.11,38.0,161.0,14.0,321.95,42.0,164.55,1.1100000000000136,61.0,80.0,1.4757269395302743,141,-19.0,51.0,-0.13,164.0,3.0
2025-04-08 11:15:01,164.0,7.0,165.0,21.0,161.0,7.0,342.58,19.0,164.5,1.0,14.0,40.0,0.4899489769910821,54,-26.0,-87.0,-0.48,164.0,
2025-04-08 11:15:02,162.09,11.0,164.84,25.0,160.03,137.0,246.24,21.0,163.47,2.75,148.0,46.0,0.7756481161288279,194,102.0,140.0,0.53,164.0,1.0
2025-04-08 11:15:03,160.0,161.0,163.03,29.0,159.0,88.0,271.38,13.0,161.52,3.030000000000001,249.0,42.0,1.5158726859645697,291,207.0,97.0,0.71,160.17,6.0
2025-04-08 11:15:04,160.0,174.0,161.42,19.0,159.0,13.0,171.3,40.0,160.71,1.4199999999999875,187.0,59.0,1.7532398581062545,246,128.0,-45.0,0.52,160.0,4.0
2025-04-08 11:15:05,160.0,73.0,228.36,14.0,159.0,10.0,299.57,14.0,194.18,68.36000000000001,83.0,28.0,14.225513347505544,111,55.0,-135.0,0.5,160.0,7.0
2025-04-08 11:15:06,160.0,31.0,406.56,9.0,159.0,9.0,488.44,9.0,283.28,246.56,40.0,18.0,52.575776456464055,58,22.0,-53.0,0.38,160.0,
2025-04-08 11:15:07,160.0,50.0,396.3,10.0,159.0,10.0,594.27,22.0,278.15,236.3,60.0,32.0,61.01117659904702,92,28.0,34.0,0.3,160.0,
2025-04-08 11:15:09,164.0,11.0,353.48,27.0,160.0,55.0,454.26,19.0,258.74,189.48,66.0,46.0,50.87307372274808,112,20.0,32.0,0.18,165.0,2.0
2025-04-08 11:15:10,164.0,7.0,165.0,7.0,160.0,35.0,346.0,17.0,164.5,1.0,42.0,24.0,62.35140311171958,66,18.0,-46.0,0.27,165.0,
2025-04-08 11:15:11,164.8,10.0,373.18,22.0,160.65,31.0,491.65,20.0,268.99,208.38,41.0,42.0,61.56631505945561,83,-1.0,17.0,-0.01,165.0,1.0
2025-04-08 11:15:12,166.0,11.0,204.7,47.0,164.0,11.0,272.34,29.0,185.35,38.69999999999999,22.0,76.0,68.71095363914061,98,-54.0,15.0,-0.55,165.0,
2025-04-08 11:15:13,163.0,12.0,176.98,41.0,161.43,21.0,231.19,31.0,169.99,13.97999999999999,33.0,72.0,50.33115168561213,105,-39.0,7.0,-0.37,164.0,3.0
2025-04-08 11:15:14,164.25,16.0,176.0,15.0,161.08,13.0,177.0,25.0,170.12,11.75,29.0,40.0,43.84885004193471,69,-11.0,-36.0,-0.16,164.0,
2025-04-08 11:15:15,165.0,144.0,176.0,36.0,162.0,12.0,177.0,60.0,170.5,11.0,156.0,96.0,42.9889712600811,252,60.0,168.0,0.24,164.0,
2025-04-08 11:15:16,165.0,96.0,176.0,36.0,162.0,8.0,177.0,40.0,170.5,11.0,104.0,76.0,6.744454759286061,180,28.0,-72.0,0.16,164.0,
2025-04-08 11:15:17,165.0,120.0,173.69,39.0,162.0,10.0,174.53,34.0,169.35,8.689999999999998,130.0,73.0,0.4729376280788184,203,57.0,23.0,0.28,164.0,
2025-04-08 11:15:18,164.95,61.0,172.0,18.0,161.62,8.0,173.0,18.0,168.48,7.050000000000011,69.0,36.0,0.8698850499074472,105,33.0,-98.0,0.31,162.0,1.0
2025-04-08 11:15:19,165.0,15.0,172.69,39.0,160.88,41.0,173.79,57.0,168.85,7.689999999999998,56.0,96.0,0.9325931589134584,152,-40.0,47.0,-0.26,162.0,
2025-04-08 11:15:20,166.43,14.0,172.2,44.0,162.5,28.0,173.42,36.0,169.32,5.769999999999982,42.0,80.0,0.7612161322856323,122,-38.0,-30.0,-0.31,162.0,
2025-04-08 11:15:21,167.0,30.0,170.77,22.0,166.0,10.0,172.03,40.0,168.89,3.77000000000001,40.0,62.0,0.3631390918800884,102,-22.0,-20.0,-0.22,162.0,
2025-04-08 11:15:22,167.0,36.0,169.64,39.0,166.0,12.0,170.12,40.0,168.32,2.6399999999999864,48.0,79.0,0.3904740709077052,127,-31.0,25.0,-0.24,162.0,
2025-04-08 11:15:23,167.0,37.0,168.67,21.0,166.0,14.0,169.71,49.0,167.83,1.6699999999999875,51.0,70.0,0.5760815914877507,121,-19.0,-6.0,-0.16,167.0,1.0
2025-04-08 11:15:24,165.81,16.0,167.94,32.0,164.12,68.0,365.84,49.0,166.88,2.1299999999999955,84.0,81.0,0.9503525661829674,165,3.0,44.0,0.02,166.25,4.0
2025-04-08 11:15:25,164.08,53.0,165.92,25.0,162.67,84.0,194.44,32.0,165.0,1.839999999999975,137.0,57.0,1.5231972951818868,194,80.0,29.0,0.41,164.33,3.0
2025-04-08 11:15:26,164.0,59.0,165.92,26.0,162.0,104.0,225.91,55.0,164.96,1.9199999999999875,163.0,81.0,1.5651900843183182,244,82.0,50.0,0.34,164.0,1.0
2025-04-08 11:15:28,161.0,168.0,275.06,53.0,160.0,36.0,301.0,20.0,218.03,114.06,204.0,73.0,82.2825217163409,277,131.0,-3.0,0.47,164.0,
2025-04-08 11:15:30,161.0,98.0,435.42,31.0,160.0,45.0,473.91,32.0,298.21,274.42,143.0,63.0,77.29965038730892,206,80.0,50.0,0.39,164.0,
2025-04-08 11:15:31,161.0,112.0,372.41,34.0,160.0,56.0,502.47,38.0,266.71,211.41000000000005,168.0,72.0,51.77914348461372,240,96.0,34.0,0.4,164.0,
2025-04-08 11:15:33,161.0,136.0,414.16,43.0,160.0,70.0,562.87,47.0,287.58,253.16000000000005,206.0,90.0,26.757615177743883,296,116.0,168.0,0.39,161.0,1.0
2025-04-08 11:15:34,161.0,104.0,279.14,37.0,160.0,56.0,546.86,35.0,220.07,118.14,160.0,72.0,42.97665796685687,232,88.0,-64.0,0.38,161.0,
2025-04-08 11:15:35,161.0,117.0,200.35,37.0,160.0,63.0,377.07,44.0,180.68,39.35,180.0,81.0,60.431935845214895,261,99.0,29.0,0.38,161.0,
2025-04-08 11:15:36,161.0,121.0,315.64,44.0,160.0,70.0,506.95,43.0,238.32,154.64,191.0,87.0,60.789558313909154,278,104.0,17.0,0.37,161.0,1.0
2025-04-08 11:15:37,161.0,144.0,189.65,51.0,160.0,84.0,203.26,54.0,175.32,28.65000000000001,228.0,105.0,45.94636090051221,333,123.0,55.0,0.37,161.0,
2025-04-08 11:15:38,161.26,114.0,183.98,57.0,160.6,121.0,188.0,60.0,172.62,22.72,235.0,117.0,29.87268183474801,352,118.0,19.0,0.34,161.0,
2025-04-08 11:15:39,161.59,138.0,166.62,53.0,160.6,121.0,181.92,63.0,164.1,5.030000000000001,259.0,116.0,29.74123938238062,375,143.0,23.0,0.38,161.0,
2025-04-08 11:15:40,161.29,83.0,164.7,40.0,160.55,65.0,352.23,47.0,162.99,3.4099999999999966,148.0,87.0,31.5598431555048,235,61.0,-140.0,0.26,162.29,17.0
2025-04-08 11:15:41,161.0,36.0,165.0,40.0,159.0,24.0,470.18,34.0,163.0,4.0,60.0,74.0,5.904674419478387,134,-14.0,-101.0,-0.1,161.0,1.0
2025-04-08 11:15:42,161.0,15.0,165.0,20.0,160.0,30.0,501.0,25.0,163.0,4.0,45.0,45.0,4.207543226164067,90,0.0,-44.0,0.0,161.0,
2025-04-08 11:15:43,161.25,20.0,165.0,40.0,160.27,55.0,253.8,50.0,163.12,3.75,75.0,90.0,0.482617861290412,165,-15.0,75.0,-0.09,161.0,
2025-04-08 11:15:44,162.0,9.0,165.0,36.0,161.0,27.0,225.0,45.0,163.5,3.0,36.0,81.0,0.217990825578442,117,-45.0,-48.0,-0.38,161.0,
2025-04-08 11:15:45,161.33,6.0,165.0,20.0,160.41,17.0,197.0,25.0,163.17,3.669999999999988,23.0,45.0,0.2052315766065785,68,-22.0,-49.0,-0.32,161.0,5.0
2025-04-08 11:15:46,160.0,16.0,165.0,32.0,159.0,40.0,195.5,40.0,162.5,5.0,56.0,72.0,0.3627947078394036,128,-16.0,60.0,-0.12,161.0,
2025-04-08 11:15:47,160.0,28.0,164.28,46.0,159.0,70.0,247.07,60.0,162.14,4.280000000000001,98.0,106.0,0.5517970641785231,204,-8.0,76.0,-0.04,161.0,
2025-04-08 11:15:48,160.0,16.0,162.25,24.0,159.0,40.0,167.5,32.0,161.12,2.25,56.0,56.0,0.9329951768554082,112,0.0,-92.0,0.0,161.0,
2025-04-08 11:15:49,159.91,22.0,161.73,33.0,158.85,59.0,169.0,44.0,160.82,1.8199999999999927,81.0,77.0,0.973755616176196,158,4.0,46.0,0.03,159.4,5.0
2025-04-08 11:15:50,159.0,22.0,160.55,33.0,158.0,99.0,169.0,44.0,159.77,1.5500000000000114,121.0,77.0,1.0891280916557482,198,44.0,40.0,0.22,159.4,
2025-04-08 11:15:51,159.0,17.0,161.54,26.0,158.0,81.0,231.84,37.0,160.27,2.539999999999992,98.0,63.0,0.8996277007924083,161,35.0,-37.0,0.22,159.67,3.0
2025-04-08 11:15:52,165.03,29.0,170.0,36.0,158.12,41.0,574.22,45.0,167.52,4.969999999999999,70.0,81.0,3.184061871263601,151,-11.0,-10.0,-0.07,159.67,
2025-04-08 11:15:53,166.0,75.0,169.16,50.0,163.57,87.0,253.22,59.0,167.58,3.1599999999999966,162.0,109.0,3.9956438780297487,271,53.0,120.0,0.2,159.67,
2025-04-08 11:15:54,164.67,39.0,168.0,27.0,163.91,93.0,169.0,36.0,166.33,3.3300000000000125,132.0,63.0,3.937299836187008,195,69.0,-76.0,0.35,166.0,5.0
2025-04-08 11:15:55,164.0,113.0,167.11,27.0,160.0,9.0,169.0,36.0,165.56,3.1100000000000136,122.0,63.0,3.018305816188936,185,59.0,-10.0,0.32,164.0,4.0
2025-04-08 11:15:56,164.0,54.0,166.41,27.0,160.0,8.0,168.38,29.0,165.2,2.4099999999999966,62.0,56.0,1.0943125696259708,118,6.0,-67.0,0.05,164.0,3.0
2025-04-08 11:15:57,164.0,38.0,165.22,27.0,160.0,7.0,167.36,22.0,164.61,1.2199999999999989,45.0,49.0,1.147532134643967,94,-4.0,-24.0,-0.04,164.0,4.0
2025-04-08 11:15:58,164.0,24.0,165.87,38.0,160.0,12.0,258.27,41.0,164.93,1.8700000000000043,36.0,79.0,0.6610824457204716,115,-43.0,21.0,-0.37,164.0,
2025-04-08 11:15:59,164.56,25.0,166.0,30.0,158.38,26.0,168.0,40.0,165.28,1.4399999999999975,51.0,70.0,0.361150938029311,121,-19.0,6.0,-0.16,164.6,5.0
2025-04-08 11:16:00,163.12,17.0,165.47,38.0,158.21,34.0,167.33,36.0,164.3,2.3499999999999943,51.0,74.0,0.4101585059938101,125,-23.0,4.0,-0.18,164.6,
2025-04-08 11:16:01,158.45,44.0,162.73,67.0,157.61,121.0,164.87,31.0,160.59,4.280000000000001,165.0,98.0,1.9089709269755024,263,67.0,138.0,0.25,161.0,8.0
2025-04-08 11:16:02,158.8,15.0,161.54,65.0,157.63,35.0,164.0,13.0,160.17,2.7399999999999807,50.0,78.0,2.470613284194112,128,-28.0,-135.0,-0.22,158.0,3.0
2025-04-08 11:16:03,158.22,18.0,162.48,33.0,157.17,24.0,217.37,19.0,160.35,4.259999999999991,42.0,52.0,2.4501367308856508,94,-10.0,-34.0,-0.11,160.0,1.0
2025-04-08 11:16:04,158.0,34.0,160.34,38.0,157.0,25.0,160.83,48.0,159.17,2.3400000000000034,59.0,86.0,1.9674297954522124,145,-27.0,51.0,-0.19,160.0,
2025-04-08 11:16:05,158.0,30.0,159.25,48.0,157.0,62.0,160.93,60.0,158.62,1.25,92.0,108.0,0.8442156122882929,200,-16.0,55.0,-0.08,160.0,
2025-04-08 11:16:06,157.06,81.0,159.16,49.0,156.19,62.0,165.0,32.0,158.11,2.0999999999999943,143.0,81.0,0.9687001600239816,224,62.0,24.0,0.28,157.4,5.0
2025-04-08 11:16:07,156.87,39.0,158.0,28.0,155.16,38.0,166.29,14.0,157.44,1.1299999999999957,77.0,42.0,1.104341432723427,119,35.0,-105.0,0.29,157.0,7.0
2025-04-08 11:16:08,157.22,41.0,163.33,24.0,155.14,63.0,217.2,20.0,160.28,6.110000000000014,104.0,44.0,1.0789485622723731,148,60.0,29.0,0.41,158.0,4.0
2025-04-08 11:16:09,160.0,16.0,166.0,16.0,158.0,48.0,291.48,31.0,163.0,6.0,64.0,47.0,2.2253089673191027,111,17.0,-37.0,0.15,158.0,
2025-04-08 11:16:10,160.0,26.0,165.35,40.0,158.0,78.0,413.62,26.0,162.68,5.349999999999994,104.0,66.0,2.5460989768726696,170,38.0,59.0,0.22,158.0,
2025-04-08 11:16:11,160.0,18.0,164.17,29.0,158.0,54.0,188.44,18.0,162.09,4.169999999999988,72.0,47.0,2.299699980439468,119,25.0,-51.0,0.21,158.0,
2025-04-08 11:16:12,160.0,16.0,163.25,24.0,158.0,48.0,165.0,16.0,161.62,3.25,64.0,40.0,1.0667145822733248,104,24.0,-15.0,0.23,158.0,
2025-04-08 11:16:13,160.64,22.0,163.4,30.0,158.8,40.0,412.15,33.0,162.02,2.7600000000000198,62.0,63.0,0.5517426936852663,125,-1.0,21.0,-0.01,161.0,3.0
2025-04-08 11:16:14,161.83,12.0,165.17,24.0,159.42,24.0,338.0,24.0,163.5,3.339999999999975,36.0,48.0,0.73069829617648,84,-12.0,-41.0,-0.14,161.0,
2025-04-08 11:16:15,163.93,15.0,166.0,18.0,162.98,57.0,486.33,18.0,164.97,2.069999999999993,72.0,36.0,1.3870652472165306,108,36.0,24.0,0.33,161.0,
2025-04-08 11:16:16,163.44,27.0,324.7,23.0,162.56,54.0,475.67,24.0,244.07,161.26,81.0,47.0,36.26741691932386,128,34.0,20.0,0.27,166.0,2.0
2025-04-08 11:16:17,163.44,68.0,461.09,43.0,161.99,71.0,542.96,49.0,312.27,297.65,139.0,92.0,67.28658729643006,231,47.0,103.0,0.2,165.0,3.0
2025-04-08 11:16:19,163.0,36.0,415.0,14.0,161.0,24.0,533.8,15.0,289.0,252.0,60.0,29.0,74.05706900762544,89,31.0,31.0,0.35,165.0,
2025-04-08 11:16:20,162.43,42.0,248.0,16.0,160.57,35.0,292.5,16.0,205.21,85.57,77.0,32.0,60.09792300903757,109,45.0,20.0,0.41,165.0,
2025-04-08 11:16:21,161.0,36.0,241.44,18.0,160.0,45.0,314.0,18.0,201.22,80.44,81.0,36.0,69.25103501031732,117,45.0,8.0,0.38,165.0,
2025-04-08 11:16:22,160.39,41.0,453.55,29.0,158.93,75.0,545.48,29.0,306.97,293.16,116.0,58.0,68.54853280705719,174,58.0,57.0,0.33,165.0,
2025-04-08 11:16:23,161.0,19.0,369.29,28.0,160.0,65.0,422.79,29.0,265.14,208.29,84.0,57.0,48.26982152442837,141,27.0,-33.0,0.19,161.0,1.0
2025-04-08 11:16:24,161.5,12.0,372.43,28.0,159.49,55.0,400.58,31.0,266.96,210.93,67.0,59.0,45.1221248391536,126,8.0,-15.0,0.06,160.2,5.0
2025-04-08 11:16:25,165.55,22.0,221.33,18.0,162.73,11.0,223.62,16.0,193.44,55.78,33.0,34.0,48.187191036624654,67,-1.0,-59.0,-0.01,160.2,
2025-04-08 11:16:26,166.0,48.0,217.36,44.0,165.0,24.0,218.71,28.0,191.68,51.360000000000014,72.0,72.0,50.57041348456779,144,0.0,77.0,0.0,160.2,
2025-04-08 11:16:27,166.0,40.0,213.44,32.0,165.0,20.0,215.14,28.0,189.72,47.44,60.0,60.0,40.79694498366414,120,0.0,-24.0,0.0,160.2,
2025-04-08 11:16:28,166.0,52.0,212.05,38.0,165.0,26.0,212.6,40.0,189.03,46.05000000000001,78.0,78.0,34.028734622376064,156,0.0,36.0,0.0,160.2,
2025-04-08 11:16:29,166.0,56.0,210.06,34.0,165.0,28.0,211.24,50.0,188.03,44.06,84.0,84.0,2.1699193533566503,168,0.0,12.0,0.0,160.2,
2025-04-08 11:16:30,165.27,30.0,206.67,42.0,160.26,78.0,209.11,36.0,185.97,41.39999999999998,108.0,78.0,2.107042951643249,186,30.0,18.0,0.16,166.0,4.0
2025-04-08 11:16:31,165.0,28.0,197.77,35.0,160.0,126.0,206.0,42.0,181.39,32.77000000000001,154.0,77.0,3.352807778574022,231,77.0,45.0,0.33,165.0,2.0
2025-04-08 11:16:32,160.0,90.0,164.53,30.0,158.0,80.0,179.45,22.0,162.27,4.530000000000001,170.0,52.0,11.05663239870342,222,118.0,-9.0,0.53,165.0,
2025-04-08 11:16:33,160.0,81.0,163.0,18.0,158.0,72.0,164.0,36.0,161.5,3.0,153.0,54.0,12.959510793237907,207,99.0,-15.0,0.48,165.0,
2025-04-08 11:16:34,160.0,90.0,162.8,20.0,158.0,80.0,164.0,40.0,161.4,2.800000000000012,170.0,60.0,12.139354595695837,230,110.0,23.0,0.48,165.0,
2025-04-08 11:16:35,160.0,144.0,162.0,32.0,158.0,98.0,164.0,79.0,161.0,2.0,242.0,111.0,8.887973334795387,353,131.0,123.0,0.37,165.0,
2025-04-08 11:16:36,160.0,79.0,162.44,32.0,158.0,76.0,164.12,50.0,161.22,2.4399999999999977,155.0,82.0,0.4818921041350036,237,73.0,-116.0,0.31,160.0,8.0
2025-04-08 11:16:37,160.0,13.0,162.75,59.0,158.0,91.0,163.53,34.0,161.37,2.75,104.0,93.0,0.1944736486709196,197,11.0,-40.0,0.06,160.0,
2025-04-08 11:16:38,158.83,100.0,161.68,63.0,157.95,61.0,163.0,48.0,160.26,2.8499999999999943,161.0,111.0,0.4691481642583605,272,50.0,75.0,0.18,160.44,9.0
2025-04-08 11:16:39,158.88,84.0,160.46,26.0,157.96,57.0,168.0,13.0,159.67,1.5800000000000125,141.0,39.0,0.7182826741794859,180,102.0,-92.0,0.57,159.0,1.0
2025-04-08 11:16:40,159.0,86.0,162.7,20.0,158.0,76.0,287.65,23.0,160.85,3.6999999999999886,162.0,43.0,0.7058540925902356,205,119.0,25.0,0.58,159.0,2.0
2025-04-08 11:16:41,159.17,106.0,166.62,13.0,158.17,72.0,238.17,29.0,162.89,7.450000000000017,178.0,42.0,1.229601561493359,220,136.0,15.0,0.62,159.0,
2025-04-08 11:16:42,160.0,36.0,166.0,6.0,159.0,24.0,167.0,6.0,163.0,6.0,60.0,12.0,1.529159900084826,72,48.0,-148.0,0.67,159.0,
2025-04-08 11:16:43,162.4,109.0,166.0,17.0,159.0,68.0,167.0,17.0,164.2,3.5999999999999943,177.0,34.0,1.8240805903327524,211,143.0,139.0,0.68,159.0,
2025-04-08 11:16:44,164.0,164.0,165.17,24.0,159.48,23.0,166.29,14.0,164.58,1.1699999999999875,187.0,38.0,1.4591881304445349,225,149.0,14.0,0.66,165.0,2.0
2025-04-08 11:16:45,164.0,64.0,166.93,14.0,160.0,12.0,199.21,19.0,165.46,2.930000000000007,76.0,33.0,1.088200349214996,109,43.0,-116.0,0.39,164.33,3.0
2025-04-08 11:16:46,161.06,53.0,169.0,42.0,158.4,35.0,373.64,70.0,165.03,7.939999999999998,88.0,112.0,0.9405211321561509,200,-24.0,91.0,-0.12,162.5,8.0
2025-04-08 11:16:47,159.1,49.0,167.82,55.0,157.89,111.0,169.0,19.0,163.46,8.719999999999999,160.0,74.0,0.769727224432415,234,86.0,34.0,0.37,162.5,
2025-04-08 11:16:48,158.53,79.0,166.08,60.0,157.73,90.0,167.83,12.0,162.31,7.550000000000011,169.0,72.0,1.2782292439276552,241,97.0,7.0,0.4,159.5,2.0
2025-04-08 11:16:49,158.0,37.0,166.0,50.0,157.0,40.0,167.0,18.0,162.0,8.0,77.0,68.0,1.5600224357460708,145,9.0,-96.0,0.06,158.0,8.0
2025-04-08 11:16:50,159.79,84.0,164.8,50.0,157.67,24.0,167.0,10.0,162.29,5.010000000000019,108.0,60.0,1.2560931494241117,168,48.0,23.0,0.29,158.0,
2025-04-08 11:16:51,160.74,115.0,162.71,56.0,158.0,24.0,191.92,13.0,161.73,1.9699999999999989,139.0,69.0,0.660280243555158,208,70.0,40.0,0.34,161.0,5.0
2025-04-08 11:16:52,161.0,100.0,167.0,10.0,158.79,38.0,277.12,32.0,164.0,6.0,138.0,42.0,0.8898483016949595,180,96.0,-28.0,0.53,161.0,
2025-04-08 11:16:53,161.16,95.0,167.0,11.0,159.55,55.0,256.83,46.0,164.08,5.840000000000003,150.0,57.0,1.1315255189477162,207,93.0,27.0,0.45,161.0,
2025-04-08 11:16:54,162.0,45.0,167.0,9.0,161.0,45.0,424.67,36.0,164.5,5.0,90.0,45.0,1.2269270557089278,135,45.0,-72.0,0.33,161.0,
2025-04-08 11:16:55,162.0,55.0,167.0,11.0,161.0,55.0,413.19,43.0,164.5,5.0,110.0,54.0,1.1593187654960082,164,56.0,29.0,0.34,167.0,1.0
2025-04-08 11:16:56,162.0,40.0,407.0,16.0,161.0,40.0,636.38,40.0,284.5,245.0,80.0,56.0,53.76898994773907,136,24.0,-28.0,0.18,167.0,
2025-04-08 11:16:57,162.89,45.0,406.17,36.0,161.0,45.0,521.63,27.0,284.53,243.28000000000003,90.0,63.0,65.81182811622921,153,27.0,17.0,0.18,167.0,
2025-04-08 11:16:58,166.88,125.0,292.76,71.0,162.43,76.0,363.7,47.0,229.82,125.88,201.0,118.0,60.054514401501216,319,83.0,166.0,0.26,167.0,
2025-04-08 11:16:59,167.0,108.0,266.66,38.0,165.0,12.0,392.28,54.0,216.83,99.66000000000004,120.0,92.0,50.56020104786108,212,28.0,-107.0,0.13,167.0,
2025-04-08 11:17:00,167.0,135.0,200.75,24.0,165.0,15.0,201.43,21.0,183.88,33.75,150.0,45.0,44.02575348588752,195,105.0,-17.0,0.54,167.0,
2025-04-08 11:17:01,167.0,135.0,179.32,41.0,165.0,15.0,181.06,50.0,173.16,12.319999999999991,150.0,91.0,43.9928645350596,241,59.0,46.0,0.24,167.0,
2025-04-08 11:17:02,166.8,49.0,172.75,36.0,160.91,33.0,175.46,28.0,169.77,5.949999999999989,82.0,64.0,27.044869568923264,146,18.0,-95.0,0.12,167.0,9.0
2025-04-08 11:17:03,160.0,85.0,163.09,55.0,158.88,51.0,163.93,45.0,161.55,3.0900000000000034,136.0,100.0,21.55201313102912,236,36.0,90.0,0.15,162.5,2.0
2025-04-08 11:17:04,160.0,39.0,161.45,22.0,159.0,16.0,162.12,34.0,160.73,1.4499999999999886,55.0,56.0,9.485023458064548,111,-1.0,-125.0,-0.01,160.0,1.0
2025-04-08 11:17:05,160.0,18.0,161.0,8.0,159.0,8.0,162.0,20.0,160.5,1.0,26.0,28.0,5.908110527065992,54,-2.0,-57.0,-0.04,160.0,
2025-04-08 11:17:06,158.15,47.0,164.35,17.0,157.16,19.0,194.15,13.0,161.25,6.199999999999989,66.0,30.0,3.940583713109591,96,36.0,42.0,0.38,159.7,10.0
2025-04-08 11:17:07,157.13,113.0,165.6,20.0,155.19,75.0,194.5,14.0,161.37,8.469999999999999,188.0,34.0,0.44519658581588,222,154.0,126.0,0.69,162.0,1.0
2025-04-08 11:17:08,162.0,22.0,165.0,18.0,157.0,110.0,285.28,25.0,163.5,3.0,132.0,43.0,1.1903570892898874,175,89.0,-47.0,0.51,162.0,
2025-04-08 11:17:09,162.52,25.0,356.09,46.0,157.43,115.0,428.47,34.0,259.3,193.57,140.0,80.0,43.682433883656856,220,60.0,45.0,0.27,165.0,2.0
2025-04-08 11:17:10,167.0,7.0,350.0,9.0,166.0,7.0,552.78,9.0,258.5,183.0,14.0,18.0,53.060710794335215,32,-4.0,-168.0,-0.12,165.0,
2025-04-08 11:17:11,167.0,8.0,387.9,10.0,166.0,8.0,439.2,10.0,277.45,220.9,16.0,20.0,56.73624617473487,36,-4.0,4.0,-0.11,165.0,
2025-04-08 11:17:12,167.0,7.0,393.29,7.0,166.0,7.0,564.59,17.0,280.14,226.29,14.0,24.0,48.16177343080456,38,-10.0,2.0,-0.26,165.0,
2025-04-08 11:17:15,162.5,16.0,341.33,27.0,159.16,74.0,587.22,27.0,251.92,178.82999999999998,90.0,54.0,41.07036425453554,144,36.0,72.0,0.25,166.0,1.0
2025-04-08 11:17:16,159.5,40.0,165.0,26.0,157.38,53.0,365.15,13.0,162.25,5.5,93.0,39.0,74.53624366709252,132,54.0,-12.0,0.41,163.0,3.0
2025-04-08 11:17:17,160.94,16.0,165.0,20.0,145.71,31.0,284.38,24.0,162.97,4.060000000000002,47.0,44.0,89.60726438185773,91,3.0,-41.0,0.03,163.0,
2025-04-08 11:17:18,164.0,22.0,165.0,16.0,158.0,50.0,206.0,24.0,164.5,1.0,72.0,40.0,77.18681020744468,112,32.0,21.0,0.29,164.0,2.0
2025-04-08 11:17:19,158.06,96.0,165.0,24.0,157.48,21.0,316.25,36.0,161.53,6.939999999999998,117.0,60.0,39.86524463740347,177,57.0,65.0,0.32,159.5,4.0
2025-04-08 11:17:20,158.0,39.0,165.0,14.0,157.0,7.0,386.4,20.0,161.5,7.0,46.0,34.0,1.246174145132165,80,12.0,-97.0,0.15,159.5,
2025-04-08 11:17:21,159.0,18.0,163.17,24.0,157.89,53.0,192.12,25.0,161.08,4.169999999999988,71.0,49.0,1.4150017667817505,120,22.0,40.0,0.18,159.5,
2025-04-08 11:17:22,158.0,72.0,161.13,15.0,157.0,8.0,162.12,16.0,159.57,3.1299999999999955,80.0,31.0,1.7895334587523988,111,49.0,-9.0,0.44,161.0,1.0
2025-04-08 11:17:23,158.0,91.0,159.59,17.0,157.0,12.0,161.25,24.0,158.79,1.5900000000000034,103.0,41.0,1.2435955934275278,144,62.0,33.0,0.43,158.0,3.0
2025-04-08 11:17:24,158.0,57.0,161.9,20.0,157.0,10.0,169.96,25.0,159.95,3.9000000000000057,67.0,45.0,1.1078673205722025,112,22.0,-32.0,0.2,159.2,5.0
2025-04-08 11:17:25,158.37,41.0,164.0,18.0,115.43,30.0,238.33,27.0,161.18,5.629999999999996,71.0,45.0,1.0180029469464826,116,26.0,4.0,0.22,158.0,2.0
2025-04-08 11:17:26,159.12,24.0,164.0,12.0,152.5,18.0,395.5,18.0,161.56,4.879999999999996,42.0,30.0,1.1464074319332895,72,12.0,-44.0,0.17,158.0,
2025-04-08 11:17:27,157.0,60.0,163.73,22.0,156.0,30.0,300.39,28.0,160.36,6.72999999999999,90.0,50.0,1.089160226960269,140,40.0,68.0,0.29,158.0,
2025-04-08 11:17:28,157.44,54.0,163.0,57.0,156.72,67.0,226.4,35.0,160.22,5.560000000000002,121.0,92.0,0.6833593490928697,213,29.0,73.0,0.14,158.0,
2025-04-08 11:17:29,158.11,27.0,163.0,23.0,157.0,54.0,336.11,27.0,160.56,4.889999999999986,81.0,50.0,0.5715592707609906,131,31.0,-82.0,0.24,163.0,1.0
2025-04-08 11:17:30,158.59,44.0,290.29,28.0,156.73,90.0,431.69,48.0,224.44,131.70000000000002,134.0,76.0,28.521408099882,210,58.0,79.0,0.28,160.0,4.0
2025-04-08 11:17:31,165.0,14.0,312.86,42.0,157.0,84.0,459.21,42.0,238.93,147.86,98.0,84.0,39.39010687977429,182,14.0,-28.0,0.08,160.0,
2025-04-08 11:17:32,165.0,11.0,285.0,33.0,158.14,42.0,425.36,33.0,225.0,120.0,53.0,66.0,38.27230068861898,119,-13.0,-63.0,-0.11,160.0,
2025-04-08 11:17:33,165.0,14.0,282.21,42.0,161.53,96.0,425.5,42.0,223.61,117.20999999999998,110.0,84.0,30.815555649705345,194,26.0,75.0,0.13,160.0,
2025-04-08 11:17:34,165.57,28.0,283.36,42.0,162.05,110.0,383.57,42.0,224.46,117.79000000000002,138.0,84.0,6.527010801286401,222,54.0,28.0,0.24,166.0,3.0
2025-04-08 11:17:35,166.38,80.0,238.88,48.0,165.0,16.0,326.44,48.0,202.62,72.5,96.0,96.0,12.996000538631169,192,0.0,-30.0,0.0,166.0,
2025-04-08 11:17:36,167.0,30.0,204.0,18.0,165.0,6.0,579.0,18.0,185.5,37.0,36.0,36.0,17.67056082868007,72,0.0,-120.0,0.0,166.0,
2025-04-08 11:17:37,167.0,40.0,199.7,30.0,165.0,10.0,304.0,30.0,183.35,32.69999999999999,50.0,60.0,19.83493307273981,110,-10.0,38.0,-0.09,167.0,2.0
2025-04-08 11:17:38,164.5,54.0,195.65,31.0,163.4,15.0,198.17,36.0,180.07,31.15000000000001,69.0,67.0,18.538024436278317,136,2.0,26.0,0.01,166.5,4.0
2025-04-08 11:17:39,162.0,60.0,191.77,22.0,159.0,27.0,193.35,23.0,176.89,29.77000000000001,87.0,45.0,10.014500986071871,132,42.0,-4.0,0.32,162.0,3.0
2025-04-08 11:17:40,162.0,78.0,187.0,32.0,161.0,39.0,187.82,33.0,174.5,25.0,117.0,65.0,4.510550964131112,182,52.0,50.0,0.29,162.0,
2025-04-08 11:17:41,162.0,54.0,181.13,30.0,161.0,45.0,182.13,30.0,171.57,19.129999999999995,99.0,60.0,4.612849444759608,159,39.0,-23.0,0.25,162.0,3.0
2025-04-08 11:17:42,162.0,33.0,178.36,25.0,161.0,33.0,179.62,29.0,170.18,16.360000000000014,66.0,54.0,3.996357091153666,120,12.0,-39.0,0.1,162.0,
2025-04-08 11:17:43,166.0,89.0,175.17,24.0,162.0,33.0,178.0,31.0,170.58,9.169999999999987,122.0,55.0,2.868279972389489,177,67.0,57.0,0.38,166.0,5.0
2025-04-08 11:17:44,165.0,48.0,171.68,31.0,161.69,39.0,172.91,34.0,168.34,6.680000000000007,87.0,65.0,2.263488458112279,152,22.0,-25.0,0.14,166.0,4.0
2025-04-08 11:17:45,161.4,45.0,165.32,19.0,159.4,90.0,169.06,34.0,163.36,3.919999999999988,135.0,53.0,3.2615456458561565,188,82.0,36.0,0.44,162.0,3.0
2025-04-08 11:17:46,161.0,30.0,162.0,18.0,159.0,80.0,163.2,10.0,161.5,1.0,110.0,28.0,4.1233384532438535,138,82.0,-50.0,0.59,162.0,1.0
2025-04-08 11:17:47,159.19,62.0,161.08,13.0,158.22,72.0,163.67,9.0,160.14,1.8900000000000148,134.0,22.0,4.4893741211883365,156,112.0,18.0,0.72,161.0,3.0
2025-04-08 11:17:48,159.93,59.0,283.95,19.0,158.14,56.0,466.59,17.0,221.94,124.01999999999998,115.0,36.0,26.39253076156237,151,79.0,-5.0,0.52,161.5,4.0
2025-04-08 11:17:49,164.0,94.0,207.44,27.0,160.0,9.0,286.11,27.0,185.72,43.44,103.0,54.0,26.431354865008764,157,49.0,6.0,0.31,164.0,1.0
2025-04-08 11:17:50,164.0,70.0,227.0,21.0,160.0,7.0,278.43,21.0,195.5,63.0,77.0,42.0,25.71766707926742,119,35.0,-38.0,0.29,164.0,
2025-04-08 11:17:51,164.36,67.0,251.0,30.0,163.11,28.0,516.05,40.0,207.68,86.63999999999999,95.0,70.0,23.3714672196688,165,25.0,46.0,0.15,164.0,3.0
2025-04-08 11:17:54,164.0,45.0,443.46,41.0,160.67,9.0,465.28,36.0,303.73,279.46,54.0,77.0,73.60997982610927,131,-23.0,10.0,-0.18,164.0,
2025-04-08 11:17:55,164.51,71.0,300.07,28.0,163.33,54.0,417.14,86.0,232.29,135.56,125.0,114.0,64.52992228416386,239,11.0,108.0,0.05,165.5,4.0
2025-04-08 11:17:56,164.0,50.0,239.08,13.0,160.0,13.0,391.23,65.0,201.54,75.08000000000001,63.0,78.0,66.41808887645162,141,-15.0,-98.0,-0.11,164.0,1.0
2025-04-08 11:17:57,164.0,57.0,234.73,52.0,160.0,19.0,354.49,59.0,199.37,70.72999999999999,76.0,111.0,71.77424308204284,187,-35.0,46.0,-0.19,164.0,
2025-04-08 11:17:58,164.0,36.0,213.06,35.0,160.0,12.0,218.14,29.0,188.53,49.06,48.0,64.0,46.874417543049006,112,-16.0,-75.0,-0.14,164.0,
2025-04-08 11:17:59,159.88,34.0,211.02,41.0,158.05,79.0,212.38,13.0,185.45,51.140000000000015,113.0,54.0,18.563172681415487,167,59.0,55.0,0.35,162.2,5.0
2025-04-08 11:18:00,159.0,64.0,210.12,76.0,158.0,157.0,211.5,20.0,184.56,51.120000000000005,221.0,96.0,7.993200235201808,317,125.0,150.0,0.39,162.2,
2025-04-08 11:18:01,159.0,82.0,207.81,47.0,158.0,114.0,223.56,39.0,183.4,48.81,196.0,86.0,6.494433770547098,282,110.0,-35.0,0.39,162.2,
2025-04-08 11:18:02,159.0,39.0,204.93,30.0,158.0,66.0,206.53,15.0,181.97,45.93000000000001,105.0,45.0,2.467806718528655,150,60.0,-132.0,0.4,159.0,3.0
2025-04-08 11:18:03,159.0,26.0,193.96,50.0,158.0,52.0,197.82,22.0,176.48,34.96000000000001,78.0,72.0,3.5424384257189474,150,6.0,0.0,0.04,159.0,
2025-04-08 11:18:04,159.0,34.0,187.73,44.0,158.0,68.0,190.15,41.0,173.36,28.72999999999999,102.0,85.0,4.81414374525782,187,17.0,37.0,0.09,158.5,4.0
2025-04-08 11:18:05,158.0,110.0,186.43,46.0,157.0,104.0,187.68,19.0,172.22,28.430000000000007,214.0,65.0,5.021163211846405,279,149.0,92.0,0.53,158.5,
2025-04-08 11:18:06,158.47,60.0,184.04,50.0,157.36,100.0,184.59,22.0,171.25,25.569999999999997,160.0,72.0,4.336937859826265,232,88.0,-47.0,0.38,159.4,5.0
2025-04-08 11:18:07,158.0,85.0,178.04,72.0,157.0,136.0,179.59,79.0,168.02,20.039999999999992,221.0,151.0,3.082917449428111,372,70.0,140.0,0.19,159.4,
2025-04-08 11:18:08,158.0,80.0,169.4,25.0,157.0,128.0,174.19,43.0,163.7,11.400000000000006,208.0,68.0,3.9041772500723977,276,140.0,-96.0,0.51,159.4,
2025-04-08 11:18:09,157.7,79.0,160.12,51.0,151.25,97.0,161.53,30.0,158.91,2.420000000000016,176.0,81.0,5.534604773601861,257,95.0,-19.0,0.37,158.0,5.0
2025-04-08 11:18:10,157.27,77.0,159.27,44.0,152.48,65.0,162.29,14.0,158.27,2.0,142.0,58.0,5.646888523777523,200,84.0,-57.0,0.42,159.0,4.0
2025-04-08 11:18:11,158.82,102.0,161.0,13.0,157.3,69.0,163.85,13.0,159.91,2.180000000000007,171.0,26.0,4.082777241041358,197,145.0,-3.0,0.74,159.0,
2025-04-08 11:18:12,159.02,154.0,161.71,17.0,157.24,116.0,209.6,25.0,160.36,2.6899999999999977,270.0,42.0,2.1061932484845465,312,228.0,115.0,0.73,159.5,10.0
2025-04-08 11:18:13,159.0,51.0,163.23,13.0,157.0,64.0,171.64,11.0,161.12,4.22999999999999,115.0,24.0,1.1362350108849846,139,91.0,-168.0,0.65,159.5,
2025-04-08 11:18:14,157.3,120.0,162.36,22.0,150.74,38.0,164.0,11.0,159.83,5.060000000000002,158.0,33.0,1.0442557157905292,191,125.0,52.0,0.65,157.0,4.0
2025-04-08 11:18:15,157.0,119.0,162.11,19.0,123.09,11.0,179.0,14.0,159.55,5.110000000000014,130.0,33.0,0.6133759042885081,163,97.0,-28.0,0.6,161.0,2.0
2025-04-08 11:18:16,157.17,60.0,182.5,12.0,152.46,39.0,236.0,22.0,169.83,25.330000000000013,99.0,34.0,4.341344261857845,133,65.0,-30.0,0.49,164.0,1.0
2025-04-08 11:18:17,157.44,36.0,277.21,29.0,156.21,76.0,351.78,37.0,217.33,119.76999999999998,112.0,66.0,24.845867261981223,178,46.0,45.0,0.26,157.5,4.0
2025-04-08 11:18:18,158.2,45.0,258.0,19.0,155.81,64.0,276.11,37.0,208.1,99.8,109.0,56.0,27.69807430129413,165,53.0,-13.0,0.32,159.0,1.0
2025-04-08 11:18:19,164.06,31.0,257.0,12.0,161.46,13.0,259.0,36.0,210.53,92.94,44.0,48.0,26.37701688970973,92,-4.0,-73.0,-0.04,164.0,1.0
2025-04-08 11:18:20,166.0,9.0,257.0,9.0,164.0,18.0,402.29,17.0,211.5,91.0,27.0,26.0,19.10176614871133,53,1.0,-39.0,0.02,164.0,
2025-04-08 11:18:21,166.0,6.0,255.17,6.0,164.0,12.0,530.67,12.0,210.58,89.16999999999999,18.0,18.0,3.43794560749177,36,0.0,-17.0,0.0,164.0,
2025-04-08 11:18:22,166.0,7.0,245.29,7.0,164.0,14.0,375.0,16.0,205.64,79.28999999999999,21.0,23.0,2.3886397803073893,44,-2.0,8.0,-0.05,164.0,
2025-04-08 11:18:23,166.0,10.0,255.0,10.0,164.0,20.0,487.51,39.0,210.5,89.0,30.0,49.0,2.3352944140017904,79,-19.0,35.0,-0.24,164.0,
2025-04-08 11:18:24,166.0,6.0,232.0,9.0,164.0,12.0,382.62,21.0,199.0,66.0,18.0,30.0,5.248340690167036,48,-12.0,-31.0,-0.25,164.0,
2025-04-08 11:18:25,157.97,62.0,229.15,40.0,156.25,64.0,298.56,36.0,193.56,71.18,126.0,76.0,7.4519447126273874,202,50.0,154.0,0.25,160.38,8.0
2025-04-08 11:18:26,163.84,67.0,195.18,17.0,160.3,60.0,241.1,30.0,179.51,31.340000000000003,127.0,47.0,12.005961852348277,174,80.0,-28.0,0.46,160.38,
2025-04-08 11:18:27,165.5,64.0,166.93,30.0,162.78,54.0,297.14,29.0,166.22,1.4300000000000068,118.0,59.0,17.24209442034306,177,59.0,3.0,0.33,165.0,1.0
2025-04-08 11:18:28,166.0,56.0,411.11,18.0,165.0,42.0,483.56,25.0,288.56,245.11,98.0,43.0,48.22367468370757,141,55.0,-36.0,0.39,165.0,
2025-04-08 11:18:30,167.97,58.0,222.86,21.0,166.37,19.0,514.5,30.0,195.41,54.890000000000015,77.0,51.0,70.53635637031525,128,26.0,-63.0,0.2,167.0,1.0
2025-04-08 11:18:31,168.0,56.0,323.71,7.0,167.0,7.0,679.92,25.0,245.86,155.70999999999998,63.0,32.0,64.51762332882497,95,31.0,-33.0,0.33,167.0,
2025-04-08 11:18:32,168.0,72.0,265.33,9.0,167.0,9.0,626.19,21.0,216.67,97.32999999999998,81.0,30.0,52.09658117381754,111,51.0,16.0,0.46,167.0,
2025-04-08 11:18:33,167.57,28.0,295.4,10.0,165.8,20.0,516.0,10.0,231.49,127.82999999999998,48.0,20.0,48.75212887659509,68,28.0,-43.0,0.41,167.42,12.0
2025-04-08 11:18:34,166.0,24.0,268.09,23.0,165.0,48.0,413.82,11.0,217.04,102.08999999999996,72.0,34.0,18.820906726300205,106,38.0,38.0,0.36,167.42,
2025-04-08 11:18:35,166.0,24.0,202.75,32.0,165.0,48.0,597.0,8.0,184.38,36.75,72.0,40.0,22.83219152863097,112,32.0,6.0,0.29,167.42,
2025-04-08 11:18:36,166.0,27.0,397.33,33.0,165.0,54.0,478.79,28.0,281.67,231.33,81.0,61.0,35.45606929709077,142,20.0,30.0,0.14,167.42,
2025-04-08 11:18:37,166.0,22.0,344.62,26.0,165.0,48.0,370.4,30.0,255.31,178.62,70.0,56.0,37.022387416266376,126,14.0,-16.0,0.11,166.0,1.0
2025-04-08 11:18:38,166.0,22.0,338.8,45.0,165.0,66.0,343.32,41.0,252.4,172.8,88.0,86.0,37.84297490948786,174,2.0,48.0,0.01,166.0,
2025-04-08 11:18:39,166.0,14.0,338.85,34.0,165.0,48.0,340.1,30.0,252.43,172.85000000000002,62.0,64.0,36.17820849627774,126,-2.0,-48.0,-0.02,166.0,1.0
2025-04-08 11:18:40,166.0,8.0,282.33,12.0,165.0,48.0,337.89,18.0,224.17,116.32999999999998,56.0,30.0,20.365207585491486,86,26.0,-40.0,0.3,166.0,
2025-04-08 11:18:41,165.79,14.0,254.0,36.0,164.71,77.0,254.62,24.0,209.89,88.21000000000001,91.0,60.0,20.573854767644544,151,31.0,65.0,0.21,165.25,4.0
2025-04-08 11:18:42,165.39,23.0,251.42,19.0,163.37,81.0,252.36,33.0,208.41,86.03,104.0,52.0,21.839963369935194,156,52.0,5.0,0.33,165.25,
2025-04-08 11:18:43,166.29,14.0,246.58,24.0,163.34,106.0,247.59,32.0,206.43,80.29000000000002,120.0,56.0,19.29653544033467,176,64.0,20.0,0.36,166.0,3.0
2025-04-08 11:18:44,165.0,15.0,244.11,19.0,163.0,139.0,245.9,41.0,204.55,79.11000000000001,154.0,60.0,7.8005769017471795,214,94.0,38.0,0.44,166.0,
2025-04-08 11:18:45,165.0,13.0,232.65,34.0,163.0,156.0,240.12,33.0,198.82,67.65,169.0,67.0,4.302847894134882,236,102.0,22.0,0.43,166.0,
2025-04-08 11:18:46,165.0,9.0,201.06,33.0,163.0,108.0,229.5,24.0,183.03,36.06,117.0,57.0,10.26938751825295,174,60.0,-62.0,0.34,166.0,
2025-04-08 11:18:47,165.0,15.0,203.33,49.0,163.0,180.0,220.65,48.0,184.16,38.33000000000001,195.0,97.0,11.140402595958513,292,98.0,118.0,0.34,166.0,
2025-04-08 11:18:48,163.04,102.0,176.66,35.0,162.69,35.0,177.97,38.0,169.85,13.620000000000005,137.0,73.0,13.782328177779815,210,64.0,-82.0,0.3,163.4,5.0
2025-04-08 11:18:49,163.0,80.0,170.83,29.0,162.0,10.0,172.28,25.0,166.91,7.8300000000000125,90.0,54.0,12.781968940660406,144,36.0,-66.0,0.25,163.4,
2025-04-08 11:18:50,162.32,63.0,164.03,40.0,161.26,19.0,166.09,44.0,163.17,1.710000000000008,82.0,84.0,9.590191864607936,166,-2.0,22.0,-0.01,163.0,8.0
2025-04-08 11:18:51,162.0,21.0,164.45,33.0,161.0,18.0,169.0,24.0,163.23,2.4499999999999886,39.0,57.0,8.676426683836151,96,-18.0,-70.0,-0.19,162.0,6.0
2025-04-08 11:18:52,161.33,15.0,165.6,40.0,160.33,30.0,173.0,20.0,163.47,4.269999999999982,45.0,60.0,2.9774955919321684,105,-15.0,9.0,-0.14,162.0,
2025-04-08 11:18:53,160.2,41.0,168.04,50.0,159.14,115.0,259.89,54.0,164.12,7.840000000000003,156.0,104.0,1.5718778578417405,260,52.0,155.0,0.2,161.6,5.0
2025-04-08 11:18:54,165.69,32.0,171.0,36.0,163.2,45.0,376.0,36.0,168.34,5.310000000000002,77.0,72.0,2.1981196509684664,149,5.0,-111.0,0.03,166.4,5.0
2025-04-08 11:18:55,166.0,30.0,171.0,40.0,163.0,30.0,332.67,42.0,168.5,5.0,60.0,82.0,2.657003951817889,142,-22.0,-7.0,-0.15,166.4,
2025-04-08 11:18:56,166.0,36.0,169.92,60.0,163.0,36.0,171.0,48.0,167.96,3.919999999999988,72.0,108.0,2.4677965880472783,180,-36.0,38.0,-0.2,166.4,
2025-04-08 11:18:57,164.93,42.0,168.68,65.0,161.93,42.0,234.21,56.0,166.8,3.75,84.0,121.0,1.816447081524572,205,-37.0,25.0,-0.18,166.0,3.0
2025-04-08 11:18:58,163.0,30.0,171.89,36.0,160.0,30.0,257.78,45.0,167.44,8.889999999999986,60.0,81.0,0.6957873238141481,141,-21.0,-64.0,-0.15,166.0,
2025-04-08 11:18:59,163.0,12.0,170.5,8.0,160.5,8.0,172.0,16.0,166.75,7.5,20.0,24.0,0.7528612089753391,44,-4.0,-97.0,-0.09,163.0,2.0
2025-04-08 11:19:00,159.65,40.0,169.21,38.0,159.03,70.0,172.71,28.0,164.43,9.560000000000002,110.0,66.0,1.350714625662339,176,44.0,132.0,0.25,160.75,4.0
2025-04-08 11:19:01,159.73,91.0,167.61,62.0,158.76,66.0,169.48,29.0,163.67,7.880000000000024,157.0,91.0,1.6586349809335477,248,66.0,72.0,0.27,165.0,1.0
2025-04-08 11:19:02,161.57,42.0,165.91,22.0,158.93,86.0,167.0,55.0,163.74,4.340000000000003,128.0,77.0,1.7667286152590478,205,51.0,-43.0,0.25,161.0,3.0
2025-04-08 11:19:03,159.0,64.0,164.38,16.0,158.0,16.0,167.0,43.0,161.69,5.379999999999996,80.0,59.0,1.8196373264946928,139,21.0,-66.0,0.15,161.0,
2025-04-08 11:19:04,159.0,74.0,162.33,18.0,158.0,20.0,164.65,17.0,160.67,3.3300000000000125,94.0,35.0,1.585749034358904,129,59.0,-10.0,0.46,161.0,
2025-04-08 11:19:05,158.91,88.0,245.62,42.0,157.14,42.0,310.87,47.0,202.26,86.71000000000001,130.0,89.0,17.85528577200561,219,41.0,90.0,0.19,160.6,10.0
2025-04-08 11:19:06,160.04,46.0,174.73,44.0,158.83,58.0,177.0,33.0,167.39,14.689999999999998,104.0,77.0,17.579816551943527,181,27.0,-38.0,0.15,160.6,
2025-04-08 11:19:07,167.0,8.0,173.31,26.0,159.0,64.0,174.6,30.0,170.15,6.310000000000002,72.0,56.0,17.13238220446854,128,16.0,-53.0,0.12,160.6,
2025-04-08 11:19:08,163.24,17.0,171.5,36.0,158.97,74.0,172.94,34.0,167.37,8.259999999999991,91.0,70.0,16.415350133335345,161,21.0,33.0,0.13,167.0,1.0
2025-04-08 11:19:09,159.0,88.0,168.86,42.0,148.4,20.0,170.23,35.0,163.93,9.860000000000014,108.0,77.0,15.829260879775592,185,31.0,24.0,0.17,167.0,
2025-04-08 11:19:10,159.01,81.0,164.72,43.0,144.9,20.0,166.44,34.0,161.87,5.710000000000008,101.0,77.0,3.250864500402442,178,24.0,-7.0,0.13,167.0,
2025-04-08 11:19:11,160.17,12.0,163.24,29.0,159.0,96.0,163.7,43.0,161.7,3.0700000000000216,108.0,72.0,3.673251965217525,180,36.0,2.0,0.2,162.0,2.0
2025-04-08 11:19:12,159.03,59.0,161.17,12.0,158.42,19.0,575.5,48.0,160.1,2.1399999999999864,78.0,60.0,2.79904090716268,138,18.0,-42.0,0.13,159.22,9.0
2025-04-08 11:19:13,158.0,10.0,245.64,22.0,121.56,16.0,392.5,40.0,201.82,87.63999999999999,26.0,62.0,17.90451702783364,88,-36.0,-50.0,-0.41,160.0,1.0
2025-04-08 11:19:14,161.0,42.0,436.71,28.0,158.0,7.0,613.0,28.0,298.86,275.71,49.0,56.0,59.66662467410104,105,-7.0,17.0,-0.07,160.0,
2025-04-08 11:19:17,161.6,10.0,268.0,32.0,160.7,20.0,478.0,32.0,214.8,106.4,30.0,64.0,61.38135490521699,94,-34.0,46.0,-0.36,161.33,3.0
2025-04-08 11:19:18,161.57,14.0,396.4,40.0,160.18,22.0,649.96,25.0,278.99,234.83,36.0,65.0,46.66540528057415,101,-29.0,7.0,-0.29,161.33,
2025-04-08 11:19:19,162.0,20.0,337.89,36.0,161.0,10.0,431.67,21.0,249.94,175.89,30.0,57.0,49.22590303895112,87,-27.0,-14.0,-0.31,161.33,
2025-04-08 11:19:20,161.92,13.0,379.73,22.0,160.67,9.0,495.4,20.0,270.83,217.81000000000003,22.0,42.0,38.41904436604572,64,-20.0,-23.0,-0.31,161.33,
2025-04-08 11:19:21,162.0,27.0,402.0,36.0,161.0,9.0,421.0,18.0,282.0,240.0,36.0,54.0,27.855815730295408,90,-18.0,26.0,-0.2,161.33,
2025-04-08 11:19:22,162.0,15.0,402.0,20.0,160.33,9.0,421.0,10.0,282.0,240.0,24.0,30.0,13.54663316105526,54,-6.0,-36.0,-0.11,161.33,
2025-04-08 11:19:23,161.96,28.0,402.0,36.0,160.73,11.0,421.0,18.0,281.98,240.04,39.0,54.0,13.950810012332736,93,-15.0,39.0,-0.16,162.0,3.0
2025-04-08 11:19:24,162.0,79.0,401.89,36.0,161.0,9.0,417.2,20.0,281.94,239.89,88.0,56.0,4.986491752747275,144,32.0,51.0,0.22,162.0,1.0
2025-04-08 11:19:25,162.0,80.0,347.78,36.0,161.0,11.0,422.26,38.0,254.89,185.78,91.0,74.0,12.115041064734775,165,17.0,21.0,0.1,162.0,4.0
2025-04-08 11:19:26,162.0,16.0,163.0,8.0,161.0,4.0,422.0,8.0,162.5,1.0,20.0,16.0,51.748465870981725,36,4.0,-129.0,0.11,162.0,
2025-04-08 11:19:27,162.0,44.0,199.82,22.0,161.0,11.0,525.79,28.0,180.91,37.81999999999999,55.0,50.0,56.91091397965876,105,5.0,69.0,0.05,163.0,2.0
2025-04-08 11:19:30,166.0,8.0,424.5,16.0,165.0,16.0,757.0,8.0,295.25,258.5,24.0,24.0,112.8792167318689,48,0.0,-66.0,0.0,163.0,
2025-04-08 11:19:31,166.0,11.0,361.0,24.0,165.0,24.0,757.0,12.0,263.5,195.0,35.0,36.0,92.33020399631027,71,-1.0,23.0,-0.01,166.0,1.0
2025-04-08 11:19:34,166.44,18.0,171.33,36.0,165.05,42.0,193.19,32.0,168.89,4.890000000000015,60.0,68.0,91.81123324517677,128,-8.0,12.0,-0.06,167.0,4.0
2025-04-08 11:19:35,165.0,39.0,171.0,39.0,162.0,52.0,322.0,39.0,168.0,6.0,91.0,78.0,108.31764653093325,169,13.0,41.0,0.08,165.5,2.0
2025-04-08 11:19:36,165.0,36.0,168.75,36.0,162.0,48.0,575.25,12.0,166.88,3.75,84.0,48.0,118.12462330098732,132,36.0,-37.0,0.27,165.5,
2025-04-08 11:19:37,163.7,37.0,167.0,33.0,161.58,48.0,200.9,21.0,165.35,3.300000000000012,85.0,54.0,75.21953622563788,139,31.0,7.0,0.22,165.0,3.0
2025-04-08 11:19:38,162.0,24.0,167.0,18.0,161.0,30.0,438.14,7.0,164.5,5.0,54.0,25.0,1.8150840200879887,79,29.0,-60.0,0.37,165.0,
2025-04-08 11:19:39,162.33,54.0,165.94,54.0,161.44,81.0,288.88,41.0,164.14,3.609999999999985,135.0,95.0,1.631802684143156,230,40.0,151.0,0.17,164.0,2.0
2025-04-08 11:19:40,161.84,62.0,163.09,33.0,160.95,82.0,168.19,26.0,162.46,1.25,144.0,59.0,1.6232929495240445,203,85.0,-27.0,0.42,162.0,4.0
2025-04-08 11:19:41,160.9,31.0,177.58,19.0,158.37,19.0,203.0,18.0,169.24,16.680000000000007,50.0,37.0,2.5222053841777967,87,13.0,-116.0,0.15,161.0,5.0
2025-04-08 11:19:42,167.75,48.0,187.67,12.0,166.0,12.0,189.0,24.0,177.71,19.919999999999987,60.0,36.0,6.182685500652651,96,24.0,9.0,0.25,161.0,
2025-04-08 11:19:43,168.0,36.0,186.44,9.0,166.0,9.0,298.0,24.0,177.22,18.44,45.0,33.0,7.127810322952318,78,12.0,-18.0,0.15,168.0,4.0
2025-04-08 11:19:44,159.57,21.0,185.69,13.0,157.45,58.0,352.44,16.0,172.63,26.120000000000005,79.0,29.0,6.300180156153391,108,50.0,30.0,0.46,160.33,6.0
2025-04-08 11:19:45,157.06,32.0,182.96,25.0,139.16,31.0,188.69,13.0,170.01,25.90000000000001,63.0,38.0,3.954487324545625,101,25.0,-7.0,0.25,157.4,5.0
2025-04-08 11:19:46,157.0,18.0,179.75,12.0,107.0,24.0,180.94,16.0,168.38,22.75,42.0,28.0,4.190268487816941,70,14.0,-31.0,0.2,157.4,
2025-04-08 11:19:47,161.0,42.0,176.86,29.0,130.45,29.0,178.4,15.0,168.93,15.860000000000014,71.0,44.0,3.623979856454524,115,27.0,45.0,0.23,165.0,5.0
2025-04-08 11:19:48,165.0,42.0,170.67,12.0,162.0,77.0,173.3,27.0,167.83,5.669999999999988,119.0,39.0,1.897993677540672,158,80.0,43.0,0.51,165.0,1.0
2025-04-08 11:19:49,162.0,67.0,165.73,11.0,157.0,33.0,167.0,22.0,163.86,3.7299999999999898,100.0,33.0,2.3463737980084964,133,67.0,-25.0,0.5,163.8,5.0
2025-04-08 11:19:50,162.0,25.0,164.4,5.0,157.0,15.0,195.57,14.0,163.2,2.4000000000000057,40.0,19.0,2.6948933188492137,59,21.0,-74.0,0.36,163.8,
2025-04-08 11:19:51,162.0,45.0,163.78,9.0,157.0,27.0,178.6,20.0,162.89,1.7800000000000011,72.0,29.0,2.822263276162589,101,43.0,42.0,0.43,163.8,
2025-04-08 11:19:52,162.0,22.0,167.5,8.0,157.0,15.0,205.0,16.0,164.75,5.5,37.0,24.0,1.9901582851558175,61,13.0,-40.0,0.21,162.0,1.0
2025-04-08 11:19:53,162.0,24.0,169.0,12.0,157.0,18.0,284.8,20.0,165.5,7.0,42.0,32.0,1.0835358784892328,74,10.0,13.0,0.14,162.0,
2025-04-08 11:19:54,162.15,33.0,204.08,26.0,159.44,41.0,299.37,38.0,183.11,41.93000000000001,74.0,64.0,8.576365780444599,138,10.0,64.0,0.07,162.0,
2025-04-08 11:19:55,163.0,10.0,219.0,30.0,162.0,40.0,220.0,20.0,191.0,56.0,50.0,50.0,12.764444758781789,100,0.0,-38.0,0.0,162.0,
2025-04-08 11:19:56,162.5,14.0,219.0,42.0,160.29,49.0,224.85,26.0,190.75,56.5,63.0,68.0,13.079226659095813,131,-5.0,31.0,-0.04,162.25,4.0
2025-04-08 11:19:57,162.0,7.0,219.0,21.0,158.0,21.0,237.91,11.0,190.5,57.0,28.0,32.0,10.951103597355496,60,-4.0,-71.0,-0.07,162.25,
2025-04-08 11:19:58,163.32,19.0,218.18,33.0,160.87,69.0,221.0,22.0,190.75,54.860000000000014,88.0,55.0,3.421281923493332,143,33.0,83.0,0.23,161.33,3.0
2025-04-08 11:19:59,164.54,39.0,218.0,39.0,161.67,60.0,423.15,26.0,191.27,53.46000000000001,99.0,65.0,0.2921129918805522,164,34.0,21.0,0.21,166.0,4.0
2025-04-08 11:20:00,163.0,33.0,217.73,33.0,161.0,55.0,354.76,17.0,190.36,54.72999999999999,88.0,50.0,0.3471743078414024,138,38.0,-26.0,0.28,166.0,
2025-04-08 11:20:01,163.0,24.0,215.21,28.0,161.0,50.0,217.41,34.0,189.11,52.21000000000001,74.0,62.0,0.799230880299625,136,12.0,-2.0,0.09,166.0,
2025-04-08 11:20:02,163.0,57.0,204.72,64.0,161.0,133.0,209.46,76.0,183.86,41.72,190.0,140.0,3.0196109020901862,330,50.0,168.0,0.15,166.0,
2025-04-08 11:20:03,162.62,37.0,169.67,39.0,160.98,85.0,171.1,39.0,166.14,7.049999999999983,122.0,78.0,10.467858902374092,200,44.0,-130.0,0.22,163.0,2.0
2025-04-08 11:20:04,161.0,91.0,164.7,53.0,159.0,15.0,165.18,51.0,162.85,3.6999999999999886,106.0,104.0,13.035019370910105,210,2.0,10.0,0.01,161.0,3.0
2025-04-08 11:20:05,161.31,59.0,166.91,22.0,160.55,31.0,310.88,16.0,164.11,5.599999999999994,90.0,38.0,12.31215781250352,128,52.0,-82.0,0.41,163.11,9.0
2025-04-08 11:20:06,161.0,104.0,168.8,41.0,159.0,13.0,304.39,23.0,164.9,7.800000000000011,117.0,64.0,8.74030720283801,181,53.0,53.0,0.29,163.11,
2025-04-08 11:20:07,160.73,90.0,165.88,51.0,160.19,27.0,168.6,40.0,163.31,5.150000000000006,117.0,91.0,1.3093013404003635,208,26.0,27.0,0.12,165.0,1.0
2025-04-08 11:20:08,160.0,64.0,163.14,21.0,159.0,8.0,165.0,32.0,161.57,3.1399999999999864,72.0,53.0,1.2649189697259395,125,19.0,-83.0,0.15,163.0,1.0
2025-04-08 11:20:09,159.95,42.0,162.11,18.0,158.54,13.0,165.0,36.0,161.03,2.160000000000025,55.0,54.0,1.6479320374250463,109,1.0,-16.0,0.01,160.0,8.0
2025-04-08 11:20:10,159.0,11.0,161.83,24.0,158.0,39.0,169.74,43.0,160.42,2.8300000000000125,50.0,67.0,1.833420300959525,117,-17.0,8.0,-0.15,161.0,2.0
2025-04-08 11:20:11,159.0,8.0,165.0,32.0,158.0,32.0,233.95,22.0,162.0,6.0,40.0,54.0,1.0932200144387405,94,-14.0,-23.0,-0.15,161.0,
2025-04-08 11:20:12,146.87,15.0,164.4,60.0,63.15,53.0,363.15,26.0,155.63,17.53,68.0,86.0,2.5843084181201395,154,-18.0,60.0,-0.12,158.2,5.0
2025-04-08 11:20:13,140.09,22.0,162.5,40.0,36.82,22.0,328.7,10.0,151.3,22.41,44.0,50.0,4.514291749539762,94,-6.0,-60.0,-0.06,158.2,
2025-04-08 11:20:14,124.68,19.0,161.0,28.0,64.75,16.0,331.0,7.0,142.84,36.31999999999999,35.0,35.0,7.725763392698221,70,0.0,-24.0,0.0,158.2,
2025-04-08 11:20:15,128.64,11.0,160.18,44.0,88.14,42.0,205.78,18.0,144.41,31.54000000000002,53.0,62.0,7.941380862290258,115,-9.0,45.0,-0.08,158.2,
2025-04-08 11:20:16,137.0,8.0,157.46,26.0,82.0,32.0,354.5,8.0,147.23,20.460000000000008,40.0,34.0,5.215742516645584,74,6.0,-41.0,0.08,157.0,2.0
2025-04-08 11:20:20,118.62,45.0,263.44,18.0,110.61,119.0,331.62,29.0,191.03,144.82,164.0,47.0,28.728491084634683,211,117.0,-100.0,0.55,157.0,
2025-04-08 11:20:21,118.65,126.0,190.35,31.0,115.17,120.0,347.13,15.0,154.5,71.69999999999999,246.0,46.0,29.16785782329476,292,200.0,81.0,0.68,157.0,2.0
2025-04-08 11:20:22,127.04,146.0,154.88,51.0,125.66,128.0,209.2,35.0,140.96,27.83999999999999,274.0,86.0,25.75227232692185,360,188.0,68.0,0.52,157.0,
2025-04-08 11:20:23,133.29,112.0,151.0,12.0,132.23,52.0,157.0,30.0,142.14,17.710000000000008,164.0,42.0,23.13112124389889,206,122.0,-154.0,0.59,151.0,2.0
2025-04-08 11:20:24,137.31,144.0,151.0,12.0,136.73,120.0,155.12,16.0,144.15,13.689999999999998,264.0,28.0,21.081087021307862,292,236.0,86.0,0.81,151.0,
2025-04-08 11:20:25,140.9,84.0,156.55,33.0,139.81,114.0,169.82,39.0,148.73,15.650000000000006,198.0,72.0,5.553839212647413,270,126.0,-22.0,0.47,154.0,1.0
2025-04-08 11:20:26,143.97,120.0,198.67,33.0,143.17,48.0,568.43,14.0,171.32,54.69999999999999,168.0,47.0,12.57399101319648,215,121.0,-55.0,0.56,157.0,7.0
2025-04-08 11:20:27,147.16,114.0,326.14,14.0,146.5,72.0,528.18,22.0,236.65,178.98,186.0,36.0,39.78363947654839,222,150.0,7.0,0.68,157.0,
2025-04-08 11:20:28,153.61,92.0,281.57,14.0,150.96,50.0,443.47,17.0,217.59,127.95999999999998,142.0,31.0,41.51084701617163,173,111.0,-49.0,0.64,155.0,4.0
2025-04-08 11:20:29,163.58,134.0,198.53,15.0,158.99,142.0,284.45,20.0,181.06,34.94999999999999,276.0,35.0,35.580138420191936,311,241.0,138.0,0.77,155.0,
2025-04-08 11:20:30,168.0,68.0,326.5,40.0,166.0,204.0,443.63,41.0,247.25,158.5,272.0,81.0,33.48904193911871,353,191.0,42.0,0.54,155.0,
2025-04-08 11:20:31,168.0,44.0,282.0,44.0,166.0,132.0,394.91,44.0,225.0,114.0,176.0,88.0,25.2760568522875,264,88.0,-89.0,0.33,155.0,
2025-04-08 11:20:32,168.0,24.0,251.45,22.0,166.0,72.0,265.75,16.0,209.73,83.44999999999999,96.0,38.0,24.083852059005444,134,58.0,-130.0,0.43,155.0,
2025-04-08 11:20:33,168.0,30.0,249.91,44.0,166.0,156.0,251.06,34.0,208.95,81.91,186.0,78.0,24.261850094336538,264,108.0,130.0,0.41,168.0,3.0
2025-04-08 11:20:34,166.34,29.0,249.0,14.0,164.75,80.0,250.0,28.0,207.67,82.66,109.0,42.0,16.932031774127616,151,67.0,-113.0,0.44,168.0,1.0
2025-04-08 11:20:35,166.0,84.0,248.56,18.0,161.0,70.0,249.83,24.0,207.28,82.56,154.0,42.0,7.485107213664579,196,112.0,45.0,0.57,168.0,
2025-04-08 11:20:36,166.0,59.0,245.67,18.0,161.0,50.0,247.33,12.0,205.83,79.66999999999999,109.0,30.0,1.514371156634642,139,79.0,-57.0,0.57,166.0,1.0
2025-04-08 11:20:37,166.0,55.0,235.44,18.0,161.0,50.0,239.5,16.0,200.72,69.44,105.0,34.0,3.201429368273474,139,71.0,0.0,0.51,166.0,
2025-04-08 11:20:38,166.0,198.0,228.43,60.0,161.0,180.0,230.47,64.0,197.22,62.43000000000001,378.0,124.0,4.581902443313249,502,254.0,168.0,0.51,166.0,
2025-04-08 11:20:39,166.0,143.0,221.69,52.0,161.0,130.0,223.26,46.0,193.85,55.69,273.0,98.0,5.662477373026333,371,175.0,-131.0,0.47,166.0,
2025-04-08 11:20:40,166.0,118.0,219.64,44.0,161.0,120.0,220.92,48.0,192.82,53.63999999999999,238.0,92.0,5.322872344893322,330,146.0,-41.0,0.44,166.0,4.0
2025-04-08 11:20:41,164.56,94.0,215.33,48.0,160.97,113.0,216.18,44.0,189.95,50.77000000000001,207.0,92.0,4.158890477041246,299,115.0,-31.0,0.38,165.38,8.0
2025-04-08 11:20:42,161.51,78.0,211.12,50.0,160.81,43.0,212.12,32.0,186.32,49.610000000000014,121.0,82.0,4.11713128282534,203,39.0,-96.0,0.19,161.0,2.0
2025-04-08 11:20:43,165.0,28.0,200.74,35.0,161.0,98.0,203.0,32.0,182.87,35.74000000000001,126.0,67.0,4.5728951442181085,193,59.0,-10.0,0.31,165.0,2.0
2025-04-08 11:20:44,161.0,84.0,165.03,33.0,160.0,12.0,165.72,18.0,163.02,4.030000000000001,96.0,51.0,11.77894859484503,147,45.0,-46.0,0.31,165.0,
2025-04-08 11:20:45,161.0,70.0,162.09,34.0,160.0,10.0,163.69,13.0,161.54,1.0900000000000034,80.0,47.0,13.445592214550832,127,33.0,-20.0,0.26,165.0,
2025-04-08 11:20:46,161.0,34.0,162.31,16.0,160.0,10.0,246.7,10.0,161.66,1.3100000000000025,44.0,26.0,12.40940449820133,70,18.0,-57.0,0.26,161.0,5.0
2025-04-08 11:20:47,161.0,6.0,162.67,6.0,160.0,6.0,587.75,16.0,161.83,1.6699999999999875,12.0,22.0,9.346444778629484,34,-10.0,-36.0,-0.29,161.0,1.0
2025-04-08 11:20:48,160.57,7.0,306.57,14.0,159.31,13.0,410.5,16.0,233.57,146.0,20.0,30.0,32.00693877895836,50,-10.0,16.0,-0.2,161.0,1.0
2025-04-08 11:20:49,161.6,5.0,301.57,14.0,159.1,20.0,364.25,16.0,231.59,139.97,25.0,30.0,38.8418005504381,55,-5.0,5.0,-0.09,161.0,
2025-04-08 11:20:51,158.05,43.0,390.46,26.0,157.09,66.0,524.17,24.0,274.25,232.41,109.0,50.0,65.86549172366452,159,59.0,68.0,0.37,159.25,4.0
2025-04-08 11:20:52,162.75,59.0,226.5,56.0,157.62,96.0,366.12,34.0,194.62,63.75,155.0,90.0,55.957104285337465,245,65.0,86.0,0.27,166.0,5.0
2025-04-08 11:20:53,166.0,9.0,213.07,30.0,158.0,54.0,243.69,26.0,189.53,47.06999999999999,63.0,56.0,63.19659009788515,119,7.0,-126.0,0.06,166.0,
2025-04-08 11:20:54,166.0,5.0,193.94,17.0,158.0,30.0,203.0,8.0,179.97,27.94,35.0,25.0,70.04937672813439,60,10.0,-59.0,0.17,166.0,
2025-04-08 11:20:55,166.0,11.0,191.09,11.0,160.08,74.0,200.91,44.0,178.55,25.090000000000003,85.0,55.0,40.17360426947069,140,30.0,80.0,0.21,166.0,
2025-04-08 11:20:56,166.0,7.0,190.16,19.0,161.0,28.0,207.5,16.0,178.08,24.16,35.0,35.0,7.487366025512434,70,0.0,-70.0,0.0,166.0,
2025-04-08 11:20:57,164.75,8.0,188.16,19.0,160.73,33.0,189.75,16.0,176.45,23.41,41.0,35.0,5.193311082535978,76,6.0,6.0,0.08,162.67,3.0
2025-04-08 11:20:58,161.0,12.0,187.8,15.0,160.0,54.0,188.2,15.0,174.4,26.80000000000001,66.0,30.0,2.1361062707612177,96,36.0,20.0,0.38,162.67,
2025-04-08 11:20:59,161.29,31.0,186.0,24.0,160.02,101.0,187.89,36.0,173.65,24.710000000000008,132.0,60.0,2.171319875095125,192,72.0,96.0,0.38,162.67,
2025-04-08 11:21:00,162.28,116.0,184.46,52.0,161.79,68.0,187.0,13.0,173.37,22.180000000000007,184.0,65.0,2.015427994243713,249,119.0,57.0,0.48,163.0,4.0
2025-04-08 11:21:01,162.0,60.0,184.0,44.0,161.0,22.0,187.0,11.0,173.0,22.0,82.0,55.0,1.372089647209474,137,27.0,-112.0,0.2,162.0,5.0
2025-04-08 11:21:02,161.0,62.0,183.67,48.0,158.71,31.0,187.0,12.0,172.33,22.669999999999987,93.0,60.0,0.7674307786230381,153,33.0,16.0,0.22,161.43,7.0
2025-04-08 11:21:03,161.6,100.0,181.42,31.0,160.0,66.0,183.21,19.0,171.51,19.819999999999997,166.0,50.0,0.8614638703839672,216,116.0,63.0,0.54,161.43,
2025-04-08 11:21:04,163.25,40.0,180.0,4.0,161.5,4.0,181.0,16.0,171.62,16.75,44.0,20.0,0.8216629479148905,64,24.0,-152.0,0.38,161.43,
2025-04-08 11:21:05,165.2,50.0,179.0,5.0,162.0,5.0,181.0,20.0,172.1,13.800000000000011,55.0,25.0,0.6001416499258542,80,30.0,16.0,0.38,161.43,
2025-04-08 11:21:06,166.0,120.0,177.24,21.0,162.0,12.0,179.95,39.0,171.62,11.240000000000007,132.0,60.0,0.3582317685175777,192,72.0,112.0,0.38,161.43,
2025-04-08 11:21:07,166.0,140.0,174.24,29.0,162.0,14.0,176.76,41.0,170.12,8.240000000000009,154.0,70.0,0.7478502523730408,224,84.0,32.0,0.38,161.43,
2025-04-08 11:21:08,166.56,90.0,173.0,36.0,162.89,9.0,175.0,9.0,169.78,6.439999999999998,99.0,45.0,1.0283579143342076,144,54.0,-80.0,0.38,161.43,
2025-04-08 11:21:09,167.0,120.0,172.58,48.0,163.0,12.0,207.8,15.0,169.79,5.5800000000000125,132.0,63.0,1.097232883198987,195,69.0,51.0,0.35,161.43,
2025-04-08 11:21:10,167.0,80.0,171.8,20.0,165.0,24.0,200.33,24.0,169.4,4.800000000000011,104.0,44.0,0.8646502182803342,148,60.0,-47.0,0.41,161.43,
2025-04-08 11:21:11,167.0,86.0,175.58,19.0,165.0,36.0,261.15,27.0,171.29,8.580000000000013,122.0,46.0,0.724934479778764,168,76.0,20.0,0.45,167.0,9.0
2025-04-08 11:21:14,163.0,9.0,427.2,10.0,162.0,5.0,464.0,4.0,295.1,264.2,14.0,14.0,84.6897151370822,28,0.0,-4.0,0.0,167.0,
2025-04-08 11:21:15,163.0,7.0,286.29,14.0,162.0,7.0,456.67,24.0,224.64,123.29000000000002,14.0,38.0,72.43321731084536,52,-24.0,24.0,-0.46,167.0,
2025-04-08 11:21:16,160.67,9.0,254.15,26.0,158.32,57.0,301.14,28.0,207.41,93.48000000000002,66.0,54.0,60.69463872534509,120,12.0,68.0,0.1,161.75,4.0
2025-04-08 11:21:17,160.0,11.0,277.29,49.0,158.0,98.0,345.0,24.0,218.64,117.29000000000002,109.0,73.0,58.3794182910392,182,36.0,62.0,0.2,161.75,
2025-04-08 11:21:18,160.0,14.0,200.15,40.0,158.45,132.0,246.72,50.0,180.07,40.150000000000006,146.0,90.0,42.66894151487785,236,56.0,54.0,0.24,161.75,
2025-04-08 11:21:19,163.0,10.0,168.56,48.0,159.08,65.0,201.52,42.0,165.78,5.560000000000002,75.0,90.0,25.373737801120694,165,-15.0,-71.0,-0.09,161.75,
2025-04-08 11:21:20,161.38,8.0,166.71,34.0,158.26,106.0,244.09,23.0,164.04,5.3300000000000125,114.0,57.0,24.71313355282977,171,57.0,6.0,0.33,166.0,1.0
2025-04-08 11:21:21,161.06,50.0,165.33,42.0,158.62,29.0,166.18,44.0,163.2,4.27000000000001,79.0,86.0,23.55072143268621,165,-7.0,-6.0,-0.04,165.0,1.0
2025-04-08 11:21:22,161.0,50.0,162.6,30.0,160.0,9.0,164.62,34.0,161.8,1.5999999999999943,59.0,64.0,7.459096460025606,123,-5.0,-42.0,-0.04,161.0,4.0
2025-04-08 11:21:23,161.0,28.0,184.05,41.0,160.0,14.0,203.46,52.0,172.52,23.05000000000001,42.0,93.0,4.197180005666191,135,-51.0,12.0,-0.38,164.88,8.0
2025-04-08 11:21:24,159.11,70.0,305.44,18.0,158.12,34.0,561.67,24.0,232.28,146.32999999999998,104.0,42.0,30.20662708744534,146,62.0,11.0,0.42,160.25,4.0
2025-04-08 11:21:25,159.0,69.0,420.6,20.0,158.0,127.0,634.28,25.0,289.8,261.6,196.0,45.0,56.12004276548648,241,151.0,95.0,0.63,159.0,6.0
2025-04-08 11:21:26,158.19,105.0,329.84,19.0,155.91,89.0,449.55,22.0,244.02,171.64999999999998,194.0,41.0,53.01262566596809,235,153.0,-6.0,0.65,159.0,
2025-04-08 11:21:27,159.13,142.0,367.92,24.0,156.09,56.0,562.64,28.0,263.52,208.79,198.0,52.0,43.765350678363056,250,146.0,15.0,0.58,159.0,
2025-04-08 11:21:29,163.0,91.0,293.86,21.0,159.0,140.0,512.6,25.0,228.43,130.86,231.0,46.0,35.55955778690368,277,185.0,26.0,0.67,163.0,1.0
2025-04-08 11:21:30,163.0,65.0,251.0,10.0,159.0,70.0,489.21,14.0,207.0,88.0,135.0,24.0,41.928154621925735,159,111.0,-118.0,0.7,163.0,
2025-04-08 11:21:31,163.0,154.0,409.77,31.0,159.0,168.0,545.48,29.0,286.39,246.77,322.0,60.0,44.12606746584299,382,262.0,168.0,0.69,163.0,5.0
2025-04-08 11:21:32,163.0,92.0,262.5,32.0,159.0,168.0,436.2,30.0,212.75,99.5,260.0,62.0,48.84998567041867,322,198.0,-60.0,0.61,163.0,2.0
2025-04-08 11:21:33,163.0,63.0,339.0,18.0,162.0,9.0,504.1,31.0,251.0,176.0,72.0,49.0,32.391412905276056,121,23.0,-168.0,0.19,163.0,
2025-04-08 11:21:34,163.0,49.0,377.15,26.0,162.0,7.0,425.74,19.0,270.08,214.15,56.0,45.0,34.86120809725474,101,11.0,-20.0,0.11,163.0,
2025-04-08 11:21:37,163.0,34.0,188.67,51.0,162.0,13.0,339.06,33.0,175.83,25.669999999999987,47.0,84.0,80.18707676427772,131,-37.0,21.0,-0.28,163.0,3.0
2025-04-08 11:21:38,159.43,63.0,164.0,33.0,158.53,72.0,333.97,31.0,161.71,4.569999999999993,135.0,64.0,97.6639210251162,199,71.0,68.0,0.36,162.5,2.0
2025-04-08 11:21:39,159.68,44.0,163.19,21.0,158.92,153.0,238.73,37.0,161.44,3.509999999999991,197.0,58.0,108.3239269506054,255,139.0,56.0,0.55,162.5,
2025-04-08 11:21:40,159.69,42.0,205.44,9.0,158.93,116.0,356.2,25.0,182.57,45.75,158.0,34.0,86.63916475820868,192,124.0,-63.0,0.65,160.33,3.0
2025-04-08 11:21:41,161.0,9.0,321.29,35.0,160.0,45.0,384.83,29.0,241.14,160.29000000000002,54.0,64.0,32.93221781174145,118,-10.0,-74.0,-0.08,160.33,
2025-04-08 11:21:42,163.0,16.0,373.75,40.0,161.0,8.0,540.95,22.0,268.38,210.75,24.0,62.0,48.93535296695033,86,-38.0,-32.0,-0.44,160.33,
2025-04-08 11:21:43,163.0,16.0,370.0,40.0,161.0,8.0,545.53,30.0,266.5,207.0,24.0,70.0,49.24381260625596,94,-46.0,8.0,-0.49,160.33,
2025-04-08 11:21:44,163.88,16.0,337.0,26.0,162.5,12.0,443.26,46.0,250.44,173.12,28.0,72.0,34.99951542521819,100,-44.0,6.0,-0.44,160.33,
2025-04-08 11:21:45,165.5,18.0,348.19,37.0,164.06,18.0,515.67,49.0,256.84,182.69,36.0,86.0,11.333304901930171,122,-50.0,22.0,-0.41,160.33,
2025-04-08 11:21:46,165.67,12.0,429.67,6.0,163.0,12.0,557.0,30.0,297.67,264.0,24.0,36.0,18.13557774100775,60,-12.0,-62.0,-0.2,160.33,
2025-04-08 11:21:47,166.57,28.0,331.66,29.0,165.71,62.0,568.7,33.0,249.11,165.09000000000003,90.0,62.0,19.97941115248717,152,28.0,92.0,0.18,166.4,5.0
2025-04-08 11:21:49,166.0,48.0,292.08,39.0,163.0,24.0,414.78,18.0,229.04,126.07999999999998,72.0,57.0,43.05316097570709,129,15.0,89.0,0.12,166.4,
2025-04-08 11:21:50,166.0,22.0,287.84,31.0,163.0,16.0,318.09,11.0,226.92,121.83999999999996,38.0,42.0,47.82379606430398,80,-4.0,-49.0,-0.05,166.0,2.0
2025-04-08 11:21:51,166.0,22.0,288.53,43.0,163.3,33.0,413.75,36.0,227.27,122.52999999999996,55.0,79.0,47.21564433532714,134,-24.0,54.0,-0.18,166.0,
2025-04-08 11:21:52,166.0,26.0,200.74,39.0,165.0,65.0,263.46,48.0,183.37,34.74000000000001,91.0,87.0,56.98624790245525,178,4.0,44.0,0.02,166.0,
2025-04-08 11:21:53,165.22,45.0,188.73,15.0,163.75,67.0,189.98,45.0,176.98,23.50999999999999,112.0,60.0,26.164359919555157,172,52.0,-6.0,0.3,166.0,2.0
2025-04-08 11:21:54,163.83,60.0,186.72,32.0,162.3,120.0,187.66,38.0,175.28,22.889999999999983,180.0,70.0,26.76363446918232,250,110.0,78.0,0.44,164.25,8.0
2025-04-08 11:21:55,163.0,30.0,182.71,28.0,162.0,120.0,183.96,46.0,172.86,19.710000000000008,150.0,74.0,22.76198958790693,224,76.0,-26.0,0.34,164.25,
2025-04-08 11:21:56,162.27,55.0,180.11,9.0,161.94,64.0,182.0,36.0,171.19,17.840000000000003,119.0,45.0,4.710916046796217,164,74.0,-60.0,0.45,162.6,5.0
2025-04-08 11:21:57,162.22,74.0,178.73,11.0,161.85,47.0,181.9,41.0,170.47,16.50999999999999,121.0,52.0,2.7432517201228843,173,69.0,9.0,0.4,162.6,
2025-04-08 11:21:58,162.33,61.0,173.35,34.0,161.89,56.0,174.33,27.0,167.84,11.019999999999982,117.0,61.0,2.7697779694324995,178,56.0,5.0,0.31,162.8,5.0
2025-04-08 11:21:59,162.0,37.0,169.51,53.0,161.0,15.0,170.63,59.0,165.75,7.509999999999991,52.0,112.0,2.820916517720779,164,-60.0,-14.0,-0.37,162.0,5.0
2025-04-08 11:22:00,161.57,23.0,163.96,23.0,160.3,46.0,165.47,15.0,162.76,2.390000000000015,69.0,38.0,3.4652085074272265,107,31.0,-57.0,0.29,162.0,2.0
2025-04-08 11:22:01,161.0,90.0,162.27,75.0,159.0,110.0,164.0,15.0,161.63,1.2700000000000102,200.0,90.0,3.624327523823197,290,110.0,168.0,0.38,162.0,
2025-04-08 11:22:02,161.0,26.0,162.0,30.0,159.0,60.0,427.53,15.0,161.5,1.0,86.0,45.0,2.7909908634638936,131,41.0,-159.0,0.31,161.0,2.0
2025-04-08 11:22:03,159.0,100.0,366.65,17.0,158.0,28.0,473.64,25.0,262.82,207.65,128.0,42.0,44.7138711140064,170,86.0,39.0,0.51,161.0,4.0
2025-04-08 11:22:04,159.0,96.0,301.53,17.0,158.0,47.0,318.21,29.0,230.26,142.52999999999997,143.0,46.0,47.73597259928826,189,97.0,19.0,0.51,159.0,2.0
2025-04-08 11:22:05,159.98,45.0,228.1,29.0,158.96,81.0,232.88,42.0,194.04,68.12,126.0,71.0,44.2465704885702,197,55.0,8.0,0.28,159.0,
2025-04-08 11:22:06,161.0,12.0,217.47,17.0,159.0,72.0,233.72,25.0,189.24,56.47,84.0,42.0,39.398265444052505,126,42.0,-71.0,0.33,159.0,
2025-04-08 11:22:07,152.53,30.0,186.05,19.0,149.4,53.0,197.94,16.0,169.29,33.52000000000001,83.0,35.0,37.2143749107791,118,48.0,-8.0,0.41,159.12,8.0
2025-04-08 11:22:08,148.0,14.0,156.89,18.0,145.0,28.0,423.85,13.0,152.44,8.889999999999986,42.0,31.0,29.30029829199669,73,11.0,-45.0,0.15,153.0,4.0
2025-04-08 11:22:16,145.8,15.0,287.8,20.0,129.37,41.0,528.0,5.0,216.8,142.0,56.0,25.0,37.42726973745119,81,31.0,-84.0,0.38,153.0,
2025-04-08 11:22:17,162.88,48.0,268.5,32.0,160.82,66.0,598.62,8.0,215.69,105.62,114.0,40.0,42.072749137653936,154,74.0,73.0,0.48,165.5,4.0
2025-04-08 11:22:18,161.0,55.0,431.0,8.0,159.0,10.0,577.29,17.0,296.0,270.0,65.0,25.0,61.47923649493396,90,40.0,-64.0,0.44,165.5,
2025-04-08 11:22:19,161.0,60.0,181.36,14.0,159.0,16.0,303.93,14.0,171.18,20.360000000000014,76.0,28.0,51.352606360340005,104,48.0,14.0,0.46,161.0,4.0
2025-04-08 11:22:20,161.0,77.0,207.08,24.0,159.0,16.0,280.17,12.0,184.04,46.08000000000001,93.0,36.0,48.5496067955245,129,57.0,25.0,0.44,161.0,
2025-04-08 11:22:21,161.0,50.0,352.0,25.0,158.31,13.0,426.6,5.0,256.5,191.0,63.0,30.0,51.70525717951757,93,33.0,-36.0,0.35,161.0,
2025-04-08 11:22:22,161.0,47.0,253.0,5.0,159.0,10.0,339.56,9.0,207.0,92.0,57.0,14.0,52.2264978722492,71,43.0,-22.0,0.61,161.0,3.0
2025-04-08 11:22:23,161.0,42.0,253.0,6.0,159.0,12.0,324.0,6.0,207.0,92.0,54.0,12.0,32.570156278409485,66,42.0,-5.0,0.64,161.0,
2025-04-08 11:22:24,161.0,52.0,243.47,17.0,159.0,26.0,364.58,31.0,202.24,82.47,78.0,48.0,26.949932838506825,126,30.0,60.0,0.24,161.0,3.0
2025-04-08 11:22:25,160.25,32.0,311.23,40.0,151.66,41.0,393.43,42.0,235.74,150.98000000000002,73.0,82.0,23.553307198778853,155,-9.0,29.0,-0.06,161.0,4.0
2025-04-08 11:22:26,166.0,63.0,191.85,27.0,159.0,24.0,251.56,41.0,178.93,25.849999999999994,87.0,68.0,20.206586055046973,155,19.0,0.0,0.12,161.0,
2025-04-08 11:22:27,166.0,39.0,170.0,7.0,159.0,14.0,178.0,7.0,168.0,4.0,53.0,14.0,26.392330704202763,67,39.0,-88.0,0.58,161.0,
2025-04-08 11:22:28,163.74,31.0,170.0,12.0,158.74,19.0,178.0,12.0,166.87,6.259999999999991,50.0,24.0,29.081236734361703,74,26.0,7.0,0.35,166.0,3.0
2025-04-08 11:22:29,162.82,11.0,169.22,9.0,158.88,16.0,172.67,9.0,166.02,6.400000000000006,27.0,18.0,29.881043656471828,45,9.0,-29.0,0.2,166.0,
2025-04-08 11:22:30,165.0,12.0,166.58,12.0,159.0,24.0,256.77,39.0,165.79,1.5800000000000125,36.0,51.0,5.550943163098412,87,-15.0,42.0,-0.17,166.0,
2025-04-08 11:22:31,159.26,23.0,165.92,12.0,158.15,13.0,322.83,48.0,162.59,6.659999999999997,36.0,60.0,2.0200816815027003,96,-24.0,9.0,-0.25,165.0,1.0
2025-04-08 11:22:32,159.0,12.0,163.67,6.0,158.0,6.0,325.0,24.0,161.33,4.669999999999988,18.0,30.0,2.412799204231516,48,-12.0,-48.0,-0.25,165.0,
2025-04-08 11:22:33,158.8,15.0,162.0,9.0,155.33,9.0,302.67,30.0,160.4,3.1999999999999886,24.0,39.0,2.5673975149823884,63,-15.0,15.0,-0.24,159.0,2.0
2025-04-08 11:22:34,158.0,10.0,162.0,10.0,144.5,10.0,379.8,40.0,160.0,4.0,20.0,50.0,2.3301652301790545,70,-30.0,7.0,-0.43,159.0,
2025-04-08 11:22:35,159.24,21.0,161.22,9.0,158.2,10.0,202.0,36.0,160.23,1.9799999999999895,31.0,45.0,1.0664661269507112,76,-14.0,6.0,-0.18,159.0,
2025-04-08 11:22:36,160.21,57.0,209.71,45.0,159.24,34.0,354.25,48.0,184.96,49.5,91.0,93.0,10.954977407550524,184,-2.0,108.0,-0.01,161.2,5.0
2025-04-08 11:22:37,159.83,24.0,162.58,48.0,158.59,17.0,408.42,48.0,161.21,2.75,41.0,96.0,10.966204904156331,137,-55.0,-47.0,-0.4,161.0,2.0
2025-04-08 11:22:38,158.71,14.0,242.61,23.0,142.17,23.0,676.38,26.0,200.66,83.9,37.0,49.0,18.563037736317792,86,-12.0,-51.0,-0.14,161.0,4.0
2025-04-08 11:22:39,161.46,35.0,191.6,15.0,159.25,60.0,419.53,60.0,176.53,30.139999999999983,95.0,75.0,16.98188358221681,170,20.0,84.0,0.12,162.0,7.0
2025-04-08 11:22:40,161.0,18.0,384.76,21.0,158.0,9.0,529.67,24.0,272.88,223.76,27.0,45.0,43.56262469135679,72,-18.0,-98.0,-0.25,162.0,
2025-04-08 11:22:41,161.0,19.0,214.55,38.0,148.84,37.0,334.94,16.0,187.78,53.55000000000001,56.0,54.0,43.34912536603258,110,2.0,38.0,0.02,160.0,3.0
2025-04-08 11:22:42,162.9,40.0,221.0,42.0,153.89,28.0,225.36,47.0,191.95,58.1,68.0,89.0,38.40343018533659,157,-21.0,47.0,-0.13,163.0,2.0
2025-04-08 11:22:43,166.0,64.0,216.65,46.0,163.0,54.0,224.23,26.0,191.33,50.650000000000006,118.0,72.0,38.94814154744765,190,46.0,33.0,0.24,166.0,3.0
2025-04-08 11:22:44,166.0,21.0,218.88,16.0,163.0,21.0,220.82,17.0,192.44,52.88,42.0,33.0,36.719364509751856,75,9.0,-115.0,0.12,166.0,
2025-04-08 11:22:45,165.73,33.0,216.86,29.0,162.94,31.0,217.88,26.0,191.29,51.13000000000002,64.0,55.0,1.839067698588317,119,9.0,44.0,0.08,166.0,3.0
2025-04-08 11:22:46,163.0,36.0,213.78,27.0,161.0,12.0,215.0,33.0,188.39,50.78,48.0,60.0,1.5771176240189615,108,-12.0,-11.0,-0.11,166.0,
2025-04-08 11:22:47,162.2,10.0,183.5,8.0,159.1,42.0,210.0,12.0,172.85,21.30000000000001,52.0,20.0,8.193948986903907,72,32.0,-36.0,0.44,163.0,3.0
2025-04-08 11:22:48,159.53,49.0,172.9,20.0,158.76,29.0,204.0,20.0,166.22,13.370000000000005,78.0,40.0,11.922431379545586,118,38.0,46.0,0.32,159.4,5.0
2025-04-08 11:22:49,162.61,41.0,171.6,30.0,159.73,66.0,204.4,35.0,167.1,8.98999999999998,107.0,65.0,11.887310461158275,172,42.0,54.0,0.24,163.0,3.0
2025-04-08 11:22:50,161.0,56.0,171.0,42.0,159.0,76.0,172.0,28.0,166.0,10.0,132.0,70.0,9.52247709369536,202,62.0,30.0,0.31,163.0,
2025-04-08 11:22:51,161.0,56.0,170.2,30.0,159.0,91.0,171.1,40.0,165.6,9.199999999999989,147.0,70.0,3.011076219550712,217,77.0,15.0,0.35,163.0,
2025-04-08 11:22:52,161.67,12.0,169.56,18.0,160.56,41.0,171.0,27.0,165.61,7.890000000000015,53.0,45.0,0.6152885501461304,98,8.0,-119.0,0.08,163.0,
2025-04-08 11:22:53,162.93,30.0,168.84,19.0,161.47,15.0,170.85,26.0,165.89,5.909999999999997,45.0,45.0,0.6176973368412686,90,0.0,-8.0,0.0,163.0,
2025-04-08 11:22:54,163.0,48.0,166.6,30.0,162.0,12.0,167.88,32.0,164.8,3.5999999999999943,60.0,62.0,0.4696275119069174,122,-2.0,32.0,-0.02,163.0,
2025-04-08 11:22:55,163.0,26.0,164.88,32.0,162.0,9.0,166.81,27.0,163.94,1.8799999999999957,35.0,59.0,0.7979160356447771,94,-24.0,-28.0,-0.26,163.0,2.0
2025-04-08 11:22:56,163.0,18.0,164.56,36.0,162.0,9.0,213.08,24.0,163.78,1.5600000000000025,27.0,60.0,0.9518560815261706,87,-33.0,-7.0,-0.38,163.0,1.0
2025-04-08 11:22:57,160.05,43.0,163.38,40.0,158.92,78.0,408.0,39.0,161.71,3.329999999999984,121.0,79.0,1.5415349493075992,200,42.0,113.0,0.21,161.67,6.0
2025-04-08 11:22:58,159.0,26.0,160.0,10.0,158.0,60.0,163.0,10.0,159.5,1.0,86.0,20.0,2.1402990445109,106,66.0,-94.0,0.62,159.0,2.0
2025-04-08 11:22:59,159.0,16.0,300.39,23.0,158.0,72.0,518.12,25.0,229.7,141.39,88.0,48.0,30.226398726939998,136,40.0,30.0,0.29,161.0,2.0
2025-04-08 11:23:00,159.45,40.0,333.0,24.0,153.97,67.0,598.38,26.0,246.22,173.55,107.0,50.0,42.22272871333629,157,57.0,21.0,0.36,164.33,3.0
2025-04-08 11:23:01,159.16,50.0,303.36,56.0,143.03,72.0,327.55,47.0,231.26,144.20000000000002,122.0,103.0,41.65555689220851,225,19.0,68.0,0.08,164.33,
2025-04-08 11:23:02,166.0,20.0,199.18,28.0,165.0,10.0,239.24,37.0,182.59,33.18000000000001,30.0,65.0,36.92362901991119,95,-35.0,-130.0,-0.37,164.33,
2025-04-08 11:23:03,166.0,12.0,192.0,18.0,165.0,6.0,198.0,12.0,179.0,26.0,18.0,30.0,30.79696218785281,48,-12.0,-47.0,-0.25,164.33,
2025-04-08 11:23:04,166.0,22.0,190.73,49.0,165.0,11.0,191.89,36.0,178.37,24.72999999999999,33.0,85.0,32.65199182285844,118,-52.0,70.0,-0.44,164.33,
2025-04-08 11:23:05,166.0,18.0,187.44,39.0,165.0,9.0,188.21,33.0,176.72,21.44,27.0,72.0,23.393707914736098,99,-45.0,-19.0,-0.45,164.33,
2025-04-08 11:23:06,166.0,26.0,185.02,43.0,163.95,19.0,186.26,57.0,175.51,19.02000000000001,45.0,100.0,2.696492165752404,145,-55.0,46.0,-0.38,164.33,
2025-04-08 11:23:07,166.0,12.0,181.0,6.0,165.0,18.0,184.0,30.0,173.5,15.0,30.0,36.0,2.219425601357339,66,-6.0,-79.0,-0.09,164.33,
2025-04-08 11:23:08,162.89,38.0,177.22,58.0,158.88,50.0,179.07,58.0,170.06,14.330000000000013,88.0,116.0,3.204991419638554,204,-28.0,138.0,-0.14,164.0,7.0
2025-04-08 11:23:09,158.25,55.0,174.31,48.0,131.52,54.0,176.27,70.0,166.28,16.060000000000002,109.0,118.0,4.256569040900414,227,-9.0,23.0,-0.04,158.57,7.0
2025-04-08 11:23:19,147.0,60.0,152.92,37.0,84.6,40.0,155.61,31.0,149.96,5.919999999999988,100.0,68.0,0.979489662988923,168,32.0,65.0,0.19,150.0,1.0
2025-04-08 11:23:20,148.08,78.0,256.05,43.0,130.68,71.0,399.74,46.0,202.06,107.97,149.0,89.0,23.87954940948268,238,60.0,70.0,0.25,154.29,7.0
2025-04-08 11:23:21,150.28,43.0,154.0,33.0,146.9,49.0,251.42,38.0,152.14,3.719999999999999,92.0,71.0,23.429979086630155,163,21.0,-75.0,0.13,154.29,
2025-04-08 11:23:22,151.67,45.0,154.0,24.0,150.16,43.0,323.84,31.0,152.83,2.3300000000000125,88.0,55.0,22.963316833591968,143,33.0,-20.0,0.23,154.29,
2025-04-08 11:23:23,152.36,66.0,154.0,33.0,151.0,59.0,359.36,39.0,153.18,1.6399999999999864,125.0,72.0,22.410155733504624,197,53.0,54.0,0.27,154.29,
2025-04-08 11:23:24,151.26,47.0,322.12,41.0,138.18,34.0,452.92,26.0,236.69,170.86,81.0,67.0,38.510318747057454,148,14.0,-49.0,0.09,154.0,3.0
2025-04-08 11:23:25,152.0,21.0,341.12,16.0,151.0,35.0,380.58,19.0,246.56,189.12,56.0,35.0,48.82340268764543,91,21.0,-57.0,0.23,154.0,
2025-04-08 11:23:26,154.11,27.0,276.89,18.0,151.0,45.0,454.0,18.0,215.5,122.77999999999996,72.0,36.0,45.185256113028814,108,36.0,17.0,0.33,154.0,
2025-04-08 11:23:27,157.23,31.0,168.0,18.0,151.88,41.0,318.0,27.0,162.61,10.77000000000001,72.0,45.0,42.726109932920544,117,27.0,9.0,0.23,154.0,
2025-04-08 11:23:28,158.67,12.0,168.0,14.0,157.05,19.0,284.26,23.0,163.33,9.330000000000013,31.0,37.0,39.921865813110685,68,-6.0,-49.0,-0.09,158.0,4.0
2025-04-08 11:23:29,159.71,21.0,168.0,20.0,157.44,16.0,205.57,28.0,163.86,8.289999999999992,37.0,48.0,38.70850126264237,85,-11.0,17.0,-0.13,162.0,2.0
2025-04-08 11:23:30,159.0,45.0,165.88,34.0,158.0,27.0,173.43,37.0,162.44,6.879999999999996,72.0,71.0,23.458807940727763,143,1.0,58.0,0.01,162.0,
2025-04-08 11:23:31,159.0,25.0,165.26,38.0,158.0,156.0,188.74,31.0,162.13,6.259999999999991,181.0,69.0,0.7056415520154655,250,112.0,107.0,0.45,159.0,1.0
2025-04-08 11:23:32,158.3,74.0,161.89,45.0,155.81,183.0,182.17,52.0,160.09,3.589999999999975,257.0,97.0,1.449361928549868,354,160.0,104.0,0.45,160.8,5.0
2025-04-08 11:23:33,158.0,85.0,159.8,30.0,148.0,100.0,215.09,23.0,158.9,1.8000000000000114,185.0,53.0,1.974646803843163,238,132.0,-116.0,0.55,158.0,6.0
2025-04-08 11:23:34,156.3,80.0,180.91,44.0,93.05,124.0,285.93,30.0,168.6,24.609999999999985,204.0,74.0,3.744845791208208,278,130.0,40.0,0.47,158.0,7.0
2025-04-08 11:23:37,125.95,40.0,290.0,40.0,101.08,24.0,642.0,16.0,207.97,164.05,64.0,56.0,51.609840437652736,120,8.0,-2.0,0.07,156.0,4.0
2025-04-08 11:23:39,132.8,20.0,177.55,22.0,86.02,41.0,182.75,20.0,155.17,44.75,61.0,42.0,51.3234676342118,103,19.0,13.0,0.18,157.0,1.0
2025-04-08 11:23:40,163.9,29.0,180.09,33.0,161.27,37.0,188.66,47.0,171.99,16.189999999999998,66.0,80.0,30.66720349167737,146,-14.0,43.0,-0.1,167.0,2.0
2025-04-08 11:23:41,165.0,33.0,462.36,22.0,156.12,34.0,622.0,55.0,313.68,297.36,67.0,77.0,61.984474427069415,144,-10.0,-2.0,-0.07,165.29,7.0
2025-04-08 11:23:43,161.0,16.0,292.21,33.0,159.0,8.0,529.06,17.0,226.61,131.20999999999998,24.0,50.0,76.27279659223252,74,-26.0,-9.0,-0.35,165.29,
2025-04-08 11:23:44,161.08,12.0,379.8,20.0,159.9,20.0,600.71,34.0,270.44,218.72,32.0,54.0,61.38341494247548,86,-22.0,12.0,-0.26,161.0,1.0
2025-04-08 11:23:47,154.0,90.0,285.0,13.0,130.0,20.0,546.77,22.0,219.5,131.0,110.0,35.0,56.71047284232566,145,75.0,75.0,0.52,156.0,1.0
2025-04-08 11:23:48,163.76,80.0,298.76,34.0,152.31,83.0,351.57,23.0,231.26,135.0,163.0,57.0,55.70644738268774,220,106.0,75.0,0.48,165.0,3.0
2025-04-08 11:23:49,165.0,48.0,241.21,28.0,158.0,60.0,265.58,24.0,203.11,76.21000000000001,108.0,52.0,65.2883109752437,160,56.0,-60.0,0.35,165.0,
2025-04-08 11:23:50,165.0,36.0,234.0,18.0,161.27,66.0,345.73,30.0,199.5,69.0,102.0,48.0,61.87640608503434,150,54.0,-10.0,0.36,165.0,
2025-04-08 11:23:51,165.0,40.0,230.4,20.0,163.79,34.0,238.41,34.0,197.7,65.4,74.0,54.0,14.586129712847386,128,20.0,-22.0,0.16,165.0,
2025-04-08 11:23:52,165.0,36.0,221.76,21.0,163.0,9.0,244.67,18.0,193.38,56.75999999999999,45.0,39.0,15.097380567502364,84,6.0,-44.0,0.07,165.0,
2025-04-08 11:23:53,165.0,60.0,217.57,60.0,163.0,92.0,220.45,42.0,191.28,52.56999999999999,152.0,102.0,4.740641306825545,254,50.0,168.0,0.2,165.0,
2025-04-08 11:23:54,163.0,77.0,199.72,54.0,161.0,11.0,209.8,40.0,181.36,36.72,88.0,94.0,7.111587727081127,182,-6.0,-72.0,-0.03,164.6,5.0
2025-04-08 11:23:55,164.6,45.0,184.6,52.0,162.9,59.0,186.05,37.0,174.6,20.0,104.0,89.0,9.445606386037898,193,15.0,11.0,0.08,164.6,
2025-04-08 11:23:56,166.0,39.0,179.8,56.0,163.0,91.0,181.03,59.0,172.9,13.800000000000011,130.0,115.0,9.36915577840122,245,15.0,52.0,0.06,164.6,
2025-04-08 11:23:57,166.0,20.0,175.28,90.0,163.0,126.0,176.31,78.0,170.64,9.28,146.0,168.0,8.355625649820555,314,-22.0,69.0,-0.07,165.25,4.0
2025-04-08 11:23:58,163.0,78.0,170.64,59.0,161.0,78.0,172.0,62.0,166.82,7.639999999999986,156.0,121.0,5.38221887328345,277,35.0,-37.0,0.13,165.25,
2025-04-08 11:23:59,163.0,66.0,167.73,55.0,161.0,66.0,169.0,55.0,165.36,4.72999999999999,132.0,110.0,3.924319049200949,242,22.0,-35.0,0.09,165.25,
2025-04-08 11:24:00,162.88,102.0,164.71,85.0,160.82,102.0,165.84,82.0,163.79,1.8300000000000125,204.0,167.0,3.7755026155356703,371,37.0,129.0,0.1,163.0,9.0
2025-04-08 11:24:01,161.14,63.0,163.3,33.0,158.75,72.0,196.75,40.0,162.22,2.160000000000025,135.0,73.0,3.221425150443811,208,62.0,-163.0,0.3,162.71,7.0
2025-04-08 11:24:02,161.0,48.0,192.2,30.0,158.43,42.0,331.65,34.0,176.6,31.19999999999999,90.0,64.0,5.657421674218271,154,26.0,-54.0,0.17,161.33,6.0
2025-04-08 11:24:03,161.0,12.0,205.88,16.0,159.0,18.0,240.84,19.0,183.44,44.88,30.0,35.0,9.279252125032606,65,-5.0,-89.0,-0.08,161.33,
2025-04-08 11:24:04,161.0,20.0,203.48,23.0,159.0,30.0,205.33,27.0,182.24,42.47999999999999,50.0,50.0,10.0771880998585,100,0.0,35.0,0.0,161.33,
2025-04-08 11:24:05,161.0,12.0,201.0,18.0,159.0,18.0,203.0,12.0,181.0,40.0,30.0,30.0,8.71047645079977,60,0.0,-40.0,0.0,161.33,
2025-04-08 11:24:06,161.55,22.0,200.81,31.0,159.4,30.0,202.5,24.0,181.18,39.25999999999999,52.0,55.0,2.5896563478472987,107,-3.0,47.0,-0.03,161.33,
2025-04-08 11:24:07,163.0,14.0,197.44,18.0,161.0,14.0,199.59,17.0,180.22,34.44,28.0,35.0,1.2484710649219684,63,-7.0,-44.0,-0.11,161.33,
2025-04-08 11:24:08,160.43,28.0,196.36,25.0,159.07,28.0,211.87,30.0,178.39,35.93000000000001,56.0,55.0,1.433031751199242,111,1.0,48.0,0.01,162.0,4.0
2025-04-08 11:24:09,161.0,48.0,195.77,26.0,158.33,36.0,196.88,34.0,178.38,34.77000000000001,84.0,60.0,1.3710871598638192,144,24.0,33.0,0.17,162.0,
2025-04-08 11:24:10,163.0,19.0,193.06,35.0,160.6,105.0,194.31,35.0,178.03,30.06,124.0,70.0,1.382949745992998,194,54.0,50.0,0.28,163.0,5.0
2025-04-08 11:24:11,161.84,43.0,187.86,28.0,160.77,52.0,188.89,27.0,174.85,26.02000000000001,95.0,55.0,1.94582373300852,150,40.0,-44.0,0.27,162.6,5.0
2025-04-08 11:24:12,161.73,49.0,185.79,29.0,160.29,42.0,187.35,31.0,173.76,24.06,91.0,60.0,2.2086126867190328,151,31.0,1.0,0.21,161.33,12.0
2025-04-08 11:24:13,160.75,16.0,181.71,21.0,158.9,30.0,182.72,25.0,171.23,20.960000000000008,46.0,46.0,3.002740415009768,92,0.0,-59.0,0.0,160.33,3.0
2025-04-08 11:24:14,158.71,17.0,178.17,24.0,145.09,22.0,178.67,24.0,168.44,19.45999999999998,39.0,48.0,3.636078932026714,87,-9.0,-5.0,-0.1,158.67,3.0
2025-04-08 11:24:15,158.0,16.0,176.23,26.0,90.16,38.0,177.55,22.0,167.12,18.22999999999999,54.0,48.0,3.31922430696142,102,6.0,15.0,0.06,158.67,
2025-04-08 11:24:16,158.0,22.0,173.92,37.0,114.78,46.0,174.68,31.0,165.96,15.919999999999987,68.0,68.0,3.1726991663124045,136,0.0,34.0,0.0,158.67,
2025-04-08 11:24:17,160.52,42.0,171.36,28.0,156.93,27.0,172.56,27.0,165.94,10.840000000000003,69.0,55.0,2.205837709333097,124,14.0,-12.0,0.11,158.67,
2025-04-08 11:24:18,161.0,40.0,168.96,24.0,159.0,8.0,170.53,17.0,164.98,7.960000000000008,48.0,41.0,1.328803973471287,89,7.0,-35.0,0.08,167.0,1.0
2025-04-08 11:24:19,161.0,20.0,167.0,12.0,159.0,4.0,168.0,8.0,164.0,6.0,24.0,20.0,1.1726039399179342,44,4.0,-45.0,0.09,167.0,
2025-04-08 11:24:20,161.0,35.0,165.0,23.0,159.0,37.0,165.91,22.0,163.0,4.0,72.0,45.0,1.2801093702919242,117,27.0,73.0,0.23,167.0,
2025-04-08 11:24:21,159.95,57.0,161.43,44.0,158.59,61.0,162.52,21.0,160.69,1.4800000000000182,118.0,65.0,2.018271537704186,183,53.0,66.0,0.29,161.17,6.0
2025-04-08 11:24:22,159.0,18.0,161.91,22.0,158.0,45.0,414.09,22.0,160.45,2.9099999999999966,63.0,44.0,2.003254851461586,107,19.0,-76.0,0.18,159.0,5.0
2025-04-08 11:24:23,158.69,13.0,163.0,22.0,155.89,57.0,356.9,29.0,160.85,4.310000000000002,70.0,51.0,1.5997718587044114,121,19.0,14.0,0.16,158.25,4.0
2025-04-08 11:24:24,158.0,10.0,163.0,10.0,136.43,23.0,190.0,5.0,160.5,5.0,33.0,15.0,1.0750674396990267,48,18.0,-73.0,0.38,158.25,
2025-04-08 11:24:25,158.32,19.0,237.79,48.0,110.92,48.0,474.53,55.0,198.05,79.47,67.0,103.0,16.738841656456312,170,-36.0,122.0,-0.21,160.75,4.0
2025-04-08 11:24:26,144.48,29.0,265.44,25.0,139.67,36.0,447.97,35.0,204.96,120.96,65.0,60.0,22.537922930029225,125,5.0,-45.0,0.04,160.75,
2025-04-08 11:24:27,144.75,153.0,153.84,50.0,133.05,55.0,190.87,30.0,149.29,9.090000000000003,208.0,80.0,25.000080999867425,288,128.0,163.0,0.44,152.0,1.0
2025-04-08 11:24:28,148.94,16.0,154.0,27.0,147.42,65.0,156.0,9.0,151.47,5.060000000000002,81.0,36.0,26.60259630186362,117,45.0,-168.0,0.38,152.0,
2025-04-08 11:24:29,148.77,130.0,153.6,50.0,128.79,77.0,154.89,27.0,151.18,4.829999999999984,207.0,77.0,27.975708212660564,284,130.0,167.0,0.46,151.0,6.0
2025-04-08 11:24:30,149.0,64.0,154.0,24.0,96.57,28.0,156.0,8.0,151.5,5.0,92.0,32.0,24.211551994861928,124,60.0,-160.0,0.48,151.0,
2025-04-08 11:24:31,151.55,66.0,154.67,12.0,139.04,69.0,156.77,26.0,153.11,3.119999999999976,135.0,38.0,1.3600551458963286,173,97.0,49.0,0.56,154.0,3.0
2025-04-08 11:24:32,155.46,13.0,271.16,25.0,153.05,37.0,282.08,26.0,213.31,115.70000000000002,50.0,51.0,27.51184526708284,101,-1.0,-72.0,-0.01,156.83,6.0
2025-04-08 11:24:33,160.11,37.0,314.64,61.0,157.16,49.0,421.14,29.0,237.37,154.52999999999997,86.0,90.0,41.10479083999756,176,-4.0,75.0,-0.02,158.0,4.0
2025-04-08 11:24:36,166.0,40.0,432.0,33.0,163.0,8.0,608.67,15.0,299.0,266.0,48.0,48.0,69.42128765731876,96,0.0,-5.0,0.0,158.0,
2025-04-08 11:24:37,166.67,46.0,350.96,24.0,165.83,53.0,550.49,43.0,258.82,184.29,99.0,67.0,58.399941181479086,166,32.0,70.0,0.19,167.0,3.0
2025-04-08 11:24:38,166.0,9.0,275.0,36.0,163.0,9.0,335.78,9.0,220.5,109.0,18.0,45.0,63.3803074306224,63,-27.0,-103.0,-0.43,166.2,5.0
2025-04-08 11:24:39,166.0,9.0,275.0,36.0,163.0,19.0,357.0,9.0,220.5,109.0,28.0,45.0,67.80161885973045,73,-17.0,10.0,-0.23,166.2,
2025-04-08 11:24:40,163.97,77.0,274.21,57.0,162.91,66.0,313.14,21.0,219.09,110.23999999999998,143.0,78.0,35.24474031682005,221,65.0,148.0,0.29,166.0,1.0
2025-04-08 11:24:41,165.27,180.0,273.87,75.0,163.0,90.0,455.07,45.0,219.57,108.6,270.0,120.0,17.40950401361407,390,150.0,168.0,0.38,166.0,
2025-04-08 11:24:42,166.0,144.0,273.0,60.0,163.0,72.0,496.7,37.0,219.5,107.0,216.0,97.0,0.6367652628925472,313,119.0,-77.0,0.38,166.0,
2025-04-08 11:24:43,166.83,72.0,272.33,30.0,163.0,36.0,448.29,21.0,219.58,105.49999999999996,108.0,51.0,0.5171750187568933,159,57.0,-154.0,0.36,166.0,
2025-04-08 11:24:44,167.0,80.0,271.12,40.0,163.0,48.0,388.35,20.0,219.06,104.12,128.0,60.0,0.2622022120912382,188,68.0,29.0,0.36,167.0,4.0
2025-04-08 11:24:45,167.0,122.0,212.16,77.0,164.64,66.0,233.93,59.0,189.58,45.16,188.0,136.0,13.349929587829742,324,52.0,136.0,0.16,167.0,5.0
2025-04-08 11:24:46,166.42,36.0,211.17,60.0,165.3,50.0,258.0,36.0,188.79,44.75,86.0,96.0,16.54202587351374,182,-10.0,-142.0,-0.05,167.0,3.0
2025-04-08 11:24:47,166.0,21.0,211.0,35.0,165.0,35.0,318.0,21.0,188.5,45.0,56.0,56.0,16.636394441103636,112,0.0,-70.0,0.0,167.0,
2025-04-08 11:24:48,165.89,27.0,195.8,25.0,164.74,46.0,198.12,41.0,180.84,29.910000000000025,73.0,66.0,14.798928339578053,139,7.0,27.0,0.05,165.6,5.0
2025-04-08 11:24:49,165.0,30.0,193.03,29.0,163.0,60.0,194.9,40.0,179.02,28.03,90.0,69.0,5.00144779038513,159,21.0,20.0,0.13,165.6,
2025-04-08 11:24:50,166.14,28.0,189.0,36.0,164.0,48.0,190.83,48.0,177.57,22.860000000000014,76.0,84.0,5.332666312450349,160,-8.0,1.0,-0.05,165.6,
2025-04-08 11:24:51,167.0,12.0,185.71,14.0,165.0,18.0,186.92,24.0,176.36,18.710000000000008,30.0,38.0,4.796396564081945,68,-8.0,-92.0,-0.12,165.6,
2025-04-08 11:24:52,167.0,24.0,181.43,28.0,165.0,36.0,182.45,44.0,174.21,14.430000000000009,60.0,72.0,2.5270832989694934,132,-12.0,64.0,-0.09,165.6,
2025-04-08 11:24:53,167.0,20.0,178.44,36.0,165.0,30.0,179.67,36.0,172.72,11.439999999999998,50.0,72.0,2.533501529489734,122,-22.0,-10.0,-0.18,165.6,
2025-04-08 11:24:54,163.39,62.0,173.71,48.0,162.82,33.0,175.62,32.0,168.55,10.320000000000022,95.0,80.0,3.522423881352445,175,15.0,53.0,0.09,165.8,5.0
2025-04-08 11:24:55,163.0,41.0,172.0,40.0,162.0,24.0,174.0,16.0,167.5,9.0,65.0,56.0,3.757575015873599,121,9.0,-54.0,0.07,163.0,5.0
2025-04-08 11:24:56,163.0,16.0,171.0,16.0,162.0,24.0,172.0,40.0,167.0,8.0,40.0,56.0,3.2586392865601423,96,-16.0,-25.0,-0.17,163.0,
2025-04-08 11:24:57,163.0,24.0,168.96,47.0,162.0,36.0,169.63,38.0,165.98,5.960000000000008,60.0,85.0,2.612412677949149,145,-25.0,49.0,-0.17,163.0,
2025-04-08 11:24:58,162.7,20.0,164.53,30.0,161.78,27.0,166.43,21.0,163.62,1.8300000000000125,47.0,51.0,1.871683733942592,98,-4.0,-47.0,-0.04,162.5,4.0
2025-04-08 11:24:59,161.11,27.0,165.17,36.0,159.16,113.0,167.46,35.0,163.14,4.059999999999974,140.0,71.0,1.9729977191833847,211,69.0,113.0,0.33,162.0,1.0
2025-04-08 11:25:00,159.24,127.0,164.94,47.0,156.95,88.0,165.81,52.0,162.09,5.699999999999989,215.0,99.0,2.048335909927957,314,116.0,103.0,0.37,160.4,10.0
2025-04-08 11:25:01,160.42,144.0,163.0,54.0,159.13,60.0,179.79,47.0,161.71,2.5800000000000125,204.0,101.0,1.680943187587853,305,103.0,-9.0,0.34,159.86,7.0
2025-04-08 11:25:02,161.12,103.0,162.89,27.0,159.56,36.0,250.0,18.0,162.0,1.7699999999999818,139.0,45.0,0.8224171690184212,184,94.0,-121.0,0.51,161.17,6.0
2025-04-08 11:25:03,161.29,42.0,235.88,17.0,159.36,44.0,620.67,30.0,198.58,74.59,86.0,47.0,16.262980354163613,133,39.0,-51.0,0.29,162.33,6.0
2025-04-08 11:25:04,159.6,30.0,366.92,48.0,158.39,46.0,631.5,32.0,263.26,207.32,76.0,80.0,44.1667926161721,156,-4.0,23.0,-0.03,160.67,6.0
2025-04-08 11:25:05,159.0,24.0,293.56,45.0,158.0,48.0,439.68,25.0,226.28,134.56,72.0,70.0,43.52188162292598,142,2.0,-14.0,0.01,160.67,
2025-04-08 11:25:06,159.0,14.0,218.29,21.0,158.0,28.0,358.22,18.0,188.64,59.28999999999999,42.0,39.0,38.62338825116194,81,3.0,-61.0,0.04,160.67,
2025-04-08 11:25:07,158.35,23.0,262.0,36.0,153.65,31.0,381.0,23.0,210.17,103.65,54.0,59.0,29.22154992467058,113,-5.0,32.0,-0.04,158.67,3.0
2025-04-08 11:25:08,161.38,13.0,297.71,28.0,159.33,27.0,429.57,14.0,229.55,136.32999999999998,40.0,42.0,27.46845918503673,82,-2.0,-31.0,-0.02,158.67,
2025-04-08 11:25:09,163.0,13.0,358.73,22.0,161.0,39.0,488.55,22.0,260.86,195.73,52.0,44.0,26.609251210810648,96,8.0,14.0,0.08,158.67,
2025-04-08 11:25:10,163.29,14.0,328.31,16.0,158.76,29.0,461.3,23.0,245.8,165.02,43.0,39.0,28.55337335587577,82,4.0,-14.0,0.05,158.67,
2025-04-08 11:25:11,118.5,6.0,278.4,5.0,133.45,11.0,282.57,7.0,198.45,159.89999999999998,17.0,12.0,25.42374736344036,29,5.0,-53.0,0.17,159.25,4.0
2025-04-08 11:25:13,134.0,40.0,186.52,25.0,118.8,40.0,198.56,18.0,160.26,52.52000000000001,80.0,43.0,45.20859453687974,123,37.0,42.0,0.3,159.25,
2025-04-08 11:25:14,156.58,62.0,173.88,24.0,137.4,40.0,185.62,16.0,165.23,17.299999999999983,102.0,40.0,35.82011125052447,142,62.0,19.0,0.44,159.25,
2025-04-08 11:25:15,158.0,164.0,172.45,20.0,132.49,37.0,173.17,36.0,165.22,14.449999999999989,201.0,56.0,15.352574051276036,257,145.0,115.0,0.56,159.25,
2025-04-08 11:25:16,158.14,98.0,171.09,33.0,157.69,116.0,172.47,19.0,164.62,12.950000000000015,214.0,52.0,2.8269771841845364,266,162.0,9.0,0.61,159.25,
2025-04-08 11:25:17,160.11,76.0,171.0,48.0,159.19,64.0,172.0,16.0,165.55,10.889999999999986,140.0,64.0,2.214775383622194,204,76.0,-62.0,0.37,166.0,1.0
2025-04-08 11:25:18,160.53,43.0,169.33,36.0,158.95,116.0,172.0,12.0,164.93,8.800000000000011,159.0,48.0,0.3509273427660379,207,111.0,3.0,0.54,166.0,
2025-04-08 11:25:19,161.96,50.0,166.74,23.0,159.94,34.0,168.84,19.0,164.35,4.780000000000001,84.0,42.0,0.4745840282820821,126,42.0,-81.0,0.33,164.0,2.0
2025-04-08 11:25:20,160.87,69.0,163.1,21.0,159.1,82.0,179.61,36.0,161.98,2.2299999999999898,151.0,57.0,1.364342332370816,208,94.0,82.0,0.45,161.33,6.0
2025-04-08 11:25:21,159.0,70.0,161.0,7.0,158.0,42.0,303.88,16.0,160.0,2.0,112.0,23.0,2.314901725753601,135,89.0,-73.0,0.66,161.0,1.0
2025-04-08 11:25:22,158.37,86.0,160.68,19.0,127.66,64.0,248.79,57.0,159.53,2.3100000000000023,150.0,76.0,2.4537664925363845,226,74.0,91.0,0.33,159.0,10.0
2025-04-08 11:25:23,158.0,30.0,160.0,5.0,111.0,10.0,369.8,20.0,159.0,2.0,40.0,25.0,2.1988565209880515,65,15.0,-161.0,0.23,159.0,
2025-04-08 11:25:24,158.0,52.0,191.77,13.0,132.75,32.0,554.56,32.0,174.88,33.77000000000001,84.0,45.0,6.693005304039154,129,39.0,64.0,0.3,158.2,5.0
2025-04-08 11:25:25,164.75,24.0,230.0,24.0,150.0,24.0,447.83,48.0,197.38,65.25,48.0,72.0,16.61305871896899,120,-24.0,-9.0,-0.2,158.2,
2025-04-08 11:25:27,153.0,36.0,155.0,9.0,143.55,47.0,438.77,26.0,154.0,2.0,83.0,35.0,63.34519302993696,118,48.0,71.0,0.41,158.2,
2025-04-08 11:25:28,131.4,10.0,154.2,10.0,70.43,23.0,349.4,10.0,142.8,22.799999999999983,33.0,20.0,66.22681541490552,53,13.0,-65.0,0.25,158.2,
2025-04-08 11:25:29,125.84,57.0,153.89,36.0,118.2,30.0,155.0,9.0,139.87,28.049999999999983,87.0,45.0,70.63932035346852,132,42.0,79.0,0.32,158.2,
2025-04-08 11:25:30,121.55,55.0,159.12,34.0,117.55,22.0,212.33,12.0,140.33,37.57000000000001,77.0,46.0,73.37545863570412,123,31.0,-9.0,0.25,151.8,5.0
2025-04-08 11:25:31,141.14,74.0,324.56,32.0,137.32,62.0,459.3,47.0,232.85,183.42,136.0,79.0,40.036495226229455,215,57.0,92.0,0.27,151.8,
2025-04-08 11:25:32,163.33,45.0,243.97,31.0,153.4,70.0,430.77,26.0,203.65,80.63999999999999,115.0,57.0,43.56707701923455,172,58.0,-43.0,0.34,166.0,3.0
2025-04-08 11:25:33,161.0,33.0,243.0,30.0,152.4,70.0,485.6,20.0,202.0,82.0,103.0,50.0,41.685227599234,153,53.0,-19.0,0.35,161.0,3.0
2025-04-08 11:25:34,160.1,30.0,243.0,21.0,125.84,25.0,511.21,19.0,201.55,82.9,55.0,40.0,33.84659332931405,95,15.0,-58.0,0.16,160.5,6.0
2025-04-08 11:25:35,161.09,44.0,243.0,33.0,128.77,26.0,370.29,34.0,202.05,81.91,70.0,67.0,13.679985380108864,137,3.0,42.0,0.02,163.0,3.0
2025-04-08 11:25:36,163.0,12.0,243.0,36.0,116.3,33.0,369.83,48.0,203.0,80.0,45.0,84.0,0.8536685539363781,129,-39.0,-8.0,-0.3,163.0,
2025-04-08 11:25:37,163.0,7.0,242.69,13.0,158.0,14.0,339.5,24.0,202.85,79.69,21.0,37.0,0.6137996415602457,58,-16.0,-71.0,-0.28,163.0,
2025-04-08 11:25:38,161.91,11.0,239.76,25.0,158.43,21.0,240.82,11.0,200.83,77.85,32.0,36.0,0.9056378967219664,68,-4.0,10.0,-0.06,161.0,2.0
2025-04-08 11:25:39,159.19,31.0,237.09,33.0,158.13,23.0,238.09,33.0,198.14,77.9,54.0,66.0,2.0021313643159373,120,-12.0,52.0,-0.1,161.0,
2025-04-08 11:25:40,161.95,55.0,234.25,20.0,158.79,38.0,235.28,40.0,198.1,72.30000000000001,93.0,60.0,2.407058370703953,153,33.0,33.0,0.22,161.0,5.0
2025-04-08 11:25:41,163.0,36.0,230.33,6.0,160.0,18.0,233.0,18.0,196.67,67.33000000000001,54.0,24.0,2.482150277475834,78,30.0,-75.0,0.38,161.0,
2025-04-08 11:25:42,163.0,60.0,226.17,24.0,162.0,30.0,229.06,16.0,194.58,63.16999999999999,90.0,40.0,2.2879750872703752,130,50.0,52.0,0.38,161.0,
2025-04-08 11:25:43,163.71,28.0,224.0,24.0,162.77,39.0,227.0,8.0,193.86,60.28999999999999,67.0,32.0,1.979267541280591,99,35.0,-31.0,0.35,161.0,
2025-04-08 11:25:44,165.0,16.0,223.04,23.0,163.0,48.0,225.8,10.0,194.02,58.03999999999999,64.0,33.0,1.8601559074349656,97,31.0,-2.0,0.32,161.0,
2025-04-08 11:25:45,165.0,16.0,221.33,15.0,163.0,48.0,222.67,21.0,193.17,56.33000000000001,64.0,36.0,1.333810331330206,100,28.0,3.0,0.28,161.0,
2025-04-08 11:25:46,165.0,26.0,216.9,20.0,163.0,78.0,218.52,21.0,190.95,51.900000000000006,104.0,41.0,1.414966430683386,145,63.0,45.0,0.43,161.0,
2025-04-08 11:25:47,166.0,16.0,213.27,30.0,165.0,20.0,215.2,20.0,189.63,47.27000000000001,36.0,50.0,1.942737758926521,86,-14.0,-59.0,-0.16,166.0,1.0
2025-04-08 11:25:48,166.9,31.0,211.18,17.0,165.4,10.0,212.09,33.0,189.04,44.28,41.0,50.0,2.17342356662406,91,-9.0,5.0,-0.1,166.0,
2025-04-08 11:25:49,167.0,98.0,206.22,49.0,166.0,14.0,207.76,51.0,186.61,39.22,112.0,100.0,2.4202272620466334,212,12.0,121.0,0.06,166.0,
2025-04-08 11:25:50,167.39,62.0,202.11,18.0,166.71,21.0,204.0,45.0,184.75,34.72000000000003,83.0,63.0,2.487142939187515,146,20.0,-66.0,0.14,167.0,2.0
2025-04-08 11:25:51,168.0,104.0,201.0,26.0,167.0,65.0,204.0,65.0,184.5,33.0,169.0,91.0,2.371651323434301,260,78.0,114.0,0.3,167.0,
2025-04-08 11:25:52,168.0,104.0,195.65,48.0,167.0,65.0,200.21,48.0,181.82,27.65000000000001,169.0,96.0,2.6808077140937345,265,73.0,5.0,0.28,167.0,
2025-04-08 11:25:53,168.0,58.0,189.84,19.0,167.0,40.0,194.97,32.0,178.92,21.840000000000003,98.0,51.0,2.9946368728011623,149,47.0,-116.0,0.32,168.0,1.0
2025-04-08 11:25:54,168.0,98.0,191.81,32.0,167.0,70.0,194.75,64.0,179.91,23.81,168.0,96.0,2.6314159686255425,264,72.0,115.0,0.27,168.0,
2025-04-08 11:25:55,168.0,72.0,189.78,36.0,167.0,55.0,190.47,30.0,178.89,21.78,127.0,66.0,2.3824714059008225,193,61.0,-71.0,0.32,168.0,1.0
2025-04-08 11:25:56,168.0,7.0,175.29,14.0,167.0,35.0,189.25,16.0,171.64,7.289999999999992,42.0,30.0,3.874600624571456,72,12.0,-121.0,0.17,168.0,5.0
2025-04-08 11:25:57,167.33,18.0,170.76,37.0,166.91,33.0,173.17,24.0,169.05,3.4299999999999784,51.0,61.0,4.974260749088651,112,-10.0,40.0,-0.09,167.5,2.0
2025-04-08 11:25:58,166.73,22.0,167.88,41.0,165.29,17.0,168.95,44.0,167.3,1.1500000000000057,39.0,85.0,5.738934570102623,124,-46.0,12.0,-0.37,166.8,5.0
2025-04-08 11:25:59,163.81,27.0,166.82,44.0,162.7,60.0,243.79,29.0,165.32,3.009999999999991,87.0,73.0,5.264233087536383,160,14.0,36.0,0.09,163.57,7.0
2025-04-08 11:26:00,162.04,25.0,163.89,27.0,161.05,59.0,352.29,14.0,162.96,1.8499999999999943,84.0,41.0,3.3407903256424327,125,43.0,-35.0,0.34,163.0,1.0
2025-04-08 11:26:01,160.49,68.0,162.21,42.0,159.62,56.0,385.48,23.0,161.35,1.7199999999999989,124.0,65.0,3.125976647369856,189,59.0,64.0,0.31,161.3,10.0
2025-04-08 11:26:02,159.65,34.0,330.31,16.0,158.86,28.0,579.45,22.0,244.98,170.66,62.0,38.0,36.18234127305658,100,24.0,-89.0,0.24,160.0,5.0
2025-04-08 11:26:03,159.43,21.0,313.0,7.0,158.69,13.0,525.57,14.0,236.21,153.57,34.0,21.0,42.522219250645456,55,13.0,-45.0,0.24,160.0,
2025-04-08 11:26:04,162.0,12.0,451.25,8.0,160.0,18.0,599.0,11.0,306.62,289.25,30.0,19.0,61.34695208402796,49,11.0,-6.0,0.22,160.0,
2025-04-08 11:26:05,166.0,9.0,405.12,16.0,161.0,27.0,519.11,18.0,285.56,239.12,36.0,34.0,55.8968454387193,70,2.0,21.0,0.03,160.0,
2025-04-08 11:26:06,166.0,14.0,379.56,27.0,161.0,42.0,388.1,21.0,272.78,213.56,56.0,48.0,28.964057036266883,104,8.0,34.0,0.08,160.0,
2025-04-08 11:26:07,166.0,13.0,342.69,26.0,161.0,39.0,374.38,26.0,254.35,176.69,52.0,52.0,27.25554494043597,104,0.0,0.0,0.0,160.0,
2025-04-08 11:26:08,166.0,7.0,226.57,14.0,161.0,21.0,322.29,14.0,196.29,60.56999999999999,28.0,28.0,41.92934831356322,56,0.0,-48.0,0.0,160.0,
2025-04-08 11:26:09,162.43,7.0,199.0,14.0,159.57,21.0,200.0,14.0,180.71,36.56999999999999,28.0,28.0,46.79950181358825,56,0.0,0.0,0.0,162.67,3.0
2025-04-08 11:26:10,161.95,21.0,197.77,26.0,159.46,24.0,200.0,26.0,179.86,35.82000000000002,45.0,52.0,43.67915601290852,97,-7.0,41.0,-0.07,160.67,3.0
2025-04-08 11:26:11,163.0,22.0,194.88,34.0,160.0,55.0,196.13,30.0,178.94,31.879999999999995,77.0,64.0,32.285946633170944,141,13.0,44.0,0.09,160.67,
2025-04-08 11:26:12,162.87,15.0,191.5,28.0,159.95,37.0,192.85,26.0,177.18,28.629999999999995,52.0,54.0,7.766397491754378,106,-2.0,-35.0,-0.02,162.0,3.0
2025-04-08 11:26:13,160.42,36.0,188.78,46.0,159.35,34.0,189.93,30.0,174.6,28.360000000000014,70.0,76.0,2.4283162891022387,146,-6.0,40.0,-0.04,162.5,2.0
2025-04-08 11:26:14,159.72,29.0,183.0,30.0,158.78,18.0,187.25,24.0,171.36,23.28,47.0,54.0,3.4522630258882536,101,-7.0,-45.0,-0.07,160.0,3.0
2025-04-08 11:26:15,162.76,68.0,184.71,31.0,160.09,47.0,186.42,33.0,173.74,21.950000000000017,115.0,64.0,2.9638960845333977,179,51.0,78.0,0.28,164.0,5.0
2025-04-08 11:26:16,162.25,64.0,178.58,31.0,161.13,45.0,179.68,25.0,170.42,16.330000000000013,109.0,56.0,2.686447468295023,165,53.0,-14.0,0.32,162.0,2.0
2025-04-08 11:26:17,162.17,24.0,174.71,14.0,160.33,18.0,175.71,14.0,168.44,12.54000000000002,42.0,28.0,2.4976228698314054,70,14.0,-95.0,0.2,163.0,2.0
2025-04-08 11:26:18,162.0,44.0,172.61,18.0,159.0,22.0,173.45,22.0,167.31,10.610000000000014,66.0,40.0,2.517971405695784,106,26.0,36.0,0.25,163.0,
2025-04-08 11:26:19,162.0,52.0,169.1,20.0,159.0,28.0,170.64,22.0,165.55,7.099999999999994,80.0,42.0,3.143003340739391,122,38.0,16.0,0.31,162.0,1.0
2025-04-08 11:26:20,162.0,50.0,168.0,17.0,159.0,76.0,169.0,34.0,165.0,6.0,126.0,51.0,2.2009611536542395,177,75.0,55.0,0.42,162.0,1.0
2025-04-08 11:26:21,161.36,28.0,167.4,20.0,158.95,102.0,172.3,20.0,164.38,6.039999999999992,130.0,40.0,1.6884993336961254,170,90.0,-7.0,0.53,160.5,4.0
2025-04-08 11:26:22,160.0,70.0,166.36,42.0,159.0,172.0,168.0,14.0,163.18,6.360000000000014,242.0,56.0,1.5248049055173791,298,186.0,128.0,0.62,160.5,
2025-04-08 11:26:23,159.11,18.0,164.43,7.0,158.87,39.0,165.43,7.0,161.77,5.319999999999993,57.0,14.0,1.515694560222255,71,43.0,-168.0,0.61,159.83,6.0
2025-04-08 11:26:24,159.14,116.0,164.0,26.0,149.74,117.0,165.0,39.0,161.57,4.860000000000014,233.0,65.0,1.5274652205158372,298,168.0,168.0,0.56,159.8,5.0
2025-04-08 11:26:25,159.0,120.0,162.83,24.0,158.0,90.0,163.77,26.0,160.92,3.830000000000013,210.0,50.0,1.3962915167985512,260,160.0,-38.0,0.62,159.8,
2025-04-08 11:26:26,159.0,102.0,160.9,20.0,158.0,90.0,163.0,30.0,159.95,1.9000000000000057,192.0,50.0,1.1870846641590156,242,142.0,-18.0,0.59,159.0,8.0
2025-04-08 11:26:27,159.0,46.0,161.64,22.0,158.0,81.0,232.47,19.0,160.32,2.6399999999999864,127.0,41.0,0.7818119977847332,168,86.0,-74.0,0.51,159.0,2.0
2025-04-08 11:26:28,159.0,29.0,161.14,21.0,158.0,72.0,0.0,0.0,160.07,2.1399999999999864,101.0,21.0,0.6744108539157249,122,80.0,-46.0,0.66,159.0,3.0
2025-04-08 11:26:29,159.0,4.0,303.0,3.0,158.0,36.0,0.0,0.0,231.0,144.0,40.0,3.0,31.61350455106034,43,37.0,-79.0,0.86,159.0,
2025-04-08 11:26:30,161.82,55.0,436.71,7.0,157.92,39.0,0.0,0.0,299.27,274.89,94.0,7.0,62.38174468544447,101,87.0,58.0,0.86,159.0,
2025-04-08 11:26:34,167.31,64.0,255.94,16.0,166.0,208.0,300.56,16.0,211.62,88.63,272.0,32.0,77.0730389306163,304,240.0,114.0,0.79,159.0,
2025-04-08 11:26:35,168.0,36.0,246.89,9.0,166.0,117.0,255.22,9.0,207.44,78.88999999999999,153.0,18.0,95.6123560006773,171,135.0,-133.0,0.79,159.0,
2025-04-08 11:26:36,166.1,168.0,192.19,16.0,165.65,40.0,200.81,16.0,179.14,26.090000000000003,208.0,32.0,99.92890582809432,240,176.0,69.0,0.73,167.33,6.0
2025-04-08 11:26:37,166.0,132.0,189.86,42.0,165.0,12.0,191.33,12.0,177.93,23.860000000000014,144.0,54.0,80.48450770179335,198,90.0,-42.0,0.45,167.33,
2025-04-08 11:26:38,166.0,99.0,187.0,15.0,165.0,9.0,188.6,15.0,176.5,21.0,108.0,30.0,17.436091305104235,138,78.0,-60.0,0.57,167.33,
2025-04-08 11:26:39,166.0,66.0,184.67,12.0,165.0,6.0,185.11,18.0,175.33,18.669999999999987,72.0,30.0,13.588946611121598,102,42.0,-36.0,0.41,167.33,
2025-04-08 11:26:40,166.19,105.0,180.62,13.0,165.86,58.0,183.97,31.0,173.4,14.430000000000009,163.0,44.0,2.2352516636603474,207,119.0,105.0,0.57,166.0,1.0
2025-04-08 11:26:41,167.0,52.0,177.56,25.0,166.0,130.0,178.74,19.0,172.28,10.560000000000002,182.0,44.0,2.283827926944804,226,138.0,19.0,0.61,166.0,
2025-04-08 11:26:42,167.0,44.0,175.35,23.0,166.0,110.0,176.12,32.0,171.17,8.349999999999994,154.0,55.0,2.1793187008534813,209,99.0,-17.0,0.47,166.0,
2025-04-08 11:26:43,167.0,34.0,172.38,13.0,166.0,100.0,175.05,37.0,169.69,5.379999999999996,134.0,50.0,2.147843104113135,184,84.0,-25.0,0.46,167.0,1.0
2025-04-08 11:26:44,166.56,18.0,168.44,27.0,164.51,81.0,171.83,24.0,167.5,1.8799999999999957,99.0,51.0,2.3026658463360232,150,48.0,-34.0,0.32,167.0,3.0
2025-04-08 11:26:45,163.77,30.0,167.05,42.0,162.98,81.0,187.71,28.0,165.41,3.280000000000001,111.0,70.0,2.7776338851400797,181,41.0,31.0,0.23,165.5,2.0
2025-04-08 11:26:46,163.0,126.0,166.21,19.0,162.0,52.0,170.87,46.0,164.61,3.210000000000008,178.0,65.0,2.7762528703045914,243,113.0,62.0,0.47,163.0,2.0
2025-04-08 11:26:47,163.12,65.0,166.94,49.0,162.06,51.0,321.86,22.0,165.03,3.819999999999993,116.0,71.0,2.126245517307784,187,45.0,-56.0,0.24,163.0,5.0
2025-04-08 11:26:48,164.16,50.0,183.95,38.0,160.88,91.0,575.95,20.0,174.05,19.789999999999992,141.0,58.0,3.9230600301134335,199,83.0,12.0,0.42,165.0,4.0
2025-04-08 11:26:49,162.21,19.0,457.0,11.0,159.69,121.0,636.56,18.0,309.61,294.79,140.0,29.0,63.774843943360175,169,111.0,-30.0,0.66,162.2,5.0
2025-04-08 11:26:50,162.0,33.0,358.3,23.0,159.0,198.0,439.45,31.0,260.15,196.3,231.0,54.0,66.52471270137129,285,177.0,116.0,0.62,162.2,
2025-04-08 11:26:51,162.0,33.0,389.55,11.0,159.0,202.0,413.84,38.0,275.77,227.55,235.0,49.0,64.135794374125,284,186.0,-1.0,0.65,162.2,
2025-04-08 11:26:52,159.6,75.0,287.12,8.0,158.93,162.0,391.77,13.0,223.36,127.52,237.0,21.0,51.934070897630114,258,216.0,-26.0,0.84,162.2,
2025-04-08 11:26:53,162.0,18.0,372.83,6.0,159.0,270.0,413.95,21.0,267.42,210.83,288.0,27.0,30.99891240027812,315,261.0,57.0,0.83,162.2,
2025-04-08 11:26:54,162.0,27.0,218.93,15.0,159.0,405.0,272.89,18.0,190.47,56.93000000000001,432.0,33.0,35.736957481017605,465,399.0,150.0,0.86,162.2,
2025-04-08 11:26:55,162.0,20.0,216.54,48.0,159.0,813.0,215.7,61.0,189.27,54.53999999999999,833.0,109.0,41.10364910807831,942,724.0,168.0,0.77,162.0,2.0
2025-04-08 11:26:56,159.01,437.0,210.11,27.0,158.7,132.0,213.98,48.0,184.56,51.10000000000002,569.0,75.0,35.10246472827777,644,494.0,-168.0,0.77,160.0,3.0
2025-04-08 11:26:57,159.02,478.0,206.09,69.0,158.83,259.0,207.17,75.0,182.55,47.06999999999999,737.0,144.0,36.24079096818895,881,593.0,168.0,0.67,160.0,
2025-04-08 11:26:58,159.04,385.0,203.97,65.0,158.89,337.0,205.85,79.0,181.5,44.93000000000001,722.0,144.0,4.011090874054833,866,578.0,-15.0,0.67,160.0,2.0
2025-04-08 11:26:59,159.0,294.0,201.8,30.0,158.0,28.0,202.55,29.0,180.4,42.80000000000001,322.0,59.0,3.493111793218373,381,263.0,-168.0,0.69,160.0,
2025-04-08 11:27:00,160.91,386.0,198.12,48.0,158.92,364.0,200.19,27.0,179.52,37.21000000000001,750.0,75.0,1.9611425241212572,825,675.0,168.0,0.82,167.0,2.0
2025-04-08 11:27:01,167.0,130.0,196.33,55.0,159.0,546.0,197.63,19.0,181.66,29.330000000000013,676.0,74.0,1.1788893077449445,750,602.0,-75.0,0.8,167.0,
2025-04-08 11:27:02,167.0,120.0,195.21,56.0,159.0,404.0,195.75,16.0,181.11,28.210000000000008,524.0,72.0,0.8827343880888958,596,452.0,-154.0,0.76,167.0,
2025-04-08 11:27:03,167.0,116.0,190.23,48.0,161.0,42.0,191.47,66.0,178.61,23.22999999999999,158.0,114.0,1.221904251532556,272,44.0,-168.0,0.16,167.0,2.0
2025-04-08 11:27:04,167.0,128.0,190.5,60.0,166.0,96.0,190.61,36.0,178.75,23.5,224.0,96.0,1.3863801787073362,320,128.0,48.0,0.4,167.0,
2025-04-08 11:27:05,167.0,104.0,186.61,51.0,166.0,78.0,188.21,57.0,176.8,19.610000000000014,182.0,108.0,1.9898065232356963,290,74.0,-30.0,0.26,167.0,
2025-04-08 11:27:06,167.0,72.0,184.18,39.0,166.0,54.0,186.55,42.0,175.59,17.180000000000007,126.0,81.0,2.1039771861663703,207,45.0,-83.0,0.22,167.0,
2025-04-08 11:27:07,167.0,96.0,181.0,42.0,166.0,72.0,182.59,58.0,174.0,14.0,168.0,100.0,2.023005190281354,268,68.0,61.0,0.25,167.0,
2025-04-08 11:27:08,167.0,104.0,176.79,28.0,166.0,78.0,178.47,51.0,171.89,9.789999999999992,182.0,79.0,2.621951563225808,261,103.0,-7.0,0.39,167.0,
2025-04-08 11:27:09,167.0,80.0,173.97,31.0,166.0,60.0,175.68,22.0,170.48,6.969999999999999,140.0,53.0,2.5934089534623133,193,87.0,-68.0,0.45,167.0,
2025-04-08 11:27:10,167.0,96.0,171.64,44.0,166.0,72.0,171.81,42.0,169.32,4.639999999999986,168.0,86.0,2.5527103243209965,254,82.0,61.0,0.32,167.0,
2025-04-08 11:27:11,167.0,25.0,170.15,27.0,166.0,54.0,204.05,38.0,168.57,3.1500000000000057,79.0,65.0,2.161034474480153,144,14.0,-110.0,0.1,167.0,6.0
2025-04-08 11:27:12,167.0,24.0,168.58,36.0,166.0,72.0,171.0,48.0,167.79,1.5800000000000125,96.0,84.0,1.615038699192321,180,12.0,36.0,0.07,167.0,
2025-04-08 11:27:13,166.44,32.0,167.93,29.0,165.12,51.0,243.49,39.0,167.18,1.490000000000009,83.0,68.0,1.29451535328349,151,15.0,-29.0,0.1,167.0,2.0
2025-04-08 11:27:14,166.0,54.0,167.0,18.0,161.09,23.0,168.0,27.0,166.5,1.0,77.0,45.0,1.112641002248655,122,32.0,-29.0,0.26,167.0,
2025-04-08 11:27:15,166.0,39.0,167.75,32.0,162.0,11.0,221.4,40.0,166.88,1.75,50.0,72.0,0.8137137087967775,122,-22.0,0.0,-0.18,166.0,3.0
2025-04-08 11:27:16,160.61,62.0,166.77,44.0,159.02,161.0,270.74,38.0,163.69,6.159999999999997,223.0,82.0,1.590965115859442,305,141.0,168.0,0.46,161.73,11.0
2025-04-08 11:27:17,159.0,168.0,170.04,28.0,158.0,48.0,241.25,24.0,164.52,11.039999999999992,216.0,52.0,1.552475442601329,268,164.0,-37.0,0.61,160.0,3.0
2025-04-08 11:27:18,165.97,31.0,261.0,15.0,159.74,69.0,321.91,33.0,213.48,95.03,100.0,48.0,21.544374671823277,148,52.0,-120.0,0.35,160.0,
2025-04-08 11:27:19,167.16,57.0,414.73,59.0,164.57,35.0,466.2,25.0,290.94,247.57,92.0,84.0,55.058893196285325,176,8.0,28.0,0.05,167.38,8.0
2025-04-08 11:27:20,164.67,15.0,452.97,71.0,159.56,54.0,607.36,22.0,308.82,288.30000000000007,69.0,93.0,68.6826258962193,162,-24.0,-14.0,-0.15,163.0,3.0
2025-04-08 11:27:22,165.0,52.0,340.71,24.0,159.0,130.0,474.74,27.0,252.85,175.70999999999998,182.0,51.0,54.99504177651053,233,131.0,34.0,0.56,163.0,
2025-04-08 11:27:23,165.0,42.0,227.27,33.0,159.0,110.0,265.93,29.0,196.14,62.27000000000001,152.0,62.0,60.85473095824293,214,90.0,-19.0,0.42,165.0,2.0
2025-04-08 11:27:24,159.71,34.0,239.23,13.0,153.71,28.0,251.06,17.0,199.47,79.51999999999998,62.0,30.0,70.27908259219161,92,32.0,-122.0,0.35,162.0,4.0
2025-04-08 11:27:25,159.0,105.0,238.83,24.0,83.66,47.0,244.75,24.0,198.92,79.83000000000001,152.0,48.0,69.57972729179127,200,104.0,108.0,0.52,159.0,3.0
2025-04-08 11:27:26,159.0,201.0,237.6,30.0,152.0,51.0,279.54,39.0,198.3,78.6,252.0,69.0,24.46950612497055,321,183.0,121.0,0.57,159.0,
2025-04-08 11:27:27,159.0,196.0,235.11,18.0,158.0,36.0,239.25,24.0,197.06,76.11000000000001,232.0,42.0,1.3636421817862656,274,190.0,-47.0,0.69,159.0,
2025-04-08 11:27:28,159.22,251.0,231.89,36.0,158.73,150.0,233.0,32.0,195.56,72.66999999999999,401.0,68.0,1.5683813311648886,469,333.0,168.0,0.71,159.0,
2025-04-08 11:27:29,161.16,76.0,227.86,28.0,159.0,378.0,229.33,30.0,194.51,66.70000000000002,454.0,58.0,1.841819752295116,512,396.0,43.0,0.77,161.0,3.0
2025-04-08 11:27:30,163.27,11.0,220.86,28.0,159.0,319.0,226.73,22.0,192.06,57.59,330.0,50.0,2.40264853858019,380,280.0,-132.0,0.74,162.0,3.0
2025-04-08 11:27:31,165.79,33.0,215.0,40.0,159.0,493.0,216.22,45.0,190.39,49.21000000000001,526.0,85.0,2.6841069278138203,611,441.0,168.0,0.72,162.0,
2025-04-08 11:27:32,166.84,19.0,211.67,30.0,161.68,94.0,212.64,25.0,189.25,44.829999999999984,113.0,55.0,2.669518683196423,168,58.0,-168.0,0.35,162.0,
2025-04-08 11:27:33,166.4,15.0,207.07,27.0,162.14,98.0,209.48,33.0,186.74,40.66999999999999,113.0,60.0,2.9234140999747127,173,53.0,5.0,0.31,166.4,5.0
2025-04-08 11:27:34,162.0,24.0,202.07,28.0,159.0,324.0,203.21,28.0,182.04,40.06999999999999,348.0,56.0,3.89940123607788,404,292.0,168.0,0.72,166.4,
2025-04-08 11:27:35,162.0,32.0,197.45,33.0,159.0,432.0,199.0,40.0,179.73,35.44999999999999,464.0,73.0,4.601418259615233,537,391.0,133.0,0.73,166.4,
2025-04-08 11:27:36,162.0,40.0,195.36,22.0,159.0,297.0,196.36,22.0,178.68,33.360000000000014,337.0,44.0,4.552809023000573,381,293.0,-156.0,0.77,166.4,
2025-04-08 11:27:37,162.0,48.0,193.62,16.0,159.0,216.0,195.62,16.0,177.81,31.620000000000005,264.0,32.0,3.577729727063019,296,232.0,-85.0,0.78,162.0,2.0
2025-04-08 11:27:38,164.81,96.0,188.12,32.0,159.67,243.0,189.06,31.0,176.47,23.31,339.0,63.0,2.102339173374708,402,276.0,106.0,0.69,162.0,
2025-04-08 11:27:39,167.0,66.0,181.86,22.0,165.0,15.0,183.92,26.0,174.43,14.860000000000014,81.0,48.0,2.0565942720679047,129,33.0,-168.0,0.26,167.0,4.0
2025-04-08 11:27:40,167.0,28.0,177.61,28.0,165.0,14.0,178.17,23.0,172.3,10.610000000000014,42.0,51.0,2.58916395770899,93,-9.0,-36.0,-0.1,167.0,
2025-04-08 11:27:41,167.0,26.0,171.88,17.0,165.0,13.0,173.0,22.0,169.44,4.879999999999996,39.0,39.0,3.333354166585852,78,0.0,-15.0,0.0,167.0,
2025-04-08 11:27:42,167.0,24.0,169.65,23.0,165.0,12.0,170.57,14.0,168.33,2.6500000000000057,36.0,37.0,3.384158684206612,73,-1.0,-5.0,-0.01,167.0,
2025-04-08 11:27:43,166.69,13.0,168.0,27.0,163.0,21.0,169.71,14.0,167.35,1.3100000000000025,34.0,41.0,2.9306739838963654,75,-7.0,2.0,-0.09,167.0,2.0
2025-04-08 11:27:44,165.0,9.0,167.65,23.0,162.0,63.0,168.91,22.0,166.33,2.6500000000000057,72.0,45.0,2.295179731498912,117,27.0,42.0,0.23,167.0,
2025-04-08 11:27:45,162.05,64.0,165.07,14.0,161.09,79.0,199.05,20.0,163.56,3.019999999999982,143.0,34.0,2.2431830063281857,177,109.0,60.0,0.62,165.0,1.0
2025-04-08 11:27:46,162.0,42.0,163.17,6.0,161.0,48.0,165.0,6.0,162.58,1.1699999999999875,90.0,12.0,2.466059609960093,102,78.0,-75.0,0.76,165.0,
2025-04-08 11:27:47,162.0,47.0,163.64,14.0,161.0,64.0,176.1,21.0,162.82,1.6399999999999864,111.0,35.0,2.171398167051378,146,76.0,44.0,0.52,162.0,2.0
2025-04-08 11:27:48,161.55,71.0,211.0,40.0,159.85,188.0,285.71,42.0,186.27,49.44999999999999,259.0,82.0,10.149106857250183,341,177.0,168.0,0.52,162.0,5.0
2025-04-08 11:27:49,159.72,81.0,360.33,12.0,159.18,155.0,375.29,34.0,260.02,200.61,236.0,46.0,42.020480720714325,282,190.0,-59.0,0.67,161.22,9.0
2025-04-08 11:27:50,160.43,201.0,357.67,15.0,159.18,181.0,360.79,38.0,259.05,197.24,382.0,53.0,49.67754794673312,435,329.0,153.0,0.76,161.22,
2025-04-08 11:27:51,167.0,42.0,354.71,7.0,166.0,42.0,356.0,21.0,260.86,187.71,84.0,28.0,47.52598163110376,112,56.0,-168.0,0.5,161.22,
2025-04-08 11:27:52,167.0,60.0,345.45,22.0,166.0,60.0,354.69,16.0,256.23,178.45,120.0,38.0,32.59044077640025,158,82.0,46.0,0.52,161.22,
2025-04-08 11:27:53,167.0,54.0,350.58,31.0,166.0,54.0,407.22,27.0,258.79,183.58,108.0,58.0,1.7477843116596317,166,50.0,8.0,0.3,161.22,
2025-04-08 11:27:54,167.0,66.0,306.66,35.0,166.0,66.0,348.29,35.0,236.83,139.66000000000005,132.0,70.0,9.93313243645093,202,62.0,36.0,0.31,161.22,
2025-04-08 11:27:55,166.31,64.0,167.82,49.0,162.0,96.0,198.23,52.0,167.06,1.509999999999991,160.0,101.0,39.68645398621593,261,59.0,59.0,0.23,166.6,10.0
2025-04-08 11:27:56,165.71,7.0,167.0,18.0,163.67,6.0,180.0,24.0,166.36,1.289999999999992,13.0,42.0,46.73602603987628,55,-29.0,-168.0,-0.53,166.0,2.0
2025-04-08 11:27:57,163.77,13.0,179.26,35.0,159.15,117.0,312.63,38.0,171.51,15.48999999999998,130.0,73.0,44.27478345514473,203,57.0,148.0,0.28,165.0,1.0
2025-04-08 11:27:58,161.0,12.0,291.07,29.0,159.0,324.0,515.15,39.0,226.03,130.07,336.0,68.0,34.83850700015635,404,268.0,168.0,0.66,165.0,
2025-04-08 11:27:59,162.08,104.0,176.62,26.0,159.08,168.0,178.0,39.0,169.35,14.539999999999992,272.0,65.0,25.77662448808832,337,207.0,-67.0,0.61,165.0,
2025-04-08 11:28:00,163.55,235.0,174.78,36.0,161.0,18.0,277.76,41.0,169.17,11.22999999999999,253.0,77.0,25.526607295132568,330,176.0,-7.0,0.53,163.0,1.0
2025-04-08 11:28:01,165.0,59.0,174.0,10.0,161.0,15.0,369.0,10.0,169.5,9.0,74.0,20.0,25.127771886896703,94,54.0,-168.0,0.57,165.0,3.0
2025-04-08 11:28:02,165.58,120.0,173.25,24.0,161.32,44.0,369.0,24.0,169.42,7.6699999999999875,164.0,48.0,25.3438874287256,212,116.0,118.0,0.55,165.0,
2025-04-08 11:28:03,166.92,130.0,172.0,26.0,161.48,103.0,337.21,33.0,169.46,5.0800000000000125,233.0,59.0,0.1298075494386548,292,174.0,80.0,0.6,165.0,
2025-04-08 11:28:04,168.0,100.0,171.8,20.0,161.0,90.0,265.0,24.0,169.9,3.8000000000000114,190.0,44.0,0.2628687883555274,234,146.0,-58.0,0.62,165.0,
2025-04-08 11:28:05,168.0,110.0,170.0,28.0,161.09,181.0,273.8,30.0,169.0,2.0,291.0,58.0,0.3194996085935476,349,233.0,115.0,0.67,168.0,3.0
2025-04-08 11:28:06,168.0,41.0,239.48,42.0,161.0,242.0,466.37,30.0,203.74,71.47999999999999,283.0,72.0,15.340498036240728,355,211.0,6.0,0.59,168.0,6.0
2025-04-08 11:28:07,168.0,9.0,297.67,30.0,161.0,198.0,523.78,27.0,232.83,129.67000000000002,207.0,57.0,28.65727272438764,264,150.0,-91.0,0.57,168.0,
2025-04-08 11:28:08,168.0,10.0,253.0,40.0,161.0,220.0,347.83,29.0,210.5,85.0,230.0,69.0,27.52130229476702,299,161.0,35.0,0.54,168.0,
2025-04-08 11:28:09,167.08,13.0,205.03,62.0,161.08,246.0,327.8,40.0,186.05,37.94999999999999,259.0,102.0,24.27318541106533,361,157.0,62.0,0.43,167.0,2.0
2025-04-08 11:28:10,166.0,10.0,195.0,50.0,161.34,106.0,320.31,39.0,180.5,29.0,116.0,89.0,20.855443653875117,205,27.0,-156.0,0.13,167.0,
2025-04-08 11:28:11,165.33,6.0,261.17,18.0,161.81,37.0,473.67,27.0,213.25,95.84,43.0,45.0,21.397865080422477,88,-2.0,-117.0,-0.02,163.75,4.0
2025-04-08 11:28:12,161.03,108.0,222.43,21.0,160.65,101.0,531.82,34.0,191.73,61.400000000000006,209.0,55.0,14.70096697499682,264,154.0,168.0,0.58,161.5,2.0
2025-04-08 11:28:13,161.0,315.0,222.61,41.0,159.47,135.0,486.29,34.0,191.8,61.610000000000014,450.0,75.0,12.420850614991704,525,375.0,168.0,0.71,161.5,
2025-04-08 11:28:14,161.0,263.0,370.55,31.0,159.22,46.0,609.4,47.0,265.77,209.55,309.0,78.0,34.082538784544354,387,231.0,-138.0,0.6,161.0,5.0
2025-04-08 11:28:16,161.33,36.0,439.11,19.0,160.98,98.0,498.22,23.0,300.22,277.78,134.0,42.0,64.04356852955699,176,92.0,-67.0,0.52,161.67,3.0
2025-04-08 11:28:17,161.11,144.0,299.71,48.0,160.85,66.0,322.94,62.0,230.41,138.59999999999997,210.0,110.0,56.068426676696376,320,100.0,144.0,0.31,161.67,
2025-04-08 11:28:18,165.9,20.0,228.5,40.0,162.37,127.0,282.83,48.0,197.2,62.6,147.0,88.0,54.34424412943914,235,59.0,-85.0,0.25,161.67,
2025-04-08 11:28:19,161.25,146.0,280.65,40.0,160.83,12.0,282.12,34.0,220.95,119.39999999999998,158.0,74.0,57.87994756390216,232,84.0,-3.0,0.36,166.5,4.0
2025-04-08 11:28:20,161.0,124.0,277.4,20.0,160.0,10.0,279.0,50.0,219.2,116.39999999999998,134.0,70.0,39.18144624691665,204,64.0,-28.0,0.31,161.0,2.0
2025-04-08 11:28:21,161.0,120.0,206.16,25.0,160.0,9.0,267.04,27.0,183.58,45.16,129.0,52.0,19.25232375584753,181,77.0,-23.0,0.43,161.0,
2025-04-08 11:28:22,161.06,158.0,168.55,58.0,160.88,91.0,169.23,61.0,164.81,7.490000000000009,249.0,119.0,23.888624280187106,368,130.0,168.0,0.35,161.75,4.0
2025-04-08 11:28:23,161.2,49.0,164.15,52.0,160.87,139.0,165.0,37.0,162.68,2.950000000000017,188.0,89.0,28.427010570932904,277,99.0,-91.0,0.36,162.83,12.0
2025-04-08 11:28:24,161.18,136.0,333.0,11.0,159.6,43.0,592.94,17.0,247.09,171.82,179.0,28.0,36.68899385374232,207,151.0,-70.0,0.73,162.83,
2025-04-08 11:28:25,165.0,36.0,252.83,24.0,161.0,78.0,335.82,17.0,208.92,87.83000000000001,114.0,41.0,35.28818541665096,155,73.0,-52.0,0.47,162.83,
2025-04-08 11:28:26,165.0,54.0,242.06,34.0,161.28,72.0,342.44,18.0,203.53,77.06,126.0,52.0,35.02488301193803,178,74.0,23.0,0.42,162.83,
2025-04-08 11:28:27,165.0,47.0,223.79,29.0,162.0,36.0,294.11,36.0,194.4,58.78999999999999,83.0,65.0,30.32487807065276,148,18.0,-30.0,0.12,165.0,1.0
2025-04-08 11:28:28,165.0,35.0,234.88,16.0,162.0,28.0,249.44,27.0,199.94,69.88,63.0,43.0,20.977655493404665,106,20.0,-42.0,0.19,165.0,
2025-04-08 11:28:29,165.46,68.0,245.58,45.0,163.07,56.0,248.14,44.0,205.52,80.12,124.0,89.0,5.557744146679939,213,35.0,107.0,0.16,165.56,9.0
2025-04-08 11:28:30,163.61,23.0,245.0,56.0,161.69,84.0,247.0,42.0,204.3,81.38999999999999,107.0,98.0,4.498824290851273,205,9.0,-8.0,0.04,163.0,3.0
2025-04-08 11:28:31,163.0,36.0,244.0,29.0,162.0,36.0,245.09,34.0,203.5,81.0,72.0,63.0,4.495522216601031,135,9.0,-70.0,0.07,163.0,
2025-04-08 11:28:32,163.0,40.0,242.03,39.0,162.0,40.0,243.74,31.0,202.51,79.03,80.0,70.0,2.1080512327636947,150,10.0,15.0,0.07,163.0,
2025-04-08 11:28:33,164.5,64.0,188.2,30.0,162.6,40.0,241.25,32.0,176.35,23.69999999999999,104.0,62.0,12.39558913484744,166,42.0,16.0,0.25,163.0,
2025-04-08 11:28:34,165.0,72.0,173.36,28.0,163.0,36.0,180.0,34.0,169.18,8.360000000000014,108.0,62.0,17.001572574321894,170,46.0,4.0,0.27,163.0,
2025-04-08 11:28:35,165.21,38.0,172.69,39.0,163.56,36.0,173.8,45.0,168.95,7.47999999999999,74.0,84.0,17.517701618646253,158,-10.0,-12.0,-0.06,163.0,
2025-04-08 11:28:36,167.45,22.0,171.71,51.0,166.79,38.0,172.57,47.0,169.58,4.260000000000019,60.0,98.0,14.41961268550266,158,-38.0,0.0,-0.24,163.0,
2025-04-08 11:28:37,168.0,9.0,170.17,23.0,167.0,27.0,171.65,34.0,169.09,2.1699999999999875,36.0,57.0,3.20614254204291,93,-21.0,-65.0,-0.23,163.0,
2025-04-08 11:28:38,167.28,18.0,168.54,13.0,166.6,25.0,170.5,26.0,167.91,1.259999999999991,43.0,39.0,0.6226315121276638,82,4.0,-11.0,0.05,167.33,3.0
2025-04-08 11:28:39,165.5,20.0,168.0,10.0,163.22,36.0,172.0,40.0,166.75,2.5,56.0,50.0,1.1311410168027292,106,6.0,24.0,0.06,166.33,3.0
2025-04-08 11:28:40,162.26,47.0,166.38,26.0,161.27,45.0,171.55,44.0,164.32,4.1200000000000045,92.0,70.0,2.103152395783974,162,22.0,56.0,0.14,162.57,7.0
2025-04-08 11:28:41,162.0,6.0,165.33,9.0,161.0,18.0,166.05,21.0,163.67,3.3300000000000125,24.0,30.0,2.313248797663095,54,-6.0,-108.0,-0.11,162.57,
2025-04-08 11:28:42,160.26,27.0,162.4,15.0,160.07,42.0,301.57,7.0,161.33,2.140000000000015,69.0,22.0,2.599169097978603,91,47.0,37.0,0.52,161.25,4.0
2025-04-08 11:28:43,160.0,78.0,161.04,46.0,159.0,37.0,211.92,13.0,160.52,1.039999999999992,115.0,59.0,2.48432485796126,174,56.0,83.0,0.32,160.0,5.0
2025-04-08 11:28:44,160.0,28.0,166.49,41.0,159.0,69.0,316.26,23.0,163.24,6.490000000000009,97.0,64.0,1.6163941350682285,161,33.0,-13.0,0.2,161.0,4.0
2025-04-08 11:28:45,160.27,149.0,262.47,15.0,159.2,30.0,434.59,34.0,211.37,102.20000000000002,179.0,49.0,22.03269910836846,228,130.0,67.0,0.57,163.11,9.0
2025-04-08 11:28:46,159.0,57.0,283.0,3.0,158.0,6.0,706.0,9.0,221.0,124.0,63.0,12.0,30.05429869419549,75,51.0,-153.0,0.68,163.11,
2025-04-08 11:28:47,159.0,114.0,283.0,6.0,158.0,12.0,591.67,18.0,221.0,124.0,126.0,24.0,30.889470374222064,150,102.0,75.0,0.68,163.11,
2025-04-08 11:28:48,159.07,61.0,262.14,7.0,158.93,82.0,733.57,21.0,210.6,103.07,143.0,28.0,24.11875660144944,171,115.0,21.0,0.67,163.11,
2025-04-08 11:28:49,159.1,50.0,210.0,8.0,158.94,101.0,604.12,24.0,184.55,50.900000000000006,151.0,32.0,14.929009679143784,183,119.0,12.0,0.65,159.2,5.0
2025-04-08 11:28:50,159.0,90.0,208.71,14.0,158.0,12.0,471.0,10.0,183.86,49.71000000000001,102.0,24.0,18.743519413385485,126,78.0,-57.0,0.62,159.2,
2025-04-08 11:28:51,159.0,136.0,207.1,30.0,158.0,20.0,230.8,10.0,183.05,48.1,156.0,40.0,17.905808275527374,196,116.0,70.0,0.59,159.0,2.0
2025-04-08 11:28:52,164.19,37.0,206.44,27.0,158.96,108.0,246.0,9.0,185.32,42.25,145.0,36.0,11.838434440411952,181,109.0,-15.0,0.6,159.0,
2025-04-08 11:28:53,167.0,32.0,205.2,25.0,159.0,143.0,367.88,25.0,186.1,38.19999999999999,175.0,50.0,1.195629541255647,225,125.0,44.0,0.56,167.0,1.0
2025-04-08 11:28:54,167.0,16.0,202.0,24.0,159.45,44.0,204.0,8.0,184.5,35.0,60.0,32.0,1.196110362768909,92,28.0,-133.0,0.3,167.0,
2025-04-08 11:28:55,167.0,16.0,198.0,14.0,163.0,8.0,199.94,18.0,182.5,31.0,24.0,32.0,1.5101920407427258,56,-8.0,-36.0,-0.14,167.0,
2025-04-08 11:28:56,167.0,20.0,194.2,30.0,163.0,10.0,198.0,10.0,180.6,27.19999999999999,30.0,40.0,2.237203611637035,70,-10.0,14.0,-0.14,167.0,
2025-04-08 11:28:57,160.35,68.0,193.36,25.0,159.04,99.0,194.43,35.0,176.86,33.01000000000002,167.0,60.0,3.5925923787591905,227,107.0,157.0,0.47,164.5,4.0
2025-04-08 11:28:58,160.44,50.0,191.43,14.0,158.91,86.0,192.17,18.0,175.93,30.99000000000001,136.0,32.0,3.648769655639397,168,104.0,-59.0,0.62,164.5,
2025-04-08 11:28:59,165.0,7.0,189.14,7.0,162.0,28.0,192.0,21.0,177.07,24.139999999999983,35.0,28.0,2.815452006323697,63,7.0,-105.0,0.11,164.5,
2025-04-08 11:29:00,162.2,61.0,186.38,29.0,159.45,107.0,187.35,17.0,174.29,24.180000000000007,168.0,46.0,2.3163009303432878,214,122.0,151.0,0.57,163.5,2.0
2025-04-08 11:29:01,162.0,89.0,184.36,22.0,159.0,130.0,186.67,18.0,173.18,22.360000000000014,219.0,40.0,1.6837547327050162,259,179.0,45.0,0.69,162.0,1.0
2025-04-08 11:29:02,162.0,68.0,181.69,16.0,159.11,146.0,183.07,40.0,171.84,19.69,214.0,56.0,2.0919297311106733,270,158.0,11.0,0.59,162.0,4.0
2025-04-08 11:29:03,162.0,36.0,178.89,19.0,160.0,36.0,180.0,17.0,170.45,16.889999999999986,72.0,36.0,2.5218901641235023,108,36.0,-162.0,0.33,162.0,
2025-04-08 11:29:04,162.0,20.0,177.7,10.0,160.0,48.0,178.88,24.0,169.85,15.699999999999989,68.0,34.0,1.8477472770648051,102,34.0,-6.0,0.33,162.0,2.0
2025-04-08 11:29:05,162.0,26.0,176.15,13.0,160.0,52.0,177.15,13.0,169.08,14.150000000000006,78.0,26.0,1.6353440004777595,104,52.0,2.0,0.5,162.0,
2025-04-08 11:29:06,162.0,26.0,173.91,33.0,160.0,52.0,174.53,19.0,167.95,11.909999999999997,78.0,52.0,1.4595992600357222,130,26.0,26.0,0.2,162.0,
2025-04-08 11:29:07,162.25,51.0,170.46,26.0,160.06,32.0,172.0,16.0,166.36,8.210000000000008,83.0,42.0,1.6248292217629978,125,41.0,-5.0,0.33,161.0,4.0
2025-04-08 11:29:08,160.83,24.0,168.23,22.0,159.17,24.0,168.65,26.0,164.53,7.399999999999977,48.0,48.0,2.140520964600193,96,0.0,-29.0,0.0,161.0,
2025-04-08 11:29:09,162.0,22.0,164.46,13.0,160.18,22.0,165.81,31.0,163.23,2.460000000000008,44.0,44.0,2.397279708313311,88,0.0,-8.0,0.0,161.0,
2025-04-08 11:29:10,160.0,12.0,162.73,11.0,158.89,18.0,165.0,33.0,161.36,2.7299999999999898,30.0,44.0,2.5817881400084164,74,-14.0,-14.0,-0.19,160.6,5.0
2025-04-08 11:29:11,159.0,9.0,163.83,23.0,158.0,9.0,205.08,25.0,161.41,4.8300000000000125,18.0,48.0,2.1322921938341226,66,-30.0,-8.0,-0.45,162.0,1.0
2025-04-08 11:29:12,160.64,11.0,163.33,27.0,140.02,41.0,251.45,29.0,161.98,2.690000000000026,52.0,56.0,1.361238406703416,108,-4.0,42.0,-0.04,160.5,2.0
2025-04-08 11:29:13,165.04,23.0,291.18,22.0,153.49,61.0,407.84,19.0,228.11,126.14,84.0,41.0,29.577125790040963,125,43.0,17.0,0.34,161.67,3.0
2025-04-08 11:29:14,166.88,17.0,284.0,12.0,163.43,14.0,331.0,12.0,225.44,117.12,31.0,24.0,35.720252658679875,55,7.0,-70.0,0.13,166.6,5.0
2025-04-08 11:29:15,166.0,18.0,284.0,18.0,164.13,46.0,331.0,18.0,225.0,118.0,64.0,36.0,35.34233113420715,100,28.0,45.0,0.28,166.6,
2025-04-08 11:29:16,166.0,12.0,284.0,12.0,165.0,54.0,331.0,12.0,225.0,118.0,66.0,24.0,28.609657110842303,90,42.0,-10.0,0.47,166.6,
2025-04-08 11:29:17,166.83,36.0,283.44,27.0,165.31,39.0,315.33,18.0,225.14,116.61,75.0,45.0,1.3381031350351928,120,30.0,30.0,0.25,166.6,
2025-04-08 11:29:18,167.86,35.0,283.0,35.0,166.0,14.0,317.57,14.0,225.43,115.14,49.0,49.0,0.220272558413594,98,0.0,-22.0,0.0,166.6,
2025-04-08 11:29:19,168.0,35.0,209.48,29.0,166.0,14.0,252.6,20.0,188.74,41.47999999999999,49.0,49.0,16.280639422331582,98,0.0,0.0,0.0,166.6,
2025-04-08 11:29:20,168.0,60.0,191.59,44.0,166.0,24.0,275.68,28.0,179.8,23.590000000000003,84.0,72.0,22.635114755617245,156,12.0,58.0,0.08,166.6,
2025-04-08 11:29:21,168.0,60.0,170.88,16.0,166.0,24.0,179.54,28.0,169.44,2.8799999999999955,84.0,44.0,26.082681993996378,128,40.0,-28.0,0.31,166.6,
2025-04-08 11:29:22,168.0,42.0,169.96,47.0,166.0,22.0,267.63,27.0,168.98,1.960000000000008,64.0,74.0,23.256418898874443,138,-10.0,10.0,-0.07,168.0,3.0
2025-04-08 11:29:23,168.0,18.0,169.11,45.0,167.0,72.0,177.71,42.0,168.56,1.1100000000000136,90.0,87.0,8.949875976789007,177,3.0,39.0,0.02,168.0,
2025-04-08 11:29:24,167.04,90.0,178.9,62.0,166.4,40.0,335.62,26.0,172.97,11.860000000000014,130.0,88.0,4.724298889771864,218,42.0,41.0,0.19,167.29,7.0
2025-04-08 11:29:25,167.0,36.0,242.96,27.0,166.0,24.0,379.04,23.0,204.98,75.96000000000001,60.0,50.0,15.746649802415364,110,10.0,-108.0,0.09,167.29,
2025-04-08 11:29:26,166.68,22.0,216.67,36.0,165.14,73.0,384.83,24.0,191.67,49.98999999999998,95.0,60.0,16.214739282514383,155,35.0,45.0,0.23,166.75,4.0
2025-04-08 11:29:27,165.23,39.0,215.79,42.0,164.88,86.0,380.91,22.0,190.51,50.56,125.0,64.0,14.88556918629322,189,61.0,34.0,0.32,165.25,4.0
2025-04-08 11:29:28,165.0,96.0,206.64,44.0,163.0,16.0,265.56,27.0,185.82,41.63999999999999,112.0,71.0,11.528900641428397,183,41.0,-6.0,0.22,165.25,
2025-04-08 11:29:29,165.0,66.0,241.04,26.0,163.0,11.0,422.29,17.0,203.02,76.03999999999999,77.0,43.0,8.355270791538615,120,34.0,-63.0,0.28,165.25,
2025-04-08 11:29:30,165.0,78.0,252.31,26.0,163.0,14.0,301.59,29.0,208.65,87.31,92.0,55.0,9.510553611643203,147,37.0,27.0,0.25,165.0,2.0
2025-04-08 11:29:31,165.0,32.0,236.0,17.0,163.0,8.0,284.87,23.0,200.5,71.0,40.0,40.0,9.339103276007952,80,0.0,-67.0,0.0,165.0,
2025-04-08 11:29:32,165.0,43.0,203.39,23.0,163.0,13.0,204.5,32.0,184.2,38.38999999999999,56.0,55.0,10.856634837735882,111,1.0,31.0,0.01,165.0,1.0
2025-04-08 11:29:33,165.0,30.0,190.75,16.0,163.0,10.0,191.43,14.0,177.88,25.75,40.0,30.0,13.13882414829949,70,10.0,-41.0,0.14,165.0,
2025-04-08 11:29:34,161.62,40.0,189.47,19.0,160.07,137.0,190.78,23.0,175.55,27.849999999999994,177.0,42.0,14.537328846797427,219,135.0,149.0,0.62,163.8,5.0
2025-04-08 11:29:35,162.0,11.0,188.27,22.0,161.0,33.0,190.0,11.0,175.14,26.27000000000001,44.0,33.0,10.613528159849466,77,11.0,-142.0,0.14,163.8,
2025-04-08 11:29:36,160.15,78.0,187.03,29.0,159.6,60.0,188.81,16.0,173.59,26.879999999999995,138.0,45.0,4.166373723024459,183,93.0,106.0,0.51,161.25,4.0
2025-04-08 11:29:37,160.0,144.0,182.68,22.0,159.0,84.0,184.0,14.0,171.34,22.680000000000007,228.0,36.0,2.426427414925998,264,192.0,81.0,0.73,161.25,
2025-04-08 11:29:38,162.4,40.0,179.23,35.0,160.84,170.0,181.11,19.0,170.81,16.829999999999984,210.0,54.0,2.154815537326139,264,156.0,0.0,0.59,161.25,
2025-04-08 11:29:39,165.0,90.0,178.0,11.0,162.0,82.0,179.25,16.0,171.5,13.0,172.0,27.0,1.827328651310648,199,145.0,-65.0,0.73,165.2,5.0
2025-04-08 11:29:40,165.0,80.0,176.17,12.0,162.09,66.0,178.33,12.0,170.58,11.169999999999987,146.0,24.0,1.1932853807448192,170,122.0,-29.0,0.72,165.2,
2025-04-08 11:29:41,165.0,126.0,173.2,20.0,163.0,42.0,174.62,26.0,169.1,8.199999999999989,168.0,46.0,0.9526699322944088,214,122.0,44.0,0.57,165.0,2.0
2025-04-08 11:29:42,165.0,84.0,169.77,43.0,163.0,48.0,171.38,29.0,167.38,4.77000000000001,132.0,72.0,1.646019440923021,204,60.0,-10.0,0.29,165.0,4.0
2025-04-08 11:29:43,165.0,40.0,167.08,25.0,163.0,30.0,168.12,25.0,166.04,2.0800000000000125,70.0,50.0,2.2422310317839704,120,20.0,-84.0,0.17,165.0,
2025-04-08 11:29:44,163.42,24.0,165.56,18.0,162.08,76.0,192.3,20.0,164.49,2.140000000000015,100.0,38.0,2.4109583156688505,138,62.0,18.0,0.45,164.14,7.0
2025-04-08 11:29:45,162.0,110.0,164.29,42.0,160.0,132.0,187.0,23.0,163.14,2.289999999999992,242.0,65.0,2.3436723320230595,307,177.0,168.0,0.58,164.14,
2025-04-08 11:29:46,162.0,106.0,163.0,52.0,160.0,156.0,303.1,62.0,162.5,1.0,262.0,114.0,2.018365675463264,376,148.0,69.0,0.39,162.0,2.0
2025-04-08 11:29:47,160.62,119.0,350.0,46.0,159.6,121.0,528.4,43.0,255.31,189.38,240.0,89.0,40.8386744397993,329,151.0,-47.0,0.46,162.0,2.0
2025-04-08 11:29:50,165.0,24.0,218.12,16.0,162.0,48.0,220.0,8.0,191.56,53.120000000000005,72.0,24.0,91.54839457904242,96,48.0,-19.0,0.5,162.0,
2025-04-08 11:29:51,165.0,48.0,209.69,26.0,162.0,96.0,216.68,22.0,187.35,44.69,144.0,48.0,85.12028870956708,192,96.0,96.0,0.5,162.0,
2025-04-08 11:29:52,165.2,25.0,193.0,22.0,162.67,54.0,195.0,11.0,179.1,27.80000000000001,79.0,33.0,94.45355403583304,112,46.0,-80.0,0.41,162.0,
2025-04-08 11:29:53,165.76,21.0,192.71,28.0,163.0,63.0,195.0,14.0,179.24,26.950000000000017,84.0,42.0,64.82036192432106,126,42.0,14.0,0.33,166.5,2.0
2025-04-08 11:29:54,163.65,17.0,191.56,18.0,162.11,47.0,195.0,9.0,177.6,27.91,64.0,27.0,6.1379801237807525,91,37.0,-35.0,0.41,164.33,3.0
2025-04-08 11:29:55,166.0,12.0,189.42,24.0,163.0,24.0,195.0,12.0,177.71,23.419999999999987,36.0,36.0,4.068605412168082,72,0.0,-19.0,0.0,164.33,
2025-04-08 11:29:56,166.04,28.0,187.4,20.0,163.6,15.0,219.0,12.0,176.72,21.360000000000014,43.0,32.0,1.0726975342193017,75,11.0,3.0,0.15,165.0,7.0
2025-04-08 11:29:57,162.0,30.0,187.0,12.0,160.0,24.0,235.67,12.0,174.5,25.0,54.0,24.0,1.7386431491018348,78,30.0,3.0,0.38,165.0,
2025-04-08 11:29:58,162.0,45.0,187.0,18.0,160.0,36.0,220.0,18.0,174.5,25.0,81.0,36.0,1.6039264322023077,117,45.0,39.0,0.38,165.0,
2025-04-08 11:29:59,162.0,35.0,187.0,14.0,160.0,28.0,220.0,14.0,174.5,25.0,63.0,28.0,1.527704159815067,91,35.0,-26.0,0.38,165.0,
2025-04-08 11:30:00,162.0,10.0,185.9,20.0,160.67,72.0,267.0,20.0,173.95,23.90000000000001,82.0,40.0,1.0808700198983712,122,42.0,31.0,0.34,162.0,4.0
2025-04-08 11:30:01,162.0,7.0,183.21,19.0,161.0,84.0,261.43,14.0,172.61,21.210000000000008,91.0,33.0,0.819127584637345,124,58.0,2.0,0.47,162.0,
2025-04-08 11:30:02,161.02,123.0,182.22,37.0,160.0,44.0,183.57,28.0,171.62,21.19999999999999,167.0,65.0,1.2755900595069367,232,102.0,108.0,0.44,161.5,2.0
2025-04-08 11:30:03,161.0,187.0,178.44,36.0,159.85,53.0,179.45,49.0,169.72,17.439999999999998,240.0,85.0,1.9115046429217517,325,155.0,93.0,0.48,161.5,
2025-04-08 11:30:04,160.65,85.0,176.92,26.0,159.81,31.0,178.45,29.0,168.79,16.269999999999982,116.0,55.0,2.099421348826768,171,61.0,-154.0,0.36,161.5,
2025-04-08 11:30:05,160.18,49.0,173.92,24.0,159.65,23.0,174.9,31.0,167.05,13.73999999999998,72.0,55.0,2.217694749037257,127,17.0,-44.0,0.13,161.5,
2025-04-08 11:30:06,161.0,42.0,166.5,40.0,160.0,70.0,167.8,45.0,163.75,5.5,112.0,85.0,2.9782091934423685,197,27.0,70.0,0.14,161.5,
2025-04-08 11:30:07,160.51,71.0,166.85,40.0,159.81,74.0,182.86,85.0,163.68,6.340000000000003,145.0,125.0,2.800976615379386,270,20.0,73.0,0.07,161.4,5.0
2025-04-08 11:30:08,161.11,38.0,171.23,52.0,159.94,32.0,172.53,34.0,166.17,10.119999999999976,70.0,86.0,2.196456236737047,156,-16.0,-114.0,-0.1,160.0,2.0
2025-04-08 11:30:09,167.0,10.0,170.42,36.0,161.14,28.0,171.15,41.0,168.71,3.4199999999999875,38.0,77.0,2.170165892253646,115,-39.0,-41.0,-0.34,160.0,
2025-04-08 11:30:10,165.0,24.0,168.1,62.0,162.2,35.0,176.57,46.0,166.55,3.0999999999999943,59.0,108.0,2.1130830556087727,167,-49.0,52.0,-0.29,166.33,3.0
2025-04-08 11:30:11,161.61,38.0,167.0,50.0,158.71,14.0,231.64,22.0,164.3,5.389999999999986,52.0,72.0,1.992377976163423,124,-20.0,-43.0,-0.16,160.5,4.0
2025-04-08 11:30:12,162.0,66.0,165.45,31.0,158.0,22.0,172.23,44.0,163.73,3.4499999999999886,88.0,75.0,1.9786409476964453,163,13.0,39.0,0.08,160.5,
2025-04-08 11:30:13,162.0,44.0,164.24,29.0,158.0,18.0,174.12,34.0,163.12,2.240000000000009,62.0,63.0,2.313346061422748,125,-1.0,-38.0,-0.01,162.0,2.0
2025-04-08 11:30:14,162.0,37.0,163.71,34.0,158.0,20.0,164.87,46.0,162.85,1.710000000000008,57.0,80.0,1.4749406767386612,137,-23.0,12.0,-0.17,162.0,3.0
2025-04-08 11:30:15,133.12,8.0,160.53,34.0,84.0,8.0,263.71,21.0,146.83,27.41,16.0,55.0,7.476144059599972,71,-39.0,-66.0,-0.55,161.62,8.0
2025-04-08 11:30:16,134.0,9.0,153.0,27.0,115.0,9.0,154.0,45.0,143.5,19.0,18.0,72.0,9.971315359564414,90,-54.0,19.0,-0.6,161.62,
2025-04-08 11:30:27,148.08,48.0,152.0,16.0,126.46,26.0,154.23,26.0,150.04,3.919999999999988,74.0,42.0,1.1060650974845838,116,32.0,-22.0,0.28,151.0,4.0
2025-04-08 11:30:28,150.12,88.0,154.0,32.0,0.0,0.0,155.0,28.0,152.06,3.879999999999996,88.0,60.0,1.4169262506832296,148,28.0,32.0,0.19,151.0,
2025-04-08 11:30:29,151.0,66.0,154.0,20.0,32.0,36.0,155.0,18.0,152.5,3.0,102.0,38.0,1.6690715981876056,140,64.0,-8.0,0.46,154.0,2.0
2025-04-08 11:30:30,137.92,106.0,154.27,22.0,26.75,72.0,156.25,32.0,146.09,16.350000000000023,178.0,54.0,2.5867006011279217,232,124.0,92.0,0.53,154.0,2.0
2025-04-08 11:30:38,127.67,12.0,158.12,34.0,123.0,12.0,197.55,38.0,142.89,30.450000000000003,24.0,72.0,3.8609260546994,96,-48.0,8.0,-0.5,154.6,5.0
2025-04-08 11:30:39,146.35,17.0,258.54,26.0,126.5,10.0,181.53,34.0,202.45,112.19000000000004,27.0,60.0,27.871570282276533,87,-33.0,-9.0,-0.38,159.33,6.0
2025-04-08 11:30:40,163.71,76.0,333.0,80.0,136.4,53.0,536.21,19.0,248.36,169.29,129.0,99.0,49.247134637458025,228,30.0,141.0,0.13,164.33,12.0
2025-04-08 11:30:41,166.0,54.0,329.84,45.0,124.83,24.0,383.31,26.0,247.92,163.83999999999995,78.0,71.0,54.13861607023173,149,7.0,-79.0,0.05,164.33,
2025-04-08 11:30:42,167.0,78.0,303.26,27.0,163.0,13.0,328.62,40.0,235.13,136.26,91.0,67.0,44.60542287659635,158,24.0,9.0,0.15,164.33,
2025-04-08 11:30:43,167.0,41.0,230.5,20.0,163.0,12.0,263.35,46.0,198.75,63.5,53.0,66.0,24.287936717638303,119,-13.0,-39.0,-0.11,167.0,5.0
2025-04-08 11:30:44,167.55,11.0,252.32,37.0,165.18,11.0,260.28,39.0,209.93,84.76999999999998,22.0,76.0,22.606739481844905,98,-54.0,-21.0,-0.55,167.0,
2025-04-08 11:30:45,168.0,12.0,248.41,32.0,167.0,12.0,273.39,36.0,208.2,80.41,24.0,68.0,20.61946725790926,92,-44.0,-6.0,-0.48,167.0,
2025-04-08 11:30:46,167.92,13.0,243.27,22.0,166.69,13.0,245.0,21.0,205.6,75.35000000000002,26.0,43.0,13.866343065133584,69,-17.0,-23.0,-0.25,168.0,1.0
2025-04-08 11:30:47,167.0,16.0,238.29,31.0,163.0,16.0,239.14,29.0,202.65,71.28999999999999,32.0,60.0,4.457760648573179,92,-28.0,23.0,-0.3,168.0,
2025-04-08 11:30:48,161.89,27.0,236.39,23.0,155.26,39.0,237.45,22.0,199.14,74.5,66.0,45.0,4.321831787560425,111,21.0,19.0,0.19,161.71,7.0
2025-04-08 11:30:49,158.0,9.0,232.68,19.0,135.33,63.0,233.58,24.0,195.34,74.68,72.0,43.0,5.10354582618428,115,29.0,4.0,0.25,161.71,
2025-04-08 11:30:50,158.0,7.0,229.11,9.0,88.46,13.0,231.0,12.0,193.56,71.11000000000001,20.0,21.0,4.988949789280138,41,-1.0,-74.0,-0.02,161.71,
2025-04-08 11:30:51,159.38,16.0,225.59,17.0,135.17,12.0,226.62,13.0,192.48,66.21000000000001,28.0,30.0,4.208679127701962,58,-2.0,17.0,-0.03,160.0,1.0
2025-04-08 11:30:52,160.19,52.0,222.48,23.0,158.43,28.0,223.9,20.0,191.34,62.28999999999999,80.0,43.0,3.045606671904713,123,37.0,65.0,0.3,160.0,
2025-04-08 11:30:53,165.77,31.0,218.2,15.0,160.39,38.0,219.12,17.0,191.99,52.42999999999998,69.0,32.0,1.5667226940171226,101,37.0,-22.0,0.37,160.0,
2025-04-08 11:30:54,166.0,72.0,215.29,14.0,165.0,9.0,217.23,13.0,190.64,49.28999999999999,81.0,27.0,1.1123488661147771,108,54.0,7.0,0.5,160.0,
2025-04-08 11:30:55,166.0,80.0,212.42,19.0,165.0,10.0,213.17,18.0,189.21,46.41999999999999,90.0,37.0,1.2779553982614045,127,53.0,19.0,0.42,160.0,
2025-04-08 11:30:56,166.0,62.0,207.19,21.0,165.0,10.0,208.4,25.0,186.6,41.19,72.0,46.0,2.141244964954649,118,26.0,-9.0,0.22,166.0,3.0
2025-04-08 11:30:57,166.0,70.0,203.11,19.0,165.0,14.0,205.0,25.0,184.55,37.110000000000014,84.0,44.0,3.017792239360009,128,40.0,10.0,0.31,166.0,
2025-04-08 11:30:58,166.0,40.0,200.62,24.0,165.0,8.0,202.0,8.0,183.31,34.620000000000005,48.0,32.0,3.0747796668930323,80,16.0,-48.0,0.2,166.0,
2025-04-08 11:30:59,166.67,48.0,198.9,20.0,165.82,22.0,200.29,21.0,182.78,32.23000000000002,70.0,41.0,2.6386833837989148,111,29.0,31.0,0.26,166.33,3.0
2025-04-08 11:31:00,167.0,29.0,197.0,12.0,166.0,30.0,198.2,20.0,182.0,30.0,59.0,32.0,1.7966273959656398,91,27.0,-20.0,0.3,167.0,3.0
2025-04-08 11:31:01,166.69,26.0,193.26,39.0,164.56,48.0,194.13,39.0,179.97,26.569999999999997,74.0,78.0,1.701872498142048,152,-4.0,61.0,-0.03,165.11,9.0
2025-04-08 11:31:02,162.78,32.0,189.73,30.0,159.22,68.0,191.55,44.0,176.26,26.94999999999999,100.0,74.0,2.869691621050907,174,26.0,22.0,0.15,165.11,
2025-04-08 11:31:03,163.0,50.0,186.72,39.0,162.0,10.0,187.56,27.0,174.86,23.72,60.0,66.0,3.490169050336566,126,-6.0,-48.0,-0.05,165.11,
2025-04-08 11:31:04,163.92,130.0,182.32,40.0,162.97,62.0,183.13,47.0,173.12,18.40000000000001,192.0,87.0,3.664344416116532,279,105.0,153.0,0.38,165.11,
2025-04-08 11:31:05,164.86,70.0,177.69,29.0,163.0,35.0,178.85,26.0,171.27,12.829999999999984,105.0,55.0,3.305651221759678,160,50.0,-119.0,0.31,165.11,
2025-04-08 11:31:06,165.79,140.0,174.2,49.0,163.0,70.0,175.89,57.0,169.99,8.409999999999997,210.0,106.0,2.554633046039738,316,104.0,156.0,0.33,165.11,
2025-04-08 11:31:07,167.46,123.0,169.77,65.0,162.12,89.0,170.74,62.0,168.62,2.3100000000000023,212.0,127.0,2.4756554687427754,339,85.0,23.0,0.25,168.0,10.0
2025-04-08 11:31:08,162.0,48.0,167.74,27.0,161.0,72.0,209.35,23.0,164.87,5.740000000000009,120.0,50.0,3.1089113850209733,170,70.0,-168.0,0.41,168.0,
2025-04-08 11:31:09,162.0,54.0,165.89,27.0,161.0,67.0,167.0,36.0,163.94,3.8899999999999855,121.0,63.0,3.2005733861154178,184,58.0,14.0,0.32,168.0,
2025-04-08 11:31:10,162.0,21.0,165.0,21.0,161.0,14.0,167.0,28.0,163.5,3.0,35.0,49.0,2.93196691657801,84,-14.0,-100.0,-0.17,162.0,3.0
2025-04-08 11:31:11,161.78,18.0,163.82,40.0,160.25,32.0,197.24,42.0,162.8,2.039999999999992,50.0,82.0,2.2919598600119024,132,-32.0,48.0,-0.24,162.0,3.0
2025-04-08 11:31:12,159.71,28.0,237.77,26.0,158.83,36.0,489.0,14.0,198.74,78.06,64.0,40.0,15.653702437439993,104,24.0,-28.0,0.23,161.0,2.0
2025-04-08 11:31:13,162.0,91.0,455.75,24.0,159.5,48.0,548.17,24.0,308.88,293.75,139.0,48.0,62.99194329436072,187,91.0,83.0,0.49,162.0,5.0
2025-04-08 11:31:15,159.54,26.0,379.83,12.0,158.6,20.0,565.5,12.0,269.69,220.29,46.0,24.0,81.06278696171287,70,22.0,19.0,0.31,162.0,
2025-04-08 11:31:16,160.2,35.0,412.08,24.0,158.77,31.0,578.18,34.0,286.14,251.88,66.0,58.0,59.84491482156261,124,8.0,54.0,0.06,161.67,3.0
2025-04-08 11:31:17,159.0,22.0,313.35,40.0,158.0,28.0,317.14,28.0,236.18,154.35000000000002,50.0,68.0,47.346181155401496,118,-18.0,-6.0,-0.15,159.0,4.0
2025-04-08 11:31:18,159.0,9.0,305.14,28.0,158.0,18.0,310.46,26.0,232.07,146.14,27.0,54.0,52.94325594445503,81,-27.0,-37.0,-0.33,159.0,
2025-04-08 11:31:19,159.0,6.0,248.71,14.0,158.0,12.0,302.64,22.0,203.86,89.71000000000001,18.0,36.0,32.54936205212053,54,-18.0,-27.0,-0.33,159.0,
2025-04-08 11:31:20,165.59,27.0,246.77,26.0,163.29,72.0,247.53,38.0,206.18,81.18,99.0,64.0,33.17839628432942,163,35.0,109.0,0.21,159.0,
2025-04-08 11:31:21,163.01,79.0,239.77,35.0,161.34,82.0,240.24,29.0,201.39,76.76000000000002,161.0,64.0,16.75351395976318,225,97.0,62.0,0.43,165.33,3.0
2025-04-08 11:31:22,162.0,32.0,231.42,12.0,159.0,16.0,233.0,12.0,196.71,69.41999999999999,48.0,24.0,13.883121767094314,72,24.0,-153.0,0.33,162.0,3.0
2025-04-08 11:31:23,162.0,33.0,228.5,28.0,159.14,28.0,229.31,26.0,195.25,66.5,61.0,54.0,4.639835126376485,115,7.0,43.0,0.06,162.0,3.0
2025-04-08 11:31:24,159.68,44.0,222.74,27.0,137.69,65.0,224.48,25.0,191.21,63.06,109.0,52.0,5.779828717181267,161,57.0,46.0,0.35,160.25,4.0
2025-04-08 11:31:25,166.0,15.0,218.95,20.0,162.0,52.0,220.15,20.0,192.47,52.94999999999999,67.0,40.0,3.992477927296419,107,27.0,-54.0,0.25,166.0,1.0
2025-04-08 11:31:26,166.0,7.0,213.71,14.0,162.0,28.0,214.86,14.0,189.86,47.71000000000001,35.0,28.0,2.833778396407472,63,7.0,-44.0,0.11,166.0,
2025-04-08 11:31:27,162.71,62.0,210.67,15.0,161.72,71.0,212.07,28.0,186.69,47.95999999999998,133.0,43.0,3.1661143377873606,176,90.0,113.0,0.51,166.0,1.0
2025-04-08 11:31:28,165.15,39.0,208.17,12.0,162.13,94.0,211.56,18.0,186.66,43.01999999999998,133.0,30.0,2.6344771777223985,163,103.0,-13.0,0.63,166.0,
2025-04-08 11:31:29,167.0,30.0,205.38,16.0,165.0,40.0,206.29,14.0,186.19,38.38,70.0,30.0,2.717025947601296,100,40.0,-63.0,0.4,166.0,
2025-04-08 11:31:30,167.0,24.0,202.07,15.0,165.0,32.0,203.44,9.0,184.53,35.06999999999999,56.0,24.0,1.9312767797331507,80,32.0,-20.0,0.4,166.0,
2025-04-08 11:31:31,165.0,28.0,198.46,26.0,162.0,140.0,199.64,25.0,181.73,33.46000000000001,168.0,51.0,2.110308034371796,219,117.0,139.0,0.53,166.2,5.0
2025-04-08 11:31:32,165.0,6.0,192.67,3.0,162.0,30.0,194.6,5.0,178.83,27.669999999999987,36.0,8.0,3.285790620220936,44,28.0,-168.0,0.64,166.2,
2025-04-08 11:31:33,165.0,20.0,189.29,17.0,162.0,100.0,191.8,10.0,177.15,24.289999999999992,120.0,27.0,3.778502348805564,147,93.0,103.0,0.63,166.2,
2025-04-08 11:31:34,165.0,20.0,187.46,35.0,162.0,100.0,188.11,35.0,176.23,22.460000000000008,120.0,70.0,3.4186956576926173,190,50.0,43.0,0.26,166.2,
2025-04-08 11:31:35,165.0,28.0,182.4,25.0,162.0,140.0,183.54,26.0,173.7,17.400000000000006,168.0,51.0,2.993045271946825,219,117.0,29.0,0.53,166.2,
2025-04-08 11:31:36,165.0,24.0,182.0,24.0,162.0,120.0,183.0,24.0,173.5,17.0,144.0,48.0,2.2833462286567285,192,96.0,-27.0,0.5,166.2,
2025-04-08 11:31:37,163.18,110.0,179.59,44.0,162.15,141.0,180.91,43.0,171.39,16.409999999999997,251.0,87.0,2.3060420637791537,338,164.0,146.0,0.49,165.0,2.0
2025-04-08 11:31:38,163.0,101.0,173.36,44.0,162.0,130.0,175.22,37.0,168.18,10.360000000000014,231.0,81.0,3.008213755688964,312,150.0,-26.0,0.48,165.0,
2025-04-08 11:31:39,163.0,63.0,168.86,29.0,162.0,90.0,170.48,42.0,165.93,5.860000000000014,153.0,71.0,3.4018891810159664,224,82.0,-88.0,0.37,165.0,
2025-04-08 11:31:40,163.0,105.0,165.92,25.0,162.0,150.0,166.53,66.0,164.46,2.9199999999999875,255.0,91.0,3.748222245266545,346,164.0,122.0,0.47,165.0,
2025-04-08 11:31:41,163.32,53.0,165.0,47.0,162.29,84.0,168.0,40.0,164.16,1.6800000000000068,137.0,87.0,3.007146487936444,224,50.0,-122.0,0.22,164.22,9.0
2025-04-08 11:31:42,163.0,28.0,164.43,14.0,162.0,50.0,167.88,16.0,163.71,1.4300000000000068,78.0,30.0,1.8182326583543984,108,48.0,-116.0,0.44,163.0,2.0
2025-04-08 11:31:43,162.0,68.0,170.0,14.0,161.0,7.0,218.0,21.0,166.0,8.0,75.0,35.0,1.0507949371337493,110,40.0,2.0,0.36,162.8,5.0
2025-04-08 11:31:44,162.8,107.0,170.0,24.0,162.37,46.0,214.24,25.0,166.4,7.199999999999989,153.0,49.0,1.183925673303037,202,104.0,92.0,0.51,162.8,
2025-04-08 11:31:45,167.29,42.0,170.0,14.0,166.0,49.0,325.37,19.0,168.64,2.710000000000008,91.0,33.0,1.9698781687980564,124,58.0,-78.0,0.47,162.8,
2025-04-08 11:31:46,167.22,36.0,204.0,16.0,165.05,57.0,317.0,18.0,185.61,36.78,93.0,34.0,8.860303042216621,127,59.0,3.0,0.46,168.0,6.0
2025-04-08 11:31:47,166.0,21.0,309.0,16.0,162.0,72.0,333.0,24.0,237.5,143.0,93.0,40.0,30.541313003863024,133,53.0,6.0,0.4,166.0,5.0
2025-04-08 11:31:48,166.0,14.0,325.0,18.0,162.0,63.0,397.59,17.0,245.5,159.0,77.0,35.0,38.05692184084196,112,42.0,-21.0,0.38,166.0,
2025-04-08 11:31:49,163.0,48.0,345.44,27.0,161.84,64.0,430.04,23.0,254.22,182.44,112.0,50.0,38.5145359572198,162,62.0,50.0,0.38,166.0,2.0
2025-04-08 11:31:50,162.0,72.0,355.3,20.0,161.0,24.0,423.79,19.0,258.65,193.3,96.0,39.0,29.479674862521797,135,57.0,-27.0,0.42,166.0,
2025-04-08 11:31:51,162.0,99.0,291.92,24.0,161.0,24.0,408.93,28.0,226.96,129.92000000000002,123.0,52.0,12.77038292299845,175,71.0,40.0,0.41,166.0,
2025-04-08 11:31:52,162.0,54.0,316.56,18.0,161.0,22.0,458.33,18.0,239.28,154.56,76.0,36.0,12.547016378406894,112,40.0,-63.0,0.36,166.0,
2025-04-08 11:31:53,162.0,99.0,273.9,40.0,161.0,44.0,428.69,26.0,217.95,111.89999999999998,143.0,66.0,17.35702076970595,209,77.0,97.0,0.37,166.0,
2025-04-08 11:31:54,163.79,28.0,212.0,14.0,161.83,46.0,463.43,28.0,187.89,48.21000000000001,74.0,42.0,26.2696141958725,116,32.0,-93.0,0.28,166.0,
2025-04-08 11:31:55,167.0,18.0,191.69,26.0,163.86,42.0,485.57,28.0,179.35,24.69,60.0,54.0,25.6711322305808,114,6.0,-2.0,0.05,166.0,
2025-04-08 11:31:56,167.0,20.0,178.97,37.0,165.0,34.0,273.09,22.0,172.99,11.97,54.0,59.0,28.135588140288608,113,-5.0,-1.0,-0.04,166.0,
2025-04-08 11:31:57,167.0,10.0,178.0,5.0,165.0,10.0,179.0,20.0,172.5,11.0,20.0,25.0,18.841541338222054,45,-5.0,-68.0,-0.11,166.0,
2025-04-08 11:31:58,166.38,26.0,178.0,12.0,164.54,26.0,232.71,42.0,172.19,11.620000000000005,52.0,54.0,6.774576001486617,106,-2.0,61.0,-0.02,165.4,5.0
2025-04-08 11:31:59,163.0,36.0,177.12,17.0,162.0,36.0,278.95,21.0,170.06,14.120000000000005,72.0,38.0,3.499952856813039,110,34.0,4.0,0.31,165.4,
2025-04-08 11:32:00,163.0,44.0,175.85,41.0,162.0,52.0,176.38,37.0,169.43,12.849999999999994,96.0,78.0,1.5837392461864068,174,18.0,64.0,0.1,163.0,2.0
2025-04-08 11:32:01,161.88,48.0,172.89,66.0,160.72,72.0,174.56,45.0,167.38,11.009999999999993,120.0,111.0,2.106672732037321,231,9.0,57.0,0.04,162.33,6.0
2025-04-08 11:32:02,161.0,48.0,168.92,24.0,159.0,60.0,170.34,29.0,164.96,7.9199999999999875,108.0,53.0,2.749478132283936,161,55.0,-70.0,0.34,162.33,
2025-04-08 11:32:03,161.56,45.0,164.1,10.0,159.72,39.0,168.0,10.0,162.83,2.539999999999992,84.0,20.0,3.0389257970383285,104,64.0,-57.0,0.62,162.33,
2025-04-08 11:32:04,162.0,63.0,165.57,42.0,161.0,30.0,166.55,44.0,163.79,3.569999999999993,93.0,86.0,2.7002536917673896,179,7.0,75.0,0.04,162.0,2.0
2025-04-08 11:32:05,162.0,36.0,185.23,53.0,161.0,24.0,180.76,51.0,173.61,23.22999999999999,60.0,104.0,4.315962233373284,164,-44.0,-15.0,-0.27,164.56,9.0
2025-04-08 11:32:06,161.53,17.0,323.45,11.0,159.77,26.0,339.96,25.0,242.49,161.92,43.0,36.0,34.34315914414285,79,7.0,-85.0,0.09,161.33,6.0
2025-04-08 11:32:07,159.27,22.0,261.93,28.0,158.67,36.0,282.57,35.0,210.6,102.66,58.0,63.0,34.8968505742271,121,-5.0,42.0,-0.04,159.25,4.0
2025-04-08 11:32:08,160.2,30.0,242.0,12.0,135.35,26.0,250.15,26.0,201.1,81.80000000000001,56.0,38.0,31.274672979904103,94,18.0,-27.0,0.19,159.25,
2025-04-08 11:32:09,163.0,32.0,240.38,8.0,159.0,16.0,314.46,26.0,201.69,77.38,48.0,34.0,24.72006411803888,82,14.0,-12.0,0.17,159.25,
2025-04-08 11:32:10,163.0,56.0,236.88,25.0,159.0,28.0,253.56,18.0,199.94,73.88,84.0,43.0,18.018430286791368,127,41.0,45.0,0.32,159.25,
2025-04-08 11:32:11,163.48,21.0,234.56,18.0,161.86,28.0,238.0,9.0,199.02,71.08000000000001,49.0,27.0,4.660622276043076,76,22.0,-51.0,0.29,159.25,
2025-04-08 11:32:12,165.0,10.0,232.12,16.0,163.0,40.0,233.07,14.0,198.56,67.12,50.0,30.0,1.330834324754932,80,20.0,4.0,0.25,159.25,
2025-04-08 11:32:13,165.0,7.0,230.0,14.0,163.0,28.0,231.0,7.0,197.5,65.0,35.0,21.0,1.5794682649376106,56,14.0,-24.0,0.25,159.25,
2025-04-08 11:32:14,164.25,16.0,227.26,23.0,162.45,88.0,228.76,25.0,195.76,63.00999999999999,104.0,48.0,1.601836446065437,152,56.0,96.0,0.37,163.5,4.0
2025-04-08 11:32:15,165.52,25.0,224.38,13.0,162.18,39.0,225.5,20.0,194.95,58.85999999999999,64.0,33.0,1.759210049977625,97,31.0,-55.0,0.32,163.5,
2025-04-08 11:32:16,166.0,36.0,221.25,16.0,163.0,12.0,222.0,16.0,193.62,55.25,48.0,32.0,1.9746949131298317,80,16.0,-17.0,0.2,163.5,
2025-04-08 11:32:17,165.25,24.0,218.58,12.0,162.09,69.0,219.83,12.0,191.92,53.33000000000001,93.0,24.0,2.115915877330444,117,69.0,37.0,0.59,163.5,
2025-04-08 11:32:18,162.07,68.0,217.93,14.0,161.53,76.0,219.0,14.0,190.0,55.860000000000014,144.0,28.0,2.326929307034708,172,116.0,55.0,0.67,162.5,2.0
2025-04-08 11:32:19,162.0,98.0,206.75,32.0,161.0,56.0,213.96,25.0,184.38,44.75,154.0,57.0,4.12717578980275,211,97.0,39.0,0.46,162.5,
2025-04-08 11:32:20,164.13,60.0,207.17,18.0,161.78,72.0,209.2,15.0,185.65,43.03999999999999,132.0,33.0,3.980349230900648,165,99.0,-46.0,0.6,162.5,
2025-04-08 11:32:21,166.32,38.0,202.83,12.0,163.16,69.0,204.55,20.0,184.57,36.51000000000002,107.0,32.0,3.4400624994218982,139,75.0,-26.0,0.54,166.8,5.0
2025-04-08 11:32:22,166.0,48.0,196.0,19.0,161.37,76.0,197.35,20.0,181.0,30.0,124.0,39.0,3.237275088701266,163,85.0,24.0,0.52,166.8,
2025-04-08 11:32:23,166.0,36.0,183.93,15.0,161.0,48.0,188.82,17.0,174.97,17.930000000000007,84.0,32.0,4.357399453793691,116,52.0,-47.0,0.45,166.8,
2025-04-08 11:32:24,166.17,29.0,175.53,15.0,162.6,47.0,176.8,15.0,170.85,9.360000000000014,76.0,30.0,6.345834854447271,106,46.0,-10.0,0.43,166.8,
2025-04-08 11:32:25,166.29,17.0,175.14,29.0,165.48,31.0,190.27,15.0,170.72,8.849999999999994,48.0,44.0,6.184987469665052,92,4.0,-14.0,0.04,167.0,1.0
2025-04-08 11:32:26,166.33,45.0,173.27,55.0,165.18,49.0,174.33,51.0,169.8,6.939999999999998,94.0,106.0,4.659578307090638,200,-12.0,108.0,-0.06,167.0,
2025-04-08 11:32:27,167.91,55.0,171.49,51.0,166.0,33.0,172.57,51.0,169.7,3.5800000000000125,88.0,102.0,2.166534098486917,190,-14.0,-10.0,-0.07,167.0,
2025-04-08 11:32:28,167.29,34.0,169.58,26.0,165.6,40.0,171.09,58.0,168.44,2.2900000000000205,74.0,84.0,0.969082039821545,158,-10.0,-32.0,-0.06,168.0,5.0
2025-04-08 11:32:29,165.62,32.0,167.14,21.0,164.5,48.0,172.78,58.0,166.38,1.5199999999999818,80.0,79.0,1.6782490875622298,159,1.0,1.0,0.01,165.5,4.0
2025-04-08 11:32:30,163.11,35.0,191.42,31.0,161.13,47.0,249.71,17.0,177.27,28.30999999999997,82.0,48.0,4.123568842629564,130,34.0,-29.0,0.26,165.0,2.0
2025-04-08 11:32:31,162.28,25.0,194.11,27.0,160.89,27.0,195.25,24.0,178.2,31.830000000000013,52.0,51.0,5.379611510128552,103,1.0,-27.0,0.01,162.5,4.0
2025-04-08 11:32:32,159.5,24.0,192.0,24.0,132.89,9.0,193.0,24.0,175.75,32.5,33.0,48.0,5.413803653616305,81,-15.0,-22.0,-0.19,160.75,4.0
2025-04-08 11:32:33,159.0,45.0,187.67,45.0,153.24,87.0,189.4,45.0,173.33,28.669999999999987,132.0,90.0,4.736446980586879,222,42.0,141.0,0.19,160.75,
2025-04-08 11:32:34,159.95,20.0,181.47,45.0,158.41,78.0,182.8,45.0,170.71,21.52000000000001,98.0,90.0,3.0469197560670502,188,8.0,-34.0,0.04,159.0,1.0
2025-04-08 11:32:35,161.0,8.0,178.5,24.0,160.0,48.0,179.5,24.0,169.75,17.5,56.0,48.0,3.5005885219359523,104,8.0,-84.0,0.08,159.0,
2025-04-08 11:32:36,158.05,123.0,177.38,39.0,109.76,68.0,178.62,39.0,167.72,19.329999999999984,191.0,78.0,3.137470318569898,269,113.0,165.0,0.42,159.0,5.0
2025-04-08 11:32:37,158.0,77.0,175.71,21.0,131.74,38.0,177.43,21.0,166.86,17.710000000000008,115.0,42.0,2.5584233425891085,157,73.0,-112.0,0.46,159.0,
2025-04-08 11:32:38,158.0,154.0,173.57,42.0,128.86,78.0,175.14,42.0,165.79,15.569999999999991,232.0,84.0,2.032911704895935,316,148.0,159.0,0.47,159.0,
2025-04-08 11:32:39,159.15,52.0,173.0,21.0,139.67,75.0,175.0,21.0,166.08,13.849999999999994,127.0,42.0,1.5908331150380517,169,85.0,-147.0,0.5,159.0,
2025-04-08 11:32:40,158.02,90.0,172.33,27.0,111.33,51.0,173.89,27.0,165.18,14.310000000000002,141.0,54.0,0.9860933018231292,195,87.0,26.0,0.45,159.0,
2025-04-08 11:32:41,158.0,144.0,161.93,42.0,102.68,31.0,168.5,42.0,159.96,3.930000000000007,175.0,84.0,2.7581116728476207,259,91.0,64.0,0.35,158.6,5.0
2025-04-08 11:32:42,158.0,108.0,160.5,36.0,101.0,60.0,231.19,31.0,159.25,2.5,168.0,67.0,3.354455246369549,235,101.0,-24.0,0.43,159.0,3.0
2025-04-08 11:32:43,158.0,81.0,161.0,27.0,119.75,48.0,297.48,29.0,159.5,3.0,129.0,56.0,3.3441261937753537,185,73.0,-50.0,0.39,159.0,
2025-04-08 11:32:44,158.0,54.0,161.0,18.0,151.0,36.0,396.0,24.0,159.5,3.0,90.0,42.0,2.529727258004809,132,48.0,-53.0,0.36,159.0,
2025-04-08 11:32:45,158.0,81.0,161.0,27.0,151.0,54.0,347.42,38.0,159.5,3.0,135.0,65.0,0.2575266974332391,200,70.0,68.0,0.35,159.0,
2025-04-08 11:32:46,158.0,81.0,160.75,24.0,151.0,54.0,240.37,38.0,159.38,2.75,135.0,62.0,0.1112654478744299,197,73.0,-3.0,0.37,159.0,
2025-04-08 11:32:47,158.0,124.0,159.69,26.0,152.79,84.0,160.9,40.0,158.85,1.6899999999999975,208.0,66.0,0.2820992731124746,274,142.0,77.0,0.52,158.6,5.0
2025-04-08 11:32:48,158.0,54.0,159.15,13.0,153.09,68.0,170.34,38.0,158.58,1.1500000000000057,122.0,51.0,0.4219241636720076,173,71.0,-101.0,0.41,158.6,5.0
2025-04-08 11:32:49,158.0,40.0,160.0,20.0,154.0,60.0,254.91,44.0,159.0,2.0,100.0,64.0,0.3788403356167124,164,36.0,-9.0,0.22,158.6,
2025-04-08 11:32:50,158.0,46.0,235.39,41.0,154.0,84.0,269.24,29.0,196.7,77.38999999999999,130.0,70.0,16.883670217103283,200,60.0,36.0,0.3,159.4,5.0
2025-04-08 11:32:51,161.46,13.0,379.87,23.0,152.16,37.0,445.14,35.0,270.67,218.41,50.0,58.0,48.63997789884297,108,-8.0,-92.0,-0.07,159.4,
2025-04-08 11:32:52,163.0,7.0,203.13,23.0,160.0,7.0,419.56,16.0,183.07,40.13,14.0,39.0,46.05387095565301,53,-25.0,-55.0,-0.47,159.4,
2025-04-08 11:32:53,159.0,86.0,200.7,23.0,158.0,42.0,403.25,16.0,179.85,41.69999999999999,128.0,39.0,42.88311287674843,167,89.0,114.0,0.53,159.56,9.0
2025-04-08 11:32:56,162.26,19.0,253.44,25.0,159.29,35.0,186.94,16.0,207.85,91.18,54.0,41.0,102.31370484935066,95,13.0,60.0,0.14,159.56,
2025-04-08 11:32:57,164.14,21.0,178.73,44.0,159.52,23.0,361.0,19.0,171.44,14.590000000000003,44.0,63.0,104.61804734365882,107,-19.0,12.0,-0.18,165.0,5.0
2025-04-08 11:32:58,163.0,9.0,178.0,36.0,158.0,36.0,365.14,42.0,170.5,15.0,45.0,78.0,106.43406893471672,123,-33.0,16.0,-0.27,165.0,
2025-04-08 11:32:59,163.0,6.0,177.0,24.0,158.0,24.0,531.67,24.0,170.0,14.0,30.0,48.0,105.46315622054934,78,-18.0,-45.0,-0.23,165.0,
2025-04-08 11:33:00,160.9,21.0,175.78,36.0,156.08,26.0,689.0,40.0,168.34,14.879999999999995,47.0,76.0,16.933120799188895,123,-29.0,45.0,-0.24,161.0,5.0
2025-04-08 11:33:01,158.82,11.0,163.4,20.0,151.75,8.0,283.4,20.0,161.11,4.5800000000000125,19.0,40.0,4.1618769803912485,59,-21.0,-64.0,-0.36,158.75,4.0
2025-04-08 11:33:02,158.0,3.0,161.0,8.0,154.0,3.0,173.0,12.0,159.5,3.0,6.0,20.0,5.1919938366592255,26,-14.0,-33.0,-0.54,161.0,2.0
2025-04-08 11:33:03,158.69,13.0,160.27,22.0,137.0,7.0,317.52,23.0,159.48,1.5800000000000125,20.0,45.0,5.083677802526875,65,-25.0,39.0,-0.38,159.0,3.0
2025-04-08 11:33:04,120.73,11.0,160.44,9.0,35.67,6.0,281.2,20.0,140.59,39.71,17.0,29.0,10.294951675452223,46,-12.0,-19.0,-0.26,158.0,1.0
2025-04-08 11:33:09,131.57,7.0,155.18,17.0,0.0,0.0,261.88,16.0,143.37,23.610000000000014,7.0,33.0,6.545033995317577,40,-26.0,-14.0,-0.65,153.14,7.0
2025-04-08 11:33:10,159.0,4.0,162.08,13.0,0.0,0.0,180.58,12.0,160.54,3.0800000000000125,4.0,25.0,13.930616282127325,29,-21.0,-11.0,-0.72,153.14,
2025-04-08 11:33:11,159.0,9.0,160.17,12.0,0.0,0.0,162.67,6.0,159.58,1.1699999999999875,9.0,18.0,14.612213384695696,27,-9.0,-2.0,-0.33,159.0,5.0
2025-04-08 11:33:12,160.0,17.0,162.5,4.0,159.0,3.0,194.43,7.0,161.25,2.5,20.0,11.0,13.273049009172244,31,9.0,4.0,0.29,160.0,1.0
2025-04-08 11:33:13,160.0,20.0,162.25,8.0,159.0,4.0,164.0,8.0,161.12,2.25,24.0,16.0,7.743608332030771,40,8.0,9.0,0.2,160.0,
2025-04-08 11:33:14,160.0,30.0,161.43,7.0,159.0,6.0,193.12,24.0,160.71,1.4300000000000068,36.0,31.0,0.659734795126891,67,5.0,27.0,0.07,162.0,1.0
2025-04-08 11:33:15,160.0,10.0,161.0,2.0,159.0,2.0,168.0,10.0,160.5,1.0,12.0,12.0,0.6614907406011886,24,0.0,-43.0,0.0,162.0,
2025-04-08 11:33:16,159.35,17.0,167.48,27.0,157.24,34.0,315.72,25.0,163.42,8.129999999999995,51.0,52.0,1.169123603346618,103,-1.0,79.0,-0.01,158.67,6.0
2025-04-08 11:33:17,162.2,5.0,168.0,10.0,156.44,9.0,335.0,6.0,165.1,5.800000000000011,14.0,16.0,2.0106217943470317,30,-2.0,-73.0,-0.07,158.67,
2025-04-08 11:33:18,157.59,17.0,168.0,15.0,158.0,2.0,335.0,9.0,162.79,10.409999999999997,19.0,24.0,1.9296709563818812,43,-5.0,13.0,-0.12,162.2,5.0
2025-04-08 11:33:19,156.0,56.0,168.0,40.0,0.0,0.0,339.62,16.0,162.0,12.0,56.0,56.0,1.70273896998458,112,0.0,69.0,0.0,162.2,
2025-04-08 11:33:20,157.91,46.0,167.14,35.0,156.77,31.0,168.62,29.0,162.53,9.22999999999999,77.0,64.0,1.1948096082241386,141,13.0,29.0,0.09,162.2,
2025-04-08 11:33:21,160.51,35.0,166.0,35.0,158.35,34.0,167.86,35.0,163.26,5.490000000000009,69.0,70.0,1.1884990533882118,139,-1.0,-2.0,-0.01,162.2,
2025-04-08 11:33:22,162.23,35.0,166.0,55.0,159.3,40.0,167.0,55.0,164.11,3.77000000000001,75.0,110.0,0.7977280237677596,185,-35.0,46.0,-0.19,162.0,3.0
2025-04-08 11:33:23,163.73,30.0,165.56,36.0,160.67,21.0,228.62,24.0,164.64,1.8300000000000125,51.0,60.0,1.0881038552936426,111,-9.0,-74.0,-0.08,165.0,4.0
2025-04-08 11:33:24,159.56,45.0,164.83,12.0,156.44,66.0,214.0,12.0,162.19,5.27000000000001,111.0,24.0,1.0329230367771562,135,87.0,24.0,0.64,160.0,4.0
2025-04-08 11:33:25,159.0,45.0,164.0,9.0,151.04,52.0,168.0,9.0,161.5,5.0,97.0,18.0,1.3035911935513649,115,79.0,-20.0,0.69,160.0,
2025-04-08 11:33:26,159.0,35.0,164.0,7.0,157.33,9.0,168.0,7.0,161.5,5.0,44.0,14.0,1.4877062881846683,58,30.0,-57.0,0.52,160.0,
2025-04-08 11:33:27,159.22,45.0,163.11,9.0,158.0,27.0,168.0,21.0,161.17,3.890000000000015,72.0,30.0,1.413736184690556,102,42.0,44.0,0.41,160.0,
2025-04-08 11:33:28,158.0,30.0,167.1,10.0,157.0,10.0,222.32,25.0,162.55,9.099999999999994,40.0,35.0,0.5678644203530072,75,5.0,-27.0,0.07,160.5,6.0
2025-04-08 11:33:29,159.03,111.0,247.84,32.0,158.44,64.0,324.33,36.0,203.44,88.81,175.0,68.0,18.682879060784877,243,107.0,168.0,0.44,166.0,1.0
2025-04-08 11:33:30,160.71,7.0,261.0,21.0,159.0,84.0,437.06,17.0,210.86,100.29,91.0,38.0,25.015237956092424,129,53.0,-114.0,0.41,166.0,
2025-04-08 11:33:31,164.97,73.0,252.29,58.0,158.92,146.0,298.06,49.0,208.63,87.32,219.0,107.0,25.22536917470067,326,112.0,168.0,0.34,161.25,4.0
2025-04-08 11:33:32,166.0,28.0,240.92,26.0,159.0,70.0,241.78,23.0,203.46,74.91999999999999,98.0,49.0,19.964089510918075,147,49.0,-168.0,0.33,161.25,
2025-04-08 11:33:33,166.0,24.0,232.6,25.0,159.0,120.0,240.67,54.0,199.3,66.6,144.0,79.0,4.602077791602243,223,65.0,76.0,0.29,166.0,3.0
2025-04-08 11:33:34,159.25,56.0,223.13,31.0,156.91,66.0,235.5,28.0,191.19,63.88,122.0,59.0,7.848048802088042,181,63.0,-42.0,0.35,160.4,5.0
2025-04-08 11:33:35,159.0,72.0,231.57,37.0,156.0,84.0,232.25,55.0,195.28,72.57,156.0,92.0,6.817570681698258,248,64.0,67.0,0.26,159.0,4.0
2025-04-08 11:33:36,158.22,45.0,229.78,23.0,156.88,64.0,231.91,47.0,194.0,71.56,109.0,70.0,4.798685236598479,179,39.0,-69.0,0.22,159.0,2.0
2025-04-08 11:33:37,158.16,43.0,227.14,14.0,156.33,43.0,229.0,35.0,192.65,68.97999999999999,86.0,49.0,3.0933687138693418,135,37.0,-44.0,0.27,159.0,
2025-04-08 11:33:38,165.0,7.0,227.0,14.0,158.0,49.0,229.0,35.0,196.0,62.0,56.0,49.0,1.9494948063395523,105,7.0,-30.0,0.07,159.0,
2025-04-08 11:33:39,165.0,11.0,193.47,38.0,158.0,77.0,211.63,27.0,179.24,28.47,88.0,65.0,6.935357236649186,153,23.0,48.0,0.15,159.0,
2025-04-08 11:33:40,165.0,14.0,172.82,34.0,158.0,98.0,174.21,28.0,168.91,7.819999999999993,112.0,62.0,11.681825627868983,174,50.0,21.0,0.29,159.0,
2025-04-08 11:33:41,165.0,9.0,168.33,45.0,161.0,45.0,172.0,18.0,166.67,3.3300000000000125,54.0,63.0,13.368516372430074,117,-9.0,-57.0,-0.08,159.0,
2025-04-08 11:33:42,162.11,37.0,166.48,42.0,159.09,77.0,167.63,63.0,164.29,4.369999999999976,114.0,105.0,13.039902990433824,219,9.0,102.0,0.04,161.8,5.0
2025-04-08 11:33:43,162.0,125.0,163.65,57.0,159.35,51.0,184.66,62.0,162.82,1.6500000000000057,176.0,119.0,6.495885620907887,295,57.0,76.0,0.19,162.5,8.0
2025-04-08 11:33:44,162.0,31.0,187.5,42.0,159.07,29.0,260.11,45.0,174.75,25.5,60.0,87.0,4.675609051227109,147,-27.0,-148.0,-0.18,163.0,2.0
2025-04-08 11:33:45,167.0,16.0,170.0,32.0,162.0,11.0,171.0,32.0,168.5,3.0,27.0,64.0,4.647949010038382,91,-37.0,-56.0,-0.41,163.0,
2025-04-08 11:33:46,162.0,12.0,170.0,44.0,159.86,28.0,280.0,22.0,166.0,8.0,40.0,66.0,4.683990819794229,106,-26.0,15.0,-0.25,163.6,5.0
2025-04-08 11:33:47,161.0,4.0,170.0,16.0,160.0,12.0,342.5,8.0,165.5,9.0,16.0,24.0,4.519787605620077,40,-8.0,-66.0,-0.2,163.6,
2025-04-08 11:33:48,165.0,30.0,167.7,40.0,160.03,31.0,188.95,38.0,166.35,2.6999999999999886,61.0,78.0,3.825669875971748,139,-17.0,99.0,-0.12,163.6,
2025-04-08 11:33:49,166.0,28.0,168.25,48.0,160.17,48.0,237.59,29.0,167.12,2.25,76.0,77.0,1.1692647261915767,153,-1.0,14.0,-0.01,166.0,4.0
2025-04-08 11:33:50,165.62,26.0,168.0,52.0,160.98,43.0,226.86,35.0,166.81,2.3799999999999955,69.0,87.0,0.6421292704085885,156,-18.0,3.0,-0.12,166.0,2.0
2025-04-08 11:33:51,161.0,10.0,168.0,20.0,160.0,5.0,240.0,25.0,164.5,7.0,15.0,45.0,1.0626993930153132,60,-30.0,-96.0,-0.5,166.0,
2025-04-08 11:33:52,161.0,16.0,168.0,24.0,160.0,6.0,304.5,30.0,164.5,7.0,22.0,54.0,1.2678051900488845,76,-32.0,16.0,-0.42,166.0,
2025-04-08 11:33:53,163.14,49.0,168.0,40.0,160.82,22.0,249.0,50.0,165.57,4.860000000000014,71.0,90.0,1.2394958652269514,161,-19.0,85.0,-0.12,164.0,1.0
2025-04-08 11:33:54,160.73,30.0,167.48,21.0,159.93,55.0,168.88,51.0,164.1,6.75,85.0,72.0,1.1028281824082984,157,13.0,-4.0,0.08,160.67,3.0
2025-04-08 11:33:55,160.0,72.0,165.0,9.0,159.0,36.0,168.0,36.0,162.5,5.0,108.0,45.0,1.112555616548203,153,63.0,-4.0,0.41,160.67,
2025-04-08 11:33:56,160.0,48.0,164.33,6.0,159.0,24.0,168.0,24.0,162.17,4.3300000000000125,72.0,30.0,1.4190384067784774,102,42.0,-51.0,0.41,160.67,
2025-04-08 11:33:57,160.0,112.0,166.94,52.0,159.0,60.0,263.14,70.0,163.47,6.939999999999998,172.0,122.0,1.359731591128247,294,50.0,168.0,0.17,160.5,2.0
2025-04-08 11:33:58,160.89,54.0,166.77,26.0,159.57,49.0,253.36,44.0,163.83,5.880000000000024,103.0,70.0,0.8410885803004088,173,33.0,-121.0,0.19,162.0,1.0
2025-04-08 11:33:59,160.09,129.0,164.59,17.0,158.43,92.0,166.38,32.0,162.34,4.5,221.0,49.0,0.7397769933644378,270,172.0,97.0,0.64,159.0,6.0
2025-04-08 11:34:00,159.0,48.0,161.25,12.0,158.0,96.0,163.0,12.0,160.12,2.25,144.0,24.0,1.4529039885383828,168,120.0,-102.0,0.71,159.0,1.0
2025-04-08 11:34:01,159.42,52.0,167.31,35.0,157.86,42.0,271.71,28.0,163.37,7.890000000000015,94.0,63.0,1.5064295535839136,157,31.0,-11.0,0.2,162.0,6.0
2025-04-08 11:34:02,158.56,32.0,168.0,24.0,157.4,20.0,247.52,27.0,163.28,9.439999999999998,52.0,51.0,1.4820155194568605,103,1.0,-54.0,0.01,161.0,3.0
2025-04-08 11:34:03,158.0,72.0,165.63,59.0,155.0,12.0,173.82,49.0,161.81,7.6299999999999955,84.0,108.0,1.3259072365405056,192,-24.0,89.0,-0.12,161.0,
2025-04-08 11:34:04,158.09,45.0,164.0,50.0,156.17,46.0,167.0,40.0,161.04,5.909999999999997,91.0,90.0,1.4123137044970429,181,1.0,-11.0,0.01,161.0,
2025-04-08 11:34:05,160.88,8.0,164.0,36.0,158.09,46.0,166.0,32.0,162.44,3.1200000000000045,54.0,68.0,0.989176425068222,122,-14.0,-59.0,-0.11,164.0,2.0
2025-04-08 11:34:06,159.71,21.0,164.28,25.0,158.45,44.0,188.3,37.0,162.0,4.569999999999993,65.0,62.0,0.8253362950400257,127,3.0,5.0,0.02,162.0,1.0
2025-04-08 11:34:07,159.0,56.0,164.32,37.0,158.0,84.0,208.36,59.0,161.66,5.319999999999993,140.0,96.0,0.5114684740137797,236,44.0,109.0,0.19,161.0,2.0
2025-04-08 11:34:08,160.24,67.0,166.0,65.0,158.89,54.0,167.0,52.0,163.12,5.759999999999991,121.0,117.0,0.7860788763923944,238,4.0,2.0,0.02,160.0,3.0
2025-04-08 11:34:09,161.0,44.0,166.78,46.0,159.0,44.0,331.09,33.0,163.89,5.780000000000001,88.0,79.0,0.8946060585034378,167,9.0,-71.0,0.05,166.0,5.0
2025-04-08 11:34:10,162.0,90.0,167.0,40.0,161.0,40.0,430.89,18.0,164.5,5.0,130.0,58.0,1.2089582291839522,188,72.0,21.0,0.38,166.0,
2025-04-08 11:34:11,162.0,45.0,167.0,20.0,161.0,20.0,297.4,25.0,164.5,5.0,65.0,45.0,1.1912514427744691,110,20.0,-78.0,0.18,166.0,
2025-04-08 11:34:12,162.28,75.0,166.5,24.0,161.53,51.0,293.92,39.0,164.39,4.219999999999999,126.0,63.0,0.5930008430963334,189,63.0,79.0,0.33,166.0,
2025-04-08 11:34:13,162.0,73.0,165.22,18.0,161.0,36.0,168.33,36.0,163.61,3.219999999999999,109.0,54.0,0.4055490104945294,163,55.0,-26.0,0.34,162.0,1.0
2025-04-08 11:34:14,162.0,72.0,169.0,36.0,161.0,36.0,299.34,41.0,165.5,7.0,108.0,77.0,0.6716025609789597,185,31.0,22.0,0.17,165.0,2.0
2025-04-08 11:34:15,165.06,103.0,225.18,39.0,161.74,76.0,338.36,28.0,195.12,60.120000000000005,179.0,67.0,13.710139678351972,246,112.0,61.0,0.46,165.0,
2025-04-08 11:34:16,167.0,89.0,192.63,35.0,162.0,88.0,324.11,27.0,179.81,25.629999999999995,177.0,62.0,13.710139678352109,239,115.0,-7.0,0.48,167.0,4.0
2025-04-08 11:34:17,167.0,30.0,171.0,18.0,162.0,48.0,550.67,18.0,169.0,4.0,78.0,36.0,13.068705750759172,114,42.0,-125.0,0.37,167.0,
2025-04-08 11:34:18,167.0,15.0,171.0,9.0,162.0,24.0,408.86,7.0,169.0,4.0,39.0,16.0,12.12278350874613,55,23.0,-59.0,0.42,167.0,
2025-04-08 11:34:19,167.0,30.0,171.0,18.0,162.0,48.0,354.57,14.0,169.0,4.0,78.0,32.0,11.47111066984919,110,46.0,55.0,0.42,167.0,
2025-04-08 11:34:20,164.42,62.0,171.0,30.0,161.75,64.0,183.0,10.0,167.71,6.5800000000000125,126.0,40.0,5.009843310915228,166,86.0,56.0,0.52,167.0,5.0
2025-04-08 11:34:21,162.0,64.0,171.0,30.0,161.0,40.0,308.0,10.0,166.5,9.0,104.0,40.0,1.1226397462762443,144,64.0,-22.0,0.44,162.0,6.0
2025-04-08 11:34:22,162.0,20.0,171.0,30.0,161.0,40.0,272.0,10.0,166.5,9.0,60.0,40.0,1.2501279934145295,100,20.0,-44.0,0.2,162.0,
2025-04-08 11:34:23,162.0,18.0,171.0,27.0,161.0,36.0,310.93,15.0,166.5,9.0,54.0,42.0,1.1136965475020948,96,12.0,-4.0,0.12,161.67,3.0
2025-04-08 11:34:24,160.65,23.0,169.72,43.0,159.25,60.0,195.86,28.0,165.19,9.069999999999991,83.0,71.0,0.8913753417709319,154,12.0,58.0,0.08,160.75,4.0
2025-04-08 11:34:25,160.0,14.0,169.0,35.0,159.0,42.0,171.0,21.0,164.5,9.0,56.0,56.0,0.9387331888862432,112,0.0,-42.0,0.0,160.75,
2025-04-08 11:34:26,159.15,52.0,168.1,50.0,158.67,12.0,169.8,30.0,163.63,8.949999999999989,64.0,80.0,1.256435434041839,144,-16.0,32.0,-0.11,160.5,4.0
2025-04-08 11:34:27,159.0,74.0,167.31,65.0,158.0,13.0,169.0,39.0,163.15,8.310000000000002,87.0,104.0,1.323944862868224,191,-17.0,47.0,-0.09,159.0,1.0
2025-04-08 11:34:28,158.9,77.0,165.66,29.0,157.91,23.0,167.71,51.0,162.28,6.759999999999991,100.0,80.0,1.1370356194571287,180,20.0,-11.0,0.11,163.67,6.0
2025-04-08 11:34:29,158.0,48.0,165.0,12.0,157.0,12.0,167.0,36.0,161.5,7.0,60.0,48.0,1.1658773520029788,108,12.0,-72.0,0.11,163.67,
2025-04-08 11:34:30,158.0,36.0,164.78,9.0,157.0,9.0,167.0,27.0,161.39,6.780000000000001,45.0,36.0,0.9898737292770386,81,9.0,-27.0,0.11,163.67,
2025-04-08 11:34:31,158.0,56.0,163.79,14.0,157.0,14.0,166.79,42.0,160.89,5.789999999999992,70.0,56.0,0.8846298660526168,126,14.0,45.0,0.11,163.67,
2025-04-08 11:34:32,158.0,36.0,162.8,5.0,157.0,5.0,205.46,13.0,160.4,4.800000000000011,41.0,18.0,0.7046772310155108,59,23.0,-67.0,0.39,163.33,3.0
2025-04-08 11:34:33,158.0,32.0,253.83,12.0,157.0,8.0,709.67,15.0,205.92,95.83,40.0,27.0,20.073481262599184,67,13.0,8.0,0.19,163.33,
2025-04-08 11:34:34,158.0,36.0,189.75,16.0,157.0,9.0,439.5,12.0,173.88,31.75,45.0,28.0,19.51560221976056,73,17.0,6.0,0.23,164.0,2.0
2025-04-08 11:34:35,165.0,18.0,240.17,30.0,158.0,40.0,285.62,29.0,202.58,75.16999999999999,58.0,59.0,22.16875909923539,117,-1.0,44.0,-0.01,164.0,
2025-04-08 11:34:36,165.0,16.0,229.0,36.0,158.75,48.0,295.82,33.0,197.0,64.0,64.0,69.0,19.848347034449475,133,-5.0,16.0,-0.04,165.0,1.0
2025-04-08 11:34:37,158.68,41.0,181.67,30.0,159.91,22.0,231.25,32.0,170.17,22.98999999999998,63.0,62.0,16.686413635048773,125,1.0,-8.0,0.01,161.8,5.0
2025-04-08 11:34:38,158.0,108.0,172.67,36.0,156.86,36.0,173.59,29.0,165.33,14.669999999999987,144.0,65.0,16.823289511862225,209,79.0,84.0,0.38,161.8,
2025-04-08 11:34:39,159.52,29.0,168.36,39.0,158.57,69.0,169.35,52.0,163.94,8.840000000000003,98.0,91.0,18.496119322710147,189,7.0,-20.0,0.04,161.8,
2025-04-08 11:34:40,161.06,16.0,163.86,51.0,158.86,64.0,164.55,31.0,162.46,2.800000000000012,80.0,82.0,14.392454620387843,162,-2.0,-27.0,-0.01,162.0,1.0
2025-04-08 11:34:41,159.0,41.0,162.88,41.0,158.0,78.0,163.92,49.0,160.94,3.879999999999996,119.0,90.0,3.5342424930833984,209,29.0,47.0,0.14,159.0,1.0
2025-04-08 11:34:42,159.0,40.0,161.09,46.0,158.0,60.0,162.09,44.0,160.04,2.0900000000000034,100.0,90.0,2.154093776954573,190,10.0,-19.0,0.05,159.0,
2025-04-08 11:34:43,158.04,25.0,159.56,36.0,157.2,30.0,161.0,45.0,158.8,1.5200000000000102,55.0,81.0,2.0163035485544127,136,-26.0,-54.0,-0.19,158.57,7.0
2025-04-08 11:34:44,157.43,42.0,158.65,20.0,131.65,40.0,196.81,48.0,158.04,1.2199999999999989,82.0,68.0,1.7466195922157743,150,14.0,14.0,0.09,158.38,8.0
2025-04-08 11:34:45,163.4,30.0,224.2,40.0,147.77,31.0,366.81,37.0,193.8,60.79999999999998,61.0,77.0,15.40001558440504,138,-16.0,-12.0,-0.12,161.5,2.0
2025-04-08 11:34:46,160.97,29.0,207.69,39.0,153.67,18.0,315.87,31.0,184.33,46.72,47.0,70.0,16.84081411333558,117,-23.0,-21.0,-0.2,162.0,4.0
2025-04-08 11:34:48,158.0,14.0,178.0,28.0,157.0,49.0,492.05,20.0,168.0,20.0,63.0,48.0,77.94972950562408,111,15.0,-83.0,0.14,162.0,
2025-04-08 11:34:49,157.56,32.0,318.89,38.0,153.02,44.0,464.64,28.0,238.23,161.32999999999998,76.0,66.0,72.5611374635209,142,10.0,31.0,0.07,158.2,5.0
2025-04-08 11:34:50,157.0,38.0,193.59,29.0,79.92,13.0,335.62,29.0,175.29,36.59,51.0,58.0,75.06789660034423,109,-7.0,-33.0,-0.06,157.0,5.0
2025-04-08 11:34:51,157.0,5.0,158.0,15.0,62.75,8.0,300.86,14.0,157.5,1.0,13.0,29.0,79.33236495907562,42,-16.0,-67.0,-0.38,157.0,
2025-04-08 11:34:52,157.0,5.0,158.0,9.0,71.0,5.0,257.6,10.0,157.5,1.0,10.0,19.0,33.78977256508147,29,-9.0,-13.0,-0.31,158.0,2.0
2025-04-08 11:34:53,129.4,10.0,158.0,7.0,113.36,11.0,449.0,14.0,143.7,28.599999999999994,21.0,21.0,37.37900921640284,42,0.0,13.0,0.0,157.0,1.0
2025-04-08 11:34:54,140.0,10.0,156.3,40.0,112.69,29.0,158.0,10.0,148.15,16.30000000000001,39.0,50.0,12.130546978595453,89,-11.0,47.0,-0.12,157.0,
2025-04-08 11:34:55,141.0,20.0,156.0,17.0,140.0,5.0,158.0,5.0,148.5,15.0,25.0,22.0,6.167211687619153,47,3.0,-42.0,0.06,156.0,1.0
2025-04-08 11:34:56,142.29,34.0,156.0,30.0,129.0,16.0,158.0,10.0,149.15,13.710000000000008,50.0,40.0,5.013357158621824,90,10.0,43.0,0.11,155.0,1.0
2025-04-08 11:34:57,142.0,24.0,156.0,18.0,112.5,8.0,158.0,6.0,149.0,14.0,32.0,24.0,2.271288180725429,56,8.0,-34.0,0.14,155.0,
2025-04-08 11:34:58,142.0,48.0,156.06,34.0,118.33,24.0,163.31,16.0,149.03,14.060000000000002,72.0,50.0,0.4248882204815858,122,22.0,66.0,0.18,156.0,3.0
2025-04-08 11:34:59,142.65,34.0,156.8,20.0,139.91,44.0,158.0,10.0,149.72,14.150000000000006,78.0,30.0,0.4358325365370361,108,48.0,-14.0,0.44,156.0,
2025-04-08 11:35:00,145.12,32.0,156.8,25.0,143.1,62.0,198.78,18.0,150.96,11.680000000000009,94.0,43.0,0.828776206164725,137,51.0,29.0,0.37,156.67,3.0
2025-04-08 11:35:01,152.25,16.0,198.54,26.0,146.24,25.0,392.9,21.0,175.39,46.28999999999999,41.0,47.0,11.526393625063736,88,-6.0,-49.0,-0.07,158.0,1.0
2025-04-08 11:35:02,148.31,74.0,298.97,30.0,147.72,53.0,491.46,52.0,223.64,150.66000000000005,127.0,82.0,32.091763273462,209,45.0,121.0,0.22,155.0,2.0
2025-04-08 11:35:04,153.96,49.0,332.64,55.0,153.83,46.0,368.56,54.0,243.3,178.67999999999998,95.0,109.0,63.63449001917103,204,-14.0,-11.0,-0.07,155.0,
2025-04-08 11:35:05,158.8,59.0,321.75,80.0,158.22,94.0,369.0,32.0,240.27,162.95,153.0,112.0,49.93653402069467,265,41.0,61.0,0.15,159.4,10.0
2025-04-08 11:35:06,159.0,21.0,213.55,40.0,158.0,60.0,261.93,28.0,186.28,54.55000000000001,81.0,68.0,46.57175667719651,149,13.0,-116.0,0.09,159.0,3.0
2025-04-08 11:35:07,158.0,40.0,168.0,40.0,157.0,8.0,206.38,26.0,163.0,10.0,48.0,66.0,58.717676043930624,114,-18.0,-35.0,-0.16,158.67,3.0
2025-04-08 11:35:08,158.0,45.0,167.11,45.0,157.0,9.0,195.0,36.0,162.56,9.110000000000014,54.0,81.0,40.16012101575333,135,-27.0,21.0,-0.2,158.67,
2025-04-08 11:35:09,158.0,40.0,166.0,40.0,157.0,8.0,325.0,32.0,162.0,8.0,48.0,72.0,33.72405106151891,120,-24.0,-15.0,-0.2,158.67,
2025-04-08 11:35:10,158.0,40.0,163.12,40.0,157.0,8.0,325.0,32.0,160.56,5.1200000000000045,48.0,72.0,10.883859609528107,120,-24.0,0.0,-0.2,158.67,
2025-04-08 11:35:11,158.0,30.0,163.0,30.0,157.0,6.0,201.25,24.0,160.5,5.0,36.0,54.0,1.146333284831156,90,-18.0,-30.0,-0.2,158.67,
2025-04-08 11:35:12,158.5,36.0,162.17,60.0,157.83,36.0,355.42,48.0,160.33,3.669999999999988,72.0,108.0,1.0180373273663423,180,-36.0,90.0,-0.2,158.67,
2025-04-08 11:35:13,158.07,43.0,160.12,43.0,157.65,23.0,438.56,50.0,159.09,2.050000000000012,66.0,93.0,1.0332618254394403,159,-27.0,-21.0,-0.17,159.6,5.0
2025-04-08 11:35:14,158.0,45.0,181.73,22.0,157.0,9.0,300.71,34.0,169.86,23.72999999999999,54.0,56.0,4.397075164232726,110,-2.0,-49.0,-0.02,159.33,3.0
2025-04-08 11:35:15,161.69,64.0,284.43,42.0,157.98,51.0,455.78,41.0,223.06,122.74,115.0,83.0,27.449212557010192,198,32.0,88.0,0.16,162.0,3.0
2025-04-08 11:35:16,162.0,50.0,213.0,50.0,158.0,62.0,593.22,37.0,187.5,51.0,112.0,87.0,26.633461472364647,199,25.0,1.0,0.13,162.0,
2025-04-08 11:35:17,162.0,11.0,213.0,15.0,158.0,24.0,681.0,9.0,187.5,51.0,35.0,24.0,24.29404906556209,59,11.0,-140.0,0.19,162.0,2.0
2025-04-08 11:35:18,164.78,27.0,298.71,35.0,158.88,41.0,690.64,22.0,231.75,133.92999999999998,68.0,57.0,26.27129574269138,125,11.0,66.0,0.09,167.0,3.0
2025-04-08 11:35:19,167.0,21.0,363.57,35.0,162.0,21.0,600.0,28.0,265.29,196.57,42.0,63.0,32.811233594608645,105,-21.0,-20.0,-0.2,167.0,
2025-04-08 11:35:20,167.0,9.0,365.0,15.0,162.0,9.0,539.33,12.0,266.0,198.0,18.0,27.0,39.14185189793636,45,-9.0,-60.0,-0.2,167.0,
2025-04-08 11:35:21,166.09,11.0,270.0,16.0,160.57,14.0,365.0,20.0,218.05,103.91,25.0,36.0,33.25801211738294,61,-11.0,16.0,-0.18,165.75,4.0
2025-04-08 11:35:22,164.25,16.0,250.94,34.0,160.18,22.0,327.5,38.0,207.6,86.69,38.0,72.0,26.87762024435933,110,-34.0,49.0,-0.31,165.75,
2025-04-08 11:35:23,165.25,16.0,427.45,29.0,162.38,16.0,444.4,25.0,296.35,262.2,32.0,54.0,36.92730791704167,86,-22.0,-24.0,-0.26,166.33,3.0
2025-04-08 11:35:27,161.0,18.0,322.78,18.0,158.0,72.0,450.95,20.0,241.89,161.77999999999997,90.0,38.0,55.62936499727528,128,52.0,-52.0,0.41,166.33,
2025-04-08 11:35:28,161.0,27.0,174.41,17.0,158.0,108.0,236.62,21.0,167.71,13.409999999999997,135.0,38.0,90.35525092655132,173,97.0,45.0,0.56,166.33,
2025-04-08 11:35:29,159.05,77.0,173.97,40.0,157.96,115.0,174.81,16.0,166.51,14.919999999999987,192.0,56.0,94.12614418959278,248,136.0,75.0,0.55,159.8,5.0
2025-04-08 11:35:30,158.0,90.0,172.67,9.0,157.0,9.0,174.0,27.0,165.33,14.669999999999987,99.0,36.0,74.40411077353163,135,63.0,-113.0,0.47,159.8,
2025-04-08 11:35:31,158.03,113.0,169.85,26.0,157.48,21.0,172.0,22.0,163.94,11.819999999999991,134.0,48.0,34.024770094740184,182,86.0,47.0,0.47,158.0,3.0
2025-04-08 11:35:32,161.02,49.0,166.43,21.0,158.32,95.0,168.74,31.0,163.72,5.409999999999997,144.0,52.0,1.6969295801269162,196,92.0,14.0,0.47,158.0,
2025-04-08 11:35:33,162.0,81.0,164.03,29.0,160.0,45.0,164.68,31.0,163.02,2.030000000000001,126.0,60.0,1.4001178521498567,186,66.0,-10.0,0.35,162.0,1.0
2025-04-08 11:35:34,161.4,30.0,163.11,27.0,158.88,41.0,263.43,21.0,162.26,1.710000000000008,71.0,48.0,1.1445872618144404,119,23.0,-67.0,0.19,162.17,6.0
2025-04-08 11:35:35,159.03,62.0,161.82,44.0,158.11,56.0,303.55,33.0,160.43,2.789999999999992,118.0,77.0,1.4162909305318896,195,41.0,76.0,0.21,160.0,2.0
2025-04-08 11:35:36,159.0,54.0,215.12,24.0,158.0,45.0,289.33,27.0,187.06,56.120000000000005,99.0,51.0,11.11520220238532,150,48.0,-45.0,0.32,160.0,
2025-04-08 11:35:37,159.0,38.0,212.62,16.0,158.0,39.0,214.11,19.0,185.81,53.620000000000005,77.0,35.0,13.476732912687549,112,42.0,-38.0,0.38,160.0,
2025-04-08 11:35:38,159.0,25.0,210.4,10.0,158.0,30.0,212.0,15.0,184.7,51.400000000000006,55.0,25.0,13.467077262714437,80,30.0,-32.0,0.38,160.0,
2025-04-08 11:35:39,159.0,60.0,207.4,30.0,158.0,63.0,208.73,30.0,183.2,48.400000000000006,123.0,60.0,11.16497424985496,183,63.0,103.0,0.34,160.0,
2025-04-08 11:35:40,159.0,36.0,204.75,24.0,158.0,48.0,208.0,16.0,181.88,45.75,84.0,40.0,2.0530221625517906,124,44.0,-59.0,0.35,159.0,4.0
2025-04-08 11:35:41,159.14,35.0,201.12,41.0,153.66,29.0,203.61,28.0,180.13,41.98000000000002,64.0,69.0,2.2479835408488573,133,-5.0,9.0,-0.04,158.25,4.0
2025-04-08 11:35:42,162.0,30.0,196.92,48.0,158.95,57.0,199.0,49.0,179.46,34.91999999999999,87.0,97.0,2.157169441635505,184,-10.0,51.0,-0.05,158.25,
2025-04-08 11:35:43,162.0,26.0,194.61,46.0,159.56,25.0,195.55,44.0,178.3,32.610000000000014,51.0,90.0,1.949917946972324,141,-39.0,-43.0,-0.28,158.25,
2025-04-08 11:35:44,136.6,85.0,180.98,50.0,90.75,67.0,187.8,61.0,158.79,44.38,152.0,111.0,9.548066296372255,263,41.0,122.0,0.16,160.33,6.0
2025-04-08 11:35:45,126.12,33.0,163.0,35.0,123.62,29.0,181.0,21.0,144.56,36.88,62.0,56.0,15.95704139243589,118,6.0,-145.0,0.05,158.0,1.0
2025-04-08 11:35:46,133.5,104.0,158.08,60.0,129.03,76.0,159.43,54.0,145.79,24.580000000000013,180.0,114.0,16.925139585832238,294,66.0,168.0,0.22,158.0,
2025-04-08 11:35:47,135.0,26.0,154.91,55.0,134.0,130.0,155.52,23.0,144.95,19.91,156.0,78.0,14.583482780183155,234,78.0,-60.0,0.33,152.5,6.0
2025-04-08 11:35:48,153.85,41.0,156.0,30.0,146.11,35.0,158.0,6.0,154.93,2.1500000000000057,76.0,36.0,6.599187828808477,112,40.0,-122.0,0.36,152.5,
2025-04-08 11:35:49,154.34,47.0,156.7,23.0,147.97,59.0,168.43,14.0,155.52,2.359999999999985,106.0,37.0,5.567382688471614,143,69.0,31.0,0.48,156.14,7.0
2025-04-08 11:35:58,149.36,42.0,153.0,28.0,127.83,36.0,155.33,72.0,151.18,3.6399999999999855,78.0,100.0,3.28975379016263,178,-22.0,88.0,-0.12,156.14,
2025-04-08 11:35:59,150.0,27.0,155.28,29.0,120.91,11.0,157.05,38.0,152.64,5.280000000000001,38.0,67.0,3.9010357598836327,105,-29.0,-73.0,-0.28,154.5,4.0
2025-04-08 11:36:00,150.5,30.0,155.0,30.0,119.0,10.0,156.0,40.0,152.75,4.5,40.0,70.0,3.7051207807428095,110,-30.0,5.0,-0.27,154.5,
2025-04-08 11:36:01,151.58,36.0,155.0,36.0,110.76,25.0,156.0,48.0,153.29,3.4199999999999875,61.0,84.0,2.9432516032261797,145,-23.0,35.0,-0.16,154.5,
2025-04-08 11:36:02,152.0,36.0,156.77,35.0,75.67,36.0,157.0,26.0,154.39,4.77000000000001,72.0,61.0,1.1627768487094938,133,11.0,-12.0,0.08,156.2,10.0
2025-04-08 11:36:03,152.67,36.0,157.14,28.0,72.56,27.0,158.2,20.0,154.9,4.469999999999999,63.0,48.0,1.0067422708396605,111,15.0,-22.0,0.14,157.25,4.0
2025-04-08 11:36:04,153.0,20.0,159.25,8.0,135.77,22.0,279.22,18.0,156.12,6.25,42.0,26.0,1.3325351777330088,68,16.0,-43.0,0.24,154.67,3.0
2025-04-08 11:36:05,153.0,9.0,160.0,9.0,110.3,30.0,212.22,27.0,156.5,7.0,39.0,36.0,1.3040897208001188,75,3.0,7.0,0.04,154.67,
2025-04-08 11:36:06,154.22,9.0,160.0,9.0,139.0,36.0,320.4,30.0,157.11,5.780000000000001,45.0,39.0,1.1298805246118486,84,6.0,9.0,0.07,154.67,
2025-04-08 11:36:07,151.42,26.0,443.5,28.0,141.68,37.0,587.0,34.0,297.46,292.08000000000004,63.0,62.0,63.19755628186834,125,1.0,41.0,0.01,157.5,2.0
2025-04-08 11:36:08,151.67,72.0,181.85,26.0,137.96,45.0,290.76,37.0,166.76,30.180000000000007,117.0,63.0,62.02436053680779,180,54.0,55.0,0.3,156.75,4.0
2025-04-08 11:36:09,164.65,86.0,213.31,39.0,147.73,45.0,536.65,31.0,188.98,48.66,131.0,70.0,59.65793425857054,201,61.0,21.0,0.3,168.0,4.0
2025-04-08 11:36:10,168.0,61.0,320.67,36.0,161.95,55.0,569.18,34.0,244.33,152.67000000000002,116.0,70.0,59.01776147906611,186,46.0,-15.0,0.25,168.0,3.0
2025-04-08 11:36:11,165.15,41.0,332.6,30.0,161.57,56.0,506.35,34.0,248.87,167.45000000000002,97.0,64.0,51.94136935045086,161,33.0,-25.0,0.2,168.0,4.0
2025-04-08 11:36:12,163.0,21.0,391.14,21.0,162.0,42.0,587.43,21.0,277.07,228.14,63.0,42.0,45.67232389533024,105,21.0,-56.0,0.2,168.0,
2025-04-08 11:36:13,163.0,36.0,357.75,36.0,162.0,72.0,590.33,36.0,260.38,194.75,108.0,72.0,33.21493685075991,180,36.0,75.0,0.2,168.0,
2025-04-08 11:36:14,163.0,21.0,250.0,21.0,162.0,42.0,554.86,21.0,206.5,87.0,63.0,42.0,26.139914881268684,105,21.0,-75.0,0.2,168.0,
2025-04-08 11:36:15,163.0,24.0,277.5,12.0,162.0,52.0,498.88,24.0,220.25,114.5,76.0,36.0,28.923838438215075,112,40.0,7.0,0.36,168.0,
2025-04-08 11:36:16,163.0,21.0,276.43,7.0,162.0,49.0,472.0,21.0,219.71,113.43,70.0,28.0,30.256190606220787,98,42.0,-14.0,0.43,168.0,
2025-04-08 11:36:17,162.2,45.0,275.11,9.0,160.93,42.0,489.67,27.0,218.66,112.91000000000004,87.0,36.0,20.52246695697068,123,51.0,25.0,0.41,162.75,4.0
2025-04-08 11:36:18,162.0,42.0,255.45,11.0,159.0,28.0,295.16,19.0,208.73,93.45,70.0,30.0,6.603798149545814,100,40.0,-23.0,0.4,162.75,
2025-04-08 11:36:19,162.0,54.0,249.89,9.0,159.0,36.0,288.22,27.0,205.94,87.88999999999999,90.0,36.0,6.781479926973511,126,54.0,26.0,0.43,162.75,
2025-04-08 11:36:20,162.28,29.0,241.12,17.0,159.29,31.0,246.75,8.0,201.7,78.84,60.0,25.0,7.933673171989231,85,35.0,-41.0,0.41,162.0,3.0
2025-04-08 11:36:21,166.0,16.0,237.09,22.0,162.82,17.0,243.73,11.0,201.55,71.09,33.0,33.0,7.024338403005557,66,0.0,-19.0,0.0,162.0,
2025-04-08 11:36:22,167.2,111.0,242.69,32.0,165.5,36.0,243.3,54.0,204.94,75.49000000000001,147.0,86.0,3.0280637377599198,233,61.0,167.0,0.26,162.0,
2025-04-08 11:36:29,166.0,24.0,184.6,42.0,163.0,12.0,185.29,42.0,175.3,18.599999999999994,36.0,84.0,2.314329276468288,120,-48.0,-60.0,-0.4,162.0,
2025-04-08 11:36:30,166.0,26.0,179.37,62.0,163.0,13.0,180.8,59.0,172.69,13.370000000000005,39.0,121.0,3.0101960068934206,160,-82.0,40.0,-0.51,162.0,
2025-04-08 11:36:31,163.71,17.0,166.85,74.0,162.04,49.0,171.85,65.0,165.28,3.1399999999999864,66.0,139.0,5.5367427247358245,205,-73.0,45.0,-0.36,166.0,2.0
2025-04-08 11:36:32,161.98,47.0,164.41,75.0,160.76,68.0,168.67,83.0,163.2,2.430000000000007,115.0,158.0,6.42801524577478,273,-43.0,68.0,-0.16,162.2,5.0
2025-04-08 11:36:33,160.0,42.0,162.32,25.0,159.0,44.0,163.38,52.0,161.16,2.319999999999993,86.0,77.0,6.151965539558129,163,9.0,-110.0,0.06,161.0,1.0
2025-04-08 11:36:34,159.07,56.0,160.49,37.0,135.08,25.0,203.12,58.0,159.78,1.420000000000016,81.0,95.0,5.068976227988103,176,-14.0,13.0,-0.08,160.0,7.0
2025-04-08 11:36:35,159.5,24.0,257.8,35.0,138.0,10.0,307.07,30.0,208.65,98.3,34.0,65.0,20.80811091857965,99,-31.0,-77.0,-0.31,159.0,1.0
2025-04-08 11:36:36,163.0,30.0,196.0,29.0,159.0,30.0,226.44,41.0,179.5,33.0,60.0,70.0,20.697449601337738,130,-10.0,31.0,-0.08,159.0,
2025-04-08 11:36:37,163.0,24.0,167.29,14.0,159.0,24.0,167.46,26.0,165.14,4.289999999999992,48.0,40.0,20.45035158621768,88,8.0,-42.0,0.09,159.0,
2025-04-08 11:36:38,163.0,12.0,164.8,20.0,159.48,25.0,166.8,20.0,163.9,1.8000000000000114,37.0,40.0,20.024199859168316,77,-3.0,-11.0,-0.04,163.0,2.0
2025-04-08 11:36:39,162.64,69.0,165.25,12.0,159.92,39.0,174.0,48.0,163.94,2.6100000000000136,108.0,60.0,19.28607217657128,168,48.0,91.0,0.29,163.0,1.0
2025-04-08 11:36:40,165.35,89.0,172.5,24.0,163.82,44.0,231.38,21.0,168.92,7.150000000000006,133.0,45.0,6.598818075982323,178,88.0,10.0,0.49,164.0,1.0
2025-04-08 11:36:45,167.7,10.0,194.0,32.0,166.7,37.0,230.0,40.0,180.85,26.30000000000001,47.0,72.0,12.524972255455223,119,-25.0,-22.0,-0.21,167.62,8.0
2025-04-08 11:36:46,166.0,18.0,192.16,25.0,164.0,12.0,211.79,29.0,179.08,26.16,30.0,54.0,10.455875381809223,84,-24.0,-35.0,-0.29,167.62,
2025-04-08 11:36:47,165.26,31.0,190.08,53.0,162.97,29.0,191.09,55.0,177.67,24.82000000000002,60.0,108.0,9.732056822682535,168,-48.0,84.0,-0.29,167.62,
2025-04-08 11:36:48,165.0,31.0,186.02,51.0,164.0,22.0,187.58,48.0,175.51,21.02000000000001,53.0,99.0,2.474728267894951,152,-46.0,-16.0,-0.3,165.0,1.0
2025-04-08 11:36:49,166.0,24.0,183.32,57.0,165.0,24.0,184.92,53.0,174.66,17.319999999999993,48.0,110.0,2.537662310063617,158,-62.0,6.0,-0.39,165.0,
2025-04-08 11:36:50,166.15,13.0,180.78,45.0,165.06,17.0,181.74,38.0,173.47,14.629999999999995,30.0,83.0,2.2738447616133315,113,-53.0,-45.0,-0.47,166.0,1.0
2025-04-08 11:36:51,167.27,22.0,177.81,53.0,166.0,11.0,178.96,49.0,172.54,10.539999999999992,33.0,102.0,1.9769041453534004,135,-69.0,22.0,-0.51,166.0,
2025-04-08 11:36:52,168.0,16.0,175.45,38.0,166.0,8.0,176.41,34.0,171.72,7.449999999999989,24.0,72.0,1.5366033970789883,96,-48.0,-39.0,-0.5,166.0,
2025-04-08 11:36:54,167.86,21.0,170.55,44.0,164.67,15.0,175.0,55.0,169.2,2.6899999999999977,36.0,99.0,1.6735680446021115,135,-63.0,3.0,-0.47,166.4,5.0
2025-04-08 11:36:55,163.0,30.0,168.4,40.0,162.0,30.0,175.0,50.0,165.7,5.400000000000006,60.0,90.0,2.68447760279582,150,-30.0,15.0,-0.2,163.0,1.0
2025-04-08 11:36:56,162.57,21.0,165.03,33.0,161.09,33.0,166.82,40.0,163.8,2.460000000000008,54.0,73.0,3.3362673753629584,127,-19.0,-23.0,-0.15,163.0,2.0
2025-04-08 11:36:57,159.96,48.0,161.76,49.0,159.0,58.0,164.04,47.0,160.86,1.799999999999983,106.0,96.0,3.946190568118796,202,10.0,75.0,0.05,160.75,8.0
2025-04-08 11:36:58,158.71,28.0,160.34,29.0,125.38,26.0,170.72,18.0,159.53,1.6299999999999957,54.0,47.0,3.86150488798192,101,7.0,-101.0,0.07,158.6,10.0
2025-04-08 11:36:59,161.0,6.0,184.8,5.0,134.0,3.0,219.0,1.0,172.9,23.80000000000001,9.0,6.0,5.254133610778165,15,3.0,-86.0,0.2,161.0,3.0
2025-04-08 11:37:00,164.43,7.0,219.0,5.0,144.97,35.0,0.0,0.0,191.71,54.56999999999999,42.0,5.0,13.332728527946273,47,37.0,32.0,0.79,161.0,
2025-04-08 11:37:01,167.0,12.0,391.2,10.0,161.0,6.0,420.0,2.0,279.1,224.2,18.0,12.0,49.929807229749336,30,6.0,-17.0,0.2,161.0,
2025-04-08 11:37:02,131.35,17.0,329.89,28.0,87.77,22.0,400.5,16.0,230.62,198.54,39.0,44.0,48.49239497075741,83,-5.0,53.0,-0.06,161.4,5.0
2025-04-08 11:37:05,161.34,58.0,204.62,26.0,142.31,26.0,450.73,30.0,182.98,43.28,84.0,56.0,61.722117348645206,140,28.0,10.0,0.2,161.4,
2025-04-08 11:37:06,166.33,60.0,197.21,48.0,165.77,65.0,243.0,26.0,181.77,30.879999999999995,125.0,74.0,39.154451471064114,199,51.0,59.0,0.26,161.4,
2025-04-08 11:37:07,168.0,18.0,202.0,45.0,166.0,90.0,284.33,24.0,185.0,34.0,108.0,69.0,25.613015636584223,177,39.0,-22.0,0.22,161.4,
2025-04-08 11:37:08,168.0,20.0,201.8,50.0,166.0,100.0,519.7,20.0,184.9,33.80000000000001,120.0,70.0,23.407406306549948,190,50.0,13.0,0.26,161.4,
2025-04-08 11:37:09,166.1,81.0,200.23,65.0,164.62,64.0,470.68,38.0,183.16,34.129999999999995,145.0,103.0,1.3756525723891613,248,42.0,58.0,0.17,166.8,5.0
2025-04-08 11:37:10,166.0,63.0,197.89,45.0,164.0,36.0,321.25,32.0,181.94,31.889999999999983,99.0,77.0,1.5528618740637523,176,22.0,-72.0,0.12,166.8,
2025-04-08 11:37:11,166.0,49.0,195.71,35.0,164.0,28.0,378.14,28.0,180.86,29.710000000000008,77.0,63.0,1.815962554658178,140,14.0,-36.0,0.1,166.8,
2025-04-08 11:37:12,166.0,70.0,194.7,50.0,164.0,44.0,361.0,30.0,180.35,28.69999999999999,114.0,80.0,1.8363333030580495,194,34.0,54.0,0.18,166.8,
2025-04-08 11:37:13,164.95,21.0,194.0,40.0,162.17,46.0,510.0,20.0,179.48,29.05000000000001,67.0,60.0,1.4297622179647365,127,7.0,-67.0,0.06,166.0,7.0
2025-04-08 11:37:14,168.0,8.0,192.39,38.0,164.0,40.0,274.65,34.0,180.2,24.389999999999983,48.0,72.0,0.9130060240321984,120,-24.0,-7.0,-0.2,166.0,
2025-04-08 11:37:15,165.0,24.0,188.38,37.0,163.53,38.0,190.8,50.0,176.69,23.379999999999995,62.0,87.0,1.6550921424254343,149,-25.0,29.0,-0.17,165.0,4.0
2025-04-08 11:37:16,162.57,14.0,188.06,36.0,161.29,14.0,189.37,54.0,175.31,25.49000000000001,28.0,90.0,2.27381397654198,118,-62.0,-31.0,-0.53,163.33,3.0
2025-04-08 11:37:17,162.0,6.0,186.0,24.0,161.0,6.0,188.0,30.0,174.0,24.0,12.0,54.0,2.6575420974872164,66,-42.0,-52.0,-0.64,163.33,
2025-04-08 11:37:18,162.0,9.0,184.87,30.0,161.0,9.0,186.73,33.0,173.43,22.870000000000005,18.0,63.0,2.7004499624906737,81,-45.0,15.0,-0.56,163.33,
2025-04-08 11:37:19,166.34,50.0,182.4,50.0,160.0,38.0,183.59,34.0,174.37,16.060000000000002,88.0,84.0,1.2773018436982817,172,4.0,91.0,0.02,160.6,5.0
2025-04-08 11:37:20,167.07,59.0,180.42,52.0,163.93,43.0,181.53,51.0,173.75,13.349999999999994,102.0,103.0,0.7232703505015274,205,-1.0,33.0,-0.0,160.6,
2025-04-08 11:37:21,166.42,31.0,170.47,43.0,163.82,44.0,175.51,37.0,168.44,4.050000000000011,75.0,80.0,2.460380051925644,155,-5.0,-50.0,-0.03,167.29,7.0
2025-04-08 11:37:22,160.88,51.0,165.85,33.0,159.43,46.0,167.05,74.0,163.37,4.969999999999999,97.0,107.0,4.718497642249299,204,-10.0,49.0,-0.05,160.0,2.0
2025-04-08 11:37:23,159.44,36.0,162.61,31.0,153.92,52.0,175.63,43.0,161.03,3.170000000000016,88.0,74.0,5.993047638715264,162,14.0,-42.0,0.09,160.67,3.0
2025-04-08 11:37:24,159.27,37.0,180.84,44.0,134.49,35.0,267.5,40.0,170.06,21.569999999999997,72.0,84.0,5.130131577251216,156,-12.0,-6.0,-0.08,159.0,4.0
2025-04-08 11:37:25,164.0,12.0,193.0,24.0,159.0,6.0,215.0,24.0,178.5,29.0,18.0,48.0,6.78809619848678,66,-30.0,-90.0,-0.45,159.0,
2025-04-08 11:37:26,145.0,23.0,193.93,28.0,128.5,18.0,220.7,37.0,169.46,48.93000000000001,41.0,65.0,6.809400120415221,106,-24.0,40.0,-0.23,162.33,3.0
2025-04-08 11:37:27,131.25,24.0,178.84,31.0,125.56,27.0,190.91,23.0,155.04,47.59,51.0,54.0,9.030255810325071,105,-3.0,-1.0,-0.03,162.33,
2025-04-08 11:37:28,139.75,24.0,155.94,31.0,125.95,21.0,168.0,30.0,147.84,16.189999999999998,45.0,61.0,12.430309730650636,106,-16.0,1.0,-0.15,155.82,11.0
2025-04-08 11:37:29,154.36,33.0,170.64,28.0,123.38,32.0,188.56,27.0,162.5,16.279999999999973,65.0,55.0,11.988199197540338,120,10.0,14.0,0.08,159.0,2.0
2025-04-08 11:37:30,156.43,44.0,161.0,22.0,154.94,34.0,163.37,38.0,158.72,4.569999999999993,78.0,60.0,8.086292104537407,138,18.0,18.0,0.13,159.0,
2025-04-08 11:37:31,158.43,14.0,161.87,30.0,155.43,28.0,184.68,25.0,160.15,3.4399999999999977,42.0,55.0,5.717639373019479,97,-13.0,-41.0,-0.13,158.83,6.0
2025-04-08 11:37:32,159.6,10.0,162.0,20.0,156.5,12.0,189.0,15.0,160.8,2.4000000000000057,22.0,35.0,5.840729406495683,57,-13.0,-40.0,-0.23,158.83,
2025-04-08 11:37:33,159.09,22.0,177.93,28.0,128.44,32.0,224.53,38.0,168.51,18.840000000000003,54.0,66.0,3.813086676159656,120,-12.0,63.0,-0.1,160.43,7.0
2025-04-08 11:37:34,159.52,29.0,247.11,36.0,118.78,27.0,460.33,24.0,203.31,87.59,56.0,60.0,18.84298994320997,116,-4.0,-4.0,-0.03,160.43,
2025-04-08 11:37:35,160.49,37.0,228.45,44.0,159.85,40.0,425.64,22.0,194.47,67.95999999999998,77.0,66.0,20.092635964450185,143,11.0,27.0,0.08,160.43,
2025-04-08 11:37:36,165.75,16.0,299.5,24.0,161.71,7.0,398.78,18.0,232.62,133.75,23.0,42.0,28.76284356596071,65,-19.0,-78.0,-0.29,160.43,
2025-04-08 11:37:37,166.0,45.0,400.18,44.0,162.0,11.0,471.57,42.0,283.09,234.18,56.0,86.0,43.750341712950586,142,-30.0,77.0,-0.21,160.43,
2025-04-08 11:37:38,166.0,9.0,338.0,4.0,162.0,1.0,507.0,4.0,252.0,172.0,10.0,8.0,36.18066292924931,18,2.0,-124.0,0.11,160.43,
2025-04-08 11:37:39,166.0,42.0,338.0,24.0,162.0,6.0,495.27,22.0,252.0,172.0,48.0,46.0,32.52683092463761,94,2.0,76.0,0.02,166.0,3.0
2025-04-08 11:37:40,166.0,54.0,338.0,36.0,162.0,9.0,495.0,24.0,252.0,172.0,63.0,60.0,18.12972476349184,123,3.0,29.0,0.02,166.0,
2025-04-08 11:37:41,166.0,38.0,388.6,20.0,162.0,8.0,550.91,22.0,277.3,222.6,46.0,42.0,15.578123121864698,88,4.0,-35.0,0.05,166.0,3.0
2025-04-08 11:37:42,166.0,21.0,346.0,7.0,163.15,13.0,436.77,26.0,256.0,180.0,34.0,33.0,11.004453643864943,67,1.0,-21.0,0.01,166.0,
2025-04-08 11:37:43,166.24,17.0,346.0,7.0,164.57,21.0,436.14,28.0,256.12,179.76,38.0,35.0,10.60289017202257,73,3.0,6.0,0.04,168.0,1.0
2025-04-08 11:37:44,166.0,21.0,234.0,12.0,164.0,21.0,494.08,25.0,200.0,68.0,42.0,37.0,28.757699490744493,79,5.0,6.0,0.06,168.0,
2025-04-08 11:37:45,166.0,18.0,367.83,12.0,163.5,18.0,507.0,24.0,266.92,201.83,36.0,36.0,29.98746271360697,72,0.0,-7.0,0.0,168.0,
2025-04-08 11:37:46,166.0,24.0,319.0,20.0,163.57,14.0,688.4,40.0,242.5,153.0,38.0,60.0,26.23926675804725,98,-22.0,26.0,-0.22,166.0,2.0
2025-04-08 11:37:47,163.15,13.0,191.54,26.0,161.92,13.0,193.0,26.0,177.35,28.389999999999983,26.0,52.0,38.28675645703033,78,-26.0,-20.0,-0.33,164.0,4.0
2025-04-08 11:37:48,162.35,46.0,189.4,20.0,160.4,20.0,242.0,40.0,175.87,27.05000000000001,66.0,60.0,40.604993165865,126,6.0,48.0,0.05,162.57,7.0
2025-04-08 11:37:49,162.12,16.0,188.0,16.0,160.32,19.0,271.3,23.0,175.06,25.879999999999995,35.0,39.0,43.92482612373031,74,-4.0,-52.0,-0.05,160.6,10.0
2025-04-08 11:37:50,158.0,7.0,185.0,11.0,81.0,28.0,186.2,10.0,171.5,27.0,35.0,21.0,30.288047642592066,56,14.0,-18.0,0.25,160.6,
2025-04-08 11:37:52,150.75,65.0,179.36,22.0,147.55,55.0,181.0,11.0,165.06,28.610000000000014,120.0,33.0,13.86123298988627,153,87.0,-17.0,0.57,160.6,
2025-04-08 11:37:53,164.0,24.0,176.45,11.0,163.0,80.0,177.77,13.0,170.23,12.449999999999989,104.0,24.0,13.060971633071969,128,80.0,-25.0,0.62,160.6,
2025-04-08 11:37:54,166.22,27.0,174.64,14.0,163.0,90.0,175.77,13.0,170.43,8.419999999999987,117.0,27.0,12.297599359220888,144,90.0,16.0,0.62,160.6,
2025-04-08 11:37:55,167.37,38.0,170.29,14.0,163.0,140.0,209.77,26.0,168.83,2.9199999999999875,178.0,40.0,11.938904053551552,218,138.0,74.0,0.63,168.0,2.0
2025-04-08 11:37:57,163.0,35.0,361.14,7.0,159.0,49.0,627.0,7.0,262.07,198.14,84.0,14.0,80.5511540575301,98,70.0,21.0,0.71,168.0,
2025-04-08 11:37:58,163.0,25.0,182.41,17.0,159.0,35.0,363.2,5.0,172.71,19.41,60.0,22.0,80.14256309851805,82,38.0,-16.0,0.46,168.0,
2025-04-08 11:37:59,163.0,28.0,365.0,22.0,159.0,42.0,446.0,10.0,264.0,202.0,70.0,32.0,75.07579217031251,102,38.0,20.0,0.37,163.0,1.0
2025-04-08 11:38:00,163.0,36.0,284.6,25.0,159.05,59.0,545.62,13.0,223.8,121.60000000000002,95.0,38.0,64.74297668473363,133,57.0,31.0,0.43,163.0,
2025-04-08 11:38:01,163.0,44.0,309.74,23.0,160.0,33.0,431.25,16.0,236.37,146.74,77.0,39.0,37.18072551739609,116,38.0,-17.0,0.33,163.0,
2025-04-08 11:38:02,166.5,48.0,192.56,25.0,164.36,44.0,203.93,28.0,179.53,26.06,92.0,53.0,38.669381556988206,145,39.0,29.0,0.27,167.0,2.0
2025-04-08 11:38:03,167.0,56.0,190.07,28.0,166.0,56.0,191.43,28.0,178.54,23.069999999999997,112.0,56.0,37.12171157153103,168,56.0,23.0,0.33,167.0,
2025-04-08 11:38:04,167.83,24.0,187.89,18.0,166.67,36.0,189.0,18.0,177.86,20.05999999999997,60.0,36.0,28.530277776424303,96,24.0,-72.0,0.25,167.0,
2025-04-08 11:38:06,167.0,11.0,186.67,18.0,165.0,45.0,187.67,18.0,176.83,19.669999999999987,56.0,36.0,1.021552739665506,92,20.0,-33.0,0.22,167.0,1.0
2025-04-08 11:38:07,165.0,24.0,184.14,21.0,163.0,48.0,312.14,28.0,174.57,19.139999999999983,72.0,49.0,1.529094503265767,121,23.0,29.0,0.19,165.5,4.0
2025-04-08 11:38:08,165.0,24.0,180.12,25.0,163.0,48.0,181.06,35.0,172.56,15.120000000000005,72.0,60.0,2.2611612060879214,132,12.0,11.0,0.09,165.5,
2025-04-08 11:38:09,165.0,22.0,178.28,18.0,163.0,44.0,179.47,32.0,171.64,13.28,66.0,50.0,2.5870311169207736,116,16.0,-16.0,0.14,165.5,
2025-04-08 11:38:10,163.88,32.0,175.09,23.0,162.42,36.0,176.72,29.0,169.48,11.210000000000008,68.0,52.0,2.8091867150325776,120,16.0,4.0,0.13,164.33,3.0
2025-04-08 11:38:11,163.0,42.0,171.11,35.0,161.0,42.0,171.75,28.0,167.06,8.110000000000014,84.0,63.0,2.889761235796908,147,21.0,27.0,0.14,164.33,
2025-04-08 11:38:12,163.0,36.0,168.96,25.0,161.0,36.0,170.32,28.0,165.98,5.960000000000008,72.0,53.0,2.835750341605117,125,19.0,-22.0,0.15,164.33,
2025-04-08 11:38:13,163.0,31.0,164.29,35.0,161.0,39.0,165.33,24.0,163.64,1.289999999999992,70.0,59.0,3.100225798214145,129,11.0,4.0,0.09,163.0,2.0
2025-04-08 11:38:14,163.0,12.0,164.0,36.0,161.0,36.0,165.0,24.0,163.5,1.0,48.0,60.0,2.501543523489385,108,-12.0,-21.0,-0.11,163.0,
2025-04-08 11:38:15,160.48,27.0,163.92,49.0,158.67,100.0,169.51,49.0,162.2,3.4399999999999977,127.0,98.0,1.9856182915935623,225,29.0,117.0,0.13,160.83,6.0
2025-04-08 11:38:16,159.0,14.0,162.42,19.0,158.0,77.0,164.0,21.0,160.71,3.4199999999999875,91.0,40.0,1.9501230730162065,131,51.0,-94.0,0.39,162.0,3.0
2025-04-08 11:38:17,159.0,26.0,160.36,25.0,158.0,143.0,163.33,27.0,159.68,1.3600000000000136,169.0,52.0,1.732881992493845,221,117.0,90.0,0.53,162.0,
2025-04-08 11:38:18,159.0,15.0,171.77,13.0,158.0,121.0,287.7,20.0,165.38,12.77000000000001,136.0,33.0,2.2543690913223653,169,103.0,-52.0,0.61,159.75,4.0
2025-04-08 11:38:19,166.64,56.0,186.81,31.0,165.1,29.0,300.67,24.0,176.72,20.170000000000016,85.0,55.0,6.928745918267681,140,30.0,-29.0,0.21,159.75,
2025-04-08 11:38:20,167.0,40.0,226.44,36.0,162.0,10.0,291.86,42.0,196.72,59.44,50.0,78.0,15.462073599615112,128,-28.0,-12.0,-0.22,167.0,4.0
2025-04-08 11:38:21,167.0,14.0,280.14,14.0,162.0,7.0,317.31,29.0,223.57,113.14,21.0,43.0,26.06670059673686,64,-22.0,-64.0,-0.34,167.0,
2025-04-08 11:38:22,167.0,24.0,274.83,24.0,162.0,18.0,333.23,57.0,220.92,107.82999999999998,42.0,81.0,25.92653698433189,123,-39.0,59.0,-0.32,167.0,
2025-04-08 11:38:23,164.22,9.0,253.52,23.0,160.33,9.0,320.08,26.0,208.87,89.30000000000001,18.0,49.0,19.24147213702566,67,-31.0,-56.0,-0.46,165.33,3.0
2025-04-08 11:38:25,159.27,55.0,249.0,18.0,146.53,75.0,574.68,38.0,204.14,89.72999999999999,130.0,56.0,56.82410025684487,186,74.0,88.0,0.4,158.0,1.0
2025-04-08 11:38:26,163.0,27.0,248.64,22.0,158.0,90.0,345.84,19.0,205.82,85.63999999999999,117.0,41.0,58.59708286254492,158,76.0,-28.0,0.48,158.0,
2025-04-08 11:38:27,163.0,44.0,204.13,60.0,158.0,160.0,256.02,53.0,183.57,41.13,204.0,113.0,63.19676233795487,317,91.0,159.0,0.29,163.0,1.0
2025-04-08 11:38:28,158.26,116.0,187.67,43.0,148.69,52.0,247.38,40.0,172.97,29.41,168.0,83.0,67.85348089818197,251,85.0,-66.0,0.34,163.0,2.0
2025-04-08 11:38:29,158.0,98.0,176.83,48.0,143.23,44.0,243.17,24.0,167.42,18.830000000000013,142.0,72.0,17.604835415303462,214,70.0,-37.0,0.33,158.0,2.0
2025-04-08 11:38:30,158.8,20.0,176.0,16.0,152.0,24.0,259.0,8.0,167.4,17.19999999999999,44.0,24.0,16.157537869363583,68,20.0,-146.0,0.29,158.0,
2025-04-08 11:38:31,158.4,80.0,174.2,40.0,132.92,85.0,219.47,34.0,166.3,15.799999999999985,165.0,74.0,7.216943258742826,239,91.0,168.0,0.38,162.0,2.0
2025-04-08 11:38:32,158.0,38.0,175.0,28.0,132.89,19.0,451.0,14.0,166.5,17.0,57.0,42.0,2.75987680882888,99,15.0,-140.0,0.15,158.25,4.0
2025-04-08 11:38:33,158.0,55.0,174.36,44.0,135.49,43.0,349.3,40.0,166.18,16.360000000000014,98.0,84.0,0.6043177971156442,182,14.0,83.0,0.08,158.25,
2025-04-08 11:38:34,160.92,24.0,172.11,36.0,151.56,41.0,238.0,36.0,166.51,11.190000000000026,65.0,72.0,0.4801249836350993,137,-7.0,-45.0,-0.05,158.25,
2025-04-08 11:38:35,163.0,20.0,170.5,40.0,160.0,20.0,238.0,40.0,166.75,7.5,40.0,80.0,0.2187921385939819,120,-40.0,-17.0,-0.33,158.25,
2025-04-08 11:38:36,159.44,36.0,168.09,44.0,154.75,28.0,238.0,44.0,163.77,8.650000000000006,64.0,88.0,1.2309630375889604,152,-24.0,32.0,-0.16,160.0,7.0
2025-04-08 11:38:37,160.97,29.0,168.0,28.0,159.0,20.0,323.77,26.0,164.48,7.030000000000001,49.0,54.0,1.3295751200703274,103,-5.0,-49.0,-0.05,160.0,
2025-04-08 11:38:38,166.96,23.0,256.97,31.0,161.45,33.0,501.92,26.0,211.96,90.01000000000002,56.0,57.0,20.871627392225925,113,-1.0,10.0,-0.01,167.11,9.0
2025-04-08 11:38:39,162.0,9.0,314.56,18.0,158.87,23.0,594.33,24.0,238.28,152.56,32.0,42.0,34.23636327065017,74,-10.0,-39.0,-0.14,167.11,
2025-04-08 11:38:40,165.65,23.0,196.44,18.0,161.56,9.0,199.0,18.0,181.05,30.789999999999992,32.0,36.0,32.459141547489,68,-4.0,-6.0,-0.06,167.11,
2025-04-08 11:38:41,166.0,24.0,195.38,16.0,162.0,8.0,199.0,16.0,180.69,29.379999999999995,32.0,32.0,29.54328468535495,64,0.0,-4.0,0.0,167.11,
2025-04-08 11:38:42,166.0,24.0,194.0,20.0,163.14,14.0,199.0,20.0,180.0,28.0,38.0,40.0,26.11280586225713,78,-2.0,14.0,-0.03,166.0,2.0
2025-04-08 11:38:43,166.0,14.0,192.12,49.0,164.0,28.0,331.08,50.0,179.06,26.120000000000005,42.0,99.0,25.985242542641902,141,-57.0,63.0,-0.4,166.0,
2025-04-08 11:38:44,166.0,7.0,189.78,23.0,164.0,14.0,191.03,29.0,177.89,23.78,21.0,52.0,1.2817058944706454,73,-31.0,-68.0,-0.42,166.0,
2025-04-08 11:38:45,166.0,12.0,187.0,30.0,164.0,24.0,188.15,54.0,176.5,21.0,36.0,84.0,1.672862815630836,120,-48.0,47.0,-0.4,166.0,
2025-04-08 11:38:46,163.33,30.0,184.21,48.0,163.64,22.0,186.67,36.0,173.77,20.879999999999995,52.0,84.0,2.4358222430874648,136,-32.0,16.0,-0.24,163.6,5.0
2025-04-08 11:38:47,162.0,96.0,181.29,70.0,160.0,14.0,182.69,52.0,171.64,19.289999999999992,110.0,122.0,3.037609257280952,232,-12.0,96.0,-0.05,162.0,4.0
2025-04-08 11:38:48,162.26,91.0,179.8,50.0,161.44,25.0,182.0,50.0,171.03,17.54000000000002,116.0,100.0,2.9869599930226998,216,16.0,-16.0,0.07,162.0,
2025-04-08 11:38:49,162.0,110.0,178.9,50.0,160.0,10.0,182.0,50.0,170.45,16.900000000000006,120.0,100.0,2.4777752117408616,220,20.0,4.0,0.09,162.0,
2025-04-08 11:38:50,162.22,80.0,177.5,40.0,161.22,18.0,182.0,40.0,169.86,15.28,98.0,80.0,1.5060710474332806,178,18.0,-42.0,0.1,162.0,
2025-04-08 11:38:51,162.92,104.0,170.79,70.0,161.78,74.0,177.43,70.0,166.85,7.870000000000003,178.0,140.0,1.863418900815404,318,38.0,140.0,0.12,168.0,3.0
2025-04-08 11:38:52,162.0,135.0,165.58,77.0,159.93,146.0,167.23,77.0,163.79,3.5800000000000125,281.0,154.0,3.0374956789953425,435,127.0,117.0,0.29,162.0,4.0
2025-04-08 11:38:53,162.14,29.0,163.54,26.0,160.85,80.0,169.96,49.0,162.84,1.4000000000000057,109.0,75.0,3.443162790214059,184,34.0,-168.0,0.18,163.43,7.0
2025-04-08 11:38:54,162.33,15.0,233.27,49.0,161.09,55.0,259.65,23.0,197.8,70.94,70.0,72.0,14.558432951383091,142,-2.0,-42.0,-0.01,163.0,3.0
2025-04-08 11:38:55,162.0,8.0,247.71,28.0,161.0,40.0,256.17,24.0,204.86,85.71000000000001,48.0,52.0,20.384012607921928,100,-4.0,-42.0,-0.04,163.0,
2025-04-08 11:38:56,162.0,5.0,227.0,10.0,161.0,25.0,249.4,25.0,194.5,65.0,30.0,35.0,19.93205007017397,65,-5.0,-35.0,-0.08,163.0,
2025-04-08 11:38:57,162.0,8.0,240.52,25.0,161.0,40.0,249.12,40.0,201.26,78.52000000000001,48.0,65.0,16.889384831897374,113,-17.0,48.0,-0.15,163.0,
2025-04-08 11:38:58,162.0,15.0,211.35,51.0,161.0,75.0,240.68,60.0,186.68,49.35,90.0,111.0,6.951934982429504,201,-21.0,88.0,-0.1,163.0,
2025-04-08 11:38:59,163.96,45.0,173.94,33.0,161.69,16.0,178.76,51.0,168.95,9.97999999999999,61.0,84.0,14.266828659513816,145,-23.0,-56.0,-0.16,163.0,
2025-04-08 11:39:00,163.71,42.0,176.67,30.0,161.23,39.0,178.67,60.0,170.19,12.95999999999998,81.0,90.0,14.42271923043369,171,-9.0,26.0,-0.05,164.0,4.0
2025-04-08 11:39:01,165.89,143.0,173.88,32.0,161.38,32.0,177.0,32.0,169.88,7.990000000000009,175.0,64.0,14.278608825789709,239,111.0,68.0,0.46,166.0,5.0
2025-04-08 11:39:02,166.0,77.0,168.26,47.0,162.0,16.0,170.31,32.0,167.13,2.259999999999991,93.0,79.0,7.979513143038044,172,14.0,-67.0,0.08,166.0,5.0
2025-04-08 11:39:03,165.56,18.0,166.9,20.0,161.44,18.0,170.0,20.0,166.23,1.3400000000000034,36.0,40.0,1.7313231933741164,76,-4.0,-96.0,-0.05,166.0,2.0
2025-04-08 11:39:04,160.29,48.0,164.26,19.0,159.75,87.0,165.53,15.0,162.28,3.969999999999999,135.0,34.0,3.211614858589768,169,101.0,93.0,0.6,161.71,7.0
2025-04-08 11:39:05,160.0,46.0,163.89,18.0,159.0,72.0,165.0,9.0,161.94,3.8899999999999855,118.0,27.0,3.3695652538441565,145,91.0,-24.0,0.63,160.0,5.0
2025-04-08 11:39:06,160.4,47.0,169.44,25.0,159.3,80.0,274.3,27.0,164.92,9.039999999999992,127.0,52.0,2.322078810013433,179,75.0,34.0,0.42,161.67,3.0
2025-04-08 11:39:07,160.6,15.0,448.52,23.0,159.6,60.0,623.07,43.0,304.56,287.92,75.0,66.0,62.956441131943954,141,9.0,-38.0,0.06,160.5,2.0
2025-04-08 11:39:08,159.02,123.0,318.81,21.0,147.07,56.0,561.43,51.0,238.92,159.79,179.0,72.0,63.907580770984666,251,107.0,110.0,0.43,160.0,3.0
2025-04-08 11:39:09,159.15,67.0,227.48,27.0,156.34,94.0,242.47,53.0,193.32,68.32999999999998,161.0,80.0,59.9183471067079,241,81.0,-10.0,0.34,160.0,
2025-04-08 11:39:10,162.29,38.0,166.0,70.0,159.53,76.0,242.0,56.0,164.14,3.710000000000008,114.0,126.0,59.45843186630414,240,-12.0,-1.0,-0.05,160.0,
2025-04-08 11:39:11,163.64,11.0,166.0,45.0,160.09,23.0,242.0,36.0,164.82,2.3600000000000136,34.0,81.0,59.47873334226218,115,-47.0,-125.0,-0.41,164.0,2.0
2025-04-08 11:39:12,163.11,9.0,170.55,44.0,152.0,9.0,232.54,37.0,166.83,7.439999999999998,18.0,81.0,32.19966428396297,99,-63.0,-16.0,-0.64,161.2,5.0
2025-04-08 11:39:13,160.0,10.0,168.0,38.0,118.14,14.0,169.95,41.0,164.0,8.0,24.0,79.0,12.738807636506449,103,-55.0,4.0,-0.53,166.0,2.0
2025-04-08 11:39:14,160.0,10.0,164.88,32.0,154.56,36.0,167.71,28.0,162.44,4.879999999999996,46.0,60.0,1.592162052026352,106,-14.0,3.0,-0.13,166.0,
2025-04-08 11:39:15,159.29,14.0,162.32,50.0,132.96,57.0,234.67,30.0,160.8,3.030000000000001,71.0,80.0,2.2971982935551054,151,-9.0,45.0,-0.06,160.78,9.0
2025-04-08 11:39:16,159.5,8.0,166.0,8.0,127.87,15.0,359.12,40.0,162.75,6.5,23.0,48.0,2.24847281502631,71,-25.0,-80.0,-0.35,160.78,
2025-04-08 11:39:17,159.0,7.0,163.71,7.0,143.6,40.0,234.0,35.0,161.36,4.710000000000008,47.0,42.0,1.2491196899864867,89,5.0,18.0,0.06,160.78,
2025-04-08 11:39:18,159.0,9.0,161.78,9.0,158.0,36.0,222.0,9.0,160.39,2.780000000000001,45.0,18.0,1.021797435851013,63,27.0,-26.0,0.43,160.78,
2025-04-08 11:39:19,158.6,15.0,160.91,11.0,155.32,38.0,242.0,55.0,159.75,2.3100000000000023,53.0,66.0,1.1364638137272605,119,-13.0,56.0,-0.11,158.5,2.0
2025-04-08 11:39:20,154.78,23.0,401.38,29.0,117.89,9.0,454.21,29.0,278.08,246.6,32.0,58.0,52.34402382316362,90,-26.0,-29.0,-0.29,158.5,4.0
2025-04-08 11:39:23,138.77,13.0,157.0,9.0,67.75,16.0,398.71,35.0,147.88,18.22999999999999,29.0,44.0,62.73065000460236,73,-15.0,-1.0,-0.21,158.5,
2025-04-08 11:39:24,144.67,18.0,156.33,12.0,143.0,6.0,399.08,12.0,150.5,11.660000000000023,24.0,24.0,63.583415290466405,48,0.0,-25.0,0.0,158.5,
2025-04-08 11:39:25,145.83,36.0,155.75,48.0,131.39,61.0,157.0,12.0,150.79,9.919999999999987,97.0,60.0,29.687522126306018,157,37.0,109.0,0.24,158.5,
2025-04-08 11:39:26,146.78,27.0,151.31,52.0,132.67,72.0,155.93,15.0,149.04,4.530000000000001,99.0,67.0,16.040779906223573,166,32.0,9.0,0.19,158.5,
2025-04-08 11:39:27,148.55,33.0,151.0,46.0,143.37,57.0,157.0,11.0,149.77,2.4499999999999886,90.0,57.0,1.1754701186794292,147,33.0,-19.0,0.22,151.0,5.0
2025-04-08 11:39:28,150.08,36.0,272.0,27.0,109.81,43.0,427.62,24.0,211.04,121.92,79.0,51.0,27.29519316656162,130,28.0,-17.0,0.22,153.0,3.0
2025-04-08 11:39:30,166.56,27.0,257.11,27.0,161.91,23.0,541.67,45.0,211.83,90.55,50.0,72.0,77.2907035160111,122,-22.0,-27.0,-0.18,167.5,4.0
2025-04-08 11:39:31,166.0,22.0,224.5,20.0,162.77,143.0,440.62,32.0,195.25,58.5,165.0,52.0,70.31633146005224,217,113.0,95.0,0.52,166.0,1.0
2025-04-08 11:39:32,166.0,10.0,223.0,10.0,163.0,100.0,525.0,23.0,194.5,57.0,110.0,33.0,61.19052679949681,143,77.0,-74.0,0.54,166.0,
2025-04-08 11:39:33,166.0,10.0,203.8,10.0,163.0,100.0,399.84,19.0,184.9,37.80000000000001,110.0,29.0,64.28258278880784,139,81.0,-4.0,0.58,166.0,
2025-04-08 11:39:34,163.18,101.0,223.0,16.0,162.8,75.0,240.24,37.0,193.09,59.81999999999999,176.0,53.0,9.811250175177577,229,123.0,90.0,0.54,165.0,3.0
2025-04-08 11:39:35,163.0,114.0,222.5,12.0,162.0,18.0,235.0,30.0,192.75,59.5,132.0,42.0,4.151056492017471,174,90.0,-55.0,0.52,165.0,
2025-04-08 11:39:36,163.02,194.0,221.42,24.0,162.56,68.0,350.35,37.0,192.22,58.39999999999998,262.0,61.0,3.780498644348408,323,201.0,149.0,0.62,165.0,
2025-04-08 11:39:37,163.16,76.0,212.5,20.0,162.9,126.0,233.2,20.0,187.83,49.34,202.0,40.0,3.627432976626808,242,162.0,-81.0,0.67,163.4,5.0
2025-04-08 11:39:38,163.0,144.0,204.33,18.0,162.0,27.0,207.0,18.0,183.67,41.33000000000001,171.0,36.0,4.08589280328297,207,135.0,-35.0,0.65,163.4,
2025-04-08 11:39:39,163.0,64.0,203.5,8.0,162.0,12.0,207.0,8.0,183.25,40.5,76.0,16.0,4.519278703501113,92,60.0,-115.0,0.65,163.4,
2025-04-08 11:39:40,163.0,176.0,201.75,24.0,162.0,33.0,262.69,29.0,182.38,38.75,209.0,53.0,4.124578766361214,262,156.0,168.0,0.6,163.4,
2025-04-08 11:39:41,166.79,66.0,199.65,26.0,162.98,163.0,200.23,26.0,183.22,32.860000000000014,229.0,52.0,2.153404281577677,281,177.0,19.0,0.63,163.4,
2025-04-08 11:39:42,163.47,159.0,194.94,31.0,162.64,75.0,197.17,23.0,179.2,31.47,234.0,54.0,1.818826544758032,288,180.0,7.0,0.62,168.0,5.0
2025-04-08 11:39:43,163.01,159.0,176.15,20.0,162.27,49.0,177.83,23.0,169.58,13.140000000000017,208.0,43.0,5.802764858230549,251,165.0,-37.0,0.66,163.33,6.0
2025-04-08 11:39:44,163.05,165.0,172.91,23.0,162.22,54.0,174.06,32.0,167.98,9.859999999999983,219.0,55.0,7.202355170353266,274,164.0,23.0,0.6,165.25,4.0
2025-04-08 11:39:45,163.0,154.0,169.93,28.0,161.77,70.0,171.6,15.0,166.46,6.930000000000007,224.0,43.0,7.452215777868576,267,181.0,-7.0,0.68,165.25,
2025-04-08 11:39:46,163.0,172.0,165.8,41.0,162.0,144.0,166.05,56.0,164.4,2.800000000000012,316.0,97.0,5.737061965842106,413,219.0,146.0,0.53,163.0,2.0
2025-04-08 11:39:47,162.63,49.0,227.45,38.0,161.64,88.0,322.43,28.0,195.04,64.82,137.0,66.0,12.638390720337505,203,71.0,-168.0,0.35,163.0,9.0
2025-04-08 11:39:48,161.75,79.0,290.22,23.0,159.93,107.0,615.84,32.0,225.98,128.47000000000003,186.0,55.0,26.61132315387412,241,131.0,38.0,0.54,161.5,12.0
2025-04-08 11:39:49,160.0,10.0,249.0,4.0,159.0,14.0,552.0,6.0,204.5,89.0,24.0,10.0,26.132177100270827,34,14.0,-168.0,0.41,161.5,
2025-04-08 11:39:50,160.0,30.0,249.0,12.0,142.86,28.0,585.0,18.0,204.5,89.0,58.0,30.0,22.36735746573389,88,28.0,54.0,0.32,161.5,
2025-04-08 11:39:51,160.0,40.0,248.12,16.0,142.0,40.0,282.35,17.0,204.06,88.12,80.0,33.0,11.448322147805078,113,47.0,25.0,0.42,161.5,
2025-04-08 11:39:52,160.0,53.0,247.0,18.0,149.0,17.0,475.3,23.0,203.5,87.0,70.0,41.0,9.775782321631596,111,29.0,-2.0,0.26,160.0,2.0
2025-04-08 11:39:53,160.0,45.0,195.67,30.0,159.0,8.0,275.67,24.0,177.83,35.66999999999999,53.0,54.0,11.7733606077416,107,-1.0,-4.0,-0.01,160.0,
2025-04-08 11:39:54,160.28,29.0,186.12,24.0,159.3,10.0,188.0,40.0,173.2,25.840000000000003,39.0,64.0,15.702411279797762,103,-25.0,-4.0,-0.24,164.0,2.0
2025-04-08 11:39:55,160.49,73.0,184.8,30.0,159.67,27.0,192.86,43.0,172.65,24.31,100.0,73.0,16.13162639041452,173,27.0,70.0,0.16,164.0,
2025-04-08 11:39:56,163.0,48.0,182.18,22.0,160.0,72.0,183.33,18.0,172.59,19.180000000000007,120.0,40.0,13.34277819645956,160,80.0,-13.0,0.5,164.0,
2025-04-08 11:39:57,163.0,12.0,181.0,6.0,160.0,18.0,182.0,4.0,172.0,18.0,30.0,10.0,2.3728105697495243,40,20.0,-120.0,0.5,164.0,
2025-04-08 11:39:58,163.0,48.0,180.38,24.0,160.0,72.0,182.0,16.0,171.69,17.379999999999995,120.0,40.0,0.5914642845639793,160,80.0,120.0,0.5,164.0,
2025-04-08 11:39:59,165.59,85.0,179.14,21.0,161.08,83.0,180.14,29.0,172.37,13.549999999999985,168.0,50.0,0.4079215609829351,218,118.0,58.0,0.54,164.0,
2025-04-08 11:40:00,167.1,122.0,177.76,37.0,164.16,110.0,179.19,48.0,172.43,10.659999999999997,232.0,85.0,0.3649383508412717,317,147.0,99.0,0.46,167.0,3.0
2025-04-08 11:40:01,167.85,39.0,173.79,28.0,166.74,94.0,176.0,32.0,170.82,5.939999999999998,133.0,60.0,0.6548053145131555,193,73.0,-124.0,0.38,167.6,5.0
2025-04-08 11:40:02,167.0,31.0,170.82,17.0,163.0,36.0,171.85,13.0,168.91,3.819999999999993,67.0,30.0,1.457799711865286,97,37.0,-96.0,0.38,167.0,5.0
2025-04-08 11:40:03,167.95,43.0,169.5,24.0,164.33,27.0,436.89,36.0,168.73,1.5500000000000114,70.0,60.0,1.7937168115157818,130,10.0,33.0,0.08,168.0,3.0
2025-04-08 11:40:04,164.25,64.0,203.8,30.0,163.92,26.0,304.56,39.0,184.03,39.55000000000001,90.0,69.0,6.358024850526693,159,21.0,29.0,0.13,167.67,6.0
2025-04-08 11:40:05,163.0,30.0,249.0,18.0,162.0,12.0,271.0,30.0,206.0,86.0,42.0,48.0,16.016072240094225,90,-6.0,-69.0,-0.07,163.0,3.0
2025-04-08 11:40:06,163.0,30.0,260.25,40.0,162.0,20.0,311.97,39.0,211.62,97.25,50.0,79.0,20.20721084167528,129,-29.0,39.0,-0.22,163.0,
2025-04-08 11:40:07,163.0,22.0,258.76,51.0,162.0,22.0,267.64,28.0,210.88,95.76,44.0,79.0,19.052657819840288,123,-35.0,-6.0,-0.28,163.0,1.0
2025-04-08 11:40:08,163.0,11.0,232.44,27.0,162.0,18.0,607.44,45.0,197.72,69.44,29.0,72.0,11.49592971446514,101,-43.0,-22.0,-0.43,163.0,1.0
2025-04-08 11:40:10,162.0,10.0,363.56,18.0,160.0,110.0,380.95,38.0,262.78,201.56,120.0,56.0,58.48324563496739,176,64.0,1.0,0.36,163.0,
2025-04-08 11:40:11,163.0,6.0,291.12,26.0,160.25,24.0,344.5,10.0,227.06,128.12,30.0,36.0,56.69892573938181,66,-6.0,-110.0,-0.09,163.0,
2025-04-08 11:40:12,164.5,10.0,300.5,16.0,163.0,10.0,421.95,22.0,232.5,136.0,20.0,38.0,53.96597075935848,58,-18.0,-8.0,-0.31,163.0,
2025-04-08 11:40:13,164.4,10.0,232.77,13.0,162.8,10.0,300.5,16.0,198.58,68.37,20.0,29.0,53.751340634443096,49,-9.0,-9.0,-0.18,163.0,
2025-04-08 11:40:14,165.64,11.0,202.47,17.0,164.0,11.0,204.4,20.0,184.05,36.83000000000001,22.0,37.0,30.75101917010109,59,-15.0,10.0,-0.25,163.0,
2025-04-08 11:40:15,167.27,11.0,190.09,11.0,165.27,11.0,196.62,32.0,178.68,22.819999999999997,22.0,43.0,24.557806905339103,65,-21.0,6.0,-0.32,163.0,
2025-04-08 11:40:16,168.0,12.0,187.1,48.0,166.0,12.0,189.65,20.0,177.55,19.099999999999994,24.0,68.0,22.951927370047123,92,-44.0,27.0,-0.48,163.0,
2025-04-08 11:40:17,168.0,7.0,185.05,19.0,166.0,7.0,186.45,11.0,176.53,17.05000000000001,14.0,30.0,9.138302358748904,44,-16.0,-48.0,-0.36,163.0,
2025-04-08 11:40:20,166.33,12.0,169.35,43.0,163.13,52.0,176.52,46.0,167.84,3.019999999999982,64.0,89.0,4.310339893780285,153,-25.0,51.0,-0.16,168.0,1.0
2025-04-08 11:40:21,163.7,60.0,168.67,52.0,162.53,128.0,175.68,50.0,166.19,4.969999999999999,188.0,102.0,4.310339893780239,290,86.0,137.0,0.3,163.33,3.0
2025-04-08 11:40:22,166.0,17.0,167.06,16.0,163.0,84.0,169.94,34.0,166.53,1.0600000000000025,101.0,50.0,3.098230139920705,151,51.0,-139.0,0.34,166.0,5.0
2025-04-08 11:40:23,163.0,80.0,169.4,30.0,162.0,100.0,310.89,45.0,166.2,6.400000000000006,180.0,75.0,1.3420767488905887,255,105.0,104.0,0.41,166.0,1.0
2025-04-08 11:40:24,163.27,88.0,167.53,45.0,162.25,145.0,201.0,54.0,165.4,4.259999999999991,233.0,99.0,0.8901516724202398,332,134.0,77.0,0.4,163.5,12.0
2025-04-08 11:40:25,163.0,32.0,166.57,30.0,162.0,144.0,404.87,61.0,164.78,3.569999999999993,176.0,91.0,0.7147377140688707,267,85.0,-65.0,0.32,165.0,1.0
2025-04-08 11:40:26,163.0,14.0,454.14,7.0,162.0,63.0,635.63,27.0,308.57,291.14,77.0,34.0,63.88477150307355,111,43.0,-156.0,0.39,165.0,
2025-04-08 11:40:27,163.0,18.0,261.29,17.0,162.0,81.0,411.44,9.0,212.15,98.29000000000002,99.0,26.0,62.16235556991,125,73.0,14.0,0.58,165.0,
2025-04-08 11:40:28,163.0,20.0,249.91,32.0,162.0,90.0,251.38,32.0,206.45,86.91,110.0,64.0,58.64399756155715,174,46.0,49.0,0.26,165.0,
2025-04-08 11:40:29,163.0,20.0,207.07,40.0,162.0,90.0,243.81,36.0,185.04,44.06999999999999,110.0,76.0,55.35211802632237,186,34.0,12.0,0.18,165.0,
2025-04-08 11:40:30,163.0,15.0,239.41,22.0,162.0,72.0,326.17,30.0,201.2,76.41,87.0,52.0,49.06512478329108,139,35.0,-47.0,0.25,163.0,1.0
2025-04-08 11:40:31,163.0,15.0,241.46,37.0,162.0,135.0,261.87,31.0,202.23,78.46000000000001,150.0,68.0,10.117343030653815,218,82.0,79.0,0.38,163.0,
2025-04-08 11:40:32,162.18,44.0,237.61,31.0,161.62,116.0,238.71,35.0,199.9,75.43,160.0,66.0,8.161809235697605,226,94.0,8.0,0.42,163.0,
2025-04-08 11:40:33,162.09,70.0,232.6,47.0,161.13,95.0,233.93,45.0,197.34,70.50999999999999,165.0,92.0,7.008196629655761,257,73.0,31.0,0.28,164.6,5.0
2025-04-08 11:40:34,161.0,269.0,193.02,85.0,160.0,133.0,208.65,69.0,177.01,32.02000000000001,402.0,154.0,10.516678658203745,556,248.0,168.0,0.45,164.6,
2025-04-08 11:40:35,161.19,67.0,174.27,75.0,160.8,178.0,175.22,64.0,167.73,13.080000000000013,245.0,139.0,15.487468159770875,384,106.0,-168.0,0.28,161.5,2.0
2025-04-08 11:40:36,161.0,130.0,171.5,30.0,160.0,91.0,173.37,52.0,166.25,10.5,221.0,82.0,16.06000093399484,303,139.0,-81.0,0.46,161.5,
2025-04-08 11:40:37,161.0,137.0,165.95,39.0,160.0,98.0,167.03,37.0,163.47,4.949999999999989,235.0,76.0,13.815064241613689,311,159.0,8.0,0.51,161.0,3.0
2025-04-08 11:40:38,160.81,110.0,163.42,52.0,159.75,121.0,164.75,60.0,162.12,2.609999999999985,231.0,112.0,5.853877347528843,343,119.0,32.0,0.35,161.0,7.0
2025-04-08 11:40:39,160.0,56.0,163.0,24.0,159.0,80.0,177.57,28.0,161.5,3.0,136.0,52.0,2.683827490713688,188,84.0,-155.0,0.45,161.0,3.0
2025-04-08 11:40:40,161.78,54.0,164.89,44.0,159.29,84.0,210.16,31.0,163.33,3.109999999999985,138.0,75.0,1.8274928180188028,213,63.0,25.0,0.3,160.0,4.0
2025-04-08 11:40:41,161.8,30.0,219.65,20.0,159.31,58.0,398.67,18.0,190.73,57.85,88.0,38.0,12.604985124938135,126,50.0,-87.0,0.4,163.0,4.0
2025-04-08 11:40:42,160.44,27.0,319.0,16.0,159.03,72.0,552.83,29.0,239.72,158.56,99.0,45.0,33.76719043687106,144,54.0,18.0,0.38,163.0,
2025-04-08 11:40:43,163.52,46.0,319.0,22.0,162.96,46.0,558.0,44.0,241.26,155.48,92.0,66.0,39.3400034316206,158,26.0,14.0,0.16,165.0,2.0
2025-04-08 11:40:44,164.72,25.0,344.08,24.0,163.6,60.0,483.0,12.0,254.4,179.36,85.0,36.0,38.95556789471727,121,49.0,-37.0,0.4,164.29,7.0
2025-04-08 11:40:45,160.55,20.0,237.43,23.0,158.1,41.0,436.54,26.0,198.99,76.88,61.0,49.0,28.268255163697827,110,12.0,-11.0,0.11,160.75,4.0
2025-04-08 11:40:46,159.44,45.0,362.0,22.0,157.04,70.0,583.78,41.0,260.72,202.56,115.0,63.0,24.05900496695433,178,52.0,68.0,0.29,160.4,5.0
2025-04-08 11:40:47,162.17,12.0,342.8,30.0,159.0,196.0,580.69,39.0,252.48,180.63,208.0,69.0,24.816889410237007,277,139.0,99.0,0.5,160.4,
2025-04-08 11:40:48,159.44,82.0,284.67,36.0,154.52,134.0,360.0,36.0,222.05,125.23000000000002,216.0,72.0,26.31844163319577,288,144.0,11.0,0.5,161.0,3.0
2025-04-08 11:40:49,159.0,97.0,324.71,21.0,119.0,21.0,344.71,21.0,241.86,165.70999999999998,118.0,42.0,24.89130872412963,160,76.0,-128.0,0.47,159.0,4.0
2025-04-08 11:40:50,162.5,144.0,324.2,45.0,138.69,75.0,421.19,63.0,243.35,161.7,219.0,108.0,14.476110320107905,327,111.0,167.0,0.34,159.0,
2025-04-08 11:40:51,168.0,64.0,336.0,24.0,166.0,16.0,436.25,40.0,252.0,168.0,80.0,64.0,12.339666527096016,144,16.0,-168.0,0.11,159.0,
2025-04-08 11:40:52,168.0,88.0,320.26,27.0,166.0,22.0,379.43,49.0,244.13,152.26,110.0,76.0,11.13152145934838,186,34.0,42.0,0.18,159.0,
2025-04-08 11:40:53,168.0,80.0,204.94,34.0,166.0,20.0,282.6,20.0,186.47,36.94,100.0,54.0,26.6174786559496,154,46.0,-32.0,0.3,159.0,
2025-04-08 11:40:54,168.0,72.0,293.46,39.0,166.0,22.0,385.24,49.0,230.73,125.45999999999998,94.0,88.0,26.2123478536344,182,6.0,28.0,0.03,168.0,4.0
2025-04-08 11:40:55,168.0,44.0,228.88,49.0,166.43,28.0,261.13,39.0,198.44,60.88,72.0,88.0,28.64776483427512,160,-16.0,-22.0,-0.1,168.0,
2025-04-08 11:40:56,168.0,46.0,227.0,39.0,167.0,52.0,228.0,65.0,197.5,59.0,98.0,104.0,24.63515638269683,202,-6.0,42.0,-0.03,168.0,1.0
2025-04-08 11:40:57,168.0,18.0,225.93,28.0,167.0,24.0,227.25,20.0,196.96,57.93000000000001,42.0,48.0,16.769891174361472,90,-6.0,-112.0,-0.07,168.0,
2025-04-08 11:40:58,168.0,21.0,224.39,28.0,167.0,28.0,225.56,27.0,196.2,56.38999999999999,49.0,55.0,14.983760542665088,104,-6.0,14.0,-0.06,168.0,
2025-04-08 11:40:59,168.0,30.0,219.14,44.0,167.0,40.0,221.73,33.0,193.57,51.13999999999999,70.0,77.0,1.84691093448656,147,-7.0,43.0,-0.05,168.0,
2025-04-08 11:41:00,168.0,39.0,199.19,52.0,167.0,52.0,201.53,51.0,183.6,31.19,91.0,103.0,5.771800412343241,194,-12.0,47.0,-0.06,168.0,
2025-04-08 11:41:01,167.47,19.0,174.75,32.0,166.55,22.0,176.0,40.0,171.11,7.280000000000001,41.0,72.0,10.985944201566143,113,-31.0,-81.0,-0.27,167.6,5.0
2025-04-08 11:41:02,167.0,16.0,171.91,35.0,166.0,16.0,172.97,39.0,169.46,4.909999999999997,32.0,74.0,12.357223393623832,106,-42.0,-7.0,-0.4,167.6,
2025-04-08 11:41:03,166.59,17.0,168.48,48.0,165.0,20.0,169.87,47.0,167.53,1.8899999999999864,37.0,95.0,11.172901592689495,132,-58.0,26.0,-0.44,166.67,3.0
2025-04-08 11:41:04,163.43,28.0,165.53,38.0,161.8,40.0,169.12,32.0,164.48,2.0999999999999943,68.0,70.0,7.338537320196901,138,-2.0,6.0,-0.01,164.67,3.0
2025-04-08 11:41:05,160.75,32.0,163.88,32.0,159.31,26.0,165.0,24.0,162.31,3.1299999999999955,58.0,56.0,3.590566807611593,114,2.0,-24.0,0.02,163.0,4.0
2025-04-08 11:41:06,160.0,52.0,161.82,49.0,159.0,31.0,164.14,42.0,160.91,1.8199999999999927,83.0,91.0,3.553444807496219,174,-8.0,60.0,-0.05,163.0,
2025-04-08 11:41:07,159.97,29.0,161.0,24.0,158.78,9.0,170.38,32.0,160.48,1.0300000000000011,38.0,56.0,2.907106809169841,94,-18.0,-80.0,-0.19,160.0,4.0
2025-04-08 11:41:08,159.0,8.0,160.75,24.0,158.0,16.0,536.64,39.0,159.88,1.75,24.0,63.0,1.8362107721940677,87,-39.0,-7.0,-0.45,160.0,
2025-04-08 11:41:09,165.76,88.0,198.38,47.0,161.75,120.0,462.61,59.0,182.07,32.620000000000005,208.0,106.0,9.511958263150747,314,102.0,168.0,0.32,163.43,7.0
2025-04-08 11:41:10,166.0,63.0,200.4,10.0,162.0,112.0,239.62,29.0,183.2,34.400000000000006,175.0,39.0,12.177884463235891,214,136.0,-100.0,0.64,163.43,
2025-04-08 11:41:11,166.0,54.0,200.0,6.0,162.27,44.0,201.0,24.0,183.0,34.0,98.0,30.0,12.374917373458397,128,68.0,-86.0,0.53,163.43,
2025-04-08 11:41:12,166.82,49.0,200.0,9.0,165.88,75.0,397.78,41.0,183.41,33.18000000000001,124.0,50.0,10.316499890947638,174,74.0,46.0,0.43,167.0,2.0
2025-04-08 11:41:13,167.0,21.0,199.14,7.0,166.0,63.0,613.0,28.0,183.07,32.139999999999986,84.0,35.0,0.5160910771586071,119,49.0,-55.0,0.41,167.0,
2025-04-08 11:41:14,167.36,33.0,198.0,11.0,166.0,99.0,487.04,52.0,182.68,30.639999999999983,132.0,63.0,0.2690167279607933,195,69.0,76.0,0.35,167.0,
2025-04-08 11:41:15,166.23,26.0,197.4,10.0,163.75,36.0,390.0,50.0,181.82,31.170000000000016,62.0,60.0,0.6040943634257384,122,2.0,-73.0,0.02,166.6,10.0
2025-04-08 11:41:16,166.0,8.0,195.5,10.0,163.0,12.0,210.12,8.0,180.75,29.5,20.0,18.0,1.0714149522583585,38,2.0,-84.0,0.05,166.6,
2025-04-08 11:41:17,166.17,36.0,193.19,21.0,163.28,57.0,194.13,31.0,179.68,27.02000000000001,93.0,52.0,1.3950448021202866,145,41.0,107.0,0.28,166.6,5.0
2025-04-08 11:41:18,163.0,30.0,187.62,16.0,162.0,160.0,190.0,22.0,175.31,24.620000000000005,190.0,38.0,2.878553456151695,228,152.0,83.0,0.67,166.6,
2025-04-08 11:41:19,163.0,12.0,184.3,10.0,162.0,64.0,185.17,6.0,173.65,21.30000000000001,76.0,16.0,3.565216683446156,92,60.0,-136.0,0.65,166.6,
2025-04-08 11:41:20,164.0,11.0,180.17,23.0,163.0,33.0,181.57,21.0,172.09,16.169999999999987,44.0,44.0,3.773377797136511,88,0.0,-4.0,0.0,166.6,
2025-04-08 11:41:21,163.76,17.0,174.83,23.0,162.53,73.0,175.06,35.0,169.3,11.070000000000022,90.0,58.0,3.867781017576196,148,32.0,60.0,0.22,163.5,2.0
2025-04-08 11:41:22,163.0,12.0,170.83,12.0,162.0,170.0,172.17,12.0,166.92,7.8300000000000125,182.0,24.0,3.36498588405996,206,158.0,58.0,0.77,163.0,1.0
2025-04-08 11:41:23,166.56,77.0,169.98,55.0,162.09,131.0,170.86,21.0,168.27,3.4199999999999875,208.0,76.0,2.7680914002111288,284,132.0,78.0,0.46,166.0,3.0
2025-04-08 11:41:24,167.0,48.0,169.37,35.0,162.01,77.0,245.69,51.0,168.19,2.3700000000000045,125.0,86.0,1.945695248471063,211,39.0,-73.0,0.18,167.25,4.0
2025-04-08 11:41:25,167.0,33.0,169.0,33.0,162.64,25.0,334.0,55.0,168.0,2.0,58.0,88.0,0.847484513087371,146,-30.0,-65.0,-0.21,167.25,
2025-04-08 11:41:26,163.1,115.0,166.29,28.0,161.79,24.0,228.85,41.0,164.7,3.1899999999999977,139.0,69.0,1.5076571227978155,208,70.0,62.0,0.34,166.2,5.0
2025-04-08 11:41:27,163.0,58.0,164.0,30.0,161.89,18.0,413.26,38.0,163.5,1.0,76.0,68.0,2.2624035890890486,144,8.0,-64.0,0.06,163.0,2.0
2025-04-08 11:41:28,163.0,25.0,171.43,7.0,162.0,10.0,379.38,21.0,167.21,8.430000000000007,35.0,28.0,2.102867090408476,63,7.0,-81.0,0.11,164.0,3.0
2025-04-08 11:41:29,163.53,53.0,207.17,29.0,162.67,30.0,260.0,40.0,185.35,43.63999999999999,83.0,69.0,8.908410071383269,152,14.0,89.0,0.09,164.0,
2025-04-08 11:41:30,165.67,84.0,237.39,56.0,163.48,64.0,362.81,31.0,201.53,71.72,148.0,87.0,16.578289115584962,235,61.0,83.0,0.26,164.0,
2025-04-08 11:41:39,168.0,54.0,344.85,39.0,166.0,9.0,470.43,42.0,256.42,176.85000000000002,63.0,81.0,35.53259630254905,144,-18.0,40.0,-0.12,164.0,
2025-04-08 11:41:40,163.69,29.0,422.76,33.0,162.67,12.0,466.33,21.0,293.22,259.07,41.0,54.0,51.71482843440481,95,-13.0,-49.0,-0.14,167.71,7.0
2025-04-08 11:41:41,163.0,35.0,342.33,30.0,162.0,14.0,436.58,33.0,252.67,179.32999999999998,49.0,63.0,49.694556241100734,112,-14.0,17.0,-0.12,167.71,
2025-04-08 11:41:42,163.0,13.0,298.0,36.0,162.0,18.0,455.78,41.0,230.5,135.0,31.0,77.0,42.86429983097734,108,-46.0,-4.0,-0.43,163.0,4.0
2025-04-08 11:41:43,164.03,68.0,281.12,16.0,162.53,17.0,302.3,37.0,222.58,117.09,85.0,53.0,27.57992784616963,138,32.0,30.0,0.23,164.0,5.0
2025-04-08 11:41:44,167.0,60.0,307.14,22.0,163.0,13.0,548.0,10.0,237.07,140.14,73.0,32.0,27.997376127057397,105,41.0,-33.0,0.39,164.0,
2025-04-08 11:41:45,168.0,50.0,246.05,19.0,163.0,18.0,270.0,24.0,207.03,78.05000000000001,68.0,43.0,16.93248800383227,111,25.0,6.0,0.23,168.0,1.0
2025-04-08 11:41:55,167.15,26.0,205.2,20.0,165.0,36.0,205.77,26.0,186.18,38.04999999999998,62.0,46.0,3.1667964885559554,108,16.0,-54.0,0.15,168.0,6.0
2025-04-08 11:41:56,165.68,37.0,189.96,24.0,162.87,47.0,192.48,44.0,177.82,24.28,84.0,68.0,6.113793421430863,152,16.0,44.0,0.11,166.0,3.0
2025-04-08 11:41:57,163.0,29.0,186.06,48.0,161.48,52.0,186.67,30.0,174.53,23.06,81.0,78.0,7.64202002090627,159,3.0,7.0,0.02,163.0,3.0
2025-04-08 11:41:58,163.0,10.0,180.3,30.0,162.0,50.0,183.0,50.0,171.65,17.30000000000001,60.0,80.0,7.971834795072797,140,-20.0,-19.0,-0.14,163.0,
2025-04-08 11:41:59,166.79,95.0,179.18,44.0,162.26,34.0,182.78,68.0,172.99,12.390000000000017,129.0,112.0,5.811164255115704,241,17.0,101.0,0.07,163.0,
2025-04-08 11:42:00,167.0,190.0,174.22,79.0,163.0,19.0,176.0,51.0,170.61,7.219999999999999,209.0,130.0,2.817623111762015,339,79.0,98.0,0.23,163.0,
2025-04-08 11:42:01,167.0,162.0,168.84,95.0,163.0,19.0,172.78,27.0,167.92,1.8400000000000036,181.0,122.0,2.501199712125417,303,59.0,-36.0,0.19,167.0,8.0
2025-04-08 11:42:02,167.0,14.0,175.0,39.0,163.0,13.0,403.32,47.0,171.0,8.0,27.0,86.0,1.8630163713549448,113,-59.0,-168.0,-0.52,164.75,4.0
2025-04-08 11:42:03,162.0,104.0,175.0,39.0,161.0,89.0,297.73,45.0,168.5,13.0,193.0,84.0,2.0420896160395974,277,109.0,164.0,0.39,164.75,
2025-04-08 11:42:04,162.0,37.0,173.34,41.0,161.0,101.0,177.92,59.0,167.67,11.340000000000003,138.0,100.0,1.5555867060170852,238,38.0,-39.0,0.16,162.0,3.0
2025-04-08 11:42:05,161.58,19.0,171.08,36.0,160.92,96.0,174.0,60.0,166.33,9.5,115.0,96.0,1.7139807466647137,211,19.0,-27.0,0.09,162.0,
2025-04-08 11:42:06,164.28,29.0,169.85,46.0,162.0,43.0,195.45,66.0,167.06,5.569999999999993,72.0,112.0,1.8006026768661054,184,-40.0,-27.0,-0.22,168.0,2.0
2025-04-08 11:42:07,166.53,51.0,168.67,45.0,162.44,78.0,274.38,65.0,167.6,2.1399999999999864,129.0,110.0,0.8028511692322602,239,19.0,55.0,0.08,167.0,3.0
2025-04-08 11:42:08,163.16,75.0,168.54,39.0,162.12,68.0,384.04,51.0,165.85,5.379999999999996,143.0,90.0,0.7962223307203727,233,53.0,-6.0,0.23,165.4,5.0
2025-04-08 11:42:09,163.0,60.0,166.4,30.0,162.0,50.0,451.7,50.0,164.7,3.4000000000000057,110.0,80.0,1.121458871264556,190,30.0,-43.0,0.16,165.4,
2025-04-08 11:42:10,163.2,45.0,165.56,27.0,162.38,48.0,374.22,45.0,164.38,2.3600000000000136,93.0,72.0,1.4130534313811591,165,21.0,-25.0,0.13,165.4,
2025-04-08 11:42:11,164.0,30.0,165.0,24.0,163.0,48.0,403.12,40.0,164.5,1.0,78.0,64.0,1.3585580590972843,142,14.0,-23.0,0.1,165.4,
2025-04-08 11:42:12,163.58,57.0,345.45,33.0,162.71,42.0,555.92,39.0,254.52,181.87,99.0,72.0,40.10254605383472,171,27.0,29.0,0.16,165.0,3.0
2025-04-08 11:42:13,163.0,6.0,172.0,3.0,162.0,3.0,459.0,5.0,167.5,9.0,9.0,8.0,39.93473675886613,17,1.0,-154.0,0.06,165.0,
2025-04-08 11:42:14,163.0,42.0,400.93,27.0,162.0,21.0,480.04,27.0,281.96,237.93,63.0,54.0,57.13842944988885,117,9.0,100.0,0.08,165.0,
2025-04-08 11:42:15,163.0,35.0,462.72,47.0,162.0,45.0,481.24,51.0,312.86,299.72,80.0,98.0,67.39234466910851,178,-18.0,61.0,-0.1,163.0,6.0
2025-04-08 11:42:16,162.0,30.0,351.41,34.0,161.0,70.0,390.74,34.0,256.71,189.41000000000005,100.0,68.0,54.16088348614628,168,32.0,-10.0,0.19,163.0,
2025-04-08 11:42:17,163.49,43.0,348.55,33.0,161.1,59.0,350.64,33.0,256.02,185.06,102.0,66.0,54.163722176378464,168,36.0,0.0,0.21,166.0,4.0
2025-04-08 11:42:18,166.0,56.0,292.12,40.0,162.0,42.0,338.83,36.0,229.06,126.12,98.0,76.0,31.59236806571974,174,22.0,6.0,0.13,166.0,
2025-04-08 11:42:19,165.66,35.0,243.92,39.0,161.77,39.0,260.54,39.0,204.79,78.25999999999999,74.0,78.0,40.30275759795988,152,-4.0,-22.0,-0.03,164.67,6.0
2025-04-08 11:42:20,161.89,9.0,242.56,27.0,160.89,27.0,244.11,27.0,202.22,80.67000000000002,36.0,54.0,26.44963421297012,90,-18.0,-62.0,-0.2,161.33,3.0
2025-04-08 11:42:21,165.94,154.0,241.13,23.0,160.57,14.0,242.3,30.0,203.53,75.19,168.0,53.0,23.422321191545542,221,115.0,131.0,0.52,161.33,
2025-04-08 11:42:22,165.94,231.0,228.15,34.0,160.57,21.0,236.68,37.0,197.04,62.21000000000001,252.0,71.0,12.500806773961749,323,181.0,102.0,0.56,161.33,
2025-04-08 11:42:23,160.59,22.0,166.93,30.0,159.95,79.0,171.81,32.0,163.76,6.340000000000003,101.0,62.0,17.307176835056975,163,39.0,-160.0,0.24,161.0,1.0
2025-04-08 11:42:24,160.0,135.0,163.52,27.0,159.0,60.0,164.86,35.0,161.76,3.5200000000000102,195.0,62.0,21.05881573118337,257,133.0,94.0,0.52,161.0,
2025-04-08 11:42:25,160.0,41.0,161.0,9.0,159.0,36.0,162.4,15.0,160.5,1.0,77.0,24.0,21.123103938577284,101,53.0,-156.0,0.52,160.0,6.0
2025-04-08 11:42:26,160.0,24.0,364.57,35.0,159.0,32.0,571.43,37.0,262.29,204.57,56.0,72.0,43.66739744935499,128,-16.0,27.0,-0.12,162.0,2.0
2025-04-08 11:42:27,165.25,48.0,302.42,38.0,159.53,34.0,530.62,26.0,233.84,137.17000000000002,82.0,64.0,48.21138454763493,146,18.0,18.0,0.12,162.0,
2025-04-08 11:42:28,166.0,91.0,454.64,59.0,160.0,39.0,626.96,50.0,310.32,288.64,130.0,109.0,65.00958944648026,239,21.0,93.0,0.09,162.0,
2025-04-08 11:42:29,166.0,56.0,293.11,36.0,160.0,24.0,623.69,26.0,229.56,127.11,80.0,62.0,54.55845415698571,142,18.0,-97.0,0.13,162.0,
2025-04-08 11:42:30,166.07,45.0,224.62,42.0,163.23,39.0,496.54,35.0,195.34,58.55000000000001,84.0,77.0,42.97277277532727,161,7.0,19.0,0.04,162.0,
2025-04-08 11:42:31,166.17,54.0,221.25,56.0,164.07,56.0,390.44,57.0,193.71,55.08000000000001,110.0,113.0,47.307258216894304,223,-3.0,62.0,-0.01,169.0,1.0
2025-04-08 11:42:32,166.0,35.0,299.0,25.0,163.0,15.0,371.4,20.0,232.5,133.0,50.0,45.0,47.30194689439234,95,5.0,-128.0,0.05,169.0,
2025-04-08 11:42:33,166.0,84.0,376.17,48.0,163.0,36.0,502.71,42.0,271.08,210.17,120.0,90.0,31.849687910557563,210,30.0,115.0,0.14,169.0,
2025-04-08 11:42:34,168.0,43.0,301.08,39.0,166.0,70.0,431.22,36.0,234.54,133.07999999999998,113.0,75.0,32.12656968927614,188,38.0,-22.0,0.2,168.0,3.0
2025-04-08 11:42:35,166.48,21.0,246.67,18.0,165.14,49.0,315.0,36.0,206.57,80.19,70.0,54.0,29.805389613288327,124,16.0,-64.0,0.13,167.14,7.0
2025-04-08 11:42:36,166.0,48.0,245.42,12.0,162.06,64.0,359.0,49.0,205.71,79.41999999999999,112.0,61.0,26.708449037709297,173,51.0,49.0,0.29,167.14,
2025-04-08 11:42:37,165.1,40.0,245.0,10.0,162.6,60.0,429.9,40.0,205.05,79.9,100.0,50.0,28.824074139509094,150,50.0,-23.0,0.33,166.0,4.0
2025-04-08 11:42:38,163.0,60.0,242.8,10.0,162.0,60.0,440.4,40.0,202.9,79.80000000000001,120.0,50.0,13.254645600691234,170,70.0,20.0,0.41,163.0,4.0
2025-04-08 11:42:39,163.0,24.0,242.0,13.0,162.0,78.0,458.62,52.0,202.5,79.0,102.0,65.0,1.77488872888599,167,37.0,-3.0,0.22,163.0,1.0
2025-04-08 11:42:40,163.0,13.0,240.02,53.0,162.0,78.0,354.36,22.0,201.51,77.02000000000001,91.0,75.0,1.7748887288861337,166,16.0,-1.0,0.1,163.0,
2025-04-08 11:42:41,163.64,33.0,236.33,52.0,161.96,80.0,237.0,44.0,199.98,72.69000000000003,113.0,96.0,1.866164515772276,209,17.0,43.0,0.08,162.5,2.0
2025-04-08 11:42:42,163.54,26.0,230.15,48.0,161.92,48.0,230.75,24.0,196.84,66.61000000000001,74.0,72.0,2.456802800374561,146,2.0,-63.0,0.01,162.5,
2025-04-08 11:42:43,167.0,18.0,227.11,9.0,163.0,9.0,228.11,9.0,197.06,60.110000000000014,27.0,18.0,2.5626782864668702,45,9.0,-101.0,0.2,162.5,
2025-04-08 11:42:44,162.15,67.0,224.02,62.0,161.05,40.0,227.86,14.0,193.08,61.870000000000005,107.0,76.0,3.2483811352625467,183,31.0,138.0,0.17,165.67,3.0
2025-04-08 11:42:45,162.0,50.0,223.34,32.0,161.0,30.0,302.11,19.0,192.67,61.34,80.0,51.0,3.051946919579445,131,29.0,-52.0,0.22,165.67,
2025-04-08 11:42:46,162.0,45.0,226.27,15.0,161.0,27.0,280.67,27.0,194.13,64.27000000000001,72.0,42.0,2.073868366105009,114,30.0,-17.0,0.26,165.67,
2025-04-08 11:42:47,162.0,43.0,225.66,35.0,161.0,30.0,355.44,39.0,193.83,63.66,73.0,74.0,1.725262298878448,147,-1.0,33.0,-0.01,162.0,1.0
2025-04-08 11:42:48,162.57,28.0,224.0,25.0,161.47,17.0,225.0,20.0,193.29,61.43000000000001,45.0,45.0,0.5842088667006908,90,0.0,-57.0,0.0,162.0,
2025-04-08 11:42:49,163.0,88.0,222.38,39.0,162.0,44.0,224.23,52.0,192.69,59.38,132.0,91.0,0.6588778338445923,223,41.0,133.0,0.18,162.0,
2025-04-08 11:42:50,163.04,90.0,219.46,39.0,162.27,60.0,224.0,65.0,191.25,56.420000000000016,150.0,104.0,1.1403157457177655,254,46.0,31.0,0.18,162.0,
2025-04-08 11:42:51,163.21,76.0,214.82,89.0,162.75,128.0,216.29,86.0,189.02,51.60999999999999,204.0,175.0,1.93201449268174,379,29.0,125.0,0.08,162.0,
2025-04-08 11:42:52,163.25,85.0,206.41,54.0,162.67,97.0,211.0,63.0,184.83,43.16,182.0,117.0,3.430696722231934,299,65.0,-80.0,0.22,162.0,
2025-04-08 11:42:53,164.0,20.0,189.0,30.0,163.0,110.0,190.0,40.0,176.5,25.0,130.0,70.0,6.507247497977483,200,60.0,-99.0,0.3,164.0,2.0
2025-04-08 11:42:54,165.5,12.0,189.0,36.0,163.0,132.0,190.0,48.0,177.25,23.5,144.0,84.0,6.708200205713552,228,60.0,28.0,0.26,164.0,
2025-04-08 11:42:55,164.08,26.0,186.11,56.0,162.16,133.0,187.55,62.0,175.09,22.03,159.0,118.0,6.065531304010936,277,41.0,49.0,0.15,163.4,10.0
2025-04-08 11:42:56,163.0,28.0,182.95,61.0,161.0,112.0,183.94,51.0,172.98,19.94999999999999,140.0,112.0,4.496815539905745,252,28.0,-25.0,0.11,163.4,
2025-04-08 11:42:57,163.0,22.0,180.92,39.0,161.0,88.0,182.2,50.0,171.96,17.919999999999987,110.0,89.0,2.2552671681950875,199,21.0,-53.0,0.11,163.4,
2025-04-08 11:42:58,164.29,35.0,178.28,53.0,161.58,81.0,179.06,49.0,171.28,13.990000000000007,116.0,102.0,2.446235883952943,218,14.0,19.0,0.06,166.0,5.0
2025-04-08 11:42:59,163.0,14.0,176.65,23.0,162.0,49.0,177.81,31.0,169.83,13.650000000000006,63.0,54.0,1.9670714272591847,117,9.0,-101.0,0.08,166.0,
2025-04-08 11:43:00,163.0,18.0,174.15,26.0,162.0,63.0,175.26,27.0,168.58,11.150000000000006,81.0,53.0,1.7405688725068815,134,28.0,17.0,0.21,166.0,
2025-04-08 11:43:01,162.68,22.0,166.44,39.0,161.99,92.0,168.3,44.0,164.56,3.759999999999991,114.0,83.0,2.926007518777154,197,31.0,63.0,0.16,163.0,1.0
2025-04-08 11:43:02,162.02,92.0,167.13,31.0,161.33,21.0,181.6,43.0,164.58,5.109999999999985,113.0,74.0,3.070013029278687,187,39.0,-10.0,0.21,163.5,10.0
2025-04-08 11:43:03,162.03,36.0,168.9,30.0,161.36,14.0,170.2,30.0,165.46,6.8700000000000045,50.0,60.0,2.4441194733362086,110,-10.0,-77.0,-0.09,162.33,3.0
2025-04-08 11:43:04,162.0,39.0,165.87,38.0,161.0,13.0,199.0,42.0,163.93,3.870000000000005,52.0,80.0,1.8474631254619287,132,-28.0,22.0,-0.21,164.25,4.0
2025-04-08 11:43:05,159.69,13.0,164.67,12.0,138.5,46.0,346.67,12.0,162.18,4.97999999999999,59.0,24.0,1.224548896509192,83,35.0,-49.0,0.42,161.75,4.0
2025-04-08 11:43:06,160.0,15.0,241.33,30.0,146.4,45.0,382.12,51.0,200.67,81.33000000000001,60.0,81.0,16.426592160272914,141,-21.0,58.0,-0.15,164.0,2.0
2025-04-08 11:43:07,166.0,34.0,279.64,39.0,161.0,11.0,343.31,36.0,222.82,113.64,45.0,75.0,27.39821837273249,120,-30.0,-21.0,-0.25,166.0,3.0
2025-04-08 11:43:08,165.53,17.0,241.75,24.0,157.33,12.0,283.88,32.0,203.64,76.22,29.0,56.0,26.59205087991398,85,-27.0,-35.0,-0.32,156.9,10.0
2025-04-08 11:43:10,131.53,57.0,273.6,20.0,97.75,53.0,275.89,18.0,202.56,142.07000000000002,110.0,38.0,12.224673819776571,148,72.0,-31.0,0.49,156.9,
2025-04-08 11:43:11,147.78,59.0,272.0,32.0,123.13,92.0,465.56,36.0,209.89,124.22,151.0,68.0,12.348118480154383,219,83.0,71.0,0.38,156.9,
2025-04-08 11:43:12,161.0,48.0,269.21,28.0,149.39,188.0,270.64,44.0,215.11,108.20999999999998,236.0,72.0,9.8876625144637,308,164.0,89.0,0.53,156.9,
2025-04-08 11:43:13,161.86,44.0,226.79,66.0,159.49,165.0,259.33,36.0,194.33,64.92999999999998,209.0,102.0,10.80676639887858,311,107.0,3.0,0.34,156.9,
2025-04-08 11:43:14,167.0,16.0,222.3,40.0,165.0,64.0,230.29,56.0,194.65,55.30000000000001,80.0,96.0,9.20237578019561,176,-16.0,-135.0,-0.09,156.9,
2025-04-08 11:43:15,167.13,38.0,220.0,20.0,166.45,88.0,224.0,40.0,193.57,52.870000000000005,126.0,60.0,10.208329931968862,186,66.0,10.0,0.35,167.5,2.0
2025-04-08 11:43:16,167.0,208.0,218.92,48.0,165.0,64.0,220.58,48.0,192.96,51.91999999999999,272.0,96.0,9.518312875711354,368,176.0,168.0,0.48,167.0,4.0
2025-04-08 11:43:17,167.0,74.0,217.07,28.0,165.0,40.0,218.33,27.0,192.04,50.06999999999999,114.0,55.0,1.053446723823279,169,59.0,-168.0,0.35,167.0,4.0
2025-04-08 11:43:18,167.0,56.0,214.71,21.0,165.0,32.0,215.69,29.0,190.86,47.71000000000001,88.0,50.0,1.447490932591367,138,38.0,-31.0,0.28,167.0,
2025-04-08 11:43:19,167.0,53.0,213.22,36.0,165.0,44.0,214.46,26.0,190.11,46.22,97.0,62.0,1.433307364082996,159,35.0,21.0,0.22,167.0,4.0
2025-04-08 11:43:20,167.0,18.0,205.16,19.0,165.0,24.0,212.44,18.0,186.08,38.16,42.0,37.0,2.6552212713698906,79,5.0,-80.0,0.06,167.0,
2025-04-08 11:43:21,167.0,27.0,169.43,21.0,165.0,36.0,207.49,35.0,168.21,2.430000000000007,63.0,56.0,9.899820705443972,119,7.0,40.0,0.06,167.0,
2025-04-08 11:43:22,165.81,37.0,173.78,23.0,164.31,26.0,238.47,38.0,169.8,7.969999999999999,63.0,61.0,11.124763817714925,124,2.0,5.0,0.02,166.2,5.0
2025-04-08 11:43:23,164.24,21.0,184.77,44.0,159.86,35.0,273.4,30.0,174.51,20.53,56.0,74.0,9.834504054599826,130,-18.0,6.0,-0.14,163.25,4.0
2025-04-08 11:43:24,165.84,38.0,176.88,34.0,162.89,56.0,195.0,38.0,171.36,11.039999999999992,94.0,72.0,7.147025255303204,166,22.0,36.0,0.13,163.25,
2025-04-08 11:43:25,166.38,39.0,172.38,34.0,163.67,54.0,173.54,26.0,169.38,6.0,93.0,60.0,2.433756355912208,153,33.0,-13.0,0.22,163.25,
2025-04-08 11:43:26,166.61,61.0,168.87,46.0,164.55,62.0,170.23,48.0,167.74,2.259999999999991,123.0,94.0,2.5575808882502837,217,29.0,64.0,0.13,167.0,5.0
2025-04-08 11:43:27,164.12,24.0,169.0,24.0,162.67,36.0,228.53,38.0,166.56,4.879999999999996,60.0,62.0,3.141448710379237,122,-2.0,-95.0,-0.02,166.0,4.0
2025-04-08 11:43:28,161.83,24.0,169.48,23.0,159.05,148.0,172.24,21.0,165.66,7.649999999999977,172.0,44.0,2.275565863679663,216,128.0,94.0,0.59,166.0,
2025-04-08 11:43:29,161.36,22.0,168.5,40.0,159.08,150.0,170.0,10.0,164.93,7.139999999999986,172.0,50.0,1.759227103004254,222,122.0,6.0,0.55,166.0,
2025-04-08 11:43:30,163.0,11.0,166.59,17.0,161.78,23.0,167.16,38.0,164.79,3.5900000000000034,34.0,55.0,1.2293616229349142,89,-21.0,-133.0,-0.24,166.0,
2025-04-08 11:43:31,161.35,23.0,162.55,31.0,159.04,293.0,213.33,18.0,161.95,1.200000000000017,316.0,49.0,1.7301936307667023,365,267.0,168.0,0.73,162.25,4.0
2025-04-08 11:43:32,159.0,135.0,162.0,21.0,158.0,14.0,164.0,7.0,160.5,3.0,149.0,28.0,2.222347857547547,177,121.0,-168.0,0.68,159.4,10.0
2025-04-08 11:43:33,159.0,212.0,160.07,42.0,158.0,28.0,309.87,30.0,159.54,1.0699999999999932,240.0,72.0,2.45399062751811,312,168.0,135.0,0.54,159.0,1.0
2025-04-08 11:43:34,159.0,105.0,160.0,21.0,158.0,14.0,323.71,35.0,159.5,1.0,119.0,56.0,2.2119290223574537,175,63.0,-137.0,0.36,159.0,
2025-04-08 11:43:35,158.94,71.0,160.0,33.0,152.14,28.0,294.82,55.0,159.47,1.0600000000000025,99.0,88.0,1.0736247016288742,187,11.0,12.0,0.06,159.0,3.0
2025-04-08 11:43:36,159.0,28.0,174.35,23.0,157.0,14.0,252.29,35.0,166.67,15.349999999999994,42.0,58.0,3.123656511197616,100,-16.0,-87.0,-0.16,160.0,3.0
2025-04-08 11:43:37,166.11,72.0,257.2,50.0,153.21,38.0,335.96,26.0,211.66,91.08999999999996,110.0,76.0,22.73669874893765,186,34.0,86.0,0.18,160.0,
2025-04-08 11:43:38,167.0,40.0,270.0,25.0,159.0,20.0,595.44,9.0,218.5,103.0,60.0,34.0,29.385784828721825,94,26.0,-92.0,0.28,160.0,
2025-04-08 11:43:39,167.0,72.0,270.0,45.0,159.0,36.0,766.67,9.0,218.5,103.0,108.0,54.0,29.35565277761564,162,54.0,68.0,0.33,160.0,
2025-04-08 11:43:40,159.98,41.0,265.3,44.0,157.25,81.0,391.55,22.0,212.64,105.32000000000002,122.0,66.0,21.99232775310354,188,56.0,26.0,0.3,167.0,8.0
2025-04-08 11:43:41,159.0,44.0,262.19,53.0,158.0,33.0,488.91,35.0,210.59,103.19,77.0,88.0,3.832064717606455,165,-11.0,-23.0,-0.07,167.0,
2025-04-08 11:43:42,158.1,40.0,383.16,31.0,157.02,159.0,409.31,49.0,270.63,225.06000000000003,199.0,80.0,25.100531269276324,279,119.0,114.0,0.43,159.0,4.0
2025-04-08 11:43:43,163.21,47.0,321.08,25.0,157.53,79.0,344.86,42.0,242.15,157.86999999999998,126.0,67.0,25.518224272074967,193,59.0,-86.0,0.31,159.0,
2025-04-08 11:43:44,165.0,60.0,229.23,69.0,159.0,75.0,269.07,59.0,197.12,64.22999999999999,135.0,128.0,29.583408018683688,263,7.0,70.0,0.03,165.0,2.0
2025-04-08 11:43:45,165.0,30.0,225.76,34.0,159.0,50.0,227.26,46.0,195.38,60.75999999999999,80.0,80.0,32.48782433466298,160,0.0,-103.0,0.0,165.0,
2025-04-08 11:43:46,165.0,24.0,179.19,26.0,159.0,40.0,185.0,38.0,172.1,14.189999999999998,64.0,64.0,39.924100866518266,128,0.0,-32.0,0.0,165.0,
2025-04-08 11:43:47,163.0,21.0,173.0,24.0,157.37,59.0,206.0,35.0,168.0,10.0,80.0,59.0,29.500672873680973,139,21.0,11.0,0.15,163.25,4.0
2025-04-08 11:43:48,161.21,136.0,171.92,52.0,158.2,133.0,173.0,39.0,166.56,10.70999999999998,269.0,91.0,15.13721638875339,360,178.0,168.0,0.49,162.0,5.0
2025-04-08 11:43:49,162.0,134.0,170.8,40.0,159.0,110.0,173.0,30.0,166.4,8.800000000000011,244.0,70.0,12.342419535891151,314,174.0,-46.0,0.55,162.0,4.0
2025-04-08 11:43:50,162.0,176.0,168.2,59.0,159.0,176.0,170.36,53.0,165.1,6.199999999999989,352.0,112.0,2.700762855185712,464,240.0,150.0,0.52,162.0,
2025-04-08 11:43:51,163.15,39.0,166.49,41.0,162.02,124.0,167.35,43.0,164.82,3.3400000000000034,163.0,84.0,1.276824185215674,247,79.0,-168.0,0.32,162.0,
2025-04-08 11:43:52,164.0,53.0,231.16,38.0,163.0,39.0,326.23,35.0,197.58,67.16,92.0,73.0,14.26893548937512,165,19.0,-82.0,0.12,164.44,9.0
2025-04-08 11:43:53,164.62,8.0,294.5,8.0,163.0,24.0,406.88,8.0,229.56,129.88,32.0,16.0,28.69049529025148,48,16.0,-117.0,0.33,164.44,
2025-04-08 11:43:54,165.4,5.0,208.0,5.0,163.0,15.0,245.0,5.0,186.7,42.6,20.0,10.0,26.830928422250697,30,10.0,-18.0,0.33,164.44,
2025-04-08 11:43:55,167.45,11.0,207.71,14.0,163.0,33.0,233.45,11.0,187.58,40.26000000000002,44.0,25.0,23.56099149017159,69,19.0,39.0,0.28,164.44,
2025-04-08 11:43:56,168.0,11.0,202.17,29.0,163.0,33.0,207.23,26.0,185.09,34.16999999999999,44.0,55.0,18.686281599075187,99,-11.0,30.0,-0.11,164.44,
2025-04-08 11:43:57,168.0,6.0,177.5,24.0,163.0,18.0,179.0,6.0,172.75,9.5,24.0,30.0,21.65713577553454,54,-6.0,-45.0,-0.11,164.44,
2025-04-08 11:43:58,168.0,9.0,176.78,36.0,163.0,27.0,288.33,9.0,172.39,8.780000000000001,36.0,45.0,7.659325688332065,81,-9.0,27.0,-0.11,164.44,
2025-04-08 11:43:59,168.0,8.0,174.25,8.0,163.0,24.0,176.0,32.0,171.12,6.25,32.0,40.0,7.876936587274585,72,-8.0,-9.0,-0.11,164.44,
2025-04-08 11:44:00,168.0,12.0,172.23,30.0,163.19,32.0,175.4,30.0,170.12,4.22999999999999,44.0,60.0,6.124935101692646,104,-16.0,32.0,-0.15,164.44,
2025-04-08 11:44:01,165.08,13.0,171.95,38.0,160.33,42.0,172.53,17.0,168.51,6.869999999999976,55.0,55.0,1.7306848355343067,110,0.0,6.0,0.0,162.9,10.0
2025-04-08 11:44:02,167.0,8.0,171.0,8.0,161.0,16.0,172.0,32.0,169.0,4.0,24.0,40.0,1.5764739135008845,64,-16.0,-46.0,-0.25,162.9,
2025-04-08 11:44:03,164.0,20.0,168.65,65.0,159.31,130.0,169.84,50.0,166.32,4.650000000000006,150.0,115.0,1.8145467753545093,265,35.0,168.0,0.13,167.0,1.0
2025-04-08 11:44:04,159.11,106.0,166.71,34.0,158.93,71.0,167.79,38.0,162.91,7.599999999999994,177.0,72.0,2.851012100982794,249,105.0,-16.0,0.42,160.0,4.0
2025-04-08 11:44:05,159.0,280.0,166.0,70.0,158.0,14.0,167.0,56.0,162.5,7.0,294.0,126.0,3.044876023740723,420,168.0,168.0,0.4,160.0,
2025-04-08 11:44:06,159.0,340.0,163.67,57.0,158.0,17.0,164.91,66.0,161.33,4.669999999999988,357.0,123.0,3.1662548854998795,480,234.0,60.0,0.49,165.0,1.0
2025-04-08 11:44:07,159.0,196.0,160.56,16.0,158.0,12.0,161.77,47.0,159.78,1.5600000000000025,208.0,63.0,2.42408126925498,271,145.0,-168.0,0.54,160.0,10.0
2025-04-08 11:44:08,159.0,89.0,160.0,33.0,158.0,11.0,165.6,20.0,159.5,1.0,100.0,53.0,1.544127585387166,153,47.0,-118.0,0.31,159.0,12.0
2025-04-08 11:44:09,159.75,20.0,171.33,9.0,158.87,15.0,512.68,25.0,165.54,11.580000000000013,35.0,34.0,2.4517544738316075,69,1.0,-84.0,0.01,159.0,3.0
2025-04-08 11:44:10,160.0,24.0,177.0,8.0,159.0,40.0,403.77,35.0,168.5,17.0,64.0,43.0,3.93968272833646,107,21.0,38.0,0.2,159.0,
2025-04-08 11:44:11,160.0,26.0,312.75,16.0,159.0,30.0,464.94,31.0,236.38,152.75,56.0,47.0,32.89348871737299,103,9.0,-4.0,0.09,159.0,
2025-04-08 11:44:12,160.0,14.0,319.08,49.0,158.7,23.0,435.17,48.0,239.54,159.07999999999998,37.0,97.0,40.3744017912332,134,-60.0,31.0,-0.45,159.0,
2025-04-08 11:44:13,164.67,27.0,295.0,32.0,160.43,14.0,323.0,40.0,229.83,130.33,41.0,72.0,37.549426360464246,113,-31.0,-21.0,-0.27,165.0,5.0
2025-04-08 11:44:14,161.0,15.0,295.0,20.0,160.0,5.0,323.0,25.0,228.0,134.0,20.0,45.0,29.41930658598057,65,-25.0,-48.0,-0.38,165.0,
2025-04-08 11:44:15,159.0,18.0,283.0,24.0,158.0,6.0,323.82,22.0,221.0,124.0,24.0,46.0,7.284099120681568,70,-22.0,5.0,-0.31,160.4,5.0
2025-04-08 11:44:16,159.0,24.0,288.0,34.0,95.04,23.0,312.0,14.0,223.5,129.0,47.0,48.0,7.1601522330126,95,-1.0,25.0,-0.01,160.4,
2025-04-08 11:44:17,159.0,60.0,296.0,40.0,158.0,8.0,312.38,32.0,227.5,137.0,68.0,72.0,3.6112020159382574,140,-4.0,45.0,-0.03,160.4,
2025-04-08 11:44:18,159.34,116.0,292.46,79.0,158.83,96.0,450.56,66.0,225.9,133.11999999999998,212.0,145.0,2.9218145047071125,357,67.0,168.0,0.19,159.0,2.0
2025-04-08 11:44:19,161.5,32.0,221.63,51.0,159.89,72.0,387.73,45.0,191.56,60.13,104.0,96.0,14.924185739929666,200,8.0,-157.0,0.04,159.0,
2025-04-08 11:44:20,165.0,25.0,227.09,33.0,161.8,20.0,256.33,12.0,196.05,62.09,45.0,45.0,17.563015686376925,90,0.0,-110.0,0.0,165.17,6.0
2025-04-08 11:44:21,166.69,13.0,227.95,62.0,165.0,13.0,269.14,37.0,197.32,61.25999999999999,26.0,99.0,17.515997830552617,125,-73.0,35.0,-0.58,165.17,
2025-04-08 11:44:22,167.0,7.0,227.0,35.0,165.0,7.0,293.0,28.0,197.0,60.0,14.0,63.0,13.798249164293512,77,-49.0,-48.0,-0.64,165.17,
2025-04-08 11:44:23,163.55,20.0,225.0,25.0,161.31,35.0,238.97,62.0,194.28,61.44999999999999,55.0,87.0,2.374030328350768,142,-32.0,65.0,-0.23,163.75,4.0
2025-04-08 11:44:24,161.85,20.0,222.0,10.0,160.79,34.0,226.0,50.0,191.93,60.150000000000006,54.0,60.0,2.232090947951987,114,-6.0,-28.0,-0.05,163.75,
2025-04-08 11:44:25,163.83,46.0,192.6,25.0,161.54,39.0,239.02,57.0,178.21,28.769999999999985,85.0,82.0,7.879598340012663,167,3.0,53.0,0.02,165.0,4.0
2025-04-08 11:44:26,163.12,48.0,225.19,52.0,161.38,48.0,255.5,80.0,194.16,62.06999999999999,96.0,132.0,7.435148283654505,228,-36.0,61.0,-0.16,165.0,
2025-04-08 11:44:27,162.0,21.0,224.43,21.0,161.0,21.0,226.0,35.0,193.21,62.43000000000001,42.0,56.0,6.855951429227805,98,-14.0,-130.0,-0.14,165.0,
2025-04-08 11:44:28,160.94,17.0,223.3,23.0,159.94,31.0,225.73,33.0,192.12,62.360000000000014,48.0,56.0,6.610705711187795,104,-8.0,6.0,-0.08,161.38,8.0
2025-04-08 11:44:29,160.0,30.0,221.67,30.0,159.0,18.0,223.0,18.0,190.83,61.66999999999999,48.0,48.0,6.545321229697668,96,0.0,-8.0,0.0,161.38,
2025-04-08 11:44:30,161.0,64.0,220.0,38.0,160.0,50.0,221.14,42.0,190.5,59.0,114.0,80.0,1.5514928294808212,194,34.0,98.0,0.18,161.38,
2025-04-08 11:44:31,161.0,56.0,217.0,34.0,160.0,40.0,218.2,30.0,189.0,56.0,96.0,64.0,1.6070376473283656,160,32.0,-34.0,0.2,161.38,
2025-04-08 11:44:32,161.0,70.0,208.1,40.0,160.0,50.0,211.22,32.0,184.55,47.1,120.0,72.0,2.929837879462134,192,48.0,32.0,0.25,161.38,
2025-04-08 11:44:33,161.05,39.0,188.69,35.0,160.22,45.0,189.3,23.0,174.87,27.639999999999983,84.0,58.0,6.681051563933037,142,26.0,-50.0,0.18,161.0,2.0
2025-04-08 11:44:34,161.67,12.0,182.89,38.0,160.62,64.0,184.5,30.0,172.28,21.22,76.0,68.0,8.258023371239208,144,8.0,2.0,0.06,161.2,5.0
2025-04-08 11:44:35,164.91,11.0,178.74,19.0,162.36,11.0,179.91,35.0,171.82,13.830000000000013,22.0,54.0,7.799681403745536,76,-32.0,-68.0,-0.42,161.2,
2025-04-08 11:44:36,166.89,37.0,171.73,45.0,165.47,15.0,172.27,33.0,169.31,4.840000000000003,52.0,78.0,5.919554881909198,130,-26.0,54.0,-0.2,161.2,
2025-04-08 11:44:37,166.91,23.0,168.56,9.0,165.56,9.0,170.0,27.0,167.73,1.6500000000000057,32.0,36.0,2.76733987792174,68,-4.0,-62.0,-0.06,167.0,3.0
2025-04-08 11:44:38,165.71,7.0,167.45,11.0,163.55,11.0,170.84,19.0,166.58,1.739999999999981,18.0,30.0,2.4898052132519037,48,-12.0,-20.0,-0.25,166.0,1.0
2025-04-08 11:44:39,164.0,11.0,166.41,17.0,163.0,55.0,172.65,31.0,165.21,2.4099999999999966,66.0,48.0,2.554280720660279,114,18.0,66.0,0.16,166.0,
2025-04-08 11:44:40,163.0,26.0,165.39,41.0,160.0,13.0,166.44,18.0,164.2,2.3899999999999864,39.0,59.0,2.019487558747852,98,-20.0,-16.0,-0.2,163.25,4.0
2025-04-08 11:44:41,162.77,13.0,164.29,17.0,158.57,21.0,165.14,28.0,163.53,1.5199999999999818,34.0,45.0,1.7162313363698245,79,-11.0,-19.0,-0.14,163.0,2.0
2025-04-08 11:44:42,160.0,8.0,163.5,16.0,158.0,120.0,167.0,8.0,161.75,3.5,128.0,24.0,1.8111681313280008,152,104.0,73.0,0.68,163.0,
2025-04-08 11:44:43,158.06,137.0,161.11,18.0,157.45,132.0,328.98,42.0,159.58,3.050000000000012,269.0,60.0,2.222460348338878,329,209.0,168.0,0.64,159.0,2.0
2025-04-08 11:44:44,158.0,178.0,159.13,15.0,157.0,120.0,210.8,15.0,158.57,1.1299999999999957,298.0,30.0,2.43625327089344,328,268.0,-1.0,0.82,158.0,5.0
2025-04-08 11:44:45,158.66,91.0,359.03,30.0,157.36,112.0,544.33,42.0,258.85,200.37,203.0,72.0,43.86578256454493,275,131.0,-53.0,0.48,158.0,1.0
2025-04-08 11:44:47,158.5,28.0,281.0,6.0,157.79,38.0,591.17,30.0,219.75,122.5,66.0,36.0,67.10219951685578,102,30.0,-36.0,0.29,161.17,6.0
2025-04-08 11:44:48,159.2,60.0,284.0,12.0,157.32,114.0,622.0,60.0,221.6,124.8,174.0,72.0,57.64405173129242,246,102.0,144.0,0.41,161.0,4.0
2025-04-08 11:44:49,158.12,48.0,428.38,16.0,157.06,104.0,588.0,32.0,293.25,270.26,152.0,48.0,42.59759828910438,200,104.0,-46.0,0.52,161.0,
2025-04-08 11:44:50,160.07,84.0,240.03,34.0,158.0,84.0,327.14,22.0,200.05,79.96000000000001,168.0,56.0,50.91235390354596,224,112.0,24.0,0.5,161.0,
2025-04-08 11:44:51,161.49,105.0,225.38,29.0,158.0,105.0,226.56,16.0,193.43,63.88999999999999,210.0,45.0,39.73177292797189,255,165.0,31.0,0.65,161.0,
2025-04-08 11:44:52,162.26,76.0,221.78,18.0,158.87,69.0,224.0,9.0,192.02,59.52000000000001,145.0,27.0,42.58798480792348,172,118.0,-83.0,0.69,162.0,1.0
2025-04-08 11:44:53,164.0,60.0,212.3,23.0,162.0,60.0,216.0,21.0,188.15,48.30000000000001,120.0,44.0,44.85451705235409,164,76.0,-8.0,0.46,162.0,
2025-04-08 11:44:54,164.0,55.0,204.88,16.0,162.0,55.0,206.29,17.0,184.44,40.88,110.0,33.0,5.875676131300205,143,77.0,-21.0,0.54,162.0,
2025-04-08 11:44:55,165.67,27.0,203.95,21.0,163.64,55.0,204.83,12.0,184.81,38.28,82.0,33.0,4.0894070474742295,115,49.0,-28.0,0.43,165.5,2.0
2025-04-08 11:44:56,166.0,40.0,200.8,10.0,162.0,50.0,204.0,20.0,183.4,34.80000000000001,90.0,30.0,3.5313637592200164,120,60.0,5.0,0.5,165.5,
2025-04-08 11:44:57,167.0,44.0,196.75,12.0,162.0,55.0,198.62,21.0,181.88,29.75,99.0,33.0,2.3178718687479583,132,66.0,12.0,0.5,165.5,
2025-04-08 11:44:58,163.67,72.0,192.56,18.0,160.67,90.0,198.0,36.0,178.11,28.89000000000001,162.0,54.0,2.718560280724644,216,108.0,84.0,0.5,166.0,5.0
2025-04-08 11:44:59,162.0,48.0,190.21,14.0,160.0,60.0,193.73,22.0,176.11,28.210000000000008,108.0,36.0,3.647584131988466,144,72.0,-72.0,0.5,166.0,
2025-04-08 11:45:00,161.23,52.0,187.4,20.0,159.67,60.0,188.31,35.0,174.32,26.170000000000016,112.0,55.0,3.821731283061993,167,57.0,23.0,0.34,162.0,4.0
2025-04-08 11:45:01,160.0,16.0,183.93,15.0,159.0,60.0,185.29,21.0,171.97,23.930000000000007,76.0,36.0,3.773575227809216,112,40.0,-55.0,0.36,160.0,4.0
2025-04-08 11:45:02,160.0,8.0,182.14,14.0,159.0,40.0,183.4,10.0,171.07,22.139999999999983,48.0,24.0,2.900565462101505,72,24.0,-40.0,0.33,160.0,
2025-04-08 11:45:03,162.07,45.0,179.56,39.0,158.92,36.0,180.22,36.0,170.82,17.49000000000001,81.0,75.0,2.283192939708911,156,6.0,84.0,0.04,163.0,4.0
2025-04-08 11:45:04,162.75,40.0,175.33,18.0,159.0,21.0,176.0,24.0,169.04,12.580000000000013,61.0,42.0,1.927207824791383,103,19.0,-53.0,0.18,163.0,
2025-04-08 11:45:05,164.95,66.0,171.33,21.0,161.06,17.0,173.38,21.0,168.14,6.380000000000024,83.0,42.0,1.5702770455997992,125,41.0,22.0,0.33,165.0,5.0
2025-04-08 11:45:06,160.77,13.0,168.67,15.0,157.92,39.0,169.67,15.0,164.72,7.899999999999977,52.0,30.0,2.5672981906935104,82,22.0,-43.0,0.27,165.0,
2025-04-08 11:45:07,159.0,32.0,165.56,16.0,157.47,34.0,167.09,32.0,162.28,6.560000000000002,66.0,48.0,3.44711473553446,114,18.0,32.0,0.16,165.0,
2025-04-08 11:45:08,158.43,42.0,161.76,34.0,157.42,67.0,162.43,37.0,160.1,3.329999999999984,109.0,71.0,3.793557696930365,180,38.0,66.0,0.21,161.67,3.0
2025-04-08 11:45:09,158.0,27.0,159.73,11.0,157.0,63.0,161.92,25.0,158.86,1.7299999999999898,90.0,36.0,3.717660554695695,126,54.0,-54.0,0.43,161.67,
2025-04-08 11:45:10,157.14,37.0,161.29,21.0,156.78,27.0,265.52,23.0,159.21,4.150000000000006,64.0,44.0,2.4527902478485504,108,20.0,-18.0,0.19,157.6,5.0
2025-04-08 11:45:11,161.0,40.0,162.75,16.0,157.0,40.0,239.09,22.0,161.88,1.75,80.0,38.0,1.5476369083028303,118,42.0,10.0,0.36,161.0,4.0
2025-04-08 11:45:12,157.27,15.0,162.27,15.0,155.36,39.0,218.42,19.0,159.77,5.0,54.0,34.0,1.1741507569053171,88,20.0,-30.0,0.23,161.0,1.0
2025-04-08 11:45:13,155.4,25.0,158.86,14.0,136.85,65.0,159.92,13.0,157.13,3.460000000000008,90.0,27.0,1.7148906670518531,117,63.0,29.0,0.54,157.0,1.0
2025-04-08 11:45:14,155.0,39.0,156.25,32.0,86.94,63.0,158.11,18.0,155.62,1.25,102.0,50.0,2.4221003282155302,152,52.0,35.0,0.34,156.17,6.0
2025-04-08 11:45:15,155.0,22.0,157.62,8.0,137.33,6.0,442.57,14.0,156.31,2.6200000000000045,28.0,22.0,2.6155248039240626,50,6.0,-102.0,0.12,155.0,1.0
2025-04-08 11:45:16,155.0,18.0,193.62,8.0,144.33,6.0,427.93,14.0,174.31,38.620000000000005,24.0,22.0,7.8085606868321795,46,2.0,-4.0,0.04,158.0,1.0
2025-04-08 11:45:17,161.9,21.0,249.89,19.0,160.27,33.0,399.89,9.0,205.9,87.98999999999998,54.0,28.0,21.605074172516453,82,26.0,36.0,0.32,162.5,4.0
2025-04-08 11:45:18,161.31,29.0,324.33,9.0,160.56,9.0,418.36,11.0,242.82,163.01999999999998,38.0,20.0,37.28504619817348,58,18.0,-24.0,0.31,162.5,
2025-04-08 11:45:19,162.0,99.0,253.18,11.0,161.0,55.0,333.85,27.0,207.59,91.18,154.0,38.0,33.39385317689359,192,116.0,134.0,0.6,162.5,
2025-04-08 11:45:20,162.0,92.0,169.58,33.0,161.0,55.0,170.47,19.0,165.79,7.5800000000000125,147.0,52.0,30.633695010558643,199,95.0,7.0,0.48,162.0,5.0
2025-04-08 11:45:21,162.0,25.0,168.41,29.0,161.0,40.0,169.33,27.0,165.21,6.409999999999997,65.0,56.0,32.689568213727235,121,9.0,-78.0,0.07,162.0,1.0
2025-04-08 11:45:22,162.0,33.0,164.37,27.0,161.0,55.0,166.0,36.0,163.19,2.3700000000000045,88.0,63.0,35.401175121737545,151,25.0,30.0,0.17,162.0,
2025-04-08 11:45:23,161.24,38.0,162.73,22.0,160.68,22.0,163.35,34.0,161.98,1.489999999999981,60.0,56.0,19.5352583806802,116,4.0,-35.0,0.03,161.6,5.0
2025-04-08 11:45:24,161.0,18.0,162.44,36.0,160.0,9.0,199.0,27.0,161.72,1.4399999999999975,27.0,63.0,1.851531798252302,90,-36.0,-26.0,-0.4,161.0,1.0
2025-04-08 11:45:25,160.59,17.0,216.92,49.0,158.12,82.0,259.11,38.0,188.75,56.329999999999984,99.0,87.0,11.586813625839412,186,12.0,96.0,0.06,161.0,2.0
2025-04-08 11:45:26,166.0,60.0,175.33,12.0,160.0,6.0,271.5,10.0,170.67,9.330000000000013,66.0,22.0,11.495032405345254,88,44.0,-98.0,0.5,161.0,
2025-04-08 11:45:27,166.0,140.0,174.71,28.0,161.97,63.0,372.67,18.0,170.36,8.710000000000008,203.0,46.0,10.98405344123639,249,157.0,161.0,0.63,161.0,
2025-04-08 11:45:28,166.0,30.0,173.33,6.0,162.0,15.0,311.0,9.0,169.67,7.3300000000000125,45.0,15.0,9.948046541906429,60,30.0,-168.0,0.5,161.0,
2025-04-08 11:45:29,166.0,100.0,170.46,26.0,162.04,46.0,293.5,26.0,168.23,4.460000000000008,146.0,52.0,8.55666874431493,198,94.0,138.0,0.47,161.0,
2025-04-08 11:45:30,166.0,120.0,172.0,24.0,164.0,12.0,206.33,12.0,169.0,6.0,132.0,36.0,0.9954044403844694,168,96.0,-30.0,0.57,161.0,
2025-04-08 11:45:31,166.0,134.0,171.5,28.0,164.0,14.0,476.75,60.0,168.75,5.5,148.0,88.0,0.829138106672956,236,60.0,68.0,0.25,166.0,2.0
2025-04-08 11:45:32,166.0,72.0,170.67,18.0,164.0,9.0,370.54,41.0,168.33,4.669999999999988,81.0,59.0,0.5798965424429492,140,22.0,-96.0,0.16,166.0,
2025-04-08 11:45:33,166.0,54.0,170.0,18.0,164.0,9.0,254.44,45.0,168.0,4.0,63.0,63.0,0.4053023561951727,126,0.0,-14.0,0.0,166.0,2.0
2025-04-08 11:45:34,166.0,11.0,169.12,16.0,164.0,8.0,240.43,28.0,167.56,3.1200000000000045,19.0,44.0,0.5759947915887651,63,-25.0,-63.0,-0.4,166.0,5.0
2025-04-08 11:45:35,164.8,10.0,168.53,17.0,162.24,34.0,219.33,27.0,166.66,3.7299999999999898,44.0,44.0,0.8004061468638871,88,0.0,25.0,0.0,166.0,1.0
2025-04-08 11:45:36,163.5,8.0,167.0,8.0,161.88,32.0,168.0,16.0,165.25,3.5,40.0,24.0,1.2382043449841706,64,16.0,-24.0,0.25,162.4,5.0
2025-04-08 11:45:37,159.74,23.0,167.0,12.0,155.55,42.0,168.0,24.0,163.37,7.259999999999991,65.0,36.0,1.8846405492660672,101,29.0,37.0,0.29,158.6,5.0
2025-04-08 11:45:38,165.0,24.0,167.0,8.0,157.6,10.0,168.0,16.0,166.0,2.0,34.0,24.0,1.5874098399398937,58,10.0,-43.0,0.17,158.6,
2025-04-08 11:45:39,165.92,108.0,167.28,36.0,164.46,39.0,208.29,35.0,166.6,1.3600000000000136,147.0,71.0,1.3579506618202433,218,76.0,160.0,0.35,166.0,1.0
2025-04-08 11:45:40,166.17,36.0,167.35,23.0,165.0,21.0,237.75,16.0,166.76,1.1800000000000068,57.0,39.0,1.3784883024306138,96,18.0,-122.0,0.19,166.0,5.0
2025-04-08 11:45:41,165.5,24.0,183.43,14.0,161.82,56.0,330.67,57.0,174.46,17.930000000000007,80.0,71.0,4.155925889610864,151,9.0,55.0,0.06,166.5,4.0
2025-04-08 11:45:42,165.0,18.0,359.41,17.0,161.0,54.0,488.33,21.0,262.21,194.41000000000005,72.0,38.0,42.0725597034449,110,34.0,-41.0,0.31,166.5,
2025-04-08 11:45:43,165.0,12.0,451.84,37.0,161.0,54.0,481.88,32.0,308.42,286.84,66.0,69.0,65.70169175904023,135,-3.0,25.0,-0.02,165.0,1.0
2025-04-08 11:45:45,165.0,66.0,398.22,41.0,161.0,66.0,488.87,45.0,281.61,233.22000000000003,132.0,86.0,57.01415815391761,218,46.0,38.0,0.21,165.0,
2025-04-08 11:45:46,165.0,30.0,353.71,17.0,161.0,42.0,510.23,26.0,259.35,188.71,72.0,43.0,26.267703934678583,115,29.0,-103.0,0.25,165.0,2.0
2025-04-08 11:45:47,165.0,64.0,302.3,30.0,161.0,54.0,330.55,20.0,233.65,137.3,118.0,50.0,34.48011528402897,168,68.0,53.0,0.4,165.0,
2025-04-08 11:45:48,165.0,96.0,226.92,37.0,161.97,62.0,225.03,33.0,195.96,61.91999999999999,158.0,70.0,46.05251752076021,228,88.0,60.0,0.39,165.0,
2025-04-08 11:45:49,163.86,35.0,210.08,13.0,162.28,43.0,213.0,52.0,186.97,46.22,78.0,65.0,40.42669068820655,143,13.0,-85.0,0.09,163.67,12.0
2025-04-08 11:45:50,161.0,26.0,207.78,46.0,160.0,13.0,210.68,19.0,184.39,46.78,39.0,65.0,33.00310258142292,104,-26.0,-39.0,-0.25,163.67,
2025-04-08 11:45:51,162.33,18.0,205.52,29.0,160.53,15.0,206.38,29.0,183.93,43.19,33.0,58.0,21.063831560281766,91,-25.0,-13.0,-0.27,163.67,
2025-04-08 11:45:52,167.0,14.0,202.03,29.0,161.0,28.0,202.59,29.0,184.52,35.03,42.0,58.0,5.06338128131006,100,-16.0,9.0,-0.16,163.67,
2025-04-08 11:45:53,163.0,15.0,198.9,10.0,160.67,15.0,200.1,10.0,180.95,35.900000000000006,30.0,20.0,2.1468162473581267,50,10.0,-50.0,0.2,167.0,1.0
2025-04-08 11:45:54,160.38,16.0,196.08,37.0,159.07,43.0,196.45,22.0,178.23,35.70000000000002,59.0,59.0,2.751668584681052,118,0.0,68.0,0.0,167.0,
2025-04-08 11:45:55,161.18,17.0,190.92,12.0,159.15,33.0,191.92,12.0,176.05,29.73999999999998,50.0,24.0,3.6333428134323262,74,26.0,-44.0,0.35,167.0,
2025-04-08 11:45:56,159.0,28.0,188.43,14.0,158.0,14.0,190.36,14.0,173.71,29.430000000000007,42.0,28.0,4.215390847824189,70,14.0,-4.0,0.2,160.4,5.0
2025-04-08 11:45:57,159.0,24.0,184.31,36.0,158.0,12.0,185.28,18.0,171.65,25.31,36.0,54.0,3.659743160376061,90,-18.0,20.0,-0.2,160.4,
2025-04-08 11:45:58,159.0,20.0,180.96,25.0,158.0,10.0,181.4,25.0,169.98,21.960000000000008,30.0,50.0,3.31034439294749,80,-20.0,-10.0,-0.25,160.4,
2025-04-08 11:45:59,158.16,32.0,179.03,31.0,121.14,28.0,180.21,19.0,168.59,20.870000000000005,60.0,50.0,2.9646888538122123,110,10.0,30.0,0.09,158.0,5.0
2025-04-08 11:46:00,159.48,50.0,177.05,20.0,158.8,56.0,178.32,50.0,168.26,17.57000000000002,106.0,70.0,2.266245794241648,176,36.0,66.0,0.2,158.0,
2025-04-08 11:46:01,159.66,32.0,172.39,18.0,158.75,12.0,173.89,27.0,166.02,12.72999999999999,44.0,45.0,2.093382430402431,89,-1.0,-87.0,-0.01,159.57,7.0
2025-04-08 11:46:02,159.5,24.0,166.61,33.0,157.0,12.0,168.13,15.0,163.05,7.110000000000014,36.0,48.0,2.7109500179673542,84,-12.0,-5.0,-0.14,159.57,
2025-04-08 11:46:03,155.55,38.0,163.3,27.0,121.29,17.0,164.06,48.0,159.42,7.75,55.0,75.0,3.855900672983792,130,-20.0,46.0,-0.15,160.86,7.0
2025-04-08 11:46:04,158.96,48.0,161.09,44.0,156.57,42.0,163.0,11.0,160.02,2.1299999999999955,90.0,55.0,3.803311714797583,145,35.0,15.0,0.24,159.38,8.0
2025-04-08 11:46:05,133.64,25.0,159.88,16.0,112.83,46.0,242.23,30.0,146.76,26.24000000000001,71.0,46.0,7.360413031883184,117,25.0,-28.0,0.21,158.2,5.0
2025-04-08 11:46:06,139.0,18.0,156.33,30.0,134.0,24.0,214.77,22.0,147.67,17.330000000000013,42.0,52.0,7.589936099857165,94,-10.0,-23.0,-0.11,155.71,7.0
2025-04-08 11:46:07,139.0,30.0,157.38,21.0,134.0,40.0,168.57,28.0,148.19,18.379999999999995,70.0,49.0,6.694226617012165,119,21.0,25.0,0.18,155.71,
2025-04-08 11:46:08,135.92,39.0,154.69,16.0,128.93,30.0,155.53,17.0,145.31,18.77000000000001,69.0,33.0,5.93208647947022,102,36.0,-17.0,0.35,155.71,
2025-04-08 11:46:09,121.29,14.0,238.31,13.0,109.71,14.0,428.0,12.0,179.8,117.02,28.0,25.0,14.717065943995587,53,3.0,-49.0,0.06,156.17,6.0
2025-04-08 11:46:10,161.85,26.0,234.14,21.0,157.0,17.0,463.67,15.0,197.99,72.28999999999999,43.0,36.0,23.825851926005043,79,7.0,26.0,0.09,156.17,
2025-04-08 11:46:11,162.0,30.0,318.09,22.0,160.0,20.0,703.56,18.0,240.05,156.08999999999995,50.0,40.0,39.11277182711454,90,10.0,11.0,0.11,156.17,
2025-04-08 11:46:12,165.0,22.0,288.47,19.0,162.0,93.0,300.68,25.0,226.74,123.47000000000004,115.0,44.0,37.754681431577865,159,71.0,69.0,0.45,156.17,
2025-04-08 11:46:13,165.0,16.0,284.0,8.0,162.0,104.0,286.83,12.0,224.5,119.0,120.0,20.0,24.37699181605343,140,100.0,-19.0,0.71,156.17,
2025-04-08 11:46:14,165.0,26.0,273.5,16.0,162.0,169.0,281.54,13.0,219.25,108.5,195.0,29.0,15.314458201318743,224,166.0,84.0,0.74,156.17,
2025-04-08 11:46:15,165.0,22.0,258.17,12.0,162.0,143.0,260.0,21.0,211.58,93.17000000000002,165.0,33.0,10.503334232515884,198,132.0,-26.0,0.67,156.17,
2025-04-08 11:46:16,165.0,20.0,228.67,18.0,162.0,133.0,258.75,16.0,196.83,63.66999999999999,153.0,34.0,12.09280157779564,187,119.0,-11.0,0.64,156.17,
2025-04-08 11:46:17,165.0,23.0,212.25,16.0,162.0,196.0,215.7,20.0,188.62,47.25,219.0,36.0,15.098514165305602,255,183.0,68.0,0.72,165.0,1.0
2025-04-08 11:46:18,162.88,17.0,210.0,6.0,161.99,71.0,213.0,6.0,186.44,47.120000000000005,88.0,12.0,14.375379299341336,100,76.0,-155.0,0.76,163.0,3.0
2025-04-08 11:46:19,162.0,74.0,209.14,7.0,161.0,7.0,211.0,7.0,185.57,47.13999999999999,81.0,14.0,10.886274385662396,95,67.0,-5.0,0.71,162.0,6.0
2025-04-08 11:46:20,163.3,23.0,181.79,19.0,162.29,48.0,200.47,15.0,172.55,18.48999999999998,71.0,34.0,8.738339087030583,105,37.0,10.0,0.35,162.0,
2025-04-08 11:46:21,168.0,8.0,180.82,11.0,167.0,8.0,195.12,8.0,174.41,12.819999999999991,16.0,19.0,7.450367105044223,35,-3.0,-70.0,-0.09,162.0,
2025-04-08 11:46:22,165.36,14.0,173.71,14.0,164.2,15.0,173.5,20.0,169.54,8.349999999999994,29.0,34.0,7.782298503650704,63,-5.0,28.0,-0.08,164.2,5.0
2025-04-08 11:46:23,162.0,33.0,166.36,11.0,161.0,11.0,167.55,11.0,164.18,4.360000000000014,44.0,22.0,7.9001107587123585,66,22.0,3.0,0.33,164.2,
2025-04-08 11:46:24,161.54,13.0,295.0,19.0,160.29,17.0,443.5,20.0,228.27,133.46,30.0,39.0,26.26978777987987,69,-9.0,3.0,-0.13,162.25,4.0
2025-04-08 11:46:25,161.0,8.0,260.12,24.0,160.0,16.0,592.92,36.0,210.56,99.12,24.0,60.0,28.34515073164946,84,-36.0,15.0,-0.43,162.25,
2025-04-08 11:46:26,160.14,7.0,400.67,27.0,159.05,38.0,572.21,29.0,280.4,240.53000000000003,45.0,56.0,47.50002631578149,101,-11.0,17.0,-0.11,160.5,2.0
2025-04-08 11:46:28,159.0,30.0,307.0,20.0,158.0,30.0,354.18,28.0,233.0,148.0,60.0,48.0,49.17704342475208,108,12.0,-66.0,0.11,160.5,
2025-04-08 11:46:29,163.96,50.0,181.0,50.0,163.49,74.0,800.0,30.0,172.48,17.039999999999992,124.0,80.0,61.93459388742246,204,44.0,96.0,0.22,160.5,
2025-04-08 11:46:30,168.0,7.0,180.62,26.0,167.0,77.0,389.11,27.0,174.31,12.620000000000005,84.0,53.0,68.80424347378543,137,31.0,-67.0,0.23,168.0,1.0
2025-04-08 11:46:31,168.0,10.0,178.1,20.0,167.0,110.0,197.0,30.0,173.05,10.099999999999994,120.0,50.0,69.15517890946374,170,70.0,33.0,0.41,168.0,
2025-04-08 11:46:32,167.0,64.0,178.0,16.0,165.0,8.0,192.0,32.0,172.5,11.0,72.0,48.0,26.805110893259258,120,24.0,-50.0,0.2,167.25,4.0
2025-04-08 11:46:33,167.0,64.0,177.12,16.0,165.0,8.0,197.0,24.0,172.06,10.120000000000005,72.0,40.0,0.8732983453100724,112,32.0,-8.0,0.29,167.25,
2025-04-08 11:46:34,167.0,40.0,177.0,10.0,165.0,5.0,197.0,15.0,172.0,10.0,45.0,25.0,0.9511729600452656,70,20.0,-42.0,0.29,167.25,
2025-04-08 11:46:35,167.0,72.0,175.09,22.0,165.0,9.0,184.57,28.0,171.05,8.090000000000003,81.0,50.0,0.7367971226335025,131,31.0,61.0,0.24,167.25,
2025-04-08 11:46:36,167.0,104.0,172.62,26.0,165.0,13.0,175.0,52.0,169.81,5.6200000000000045,117.0,78.0,1.0748162633309666,195,39.0,64.0,0.2,167.25,
2025-04-08 11:46:37,166.82,34.0,169.2,30.0,162.53,40.0,169.62,32.0,168.01,2.3799999999999955,74.0,62.0,1.7047961754768188,136,12.0,-59.0,0.09,166.78,9.0
2025-04-08 11:46:38,162.0,110.0,167.18,17.0,161.0,70.0,168.65,34.0,164.59,5.180000000000007,180.0,51.0,2.925939165450948,231,129.0,95.0,0.56,166.78,
2025-04-08 11:46:39,162.0,165.0,165.74,27.0,161.0,123.0,168.05,42.0,163.87,3.740000000000009,288.0,69.0,3.1558643823711985,357,219.0,126.0,0.61,165.0,1.0
2025-04-08 11:46:40,162.0,157.0,163.89,35.0,161.0,150.0,232.4,40.0,162.94,1.8899999999999864,307.0,75.0,2.929296843940274,382,232.0,25.0,0.61,163.2,5.0
2025-04-08 11:46:41,162.0,113.0,208.34,29.0,161.0,130.0,316.31,65.0,185.17,46.34,243.0,94.0,9.285772988821105,337,149.0,-45.0,0.44,162.0,1.0
2025-04-08 11:46:42,162.0,60.0,217.7,50.0,161.0,100.0,336.1,50.0,189.85,55.69999999999999,160.0,100.0,13.104548065458856,260,60.0,-77.0,0.23,162.0,5.0
2025-04-08 11:46:43,162.0,36.0,317.0,60.0,161.0,120.0,416.58,60.0,239.5,155.0,156.0,120.0,31.119078231848835,276,36.0,16.0,0.13,162.0,
2025-04-08 11:46:46,162.0,10.0,432.93,29.0,161.0,160.0,468.56,41.0,297.47,270.93,170.0,70.0,66.58518731669959,240,100.0,126.0,0.42,162.0,
2025-04-08 11:46:47,162.0,8.0,400.81,31.0,161.0,128.0,427.0,25.0,281.4,238.81,136.0,56.0,43.99493004881336,192,80.0,-48.0,0.42,162.0,
2025-04-08 11:46:48,161.11,54.0,310.38,26.0,160.83,116.0,449.43,44.0,235.75,149.26999999999998,170.0,70.0,45.283428205028606,240,100.0,48.0,0.42,161.2,5.0
2025-04-08 11:46:49,161.17,127.0,187.81,37.0,160.19,62.0,203.83,46.0,174.49,26.64000000000001,189.0,83.0,58.02426345934914,272,106.0,32.0,0.39,161.2,
2025-04-08 11:46:50,164.0,49.0,185.0,14.0,161.0,84.0,214.71,35.0,174.5,21.0,133.0,49.0,57.774966637809015,182,84.0,-90.0,0.46,161.2,
2025-04-08 11:46:51,164.0,88.0,173.98,47.0,161.48,69.0,179.15,53.0,168.99,9.97999999999999,157.0,100.0,49.79916997300187,257,57.0,75.0,0.22,164.0,2.0
2025-04-08 11:46:52,164.0,40.0,165.46,26.0,162.0,39.0,168.0,52.0,164.73,1.460000000000008,79.0,78.0,29.38924667288904,157,1.0,-100.0,0.01,164.0,4.0
2025-04-08 11:46:53,162.19,48.0,166.92,51.0,161.05,189.0,235.64,75.0,164.55,4.72999999999999,237.0,126.0,4.934675267929118,363,111.0,168.0,0.31,164.5,2.0
2025-04-08 11:46:54,161.67,36.0,164.79,56.0,160.64,84.0,372.64,70.0,163.23,3.1200000000000045,120.0,126.0,4.620021644961201,246,-6.0,-117.0,-0.02,162.0,3.0
2025-04-08 11:46:55,161.0,20.0,163.3,40.0,160.0,50.0,301.86,42.0,162.15,2.300000000000012,70.0,82.0,2.602229813046603,152,-12.0,-94.0,-0.08,162.0,
2025-04-08 11:46:56,160.55,33.0,162.67,36.0,159.75,60.0,186.25,48.0,161.61,2.119999999999976,93.0,84.0,1.3946612491596857,177,9.0,25.0,0.05,161.0,2.0
2025-04-08 11:46:57,160.85,33.0,162.0,20.0,159.9,50.0,359.0,50.0,161.42,1.1500000000000057,83.0,70.0,1.3013531418901167,153,13.0,-24.0,0.08,161.0,2.0
2025-04-08 11:46:58,160.04,52.0,213.44,43.0,158.12,85.0,395.0,55.0,186.74,53.400000000000006,137.0,98.0,11.0406861199796,235,39.0,82.0,0.17,162.0,2.0
2025-04-08 11:46:59,166.0,20.0,169.0,20.0,160.0,50.0,427.07,43.0,167.5,3.0,70.0,63.0,10.83652758036036,133,7.0,-102.0,0.05,162.0,
2025-04-08 11:47:00,166.0,14.0,169.0,14.0,160.0,35.0,272.17,30.0,167.5,3.0,49.0,44.0,10.383466665806342,93,5.0,-40.0,0.05,162.0,
2025-04-08 11:47:01,161.12,43.0,168.0,25.0,158.53,76.0,235.57,44.0,164.56,6.879999999999996,119.0,69.0,9.936019323648276,188,50.0,95.0,0.27,166.0,2.0
2025-04-08 11:47:02,160.0,35.0,165.0,14.0,157.49,65.0,166.0,21.0,162.5,5.0,100.0,35.0,9.724751924851963,135,65.0,-53.0,0.48,166.0,
2025-04-08 11:47:03,160.0,70.0,163.0,36.0,157.05,104.0,163.94,34.0,161.5,3.0,174.0,70.0,2.773935831973814,244,104.0,109.0,0.43,166.0,
2025-04-08 11:47:04,159.79,28.0,161.0,22.0,157.2,41.0,182.87,39.0,160.39,1.210000000000008,69.0,61.0,2.809590717508024,130,8.0,-114.0,0.06,160.0,5.0
2025-04-08 11:47:05,158.0,11.0,184.25,40.0,157.0,121.0,227.54,39.0,171.12,26.25,132.0,79.0,4.258495039319378,211,53.0,81.0,0.25,160.0,2.0
2025-04-08 11:47:06,161.65,23.0,181.63,30.0,157.19,130.0,184.9,58.0,171.64,19.97999999999999,153.0,88.0,5.485699590745804,241,65.0,30.0,0.27,160.0,
2025-04-08 11:47:07,165.42,48.0,180.0,11.0,161.96,67.0,184.36,55.0,172.71,14.580000000000013,115.0,66.0,5.99867235310532,181,49.0,-60.0,0.27,166.0,5.0
2025-04-08 11:47:08,164.65,26.0,176.95,20.0,161.34,115.0,187.79,43.0,170.8,12.299999999999985,141.0,63.0,5.050967234096,204,78.0,23.0,0.38,163.71,7.0
2025-04-08 11:47:09,164.0,51.0,173.9,20.0,162.0,30.0,175.0,10.0,168.95,9.900000000000006,81.0,30.0,1.3766735269890438,111,51.0,-93.0,0.46,164.0,3.0
2025-04-08 11:47:10,164.0,18.0,172.0,12.0,162.0,18.0,175.0,6.0,168.0,8.0,36.0,18.0,1.9296502273500435,54,18.0,-57.0,0.33,164.0,
2025-04-08 11:47:11,163.33,36.0,168.73,22.0,161.6,40.0,171.0,14.0,166.03,5.399999999999977,76.0,36.0,2.568242589770559,112,40.0,58.0,0.36,164.0,3.0
2025-04-08 11:47:12,162.0,33.0,164.43,21.0,161.0,44.0,165.83,12.0,163.21,2.430000000000007,77.0,33.0,2.9049733217208966,110,44.0,-2.0,0.4,164.0,
2025-04-08 11:47:13,162.0,27.0,164.0,18.0,161.0,36.0,165.0,9.0,163.0,2.0,63.0,27.0,2.709071796743139,90,36.0,-20.0,0.4,164.0,
2025-04-08 11:47:14,161.89,37.0,163.12,16.0,160.93,60.0,169.21,28.0,162.51,1.2300000000000182,97.0,44.0,2.369208728649349,141,53.0,51.0,0.38,162.0,3.0
2025-04-08 11:47:15,161.0,38.0,258.26,23.0,160.0,44.0,357.3,33.0,209.63,97.26,82.0,56.0,20.59214121940489,138,26.0,-3.0,0.19,161.0,1.0
2025-04-08 11:47:16,161.0,36.0,354.67,48.0,160.0,48.0,621.67,60.0,257.83,193.67,84.0,108.0,42.37042459074404,192,-24.0,54.0,-0.12,161.0,
2025-04-08 11:47:17,161.08,39.0,272.0,44.0,159.43,21.0,412.9,39.0,216.54,110.92,60.0,83.0,40.20892152246731,143,-23.0,-49.0,-0.16,160.75,4.0
2025-04-08 11:47:18,162.0,49.0,266.14,35.0,160.0,21.0,519.61,23.0,214.07,104.14,70.0,58.0,33.838200011229056,128,12.0,-15.0,0.09,160.75,
2025-04-08 11:47:19,160.6,47.0,247.0,65.0,158.11,105.0,333.9,49.0,203.8,86.4,152.0,114.0,21.491410609821497,266,38.0,138.0,0.14,160.75,
2025-04-08 11:47:20,160.0,24.0,167.0,40.0,158.0,72.0,258.62,40.0,163.5,7.0,96.0,80.0,33.69401237608756,176,16.0,-90.0,0.09,160.75,
2025-04-08 11:47:21,160.0,21.0,167.0,35.0,158.0,63.0,258.12,17.0,163.5,7.0,84.0,52.0,26.705050458666587,136,32.0,-40.0,0.24,160.75,
2025-04-08 11:47:22,159.16,38.0,217.75,40.0,157.79,80.0,499.81,32.0,188.45,58.59,118.0,72.0,23.027499430027675,190,46.0,54.0,0.24,159.2,5.0
2025-04-08 11:47:23,162.0,17.0,364.27,70.0,160.0,17.0,455.47,38.0,263.14,202.27,34.0,108.0,41.03955311647449,142,-74.0,-48.0,-0.52,159.2,
2025-04-08 11:47:24,162.0,9.0,244.67,9.0,160.0,9.0,258.65,37.0,203.33,82.66999999999999,18.0,46.0,41.0191227356209,64,-28.0,-78.0,-0.44,159.2,
2025-04-08 11:47:25,160.29,14.0,242.81,21.0,157.92,26.0,248.7,23.0,201.55,82.52000000000001,40.0,44.0,36.69483383257017,84,-4.0,20.0,-0.05,161.0,2.0
2025-04-08 11:47:26,157.07,59.0,240.3,37.0,145.07,28.0,242.2,15.0,198.68,83.23000000000002,87.0,52.0,29.694239340315523,139,35.0,55.0,0.25,157.67,3.0
2025-04-08 11:47:27,159.14,57.0,240.0,24.0,152.68,19.0,242.0,8.0,199.57,80.86000000000001,76.0,32.0,27.9451951147231,108,44.0,-31.0,0.41,157.67,
2025-04-08 11:47:28,162.38,55.0,239.08,39.0,160.47,76.0,242.0,13.0,200.73,76.70000000000002,131.0,52.0,1.800810928424753,183,79.0,75.0,0.43,157.67,
2025-04-08 11:47:29,166.0,28.0,237.77,39.0,165.0,13.0,242.0,13.0,201.88,71.77000000000001,41.0,52.0,1.3449423779232192,93,-11.0,-90.0,-0.12,166.0,2.0
2025-04-08 11:47:30,166.0,14.0,228.74,19.0,165.0,7.0,237.09,11.0,197.37,62.74000000000001,21.0,30.0,1.752492510663907,51,-9.0,-42.0,-0.18,166.0,
2025-04-08 11:47:31,161.31,64.0,189.2,20.0,160.88,17.0,204.57,28.0,175.26,27.889999999999983,81.0,48.0,11.139226633834568,129,33.0,78.0,0.26,164.25,4.0
2025-04-08 11:47:32,160.52,27.0,186.29,21.0,159.89,74.0,188.58,19.0,173.4,25.769999999999985,101.0,40.0,14.168996788761202,141,61.0,12.0,0.43,164.25,
2025-04-08 11:47:33,162.0,19.0,181.95,43.0,160.0,130.0,184.17,18.0,171.98,19.94999999999999,149.0,61.0,14.419404287276262,210,88.0,69.0,0.42,164.25,
2025-04-08 11:47:34,162.0,77.0,180.05,42.0,160.0,110.0,181.59,17.0,171.02,18.05000000000001,187.0,59.0,11.052568932149503,246,128.0,36.0,0.52,164.25,
2025-04-08 11:47:35,162.0,91.0,177.21,39.0,160.62,80.0,178.83,36.0,169.6,15.210000000000008,171.0,75.0,2.178926341093743,246,96.0,0.0,0.39,164.25,
2025-04-08 11:47:36,162.0,27.0,174.17,18.0,161.0,30.0,175.8,15.0,168.08,12.169999999999987,57.0,33.0,2.0638507697774826,90,24.0,-156.0,0.27,162.0,3.0
2025-04-08 11:47:37,165.1,71.0,171.55,47.0,161.69,64.0,172.2,56.0,168.33,6.450000000000017,135.0,103.0,1.6882002250652524,238,32.0,148.0,0.13,162.0,
2025-04-08 11:47:38,166.0,68.0,168.25,63.0,162.0,60.0,168.7,40.0,167.13,2.25,128.0,103.0,1.507604059396795,231,25.0,-7.0,0.11,166.0,4.0
2025-04-08 11:47:39,162.67,24.0,167.61,41.0,161.39,41.0,218.29,28.0,165.14,4.940000000000026,65.0,69.0,1.6598283043462128,134,-4.0,-97.0,-0.03,166.0,1.0
2025-04-08 11:47:40,161.64,69.0,165.7,60.0,160.52,105.0,166.85,68.0,163.67,4.060000000000002,174.0,128.0,2.0060034895054235,302,46.0,168.0,0.15,162.0,4.0
2025-04-08 11:47:41,161.0,40.0,164.04,26.0,160.0,80.0,166.25,36.0,162.52,3.039999999999992,120.0,62.0,2.393944443780396,182,58.0,-120.0,0.32,163.0,3.0
2025-04-08 11:47:42,162.46,68.0,165.0,50.0,160.18,85.0,341.38,37.0,163.73,2.539999999999992,153.0,87.0,1.7684371631206737,240,66.0,58.0,0.28,163.0,
2025-04-08 11:47:43,164.0,83.0,255.23,43.0,161.0,65.0,327.0,40.0,209.62,91.23,148.0,83.0,20.52800355611605,231,65.0,-9.0,0.28,164.0,7.0
2025-04-08 11:47:44,162.71,35.0,222.5,30.0,160.68,37.0,271.91,22.0,192.61,59.78999999999999,72.0,52.0,21.569447141730777,124,20.0,-107.0,0.16,164.0,4.0
2025-04-08 11:47:45,161.0,35.0,234.59,17.0,160.0,28.0,273.67,18.0,197.79,73.59,63.0,35.0,21.125111360651417,98,28.0,-26.0,0.29,164.0,
2025-04-08 11:47:46,161.0,40.0,196.67,18.0,160.0,32.0,255.09,22.0,178.83,35.66999999999999,72.0,40.0,17.722239700442113,112,32.0,14.0,0.29,164.0,
2025-04-08 11:47:47,160.6,20.0,195.64,42.0,158.86,56.0,315.5,32.0,178.12,35.03999999999999,76.0,74.0,13.310031179525048,150,2.0,38.0,0.01,160.62,8.0
2025-04-08 11:47:48,160.0,12.0,192.67,36.0,158.0,48.0,533.14,28.0,176.33,32.66999999999999,60.0,64.0,9.76882695106855,124,-4.0,-26.0,-0.03,160.62,
2025-04-08 11:47:49,164.0,6.0,191.42,19.0,158.67,12.0,411.77,13.0,177.71,27.419999999999987,18.0,32.0,9.009477232332667,50,-14.0,-74.0,-0.28,160.62,
2025-04-08 11:47:50,166.0,15.0,189.47,51.0,163.56,63.0,190.33,54.0,177.74,23.47,78.0,105.0,0.9112244508996642,183,-27.0,133.0,-0.15,160.62,
2025-04-08 11:47:51,166.0,9.0,186.62,32.0,164.0,63.0,187.71,31.0,176.31,20.620000000000005,72.0,63.0,0.8570705921433505,135,9.0,-48.0,0.07,160.62,
2025-04-08 11:47:52,164.78,23.0,183.15,34.0,163.82,67.0,183.86,49.0,173.96,18.370000000000005,90.0,83.0,1.539301789746315,173,7.0,38.0,0.04,164.29,7.0
2025-04-08 11:47:53,164.0,7.0,175.4,20.0,161.0,7.0,182.73,22.0,169.7,11.400000000000006,14.0,42.0,3.3802411156476757,56,-28.0,-117.0,-0.5,164.29,
2025-04-08 11:47:54,164.0,9.0,179.91,23.0,161.44,9.0,181.04,26.0,171.96,15.909999999999997,18.0,49.0,3.2386386028567613,67,-31.0,11.0,-0.46,164.29,
2025-04-08 11:47:55,164.0,10.0,177.0,30.0,162.0,10.0,178.0,10.0,170.5,13.0,20.0,40.0,2.6822714254737,60,-20.0,-7.0,-0.33,164.29,
2025-04-08 11:47:56,158.16,74.0,175.88,16.0,157.09,114.0,176.84,25.0,167.02,17.72,188.0,41.0,2.5870678382893457,229,147.0,168.0,0.64,161.0,5.0
2025-04-08 11:47:57,158.0,55.0,171.55,20.0,157.0,160.0,173.53,17.0,164.78,13.550000000000011,215.0,37.0,2.872894011255823,252,178.0,23.0,0.71,158.0,5.0
2025-04-08 11:47:58,159.23,132.0,166.12,24.0,156.56,164.0,168.39,36.0,162.68,6.890000000000015,296.0,60.0,3.862967771016006,356,236.0,104.0,0.66,157.75,4.0
2025-04-08 11:47:59,159.75,100.0,162.92,37.0,158.33,216.0,163.32,37.0,161.33,3.1699999999999875,316.0,74.0,3.636168312923169,390,242.0,34.0,0.62,160.5,2.0
2025-04-08 11:48:00,159.0,118.0,160.57,14.0,157.0,165.0,161.41,41.0,159.79,1.5699999999999932,283.0,55.0,2.8483416227525717,338,228.0,-52.0,0.67,159.0,2.0
2025-04-08 11:48:01,159.0,99.0,160.29,14.0,157.0,165.0,161.02,41.0,159.64,1.289999999999992,264.0,55.0,2.148238813517601,319,209.0,-19.0,0.66,159.0,4.0
2025-04-08 11:48:02,161.62,32.0,449.8,20.0,157.64,88.0,549.53,34.0,305.71,288.18,120.0,54.0,64.79078753958719,174,66.0,-145.0,0.38,159.0,1.0
2025-04-08 11:48:06,160.77,26.0,422.11,18.0,149.5,40.0,553.53,32.0,291.44,261.34000000000003,66.0,50.0,66.80592960209431,116,16.0,-27.0,0.14,159.71,7.0
2025-04-08 11:48:07,158.0,89.0,283.36,22.0,134.0,16.0,487.95,41.0,220.68,125.36,105.0,63.0,62.22872206626106,168,42.0,52.0,0.25,158.0,2.0
2025-04-08 11:48:08,158.07,41.0,198.07,60.0,157.04,27.0,236.0,32.0,178.07,40.0,68.0,92.0,47.75783527338672,160,-24.0,-8.0,-0.15,158.0,5.0
2025-04-08 11:48:09,159.0,42.0,195.88,57.0,158.0,14.0,197.35,57.0,177.44,36.88,56.0,114.0,47.33999862695331,170,-58.0,10.0,-0.34,158.0,
2025-04-08 11:48:10,159.0,27.0,192.89,36.0,158.0,9.0,197.0,45.0,175.94,33.889999999999986,36.0,81.0,49.945042596837744,117,-45.0,-53.0,-0.38,158.0,
2025-04-08 11:48:11,159.0,36.0,191.08,48.0,158.0,24.0,197.0,60.0,175.04,32.08000000000001,60.0,108.0,19.739454906352293,168,-48.0,51.0,-0.29,158.0,
2025-04-08 11:48:12,159.0,24.0,186.68,37.0,158.0,16.0,188.94,35.0,172.84,27.680000000000007,40.0,72.0,2.072409225975098,112,-32.0,-56.0,-0.29,158.0,
2025-04-08 11:48:13,159.0,30.0,183.33,49.0,158.0,20.0,186.51,41.0,171.16,24.330000000000013,50.0,90.0,2.495932691381213,140,-40.0,28.0,-0.29,158.0,
2025-04-08 11:48:14,161.63,19.0,180.68,53.0,158.83,36.0,182.41,64.0,171.16,19.05000000000001,55.0,117.0,2.19898158243864,172,-62.0,32.0,-0.36,158.0,
2025-04-08 11:48:15,164.0,13.0,177.17,53.0,159.2,41.0,178.22,64.0,170.58,13.169999999999987,54.0,117.0,1.8202417421604684,171,-63.0,-1.0,-0.37,158.0,
2025-04-08 11:48:16,160.9,58.0,174.87,77.0,159.69,58.0,176.15,67.0,167.88,13.97,116.0,144.0,1.8004666061613332,260,-28.0,89.0,-0.11,164.0,1.0
2025-04-08 11:48:17,161.0,22.0,172.58,48.0,160.0,44.0,173.69,51.0,166.79,11.580000000000013,66.0,99.0,2.039921567095425,165,-33.0,-95.0,-0.2,161.0,5.0
2025-04-08 11:48:18,161.33,18.0,170.57,35.0,160.14,28.0,171.65,37.0,165.95,9.23999999999998,46.0,72.0,2.3026658463398797,118,-26.0,-47.0,-0.22,161.0,
2025-04-08 11:48:19,163.36,66.0,167.08,50.0,161.33,36.0,169.16,77.0,165.22,3.719999999999999,102.0,127.0,2.091800659694681,229,-25.0,111.0,-0.11,165.0,5.0
2025-04-08 11:48:20,165.0,31.0,166.0,33.0,162.0,33.0,236.91,44.0,165.5,1.0,64.0,77.0,1.079384083585717,141,-13.0,-88.0,-0.09,165.0,4.0
2025-04-08 11:48:21,161.23,26.0,273.0,24.0,160.83,24.0,500.0,22.0,217.12,111.77,50.0,46.0,22.92963213834681,96,4.0,-45.0,0.04,162.75,4.0
2025-04-08 11:48:22,160.0,9.0,378.56,18.0,159.0,9.0,559.78,18.0,269.28,218.56,18.0,36.0,46.35404167923143,54,-18.0,-42.0,-0.33,160.0,3.0
2025-04-08 11:48:23,166.5,48.0,377.18,22.0,163.43,14.0,398.8,20.0,271.84,210.68,62.0,42.0,52.60922086478703,104,20.0,50.0,0.19,166.0,4.0
2025-04-08 11:48:24,167.0,58.0,367.77,26.0,166.0,22.0,376.0,38.0,267.38,200.77,80.0,64.0,46.579882782162095,144,16.0,40.0,0.11,167.0,1.0
2025-04-08 11:48:25,167.0,60.0,277.73,44.0,166.0,24.0,294.83,24.0,222.36,110.73000000000002,84.0,68.0,27.363371137342902,152,16.0,8.0,0.11,167.0,
2025-04-08 11:48:26,167.0,55.0,254.56,36.0,166.0,22.0,277.4,30.0,210.78,87.56,77.0,66.0,29.321359450065916,143,11.0,-9.0,0.08,167.0,
2025-04-08 11:48:27,166.54,28.0,177.62,39.0,162.39,62.0,227.94,34.0,172.08,11.080000000000013,90.0,73.0,41.60580392204858,163,17.0,20.0,0.1,166.0,1.0
2025-04-08 11:48:28,167.0,24.0,174.22,51.0,166.0,12.0,175.28,57.0,170.61,7.219999999999999,36.0,108.0,40.08154213599991,144,-72.0,-19.0,-0.5,166.0,
2025-04-08 11:48:29,167.0,16.0,172.62,40.0,166.0,8.0,173.7,33.0,169.81,5.6200000000000045,24.0,73.0,25.396410573148323,97,-49.0,-47.0,-0.51,166.0,
2025-04-08 11:48:30,166.73,22.0,170.55,55.0,164.22,18.0,171.55,55.0,168.64,3.8200000000000216,40.0,110.0,18.153066683067934,150,-70.0,53.0,-0.47,166.0,4.0
2025-04-08 11:48:31,162.75,32.0,168.0,68.0,161.68,94.0,169.25,67.0,165.38,5.25,126.0,135.0,2.5251990020399826,261,-9.0,111.0,-0.03,162.67,6.0
2025-04-08 11:48:32,162.0,20.0,164.43,28.0,161.0,36.0,165.77,26.0,163.21,2.430000000000007,56.0,54.0,3.130567041272605,110,2.0,-151.0,0.02,162.0,2.0
2025-04-08 11:48:33,161.14,56.0,162.82,55.0,159.55,88.0,163.91,55.0,161.98,1.6800000000000068,144.0,110.0,3.377222231346481,254,34.0,144.0,0.13,162.0,2.0
2025-04-08 11:48:34,161.0,54.0,162.0,44.0,159.08,78.0,163.0,55.0,161.5,1.0,132.0,99.0,2.9277841450317843,231,33.0,-23.0,0.14,161.0,3.0
2025-04-08 11:48:35,160.71,21.0,162.0,28.0,159.48,31.0,181.39,31.0,161.36,1.289999999999992,52.0,59.0,1.672985355554045,111,-7.0,-120.0,-0.06,161.0,3.0
2025-04-08 11:48:36,159.45,29.0,190.6,20.0,158.91,44.0,334.0,19.0,175.02,31.15000000000001,73.0,39.0,5.862583048443746,112,34.0,1.0,0.3,160.8,5.0
2025-04-08 11:48:38,162.0,63.0,399.87,15.0,159.0,45.0,519.96,24.0,280.93,237.87,108.0,39.0,80.48895402476013,147,69.0,47.0,0.47,160.8,
2025-04-08 11:48:40,162.0,72.0,392.73,11.0,159.0,40.0,553.67,15.0,277.36,230.73,112.0,26.0,61.760392647715534,138,86.0,-24.0,0.62,160.8,
2025-04-08 11:48:41,162.0,38.0,306.09,22.0,159.0,65.0,417.03,32.0,234.05,144.08999999999995,103.0,54.0,38.86469130200322,157,49.0,19.0,0.31,162.0,7.0
2025-04-08 11:48:42,162.0,16.0,431.92,13.0,159.0,40.0,531.15,20.0,296.96,269.92,56.0,33.0,29.992883655960767,89,23.0,-68.0,0.26,162.0,
2025-04-08 11:48:43,162.0,22.0,407.11,38.0,159.0,55.0,458.62,37.0,284.55,245.11,77.0,75.0,30.04130373336016,152,2.0,63.0,0.01,162.0,
2025-04-08 11:48:44,159.58,66.0,353.33,12.0,158.65,49.0,356.0,48.0,256.45,193.75,115.0,60.0,24.84270174518039,175,55.0,23.0,0.31,161.0,3.0
2025-04-08 11:48:45,164.67,21.0,350.85,33.0,158.95,55.0,351.26,27.0,257.76,186.18000000000004,76.0,60.0,24.91242722016434,136,16.0,-39.0,0.12,166.0,1.0
2025-04-08 11:48:46,165.41,142.0,348.43,46.0,158.85,61.0,349.59,34.0,256.92,183.02,203.0,80.0,18.98457716147478,283,123.0,147.0,0.43,166.0,
2025-04-08 11:48:47,166.0,90.0,305.29,21.0,159.0,36.0,344.57,23.0,235.64,139.29000000000002,126.0,44.0,17.379226967848087,170,82.0,-113.0,0.48,166.0,
2025-04-08 11:48:48,166.0,120.0,292.46,39.0,159.0,48.0,334.69,29.0,229.23,126.45999999999998,168.0,68.0,13.675790653558844,236,100.0,66.0,0.42,166.0,
2025-04-08 11:48:49,166.0,88.0,337.87,30.0,159.0,40.0,343.97,29.0,251.93,171.87,128.0,59.0,13.04639145510998,187,69.0,-49.0,0.37,166.0,2.0
2025-04-08 11:48:50,166.0,96.0,326.5,14.0,159.0,48.0,327.73,22.0,246.25,160.5,144.0,36.0,11.433679635181518,180,108.0,-7.0,0.6,166.0,
2025-04-08 11:48:51,166.0,104.0,324.04,25.0,159.04,49.0,345.07,30.0,245.02,158.04000000000002,153.0,55.0,9.06318542235357,208,98.0,28.0,0.47,166.0,
2025-04-08 11:48:52,166.0,104.0,323.0,26.0,161.0,13.0,468.76,62.0,244.5,157.0,117.0,88.0,8.448457255615594,205,29.0,-3.0,0.14,166.0,
2025-04-08 11:48:53,166.0,53.0,297.8,15.0,161.0,7.0,322.86,14.0,231.9,131.8,60.0,29.0,7.341930944919333,89,31.0,-116.0,0.35,166.0,1.0
2025-04-08 11:48:54,166.63,19.0,320.0,26.0,165.94,85.0,321.38,26.0,243.32,153.37,104.0,52.0,5.85212098302509,156,52.0,67.0,0.33,166.0,
2025-04-08 11:48:55,166.36,25.0,316.77,26.0,165.55,71.0,318.0,26.0,241.56,150.40999999999997,96.0,52.0,5.398573885755543,148,44.0,-8.0,0.3,166.25,4.0
2025-04-08 11:48:56,166.0,32.0,228.43,37.0,162.0,16.0,309.0,34.0,197.22,62.43000000000001,48.0,71.0,19.905994072137,119,-23.0,-29.0,-0.19,166.25,
2025-04-08 11:48:57,166.0,36.0,271.0,18.0,162.0,18.0,272.0,45.0,218.5,105.0,54.0,63.0,19.10624505233691,117,-9.0,-2.0,-0.08,166.25,
2025-04-08 11:48:58,166.0,52.0,269.46,26.0,162.0,26.0,270.95,38.0,217.73,103.45999999999998,78.0,64.0,19.155870640614225,142,14.0,25.0,0.1,166.25,
2025-04-08 11:48:59,166.0,72.0,228.71,42.0,162.0,36.0,243.33,43.0,197.36,62.71000000000001,108.0,85.0,18.378323644988345,193,23.0,51.0,0.12,166.25,
2025-04-08 11:49:00,165.38,26.0,213.23,43.0,161.96,27.0,214.28,39.0,189.31,47.85,53.0,82.0,13.27228427965316,135,-29.0,-58.0,-0.21,166.0,4.0
2025-04-08 11:49:01,164.89,45.0,210.2,30.0,163.0,20.0,211.61,36.0,187.54,45.31,65.0,66.0,15.09388518572759,131,-1.0,-4.0,-0.01,166.0,
2025-04-08 11:49:02,165.0,40.0,207.91,22.0,164.0,11.0,209.0,22.0,186.45,42.91,51.0,44.0,13.04850834386526,95,7.0,-36.0,0.07,165.0,2.0
2025-04-08 11:49:03,164.86,21.0,203.89,37.0,163.73,11.0,204.53,34.0,184.37,39.02999999999997,32.0,71.0,5.00141280039107,103,-39.0,8.0,-0.38,163.6,5.0
2025-04-08 11:49:04,161.18,11.0,201.47,34.0,158.41,51.0,203.63,43.0,181.33,40.28999999999999,62.0,77.0,3.073922575458393,139,-15.0,36.0,-0.11,161.5,2.0
2025-04-08 11:49:05,159.94,36.0,198.88,51.0,158.09,139.0,199.07,71.0,179.41,38.94,175.0,122.0,3.417089404728975,297,53.0,158.0,0.18,161.5,
2025-04-08 11:49:06,160.0,32.0,191.27,30.0,158.0,282.0,192.68,34.0,175.63,31.27000000000001,314.0,64.0,4.230073285406407,378,250.0,81.0,0.66,161.5,
2025-04-08 11:49:07,160.0,32.0,184.79,43.0,158.07,272.0,185.35,34.0,172.4,24.789999999999992,304.0,77.0,4.707942225633876,381,227.0,3.0,0.6,161.5,
2025-04-08 11:49:08,159.14,28.0,180.7,20.0,158.11,91.0,181.11,28.0,169.92,21.56,119.0,48.0,4.737010660733607,167,71.0,-168.0,0.43,159.67,3.0
2025-04-08 11:49:09,158.65,34.0,176.44,25.0,157.82,44.0,180.3,37.0,167.54,17.789999999999992,78.0,62.0,4.681372661933807,140,16.0,-27.0,0.11,158.57,7.0
2025-04-08 11:49:10,160.0,66.0,171.53,17.0,157.46,41.0,174.2,41.0,165.76,11.53,107.0,58.0,3.910882253392272,165,49.0,25.0,0.3,158.57,
2025-04-08 11:49:11,162.0,97.0,168.37,43.0,158.9,62.0,169.5,40.0,165.19,6.3700000000000045,159.0,83.0,3.001686192775086,242,76.0,77.0,0.31,162.0,4.0
2025-04-08 11:49:12,164.1,48.0,167.21,39.0,162.0,116.0,168.29,56.0,165.65,3.1100000000000136,164.0,95.0,1.9543208538761625,259,69.0,17.0,0.27,164.0,1.0
2025-04-08 11:49:13,161.32,76.0,165.0,52.0,160.26,54.0,166.29,56.0,163.16,3.680000000000007,130.0,108.0,1.566476938832476,238,22.0,-21.0,0.09,165.0,3.0
2025-04-08 11:49:14,161.0,52.0,162.54,37.0,160.0,32.0,230.08,36.0,161.77,1.539999999999992,84.0,73.0,1.7639812923874332,157,11.0,-81.0,0.07,161.0,4.0
2025-04-08 11:49:15,160.1,31.0,267.0,40.0,158.13,60.0,521.18,17.0,213.55,106.9,91.0,57.0,22.240318792677016,148,34.0,-9.0,0.23,161.0,3.0
2025-04-08 11:49:16,160.52,27.0,284.5,8.0,158.26,53.0,315.89,28.0,222.51,123.98,80.0,36.0,30.05247776806288,116,44.0,-32.0,0.38,161.0,
2025-04-08 11:49:17,165.0,22.0,283.0,11.0,164.0,11.0,412.27,11.0,224.0,118.0,33.0,22.0,31.7803440824659,55,11.0,-61.0,0.2,161.0,
2025-04-08 11:49:18,165.0,17.0,280.79,14.0,164.0,10.0,283.4,10.0,222.89,115.79000000000002,27.0,24.0,26.701179374700608,51,3.0,-4.0,0.06,165.0,1.0
2025-04-08 11:49:19,161.82,11.0,278.89,18.0,158.4,60.0,279.93,15.0,220.35,117.07,71.0,33.0,4.189248142560816,104,38.0,53.0,0.37,161.8,5.0
2025-04-08 11:49:20,158.86,14.0,278.0,8.0,157.92,52.0,279.0,16.0,218.43,119.14,66.0,24.0,2.22806642628766,90,42.0,-14.0,0.47,158.4,5.0
2025-04-08 11:49:21,161.0,6.0,276.86,7.0,158.0,27.0,278.82,11.0,218.93,115.86,33.0,18.0,2.4419459453373578,51,15.0,-39.0,0.29,158.4,
2025-04-08 11:49:24,148.0,10.0,152.0,5.0,137.36,25.0,153.0,5.0,150.0,4.0,35.0,10.0,39.32213079170439,45,25.0,-49.0,0.56,158.4,
2025-04-08 11:49:25,148.25,16.0,154.5,24.0,137.11,9.0,156.0,16.0,151.38,6.25,25.0,40.0,31.834739986371694,65,-15.0,20.0,-0.23,152.5,2.0
2025-04-08 11:49:26,149.0,16.0,155.0,40.0,128.21,38.0,157.0,24.0,152.0,6.0,54.0,64.0,3.81056688694469,118,-10.0,53.0,-0.08,155.0,2.0
2025-04-08 11:49:27,149.25,16.0,154.0,24.0,116.89,38.0,155.09,33.0,151.62,4.75,54.0,57.0,1.3526714308660592,111,-3.0,-7.0,-0.03,155.0,
2025-04-08 11:49:28,150.0,22.0,151.09,33.0,128.05,40.0,153.0,33.0,150.55,1.0900000000000034,62.0,66.0,0.8171291206912206,128,-4.0,17.0,-0.03,155.0,
2025-04-08 11:49:29,128.0,16.0,152.9,10.0,74.0,4.0,154.5,12.0,140.45,24.90000000000001,20.0,22.0,4.920208328910443,42,-2.0,-86.0,-0.05,150.0,2.0
2025-04-08 11:49:31,120.82,62.0,155.96,28.0,79.54,61.0,157.8,30.0,138.39,35.140000000000015,123.0,58.0,8.971629171999504,181,65.0,142.0,0.36,154.0,6.0
2025-04-08 11:49:32,151.6,81.0,155.0,29.0,150.44,45.0,157.09,33.0,153.3,3.4000000000000057,126.0,62.0,9.431095906620447,188,64.0,7.0,0.34,154.0,
2025-04-08 11:49:33,151.81,62.0,155.53,34.0,122.89,18.0,215.0,28.0,153.67,3.719999999999999,80.0,62.0,10.166303654715094,142,18.0,-46.0,0.13,154.44,9.0
2025-04-08 11:49:34,119.33,24.0,157.47,19.0,106.67,24.0,309.71,14.0,138.4,38.14,48.0,33.0,10.344014211120992,81,15.0,-61.0,0.19,154.44,
2025-04-08 11:49:35,115.64,22.0,159.8,10.0,77.0,12.0,203.56,9.0,137.72,44.16000000000001,34.0,19.0,8.393916249276893,53,15.0,-28.0,0.28,156.33,6.0
2025-04-08 11:49:37,160.38,32.0,200.5,10.0,158.71,42.0,441.9,10.0,180.44,40.120000000000005,74.0,20.0,17.398673225274457,94,54.0,60.0,0.57,160.67,3.0
2025-04-08 11:49:38,160.0,95.0,277.71,7.0,157.0,21.0,374.43,7.0,218.86,117.70999999999998,116.0,14.0,34.838830060722415,130,102.0,36.0,0.78,160.67,
2025-04-08 11:49:39,160.13,182.0,397.08,26.0,159.12,113.0,509.88,16.0,278.6,236.95,295.0,42.0,57.37533163302783,337,253.0,168.0,0.75,161.0,6.0
2025-04-08 11:49:40,161.43,63.0,194.0,12.0,159.5,54.0,480.5,8.0,177.71,32.56999999999999,117.0,20.0,50.08956448203489,137,97.0,-168.0,0.71,161.0,
2025-04-08 11:49:41,165.0,42.0,194.0,14.0,160.0,105.0,582.71,7.0,179.5,29.0,147.0,21.0,43.551133395124594,168,126.0,31.0,0.75,161.0,
2025-04-08 11:49:42,165.0,30.0,194.0,10.0,160.0,75.0,429.2,5.0,179.5,29.0,105.0,15.0,43.69635545443048,120,90.0,-48.0,0.75,161.0,
2025-04-08 11:49:43,165.0,36.0,190.8,10.0,160.0,90.0,391.25,8.0,177.9,25.80000000000001,126.0,18.0,44.70596515007734,144,108.0,24.0,0.75,161.0,
2025-04-08 11:49:44,165.0,42.0,222.0,10.0,160.0,105.0,496.75,8.0,193.5,57.0,147.0,18.0,6.694207944179444,165,129.0,21.0,0.78,161.0,
2025-04-08 11:49:45,165.0,60.0,203.0,10.0,160.84,95.0,578.2,10.0,184.0,38.0,155.0,20.0,6.357829818414159,175,135.0,10.0,0.77,161.0,
2025-04-08 11:49:46,165.0,20.0,361.47,17.0,164.0,40.0,460.0,10.0,263.24,196.47000000000003,60.0,27.0,36.074629866430094,87,33.0,-88.0,0.38,165.0,5.0
2025-04-08 11:49:47,165.0,9.0,364.53,15.0,164.0,36.0,472.87,15.0,264.77,199.53,45.0,30.0,43.55934136324772,75,15.0,-12.0,0.2,165.0,
2025-04-08 11:49:48,165.0,9.0,319.1,20.0,164.0,36.0,327.74,39.0,242.05,154.10000000000002,45.0,59.0,38.42561736654278,104,-14.0,29.0,-0.13,165.0,1.0
2025-04-08 11:49:49,164.0,36.0,322.9,30.0,160.0,135.0,323.48,33.0,243.45,158.89999999999998,171.0,63.0,32.80440321054419,234,108.0,130.0,0.46,165.0,
2025-04-08 11:49:50,164.57,56.0,310.53,32.0,161.14,126.0,314.43,67.0,237.55,145.95999999999998,182.0,99.0,12.78996950739015,281,83.0,47.0,0.3,165.0,1.0
2025-04-08 11:49:51,166.16,38.0,293.17,30.0,164.61,33.0,293.97,30.0,229.66,127.01000000000002,71.0,60.0,13.052451110805396,131,11.0,-150.0,0.08,165.0,
2025-04-08 11:49:52,167.0,33.0,290.45,55.0,166.0,11.0,292.0,11.0,228.73,123.45,44.0,66.0,6.839979532130225,110,-22.0,-21.0,-0.2,165.0,
2025-04-08 11:49:53,167.0,42.0,286.65,31.0,166.0,14.0,287.49,41.0,226.82,119.64999999999998,56.0,72.0,7.0212726766561575,128,-16.0,18.0,-0.12,165.0,
2025-04-08 11:49:54,167.0,30.0,283.04,47.0,166.0,10.0,284.05,19.0,225.02,116.04000000000002,40.0,66.0,4.812954394127983,106,-26.0,-22.0,-0.25,165.0,
2025-04-08 11:49:55,167.0,42.0,281.82,38.0,166.0,14.0,282.52,58.0,224.41,114.82,56.0,96.0,2.275053845506529,152,-40.0,46.0,-0.26,165.0,
2025-04-08 11:49:56,165.81,16.0,277.94,34.0,162.82,17.0,278.62,26.0,221.88,112.13,33.0,60.0,2.579548410081311,93,-27.0,-59.0,-0.29,166.2,5.0
2025-04-08 11:49:57,165.0,30.0,275.8,15.0,164.0,10.0,277.63,46.0,220.4,110.8,40.0,61.0,2.55847220034768,101,-21.0,8.0,-0.21,166.2,
2025-04-08 11:49:58,165.0,27.0,272.81,21.0,164.0,9.0,274.86,42.0,218.9,107.81,36.0,63.0,2.599926922040472,99,-27.0,-2.0,-0.27,166.2,
2025-04-08 11:49:59,165.0,32.0,269.58,67.0,164.0,15.0,271.05,42.0,217.29,104.57999999999998,47.0,109.0,2.740333921249345,156,-62.0,57.0,-0.4,165.0,1.0
2025-04-08 11:50:00,162.0,40.0,264.25,32.0,161.33,15.0,265.29,42.0,213.12,102.25,55.0,74.0,3.370359031312286,129,-19.0,-27.0,-0.15,163.75,4.0
2025-04-08 11:50:01,161.0,39.0,261.3,20.0,160.0,47.0,265.0,50.0,211.15,100.3,86.0,70.0,3.90842295561098,156,16.0,27.0,0.1,161.0,3.0
2025-04-08 11:50:02,161.0,33.0,257.64,44.0,160.0,55.0,258.54,28.0,209.32,96.64,88.0,72.0,4.050423434647963,160,16.0,4.0,0.1,161.0,
2025-04-08 11:50:03,161.43,37.0,255.22,27.0,160.26,47.0,256.11,38.0,208.33,93.79,84.0,65.0,3.552727121514391,149,19.0,-11.0,0.13,161.0,
2025-04-08 11:50:04,161.0,26.0,251.35,23.0,160.0,50.0,252.12,25.0,206.17,90.35,76.0,48.0,2.6574179196999705,124,28.0,-25.0,0.23,161.0,2.0
2025-04-08 11:50:05,160.35,69.0,247.38,37.0,158.03,304.0,248.22,49.0,203.86,87.03,373.0,86.0,2.827919730109264,459,287.0,168.0,0.63,161.0,1.0
2025-04-08 11:50:06,166.0,33.0,243.94,17.0,160.0,60.0,245.28,39.0,204.97,77.94,93.0,56.0,2.275752622747129,149,37.0,-168.0,0.25,166.0,3.0
2025-04-08 11:50:07,166.0,9.0,242.11,9.0,160.0,45.0,244.0,18.0,204.06,76.11000000000001,54.0,27.0,1.8370819252117736,81,27.0,-68.0,0.33,166.0,
2025-04-08 11:50:08,166.0,14.0,240.36,25.0,160.0,70.0,244.31,26.0,203.18,74.36000000000001,84.0,51.0,1.1556253717962173,135,33.0,54.0,0.24,166.0,
2025-04-08 11:50:09,166.0,15.0,238.83,29.0,161.68,62.0,241.28,67.0,202.41,72.83000000000001,77.0,96.0,0.9620966687078324,173,-19.0,38.0,-0.11,166.0,
2025-04-08 11:50:10,166.0,10.0,190.75,20.0,162.13,30.0,222.31,36.0,178.38,24.75,40.0,56.0,11.343824311048538,96,-16.0,-77.0,-0.17,166.0,
2025-04-08 11:50:11,166.0,16.0,170.84,50.0,164.0,32.0,172.64,44.0,168.42,4.840000000000003,48.0,94.0,16.716790959987858,142,-46.0,46.0,-0.32,166.0,
2025-04-08 11:50:12,160.84,64.0,165.98,45.0,158.9,82.0,167.14,57.0,163.41,5.139999999999986,146.0,102.0,18.718583012608807,248,44.0,106.0,0.18,164.67,3.0
2025-04-08 11:50:13,160.03,129.0,162.48,77.0,158.43,125.0,163.43,49.0,161.26,2.4499999999999886,254.0,126.0,16.799506837997427,380,128.0,132.0,0.34,162.0,1.0
2025-04-08 11:50:14,158.65,71.0,161.0,60.0,157.67,73.0,164.7,23.0,159.82,2.3499999999999943,144.0,83.0,7.519243312988197,227,61.0,-153.0,0.27,159.71,7.0
2025-04-08 11:50:15,157.39,33.0,272.57,21.0,117.7,43.0,381.13,23.0,214.98,115.18,76.0,44.0,23.372711010918728,120,32.0,-107.0,0.27,157.67,9.0
2025-04-08 11:50:16,157.57,14.0,176.0,7.0,120.95,38.0,374.94,17.0,166.79,18.430000000000007,52.0,24.0,23.47378899964642,76,28.0,-44.0,0.37,157.67,
2025-04-08 11:50:17,159.23,35.0,188.0,15.0,128.51,70.0,298.41,54.0,173.61,28.77000000000001,105.0,69.0,22.839276914997164,174,36.0,98.0,0.21,157.67,
2025-04-08 11:50:18,161.0,56.0,194.0,8.0,159.0,16.0,357.81,37.0,177.5,33.0,72.0,45.0,21.45787151606431,117,27.0,-57.0,0.23,157.67,
2025-04-08 11:50:19,161.0,38.0,362.5,24.0,159.33,18.0,422.91,11.0,261.75,201.5,56.0,35.0,39.80352283403989,91,21.0,-26.0,0.23,161.0,5.0
2025-04-08 11:50:20,163.13,45.0,432.0,12.0,160.14,21.0,561.08,24.0,297.57,268.87,66.0,36.0,60.09569019488788,102,30.0,11.0,0.29,161.0,3.0
2025-04-08 11:50:23,165.0,18.0,229.0,12.0,161.0,6.0,574.0,24.0,197.0,64.0,24.0,36.0,72.92690141504703,60,-12.0,-12.0,-0.2,161.0,
2025-04-08 11:50:25,161.67,15.0,457.2,20.0,90.18,17.0,464.6,20.0,309.43,295.53,32.0,40.0,69.97303216239808,72,-8.0,-36.0,-0.11,163.0,2.0
2025-04-08 11:50:26,160.0,16.0,324.25,16.0,102.25,16.0,408.33,18.0,242.12,164.25,32.0,34.0,70.14273640228177,66,-2.0,-6.0,-0.03,163.0,
2025-04-08 11:50:27,160.33,12.0,417.0,16.0,129.0,15.0,507.0,32.0,288.67,256.67,27.0,48.0,51.53346902741924,75,-21.0,9.0,-0.28,163.0,
2025-04-08 11:50:28,161.0,6.0,412.5,16.0,160.0,12.0,435.56,18.0,286.75,251.5,18.0,34.0,30.244469411778184,52,-16.0,-23.0,-0.31,163.0,
2025-04-08 11:50:29,161.0,9.0,349.92,24.0,160.0,18.0,397.73,22.0,255.46,188.92,27.0,46.0,27.213146271608903,73,-19.0,21.0,-0.26,163.0,
2025-04-08 11:50:30,161.0,7.0,216.14,14.0,160.0,14.0,340.8,20.0,188.57,55.13999999999999,21.0,34.0,40.88003583657888,55,-13.0,-18.0,-0.24,163.0,
2025-04-08 11:50:31,161.0,33.0,215.0,36.0,160.0,18.0,216.0,18.0,188.0,54.0,51.0,54.0,50.32714824028845,105,-3.0,50.0,-0.03,163.0,
2025-04-08 11:50:32,157.58,45.0,213.0,38.0,145.2,20.0,214.29,28.0,185.29,55.41999999999999,65.0,66.0,47.239522965414885,131,-1.0,26.0,-0.01,160.33,3.0
2025-04-08 11:50:33,158.0,89.0,200.35,23.0,138.0,13.0,204.24,34.0,179.17,42.35,102.0,57.0,31.61591956593942,159,45.0,28.0,0.28,160.33,
2025-04-08 11:50:34,158.0,97.0,168.83,24.0,138.0,16.0,169.53,30.0,163.42,10.830000000000013,113.0,54.0,10.452915861133848,167,59.0,8.0,0.35,158.0,1.0
2025-04-08 11:50:35,158.0,66.0,160.42,33.0,143.25,32.0,162.62,21.0,159.21,2.4199999999999875,98.0,54.0,12.99703697001517,152,44.0,-15.0,0.29,159.33,6.0
2025-04-08 11:50:36,160.67,54.0,162.64,11.0,157.12,64.0,428.73,15.0,161.65,1.9699999999999989,118.0,26.0,11.693999315885852,144,92.0,-8.0,0.64,159.33,
2025-04-08 11:50:37,160.54,52.0,162.0,11.0,157.54,56.0,334.53,38.0,161.27,1.460000000000008,108.0,49.0,8.09211220880783,157,59.0,13.0,0.38,160.14,7.0
2025-04-08 11:50:38,160.12,34.0,423.25,32.0,156.41,41.0,405.06,32.0,291.68,263.13,75.0,64.0,58.28778542713686,139,11.0,-18.0,0.08,161.0,1.0
2025-04-08 11:50:39,160.88,25.0,202.69,49.0,157.3,80.0,475.56,27.0,181.79,41.81,105.0,76.0,56.95856827554525,181,29.0,42.0,0.16,160.4,5.0
2025-04-08 11:50:40,159.08,38.0,173.1,40.0,158.39,41.0,215.09,33.0,166.09,14.019999999999982,79.0,73.0,56.07115996659914,152,6.0,-29.0,0.04,160.4,
2025-04-08 11:50:41,159.04,25.0,170.5,22.0,158.33,18.0,171.38,26.0,164.77,11.460000000000008,43.0,48.0,55.657902403881074,91,-5.0,-61.0,-0.05,159.2,5.0
2025-04-08 11:50:42,159.0,28.0,166.33,27.0,158.0,14.0,167.73,15.0,162.67,7.3300000000000125,42.0,42.0,55.460788851223086,84,0.0,-7.0,0.0,159.2,
2025-04-08 11:50:43,163.43,28.0,170.0,20.0,163.7,40.0,183.91,34.0,166.71,6.569999999999993,68.0,54.0,7.640253922477774,122,14.0,38.0,0.11,164.33,3.0
2025-04-08 11:50:44,166.0,8.0,168.25,16.0,165.0,64.0,207.31,26.0,167.12,2.25,72.0,42.0,1.8010052748216567,114,30.0,-8.0,0.26,164.33,
2025-04-08 11:50:45,165.39,69.0,210.9,41.0,164.05,74.0,314.68,56.0,188.15,45.51000000000002,143.0,97.0,10.362860608921558,240,46.0,126.0,0.19,165.6,5.0
2025-04-08 11:50:46,166.0,36.0,271.91,33.0,165.0,72.0,323.15,39.0,218.95,105.91000000000004,108.0,72.0,23.578488077057543,180,36.0,-60.0,0.2,165.6,
2025-04-08 11:50:47,162.55,87.0,271.29,35.0,160.85,78.0,288.62,32.0,216.92,108.74,165.0,67.0,25.592017310090103,232,98.0,52.0,0.42,165.33,9.0
2025-04-08 11:50:48,164.0,39.0,273.69,26.0,161.0,117.0,373.3,20.0,218.85,109.69,156.0,46.0,23.46416565744365,202,110.0,-30.0,0.54,165.33,
2025-04-08 11:50:49,162.88,24.0,275.83,12.0,160.91,47.0,285.67,9.0,219.35,112.95,71.0,21.0,13.613327293500488,92,50.0,-110.0,0.54,164.0,3.0
2025-04-08 11:50:50,161.0,81.0,234.55,22.0,159.0,18.0,274.78,18.0,197.77,73.55000000000001,99.0,40.0,9.326168559487147,139,59.0,47.0,0.42,164.0,
2025-04-08 11:50:51,161.0,79.0,195.26,38.0,159.35,34.0,203.67,54.0,178.13,34.25999999999999,113.0,92.0,18.07521175532839,205,21.0,66.0,0.1,161.0,4.0
2025-04-08 11:50:52,161.0,49.0,189.86,14.0,160.0,42.0,194.0,35.0,175.43,28.860000000000014,91.0,49.0,21.182395520808228,140,42.0,-65.0,0.3,161.0,
2025-04-08 11:50:53,161.0,49.0,188.86,14.0,160.0,42.0,194.45,31.0,174.93,27.860000000000014,91.0,45.0,19.3534730733259,136,46.0,-4.0,0.34,161.0,
2025-04-08 11:50:54,161.0,120.0,186.17,24.0,160.0,72.0,187.75,24.0,173.58,25.169999999999987,192.0,48.0,10.087998810465065,240,144.0,104.0,0.6,161.0,
2025-04-08 11:50:55,161.0,132.0,163.38,52.0,160.0,72.0,167.5,48.0,162.19,2.3799999999999955,204.0,100.0,6.185258280778567,304,104.0,64.0,0.34,161.0,
2025-04-08 11:50:56,161.0,88.0,162.25,32.0,160.0,84.0,202.11,57.0,161.62,1.25,172.0,89.0,7.014524217645682,261,83.0,-43.0,0.32,161.0,8.0
2025-04-08 11:50:57,161.0,21.0,162.86,28.0,160.0,42.0,559.29,34.0,161.93,1.8600000000000136,63.0,62.0,6.7796423209440855,125,1.0,-136.0,0.01,161.0,
2025-04-08 11:50:58,160.34,35.0,346.7,27.0,159.6,40.0,601.95,37.0,253.52,186.36,75.0,64.0,39.984306546443264,139,11.0,14.0,0.08,160.75,4.0
2025-04-08 11:51:00,160.0,36.0,270.8,20.0,159.0,32.0,340.8,20.0,215.4,110.8,68.0,40.0,94.16055373668944,108,28.0,5.0,0.26,160.0,4.0
2025-04-08 11:51:01,165.49,67.0,268.92,12.0,158.98,45.0,458.15,27.0,217.2,103.43,112.0,39.0,86.04236572758786,151,73.0,43.0,0.48,163.0,2.0
2025-04-08 11:51:02,166.57,14.0,267.0,9.0,165.46,52.0,270.0,9.0,216.79,100.43,66.0,18.0,75.19980199442013,84,48.0,-67.0,0.57,163.0,
2025-04-08 11:51:03,167.0,9.0,233.68,25.0,166.0,54.0,249.0,13.0,200.34,66.68,63.0,38.0,79.71970446508182,101,25.0,17.0,0.25,163.0,
2025-04-08 11:51:04,167.0,6.0,206.67,6.0,166.0,36.0,208.0,6.0,186.83,39.66999999999999,42.0,12.0,13.427042488945895,54,30.0,-47.0,0.56,163.0,
2025-04-08 11:51:05,166.03,33.0,205.67,9.0,165.2,30.0,214.22,9.0,185.85,39.63999999999999,63.0,18.0,15.343590518517964,81,45.0,27.0,0.56,166.33,3.0
2025-04-08 11:51:06,166.0,68.0,203.82,17.0,165.0,51.0,204.82,17.0,184.91,37.81999999999999,119.0,34.0,13.74393975539584,153,85.0,72.0,0.56,166.33,
2025-04-08 11:51:07,165.87,23.0,193.7,10.0,164.75,16.0,193.93,14.0,179.78,27.829999999999984,39.0,24.0,7.653996995031124,63,15.0,-90.0,0.24,166.0,4.0
2025-04-08 11:51:08,158.67,55.0,187.64,11.0,157.76,37.0,189.35,23.0,173.15,28.97,92.0,34.0,5.696848251440619,126,58.0,63.0,0.46,161.5,8.0
2025-04-08 11:51:09,158.0,48.0,186.25,8.0,157.0,16.0,187.75,8.0,172.12,28.25,64.0,16.0,6.400872596758991,80,48.0,-46.0,0.6,161.5,
2025-04-08 11:51:10,158.0,36.0,185.0,6.0,157.0,12.0,186.0,6.0,171.5,27.0,48.0,12.0,5.8454486568559,60,36.0,-20.0,0.6,161.5,
2025-04-08 11:51:11,158.0,32.0,184.0,8.0,157.0,16.0,186.0,8.0,171.0,26.0,48.0,16.0,3.595650149825017,64,32.0,4.0,0.5,158.0,2.0
2025-04-08 11:51:12,137.3,40.0,180.77,13.0,111.46,26.0,182.08,13.0,159.03,43.47,66.0,26.0,5.8300900507568345,92,40.0,28.0,0.43,157.67,6.0
2025-04-08 11:51:13,152.77,13.0,179.0,9.0,135.92,25.0,180.0,9.0,165.88,26.22999999999999,38.0,18.0,5.548322268932548,56,20.0,-36.0,0.36,165.0,1.0
2025-04-08 11:51:14,142.4,30.0,164.82,22.0,108.0,36.0,179.67,12.0,153.61,22.419999999999987,66.0,34.0,7.765779419989352,100,32.0,44.0,0.32,165.0,
2025-04-08 11:51:17,145.18,45.0,210.29,34.0,144.02,45.0,341.29,34.0,177.74,65.10999999999999,90.0,68.0,14.184556038167909,158,22.0,38.0,0.14,149.0,2.0
2025-04-08 11:51:18,155.41,59.0,201.69,67.0,154.54,91.0,266.0,53.0,178.55,46.28,150.0,120.0,16.923949007247906,270,30.0,112.0,0.11,158.56,9.0
2025-04-08 11:51:19,158.0,74.0,199.38,53.0,157.0,11.0,289.86,21.0,178.69,41.38,85.0,74.0,18.21303187280829,159,11.0,-111.0,0.07,158.56,
2025-04-08 11:51:20,158.19,96.0,197.5,40.0,157.77,39.0,197.91,46.0,177.84,39.31,135.0,86.0,14.207460364186671,221,49.0,62.0,0.22,158.56,
2025-04-08 11:51:21,163.17,29.0,194.19,27.0,158.73,74.0,195.71,63.0,178.68,31.02000000000001,103.0,90.0,0.4701595473234801,193,13.0,-28.0,0.07,158.56,
2025-04-08 11:51:22,165.67,36.0,189.88,16.0,164.0,12.0,193.81,52.0,177.77,24.210000000000008,48.0,68.0,0.4613350191990888,116,-20.0,-77.0,-0.17,158.56,
2025-04-08 11:51:23,166.07,42.0,186.4,50.0,164.0,14.0,187.19,62.0,176.24,20.330000000000013,56.0,112.0,0.9991146080100654,168,-56.0,52.0,-0.33,158.56,
2025-04-08 11:51:24,167.0,24.0,183.73,37.0,164.0,20.0,185.0,30.0,175.36,16.72999999999999,44.0,67.0,1.3444032133027146,111,-23.0,-57.0,-0.21,158.56,
2025-04-08 11:51:25,167.0,33.0,178.26,43.0,164.0,38.0,179.53,49.0,172.63,11.259999999999993,71.0,92.0,2.347707392316597,163,-21.0,52.0,-0.13,158.56,
2025-04-08 11:51:26,161.55,66.0,173.62,77.0,160.05,87.0,175.13,71.0,167.58,12.069999999999991,153.0,148.0,4.004313923749794,301,5.0,138.0,0.02,164.0,7.0
2025-04-08 11:51:27,160.63,38.0,166.9,51.0,159.62,104.0,168.98,43.0,163.77,6.27000000000001,142.0,94.0,5.3156871615939325,236,48.0,-65.0,0.2,164.0,
2025-04-08 11:51:28,160.33,42.0,162.35,34.0,159.1,89.0,164.52,23.0,161.34,2.019999999999982,131.0,57.0,5.872370049642013,188,74.0,-48.0,0.39,161.0,2.0
2025-04-08 11:51:29,158.5,80.0,161.8,44.0,157.53,76.0,162.32,22.0,160.15,3.300000000000012,156.0,66.0,5.080849338440422,222,90.0,34.0,0.41,160.0,7.0
2025-04-08 11:51:30,158.0,92.0,161.77,26.0,157.0,60.0,162.12,34.0,159.88,3.77000000000001,152.0,60.0,3.2071061722257976,212,92.0,-10.0,0.43,158.0,3.0
2025-04-08 11:51:31,158.0,36.0,160.14,35.0,157.0,66.0,161.81,31.0,159.07,2.1399999999999864,102.0,66.0,1.8279414651261716,168,36.0,-44.0,0.21,158.0,5.0
2025-04-08 11:51:32,157.71,21.0,159.0,13.0,155.41,79.0,167.12,64.0,158.36,1.289999999999992,100.0,77.0,1.1290482717434485,177,23.0,9.0,0.13,158.0,2.0
2025-04-08 11:51:33,137.23,64.0,171.2,60.0,99.25,64.0,213.67,18.0,154.22,33.97,128.0,78.0,2.405998753101488,206,50.0,29.0,0.24,157.55,11.0
2025-04-08 11:51:34,145.14,42.0,260.72,18.0,95.8,75.0,259.25,48.0,202.93,115.58000000000004,117.0,66.0,20.26366131773654,183,51.0,-23.0,0.28,164.0,2.0
2025-04-08 11:51:35,135.4,47.0,185.86,28.0,98.29,38.0,247.91,11.0,160.63,50.46000000000001,85.0,39.0,20.201459600730143,124,46.0,-59.0,0.37,151.0,3.0
2025-04-08 11:51:36,161.0,66.0,234.51,43.0,158.0,53.0,383.79,14.0,197.76,73.50999999999999,119.0,57.0,23.521561385246887,176,62.0,52.0,0.35,151.0,
2025-04-08 11:51:37,161.32,47.0,354.33,18.0,159.68,57.0,645.18,22.0,257.83,193.01,104.0,40.0,41.41824875583166,144,64.0,-32.0,0.44,151.0,
2025-04-08 11:51:38,162.0,84.0,256.74,23.0,161.0,98.0,417.86,35.0,209.37,94.74,182.0,58.0,34.75998820483054,240,124.0,96.0,0.52,151.0,
2025-04-08 11:51:39,166.21,94.0,168.89,35.0,164.78,166.0,196.36,25.0,167.55,2.6799999999999784,260.0,60.0,38.82882589005175,320,200.0,80.0,0.62,151.0,
2025-04-08 11:51:40,167.0,66.0,168.0,33.0,165.0,154.0,336.39,23.0,167.5,1.0,220.0,56.0,37.23699732792581,276,164.0,-44.0,0.59,151.0,
2025-04-08 11:51:41,167.0,54.0,168.0,27.0,165.0,126.0,281.81,16.0,167.5,1.0,180.0,43.0,40.04558589907194,223,137.0,-53.0,0.61,151.0,
2025-04-08 11:51:42,167.0,36.0,168.0,18.0,165.64,39.0,353.33,12.0,167.5,1.0,75.0,30.0,18.71925559417191,105,45.0,-118.0,0.43,151.0,
2025-04-08 11:51:43,166.23,39.0,169.62,37.0,165.35,129.0,340.22,27.0,167.93,3.390000000000015,168.0,64.0,0.1879627620833872,232,104.0,127.0,0.45,167.0,6.0
2025-04-08 11:51:44,166.0,50.0,193.54,13.0,165.0,140.0,443.71,21.0,179.77,27.539999999999992,190.0,34.0,5.442421336127137,224,156.0,-8.0,0.7,167.0,
2025-04-08 11:51:45,166.0,25.0,192.2,10.0,165.0,70.0,319.71,7.0,179.1,26.19999999999999,95.0,17.0,6.465288083290146,112,78.0,-112.0,0.7,167.0,
2025-04-08 11:51:46,166.0,35.0,189.5,16.0,165.0,98.0,279.0,14.0,177.75,23.5,133.0,30.0,6.156699602866388,163,103.0,51.0,0.63,167.0,
2025-04-08 11:51:47,166.0,65.0,191.0,26.0,165.0,182.0,192.0,26.0,178.5,25.0,247.0,52.0,4.90916999093909,299,195.0,136.0,0.65,167.0,
2025-04-08 11:51:48,166.0,32.0,178.6,20.0,165.0,140.0,191.1,20.0,172.3,12.599999999999994,172.0,40.0,2.9922449765915946,212,132.0,-87.0,0.62,166.0,2.0
2025-04-08 11:51:49,166.11,27.0,186.82,22.0,165.07,121.0,189.64,22.0,176.46,20.70999999999998,148.0,44.0,2.7131936900886853,192,104.0,-20.0,0.54,166.0,
2025-04-08 11:51:50,166.08,12.0,168.58,24.0,165.02,157.0,182.5,24.0,167.33,2.5,169.0,48.0,4.654242150977426,217,121.0,25.0,0.56,166.33,3.0
2025-04-08 11:51:51,165.09,46.0,167.57,14.0,164.66,64.0,198.18,11.0,166.33,2.4799999999999898,110.0,25.0,5.385631810654431,135,85.0,-82.0,0.63,166.0,1.0
2025-04-08 11:51:52,165.0,140.0,167.12,16.0,163.0,10.0,204.29,14.0,166.06,2.1200000000000045,150.0,30.0,4.546452463177281,180,120.0,45.0,0.67,166.0,
2025-04-08 11:51:53,164.88,144.0,166.86,21.0,161.99,67.0,247.73,15.0,165.87,1.9800000000000184,211.0,36.0,4.53512403357721,247,175.0,67.0,0.71,165.0,5.0
2025-04-08 11:51:54,163.88,24.0,166.06,36.0,161.92,72.0,377.75,36.0,164.97,2.180000000000007,96.0,72.0,0.8509524075573437,168,24.0,-79.0,0.14,165.0,1.0
2025-04-08 11:51:55,162.0,24.0,165.12,16.0,161.0,8.0,298.12,16.0,163.56,3.1200000000000045,32.0,32.0,1.1272843474150398,64,0.0,-104.0,0.0,165.0,
2025-04-08 11:51:56,162.0,48.0,163.8,35.0,161.0,16.0,173.44,32.0,162.9,1.8000000000000114,64.0,67.0,1.3988459528934316,131,-3.0,67.0,-0.02,162.0,3.0
2025-04-08 11:51:57,161.0,12.0,162.58,24.0,158.0,26.0,163.67,24.0,161.79,1.5800000000000125,38.0,48.0,1.6247984490162437,86,-10.0,-45.0,-0.12,162.0,
2025-04-08 11:51:58,158.09,32.0,162.03,32.0,157.12,17.0,258.4,30.0,160.06,3.9399999999999977,49.0,62.0,1.8520610140933635,111,-13.0,25.0,-0.12,161.0,1.0
2025-04-08 11:51:59,157.95,20.0,159.44,27.0,152.6,10.0,181.45,22.0,158.7,1.490000000000009,30.0,49.0,2.009557165129517,79,-19.0,-32.0,-0.24,158.0,3.0
2025-04-08 11:52:01,145.04,156.0,174.6,20.0,109.41,128.0,177.73,30.0,159.82,29.56,284.0,50.0,12.153178596561354,334,234.0,-109.0,0.7,154.67,9.0
2025-04-08 11:52:02,145.84,107.0,253.12,16.0,138.84,176.0,334.8,20.0,199.48,107.28,283.0,36.0,23.78644403856793,319,247.0,-15.0,0.77,154.67,
2025-04-08 11:52:03,141.91,142.0,239.14,21.0,133.1,180.0,361.33,18.0,190.53,97.23,322.0,39.0,26.806752321009157,361,283.0,42.0,0.78,165.0,1.0
2025-04-08 11:52:04,137.14,88.0,171.69,13.0,97.49,143.0,221.38,26.0,154.41,34.55000000000001,231.0,39.0,27.25620167961649,270,192.0,-91.0,0.71,159.25,4.0
2025-04-08 11:52:05,166.0,48.0,169.67,24.0,131.84,148.0,262.36,28.0,167.83,3.669999999999988,196.0,52.0,19.650214502644367,248,144.0,-22.0,0.58,159.25,
2025-04-08 11:52:06,153.47,32.0,167.96,25.0,91.97,30.0,170.77,26.0,160.71,14.490000000000007,62.0,51.0,19.48833035434116,113,11.0,-135.0,0.1,165.2,5.0
2025-04-08 11:52:07,158.49,73.0,167.92,24.0,155.82,68.0,206.4,15.0,163.2,9.429999999999978,141.0,39.0,13.84103970082915,180,102.0,67.0,0.57,158.0,1.0
2025-04-08 11:52:08,161.0,20.0,166.5,20.0,158.6,100.0,216.32,19.0,163.75,5.5,120.0,39.0,4.943723293219793,159,81.0,-21.0,0.51,158.0,
2025-04-08 11:52:09,160.55,22.0,164.0,10.0,159.95,61.0,165.0,11.0,162.27,3.4499999999999886,83.0,21.0,2.654471698836763,104,62.0,-55.0,0.6,158.0,
2025-04-08 11:52:10,160.0,120.0,167.35,23.0,158.8,80.0,198.18,17.0,163.67,7.349999999999994,200.0,40.0,1.2685030547557092,240,160.0,136.0,0.67,162.33,3.0
2025-04-08 11:52:11,165.0,136.0,288.24,17.0,160.0,80.0,367.85,13.0,226.62,123.24,216.0,30.0,28.358335106277597,246,186.0,6.0,0.76,162.33,
2025-04-08 11:52:12,165.45,31.0,307.33,12.0,164.61,129.0,413.0,12.0,236.39,141.88,160.0,24.0,37.559562031524656,184,136.0,-62.0,0.74,162.33,
2025-04-08 11:52:13,166.0,20.0,299.18,22.0,165.0,221.0,324.56,18.0,232.59,133.18,241.0,40.0,37.89984195217654,281,201.0,97.0,0.72,166.0,1.0
2025-04-08 11:52:14,166.0,9.0,298.33,18.0,165.0,153.0,348.57,23.0,232.17,132.32999999999998,162.0,41.0,30.73063487791902,203,121.0,-78.0,0.6,166.0,
2025-04-08 11:52:15,165.02,128.0,298.0,22.0,161.88,116.0,345.0,33.0,231.51,132.98,244.0,55.0,3.490340957554844,299,189.0,96.0,0.63,165.25,4.0
2025-04-08 11:52:16,165.0,69.0,237.78,18.0,164.0,42.0,322.41,17.0,201.39,72.78,111.0,35.0,14.336847631190771,146,76.0,-153.0,0.52,165.0,7.0
2025-04-08 11:52:17,165.0,44.0,296.09,22.0,164.0,66.0,508.67,15.0,230.55,131.08999999999995,110.0,37.0,13.57912810161166,147,73.0,1.0,0.5,165.0,3.0
2025-04-08 11:52:18,165.0,32.0,295.38,16.0,164.0,48.0,616.0,16.0,230.19,130.38,80.0,32.0,13.311916466083275,112,48.0,-35.0,0.43,165.0,
2025-04-08 11:52:19,164.29,28.0,294.5,12.0,160.92,52.0,486.56,18.0,229.39,130.21,80.0,30.0,13.000449223006816,110,50.0,-2.0,0.45,164.8,5.0
2025-04-08 11:52:20,165.06,31.0,293.22,18.0,162.55,55.0,585.56,18.0,229.14,128.16000000000005,86.0,36.0,12.72610781032355,122,50.0,12.0,0.41,164.8,
2025-04-08 11:52:21,167.0,21.0,291.29,14.0,164.0,35.0,345.43,14.0,229.14,124.29000000000002,56.0,28.0,0.648899067639703,84,28.0,-38.0,0.33,164.8,
2025-04-08 11:52:22,167.0,50.0,207.43,35.0,164.0,90.0,217.15,33.0,187.21,40.43000000000001,140.0,68.0,18.901921330911694,208,72.0,124.0,0.35,167.0,2.0
2025-04-08 11:52:23,164.33,27.0,170.11,18.0,162.15,39.0,171.33,18.0,167.22,5.780000000000001,66.0,36.0,29.34996507663956,102,30.0,-106.0,0.29,165.5,2.0
2025-04-08 11:52:24,163.94,33.0,166.44,18.0,161.11,27.0,167.89,18.0,165.19,2.5,60.0,36.0,31.82155637299893,96,24.0,-6.0,0.25,164.0,4.0
2025-04-08 11:52:25,161.22,9.0,164.0,18.0,160.07,113.0,165.0,18.0,162.61,2.780000000000001,122.0,36.0,27.955075210056854,158,86.0,62.0,0.54,161.25,4.0
2025-04-08 11:52:26,160.01,167.0,162.65,34.0,158.67,90.0,163.65,34.0,161.33,2.640000000000015,257.0,68.0,10.58932103583238,325,189.0,167.0,0.58,160.2,5.0
2025-04-08 11:52:27,159.73,66.0,161.1,20.0,157.9,31.0,162.3,20.0,160.41,1.3700000000000043,97.0,40.0,2.8122090960518333,137,57.0,-168.0,0.42,159.0,2.0
2025-04-08 11:52:28,158.74,19.0,161.7,20.0,157.84,25.0,307.71,14.0,160.22,2.9599999999999795,44.0,34.0,2.0421851042242207,78,10.0,-59.0,0.13,160.0,2.0
2025-04-08 11:52:29,161.92,25.0,335.3,20.0,158.0,15.0,260.4,5.0,248.61,173.38000000000002,40.0,25.0,39.12808173166597,65,15.0,-13.0,0.23,160.5,2.0
2025-04-08 11:52:34,162.0,9.0,167.0,7.0,151.32,38.0,168.0,28.0,164.5,5.0,47.0,35.0,129.23716617134582,82,12.0,-8.0,0.15,162.0,1.0
2025-04-08 11:52:35,163.5,4.0,166.5,6.0,158.88,8.0,167.92,13.0,165.0,3.0,12.0,19.0,132.78869349458938,31,-7.0,-51.0,-0.23,162.0,
2025-04-08 11:52:36,164.84,55.0,165.61,23.0,161.9,10.0,167.63,19.0,165.22,0.7700000000000102,65.0,42.0,102.1879161153605,107,23.0,76.0,0.21,164.0,1.0
2025-04-08 11:52:37,165.0,90.0,166.56,9.0,162.0,7.0,343.18,22.0,165.78,1.5600000000000025,97.0,31.0,5.9411345717717605,128,66.0,21.0,0.52,165.0,6.0
2025-04-08 11:52:38,165.0,57.0,166.0,16.0,162.0,8.0,633.34,29.0,165.5,1.0,65.0,45.0,0.4890807703280613,110,20.0,-18.0,0.18,165.0,4.0
2025-04-08 11:52:39,165.0,24.0,334.0,16.0,162.0,5.0,650.0,8.0,249.5,169.0,29.0,24.0,37.62298765382575,53,5.0,-57.0,0.09,165.0,2.0
2025-04-08 11:52:40,165.0,24.0,260.0,24.0,162.0,6.0,436.0,3.0,212.5,95.0,30.0,27.0,38.18689827676418,57,3.0,4.0,0.05,165.0,
2025-04-08 11:52:41,165.0,12.0,393.5,16.0,162.67,6.0,0.0,0.0,279.25,228.5,18.0,16.0,50.488119196499696,34,2.0,-23.0,0.06,165.0,1.0
2025-04-08 11:52:42,165.0,24.0,374.82,22.0,163.0,16.0,438.0,20.0,269.91,209.82,40.0,42.0,46.698419352264864,82,-2.0,48.0,-0.02,165.0,
2025-04-08 11:52:44,164.1,21.0,264.0,20.0,162.54,13.0,617.24,34.0,214.05,99.9,34.0,54.0,51.87586606505974,88,-20.0,44.0,-0.23,165.0,3.0
2025-04-08 11:52:45,163.83,24.0,272.5,24.0,162.91,22.0,606.35,46.0,218.17,108.67,46.0,70.0,50.552419526665766,116,-24.0,28.0,-0.21,165.0,
2025-04-08 11:52:46,162.6,15.0,277.36,22.0,160.48,42.0,342.0,22.0,219.98,114.76000000000002,57.0,44.0,52.89463942593811,101,13.0,-15.0,0.13,163.0,4.0
2025-04-08 11:52:47,164.0,24.0,255.28,36.0,161.0,12.0,349.67,24.0,209.64,91.28,36.0,60.0,54.59415032766783,96,-24.0,-5.0,-0.25,163.0,
2025-04-08 11:52:48,164.0,22.0,168.87,46.0,161.0,11.0,239.19,31.0,166.43,4.8700000000000045,33.0,77.0,22.28669849932815,110,-44.0,14.0,-0.4,163.0,
2025-04-08 11:52:49,164.0,22.0,166.91,22.0,161.0,11.0,308.92,53.0,165.45,2.9099999999999966,33.0,75.0,27.65982881364136,108,-42.0,-2.0,-0.39,163.0,
2025-04-08 11:52:50,164.0,12.0,166.0,12.0,161.0,6.0,293.33,18.0,165.0,2.0,18.0,30.0,27.190657402864183,48,-12.0,-60.0,-0.25,163.0,
2025-04-08 11:52:51,163.77,13.0,165.14,14.0,160.5,12.0,454.27,22.0,164.46,1.369999999999976,25.0,36.0,19.826979850696397,61,-11.0,13.0,-0.18,164.0,2.0
2025-04-08 11:52:52,161.0,6.0,408.12,16.0,160.0,36.0,560.54,26.0,284.56,247.12,42.0,42.0,53.323940683336005,84,0.0,23.0,0.0,164.0,2.0
2025-04-08 11:52:55,158.0,64.0,454.5,46.0,157.0,20.0,657.0,9.0,306.25,296.5,84.0,55.0,101.34792341237224,139,29.0,79.0,0.21,158.0,7.0
2025-04-08 11:52:58,165.63,86.0,425.82,11.0,141.0,18.0,454.85,27.0,295.72,260.19,104.0,38.0,49.7989477800496,142,66.0,20.0,0.46,158.0,
2025-04-08 11:52:59,166.0,156.0,205.7,10.0,162.86,56.0,204.14,22.0,185.85,39.69999999999999,212.0,32.0,73.99100587233598,244,180.0,102.0,0.74,158.0,
2025-04-08 11:53:00,166.0,260.0,179.54,26.0,162.0,92.0,180.69,26.0,172.77,13.539999999999992,352.0,52.0,93.40792487792471,404,300.0,160.0,0.74,158.0,
2025-04-08 11:53:01,166.0,300.0,175.6,15.0,162.0,30.0,178.0,15.0,170.8,9.599999999999994,330.0,30.0,96.64431421454648,360,300.0,-44.0,0.83,166.0,10.0
2025-04-08 11:53:02,166.0,96.0,172.42,12.0,162.0,16.0,175.08,12.0,169.21,6.419999999999988,112.0,24.0,54.53964933880613,136,88.0,-168.0,0.65,166.0,4.0
2025-04-08 11:53:03,166.0,126.0,168.0,17.0,162.0,26.0,171.54,37.0,167.0,2.0,152.0,54.0,7.421255284647137,206,98.0,70.0,0.48,166.0,5.0
2025-04-08 11:53:04,166.0,62.0,167.0,9.0,162.0,18.0,252.4,10.0,166.5,1.0,80.0,19.0,2.6181730271123125,99,61.0,-107.0,0.62,166.0,1.0
2025-04-08 11:53:07,166.11,18.0,427.65,17.0,164.77,13.0,505.0,29.0,296.88,261.54,31.0,46.0,85.79509426534835,77,-15.0,-59.0,-0.19,166.4,5.0
2025-04-08 11:53:08,161.94,64.0,398.5,28.0,161.6,10.0,483.43,14.0,280.22,236.56,74.0,42.0,68.54426803168913,116,32.0,39.0,0.28,164.0,5.0
2025-04-08 11:53:09,161.0,20.0,347.48,23.0,158.0,14.0,405.78,23.0,254.24,186.48,34.0,46.0,34.24284626020539,80,-12.0,-36.0,-0.15,164.0,
2025-04-08 11:53:12,161.0,121.0,251.76,21.0,158.0,22.0,282.91,11.0,206.38,90.76,143.0,32.0,73.12214049109922,175,111.0,24.0,0.63,164.0,
2025-04-08 11:53:13,161.39,61.0,249.38,16.0,160.3,43.0,391.0,8.0,205.38,87.99000000000001,104.0,24.0,83.41105580197407,128,80.0,-47.0,0.62,164.0,
2025-04-08 11:53:14,161.45,71.0,248.27,22.0,159.67,79.0,401.96,23.0,204.86,86.82000000000002,150.0,45.0,89.66886388262103,195,105.0,67.0,0.54,163.0,4.0
2025-04-08 11:53:15,161.0,81.0,247.11,18.0,158.0,45.0,405.0,27.0,204.06,86.11000000000001,126.0,45.0,86.19111775583366,171,81.0,-24.0,0.47,163.0,
2025-04-08 11:53:16,161.0,81.0,247.0,18.0,158.05,42.0,293.0,27.0,204.0,86.0,123.0,45.0,0.991403046158534,168,78.0,-3.0,0.46,163.0,
2025-04-08 11:53:17,161.0,99.0,245.64,22.0,158.32,37.0,293.0,33.0,203.32,84.63999999999999,136.0,55.0,0.8039154183940093,191,81.0,23.0,0.42,163.0,
2025-04-08 11:53:18,161.0,90.0,242.38,26.0,158.0,50.0,268.0,24.0,201.69,81.38,140.0,50.0,1.1921325429375094,190,90.0,-1.0,0.47,163.0,
2025-04-08 11:53:19,161.0,92.0,238.82,22.0,158.0,60.0,241.88,34.0,199.91,77.82,152.0,56.0,1.7800365164595149,208,96.0,18.0,0.46,161.0,3.0
2025-04-08 11:53:20,161.0,48.0,217.0,9.0,158.0,45.0,222.54,26.0,189.0,56.0,93.0,35.0,6.124159534166734,128,58.0,-80.0,0.45,161.0,4.0
2025-04-08 11:53:21,162.18,34.0,215.81,27.0,158.09,67.0,223.26,34.0,189.0,53.63,101.0,61.0,7.0274696726432975,162,40.0,34.0,0.25,161.0,
2025-04-08 11:53:22,166.0,80.0,211.61,28.0,161.0,20.0,213.25,28.0,188.8,45.610000000000014,100.0,56.0,6.530547450246218,156,44.0,-6.0,0.28,161.0,
2025-04-08 11:53:23,166.0,60.0,176.0,14.0,162.65,17.0,209.25,36.0,171.0,10.0,77.0,50.0,10.3975872201155,127,27.0,-29.0,0.21,166.0,5.0
2025-04-08 11:53:24,166.0,24.0,207.09,22.0,162.0,8.0,320.83,18.0,186.55,41.09,32.0,40.0,7.82237176308475,72,-8.0,-55.0,-0.11,166.0,
2025-04-08 11:53:25,166.0,21.0,208.43,21.0,162.0,7.0,376.0,21.0,187.21,42.43000000000001,28.0,42.0,7.624563594062622,70,-14.0,-2.0,-0.2,166.0,
2025-04-08 11:53:26,166.0,24.0,206.12,24.0,162.0,8.0,230.64,22.0,186.06,40.120000000000005,32.0,46.0,7.298310078360904,78,-14.0,8.0,-0.18,166.0,
2025-04-08 11:53:27,165.56,27.0,204.0,33.0,161.21,38.0,205.0,33.0,184.78,38.44,65.0,66.0,6.833494713534448,131,-1.0,53.0,-0.01,166.0,3.0
2025-04-08 11:53:28,161.05,65.0,171.54,28.0,160.19,156.0,183.08,24.0,166.29,10.48999999999998,221.0,52.0,8.926145304659903,273,169.0,142.0,0.62,161.25,4.0
2025-04-08 11:53:29,161.0,36.0,167.69,39.0,160.0,182.0,170.63,19.0,164.35,6.689999999999998,218.0,58.0,11.389243609647483,276,160.0,3.0,0.58,161.0,3.0
2025-04-08 11:53:30,161.0,27.0,165.56,27.0,160.0,126.0,167.11,27.0,163.28,4.560000000000002,153.0,54.0,11.441650667621762,207,99.0,-69.0,0.48,161.0,
2025-04-08 11:53:31,161.0,33.0,163.82,33.0,160.0,154.0,164.82,33.0,162.41,2.819999999999993,187.0,66.0,9.368765660420967,253,121.0,46.0,0.48,160.6,5.0
2025-04-08 11:53:32,160.0,132.0,162.75,36.0,158.0,84.0,165.67,36.0,161.38,2.75,216.0,72.0,1.886046128777576,288,144.0,35.0,0.5,161.2,5.0
2025-04-08 11:53:33,160.0,150.0,190.56,27.0,158.0,105.0,203.84,37.0,175.28,30.56,255.0,64.0,5.663342652522386,319,191.0,31.0,0.6,161.5,6.0
2025-04-08 11:53:34,160.0,110.0,168.62,40.0,158.0,108.0,581.04,24.0,164.31,8.620000000000005,218.0,64.0,5.66511871013126,282,154.0,-37.0,0.55,160.0,1.0
2025-04-08 11:53:35,160.0,72.0,162.45,33.0,158.0,104.0,189.68,28.0,161.23,2.4499999999999886,176.0,61.0,5.919237281937491,237,115.0,-45.0,0.49,162.0,1.0
2025-04-08 11:53:36,160.0,78.0,184.56,32.0,158.0,156.0,291.55,29.0,172.28,24.56,234.0,61.0,6.490302766426337,295,173.0,58.0,0.59,160.0,3.0
2025-04-08 11:53:37,165.81,31.0,279.0,11.0,160.61,41.0,546.74,23.0,222.4,113.19,72.0,34.0,24.87004121427822,106,38.0,-168.0,0.36,166.0,5.0
2025-04-08 11:53:38,166.3,20.0,236.6,15.0,165.0,6.0,681.5,18.0,201.45,70.29999999999998,26.0,33.0,26.56140113020968,59,-7.0,-47.0,-0.12,166.0,1.0
2025-04-08 11:53:39,167.0,12.0,225.92,13.0,165.0,4.0,248.71,7.0,196.46,58.91999999999999,16.0,20.0,24.297051878775587,36,-4.0,-23.0,-0.11,166.0,
2025-04-08 11:53:40,167.0,18.0,224.33,6.0,165.0,6.0,233.44,18.0,195.67,57.33000000000001,24.0,24.0,17.86040229109975,48,0.0,12.0,0.0,166.0,
2025-04-08 11:53:41,167.0,33.0,193.45,11.0,165.0,11.0,221.27,15.0,180.23,26.44999999999999,44.0,26.0,15.19147030408589,70,18.0,22.0,0.26,166.0,
2025-04-08 11:53:42,167.0,21.0,221.71,7.0,165.0,7.0,277.0,7.0,194.36,54.71000000000001,28.0,14.0,7.959518201494115,42,14.0,-28.0,0.33,166.0,
2025-04-08 11:53:43,167.0,19.0,188.2,25.0,165.0,11.0,189.63,51.0,177.6,21.19999999999999,30.0,76.0,9.160383725582149,106,-46.0,64.0,-0.43,167.0,2.0
2025-04-08 11:53:44,158.23,78.0,188.0,18.0,158.78,9.0,189.0,45.0,173.12,29.77000000000001,87.0,63.0,10.208742821714344,150,24.0,44.0,0.16,165.0,4.0
2025-04-08 11:53:45,158.42,157.0,187.15,13.0,157.86,29.0,188.19,27.0,172.79,28.730000000000015,186.0,40.0,8.812193257067076,226,146.0,76.0,0.65,165.0,
2025-04-08 11:53:46,161.0,92.0,185.43,23.0,160.0,36.0,199.17,12.0,173.22,24.430000000000007,128.0,35.0,9.238220607882056,163,93.0,-63.0,0.57,161.0,4.0
2025-04-08 11:53:47,161.06,47.0,184.76,25.0,158.17,175.0,523.29,31.0,172.91,23.69999999999999,222.0,56.0,2.059677159142004,278,166.0,115.0,0.6,162.09,11.0
2025-04-08 11:53:48,163.56,9.0,178.1,21.0,159.2,40.0,175.8,15.0,170.83,14.539999999999992,49.0,36.0,0.989509979681681,85,13.0,-168.0,0.15,161.33,3.0
2025-04-08 11:53:49,160.0,7.0,163.29,7.0,158.0,112.0,166.0,21.0,161.64,3.289999999999992,119.0,28.0,4.919671737005115,147,91.0,62.0,0.62,161.33,
2025-04-08 11:53:50,158.0,68.0,162.0,39.0,140.91,163.0,163.0,13.0,160.0,4.0,231.0,52.0,6.391850279839461,283,179.0,136.0,0.63,158.5,4.0
2025-04-08 11:53:51,157.11,27.0,161.29,24.0,148.33,86.0,162.3,10.0,159.2,4.179999999999978,113.0,34.0,6.450800725482106,147,79.0,-136.0,0.54,157.0,3.0
2025-04-08 11:53:52,158.0,87.0,160.67,21.0,157.0,27.0,179.67,21.0,159.33,2.6699999999999875,114.0,42.0,4.9210618772656325,156,72.0,9.0,0.46,159.8,5.0
2025-04-08 11:53:53,158.6,65.0,162.0,30.0,157.92,37.0,297.0,10.0,160.3,3.4000000000000057,102.0,40.0,0.9777934341539176,142,62.0,-14.0,0.44,161.0,3.0
2025-04-08 11:53:54,159.92,39.0,289.31,13.0,158.0,56.0,428.69,13.0,224.62,129.39,95.0,26.0,29.033354955979338,121,69.0,-21.0,0.57,161.0,
2025-04-08 11:53:55,160.0,15.0,183.46,13.0,158.0,15.0,369.2,5.0,171.73,23.460000000000008,30.0,18.0,28.21395807042842,48,12.0,-73.0,0.25,161.0,
2025-04-08 11:53:56,163.05,19.0,174.0,18.0,157.47,19.0,584.17,6.0,168.53,10.949999999999989,38.0,24.0,27.194894189900705,62,14.0,14.0,0.23,159.2,5.0
2025-04-08 11:53:57,165.0,36.0,186.55,11.0,158.0,9.0,476.16,25.0,175.77,21.55000000000001,45.0,36.0,25.478915793257357,81,9.0,19.0,0.11,159.2,
2025-04-08 11:53:58,165.0,36.0,187.38,16.0,158.0,9.0,327.0,13.0,176.19,22.379999999999995,45.0,29.0,23.27332206626082,74,16.0,-7.0,0.22,159.2,
2025-04-08 11:53:59,165.0,48.0,186.88,25.0,160.48,29.0,194.85,13.0,175.94,21.879999999999995,77.0,38.0,3.3944543007516823,115,39.0,41.0,0.34,159.2,
2025-04-08 11:54:00,165.32,65.0,184.5,42.0,161.65,23.0,187.0,28.0,174.91,19.180000000000007,88.0,70.0,3.2435505237150672,158,18.0,43.0,0.11,159.2,
2025-04-08 11:54:01,166.0,91.0,181.31,39.0,165.0,52.0,187.0,26.0,173.65,15.310000000000002,143.0,65.0,1.0364458499571816,208,78.0,50.0,0.38,159.2,
2025-04-08 11:54:02,166.6,88.0,173.85,20.0,165.76,83.0,241.42,31.0,170.23,7.25,171.0,51.0,2.4266190471296145,222,120.0,14.0,0.54,167.0,5.0
2025-04-08 11:54:03,167.0,40.0,168.0,8.0,166.0,56.0,296.62,8.0,167.5,1.0,96.0,16.0,3.503659515405324,112,80.0,-110.0,0.71,167.0,3.0
2025-04-08 11:54:04,167.0,18.0,206.71,17.0,166.0,63.0,510.3,27.0,186.85,39.71000000000001,81.0,44.0,7.425699966999257,125,37.0,13.0,0.3,167.0,
2025-04-08 11:54:05,167.0,30.0,279.19,59.0,166.0,105.0,391.06,51.0,223.09,112.19,135.0,110.0,22.93898166876429,245,25.0,120.0,0.1,167.0,
2025-04-08 11:54:06,166.46,26.0,334.0,40.0,165.11,54.0,399.12,24.0,250.23,167.54,80.0,64.0,35.95394415081498,144,16.0,-101.0,0.11,167.0,2.0
2025-04-08 11:54:07,166.0,91.0,369.76,46.0,162.0,78.0,472.33,54.0,267.88,203.76,169.0,100.0,42.03304473863328,269,69.0,125.0,0.26,167.0,
2025-04-08 11:54:08,166.0,70.0,348.0,40.0,162.55,44.0,381.08,36.0,257.0,182.0,114.0,76.0,32.546572016112066,190,38.0,-79.0,0.2,167.0,
2025-04-08 11:54:09,166.0,35.0,316.33,18.0,165.0,10.0,391.2,20.0,241.17,150.32999999999998,45.0,38.0,16.94302894998362,83,7.0,-107.0,0.08,167.0,
2025-04-08 11:54:10,166.0,53.0,321.27,44.0,165.0,22.0,411.89,47.0,243.64,155.26999999999998,75.0,91.0,10.810695167286353,166,-16.0,83.0,-0.1,166.0,3.0
2025-04-08 11:54:11,166.0,36.0,234.0,36.0,165.0,18.0,470.42,38.0,200.0,68.0,54.0,74.0,25.797934413436597,128,-20.0,-38.0,-0.16,166.0,
2025-04-08 11:54:12,166.0,24.0,250.46,26.0,165.0,12.0,445.0,24.0,208.23,84.46000000000001,36.0,50.0,24.56497038467504,86,-14.0,-42.0,-0.16,166.0,
2025-04-08 11:54:13,166.0,36.0,379.16,38.0,165.0,18.0,575.22,36.0,272.58,213.16000000000005,54.0,74.0,29.364140205358737,128,-20.0,42.0,-0.16,166.0,
2025-04-08 11:54:14,166.07,27.0,422.43,28.0,165.2,20.0,459.56,36.0,294.25,256.36,47.0,64.0,40.48815691038528,111,-17.0,-17.0,-0.15,166.67,3.0
2025-04-08 11:54:15,165.75,24.0,292.6,25.0,164.8,15.0,386.73,22.0,229.18,126.85000000000002,39.0,47.0,41.010147158965125,86,-8.0,-25.0,-0.09,166.0,3.0
2025-04-08 11:54:16,163.42,38.0,201.8,45.0,163.08,13.0,314.07,41.0,182.61,38.38000000000002,51.0,86.0,45.798340035420175,137,-35.0,51.0,-0.26,164.0,4.0
2025-04-08 11:54:17,162.0,39.0,286.25,24.0,161.0,9.0,318.15,26.0,224.12,124.25,48.0,50.0,43.777495017417046,98,-2.0,-39.0,-0.02,162.0,2.0
2025-04-08 11:54:18,162.0,21.0,302.57,14.0,161.0,7.0,361.3,20.0,232.29,140.57,28.0,34.0,39.94798180133716,62,-6.0,-36.0,-0.1,162.0,
2025-04-08 11:54:19,163.54,39.0,236.77,26.0,161.53,17.0,249.5,24.0,200.15,73.23000000000002,56.0,50.0,21.47079993851979,106,6.0,44.0,0.06,162.0,
2025-04-08 11:54:20,166.0,45.0,229.33,18.0,162.0,27.0,230.67,18.0,197.67,63.33000000000001,72.0,36.0,20.376732318993977,108,36.0,2.0,0.33,162.0,
2025-04-08 11:54:21,166.0,55.0,226.73,22.0,162.0,35.0,228.55,22.0,196.36,60.72999999999999,90.0,44.0,16.81702916688727,134,46.0,26.0,0.34,162.0,
2025-04-08 11:54:22,166.0,56.0,168.33,24.0,162.0,42.0,177.85,26.0,167.17,2.3300000000000125,98.0,50.0,23.08172480556692,148,48.0,14.0,0.32,166.0,4.0
2025-04-08 11:54:23,162.12,34.0,165.89,18.0,161.21,14.0,167.38,13.0,164.0,3.769999999999982,48.0,31.0,17.87446083102666,79,17.0,-69.0,0.22,166.0,1.0
2025-04-08 11:54:24,158.1,41.0,163.78,18.0,157.04,89.0,166.0,9.0,160.94,5.680000000000007,130.0,27.0,18.20268579083583,157,103.0,78.0,0.66,161.0,7.0
2025-04-08 11:54:25,158.0,53.0,161.58,19.0,157.0,143.0,333.88,26.0,159.79,3.5800000000000125,196.0,45.0,15.203459145861752,241,151.0,84.0,0.63,159.0,5.0
2025-04-08 11:54:26,157.09,66.0,161.18,22.0,154.46,41.0,470.43,42.0,159.14,4.090000000000003,107.0,64.0,3.342898442950055,171,43.0,-70.0,0.25,157.4,5.0
2025-04-08 11:54:27,157.0,114.0,206.65,23.0,149.4,10.0,350.45,33.0,181.83,49.650000000000006,124.0,56.0,9.514701781973091,180,68.0,9.0,0.38,158.0,2.0
2025-04-08 11:54:28,165.0,77.0,281.0,21.0,157.0,84.0,523.0,28.0,223.0,116.0,161.0,49.0,27.442659309911964,210,112.0,30.0,0.53,158.0,
2025-04-08 11:54:29,165.0,110.0,256.3,30.0,157.0,120.0,496.6,40.0,210.65,91.3,230.0,70.0,29.148522604068827,300,160.0,90.0,0.53,158.0,
2025-04-08 11:54:30,165.0,92.0,221.84,32.0,157.0,120.0,582.91,44.0,193.42,56.84,212.0,76.0,24.90541647915008,288,136.0,-12.0,0.47,165.0,3.0
2025-04-08 11:54:31,165.0,79.0,219.27,55.0,157.0,132.0,423.67,36.0,192.14,54.27000000000001,211.0,91.0,16.412122653695004,302,120.0,14.0,0.4,165.0,3.0
2025-04-08 11:54:32,165.0,53.0,217.86,70.0,157.41,147.0,386.33,60.0,191.43,52.860000000000014,200.0,130.0,14.12711470895354,330,70.0,28.0,0.21,165.0,2.0
2025-04-08 11:54:33,165.0,30.0,215.1,50.0,161.08,38.0,504.2,40.0,190.05,50.1,68.0,90.0,8.535201813661045,158,-22.0,-168.0,-0.14,165.0,
2025-04-08 11:54:34,165.0,33.0,211.64,55.0,162.0,11.0,417.45,55.0,188.32,46.63999999999999,44.0,110.0,1.9621340422908995,154,-66.0,-4.0,-0.43,165.0,
2025-04-08 11:54:35,165.95,60.0,205.8,50.0,164.89,28.0,353.8,50.0,185.88,39.85000000000002,88.0,100.0,2.5235550320757456,188,-12.0,34.0,-0.06,166.0,2.0
2025-04-08 11:54:36,166.0,60.0,208.05,58.0,165.0,36.0,312.4,42.0,187.03,42.05000000000001,96.0,100.0,2.2380951722197744,196,-4.0,8.0,-0.02,166.0,
2025-04-08 11:54:37,166.14,35.0,209.0,21.0,165.0,21.0,210.0,35.0,187.57,42.860000000000014,56.0,56.0,1.554075287723345,112,0.0,-84.0,0.0,166.0,
2025-04-08 11:54:38,165.94,32.0,207.16,32.0,163.69,16.0,208.06,48.0,186.55,41.22,48.0,80.0,0.9354945215827872,128,-32.0,16.0,-0.25,166.67,6.0
2025-04-08 11:54:39,165.0,20.0,206.5,30.0,162.0,10.0,208.0,50.0,185.75,41.5,30.0,80.0,0.768036457409871,110,-50.0,-18.0,-0.45,166.67,
2025-04-08 11:54:40,165.0,16.0,205.1,30.0,162.0,8.0,206.59,34.0,185.05,40.1,24.0,64.0,1.004091629240313,88,-40.0,-22.0,-0.45,166.67,
2025-04-08 11:54:41,165.0,22.0,203.36,33.0,162.0,11.0,205.0,55.0,184.18,38.360000000000014,33.0,88.0,1.3117545501768513,121,-55.0,33.0,-0.45,166.67,
2025-04-08 11:54:42,165.0,12.0,203.0,18.0,163.33,6.0,205.0,30.0,184.0,38.0,18.0,48.0,1.0704812001659352,66,-30.0,-55.0,-0.45,166.67,
2025-04-08 11:54:43,165.0,22.0,200.0,43.0,164.0,11.0,201.82,39.0,182.5,35.0,33.0,82.0,1.2256957207674295,115,-49.0,49.0,-0.43,166.67,
2025-04-08 11:54:44,165.0,26.0,184.84,45.0,164.0,13.0,187.29,45.0,174.92,19.840000000000003,39.0,90.0,4.133606173779101,129,-51.0,14.0,-0.4,166.67,
2025-04-08 11:54:45,165.75,53.0,175.95,60.0,164.67,30.0,177.08,62.0,170.85,10.199999999999989,83.0,122.0,6.056624472418679,205,-39.0,76.0,-0.19,165.8,5.0
2025-04-08 11:54:46,165.0,12.0,169.81,32.0,164.0,12.0,170.67,18.0,167.41,4.810000000000002,24.0,50.0,7.206013460984944,74,-26.0,-131.0,-0.35,165.8,
2025-04-08 11:54:47,162.47,43.0,166.0,35.0,161.58,43.0,167.73,33.0,164.23,3.530000000000001,86.0,68.0,7.098208929010946,154,18.0,80.0,0.12,163.67,3.0
2025-04-08 11:54:48,162.0,61.0,164.15,26.0,161.0,55.0,164.95,41.0,163.08,2.1500000000000057,116.0,67.0,4.866422710768672,183,49.0,29.0,0.27,162.0,6.0
2025-04-08 11:54:49,160.45,58.0,162.1,20.0,159.33,72.0,244.12,24.0,161.27,1.6500000000000057,130.0,44.0,3.792943448020438,174,86.0,-9.0,0.49,161.0,5.0
2025-04-08 11:54:50,160.0,64.0,161.62,16.0,158.0,48.0,409.11,19.0,160.81,1.6200000000000043,112.0,35.0,2.6508677824211326,147,77.0,-27.0,0.52,161.0,
2025-04-08 11:54:51,159.5,96.0,209.22,27.0,157.77,70.0,389.32,41.0,184.36,49.72,166.0,68.0,9.940389831384032,234,98.0,87.0,0.42,161.0,2.0
2025-04-08 11:54:54,165.0,91.0,248.78,45.0,160.0,39.0,365.28,53.0,206.89,83.78,130.0,98.0,86.83881062059747,228,32.0,15.0,0.14,161.0,
2025-04-08 11:54:55,165.0,77.0,246.45,55.0,160.0,33.0,310.84,31.0,205.73,81.44999999999999,110.0,86.0,77.65137133367321,196,24.0,-32.0,0.12,161.0,
2025-04-08 11:54:56,165.0,77.0,245.64,55.0,161.45,33.0,327.52,25.0,205.32,80.63999999999999,110.0,80.0,73.32659510709613,190,30.0,-6.0,0.16,161.0,
2025-04-08 11:54:57,165.0,66.0,244.5,50.0,162.0,30.0,303.0,20.0,204.75,79.5,96.0,70.0,64.496324158823,166,26.0,-24.0,0.16,165.0,5.0
2025-04-08 11:54:58,162.83,29.0,242.67,60.0,160.67,36.0,518.19,27.0,202.75,79.83999999999997,65.0,87.0,1.5242768777128803,152,-22.0,-14.0,-0.14,164.0,3.0
2025-04-08 11:54:59,162.0,72.0,206.0,16.0,160.0,24.0,240.67,36.0,184.0,44.0,96.0,52.0,9.299997311823429,148,44.0,-4.0,0.3,164.0,
2025-04-08 11:55:00,162.93,86.0,203.06,31.0,161.51,73.0,216.86,29.0,183.0,40.13,159.0,60.0,11.423450879656109,219,99.0,71.0,0.45,166.0,4.0
2025-04-08 11:55:01,162.46,48.0,180.78,23.0,161.81,93.0,202.06,47.0,171.62,18.319999999999997,141.0,70.0,14.14159220172556,211,71.0,-8.0,0.34,166.0,
2025-04-08 11:55:02,164.11,18.0,178.95,42.0,162.0,108.0,191.38,21.0,171.53,14.839999999999977,126.0,63.0,12.759759010259348,189,63.0,-22.0,0.33,166.0,
2025-04-08 11:55:03,165.5,24.0,176.27,51.0,162.0,144.0,177.09,33.0,170.89,10.77000000000001,168.0,84.0,6.671976468774781,252,84.0,63.0,0.33,166.0,
2025-04-08 11:55:04,166.0,24.0,171.93,29.0,162.59,34.0,175.3,57.0,168.97,5.930000000000007,58.0,86.0,5.580194441045896,144,-28.0,-108.0,-0.19,166.0,
2025-04-08 11:55:05,166.36,22.0,168.19,64.0,164.0,16.0,170.15,65.0,167.28,1.829999999999984,38.0,129.0,1.884136406918124,167,-91.0,23.0,-0.54,166.0,1.0
2025-04-08 11:55:06,164.38,8.0,167.62,32.0,162.02,85.0,171.0,16.0,166.0,3.240000000000009,93.0,48.0,2.340433720461332,141,45.0,-26.0,0.32,167.0,1.0
2025-04-08 11:55:07,162.22,45.0,166.0,18.0,161.83,72.0,167.0,36.0,164.11,3.780000000000001,117.0,54.0,2.618730608495267,171,63.0,30.0,0.37,162.67,3.0
2025-04-08 11:55:08,162.0,90.0,165.33,30.0,161.0,30.0,166.67,30.0,163.67,3.3300000000000125,120.0,60.0,2.2056813006115945,180,60.0,9.0,0.33,162.0,1.0
2025-04-08 11:55:09,162.0,57.0,163.73,22.0,161.0,33.0,164.84,38.0,162.86,1.7299999999999898,90.0,60.0,1.810091157888372,150,30.0,-30.0,0.2,162.0,6.0
2025-04-08 11:55:10,161.3,30.0,162.91,22.0,160.24,37.0,193.46,26.0,162.1,1.6099999999999852,67.0,48.0,1.475896337777156,115,19.0,-35.0,0.17,162.0,3.0
2025-04-08 11:55:11,161.0,30.0,162.0,48.0,160.0,48.0,180.43,21.0,161.5,1.0,78.0,69.0,1.0776223827772835,147,9.0,32.0,0.06,161.0,2.0
2025-04-08 11:55:12,160.04,47.0,192.87,46.0,158.26,78.0,279.06,18.0,176.46,32.83000000000001,125.0,64.0,6.281609666308993,189,61.0,42.0,0.32,160.64,11.0
2025-04-08 11:55:13,158.0,36.0,349.44,18.0,157.0,18.0,381.7,10.0,253.72,191.44,54.0,28.0,39.837895526745584,82,26.0,-107.0,0.32,160.64,
2025-04-08 11:55:14,158.02,60.0,356.53,38.0,157.21,34.0,392.12,24.0,257.27,198.51,94.0,62.0,49.02566266762669,156,32.0,74.0,0.21,160.64,
2025-04-08 11:55:15,159.67,9.0,182.05,37.0,158.0,63.0,394.4,20.0,170.86,22.380000000000024,72.0,57.0,47.36223516684921,129,15.0,-27.0,0.12,160.64,
2025-04-08 11:55:16,158.79,19.0,182.0,55.0,154.51,61.0,415.47,15.0,170.39,23.210000000000008,80.0,70.0,45.49993571423955,150,10.0,21.0,0.07,158.6,5.0
2025-04-08 11:55:17,160.73,22.0,181.22,45.0,157.79,19.0,344.0,9.0,170.97,20.49000000000001,41.0,54.0,46.43970036509635,95,-13.0,-55.0,-0.14,158.6,
2025-04-08 11:55:18,164.0,24.0,180.0,60.0,159.71,35.0,298.23,13.0,172.0,16.0,59.0,73.0,38.560995448767976,132,-14.0,37.0,-0.11,158.6,
2025-04-08 11:55:19,164.0,18.0,180.0,45.0,161.0,36.0,411.0,11.0,172.0,16.0,54.0,56.0,0.7236919233197576,110,-2.0,-22.0,-0.02,158.6,
2025-04-08 11:55:20,164.0,22.0,179.0,35.0,161.0,44.0,199.23,31.0,171.5,15.0,66.0,66.0,0.694816522456436,132,0.0,22.0,0.0,158.6,
2025-04-08 11:55:21,164.0,22.0,176.18,11.0,161.0,44.0,178.0,55.0,170.09,12.180000000000009,66.0,66.0,0.8050279497497891,132,0.0,0.0,0.0,158.6,
2025-04-08 11:55:22,164.0,20.0,172.8,10.0,161.43,28.0,178.0,50.0,168.4,8.800000000000011,48.0,60.0,1.5519407204779123,108,-12.0,-24.0,-0.11,158.6,
2025-04-08 11:55:23,162.36,22.0,171.18,11.0,161.1,40.0,178.0,55.0,166.77,8.819999999999993,62.0,66.0,2.1762054130701403,128,-4.0,20.0,-0.03,164.0,2.0
2025-04-08 11:55:24,162.26,35.0,169.15,13.0,160.38,69.0,178.0,65.0,165.71,6.890000000000015,104.0,78.0,2.361933529944009,182,26.0,54.0,0.14,163.67,3.0
2025-04-08 11:55:25,161.13,46.0,166.03,39.0,159.78,79.0,169.67,27.0,163.58,4.900000000000006,125.0,66.0,2.4940429025722977,191,59.0,9.0,0.31,162.0,2.0
2025-04-08 11:55:26,161.0,67.0,163.33,75.0,159.0,120.0,167.0,15.0,162.17,2.3300000000000125,187.0,90.0,2.484497937183441,277,97.0,86.0,0.35,161.0,1.0
2025-04-08 11:55:27,161.0,32.0,162.89,28.0,159.0,64.0,164.0,20.0,161.95,1.8899999999999864,96.0,48.0,2.1399953270665666,144,48.0,-133.0,0.33,161.0,1.0
2025-04-08 11:55:28,160.52,33.0,168.5,44.0,158.98,90.0,274.24,25.0,164.51,7.97999999999999,123.0,69.0,1.5848280663422194,192,54.0,48.0,0.28,161.5,2.0
2025-04-08 11:55:29,159.48,42.0,373.0,12.0,158.83,48.0,416.4,15.0,266.24,213.52,90.0,27.0,46.15876135686375,117,63.0,-75.0,0.54,161.5,
2025-04-08 11:55:30,161.0,20.0,322.2,20.0,159.0,80.0,404.29,14.0,241.6,161.2,100.0,34.0,50.63165245180057,134,66.0,17.0,0.49,161.5,
2025-04-08 11:55:31,161.0,20.0,334.12,34.0,159.0,80.0,338.55,31.0,247.56,173.12,100.0,65.0,49.36441501729713,165,35.0,31.0,0.21,161.5,
2025-04-08 11:55:32,159.93,30.0,323.0,30.0,158.78,72.0,336.67,36.0,241.47,163.07,102.0,66.0,39.213681668519406,168,36.0,3.0,0.21,161.0,2.0
2025-04-08 11:55:33,159.33,12.0,199.0,10.0,158.8,40.0,336.0,20.0,179.17,39.66999999999999,52.0,30.0,32.92371743895242,82,22.0,-86.0,0.27,161.0,
2025-04-08 11:55:34,162.78,9.0,202.14,14.0,160.76,21.0,273.09,11.0,182.46,39.35999999999999,30.0,25.0,34.46532126645497,55,5.0,-27.0,0.09,161.0,
2025-04-08 11:55:35,164.0,6.0,219.89,18.0,162.0,12.0,240.9,10.0,191.94,55.88999999999999,18.0,28.0,33.26133866818859,46,-10.0,-9.0,-0.22,161.0,
2025-04-08 11:55:36,164.0,10.0,217.8,40.0,162.0,20.0,220.0,40.0,190.9,53.80000000000001,30.0,80.0,25.345306666125,110,-50.0,64.0,-0.45,161.0,
2025-04-08 11:55:37,158.78,72.0,215.64,44.0,157.69,104.0,220.0,44.0,187.21,56.85999999999999,176.0,88.0,5.462914057524967,264,88.0,154.0,0.33,162.67,3.0
2025-04-08 11:55:38,159.0,47.0,210.75,48.0,158.0,96.0,212.75,48.0,184.88,51.75,143.0,96.0,3.988147439589664,239,47.0,-25.0,0.2,159.0,1.0
2025-04-08 11:55:39,159.0,27.0,207.89,36.0,158.0,72.0,208.89,36.0,183.44,48.88999999999999,99.0,72.0,3.6930448142293,171,27.0,-68.0,0.16,159.0,
2025-04-08 11:55:40,160.61,123.0,207.0,36.0,157.59,78.0,208.0,36.0,183.8,46.38999999999999,201.0,72.0,3.086726421292204,273,129.0,102.0,0.47,158.6,5.0
2025-04-08 11:55:41,162.52,203.0,180.94,34.0,160.41,183.0,244.5,46.0,171.73,18.419999999999987,386.0,80.0,6.041528780027234,466,306.0,168.0,0.66,158.6,
2025-04-08 11:55:42,165.0,122.0,166.0,14.0,161.09,260.0,282.36,42.0,165.5,1.0,382.0,56.0,8.747090944987969,438,326.0,-28.0,0.74,165.0,4.0
2025-04-08 11:55:43,165.0,51.0,274.81,27.0,164.0,60.0,366.83,29.0,219.91,109.81,111.0,56.0,21.08819409053088,167,55.0,-168.0,0.33,165.0,6.0
2025-04-08 11:55:44,163.01,141.0,182.0,14.0,161.99,177.0,470.35,23.0,172.51,18.99000000000001,318.0,37.0,21.82779535362878,355,281.0,168.0,0.79,164.88,8.0
2025-04-08 11:55:45,162.38,63.0,182.0,6.0,161.34,76.0,387.0,12.0,172.19,19.620000000000005,139.0,18.0,22.292768334145816,157,121.0,-168.0,0.77,164.67,6.0
2025-04-08 11:55:46,162.0,228.0,180.0,30.0,160.0,36.0,300.75,16.0,171.0,18.0,264.0,46.0,22.365754402655284,310,218.0,153.0,0.7,164.67,
2025-04-08 11:55:47,162.0,171.0,175.91,11.0,160.0,27.0,177.31,13.0,168.95,13.909999999999997,198.0,24.0,21.84518299305125,222,174.0,-88.0,0.78,164.67,
2025-04-08 11:55:48,162.0,266.0,173.57,14.0,160.0,42.0,175.0,14.0,167.79,11.569999999999991,308.0,28.0,2.054998783425102,336,280.0,114.0,0.83,164.67,
2025-04-08 11:55:49,162.0,247.0,168.77,35.0,160.0,39.0,169.62,21.0,165.39,6.77000000000001,286.0,56.0,2.6764865028384444,342,230.0,6.0,0.67,164.67,
2025-04-08 11:55:50,162.09,137.0,166.27,22.0,161.29,59.0,167.38,26.0,164.18,4.180000000000007,196.0,48.0,2.7342220099826764,244,148.0,-98.0,0.61,165.0,2.0
2025-04-08 11:55:51,161.68,279.0,164.16,31.0,160.0,139.0,164.55,29.0,162.92,2.4799999999999898,418.0,60.0,2.4979451554970176,478,358.0,168.0,0.75,162.5,2.0
2025-04-08 11:55:52,161.0,252.0,163.0,42.0,160.0,56.0,166.0,14.0,162.0,2.0,308.0,56.0,2.261377898509812,364,252.0,-114.0,0.69,162.5,
2025-04-08 11:55:53,162.41,102.0,164.62,13.0,160.79,160.0,393.62,21.0,163.51,2.210000000000008,262.0,34.0,1.2816980923240853,296,228.0,-68.0,0.77,162.0,3.0
2025-04-08 11:55:54,164.0,72.0,285.86,21.0,160.0,318.0,407.05,41.0,224.93,121.86,390.0,62.0,27.639344601489515,452,328.0,156.0,0.73,164.0,2.0
2025-04-08 11:55:55,161.6,95.0,185.83,48.0,159.99,234.0,187.58,33.0,173.72,24.230000000000015,329.0,81.0,26.983349124967617,410,248.0,-42.0,0.6,162.67,6.0
2025-04-08 11:55:56,160.16,225.0,182.35,46.0,159.9,105.0,185.09,44.0,171.25,22.19,330.0,90.0,26.107528990693343,420,240.0,10.0,0.57,162.67,
2025-04-08 11:55:57,161.0,271.0,181.18,34.0,160.0,67.0,183.64,44.0,171.09,20.180000000000007,338.0,78.0,24.90965676198483,416,260.0,-4.0,0.62,162.67,
2025-04-08 11:55:58,161.0,200.0,178.5,32.0,160.0,8.0,182.0,16.0,169.75,17.5,208.0,48.0,23.9587503847738,256,160.0,-160.0,0.62,162.67,
2025-04-08 11:55:59,161.22,128.0,175.2,30.0,160.95,76.0,180.33,18.0,168.21,13.97999999999999,204.0,48.0,2.0385975571158936,252,156.0,-4.0,0.62,162.0,5.0
2025-04-08 11:56:00,160.22,192.0,173.12,32.0,160.12,68.0,175.6,45.0,166.67,12.900000000000006,260.0,77.0,1.9538372500995247,337,183.0,85.0,0.54,162.0,2.0
2025-04-08 11:56:01,160.36,28.0,171.58,53.0,159.99,191.0,176.42,38.0,165.97,11.22,219.0,91.0,2.1197452676853965,310,128.0,-27.0,0.41,160.5,2.0
2025-04-08 11:56:02,160.2,45.0,169.91,55.0,159.96,113.0,173.0,44.0,165.05,9.710000000000008,158.0,99.0,1.8651005334492077,257,59.0,-53.0,0.23,160.5,
2025-04-08 11:56:03,161.0,14.0,167.16,62.0,159.62,24.0,168.75,64.0,164.08,6.159999999999997,38.0,126.0,1.57501746017959,164,-88.0,-93.0,-0.54,160.5,
2025-04-08 11:56:04,161.0,12.0,164.32,57.0,160.0,36.0,165.8,51.0,162.66,3.319999999999993,48.0,108.0,1.580294276351296,156,-60.0,-8.0,-0.38,160.5,
2025-04-08 11:56:05,158.42,57.0,161.67,75.0,158.27,123.0,163.0,60.0,160.04,3.25,180.0,135.0,2.318350706831568,315,45.0,159.0,0.14,159.43,7.0
2025-04-08 11:56:06,158.0,105.0,161.0,35.0,157.0,7.0,163.0,28.0,159.5,3.0,112.0,63.0,2.4393810690140763,175,49.0,-140.0,0.28,159.43,
2025-04-08 11:56:07,158.0,124.0,224.08,49.0,157.0,12.0,377.09,55.0,191.04,66.08000000000001,136.0,104.0,13.312576009167898,240,32.0,65.0,0.13,158.0,9.0
2025-04-08 11:56:09,158.0,40.0,421.0,35.0,157.0,7.0,647.0,28.0,289.5,263.0,47.0,63.0,82.75751977917156,110,-16.0,-50.0,-0.15,158.0,2.0
2025-04-08 11:56:10,159.04,48.0,420.88,40.0,158.41,34.0,612.76,33.0,289.96,261.84000000000003,82.0,73.0,76.06787311342426,155,9.0,45.0,0.06,159.0,3.0
2025-04-08 11:56:11,164.99,105.0,417.75,60.0,162.1,21.0,419.84,69.0,291.37,252.76,126.0,129.0,54.86763909628383,255,-3.0,100.0,-0.01,159.0,
2025-04-08 11:56:12,165.22,55.0,341.33,63.0,164.0,15.0,363.44,54.0,253.28,176.11,70.0,117.0,31.53280038309433,187,-47.0,-68.0,-0.25,165.0,5.0
2025-04-08 11:56:13,166.25,36.0,284.26,53.0,164.0,12.0,320.96,48.0,225.26,118.01,48.0,101.0,29.649937268062395,149,-53.0,-38.0,-0.36,165.0,
2025-04-08 11:56:14,167.0,39.0,236.38,13.0,164.0,13.0,238.0,65.0,201.69,69.38,52.0,78.0,39.491245485550415,130,-26.0,-19.0,-0.2,165.0,
2025-04-08 11:56:15,167.0,39.0,234.88,59.0,164.0,13.0,236.0,25.0,200.94,67.88,52.0,84.0,38.324379577495804,136,-32.0,6.0,-0.24,165.0,
2025-04-08 11:56:16,167.0,16.0,224.44,55.0,164.14,14.0,226.07,60.0,195.72,57.44,30.0,115.0,24.064858611675792,145,-85.0,9.0,-0.59,167.0,2.0
2025-04-08 11:56:17,166.71,14.0,211.43,14.0,165.43,14.0,214.0,56.0,189.07,44.72,28.0,70.0,13.66962069700276,98,-42.0,-47.0,-0.43,167.0,1.0
2025-04-08 11:56:18,166.0,10.0,208.5,22.0,164.0,10.0,214.0,40.0,187.25,42.5,20.0,62.0,6.62879551652595,82,-42.0,-16.0,-0.51,167.0,
2025-04-08 11:56:19,166.0,13.0,197.37,52.0,164.0,13.0,206.68,25.0,181.68,31.370000000000005,26.0,77.0,7.5118020474389615,103,-51.0,21.0,-0.5,167.0,
2025-04-08 11:56:20,160.0,119.0,201.96,50.0,159.0,17.0,203.23,35.0,180.98,41.96000000000001,136.0,85.0,6.0189409367347935,221,51.0,118.0,0.23,163.67,3.0
2025-04-08 11:56:21,160.48,54.0,195.13,52.0,159.96,95.0,197.2,50.0,177.81,34.650000000000006,149.0,102.0,4.66437241222185,251,47.0,30.0,0.19,163.67,
2025-04-08 11:56:22,161.0,18.0,182.81,42.0,160.0,63.0,184.11,27.0,171.9,21.81,81.0,69.0,5.628554876688234,150,12.0,-101.0,0.08,163.67,
2025-04-08 11:56:23,160.72,25.0,181.74,47.0,159.98,64.0,183.3,43.0,171.23,21.02000000000001,89.0,90.0,4.932286488018106,179,-1.0,29.0,-0.01,161.0,2.0
2025-04-08 11:56:24,160.0,91.0,180.64,28.0,159.0,13.0,181.44,57.0,170.32,20.639999999999983,104.0,85.0,4.686637387283387,189,19.0,10.0,0.1,161.0,
2025-04-08 11:56:25,160.0,91.0,178.0,49.0,159.0,13.0,179.22,27.0,169.0,18.0,104.0,76.0,3.3973474947197864,180,28.0,-9.0,0.16,161.0,
2025-04-08 11:56:26,160.0,88.0,174.39,61.0,159.0,19.0,174.89,55.0,167.2,14.389999999999986,107.0,116.0,1.873552774777268,223,-9.0,43.0,-0.04,160.0,5.0
2025-04-08 11:56:27,162.65,34.0,169.43,70.0,159.69,26.0,170.36,61.0,166.04,6.780000000000001,60.0,131.0,2.1461640197976024,191,-71.0,-32.0,-0.37,160.0,
2025-04-08 11:56:28,160.36,76.0,165.13,15.0,158.64,33.0,168.55,60.0,162.74,4.769999999999982,109.0,75.0,2.9203424456510643,184,34.0,-7.0,0.18,165.0,2.0
2025-04-08 11:56:29,160.0,118.0,163.58,12.0,158.04,50.0,169.33,12.0,161.79,3.5800000000000125,168.0,24.0,3.029303550301415,192,144.0,8.0,0.75,165.0,
2025-04-08 11:56:30,160.0,123.0,161.12,32.0,158.0,63.0,252.36,22.0,160.56,1.1200000000000043,186.0,54.0,2.835009700136183,240,132.0,48.0,0.55,160.43,7.0
2025-04-08 11:56:31,160.0,29.0,254.33,9.0,158.0,50.0,346.36,22.0,207.17,94.33,79.0,31.0,19.954559629314748,110,48.0,-130.0,0.44,160.0,1.0
2025-04-08 11:56:32,160.0,9.0,239.05,37.0,158.0,90.0,328.39,33.0,199.53,79.05000000000001,99.0,70.0,22.986812958735445,169,29.0,59.0,0.17,160.0,4.0
2025-04-08 11:56:33,161.0,13.0,245.54,52.0,160.0,13.0,365.26,38.0,203.27,84.53999999999999,26.0,90.0,23.247171440842006,116,-64.0,-53.0,-0.55,160.0,
2025-04-08 11:56:34,161.0,3.0,314.0,12.0,160.0,3.0,472.0,14.0,237.5,153.0,6.0,26.0,27.437156011509696,32,-20.0,-84.0,-0.62,160.0,
2025-04-08 11:56:35,161.0,97.0,314.0,28.0,160.0,7.0,503.31,26.0,237.5,153.0,104.0,54.0,18.913239542710446,158,50.0,126.0,0.32,160.0,
2025-04-08 11:56:36,161.0,144.0,275.82,44.0,160.0,9.0,321.56,36.0,218.41,114.82,153.0,80.0,18.104343953867797,233,73.0,75.0,0.31,160.0,
2025-04-08 11:56:37,161.35,86.0,290.31,26.0,160.86,35.0,375.0,24.0,225.83,128.96,121.0,50.0,14.383757158682752,171,71.0,-62.0,0.42,161.0,1.0
2025-04-08 11:56:38,164.0,40.0,198.86,35.0,161.0,120.0,332.55,22.0,181.43,34.860000000000014,160.0,57.0,23.11153456609818,217,103.0,46.0,0.47,161.0,
2025-04-08 11:56:39,163.72,108.0,231.29,51.0,160.95,158.0,459.11,36.0,197.51,67.57,266.0,87.0,22.511105703628587,353,179.0,136.0,0.51,164.0,5.0
2025-04-08 11:56:40,165.0,65.0,353.17,23.0,161.0,105.0,498.73,22.0,259.09,188.17,170.0,45.0,29.55976792872273,215,125.0,-138.0,0.58,165.0,1.0
2025-04-08 11:56:41,166.0,8.0,293.0,40.0,165.0,72.0,466.0,16.0,229.5,127.0,80.0,56.0,30.15333348072728,136,24.0,-79.0,0.18,165.0,
2025-04-08 11:56:42,166.0,8.0,317.82,39.0,165.0,72.0,426.15,27.0,241.91,151.82,80.0,66.0,31.91374500117392,146,14.0,10.0,0.1,165.0,
2025-04-08 11:56:43,165.13,52.0,346.45,44.0,162.76,143.0,467.8,51.0,255.79,181.32,195.0,95.0,24.90262235187241,290,100.0,144.0,0.34,166.0,1.0
2025-04-08 11:56:44,165.0,126.0,239.14,37.0,161.22,164.0,265.71,45.0,202.07,74.13999999999999,290.0,82.0,23.125944737458333,372,208.0,82.0,0.56,166.0,
2025-04-08 11:56:45,165.0,74.0,212.23,26.0,162.0,66.0,213.41,34.0,188.62,47.22999999999999,140.0,60.0,27.809176003613555,200,80.0,-168.0,0.4,165.0,5.0
2025-04-08 11:56:46,165.0,60.0,206.18,40.0,161.95,82.0,207.7,43.0,185.59,41.18000000000001,142.0,83.0,32.07725642881484,225,59.0,25.0,0.26,165.0,
2025-04-08 11:56:47,165.44,79.0,193.26,57.0,161.83,96.0,198.68,47.0,179.35,27.819999999999997,175.0,104.0,31.04150737319185,279,71.0,54.0,0.25,165.0,
2025-04-08 11:56:48,165.0,56.0,182.18,51.0,161.0,112.0,183.26,47.0,173.59,17.180000000000007,168.0,98.0,10.763204913031217,266,70.0,-13.0,0.26,165.0,
2025-04-08 11:56:49,163.17,70.0,179.93,45.0,162.52,66.0,180.9,39.0,171.55,16.76000000000002,136.0,84.0,7.384571754671369,220,52.0,-46.0,0.24,165.0,
2025-04-08 11:56:50,165.12,69.0,176.11,36.0,161.22,110.0,177.39,46.0,170.61,10.990000000000007,179.0,82.0,6.28008917133227,261,97.0,41.0,0.37,166.6,5.0
2025-04-08 11:56:51,165.0,60.0,171.65,31.0,161.0,96.0,173.28,29.0,168.32,6.650000000000006,156.0,60.0,4.179961722298393,216,96.0,-45.0,0.44,166.6,
2025-04-08 11:56:52,165.0,56.0,167.17,24.0,163.54,52.0,174.28,36.0,166.08,2.1699999999999875,108.0,60.0,2.9089087300697063,168,48.0,-48.0,0.29,165.0,4.0
2025-04-08 11:56:53,164.43,14.0,166.0,16.0,162.8,40.0,233.0,16.0,165.21,1.5699999999999932,54.0,32.0,2.7550372048074423,86,22.0,-82.0,0.26,165.0,1.0
2025-04-08 11:56:54,162.79,67.0,165.08,48.0,160.95,84.0,169.83,24.0,163.94,2.2900000000000205,151.0,72.0,2.647993580028259,223,79.0,137.0,0.35,162.33,9.0
2025-04-08 11:56:55,161.0,36.0,164.5,24.0,160.0,36.0,180.33,18.0,162.75,3.5,72.0,42.0,2.126087956757311,114,30.0,-109.0,0.26,162.33,
2025-04-08 11:56:56,163.31,48.0,173.24,29.0,159.92,103.0,181.59,17.0,168.28,9.930000000000009,151.0,46.0,2.111722046072468,197,105.0,83.0,0.53,161.8,5.0
2025-04-08 11:56:57,166.0,36.0,172.11,27.0,160.0,81.0,191.0,9.0,169.06,6.110000000000014,117.0,36.0,2.7329782289417177,153,81.0,-44.0,0.53,161.8,
2025-04-08 11:56:58,166.0,38.0,172.0,30.0,160.0,90.0,191.0,10.0,169.0,6.0,128.0,40.0,3.0220820637220607,168,88.0,15.0,0.52,166.0,2.0
2025-04-08 11:56:59,166.0,16.0,171.75,24.0,160.0,72.0,191.0,8.0,168.88,5.75,88.0,32.0,2.7255604927926558,120,56.0,-48.0,0.47,166.0,
2025-04-08 11:57:00,166.0,26.0,170.0,39.0,160.0,117.0,445.93,28.0,168.0,4.0,143.0,67.0,0.4750578910762359,210,76.0,90.0,0.36,166.0,
2025-04-08 11:57:01,166.0,14.0,168.14,21.0,160.02,55.0,397.5,16.0,167.07,2.1399999999999864,69.0,37.0,0.8594882197409234,106,32.0,-104.0,0.3,166.0,
2025-04-08 11:57:02,165.4,25.0,167.84,32.0,160.29,38.0,274.59,51.0,166.62,2.4399999999999977,63.0,83.0,1.0614518358704017,146,-20.0,40.0,-0.14,166.0,2.0
2025-04-08 11:57:03,161.0,22.0,166.43,14.0,160.0,126.0,168.0,42.0,163.71,5.430000000000007,148.0,56.0,1.962404137753207,204,92.0,58.0,0.45,166.0,
2025-04-08 11:57:04,161.0,60.0,165.0,12.0,160.0,108.0,167.0,18.0,163.0,4.0,168.0,30.0,2.194390575961571,198,138.0,-6.0,0.7,166.0,
2025-04-08 11:57:05,160.39,72.0,162.45,20.0,159.85,78.0,163.79,14.0,161.42,2.0600000000000023,150.0,34.0,2.416987794728548,184,116.0,-14.0,0.63,160.71,7.0
2025-04-08 11:57:06,160.0,95.0,161.16,32.0,158.0,32.0,260.53,38.0,160.58,1.1599999999999966,127.0,70.0,2.3419820665121573,197,57.0,13.0,0.29,160.0,1.0
2025-04-08 11:57:07,160.0,30.0,272.44,36.0,158.0,40.0,324.5,16.0,216.22,112.44,70.0,52.0,24.200332229122004,122,18.0,-75.0,0.15,160.0,3.0
2025-04-08 11:57:08,160.0,27.0,339.4,25.0,158.0,15.0,364.83,24.0,249.7,179.39999999999998,42.0,49.0,40.81287149907379,91,-7.0,-31.0,-0.08,160.0,
2025-04-08 11:57:09,160.8,25.0,455.85,26.0,159.15,26.0,582.54,13.0,308.32,295.05,51.0,39.0,62.56262078909386,90,12.0,-1.0,0.13,160.0,
2025-04-08 11:57:10,160.0,30.0,262.0,21.0,158.0,30.0,493.69,13.0,211.0,102.0,60.0,34.0,54.51752635620931,94,26.0,4.0,0.28,160.0,
2025-04-08 11:57:11,165.2,45.0,277.0,22.0,164.0,57.0,368.0,33.0,221.1,111.8,102.0,55.0,40.3651200914849,157,47.0,63.0,0.3,166.0,1.0
2025-04-08 11:57:12,165.43,44.0,322.56,32.0,163.51,67.0,432.29,42.0,244.0,157.13,111.0,74.0,37.89158059516663,185,37.0,28.0,0.2,165.8,5.0
2025-04-08 11:57:13,161.0,26.0,403.21,38.0,160.0,32.0,427.4,30.0,282.11,242.21,58.0,68.0,41.13950753229819,126,-10.0,-59.0,-0.08,163.86,7.0
2025-04-08 11:57:14,160.18,84.0,403.0,60.0,158.98,41.0,428.89,38.0,281.59,242.82,125.0,98.0,33.1676883427231,223,27.0,97.0,0.12,160.6,5.0
2025-04-08 11:57:15,160.0,117.0,280.05,37.0,158.0,27.0,352.76,17.0,220.03,120.05,144.0,54.0,30.81443379327313,198,90.0,-25.0,0.45,160.6,
2025-04-08 11:57:16,161.0,70.0,280.0,45.0,160.0,117.0,415.32,25.0,220.5,119.0,187.0,70.0,30.95482401823685,257,117.0,59.0,0.46,160.6,
2025-04-08 11:57:17,161.0,180.0,216.13,53.0,160.0,234.0,240.44,63.0,188.57,55.13,414.0,116.0,41.58337408147629,530,298.0,168.0,0.56,160.6,
2025-04-08 11:57:18,162.48,79.0,194.32,31.0,160.66,152.0,196.03,67.0,178.4,31.840000000000003,231.0,98.0,40.274614461220594,329,133.0,-168.0,0.4,164.0,1.0
2025-04-08 11:57:19,164.0,27.0,192.0,45.0,161.0,90.0,193.0,18.0,178.0,28.0,117.0,63.0,21.5673700297446,180,54.0,-149.0,0.3,164.0,
2025-04-08 11:57:20,161.65,69.0,191.0,22.0,160.39,128.0,192.0,55.0,176.33,29.349999999999994,197.0,77.0,18.602928532892644,274,120.0,94.0,0.44,163.25,4.0
2025-04-08 11:57:21,161.01,73.0,190.2,15.0,160.08,113.0,191.83,36.0,175.61,29.19,186.0,51.0,5.2639405391680505,237,135.0,-37.0,0.57,163.25,
2025-04-08 11:57:22,162.0,8.0,190.0,40.0,161.0,72.0,191.0,16.0,176.0,28.0,80.0,56.0,1.2503879397582065,136,24.0,-101.0,0.18,163.25,
2025-04-08 11:57:23,162.0,8.0,188.35,31.0,161.0,72.0,189.76,25.0,175.18,26.349999999999994,80.0,56.0,1.0819565610003437,136,24.0,0.0,0.18,163.25,
2025-04-08 11:57:24,161.04,112.0,185.85,65.0,160.19,192.0,186.89,47.0,173.44,24.81,304.0,112.0,1.1314017853486804,416,192.0,168.0,0.46,163.25,
2025-04-08 11:57:25,161.08,98.0,182.36,28.0,160.06,139.0,183.16,49.0,171.72,21.28,237.0,77.0,1.7843766418244282,314,160.0,-102.0,0.51,163.25,
2025-04-08 11:57:26,162.33,88.0,180.29,55.0,161.08,78.0,182.16,43.0,171.31,17.95999999999998,166.0,98.0,2.063734479017869,264,68.0,-50.0,0.26,162.25,4.0
2025-04-08 11:57:27,162.69,70.0,168.77,62.0,161.64,75.0,176.13,77.0,165.73,6.0800000000000125,145.0,139.0,3.5595126070690744,284,6.0,20.0,0.02,163.14,7.0
2025-04-08 11:57:28,162.0,45.0,166.07,30.0,161.0,45.0,180.0,75.0,164.03,4.069999999999993,90.0,105.0,4.109115476581292,195,-15.0,-89.0,-0.08,163.14,
2025-04-08 11:57:29,162.0,42.0,178.84,64.0,161.0,42.0,243.95,37.0,170.42,16.840000000000003,84.0,101.0,3.517949686945348,185,-17.0,-10.0,-0.09,164.5,4.0
2025-04-08 11:57:30,162.0,45.0,177.4,75.0,161.0,45.0,178.87,75.0,169.7,15.400000000000006,90.0,150.0,3.175416508094363,240,-60.0,55.0,-0.25,164.5,
2025-04-08 11:57:31,161.43,14.0,175.0,30.0,160.1,62.0,177.0,30.0,168.21,13.569999999999991,76.0,60.0,2.691406695369018,136,16.0,-104.0,0.12,161.75,4.0
2025-04-08 11:57:32,161.0,26.0,173.46,65.0,160.0,182.0,175.31,65.0,167.23,12.460000000000008,208.0,130.0,2.5055278884653567,338,78.0,168.0,0.23,161.75,
2025-04-08 11:57:33,160.29,62.0,172.15,65.0,159.77,142.0,173.31,65.0,166.22,11.860000000000014,204.0,130.0,1.7261315129150423,334,74.0,-4.0,0.22,160.4,5.0
2025-04-08 11:57:34,160.0,121.0,171.02,49.0,158.0,44.0,181.19,53.0,165.51,11.02000000000001,165.0,102.0,1.6534902478928573,267,63.0,-67.0,0.24,160.4,
2025-04-08 11:57:35,160.0,99.0,168.78,27.0,158.0,36.0,170.54,39.0,164.39,8.780000000000001,135.0,66.0,1.4824709102964029,201,69.0,-66.0,0.34,160.4,
2025-04-08 11:57:36,160.0,78.0,166.04,49.0,158.0,52.0,167.2,45.0,163.02,6.039999999999992,130.0,94.0,1.6308372082685834,224,36.0,23.0,0.16,160.0,5.0
2025-04-08 11:57:37,160.0,60.0,163.3,30.0,158.0,40.0,164.3,30.0,161.65,3.300000000000012,100.0,60.0,1.8519368239417224,160,40.0,-64.0,0.25,164.0,2.0
2025-04-08 11:57:38,160.0,36.0,161.0,24.0,158.0,32.0,162.0,24.0,160.5,1.0,68.0,48.0,2.018918027030657,116,20.0,-44.0,0.17,160.0,3.0
2025-04-08 11:57:39,158.27,37.0,161.91,33.0,157.27,44.0,439.03,31.0,160.09,3.6399999999999855,81.0,64.0,1.7852590848018342,145,17.0,29.0,0.12,160.0,3.0
2025-04-08 11:57:40,160.48,33.0,162.0,33.0,157.78,36.0,243.47,34.0,161.24,1.5200000000000102,69.0,67.0,1.1389249316203376,136,2.0,-9.0,0.01,158.67,3.0
2025-04-08 11:57:41,162.79,102.0,423.1,21.0,160.78,51.0,643.93,28.0,292.94,260.31000000000006,153.0,49.0,59.06665412904231,202,104.0,66.0,0.51,162.0,3.0
2025-04-08 11:57:43,167.0,21.0,401.0,12.0,166.0,77.0,577.15,13.0,284.0,234.0,98.0,25.0,79.42582124221325,123,73.0,-76.0,0.59,162.0,
2025-04-08 11:57:44,166.17,53.0,373.0,14.0,163.89,57.0,614.59,22.0,269.58,206.83,110.0,36.0,63.43549258892889,146,74.0,23.0,0.51,167.0,3.0
2025-04-08 11:57:45,166.0,99.0,340.64,22.0,161.57,14.0,500.91,11.0,253.32,174.64,113.0,33.0,28.75837478022857,146,80.0,0.0,0.55,167.0,
2025-04-08 11:57:46,166.0,143.0,283.05,44.0,162.0,13.0,317.19,42.0,224.52,117.05,156.0,86.0,39.03105020365274,242,70.0,96.0,0.29,167.0,
2025-04-08 11:57:47,166.0,165.0,275.31,39.0,162.0,15.0,294.67,54.0,220.65,109.31,180.0,93.0,27.659513372436948,273,87.0,31.0,0.32,167.0,
2025-04-08 11:57:48,166.0,110.0,261.78,23.0,162.0,10.0,271.25,24.0,213.89,95.77999999999996,120.0,47.0,23.890874199157977,167,73.0,-106.0,0.44,167.0,
2025-04-08 11:57:49,166.0,132.0,233.67,27.0,162.0,12.0,261.18,33.0,199.83,67.66999999999999,144.0,60.0,19.655911833338244,204,84.0,37.0,0.41,167.0,
2025-04-08 11:57:50,166.0,110.0,257.88,24.0,162.0,10.0,258.96,26.0,211.94,91.88,120.0,50.0,9.484193692663116,170,70.0,-34.0,0.41,167.0,
2025-04-08 11:57:51,166.0,94.0,255.76,17.0,162.0,9.0,257.85,26.0,210.88,89.75999999999999,103.0,43.0,7.519678849521814,146,60.0,-24.0,0.41,166.0,1.0
2025-04-08 11:57:52,166.0,42.0,244.47,15.0,162.0,8.0,248.46,13.0,205.23,78.47,50.0,28.0,5.751202482954315,78,22.0,-68.0,0.28,166.0,6.0
2025-04-08 11:57:53,166.0,18.0,242.12,24.0,162.0,9.0,243.14,21.0,204.06,76.12,27.0,45.0,5.0192300206243,72,-18.0,-6.0,-0.25,166.0,2.0
2025-04-08 11:57:54,165.89,57.0,241.0,18.0,164.77,39.0,242.0,27.0,203.45,75.11000000000001,96.0,45.0,3.9929400195767593,141,51.0,69.0,0.36,166.0,
2025-04-08 11:57:55,166.0,72.0,241.0,16.0,165.0,48.0,242.0,24.0,203.5,75.0,120.0,40.0,3.133070379026683,160,80.0,19.0,0.5,166.0,
2025-04-08 11:57:56,166.0,90.0,239.2,30.0,165.0,60.0,240.03,29.0,202.6,73.19999999999999,150.0,59.0,0.969520500005672,209,91.0,49.0,0.44,166.0,
2025-04-08 11:57:57,166.0,109.0,232.45,47.0,165.0,84.0,233.44,45.0,199.22,66.44999999999999,193.0,92.0,1.9418238848899123,285,101.0,76.0,0.35,166.0,4.0
2025-04-08 11:57:58,166.0,55.0,228.0,28.0,165.0,66.0,228.96,26.0,197.0,62.0,121.0,54.0,2.9095669780787348,175,67.0,-110.0,0.38,166.0,
2025-04-08 11:57:59,166.12,40.0,223.25,48.0,165.29,68.0,224.24,45.0,194.69,57.13,108.0,93.0,3.7089917767397256,201,15.0,26.0,0.07,166.0,1.0
2025-04-08 11:58:00,167.0,10.0,219.34,32.0,166.0,40.0,222.37,38.0,193.17,52.34,50.0,70.0,3.732590253419072,120,-20.0,-81.0,-0.17,166.0,
2025-04-08 11:58:01,167.0,9.0,217.56,45.0,166.0,36.0,220.0,18.0,192.28,50.56,45.0,63.0,2.840857264966899,108,-18.0,-12.0,-0.17,166.0,
2025-04-08 11:58:02,165.19,53.0,213.52,46.0,162.89,56.0,214.25,48.0,189.36,48.33000000000001,109.0,94.0,2.837384358861427,203,15.0,95.0,0.07,166.2,5.0
2025-04-08 11:58:03,165.0,78.0,203.86,28.0,162.0,78.0,204.93,28.0,184.43,38.860000000000014,156.0,56.0,4.049349330436527,212,100.0,9.0,0.47,166.2,
2025-04-08 11:58:04,165.0,72.0,200.17,24.0,162.0,72.0,201.29,28.0,182.58,35.16999999999999,144.0,52.0,4.69988616882391,196,92.0,-16.0,0.47,166.2,
2025-04-08 11:58:05,165.0,46.0,199.23,26.0,162.26,76.0,201.0,26.0,182.12,34.22999999999999,122.0,52.0,4.467245236149259,174,70.0,-22.0,0.4,165.0,4.0
2025-04-08 11:58:06,164.18,22.0,197.39,31.0,162.31,64.0,198.36,25.0,180.78,33.20999999999998,86.0,56.0,3.3439168649794437,142,30.0,-32.0,0.21,164.4,5.0
2025-04-08 11:58:07,162.12,49.0,193.55,53.0,161.05,222.0,195.94,47.0,177.83,31.430000000000007,271.0,100.0,2.4551720917054904,371,171.0,168.0,0.46,162.8,5.0
2025-04-08 11:58:08,162.0,33.0,190.4,50.0,161.0,165.0,191.51,49.0,176.2,28.40000000000001,198.0,99.0,2.7775924826882723,297,99.0,-74.0,0.33,162.8,
2025-04-08 11:58:09,161.01,204.0,186.54,68.0,160.05,268.0,188.43,51.0,173.78,25.53,472.0,119.0,3.3793224172728804,591,353.0,168.0,0.6,161.75,4.0
2025-04-08 11:58:10,161.0,135.0,183.26,38.0,160.0,145.0,184.1,39.0,172.13,22.25999999999999,280.0,77.0,3.392599298455271,357,203.0,-168.0,0.57,161.75,
2025-04-08 11:58:11,161.0,354.0,178.42,78.0,160.0,386.0,179.82,71.0,169.71,17.419999999999987,740.0,149.0,3.218454598075753,889,591.0,168.0,0.66,161.75,
2025-04-08 11:58:12,161.0,201.0,168.79,33.0,160.0,242.0,170.47,43.0,164.89,7.789999999999992,443.0,76.0,4.314414212830064,519,367.0,-168.0,0.71,161.75,
2025-04-08 11:58:13,161.0,210.0,164.09,45.0,160.0,330.0,165.95,62.0,162.54,3.0900000000000034,540.0,107.0,4.770026205364597,647,433.0,128.0,0.67,161.0,7.0
2025-04-08 11:58:14,161.0,69.0,163.89,45.0,160.0,198.0,305.94,36.0,162.44,2.8899999999999864,267.0,81.0,4.377027530169384,348,186.0,-168.0,0.53,161.0,1.0
2025-04-08 11:58:15,161.0,70.0,162.3,50.0,160.0,220.0,199.9,50.0,161.65,1.3000000000000114,290.0,100.0,3.2856247503110887,390,190.0,42.0,0.49,161.0,
2025-04-08 11:58:16,161.0,92.0,162.0,65.0,160.0,286.0,287.22,49.0,161.5,1.0,378.0,114.0,1.358834058983577,492,264.0,102.0,0.54,161.0,1.0
2025-04-08 11:58:17,161.0,87.0,181.4,50.0,160.0,220.0,361.4,47.0,171.2,20.40000000000001,307.0,97.0,4.125770231103042,404,210.0,-88.0,0.52,161.0,7.0
2025-04-08 11:58:18,161.0,45.0,191.0,60.0,160.0,330.0,452.25,63.0,176.0,30.0,375.0,123.0,6.658252022855624,498,252.0,94.0,0.51,161.0,
2025-04-08 11:58:19,163.69,39.0,190.0,65.0,160.14,153.0,195.91,53.0,176.85,26.31,192.0,118.0,7.496115660785014,310,74.0,-168.0,0.24,161.0,
2025-04-08 11:58:20,166.0,39.0,181.23,65.0,161.31,39.0,211.77,65.0,173.62,15.22999999999999,78.0,130.0,6.182619186062715,208,-52.0,-102.0,-0.25,161.0,
2025-04-08 11:58:21,166.0,36.0,168.0,60.0,165.0,36.0,187.57,56.0,167.0,2.0,72.0,116.0,3.981994475118318,188,-44.0,-20.0,-0.23,161.0,
2025-04-08 11:58:22,166.83,126.0,168.0,60.0,165.42,36.0,319.13,53.0,167.42,1.1699999999999875,162.0,113.0,4.689479715263882,275,49.0,87.0,0.18,161.0,
2025-04-08 11:58:23,167.0,166.0,306.43,51.0,166.0,33.0,449.72,50.0,236.72,139.43,199.0,101.0,29.587342226024536,300,98.0,25.0,0.33,167.0,10.0
2025-04-08 11:58:24,167.0,96.0,443.3,50.0,166.0,30.0,675.0,40.0,305.15,276.3,126.0,90.0,60.73104659068492,216,36.0,-84.0,0.17,167.0,5.0
2025-04-08 11:58:25,167.0,60.0,314.87,46.0,166.0,30.0,635.0,42.0,240.93,147.87,90.0,88.0,58.05707648512771,178,2.0,-38.0,0.01,167.0,
2025-04-08 11:58:26,167.0,40.0,383.45,22.0,166.0,30.0,484.23,44.0,275.23,216.45,70.0,66.0,51.56455808013883,136,4.0,-42.0,0.03,167.0,4.0
2025-04-08 11:58:27,167.0,22.0,357.63,43.0,165.71,41.0,373.3,23.0,262.31,190.63,63.0,66.0,27.832946663981648,129,-3.0,-7.0,-0.02,167.0,
2025-04-08 11:58:28,166.62,39.0,352.28,43.0,165.87,69.0,352.3,47.0,259.45,185.66,108.0,90.0,23.81582415118267,198,18.0,69.0,0.09,167.0,
2025-04-08 11:58:29,166.5,70.0,301.32,34.0,165.62,56.0,285.46,54.0,233.91,134.82,126.0,88.0,16.757347045401584,214,38.0,16.0,0.18,167.0,
2025-04-08 11:58:30,167.0,35.0,216.43,35.0,166.0,35.0,261.13,23.0,191.71,49.43000000000001,70.0,58.0,33.10574451662446,128,12.0,-86.0,0.09,167.0,
2025-04-08 11:58:31,167.0,50.0,252.94,18.0,166.0,50.0,260.24,42.0,209.97,85.94,100.0,60.0,30.75324047966305,160,40.0,32.0,0.25,167.0,
2025-04-08 11:58:32,167.0,70.0,219.87,38.0,166.0,70.0,249.7,46.0,193.43,52.870000000000005,140.0,84.0,28.853476047089377,224,56.0,64.0,0.25,167.0,
2025-04-08 11:58:33,167.0,39.0,216.21,33.0,166.0,45.0,216.43,21.0,191.61,49.21000000000001,84.0,54.0,18.347007385400374,138,30.0,-86.0,0.22,167.0,3.0
2025-04-08 11:58:34,165.73,22.0,195.42,31.0,164.36,39.0,210.46,35.0,180.57,29.69,61.0,66.0,10.550095734158852,127,-5.0,-11.0,-0.04,165.9,10.0
2025-04-08 11:58:35,162.0,24.0,183.64,14.0,160.0,72.0,186.55,22.0,172.82,21.639999999999983,96.0,36.0,14.1131428108664,132,60.0,5.0,0.45,163.33,3.0
2025-04-08 11:58:36,160.24,68.0,173.0,7.0,159.19,42.0,180.18,11.0,166.62,12.759999999999993,110.0,18.0,11.629254060338262,128,92.0,-4.0,0.72,162.0,4.0
2025-04-08 11:58:37,160.0,108.0,169.71,17.0,158.0,36.0,171.56,9.0,164.85,9.710000000000008,144.0,26.0,11.005499988636736,170,118.0,42.0,0.69,162.0,
2025-04-08 11:58:38,160.3,120.0,165.46,57.0,159.44,100.0,166.76,21.0,162.88,5.159999999999997,220.0,78.0,7.198907556002671,298,142.0,128.0,0.48,162.0,
2025-04-08 11:58:39,160.65,34.0,162.52,29.0,159.95,148.0,163.98,49.0,161.58,1.8700000000000043,182.0,78.0,4.392539129007886,260,104.0,-38.0,0.4,161.0,6.0
2025-04-08 11:58:40,160.0,105.0,162.0,10.0,158.0,40.0,405.0,34.0,161.0,2.0,145.0,44.0,2.335204487804232,189,101.0,-71.0,0.53,160.0,3.0
2025-04-08 11:58:41,163.45,58.0,325.16,32.0,158.77,39.0,567.27,15.0,244.3,161.71000000000004,97.0,47.0,36.57729104239255,144,50.0,-45.0,0.35,164.5,6.0
2025-04-08 11:58:42,165.0,65.0,318.45,49.0,160.0,95.0,463.06,16.0,241.72,153.45,160.0,65.0,44.48415762942936,225,95.0,81.0,0.42,164.5,
2025-04-08 11:58:43,165.0,35.0,285.29,28.0,160.0,70.0,286.18,22.0,225.14,120.29000000000002,105.0,50.0,42.14405913055766,155,55.0,-70.0,0.35,164.5,
2025-04-08 11:58:44,165.0,23.0,284.0,40.0,160.0,100.0,285.0,40.0,224.5,119.0,123.0,80.0,33.8662327400017,203,43.0,48.0,0.21,165.0,3.0
2025-04-08 11:58:45,165.0,18.0,281.22,36.0,160.0,90.0,283.0,36.0,223.11,116.22000000000004,108.0,72.0,10.341754203228064,180,36.0,-23.0,0.2,165.0,
2025-04-08 11:58:46,165.0,16.0,268.15,33.0,160.0,80.0,274.21,33.0,216.58,103.14999999999998,96.0,66.0,9.313645902651398,162,30.0,-18.0,0.19,165.0,
2025-04-08 11:58:47,165.0,20.0,232.58,76.0,160.0,190.0,233.82,78.0,198.79,67.58000000000001,210.0,154.0,11.064304316131194,364,56.0,168.0,0.15,165.0,1.0
2025-04-08 11:58:48,166.0,33.0,227.23,52.0,165.0,13.0,228.46,52.0,196.62,61.22999999999999,46.0,104.0,13.33861874408099,150,-58.0,-168.0,-0.39,165.0,
2025-04-08 11:58:49,166.0,39.0,224.85,52.0,165.0,13.0,226.08,52.0,195.42,58.85,52.0,104.0,12.81151162041146,156,-52.0,6.0,-0.33,165.0,
2025-04-08 11:58:50,166.35,20.0,219.83,48.0,165.74,19.0,221.08,48.0,193.09,53.48000000000002,39.0,96.0,9.44006620739105,135,-57.0,-21.0,-0.42,167.0,1.0
2025-04-08 11:58:51,166.0,12.0,216.78,18.0,165.0,6.0,218.2,20.0,191.39,50.78,18.0,38.0,2.908001031622387,56,-20.0,-79.0,-0.36,167.0,
2025-04-08 11:58:52,166.0,18.0,215.21,33.0,164.22,9.0,216.0,32.0,190.61,49.21000000000001,27.0,65.0,2.567378039929799,92,-38.0,36.0,-0.41,167.0,
2025-04-08 11:58:53,166.0,16.0,213.43,14.0,164.0,8.0,214.92,26.0,189.71,47.43000000000001,24.0,40.0,2.259597309237015,64,-16.0,-28.0,-0.25,167.0,
2025-04-08 11:58:54,166.0,30.0,208.4,45.0,164.72,39.0,209.49,39.0,187.2,42.400000000000006,69.0,84.0,2.1780954983443865,153,-15.0,89.0,-0.1,167.0,
2025-04-08 11:58:55,166.0,22.0,203.5,24.0,165.0,77.0,204.69,32.0,184.75,37.5,99.0,56.0,2.7272550302281786,155,43.0,2.0,0.28,167.0,
2025-04-08 11:58:56,165.67,54.0,195.2,55.0,164.98,129.0,196.85,59.0,180.43,29.53,183.0,114.0,4.110523081056796,297,69.0,142.0,0.23,165.67,3.0
2025-04-08 11:58:57,165.0,44.0,190.78,36.0,164.0,9.0,192.0,9.0,177.89,25.78,53.0,45.0,4.834343802409554,98,8.0,-168.0,0.08,165.0,2.0
2025-04-08 11:58:58,165.0,52.0,188.54,52.0,164.0,13.0,192.0,13.0,176.77,23.539999999999992,65.0,65.0,4.459822866425366,130,0.0,32.0,0.0,165.0,
2025-04-08 11:58:59,165.0,64.0,184.92,38.0,164.0,16.0,186.31,52.0,174.96,19.919999999999987,80.0,90.0,3.795589545760418,170,-10.0,40.0,-0.06,165.0,
2025-04-08 11:59:00,165.0,52.0,177.17,30.0,164.0,13.0,178.76,25.0,171.08,12.169999999999987,65.0,55.0,3.493655678495007,120,10.0,-50.0,0.08,165.0,
2025-04-08 11:59:01,164.24,59.0,170.93,28.0,163.62,16.0,172.0,34.0,167.58,6.689999999999998,75.0,62.0,4.268422425191236,137,13.0,17.0,0.09,164.8,5.0
2025-04-08 11:59:02,160.03,68.0,167.8,40.0,158.89,18.0,168.62,26.0,163.91,7.77000000000001,86.0,66.0,5.2642045932761965,152,20.0,15.0,0.13,160.0,5.0
2025-04-08 11:59:03,160.58,19.0,163.05,22.0,159.91,46.0,163.56,39.0,161.81,2.469999999999999,65.0,61.0,5.316518597716417,126,4.0,-26.0,0.03,161.0,1.0
2025-04-08 11:59:04,145.28,43.0,161.95,40.0,128.06,17.0,302.57,44.0,153.61,16.669999999999987,60.0,84.0,6.612319562744712,144,-24.0,18.0,-0.17,159.0,9.0
2025-04-08 11:59:05,144.36,99.0,159.85,52.0,113.11,27.0,160.92,52.0,152.1,15.48999999999998,126.0,104.0,6.690789938404078,230,22.0,86.0,0.1,159.0,
2025-04-08 11:59:06,130.08,26.0,158.2,15.0,114.93,14.0,159.92,39.0,144.14,28.119999999999976,40.0,54.0,7.968389423204691,94,-14.0,-136.0,-0.15,158.2,5.0
2025-04-08 11:59:07,136.78,32.0,296.5,44.0,124.12,24.0,408.82,28.0,216.64,159.72,56.0,72.0,29.18034184172386,128,-16.0,34.0,-0.12,149.3,10.0
2025-04-08 11:59:08,157.38,8.0,273.55,20.0,134.5,18.0,390.6,20.0,215.46,116.17000000000002,26.0,40.0,36.38517005594287,66,-14.0,-62.0,-0.21,149.3,
2025-04-08 11:59:19,147.59,51.0,151.64,44.0,145.53,57.0,153.53,53.0,149.61,4.049999999999983,108.0,97.0,9.433194050787035,205,11.0,-59.0,0.05,150.0,4.0
2025-04-08 11:59:20,149.47,68.0,153.0,40.0,148.53,47.0,154.0,40.0,151.24,3.530000000000001,115.0,80.0,9.761396928709155,195,35.0,-10.0,0.18,150.0,
2025-04-08 11:59:21,151.44,54.0,153.55,29.0,149.53,38.0,154.67,48.0,152.5,2.1100000000000136,92.0,77.0,8.166178420768265,169,15.0,-26.0,0.09,153.0,4.0
2025-04-08 11:59:22,152.53,110.0,154.0,61.0,150.73,90.0,155.0,128.0,153.26,1.4699999999999989,200.0,189.0,2.580565829392804,389,11.0,168.0,0.03,154.0,3.0
2025-04-08 11:59:23,151.75,48.0,155.0,64.0,111.71,63.0,158.0,8.0,153.38,3.25,111.0,72.0,1.5836413734910186,183,39.0,-168.0,0.21,154.0,1.0
2025-04-08 11:59:24,148.14,35.0,170.62,42.0,92.67,72.0,261.08,13.0,159.38,22.480000000000015,107.0,55.0,3.151685263448216,162,52.0,-21.0,0.32,155.33,9.0
2025-04-08 11:59:25,157.55,64.0,265.52,27.0,155.21,125.0,288.24,42.0,211.53,107.96999999999996,189.0,69.0,25.59602898888542,258,120.0,96.0,0.47,161.0,1.0
2025-04-08 11:59:26,161.0,36.0,193.94,34.0,160.0,180.0,256.05,20.0,177.47,32.94,216.0,54.0,24.72214654919499,270,162.0,12.0,0.6,161.0,
2025-04-08 11:59:27,161.0,30.0,191.1,30.0,150.03,80.0,192.2,30.0,176.05,30.099999999999994,110.0,60.0,22.646599523987778,170,50.0,-100.0,0.29,161.0,
2025-04-08 11:59:28,161.0,39.0,172.19,47.0,139.6,97.0,180.7,37.0,166.6,11.189999999999998,136.0,84.0,20.02995581622409,220,52.0,50.0,0.24,162.0,3.0
2025-04-08 11:59:29,150.38,13.0,161.2,40.0,81.63,93.0,163.87,38.0,155.79,10.819999999999991,106.0,78.0,20.9181600529274,184,28.0,-36.0,0.15,157.0,1.0
2025-04-08 11:59:33,145.0,45.0,152.73,30.0,88.0,45.0,309.5,26.0,148.87,7.72999999999999,90.0,56.0,13.710726822448184,146,34.0,49.0,0.23,157.0,
2025-04-08 11:59:34,121.67,27.0,151.96,25.0,77.36,91.0,302.27,37.0,136.81,30.290000000000006,118.0,62.0,9.581877164720474,180,56.0,34.0,0.31,157.0,
2025-04-08 11:59:42,121.73,11.0,366.83,29.0,96.35,23.0,483.79,33.0,244.28,245.1,34.0,62.0,52.21305219961605,96,-28.0,-6.0,-0.29,152.33,3.0
2025-04-08 11:59:43,163.81,16.0,402.0,60.0,162.03,59.0,528.08,60.0,282.91,238.19,75.0,120.0,75.95832192722465,195,-45.0,99.0,-0.23,163.0,2.0
2025-04-08 11:59:44,166.4,15.0,399.46,65.0,164.97,37.0,531.55,64.0,282.93,233.06,52.0,129.0,82.60039933317489,181,-77.0,-14.0,-0.43,163.0,
2025-04-08 11:59:45,167.0,8.0,383.0,40.0,165.82,17.0,538.88,40.0,275.0,216.0,25.0,80.0,68.84087426812665,105,-55.0,-76.0,-0.52,163.0,
2025-04-08 11:59:46,166.2,10.0,320.33,30.0,165.25,16.0,503.0,30.0,243.27,154.13,26.0,60.0,20.257504041714338,86,-34.0,-19.0,-0.4,163.0,
2025-04-08 11:59:47,163.14,29.0,318.36,55.0,161.64,22.0,385.64,55.0,240.75,155.22000000000003,51.0,110.0,21.22795609567892,161,-59.0,75.0,-0.37,165.4,5.0
2025-04-08 11:59:48,165.0,30.0,302.62,48.0,163.0,50.0,401.57,47.0,233.81,137.62,80.0,95.0,22.190318159054225,175,-15.0,14.0,-0.09,165.4,
2025-04-08 11:59:49,166.64,33.0,250.89,54.0,163.0,55.0,287.19,52.0,208.76,84.25,88.0,106.0,23.717100792466635,194,-18.0,19.0,-0.09,165.4,
2025-04-08 11:59:50,167.83,18.0,251.83,24.0,166.0,48.0,253.0,30.0,209.83,84.0,66.0,54.0,16.78730710983733,120,12.0,-74.0,0.1,165.4,
2025-04-08 11:59:51,168.0,22.0,250.6,40.0,166.0,72.0,253.0,45.0,209.3,82.6,94.0,85.0,15.526868647605069,179,9.0,59.0,0.05,168.0,1.0
2025-04-08 11:59:52,168.0,24.0,250.0,48.0,166.0,96.0,311.69,58.0,209.0,82.0,120.0,106.0,11.003120012067882,226,14.0,47.0,0.06,168.0,
2025-04-08 11:59:53,166.8,40.0,236.63,43.0,165.43,79.0,312.95,42.0,201.71,69.82999999999998,119.0,85.0,3.383363710858795,204,34.0,-22.0,0.17,168.0,2.0
2025-04-08 11:59:54,166.0,72.0,229.93,28.0,163.0,45.0,281.11,38.0,197.96,63.93000000000001,117.0,66.0,5.399921295718302,183,51.0,-21.0,0.28,168.0,
2025-04-08 11:59:55,166.0,104.0,219.94,33.0,163.0,89.0,227.48,46.0,192.97,53.94,193.0,79.0,7.072126271493285,272,114.0,89.0,0.42,168.0,
2025-04-08 11:59:56,166.0,106.0,180.19,42.0,163.0,112.0,181.26,43.0,173.1,14.189999999999998,218.0,85.0,13.541630994822278,303,133.0,31.0,0.44,166.0,1.0
2025-04-08 11:59:57,165.96,70.0,176.35,40.0,163.22,81.0,178.5,32.0,171.15,10.389999999999986,151.0,72.0,14.281672521099074,223,79.0,-80.0,0.35,166.0,7.0
2025-04-08 11:59:58,165.46,35.0,175.18,22.0,163.08,75.0,176.05,38.0,170.32,9.72,110.0,60.0,13.269960437013523,170,50.0,-53.0,0.29,166.0,
2025-04-08 11:59:59,166.93,56.0,173.9,20.0,164.2,40.0,175.65,34.0,170.41,6.969999999999999,96.0,54.0,9.779869631027466,150,42.0,-20.0,0.28,166.6,10.0
2025-04-08 12:00:00,163.04,55.0,171.38,32.0,162.31,26.0,172.6,20.0,167.21,8.340000000000003,81.0,52.0,2.1229625526332625,133,29.0,-17.0,0.22,163.67,3.0
2025-04-08 12:00:01,163.0,64.0,167.17,36.0,162.0,24.0,168.65,34.0,165.08,4.169999999999988,88.0,70.0,2.587746123536843,158,18.0,25.0,0.11,163.0,4.0
2025-04-08 12:00:02,162.62,16.0,164.25,32.0,161.77,13.0,166.38,16.0,163.44,1.6299999999999957,29.0,48.0,3.107582661793068,77,-19.0,-81.0,-0.25,163.0,2.0
2025-04-08 12:00:03,162.0,10.0,163.2,20.0,161.0,5.0,167.0,10.0,162.6,1.1999999999999886,15.0,30.0,3.144625573875819,45,-15.0,-32.0,-0.33,163.0,
2025-04-08 12:00:04,161.4,10.0,164.8,20.0,159.2,20.0,177.0,20.0,163.1,3.4000000000000057,30.0,40.0,1.8804999334939836,70,-10.0,25.0,-0.14,162.0,2.0
2025-04-08 12:00:05,158.07,43.0,163.75,16.0,113.71,17.0,165.5,16.0,160.91,5.680000000000007,60.0,32.0,1.5045530897473496,92,28.0,22.0,0.3,159.5,4.0
2025-04-08 12:00:06,158.36,44.0,162.21,28.0,147.1,60.0,318.45,40.0,160.29,3.8499999999999934,104.0,68.0,1.3903848387645448,172,36.0,80.0,0.21,159.5,
2025-04-08 12:00:07,159.07,15.0,161.59,17.0,156.86,57.0,209.35,20.0,160.33,2.5200000000000102,72.0,37.0,1.3168636982865718,109,35.0,-63.0,0.32,160.0,1.0
2025-04-08 12:00:08,158.0,59.0,161.5,12.0,116.11,18.0,162.8,15.0,159.75,3.5,77.0,27.0,1.309266970431846,104,50.0,-5.0,0.48,160.0,
2025-04-08 12:00:09,158.0,64.0,160.0,26.0,120.0,26.0,160.7,20.0,159.0,2.0,90.0,46.0,0.7190132125782228,136,44.0,32.0,0.32,158.0,3.0
2025-04-08 12:00:10,158.0,14.0,159.0,12.0,120.0,12.0,205.45,22.0,158.5,1.0,26.0,34.0,0.8059342404073954,60,-8.0,-76.0,-0.13,158.0,2.0
2025-04-08 12:00:11,158.0,14.0,159.0,14.0,139.2,20.0,503.43,7.0,158.5,1.0,34.0,21.0,0.8059342404069322,55,13.0,-5.0,0.24,158.0,
2025-04-08 12:00:12,158.0,24.0,340.21,52.0,102.33,24.0,631.5,28.0,249.11,182.21,48.0,80.0,40.32961281738145,128,-32.0,73.0,-0.25,159.0,2.0
2025-04-08 12:00:13,158.64,44.0,223.06,48.0,129.31,16.0,467.64,44.0,190.85,64.42000000000002,60.0,92.0,39.39692335703273,152,-32.0,24.0,-0.21,159.0,
2025-04-08 12:00:14,159.29,49.0,217.0,35.0,158.0,14.0,493.0,35.0,188.14,57.71000000000001,63.0,70.0,37.00632445947481,133,-7.0,-19.0,-0.05,159.0,
2025-04-08 12:00:15,161.67,105.0,258.72,67.0,158.0,30.0,474.73,73.0,210.19,97.05000000000004,135.0,140.0,33.39236245011644,275,-5.0,142.0,-0.02,159.0,
2025-04-08 12:00:16,164.95,75.0,184.27,52.0,158.0,24.0,217.0,20.0,174.61,19.32000000000002,99.0,72.0,28.9455540627564,171,27.0,-104.0,0.16,164.0,1.0
2025-04-08 12:00:17,166.0,48.0,181.6,10.0,159.0,16.0,280.5,22.0,173.8,15.599999999999994,64.0,32.0,14.834998146272891,96,32.0,-75.0,0.33,166.0,4.0
2025-04-08 12:00:18,166.46,26.0,179.38,13.0,161.3,46.0,247.62,64.0,172.92,12.919999999999987,72.0,77.0,15.953142950525836,149,-5.0,53.0,-0.03,164.0,5.0
2025-04-08 12:00:19,162.0,33.0,173.43,23.0,160.0,50.0,239.35,37.0,167.72,11.430000000000009,83.0,60.0,17.173653367874383,143,23.0,-6.0,0.16,164.0,
2025-04-08 12:00:20,160.12,51.0,169.33,9.0,157.6,30.0,170.8,25.0,164.73,9.210000000000008,81.0,34.0,4.310803869336067,115,47.0,-28.0,0.41,162.0,3.0
2025-04-08 12:00:21,160.79,38.0,168.0,15.0,157.43,42.0,170.0,15.0,164.39,7.210000000000008,80.0,30.0,4.4473329085956825,110,50.0,-5.0,0.45,162.0,
2025-04-08 12:00:22,165.0,26.0,167.0,13.0,160.56,36.0,168.23,13.0,166.0,2.0,62.0,26.0,3.479018539742858,88,36.0,-22.0,0.41,162.0,
2025-04-08 12:00:23,163.91,11.0,166.0,8.0,160.93,30.0,221.44,36.0,164.95,2.0900000000000034,41.0,44.0,1.3499148120792257,85,-3.0,-3.0,-0.04,163.67,3.0
2025-04-08 12:00:24,161.0,36.0,164.42,12.0,160.0,24.0,192.33,60.0,162.71,3.4199999999999875,60.0,72.0,1.1943533814866414,132,-12.0,47.0,-0.09,163.67,
2025-04-08 12:00:25,160.8,30.0,174.29,31.0,158.94,34.0,217.4,47.0,167.55,13.48999999999998,64.0,78.0,1.8061838222810755,142,-14.0,10.0,-0.1,161.5,4.0
2025-04-08 12:00:26,163.92,101.0,176.0,12.0,159.22,36.0,215.62,24.0,169.96,12.080000000000013,137.0,36.0,2.726578441907072,173,101.0,31.0,0.58,164.0,5.0
2025-04-08 12:00:27,164.0,170.0,167.79,14.0,160.0,14.0,198.05,38.0,165.89,3.789999999999992,184.0,52.0,2.7293808821548438,236,132.0,63.0,0.56,164.0,
2025-04-08 12:00:28,164.0,170.0,400.85,20.0,160.0,20.0,442.7,50.0,282.43,236.85,190.0,70.0,51.900189980383736,260,120.0,24.0,0.46,166.0,1.0
2025-04-08 12:00:29,166.0,22.0,441.2,20.0,164.0,102.0,442.56,18.0,303.6,275.2,124.0,38.0,69.00546376918271,162,86.0,-98.0,0.53,166.0,4.0
2025-04-08 12:00:30,166.0,6.0,440.8,20.0,164.0,102.0,441.5,16.0,303.4,274.8,108.0,36.0,70.94875425262974,144,72.0,-18.0,0.5,166.0,
2025-04-08 12:00:31,164.47,34.0,419.44,18.0,163.97,138.0,440.89,36.0,291.96,254.97,172.0,54.0,58.56338215984543,226,118.0,82.0,0.52,164.4,5.0
2025-04-08 12:00:32,164.0,104.0,428.58,24.0,162.0,8.0,439.33,18.0,296.29,264.58,112.0,42.0,8.831677643582713,154,70.0,-72.0,0.45,164.4,
2025-04-08 12:00:33,164.03,113.0,313.43,23.0,163.46,37.0,418.81,31.0,238.73,149.4,150.0,54.0,27.318540041520137,204,96.0,50.0,0.47,164.0,4.0
2025-04-08 12:00:34,166.6,10.0,310.64,22.0,164.0,90.0,405.11,38.0,238.62,144.04,100.0,60.0,32.32368713498057,160,40.0,-44.0,0.25,164.0,
2025-04-08 12:00:35,167.0,7.0,309.0,14.0,164.0,63.0,310.0,28.0,238.0,142.0,70.0,42.0,30.53412435292812,112,28.0,-48.0,0.25,164.0,
2025-04-08 12:00:36,167.0,8.0,290.42,31.0,164.0,72.0,309.0,20.0,228.71,123.42000000000002,80.0,51.0,27.285165383410245,131,29.0,19.0,0.22,164.0,
2025-04-08 12:00:37,164.06,51.0,298.19,32.0,161.46,59.0,299.41,34.0,231.12,134.13,110.0,66.0,4.759971638572797,176,44.0,45.0,0.25,164.6,5.0
2025-04-08 12:00:38,164.0,60.0,269.16,38.0,161.0,84.0,270.35,34.0,216.58,105.16000000000004,144.0,72.0,8.937045373052934,216,72.0,40.0,0.33,164.6,
2025-04-08 12:00:39,162.08,83.0,267.07,28.0,160.65,65.0,269.0,56.0,214.58,104.98999999999998,148.0,84.0,9.956245276207063,232,64.0,16.0,0.28,163.5,6.0
2025-04-08 12:00:40,161.0,66.0,226.7,43.0,160.0,44.0,267.6,30.0,193.85,65.69999999999999,110.0,73.0,14.819317460665152,183,37.0,-49.0,0.2,163.5,
2025-04-08 12:00:41,162.2,60.0,229.48,29.0,160.5,48.0,236.71,35.0,195.84,67.28,108.0,64.0,15.579466614745185,172,44.0,-11.0,0.26,163.5,
2025-04-08 12:00:42,164.52,62.0,209.0,37.0,162.85,78.0,222.3,43.0,186.76,44.47999999999999,140.0,80.0,13.288303879725929,220,60.0,48.0,0.27,163.5,
2025-04-08 12:00:43,164.67,48.0,178.41,58.0,162.71,84.0,243.53,34.0,171.54,13.740000000000007,132.0,92.0,15.594652288522449,224,40.0,4.0,0.18,164.44,9.0
2025-04-08 12:00:44,161.19,32.0,195.62,40.0,160.33,36.0,197.0,16.0,178.41,34.43000000000001,68.0,56.0,10.285103305261522,124,12.0,-100.0,0.1,162.5,2.0
2025-04-08 12:00:45,161.0,55.0,194.09,55.0,160.0,44.0,197.0,22.0,177.55,33.09,99.0,77.0,9.438000317858323,176,22.0,52.0,0.12,162.5,
2025-04-08 12:00:46,161.82,110.0,181.8,61.0,160.76,66.0,186.91,53.0,171.81,19.980000000000015,176.0,114.0,6.2061848183793735,290,62.0,114.0,0.21,162.0,5.0
2025-04-08 12:00:47,162.0,66.0,164.58,60.0,161.0,28.0,165.83,60.0,163.29,2.5800000000000125,94.0,120.0,6.054964904924851,214,-26.0,-76.0,-0.12,162.0,5.0
2025-04-08 12:00:48,162.0,18.0,164.0,30.0,161.0,15.0,165.0,30.0,163.0,2.0,33.0,60.0,7.44536903046904,93,-27.0,-121.0,-0.29,162.0,
2025-04-08 12:00:49,161.2,35.0,162.93,45.0,160.42,48.0,347.83,60.0,162.07,1.7300000000000182,83.0,105.0,6.837907574679531,188,-22.0,95.0,-0.12,161.75,8.0
2025-04-08 12:00:50,161.0,18.0,380.79,38.0,160.0,36.0,532.68,37.0,270.89,219.79,54.0,75.0,47.499559155848,129,-21.0,-59.0,-0.16,161.75,
2025-04-08 12:00:51,161.0,18.0,226.0,36.0,160.0,36.0,529.16,43.0,193.5,65.0,54.0,79.0,46.841324170009486,133,-25.0,4.0,-0.19,161.75,
2025-04-08 12:00:52,161.0,24.0,223.69,32.0,160.0,43.0,282.97,33.0,192.34,62.69,67.0,65.0,44.350182074033576,132,2.0,-1.0,0.02,161.75,
2025-04-08 12:00:53,161.94,34.0,219.43,28.0,160.84,19.0,220.57,14.0,190.68,57.49000000000001,53.0,42.0,40.72435057800115,95,11.0,-37.0,0.12,161.75,
2025-04-08 12:00:54,161.76,37.0,217.58,38.0,160.35,40.0,219.1,58.0,189.67,55.82000000000002,77.0,96.0,35.51374283288029,173,-19.0,78.0,-0.11,161.8,5.0
2025-04-08 12:00:55,160.0,26.0,212.67,21.0,158.5,44.0,213.67,24.0,186.33,52.66999999999999,70.0,45.0,2.761146500987313,115,25.0,-58.0,0.22,159.8,5.0
2025-04-08 12:00:56,160.48,21.0,208.9,10.0,157.56,18.0,210.88,17.0,184.69,48.420000000000016,39.0,27.0,3.1543256014416423,66,12.0,-49.0,0.18,162.0,4.0
2025-04-08 12:00:57,162.0,11.0,206.33,18.0,158.0,22.0,207.8,15.0,184.17,44.33000000000001,33.0,33.0,2.9328689026116037,66,0.0,0.0,0.0,162.0,
2025-04-08 12:00:58,134.68,44.0,182.25,16.0,121.38,68.0,192.52,23.0,158.47,47.56999999999999,112.0,39.0,12.59251682547576,151,73.0,85.0,0.48,158.4,5.0
2025-04-08 12:01:06,133.8,15.0,156.88,32.0,126.86,21.0,368.0,25.0,145.34,23.079999999999984,36.0,57.0,3.3253044973039114,93,-21.0,-21.0,-0.23,153.43,7.0
2025-04-08 12:01:07,139.42,19.0,158.0,27.0,135.67,9.0,446.43,7.0,148.71,18.580000000000013,28.0,34.0,4.741652665452751,62,-6.0,-31.0,-0.1,158.0,1.0
2025-04-08 12:01:08,141.0,21.0,158.0,21.0,95.14,7.0,349.57,7.0,149.5,17.0,28.0,28.0,4.907170263991335,56,0.0,-6.0,0.0,158.0,
2025-04-08 12:01:09,143.0,30.0,158.0,16.0,106.0,10.0,487.36,14.0,150.5,15.0,40.0,30.0,4.05825331883146,70,10.0,14.0,0.14,158.0,2.0
2025-04-08 12:01:11,119.45,11.0,158.0,11.0,63.75,64.0,211.24,25.0,138.73,38.55,75.0,36.0,6.900168838499606,111,39.0,13.0,0.35,158.0,
2025-04-08 12:01:12,126.56,18.0,158.0,10.0,111.33,18.0,228.18,22.0,142.28,31.44,36.0,32.0,6.535985006087287,68,4.0,-43.0,0.06,158.0,
2025-04-08 12:01:15,145.77,13.0,152.45,11.0,145.0,15.0,155.54,26.0,149.11,6.679999999999978,28.0,37.0,4.006862862614105,65,-9.0,-23.0,-0.14,152.67,3.0
2025-04-08 12:01:16,153.56,9.0,155.5,12.0,151.0,9.0,156.4,15.0,154.53,1.9399999999999975,18.0,27.0,5.930678713250595,45,-9.0,-20.0,-0.2,155.0,1.0
2025-04-08 12:01:20,165.88,34.0,226.0,7.0,105.0,16.0,305.57,21.0,195.94,60.120000000000005,50.0,28.0,31.565293440736543,78,22.0,-23.0,0.28,155.0,
2025-04-08 12:01:21,166.0,36.0,204.73,11.0,165.0,12.0,228.21,14.0,185.36,38.72999999999999,48.0,25.0,36.22714562313489,73,23.0,-5.0,0.32,155.0,
2025-04-08 12:01:22,166.0,102.0,201.19,52.0,165.0,34.0,202.21,39.0,183.6,35.19,136.0,91.0,29.803652125198635,227,45.0,154.0,0.2,155.0,
2025-04-08 12:01:23,166.0,48.0,197.47,19.0,165.0,16.0,198.44,27.0,181.74,31.47,64.0,46.0,23.00315891350321,110,18.0,-117.0,0.16,155.0,
2025-04-08 12:01:24,166.17,36.0,197.0,14.0,165.55,22.0,198.0,21.0,181.58,30.830000000000013,58.0,35.0,5.958681062106373,93,23.0,-17.0,0.25,155.0,
2025-04-08 12:01:25,167.0,21.0,196.56,18.0,166.0,42.0,197.79,19.0,181.78,29.56,63.0,37.0,1.6466086359235412,100,26.0,7.0,0.26,155.0,
2025-04-08 12:01:26,163.88,51.0,195.8,60.0,162.76,50.0,197.17,41.0,179.84,31.920000000000016,101.0,101.0,1.3315104204981496,202,0.0,102.0,0.0,165.62,13.0
2025-04-08 12:01:27,162.0,24.0,195.0,24.0,161.0,18.0,198.0,18.0,178.5,33.0,42.0,42.0,1.4663969448592464,84,0.0,-118.0,0.0,165.62,
2025-04-08 12:01:28,162.0,50.0,194.08,48.0,161.0,39.0,195.42,48.0,178.04,32.08000000000001,89.0,96.0,1.7152609130655934,185,-7.0,101.0,-0.04,162.0,2.0
2025-04-08 12:01:29,163.0,14.0,192.2,25.0,162.0,14.0,193.5,24.0,177.6,29.19999999999999,28.0,49.0,1.6918983420668368,77,-21.0,-108.0,-0.27,162.0,
2025-04-08 12:01:30,163.0,14.0,189.7,27.0,162.0,14.0,190.96,24.0,176.35,26.69999999999999,28.0,51.0,1.274550901253307,79,-23.0,2.0,-0.29,162.0,
2025-04-08 12:01:31,163.0,32.0,184.24,63.0,162.0,80.0,185.69,64.0,173.62,21.24000000000001,112.0,127.0,1.9608722548606363,239,-15.0,160.0,-0.06,162.0,
2025-04-08 12:01:32,163.0,26.0,180.32,41.0,162.0,78.0,181.44,50.0,171.66,17.319999999999993,104.0,91.0,2.7319187396184725,195,13.0,-44.0,0.07,162.0,
2025-04-08 12:01:33,162.08,26.0,176.61,33.0,161.13,46.0,177.8,30.0,169.34,14.53,72.0,63.0,3.3693144703149875,135,9.0,-60.0,0.07,162.4,5.0
2025-04-08 12:01:34,161.73,30.0,163.29,14.0,160.77,44.0,172.38,26.0,162.51,1.5600000000000025,74.0,40.0,5.251097980410013,114,34.0,-21.0,0.3,162.25,4.0
2025-04-08 12:01:35,161.0,33.0,162.93,15.0,159.0,32.0,163.78,9.0,161.97,1.9300000000000068,65.0,24.0,5.317767388656501,89,41.0,-25.0,0.46,161.0,1.0
2025-04-08 12:01:36,161.0,24.0,162.79,14.0,159.0,44.0,164.0,11.0,161.89,1.789999999999992,68.0,25.0,4.666929397350293,93,43.0,4.0,0.46,161.67,3.0
2025-04-08 12:01:37,161.0,8.0,162.0,4.0,159.0,16.0,173.6,10.0,161.5,1.0,24.0,14.0,3.316695644741461,38,10.0,-55.0,0.26,161.67,
2025-04-08 12:01:38,159.86,42.0,161.44,18.0,158.75,48.0,177.23,44.0,160.65,1.579999999999984,90.0,62.0,0.690564985966064,152,28.0,114.0,0.18,161.0,2.0
2025-04-08 12:01:39,158.73,22.0,160.73,11.0,145.14,14.0,171.5,16.0,159.73,2.0,36.0,27.0,0.9498526200631486,63,9.0,-89.0,0.14,159.2,5.0
2025-04-08 12:01:40,158.0,16.0,160.38,16.0,118.0,24.0,374.82,11.0,159.19,2.3799999999999955,40.0,27.0,1.1425060174193007,67,13.0,4.0,0.19,159.2,
2025-04-08 12:01:41,135.2,50.0,174.45,22.0,106.65,31.0,394.75,16.0,154.83,39.25,81.0,38.0,2.586909352844703,119,43.0,52.0,0.36,157.8,5.0
2025-04-08 12:01:42,132.51,106.0,152.45,44.0,117.67,46.0,169.21,24.0,142.48,19.94,152.0,68.0,7.548574699890372,220,84.0,101.0,0.38,157.8,
2025-04-08 12:01:48,146.06,68.0,152.26,34.0,82.47,43.0,153.79,43.0,149.16,6.199999999999989,111.0,77.0,3.436637891864521,188,34.0,38.0,0.18,151.88,8.0
2025-04-08 12:01:49,139.29,62.0,151.81,47.0,48.7,66.0,155.15,39.0,145.55,12.52000000000001,128.0,86.0,3.4366378918644656,214,42.0,26.0,0.2,153.0,3.0
2025-04-08 12:01:52,161.11,19.0,231.64,44.0,149.69,35.0,333.73,22.0,196.37,70.52999999999997,54.0,66.0,28.39090047884728,120,-12.0,21.0,-0.1,152.56,9.0
2025-04-08 12:01:53,166.0,30.0,250.0,60.0,161.0,90.0,340.79,19.0,208.0,84.0,120.0,79.0,38.287515328104575,199,41.0,79.0,0.21,152.56,
2025-04-08 12:01:54,166.0,15.0,302.74,23.0,161.0,60.0,386.82,11.0,234.37,136.74,75.0,34.0,48.07991129359424,109,41.0,-90.0,0.38,166.0,1.0
2025-04-08 12:01:55,166.0,10.0,379.84,19.0,161.0,60.0,455.46,13.0,272.92,213.84,70.0,32.0,48.52229827615316,102,38.0,-7.0,0.37,166.0,
2025-04-08 12:01:56,166.0,10.0,304.43,28.0,161.0,60.0,485.15,26.0,235.21,138.43,70.0,54.0,29.58625069183364,124,16.0,22.0,0.13,166.0,
2025-04-08 12:01:57,166.96,28.0,351.2,40.0,164.0,15.0,456.6,40.0,259.08,184.24,43.0,80.0,25.040260182355546,123,-37.0,-1.0,-0.3,166.0,
2025-04-08 12:01:58,167.21,42.0,297.45,44.0,166.0,32.0,443.55,55.0,232.33,130.23999999999998,74.0,99.0,18.243252725324883,173,-25.0,50.0,-0.14,166.0,
2025-04-08 12:01:59,168.0,15.0,401.33,18.0,166.0,20.0,466.17,12.0,284.67,233.33,35.0,30.0,22.949345742310413,65,5.0,-108.0,0.08,166.0,
2025-04-08 12:02:00,168.0,42.0,179.22,46.0,166.0,60.0,374.14,49.0,173.61,11.22,102.0,95.0,41.24093354908501,197,7.0,132.0,0.04,168.0,1.0
2025-04-08 12:02:01,167.6,15.0,178.0,36.0,165.18,33.0,363.0,36.0,172.8,10.400000000000006,48.0,72.0,50.34927079908916,120,-24.0,-77.0,-0.2,166.8,5.0
2025-04-08 12:02:02,166.0,9.0,178.0,36.0,163.0,27.0,338.0,36.0,172.0,12.0,36.0,72.0,50.457249925059976,108,-36.0,-12.0,-0.33,166.8,
2025-04-08 12:02:03,161.09,92.0,178.0,48.0,159.32,76.0,327.32,31.0,169.54,16.909999999999997,168.0,79.0,50.416167347388985,247,89.0,139.0,0.36,163.75,4.0
2025-04-08 12:02:04,161.0,96.0,177.5,48.0,157.0,39.0,251.29,42.0,169.25,16.5,135.0,90.0,1.9543669051301116,225,45.0,-22.0,0.2,161.0,3.0
2025-04-08 12:02:05,161.0,72.0,177.0,36.0,157.0,15.0,295.4,20.0,169.0,16.0,87.0,56.0,1.7516049782600345,143,31.0,-82.0,0.22,161.0,
2025-04-08 12:02:06,161.0,63.0,176.0,36.0,157.0,9.0,177.0,36.0,168.5,15.0,72.0,72.0,1.363752176849962,144,0.0,1.0,0.0,161.0,3.0
2025-04-08 12:02:07,160.39,85.0,172.73,60.0,157.96,27.0,174.07,60.0,166.56,12.340000000000003,112.0,120.0,1.1867181636176851,232,-8.0,88.0,-0.03,161.0,
2025-04-08 12:02:08,159.44,81.0,169.42,48.0,158.86,84.0,171.0,48.0,164.43,9.97999999999999,165.0,96.0,2.037736489308034,261,69.0,29.0,0.26,160.2,5.0
2025-04-08 12:02:09,159.0,129.0,167.71,56.0,157.0,14.0,169.0,56.0,163.36,8.710000000000008,143.0,112.0,2.465441136968053,255,31.0,-6.0,0.12,159.0,1.0
2025-04-08 12:02:10,159.0,108.0,165.0,48.0,157.0,12.0,166.0,48.0,162.0,6.0,120.0,96.0,2.5832924727662308,216,24.0,-39.0,0.11,159.0,
2025-04-08 12:02:11,159.06,69.0,163.31,52.0,158.51,37.0,165.0,52.0,161.18,4.25,106.0,104.0,2.1142563704165074,210,2.0,-6.0,0.01,159.0,2.0
2025-04-08 12:02:12,159.05,37.0,161.38,29.0,157.93,15.0,163.55,31.0,160.22,2.329999999999984,52.0,60.0,1.6816717871937632,112,-8.0,-98.0,-0.07,159.56,9.0
2025-04-08 12:02:14,127.2,40.0,155.73,37.0,109.35,68.0,165.43,49.0,141.46,28.529999999999987,108.0,86.0,12.253655781023769,194,22.0,3.0,0.11,155.25,4.0
2025-04-08 12:02:15,128.86,28.0,156.0,50.0,62.58,38.0,273.0,20.0,142.43,27.139999999999983,66.0,70.0,11.475956169304885,136,-4.0,-58.0,-0.03,156.0,2.0
2025-04-08 12:02:16,130.07,15.0,155.76,21.0,98.08,24.0,177.14,28.0,142.91,25.69,39.0,49.0,9.025246257016867,88,-10.0,-48.0,-0.11,156.0,
2025-04-08 12:02:18,133.45,11.0,153.0,8.0,132.77,13.0,155.0,32.0,143.23,19.55000000000001,24.0,40.0,0.7267048918168572,64,-16.0,-19.0,-0.25,156.0,
2025-04-08 12:02:19,148.48,23.0,175.5,26.0,135.15,20.0,185.1,42.0,161.99,27.02000000000001,43.0,68.0,8.682193271276663,111,-25.0,47.0,-0.23,155.22,9.0
2025-04-08 12:02:20,165.0,20.0,334.0,4.0,159.0,4.0,455.0,8.0,249.5,169.0,24.0,12.0,46.37930033969746,36,12.0,-75.0,0.33,155.22,
2025-04-08 12:02:21,159.0,3.0,297.2,5.0,158.0,6.0,394.5,4.0,228.1,138.2,9.0,9.0,50.3791392344084,18,0.0,-18.0,0.0,165.0,5.0
2025-04-08 12:02:22,165.36,11.0,288.0,12.0,158.96,55.0,412.88,8.0,226.68,122.64,66.0,20.0,46.37139581681746,86,46.0,68.0,0.53,165.0,
2025-04-08 12:02:23,166.0,10.0,454.14,7.0,159.0,65.0,536.75,8.0,310.07,288.14,75.0,15.0,53.13353056216055,90,60.0,4.0,0.67,165.0,
2025-04-08 12:02:24,166.0,14.0,410.57,14.0,159.19,64.0,496.27,11.0,288.29,244.57,78.0,25.0,37.22907962870049,103,53.0,13.0,0.51,165.0,
2025-04-08 12:02:25,166.0,18.0,344.14,14.0,163.0,9.0,407.0,23.0,255.07,178.14,27.0,37.0,36.89846026598027,64,-10.0,-39.0,-0.16,165.0,
2025-04-08 12:02:26,166.0,18.0,266.81,31.0,164.58,19.0,267.6,15.0,216.4,100.81,37.0,46.0,39.81325244187063,83,-9.0,19.0,-0.11,165.0,
2025-04-08 12:02:27,166.36,22.0,238.31,64.0,165.43,37.0,244.86,36.0,202.34,71.94999999999999,59.0,100.0,45.83221498029637,159,-41.0,76.0,-0.26,165.8,5.0
2025-04-08 12:02:28,159.3,74.0,170.03,33.0,158.93,30.0,170.74,39.0,164.66,10.72999999999999,104.0,72.0,47.795294433657546,176,32.0,17.0,0.18,161.0,5.0
2025-04-08 12:02:29,159.12,64.0,167.47,30.0,158.77,52.0,169.33,30.0,163.3,8.349999999999994,116.0,60.0,38.41327739206771,176,56.0,0.0,0.32,161.0,
2025-04-08 12:02:30,161.0,9.0,164.59,17.0,159.0,90.0,165.13,15.0,162.79,3.5900000000000034,99.0,32.0,25.575443691163688,131,67.0,-45.0,0.51,163.0,1.0
2025-04-08 12:02:31,161.5,8.0,163.86,7.0,159.03,61.0,167.96,25.0,162.68,2.3600000000000136,69.0,32.0,17.451283047382258,101,37.0,-30.0,0.37,163.0,2.0
2025-04-08 12:02:32,161.0,6.0,162.5,10.0,159.0,60.0,163.83,6.0,161.75,1.5,66.0,16.0,1.0663160881401947,82,50.0,-19.0,0.61,163.0,
2025-04-08 12:02:33,159.0,70.0,161.2,50.0,158.0,20.0,163.4,10.0,160.1,2.1999999999999886,90.0,60.0,1.2621529225192236,150,30.0,68.0,0.2,159.5,4.0
2025-04-08 12:02:34,159.0,64.0,163.18,51.0,158.0,22.0,178.94,16.0,161.09,4.180000000000007,86.0,67.0,1.1271069158790767,153,19.0,3.0,0.12,159.0,6.0
2025-04-08 12:02:35,161.28,40.0,186.27,22.0,158.55,22.0,440.0,16.0,173.77,24.99000000000001,62.0,38.0,5.609400146167973,100,24.0,-53.0,0.24,159.0,
2025-04-08 12:02:36,166.0,128.0,185.23,35.0,159.0,136.0,199.75,40.0,175.61,19.22999999999999,264.0,75.0,7.560243382314977,339,189.0,168.0,0.56,166.0,3.0
2025-04-08 12:02:37,166.0,70.0,184.14,21.0,159.0,84.0,186.0,28.0,175.07,18.139999999999983,154.0,49.0,7.826015589036713,203,105.0,-136.0,0.52,166.0,
2025-04-08 12:02:38,166.0,110.0,180.56,39.0,159.0,127.0,181.84,38.0,173.28,14.560000000000002,237.0,77.0,6.04106613106112,314,160.0,111.0,0.51,166.0,
2025-04-08 12:02:39,166.02,82.0,175.21,34.0,162.28,50.0,176.6,30.0,170.62,9.189999999999998,132.0,64.0,1.9486020629825151,196,68.0,-118.0,0.35,166.0,
2025-04-08 12:02:40,166.63,30.0,172.05,42.0,165.95,102.0,173.29,42.0,169.34,5.420000000000016,132.0,84.0,2.7387095501087675,216,48.0,20.0,0.22,168.0,1.0
2025-04-08 12:02:41,166.0,80.0,169.37,41.0,164.0,12.0,170.43,40.0,167.68,3.3700000000000045,92.0,81.0,2.978660772872941,173,11.0,-43.0,0.06,166.0,5.0
2025-04-08 12:02:42,166.0,27.0,167.17,18.0,164.0,6.0,168.21,19.0,166.58,1.1699999999999875,33.0,37.0,2.6175943153679824,70,-4.0,-103.0,-0.06,166.0,3.0
2025-04-08 12:02:43,164.83,12.0,167.24,29.0,161.81,21.0,246.66,32.0,166.04,2.4099999999999966,33.0,61.0,1.91094740896822,94,-28.0,24.0,-0.3,165.33,3.0
2025-04-08 12:02:44,163.0,10.0,168.0,19.0,161.0,74.0,298.45,31.0,165.5,5.0,84.0,50.0,1.5233253099187969,134,34.0,40.0,0.25,165.33,
2025-04-08 12:02:45,161.15,39.0,165.88,17.0,159.72,75.0,167.5,16.0,163.52,4.72999999999999,114.0,33.0,1.5385317675743904,147,81.0,13.0,0.55,163.0,1.0
2025-04-08 12:02:46,161.0,108.0,164.4,43.0,159.0,144.0,288.9,40.0,162.7,3.4000000000000057,252.0,83.0,1.67490895269936,335,169.0,168.0,0.5,163.0,1.0
2025-04-08 12:02:47,160.26,97.0,364.0,37.0,158.93,129.0,359.51,49.0,262.13,203.74,226.0,86.0,43.70991443597084,312,140.0,-23.0,0.45,161.0,9.0
2025-04-08 12:02:49,162.0,27.0,314.07,27.0,159.0,108.0,402.78,36.0,238.04,152.07,135.0,63.0,81.54018193504389,198,72.0,2.0,0.36,161.0,
2025-04-08 12:02:50,162.0,27.0,205.4,30.0,159.0,108.0,207.52,33.0,183.7,43.400000000000006,135.0,63.0,77.37399970274298,198,72.0,0.0,0.36,161.0,
2025-04-08 12:02:51,164.67,24.0,204.62,40.0,159.35,43.0,206.0,16.0,184.65,39.95000000000002,67.0,56.0,72.25701301603938,123,11.0,-75.0,0.09,162.0,2.0
2025-04-08 12:02:52,166.0,56.0,201.22,55.0,162.0,14.0,203.16,43.0,183.61,35.22,70.0,98.0,76.20053182229134,168,-28.0,45.0,-0.17,162.0,
2025-04-08 12:02:53,166.0,20.0,200.0,10.0,162.0,5.0,201.0,25.0,183.0,34.0,25.0,35.0,24.290873800666933,60,-10.0,-108.0,-0.17,162.0,
2025-04-08 12:02:54,166.2,15.0,199.33,12.0,165.2,15.0,201.0,30.0,182.77,33.130000000000024,30.0,42.0,0.7326185910100865,72,-12.0,12.0,-0.17,162.0,
2025-04-08 12:02:55,166.12,32.0,198.64,22.0,164.78,23.0,201.0,55.0,182.38,32.51999999999998,55.0,77.0,0.8851948937340252,132,-22.0,60.0,-0.17,167.0,1.0
2025-04-08 12:02:56,166.0,52.0,194.5,32.0,162.0,13.0,200.53,59.0,180.25,28.5,65.0,91.0,1.2829536234369792,156,-26.0,24.0,-0.17,167.0,
2025-04-08 12:02:57,164.67,18.0,193.0,45.0,161.11,27.0,194.0,18.0,178.83,28.330000000000013,45.0,63.0,1.8244259370791425,108,-18.0,-48.0,-0.17,166.0,4.0
2025-04-08 12:02:58,161.43,42.0,191.7,40.0,160.26,61.0,191.84,43.0,176.56,30.269999999999985,103.0,83.0,2.5728136348914097,186,20.0,78.0,0.11,164.0,3.0
2025-04-08 12:02:59,161.0,36.0,188.1,20.0,160.0,45.0,189.06,34.0,174.55,27.099999999999994,81.0,54.0,3.0655717247975183,135,27.0,-51.0,0.2,164.0,
2025-04-08 12:03:00,161.0,13.0,182.52,31.0,160.0,50.0,183.86,42.0,171.76,21.52000000000001,63.0,73.0,3.380258865807689,136,-10.0,1.0,-0.07,161.0,3.0
2025-04-08 12:03:01,162.7,23.0,179.7,43.0,160.15,47.0,181.36,66.0,171.2,17.0,70.0,109.0,3.215610361947775,179,-39.0,43.0,-0.22,161.0,
2025-04-08 12:03:02,160.14,29.0,176.51,45.0,159.08,13.0,177.59,44.0,168.32,16.370000000000005,42.0,89.0,3.1778011265432218,131,-47.0,-48.0,-0.36,160.75,4.0
2025-04-08 12:03:03,159.74,31.0,172.93,44.0,157.89,46.0,173.79,28.0,166.34,13.189999999999998,77.0,72.0,3.182621560891743,149,5.0,18.0,0.03,159.5,4.0
2025-04-08 12:03:04,158.0,44.0,167.81,37.0,157.0,55.0,169.6,30.0,162.91,9.810000000000002,99.0,67.0,3.643059154041517,166,32.0,17.0,0.19,159.5,
2025-04-08 12:03:05,158.0,38.0,164.91,44.0,157.0,45.0,168.52,42.0,161.45,6.909999999999997,83.0,86.0,3.9616574813882193,169,-3.0,3.0,-0.02,159.5,
2025-04-08 12:03:06,157.86,74.0,161.36,66.0,153.38,74.0,162.88,49.0,159.61,3.5,148.0,115.0,3.561085508638042,263,33.0,94.0,0.13,158.0,4.0
2025-04-08 12:03:07,157.0,52.0,158.5,22.0,96.04,27.0,160.78,46.0,157.75,1.5,79.0,68.0,3.2782647848862205,147,11.0,-116.0,0.07,158.33,6.0
2025-04-08 12:03:10,130.11,9.0,223.24,21.0,98.2,10.0,358.36,25.0,176.67,93.13,19.0,46.0,22.44696371449345,65,-27.0,-60.0,-0.42,154.0,1.0
2025-04-08 12:03:11,141.93,105.0,295.25,28.0,124.0,14.0,367.57,28.0,218.59,153.32,119.0,56.0,38.69909818070472,175,63.0,110.0,0.36,154.0,
2025-04-08 12:03:12,147.02,214.0,154.07,42.0,145.2,50.0,156.78,27.0,150.55,7.049999999999983,264.0,69.0,38.99702809189207,333,195.0,158.0,0.59,154.0,2.0
2025-04-08 12:03:13,151.0,112.0,153.0,32.0,141.0,8.0,155.0,8.0,152.0,2.0,120.0,40.0,36.51687664628277,160,80.0,-168.0,0.5,153.0,1.0
2025-04-08 12:03:14,151.0,112.0,153.0,24.0,130.0,16.0,155.0,8.0,152.0,2.0,128.0,32.0,29.29066523655364,160,96.0,0.0,0.6,153.0,
2025-04-08 12:03:15,153.0,168.0,459.9,29.0,138.89,54.0,603.8,45.0,306.45,306.9,222.0,74.0,68.27733789479447,296,148.0,136.0,0.5,154.57,7.0
2025-04-08 12:03:16,154.33,84.0,179.0,24.0,131.25,8.0,341.62,26.0,166.67,24.669999999999987,92.0,50.0,67.9144095903064,142,42.0,-154.0,0.3,154.57,
2025-04-08 12:03:17,165.0,7.0,179.0,28.0,157.77,26.0,317.0,28.0,172.0,14.0,33.0,56.0,65.79653585106071,89,-23.0,-53.0,-0.26,154.57,
2025-04-08 12:03:18,165.0,8.0,243.0,28.0,161.0,16.0,404.45,38.0,204.0,78.0,24.0,66.0,62.34228204036127,90,-42.0,1.0,-0.47,154.57,
2025-04-08 12:03:19,165.0,7.0,186.0,14.0,161.23,13.0,188.0,28.0,175.5,21.0,20.0,42.0,58.5694299955187,62,-22.0,-28.0,-0.35,154.57,
2025-04-08 12:03:20,165.0,6.0,187.6,20.0,164.0,6.0,215.33,12.0,176.3,22.599999999999994,12.0,32.0,14.538850711107823,44,-20.0,-18.0,-0.45,154.57,
2025-04-08 12:03:21,164.0,8.0,188.0,32.0,161.55,22.0,270.0,8.0,176.0,24.0,30.0,40.0,13.105838393627726,70,-10.0,26.0,-0.14,165.0,1.0
2025-04-08 12:03:22,163.06,17.0,188.0,52.0,161.82,44.0,270.79,14.0,175.53,24.94,61.0,66.0,12.601340404889037,127,-5.0,57.0,-0.04,162.67,3.0
2025-04-08 12:03:23,162.67,24.0,189.12,32.0,161.5,16.0,380.77,13.0,175.9,26.450000000000017,40.0,45.0,0.3362736978567284,85,-5.0,-42.0,-0.06,162.67,
2025-04-08 12:03:24,163.0,32.0,293.62,32.0,162.0,66.0,431.5,20.0,228.31,130.62,98.0,52.0,23.425545244452813,150,46.0,65.0,0.31,163.0,1.0
2025-04-08 12:03:25,163.0,13.0,276.4,50.0,162.0,110.0,310.88,17.0,219.7,113.39999999999998,123.0,67.0,26.57300453467645,190,56.0,40.0,0.29,163.0,2.0
2025-04-08 12:03:26,164.43,14.0,275.25,64.0,162.0,140.0,294.82,22.0,219.84,110.82,154.0,86.0,25.924982738662823,240,68.0,50.0,0.28,163.0,
2025-04-08 12:03:27,165.0,64.0,259.04,46.0,162.0,154.0,271.54,69.0,212.02,94.04000000000002,218.0,115.0,20.53292185734876,333,103.0,93.0,0.31,163.0,
2025-04-08 12:03:28,165.0,44.0,250.94,53.0,162.0,143.0,253.09,44.0,207.97,85.94,187.0,97.0,7.874005969010461,284,90.0,-49.0,0.32,163.0,
2025-04-08 12:03:29,165.07,30.0,247.14,42.0,162.19,97.0,248.31,39.0,206.1,82.07,127.0,81.0,6.431708948638564,208,46.0,-76.0,0.22,163.0,
2025-04-08 12:03:30,164.76,29.0,244.5,72.0,164.84,50.0,246.2,81.0,204.63,79.74000000000001,79.0,153.0,6.103504730889234,232,-74.0,24.0,-0.32,165.5,4.0
2025-04-08 12:03:31,162.0,188.0,241.89,76.0,161.0,32.0,243.0,68.0,201.95,79.88999999999999,220.0,144.0,3.77441783590202,364,76.0,132.0,0.21,162.0,2.0
2025-04-08 12:03:32,162.45,62.0,241.0,48.0,161.89,87.0,242.0,60.0,201.73,78.55000000000001,149.0,108.0,2.682830594720501,257,41.0,-107.0,0.16,163.0,4.0
2025-04-08 12:03:33,162.0,99.0,240.16,62.0,161.0,30.0,241.78,73.0,201.08,78.16,129.0,135.0,2.1575842973018946,264,-6.0,7.0,-0.02,162.0,3.0
2025-04-08 12:03:34,162.0,40.0,237.95,37.0,161.0,16.0,239.14,35.0,199.97,75.94999999999999,56.0,72.0,1.723200510666008,128,-16.0,-136.0,-0.12,162.0,
2025-04-08 12:03:35,162.0,40.0,234.86,37.0,161.0,16.0,236.23,35.0,198.43,72.86000000000001,56.0,72.0,1.451764443687536,128,-16.0,0.0,-0.12,162.0,
2025-04-08 12:03:36,162.0,35.0,231.33,30.0,161.0,14.0,232.48,33.0,196.67,69.33000000000001,49.0,63.0,2.050312171341675,112,-14.0,-16.0,-0.12,162.0,
2025-04-08 12:03:37,162.0,50.0,228.0,50.0,161.0,20.0,231.0,40.0,195.0,66.0,70.0,90.0,2.452376398505583,160,-20.0,48.0,-0.12,162.0,
2025-04-08 12:03:38,162.0,45.0,225.53,40.0,161.0,18.0,227.39,41.0,193.76,63.53,63.0,81.0,2.509906372744245,144,-18.0,-16.0,-0.12,162.0,
2025-04-08 12:03:39,162.0,50.0,221.0,46.0,161.0,20.0,222.55,44.0,191.5,59.0,70.0,90.0,2.660614590641854,160,-20.0,16.0,-0.12,162.0,
2025-04-08 12:03:40,163.6,125.0,199.83,46.0,161.64,55.0,201.77,97.0,181.71,36.23000000000002,180.0,143.0,5.909117531402184,323,37.0,163.0,0.11,162.0,1.0
2025-04-08 12:03:41,166.88,64.0,198.0,16.0,162.0,32.0,200.0,40.0,182.44,31.120000000000005,96.0,56.0,6.34459770197566,152,40.0,-168.0,0.26,162.0,
2025-04-08 12:03:42,167.0,98.0,194.69,29.0,162.0,52.0,196.18,56.0,180.84,27.69,150.0,85.0,6.086016759745654,235,65.0,83.0,0.28,167.0,1.0
2025-04-08 12:03:43,167.0,63.0,191.62,32.0,163.82,44.0,194.11,35.0,179.31,24.620000000000005,107.0,67.0,4.805762166388908,174,40.0,-61.0,0.23,167.0,
2025-04-08 12:03:44,167.0,74.0,187.63,52.0,164.0,55.0,188.98,47.0,177.32,20.629999999999995,129.0,99.0,2.044316511669636,228,30.0,54.0,0.13,167.0,3.0
2025-04-08 12:03:45,166.81,64.0,181.87,53.0,163.9,79.0,182.89,53.0,174.34,15.060000000000002,143.0,106.0,3.152015228370552,249,37.0,21.0,0.15,166.4,5.0
2025-04-08 12:03:46,163.08,52.0,173.08,50.0,161.54,39.0,174.29,45.0,168.08,10.0,91.0,95.0,5.039932539218122,186,-4.0,-63.0,-0.02,163.6,5.0
2025-04-08 12:03:47,161.72,36.0,168.2,35.0,160.32,19.0,169.12,65.0,164.96,6.47999999999999,55.0,100.0,6.101763679450254,155,-45.0,-31.0,-0.29,161.75,4.0
2025-04-08 12:03:48,161.0,22.0,163.85,39.0,160.0,23.0,164.88,34.0,162.42,2.8499999999999943,45.0,73.0,6.2710350022820265,118,-28.0,-37.0,-0.24,162.0,2.0
2025-04-08 12:03:49,161.0,18.0,164.56,36.0,160.0,45.0,200.73,22.0,162.78,3.5600000000000023,63.0,58.0,4.919784548111436,121,5.0,3.0,0.04,162.67,6.0
2025-04-08 12:03:50,161.0,14.0,166.0,35.0,160.0,35.0,461.4,20.0,163.5,5.0,49.0,55.0,2.3020251953070097,104,-6.0,-17.0,-0.06,162.67,
2025-04-08 12:03:51,161.0,14.0,165.14,35.0,160.0,35.0,471.0,17.0,163.07,4.139999999999986,49.0,52.0,0.9852309373058938,101,-3.0,-3.0,-0.03,162.67,
2025-04-08 12:03:52,160.25,40.0,162.44,52.0,158.91,55.0,237.35,37.0,161.35,2.1899999999999977,95.0,89.0,0.8147576325644467,184,6.0,83.0,0.03,161.0,2.0
2025-04-08 12:03:53,162.12,33.0,275.48,29.0,158.15,41.0,352.68,41.0,218.8,113.36,74.0,70.0,25.11282441303373,144,4.0,-40.0,0.03,160.29,7.0
2025-04-08 12:03:54,161.65,46.0,293.34,47.0,158.0,35.0,401.13,47.0,227.5,131.68999999999997,81.0,94.0,33.29484089164431,175,-13.0,31.0,-0.07,166.0,7.0
2025-04-08 12:03:55,158.73,30.0,430.4,50.0,143.0,24.0,721.57,44.0,294.57,271.67,54.0,94.0,54.90506688822085,148,-40.0,-27.0,-0.27,158.86,7.0
2025-04-08 12:03:56,164.0,30.0,367.06,34.0,157.0,20.0,413.95,44.0,265.53,203.06,50.0,78.0,50.53010439332259,128,-28.0,-20.0,-0.22,158.86,
2025-04-08 12:03:57,165.0,33.0,247.7,23.0,164.0,33.0,267.89,37.0,206.35,82.69999999999999,66.0,60.0,36.52110964907983,126,6.0,-2.0,0.05,165.0,2.0
2025-04-08 12:03:58,164.67,9.0,206.11,27.0,162.25,24.0,220.24,17.0,185.39,41.440000000000026,33.0,44.0,44.20159295772142,77,-11.0,-49.0,-0.14,164.33,3.0
2025-04-08 12:03:59,164.0,8.0,206.0,24.0,162.0,16.0,252.0,8.0,185.0,42.0,24.0,32.0,49.92845701601499,56,-8.0,-21.0,-0.14,164.33,
2025-04-08 12:04:00,164.0,14.0,203.86,42.0,162.0,28.0,252.0,14.0,183.93,39.860000000000014,42.0,56.0,34.97825181452004,98,-14.0,42.0,-0.14,164.33,
2025-04-08 12:04:01,164.0,10.0,200.36,14.0,162.0,20.0,202.77,26.0,182.18,36.360000000000014,30.0,40.0,10.016828340343793,70,-10.0,-28.0,-0.14,164.33,
2025-04-08 12:04:02,158.86,56.0,198.25,36.0,160.95,38.0,200.0,12.0,178.55,39.38999999999999,94.0,48.0,2.786189153645959,142,46.0,72.0,0.32,162.4,5.0
2025-04-08 12:04:03,158.0,90.0,196.1,30.0,157.0,20.0,200.0,10.0,177.05,38.1,110.0,40.0,3.427735404007765,150,70.0,8.0,0.47,158.0,5.0
2025-04-08 12:04:04,158.0,56.0,195.5,12.0,157.0,61.0,196.4,20.0,176.75,37.5,117.0,32.0,3.2050928223504256,149,85.0,-1.0,0.57,158.0,
2025-04-08 12:04:05,158.05,76.0,193.1,62.0,157.37,38.0,194.29,24.0,175.57,35.04999999999998,114.0,86.0,2.556501515719497,200,28.0,51.0,0.14,158.67,3.0
2025-04-08 12:04:06,158.0,45.0,188.56,25.0,157.0,18.0,190.07,15.0,173.28,30.56,63.0,40.0,1.9661383470828155,103,23.0,-97.0,0.22,158.67,
2025-04-08 12:04:07,158.0,60.0,184.64,42.0,134.56,39.0,185.62,42.0,171.32,26.639999999999983,99.0,84.0,2.443282627913557,183,15.0,80.0,0.08,158.67,
2025-04-08 12:04:08,158.0,37.0,179.96,23.0,145.92,79.0,182.86,29.0,168.98,21.960000000000008,116.0,52.0,3.145099362477785,168,64.0,-15.0,0.38,158.0,2.0
2025-04-08 12:04:09,158.09,34.0,176.65,23.0,157.03,102.0,178.25,28.0,167.37,18.56,136.0,51.0,3.277991763237228,187,85.0,19.0,0.45,158.0,
2025-04-08 12:04:10,161.0,11.0,172.13,23.0,158.0,33.0,173.42,24.0,166.57,11.129999999999995,44.0,47.0,2.7835642618492598,91,-3.0,-96.0,-0.03,158.0,
2025-04-08 12:04:11,163.52,21.0,167.21,47.0,157.32,53.0,169.47,34.0,165.37,3.6899999999999977,74.0,81.0,2.30819626545025,155,-7.0,64.0,-0.05,160.75,4.0
2025-04-08 12:04:12,164.0,46.0,165.28,32.0,160.8,30.0,172.83,35.0,164.64,1.2800000000000011,76.0,67.0,1.7037986969807972,143,9.0,-12.0,0.06,164.0,2.0
2025-04-08 12:04:13,162.36,50.0,164.97,40.0,160.62,32.0,302.29,42.0,163.67,2.609999999999985,82.0,82.0,1.4785398201703828,164,0.0,21.0,0.0,162.86,7.0
2025-04-08 12:04:14,162.0,24.0,338.6,20.0,159.0,12.0,165.0,6.0,250.3,176.60000000000002,36.0,26.0,38.13407203538447,62,10.0,-102.0,0.16,164.75,4.0
2025-04-08 12:04:15,162.0,15.0,358.0,15.0,160.0,15.0,590.0,4.0,260.0,196.0,30.0,19.0,49.74021843538649,49,11.0,-13.0,0.22,161.5,4.0
2025-04-08 12:04:16,160.0,16.0,428.4,15.0,159.0,32.0,0.0,0.0,294.2,268.4,48.0,15.0,59.25839451082063,63,33.0,14.0,0.52,161.5,
2025-04-08 12:04:17,159.91,22.0,287.95,38.0,158.98,41.0,360.5,16.0,223.93,128.04,63.0,54.0,48.77438313295309,117,9.0,54.0,0.08,159.5,4.0
2025-04-08 12:04:18,159.22,18.0,239.44,36.0,158.2,10.0,397.69,26.0,199.33,80.22,28.0,62.0,36.06210018842669,90,-34.0,-27.0,-0.38,159.5,
2025-04-08 12:04:19,161.0,12.0,287.0,24.0,159.0,12.0,510.14,14.0,224.0,126.0,24.0,38.0,37.09955350135775,62,-14.0,-28.0,-0.23,159.5,
2025-04-08 12:04:20,159.57,14.0,285.89,36.0,157.32,44.0,453.0,18.0,222.73,126.32,58.0,54.0,35.87379085070435,112,4.0,50.0,0.04,159.0,2.0
2025-04-08 12:04:21,158.89,9.0,284.0,24.0,157.1,30.0,453.0,12.0,221.44,125.11,39.0,36.0,10.64813739580908,75,3.0,-37.0,0.04,159.0,
2025-04-08 12:04:22,160.0,14.0,283.14,28.0,158.0,7.0,453.0,14.0,221.57,123.14,21.0,42.0,10.384451357680192,63,-21.0,-12.0,-0.33,159.0,
2025-04-08 12:04:23,160.0,18.0,269.22,36.0,157.27,49.0,333.0,30.0,214.61,109.22000000000004,67.0,66.0,3.648938201728936,133,1.0,70.0,0.01,159.0,
2025-04-08 12:04:24,160.14,14.0,283.0,28.0,158.0,27.0,588.71,14.0,221.57,122.86,41.0,42.0,3.269981651330031,83,-1.0,-50.0,-0.01,159.0,
2025-04-08 12:04:25,157.68,40.0,281.33,36.0,144.59,79.0,634.27,22.0,219.5,123.64999999999998,119.0,58.0,2.998427921433624,177,61.0,94.0,0.34,158.22,9.0
2025-04-08 12:04:26,158.0,28.0,280.0,28.0,157.0,35.0,583.29,28.0,219.0,122.0,63.0,56.0,2.846901824796737,119,7.0,-58.0,0.06,158.22,
2025-04-08 12:04:27,164.55,22.0,279.2,40.0,158.3,37.0,439.98,41.0,221.87,114.64999999999998,59.0,81.0,2.9104724702410816,140,-22.0,21.0,-0.16,158.22,
2025-04-08 12:04:28,166.0,20.0,277.6,40.0,162.0,20.0,355.04,48.0,221.8,111.60000000000002,40.0,88.0,1.383318473828951,128,-48.0,-12.0,-0.38,158.22,
2025-04-08 12:04:29,166.0,8.0,276.25,16.0,158.57,14.0,541.0,20.0,221.12,110.25,22.0,36.0,1.3300827042090804,58,-14.0,-70.0,-0.24,158.22,
2025-04-08 12:04:30,164.86,14.0,275.0,28.0,160.14,22.0,454.81,31.0,219.93,110.14,36.0,59.0,1.2478501512747602,95,-23.0,37.0,-0.24,164.67,3.0
2025-04-08 12:04:31,160.82,22.0,217.26,46.0,153.36,50.0,265.81,43.0,189.04,56.44,72.0,89.0,14.394532642639527,161,-17.0,66.0,-0.11,159.0,5.0
2025-04-08 12:04:32,159.59,85.0,223.79,39.0,157.53,17.0,306.1,21.0,191.69,64.19999999999999,102.0,60.0,16.7916178493912,162,42.0,1.0,0.26,159.0,
2025-04-08 12:04:33,160.2,90.0,227.2,10.0,158.0,10.0,228.5,16.0,193.7,67.0,100.0,26.0,16.001569610509243,126,74.0,-36.0,0.59,159.0,
2025-04-08 12:04:34,161.0,45.0,223.62,13.0,158.0,5.0,225.4,5.0,192.31,62.620000000000005,50.0,18.0,12.744321480563492,68,32.0,-58.0,0.47,159.0,
2025-04-08 12:04:35,161.0,54.0,222.86,14.0,158.8,15.0,223.8,10.0,191.93,61.860000000000014,69.0,24.0,1.6952079518252714,93,45.0,25.0,0.48,159.0,
2025-04-08 12:04:36,162.48,103.0,221.0,12.0,159.0,48.0,223.0,36.0,191.74,58.52000000000001,151.0,48.0,0.8335646345266576,199,103.0,106.0,0.52,163.0,5.0
2025-04-08 12:04:37,163.08,24.0,220.4,15.0,159.0,36.0,222.71,21.0,191.74,57.31999999999999,60.0,36.0,0.8250636338692857,96,24.0,-103.0,0.25,163.0,2.0
2025-04-08 12:04:38,164.0,18.0,207.82,22.0,159.0,36.0,220.09,23.0,185.91,43.81999999999999,54.0,45.0,2.7022638657111293,99,9.0,3.0,0.09,163.0,
2025-04-08 12:04:39,164.0,20.0,216.33,18.0,159.12,34.0,217.0,14.0,190.17,52.33000000000001,54.0,32.0,2.5540693020994034,86,22.0,-13.0,0.26,163.0,
2025-04-08 12:04:40,165.0,18.0,185.88,33.0,161.0,9.0,214.11,9.0,175.44,20.879999999999995,27.0,42.0,6.88850128837288,69,-15.0,-17.0,-0.22,163.0,
2025-04-08 12:04:41,159.8,30.0,181.45,20.0,158.5,12.0,183.04,26.0,170.62,21.649999999999977,42.0,46.0,9.306338162773793,88,-4.0,19.0,-0.05,162.5,4.0
2025-04-08 12:04:42,162.0,36.0,176.45,11.0,159.0,27.0,177.28,25.0,169.23,14.449999999999989,63.0,36.0,9.330494627825685,99,27.0,11.0,0.27,162.5,
2025-04-08 12:04:43,162.0,38.0,173.94,17.0,159.0,33.0,176.04,27.0,167.97,11.939999999999998,71.0,44.0,9.106696986277251,115,27.0,16.0,0.23,162.0,1.0
2025-04-08 12:04:44,161.86,28.0,170.68,22.0,158.9,41.0,171.19,16.0,166.27,8.819999999999993,69.0,38.0,3.4842689333423182,107,31.0,-8.0,0.29,160.5,6.0
2025-04-08 12:04:45,158.28,36.0,166.15,33.0,155.8,30.0,169.2,15.0,162.21,7.870000000000003,66.0,48.0,3.246428807142547,114,18.0,7.0,0.16,158.5,2.0
2025-04-08 12:04:46,160.0,46.0,164.34,35.0,157.0,22.0,165.26,47.0,162.17,4.340000000000003,68.0,82.0,3.259417125781679,150,-14.0,36.0,-0.09,158.5,
2025-04-08 12:04:47,159.94,33.0,162.63,27.0,157.29,14.0,164.26,19.0,161.28,2.6899999999999977,47.0,46.0,2.952253376631676,93,1.0,-57.0,0.01,161.56,9.0
2025-04-08 12:04:48,158.0,10.0,160.67,18.0,157.0,20.0,162.2,15.0,159.33,2.6699999999999875,30.0,33.0,2.531584484038956,63,-3.0,-30.0,-0.05,161.56,
2025-04-08 12:04:49,148.57,7.0,159.44,9.0,114.55,11.0,160.2,10.0,154.01,10.870000000000005,18.0,19.0,3.440944637714732,37,-1.0,-26.0,-0.03,157.33,3.0
2025-04-08 12:04:50,146.5,8.0,217.2,10.0,134.25,8.0,247.18,17.0,181.85,70.69999999999999,16.0,27.0,10.613775011739795,43,-11.0,6.0,-0.26,159.67,3.0
2025-04-08 12:04:51,166.0,7.0,223.0,7.0,161.0,7.0,352.18,17.0,194.5,57.0,14.0,24.0,17.219550807145225,38,-10.0,-5.0,-0.26,159.67,
2025-04-08 12:04:52,166.0,6.0,223.0,6.0,161.0,6.0,785.0,18.0,194.5,57.0,12.0,24.0,19.213668832367237,36,-12.0,-2.0,-0.33,159.67,
2025-04-08 12:04:53,162.57,21.0,204.4,20.0,161.5,20.0,531.57,28.0,183.49,41.83000000000001,41.0,48.0,16.56531164813683,89,-7.0,53.0,-0.08,163.0,4.0
2025-04-08 12:04:54,162.0,18.0,220.88,16.0,161.0,9.0,221.91,11.0,191.44,58.88,27.0,27.0,6.078949744809961,54,0.0,-35.0,0.0,163.0,
2025-04-08 12:04:55,160.4,20.0,217.87,15.0,158.16,38.0,219.53,15.0,189.13,57.47,58.0,30.0,4.578151373636572,88,28.0,34.0,0.32,161.67,3.0
2025-04-08 12:04:56,158.31,39.0,215.2,20.0,155.79,38.0,218.0,10.0,186.75,56.88999999999999,77.0,30.0,4.231544635227751,107,47.0,19.0,0.44,158.8,5.0
2025-04-08 12:04:57,161.08,13.0,213.77,26.0,157.62,16.0,218.0,13.0,187.42,52.69,29.0,39.0,2.9463078589854748,68,-10.0,-39.0,-0.15,158.8,
2025-04-08 12:04:58,137.84,19.0,211.76,17.0,138.57,35.0,215.23,13.0,174.8,73.91999999999999,54.0,30.0,6.468521469386431,84,24.0,16.0,0.29,162.2,5.0
2025-04-08 12:04:59,165.0,10.0,210.0,5.0,100.0,40.0,212.0,10.0,187.5,45.0,50.0,15.0,5.83510496905671,65,35.0,-19.0,0.54,162.2,
2025-04-08 12:05:07,164.0,18.0,365.25,20.0,158.0,30.0,387.69,26.0,264.62,201.25,48.0,46.0,67.29278215380796,94,2.0,12.0,0.02,162.2,
2025-04-08 12:05:08,164.0,27.0,362.24,38.0,158.0,45.0,388.27,33.0,263.12,198.24,72.0,71.0,69.31676831762975,143,1.0,49.0,0.01,162.2,
2025-04-08 12:05:09,164.0,21.0,257.33,30.0,158.0,35.0,282.73,33.0,210.67,93.32999999999998,56.0,63.0,58.28104640447024,119,-7.0,-24.0,-0.06,162.2,
2025-04-08 12:05:10,164.15,27.0,225.86,44.0,158.41,59.0,248.18,56.0,195.01,61.71000000000001,86.0,100.0,31.52104582655951,186,-14.0,67.0,-0.08,164.0,1.0
2025-04-08 12:05:11,166.0,10.0,176.0,47.0,164.0,20.0,176.85,40.0,171.0,10.0,30.0,87.0,41.71007228476151,117,-57.0,-69.0,-0.49,164.0,
2025-04-08 12:05:12,160.48,25.0,174.0,65.0,158.42,57.0,175.0,65.0,167.24,13.52000000000001,82.0,130.0,38.81748536420103,212,-48.0,95.0,-0.23,163.0,4.0
2025-04-08 12:05:13,162.0,48.0,173.11,57.0,158.0,48.0,174.0,60.0,167.55,11.110000000000014,96.0,117.0,19.611584076761723,213,-21.0,1.0,-0.1,163.0,
2025-04-08 12:05:14,159.33,36.0,171.0,36.0,157.57,42.0,172.0,45.0,165.17,11.669999999999987,78.0,81.0,12.373771858243664,159,-3.0,-54.0,-0.02,162.0,4.0
2025-04-08 12:05:15,159.78,45.0,168.8,46.0,157.79,57.0,170.09,54.0,164.29,9.02000000000001,102.0,100.0,2.60002884596341,202,2.0,43.0,0.01,160.0,4.0
2025-04-08 12:05:16,158.0,39.0,166.56,41.0,155.31,52.0,167.84,49.0,162.28,8.560000000000002,91.0,90.0,2.1784925980677063,181,1.0,-21.0,0.01,158.0,4.0
2025-04-08 12:05:17,130.6,20.0,161.73,73.0,104.97,39.0,162.8,71.0,146.16,31.129999999999995,59.0,144.0,8.557730423413757,203,-85.0,22.0,-0.42,158.0,2.0
2025-04-08 12:05:18,121.29,34.0,153.09,44.0,58.0,40.0,156.21,39.0,137.19,31.8,74.0,83.0,12.630038400567145,157,-9.0,-46.0,-0.06,151.0,3.0
2025-04-08 12:05:20,138.25,12.0,151.0,14.0,134.68,28.0,152.0,35.0,144.62,12.75,40.0,49.0,23.69407035525434,89,-9.0,-18.0,-0.1,151.0,
2025-04-08 12:05:23,146.07,43.0,151.8,30.0,144.34,29.0,153.67,36.0,148.93,5.730000000000018,72.0,66.0,21.42714236662788,138,6.0,-48.0,0.04,151.0,
2025-04-08 12:05:24,148.16,25.0,153.08,26.0,147.35,31.0,154.86,35.0,150.62,4.920000000000016,56.0,61.0,2.4981793369920493,117,-5.0,-21.0,-0.04,153.0,4.0
2025-04-08 12:05:25,151.8,44.0,192.0,28.0,141.45,33.0,389.6,30.0,171.9,40.19999999999999,77.0,58.0,10.893198795569292,135,19.0,18.0,0.14,155.43,7.0
2025-04-08 12:05:26,157.55,42.0,223.93,27.0,133.27,51.0,694.0,33.0,190.74,66.38,93.0,60.0,19.038050845604516,153,33.0,18.0,0.22,161.0,2.0
2025-04-08 12:05:27,164.09,55.0,370.73,26.0,160.33,75.0,670.4,30.0,267.41,206.64,130.0,56.0,48.66919713740821,186,74.0,33.0,0.4,161.0,
2025-04-08 12:05:31,164.0,54.0,369.8,10.0,160.0,30.0,473.88,8.0,266.9,205.8,84.0,18.0,55.10423014615445,102,66.0,-63.0,0.65,161.0,
2025-04-08 12:05:32,164.0,93.0,342.14,29.0,160.37,43.0,450.17,42.0,253.07,178.14,136.0,71.0,58.91999762389971,207,65.0,105.0,0.31,164.0,3.0
2025-04-08 12:05:33,164.56,25.0,322.63,41.0,163.75,48.0,324.06,48.0,243.6,158.07,73.0,89.0,51.302579369854776,162,-16.0,-45.0,-0.1,164.0,
2025-04-08 12:05:34,166.0,8.0,319.78,27.0,164.0,48.0,320.8,35.0,242.89,153.77999999999997,56.0,62.0,34.817935751565855,118,-6.0,-44.0,-0.05,164.0,
2025-04-08 12:05:35,164.07,59.0,257.67,36.0,162.37,27.0,296.67,55.0,210.87,93.60000000000002,86.0,91.0,20.641209509137045,177,-5.0,59.0,-0.03,165.0,2.0
2025-04-08 12:05:36,165.0,48.0,194.57,51.0,164.0,60.0,200.39,49.0,179.78,29.569999999999997,108.0,100.0,30.385084663367827,208,8.0,31.0,0.04,165.0,
2025-04-08 12:05:37,165.0,26.0,189.95,37.0,164.0,45.0,191.97,38.0,177.47,24.94999999999999,71.0,75.0,32.321308296539904,146,-4.0,-62.0,-0.03,165.0,3.0
2025-04-08 12:05:38,165.0,14.0,186.31,67.0,164.0,70.0,188.35,31.0,175.66,21.31,84.0,98.0,29.287608813283697,182,-14.0,36.0,-0.08,165.0,
2025-04-08 12:05:39,165.0,10.0,182.51,47.0,164.0,50.0,184.22,23.0,173.76,17.50999999999999,60.0,70.0,15.45678718233146,130,-10.0,-52.0,-0.08,165.0,
2025-04-08 12:05:40,165.0,15.0,175.13,69.0,164.0,75.0,176.36,69.0,170.07,10.129999999999995,90.0,138.0,3.695330837673087,228,-48.0,98.0,-0.21,165.0,
2025-04-08 12:05:41,165.0,9.0,168.74,27.0,164.0,45.0,169.67,45.0,166.87,3.740000000000009,54.0,72.0,4.287252033628137,126,-18.0,-102.0,-0.14,165.0,
2025-04-08 12:05:42,164.14,35.0,166.24,29.0,163.16,43.0,167.32,44.0,165.19,2.1000000000000227,78.0,73.0,4.433694847397592,151,5.0,25.0,0.03,165.0,1.0
2025-04-08 12:05:43,161.33,63.0,163.3,40.0,160.62,125.0,164.37,38.0,162.32,1.9699999999999989,188.0,78.0,4.423151591323831,266,110.0,115.0,0.41,162.29,14.0
2025-04-08 12:05:44,160.55,33.0,215.2,30.0,159.92,50.0,566.73,22.0,187.87,54.64999999999998,83.0,52.0,10.12645940098713,135,31.0,-131.0,0.23,160.83,6.0
2025-04-08 12:05:45,160.0,77.0,422.64,11.0,158.0,38.0,424.0,33.0,291.32,262.64,115.0,44.0,54.945167485411545,159,71.0,24.0,0.45,160.83,
2025-04-08 12:05:46,160.0,79.0,421.0,12.0,158.0,50.0,424.0,36.0,290.5,261.0,129.0,48.0,65.98992309436353,177,81.0,18.0,0.46,160.83,
2025-04-08 12:05:47,160.0,80.0,217.43,14.0,158.0,56.0,445.5,18.0,188.71,57.43000000000001,136.0,32.0,61.86540252839248,168,104.0,-9.0,0.62,160.83,
2025-04-08 12:05:48,160.0,72.0,172.15,20.0,158.12,32.0,274.22,36.0,166.07,12.150000000000006,104.0,56.0,60.94440523952985,160,48.0,-8.0,0.3,160.83,
2025-04-08 12:05:49,160.0,24.0,168.5,8.0,159.0,8.0,386.19,26.0,164.25,8.5,32.0,34.0,65.29207340864599,66,-2.0,-94.0,-0.03,160.0,4.0
2025-04-08 12:05:50,160.0,14.0,166.71,7.0,159.0,7.0,337.22,23.0,163.36,6.710000000000008,21.0,30.0,54.64092028873529,51,-9.0,-15.0,-0.18,160.0,
2025-04-08 12:05:51,160.0,15.0,163.5,16.0,159.0,8.0,165.0,8.0,161.75,3.5,23.0,24.0,11.223364914312947,47,-1.0,-4.0,-0.02,160.0,1.0
2025-04-08 12:05:52,159.5,16.0,162.38,24.0,158.84,38.0,162.94,16.0,160.94,2.8799999999999955,54.0,40.0,2.033944443639183,94,14.0,47.0,0.15,160.0,1.0
2025-04-08 12:05:53,159.0,10.0,161.56,16.0,158.0,30.0,222.1,30.0,160.28,2.5600000000000023,40.0,46.0,1.6575071643303805,86,-6.0,-8.0,-0.07,160.0,
2025-04-08 12:05:54,159.0,6.0,194.13,23.0,158.0,18.0,252.47,19.0,176.57,35.129999999999995,24.0,42.0,6.8006801130339385,66,-18.0,-20.0,-0.27,162.0,3.0
2025-04-08 12:05:55,162.46,26.0,192.8,40.0,159.89,28.0,199.25,24.0,177.63,30.340000000000003,54.0,64.0,8.847097264064955,118,-10.0,52.0,-0.08,162.0,
2025-04-08 12:05:56,166.0,30.0,192.0,40.0,163.12,48.0,320.75,20.0,179.0,26.0,78.0,60.0,9.4212063983249,138,18.0,20.0,0.13,162.0,
2025-04-08 12:05:57,167.0,27.0,191.1,29.0,165.0,24.0,327.92,25.0,179.05,24.099999999999994,51.0,54.0,8.019390874614542,105,-3.0,-33.0,-0.03,167.0,4.0
2025-04-08 12:05:58,165.54,39.0,187.46,28.0,163.82,51.0,189.53,34.0,176.5,21.920000000000016,90.0,62.0,1.2471768117883195,152,28.0,47.0,0.18,167.0,2.0
2025-04-08 12:05:59,166.0,15.0,169.5,8.0,165.0,15.0,183.6,5.0,167.75,3.5,30.0,13.0,4.724164476376345,43,17.0,-109.0,0.4,167.0,
2025-04-08 12:06:00,166.0,26.0,168.0,36.0,165.0,27.0,182.56,9.0,167.0,2.0,53.0,45.0,6.014918952059841,98,8.0,55.0,0.08,166.0,1.0
2025-04-08 12:06:01,163.23,52.0,166.73,60.0,160.89,19.0,329.82,45.0,164.98,3.5,71.0,105.0,6.281713938077632,176,-34.0,78.0,-0.19,164.5,8.0
2025-04-08 12:06:02,163.0,36.0,165.67,36.0,159.0,36.0,629.22,36.0,164.33,2.6699999999999875,72.0,72.0,4.894871806271168,144,0.0,-32.0,0.0,164.5,
2025-04-08 12:06:03,161.62,58.0,174.11,45.0,158.73,55.0,510.39,31.0,167.87,12.490000000000007,113.0,76.0,1.6312357278524583,189,37.0,45.0,0.2,163.0,5.0
2025-04-08 12:06:04,158.89,36.0,208.11,18.0,155.31,26.0,321.8,15.0,183.5,49.22000000000003,62.0,33.0,7.938194379065892,95,29.0,-94.0,0.31,158.8,5.0
2025-04-08 12:06:05,162.0,40.0,207.75,16.0,158.0,16.0,244.62,16.0,184.88,45.75,56.0,32.0,10.211854385949977,88,24.0,-7.0,0.27,158.8,
2025-04-08 12:06:06,161.69,51.0,186.27,22.0,159.43,23.0,216.47,34.0,173.98,24.580000000000013,74.0,56.0,9.159037613191249,130,18.0,42.0,0.14,162.0,5.0
2025-04-08 12:06:07,161.0,18.0,163.94,17.0,154.16,50.0,214.11,18.0,162.47,2.9399999999999977,68.0,35.0,9.717054594878576,103,33.0,-27.0,0.32,161.0,3.0
2025-04-08 12:06:08,161.0,12.0,179.0,3.0,159.0,18.0,267.0,12.0,170.0,18.0,30.0,15.0,9.392815339388523,45,15.0,-58.0,0.33,161.0,
2025-04-08 12:06:09,161.0,38.0,346.29,17.0,159.0,48.0,419.26,23.0,253.65,185.29,86.0,40.0,37.0372721727708,126,46.0,81.0,0.37,161.0,
2025-04-08 12:06:10,161.08,53.0,197.33,36.0,159.68,50.0,643.73,11.0,179.2,36.25,103.0,47.0,37.281382082748735,150,56.0,24.0,0.37,161.4,5.0
2025-04-08 12:06:11,161.0,40.0,397.29,28.0,158.0,16.0,494.5,20.0,279.14,236.29,56.0,48.0,53.58932888178365,104,8.0,-46.0,0.08,161.0,4.0
2025-04-08 12:06:12,161.0,21.0,218.83,24.0,158.0,14.0,298.71,14.0,189.92,57.83000000000001,35.0,38.0,48.84029811538818,73,-3.0,-31.0,-0.04,161.0,
2025-04-08 12:06:13,162.45,44.0,208.47,38.0,160.25,32.0,305.35,34.0,185.46,46.02000000000001,76.0,72.0,45.71765720156712,148,4.0,75.0,0.03,161.0,
2025-04-08 12:06:14,163.0,24.0,185.67,12.0,161.0,18.0,490.67,12.0,174.33,22.669999999999987,42.0,24.0,43.74581694287975,66,18.0,-82.0,0.27,161.0,
2025-04-08 12:06:15,162.0,10.0,171.0,14.0,160.09,11.0,261.0,14.0,166.5,9.0,21.0,28.0,45.69746163628715,49,-7.0,-17.0,-0.14,162.33,6.0
2025-04-08 12:06:16,158.14,7.0,171.0,14.0,127.62,13.0,374.71,14.0,164.57,12.860000000000014,20.0,28.0,11.256332884197075,48,-8.0,-1.0,-0.17,159.0,4.0
2025-04-08 12:06:18,127.5,12.0,263.76,29.0,116.68,19.0,410.63,19.0,195.63,136.26,31.0,48.0,14.172532236683823,79,-17.0,-16.0,-0.22,155.0,3.0
2025-04-08 12:06:19,138.29,7.0,238.0,24.0,111.0,24.0,315.22,23.0,188.14,99.71,31.0,47.0,15.945222795553905,78,-16.0,-1.0,-0.21,155.0,
2025-04-08 12:06:20,166.27,37.0,217.31,26.0,130.15,13.0,364.89,27.0,191.79,51.03999999999999,50.0,53.0,16.617799794192656,103,-3.0,25.0,-0.03,155.0,
2025-04-08 12:06:21,167.0,36.0,228.57,28.0,93.74,19.0,296.3,20.0,197.79,61.56999999999999,55.0,48.0,15.541429470930026,103,7.0,0.0,0.07,155.0,
2025-04-08 12:06:22,167.0,48.0,215.21,28.0,161.78,180.0,224.75,32.0,191.11,48.21000000000001,228.0,60.0,3.822907270640284,288,168.0,168.0,0.58,155.0,
2025-04-08 12:06:23,167.0,52.0,193.46,26.0,165.0,208.0,199.16,32.0,180.23,26.460000000000008,260.0,58.0,6.400314054786983,318,202.0,30.0,0.64,155.0,
2025-04-08 12:06:24,167.0,52.0,188.54,28.0,165.0,208.0,189.26,27.0,177.77,21.539999999999992,260.0,55.0,8.43449583554919,315,205.0,-3.0,0.65,155.0,
2025-04-08 12:06:25,167.0,52.0,186.31,13.0,165.0,208.0,187.47,17.0,176.65,19.31,260.0,30.0,9.290371359632848,290,230.0,-25.0,0.79,155.0,
2025-04-08 12:06:26,167.0,44.0,184.04,24.0,165.0,192.0,185.21,14.0,175.52,17.039999999999992,236.0,38.0,6.313143432543819,274,198.0,-16.0,0.72,167.0,1.0
2025-04-08 12:06:27,165.44,96.0,180.89,18.0,164.76,127.0,182.75,24.0,173.16,15.449999999999989,223.0,42.0,2.6232861071295286,265,181.0,-9.0,0.68,166.5,4.0
2025-04-08 12:06:28,165.0,150.0,179.95,19.0,163.0,30.0,181.64,11.0,172.47,14.949999999999989,180.0,30.0,2.2576159992021525,210,150.0,-55.0,0.71,166.5,
2025-04-08 12:06:29,165.58,72.0,176.78,18.0,164.89,111.0,177.53,15.0,171.18,11.199999999999989,183.0,33.0,2.242973472836671,216,150.0,6.0,0.69,166.0,2.0
2025-04-08 12:06:30,166.0,44.0,173.56,16.0,165.0,165.0,175.35,20.0,169.78,7.560000000000002,209.0,36.0,2.1602823889122145,245,173.0,29.0,0.71,166.0,
2025-04-08 12:06:31,166.0,56.0,171.64,22.0,165.0,210.0,171.52,23.0,168.82,5.639999999999986,266.0,45.0,1.8073516536190877,311,221.0,66.0,0.71,166.0,
2025-04-08 12:06:32,165.07,174.0,167.36,25.0,164.15,78.0,168.22,32.0,166.21,2.2900000000000205,252.0,57.0,2.3887172289400227,309,195.0,-2.0,0.63,165.8,5.0
2025-04-08 12:06:33,165.0,174.0,202.74,46.0,162.7,93.0,285.85,41.0,183.87,37.74000000000001,267.0,87.0,6.8943868472724015,354,180.0,45.0,0.51,165.0,7.0
2025-04-08 12:06:34,165.0,45.0,246.0,21.0,163.0,112.0,494.57,14.0,205.5,81.0,157.0,35.0,16.416891605899878,192,122.0,-162.0,0.64,165.0,1.0
2025-04-08 12:06:35,165.0,48.0,336.67,24.0,163.0,128.0,474.11,19.0,250.83,171.67000000000002,176.0,43.0,34.87607245662735,219,133.0,27.0,0.61,165.0,
2025-04-08 12:06:36,164.26,43.0,321.89,27.0,162.94,119.0,451.69,32.0,243.07,157.63,162.0,59.0,36.67850433155598,221,103.0,2.0,0.47,165.0,6.0
2025-04-08 12:06:37,163.0,224.0,278.39,61.0,162.0,118.0,466.89,47.0,220.7,115.39,342.0,108.0,27.366395999473653,450,234.0,168.0,0.52,165.0,
2025-04-08 12:06:38,163.0,176.0,341.51,49.0,162.0,77.0,471.4,50.0,252.26,178.51,253.0,99.0,20.53635483721622,352,154.0,-98.0,0.44,165.0,
2025-04-08 12:06:39,163.0,144.0,227.95,42.0,162.0,63.0,431.84,25.0,195.48,64.94999999999999,207.0,67.0,24.227498219998846,274,140.0,-78.0,0.51,165.0,
2025-04-08 12:06:40,163.09,103.0,226.78,18.0,162.4,81.0,324.19,42.0,194.93,63.69,184.0,60.0,26.43323230329596,244,124.0,-30.0,0.51,164.0,6.0
2025-04-08 12:06:41,164.3,20.0,223.57,23.0,163.0,150.0,592.0,20.0,193.93,59.26999999999998,170.0,43.0,25.425969991329257,213,127.0,-31.0,0.6,164.0,
2025-04-08 12:06:42,165.0,20.0,221.0,38.0,163.0,150.0,222.0,32.0,193.0,56.0,170.0,70.0,25.92226745483422,240,100.0,27.0,0.42,164.0,
2025-04-08 12:06:43,165.47,30.0,218.77,48.0,163.0,225.0,219.42,57.0,192.12,53.30000000000001,255.0,105.0,1.372614293935973,360,150.0,120.0,0.42,164.0,
2025-04-08 12:06:44,167.15,26.0,214.0,53.0,163.0,195.0,215.89,45.0,190.58,46.85,221.0,98.0,1.6719659087176597,319,123.0,-41.0,0.39,164.0,
2025-04-08 12:06:45,164.12,59.0,211.11,27.0,162.77,124.0,212.2,40.0,187.61,46.99000000000001,183.0,67.0,2.4750898973389117,250,116.0,-69.0,0.46,168.0,2.0
2025-04-08 12:06:46,167.0,24.0,207.23,52.0,163.0,180.0,207.95,42.0,187.12,40.22999999999999,204.0,94.0,2.6363004380958945,298,110.0,48.0,0.37,168.0,
2025-04-08 12:06:47,165.62,39.0,204.34,62.0,162.96,201.0,205.78,54.0,184.98,38.72,240.0,116.0,2.8511436301770723,356,124.0,58.0,0.35,164.6,5.0
2025-04-08 12:06:48,165.0,45.0,201.43,42.0,163.0,180.0,202.87,60.0,183.21,36.43000000000001,225.0,102.0,2.7927316376432154,327,123.0,-29.0,0.38,164.6,
2025-04-08 12:06:49,165.75,48.0,195.2,51.0,163.86,84.0,196.87,30.0,180.47,29.44999999999999,132.0,81.0,2.9374087219667984,213,51.0,-114.0,0.24,164.6,
2025-04-08 12:06:50,165.83,18.0,192.57,21.0,164.11,27.0,193.67,18.0,179.2,26.73999999999998,45.0,39.0,3.231861692566833,84,6.0,-129.0,0.07,166.0,3.0
2025-04-08 12:06:51,165.0,33.0,189.26,34.0,163.0,132.0,189.81,37.0,177.13,24.25999999999999,165.0,71.0,3.1313846777223246,236,94.0,152.0,0.4,166.0,
2025-04-08 12:06:52,163.33,108.0,182.44,55.0,162.47,153.0,183.75,40.0,172.88,19.109999999999985,261.0,95.0,3.8725275983349583,356,166.0,120.0,0.47,165.0,3.0
2025-04-08 12:06:53,163.0,70.0,178.83,48.0,162.0,117.0,180.26,39.0,170.92,15.830000000000013,187.0,87.0,4.091656143893032,274,100.0,-82.0,0.36,163.0,5.0
2025-04-08 12:06:54,163.0,58.0,173.93,30.0,162.0,108.0,174.67,42.0,168.47,10.930000000000009,166.0,72.0,4.409268646822216,238,94.0,-36.0,0.39,163.0,1.0
2025-04-08 12:06:55,161.76,95.0,169.86,42.0,160.5,128.0,171.35,49.0,165.81,8.100000000000023,223.0,91.0,4.314101296891428,314,132.0,76.0,0.42,163.0,4.0
2025-04-08 12:06:56,161.65,60.0,164.63,54.0,160.5,121.0,166.05,39.0,163.14,2.9799999999999898,181.0,93.0,3.894859432615104,274,88.0,-40.0,0.32,161.6,5.0
2025-04-08 12:06:57,161.0,49.0,170.84,37.0,159.0,150.0,331.5,18.0,165.92,9.840000000000003,199.0,55.0,2.953806019329321,254,144.0,-20.0,0.57,161.0,4.0
2025-04-08 12:06:58,159.0,110.0,177.06,16.0,158.0,11.0,349.62,13.0,168.03,18.06,121.0,29.0,2.1253540881048965,150,92.0,-104.0,0.61,161.67,3.0
2025-04-08 12:06:59,159.0,50.0,241.0,5.0,158.0,5.0,451.2,5.0,200.0,82.0,55.0,10.0,15.426122325453209,65,45.0,-85.0,0.69,161.67,
2025-04-08 12:07:00,159.0,90.0,239.4,15.0,158.0,9.0,569.0,24.0,199.2,80.4,99.0,39.0,18.65257408509262,138,60.0,73.0,0.43,161.67,
2025-04-08 12:07:01,159.0,85.0,228.3,40.0,158.0,10.0,239.25,20.0,193.65,69.30000000000001,95.0,60.0,16.976762058764027,155,35.0,17.0,0.23,159.0,5.0
2025-04-08 12:07:02,158.94,35.0,204.33,9.0,152.43,23.0,237.46,13.0,181.64,45.390000000000015,58.0,22.0,13.59543048233121,80,36.0,-75.0,0.45,159.0,
2025-04-08 12:07:03,158.57,14.0,235.92,12.0,148.73,15.0,237.8,20.0,197.24,77.35,29.0,32.0,7.513839231705798,61,-3.0,-19.0,-0.05,159.0,5.0
2025-04-08 12:07:04,158.0,10.0,228.19,16.0,140.25,32.0,234.2,20.0,193.09,70.19,42.0,36.0,6.817098356332868,78,6.0,17.0,0.08,159.0,
2025-04-08 12:07:05,162.38,40.0,189.05,20.0,143.46,28.0,198.79,14.0,175.71,26.670000000000016,68.0,34.0,9.142594270769104,102,34.0,24.0,0.33,159.0,
2025-04-08 12:07:06,163.0,42.0,188.0,6.0,158.0,6.0,189.0,18.0,175.5,25.0,48.0,24.0,10.030539865824151,72,24.0,-30.0,0.33,159.0,
2025-04-08 12:07:07,163.0,63.0,186.47,17.0,160.25,24.0,188.58,19.0,174.74,23.47,87.0,36.0,10.97587946361852,123,51.0,51.0,0.41,159.0,
2025-04-08 12:07:08,163.07,80.0,184.29,34.0,161.19,73.0,184.67,24.0,173.68,21.22,153.0,58.0,8.170258869819644,211,95.0,88.0,0.45,159.0,
2025-04-08 12:07:09,164.73,44.0,180.14,37.0,162.27,82.0,181.13,45.0,172.43,15.409999999999997,126.0,82.0,1.3638438326480844,208,44.0,-3.0,0.21,164.0,8.0
2025-04-08 12:07:10,166.0,60.0,177.06,16.0,163.0,12.0,179.25,32.0,171.53,11.060000000000002,72.0,48.0,1.6253399643918576,120,24.0,-88.0,0.2,164.0,
2025-04-08 12:07:11,166.0,45.0,174.44,27.0,163.0,9.0,175.21,19.0,170.22,8.439999999999998,54.0,46.0,1.7714542048401158,100,8.0,-20.0,0.08,164.0,
2025-04-08 12:07:12,166.0,50.0,172.09,32.0,163.0,10.0,173.4,30.0,169.05,6.090000000000003,60.0,62.0,1.815866184453533,122,-2.0,22.0,-0.02,164.0,
2025-04-08 12:07:13,165.91,32.0,167.86,35.0,162.89,9.0,169.97,30.0,166.88,1.950000000000017,41.0,65.0,2.175355143381695,106,-24.0,-16.0,-0.23,166.0,5.0
2025-04-08 12:07:14,162.91,11.0,165.73,33.0,161.59,17.0,174.75,24.0,164.32,2.819999999999993,28.0,57.0,2.8499385958002,85,-29.0,-21.0,-0.34,163.0,1.0
2025-04-08 12:07:15,162.9,63.0,171.43,35.0,161.18,51.0,259.64,22.0,167.17,8.530000000000001,114.0,57.0,2.2584662937109776,171,57.0,86.0,0.33,163.0,1.0
2025-04-08 12:07:16,163.0,143.0,174.27,22.0,162.0,11.0,471.09,11.0,168.64,11.27000000000001,154.0,33.0,1.8636711082772912,187,121.0,16.0,0.65,163.0,
2025-04-08 12:07:17,163.0,117.0,172.0,18.0,162.0,9.0,656.87,30.0,167.5,9.0,126.0,48.0,1.5903836014705488,174,78.0,-13.0,0.45,163.0,
2025-04-08 12:07:18,163.0,153.0,167.92,24.0,162.0,12.0,169.67,24.0,165.46,4.919999999999988,165.0,48.0,1.7170381474578365,213,117.0,39.0,0.55,163.0,3.0
2025-04-08 12:07:19,163.0,70.0,166.43,14.0,162.0,7.0,167.86,14.0,164.71,3.430000000000007,77.0,28.0,1.5907639673520693,105,49.0,-108.0,0.47,163.0,
2025-04-08 12:07:20,163.0,82.0,195.36,22.0,162.0,10.0,266.07,27.0,179.18,32.360000000000014,92.0,49.0,5.850206833936229,141,43.0,36.0,0.3,163.0,9.0
2025-04-08 12:07:21,163.0,10.0,391.3,43.0,162.0,10.0,499.45,47.0,277.15,228.3,20.0,90.0,48.62365833624522,110,-70.0,-31.0,-0.64,163.0,
2025-04-08 12:07:22,163.0,6.0,367.5,30.0,162.0,6.0,598.73,26.0,265.25,204.5,12.0,56.0,56.00433152890924,68,-44.0,-42.0,-0.65,163.0,
2025-04-08 12:07:23,163.0,7.0,233.0,35.0,162.0,7.0,506.57,28.0,198.0,70.0,14.0,63.0,51.16537080878043,77,-49.0,9.0,-0.64,163.0,
2025-04-08 12:07:24,161.43,23.0,229.25,60.0,159.16,95.0,394.68,53.0,195.34,67.82,118.0,113.0,44.798302758028925,231,5.0,154.0,0.02,161.75,4.0
2025-04-08 12:07:25,161.0,26.0,251.89,55.0,159.0,130.0,308.88,48.0,206.45,90.89,156.0,103.0,39.4759543266536,259,53.0,28.0,0.2,161.75,
2025-04-08 12:07:26,161.33,24.0,169.16,51.0,159.07,114.0,171.06,54.0,165.25,7.829999999999984,138.0,105.0,36.56824537764924,243,33.0,-16.0,0.14,161.75,
2025-04-08 12:07:27,160.55,93.0,166.48,83.0,150.08,107.0,195.76,63.0,163.52,5.929999999999978,200.0,146.0,19.905629103343987,346,54.0,103.0,0.16,162.33,3.0
2025-04-08 12:07:28,163.09,67.0,174.16,62.0,160.0,68.0,271.0,52.0,168.63,11.069999999999991,135.0,114.0,19.70543503706211,249,21.0,-97.0,0.08,163.57,7.0
2025-04-08 12:07:29,162.75,24.0,230.12,26.0,159.0,60.0,298.73,37.0,196.43,67.37,84.0,63.0,19.92461743672575,147,21.0,-102.0,0.14,163.57,
2025-04-08 12:07:30,162.0,24.0,230.21,19.0,159.0,60.0,232.12,26.0,196.11,68.21000000000001,84.0,45.0,16.790369858936074,129,39.0,-18.0,0.3,163.57,
2025-04-08 12:07:31,160.88,16.0,228.0,10.0,158.62,40.0,229.0,14.0,194.44,67.12,56.0,24.0,16.32227404499412,80,32.0,-49.0,0.4,160.2,5.0
2025-04-08 12:07:32,157.42,50.0,201.92,25.0,132.7,67.0,226.76,21.0,179.67,44.5,117.0,46.0,12.434234194348264,163,71.0,83.0,0.44,158.0,10.0
2025-04-08 12:07:33,130.32,56.0,155.5,36.0,89.11,47.0,244.22,18.0,142.91,25.180000000000007,103.0,54.0,22.888255066734164,157,49.0,-6.0,0.31,157.0,3.0
2025-04-08 12:07:34,129.9,20.0,155.0,40.0,106.69,32.0,158.0,8.0,142.45,25.099999999999994,52.0,48.0,26.735734139908057,100,4.0,-57.0,0.04,157.0,
2025-04-08 12:07:35,121.64,33.0,256.43,44.0,101.47,34.0,331.0,40.0,189.03,134.79000000000002,67.0,84.0,25.225899389314947,151,-17.0,51.0,-0.11,155.5,6.0
2025-04-08 12:07:36,148.68,19.0,271.78,27.0,100.06,31.0,348.0,27.0,210.23,123.09999999999997,50.0,54.0,29.690623435688423,104,-4.0,-47.0,-0.04,155.5,
2025-04-08 12:07:37,130.78,54.0,225.71,24.0,112.59,34.0,287.52,33.0,178.24,94.93,88.0,57.0,29.615393294701487,145,31.0,41.0,0.21,166.0,2.0
2025-04-08 12:07:43,162.0,154.0,268.36,55.0,98.79,38.0,272.0,22.0,215.18,106.36,192.0,77.0,55.33561195107344,269,115.0,106.0,0.43,166.0,
2025-04-08 12:07:44,162.0,128.0,247.15,48.0,158.5,40.0,252.56,25.0,204.57,85.15,168.0,73.0,50.48319304481295,241,95.0,-28.0,0.39,162.0,3.0
2025-04-08 12:07:45,162.0,77.0,195.0,35.0,159.0,42.0,196.0,21.0,178.5,33.0,119.0,56.0,41.29687675841709,175,63.0,-66.0,0.36,162.0,
2025-04-08 12:07:46,162.0,132.0,195.0,60.0,159.04,69.0,300.94,35.0,178.5,33.0,201.0,95.0,17.847451638817553,296,106.0,121.0,0.36,162.0,
2025-04-08 12:07:47,162.0,72.0,195.0,60.0,160.0,36.0,361.08,25.0,178.5,33.0,108.0,85.0,17.589448541665817,193,23.0,-103.0,0.12,162.0,5.0
2025-04-08 12:07:48,162.0,32.0,191.67,30.0,160.0,18.0,241.0,15.0,176.83,29.669999999999987,50.0,45.0,11.867621918475669,95,5.0,-98.0,0.05,162.0,2.0
2025-04-08 12:07:49,162.0,40.0,173.4,50.0,160.0,30.0,180.4,50.0,167.7,11.400000000000006,70.0,100.0,4.69916801145262,170,-30.0,75.0,-0.18,162.0,
2025-04-08 12:07:50,162.43,37.0,170.15,65.0,161.12,40.0,171.92,65.0,166.29,7.719999999999999,77.0,130.0,6.055834376851099,207,-53.0,37.0,-0.26,163.0,2.0
2025-04-08 12:07:51,165.37,27.0,167.87,79.0,162.78,54.0,170.41,81.0,166.62,2.5,81.0,160.0,5.964911566808324,241,-79.0,34.0,-0.33,168.0,1.0
2025-04-08 12:07:52,161.65,43.0,167.5,36.0,159.99,71.0,366.49,35.0,164.58,5.849999999999994,114.0,71.0,4.841686689557119,185,43.0,-56.0,0.23,163.0,6.0
2025-04-08 12:07:53,161.0,45.0,164.22,36.0,159.0,108.0,166.0,27.0,162.61,3.219999999999999,153.0,63.0,1.993677506475204,216,90.0,31.0,0.42,163.0,
2025-04-08 12:07:54,161.0,50.0,164.0,26.0,159.0,120.0,166.0,30.0,162.5,3.0,170.0,56.0,1.954162224540693,226,114.0,10.0,0.5,164.0,2.0
2025-04-08 12:07:55,160.37,38.0,162.18,17.0,158.98,86.0,184.92,24.0,161.27,1.8100000000000025,124.0,41.0,2.1014590169257628,165,83.0,-61.0,0.5,161.0,5.0
2025-04-08 12:07:56,159.0,64.0,160.33,12.0,149.23,13.0,161.33,12.0,159.67,1.3300000000000125,77.0,24.0,1.8138991151147612,101,53.0,-64.0,0.52,159.0,4.0
2025-04-08 12:07:57,159.29,83.0,264.47,34.0,136.0,42.0,484.62,32.0,211.88,105.18000000000004,125.0,66.0,22.556270303395568,191,59.0,90.0,0.31,160.5,4.0
2025-04-08 12:07:58,167.0,18.0,379.36,22.0,159.0,48.0,533.8,20.0,273.18,212.36,66.0,42.0,49.57511623788608,108,24.0,-83.0,0.22,160.5,
2025-04-08 12:07:59,167.0,30.0,271.6,40.0,159.0,80.0,608.75,36.0,219.3,104.60000000000002,110.0,76.0,47.08354436530828,186,34.0,78.0,0.18,160.5,
2025-04-08 12:08:00,167.0,27.0,209.32,37.0,159.0,72.0,403.34,44.0,188.16,42.31999999999999,99.0,81.0,42.10365803585207,180,18.0,-6.0,0.1,160.5,
2025-04-08 12:08:01,167.0,18.0,268.91,22.0,159.0,48.0,352.2,25.0,217.95,101.91000000000004,66.0,47.0,31.18734005971025,113,19.0,-67.0,0.17,160.5,
2025-04-08 12:08:02,165.17,35.0,268.0,10.0,158.96,75.0,409.02,49.0,216.59,102.83,110.0,59.0,30.871233049556203,169,51.0,56.0,0.3,167.0,3.0
2025-04-08 12:08:03,159.0,78.0,268.0,11.0,158.0,33.0,428.36,55.0,213.5,109.0,111.0,66.0,13.002943897440028,177,45.0,8.0,0.25,159.0,5.0
2025-04-08 12:08:04,159.0,22.0,178.0,40.0,158.0,24.0,268.0,8.0,168.5,19.0,46.0,48.0,21.838602290438374,94,-2.0,-83.0,-0.02,159.0,1.0
2025-04-08 12:08:05,159.0,18.0,196.0,25.0,158.0,27.0,392.74,23.0,177.5,37.0,45.0,48.0,23.82790527931344,93,-3.0,-1.0,-0.03,159.0,
2025-04-08 12:08:06,162.0,48.0,267.75,12.0,159.0,24.0,289.71,56.0,214.88,105.75,72.0,68.0,23.243732058340616,140,4.0,47.0,0.03,162.0,4.0
2025-04-08 12:08:07,162.0,15.0,266.5,10.0,159.0,36.0,284.54,41.0,214.25,104.5,51.0,51.0,22.800063157805724,102,0.0,-38.0,0.0,162.0,
2025-04-08 12:08:08,162.1,40.0,261.0,35.0,159.33,54.0,262.66,38.0,211.55,98.9,94.0,73.0,22.47718243018748,167,21.0,65.0,0.13,162.0,
2025-04-08 12:08:09,162.0,36.0,258.12,34.0,159.0,64.0,259.0,74.0,210.06,96.12,100.0,108.0,15.857438948328186,208,-8.0,41.0,-0.04,162.0,1.0
2025-04-08 12:08:10,162.0,26.0,254.74,23.0,159.0,52.0,255.42,31.0,208.37,92.74,78.0,54.0,2.754155042835459,132,24.0,-76.0,0.18,162.0,
2025-04-08 12:08:11,162.0,24.0,247.85,27.0,159.0,48.0,250.81,36.0,204.93,85.85,72.0,63.0,3.4888852087693354,135,9.0,3.0,0.07,162.0,
2025-04-08 12:08:12,160.62,26.0,184.95,19.0,158.76,37.0,186.1,10.0,172.78,24.329999999999984,63.0,29.0,16.26398690358371,92,34.0,-43.0,0.37,162.0,2.0
2025-04-08 12:08:13,159.98,49.0,180.87,54.0,158.25,36.0,182.81,26.0,170.42,20.89000000000001,85.0,80.0,19.92375140378729,165,5.0,73.0,0.03,159.0,1.0
2025-04-08 12:08:14,164.16,74.0,177.6,50.0,160.83,46.0,182.0,20.0,170.88,13.439999999999998,120.0,70.0,19.387548323599106,190,50.0,25.0,0.26,159.0,
2025-04-08 12:08:15,167.0,152.0,172.3,83.0,162.0,133.0,173.4,50.0,169.65,5.300000000000011,285.0,133.0,15.247848044883742,418,152.0,168.0,0.36,159.0,
2025-04-08 12:08:16,167.0,70.0,169.0,43.0,162.0,84.0,169.87,39.0,168.0,2.0,154.0,82.0,1.7466482186864816,236,72.0,-168.0,0.31,167.0,3.0
2025-04-08 12:08:17,162.45,77.0,167.67,24.0,161.41,34.0,295.0,52.0,165.06,5.219999999999999,111.0,76.0,2.361190377719593,187,35.0,-49.0,0.19,167.0,5.0
2025-04-08 12:08:18,162.0,34.0,165.4,30.0,161.0,24.0,235.76,42.0,163.7,3.4000000000000057,58.0,72.0,3.0282701332330357,130,-14.0,-57.0,-0.11,163.12,8.0
2025-04-08 12:08:19,162.0,20.0,165.6,20.0,161.0,20.0,205.8,50.0,163.8,3.5999999999999943,40.0,70.0,2.6611689160642547,110,-30.0,-20.0,-0.27,163.12,
2025-04-08 12:08:20,162.0,12.0,165.0,12.0,161.0,12.0,198.0,30.0,163.5,3.0,24.0,42.0,1.884600753428316,66,-18.0,-44.0,-0.27,163.12,
2025-04-08 12:08:21,162.0,14.0,163.44,18.0,161.0,11.0,207.33,45.0,162.72,1.4399999999999975,25.0,63.0,0.8432555957829013,88,-38.0,22.0,-0.43,162.0,1.0
2025-04-08 12:08:22,163.06,18.0,220.26,23.0,160.33,15.0,267.39,44.0,191.66,57.19999999999999,33.0,67.0,12.631954718088403,100,-34.0,12.0,-0.34,162.0,1.0
2025-04-08 12:08:23,164.07,29.0,225.0,11.0,161.27,11.0,226.0,55.0,194.53,60.93000000000001,40.0,66.0,16.333799925303826,106,-26.0,6.0,-0.25,164.0,2.0
2025-04-08 12:08:24,166.0,11.0,206.05,19.0,164.0,11.0,215.98,47.0,186.03,40.05000000000001,22.0,66.0,15.44181886954608,88,-44.0,-18.0,-0.5,164.0,
2025-04-08 12:08:25,166.8,30.0,197.67,12.0,165.0,12.0,242.14,50.0,182.23,30.869999999999976,42.0,62.0,12.530432155352074,104,-20.0,16.0,-0.19,164.0,
2025-04-08 12:08:26,167.0,18.0,195.4,5.0,166.0,5.0,314.0,9.0,181.2,28.40000000000001,23.0,14.0,5.823783134689412,37,9.0,-67.0,0.24,167.0,2.0
2025-04-08 12:08:27,167.0,12.0,194.67,6.0,166.0,6.0,196.0,6.0,180.83,27.669999999999987,18.0,12.0,5.730992933156177,30,6.0,-7.0,0.2,167.0,
2025-04-08 12:08:28,167.0,12.0,193.17,6.0,166.0,6.0,194.67,6.0,180.08,26.169999999999987,18.0,12.0,2.3431666607130075,30,6.0,0.0,0.2,167.0,
2025-04-08 12:08:29,166.9,20.0,191.27,11.0,165.64,11.0,193.0,11.0,179.09,24.370000000000005,31.0,22.0,1.1814524958171364,53,9.0,23.0,0.17,167.0,2.0
2025-04-08 12:08:30,162.0,10.0,191.0,4.0,161.33,6.0,193.0,4.0,176.5,29.0,16.0,8.0,1.8811831383118789,24,8.0,-29.0,0.33,163.67,3.0
2025-04-08 12:08:31,161.0,19.0,190.38,13.0,160.0,26.0,192.46,13.0,175.69,29.379999999999995,45.0,26.0,2.2444531627693824,71,19.0,47.0,0.27,161.0,3.0
2025-04-08 12:08:32,157.7,120.0,187.0,14.0,143.04,46.0,281.5,26.0,172.35,29.30000000000001,166.0,40.0,3.045910372919747,206,126.0,135.0,0.61,159.4,5.0
2025-04-08 12:08:33,158.28,117.0,184.83,12.0,150.83,109.0,308.2,20.0,171.56,26.55000000000001,226.0,32.0,3.0944741071553272,258,194.0,52.0,0.75,159.4,
2025-04-08 12:08:34,131.33,153.0,183.04,23.0,122.76,165.0,183.82,39.0,157.19,51.70999999999998,318.0,62.0,7.818463404009843,380,256.0,122.0,0.67,159.4,
2025-04-08 12:08:35,136.46,37.0,179.32,25.0,134.52,93.0,179.97,37.0,157.89,42.85999999999999,130.0,62.0,8.719803896867734,192,68.0,-168.0,0.35,159.4,
2025-04-08 12:08:36,144.4,72.0,175.52,44.0,139.89,88.0,177.67,12.0,159.96,31.120000000000005,160.0,56.0,7.528037592880359,216,104.0,24.0,0.48,159.4,
2025-04-08 12:08:37,150.76,82.0,172.7,33.0,148.41,22.0,175.35,26.0,161.73,21.94,104.0,59.0,5.811594445572857,163,45.0,-53.0,0.28,159.4,
2025-04-08 12:08:38,151.42,117.0,155.29,21.0,101.5,78.0,157.65,63.0,153.35,3.870000000000005,195.0,84.0,3.163950062785738,279,111.0,116.0,0.4,153.0,6.0
2025-04-08 12:08:39,151.57,149.0,153.72,39.0,149.1,88.0,156.71,42.0,152.64,2.1500000000000057,237.0,81.0,4.00604917590873,318,156.0,39.0,0.49,152.0,1.0
2025-04-08 12:08:40,152.0,196.0,154.2,35.0,151.0,112.0,156.6,35.0,153.1,2.1999999999999886,308.0,70.0,4.333443203711801,378,238.0,60.0,0.63,152.0,
2025-04-08 12:08:41,151.71,138.0,153.91,33.0,129.41,85.0,156.48,27.0,152.81,2.1999999999999886,223.0,60.0,3.924784070466986,283,163.0,-95.0,0.58,153.0,4.0
2025-04-08 12:08:42,152.76,132.0,170.04,27.0,133.31,130.0,168.63,86.0,161.4,17.28,262.0,113.0,3.777571971490584,375,149.0,92.0,0.4,156.78,9.0
2025-04-08 12:08:43,159.15,108.0,233.0,70.0,151.13,115.0,285.0,70.0,196.07,73.85,223.0,140.0,18.74268203859359,363,83.0,-12.0,0.23,156.78,
2025-04-08 12:08:44,166.0,88.0,282.2,51.0,165.0,44.0,402.91,46.0,224.1,116.2,132.0,97.0,31.54588293264059,229,35.0,-134.0,0.15,156.78,
2025-04-08 12:08:45,166.75,64.0,281.78,37.0,165.0,32.0,416.15,13.0,224.27,115.02999999999996,96.0,50.0,33.76455019691379,146,46.0,-83.0,0.32,156.78,
2025-04-08 12:08:46,167.0,83.0,339.82,17.0,165.0,44.0,478.09,45.0,253.41,172.82,127.0,62.0,34.73385740167619,189,65.0,43.0,0.34,167.0,1.0
2025-04-08 12:08:47,167.0,84.0,434.12,40.0,165.0,48.0,495.9,29.0,300.56,267.12,132.0,69.0,39.613520040512256,201,63.0,12.0,0.31,167.0,
2025-04-08 12:08:48,166.43,53.0,434.64,14.0,164.9,31.0,472.28,25.0,300.54,268.21,84.0,39.0,38.39211286189044,123,45.0,-78.0,0.37,167.0,
2025-04-08 12:08:49,166.29,41.0,362.5,60.0,165.11,36.0,424.24,38.0,264.4,196.21,77.0,98.0,32.615654676859684,175,-21.0,52.0,-0.12,167.0,
2025-04-08 12:08:50,167.0,12.0,206.0,50.0,166.0,10.0,341.33,18.0,186.5,39.0,22.0,68.0,46.76480963288672,90,-46.0,-85.0,-0.51,167.0,2.0
2025-04-08 12:08:51,167.0,13.0,220.77,65.0,166.0,13.0,410.0,65.0,193.88,53.77000000000001,26.0,130.0,55.89336883745776,156,-104.0,66.0,-0.67,167.0,
2025-04-08 12:08:52,166.55,11.0,392.73,55.0,165.23,26.0,419.73,55.0,279.64,226.18,37.0,110.0,51.711906946080425,147,-73.0,-9.0,-0.5,165.5,6.0
2025-04-08 12:08:53,164.0,15.0,329.42,60.0,161.0,152.0,381.11,72.0,246.71,165.42000000000002,167.0,132.0,41.93543465853245,299,35.0,152.0,0.12,165.5,
2025-04-08 12:08:54,161.75,24.0,264.0,40.0,160.73,89.0,280.71,28.0,212.88,102.25,113.0,68.0,38.88650820014585,181,45.0,-118.0,0.25,161.43,7.0
2025-04-08 12:08:55,161.0,35.0,262.67,27.0,160.0,84.0,276.92,26.0,211.83,101.67000000000002,119.0,53.0,34.154540986522235,172,66.0,-9.0,0.38,161.43,
2025-04-08 12:08:56,162.38,39.0,258.51,63.0,160.29,118.0,260.63,41.0,210.45,96.13,157.0,104.0,30.50534166338804,261,53.0,89.0,0.2,161.43,
2025-04-08 12:08:57,164.0,42.0,254.78,46.0,161.0,98.0,256.21,66.0,209.39,90.78,140.0,112.0,15.963743921774473,252,28.0,-9.0,0.11,161.43,
2025-04-08 12:08:58,164.0,12.0,252.38,16.0,161.0,28.0,253.62,16.0,208.19,88.38,40.0,32.0,1.8703261747527304,72,8.0,-168.0,0.11,161.43,
2025-04-08 12:08:59,164.0,33.0,222.83,53.0,161.0,77.0,241.36,39.0,193.42,58.83000000000001,110.0,92.0,7.519712760468451,202,18.0,130.0,0.09,161.43,
2025-04-08 12:09:00,163.3,43.0,212.38,65.0,160.76,101.0,227.9,39.0,187.84,49.079999999999984,144.0,104.0,10.468427293530564,248,40.0,46.0,0.16,162.8,5.0
2025-04-08 12:09:01,163.97,37.0,199.11,54.0,160.6,91.0,202.53,34.0,181.54,35.140000000000015,128.0,88.0,12.351041656472384,216,40.0,-32.0,0.19,162.8,
2025-04-08 12:09:02,163.86,28.0,175.95,41.0,160.53,76.0,191.46,35.0,169.9,12.089999999999977,104.0,76.0,14.19701799674457,180,28.0,-36.0,0.16,164.33,3.0
2025-04-08 12:09:03,161.0,39.0,174.83,30.0,160.0,72.0,176.0,18.0,167.92,13.830000000000013,111.0,48.0,11.08820454356168,159,63.0,-21.0,0.4,164.33,
2025-04-08 12:09:04,161.0,42.0,171.24,58.0,160.0,144.0,175.21,38.0,166.12,10.240000000000007,186.0,96.0,9.51398339287196,282,90.0,123.0,0.32,161.0,3.0
2025-04-08 12:09:05,161.0,7.0,168.09,33.0,160.0,84.0,169.22,23.0,164.55,7.090000000000003,91.0,56.0,6.750272587075843,147,35.0,-135.0,0.24,161.0,
2025-04-08 12:09:06,160.19,58.0,162.82,60.0,159.76,136.0,170.49,43.0,161.5,2.6299999999999955,194.0,103.0,3.211825026338448,297,91.0,150.0,0.31,160.75,4.0
2025-04-08 12:09:07,160.0,74.0,161.38,13.0,158.0,36.0,184.83,36.0,160.69,1.3799999999999957,110.0,49.0,3.0515455100338267,159,61.0,-138.0,0.38,160.0,5.0
2025-04-08 12:09:08,158.1,39.0,159.83,12.0,157.27,15.0,333.0,26.0,158.97,1.7300000000000182,54.0,38.0,2.9135081945656927,92,16.0,-67.0,0.17,158.8,5.0
2025-04-08 12:09:09,158.0,8.0,348.44,34.0,157.0,8.0,393.46,28.0,253.22,190.44,16.0,62.0,41.10057457019137,78,-46.0,-14.0,-0.59,158.8,
2025-04-08 12:09:10,163.54,26.0,287.82,33.0,157.82,11.0,449.19,27.0,225.68,124.28,37.0,60.0,44.39531810900677,97,-23.0,19.0,-0.24,164.0,1.0
2025-04-08 12:09:11,164.0,22.0,334.65,37.0,158.16,19.0,477.91,33.0,249.32,170.64999999999998,41.0,70.0,46.62223536039393,111,-29.0,14.0,-0.26,164.0,
2025-04-08 12:09:12,164.0,14.0,408.89,18.0,161.0,7.0,424.2,20.0,286.44,244.89,21.0,38.0,47.56614426249045,59,-17.0,-52.0,-0.29,164.0,
2025-04-08 12:09:13,161.0,21.0,266.23,39.0,139.67,24.0,356.67,36.0,213.62,105.23000000000002,45.0,75.0,28.103912183183525,120,-30.0,61.0,-0.25,161.75,4.0
2025-04-08 12:09:14,157.0,11.0,212.48,31.0,113.3,46.0,238.75,24.0,184.74,55.47999999999999,57.0,55.0,38.32415165401635,112,2.0,-8.0,0.02,161.75,
2025-04-08 12:09:15,157.0,13.0,225.9,20.0,83.4,50.0,260.27,30.0,191.45,68.9,63.0,50.0,42.55069188626691,113,13.0,1.0,0.12,161.75,
2025-04-08 12:09:16,157.0,10.0,220.84,19.0,78.53,57.0,236.86,21.0,188.92,63.84,67.0,40.0,42.53436469491438,107,27.0,-6.0,0.25,161.75,
2025-04-08 12:09:17,157.0,14.0,212.58,38.0,106.28,69.0,214.25,28.0,184.79,55.58000000000001,83.0,66.0,12.035644145616276,149,17.0,42.0,0.11,161.75,
2025-04-08 12:09:18,136.38,64.0,160.04,46.0,108.46,41.0,178.06,66.0,148.21,23.66,105.0,112.0,17.790238053490487,217,-7.0,68.0,-0.03,150.33,3.0
2025-04-08 12:09:20,136.21,33.0,154.0,12.0,121.47,60.0,155.0,24.0,145.11,17.789999999999992,93.0,36.0,22.83551991962956,129,57.0,-58.0,0.44,150.33,
2025-04-08 12:09:21,142.78,27.0,156.67,45.0,137.1,20.0,177.8,25.0,149.72,13.889999999999986,47.0,70.0,17.34144659478473,117,-23.0,-12.0,-0.2,154.67,3.0
2025-04-08 12:09:22,147.92,38.0,157.0,120.0,132.25,28.0,316.4,45.0,152.46,9.080000000000013,66.0,165.0,3.77914937515683,231,-99.0,114.0,-0.43,154.67,
2025-04-08 12:09:23,152.41,17.0,157.0,69.0,151.74,19.0,359.93,42.0,154.71,4.590000000000003,36.0,111.0,4.947774247048158,147,-75.0,-84.0,-0.51,157.0,7.0
2025-04-08 12:09:24,153.38,8.0,165.38,8.0,152.23,13.0,395.62,16.0,159.38,12.0,21.0,24.0,5.345786190988656,45,-3.0,-102.0,-0.07,157.0,1.0
2025-04-08 12:09:25,164.72,40.0,274.33,24.0,158.21,14.0,379.72,18.0,219.53,109.61,54.0,42.0,29.48894453858631,96,12.0,51.0,0.12,157.0,
2025-04-08 12:09:26,163.6,20.0,277.92,12.0,159.0,12.0,337.75,24.0,220.76,114.32000000000002,32.0,36.0,35.488947152597675,68,-4.0,-28.0,-0.06,162.6,5.0
2025-04-08 12:09:27,160.36,44.0,239.71,21.0,158.0,11.0,360.06,16.0,200.04,79.35,55.0,37.0,32.00805101845324,92,18.0,24.0,0.2,162.6,
2025-04-08 12:09:28,162.67,24.0,225.0,18.0,160.5,6.0,266.33,6.0,193.83,62.33000000000001,30.0,24.0,24.960504201636915,54,6.0,-38.0,0.11,162.6,
2025-04-08 12:09:29,164.33,36.0,223.91,11.0,161.0,9.0,271.08,13.0,194.12,59.579999999999984,45.0,24.0,13.463763589723332,69,21.0,15.0,0.3,162.6,
2025-04-08 12:09:30,164.1,30.0,222.33,12.0,159.42,12.0,381.16,38.0,193.22,58.23000000000002,42.0,50.0,11.713397457609826,92,-8.0,23.0,-0.09,164.2,5.0
2025-04-08 12:09:31,161.0,6.0,221.0,6.0,158.0,6.0,295.0,20.0,191.0,60.0,12.0,26.0,3.359928570657203,38,-14.0,-54.0,-0.37,164.2,
2025-04-08 12:09:32,161.0,7.0,220.0,7.0,160.0,49.0,261.0,21.0,190.5,59.0,56.0,28.0,1.6700239518975737,84,28.0,46.0,0.33,164.2,
2025-04-08 12:09:33,161.0,9.0,218.44,9.0,160.0,63.0,325.0,9.0,189.72,57.44,72.0,18.0,1.8719294858270088,90,54.0,6.0,0.6,164.2,
2025-04-08 12:09:34,161.0,10.0,218.0,10.0,160.0,70.0,325.0,10.0,189.5,57.0,80.0,20.0,1.486781759339675,100,60.0,10.0,0.6,164.2,
2025-04-08 12:09:35,160.56,9.0,217.33,6.0,159.94,36.0,325.0,6.0,188.94,56.77000000000001,45.0,12.0,0.818364222031999,57,33.0,-43.0,0.58,160.25,4.0
2025-04-08 12:09:36,160.0,56.0,215.86,14.0,158.0,14.0,258.64,44.0,187.93,55.860000000000014,70.0,58.0,0.9567235754907414,128,12.0,71.0,0.09,160.25,
2025-04-08 12:09:37,161.1,92.0,212.79,14.0,160.36,53.0,240.21,29.0,186.94,51.69,145.0,43.0,1.1602068780597568,188,102.0,60.0,0.54,160.25,
2025-04-08 12:09:38,161.87,46.0,208.05,20.0,162.5,48.0,211.65,17.0,184.96,46.18000000000001,94.0,37.0,1.796184845692007,131,57.0,-57.0,0.44,163.83,6.0
2025-04-08 12:09:39,162.0,33.0,204.71,17.0,161.0,66.0,206.15,26.0,183.35,42.71000000000001,99.0,43.0,2.26148844787876,142,56.0,11.0,0.39,163.83,
2025-04-08 12:09:40,161.5,48.0,199.44,18.0,160.75,64.0,201.2,15.0,180.47,37.94,112.0,33.0,2.9677011304851586,145,79.0,3.0,0.54,163.83,
2025-04-08 12:09:41,163.0,72.0,197.0,48.0,160.43,42.0,198.0,12.0,180.0,34.0,114.0,60.0,2.948937096629415,174,54.0,29.0,0.31,161.0,3.0
2025-04-08 12:09:42,164.0,104.0,193.94,16.0,161.0,39.0,196.26,31.0,178.97,29.94,143.0,47.0,2.504665646323156,190,96.0,16.0,0.51,161.0,
2025-04-08 12:09:43,164.0,168.0,188.13,39.0,161.29,49.0,189.02,60.0,176.06,24.129999999999995,217.0,99.0,2.634549297292607,316,118.0,126.0,0.37,161.0,
2025-04-08 12:09:44,164.0,76.0,180.38,45.0,161.0,54.0,182.3,30.0,172.19,16.379999999999995,130.0,75.0,3.4458046955474675,205,55.0,-111.0,0.27,164.0,4.0
2025-04-08 12:09:45,164.0,56.0,176.94,47.0,161.0,42.0,177.48,23.0,170.47,12.939999999999998,98.0,70.0,4.148923956865173,168,28.0,-37.0,0.17,164.0,
2025-04-08 12:09:46,165.78,37.0,173.67,30.0,163.81,47.0,173.67,30.0,169.73,7.889999999999986,84.0,60.0,3.9237456594231968,144,24.0,-24.0,0.17,164.0,
2025-04-08 12:09:47,166.0,35.0,169.86,28.0,164.0,52.0,171.03,37.0,167.93,3.8600000000000136,87.0,65.0,3.0804837282210085,152,22.0,8.0,0.14,166.0,2.0
2025-04-08 12:09:48,161.0,183.0,164.72,61.0,160.0,136.0,165.41,54.0,162.86,3.719999999999999,319.0,115.0,3.572531315443548,434,204.0,168.0,0.47,164.33,6.0
2025-04-08 12:09:49,161.0,139.0,163.08,38.0,160.0,120.0,164.64,36.0,162.04,2.0800000000000125,259.0,74.0,3.915473151461705,333,185.0,-101.0,0.56,161.0,13.0
2025-04-08 12:09:50,160.04,71.0,278.32,38.0,158.67,72.0,380.04,26.0,219.18,118.28,143.0,64.0,24.165501650076568,207,79.0,-126.0,0.38,160.12,8.0
2025-04-08 12:09:51,160.0,48.0,383.71,28.0,158.0,32.0,498.25,28.0,271.86,223.71,80.0,56.0,48.2921389047941,136,24.0,-71.0,0.18,160.12,
2025-04-08 12:09:53,160.5,24.0,371.44,18.0,159.2,30.0,562.0,36.0,265.97,210.94,54.0,54.0,58.4545389170089,108,0.0,-8.0,0.0,160.0,3.0
2025-04-08 12:09:54,165.03,86.0,362.12,32.0,162.24,29.0,566.67,39.0,263.58,197.09,115.0,71.0,34.20162832381202,186,44.0,78.0,0.24,165.75,4.0
2025-04-08 12:09:55,165.0,40.0,168.0,15.0,161.0,10.0,263.71,14.0,166.5,3.0,50.0,29.0,54.68381387577263,79,21.0,-107.0,0.27,165.75,
2025-04-08 12:09:56,165.0,44.0,168.0,21.0,161.0,14.0,776.0,14.0,166.5,3.0,58.0,35.0,66.41769207071312,93,23.0,14.0,0.25,165.0,2.0
2025-04-08 12:09:57,165.36,28.0,168.0,15.0,163.67,18.0,593.11,18.0,166.68,2.6399999999999864,46.0,33.0,53.80125723438032,79,13.0,-14.0,0.16,165.0,
2025-04-08 12:09:58,166.0,17.0,252.04,26.0,165.0,54.0,677.1,21.0,209.02,86.03999999999999,71.0,47.0,42.79257973060189,118,24.0,39.0,0.2,166.0,4.0
2025-04-08 12:10:00,165.0,20.0,272.91,22.0,161.0,16.0,399.38,24.0,218.95,107.91000000000004,36.0,46.0,65.11625741702298,82,-10.0,15.0,-0.12,165.0,3.0
2025-04-08 12:10:01,165.0,8.0,323.08,25.0,161.0,16.0,409.2,30.0,244.04,158.07999999999998,24.0,55.0,58.91131028928192,79,-31.0,-3.0,-0.39,165.0,
2025-04-08 12:10:02,165.0,12.0,372.34,32.0,161.0,178.0,426.4,50.0,268.67,207.34,190.0,82.0,46.64087767184623,272,108.0,168.0,0.4,165.0,
2025-04-08 12:10:03,165.0,8.0,336.25,12.0,161.0,120.0,394.11,37.0,250.62,171.25,128.0,49.0,40.01302125558819,177,79.0,-95.0,0.45,165.0,
2025-04-08 12:10:04,165.0,8.0,281.12,24.0,161.86,84.0,325.75,40.0,223.06,116.12,92.0,64.0,20.46605653271001,156,28.0,-21.0,0.18,165.0,
2025-04-08 12:10:05,164.25,20.0,275.21,34.0,162.2,75.0,340.5,30.0,219.73,110.95999999999998,95.0,64.0,20.257224143502047,159,31.0,3.0,0.19,164.5,2.0
2025-04-08 12:10:06,164.0,10.0,302.71,7.0,161.0,30.0,330.38,8.0,233.36,138.70999999999998,40.0,15.0,20.448231463871757,55,25.0,-104.0,0.45,164.5,
2025-04-08 12:10:07,164.0,70.0,289.28,36.0,161.0,210.0,334.91,46.0,226.64,125.27999999999996,280.0,82.0,12.237999019449418,362,198.0,168.0,0.55,164.5,
2025-04-08 12:10:08,164.0,65.0,282.04,27.0,161.0,195.0,461.22,46.0,223.02,118.04000000000002,260.0,73.0,5.1938636870855,333,187.0,-29.0,0.56,164.5,
2025-04-08 12:10:09,164.0,80.0,278.0,20.0,161.0,240.0,279.21,28.0,221.0,114.0,320.0,48.0,5.476312628039412,368,272.0,35.0,0.74,164.5,
2025-04-08 12:10:10,164.0,85.0,273.9,20.0,161.0,255.0,274.48,31.0,218.95,109.89999999999998,340.0,51.0,5.66299214197083,391,289.0,23.0,0.74,164.0,3.0
2025-04-08 12:10:11,164.0,34.0,227.41,27.0,161.0,285.0,232.69,29.0,195.7,63.41,319.0,56.0,12.274396930195651,375,263.0,-16.0,0.7,164.0,1.0
2025-04-08 12:10:12,164.0,9.0,188.82,11.0,161.0,135.0,190.75,16.0,176.41,24.819999999999997,144.0,27.0,20.36467357950921,171,117.0,-168.0,0.68,164.0,
2025-04-08 12:10:13,161.86,42.0,184.16,31.0,160.97,186.0,187.89,27.0,173.01,22.299999999999983,228.0,58.0,22.68788068550972,286,170.0,115.0,0.59,164.0,
2025-04-08 12:10:14,161.69,87.0,168.93,15.0,160.8,75.0,170.07,15.0,165.31,7.240000000000009,162.0,30.0,21.61307428386544,192,132.0,-94.0,0.69,164.0,
2025-04-08 12:10:15,166.0,44.0,167.07,30.0,161.91,64.0,170.11,18.0,166.53,1.0699999999999932,108.0,48.0,12.240372543343954,156,60.0,-36.0,0.38,166.0,3.0
2025-04-08 12:10:16,164.0,13.0,167.0,26.0,162.0,143.0,382.21,43.0,165.5,3.0,156.0,69.0,5.058054962120051,225,87.0,69.0,0.39,166.0,
2025-04-08 12:10:17,162.13,61.0,166.55,22.0,161.61,72.0,327.93,27.0,164.34,4.420000000000016,133.0,49.0,3.482221991748757,182,84.0,-43.0,0.46,162.33,6.0
2025-04-08 12:10:18,162.0,42.0,166.0,14.0,161.0,20.0,210.0,21.0,164.0,4.0,62.0,35.0,1.0037579388538989,97,27.0,-85.0,0.28,162.33,
2025-04-08 12:10:19,160.92,24.0,165.75,24.0,159.84,25.0,181.84,25.0,163.33,4.8300000000000125,49.0,49.0,1.2725368363276497,98,0.0,1.0,0.0,160.67,3.0
2025-04-08 12:10:20,161.0,32.0,165.0,26.0,160.0,13.0,202.08,26.0,163.0,4.0,45.0,52.0,0.9757971099610018,97,-7.0,-1.0,-0.07,160.67,
2025-04-08 12:10:21,161.73,71.0,165.0,34.0,160.98,53.0,199.0,34.0,163.37,3.2700000000000102,124.0,68.0,0.5461410072561054,192,56.0,95.0,0.29,160.67,
2025-04-08 12:10:22,162.48,27.0,164.06,33.0,161.56,32.0,196.67,30.0,163.27,1.5800000000000125,59.0,63.0,0.3682797846827025,122,-4.0,-70.0,-0.03,163.33,3.0
2025-04-08 12:10:23,161.3,40.0,163.0,65.0,160.63,19.0,164.0,13.0,162.15,1.6999999999999886,59.0,78.0,0.5094899408276824,137,-19.0,15.0,-0.14,163.33,
2025-04-08 12:10:24,160.71,17.0,161.77,13.0,159.17,18.0,162.83,23.0,161.24,1.0600000000000025,35.0,36.0,0.901903542405208,71,-1.0,-66.0,-0.01,161.0,4.0
2025-04-08 12:10:25,159.04,23.0,160.53,17.0,158.06,51.0,190.35,34.0,159.79,1.490000000000009,74.0,51.0,1.4972908868355326,125,23.0,54.0,0.18,159.33,3.0
2025-04-08 12:10:26,158.04,27.0,160.12,33.0,157.67,51.0,328.52,29.0,159.08,2.0800000000000125,78.0,62.0,1.704942814230908,140,16.0,15.0,0.11,158.0,6.0
2025-04-08 12:10:27,157.0,23.0,224.22,27.0,155.0,15.0,326.0,42.0,190.61,67.22,38.0,69.0,13.4901382498408,107,-31.0,-33.0,-0.29,158.0,3.0
2025-04-08 12:10:28,157.0,9.0,207.78,18.0,155.0,9.0,334.0,18.0,182.39,50.78,18.0,36.0,14.803528971155242,54,-18.0,-53.0,-0.33,158.0,
2025-04-08 12:10:29,156.82,11.0,206.18,22.0,153.73,11.0,445.64,22.0,181.5,49.360000000000014,22.0,44.0,14.359607585162191,66,-22.0,12.0,-0.33,158.0,
2025-04-08 12:10:30,159.78,23.0,204.96,23.0,155.17,12.0,424.08,24.0,182.37,45.18000000000001,35.0,47.0,11.837620115541132,82,-12.0,16.0,-0.15,158.0,
2025-04-08 12:10:31,160.46,26.0,201.55,20.0,158.89,19.0,203.74,19.0,181.01,41.09,45.0,39.0,3.97593762525023,84,6.0,2.0,0.07,158.0,
2025-04-08 12:10:32,161.0,26.0,196.6,15.0,160.0,104.0,197.9,20.0,178.8,35.599999999999994,130.0,35.0,1.472253374888852,165,95.0,81.0,0.58,158.0,
2025-04-08 12:10:33,160.57,35.0,194.22,18.0,159.89,83.0,195.27,15.0,177.4,33.650000000000006,118.0,33.0,2.0526641225168567,151,85.0,-14.0,0.56,160.4,5.0
2025-04-08 12:10:34,160.0,54.0,190.43,14.0,157.0,12.0,191.56,18.0,175.21,30.430000000000007,66.0,32.0,2.843953234471903,98,34.0,-53.0,0.35,160.0,1.0
2025-04-08 12:10:35,160.65,37.0,184.76,17.0,158.83,18.0,185.56,18.0,172.71,24.109999999999985,55.0,35.0,3.204875972616723,90,20.0,-8.0,0.22,160.0,1.0
2025-04-08 12:10:36,161.77,26.0,178.16,19.0,160.2,41.0,180.0,19.0,169.96,16.389999999999986,67.0,38.0,3.5609170167033795,105,29.0,15.0,0.28,166.0,1.0
2025-04-08 12:10:37,160.29,14.0,174.86,21.0,158.56,16.0,176.0,24.0,167.57,14.570000000000022,30.0,45.0,3.941135623121745,75,-15.0,-30.0,-0.2,160.8,5.0
2025-04-08 12:10:38,160.0,11.0,170.67,12.0,158.0,11.0,171.83,12.0,165.33,10.669999999999987,22.0,24.0,3.939604040995752,46,-2.0,-29.0,-0.04,160.8,
2025-04-08 12:10:39,160.0,20.0,167.67,12.0,158.0,34.0,169.33,12.0,163.83,7.6699999999999875,54.0,24.0,3.558665480179532,78,30.0,32.0,0.38,160.8,
2025-04-08 12:10:40,160.0,19.0,164.63,19.0,158.0,36.0,165.24,17.0,162.32,4.629999999999996,55.0,36.0,3.026990254330786,91,19.0,13.0,0.21,160.0,2.0
2025-04-08 12:10:41,158.0,36.0,163.33,24.0,157.0,12.0,164.2,20.0,160.67,5.3300000000000125,48.0,44.0,2.6663795678422333,92,4.0,1.0,0.04,160.0,
2025-04-08 12:10:42,157.96,26.0,160.61,18.0,148.0,20.0,174.4,20.0,159.29,2.6500000000000057,46.0,38.0,2.410315332026134,84,8.0,-8.0,0.1,158.0,3.0
2025-04-08 12:10:43,157.0,12.0,162.25,24.0,123.64,42.0,399.6,30.0,159.62,5.25,54.0,54.0,1.9093271065471944,108,0.0,24.0,0.0,158.0,
2025-04-08 12:10:44,157.0,10.0,161.4,20.0,117.64,42.0,449.31,32.0,159.2,4.400000000000006,52.0,52.0,1.3112780024816768,104,0.0,-4.0,0.0,158.0,
2025-04-08 12:10:45,157.0,20.0,232.44,27.0,114.26,57.0,422.02,53.0,194.72,75.44,77.0,80.0,15.674547840362637,157,-3.0,53.0,-0.02,160.0,1.0
2025-04-08 12:10:46,165.0,11.0,355.0,55.0,157.0,65.0,628.95,38.0,260.0,190.0,76.0,93.0,43.81211339344282,169,-17.0,12.0,-0.1,160.0,
2025-04-08 12:10:50,124.53,87.0,154.23,30.0,117.82,110.0,219.27,62.0,139.38,29.69999999999999,197.0,92.0,58.67985659491527,289,105.0,110.0,0.36,160.0,
2025-04-08 12:10:51,133.71,52.0,155.35,40.0,132.7,80.0,173.59,49.0,144.53,21.639999999999983,132.0,89.0,28.226816504872332,221,43.0,-68.0,0.19,154.0,2.0
2025-04-08 12:10:52,137.7,47.0,181.7,43.0,135.47,19.0,186.91,35.0,159.7,44.0,66.0,78.0,18.21440995475041,144,-12.0,-77.0,-0.08,155.89,9.0
2025-04-08 12:10:53,139.88,40.0,287.65,23.0,136.0,8.0,335.35,17.0,213.76,147.76999999999998,48.0,40.0,38.298406363708736,88,8.0,-56.0,0.09,155.89,
2025-04-08 12:10:54,143.65,52.0,153.0,27.0,142.64,42.0,330.8,20.0,148.33,9.349999999999994,94.0,47.0,30.34972734638312,141,47.0,53.0,0.33,155.89,
2025-04-08 12:10:55,149.58,106.0,201.38,37.0,147.61,64.0,345.71,28.0,175.48,51.79999999999998,170.0,65.0,28.088786908654907,235,105.0,94.0,0.45,153.0,3.0
2025-04-08 12:10:56,152.24,66.0,247.64,22.0,150.65,65.0,362.82,22.0,199.94,95.39999999999998,131.0,44.0,27.254787102449843,175,87.0,-60.0,0.5,153.0,
2025-04-08 12:10:57,155.81,89.0,356.48,23.0,155.38,91.0,478.61,23.0,256.14,200.67,180.0,46.0,40.63248577185428,226,134.0,51.0,0.59,153.0,
2025-04-08 12:10:58,161.78,36.0,326.74,38.0,157.62,58.0,416.5,28.0,244.26,164.96,94.0,66.0,45.456093100925024,160,28.0,-66.0,0.17,162.0,1.0
2025-04-08 12:10:59,163.5,16.0,322.0,36.0,161.0,9.0,323.0,18.0,242.75,158.5,25.0,54.0,34.3790441984654,79,-29.0,-81.0,-0.37,164.0,1.0
2025-04-08 12:11:00,164.0,11.0,282.95,42.0,161.0,19.0,331.33,24.0,223.48,118.95,30.0,66.0,22.025046651484647,96,-36.0,17.0,-0.38,164.0,
2025-04-08 12:11:01,164.78,9.0,203.56,36.0,161.0,18.0,256.29,17.0,184.17,38.78,27.0,53.0,28.24880970943843,80,-26.0,-16.0,-0.33,164.0,
2025-04-08 12:11:02,160.33,21.0,202.89,27.0,160.5,16.0,286.09,22.0,181.61,42.55999999999997,37.0,49.0,30.672377312494124,86,-12.0,6.0,-0.14,161.25,4.0
2025-04-08 12:11:03,158.47,76.0,199.89,27.0,157.58,24.0,201.24,33.0,179.18,41.41999999999999,100.0,60.0,29.052035556909832,160,40.0,74.0,0.25,161.25,
2025-04-08 12:11:04,164.0,36.0,196.5,48.0,158.0,84.0,197.0,24.0,180.25,32.5,120.0,72.0,18.95443932169729,192,48.0,32.0,0.25,161.25,
2025-04-08 12:11:05,160.21,67.0,194.14,28.0,157.98,50.0,194.5,40.0,177.18,33.92999999999998,117.0,68.0,2.6232556108523686,185,49.0,-7.0,0.26,161.6,5.0
2025-04-08 12:11:06,158.11,70.0,191.36,22.0,157.36,22.0,192.55,58.0,174.74,33.25,92.0,80.0,2.6941919010829847,172,12.0,-13.0,0.07,158.0,1.0
2025-04-08 12:11:07,159.15,47.0,187.87,47.0,157.88,41.0,190.52,23.0,173.51,28.72,88.0,70.0,2.8561810166470245,158,18.0,-14.0,0.11,158.0,
2025-04-08 12:11:08,160.0,23.0,185.93,30.0,158.0,36.0,187.87,15.0,172.97,25.930000000000007,59.0,45.0,3.0024573268990853,104,14.0,-54.0,0.13,160.0,1.0
2025-04-08 12:11:09,160.0,30.0,182.59,39.0,158.0,60.0,184.4,42.0,171.29,22.590000000000003,90.0,81.0,2.1957845977789074,171,9.0,67.0,0.05,160.0,
2025-04-08 12:11:10,159.8,25.0,177.0,56.0,157.96,47.0,178.5,56.0,168.4,17.19999999999999,72.0,112.0,2.45087127361603,184,-40.0,13.0,-0.22,158.8,5.0
2025-04-08 12:11:11,159.9,10.0,174.8,40.0,158.0,10.0,176.3,40.0,167.35,14.900000000000006,20.0,80.0,2.73447984081626,100,-60.0,-84.0,-0.6,158.8,
2025-04-08 12:11:12,159.85,13.0,174.0,52.0,157.92,13.0,176.0,52.0,166.92,14.150000000000006,26.0,104.0,2.6300627368611287,130,-78.0,30.0,-0.6,160.0,1.0
2025-04-08 12:11:13,161.82,22.0,171.88,32.0,157.88,8.0,176.0,32.0,166.85,10.060000000000002,30.0,64.0,1.8550121292920845,94,-34.0,-36.0,-0.36,160.0,
2025-04-08 12:11:14,162.0,27.0,170.11,36.0,158.0,9.0,176.0,36.0,166.06,8.110000000000014,36.0,72.0,0.8555290759622218,108,-36.0,14.0,-0.33,160.0,
2025-04-08 12:11:15,162.0,27.0,167.25,32.0,158.0,9.0,170.67,30.0,164.62,5.25,36.0,62.0,1.0783552289546696,98,-26.0,-10.0,-0.27,160.0,
2025-04-08 12:11:16,162.0,23.0,163.4,50.0,158.0,13.0,164.92,52.0,162.7,1.4000000000000057,36.0,102.0,1.784824921332724,138,-66.0,40.0,-0.48,162.0,2.0
2025-04-08 12:11:17,160.57,14.0,166.8,30.0,156.5,10.0,212.43,14.0,163.69,6.230000000000018,24.0,44.0,1.6928762505888963,68,-20.0,-70.0,-0.29,158.2,5.0
2025-04-08 12:11:18,128.85,20.0,166.0,48.0,105.23,22.0,167.85,26.0,147.43,37.150000000000006,42.0,74.0,7.631005831461095,116,-32.0,48.0,-0.28,163.67,6.0
2025-04-08 12:11:21,139.29,56.0,163.62,32.0,70.57,70.0,164.62,32.0,151.46,24.330000000000013,126.0,64.0,11.6096886263044,190,62.0,-36.0,0.33,163.67,
2025-04-08 12:11:22,160.0,72.0,162.68,47.0,87.56,72.0,164.0,48.0,161.34,2.680000000000007,144.0,95.0,10.782057781320784,239,49.0,49.0,0.21,162.0,1.0
2025-04-08 12:11:23,160.0,60.0,161.16,38.0,112.0,40.0,162.5,32.0,160.58,1.1599999999999966,100.0,70.0,12.525949864171976,170,30.0,-69.0,0.18,162.0,
2025-04-08 12:11:24,153.14,28.0,161.5,24.0,99.06,34.0,165.08,13.0,157.32,8.360000000000014,62.0,37.0,11.0586653805857,99,25.0,-71.0,0.25,160.0,6.0
2025-04-08 12:11:26,131.81,114.0,299.52,42.0,116.35,111.0,466.74,38.0,215.67,167.70999999999998,225.0,80.0,33.01852162044516,305,145.0,141.0,0.48,155.73,11.0
2025-04-08 12:11:28,166.04,47.0,287.5,50.0,158.17,138.0,329.46,70.0,226.77,121.46,185.0,120.0,77.76854846272997,305,65.0,165.0,0.21,155.73,
2025-04-08 12:11:29,165.0,20.0,351.0,20.0,159.6,40.0,457.3,20.0,258.0,186.0,60.0,40.0,73.6275272571343,100,20.0,-168.0,0.2,155.73,
2025-04-08 12:11:30,162.71,65.0,412.0,40.0,160.7,54.0,573.62,52.0,287.35,249.29,119.0,92.0,45.39720883490724,211,27.0,111.0,0.13,155.73,
2025-04-08 12:11:31,166.52,108.0,239.26,58.0,165.92,52.0,486.97,30.0,202.89,72.73999999999998,160.0,88.0,48.94397337773233,248,72.0,37.0,0.29,155.73,
2025-04-08 12:11:32,167.0,43.0,178.0,45.0,166.0,54.0,369.87,15.0,172.5,11.0,97.0,60.0,45.06500160878789,157,37.0,-91.0,0.24,167.0,6.0
2025-04-08 12:11:33,166.41,17.0,178.0,60.0,165.89,47.0,355.0,24.0,172.21,11.590000000000003,64.0,84.0,51.96866411598449,148,-20.0,-9.0,-0.14,166.2,5.0
2025-04-08 12:11:34,166.0,20.0,305.28,32.0,165.0,10.0,370.38,24.0,235.64,139.27999999999997,30.0,56.0,48.58119152511594,86,-26.0,-62.0,-0.3,166.2,
2025-04-08 12:11:35,166.0,22.0,339.26,39.0,165.0,11.0,436.71,21.0,252.63,173.26,33.0,60.0,36.46807274863823,93,-27.0,7.0,-0.29,166.2,
2025-04-08 12:11:36,166.0,16.0,297.06,18.0,165.0,8.0,353.29,14.0,231.53,131.06,24.0,32.0,37.85001149273262,56,-8.0,-37.0,-0.14,166.2,
2025-04-08 12:11:37,166.0,22.0,200.0,13.0,165.0,11.0,206.68,31.0,183.0,34.0,33.0,44.0,35.25000524822655,77,-11.0,21.0,-0.14,166.2,
2025-04-08 12:11:38,166.0,18.0,189.56,9.0,165.0,9.0,192.0,27.0,177.78,23.56,27.0,36.0,33.609405380042105,63,-9.0,-14.0,-0.14,166.2,
2025-04-08 12:11:39,165.53,15.0,189.0,11.0,162.48,25.0,192.0,33.0,177.27,23.47,40.0,44.0,35.2306055866197,84,-4.0,21.0,-0.05,166.0,2.0
2025-04-08 12:11:40,165.0,11.0,184.67,18.0,162.0,33.0,189.0,29.0,174.83,19.669999999999987,44.0,47.0,24.02603525344748,91,-3.0,7.0,-0.03,166.0,
2025-04-08 12:11:41,165.0,15.0,182.0,30.0,162.0,45.0,183.0,45.0,173.5,17.0,60.0,75.0,3.648949163780944,135,-15.0,44.0,-0.11,166.0,
2025-04-08 12:11:42,165.0,16.0,179.0,21.0,162.0,48.0,180.53,34.0,172.0,14.0,64.0,55.0,2.456181996483443,119,9.0,-16.0,0.08,166.0,
2025-04-08 12:11:43,161.07,56.0,173.91,11.0,160.07,83.0,175.27,11.0,167.49,12.840000000000003,139.0,22.0,3.646583332359426,161,117.0,42.0,0.73,161.88,8.0
2025-04-08 12:11:44,161.0,72.0,170.04,23.0,160.0,96.0,171.62,13.0,165.52,9.039999999999992,168.0,36.0,3.991186540345197,204,132.0,43.0,0.65,161.88,
2025-04-08 12:11:45,161.0,92.0,164.5,20.0,160.0,112.0,165.5,22.0,162.75,3.5,204.0,42.0,4.46949325984765,246,162.0,42.0,0.66,161.88,
2025-04-08 12:11:46,160.6,63.0,162.32,22.0,159.81,97.0,167.3,20.0,161.46,1.7199999999999989,160.0,42.0,4.168420564172298,202,118.0,-44.0,0.58,160.8,5.0
2025-04-08 12:11:47,160.0,36.0,161.59,27.0,158.0,48.0,230.3,43.0,160.8,1.5900000000000034,84.0,70.0,2.826681800239637,154,14.0,-48.0,0.09,160.0,8.0
2025-04-08 12:11:48,160.0,11.0,166.14,14.0,158.0,33.0,243.78,27.0,163.07,6.139999999999986,44.0,41.0,1.81916189488528,85,3.0,-69.0,0.04,161.0,2.0
2025-04-08 12:11:49,160.0,12.0,319.71,14.0,158.0,36.0,391.97,36.0,239.86,159.70999999999998,48.0,50.0,34.82344712976962,98,-2.0,13.0,-0.02,161.0,
2025-04-08 12:11:50,163.18,11.0,304.2,20.0,158.74,19.0,436.15,20.0,233.69,141.01999999999998,30.0,40.0,41.14444470399272,70,-10.0,-28.0,-0.14,161.0,
2025-04-08 12:11:51,159.56,9.0,431.22,9.0,157.2,30.0,634.27,30.0,295.39,271.66,39.0,39.0,57.01055489994828,78,0.0,8.0,0.0,160.25,4.0
2025-04-08 12:11:52,159.29,14.0,328.33,36.0,157.02,45.0,345.62,21.0,243.81,169.04,59.0,57.0,47.232653747170296,116,2.0,38.0,0.02,160.25,
2025-04-08 12:11:53,164.0,30.0,209.6,25.0,158.0,11.0,362.23,35.0,186.8,45.6,41.0,60.0,38.57655829645898,101,-19.0,-15.0,-0.19,164.0,1.0
2025-04-08 12:11:54,160.5,24.0,272.59,27.0,141.23,31.0,358.14,28.0,216.55,112.08999999999996,55.0,55.0,39.96754708510493,110,0.0,9.0,0.0,161.6,5.0
2025-04-08 12:11:55,157.0,36.0,266.07,30.0,139.08,37.0,343.07,14.0,211.53,109.07,73.0,44.0,41.386961473392354,117,29.0,7.0,0.25,161.6,
2025-04-08 12:11:56,157.8,20.0,263.89,36.0,150.4,40.0,317.22,18.0,210.84,106.08999999999996,60.0,54.0,20.31637836820333,114,6.0,-3.0,0.05,161.6,
2025-04-08 12:11:57,158.0,24.0,258.0,48.0,157.0,48.0,264.0,48.0,208.0,100.0,72.0,96.0,11.566993126996037,168,-24.0,54.0,-0.14,161.6,
2025-04-08 12:11:58,158.93,43.0,227.35,43.0,157.97,29.0,461.95,38.0,193.14,68.41999999999999,72.0,81.0,8.866339154351055,153,-9.0,-15.0,-0.06,159.17,6.0
2025-04-08 12:11:59,157.35,17.0,171.86,29.0,133.24,42.0,240.0,25.0,164.61,14.51000000000002,59.0,54.0,19.91062103501393,113,5.0,-40.0,0.04,158.6,5.0
2025-04-08 12:12:00,157.0,21.0,168.62,16.0,132.0,56.0,170.38,26.0,162.81,11.620000000000005,77.0,42.0,23.074018939055723,119,35.0,6.0,0.29,158.6,
2025-04-08 12:12:01,157.07,29.0,165.26,27.0,141.96,75.0,166.47,30.0,161.16,8.189999999999998,104.0,57.0,21.347234715528487,161,47.0,42.0,0.29,158.6,
2025-04-08 12:12:02,158.0,22.0,162.48,33.0,157.0,33.0,163.54,26.0,160.24,4.47999999999999,55.0,59.0,13.934513626238568,114,-4.0,-47.0,-0.04,158.6,
2025-04-08 12:12:03,157.91,22.0,162.96,25.0,147.22,27.0,422.09,43.0,160.43,5.050000000000011,49.0,68.0,1.845521606431036,117,-19.0,3.0,-0.16,159.5,8.0
2025-04-08 12:12:04,161.45,11.0,179.93,15.0,157.16,19.0,451.48,23.0,170.69,18.480000000000015,30.0,38.0,4.3805969912568345,68,-8.0,-49.0,-0.12,162.0,2.0
2025-04-08 12:12:05,130.3,76.0,192.0,21.0,118.14,98.0,365.61,23.0,161.15,61.69999999999999,174.0,44.0,4.466903849402532,218,130.0,150.0,0.6,160.0,1.0
2025-04-08 12:12:06,135.65,17.0,164.29,28.0,131.51,49.0,223.9,10.0,149.97,28.639999999999983,66.0,38.0,7.335051465381728,104,28.0,-114.0,0.27,160.0,
2025-04-08 12:12:07,142.31,49.0,246.43,7.0,134.71,14.0,342.2,25.0,194.37,104.12,63.0,32.0,16.804931419075317,95,31.0,-9.0,0.33,154.0,5.0
2025-04-08 12:12:08,143.84,98.0,244.62,16.0,141.8,20.0,355.12,41.0,194.23,100.78,118.0,57.0,19.859982880149985,175,61.0,80.0,0.35,164.0,2.0
2025-04-08 12:12:09,164.68,50.0,243.14,21.0,159.39,89.0,243.67,21.0,203.91,78.45999999999998,139.0,42.0,23.638770695615204,181,97.0,6.0,0.54,164.0,
2025-04-08 12:12:10,167.0,21.0,242.0,8.0,166.0,56.0,243.0,16.0,204.5,75.0,77.0,24.0,22.590400173523037,101,53.0,-80.0,0.52,167.0,1.0
2025-04-08 12:12:11,167.0,16.0,241.62,8.0,166.0,56.0,243.0,16.0,204.31,74.62,72.0,24.0,5.44875031543487,96,48.0,-5.0,0.5,167.0,
2025-04-08 12:12:12,166.5,20.0,240.38,13.0,165.15,66.0,294.91,33.0,203.44,73.88,86.0,46.0,4.405969813782054,132,40.0,36.0,0.3,165.33,3.0
2025-04-08 12:12:13,163.63,27.0,236.89,28.0,159.47,15.0,297.64,25.0,200.26,73.25999999999999,42.0,53.0,1.7386862856660907,95,-11.0,-37.0,-0.12,160.67,3.0
2025-04-08 12:12:14,165.83,29.0,237.8,20.0,160.78,9.0,238.2,20.0,201.81,71.97,38.0,40.0,1.80214594302507,78,-2.0,-17.0,-0.03,166.0,4.0
2025-04-08 12:12:15,161.0,9.0,199.47,19.0,160.0,18.0,187.0,35.0,180.24,38.47,27.0,54.0,10.055474628278006,81,-27.0,3.0,-0.33,166.0,
2025-04-08 12:12:16,161.0,8.0,165.75,8.0,160.0,16.0,234.82,34.0,163.38,4.75,24.0,42.0,17.529317727735744,66,-18.0,-15.0,-0.27,166.0,
2025-04-08 12:12:17,161.0,6.0,163.14,21.0,160.0,12.0,164.11,9.0,162.07,2.1399999999999864,18.0,30.0,19.18245995694708,48,-12.0,-18.0,-0.25,166.0,
2025-04-08 12:12:18,158.76,34.0,162.5,16.0,147.09,22.0,183.18,34.0,160.63,3.740000000000009,56.0,50.0,17.64582471860829,106,6.0,58.0,0.06,159.75,4.0
2025-04-08 12:12:19,158.0,18.0,161.0,12.0,135.14,21.0,162.89,18.0,159.5,3.0,39.0,30.0,8.553936520679487,69,9.0,-37.0,0.13,160.0,3.0
2025-04-08 12:12:20,157.0,15.0,159.62,8.0,58.56,25.0,160.8,5.0,158.31,2.6200000000000045,40.0,13.0,2.0115839529577544,53,27.0,-16.0,0.51,160.0,3.0
2025-04-08 12:12:23,129.23,26.0,151.0,10.0,126.63,75.0,153.0,10.0,140.12,21.77000000000001,101.0,20.0,22.410781333985327,121,81.0,-70.0,0.67,160.0,
2025-04-08 12:12:24,130.0,8.0,154.0,8.0,116.41,17.0,503.83,12.0,142.0,24.0,25.0,20.0,19.215244468902583,45,5.0,-76.0,0.11,153.5,4.0
2025-04-08 12:12:26,141.69,26.0,153.24,34.0,126.79,39.0,388.85,52.0,147.46,11.550000000000011,65.0,86.0,12.14526162747039,151,-21.0,58.0,-0.14,149.0,3.0
2025-04-08 12:12:31,149.0,25.0,222.65,46.0,127.25,51.0,463.18,55.0,185.83,73.65,76.0,101.0,51.28268011716921,177,-25.0,33.0,-0.14,151.29,7.0
2025-04-08 12:12:32,165.57,49.0,232.21,56.0,163.75,28.0,349.07,70.0,198.89,66.64000000000001,77.0,126.0,35.55117832083567,203,-49.0,26.0,-0.24,151.29,
2025-04-08 12:12:33,166.0,24.0,217.54,26.0,165.0,18.0,301.89,28.0,191.77,51.53999999999999,42.0,54.0,18.32955482274217,96,-12.0,-107.0,-0.12,151.29,
2025-04-08 12:12:34,166.0,36.0,227.33,36.0,165.0,27.0,241.37,38.0,196.67,61.33000000000001,63.0,74.0,14.668370052596126,137,-11.0,41.0,-0.08,151.29,
2025-04-08 12:12:35,166.43,28.0,222.0,32.0,165.57,28.0,224.0,32.0,194.21,55.56999999999999,56.0,64.0,5.03546224292503,120,-8.0,-17.0,-0.07,151.29,
2025-04-08 12:12:36,167.57,21.0,220.0,28.0,166.0,28.0,224.0,28.0,193.79,52.43000000000001,49.0,56.0,2.757730951331148,105,-7.0,-15.0,-0.07,151.29,
2025-04-08 12:12:37,168.0,21.0,215.77,31.0,166.0,28.0,219.0,30.0,191.89,47.77000000000001,49.0,61.0,2.0052630749915035,110,-12.0,5.0,-0.11,151.29,
2025-04-08 12:12:38,168.0,30.0,212.9,40.0,166.0,40.0,214.67,48.0,190.45,44.900000000000006,70.0,88.0,2.370847949558005,158,-18.0,48.0,-0.11,151.29,
2025-04-08 12:12:39,168.0,18.0,211.31,26.0,166.0,42.0,212.28,25.0,189.65,43.31,60.0,51.0,2.001579376372068,111,9.0,-47.0,0.08,151.29,
2025-04-08 12:12:40,168.0,12.0,209.53,43.0,166.0,70.0,210.74,47.0,188.77,41.53,82.0,90.0,1.9769673745193084,172,-8.0,61.0,-0.05,168.0,2.0
2025-04-08 12:12:41,168.0,8.0,207.22,37.0,166.0,56.0,208.71,35.0,187.61,39.22,64.0,72.0,1.6271693212167515,136,-8.0,-36.0,-0.06,168.0,
2025-04-08 12:12:42,168.0,9.0,205.74,38.0,166.0,63.0,206.81,43.0,186.87,37.74000000000001,72.0,81.0,1.457943757456066,153,-9.0,17.0,-0.06,168.0,
2025-04-08 12:12:43,164.29,21.0,203.75,40.0,161.43,21.0,204.78,41.0,184.02,39.46000000000001,42.0,81.0,2.1614532148302734,123,-39.0,-30.0,-0.32,165.7,10.0
2025-04-08 12:12:44,163.0,16.0,201.73,30.0,161.0,24.0,203.44,36.0,182.37,38.72999999999999,40.0,66.0,2.650154712445008,106,-26.0,-17.0,-0.25,165.7,
2025-04-08 12:12:45,163.0,22.0,195.39,46.0,161.0,33.0,195.89,38.0,179.2,32.389999999999986,55.0,84.0,3.426562417334185,139,-29.0,33.0,-0.21,165.7,
2025-04-08 12:12:46,163.0,20.0,188.09,43.0,161.0,42.0,190.36,44.0,175.55,25.090000000000003,62.0,87.0,4.375633668381944,149,-25.0,10.0,-0.17,163.0,1.0
2025-04-08 12:12:47,161.18,66.0,173.63,70.0,160.6,30.0,174.75,72.0,167.41,12.449999999999989,96.0,142.0,6.6050624523816825,238,-46.0,89.0,-0.19,161.67,3.0
2025-04-08 12:12:48,161.0,61.0,165.87,30.0,160.0,9.0,167.33,36.0,163.43,4.8700000000000045,70.0,66.0,7.965865929065452,136,4.0,-102.0,0.03,161.0,9.0
2025-04-08 12:12:49,160.52,25.0,162.25,48.0,158.87,39.0,167.56,50.0,161.38,1.7299999999999898,64.0,98.0,7.710118676118346,162,-34.0,26.0,-0.21,160.8,5.0
2025-04-08 12:12:50,158.19,80.0,166.0,36.0,152.45,44.0,221.86,21.0,162.09,7.810000000000002,124.0,57.0,5.8400359587775785,181,67.0,19.0,0.37,158.25,4.0
2025-04-08 12:12:51,158.18,51.0,163.09,11.0,128.92,39.0,164.28,25.0,160.63,4.909999999999997,90.0,36.0,2.678697444618021,126,54.0,-55.0,0.43,159.0,3.0
2025-04-08 12:12:52,158.32,62.0,164.96,26.0,133.35,46.0,197.65,20.0,161.64,6.640000000000015,108.0,46.0,1.037559636743125,154,62.0,28.0,0.4,163.25,4.0
2025-04-08 12:12:53,161.0,15.0,294.0,15.0,158.64,39.0,419.6,10.0,227.5,133.0,54.0,25.0,29.54991319783951,79,29.0,-75.0,0.37,163.25,
2025-04-08 12:12:54,165.0,6.0,292.67,18.0,159.0,30.0,295.0,6.0,228.83,127.67000000000002,36.0,24.0,36.54633456312553,60,12.0,-19.0,0.2,163.25,
2025-04-08 12:12:55,165.75,8.0,291.0,15.0,160.38,13.0,295.0,5.0,228.38,125.25,21.0,20.0,36.75794376729955,41,1.0,-19.0,0.02,163.25,
2025-04-08 12:12:56,166.0,16.0,198.36,14.0,165.0,8.0,275.67,18.0,182.18,32.360000000000014,24.0,32.0,31.6981589370735,56,-8.0,15.0,-0.14,163.25,
2025-04-08 12:12:57,165.4,15.0,197.92,36.0,160.12,34.0,304.33,18.0,181.66,32.51999999999998,49.0,54.0,25.37385859501838,103,-5.0,47.0,-0.05,166.0,2.0
2025-04-08 12:12:58,165.0,7.0,197.0,21.0,163.0,14.0,319.67,18.0,181.0,32.0,21.0,39.0,25.742284280924867,60,-18.0,-43.0,-0.3,166.0,
2025-04-08 12:12:59,159.38,32.0,195.78,27.0,158.31,51.0,336.73,30.0,177.58,36.400000000000006,83.0,57.0,21.440970127303267,140,26.0,80.0,0.19,162.2,5.0
2025-04-08 12:13:00,159.29,41.0,194.78,27.0,158.31,51.0,305.57,28.0,177.04,35.49000000000001,92.0,55.0,2.401441233899116,147,37.0,7.0,0.25,162.2,
2025-04-08 12:13:01,159.0,91.0,193.08,39.0,158.0,91.0,534.2,20.0,176.04,34.08000000000001,182.0,59.0,2.50652747837842,241,123.0,94.0,0.51,162.2,
2025-04-08 12:13:02,160.29,70.0,191.89,27.0,158.42,48.0,264.0,9.0,176.09,31.599999999999994,118.0,36.0,2.0356325797799792,154,82.0,-87.0,0.53,162.2,
2025-04-08 12:13:03,161.0,104.0,181.29,28.0,159.0,72.0,252.8,25.0,171.14,20.289999999999992,176.0,53.0,2.5649990253124657,229,123.0,75.0,0.54,162.2,
2025-04-08 12:13:04,161.0,103.0,173.0,33.0,159.0,59.0,273.51,51.0,167.0,12.0,162.0,84.0,4.28671435948856,246,78.0,17.0,0.32,161.0,4.0
2025-04-08 12:13:05,161.0,36.0,172.75,12.0,159.0,16.0,265.38,8.0,166.88,11.75,52.0,20.0,4.565610583463875,72,32.0,-168.0,0.44,161.0,
2025-04-08 12:13:06,161.0,68.0,168.47,40.0,159.0,48.0,169.89,38.0,164.74,7.469999999999999,116.0,78.0,4.509578694271605,194,38.0,122.0,0.2,161.0,5.0
2025-04-08 12:13:07,159.86,37.0,165.85,65.0,158.37,43.0,167.0,39.0,162.86,5.989999999999981,80.0,104.0,3.093069672642044,184,-24.0,-10.0,-0.13,160.14,7.0
2025-04-08 12:13:08,161.21,19.0,164.23,22.0,159.05,21.0,165.12,48.0,162.72,3.019999999999982,40.0,70.0,2.076776348047958,110,-30.0,-74.0,-0.27,163.0,1.0
2025-04-08 12:13:09,161.79,29.0,164.19,21.0,158.54,13.0,230.34,41.0,162.99,2.4000000000000057,42.0,62.0,1.7883567876149,104,-20.0,-6.0,-0.19,162.0,4.0
2025-04-08 12:13:10,151.58,12.0,163.22,45.0,147.33,21.0,433.0,45.0,157.4,11.639999999999986,33.0,90.0,2.775107205100532,123,-57.0,19.0,-0.46,158.25,4.0
2025-04-08 12:13:12,140.58,19.0,246.07,44.0,103.53,19.0,377.22,37.0,193.32,105.48999999999998,38.0,81.0,21.116556300680298,119,-43.0,-69.0,-0.36,159.0,1.0
2025-04-08 12:13:13,149.0,14.0,154.0,14.0,128.43,14.0,215.52,21.0,151.5,5.0,28.0,35.0,21.62425559411912,63,-7.0,-56.0,-0.11,159.0,
2025-04-08 12:13:14,144.38,16.0,154.0,16.0,124.0,14.0,155.0,24.0,149.19,9.620000000000005,30.0,40.0,22.001632439430058,70,-10.0,7.0,-0.14,159.0,
2025-04-08 12:13:15,123.0,8.0,154.0,14.0,67.92,13.0,155.0,21.0,138.5,31.0,21.0,35.0,23.50831831500854,56,-14.0,-14.0,-0.25,159.0,
2025-04-08 12:13:19,135.47,34.0,154.0,22.0,100.0,20.0,155.0,33.0,144.74,18.53,54.0,55.0,7.612711737593152,109,-1.0,60.0,-0.01,159.0,
2025-04-08 12:13:21,158.17,92.0,360.0,42.0,105.44,27.0,553.65,34.0,259.09,201.83,119.0,76.0,54.47487925640423,195,43.0,88.0,0.22,159.0,
2025-04-08 12:13:22,166.0,119.0,208.0,35.0,108.0,19.0,515.0,28.0,187.0,42.0,138.0,63.0,50.54157763663364,201,75.0,6.0,0.37,159.0,
2025-04-08 12:13:23,166.0,204.0,250.38,47.0,162.0,12.0,503.83,23.0,208.19,84.38,216.0,70.0,42.79205264999482,286,146.0,85.0,0.51,159.0,
2025-04-08 12:13:24,166.06,144.0,211.88,48.0,165.24,42.0,234.2,40.0,188.97,45.81999999999999,186.0,88.0,33.48204175375158,274,98.0,-12.0,0.36,159.0,
2025-04-08 12:13:25,166.03,79.0,189.83,24.0,165.49,39.0,279.38,29.0,177.93,23.80000000000001,118.0,53.0,32.58347556661148,171,65.0,-103.0,0.38,166.62,8.0
2025-04-08 12:13:26,166.04,79.0,428.07,27.0,165.25,48.0,541.92,36.0,297.06,262.03,127.0,63.0,48.902251993134215,190,64.0,19.0,0.34,166.1,10.0
2025-04-08 12:13:27,165.89,37.0,435.7,40.0,161.56,16.0,599.44,36.0,300.8,269.81,53.0,76.0,59.738524002523626,129,-23.0,-61.0,-0.18,163.62,8.0
2025-04-08 12:13:31,164.2,15.0,397.67,15.0,162.83,65.0,418.83,12.0,280.93,233.47000000000003,80.0,27.0,23.757156185040607,107,53.0,-1.0,0.5,163.62,
2025-04-08 12:13:32,162.9,84.0,218.61,23.0,162.02,151.0,289.06,17.0,190.76,55.71000000000001,235.0,40.0,61.10011743033172,275,195.0,168.0,0.71,164.33,3.0
2025-04-08 12:13:33,163.48,25.0,196.24,17.0,162.07,83.0,198.33,12.0,179.86,32.76000000000002,108.0,29.0,70.45787344222217,137,79.0,-138.0,0.58,164.33,
2025-04-08 12:13:34,164.56,80.0,194.67,24.0,161.93,118.0,198.0,12.0,179.61,30.109999999999985,198.0,36.0,66.97965310450688,234,162.0,97.0,0.69,163.0,3.0
2025-04-08 12:13:35,166.0,49.0,192.57,14.0,162.0,77.0,198.0,7.0,179.29,26.569999999999997,126.0,21.0,44.338126369976,147,105.0,-87.0,0.71,163.0,
2025-04-08 12:13:36,166.0,49.0,192.0,14.0,162.0,77.0,198.0,7.0,179.0,26.0,126.0,21.0,5.072852254883624,147,105.0,0.0,0.71,163.0,
2025-04-08 12:13:37,166.11,55.0,190.46,13.0,162.86,98.0,192.24,17.0,178.29,24.349999999999994,153.0,30.0,0.6081529411816166,183,123.0,36.0,0.67,163.0,
2025-04-08 12:13:38,167.0,20.0,189.5,10.0,166.0,70.0,191.0,20.0,178.25,22.5,90.0,30.0,0.6041688504603179,120,60.0,-63.0,0.5,163.0,
2025-04-08 12:13:39,166.54,26.0,188.86,14.0,164.8,110.0,191.0,28.0,177.7,22.32000000000002,136.0,42.0,0.6364982324131012,178,94.0,58.0,0.53,166.4,5.0
2025-04-08 12:13:40,166.0,36.0,186.2,15.0,162.0,99.0,189.0,12.0,176.1,20.19999999999999,135.0,27.0,1.090811624370785,162,108.0,-16.0,0.67,166.4,
2025-04-08 12:13:41,166.0,60.0,185.42,24.0,162.0,165.0,186.24,21.0,175.71,19.419999999999987,225.0,45.0,1.221699635696,270,180.0,108.0,0.67,166.4,
2025-04-08 12:13:42,166.0,39.0,183.1,20.0,162.0,110.0,185.0,10.0,174.55,17.099999999999994,149.0,30.0,1.506807884189843,179,119.0,-91.0,0.66,166.0,1.0
2025-04-08 12:13:43,166.0,42.0,180.88,17.0,162.0,154.0,182.04,25.0,173.44,14.879999999999995,196.0,42.0,1.6116916578095095,238,154.0,59.0,0.65,166.0,
2025-04-08 12:13:44,166.0,24.0,179.4,10.0,162.0,88.0,180.14,14.0,172.7,13.400000000000006,112.0,24.0,1.4482920975579257,136,88.0,-102.0,0.65,166.0,
2025-04-08 12:13:45,163.84,50.0,177.53,15.0,161.97,58.0,178.33,12.0,170.69,13.689999999999998,108.0,27.0,1.90346263421281,135,81.0,-1.0,0.6,166.0,5.0
2025-04-08 12:13:46,164.78,36.0,173.67,18.0,162.42,38.0,175.5,12.0,169.22,8.889999999999986,74.0,30.0,2.147009548148103,104,44.0,-31.0,0.42,166.0,
2025-04-08 12:13:47,163.0,20.0,171.47,19.0,162.0,110.0,172.73,11.0,167.24,8.469999999999999,130.0,30.0,2.532828458430051,160,100.0,56.0,0.62,166.0,
2025-04-08 12:13:48,162.69,26.0,170.05,38.0,161.98,101.0,171.05,19.0,166.37,7.360000000000014,127.0,57.0,2.564728055725867,184,70.0,24.0,0.38,162.4,5.0
2025-04-08 12:13:49,162.0,120.0,167.67,48.0,161.0,30.0,167.81,37.0,164.83,5.669999999999988,150.0,85.0,2.3164304435534064,235,65.0,51.0,0.28,162.4,
2025-04-08 12:13:50,161.13,30.0,164.14,21.0,159.04,295.0,165.37,54.0,162.64,3.009999999999991,325.0,75.0,2.4841195623026344,400,250.0,165.0,0.62,160.5,4.0
2025-04-08 12:13:51,159.01,282.0,160.81,21.0,158.84,80.0,162.76,37.0,159.91,1.8000000000000114,362.0,58.0,2.96585063680005,420,304.0,20.0,0.72,159.8,5.0
2025-04-08 12:13:52,159.0,294.0,164.45,29.0,158.0,14.0,172.82,49.0,161.72,5.449999999999989,308.0,78.0,2.5484171557660766,386,230.0,-34.0,0.6,161.0,1.0
2025-04-08 12:13:53,159.85,79.0,164.64,56.0,158.99,222.0,222.0,21.0,162.25,4.789999999999992,301.0,77.0,1.7722161267180558,378,224.0,-8.0,0.59,161.17,6.0
2025-04-08 12:13:54,158.67,160.0,161.5,48.0,158.05,109.0,220.09,44.0,160.08,2.8300000000000125,269.0,92.0,1.254292629251915,361,177.0,-17.0,0.49,161.0,1.0
2025-04-08 12:13:55,158.04,208.0,199.09,35.0,152.04,70.0,366.0,36.0,178.56,41.05000000000001,278.0,71.0,7.922735007546868,349,207.0,-12.0,0.59,159.43,7.0
2025-04-08 12:13:57,158.21,224.0,386.06,35.0,153.59,145.0,588.96,48.0,272.14,227.85,369.0,83.0,89.04202760494657,452,286.0,168.0,0.63,160.0,4.0
2025-04-08 12:13:58,158.23,124.0,434.0,16.0,144.43,61.0,600.0,16.0,296.11,275.77,185.0,32.0,84.59696164756849,217,153.0,-168.0,0.71,160.0,
2025-04-08 12:13:59,158.32,132.0,388.2,20.0,156.24,71.0,512.0,20.0,273.26,229.88,203.0,40.0,66.31824620721109,243,163.0,26.0,0.67,161.5,4.0
2025-04-08 12:14:00,158.0,127.0,380.36,25.0,131.89,9.0,419.67,18.0,269.18,222.36,136.0,43.0,39.90291618416305,179,93.0,-64.0,0.52,161.5,
2025-04-08 12:14:01,162.0,63.0,379.26,35.0,158.0,171.0,380.71,28.0,270.63,217.26,234.0,63.0,11.200670962057009,297,171.0,118.0,0.58,161.5,
2025-04-08 12:14:02,162.0,49.0,367.41,17.0,158.0,133.0,375.33,24.0,264.71,205.41000000000005,182.0,41.0,12.321390749434956,223,141.0,-74.0,0.63,161.5,
2025-04-08 12:14:03,162.0,66.0,322.36,50.0,158.0,285.0,359.37,46.0,242.18,160.36,351.0,96.0,12.58126662940653,447,255.0,168.0,0.57,162.0,3.0
2025-04-08 12:14:04,162.0,56.0,318.38,48.0,158.0,212.0,350.83,53.0,240.19,156.38,268.0,101.0,14.958839192938472,369,167.0,-78.0,0.45,162.0,
2025-04-08 12:14:05,162.0,48.0,344.14,36.0,158.0,12.0,350.02,47.0,253.07,182.14,60.0,83.0,13.439054282209712,143,-23.0,-168.0,-0.16,162.0,
2025-04-08 12:14:06,162.0,36.0,316.22,27.0,158.0,8.0,333.55,22.0,239.11,154.22000000000003,44.0,49.0,10.939836379039392,93,-5.0,-50.0,-0.05,162.0,
2025-04-08 12:14:07,165.7,54.0,318.9,41.0,161.9,41.0,328.0,36.0,242.3,153.2,95.0,77.0,5.588179488897602,172,18.0,79.0,0.1,162.0,
2025-04-08 12:14:08,166.0,60.0,315.65,26.0,162.0,48.0,316.41,37.0,240.83,149.64999999999998,108.0,63.0,5.691704489881286,171,45.0,-1.0,0.26,162.0,
2025-04-08 12:14:09,166.0,113.0,300.45,33.0,162.0,52.0,309.74,39.0,233.23,134.45,165.0,72.0,7.225691662403635,237,93.0,66.0,0.39,162.0,
2025-04-08 12:14:10,166.0,111.0,275.93,28.0,162.0,52.0,303.21,29.0,220.96,109.93,163.0,57.0,8.71803475561461,220,106.0,-17.0,0.48,166.0,1.0
2025-04-08 12:14:11,166.0,72.0,177.22,23.0,162.0,40.0,237.13,31.0,171.61,11.22,112.0,54.0,29.29495058879689,166,58.0,-54.0,0.35,166.0,2.0
2025-04-08 12:14:12,166.0,36.0,175.05,21.0,162.0,24.0,176.44,9.0,170.52,9.050000000000011,60.0,30.0,33.94731727250321,90,30.0,-76.0,0.33,166.0,
2025-04-08 12:14:13,166.0,66.0,171.63,41.0,162.0,52.0,172.85,41.0,168.82,5.629999999999996,118.0,82.0,31.415623024220587,200,36.0,110.0,0.18,166.0,
2025-04-08 12:14:14,166.42,53.0,168.38,69.0,164.5,74.0,170.19,48.0,167.4,1.960000000000008,127.0,117.0,23.030638723228822,244,10.0,44.0,0.04,167.0,2.0
2025-04-08 12:14:15,166.0,50.0,169.33,24.0,162.0,40.0,170.05,19.0,167.67,3.3300000000000125,90.0,43.0,1.8217930727295,133,47.0,-111.0,0.35,167.0,
2025-04-08 12:14:16,162.63,19.0,166.2,5.0,161.25,16.0,358.32,19.0,164.42,3.569999999999993,35.0,24.0,2.2379857014377067,59,11.0,-74.0,0.19,166.0,5.0
2025-04-08 12:14:17,161.37,19.0,164.5,8.0,160.65,23.0,374.5,32.0,162.93,3.1299999999999955,42.0,40.0,2.465516173103253,82,2.0,23.0,0.02,161.12,8.0
2025-04-08 12:14:18,146.55,20.0,163.62,13.0,129.55,22.0,256.78,23.0,155.08,17.069999999999993,42.0,36.0,5.115334788635356,78,6.0,-4.0,0.08,157.6,5.0
2025-04-08 12:14:19,123.11,18.0,160.91,11.0,98.65,23.0,188.83,12.0,142.01,37.8,41.0,23.0,10.27553258959377,64,18.0,-14.0,0.28,160.0,2.0
2025-04-08 12:14:20,158.88,41.0,269.55,20.0,142.67,15.0,461.9,42.0,214.21,110.67000000000002,56.0,62.0,27.45872994149292,118,-6.0,54.0,-0.05,162.0,1.0
2025-04-08 12:14:21,162.0,42.0,312.52,33.0,158.0,14.0,338.47,30.0,237.26,150.51999999999998,56.0,63.0,41.16509164328309,119,-7.0,1.0,-0.06,162.0,
2025-04-08 12:14:22,153.86,21.0,254.38,29.0,129.08,12.0,267.62,21.0,204.12,100.51999999999998,33.0,50.0,40.43518307118106,83,-17.0,-36.0,-0.2,161.0,4.0
2025-04-08 12:14:24,147.0,18.0,189.07,27.0,109.96,26.0,190.25,32.0,168.04,42.06999999999999,44.0,59.0,34.427939671144216,103,-15.0,-24.0,-0.15,165.0,1.0
2025-04-08 12:14:27,130.93,15.0,154.38,16.0,127.78,9.0,162.67,18.0,142.65,23.44999999999999,24.0,34.0,13.723616505854425,58,-10.0,-22.0,-0.17,165.0,
2025-04-08 12:14:28,131.0,38.0,152.07,43.0,120.18,34.0,153.19,31.0,141.53,21.069999999999997,72.0,74.0,13.51750457738969,146,-2.0,88.0,-0.01,152.0,1.0
2025-04-08 12:14:29,131.0,20.0,151.14,21.0,115.57,14.0,152.17,12.0,141.07,20.139999999999983,34.0,33.0,4.288906620542156,67,1.0,-79.0,0.01,152.0,
2025-04-08 12:14:30,149.0,12.0,151.64,28.0,142.82,22.0,152.41,22.0,150.32,2.6399999999999864,34.0,50.0,3.9687995665874416,84,-16.0,17.0,-0.19,151.0,2.0
2025-04-08 12:14:32,147.97,29.0,302.28,29.0,57.43,14.0,363.17,24.0,225.12,154.30999999999997,43.0,53.0,42.46286671904979,96,-10.0,19.0,-0.1,154.0,8.0
2025-04-08 12:14:33,162.0,89.0,225.36,44.0,124.55,22.0,356.5,30.0,193.68,63.360000000000014,111.0,74.0,44.999925555492055,185,37.0,89.0,0.2,162.0,1.0
2025-04-08 12:14:34,162.0,64.0,251.71,28.0,160.0,16.0,344.7,27.0,206.86,89.71000000000001,80.0,55.0,46.110501190074686,135,25.0,-50.0,0.19,162.0,
2025-04-08 12:14:35,162.0,56.0,213.28,25.0,160.0,14.0,224.14,28.0,187.64,51.28,70.0,53.0,43.56779911815501,123,17.0,-12.0,0.14,162.0,
2025-04-08 12:14:36,162.45,22.0,201.6,20.0,161.71,28.0,265.0,20.0,182.03,39.150000000000006,50.0,40.0,17.243441651827045,90,10.0,-33.0,0.11,162.0,
2025-04-08 12:14:37,164.08,24.0,234.29,45.0,162.0,96.0,365.46,26.0,199.19,70.20999999999998,120.0,71.0,9.696347250379558,191,49.0,101.0,0.26,162.0,
2025-04-08 12:14:38,165.83,12.0,230.0,24.0,162.0,48.0,231.0,6.0,197.92,64.16999999999999,60.0,30.0,9.858532852303458,90,30.0,-101.0,0.33,162.0,
2025-04-08 12:14:39,164.04,98.0,229.17,46.0,161.51,67.0,359.0,18.0,196.61,65.13,165.0,64.0,7.485096525759594,229,101.0,139.0,0.44,166.0,2.0
2025-04-08 12:14:40,166.0,76.0,229.0,32.0,162.75,64.0,357.5,24.0,197.5,63.0,140.0,56.0,7.115704462661878,196,84.0,-33.0,0.43,166.0,4.0
2025-04-08 12:14:41,166.0,42.0,219.64,25.0,165.0,56.0,278.4,25.0,192.82,53.63999999999999,98.0,50.0,2.4151956442397644,148,48.0,-48.0,0.32,166.0,
2025-04-08 12:14:42,166.0,36.0,219.18,22.0,165.0,48.0,260.2,20.0,192.59,53.18000000000001,84.0,42.0,2.585453538540079,126,42.0,-22.0,0.33,166.0,
2025-04-08 12:14:43,166.0,34.0,228.17,24.0,165.0,48.0,281.0,18.0,197.08,62.16999999999999,82.0,42.0,2.4092011123915675,124,40.0,-2.0,0.32,166.0,1.0
2025-04-08 12:14:44,166.0,55.0,227.64,44.0,165.0,88.0,433.88,34.0,196.82,61.63999999999999,143.0,78.0,2.4389587942293987,221,65.0,97.0,0.29,166.0,
2025-04-08 12:14:45,166.0,30.0,225.43,28.0,165.0,48.0,287.64,22.0,195.71,59.43000000000001,78.0,50.0,2.1623667588888504,128,28.0,-93.0,0.22,166.0,
2025-04-08 12:14:46,166.0,55.0,210.94,50.0,165.0,120.0,222.8,55.0,188.47,44.94,175.0,105.0,3.634629279575005,280,70.0,152.0,0.25,166.0,4.0
2025-04-08 12:14:47,165.55,22.0,185.21,56.0,164.92,104.0,194.24,29.0,175.38,19.66,126.0,85.0,9.259237009599111,211,41.0,-69.0,0.19,165.25,4.0
2025-04-08 12:14:48,164.82,11.0,170.86,28.0,162.65,62.0,221.0,7.0,167.84,6.0400000000000205,73.0,35.0,12.780314158889285,108,38.0,-103.0,0.35,164.62,8.0
2025-04-08 12:14:49,162.02,127.0,170.0,28.0,161.33,63.0,221.0,7.0,166.01,7.97999999999999,190.0,35.0,12.988355169145976,225,155.0,117.0,0.69,164.0,1.0
2025-04-08 12:14:50,162.0,221.0,168.88,48.0,161.0,77.0,177.58,31.0,165.44,6.879999999999996,298.0,79.0,9.707377091668803,377,219.0,152.0,0.58,162.0,2.0
2025-04-08 12:14:51,162.01,269.0,166.57,60.0,161.37,155.0,171.61,57.0,164.29,4.560000000000002,424.0,117.0,4.431463640811759,541,307.0,164.0,0.57,163.0,1.0
2025-04-08 12:14:52,162.0,141.0,163.32,31.0,161.0,63.0,165.23,13.0,162.66,1.3199999999999932,204.0,44.0,1.9333571837160344,248,160.0,-168.0,0.65,162.0,5.0
2025-04-08 12:14:53,162.0,91.0,165.0,10.0,161.0,56.0,347.52,29.0,163.5,3.0,147.0,39.0,1.3712585459434417,186,108.0,-62.0,0.58,162.0,3.0
2025-04-08 12:14:54,162.0,84.0,337.6,15.0,161.0,63.0,497.59,32.0,249.8,175.60000000000002,147.0,47.0,38.39690117704669,194,100.0,8.0,0.52,162.0,4.0
2025-04-08 12:14:55,162.0,28.0,309.6,10.0,161.0,28.0,762.12,8.0,235.8,147.60000000000002,56.0,18.0,43.72839237840726,74,38.0,-120.0,0.51,162.0,
2025-04-08 12:14:56,162.0,67.0,204.9,41.0,161.0,77.0,393.75,20.0,183.45,42.900000000000006,144.0,61.0,41.10206588481851,205,83.0,131.0,0.4,162.0,1.0
2025-04-08 12:14:57,162.0,60.0,292.61,31.0,161.0,63.0,482.38,32.0,227.31,130.61,123.0,63.0,36.73222250286543,186,60.0,-19.0,0.32,162.0,
2025-04-08 12:14:58,162.0,72.0,430.0,32.0,161.0,56.0,431.0,24.0,296.0,268.0,128.0,56.0,40.61078883745205,184,72.0,-2.0,0.39,162.0,
2025-04-08 12:14:59,162.0,72.0,398.87,30.0,161.0,56.0,423.09,22.0,280.43,236.87,128.0,52.0,44.83708141706086,180,76.0,-4.0,0.42,162.0,
2025-04-08 12:15:00,162.0,34.0,336.0,28.0,161.0,49.0,406.43,14.0,249.0,174.0,83.0,42.0,44.577405375370994,125,41.0,-55.0,0.33,162.0,5.0
2025-04-08 12:15:01,162.0,23.0,334.91,44.0,161.0,77.0,466.38,32.0,248.45,172.91000000000005,100.0,76.0,27.550591100740583,176,24.0,51.0,0.14,162.0,3.0
2025-04-08 12:15:02,162.0,11.0,272.4,20.0,161.0,77.0,370.82,44.0,217.2,110.39999999999998,88.0,64.0,30.75595113145093,152,24.0,-24.0,0.16,162.0,
2025-04-08 12:15:03,163.98,111.0,177.1,40.0,161.61,18.0,345.13,39.0,170.54,13.120000000000005,129.0,79.0,41.51843602545856,208,50.0,56.0,0.24,162.0,
2025-04-08 12:15:04,164.0,63.0,167.09,35.0,162.0,9.0,169.43,28.0,165.54,3.0900000000000034,72.0,63.0,40.57375728226312,135,9.0,-73.0,0.07,164.0,3.0
2025-04-08 12:15:05,164.0,56.0,167.0,32.0,162.0,13.0,218.15,26.0,165.5,3.0,69.0,58.0,37.66331477711343,127,11.0,-8.0,0.09,164.0,
2025-04-08 12:15:06,164.0,63.0,165.89,36.0,162.0,18.0,254.47,15.0,164.94,1.8899999999999864,81.0,51.0,22.72921644051686,132,30.0,5.0,0.23,164.0,
2025-04-08 12:15:07,164.49,41.0,165.33,24.0,162.25,16.0,225.1,21.0,164.91,0.8400000000000034,57.0,45.0,2.396660176124114,102,12.0,-30.0,0.12,164.0,6.0
2025-04-08 12:15:08,165.93,54.0,237.66,53.0,164.14,14.0,342.08,50.0,201.79,71.72999999999999,68.0,103.0,16.356198519211144,171,-35.0,69.0,-0.2,166.0,5.0
2025-04-08 12:15:09,165.0,9.0,241.24,29.0,164.0,9.0,323.1,31.0,203.12,76.24000000000001,18.0,60.0,20.457802179116783,78,-42.0,-93.0,-0.54,166.0,
2025-04-08 12:15:10,165.0,8.0,322.57,14.0,164.0,8.0,595.67,18.0,243.79,157.57,16.0,32.0,32.78335629553416,48,-16.0,-30.0,-0.33,166.0,
2025-04-08 12:15:11,165.0,11.0,290.0,36.0,164.0,11.0,593.47,19.0,227.5,125.0,22.0,55.0,29.916777399980614,77,-33.0,29.0,-0.43,166.0,
2025-04-08 12:15:12,165.0,9.0,290.0,36.0,164.0,9.0,562.26,23.0,227.5,125.0,18.0,59.0,17.974041003626365,77,-41.0,0.0,-0.53,166.0,
2025-04-08 12:15:13,160.22,86.0,358.0,32.0,159.44,98.0,517.88,48.0,259.11,197.78,184.0,80.0,20.906353818877385,264,104.0,168.0,0.39,161.25,12.0
2025-04-08 12:15:14,160.4,30.0,341.5,24.0,159.18,51.0,481.33,27.0,250.95,181.1,81.0,51.0,14.109342649469118,132,30.0,-132.0,0.23,160.5,8.0
2025-04-08 12:15:15,160.0,12.0,385.0,16.0,159.0,28.0,644.0,4.0,272.5,225.0,40.0,20.0,19.82229729370821,60,20.0,-72.0,0.33,160.5,
2025-04-08 12:15:16,160.0,18.0,262.5,24.0,159.0,42.0,725.0,24.0,211.25,102.5,60.0,48.0,24.66441708210714,108,12.0,48.0,0.11,160.5,
2025-04-08 12:15:17,160.0,56.0,238.0,32.0,159.0,56.0,620.25,32.0,199.0,78.0,112.0,64.0,31.77486380773512,176,48.0,68.0,0.27,160.5,
2025-04-08 12:15:18,160.0,77.0,237.45,44.0,159.0,77.0,331.69,26.0,198.73,77.44999999999999,154.0,70.0,33.44318660056284,224,84.0,48.0,0.38,160.5,
2025-04-08 12:15:19,160.0,56.0,234.62,32.0,159.0,56.0,244.83,29.0,197.31,74.62,112.0,61.0,32.214471437539096,173,51.0,-51.0,0.29,160.5,
2025-04-08 12:15:20,164.0,63.0,231.0,56.0,159.79,98.0,232.0,56.0,197.5,67.0,161.0,112.0,5.911613147015008,273,49.0,100.0,0.18,166.0,3.0
2025-04-08 12:15:21,166.0,18.0,230.83,24.0,160.0,42.0,232.0,24.0,198.42,64.83000000000001,60.0,48.0,0.7501799783719612,108,12.0,-165.0,0.11,166.0,
2025-04-08 12:15:22,166.0,33.0,229.18,44.0,160.0,77.0,232.0,44.0,197.59,63.18000000000001,110.0,88.0,0.6250999919604896,198,22.0,90.0,0.11,166.0,
2025-04-08 12:15:23,166.0,39.0,226.69,52.0,160.63,19.0,228.38,52.0,196.35,60.69,58.0,104.0,0.740155389054946,162,-46.0,-36.0,-0.28,166.0,1.0
2025-04-08 12:15:24,166.0,16.0,222.62,32.0,161.0,8.0,223.75,32.0,194.31,56.620000000000005,24.0,64.0,1.5918008669254626,88,-40.0,-74.0,-0.45,166.0,
2025-04-08 12:15:25,166.0,24.0,217.5,40.0,161.0,12.0,219.75,48.0,191.75,51.5,36.0,88.0,2.689159720050111,124,-52.0,36.0,-0.42,166.0,
2025-04-08 12:15:26,162.74,19.0,215.0,26.0,159.57,23.0,216.08,26.0,188.87,52.25999999999999,42.0,52.0,3.5224536902466546,94,-10.0,-30.0,-0.11,163.25,4.0
2025-04-08 12:15:27,164.0,10.0,213.0,22.0,160.0,50.0,214.1,40.0,188.5,49.0,60.0,62.0,3.4043472208229426,122,-2.0,28.0,-0.02,163.25,
2025-04-08 12:15:28,160.18,44.0,210.67,36.0,159.11,87.0,212.96,50.0,185.42,50.48999999999998,131.0,86.0,3.3866428804815003,217,45.0,95.0,0.21,161.33,3.0
2025-04-08 12:15:29,163.0,30.0,208.0,52.0,159.42,53.0,211.0,52.0,185.5,45.0,83.0,104.0,2.644592596206228,187,-21.0,-30.0,-0.11,161.33,
2025-04-08 12:15:30,165.0,28.0,204.36,56.0,160.0,63.0,206.36,56.0,184.68,39.360000000000014,91.0,112.0,1.939814424088804,203,-21.0,16.0,-0.1,161.33,
2025-04-08 12:15:31,163.75,24.0,202.7,40.0,159.5,72.0,204.1,40.0,183.22,38.94999999999999,96.0,80.0,1.92812862638837,176,16.0,-27.0,0.09,165.0,2.0
2025-04-08 12:15:32,160.11,54.0,169.6,45.0,158.21,175.0,189.95,39.0,164.86,9.48999999999998,229.0,84.0,8.92199977582821,313,145.0,137.0,0.46,162.0,4.0
2025-04-08 12:15:33,161.0,10.0,162.4,35.0,159.1,30.0,168.0,31.0,161.7,1.4000000000000057,40.0,66.0,11.68663852439439,106,-26.0,-168.0,-0.25,162.0,1.0
2025-04-08 12:15:34,159.07,60.0,161.18,33.0,158.07,182.0,211.67,36.0,160.12,2.1100000000000136,242.0,69.0,12.031204428478391,311,173.0,168.0,0.56,159.75,4.0
2025-04-08 12:15:35,159.0,26.0,160.45,33.0,158.0,188.0,372.35,17.0,159.73,1.4499999999999886,214.0,50.0,9.876460904586082,264,164.0,-47.0,0.62,159.0,3.0
2025-04-08 12:15:36,159.0,7.0,160.0,21.0,158.0,126.0,464.73,11.0,159.5,1.0,133.0,32.0,2.2282998002507712,165,101.0,-99.0,0.61,159.0,
2025-04-08 12:15:37,158.41,59.0,321.9,20.0,152.44,72.0,596.65,17.0,240.15,163.48999999999998,131.0,37.0,35.73710186906404,168,94.0,3.0,0.56,158.25,4.0
2025-04-08 12:15:38,161.0,14.0,320.0,15.0,158.0,105.0,321.0,20.0,240.5,159.0,119.0,35.0,44.11521789586816,154,84.0,-14.0,0.55,158.25,
2025-04-08 12:15:39,161.0,14.0,316.47,19.0,158.0,105.0,317.5,16.0,238.74,155.47000000000003,119.0,35.0,43.92232382285791,154,84.0,0.0,0.55,158.25,
2025-04-08 12:15:40,161.0,20.0,312.81,21.0,158.0,150.0,314.79,29.0,236.9,151.81,170.0,50.0,35.614095804892415,220,120.0,66.0,0.55,158.25,
2025-04-08 12:15:41,158.07,86.0,310.0,14.0,112.05,39.0,311.0,21.0,234.03,151.93,125.0,35.0,2.663199203987062,160,90.0,-60.0,0.56,160.0,3.0
2025-04-08 12:15:42,158.0,154.0,265.25,24.0,127.49,41.0,289.81,26.0,211.62,107.25,195.0,50.0,11.837568162426498,245,145.0,85.0,0.59,160.0,
2025-04-08 12:15:43,158.0,138.0,220.97,38.0,67.69,52.0,222.44,32.0,189.49,62.97,190.0,70.0,21.280750221739147,260,120.0,15.0,0.46,158.0,8.0
2025-04-08 12:15:44,158.0,41.0,218.56,27.0,58.05,19.0,219.36,28.0,188.28,60.56,60.0,55.0,23.31733968530734,115,5.0,-145.0,0.04,158.0,5.0
2025-04-08 12:15:45,158.0,9.0,217.67,18.0,79.33,9.0,219.0,27.0,187.83,59.66999999999999,18.0,45.0,20.39411802456697,63,-27.0,-52.0,-0.43,158.0,
2025-04-08 12:15:46,133.54,24.0,217.0,24.0,120.75,40.0,219.0,36.0,175.27,83.46000000000001,64.0,60.0,13.144244748174696,124,4.0,61.0,0.03,158.0,1.0
2025-04-08 12:15:47,149.32,44.0,212.5,42.0,146.69,64.0,213.71,48.0,180.91,63.18000000000001,108.0,90.0,6.087994743747089,198,18.0,74.0,0.09,162.75,4.0
2025-04-08 12:15:48,142.53,51.0,204.63,30.0,140.54,41.0,206.41,34.0,173.58,62.1,92.0,64.0,6.844583990271334,156,28.0,-42.0,0.18,162.75,
2025-04-08 12:15:49,150.62,40.0,159.24,41.0,144.51,82.0,175.44,32.0,154.93,8.620000000000005,122.0,73.0,12.2800765469866,195,49.0,39.0,0.25,156.6,5.0
2025-04-08 12:15:50,146.17,29.0,158.0,24.0,140.94,32.0,202.14,21.0,152.09,11.830000000000013,61.0,45.0,12.96665646956917,106,16.0,-89.0,0.15,150.4,5.0
2025-04-08 12:15:51,136.56,9.0,158.0,18.0,116.0,9.0,206.18,17.0,147.28,21.44,18.0,35.0,14.630986637947432,53,-17.0,-53.0,-0.32,150.4,
2025-04-08 12:15:52,141.0,11.0,156.08,24.0,101.27,11.0,175.55,22.0,148.54,15.080000000000013,22.0,46.0,10.660864411470996,68,-24.0,15.0,-0.35,150.4,
2025-04-08 12:15:53,145.92,13.0,153.53,60.0,107.0,25.0,154.69,26.0,149.73,7.610000000000014,38.0,86.0,3.0395279238309705,124,-48.0,56.0,-0.39,150.4,
2025-04-08 12:16:01,149.17,6.0,152.14,7.0,20.15,26.0,153.91,33.0,150.65,2.969999999999999,32.0,40.0,1.1491605630813366,72,-8.0,4.0,-0.11,151.5,4.0
2025-04-08 12:16:02,150.0,7.0,153.0,7.0,23.03,31.0,154.0,42.0,151.5,3.0,38.0,49.0,1.2464429388242355,87,-11.0,15.0,-0.13,151.5,
2025-04-08 12:16:07,114.79,43.0,241.89,18.0,90.44,25.0,319.96,46.0,178.34,127.09999999999998,68.0,64.0,33.87751215776767,132,4.0,90.0,0.03,151.5,
2025-04-08 12:16:08,118.19,31.0,309.92,36.0,117.95,85.0,457.5,36.0,214.06,191.73,116.0,72.0,39.417952508974814,188,44.0,56.0,0.23,158.0,1.0
2025-04-08 12:16:10,160.44,34.0,260.2,10.0,158.73,11.0,361.37,19.0,210.32,99.76,45.0,29.0,67.02392393765122,74,16.0,-45.0,0.22,158.0,
2025-04-08 12:16:11,161.17,59.0,188.33,24.0,160.43,49.0,212.2,40.0,174.75,27.160000000000025,108.0,64.0,65.97580639901311,172,44.0,98.0,0.26,158.0,
2025-04-08 12:16:12,162.0,26.0,187.38,26.0,161.0,91.0,259.95,37.0,174.69,25.379999999999995,117.0,63.0,66.60739696159922,180,54.0,8.0,0.3,158.0,
2025-04-08 12:16:13,162.0,22.0,186.0,22.0,161.0,77.0,279.94,36.0,174.0,24.0,99.0,58.0,70.12292970205982,157,41.0,-23.0,0.26,158.0,
2025-04-08 12:16:14,162.0,20.0,171.61,23.0,161.0,70.0,175.89,27.0,166.8,9.610000000000014,90.0,50.0,17.213644878405997,140,40.0,-17.0,0.29,158.0,
2025-04-08 12:16:15,161.41,34.0,169.25,24.0,160.81,54.0,289.21,33.0,165.33,7.840000000000003,88.0,57.0,4.647647792145421,145,31.0,5.0,0.21,161.4,5.0
2025-04-08 12:16:16,149.77,30.0,169.0,22.0,117.2,49.0,427.33,36.0,159.38,19.22999999999999,79.0,58.0,6.395729043652558,137,21.0,-8.0,0.15,160.17,6.0
2025-04-08 12:16:17,145.41,37.0,168.71,28.0,131.78,46.0,425.31,49.0,157.06,23.30000000000001,83.0,77.0,6.667006824640695,160,6.0,23.0,0.04,159.0,2.0
2025-04-08 12:16:18,164.0,16.0,168.0,24.0,155.67,24.0,374.25,36.0,166.0,4.0,40.0,60.0,4.393743278777074,100,-20.0,-60.0,-0.2,159.0,
2025-04-08 12:16:19,164.28,18.0,188.33,18.0,162.7,33.0,408.11,27.0,176.31,24.05000000000001,51.0,45.0,7.47468594656705,96,6.0,-4.0,0.06,165.25,4.0
2025-04-08 12:16:21,162.39,64.0,446.91,11.0,147.69,59.0,449.0,44.0,304.65,284.52000000000004,123.0,55.0,96.54421603597034,178,68.0,61.0,0.38,162.0,1.0
2025-04-08 12:16:22,161.93,29.0,445.23,13.0,136.0,28.0,448.12,17.0,303.58,283.3,57.0,30.0,89.0103270974792,87,27.0,-91.0,0.31,162.0,6.0
2025-04-08 12:16:23,161.0,20.0,251.67,15.0,135.0,32.0,353.68,22.0,206.33,90.67,52.0,37.0,79.1888956862026,89,15.0,2.0,0.17,162.0,
2025-04-08 12:16:24,144.52,44.0,221.0,10.0,118.63,19.0,340.8,20.0,182.76,76.47999999999999,63.0,30.0,77.2671628183686,93,33.0,4.0,0.35,161.0,2.0
2025-04-08 12:16:25,153.02,56.0,167.85,20.0,123.44,16.0,290.65,17.0,160.43,14.829999999999984,72.0,37.0,68.20281849014819,109,35.0,16.0,0.32,154.0,1.0
2025-04-08 12:16:26,146.0,56.0,339.76,33.0,134.68,31.0,461.03,39.0,242.88,193.76,87.0,72.0,56.187521123466965,159,15.0,50.0,0.09,155.0,2.0
2025-04-08 12:16:27,167.0,12.0,202.71,14.0,159.0,24.0,266.42,19.0,184.86,35.71000000000001,36.0,33.0,31.094870477298084,69,3.0,-90.0,0.04,155.0,
2025-04-08 12:16:28,161.57,14.0,189.61,23.0,128.03,31.0,220.52,23.0,175.59,28.04000000000002,45.0,46.0,31.443371797565177,91,-1.0,22.0,-0.01,163.0,4.0
2025-04-08 12:16:29,160.0,15.0,188.5,60.0,159.0,36.0,189.2,49.0,174.25,28.5,51.0,109.0,32.10941248294509,160,-58.0,69.0,-0.36,163.0,
2025-04-08 12:16:30,159.12,16.0,186.45,22.0,93.72,47.0,187.44,27.0,172.79,27.329999999999984,63.0,49.0,29.893901217471107,112,14.0,-48.0,0.12,159.5,2.0
2025-04-08 12:16:31,159.0,16.0,184.0,20.0,125.08,13.0,185.3,20.0,171.5,25.0,29.0,40.0,5.293398719146166,69,-11.0,-43.0,-0.16,159.5,
2025-04-08 12:16:32,159.18,44.0,178.86,36.0,148.58,45.0,180.88,41.0,169.02,19.680000000000007,89.0,77.0,2.535774043530752,166,12.0,97.0,0.07,159.8,5.0
2025-04-08 12:16:33,165.4,15.0,174.0,29.0,158.22,65.0,175.09,32.0,169.7,8.599999999999994,80.0,61.0,2.15670350299692,141,19.0,-25.0,0.13,159.8,
2025-04-08 12:16:34,165.75,16.0,169.88,24.0,158.88,32.0,171.05,19.0,167.81,4.129999999999996,48.0,43.0,1.984069051175794,91,5.0,-50.0,0.05,166.0,3.0
2025-04-08 12:16:35,165.0,9.0,167.95,43.0,158.0,63.0,169.11,27.0,166.48,2.9499999999999886,72.0,70.0,1.901241699476485,142,2.0,51.0,0.01,166.0,
2025-04-08 12:16:36,158.1,71.0,166.31,39.0,139.08,74.0,167.77,30.0,162.2,8.210000000000008,145.0,69.0,2.9718714642158104,214,76.0,72.0,0.36,165.0,1.0
2025-04-08 12:16:37,158.0,74.0,162.66,32.0,132.0,120.0,163.81,31.0,160.33,4.659999999999997,194.0,63.0,3.916737162462225,257,131.0,43.0,0.51,158.0,2.0
2025-04-08 12:16:38,160.25,44.0,288.67,33.0,132.84,93.0,327.06,36.0,224.46,128.42000000000002,137.0,69.0,27.11890171079685,206,68.0,-51.0,0.33,163.0,13.0
2025-04-08 12:16:39,167.0,99.0,318.72,25.0,158.0,27.0,444.71,41.0,242.86,151.72000000000003,126.0,66.0,39.30647758321681,192,60.0,-14.0,0.31,163.0,
2025-04-08 12:16:40,167.0,121.0,234.86,28.0,158.0,166.0,381.9,49.0,200.93,67.86000000000001,287.0,77.0,36.81604039002504,364,210.0,168.0,0.58,163.0,
2025-04-08 12:16:41,167.0,121.0,231.82,22.0,158.25,145.0,233.0,55.0,199.41,64.82,266.0,77.0,31.03830327192493,343,189.0,-21.0,0.55,163.0,
2025-04-08 12:16:42,167.0,59.0,230.5,16.0,160.0,48.0,368.0,32.0,198.75,63.5,107.0,48.0,19.7230137149478,155,59.0,-168.0,0.38,167.0,5.0
2025-04-08 12:16:43,167.0,66.0,229.27,22.0,158.0,154.0,368.0,44.0,198.14,62.27000000000001,220.0,66.0,19.50495501148353,286,154.0,131.0,0.54,167.0,
2025-04-08 12:16:44,167.0,32.0,229.0,22.0,158.39,108.0,356.18,44.0,198.0,62.0,140.0,66.0,1.1921115719420166,206,74.0,-80.0,0.36,167.0,5.0
2025-04-08 12:16:45,167.17,12.0,219.76,25.0,163.19,42.0,296.54,41.0,193.46,52.59,54.0,66.0,2.3546910625285093,120,-12.0,-86.0,-0.1,167.0,
2025-04-08 12:16:46,168.0,11.0,211.0,22.0,167.0,11.0,224.0,33.0,189.5,43.0,22.0,55.0,3.997474202536295,77,-33.0,-43.0,-0.43,167.0,
2025-04-08 12:16:47,166.33,12.0,210.56,18.0,164.0,20.0,320.0,27.0,188.44,44.22999999999999,32.0,45.0,4.565755140164048,77,-13.0,0.0,-0.17,167.5,2.0
2025-04-08 12:16:48,163.0,52.0,202.79,28.0,162.0,151.0,314.16,38.0,182.89,39.78999999999999,203.0,66.0,5.660355112527982,269,137.0,168.0,0.51,167.5,
2025-04-08 12:16:49,163.0,52.0,269.66,44.0,162.0,143.0,335.89,47.0,216.33,106.66000000000004,195.0,91.0,12.975354715765471,286,104.0,17.0,0.36,167.5,
2025-04-08 12:16:50,162.08,98.0,285.0,55.0,160.66,67.0,303.41,41.0,223.54,122.92,165.0,96.0,18.42103553006623,261,69.0,-25.0,0.26,162.8,5.0
2025-04-08 12:16:51,162.0,98.0,274.21,56.0,160.89,90.0,311.0,40.0,218.11,112.20999999999998,188.0,96.0,18.73061050793558,284,92.0,23.0,0.32,162.8,
2025-04-08 12:16:52,162.0,41.0,208.78,45.0,161.0,88.0,255.53,43.0,185.39,46.78,129.0,88.0,19.47472259109188,217,41.0,-67.0,0.19,162.0,5.0
2025-04-08 12:16:53,162.0,21.0,200.3,27.0,161.0,56.0,233.59,29.0,181.15,38.30000000000001,77.0,56.0,19.98312488075833,133,21.0,-84.0,0.16,162.0,
2025-04-08 12:16:54,161.33,63.0,182.53,68.0,160.62,91.0,207.58,45.0,171.93,21.19999999999999,154.0,113.0,23.236610768353124,267,41.0,134.0,0.15,161.6,5.0
2025-04-08 12:16:55,162.33,48.0,179.36,55.0,161.22,67.0,353.0,44.0,170.85,17.03,115.0,99.0,19.242616246235848,214,16.0,-53.0,0.07,161.6,
2025-04-08 12:16:56,166.0,22.0,178.0,55.0,162.0,77.0,440.56,43.0,172.0,12.0,99.0,98.0,6.584708042112467,197,1.0,-17.0,0.01,161.6,
2025-04-08 12:16:57,163.33,24.0,176.18,55.0,161.4,70.0,586.76,34.0,169.76,12.849999999999994,94.0,89.0,4.5714406919315325,183,5.0,-14.0,0.03,163.0,8.0
2025-04-08 12:16:58,162.0,5.0,175.0,25.0,161.0,30.0,604.8,15.0,168.5,13.0,35.0,40.0,1.4922030692357855,75,-5.0,-108.0,-0.07,163.0,
2025-04-08 12:16:59,162.0,7.0,174.14,35.0,161.0,42.0,365.08,26.0,168.07,12.139999999999986,49.0,61.0,1.62945696470739,110,-12.0,35.0,-0.11,163.0,
2025-04-08 12:17:00,162.0,10.0,169.18,34.0,161.0,60.0,196.45,40.0,165.59,7.180000000000007,70.0,74.0,2.3498574424481515,144,-4.0,34.0,-0.03,163.0,
2025-04-08 12:17:01,162.0,10.0,164.14,14.0,161.0,60.0,165.96,46.0,163.07,2.1399999999999864,70.0,60.0,2.666715207858058,130,10.0,-14.0,0.08,163.0,
2025-04-08 12:17:02,161.0,68.0,162.95,74.0,160.11,46.0,163.74,19.0,161.97,1.9499999999999889,114.0,93.0,2.9137947765439685,207,21.0,77.0,0.1,160.89,9.0
2025-04-08 12:17:03,158.04,92.0,161.95,43.0,157.2,20.0,162.04,23.0,160.0,3.9099999999999966,112.0,66.0,3.1520152283591214,178,46.0,-29.0,0.26,159.0,3.0
2025-04-08 12:17:04,158.0,90.0,161.0,45.0,157.0,18.0,248.11,45.0,159.5,3.0,108.0,90.0,2.4637633814554296,198,18.0,20.0,0.09,159.0,1.0
2025-04-08 12:17:05,158.0,31.0,161.0,35.0,157.0,14.0,256.57,35.0,159.5,3.0,45.0,70.0,1.6233822716155346,115,-25.0,-83.0,-0.22,158.0,6.0
2025-04-08 12:17:06,158.0,32.0,160.56,36.0,157.0,16.0,440.25,40.0,159.28,2.5600000000000023,48.0,76.0,1.10530538757055,124,-28.0,9.0,-0.23,160.0,4.0
2025-04-08 12:17:07,157.79,19.0,159.75,8.0,150.75,16.0,501.0,40.0,158.77,1.960000000000008,35.0,48.0,0.4446346812719617,83,-13.0,-41.0,-0.16,160.0,
2025-04-08 12:17:08,158.0,43.0,225.0,20.0,157.0,29.0,420.57,42.0,191.5,67.0,72.0,62.0,14.420131760834076,134,10.0,51.0,0.07,158.0,4.0
2025-04-08 12:17:09,164.64,22.0,247.0,18.0,161.2,15.0,643.0,30.0,205.82,82.36000000000001,37.0,48.0,22.208671279476714,85,-11.0,-49.0,-0.13,158.0,
2025-04-08 12:17:10,165.0,36.0,327.14,29.0,164.0,18.0,704.85,41.0,246.07,162.14,54.0,70.0,36.36352526914746,124,-16.0,39.0,-0.13,158.0,
2025-04-08 12:17:11,165.0,4.0,458.0,4.0,164.0,2.0,459.0,3.0,311.5,293.0,6.0,7.0,58.68775655961005,13,-1.0,-111.0,-0.08,158.0,
2025-04-08 12:17:12,165.0,44.0,398.18,28.0,164.0,22.0,398.84,49.0,281.59,233.18,66.0,77.0,50.33186694332087,143,-11.0,130.0,-0.08,158.0,
2025-04-08 12:17:13,165.0,36.0,372.33,18.0,164.0,18.0,373.65,37.0,268.67,207.33,54.0,55.0,39.64151800827285,109,-1.0,-34.0,-0.01,158.0,
2025-04-08 12:17:14,165.07,43.0,371.0,11.0,164.17,24.0,372.0,44.0,268.03,205.93,67.0,55.0,23.98502074212724,122,12.0,13.0,0.1,158.0,
2025-04-08 12:17:15,166.55,33.0,369.03,30.0,165.0,44.0,369.27,15.0,267.79,202.48,77.0,45.0,18.80386077379568,122,32.0,0.0,0.26,158.0,
2025-04-08 12:17:16,167.0,34.0,284.42,26.0,165.0,52.0,362.81,21.0,225.71,117.42000000000002,86.0,47.0,21.298270352313093,133,39.0,11.0,0.29,167.0,1.0
2025-04-08 12:17:17,167.0,20.0,191.84,31.0,165.0,40.0,202.7,33.0,179.42,24.840000000000003,60.0,64.0,39.48279853303377,124,-4.0,-9.0,-0.03,167.0,
2025-04-08 12:17:18,167.0,20.0,190.95,19.0,165.0,40.0,191.95,38.0,178.97,23.94999999999999,60.0,57.0,44.36835899602394,117,3.0,-7.0,0.03,167.0,
2025-04-08 12:17:19,167.0,26.0,185.41,17.0,165.0,52.0,186.22,27.0,176.21,18.41,78.0,44.0,40.40522119726587,122,34.0,5.0,0.28,167.0,
2025-04-08 12:17:20,167.0,25.0,179.47,17.0,165.0,64.0,182.61,36.0,173.24,12.47,89.0,53.0,21.94164191668215,142,36.0,20.0,0.25,167.0,4.0
2025-04-08 12:17:21,166.5,16.0,174.79,24.0,164.96,50.0,175.32,22.0,170.65,8.289999999999992,66.0,46.0,3.75318131721038,112,20.0,-30.0,0.18,167.0,1.0
2025-04-08 12:17:22,165.0,17.0,172.0,8.0,164.0,16.0,173.71,14.0,168.5,7.0,33.0,22.0,4.196847626474893,55,11.0,-57.0,0.2,165.0,3.0
2025-04-08 12:17:23,165.0,7.0,168.69,13.0,164.0,14.0,170.57,7.0,166.85,3.6899999999999977,21.0,20.0,3.732164251454902,41,1.0,-14.0,0.02,165.0,
2025-04-08 12:17:24,161.77,31.0,165.58,24.0,161.09,22.0,166.45,20.0,163.68,3.8100000000000014,53.0,44.0,3.6403887154845993,97,9.0,56.0,0.09,162.71,7.0
2025-04-08 12:17:25,161.0,72.0,162.02,53.0,158.0,28.0,197.67,18.0,161.51,1.0200000000000102,100.0,71.0,3.669273770082842,171,29.0,74.0,0.17,161.0,4.0
2025-04-08 12:17:26,160.57,14.0,167.18,22.0,157.92,13.0,250.14,21.0,163.88,6.610000000000014,27.0,43.0,2.7740818300497865,70,-16.0,-101.0,-0.23,161.33,3.0
2025-04-08 12:17:27,158.0,82.0,230.33,27.0,157.0,9.0,539.07,29.0,194.17,72.33000000000001,91.0,56.0,13.634392909104276,147,35.0,77.0,0.24,161.33,
2025-04-08 12:17:28,158.0,70.0,177.75,24.0,157.0,8.0,201.58,26.0,167.88,19.75,78.0,50.0,13.582243187332269,128,28.0,-19.0,0.22,158.0,5.0
2025-04-08 12:17:29,158.57,28.0,175.4,30.0,157.56,18.0,247.03,32.0,166.99,16.830000000000013,46.0,62.0,13.26040082349838,108,-16.0,-20.0,-0.15,160.0,4.0
2025-04-08 12:17:30,158.16,19.0,174.45,33.0,157.43,14.0,355.91,33.0,166.31,16.289999999999992,33.0,66.0,12.567570568723308,99,-33.0,-9.0,-0.33,160.0,
2025-04-08 12:17:31,163.84,50.0,173.54,39.0,161.85,39.0,412.36,33.0,168.69,9.699999999999989,89.0,72.0,11.975509174972233,161,17.0,62.0,0.11,160.0,
2025-04-08 12:17:32,167.0,45.0,172.89,27.0,166.0,45.0,456.78,27.0,169.94,5.889999999999986,90.0,54.0,1.42505087622334,144,36.0,-17.0,0.25,160.0,
2025-04-08 12:17:33,167.0,45.0,171.44,27.0,166.0,45.0,379.0,27.0,169.22,4.439999999999998,90.0,54.0,1.5280543183493125,144,36.0,0.0,0.25,160.0,
2025-04-08 12:17:34,166.52,25.0,170.0,24.0,165.03,31.0,250.25,24.0,168.26,3.4799999999999898,56.0,48.0,1.367526964935977,104,8.0,-40.0,0.08,166.83,6.0
2025-04-08 12:17:35,166.0,31.0,169.11,27.0,161.0,18.0,173.0,27.0,167.56,3.1100000000000136,49.0,54.0,0.9076783570340392,103,-5.0,-1.0,-0.05,166.0,1.0
2025-04-08 12:17:36,165.09,22.0,168.0,30.0,159.4,15.0,310.0,30.0,166.55,2.9099999999999966,37.0,60.0,1.336742308684168,97,-23.0,-6.0,-0.24,166.0,3.0
2025-04-08 12:17:37,161.0,6.0,167.0,18.0,158.0,12.0,556.5,12.0,164.0,6.0,18.0,30.0,1.9976536235848088,48,-12.0,-49.0,-0.25,166.0,
2025-04-08 12:17:38,140.85,27.0,165.04,25.0,147.78,18.0,301.64,11.0,152.95,24.19,45.0,36.0,6.311373067709487,81,9.0,33.0,0.11,159.0,5.0
2025-04-08 12:17:41,138.16,25.0,226.08,37.0,123.58,24.0,327.4,10.0,182.12,87.92000000000002,49.0,47.0,17.62840406842825,96,2.0,22.0,0.02,149.2,5.0
2025-04-08 12:17:43,165.0,16.0,383.5,20.0,162.0,70.0,462.0,32.0,274.25,218.5,86.0,52.0,80.24304935631493,138,34.0,2.0,0.25,149.2,
2025-04-08 12:17:44,165.0,8.0,340.44,18.0,162.0,40.0,427.0,14.0,252.72,175.44,48.0,32.0,70.6222204408788,80,16.0,-58.0,0.2,149.2,
2025-04-08 12:17:45,165.0,18.0,264.44,41.0,162.85,66.0,265.41,29.0,214.72,99.44,84.0,70.0,51.8094902503406,154,14.0,74.0,0.09,149.2,
2025-04-08 12:17:46,165.0,28.0,258.65,57.0,163.0,98.0,260.96,26.0,211.82,93.64999999999998,126.0,83.0,43.4038866923247,209,43.0,55.0,0.21,149.2,
2025-04-08 12:17:47,163.0,38.0,256.9,49.0,162.0,130.0,257.65,52.0,209.95,93.89999999999998,168.0,101.0,29.171989476209493,269,67.0,60.0,0.25,163.57,7.0
2025-04-08 12:17:48,163.33,18.0,254.32,28.0,162.17,72.0,255.15,46.0,208.83,90.98999999999998,90.0,74.0,18.64398213901809,164,16.0,-105.0,0.1,163.57,
2025-04-08 12:17:49,164.76,21.0,250.85,47.0,163.13,30.0,251.64,33.0,207.81,86.09,51.0,80.0,2.7294193521681387,131,-29.0,-33.0,-0.22,163.57,
2025-04-08 12:17:50,163.96,26.0,245.28,29.0,162.67,30.0,247.54,26.0,204.62,81.32,56.0,55.0,2.6789979469909966,111,1.0,-20.0,0.01,164.0,6.0
2025-04-08 12:17:51,162.0,135.0,236.17,41.0,159.0,79.0,238.5,50.0,199.09,74.16999999999999,214.0,91.0,4.373842704072933,305,123.0,168.0,0.4,164.0,
2025-04-08 12:17:52,162.0,117.0,231.16,58.0,159.0,107.0,232.1,48.0,196.58,69.16,224.0,106.0,5.373753809020426,330,118.0,25.0,0.36,164.0,
2025-04-08 12:17:53,162.24,82.0,227.29,48.0,160.25,96.0,228.09,53.0,194.77,65.04999999999998,178.0,101.0,5.49023041410381,279,77.0,-51.0,0.28,164.0,
2025-04-08 12:17:54,163.0,65.0,224.38,39.0,162.0,169.0,226.14,43.0,193.69,61.38,234.0,82.0,4.351017122459932,316,152.0,37.0,0.48,164.0,
2025-04-08 12:17:55,163.0,76.0,220.98,48.0,162.0,182.0,223.0,27.0,191.99,57.97999999999999,258.0,75.0,2.729593376297936,333,183.0,17.0,0.55,163.0,3.0
2025-04-08 12:17:56,163.0,45.0,215.58,26.0,162.0,117.0,216.03,29.0,189.29,52.58000000000001,162.0,55.0,2.777639285422399,217,107.0,-116.0,0.49,163.0,
2025-04-08 12:17:57,163.0,60.0,211.72,29.0,162.0,156.0,212.3,30.0,187.36,48.72,216.0,59.0,3.070863070850685,275,157.0,58.0,0.57,163.0,4.0
2025-04-08 12:17:58,163.0,10.0,209.0,33.0,162.0,130.0,209.96,28.0,186.0,46.0,140.0,61.0,3.18167094463075,201,79.0,-74.0,0.39,163.0,
2025-04-08 12:17:59,163.0,14.0,204.07,43.0,162.0,182.0,205.94,34.0,183.53,41.06999999999999,196.0,77.0,3.2134451916750373,273,119.0,72.0,0.44,163.0,
2025-04-08 12:18:00,162.11,62.0,201.91,33.0,161.9,101.0,203.2,30.0,182.01,39.79999999999998,163.0,63.0,2.9171681473462243,226,100.0,-47.0,0.44,162.33,3.0
2025-04-08 12:18:01,162.0,132.0,198.41,34.0,161.0,24.0,199.38,42.0,180.21,36.41,156.0,76.0,2.901563371681559,232,80.0,6.0,0.34,162.33,
2025-04-08 12:18:02,162.0,162.0,184.88,59.0,161.0,34.0,190.18,38.0,173.44,22.879999999999995,196.0,97.0,4.7484597502635335,293,99.0,61.0,0.34,162.0,5.0
2025-04-08 12:18:03,163.59,44.0,174.75,32.0,161.81,52.0,175.57,35.0,169.17,11.159999999999997,96.0,67.0,6.119021163540734,163,29.0,-130.0,0.18,162.0,
2025-04-08 12:18:04,162.0,42.0,168.84,50.0,161.0,28.0,170.0,51.0,165.42,6.840000000000003,70.0,101.0,7.070548069269095,171,-31.0,8.0,-0.18,164.0,5.0
2025-04-08 12:18:05,161.83,36.0,165.5,40.0,160.66,35.0,166.25,48.0,163.67,3.669999999999988,71.0,88.0,6.653613304049931,159,-17.0,-12.0,-0.11,162.0,3.0
2025-04-08 12:18:06,160.43,21.0,162.29,31.0,158.68,31.0,163.76,34.0,161.36,1.8599999999999848,52.0,65.0,4.765099159494465,117,-13.0,-42.0,-0.11,161.0,3.0
2025-04-08 12:18:07,158.13,45.0,159.51,51.0,130.56,36.0,162.1,51.0,158.82,1.3799999999999957,81.0,102.0,3.9423812600765897,183,-21.0,66.0,-0.11,158.6,5.0
2025-04-08 12:18:11,116.5,10.0,154.9,30.0,91.8,10.0,174.07,14.0,135.7,38.400000000000006,20.0,44.0,13.688109803756442,64,-24.0,-5.0,-0.38,150.0,3.0
2025-04-08 12:18:12,148.5,8.0,157.0,24.0,115.5,8.0,244.0,8.0,152.75,8.5,16.0,32.0,11.19070283760982,48,-16.0,-16.0,-0.33,150.0,
2025-04-08 12:18:13,141.0,7.0,157.0,16.0,131.14,7.0,288.86,7.0,149.0,16.0,14.0,23.0,12.215767270200596,37,-9.0,-11.0,-0.24,157.0,1.0
2025-04-08 12:18:14,141.5,6.0,157.0,12.0,118.83,12.0,309.0,6.0,149.25,15.5,18.0,18.0,12.500230797857975,36,0.0,-1.0,0.0,157.0,
2025-04-08 12:18:15,142.88,8.0,157.0,16.0,140.45,44.0,241.5,20.0,149.94,14.120000000000005,52.0,36.0,6.669345545084534,88,16.0,52.0,0.18,157.0,
2025-04-08 12:18:16,145.5,6.0,157.0,12.0,108.0,6.0,219.0,30.0,151.25,11.5,12.0,42.0,1.5597980637734643,54,-30.0,-34.0,-0.56,157.0,
2025-04-08 12:18:17,146.33,6.0,156.43,7.0,70.38,24.0,191.44,18.0,151.38,10.099999999999994,30.0,25.0,1.1066300193607304,55,5.0,1.0,0.09,156.5,2.0
2025-04-08 12:18:18,147.4,10.0,264.39,46.0,101.5,70.0,413.59,22.0,205.9,116.98999999999998,80.0,68.0,24.81190903577951,148,12.0,93.0,0.08,157.0,1.0
2025-04-08 12:18:19,160.44,18.0,268.0,30.0,140.22,18.0,338.73,26.0,214.22,107.56,36.0,56.0,32.56501834791207,92,-20.0,-56.0,-0.22,157.0,
2025-04-08 12:18:20,161.8,25.0,267.2,50.0,136.41,22.0,352.6,50.0,214.5,105.39999999999998,47.0,100.0,33.167087602017496,147,-53.0,55.0,-0.36,162.0,4.0
2025-04-08 12:18:21,161.0,8.0,253.33,36.0,49.1,29.0,309.75,40.0,207.17,92.33,37.0,76.0,26.70791979918969,113,-39.0,-34.0,-0.35,162.0,
2025-04-08 12:18:22,161.57,7.0,263.36,25.0,43.55,47.0,265.13,31.0,212.47,101.79000000000002,54.0,56.0,4.041926520855921,110,-2.0,-3.0,-0.02,165.0,1.0
2025-04-08 12:18:23,161.6,20.0,260.52,44.0,62.94,47.0,261.63,68.0,211.06,98.92,67.0,112.0,2.9809612543612034,179,-45.0,69.0,-0.25,165.0,
2025-04-08 12:18:24,131.78,9.0,219.14,14.0,66.64,50.0,259.5,30.0,175.46,87.35999999999999,59.0,44.0,16.2505990658797,103,15.0,-76.0,0.15,161.0,4.0
2025-04-08 12:18:25,142.88,26.0,256.75,36.0,136.66,38.0,292.36,33.0,199.82,113.87,64.0,69.0,15.201359478676832,133,-5.0,30.0,-0.04,149.5,4.0
2025-04-08 12:18:26,163.04,27.0,256.67,60.0,150.33,63.0,258.33,60.0,209.85,93.63000000000002,90.0,120.0,15.508802984110677,210,-30.0,77.0,-0.14,166.0,1.0
2025-04-08 12:18:27,162.0,37.0,251.38,52.0,143.13,47.0,255.64,55.0,206.69,89.38,84.0,107.0,14.702783069880184,191,-23.0,-19.0,-0.12,162.0,1.0
2025-04-08 12:18:28,162.0,30.0,239.78,41.0,161.0,10.0,253.2,50.0,200.89,77.78,40.0,91.0,13.54793231456176,131,-51.0,-60.0,-0.39,162.0,
2025-04-08 12:18:29,160.67,45.0,245.86,69.0,145.4,25.0,250.44,72.0,203.26,85.19000000000003,70.0,141.0,4.156280789356102,211,-71.0,80.0,-0.34,161.0,5.0
2025-04-08 12:18:30,158.0,33.0,212.73,55.0,144.55,33.0,213.79,52.0,185.36,54.72999999999999,66.0,107.0,9.48956532197119,173,-41.0,-38.0,-0.24,161.0,
2025-04-08 12:18:31,165.47,45.0,207.49,72.0,156.47,45.0,209.54,69.0,186.48,42.02000000000001,90.0,141.0,9.915887756521771,231,-51.0,58.0,-0.22,161.0,
2025-04-08 12:18:32,166.0,24.0,198.44,45.0,158.0,30.0,203.8,50.0,182.22,32.44,54.0,95.0,9.687456838609274,149,-41.0,-82.0,-0.28,166.0,2.0
2025-04-08 12:18:33,166.0,9.0,191.19,43.0,158.0,27.0,196.23,39.0,178.59,25.19,36.0,82.0,9.496821573552843,118,-46.0,-31.0,-0.39,166.0,
2025-04-08 12:18:34,162.8,35.0,190.43,70.0,161.39,119.0,196.14,70.0,176.61,27.629999999999995,154.0,140.0,4.2420242809154525,294,14.0,168.0,0.05,162.8,5.0
2025-04-08 12:18:35,162.0,44.0,190.02,52.0,161.0,110.0,283.31,52.0,176.01,28.02000000000001,154.0,104.0,4.367993818661887,258,50.0,-36.0,0.19,162.8,
2025-04-08 12:18:36,162.0,36.0,185.44,18.0,161.0,90.0,188.95,42.0,173.72,23.44,126.0,60.0,3.191496514154108,186,66.0,-72.0,0.35,162.8,
2025-04-08 12:18:37,162.0,48.0,186.0,48.0,161.0,120.0,188.45,33.0,174.0,24.0,168.0,81.0,2.003105089567434,249,87.0,63.0,0.35,162.8,
2025-04-08 12:18:38,163.67,27.0,183.67,90.0,161.77,130.0,188.0,36.0,173.67,20.0,157.0,126.0,1.3985242221165977,283,31.0,34.0,0.11,162.8,
2025-04-08 12:18:39,165.0,13.0,181.0,65.0,162.05,101.0,188.0,26.0,173.0,16.0,114.0,91.0,1.1396710050904055,205,23.0,-78.0,0.11,162.8,
2025-04-08 12:18:40,165.0,14.0,180.0,70.0,163.0,14.0,188.0,28.0,172.5,15.0,28.0,98.0,0.612960031193569,126,-70.0,-79.0,-0.56,162.8,
2025-04-08 12:18:41,163.92,13.0,178.39,36.0,162.07,90.0,180.0,51.0,171.16,14.47,103.0,87.0,1.117443510804309,190,16.0,64.0,0.08,165.0,1.0
2025-04-08 12:18:42,162.01,89.0,176.0,22.0,161.1,122.0,177.0,44.0,169.01,13.990000000000007,211.0,66.0,1.8437380507638363,277,145.0,87.0,0.52,162.17,6.0
2025-04-08 12:18:43,162.0,84.0,174.31,35.0,161.0,132.0,175.16,38.0,168.16,12.310000000000002,216.0,73.0,2.122941355720814,289,143.0,12.0,0.49,162.17,
2025-04-08 12:18:44,162.0,91.0,167.5,40.0,161.0,143.0,169.22,36.0,164.75,5.5,234.0,76.0,2.983978887295056,310,158.0,21.0,0.51,162.17,
2025-04-08 12:18:45,162.0,84.0,164.21,39.0,161.0,132.0,164.8,45.0,163.1,2.210000000000008,216.0,84.0,3.26670016986784,300,132.0,-10.0,0.44,163.0,1.0
2025-04-08 12:18:46,161.25,44.0,162.26,34.0,159.94,119.0,163.9,50.0,161.76,1.009999999999991,163.0,84.0,3.1465107658812417,247,79.0,-53.0,0.32,161.39,18.0
2025-04-08 12:18:47,158.0,76.0,159.67,18.0,145.0,24.0,204.22,23.0,158.83,1.6699999999999875,100.0,41.0,3.468162337578482,141,59.0,-106.0,0.42,158.0,3.0
2025-04-08 12:18:48,158.0,56.0,159.0,7.0,157.0,14.0,318.43,14.0,158.5,1.0,70.0,21.0,2.704453734081904,91,49.0,-50.0,0.54,158.0,1.0
2025-04-08 12:18:50,167.0,14.0,402.0,21.0,159.15,27.0,520.0,14.0,284.5,235.0,41.0,35.0,77.68027021065274,76,6.0,-116.0,0.08,158.0,
2025-04-08 12:18:51,159.47,34.0,261.07,15.0,158.05,57.0,391.42,24.0,210.27,101.6,91.0,39.0,72.06255941888315,130,52.0,54.0,0.4,163.5,4.0
2025-04-08 12:18:52,159.0,52.0,250.15,26.0,158.0,91.0,348.63,35.0,204.58,91.15,143.0,61.0,63.91753061563082,204,82.0,74.0,0.4,163.5,
2025-04-08 12:18:53,160.43,28.0,247.04,26.0,158.74,54.0,311.77,35.0,203.73,86.60999999999999,82.0,61.0,52.643931559108914,143,21.0,-61.0,0.15,163.5,
2025-04-08 12:18:54,161.0,26.0,162.31,29.0,159.0,52.0,215.55,38.0,161.66,1.3100000000000025,78.0,67.0,44.475595218052,145,11.0,2.0,0.08,163.5,
2025-04-08 12:18:55,161.0,24.0,162.0,24.0,159.0,48.0,212.25,36.0,161.5,1.0,72.0,60.0,24.56482383409053,132,12.0,-13.0,0.09,163.5,
2025-04-08 12:18:56,159.6,40.0,161.64,22.0,158.19,129.0,175.79,33.0,160.62,2.039999999999992,169.0,55.0,23.49981744609644,224,114.0,92.0,0.51,161.0,2.0
2025-04-08 12:18:57,159.0,39.0,160.05,20.0,158.0,240.0,301.89,35.0,159.53,1.0500000000000114,279.0,55.0,19.205282346266586,334,224.0,110.0,0.67,159.0,3.0
2025-04-08 12:18:58,159.33,9.0,206.0,12.0,158.01,121.0,436.14,21.0,182.67,46.66999999999999,130.0,33.0,9.804944160973102,163,97.0,-168.0,0.6,160.0,1.0
2025-04-08 12:18:59,165.04,46.0,185.0,26.0,164.07,30.0,468.94,31.0,175.02,19.960000000000008,76.0,57.0,10.40261361388628,133,19.0,-30.0,0.14,160.0,
2025-04-08 12:19:00,167.0,44.0,251.91,22.0,166.0,44.0,338.82,22.0,209.45,84.91,88.0,44.0,20.38092416942504,132,44.0,-1.0,0.33,160.0,
2025-04-08 12:19:01,167.0,52.0,227.15,26.0,166.0,52.0,477.36,33.0,197.08,60.150000000000006,104.0,59.0,19.34661856759174,163,45.0,31.0,0.28,160.0,
2025-04-08 12:19:02,167.0,20.0,235.17,12.0,166.0,24.0,535.0,18.0,201.08,68.16999999999999,44.0,30.0,13.986659715597623,74,14.0,-89.0,0.19,167.0,2.0
2025-04-08 12:19:03,167.75,8.0,250.0,8.0,166.0,16.0,535.0,12.0,208.88,82.25,24.0,20.0,14.030627926074583,44,4.0,-30.0,0.09,167.0,
2025-04-08 12:19:04,167.33,24.0,371.57,21.0,165.89,36.0,445.0,21.0,269.45,204.24,60.0,42.0,29.681709351046923,102,18.0,58.0,0.18,168.0,2.0
2025-04-08 12:19:05,165.77,31.0,302.08,26.0,163.25,96.0,361.93,30.0,233.93,136.30999999999997,127.0,56.0,30.10223961767708,183,71.0,81.0,0.39,165.8,5.0
2025-04-08 12:19:06,165.0,12.0,325.67,24.0,163.0,144.0,400.57,28.0,245.33,160.67000000000002,156.0,52.0,27.722478785276227,208,104.0,25.0,0.5,165.8,
2025-04-08 12:19:07,163.1,42.0,353.86,14.0,162.83,29.0,503.0,14.0,258.48,190.76,71.0,28.0,23.40337646580384,99,43.0,-109.0,0.43,163.22,9.0
2025-04-08 12:19:08,162.61,51.0,294.4,30.0,159.0,46.0,463.87,30.0,228.5,131.78999999999996,97.0,60.0,16.967332436189196,157,37.0,58.0,0.24,162.8,5.0
2025-04-08 12:19:09,159.38,26.0,261.0,12.0,153.4,10.0,366.0,12.0,210.19,101.62,36.0,24.0,18.142087255883958,60,12.0,-97.0,0.2,160.2,5.0
2025-04-08 12:19:10,158.0,88.0,326.25,16.0,109.4,20.0,410.0,18.0,242.12,168.25,108.0,34.0,18.357497923195144,142,74.0,82.0,0.52,160.2,
2025-04-08 12:19:11,158.25,72.0,350.82,22.0,148.56,81.0,386.27,22.0,254.53,192.57,153.0,44.0,19.813968052869217,197,109.0,55.0,0.55,158.75,4.0
2025-04-08 12:19:12,159.73,30.0,364.0,14.0,152.54,56.0,498.43,14.0,261.87,204.27,86.0,28.0,20.69566065628553,114,58.0,-83.0,0.51,160.0,6.0
2025-04-08 12:19:13,158.0,40.0,354.27,22.0,107.0,30.0,509.7,20.0,256.14,196.27,70.0,42.0,20.733688769732908,112,28.0,-2.0,0.25,158.0,5.0
2025-04-08 12:19:14,158.0,81.0,232.89,19.0,108.88,25.0,250.83,24.0,195.45,74.88999999999999,106.0,43.0,27.012366982553303,149,63.0,37.0,0.42,158.0,
2025-04-08 12:19:15,158.0,113.0,197.36,28.0,154.0,14.0,212.65,34.0,177.68,39.360000000000014,127.0,62.0,39.45900568945041,189,65.0,40.0,0.34,158.0,1.0
2025-04-08 12:19:16,165.0,34.0,196.71,28.0,158.0,112.0,360.71,28.0,180.86,31.710000000000008,146.0,56.0,41.31592005510726,202,90.0,13.0,0.45,165.0,2.0
2025-04-08 12:19:17,165.43,28.0,195.42,24.0,158.78,72.0,370.85,26.0,180.42,29.98999999999998,100.0,50.0,33.175442725002824,150,50.0,-52.0,0.33,165.0,
2025-04-08 12:19:18,166.25,12.0,195.0,8.0,165.0,8.0,444.33,9.0,180.62,28.75,20.0,17.0,7.074692926189617,37,3.0,-113.0,0.08,165.0,
2025-04-08 12:19:19,167.1,30.0,194.2,20.0,165.0,20.0,423.1,29.0,180.65,27.099999999999994,50.0,49.0,1.3317957800895917,99,1.0,62.0,0.01,165.0,
2025-04-08 12:19:20,168.0,36.0,193.17,24.0,165.0,24.0,217.0,36.0,180.58,25.169999999999987,60.0,60.0,0.15805062438038,120,0.0,21.0,0.0,165.0,
2025-04-08 12:19:21,168.0,36.0,192.33,24.0,165.0,24.0,219.47,34.0,180.17,24.330000000000013,60.0,58.0,0.1986705812807052,118,2.0,-2.0,0.02,165.0,
2025-04-08 12:19:22,168.0,21.0,190.57,14.0,165.55,11.0,238.0,14.0,179.29,22.569999999999997,32.0,28.0,0.5772954181919422,60,4.0,-58.0,0.07,165.0,
2025-04-08 12:19:23,168.0,30.0,188.9,20.0,167.0,10.0,236.8,20.0,178.45,20.90000000000001,40.0,40.0,0.9416050126584282,80,0.0,20.0,0.0,165.0,
2025-04-08 12:19:24,168.0,34.0,185.33,30.0,167.0,15.0,336.07,30.0,176.67,17.330000000000013,49.0,60.0,1.555287754680758,109,-11.0,29.0,-0.1,168.0,1.0
2025-04-08 12:19:25,168.0,24.0,403.43,42.0,167.0,12.0,433.4,40.0,285.71,235.43,36.0,82.0,47.89836030596407,118,-46.0,9.0,-0.39,168.0,
2025-04-08 12:19:26,167.96,23.0,175.59,34.0,166.69,13.0,240.77,39.0,171.77,7.6299999999999955,36.0,73.0,48.906998681169824,109,-37.0,-9.0,-0.34,168.0,2.0
2025-04-08 12:19:27,167.0,7.0,179.9,31.0,165.0,14.0,196.0,24.0,173.45,12.900000000000006,21.0,55.0,49.54243231816482,76,-34.0,-33.0,-0.45,168.0,
2025-04-08 12:19:28,167.0,11.0,178.11,45.0,165.0,22.0,179.07,54.0,172.56,11.110000000000014,33.0,99.0,50.16611625390127,132,-66.0,56.0,-0.5,168.0,
2025-04-08 12:19:29,166.03,40.0,173.56,41.0,164.74,23.0,176.92,62.0,169.79,7.530000000000001,63.0,103.0,50.91867417755426,166,-40.0,34.0,-0.24,166.25,4.0
2025-04-08 12:19:30,166.0,75.0,167.0,52.0,165.0,26.0,168.0,26.0,166.5,1.0,101.0,78.0,2.764512615240731,179,23.0,13.0,0.13,166.0,4.0
2025-04-08 12:19:31,165.26,35.0,167.06,71.0,163.63,19.0,205.95,40.0,166.16,1.8000000000000114,54.0,111.0,3.354902383053802,165,-57.0,-14.0,-0.35,164.38,8.0
2025-04-08 12:19:32,162.0,24.0,166.31,54.0,161.0,117.0,283.87,30.0,164.16,4.310000000000002,141.0,84.0,3.3256999263029834,225,57.0,60.0,0.25,164.38,
2025-04-08 12:19:33,162.0,11.0,163.0,45.0,161.0,90.0,164.0,18.0,162.5,1.0,101.0,63.0,2.743942419184945,164,38.0,-61.0,0.23,162.0,1.0
2025-04-08 12:19:34,161.38,16.0,163.06,32.0,160.47,73.0,208.2,15.0,162.22,1.6800000000000068,89.0,47.0,1.9928171014409972,136,42.0,-28.0,0.31,162.0,1.0
2025-04-08 12:19:35,161.0,150.0,237.07,30.0,158.0,195.0,336.81,37.0,199.03,76.07,345.0,67.0,15.85132108058584,412,278.0,168.0,0.67,162.0,
2025-04-08 12:19:36,161.0,102.0,184.47,30.0,158.0,143.0,202.5,24.0,172.73,23.47,245.0,54.0,15.639979859316664,299,191.0,-113.0,0.64,161.0,4.0
2025-04-08 12:19:37,161.54,26.0,184.0,36.0,159.85,68.0,188.0,18.0,172.77,22.460000000000008,94.0,54.0,15.004437676895414,148,40.0,-151.0,0.27,161.0,
2025-04-08 12:19:38,162.0,24.0,182.0,48.0,161.0,72.0,188.0,24.0,172.0,20.0,96.0,72.0,13.757567008735494,168,24.0,20.0,0.14,161.0,
2025-04-08 12:19:39,162.0,19.0,182.67,30.0,161.0,60.0,295.18,22.0,172.33,20.669999999999987,79.0,52.0,11.887763456590834,131,27.0,-37.0,0.21,162.0,1.0
2025-04-08 12:19:40,162.0,7.0,210.0,14.0,161.0,42.0,343.0,14.0,186.0,48.0,49.0,28.0,6.064588197053821,77,21.0,-54.0,0.27,162.0,
2025-04-08 12:19:41,162.0,13.0,319.0,32.0,161.0,78.0,438.78,27.0,240.5,157.0,91.0,59.0,29.54301863384827,150,32.0,73.0,0.21,162.0,
2025-04-08 12:19:42,161.03,40.0,292.81,62.0,158.21,84.0,379.83,41.0,226.92,131.78,124.0,103.0,32.0528969049594,227,21.0,77.0,0.09,161.25,4.0
2025-04-08 12:19:43,158.93,29.0,315.76,34.0,157.69,26.0,407.97,32.0,237.35,156.82999999999998,55.0,66.0,31.32597085486762,121,-11.0,-106.0,-0.09,160.25,4.0
2025-04-08 12:19:44,160.29,42.0,289.17,60.0,157.71,42.0,381.33,60.0,224.73,128.88000000000002,84.0,120.0,21.79152243419592,204,-36.0,83.0,-0.18,160.25,
2025-04-08 12:19:45,166.0,18.0,222.33,45.0,160.89,45.0,320.0,45.0,194.17,56.33000000000001,63.0,90.0,18.34848031854605,153,-27.0,-51.0,-0.18,160.25,
2025-04-08 12:19:46,165.33,30.0,192.89,45.0,162.45,55.0,242.18,17.0,179.11,27.55999999999997,85.0,62.0,24.626728974835743,147,23.0,-6.0,0.16,165.5,4.0
2025-04-08 12:19:47,165.06,34.0,191.11,45.0,159.56,45.0,282.39,18.0,178.08,26.05000000000001,79.0,63.0,27.024692782712048,142,16.0,-5.0,0.11,165.5,2.0
2025-04-08 12:19:48,162.78,50.0,189.67,60.0,160.69,77.0,298.5,52.0,176.22,26.889999999999983,127.0,112.0,20.451537106044427,239,15.0,97.0,0.06,164.8,5.0
2025-04-08 12:19:49,163.05,44.0,187.12,40.0,160.88,82.0,188.12,40.0,175.09,24.069999999999997,126.0,80.0,7.782000385496402,206,46.0,-33.0,0.22,164.0,5.0
2025-04-08 12:19:50,165.0,28.0,186.29,35.0,161.76,55.0,187.29,35.0,175.64,21.289999999999992,83.0,70.0,1.701226028442138,153,13.0,-53.0,0.08,164.0,
2025-04-08 12:19:51,165.0,48.0,184.83,60.0,161.62,102.0,185.83,60.0,174.92,19.830000000000013,150.0,120.0,1.2745979757731771,270,30.0,117.0,0.11,164.0,
2025-04-08 12:19:52,165.0,40.0,181.44,32.0,161.0,130.0,182.74,38.0,173.22,16.439999999999998,170.0,70.0,1.1268629019718994,240,100.0,-30.0,0.42,164.0,
2025-04-08 12:19:53,163.38,74.0,176.13,54.0,160.92,109.0,178.33,30.0,169.75,12.75,183.0,84.0,2.3986517045695552,267,99.0,27.0,0.37,165.0,4.0
2025-04-08 12:19:54,161.59,51.0,174.25,40.0,160.32,44.0,174.68,28.0,167.92,12.659999999999997,95.0,68.0,3.33739419305357,163,27.0,-104.0,0.17,161.0,3.0
2025-04-08 12:19:55,166.0,28.0,169.1,42.0,161.0,70.0,170.7,40.0,167.55,3.0999999999999943,98.0,82.0,3.267578614175961,180,16.0,17.0,0.09,166.0,1.0
2025-04-08 12:19:56,160.89,54.0,164.27,55.0,159.35,127.0,165.91,55.0,162.58,3.380000000000024,181.0,110.0,3.86290434774258,291,71.0,111.0,0.24,161.73,11.0
2025-04-08 12:19:57,159.23,159.0,161.64,70.0,158.97,457.0,231.69,26.0,160.43,2.4099999999999966,616.0,96.0,3.944810515068697,712,520.0,168.0,0.73,161.0,2.0
2025-04-08 12:19:58,159.01,499.0,281.3,27.0,158.55,106.0,552.26,42.0,220.16,122.29000000000002,605.0,69.0,25.04468945704545,674,536.0,-38.0,0.8,160.0,6.0
2025-04-08 12:19:59,159.0,361.0,322.71,14.0,157.0,18.0,520.44,25.0,240.86,163.70999999999998,379.0,39.0,37.50369888424223,418,340.0,-168.0,0.81,159.0,1.0
2025-04-08 12:20:00,159.38,64.0,301.15,13.0,158.99,482.0,322.83,24.0,230.26,141.76999999999998,546.0,37.0,38.4604773761321,583,509.0,165.0,0.87,159.0,
2025-04-08 12:20:01,161.56,27.0,189.55,11.0,159.05,126.0,196.62,8.0,175.55,27.99000000000001,153.0,19.0,35.37866122396354,172,134.0,-168.0,0.78,159.0,
2025-04-08 12:20:02,160.0,36.0,187.95,20.0,159.0,720.0,202.14,42.0,173.97,27.94999999999999,756.0,62.0,31.361075396101995,818,694.0,168.0,0.85,159.0,
2025-04-08 12:20:03,166.88,17.0,186.2,25.0,160.04,52.0,262.75,20.0,176.54,19.319999999999997,69.0,45.0,33.2014748166396,114,24.0,-168.0,0.21,159.0,
2025-04-08 12:20:04,166.5,24.0,185.91,35.0,159.81,89.0,186.4,20.0,176.21,19.41,113.0,55.0,24.4792081162748,168,58.0,54.0,0.35,167.67,3.0
2025-04-08 12:20:05,162.0,27.0,183.89,9.0,159.0,360.0,186.0,36.0,172.94,21.889999999999983,387.0,45.0,1.5357310962021344,432,342.0,168.0,0.79,167.67,
2025-04-08 12:20:06,162.91,69.0,180.94,17.0,159.76,107.0,185.74,38.0,171.93,18.03,176.0,55.0,2.0149119087044194,231,121.0,-168.0,0.52,167.67,
2025-04-08 12:20:07,163.0,48.0,179.39,23.0,162.0,24.0,179.59,17.0,171.2,16.389999999999986,72.0,40.0,2.4650415817661893,112,32.0,-119.0,0.29,163.0,4.0
2025-04-08 12:20:08,162.93,29.0,176.5,32.0,159.76,107.0,178.7,23.0,169.72,13.569999999999991,136.0,55.0,2.431614689836806,191,81.0,79.0,0.42,162.6,5.0
2025-04-08 12:20:09,162.0,9.0,174.07,27.0,159.0,360.0,175.78,18.0,168.04,12.069999999999991,369.0,45.0,1.923195257851552,414,324.0,168.0,0.78,162.6,
2025-04-08 12:20:10,159.18,115.0,171.65,31.0,158.98,286.0,172.32,19.0,165.41,12.47,401.0,50.0,2.617966768279505,451,351.0,37.0,0.78,159.6,5.0
2025-04-08 12:20:11,159.0,396.0,165.79,14.0,158.0,22.0,168.02,41.0,162.39,6.789999999999992,418.0,55.0,3.510009971468328,473,363.0,22.0,0.77,159.6,
2025-04-08 12:20:12,159.11,106.0,164.0,5.0,158.92,78.0,168.0,20.0,161.56,4.889999999999986,184.0,25.0,3.515498542141393,209,159.0,-168.0,0.76,160.2,5.0
2025-04-08 12:20:13,159.06,308.0,163.29,34.0,158.91,218.0,205.56,25.0,161.18,4.22999999999999,526.0,59.0,2.932768316759846,585,467.0,168.0,0.8,159.6,5.0
2025-04-08 12:20:14,159.09,204.0,164.54,37.0,158.25,102.0,215.0,20.0,161.82,5.449999999999989,306.0,57.0,1.700344082762281,363,249.0,-168.0,0.69,162.75,4.0
2025-04-08 12:20:15,159.33,45.0,221.8,15.0,158.94,35.0,370.4,15.0,190.57,62.47,80.0,30.0,12.901795611456864,110,50.0,-168.0,0.45,161.2,5.0
2025-04-08 12:20:16,161.0,36.0,393.75,12.0,159.0,84.0,606.67,12.0,277.38,232.75,120.0,24.0,50.16938229637586,144,96.0,34.0,0.67,161.2,
2025-04-08 12:20:17,161.0,24.0,463.75,8.0,159.0,73.0,729.0,8.0,312.38,302.75,97.0,16.0,69.88408388181138,113,81.0,-31.0,0.72,161.2,
2025-04-08 12:20:18,161.0,24.0,306.58,12.0,159.0,56.0,524.88,32.0,233.79,145.57999999999998,80.0,44.0,61.47022344192442,124,36.0,11.0,0.29,161.2,
2025-04-08 12:20:19,161.0,21.0,180.0,35.0,159.0,49.0,363.14,7.0,170.5,19.0,70.0,42.0,58.95116394101241,112,28.0,-12.0,0.25,161.2,
2025-04-08 12:20:20,161.0,42.0,180.0,70.0,159.0,98.0,490.86,14.0,170.5,19.0,140.0,84.0,63.41106449193314,224,56.0,112.0,0.25,161.2,
2025-04-08 12:20:21,161.23,35.0,352.97,29.0,159.14,83.0,518.0,17.0,257.1,191.74000000000004,118.0,46.0,60.43420372603652,164,72.0,-60.0,0.44,161.2,
2025-04-08 12:20:22,161.21,19.0,240.57,7.0,159.13,45.0,424.0,35.0,200.89,79.35999999999999,64.0,42.0,38.49857309044042,106,22.0,-58.0,0.21,161.2,
2025-04-08 12:20:23,161.0,18.0,354.57,14.0,159.0,42.0,434.82,22.0,257.79,193.57,60.0,36.0,43.86511290308058,96,24.0,-10.0,0.25,161.2,
2025-04-08 12:20:27,163.11,53.0,275.56,45.0,160.08,39.0,276.23,65.0,219.33,112.45,92.0,110.0,65.04491471283852,202,-18.0,78.0,-0.09,165.0,3.0
2025-04-08 12:20:28,163.0,63.0,273.56,18.0,161.0,27.0,276.0,45.0,218.28,110.56,90.0,63.0,74.1200248246073,153,27.0,-49.0,0.18,165.0,
2025-04-08 12:20:29,164.88,64.0,269.21,77.0,162.47,68.0,270.39,62.0,217.04,104.32999999999998,132.0,139.0,79.45279114040173,271,-7.0,118.0,-0.03,165.0,4.0
2025-04-08 12:20:30,167.0,16.0,267.88,40.0,163.0,40.0,269.0,40.0,217.44,100.88,56.0,80.0,69.42092321483614,136,-24.0,-135.0,-0.18,165.0,
2025-04-08 12:20:31,167.0,22.0,265.93,54.0,163.78,27.0,266.91,55.0,216.46,98.93,49.0,109.0,1.1217842930038295,158,-60.0,22.0,-0.38,165.0,
2025-04-08 12:20:32,167.33,36.0,263.06,66.0,166.12,17.0,264.45,78.0,215.2,95.73,53.0,144.0,1.1508605476017977,197,-91.0,39.0,-0.46,165.0,
2025-04-08 12:20:33,168.0,34.0,239.88,32.0,166.94,68.0,257.06,52.0,203.94,71.88,102.0,84.0,5.695812496914998,186,18.0,-11.0,0.1,168.0,1.0
2025-04-08 12:20:34,167.04,57.0,228.58,48.0,166.42,19.0,265.5,60.0,197.81,61.54000000000002,76.0,108.0,8.793469167512628,184,-32.0,-2.0,-0.17,167.4,5.0
2025-04-08 12:20:35,167.0,61.0,224.37,78.0,166.0,17.0,240.51,77.0,195.69,57.370000000000005,78.0,155.0,9.637237674768382,233,-77.0,49.0,-0.33,167.0,5.0
2025-04-08 12:20:36,166.0,6.0,220.0,26.0,165.0,6.0,221.0,28.0,193.0,54.0,12.0,54.0,8.83987952406329,66,-42.0,-167.0,-0.64,167.0,
2025-04-08 12:20:37,166.0,11.0,218.52,50.0,165.0,11.0,219.49,49.0,192.26,52.52000000000001,22.0,99.0,4.688960439152002,121,-77.0,55.0,-0.64,167.0,
2025-04-08 12:20:38,166.0,11.0,216.45,44.0,165.0,11.0,218.12,50.0,191.23,50.44999999999999,22.0,94.0,2.695954376453906,116,-72.0,-5.0,-0.62,167.0,
2025-04-08 12:20:39,160.17,54.0,212.73,59.0,159.4,45.0,213.75,64.0,186.45,52.56,99.0,123.0,3.38022632377044,222,-24.0,106.0,-0.11,164.0,5.0
2025-04-08 12:20:40,161.0,50.0,210.6,40.0,159.0,50.0,211.63,41.0,185.8,49.6,100.0,81.0,3.3743695707349035,181,19.0,-41.0,0.1,164.0,
2025-04-08 12:20:41,161.0,60.0,208.17,48.0,159.0,60.0,209.17,48.0,184.58,47.16999999999999,120.0,96.0,3.4459730120669936,216,24.0,35.0,0.11,164.0,
2025-04-08 12:20:42,161.85,65.0,206.0,33.0,160.43,35.0,206.97,29.0,183.92,44.150000000000006,100.0,62.0,2.8789807223888557,162,38.0,-54.0,0.23,164.0,
2025-04-08 12:20:43,162.0,88.0,202.51,35.0,161.0,40.0,204.08,36.0,182.26,40.50999999999999,128.0,71.0,1.6432346149831218,199,57.0,37.0,0.29,164.0,
2025-04-08 12:20:44,162.0,113.0,185.9,40.0,161.0,55.0,192.62,37.0,173.95,23.90000000000001,168.0,77.0,4.732887068150648,245,91.0,46.0,0.37,162.0,4.0
2025-04-08 12:20:45,162.0,15.0,184.2,20.0,161.0,25.0,185.32,19.0,173.1,22.19999999999999,40.0,39.0,5.583540095661201,79,1.0,-166.0,0.01,162.0,4.0
2025-04-08 12:20:46,162.0,30.0,182.82,44.0,161.0,50.0,183.73,44.0,172.41,20.819999999999997,80.0,88.0,5.501197142426862,168,-8.0,89.0,-0.05,162.0,
2025-04-08 12:20:47,162.0,35.0,180.9,31.0,161.0,35.0,182.25,32.0,171.45,18.90000000000001,70.0,63.0,4.360645594385594,133,7.0,-35.0,0.05,162.0,
2025-04-08 12:20:48,161.9,50.0,179.24,42.0,160.8,50.0,180.17,48.0,170.57,17.340000000000003,100.0,90.0,1.3313451843245423,190,10.0,57.0,0.05,162.0,5.0
2025-04-08 12:20:49,161.0,46.0,178.05,59.0,159.0,70.0,179.45,73.0,169.53,17.05000000000001,116.0,132.0,1.4228211411910596,248,-16.0,58.0,-0.06,161.0,3.0
2025-04-08 12:20:50,159.0,18.0,174.61,38.0,158.0,18.0,177.04,28.0,166.8,15.610000000000014,36.0,66.0,2.1552772443039885,102,-30.0,-146.0,-0.29,159.8,5.0
2025-04-08 12:20:51,159.84,43.0,170.42,64.0,136.0,26.0,171.68,50.0,165.13,10.579999999999984,69.0,114.0,2.650618795641533,183,-45.0,81.0,-0.25,160.43,7.0
2025-04-08 12:20:52,160.08,24.0,165.24,42.0,132.77,13.0,167.44,39.0,162.66,5.159999999999997,37.0,81.0,3.220988978528254,118,-44.0,-65.0,-0.37,161.8,5.0
2025-04-08 12:20:53,133.8,55.0,154.14,57.0,112.29,73.0,159.08,38.0,143.97,20.33999999999997,128.0,95.0,10.17748348069292,223,33.0,105.0,0.15,161.8,
2025-04-08 12:20:54,128.89,35.0,151.61,28.0,105.37,30.0,154.62,40.0,140.25,22.720000000000027,65.0,68.0,12.617970122002662,133,-3.0,-90.0,-0.02,150.0,5.0
2025-04-08 12:20:57,116.87,30.0,153.0,45.0,115.37,51.0,154.0,9.0,134.93,36.13,81.0,54.0,5.9085802016785305,135,27.0,-60.0,0.2,151.0,1.0
2025-04-08 12:20:58,146.56,18.0,153.11,28.0,117.52,29.0,155.5,20.0,149.83,6.550000000000011,47.0,48.0,8.025253890044391,95,-1.0,-40.0,-0.01,153.0,5.0
2025-04-08 12:21:01,134.38,39.0,155.04,45.0,104.73,59.0,174.91,23.0,144.71,20.66,98.0,68.0,10.536972050815846,166,30.0,-15.0,0.18,152.45,11.0
2025-04-08 12:21:02,135.92,36.0,155.5,20.0,102.0,48.0,272.11,18.0,145.71,19.580000000000013,84.0,38.0,10.905481190652871,122,46.0,-44.0,0.38,154.75,4.0
2025-04-08 12:21:03,139.74,38.0,157.0,12.0,111.25,56.0,318.57,14.0,148.37,17.25999999999999,94.0,26.0,10.589159551148631,120,68.0,-2.0,0.57,154.75,
2025-04-08 12:21:04,141.25,32.0,200.38,13.0,137.19,42.0,322.18,17.0,170.82,59.13,74.0,30.0,12.6917520461016,104,44.0,-16.0,0.42,157.0,1.0
2025-04-08 12:21:05,150.97,37.0,361.7,20.0,146.56,32.0,496.08,13.0,256.34,210.73,69.0,33.0,47.70176254605094,102,36.0,-2.0,0.35,154.0,2.0
2025-04-08 12:21:06,166.0,30.0,230.2,20.0,165.0,20.0,332.0,10.0,198.1,64.19999999999999,50.0,30.0,45.66489866407102,80,20.0,-22.0,0.25,154.0,
2025-04-08 12:21:07,167.0,36.0,244.63,27.0,165.0,24.0,324.32,22.0,205.81,77.63,60.0,49.0,40.75582252881088,109,11.0,29.0,0.1,154.0,
2025-04-08 12:21:08,168.0,24.0,303.62,13.0,165.0,16.0,395.08,26.0,235.81,135.62,40.0,39.0,33.35717059344222,79,1.0,-30.0,0.01,154.0,
2025-04-08 12:21:09,167.77,26.0,302.68,22.0,164.18,22.0,305.29,38.0,235.23,134.91,48.0,60.0,23.9147333248787,108,-12.0,29.0,-0.11,167.25,4.0
2025-04-08 12:21:10,163.71,14.0,283.08,13.0,161.24,33.0,329.75,32.0,223.4,119.36999999999998,47.0,45.0,17.131043459171863,92,2.0,-16.0,0.02,163.5,2.0
2025-04-08 12:21:11,162.0,20.0,255.17,18.0,161.0,10.0,407.91,22.0,208.58,93.17,30.0,40.0,14.227154669857365,70,-10.0,-22.0,-0.14,163.5,
2025-04-08 12:21:12,162.0,10.0,232.0,25.0,161.0,5.0,277.75,8.0,197.0,70.0,15.0,33.0,16.977082493763067,48,-18.0,-22.0,-0.38,163.5,
2025-04-08 12:21:13,163.85,26.0,300.75,4.0,161.86,7.0,411.33,6.0,232.3,136.9,33.0,10.0,16.215604213227248,43,23.0,-5.0,0.53,163.5,
2025-04-08 12:21:14,164.0,88.0,201.15,20.0,162.0,22.0,251.35,23.0,182.57,37.150000000000006,110.0,43.0,19.954365437166544,153,67.0,110.0,0.44,163.5,
2025-04-08 12:21:15,164.0,56.0,222.0,35.0,162.0,14.0,283.86,7.0,193.0,58.0,70.0,42.0,18.990331750655635,112,28.0,-41.0,0.25,163.5,
2025-04-08 12:21:16,164.0,74.0,287.57,23.0,162.0,30.0,648.63,43.0,225.78,123.57,104.0,66.0,21.68996772703857,170,38.0,58.0,0.22,164.0,6.0
2025-04-08 12:21:17,165.82,44.0,242.92,26.0,163.6,20.0,501.59,34.0,204.37,77.1,64.0,60.0,21.158308769842204,124,4.0,-46.0,0.03,164.0,
2025-04-08 12:21:18,166.0,35.0,199.23,30.0,164.0,20.0,457.21,19.0,182.62,33.22999999999999,55.0,49.0,18.106514573488084,104,6.0,-20.0,0.06,166.0,3.0
2025-04-08 12:21:19,166.0,12.0,250.14,7.0,164.0,12.0,546.69,26.0,208.07,84.13999999999999,24.0,33.0,16.29099045484833,57,-9.0,-47.0,-0.16,166.0,
2025-04-08 12:21:20,164.0,4.0,213.0,3.0,162.5,4.0,214.0,6.0,188.5,49.0,8.0,9.0,17.071156082701467,17,-1.0,-40.0,-0.06,164.4,5.0
2025-04-08 12:21:21,161.79,14.0,211.27,22.0,160.14,14.0,211.73,22.0,186.53,49.48000000000002,28.0,44.0,11.41331985006639,72,-16.0,55.0,-0.22,162.0,1.0
2025-04-08 12:21:22,161.0,11.0,208.64,11.0,157.95,63.0,210.62,16.0,184.82,47.63999999999999,74.0,27.0,10.271979848106293,101,47.0,29.0,0.47,162.0,
2025-04-08 12:21:23,164.64,22.0,196.55,22.0,159.0,30.0,200.93,14.0,180.59,31.910000000000025,52.0,36.0,10.674177720082234,88,16.0,-13.0,0.18,162.0,
2025-04-08 12:21:24,165.0,26.0,182.56,25.0,161.0,13.0,183.43,21.0,173.78,17.560000000000002,39.0,46.0,5.846326196841,85,-7.0,-3.0,-0.08,162.0,
2025-04-08 12:21:25,165.0,26.0,177.18,17.0,161.81,78.0,178.36,22.0,171.09,12.180000000000009,104.0,39.0,6.750234810719825,143,65.0,58.0,0.45,162.0,
2025-04-08 12:21:26,162.52,58.0,173.64,22.0,161.57,79.0,174.58,19.0,168.08,11.119999999999976,137.0,41.0,6.893574544446231,178,96.0,35.0,0.54,163.2,5.0
2025-04-08 12:21:27,162.0,31.0,172.57,23.0,161.0,60.0,173.5,24.0,167.28,10.569999999999991,91.0,47.0,5.368773602958264,138,44.0,-40.0,0.32,162.0,5.0
2025-04-08 12:21:28,161.07,30.0,169.93,15.0,160.19,52.0,170.83,12.0,165.5,8.860000000000014,82.0,27.0,3.284993150648577,109,55.0,-29.0,0.5,161.5,2.0
2025-04-08 12:21:29,161.35,31.0,167.55,11.0,160.19,37.0,168.69,13.0,164.45,6.200000000000017,68.0,24.0,2.565803967531393,92,44.0,-17.0,0.48,161.5,
2025-04-08 12:21:30,163.0,37.0,164.35,31.0,161.24,37.0,165.9,20.0,163.68,1.3499999999999943,74.0,51.0,1.857126813061859,125,23.0,33.0,0.18,163.0,2.0
2025-04-08 12:21:31,161.4,20.0,163.44,16.0,160.23,62.0,166.25,12.0,162.42,2.039999999999992,82.0,28.0,1.8433610606140935,110,54.0,-15.0,0.49,164.0,1.0
2025-04-08 12:21:32,160.23,26.0,162.4,10.0,159.45,80.0,173.0,26.0,161.32,2.170000000000016,106.0,36.0,1.646991196024759,142,70.0,32.0,0.49,160.33,6.0
2025-04-08 12:21:33,161.8,20.0,172.29,28.0,159.67,33.0,206.0,52.0,167.04,10.48999999999998,53.0,80.0,2.178742756679738,133,-27.0,-9.0,-0.2,162.0,1.0
2025-04-08 12:21:34,162.0,6.0,306.0,18.0,160.0,12.0,502.0,30.0,234.0,144.0,18.0,48.0,31.55023169486788,66,-30.0,-67.0,-0.45,162.0,
2025-04-08 12:21:35,160.35,17.0,274.47,34.0,158.15,68.0,383.14,42.0,217.41,114.12000000000003,85.0,76.0,34.58854318990456,161,9.0,95.0,0.06,162.0,
2025-04-08 12:21:36,160.0,20.0,233.77,39.0,157.86,28.0,344.42,43.0,196.88,73.77000000000001,48.0,82.0,31.39387679150064,130,-34.0,-31.0,-0.26,162.0,
2025-04-08 12:21:37,158.08,25.0,195.73,33.0,156.45,49.0,284.7,43.0,176.9,37.64999999999998,74.0,76.0,27.73418251904923,150,-2.0,20.0,-0.01,158.5,6.0
2025-04-08 12:21:38,157.89,18.0,295.42,31.0,156.21,28.0,374.62,39.0,226.65,137.53000000000003,46.0,70.0,23.31950835673829,116,-24.0,-34.0,-0.21,158.0,1.0
2025-04-08 12:21:39,165.94,68.0,396.6,50.0,164.54,61.0,457.28,61.0,281.27,230.66000000000005,129.0,111.0,39.36028925198627,240,18.0,124.0,0.07,158.0,
2025-04-08 12:21:40,167.0,26.0,334.64,47.0,166.0,104.0,387.36,44.0,250.82,167.64,130.0,91.0,41.61953303438248,221,39.0,-19.0,0.18,158.0,
2025-04-08 12:21:41,167.0,18.0,291.11,36.0,166.0,72.0,334.4,30.0,229.06,124.11,90.0,66.0,38.244553206961136,156,24.0,-65.0,0.15,158.0,
2025-04-08 12:21:42,167.0,10.0,331.0,20.0,166.0,40.0,417.43,21.0,249.0,164.0,50.0,41.0,21.956453493224775,91,9.0,-65.0,0.1,158.0,
2025-04-08 12:21:43,166.14,73.0,304.72,61.0,165.05,76.0,359.57,49.0,235.43,138.58000000000004,149.0,110.0,20.16399340408913,259,39.0,168.0,0.15,166.67,3.0
2025-04-08 12:21:44,166.0,75.0,329.0,48.0,164.33,48.0,448.21,38.0,247.5,163.0,123.0,86.0,9.57856565463335,209,37.0,-50.0,0.18,166.0,3.0
2025-04-08 12:21:45,166.0,24.0,327.43,21.0,165.0,24.0,368.18,11.0,246.71,161.43,48.0,32.0,8.817377728107049,80,16.0,-129.0,0.2,166.0,
2025-04-08 12:21:46,165.45,44.0,324.86,35.0,164.45,44.0,326.6,20.0,245.16,159.41000000000005,88.0,55.0,5.396679534689067,143,33.0,63.0,0.23,166.0,4.0
2025-04-08 12:21:47,165.0,32.0,195.11,19.0,164.0,32.0,214.46,26.0,180.05,30.110000000000014,64.0,45.0,28.875087012857183,109,19.0,-34.0,0.17,166.0,
2025-04-08 12:21:48,164.89,27.0,186.0,28.0,163.85,26.0,187.0,7.0,175.44,21.110000000000014,53.0,35.0,37.679609472498825,88,18.0,-21.0,0.2,164.8,5.0
2025-04-08 12:21:49,164.0,39.0,183.2,40.0,162.0,26.0,184.04,25.0,173.6,19.19999999999999,65.0,65.0,38.18226512400701,130,0.0,42.0,0.0,164.8,
2025-04-08 12:21:50,163.07,28.0,178.12,33.0,161.38,26.0,179.39,18.0,170.6,15.050000000000011,54.0,51.0,31.597615416355364,105,3.0,-25.0,0.03,163.2,5.0
2025-04-08 12:21:51,161.0,30.0,174.85,13.0,160.0,10.0,175.55,31.0,167.92,13.849999999999994,40.0,44.0,4.642738416046456,84,-4.0,-21.0,-0.05,163.2,
2025-04-08 12:21:52,161.0,33.0,170.55,20.0,160.0,11.0,172.3,20.0,165.78,9.550000000000011,44.0,40.0,3.962867648537033,84,4.0,0.0,0.05,163.2,
2025-04-08 12:21:53,161.0,30.0,165.84,25.0,160.0,10.0,167.29,28.0,163.42,4.840000000000003,40.0,53.0,3.990072681018629,93,-13.0,9.0,-0.14,163.2,
2025-04-08 12:21:54,158.12,43.0,161.3,40.0,156.23,62.0,161.41,37.0,159.71,3.180000000000007,105.0,77.0,4.177149745915177,182,28.0,89.0,0.15,160.0,4.0
2025-04-08 12:21:55,157.83,48.0,160.04,23.0,156.73,44.0,164.64,44.0,158.94,2.2099999999999795,92.0,67.0,3.8503350503286393,159,25.0,-23.0,0.16,160.43,7.0
2025-04-08 12:21:56,158.91,33.0,162.0,24.0,157.22,36.0,205.0,24.0,160.45,3.0900000000000034,69.0,48.0,2.8608128215216944,117,21.0,-42.0,0.18,160.0,3.0
2025-04-08 12:21:57,157.52,33.0,160.21,28.0,156.39,33.0,200.29,51.0,158.86,2.6899999999999977,66.0,79.0,1.8725196927607997,145,-13.0,28.0,-0.09,159.0,5.0
2025-04-08 12:21:58,158.84,38.0,160.0,8.0,157.77,13.0,420.06,34.0,159.42,1.1599999999999966,51.0,42.0,0.6467843533772507,93,9.0,-52.0,0.1,159.0,
2025-04-08 12:21:59,158.28,25.0,352.77,26.0,138.25,32.0,484.33,33.0,255.52,194.49,57.0,59.0,42.9830119931102,116,-2.0,23.0,-0.02,158.25,8.0
2025-04-08 12:22:00,138.2,30.0,192.4,15.0,114.08,24.0,281.6,25.0,165.3,54.20000000000002,54.0,40.0,42.3437079151066,94,14.0,-22.0,0.15,158.25,
2025-04-08 12:22:01,161.45,33.0,305.48,29.0,158.9,20.0,539.47,17.0,233.47,144.03000000000003,53.0,46.0,46.35611157118253,99,7.0,5.0,0.07,162.0,1.0
2025-04-08 12:22:02,162.0,28.0,211.86,21.0,159.2,20.0,470.86,14.0,186.93,49.860000000000014,48.0,35.0,42.49788430027954,83,13.0,-16.0,0.16,162.0,
2025-04-08 12:22:03,162.0,36.0,308.69,26.0,161.0,18.0,502.56,34.0,235.35,146.69,54.0,60.0,37.59872245170054,114,-6.0,31.0,-0.05,162.0,
2025-04-08 12:22:04,162.35,17.0,295.15,26.0,161.05,19.0,329.17,29.0,228.75,132.79999999999998,36.0,55.0,31.919166655788292,91,-19.0,-23.0,-0.21,162.0,3.0
2025-04-08 12:22:05,165.75,16.0,237.0,16.0,164.57,14.0,271.75,16.0,201.38,71.25,30.0,32.0,21.76051653798729,62,-2.0,-29.0,-0.03,162.0,
2025-04-08 12:22:06,166.0,12.0,231.17,12.0,165.0,12.0,284.5,12.0,198.58,65.16999999999999,24.0,24.0,20.80225156082842,48,0.0,-14.0,0.0,162.0,
2025-04-08 12:22:07,166.0,14.0,224.62,16.0,165.0,14.0,225.44,18.0,195.31,58.620000000000005,28.0,34.0,18.689184840436344,62,-6.0,14.0,-0.1,162.0,
2025-04-08 12:22:08,166.0,18.0,215.13,23.0,165.0,18.0,221.27,30.0,190.57,49.13,36.0,53.0,14.99025249953976,89,-17.0,27.0,-0.19,162.0,
2025-04-08 12:22:09,166.0,12.0,203.77,13.0,165.0,12.0,209.25,20.0,184.88,37.77000000000001,24.0,33.0,6.557295936582459,57,-9.0,-32.0,-0.16,162.0,
2025-04-08 12:22:10,165.21,28.0,182.31,58.0,163.06,17.0,203.75,32.0,173.76,17.099999999999994,45.0,90.0,9.779665127185972,135,-45.0,78.0,-0.33,166.0,2.0
2025-04-08 12:22:11,163.31,26.0,200.17,36.0,161.21,38.0,224.33,45.0,181.74,36.85999999999999,64.0,81.0,8.276217131025684,145,-17.0,10.0,-0.12,165.2,5.0
2025-04-08 12:22:12,161.0,18.0,203.33,36.0,159.0,36.0,204.33,36.0,182.17,42.33000000000001,54.0,72.0,6.078373960186379,126,-18.0,-19.0,-0.14,161.0,1.0
2025-04-08 12:22:13,159.86,14.0,193.82,34.0,158.6,30.0,198.32,34.0,176.84,33.95999999999998,44.0,68.0,4.483293432272765,112,-24.0,-14.0,-0.21,160.0,2.0
2025-04-08 12:22:17,159.75,16.0,181.49,49.0,94.14,58.0,183.97,71.0,170.62,21.74000000000001,74.0,120.0,24.879815513779903,194,-46.0,61.0,-0.24,160.0,
2025-04-08 12:22:18,164.31,13.0,175.24,41.0,161.31,13.0,180.02,47.0,169.78,10.930000000000009,26.0,88.0,22.967687737334757,114,-62.0,-80.0,-0.54,160.0,
2025-04-08 12:22:19,164.4,25.0,171.17,60.0,160.87,15.0,173.0,36.0,167.78,6.769999999999982,40.0,96.0,24.67511134726118,136,-56.0,22.0,-0.41,162.33,3.0
2025-04-08 12:22:20,166.21,19.0,168.89,27.0,165.41,17.0,171.29,41.0,167.55,2.6799999999999784,36.0,68.0,18.842706281205373,104,-32.0,-32.0,-0.31,167.0,1.0
2025-04-08 12:22:21,164.54,26.0,194.93,57.0,120.65,43.0,234.9,60.0,179.73,30.39000000000001,69.0,117.0,5.001856655265327,186,-48.0,82.0,-0.26,163.25,8.0
2025-04-08 12:22:22,160.0,11.0,222.89,36.0,113.91,46.0,232.69,51.0,191.44,62.88999999999999,57.0,87.0,10.334385806608925,144,-30.0,-42.0,-0.21,163.25,
2025-04-08 12:22:23,160.0,6.0,231.0,14.0,120.0,12.0,232.2,25.0,195.5,71.0,18.0,39.0,12.987757697149352,57,-21.0,-87.0,-0.37,163.25,
2025-04-08 12:22:26,132.4,20.0,223.6,25.0,42.6,20.0,228.86,14.0,178.0,91.2,40.0,39.0,16.852204603548124,79,1.0,-85.0,0.01,161.0,2.0
2025-04-08 12:22:37,139.0,18.0,152.0,24.0,126.0,15.0,153.0,12.0,145.5,13.0,33.0,36.0,10.635947536522576,69,-3.0,-50.0,-0.04,161.0,
2025-04-08 12:22:38,149.16,38.0,152.79,38.0,135.06,34.0,154.38,26.0,150.97,3.629999999999996,72.0,64.0,13.018297507726531,136,8.0,67.0,0.06,153.77,13.0
2025-04-08 12:22:39,152.0,40.0,155.5,24.0,146.8,20.0,185.6,30.0,153.75,3.5,60.0,54.0,12.237723235949742,114,6.0,-22.0,0.05,153.77,
2025-04-08 12:22:40,153.25,48.0,155.63,38.0,150.0,24.0,202.97,35.0,154.44,2.3799999999999955,72.0,73.0,5.158911706913689,145,-1.0,31.0,-0.01,155.0,3.0
2025-04-08 12:22:41,153.29,34.0,155.5,24.0,148.2,20.0,200.71,28.0,154.4,2.210000000000008,54.0,52.0,3.804940209745872,106,2.0,-39.0,0.02,154.33,6.0
2025-04-08 12:22:42,145.5,16.0,156.62,24.0,94.25,16.0,358.0,16.0,151.06,11.120000000000005,32.0,40.0,1.764349738500182,72,-8.0,-34.0,-0.11,154.33,
2025-04-08 12:22:43,148.5,20.0,156.88,24.0,135.4,20.0,212.77,30.0,152.69,8.379999999999995,40.0,54.0,1.422733284824364,94,-14.0,22.0,-0.15,154.33,
2025-04-08 12:22:44,153.0,10.0,157.8,5.0,130.0,10.0,194.4,15.0,155.4,4.800000000000011,20.0,20.0,1.722300786665479,40,0.0,-54.0,0.0,158.0,3.0
2025-04-08 12:22:45,130.0,12.0,198.38,8.0,82.33,12.0,296.1,20.0,164.19,68.38,24.0,28.0,5.107207651912814,52,-4.0,12.0,-0.08,159.0,1.0
2025-04-08 12:22:46,160.85,34.0,334.86,42.0,136.35,20.0,419.43,35.0,247.86,174.01000000000002,54.0,77.0,41.46555015913616,131,-23.0,79.0,-0.18,159.0,
2025-04-08 12:22:47,166.56,189.0,427.83,12.0,165.0,9.0,432.35,34.0,297.19,261.27,198.0,46.0,65.54800172392719,244,152.0,113.0,0.62,167.0,4.0
2025-04-08 12:22:48,167.0,252.0,254.84,32.0,165.0,16.0,262.8,60.0,210.92,87.84,268.0,92.0,59.12988981894022,360,176.0,116.0,0.49,167.0,2.0
2025-04-08 12:22:49,167.0,114.0,178.0,8.0,165.0,8.0,322.29,35.0,172.5,11.0,122.0,43.0,55.17506927952175,165,79.0,-168.0,0.48,167.0,7.0
2025-04-08 12:22:50,167.0,50.0,178.0,7.0,163.64,11.0,519.0,14.0,172.5,11.0,61.0,21.0,53.21943705076213,82,40.0,-83.0,0.49,167.0,2.0
2025-04-08 12:22:51,165.27,49.0,177.38,13.0,160.86,70.0,342.69,26.0,171.32,12.109999999999983,119.0,39.0,54.26974276703333,158,80.0,76.0,0.51,167.0,6.0
2025-04-08 12:22:52,165.0,37.0,175.12,8.0,162.0,40.0,311.0,18.0,170.06,10.120000000000005,77.0,26.0,17.61557833282394,103,51.0,-55.0,0.5,165.0,3.0
2025-04-08 12:22:53,165.0,12.0,175.0,6.0,162.0,30.0,235.25,16.0,170.0,10.0,42.0,22.0,1.2354270515984134,64,20.0,-39.0,0.31,165.0,
2025-04-08 12:22:54,163.91,22.0,206.69,29.0,160.46,57.0,254.78,37.0,185.3,42.78,79.0,66.0,6.490599355978789,145,13.0,81.0,0.09,164.0,3.0
2025-04-08 12:22:55,162.0,20.0,196.0,15.0,158.0,71.0,198.0,25.0,179.0,34.0,91.0,40.0,6.799697052063263,131,51.0,-14.0,0.39,164.0,
2025-04-08 12:22:56,162.0,28.0,191.43,21.0,158.0,93.0,208.78,27.0,176.71,29.430000000000007,121.0,48.0,6.462366439613465,169,73.0,38.0,0.43,164.0,
2025-04-08 12:22:57,161.76,67.0,182.33,45.0,158.5,115.0,265.87,45.0,172.05,20.57000000000002,182.0,90.0,6.035807319642012,272,92.0,103.0,0.34,162.0,4.0
2025-04-08 12:22:58,162.0,75.0,170.8,15.0,158.0,50.0,309.0,15.0,166.4,8.800000000000011,125.0,30.0,7.13614531801595,155,95.0,-117.0,0.61,162.0,
2025-04-08 12:22:59,162.0,150.0,169.0,30.0,158.55,88.0,389.5,30.0,165.5,7.0,238.0,60.0,6.016092585709096,298,178.0,143.0,0.6,162.0,
2025-04-08 12:23:00,162.0,110.0,169.1,30.0,158.0,100.0,551.2,30.0,165.55,7.099999999999994,210.0,60.0,4.984131820067804,270,150.0,-28.0,0.56,162.0,4.0
2025-04-08 12:23:01,162.0,77.0,167.71,21.0,158.0,70.0,368.26,23.0,164.86,5.710000000000008,147.0,44.0,2.945873384889812,191,103.0,-79.0,0.54,162.0,
2025-04-08 12:23:02,162.0,98.0,166.7,30.0,158.0,100.0,423.2,30.0,164.35,4.699999999999989,198.0,60.0,0.7751580482685545,258,138.0,67.0,0.53,162.0,2.0
2025-04-08 12:23:03,162.0,108.0,165.27,44.0,159.5,40.0,216.0,36.0,163.64,3.2700000000000102,148.0,80.0,0.8065667980974445,228,68.0,-30.0,0.3,162.0,
2025-04-08 12:23:04,162.0,89.0,163.85,52.0,161.0,26.0,165.61,41.0,162.92,1.8499999999999943,115.0,93.0,1.0261725000169135,208,22.0,-20.0,0.11,162.0,4.0
2025-04-08 12:23:05,162.0,44.0,163.4,40.0,161.0,20.0,219.4,30.0,162.7,1.4000000000000057,64.0,70.0,0.91922793679723,134,-6.0,-74.0,-0.04,162.0,3.0
2025-04-08 12:23:06,161.3,20.0,219.36,33.0,160.22,27.0,343.0,30.0,190.33,58.06,47.0,63.0,12.05977487351281,110,-16.0,-24.0,-0.15,162.0,2.0
2025-04-08 12:23:07,160.25,8.0,236.7,20.0,158.1,63.0,301.86,21.0,198.47,76.44999999999999,71.0,41.0,17.394274057857103,112,30.0,2.0,0.27,160.5,4.0
2025-04-08 12:23:08,160.0,13.0,214.46,26.0,158.0,130.0,219.85,39.0,187.23,54.46000000000001,143.0,65.0,16.512075884026846,208,78.0,96.0,0.38,160.5,
2025-04-08 12:23:09,160.97,136.0,210.12,32.0,158.81,67.0,250.5,48.0,185.55,49.150000000000006,203.0,80.0,13.344582421337906,283,123.0,75.0,0.43,160.5,
2025-04-08 12:23:10,163.01,101.0,209.0,14.0,161.29,56.0,246.0,21.0,186.0,45.99000000000001,157.0,35.0,5.342141892527827,192,122.0,-91.0,0.64,162.0,1.0
2025-04-08 12:23:11,165.6,129.0,186.38,21.0,164.06,173.0,200.83,23.0,175.99,20.78,302.0,44.0,7.989319119918056,346,258.0,154.0,0.75,162.0,
2025-04-08 12:23:12,166.0,180.0,167.97,29.0,164.47,190.0,169.44,18.0,166.98,1.9699999999999989,370.0,47.0,8.718706899527072,417,323.0,71.0,0.77,162.0,
2025-04-08 12:23:13,166.0,92.0,167.25,16.0,160.0,36.0,291.77,13.0,166.62,1.25,128.0,29.0,9.490620106180796,157,99.0,-168.0,0.63,166.0,4.0
2025-04-08 12:23:14,166.68,50.0,168.88,8.0,163.6,20.0,417.5,24.0,167.78,2.1999999999999886,70.0,32.0,8.39049938917987,102,38.0,-55.0,0.37,167.0,1.0
2025-04-08 12:23:15,167.0,27.0,387.33,27.0,166.0,18.0,407.89,27.0,277.17,220.33,45.0,54.0,48.37623352432377,99,-9.0,-3.0,-0.09,167.0,4.0
2025-04-08 12:23:16,164.67,12.0,219.0,30.0,160.1,42.0,379.8,30.0,191.83,54.33000000000001,54.0,60.0,47.66854864583063,114,-6.0,15.0,-0.05,164.75,4.0
2025-04-08 12:23:17,159.17,48.0,219.0,18.0,157.91,44.0,222.0,18.0,189.08,59.83000000000001,92.0,36.0,45.50342547545118,128,56.0,14.0,0.44,164.75,
2025-04-08 12:23:18,160.0,49.0,219.0,21.0,158.0,70.0,272.57,21.0,189.5,59.0,119.0,42.0,42.55113594253341,161,77.0,33.0,0.48,164.75,
2025-04-08 12:23:19,160.0,42.0,434.5,18.0,158.0,60.0,586.2,15.0,297.25,274.5,102.0,33.0,53.65135347780211,135,69.0,-26.0,0.51,164.75,
2025-04-08 12:23:22,165.0,13.0,178.23,65.0,160.0,117.0,409.86,22.0,171.62,13.22999999999999,130.0,87.0,116.4303634366926,217,43.0,24.0,0.2,164.75,
2025-04-08 12:23:23,165.0,11.0,176.84,50.0,160.0,99.0,182.04,47.0,170.92,11.840000000000003,110.0,97.0,120.59651475063576,207,13.0,-10.0,0.06,164.75,
2025-04-08 12:23:24,165.0,16.0,176.18,44.0,160.2,124.0,183.81,64.0,170.59,11.180000000000009,140.0,108.0,130.20747225102022,248,32.0,41.0,0.13,164.75,
2025-04-08 12:23:25,161.0,25.0,174.08,13.0,160.0,45.0,176.73,22.0,167.54,13.080000000000013,70.0,35.0,68.48286121359085,105,35.0,-143.0,0.33,165.0,1.0
2025-04-08 12:23:26,165.0,27.0,172.25,24.0,161.0,45.0,173.1,39.0,168.62,7.25,72.0,63.0,1.7083676418769598,135,9.0,30.0,0.07,165.0,
2025-04-08 12:23:27,163.4,30.0,168.31,32.0,160.45,66.0,169.11,38.0,165.86,4.909999999999997,96.0,70.0,2.116478206787685,166,26.0,31.0,0.16,162.71,7.0
2025-04-08 12:23:28,161.21,14.0,165.54,59.0,160.01,118.0,174.17,36.0,163.38,4.329999999999984,132.0,95.0,2.739164106036848,227,37.0,61.0,0.16,164.0,1.0
2025-04-08 12:23:29,160.16,43.0,162.9,40.0,159.88,67.0,176.22,23.0,161.53,2.740000000000009,110.0,63.0,2.924718789865561,173,47.0,-54.0,0.27,161.83,6.0
2025-04-08 12:23:30,161.0,72.0,197.62,55.0,159.8,60.0,344.74,19.0,179.31,36.620000000000005,132.0,74.0,6.995487831438419,206,58.0,33.0,0.28,161.4,5.0
2025-04-08 12:23:31,164.86,14.0,233.87,23.0,161.67,48.0,384.55,11.0,199.36,69.00999999999999,62.0,34.0,15.85723714900644,96,28.0,-110.0,0.29,161.4,
2025-04-08 12:23:32,166.0,11.0,242.0,11.0,162.0,44.0,372.39,23.0,204.0,76.0,55.0,34.0,19.73043157155624,89,21.0,-7.0,0.24,161.4,
2025-04-08 12:23:33,162.0,21.0,230.71,7.0,160.0,56.0,390.0,11.0,196.36,68.71000000000001,77.0,18.0,17.543185856619424,95,59.0,6.0,0.62,164.0,2.0
2025-04-08 12:23:34,162.68,38.0,201.3,10.0,160.65,55.0,330.1,10.0,181.99,38.620000000000005,93.0,20.0,10.933975946558032,113,73.0,18.0,0.65,163.0,5.0
2025-04-08 12:23:35,163.94,16.0,368.0,14.0,162.08,36.0,448.64,14.0,265.97,204.06,52.0,28.0,32.60131791814535,80,24.0,-33.0,0.3,166.0,2.0
2025-04-08 12:23:36,164.08,12.0,348.0,8.0,160.75,28.0,408.0,16.0,256.04,183.92,40.0,24.0,37.64282893194975,64,16.0,-16.0,0.25,166.5,2.0
2025-04-08 12:23:37,162.0,21.0,345.43,7.0,160.0,77.0,391.64,11.0,253.71,183.43,98.0,18.0,38.624420125098005,116,80.0,52.0,0.69,166.5,
2025-04-08 12:23:38,162.0,24.0,345.75,8.0,160.0,88.0,399.38,13.0,253.88,183.75,112.0,21.0,34.09778394558986,133,91.0,17.0,0.68,166.5,
2025-04-08 12:23:39,161.59,34.0,348.0,10.0,159.97,75.0,609.47,15.0,254.79,186.41,109.0,25.0,5.166011033688256,134,84.0,1.0,0.63,161.5,4.0
2025-04-08 12:23:40,160.0,55.0,348.0,9.0,158.0,9.0,571.38,16.0,254.0,188.0,64.0,25.0,0.9634469368771768,89,39.0,-45.0,0.44,161.5,
2025-04-08 12:23:41,162.0,42.0,312.0,10.0,160.0,56.0,484.0,40.0,237.0,150.0,98.0,50.0,7.656332673033537,148,48.0,59.0,0.32,162.0,3.0
2025-04-08 12:23:42,163.04,23.0,318.5,12.0,160.51,47.0,459.4,30.0,240.77,155.46,70.0,42.0,8.51341118472197,112,28.0,-36.0,0.25,162.0,
2025-04-08 12:23:43,165.0,8.0,308.0,8.0,162.0,12.0,484.0,16.0,236.5,143.0,20.0,24.0,9.086174662647291,44,-4.0,-68.0,-0.09,162.0,
2025-04-08 12:23:44,163.71,14.0,298.33,12.0,160.92,26.0,611.0,24.0,231.02,134.61999999999998,40.0,36.0,8.636875592487845,76,4.0,32.0,0.05,165.0,2.0
2025-04-08 12:23:45,162.0,18.0,420.7,20.0,160.0,42.0,642.88,17.0,291.35,258.7,60.0,37.0,24.853610804069216,97,23.0,21.0,0.24,165.0,
2025-04-08 12:23:46,160.93,45.0,294.78,41.0,159.85,53.0,504.33,36.0,227.86,133.84999999999997,98.0,77.0,26.107639686500537,175,21.0,78.0,0.12,161.5,4.0
2025-04-08 12:23:47,158.42,53.0,292.44,59.0,156.25,24.0,367.97,60.0,225.43,134.02,77.0,119.0,27.657748823794822,196,-42.0,21.0,-0.21,159.38,8.0
2025-04-08 12:23:48,157.0,40.0,290.0,30.0,120.52,79.0,291.0,50.0,223.5,133.0,119.0,80.0,28.936293300976068,199,39.0,3.0,0.2,159.38,
2025-04-08 12:23:49,160.43,84.0,258.86,44.0,125.92,52.0,271.0,44.0,209.65,98.43,136.0,88.0,31.981254978504097,224,48.0,25.0,0.21,159.38,
2025-04-08 12:23:50,161.47,76.0,219.67,36.0,159.0,64.0,221.5,36.0,190.57,58.19999999999999,140.0,72.0,15.58086871775774,212,68.0,-12.0,0.32,159.38,
2025-04-08 12:23:51,164.0,36.0,217.35,57.0,161.0,120.0,218.85,59.0,190.68,53.35,156.0,116.0,16.959944870192476,272,40.0,60.0,0.15,164.0,1.0
2025-04-08 12:23:52,164.0,22.0,213.5,36.0,161.0,90.0,215.51,43.0,188.75,49.5,112.0,79.0,15.376425137200613,191,33.0,-81.0,0.17,164.0,
2025-04-08 12:23:53,164.0,36.0,213.0,90.0,160.95,105.0,214.0,54.0,188.5,49.0,141.0,144.0,9.01162859864428,285,-3.0,94.0,-0.01,164.0,
2025-04-08 12:23:54,164.0,28.0,207.83,47.0,161.0,28.0,212.55,60.0,185.91,43.83000000000001,56.0,107.0,1.9415380500732111,163,-51.0,-122.0,-0.31,164.0,
2025-04-08 12:23:55,164.83,60.0,205.09,57.0,163.0,30.0,206.54,63.0,184.96,40.25999999999999,90.0,120.0,2.3084951808217085,210,-30.0,47.0,-0.14,164.0,
2025-04-08 12:23:56,165.7,66.0,198.21,42.0,164.0,28.0,199.43,46.0,181.96,32.51000000000002,94.0,88.0,2.793855758601218,182,6.0,-28.0,0.03,166.0,1.0
2025-04-08 12:23:57,165.76,42.0,188.69,48.0,163.39,33.0,193.26,50.0,177.22,22.930000000000007,75.0,98.0,4.316514797826933,173,-23.0,-9.0,-0.13,165.33,6.0
2025-04-08 12:23:58,161.0,24.0,183.42,50.0,160.0,60.0,184.83,36.0,172.21,22.419999999999987,84.0,86.0,5.717566790151585,170,-2.0,-3.0,-0.01,165.33,
2025-04-08 12:23:59,161.0,22.0,180.58,43.0,160.0,55.0,181.86,35.0,170.79,19.580000000000013,77.0,78.0,6.095159554911651,155,-1.0,-15.0,-0.01,165.33,
2025-04-08 12:24:00,160.5,40.0,176.14,42.0,159.72,58.0,177.5,42.0,168.32,15.639999999999986,98.0,84.0,5.46467290876735,182,14.0,27.0,0.08,161.0,2.0
2025-04-08 12:24:01,162.36,67.0,172.13,45.0,159.61,31.0,173.87,45.0,167.25,9.769999999999982,98.0,90.0,3.915248395670768,188,8.0,6.0,0.04,161.0,
2025-04-08 12:24:02,165.81,54.0,167.88,48.0,161.22,36.0,172.91,54.0,166.84,2.069999999999993,90.0,102.0,2.3272881213535097,192,-12.0,4.0,-0.06,166.0,5.0
2025-04-08 12:24:03,162.62,29.0,165.22,32.0,161.03,62.0,175.91,55.0,163.92,2.5999999999999943,91.0,87.0,2.489082160111568,178,4.0,-14.0,0.02,164.0,1.0
2025-04-08 12:24:04,161.37,38.0,163.52,44.0,159.66,58.0,229.0,24.0,162.45,2.1500000000000057,96.0,68.0,2.4638242631685694,164,28.0,-14.0,0.17,162.0,4.0
2025-04-08 12:24:05,160.0,56.0,162.7,20.0,158.0,50.0,217.52,25.0,161.35,2.6999999999999886,106.0,45.0,2.61745487062754,151,61.0,-13.0,0.4,160.0,4.0
2025-04-08 12:24:06,158.67,30.0,334.65,23.0,157.88,34.0,455.55,22.0,246.66,175.98,64.0,45.0,37.184791649273016,109,19.0,-42.0,0.17,160.0,2.0
2025-04-08 12:24:07,158.91,46.0,358.16,25.0,157.65,23.0,435.41,27.0,258.54,199.25000000000003,69.0,52.0,49.4965991761043,121,17.0,12.0,0.14,160.0,
2025-04-08 12:24:08,165.0,28.0,250.8,40.0,159.39,23.0,255.5,42.0,207.9,85.80000000000001,51.0,82.0,45.54667990095401,133,-31.0,12.0,-0.23,160.0,
2025-04-08 12:24:09,165.0,18.0,250.67,18.0,162.0,9.0,251.11,27.0,207.83,85.66999999999999,27.0,45.0,38.30022493406545,72,-18.0,-61.0,-0.25,160.0,
2025-04-08 12:24:10,159.33,42.0,247.16,68.0,158.18,17.0,247.98,57.0,203.25,87.82999999999998,59.0,125.0,25.75962984982599,184,-66.0,112.0,-0.36,160.57,7.0
2025-04-08 12:24:11,159.39,18.0,231.4,43.0,151.14,14.0,240.06,47.0,195.39,72.01000000000002,32.0,90.0,25.09627203390974,122,-58.0,-62.0,-0.48,159.33,3.0
2025-04-08 12:24:12,157.0,14.0,226.0,56.0,139.0,14.0,240.93,58.0,191.5,69.0,28.0,114.0,7.431219953677828,142,-86.0,20.0,-0.61,159.33,
2025-04-08 12:24:13,157.0,11.0,222.92,52.0,149.64,11.0,230.06,47.0,189.96,65.91999999999999,22.0,99.0,7.6980211742969,121,-77.0,-21.0,-0.64,159.33,
2025-04-08 12:24:14,157.0,16.0,219.18,40.0,139.22,23.0,222.39,28.0,188.09,62.18000000000001,39.0,68.0,6.007060013010168,107,-29.0,-14.0,-0.27,159.33,
2025-04-08 12:24:15,143.77,35.0,212.42,38.0,107.4,15.0,213.07,27.0,178.1,68.64999999999998,50.0,65.0,6.458975925011897,115,-15.0,8.0,-0.13,157.5,2.0
2025-04-08 12:24:16,161.62,91.0,208.48,67.0,150.62,47.0,209.64,28.0,185.05,46.85999999999999,138.0,95.0,5.29514400180714,233,43.0,118.0,0.18,161.0,3.0
2025-04-08 12:24:17,162.71,68.0,206.0,30.0,161.3,46.0,206.33,30.0,184.35,43.28999999999999,114.0,60.0,4.5311201705392685,174,54.0,-59.0,0.31,161.0,
2025-04-08 12:24:18,166.0,60.0,183.67,18.0,162.29,62.0,187.23,22.0,174.83,17.669999999999987,122.0,40.0,5.442809936039859,162,82.0,-12.0,0.51,166.0,2.0
2025-04-08 12:24:19,166.0,18.0,180.0,12.0,165.0,9.0,180.8,15.0,173.0,14.0,27.0,27.0,5.463563855199344,54,0.0,-108.0,0.0,166.0,3.0
2025-04-08 12:24:20,166.0,10.0,174.62,26.0,165.0,10.0,175.5,24.0,170.31,8.620000000000005,20.0,50.0,6.763868715449299,70,-30.0,16.0,-0.43,166.0,
2025-04-08 12:24:21,166.0,10.0,169.52,21.0,165.0,10.0,171.47,19.0,167.76,3.5200000000000102,20.0,40.0,6.351232163904763,60,-20.0,-10.0,-0.33,166.0,
2025-04-08 12:24:22,162.51,69.0,165.52,27.0,161.86,69.0,167.15,34.0,164.01,3.0100000000000198,138.0,61.0,4.281386457656017,199,77.0,139.0,0.39,163.57,7.0
2025-04-08 12:24:23,162.0,28.0,163.0,7.0,161.0,28.0,164.0,17.0,162.5,1.0,56.0,24.0,4.34144330836984,80,32.0,-119.0,0.4,163.57,
2025-04-08 12:24:24,161.2,20.0,162.8,10.0,159.0,24.0,163.92,26.0,162.0,1.6000000000000227,44.0,36.0,3.5897256162246447,80,8.0,0.0,0.1,161.67,6.0
2025-04-08 12:24:25,158.79,14.0,163.76,17.0,142.62,21.0,276.64,14.0,161.28,4.969999999999999,35.0,31.0,2.57806128704718,66,4.0,-14.0,0.06,161.0,2.0
2025-04-08 12:24:26,159.71,7.0,182.32,19.0,158.0,21.0,434.23,13.0,171.02,22.609999999999985,28.0,32.0,3.962249361129906,60,-4.0,-6.0,-0.07,161.0,
2025-04-08 12:24:27,160.0,8.0,316.38,21.0,158.0,24.0,363.31,16.0,238.19,156.38,32.0,37.0,33.325609071701,69,-5.0,9.0,-0.07,161.0,
2025-04-08 12:24:28,158.1,20.0,285.8,30.0,128.67,39.0,316.5,20.0,221.95,127.70000000000002,59.0,50.0,36.42874785111194,109,9.0,40.0,0.08,159.0,2.0
2025-04-08 12:24:29,158.18,22.0,205.0,30.0,157.18,11.0,442.5,12.0,181.59,46.81999999999999,33.0,42.0,33.47908795053877,75,-9.0,-34.0,-0.12,159.0,
2025-04-08 12:24:30,158.9,31.0,205.0,30.0,157.82,17.0,237.0,10.0,181.95,46.1,48.0,40.0,29.322481136492,88,8.0,13.0,0.09,158.8,5.0
2025-04-08 12:24:31,161.9,39.0,324.29,7.0,157.86,7.0,454.0,21.0,243.09,162.39,46.0,28.0,29.875201756640784,74,18.0,-14.0,0.24,162.0,2.0
2025-04-08 12:24:32,161.67,30.0,203.17,12.0,158.2,10.0,277.0,20.0,182.42,41.5,40.0,32.0,28.67114228627705,72,8.0,-2.0,0.11,162.0,
2025-04-08 12:24:33,161.39,28.0,385.64,11.0,159.71,17.0,520.28,29.0,273.51,224.25,45.0,40.0,43.16104864342372,85,5.0,13.0,0.06,162.0,
2025-04-08 12:24:34,162.0,58.0,372.75,12.0,161.0,30.0,577.21,28.0,267.38,210.75,88.0,40.0,44.81586493642695,128,48.0,43.0,0.38,162.0,1.0
2025-04-08 12:24:35,162.0,19.0,205.8,5.0,161.0,15.0,445.0,9.0,183.9,43.80000000000001,34.0,14.0,44.30231653085495,48,20.0,-80.0,0.42,162.0,3.0
2025-04-08 12:24:36,161.0,12.0,249.67,6.0,160.0,6.0,0.0,0.0,205.33,88.66999999999999,18.0,6.0,44.742064883060905,24,12.0,-24.0,0.5,161.67,3.0
2025-04-08 12:24:37,161.0,14.0,397.86,7.0,160.0,7.0,0.0,0.0,279.43,236.86,21.0,7.0,44.04057163571012,28,14.0,4.0,0.5,161.67,
2025-04-08 12:24:42,165.29,51.0,235.11,27.0,164.25,32.0,461.04,25.0,200.2,69.82000000000002,83.0,52.0,71.16766801013267,135,31.0,43.0,0.23,166.0,7.0
2025-04-08 12:24:43,165.24,33.0,222.86,28.0,163.8,20.0,389.43,14.0,194.05,57.620000000000005,53.0,42.0,84.95116261711968,95,11.0,-40.0,0.12,165.0,1.0
2025-04-08 12:24:44,166.0,18.0,222.0,36.0,165.0,27.0,223.0,18.0,194.0,56.0,45.0,54.0,77.4334201104417,99,-9.0,4.0,-0.09,165.0,
2025-04-08 12:24:45,166.0,12.0,215.45,11.0,165.0,18.0,220.88,16.0,190.73,49.44999999999999,30.0,27.0,58.12470928959576,57,3.0,-42.0,0.05,165.0,
2025-04-08 12:24:46,166.0,24.0,194.74,19.0,165.0,36.0,207.2,20.0,180.37,28.74000000000001,60.0,39.0,7.284020181183803,99,21.0,42.0,0.21,165.0,
2025-04-08 12:24:47,163.41,34.0,199.28,50.0,163.1,21.0,205.3,40.0,181.35,35.870000000000005,55.0,90.0,6.7536064439584,145,-35.0,46.0,-0.24,164.1,10.0
2025-04-08 12:24:48,161.0,9.0,197.45,22.0,160.0,19.0,199.0,20.0,179.23,36.44999999999999,28.0,42.0,6.741526533350094,70,-14.0,-75.0,-0.2,164.1,
2025-04-08 12:24:49,161.0,10.0,171.28,36.0,158.57,35.0,179.67,18.0,166.14,10.28,45.0,54.0,8.786841298204882,99,-9.0,29.0,-0.09,164.1,
2025-04-08 12:24:50,159.96,23.0,168.66,47.0,158.97,70.0,172.87,47.0,164.31,8.699999999999989,93.0,94.0,8.325202700223915,187,-1.0,88.0,-0.01,160.0,2.0
2025-04-08 12:24:51,161.27,44.0,167.37,41.0,158.9,58.0,168.13,53.0,164.32,6.099999999999994,102.0,94.0,8.482761932283697,196,8.0,9.0,0.04,164.0,1.0
2025-04-08 12:24:52,159.0,60.0,164.38,52.0,157.0,39.0,166.59,54.0,161.69,5.379999999999996,99.0,106.0,6.943195949977507,205,-7.0,9.0,-0.03,161.5,4.0
2025-04-08 12:24:53,158.68,19.0,160.95,43.0,156.86,28.0,162.22,36.0,159.82,2.269999999999982,47.0,79.0,2.4909295453237497,126,-32.0,-79.0,-0.25,158.0,4.0
2025-04-08 12:24:54,158.98,90.0,200.07,45.0,156.75,16.0,353.43,42.0,179.52,41.09,106.0,87.0,7.8296596349891825,193,19.0,67.0,0.1,159.0,9.0
2025-04-08 12:24:55,159.0,24.0,383.43,14.0,157.0,6.0,407.33,15.0,271.21,224.43,30.0,29.0,47.54082109093063,59,1.0,-134.0,0.02,159.0,
2025-04-08 12:24:56,159.0,32.0,406.64,22.0,157.0,8.0,431.68,31.0,282.82,247.64,40.0,53.0,60.8794191003822,93,-13.0,34.0,-0.14,159.0,
2025-04-08 12:24:57,159.0,48.0,354.75,12.0,157.0,12.0,405.27,15.0,256.88,195.75,60.0,27.0,56.312079521183264,87,33.0,-6.0,0.38,159.0,
2025-04-08 12:24:58,157.0,72.0,367.94,32.0,143.0,16.0,374.9,31.0,262.47,210.94,88.0,63.0,40.91332362446444,151,25.0,64.0,0.17,158.6,5.0
2025-04-08 12:24:59,157.89,38.0,370.23,13.0,153.67,54.0,371.54,26.0,264.06,212.34000000000003,92.0,39.0,9.979788073914031,131,53.0,-20.0,0.4,156.0,4.0
2025-04-08 12:25:00,160.75,16.0,367.67,18.0,156.05,81.0,368.47,15.0,264.21,206.92,97.0,33.0,9.816780021994504,130,64.0,-1.0,0.49,160.0,2.0
2025-04-08 12:25:01,162.88,24.0,324.73,15.0,158.32,19.0,423.06,32.0,243.8,161.85000000000002,43.0,47.0,8.627857787434579,90,-4.0,-40.0,-0.04,163.0,4.0
2025-04-08 12:25:02,157.15,47.0,163.44,9.0,154.43,60.0,366.0,17.0,160.3,6.289999999999992,107.0,26.0,44.80823997882654,133,81.0,43.0,0.61,163.0,
2025-04-08 12:25:03,158.0,55.0,161.08,25.0,156.0,88.0,307.96,25.0,159.54,3.0800000000000125,143.0,50.0,54.010785219250586,193,93.0,60.0,0.48,163.0,
2025-04-08 12:25:04,156.49,74.0,161.08,13.0,153.65,65.0,357.0,37.0,158.78,4.590000000000003,139.0,50.0,52.2441449351018,189,89.0,-4.0,0.47,158.25,4.0
2025-04-08 12:25:05,156.67,52.0,160.18,28.0,155.0,36.0,273.5,8.0,158.43,3.5100000000000198,88.0,36.0,37.8131934647132,124,52.0,-65.0,0.42,158.25,
2025-04-08 12:25:06,159.12,65.0,328.36,53.0,156.22,110.0,491.22,23.0,243.74,169.24,175.0,76.0,37.786365530437415,251,99.0,127.0,0.39,160.0,6.0
2025-04-08 12:25:07,160.21,38.0,300.76,37.0,159.67,18.0,558.9,29.0,230.48,140.54999999999998,56.0,66.0,43.0859452722102,122,-10.0,-129.0,-0.08,160.8,5.0
2025-04-08 12:25:08,160.0,15.0,176.0,15.0,159.0,3.0,436.67,6.0,168.0,16.0,18.0,21.0,41.72585026095813,39,-3.0,-83.0,-0.08,160.8,
2025-04-08 12:25:09,161.0,43.0,201.78,18.0,160.0,50.0,380.56,36.0,181.39,40.78,93.0,54.0,38.3278706687434,147,39.0,108.0,0.27,160.8,
2025-04-08 12:25:10,161.28,43.0,359.09,33.0,160.11,45.0,417.0,15.0,260.18,197.81,88.0,48.0,40.09373292673076,136,40.0,-11.0,0.29,160.8,
2025-04-08 12:25:11,165.0,30.0,315.46,13.0,161.0,50.0,397.46,41.0,240.23,150.45999999999998,80.0,54.0,39.52996369844034,134,26.0,-2.0,0.19,160.8,
2025-04-08 12:25:12,165.0,33.0,399.49,47.0,164.0,11.0,538.62,52.0,282.24,234.49,44.0,99.0,49.71650299447919,143,-55.0,9.0,-0.38,160.8,
2025-04-08 12:25:14,163.92,37.0,351.67,33.0,161.89,19.0,598.87,46.0,257.79,187.75000000000003,56.0,79.0,35.35801366027619,135,-23.0,83.0,-0.17,164.75,4.0
2025-04-08 12:25:15,161.0,25.0,459.88,16.0,160.0,25.0,509.77,13.0,310.44,298.88,50.0,29.0,37.375099598533815,79,21.0,-56.0,0.27,164.75,
2025-04-08 12:25:16,161.0,70.0,383.97,33.0,160.0,70.0,431.11,38.0,272.48,222.97000000000003,140.0,71.0,29.851115054556185,211,69.0,132.0,0.33,164.75,
2025-04-08 12:25:17,162.52,31.0,312.2,40.0,161.0,70.0,380.4,20.0,237.36,149.67999999999998,101.0,60.0,38.59196120956164,161,41.0,-50.0,0.25,162.0,1.0
2025-04-08 12:25:18,162.13,30.0,209.1,42.0,160.53,75.0,224.78,64.0,185.61,46.97,105.0,106.0,46.06365519582851,211,-1.0,50.0,-0.0,162.2,5.0
2025-04-08 12:25:19,159.59,29.0,182.82,22.0,139.86,35.0,334.12,43.0,171.2,23.22999999999999,64.0,65.0,58.33192110671568,129,-1.0,-82.0,-0.01,159.78,9.0
2025-04-08 12:25:20,155.75,8.0,182.0,14.0,135.88,17.0,313.0,7.0,168.88,26.25,25.0,21.0,45.83014924697471,46,4.0,-83.0,0.09,159.78,
2025-04-08 12:25:21,156.0,8.0,179.12,16.0,155.0,16.0,283.44,9.0,167.56,23.120000000000005,24.0,25.0,29.53851418064021,49,-1.0,3.0,-0.02,159.78,
2025-04-08 12:25:22,156.0,11.0,176.91,22.0,155.0,22.0,418.17,24.0,166.45,20.91,33.0,46.0,7.843860656578466,79,-13.0,30.0,-0.16,159.78,
2025-04-08 12:25:23,157.2,20.0,179.0,20.0,89.12,42.0,473.76,34.0,168.1,21.80000000000001,62.0,54.0,1.779134621045857,116,8.0,37.0,0.07,156.4,5.0
2025-04-08 12:25:24,155.92,87.0,179.0,22.0,100.01,123.0,291.36,28.0,167.46,23.080000000000013,210.0,50.0,0.8932524837920615,260,160.0,144.0,0.62,163.0,1.0
2025-04-08 12:25:25,163.0,32.0,175.81,32.0,147.62,128.0,245.12,32.0,169.41,12.810000000000002,160.0,64.0,1.0814018678554045,224,96.0,-36.0,0.43,163.0,
2025-04-08 12:25:26,163.71,14.0,172.0,24.0,161.76,34.0,175.0,24.0,167.86,8.289999999999992,48.0,48.0,1.0733266044412682,96,0.0,-128.0,0.0,163.0,
2025-04-08 12:25:27,162.0,15.0,169.2,20.0,160.67,45.0,170.2,20.0,165.6,7.199999999999989,60.0,40.0,1.3762557901061407,100,20.0,4.0,0.2,163.33,3.0
2025-04-08 12:25:28,161.0,28.0,165.57,28.0,160.0,98.0,167.0,28.0,163.29,4.569999999999993,126.0,56.0,2.3506658630686967,182,70.0,82.0,0.38,163.33,
2025-04-08 12:25:29,160.22,55.0,162.15,26.0,159.75,56.0,242.54,26.0,161.19,1.9300000000000068,111.0,52.0,3.3287910718143587,163,59.0,-19.0,0.36,160.5,4.0
2025-04-08 12:25:30,160.0,54.0,161.0,24.0,159.0,38.0,307.71,42.0,160.5,1.0,92.0,66.0,3.066882782204617,158,26.0,-5.0,0.16,160.0,2.0
2025-04-08 12:25:31,160.0,10.0,167.8,10.0,159.0,16.0,241.82,17.0,163.9,7.800000000000011,26.0,27.0,2.069185830170789,53,-1.0,-105.0,-0.02,160.0,2.0
2025-04-08 12:25:32,159.6,10.0,382.68,37.0,145.56,45.0,663.15,27.0,271.14,223.08,55.0,64.0,48.73099557776214,119,-9.0,66.0,-0.08,159.33,3.0
2025-04-08 12:25:33,159.0,16.0,378.75,40.0,139.5,152.0,720.57,28.0,268.88,219.75,168.0,68.0,59.25338741371641,236,100.0,117.0,0.42,159.33,
2025-04-08 12:25:34,160.0,85.0,368.71,21.0,141.19,27.0,369.0,10.0,264.36,208.71,112.0,31.0,58.0821958951283,143,81.0,-93.0,0.57,159.33,
2025-04-08 12:25:35,160.0,204.0,359.52,31.0,157.52,54.0,425.29,31.0,259.76,199.52,258.0,62.0,45.8845913134262,320,196.0,168.0,0.61,159.33,
2025-04-08 12:25:36,160.23,66.0,173.88,24.0,159.85,100.0,175.0,8.0,167.05,13.650000000000006,166.0,32.0,44.482469805532936,198,134.0,-122.0,0.68,159.33,
2025-04-08 12:25:37,161.58,71.0,172.8,30.0,160.27,91.0,181.76,17.0,167.19,11.22,162.0,47.0,53.34350166608915,209,115.0,11.0,0.55,161.0,3.0
2025-04-08 12:25:38,165.71,17.0,171.12,32.0,160.43,93.0,172.3,20.0,168.42,5.409999999999997,110.0,52.0,51.79171873958198,162,58.0,-47.0,0.36,165.75,4.0
2025-04-08 12:25:39,165.0,11.0,169.11,38.0,160.0,187.0,169.87,23.0,167.05,4.110000000000014,198.0,61.0,41.29636460997359,259,137.0,97.0,0.53,165.0,1.0
2025-04-08 12:25:40,160.0,201.0,165.6,25.0,159.0,65.0,167.6,45.0,162.8,5.599999999999994,266.0,70.0,2.148108470210843,336,196.0,77.0,0.58,160.0,5.0
2025-04-08 12:25:41,160.0,98.0,162.33,12.0,159.0,45.0,164.18,28.0,161.17,2.3300000000000125,143.0,40.0,3.1493062727823484,183,103.0,-153.0,0.56,160.0,5.0
2025-04-08 12:25:42,160.0,36.0,161.67,18.0,159.0,45.0,263.0,36.0,160.83,1.6699999999999875,81.0,54.0,3.4757056837109244,135,27.0,-48.0,0.2,160.0,4.0
2025-04-08 12:25:43,160.92,37.0,165.48,29.0,159.81,26.0,438.65,23.0,163.2,4.560000000000002,63.0,52.0,2.4768831219449403,115,11.0,-20.0,0.1,161.0,7.0
2025-04-08 12:25:44,160.0,21.0,196.56,32.0,159.0,40.0,229.04,28.0,178.28,36.56,61.0,60.0,7.35133525284937,121,1.0,6.0,0.01,161.0,
2025-04-08 12:25:45,159.71,21.0,184.0,30.0,158.67,36.0,212.2,15.0,171.86,24.289999999999992,57.0,45.0,7.702802736653338,102,12.0,-19.0,0.12,160.0,3.0
2025-04-08 12:25:46,163.17,36.0,184.0,55.0,158.82,66.0,315.73,11.0,173.58,20.830000000000013,102.0,66.0,7.316946084248904,168,36.0,66.0,0.21,160.0,
2025-04-08 12:25:47,164.0,27.0,183.33,45.0,160.39,46.0,326.89,9.0,173.67,19.330000000000013,73.0,54.0,5.525252935370199,127,19.0,-41.0,0.15,160.0,
2025-04-08 12:25:48,164.0,30.0,183.0,50.0,163.0,40.0,484.07,29.0,173.5,19.0,70.0,79.0,2.41220231320389,149,-9.0,22.0,-0.06,160.0,
2025-04-08 12:25:49,164.0,18.0,183.0,30.0,163.0,24.0,309.0,24.0,173.5,19.0,42.0,54.0,0.7646044727974775,96,-12.0,-53.0,-0.12,160.0,
2025-04-08 12:25:50,162.91,33.0,182.2,50.0,161.57,42.0,215.68,31.0,172.55,19.289999999999992,75.0,81.0,0.4582030115816879,156,-6.0,60.0,-0.04,163.43,7.0
2025-04-08 12:25:51,159.91,66.0,182.0,65.0,158.16,38.0,556.43,49.0,170.95,22.090000000000003,104.0,114.0,1.141941329412426,218,-10.0,62.0,-0.05,163.43,
2025-04-08 12:25:52,162.75,32.0,180.9,50.0,158.85,52.0,390.91,46.0,171.82,18.15000000000001,84.0,96.0,1.102374709351862,180,-12.0,-38.0,-0.07,162.0,5.0
2025-04-08 12:25:53,158.0,20.0,169.0,40.0,157.53,17.0,308.4,50.0,163.5,11.0,37.0,90.0,4.0044013285146365,127,-53.0,-53.0,-0.42,158.78,9.0
2025-04-08 12:25:54,156.0,11.0,157.7,20.0,154.41,34.0,361.12,32.0,156.85,1.6999999999999886,45.0,52.0,6.7974281901168405,97,-7.0,-30.0,-0.07,158.78,
2025-04-08 12:25:55,150.0,4.0,158.5,8.0,115.75,24.0,417.75,16.0,154.25,8.5,28.0,24.0,7.976630240883606,52,4.0,-45.0,0.08,156.0,3.0
2025-04-08 12:25:56,150.0,1.0,159.0,2.0,67.0,6.0,165.0,5.0,154.5,9.0,7.0,7.0,7.500468652008645,14,0.0,-38.0,0.0,156.0,
2025-04-08 12:25:58,157.31,36.0,184.59,22.0,111.1,20.0,238.38,26.0,170.95,27.28,56.0,48.0,10.028181789326224,104,8.0,-29.0,0.08,156.0,
2025-04-08 12:25:59,160.32,76.0,182.64,33.0,110.71,41.0,184.0,11.0,171.48,22.319999999999997,117.0,44.0,10.1398939836562,161,73.0,57.0,0.45,159.0,4.0
2025-04-08 12:26:00,161.0,50.0,181.0,15.0,159.0,5.0,184.0,5.0,171.0,20.0,55.0,20.0,8.13748732716692,75,35.0,-86.0,0.47,159.0,
2025-04-08 12:26:01,161.0,70.0,180.53,17.0,159.0,7.0,182.0,11.0,170.76,19.53,77.0,28.0,1.9733524773382096,105,49.0,30.0,0.47,159.0,
2025-04-08 12:26:02,161.83,59.0,178.23,13.0,161.31,67.0,179.03,31.0,170.03,16.399999999999977,126.0,44.0,0.5267162422140123,170,82.0,65.0,0.48,162.0,3.0
2025-04-08 12:26:03,163.5,24.0,177.0,36.0,161.12,125.0,178.0,12.0,170.25,13.5,149.0,48.0,0.5816614133767336,197,101.0,27.0,0.51,162.0,
2025-04-08 12:26:04,161.2,79.0,176.3,20.0,160.43,42.0,177.17,12.0,168.75,15.100000000000025,121.0,32.0,0.8773083835282552,153,89.0,-44.0,0.58,165.0,2.0
2025-04-08 12:26:05,161.0,65.0,173.4,10.0,159.91,44.0,175.0,30.0,167.2,12.400000000000006,109.0,40.0,1.434527796804772,149,69.0,-4.0,0.46,161.0,5.0
2025-04-08 12:26:06,163.0,70.0,171.29,17.0,160.42,60.0,174.38,32.0,167.15,8.289999999999992,130.0,49.0,1.4852205222802148,179,81.0,30.0,0.45,161.0,
2025-04-08 12:26:07,164.24,74.0,166.61,18.0,160.84,62.0,167.43,42.0,165.43,2.3700000000000045,136.0,60.0,1.8230962672876547,196,76.0,17.0,0.39,165.0,7.0
2025-04-08 12:26:08,161.0,99.0,163.12,26.0,160.0,85.0,164.15,26.0,162.06,2.1200000000000045,184.0,52.0,2.5545978156631417,236,132.0,40.0,0.56,161.0,4.0
2025-04-08 12:26:09,161.0,37.0,162.15,13.0,160.0,65.0,197.76,21.0,161.58,1.1500000000000057,102.0,34.0,2.7151482463733982,136,68.0,-100.0,0.5,161.0,1.0
2025-04-08 12:26:10,160.83,18.0,391.53,17.0,159.96,57.0,564.56,36.0,276.18,230.7,75.0,53.0,50.19757912489288,128,22.0,-8.0,0.17,160.5,4.0
2025-04-08 12:26:11,160.62,72.0,205.81,21.0,159.55,44.0,326.2,45.0,183.22,45.19,116.0,66.0,49.154138991542666,182,50.0,54.0,0.27,160.5,
2025-04-08 12:26:12,157.82,83.0,169.4,15.0,157.0,26.0,386.44,36.0,163.61,11.580000000000013,109.0,51.0,49.38493798720308,160,58.0,-22.0,0.36,158.5,2.0
2025-04-08 12:26:13,157.07,90.0,167.0,12.0,108.68,82.0,258.52,31.0,162.03,9.930000000000009,172.0,43.0,49.38908108073984,215,129.0,55.0,0.6,158.5,
2025-04-08 12:26:14,158.3,37.0,167.0,11.0,156.88,73.0,280.95,37.0,162.65,8.699999999999989,110.0,48.0,49.2409105317915,158,62.0,-57.0,0.39,159.0,3.0
2025-04-08 12:26:15,157.0,35.0,167.0,5.0,156.0,15.0,287.7,23.0,162.0,10.0,50.0,28.0,9.25688770590816,78,22.0,-80.0,0.28,159.0,
2025-04-08 12:26:16,157.0,39.0,167.0,9.0,156.0,27.0,491.11,37.0,162.0,10.0,66.0,46.0,0.7011918423477023,112,20.0,34.0,0.18,157.0,3.0
2025-04-08 12:26:17,157.0,36.0,237.31,16.0,156.0,27.0,454.69,39.0,197.16,80.31,63.0,55.0,15.650462293485276,118,8.0,6.0,0.07,157.0,
2025-04-08 12:26:18,157.26,19.0,193.56,36.0,156.62,32.0,195.0,45.0,175.41,36.30000000000001,51.0,81.0,15.263965081190934,132,-30.0,14.0,-0.23,157.33,3.0
2025-04-08 12:26:19,163.77,62.0,190.84,38.0,156.87,23.0,282.87,23.0,177.31,27.069999999999997,85.0,61.0,14.442289638413609,146,24.0,14.0,0.16,157.33,
2025-04-08 12:26:20,164.0,52.0,187.44,25.0,157.0,20.0,187.52,25.0,175.72,23.44,72.0,50.0,12.593015921527345,122,22.0,-24.0,0.18,164.0,1.0
2025-04-08 12:26:21,164.0,50.0,182.88,16.0,161.0,70.0,185.82,34.0,173.44,18.879999999999995,120.0,50.0,9.797161323559552,170,70.0,48.0,0.41,164.0,
2025-04-08 12:26:22,164.0,21.0,180.03,29.0,161.0,56.0,181.73,11.0,172.02,16.03,77.0,40.0,2.0672808226821084,117,37.0,-53.0,0.32,164.0,3.0
2025-04-08 12:26:23,163.16,25.0,177.86,28.0,160.76,67.0,178.09,22.0,170.51,14.700000000000015,92.0,50.0,2.744476270588778,142,42.0,25.0,0.3,164.0,2.0
2025-04-08 12:26:24,161.0,45.0,174.91,33.0,157.0,36.0,176.33,12.0,167.95,13.909999999999997,81.0,45.0,2.937221476126128,126,36.0,-16.0,0.29,161.0,2.0
2025-04-08 12:26:25,163.0,27.0,174.0,36.0,161.0,45.0,176.0,9.0,168.5,11.0,72.0,45.0,2.3159943868261097,117,27.0,-9.0,0.23,161.0,
2025-04-08 12:26:26,163.0,33.0,171.91,11.0,161.0,55.0,173.6,20.0,167.45,8.909999999999997,88.0,31.0,1.9200598948482388,119,57.0,2.0,0.48,161.0,
2025-04-08 12:26:27,163.0,26.0,169.28,18.0,161.0,60.0,172.08,12.0,166.14,6.280000000000001,86.0,30.0,1.6011089906059688,116,56.0,-3.0,0.48,163.0,2.0
2025-04-08 12:26:28,163.0,9.0,167.62,32.0,161.0,45.0,167.93,15.0,165.31,4.6200000000000045,54.0,47.0,1.3158837333877642,101,7.0,-15.0,0.07,163.0,
2025-04-08 12:26:29,161.12,64.0,163.56,25.0,160.05,42.0,165.35,17.0,162.34,2.4399999999999977,106.0,42.0,2.357449893378313,148,64.0,47.0,0.43,163.0,1.0
2025-04-08 12:26:30,161.0,48.0,162.4,10.0,159.0,16.0,164.0,14.0,161.7,1.4000000000000057,64.0,24.0,2.4756352719621795,88,40.0,-60.0,0.45,163.0,
2025-04-08 12:26:31,159.39,127.0,194.98,41.0,158.16,154.0,243.72,25.0,177.18,35.59,281.0,66.0,6.243955477082791,347,215.0,168.0,0.62,160.85,13.0
2025-04-08 12:26:32,159.0,150.0,250.95,44.0,157.0,100.0,485.71,38.0,204.98,91.95,250.0,82.0,18.249510130406996,332,168.0,-15.0,0.51,160.85,
2025-04-08 12:26:33,159.0,146.0,322.55,55.0,157.0,120.0,407.16,37.0,240.77,163.55,266.0,92.0,33.65440208947259,358,174.0,26.0,0.49,159.0,4.0
2025-04-08 12:26:35,159.29,51.0,464.0,9.0,157.71,93.0,555.16,38.0,311.65,304.71000000000004,144.0,47.0,61.57936399476834,191,97.0,60.0,0.51,160.25,4.0
2025-04-08 12:26:36,158.12,34.0,364.2,25.0,157.54,108.0,486.07,29.0,261.16,206.08,142.0,54.0,46.54208063677695,196,88.0,5.0,0.45,159.0,3.0
2025-04-08 12:26:37,157.0,68.0,158.75,16.0,156.0,21.0,333.48,27.0,157.88,1.75,89.0,43.0,63.66828621849504,132,46.0,-64.0,0.35,157.0,1.0
2025-04-08 12:26:38,157.0,84.0,158.26,47.0,156.0,30.0,313.77,43.0,157.63,1.259999999999991,114.0,90.0,78.13639644877495,204,24.0,72.0,0.12,157.0,2.0
2025-04-08 12:26:39,157.0,35.0,158.0,25.0,156.0,18.0,161.0,20.0,157.5,1.0,53.0,45.0,72.73571151779562,98,8.0,-106.0,0.08,157.0,
2025-04-08 12:26:40,157.0,34.0,158.0,25.0,156.0,15.0,161.0,20.0,157.5,1.0,49.0,45.0,46.30140149066599,94,4.0,-4.0,0.04,157.0,1.0
2025-04-08 12:26:41,157.0,42.0,335.0,26.0,156.0,21.0,284.55,11.0,246.0,178.0,63.0,37.0,39.52168797002263,100,26.0,6.0,0.26,159.33,9.0
2025-04-08 12:26:48,157.3,30.0,351.0,28.0,156.33,27.0,374.48,42.0,254.15,193.7,57.0,70.0,137.51745325594152,127,-13.0,17.0,-0.1,157.0,1.0
2025-04-08 12:26:49,160.0,11.0,357.64,22.0,157.0,33.0,384.27,44.0,258.82,197.64,44.0,66.0,121.20015375402778,110,-22.0,-17.0,-0.2,157.0,
2025-04-08 12:26:50,157.63,19.0,244.94,34.0,156.25,16.0,405.0,20.0,201.29,87.31,35.0,54.0,100.56104897026523,89,-19.0,-21.0,-0.21,160.0,1.0
2025-04-08 12:26:51,159.71,28.0,221.77,31.0,157.59,51.0,298.29,34.0,190.74,62.06,79.0,65.0,66.46980254220846,144,14.0,55.0,0.1,160.0,
2025-04-08 12:26:52,161.0,24.0,228.0,24.0,159.0,36.0,264.66,44.0,194.5,67.0,60.0,68.0,33.65125034824162,128,-8.0,-16.0,-0.06,160.0,
2025-04-08 12:26:53,163.86,56.0,228.0,20.0,162.24,21.0,269.58,36.0,195.93,64.13999999999999,77.0,56.0,28.518464720247103,133,21.0,5.0,0.16,163.78,9.0
2025-04-08 12:26:54,161.0,20.0,227.33,30.0,159.0,30.0,284.03,31.0,194.17,66.33000000000001,50.0,61.0,3.8400559891647936,111,-11.0,-22.0,-0.1,163.78,
2025-04-08 12:26:55,161.0,28.0,225.0,54.0,159.0,42.0,226.53,30.0,193.0,64.0,70.0,84.0,1.9416668097057328,154,-14.0,43.0,-0.09,163.78,
2025-04-08 12:26:56,161.0,20.0,222.18,22.0,159.0,30.0,223.11,38.0,191.59,61.18000000000001,50.0,60.0,1.6340654821376166,110,-10.0,-44.0,-0.09,163.78,
2025-04-08 12:26:57,161.75,40.0,221.12,16.0,159.57,21.0,223.0,32.0,191.44,59.370000000000005,61.0,48.0,1.8788374064593372,109,13.0,-1.0,0.12,163.78,
2025-04-08 12:26:58,162.5,100.0,219.75,32.0,161.0,20.0,222.14,28.0,191.12,57.25,120.0,60.0,1.286129853438787,180,60.0,71.0,0.33,163.78,
2025-04-08 12:26:59,163.0,110.0,194.23,48.0,161.0,22.0,215.08,39.0,178.61,31.22999999999999,132.0,87.0,5.937016927708088,219,45.0,39.0,0.21,163.78,
2025-04-08 12:27:00,163.0,100.0,184.69,13.0,161.0,20.0,200.61,41.0,173.85,21.69,120.0,54.0,8.470423247977354,174,66.0,-45.0,0.38,163.78,
2025-04-08 12:27:01,163.0,65.0,182.09,44.0,161.0,24.0,182.21,19.0,172.55,19.090000000000003,89.0,63.0,9.196794550269034,152,26.0,-22.0,0.17,163.0,7.0
2025-04-08 12:27:02,163.53,45.0,174.07,60.0,161.0,30.0,176.1,59.0,168.8,10.539999999999992,75.0,119.0,8.644803641485334,194,-44.0,42.0,-0.23,163.0,
2025-04-08 12:27:03,165.0,36.0,171.11,36.0,161.0,24.0,174.09,45.0,168.06,6.110000000000014,60.0,81.0,4.25679809244196,141,-21.0,-53.0,-0.15,163.0,
2025-04-08 12:27:04,163.06,51.0,168.04,46.0,160.81,32.0,168.84,19.0,165.55,4.97999999999999,83.0,65.0,3.392929412735506,148,18.0,7.0,0.12,164.75,4.0
2025-04-08 12:27:05,161.0,43.0,163.9,40.0,160.0,10.0,164.6,25.0,162.45,2.9000000000000057,53.0,65.0,3.768603189484872,118,-12.0,-30.0,-0.1,164.75,
2025-04-08 12:27:06,160.71,31.0,162.73,60.0,159.09,69.0,182.09,33.0,161.72,2.019999999999982,100.0,93.0,3.196393279899364,193,7.0,75.0,0.04,161.0,5.0
2025-04-08 12:27:07,160.0,6.0,162.0,24.0,159.0,42.0,367.79,14.0,161.0,2.0,48.0,38.0,2.966029332251931,86,10.0,-107.0,0.12,161.0,
2025-04-08 12:27:08,158.71,14.0,162.0,44.0,157.07,120.0,489.64,11.0,160.36,3.289999999999992,134.0,55.0,2.0211209760358053,189,79.0,103.0,0.42,158.89,9.0
2025-04-08 12:27:09,156.1,50.0,161.55,11.0,153.62,101.0,378.38,8.0,158.82,5.450000000000017,151.0,19.0,1.387299534983674,170,132.0,-19.0,0.78,158.11,9.0
2025-04-08 12:27:10,156.0,121.0,226.58,12.0,112.89,38.0,287.67,9.0,191.29,70.58000000000001,159.0,21.0,13.822348570333173,180,138.0,10.0,0.77,157.43,7.0
2025-04-08 12:27:11,158.61,18.0,437.0,16.0,148.94,34.0,539.0,8.0,297.81,278.39,52.0,24.0,59.67000611697567,76,28.0,-104.0,0.37,157.43,
2025-04-08 12:27:12,160.45,11.0,438.9,10.0,156.55,44.0,550.22,9.0,299.68,278.45,55.0,19.0,71.61496400892791,74,36.0,-2.0,0.49,161.0,2.0
2025-04-08 12:27:13,156.07,46.0,225.83,6.0,121.8,44.0,395.17,6.0,190.95,69.76000000000002,90.0,12.0,66.17634962734095,102,78.0,28.0,0.76,159.0,1.0
2025-04-08 12:27:14,156.0,82.0,223.4,10.0,95.61,56.0,307.6,10.0,189.7,67.4,138.0,20.0,59.21454660807677,158,118.0,56.0,0.75,156.0,1.0
2025-04-08 12:27:15,156.0,72.0,221.79,14.0,101.91,53.0,432.17,12.0,188.89,65.78999999999999,125.0,26.0,59.6542515668422,151,99.0,-7.0,0.66,156.0,4.0
2025-04-08 12:27:16,156.38,32.0,220.83,12.0,83.45,31.0,222.0,6.0,188.6,64.45000000000002,63.0,18.0,49.26676496381709,81,45.0,-70.0,0.56,156.0,
2025-04-08 12:27:17,156.0,40.0,219.0,14.0,96.38,37.0,221.25,8.0,187.5,63.0,77.0,22.0,1.2876994990651516,99,55.0,18.0,0.56,156.0,
2025-04-08 12:27:18,156.0,44.0,199.12,24.0,135.7,61.0,216.11,27.0,177.56,43.120000000000005,105.0,51.0,5.03172932498166,156,54.0,57.0,0.35,158.0,4.0
2025-04-08 12:27:19,142.46,37.0,167.36,22.0,132.52,46.0,198.82,11.0,154.91,24.90000000000001,83.0,33.0,14.520790956413109,116,50.0,-40.0,0.43,156.4,5.0
2025-04-08 12:27:20,119.94,64.0,210.56,18.0,65.32,57.0,210.86,21.0,165.25,90.62,121.0,39.0,14.54437795162884,160,82.0,44.0,0.51,156.4,
2025-04-08 12:27:21,136.93,81.0,203.46,24.0,91.59,58.0,204.65,17.0,170.19,66.53,139.0,41.0,12.327374821907956,180,98.0,20.0,0.54,156.4,
2025-04-08 12:27:22,163.0,110.0,192.85,20.0,119.1,60.0,195.71,24.0,177.93,29.849999999999994,170.0,44.0,9.577109167165291,214,126.0,34.0,0.59,156.4,
2025-04-08 12:27:23,163.0,77.0,186.92,13.0,81.29,42.0,188.16,19.0,174.96,23.919999999999987,119.0,32.0,9.06440400687211,151,87.0,-63.0,0.58,156.4,
2025-04-08 12:27:24,163.0,99.0,165.18,34.0,97.2,30.0,184.06,17.0,164.09,2.180000000000007,129.0,51.0,5.996705762317131,180,78.0,29.0,0.43,156.4,
2025-04-08 12:27:25,162.8,59.0,164.0,52.0,135.0,35.0,185.0,13.0,163.4,1.1999999999999886,94.0,65.0,6.440996040971128,159,29.0,-21.0,0.18,162.67,12.0
2025-04-08 12:27:26,160.85,26.0,164.0,56.0,136.09,23.0,175.19,26.0,162.42,3.1500000000000057,49.0,82.0,7.298338852081247,131,-33.0,-28.0,-0.25,162.67,
2025-04-08 12:27:27,161.57,37.0,164.0,60.0,160.64,22.0,185.0,15.0,162.78,2.430000000000007,59.0,75.0,5.309661006108076,134,-16.0,3.0,-0.12,162.67,
2025-04-08 12:27:28,161.95,41.0,172.08,26.0,160.96,27.0,409.17,54.0,167.01,10.130000000000024,68.0,80.0,1.8299590158736376,148,-12.0,14.0,-0.08,163.14,7.0
2025-04-08 12:27:29,160.33,12.0,185.0,8.0,157.38,32.0,421.06,34.0,172.67,24.669999999999987,44.0,42.0,4.326144935133942,86,2.0,-62.0,0.02,160.0,5.0
2025-04-08 12:27:30,159.86,14.0,184.55,11.0,157.1,59.0,295.91,33.0,172.2,24.69,73.0,44.0,4.927182765008129,117,29.0,31.0,0.25,160.0,
2025-04-08 12:27:31,164.06,32.0,183.78,9.0,158.12,16.0,595.0,27.0,173.92,19.72,48.0,36.0,4.690429617828596,84,12.0,-33.0,0.14,163.86,7.0
2025-04-08 12:27:32,165.0,24.0,181.62,8.0,159.0,16.0,679.88,24.0,173.31,16.620000000000005,40.0,32.0,2.767357945733323,72,8.0,-12.0,0.11,163.86,
2025-04-08 12:27:33,165.0,8.0,181.0,8.0,159.0,16.0,683.5,24.0,173.0,16.0,24.0,32.0,0.6498846050021254,56,-8.0,-16.0,-0.14,165.0,2.0
2025-04-08 12:27:34,158.57,23.0,180.91,11.0,156.8,40.0,325.5,32.0,169.74,22.340000000000003,63.0,43.0,1.62852080116163,106,20.0,50.0,0.19,159.4,5.0
2025-04-08 12:27:35,158.0,16.0,180.0,7.0,156.57,28.0,375.38,13.0,169.0,22.0,44.0,20.0,2.252660649057745,64,24.0,-42.0,0.38,159.4,
2025-04-08 12:27:36,157.0,24.0,178.17,6.0,156.0,24.0,248.0,6.0,167.58,21.169999999999987,48.0,12.0,2.524713845133268,60,36.0,-4.0,0.6,159.4,
2025-04-08 12:27:37,157.62,42.0,176.15,46.0,156.81,129.0,207.43,14.0,166.89,18.53,171.0,60.0,2.3834470834910277,231,111.0,168.0,0.48,158.0,2.0
2025-04-08 12:27:38,157.06,140.0,173.65,23.0,156.93,99.0,175.81,27.0,165.35,16.590000000000003,239.0,50.0,1.7352146840650533,289,189.0,58.0,0.65,157.25,8.0
2025-04-08 12:27:39,157.0,96.0,163.09,22.0,156.0,6.0,167.33,6.0,160.05,6.090000000000003,102.0,28.0,3.4589781727825573,130,74.0,-159.0,0.57,157.25,
2025-04-08 12:27:40,157.0,192.0,161.54,28.0,156.0,12.0,162.95,44.0,159.27,4.539999999999992,204.0,72.0,3.899310195377805,276,132.0,146.0,0.48,157.25,
2025-04-08 12:27:41,157.0,162.0,159.09,32.0,156.0,12.0,162.25,16.0,158.05,2.0900000000000034,174.0,48.0,3.935799791626671,222,126.0,-54.0,0.57,157.0,5.0
2025-04-08 12:27:42,157.0,75.0,158.0,7.0,156.0,7.0,164.0,7.0,157.5,1.0,82.0,14.0,3.1305239177747968,96,68.0,-126.0,0.71,157.0,1.0
2025-04-08 12:27:43,157.0,50.0,162.8,5.0,156.0,5.0,177.18,17.0,159.9,5.800000000000011,55.0,22.0,1.132179314311636,77,33.0,-19.0,0.43,158.0,1.0
2025-04-08 12:27:44,157.43,87.0,163.02,45.0,156.88,57.0,167.73,15.0,160.22,5.590000000000003,144.0,60.0,1.1750617004035633,204,84.0,127.0,0.41,160.0,1.0
2025-04-08 12:27:45,159.09,44.0,163.25,8.0,157.38,74.0,403.0,20.0,161.17,4.159999999999997,118.0,28.0,1.5396980222618362,146,90.0,-58.0,0.62,163.0,4.0
2025-04-08 12:27:46,161.0,4.0,163.0,4.0,159.0,28.0,443.0,4.0,162.0,2.0,32.0,8.0,1.6994469687991376,40,24.0,-106.0,0.6,163.0,
2025-04-08 12:27:47,159.34,29.0,163.0,8.0,158.13,69.0,210.5,32.0,161.17,3.6599999999999966,98.0,40.0,0.8393271113004055,138,58.0,98.0,0.42,159.5,4.0
2025-04-08 12:27:48,159.0,48.0,163.0,6.0,157.0,60.0,245.4,15.0,161.0,4.0,108.0,21.0,0.6331429536564951,129,87.0,-9.0,0.67,159.0,1.0
2025-04-08 12:27:49,159.2,59.0,425.63,38.0,157.42,101.0,487.71,17.0,292.42,266.43,160.0,55.0,58.62429249039927,215,105.0,86.0,0.49,163.0,1.0
2025-04-08 12:27:50,163.0,6.0,353.0,24.0,159.0,42.0,427.83,6.0,258.0,190.0,48.0,30.0,63.51954754246893,78,18.0,-137.0,0.23,163.0,
2025-04-08 12:27:51,164.94,33.0,281.95,43.0,162.23,13.0,290.2,30.0,223.45,117.01,46.0,73.0,58.39390267827648,119,-27.0,41.0,-0.23,163.0,
2025-04-08 12:27:52,165.0,40.0,279.7,50.0,163.0,10.0,283.0,40.0,222.35,114.7,50.0,90.0,48.81663579150124,140,-40.0,21.0,-0.29,163.0,
2025-04-08 12:27:53,165.0,49.0,254.08,59.0,163.0,13.0,280.26,34.0,209.54,89.08000000000001,62.0,93.0,33.83214994646547,155,-31.0,15.0,-0.2,165.0,3.0
2025-04-08 12:27:54,164.0,8.0,214.79,28.0,161.33,24.0,217.41,17.0,189.39,50.78999999999999,32.0,45.0,25.031570665861743,77,-13.0,-78.0,-0.17,165.0,1.0
2025-04-08 12:27:55,161.4,25.0,212.34,38.0,159.83,60.0,257.05,21.0,186.87,50.94,85.0,59.0,17.50495358462756,144,26.0,67.0,0.18,162.0,2.0
2025-04-08 12:27:56,162.29,28.0,199.08,25.0,159.73,44.0,316.76,17.0,180.68,36.79000000000002,72.0,42.0,17.49151022639058,114,30.0,-30.0,0.26,162.0,
2025-04-08 12:27:57,162.29,14.0,197.0,18.0,159.44,36.0,198.0,24.0,179.64,34.71000000000001,50.0,42.0,12.074370791055223,92,8.0,-22.0,0.09,162.8,5.0
2025-04-08 12:27:58,159.8,35.0,196.25,12.0,158.24,79.0,197.57,28.0,178.03,36.44999999999999,114.0,40.0,4.928272516801278,154,74.0,62.0,0.48,162.8,
2025-04-08 12:27:59,161.0,16.0,194.62,8.0,159.0,56.0,197.0,24.0,177.81,33.620000000000005,72.0,32.0,3.6955960276859705,104,40.0,-50.0,0.38,162.8,
2025-04-08 12:28:00,161.0,10.0,193.0,18.0,159.0,70.0,194.82,22.0,177.0,32.0,80.0,40.0,1.492638603225613,120,40.0,16.0,0.33,161.0,1.0
2025-04-08 12:28:01,161.0,16.0,189.79,24.0,159.0,70.0,192.12,16.0,175.4,28.789999999999992,86.0,40.0,1.5482021831254775,126,46.0,6.0,0.37,161.0,
2025-04-08 12:28:02,159.32,50.0,187.0,24.0,157.38,74.0,191.0,8.0,173.16,27.680000000000007,124.0,32.0,2.026733825599362,156,92.0,30.0,0.59,161.0,4.0
2025-04-08 12:28:03,159.0,68.0,184.68,34.0,157.0,120.0,189.5,14.0,171.84,25.680000000000007,188.0,48.0,2.520837162496417,236,140.0,80.0,0.59,159.0,2.0
2025-04-08 12:28:04,159.0,40.0,180.62,13.0,156.0,64.0,181.64,25.0,169.81,21.620000000000005,104.0,38.0,2.8429948997167944,142,66.0,-94.0,0.46,159.0,
2025-04-08 12:28:05,159.72,25.0,177.79,29.0,158.27,88.0,178.91,34.0,168.76,18.069999999999997,113.0,63.0,2.6463522063036624,176,50.0,34.0,0.28,160.0,2.0
2025-04-08 12:28:06,157.83,77.0,173.71,31.0,156.67,120.0,175.93,43.0,165.77,15.879999999999995,197.0,74.0,2.8614104913136,271,123.0,95.0,0.45,158.6,5.0
2025-04-08 12:28:07,157.6,105.0,167.71,24.0,156.49,110.0,169.12,33.0,162.65,10.110000000000014,215.0,57.0,3.602808626584273,272,158.0,1.0,0.58,158.6,
2025-04-08 12:28:08,159.0,63.0,163.87,30.0,157.0,83.0,165.12,33.0,161.43,4.8700000000000045,146.0,63.0,3.6672441969114473,209,83.0,-63.0,0.4,158.6,
2025-04-08 12:28:09,159.0,27.0,160.53,17.0,157.0,55.0,162.0,10.0,159.76,1.5300000000000011,82.0,27.0,3.593887866888964,109,55.0,-100.0,0.5,159.0,4.0
2025-04-08 12:28:10,157.64,81.0,159.93,46.0,156.69,128.0,162.24,37.0,158.79,2.2900000000000205,209.0,83.0,2.7280945730972785,292,126.0,168.0,0.43,158.75,4.0
2025-04-08 12:28:11,157.06,128.0,161.25,48.0,156.09,129.0,234.81,52.0,159.16,4.189999999999998,257.0,100.0,1.6320140930019214,357,157.0,65.0,0.44,157.89,9.0
2025-04-08 12:28:12,159.0,70.0,162.43,42.0,157.0,56.0,422.64,50.0,160.71,3.430000000000007,126.0,92.0,1.0922225046917602,218,34.0,-139.0,0.16,157.89,
2025-04-08 12:28:13,159.23,26.0,162.0,22.0,158.3,46.0,172.0,37.0,160.62,2.7700000000000102,72.0,59.0,0.8560782673064491,131,13.0,-87.0,0.1,162.0,1.0
2025-04-08 12:28:14,160.0,9.0,162.0,18.0,159.0,45.0,165.0,36.0,161.0,2.0,54.0,54.0,1.0053009498431456,108,0.0,-23.0,0.0,162.0,
2025-04-08 12:28:15,159.83,12.0,163.72,18.0,158.72,58.0,328.47,30.0,161.78,3.8899999999999855,70.0,48.0,0.9518298165944584,118,22.0,10.0,0.19,161.5,10.0
2025-04-08 12:28:16,159.0,7.0,164.0,14.0,157.0,28.0,306.57,28.0,161.5,5.0,35.0,42.0,0.5031103256348095,77,-7.0,-41.0,-0.09,161.5,
2025-04-08 12:28:17,157.77,13.0,163.18,11.0,156.38,52.0,214.53,15.0,160.48,5.409999999999997,65.0,26.0,0.5577454614429089,91,39.0,14.0,0.43,157.67,3.0
2025-04-08 12:28:18,157.0,14.0,163.0,7.0,156.0,56.0,191.14,7.0,160.0,6.0,70.0,14.0,0.7275438129484771,84,56.0,-7.0,0.67,160.0,1.0
2025-04-08 12:28:19,157.0,16.0,163.5,8.0,155.85,40.0,187.25,8.0,160.25,6.5,56.0,16.0,0.7898227647763355,72,40.0,-12.0,0.56,160.0,
2025-04-08 12:28:20,156.43,61.0,163.0,14.0,155.68,56.0,165.0,14.0,159.71,6.569999999999993,117.0,28.0,0.684521730668264,145,89.0,73.0,0.61,157.33,3.0
2025-04-08 12:28:21,157.55,22.0,162.0,6.0,156.4,20.0,163.0,6.0,159.77,4.449999999999989,42.0,12.0,0.3244533861058152,54,30.0,-91.0,0.56,157.33,
2025-04-08 12:28:22,158.46,28.0,161.82,11.0,157.0,22.0,163.91,11.0,160.14,3.359999999999985,50.0,22.0,0.2322283353840065,72,28.0,18.0,0.39,159.0,1.0
2025-04-08 12:28:23,157.07,30.0,163.0,12.0,155.07,28.0,165.0,12.0,160.03,5.930000000000007,58.0,24.0,0.2334523500743859,82,34.0,10.0,0.41,157.14,7.0
2025-04-08 12:28:24,157.39,23.0,162.92,13.0,155.12,34.0,165.0,13.0,160.16,5.530000000000001,57.0,26.0,0.209690247162743,83,31.0,1.0,0.37,160.0,1.0
2025-04-08 12:28:25,156.0,27.0,161.22,9.0,152.44,18.0,164.56,9.0,158.61,5.219999999999999,45.0,18.0,0.6515903619254793,63,27.0,-20.0,0.43,160.0,
2025-04-08 12:28:26,156.0,18.0,161.0,6.0,152.0,12.0,178.0,6.0,158.5,5.0,30.0,12.0,0.8540316151952603,42,18.0,-21.0,0.43,160.0,1.0
2025-04-08 12:28:27,160.92,39.0,208.0,8.0,153.89,19.0,372.62,16.0,184.46,47.08000000000001,58.0,24.0,11.267216603925537,82,34.0,40.0,0.41,163.0,1.0
2025-04-08 12:28:28,164.0,80.0,208.0,10.0,156.0,42.0,611.78,18.0,186.0,44.0,122.0,28.0,14.342844208865928,150,94.0,68.0,0.63,163.0,
2025-04-08 12:28:29,164.0,56.0,345.78,9.0,159.27,41.0,548.5,12.0,254.89,181.78,97.0,21.0,39.444947331691104,118,76.0,-32.0,0.64,163.0,
2025-04-08 12:28:32,164.0,63.0,203.17,29.0,163.0,18.0,272.32,25.0,183.59,39.16999999999999,81.0,54.0,73.67593752372753,135,27.0,12.0,0.2,163.0,
2025-04-08 12:28:33,164.05,42.0,193.27,41.0,163.33,30.0,194.35,43.0,178.66,29.22,72.0,84.0,75.50754896035359,156,-12.0,21.0,-0.08,164.17,6.0
2025-04-08 12:28:34,163.82,17.0,189.9,40.0,161.74,38.0,192.0,30.0,176.86,26.080000000000013,55.0,70.0,83.45288209522859,125,-15.0,-31.0,-0.12,163.67,3.0
2025-04-08 12:28:35,161.02,85.0,186.07,57.0,156.16,248.0,188.15,55.0,173.55,25.049999999999983,333.0,112.0,64.66836436774919,445,221.0,168.0,0.5,161.4,5.0
2025-04-08 12:28:36,160.29,21.0,179.76,21.0,155.16,25.0,185.38,32.0,170.02,19.47,46.0,53.0,5.141734143247379,99,-7.0,-168.0,-0.07,161.4,
2025-04-08 12:28:37,161.53,30.0,163.0,11.0,158.65,23.0,192.92,26.0,162.27,1.4699999999999989,53.0,37.0,6.492323929057813,90,16.0,-9.0,0.18,162.0,7.0
2025-04-08 12:28:38,160.0,7.0,163.0,7.0,159.0,14.0,252.14,7.0,161.5,3.0,21.0,14.0,6.799584546117591,35,7.0,-55.0,0.2,162.0,
2025-04-08 12:28:39,160.0,8.0,163.0,8.0,159.0,16.0,253.0,20.0,161.5,3.0,24.0,28.0,5.641513094887503,52,-4.0,17.0,-0.08,162.0,
2025-04-08 12:28:40,160.0,7.0,163.0,7.0,159.0,14.0,345.0,7.0,161.5,3.0,21.0,14.0,3.739066728446571,35,7.0,-17.0,0.2,162.0,
2025-04-08 12:28:41,158.36,11.0,162.0,44.0,156.58,52.0,163.0,11.0,160.18,3.6399999999999855,63.0,55.0,0.7541220058897273,118,8.0,83.0,0.07,159.33,3.0
2025-04-08 12:28:42,156.64,25.0,161.45,44.0,155.45,55.0,163.0,11.0,159.05,4.810000000000002,80.0,55.0,1.107059167237316,135,25.0,17.0,0.19,156.2,5.0
2025-04-08 12:28:43,157.31,104.0,159.82,55.0,156.0,36.0,161.5,30.0,158.56,2.509999999999991,140.0,85.0,1.358646385105955,225,55.0,90.0,0.24,158.0,4.0
2025-04-08 12:28:44,156.34,29.0,163.31,13.0,148.09,11.0,258.44,9.0,159.83,6.969999999999999,40.0,22.0,1.132753282829033,62,18.0,-163.0,0.29,158.0,5.0
2025-04-08 12:28:45,156.0,6.0,166.0,2.0,118.06,18.0,270.0,2.0,161.0,10.0,24.0,4.0,0.9561014589255104,28,20.0,-34.0,0.71,158.0,
2025-04-08 12:28:46,156.0,15.0,166.0,5.0,147.64,11.0,192.4,5.0,161.0,10.0,26.0,10.0,1.1115619639769267,36,16.0,8.0,0.44,158.0,
2025-04-08 12:28:47,162.32,31.0,166.0,7.0,155.27,22.0,173.0,7.0,164.16,3.680000000000007,53.0,14.0,2.077715091095254,67,39.0,31.0,0.58,163.0,2.0
2025-04-08 12:28:48,163.0,36.0,166.0,12.0,157.97,190.0,213.06,16.0,164.5,3.0,226.0,28.0,2.0962156377077448,254,198.0,168.0,0.78,163.0,
2025-04-08 12:28:49,163.0,95.0,166.0,13.0,156.56,45.0,184.0,26.0,164.5,3.0,140.0,39.0,1.860139779633472,179,101.0,-75.0,0.56,163.0,
2025-04-08 12:28:50,163.0,88.0,166.0,8.0,158.69,26.0,311.64,11.0,164.5,3.0,114.0,19.0,1.5343141789666594,133,95.0,-46.0,0.71,163.0,
2025-04-08 12:28:51,163.0,155.0,164.93,15.0,159.0,60.0,170.82,33.0,163.97,1.9300000000000068,215.0,48.0,0.2475479747057454,263,167.0,130.0,0.63,163.0,2.0
2025-04-08 12:28:52,163.0,79.0,164.0,9.0,159.0,85.0,167.0,27.0,163.5,1.0,164.0,36.0,0.4507549220810505,200,128.0,-63.0,0.64,163.0,
2025-04-08 12:28:53,163.0,94.0,165.12,16.0,160.31,137.0,212.5,36.0,164.06,2.1200000000000045,231.0,52.0,0.4178277154281167,283,179.0,83.0,0.63,163.0,1.0
2025-04-08 12:28:54,163.0,70.0,167.0,30.0,162.0,120.0,304.8,10.0,165.0,4.0,190.0,40.0,0.5684012665189466,230,150.0,-53.0,0.65,163.0,
2025-04-08 12:28:55,163.0,45.0,167.0,21.0,162.0,84.0,201.0,7.0,165.0,4.0,129.0,28.0,0.6682664137758307,157,101.0,-73.0,0.64,163.0,4.0
2025-04-08 12:28:56,163.0,33.0,167.0,33.0,162.0,132.0,190.09,11.0,165.0,4.0,165.0,44.0,0.6969361518688597,209,121.0,52.0,0.58,163.0,
2025-04-08 12:28:57,163.0,24.0,167.0,24.0,162.0,96.0,244.2,10.0,165.0,4.0,120.0,34.0,0.4203807795120754,154,86.0,-55.0,0.56,163.0,
2025-04-08 12:28:58,163.98,172.0,167.0,36.0,162.73,45.0,318.0,18.0,165.49,3.0200000000000102,217.0,54.0,0.2191346613033088,271,163.0,117.0,0.6,163.0,
2025-04-08 12:28:59,164.4,139.0,167.0,27.0,163.35,23.0,333.0,27.0,165.7,2.5999999999999943,162.0,54.0,0.3342454184954025,216,108.0,-55.0,0.5,164.0,1.0
2025-04-08 12:29:00,165.0,152.0,167.0,36.0,164.0,24.0,333.0,36.0,166.0,2.0,176.0,72.0,0.4389988608027439,248,104.0,32.0,0.42,165.0,4.0
2025-04-08 12:29:01,165.0,96.0,166.53,34.0,164.0,20.0,319.55,31.0,165.76,1.5300000000000011,116.0,65.0,0.3765634073922029,181,51.0,-67.0,0.28,165.0,4.0
2025-04-08 12:29:02,164.86,44.0,166.49,43.0,163.67,27.0,197.88,26.0,165.68,1.6299999999999957,71.0,69.0,0.1835211153722434,140,2.0,-41.0,0.01,165.0,6.0
2025-04-08 12:29:03,163.93,15.0,169.0,24.0,162.64,33.0,263.82,17.0,166.47,5.069999999999993,48.0,41.0,0.3318433362121482,89,7.0,-51.0,0.08,163.5,4.0
2025-04-08 12:29:04,162.08,39.0,168.33,18.0,161.63,41.0,188.0,24.0,165.21,6.25,80.0,42.0,0.4610097610549499,122,38.0,33.0,0.31,162.11,9.0
2025-04-08 12:29:05,162.0,36.0,166.33,18.0,159.0,9.0,169.0,27.0,164.17,4.3300000000000125,45.0,45.0,0.8492761622618572,90,0.0,-32.0,0.0,162.11,
2025-04-08 12:29:06,162.0,29.0,164.22,18.0,159.0,8.0,166.27,22.0,163.11,2.219999999999999,37.0,40.0,1.3136285623355382,77,-3.0,-13.0,-0.04,162.0,3.0
2025-04-08 12:29:07,160.8,10.0,163.0,20.0,158.12,50.0,169.8,30.0,161.9,2.1999999999999886,60.0,50.0,1.7782069620210608,110,10.0,33.0,0.09,162.0,1.0
2025-04-08 12:29:08,159.0,11.0,162.0,22.0,158.0,121.0,163.0,22.0,160.5,3.0,132.0,44.0,1.8522067918498013,176,88.0,66.0,0.5,162.0,
2025-04-08 12:29:09,159.0,11.0,161.45,22.0,158.0,121.0,163.0,22.0,160.23,2.4499999999999886,132.0,44.0,1.6831725995184827,176,88.0,0.0,0.5,162.0,
2025-04-08 12:29:10,159.0,10.0,161.0,20.0,158.0,110.0,163.0,20.0,160.0,2.0,120.0,40.0,1.3224484866208763,160,80.0,-16.0,0.5,162.0,
2025-04-08 12:29:11,158.12,25.0,160.0,10.0,157.89,37.0,163.0,12.0,159.06,1.8799999999999957,62.0,22.0,1.0277742941725885,84,40.0,-76.0,0.48,159.67,3.0
2025-04-08 12:29:12,160.8,50.0,164.27,11.0,157.95,81.0,167.14,28.0,162.54,3.469999999999999,131.0,39.0,1.2798749938031326,170,92.0,86.0,0.54,159.67,
2025-04-08 12:29:13,163.0,36.0,164.0,9.0,158.0,65.0,165.0,27.0,163.5,1.0,101.0,36.0,1.8679079205799891,137,65.0,-33.0,0.47,159.67,
2025-04-08 12:29:14,163.0,24.0,164.0,6.0,158.0,45.0,165.0,18.0,163.5,1.0,69.0,24.0,2.064170535534458,93,45.0,-44.0,0.48,159.67,
2025-04-08 12:29:15,163.0,32.0,164.71,17.0,158.0,135.0,180.56,27.0,163.85,1.710000000000008,167.0,44.0,1.9784589962322492,211,123.0,118.0,0.58,163.0,1.0
2025-04-08 12:29:16,163.0,18.0,165.0,24.0,158.0,38.0,241.23,22.0,164.0,2.0,56.0,46.0,0.5682605034463419,102,10.0,-109.0,0.1,163.0,2.0
2025-04-08 12:29:17,160.78,9.0,323.57,21.0,157.81,31.0,432.38,26.0,242.17,162.79,40.0,47.0,35.087944225899776,87,-7.0,-15.0,-0.08,159.25,4.0
2025-04-08 12:29:18,157.65,34.0,313.71,41.0,156.28,95.0,559.32,47.0,235.68,156.05999999999997,129.0,88.0,41.22109835994091,217,41.0,130.0,0.19,158.0,2.0
2025-04-08 12:29:19,158.0,32.0,165.0,24.0,157.0,24.0,388.4,25.0,161.5,7.0,56.0,49.0,41.597102663526,105,7.0,-112.0,0.07,158.0,
2025-04-08 12:29:20,158.0,32.0,165.0,24.0,157.0,24.0,224.8,30.0,161.5,7.0,56.0,54.0,42.026083567231424,110,2.0,5.0,0.02,158.0,
2025-04-08 12:29:21,158.0,20.0,163.8,15.0,157.0,15.0,174.25,16.0,160.9,5.800000000000011,35.0,31.0,42.5795396875062,66,4.0,-44.0,0.06,158.0,
2025-04-08 12:29:22,158.0,32.0,163.0,24.0,157.0,24.0,164.5,24.0,160.5,5.0,56.0,48.0,33.35588823580984,104,8.0,38.0,0.08,158.0,
2025-04-08 12:29:23,158.0,56.0,161.29,42.0,157.0,42.0,164.0,42.0,159.64,3.289999999999992,98.0,84.0,0.7786655249619402,182,14.0,78.0,0.08,158.0,
2025-04-08 12:29:24,157.4,40.0,158.82,44.0,156.06,216.0,159.94,48.0,158.11,1.4199999999999875,256.0,92.0,1.3159787231414477,348,164.0,166.0,0.47,157.83,6.0
2025-04-08 12:29:25,156.06,180.0,157.97,29.0,155.32,265.0,163.25,44.0,157.01,1.9099999999999968,445.0,73.0,1.6395639663510289,518,372.0,168.0,0.72,157.0,2.0
2025-04-08 12:29:26,156.5,160.0,158.0,32.0,155.26,194.0,163.56,48.0,157.25,1.5,354.0,80.0,1.5193979069859294,434,274.0,-84.0,0.63,156.0,1.0
2025-04-08 12:29:27,157.2,172.0,161.67,49.0,156.0,132.0,297.26,84.0,159.44,4.469999999999999,304.0,133.0,1.2142281497940168,437,171.0,3.0,0.39,160.0,9.0
2025-04-08 12:29:28,159.75,112.0,167.67,36.0,156.0,96.0,323.03,60.0,163.71,7.9199999999999875,208.0,96.0,2.7449189422924936,304,112.0,-133.0,0.37,163.0,2.0
2025-04-08 12:29:29,157.97,113.0,300.5,46.0,155.46,224.0,429.69,61.0,229.24,142.53,337.0,107.0,31.37002311124148,444,230.0,140.0,0.52,158.92,12.0
2025-04-08 12:29:30,159.0,63.0,274.86,21.0,155.33,108.0,366.46,13.0,216.93,115.86,171.0,34.0,34.83119908932051,205,137.0,-168.0,0.67,156.0,5.0
2025-04-08 12:29:31,155.15,169.0,340.0,30.0,142.03,120.0,583.4,25.0,247.57,184.85,289.0,55.0,39.71627714174591,344,234.0,139.0,0.68,156.0,
2025-04-08 12:29:32,156.56,64.0,332.6,40.0,155.14,168.0,396.73,41.0,244.58,176.04000000000002,232.0,81.0,34.01037973913333,313,151.0,-31.0,0.48,156.0,2.0
2025-04-08 12:29:33,157.0,42.0,325.0,28.0,156.0,28.0,473.12,17.0,241.0,168.0,70.0,45.0,12.666405567489347,115,25.0,-168.0,0.22,156.0,
2025-04-08 12:29:34,157.0,71.0,323.55,44.0,156.0,44.0,518.96,49.0,240.27,166.55,115.0,93.0,12.1753295643336,208,22.0,93.0,0.11,156.0,
2025-04-08 12:29:35,157.41,74.0,297.0,18.0,156.61,41.0,322.0,36.0,227.2,139.59,115.0,54.0,7.796109927402628,169,61.0,-39.0,0.36,156.0,
2025-04-08 12:29:36,158.0,48.0,172.58,24.0,157.0,40.0,253.0,20.0,165.29,14.580000000000013,88.0,44.0,33.29340129815617,132,44.0,-37.0,0.33,156.0,
2025-04-08 12:29:37,158.0,90.0,161.0,40.0,157.0,50.0,162.0,20.0,159.5,3.0,140.0,60.0,40.82371087983042,200,80.0,68.0,0.4,156.0,
2025-04-08 12:29:38,158.5,72.0,160.89,36.0,157.71,51.0,162.0,18.0,159.69,2.3899999999999864,123.0,54.0,39.90514565817177,177,69.0,-23.0,0.39,156.0,
2025-04-08 12:29:39,159.03,35.0,161.5,16.0,157.55,33.0,436.34,29.0,160.26,2.469999999999999,68.0,45.0,29.619103126189135,113,23.0,-64.0,0.2,159.33,6.0
2025-04-08 12:29:40,160.12,34.0,296.55,22.0,158.59,34.0,492.5,40.0,228.33,136.43,68.0,62.0,30.12283900962572,130,6.0,17.0,0.05,162.0,2.0
2025-04-08 12:29:42,160.67,18.0,438.5,30.0,159.0,30.0,591.0,30.0,299.58,277.83000000000004,48.0,60.0,74.45831901137787,108,-12.0,-51.0,-0.11,162.0,
2025-04-08 12:29:43,164.0,6.0,388.17,30.0,160.0,30.0,502.67,30.0,276.08,224.17,36.0,60.0,63.15632747397704,96,-24.0,-12.0,-0.25,162.0,
2025-04-08 12:29:44,161.85,13.0,380.9,30.0,159.67,30.0,405.14,36.0,271.37,219.05,43.0,66.0,33.54226691802949,109,-23.0,13.0,-0.21,161.33,6.0
2025-04-08 12:29:45,162.73,22.0,376.6,20.0,159.57,23.0,485.2,50.0,269.66,213.87000000000003,45.0,70.0,20.749289626403502,115,-25.0,6.0,-0.22,163.0,4.0
2025-04-08 12:29:46,160.0,24.0,317.0,30.0,158.0,60.0,415.21,33.0,238.5,157.0,84.0,63.0,21.79907153986839,147,21.0,32.0,0.14,163.0,
2025-04-08 12:29:47,160.0,18.0,198.76,25.0,158.0,45.0,239.0,45.0,179.38,38.75999999999999,63.0,70.0,40.61321607556073,133,-7.0,-14.0,-0.05,163.0,
2025-04-08 12:29:48,160.0,22.0,194.92,13.0,158.0,55.0,197.14,29.0,177.46,34.91999999999999,77.0,42.0,46.48204793250926,119,35.0,-14.0,0.29,163.0,
2025-04-08 12:29:49,160.0,13.0,193.12,16.0,158.0,50.0,194.33,18.0,176.56,33.120000000000005,63.0,34.0,43.22033225230918,97,29.0,-22.0,0.3,160.0,1.0
2025-04-08 12:29:50,160.0,53.0,189.5,34.0,158.0,65.0,190.25,28.0,174.75,29.5,118.0,62.0,27.53741817963159,180,56.0,83.0,0.31,160.0,
2025-04-08 12:29:51,159.9,41.0,184.52,29.0,157.85,65.0,187.33,36.0,172.21,24.620000000000005,106.0,65.0,2.728107402548519,171,41.0,-9.0,0.24,159.25,8.0
2025-04-08 12:29:52,158.0,20.0,181.18,22.0,156.0,50.0,182.45,22.0,169.59,23.180000000000007,70.0,44.0,3.227805756211266,114,26.0,-57.0,0.23,159.25,
2025-04-08 12:29:53,158.05,20.0,174.8,30.0,156.05,77.0,177.6,25.0,166.43,16.75,97.0,55.0,4.037043472619526,152,42.0,38.0,0.28,158.5,2.0
2025-04-08 12:29:54,157.61,31.0,168.77,30.0,156.18,49.0,170.33,12.0,163.19,11.159999999999997,80.0,42.0,4.577169430970104,122,38.0,-30.0,0.31,158.0,1.0
2025-04-08 12:29:55,157.0,24.0,165.59,17.0,156.0,40.0,167.14,22.0,161.29,8.590000000000003,64.0,39.0,4.479075797504931,103,25.0,-19.0,0.24,158.0,
2025-04-08 12:29:56,157.0,33.0,162.46,13.0,156.0,69.0,163.82,22.0,159.73,5.460000000000008,102.0,35.0,3.9804371618934686,137,67.0,34.0,0.49,158.0,
2025-04-08 12:29:57,156.46,52.0,159.25,12.0,155.64,88.0,162.0,24.0,157.86,2.789999999999992,140.0,36.0,3.2934632227749665,176,104.0,39.0,0.59,158.0,
2025-04-08 12:29:58,155.31,55.0,157.88,16.0,148.33,63.0,158.91,11.0,156.59,2.569999999999993,118.0,27.0,2.634467688122552,145,91.0,-31.0,0.63,156.11,9.0
2025-04-08 12:29:59,154.37,92.0,156.27,15.0,122.71,38.0,164.33,27.0,155.32,1.9000000000000057,130.0,42.0,2.391771310086777,172,88.0,27.0,0.51,155.0,4.0
2025-04-08 12:30:00,149.11,35.0,167.0,30.0,79.93,28.0,234.6,42.0,158.06,17.889999999999986,63.0,72.0,1.658001809332891,135,-9.0,-37.0,-0.07,155.33,3.0
2025-04-08 12:30:01,163.12,40.0,396.5,20.0,158.16,79.0,478.12,52.0,279.81,233.38,119.0,72.0,54.9523336174167,191,47.0,56.0,0.25,155.33,
2025-04-08 12:30:02,164.0,30.0,215.0,50.0,159.0,77.0,588.73,11.0,189.5,51.0,107.0,61.0,53.34368875508982,168,46.0,-23.0,0.27,155.33,
2025-04-08 12:30:03,164.0,131.0,214.0,9.0,159.0,72.0,284.97,39.0,189.0,50.0,203.0,48.0,50.48727780342219,251,155.0,83.0,0.62,155.33,
2025-04-08 12:30:04,164.0,168.0,213.55,11.0,161.12,34.0,521.63,27.0,188.77,49.55000000000001,202.0,38.0,46.04530019448194,240,164.0,-11.0,0.68,164.0,1.0
2025-04-08 12:30:05,164.0,163.0,212.09,11.0,163.0,22.0,479.92,24.0,188.05,48.09,185.0,35.0,40.69084086130424,220,150.0,-20.0,0.68,164.0,1.0
2025-04-08 12:30:06,164.0,140.0,207.82,11.0,163.0,20.0,364.42,19.0,185.91,43.81999999999999,160.0,30.0,1.4063178872134157,190,130.0,-30.0,0.68,164.0,
2025-04-08 12:30:07,164.0,126.0,198.03,33.0,163.0,18.0,199.4,10.0,181.02,34.03,144.0,43.0,3.323078392076872,187,101.0,-3.0,0.54,164.0,
2025-04-08 12:30:08,164.0,93.0,197.62,13.0,163.0,14.0,198.09,22.0,180.81,33.620000000000005,107.0,35.0,3.7980679298664985,142,72.0,-45.0,0.51,164.0,5.0
2025-04-08 12:30:09,164.0,72.0,194.57,23.0,163.0,16.0,196.29,17.0,179.28,30.569999999999997,88.0,40.0,3.75913952918369,128,48.0,-14.0,0.38,164.0,
2025-04-08 12:30:10,164.0,108.0,192.08,48.0,163.0,24.0,193.08,48.0,178.04,28.080000000000013,132.0,96.0,2.9943229618499525,228,36.0,100.0,0.16,164.0,
2025-04-08 12:30:11,164.0,109.0,190.13,46.0,163.0,26.0,191.69,52.0,177.07,26.129999999999995,135.0,98.0,1.7163711719361583,233,37.0,5.0,0.16,164.0,2.0
2025-04-08 12:30:12,164.0,70.0,185.15,26.0,163.0,20.0,186.4,25.0,174.58,21.15000000000001,90.0,51.0,2.349878720242251,141,39.0,-92.0,0.28,164.0,
2025-04-08 12:30:13,164.0,42.0,180.11,18.0,163.0,12.0,180.67,12.0,172.06,16.110000000000014,54.0,30.0,2.8893217196842422,84,24.0,-57.0,0.29,164.0,
2025-04-08 12:30:14,164.0,51.0,178.56,9.0,163.0,18.0,180.0,36.0,171.28,14.560000000000002,69.0,45.0,2.975261333031362,114,24.0,30.0,0.21,164.0,2.0
2025-04-08 12:30:15,164.0,70.0,174.67,48.0,163.0,28.0,175.04,23.0,169.33,10.669999999999987,98.0,71.0,3.011632447664117,169,27.0,55.0,0.16,164.0,
2025-04-08 12:30:16,164.0,60.0,169.19,42.0,161.5,48.0,170.35,31.0,166.6,5.189999999999998,108.0,73.0,2.995947262522092,181,35.0,12.0,0.19,164.0,
2025-04-08 12:30:17,161.97,65.0,165.93,60.0,160.18,122.0,168.0,60.0,163.95,3.960000000000008,187.0,120.0,3.3652533336739587,307,67.0,126.0,0.22,164.0,5.0
2025-04-08 12:30:18,162.6,30.0,163.89,36.0,161.57,42.0,169.82,22.0,163.24,1.289999999999992,72.0,58.0,3.4378554361397176,130,14.0,-168.0,0.11,163.0,4.0
2025-04-08 12:30:19,162.0,36.0,170.53,17.0,160.21,84.0,201.7,10.0,166.26,8.530000000000001,120.0,27.0,2.4114165960676885,147,93.0,17.0,0.63,163.0,3.0
2025-04-08 12:30:20,162.67,18.0,167.94,17.0,160.7,69.0,169.4,10.0,165.3,5.27000000000001,87.0,27.0,1.450275835759125,114,60.0,-33.0,0.53,163.0,
2025-04-08 12:30:21,162.16,25.0,164.14,28.0,160.14,113.0,167.57,14.0,163.15,1.9799999999999895,138.0,42.0,1.3581421132501486,180,96.0,66.0,0.53,162.67,3.0
2025-04-08 12:30:22,160.15,80.0,163.0,36.0,159.29,153.0,367.83,36.0,161.57,2.8499999999999943,233.0,72.0,1.8679213044936744,305,161.0,125.0,0.53,160.67,6.0
2025-04-08 12:30:23,160.0,62.0,163.0,28.0,159.0,126.0,388.04,23.0,161.5,3.0,188.0,51.0,2.1615573089279247,239,137.0,-66.0,0.57,160.0,3.0
2025-04-08 12:30:24,160.0,56.0,162.83,24.0,159.0,126.0,198.38,13.0,161.42,2.8300000000000125,182.0,37.0,1.6774295811673383,219,145.0,-20.0,0.66,160.0,
2025-04-08 12:30:25,160.0,64.0,162.9,21.0,159.0,144.0,272.04,25.0,161.45,2.9000000000000057,208.0,46.0,0.7467730577435056,254,162.0,35.0,0.64,161.67,3.0
2025-04-08 12:30:26,160.0,48.0,164.86,14.0,159.0,108.0,331.77,22.0,162.43,4.860000000000014,156.0,36.0,0.4264152902639662,192,120.0,-62.0,0.62,161.67,
2025-04-08 12:30:27,160.0,35.0,164.0,10.0,159.0,246.0,165.0,30.0,162.0,4.0,281.0,40.0,0.4432268039856221,321,241.0,129.0,0.75,160.0,7.0
2025-04-08 12:30:28,159.02,238.0,162.13,15.0,158.48,116.0,164.3,33.0,160.58,3.109999999999985,354.0,48.0,0.6966562995986172,402,306.0,81.0,0.76,159.6,5.0
2025-04-08 12:30:29,159.0,146.0,161.0,9.0,158.0,49.0,174.11,19.0,160.0,2.0,195.0,28.0,0.999684950256382,223,167.0,-168.0,0.75,159.0,6.0
2025-04-08 12:30:30,159.0,136.0,163.0,21.0,158.0,49.0,333.52,31.0,161.0,4.0,185.0,52.0,1.0021576721098755,237,133.0,14.0,0.56,159.0,4.0
2025-04-08 12:30:31,159.45,40.0,163.0,30.0,158.9,142.0,239.0,50.0,161.22,3.550000000000012,182.0,80.0,0.7444461026612624,262,102.0,25.0,0.39,159.0,
2025-04-08 12:30:32,159.43,35.0,163.0,27.0,158.81,31.0,239.0,55.0,161.21,3.569999999999993,66.0,82.0,0.5178996039454054,148,-16.0,-114.0,-0.11,163.0,1.0
2025-04-08 12:30:33,158.0,13.0,163.0,26.0,156.0,61.0,269.0,60.0,160.5,5.0,74.0,86.0,0.5276172853183754,160,-12.0,12.0,-0.07,159.0,5.0
2025-04-08 12:30:34,158.0,8.0,163.0,16.0,156.0,32.0,450.62,32.0,160.5,5.0,40.0,48.0,0.3631528600564868,88,-8.0,-72.0,-0.09,159.0,
2025-04-08 12:30:35,159.0,8.0,163.0,16.0,156.15,26.0,207.38,32.0,161.0,4.0,34.0,48.0,0.3631528600564868,82,-14.0,-6.0,-0.17,159.0,
2025-04-08 12:30:36,157.0,12.0,163.0,12.0,155.43,14.0,213.0,24.0,160.0,6.0,26.0,36.0,0.4752052185803982,62,-10.0,-20.0,-0.16,158.0,4.0
2025-04-08 12:30:37,154.86,37.0,163.0,22.0,154.45,33.0,320.84,38.0,158.93,8.139999999999986,70.0,60.0,0.7861170394819493,130,10.0,68.0,0.08,155.4,5.0
2025-04-08 12:30:38,159.0,95.0,163.0,14.0,154.0,49.0,251.0,28.0,161.0,4.0,144.0,42.0,0.8639907405547471,186,102.0,56.0,0.55,155.4,
2025-04-08 12:30:39,159.03,144.0,161.64,14.0,155.43,98.0,189.0,28.0,160.34,2.609999999999985,242.0,42.0,0.8570180860193022,284,200.0,98.0,0.7,155.4,
2025-04-08 12:30:40,159.59,51.0,166.71,21.0,158.44,127.0,193.25,32.0,163.15,7.1200000000000045,178.0,53.0,1.5687351592178396,231,125.0,-53.0,0.54,161.0,1.0
2025-04-08 12:30:41,164.42,12.0,167.0,24.0,160.08,37.0,204.04,26.0,165.71,2.5800000000000125,49.0,50.0,2.65121292991936,99,-1.0,-132.0,-0.01,161.0,
2025-04-08 12:30:42,160.35,31.0,177.57,28.0,158.27,33.0,213.05,21.0,168.96,17.22,64.0,49.0,3.5532618816773214,113,15.0,14.0,0.13,162.33,3.0
2025-04-08 12:30:43,159.0,108.0,167.0,36.0,157.0,117.0,291.33,21.0,163.0,8.0,225.0,57.0,3.254791851990376,282,168.0,168.0,0.6,162.33,
2025-04-08 12:30:44,159.26,77.0,167.0,44.0,157.96,130.0,195.0,33.0,163.13,7.740000000000009,207.0,77.0,2.592518080898492,284,130.0,2.0,0.46,162.33,
2025-04-08 12:30:45,159.0,78.0,167.0,28.0,158.0,35.0,195.0,21.0,163.0,8.0,113.0,49.0,2.6169925486683105,162,64.0,-122.0,0.4,159.0,2.0
2025-04-08 12:30:46,158.36,55.0,167.0,40.0,157.21,71.0,435.95,38.0,162.68,8.639999999999986,126.0,78.0,2.6917615049967805,204,48.0,42.0,0.24,159.0,10.0
2025-04-08 12:30:47,158.0,45.0,167.0,36.0,157.0,72.0,250.69,29.0,162.5,9.0,117.0,65.0,0.2617632513861407,182,52.0,-22.0,0.29,159.0,
2025-04-08 12:30:48,158.0,55.0,166.6,20.0,157.0,88.0,184.82,44.0,162.3,8.599999999999994,143.0,64.0,0.3438313536831102,207,79.0,25.0,0.38,159.0,
2025-04-08 12:30:49,158.0,50.0,166.0,10.0,157.0,80.0,168.0,40.0,162.0,8.0,130.0,50.0,0.3782591701128449,180,80.0,-27.0,0.44,159.0,
2025-04-08 12:30:50,163.33,45.0,166.0,11.0,157.88,64.0,168.0,44.0,164.67,2.6699999999999875,109.0,55.0,1.05910339428031,164,54.0,-16.0,0.33,159.0,
2025-04-08 12:30:51,164.0,46.0,167.44,43.0,158.0,112.0,217.89,47.0,165.72,3.4399999999999977,158.0,90.0,1.655904586556554,248,68.0,84.0,0.27,164.0,1.0
2025-04-08 12:30:52,159.68,75.0,165.33,30.0,157.56,108.0,166.37,43.0,162.51,5.650000000000006,183.0,73.0,1.654493880248292,256,110.0,8.0,0.43,164.0,3.0
2025-04-08 12:30:53,158.0,88.0,162.21,28.0,157.0,112.0,166.0,66.0,160.11,4.210000000000008,200.0,94.0,2.223706365457662,294,106.0,38.0,0.36,164.0,
2025-04-08 12:30:54,158.0,72.0,159.25,32.0,157.0,96.0,162.24,34.0,158.62,1.25,168.0,66.0,2.9871608593736108,234,102.0,-60.0,0.44,164.0,
2025-04-08 12:30:55,158.0,36.0,159.0,18.0,157.0,48.0,160.0,12.0,158.5,1.0,84.0,30.0,3.050519627828649,114,54.0,-120.0,0.47,164.0,
2025-04-08 12:30:56,158.0,29.0,160.88,40.0,157.0,80.0,261.38,29.0,159.44,2.8799999999999955,109.0,69.0,1.6313889786810238,178,40.0,64.0,0.22,158.0,5.0
2025-04-08 12:30:57,158.0,12.0,162.0,60.0,157.0,96.0,437.21,29.0,160.0,4.0,108.0,89.0,0.7520505300573583,197,19.0,19.0,0.1,158.0,
2025-04-08 12:30:58,157.02,51.0,162.0,65.0,156.0,40.0,373.85,39.0,159.51,4.97999999999999,91.0,104.0,0.6362232310745787,195,-13.0,-2.0,-0.07,157.2,5.0
2025-04-08 12:30:59,157.0,50.0,162.0,55.0,155.97,62.0,272.06,17.0,159.5,5.0,112.0,72.0,0.5461684719569733,184,40.0,-11.0,0.22,157.2,
2025-04-08 12:31:00,156.5,20.0,162.0,60.0,155.56,36.0,304.95,19.0,159.25,5.5,56.0,79.0,0.277578817204274,135,-23.0,-49.0,-0.17,156.57,7.0
2025-04-08 12:31:01,156.0,14.0,162.0,35.0,155.0,14.0,393.08,13.0,159.0,6.0,28.0,48.0,0.3711738134083597,76,-20.0,-59.0,-0.26,156.57,
2025-04-08 12:31:02,155.33,12.0,178.0,10.0,154.14,28.0,494.92,25.0,166.67,22.669999999999987,40.0,35.0,3.295926273411834,75,5.0,-1.0,0.07,159.62,8.0
2025-04-08 12:31:03,155.71,14.0,300.0,9.0,154.08,13.0,473.5,12.0,227.86,144.29,27.0,21.0,30.02666032045241,48,6.0,-27.0,0.12,159.62,
2025-04-08 12:31:04,156.0,120.0,286.19,32.0,154.5,18.0,384.12,34.0,221.09,130.19,138.0,66.0,34.63662700090599,204,72.0,156.0,0.35,159.62,
2025-04-08 12:31:05,157.5,140.0,296.06,36.0,154.62,56.0,383.47,32.0,226.78,138.56,196.0,68.0,34.38616364178991,264,128.0,60.0,0.48,159.62,
2025-04-08 12:31:06,158.0,110.0,401.5,28.0,155.0,58.0,522.78,27.0,279.75,243.5,168.0,55.0,40.07793345470883,223,113.0,-41.0,0.51,159.62,
2025-04-08 12:31:07,158.25,120.0,282.0,20.0,155.0,96.0,494.8,20.0,220.12,123.75,216.0,40.0,25.17906372365977,256,176.0,33.0,0.69,159.62,
2025-04-08 12:31:08,159.62,130.0,397.96,26.0,155.11,76.0,538.32,19.0,278.79,238.34,206.0,45.0,31.11080728621757,251,161.0,-5.0,0.64,159.62,
2025-04-08 12:31:09,160.89,90.0,330.0,55.0,160.24,55.0,332.0,11.0,245.44,169.11,145.0,66.0,28.136045031244024,211,79.0,-40.0,0.37,159.62,
2025-04-08 12:31:10,162.0,48.0,329.4,52.0,161.0,110.0,330.15,27.0,245.7,167.39999999999998,158.0,79.0,25.33582739916361,237,79.0,26.0,0.33,162.0,1.0
2025-04-08 12:31:11,164.0,128.0,325.12,72.0,162.0,60.0,326.17,72.0,244.56,161.12,188.0,144.0,20.875735196638608,332,44.0,95.0,0.13,163.0,2.0
2025-04-08 12:31:12,163.97,34.0,323.56,36.0,160.22,27.0,324.67,60.0,243.76,159.59,61.0,96.0,15.191003916798874,157,-35.0,-168.0,-0.22,162.5,4.0
2025-04-08 12:31:13,165.0,8.0,320.75,40.0,162.62,16.0,321.57,28.0,242.88,155.75,24.0,68.0,1.1719726959977632,92,-44.0,-65.0,-0.48,162.5,
2025-04-08 12:31:14,164.88,16.0,289.68,60.0,162.99,76.0,299.26,66.0,227.28,124.8,92.0,126.0,7.648848279325905,218,-34.0,126.0,-0.16,163.4,5.0
2025-04-08 12:31:15,163.0,9.0,274.56,45.0,162.0,9.0,275.67,45.0,218.78,111.56,18.0,90.0,11.746178953179676,108,-72.0,-110.0,-0.67,163.4,
2025-04-08 12:31:16,163.0,12.0,203.13,31.0,162.0,12.0,255.0,37.0,183.06,40.13,24.0,68.0,24.786119502658394,92,-44.0,-16.0,-0.48,163.4,
2025-04-08 12:31:17,159.29,66.0,164.0,50.0,158.86,92.0,240.0,10.0,161.64,4.710000000000008,158.0,60.0,33.42044464096769,218,98.0,126.0,0.45,162.5,2.0
2025-04-08 12:31:18,159.0,142.0,161.2,41.0,158.0,40.0,165.77,22.0,160.1,2.1999999999999886,182.0,63.0,31.48174899842618,245,119.0,27.0,0.49,159.0,4.0
2025-04-08 12:31:19,159.0,124.0,160.26,54.0,158.0,48.0,173.7,53.0,159.63,1.259999999999991,172.0,107.0,25.51914810490045,279,65.0,34.0,0.23,160.12,8.0
2025-04-08 12:31:20,159.0,90.0,197.61,23.0,157.83,18.0,449.85,27.0,178.3,38.610000000000014,108.0,50.0,11.228529734555911,158,58.0,-121.0,0.37,161.0,3.0
2025-04-08 12:31:21,159.13,94.0,397.64,11.0,158.69,29.0,577.86,29.0,278.38,238.51,123.0,40.0,51.33222769371982,163,83.0,5.0,0.51,161.0,
2025-04-08 12:31:22,162.95,19.0,289.27,11.0,159.32,56.0,334.96,23.0,226.11,126.32,75.0,34.0,51.27505075570337,109,41.0,-54.0,0.38,161.0,
2025-04-08 12:31:23,160.43,42.0,250.46,13.0,160.91,11.0,404.1,10.0,205.45,90.03,53.0,23.0,46.09007083960709,76,30.0,-33.0,0.39,163.2,5.0
2025-04-08 12:31:24,159.0,60.0,262.83,6.0,158.0,6.0,382.22,9.0,210.92,103.82999999999998,66.0,15.0,37.00829055765813,81,51.0,5.0,0.63,163.2,
2025-04-08 12:31:25,159.0,90.0,260.11,9.0,158.0,9.0,262.67,9.0,209.56,101.11,99.0,18.0,30.263937780799075,117,81.0,36.0,0.69,163.2,
2025-04-08 12:31:26,159.0,65.0,258.75,8.0,158.0,8.0,259.75,8.0,208.88,99.75,73.0,16.0,8.04176162292895,89,57.0,-28.0,0.64,159.0,5.0
2025-04-08 12:31:27,159.0,60.0,255.92,12.0,158.0,12.0,257.42,12.0,207.46,96.92,72.0,24.0,2.091525758864868,96,48.0,7.0,0.5,159.0,
2025-04-08 12:31:28,159.0,40.0,253.5,16.0,158.0,64.0,257.0,16.0,206.25,94.5,104.0,32.0,1.8168324083404028,136,72.0,40.0,0.53,159.0,4.0
2025-04-08 12:31:29,159.0,11.0,241.25,12.0,158.0,44.0,256.36,11.0,200.12,82.25,55.0,23.0,3.7651666629760094,78,32.0,-58.0,0.41,159.0,
2025-04-08 12:31:30,159.0,8.0,189.79,14.0,158.0,32.0,221.8,10.0,174.39,30.789999999999992,40.0,24.0,14.38552223591321,64,16.0,-14.0,0.25,159.0,
2025-04-08 12:31:31,157.12,16.0,174.67,18.0,157.0,26.0,199.26,19.0,165.9,17.549999999999983,42.0,37.0,19.315898374135056,79,5.0,15.0,0.06,157.56,9.0
2025-04-08 12:31:32,154.03,132.0,161.6,15.0,139.92,168.0,163.56,45.0,157.82,7.569999999999993,300.0,60.0,21.284368207674547,360,240.0,168.0,0.67,155.5,2.0
2025-04-08 12:31:33,154.03,214.0,159.17,18.0,139.6,90.0,163.9,50.0,156.6,5.139999999999986,304.0,68.0,17.794262558471505,372,236.0,12.0,0.63,158.0,1.0
2025-04-08 12:31:34,155.62,39.0,165.3,33.0,154.16,77.0,304.87,39.0,160.46,9.680000000000009,116.0,72.0,7.286637084402098,188,44.0,-168.0,0.23,158.0,1.0
2025-04-08 12:31:35,157.0,60.0,159.95,41.0,155.0,30.0,240.7,43.0,158.48,2.9499999999999886,90.0,84.0,3.6583766891572647,174,6.0,-14.0,0.03,158.0,2.0
2025-04-08 12:31:36,157.0,36.0,162.0,30.0,155.0,18.0,253.2,20.0,159.5,5.0,54.0,50.0,1.490677698150529,104,4.0,-70.0,0.04,158.0,
2025-04-08 12:31:37,157.0,54.0,162.0,45.0,155.56,27.0,210.5,24.0,159.5,5.0,81.0,69.0,1.4679645771492278,150,12.0,46.0,0.08,158.0,
2025-04-08 12:31:38,157.71,42.0,161.91,33.0,155.32,47.0,217.41,17.0,159.81,4.199999999999989,89.0,50.0,0.7151223669889543,139,39.0,-11.0,0.28,158.0,
2025-04-08 12:31:39,158.3,60.0,160.2,30.0,155.0,154.0,162.0,50.0,159.25,1.8999999999999773,214.0,80.0,0.5036566288323324,294,134.0,155.0,0.46,158.0,
2025-04-08 12:31:40,159.0,66.0,160.0,33.0,154.08,173.0,162.0,55.0,159.5,1.0,239.0,88.0,0.1986705810322796,327,151.0,33.0,0.46,158.0,
2025-04-08 12:31:41,154.48,124.0,161.71,41.0,147.92,48.0,335.44,36.0,158.1,7.230000000000018,172.0,77.0,0.6632269594689242,249,95.0,-78.0,0.38,160.0,3.0
2025-04-08 12:31:42,154.06,176.0,250.11,53.0,150.67,66.0,398.84,45.0,202.09,96.05,242.0,98.0,19.207512853042854,340,144.0,91.0,0.42,154.0,5.0
2025-04-08 12:31:43,154.14,81.0,156.23,52.0,152.85,53.0,187.71,42.0,155.18,2.0900000000000034,134.0,94.0,19.788810727272168,228,40.0,-112.0,0.18,155.0,8.0
2025-04-08 12:31:44,152.46,105.0,157.0,48.0,134.13,30.0,393.74,46.0,154.73,4.539999999999992,135.0,94.0,20.31748877198651,229,41.0,1.0,0.18,152.0,3.0
2025-04-08 12:31:45,152.0,112.0,156.79,48.0,76.82,22.0,192.07,29.0,154.4,4.789999999999992,134.0,77.0,20.84162541645428,211,57.0,-18.0,0.27,155.0,2.0
2025-04-08 12:31:46,152.0,47.0,156.29,21.0,108.87,15.0,158.43,46.0,154.14,4.289999999999992,62.0,67.0,21.23614065690349,129,-5.0,-82.0,-0.04,154.9,10.0
2025-04-08 12:31:47,152.0,27.0,159.0,9.0,115.0,13.0,161.33,9.0,155.5,7.0,40.0,18.0,0.5555177762643608,58,22.0,-71.0,0.38,154.9,
2025-04-08 12:31:50,155.38,34.0,161.0,10.0,152.55,22.0,194.12,32.0,158.19,5.6200000000000045,56.0,42.0,17.118772444299044,98,14.0,11.0,0.14,154.9,
2025-04-08 12:31:51,159.0,45.0,264.64,11.0,155.56,27.0,276.44,36.0,211.82,105.64,72.0,47.0,35.57601059702656,119,25.0,21.0,0.21,161.0,1.0
2025-04-08 12:31:53,161.69,26.0,232.09,23.0,153.75,12.0,324.0,28.0,196.89,70.4,38.0,51.0,73.76122131581045,89,-13.0,23.0,-0.15,156.0,3.0
2025-04-08 12:31:54,164.0,24.0,191.0,12.0,158.0,24.0,330.0,21.0,177.5,27.0,48.0,33.0,62.99124486783872,81,15.0,-8.0,0.19,156.0,
2025-04-08 12:31:55,164.0,24.0,377.47,15.0,158.0,24.0,551.2,15.0,270.73,213.47000000000003,48.0,30.0,58.55717607603805,78,18.0,-3.0,0.23,156.0,
2025-04-08 12:32:00,157.59,82.0,188.0,18.0,155.2,20.0,0.0,0.0,172.79,30.41,102.0,18.0,78.22107343932626,120,84.0,105.0,0.7,158.25,4.0
2025-04-08 12:32:01,158.0,58.0,188.0,21.0,156.0,14.0,694.0,20.0,173.0,30.0,72.0,41.0,96.01919105054112,113,31.0,-7.0,0.27,158.0,4.0
2025-04-08 12:32:02,158.0,24.0,288.5,12.0,156.0,8.0,694.0,20.0,223.25,130.5,32.0,32.0,82.17062157486811,64,0.0,-49.0,0.0,158.0,
2025-04-08 12:32:03,158.0,36.0,161.0,24.0,156.0,12.0,389.0,18.0,159.5,3.0,48.0,42.0,66.29285459233147,90,6.0,26.0,0.07,158.0,
2025-04-08 12:32:04,158.0,48.0,161.0,32.0,156.0,16.0,390.83,36.0,159.5,3.0,64.0,68.0,26.379150289572493,132,-4.0,42.0,-0.03,158.0,
2025-04-08 12:32:05,158.0,58.0,160.27,22.0,156.0,20.0,163.76,41.0,159.14,2.2700000000000102,78.0,63.0,27.676830020792483,141,15.0,9.0,0.11,158.0,2.0
2025-04-08 12:32:06,158.0,20.0,161.4,20.0,156.0,10.0,178.0,25.0,159.7,3.4000000000000057,30.0,45.0,28.52847034104401,75,-15.0,-66.0,-0.2,158.0,
2025-04-08 12:32:07,156.8,10.0,159.0,23.0,154.15,26.0,161.0,28.0,157.9,2.1999999999999886,36.0,51.0,0.7263057205935017,87,-15.0,12.0,-0.17,158.12,8.0
2025-04-08 12:32:08,156.0,9.0,159.44,18.0,154.0,36.0,252.65,31.0,157.72,3.4399999999999977,45.0,49.0,0.9208257162814176,94,-4.0,7.0,-0.04,160.2,5.0
2025-04-08 12:32:09,156.0,8.0,159.52,33.0,155.0,8.0,292.9,10.0,157.76,3.5200000000000102,16.0,43.0,0.9151393335244388,59,-27.0,-35.0,-0.46,160.2,
2025-04-08 12:32:10,156.0,10.0,157.3,10.0,155.0,10.0,159.0,40.0,156.65,1.3000000000000114,20.0,50.0,1.100445364278125,70,-30.0,11.0,-0.43,160.2,
2025-04-08 12:32:11,154.56,18.0,157.45,11.0,152.19,32.0,289.4,25.0,156.01,2.8899999999999864,50.0,36.0,0.835505834664112,86,14.0,16.0,0.16,155.0,3.0
2025-04-08 12:32:12,154.55,22.0,157.33,36.0,152.35,46.0,167.06,17.0,155.94,2.780000000000001,68.0,53.0,0.8878231804565144,121,15.0,35.0,0.12,156.0,1.0
2025-04-08 12:32:13,152.5,48.0,154.74,46.0,150.64,66.0,157.08,37.0,153.62,2.240000000000009,114.0,83.0,1.515595592416399,197,31.0,76.0,0.16,153.0,3.0
2025-04-08 12:32:14,154.68,38.0,159.6,20.0,150.16,38.0,395.5,16.0,157.14,4.919999999999988,76.0,36.0,1.3516915327660506,112,40.0,-85.0,0.36,158.67,9.0
2025-04-08 12:32:15,147.33,18.0,161.5,12.0,132.42,31.0,220.5,16.0,154.42,14.169999999999987,49.0,28.0,1.3979198831654471,77,21.0,-35.0,0.27,158.67,
2025-04-08 12:32:16,148.0,20.0,158.71,14.0,126.76,51.0,159.4,15.0,153.36,10.710000000000008,71.0,29.0,1.6077562003446773,100,42.0,23.0,0.42,158.67,
2025-04-08 12:32:17,149.03,70.0,157.6,10.0,129.62,42.0,158.75,16.0,153.31,8.569999999999993,112.0,26.0,1.611024518666376,138,86.0,38.0,0.62,158.25,4.0
2025-04-08 12:32:18,159.65,57.0,379.44,32.0,149.08,74.0,472.38,26.0,269.54,219.79,131.0,58.0,51.4452590624234,189,73.0,51.0,0.39,158.25,
2025-04-08 12:32:19,160.0,50.0,303.7,23.0,151.48,61.0,377.8,15.0,231.85,143.7,111.0,38.0,54.775601594139786,149,73.0,-40.0,0.49,158.25,
2025-04-08 12:32:20,160.0,35.0,329.14,14.0,155.0,42.0,504.0,7.0,244.57,169.14,77.0,21.0,53.93973794893719,98,56.0,-51.0,0.57,158.25,
2025-04-08 12:32:21,160.0,20.0,328.0,18.0,155.0,54.0,562.31,13.0,244.0,168.0,74.0,31.0,44.29282255625738,105,43.0,7.0,0.41,160.0,4.0
2025-04-08 12:32:22,163.0,30.0,315.7,20.0,160.0,10.0,356.67,12.0,239.35,152.7,40.0,32.0,14.182086235818208,72,8.0,-33.0,0.11,163.0,5.0
2025-04-08 12:32:23,163.0,24.0,283.08,24.0,160.0,12.0,316.0,20.0,223.04,120.07999999999998,36.0,44.0,9.114168640097654,80,-8.0,8.0,-0.1,163.0,
2025-04-08 12:32:24,163.0,18.0,260.09,22.0,160.0,9.0,394.88,16.0,211.55,97.08999999999996,27.0,38.0,14.60523433567979,65,-11.0,-15.0,-0.17,163.0,
2025-04-08 12:32:25,163.0,108.0,257.88,32.0,160.0,14.0,259.08,52.0,210.44,94.88,122.0,84.0,15.503026478726248,206,38.0,141.0,0.18,163.0,
2025-04-08 12:32:26,163.0,96.0,254.57,28.0,160.0,8.0,257.2,20.0,208.79,91.57,104.0,48.0,12.87239798949883,152,56.0,-54.0,0.37,163.0,
2025-04-08 12:32:27,163.73,45.0,253.62,32.0,162.96,85.0,256.0,16.0,208.68,89.89000000000001,130.0,48.0,6.012366422634612,178,82.0,26.0,0.46,164.0,1.0
2025-04-08 12:32:28,164.0,36.0,251.8,20.0,163.0,108.0,253.14,28.0,207.9,87.80000000000001,144.0,48.0,1.4848131195573264,192,96.0,14.0,0.5,164.0,
2025-04-08 12:32:29,164.0,36.0,248.14,28.0,163.0,108.0,248.48,21.0,206.07,84.13999999999999,144.0,49.0,1.5865150487796469,193,95.0,1.0,0.49,164.0,
2025-04-08 12:32:30,164.0,40.0,246.1,20.0,163.0,120.0,248.0,40.0,205.05,82.1,160.0,60.0,1.6628198940351548,220,100.0,27.0,0.45,164.0,
2025-04-08 12:32:31,164.0,54.0,235.94,32.0,163.0,180.0,244.19,43.0,199.97,71.94,234.0,75.0,3.426912604661903,309,159.0,89.0,0.51,164.0,3.0
2025-04-08 12:32:32,164.0,12.0,213.13,30.0,163.0,144.0,214.8,40.0,188.57,49.13,156.0,70.0,7.809809216618002,226,86.0,-83.0,0.38,164.0,
2025-04-08 12:32:33,163.03,147.0,206.68,62.0,161.76,126.0,209.29,35.0,184.85,43.650000000000006,273.0,97.0,9.676358819305417,370,176.0,144.0,0.48,163.5,2.0
2025-04-08 12:32:34,163.0,99.0,196.42,24.0,161.0,54.0,198.55,29.0,179.71,33.41999999999999,153.0,53.0,10.57201967459031,206,100.0,-164.0,0.49,163.5,
2025-04-08 12:32:35,163.0,139.0,177.6,35.0,159.31,78.0,187.49,43.0,170.3,14.599999999999994,217.0,78.0,10.959361295253084,295,139.0,89.0,0.47,163.0,1.0
2025-04-08 12:32:36,163.0,116.0,164.0,42.0,160.71,164.0,187.86,56.0,163.5,1.0,280.0,98.0,10.358891349939755,378,182.0,83.0,0.48,163.0,4.0
2025-04-08 12:32:37,162.15,78.0,164.0,36.0,160.75,144.0,263.65,43.0,163.08,1.8499999999999943,222.0,79.0,9.732141079938804,301,143.0,-77.0,0.48,162.09,11.0
2025-04-08 12:32:38,161.0,126.0,164.43,42.0,159.0,84.0,412.25,56.0,162.71,3.430000000000007,210.0,98.0,7.327288038545472,308,112.0,7.0,0.36,162.09,
2025-04-08 12:32:39,161.0,71.0,224.45,33.0,159.0,54.0,522.1,31.0,192.73,63.44999999999999,125.0,64.0,12.83498071676867,189,61.0,-119.0,0.32,161.0,5.0
2025-04-08 12:32:40,162.0,84.0,189.0,45.0,161.0,36.0,431.11,27.0,175.5,27.0,120.0,72.0,13.027598781042824,192,48.0,3.0,0.25,162.0,3.0
2025-04-08 12:32:41,162.0,18.0,188.5,10.0,161.0,8.0,235.88,8.0,175.25,26.5,26.0,18.0,12.259988988569257,44,8.0,-148.0,0.18,162.0,
2025-04-08 12:32:42,162.0,94.0,188.0,55.0,161.0,56.0,196.08,53.0,175.0,26.0,150.0,108.0,10.701007896448376,258,42.0,168.0,0.16,162.0,5.0
2025-04-08 12:32:43,162.0,40.0,182.09,46.0,161.0,52.0,240.41,34.0,172.04,20.090000000000003,92.0,80.0,8.295374012053902,172,12.0,-86.0,0.07,162.0,
2025-04-08 12:32:44,162.62,26.0,173.5,60.0,161.67,48.0,181.5,36.0,168.06,10.879999999999995,74.0,96.0,3.181713374871516,170,-22.0,-2.0,-0.13,162.4,5.0
2025-04-08 12:32:45,162.0,11.0,171.3,46.0,161.0,44.0,180.29,52.0,166.65,9.300000000000011,55.0,98.0,3.9341517509913153,153,-43.0,-17.0,-0.28,162.4,
2025-04-08 12:32:46,162.0,15.0,166.37,71.0,161.0,60.0,168.16,64.0,164.18,4.3700000000000045,75.0,135.0,4.321664031344603,210,-60.0,57.0,-0.29,162.4,
2025-04-08 12:32:47,160.23,22.0,163.12,41.0,160.5,36.0,164.24,49.0,161.67,2.890000000000015,58.0,90.0,3.932461061448065,148,-32.0,-62.0,-0.22,161.2,5.0
2025-04-08 12:32:48,159.0,18.0,163.0,12.0,158.0,3.0,164.0,15.0,161.0,4.0,21.0,27.0,3.0610733411329667,48,-6.0,-100.0,-0.12,161.2,
2025-04-08 12:32:49,159.0,60.0,162.24,42.0,158.0,10.0,163.67,48.0,160.62,3.240000000000009,70.0,90.0,2.549182221769954,160,-20.0,112.0,-0.12,161.2,
2025-04-08 12:32:50,159.0,68.0,160.86,58.0,158.0,12.0,166.08,49.0,159.93,1.8600000000000136,80.0,107.0,1.6354357216906232,187,-27.0,27.0,-0.14,159.0,4.0
2025-04-08 12:32:51,157.83,48.0,160.21,70.0,155.6,50.0,207.5,42.0,159.02,2.3799999999999955,98.0,112.0,1.016744805630652,210,-14.0,23.0,-0.07,158.67,3.0
2025-04-08 12:32:52,157.69,91.0,159.73,55.0,156.1,89.0,220.27,33.0,158.71,2.039999999999992,180.0,88.0,0.9887011680857566,268,92.0,58.0,0.34,158.67,
2025-04-08 12:32:53,158.05,104.0,166.71,56.0,157.2,46.0,276.59,34.0,162.38,8.659999999999997,150.0,90.0,1.4655272088144322,240,60.0,-28.0,0.25,159.0,5.0
2025-04-08 12:32:54,159.0,15.0,231.0,9.0,158.0,27.0,448.71,7.0,195.0,72.0,42.0,16.0,15.714113719831849,58,26.0,-168.0,0.45,159.0,
2025-04-08 12:32:55,159.79,70.0,225.22,27.0,158.22,46.0,233.04,47.0,192.5,65.43,116.0,74.0,18.54262980269621,190,42.0,132.0,0.22,159.0,
2025-04-08 12:32:56,160.5,50.0,228.2,40.0,159.0,10.0,294.0,50.0,194.35,67.69999999999999,60.0,90.0,18.36554028608662,150,-30.0,-40.0,-0.2,161.0,2.0
2025-04-08 12:32:57,161.0,45.0,226.33,60.0,159.0,21.0,351.85,47.0,193.67,65.33000000000001,66.0,107.0,14.11757592506246,173,-41.0,23.0,-0.24,161.0,
2025-04-08 12:32:58,161.73,33.0,182.09,44.0,159.0,11.0,196.0,41.0,171.91,20.360000000000014,44.0,85.0,9.86874510765741,129,-41.0,-44.0,-0.32,161.0,
2025-04-08 12:32:59,162.06,34.0,176.29,56.0,159.75,16.0,343.79,14.0,169.17,14.22999999999999,50.0,70.0,12.63394633516734,120,-20.0,-9.0,-0.17,162.0,2.0
2025-04-08 12:33:00,162.5,16.0,174.72,18.0,161.4,20.0,194.61,46.0,168.61,12.22,36.0,64.0,13.268493509056182,100,-28.0,-20.0,-0.28,163.0,1.0
2025-04-08 12:33:01,162.0,22.0,172.55,11.0,159.0,11.0,176.0,44.0,167.27,10.550000000000011,33.0,55.0,11.055219581710762,88,-22.0,-12.0,-0.25,163.0,
2025-04-08 12:33:02,158.79,56.0,171.02,53.0,157.95,19.0,172.94,17.0,164.9,12.230000000000018,75.0,70.0,2.5729399526251644,145,5.0,57.0,0.03,161.0,3.0
2025-04-08 12:33:03,158.0,135.0,170.61,36.0,157.0,30.0,171.05,21.0,164.31,12.610000000000014,165.0,57.0,2.1743090856195706,222,108.0,77.0,0.49,161.0,
2025-04-08 12:33:04,159.55,149.0,167.09,22.0,157.86,115.0,169.0,19.0,163.32,7.539999999999992,264.0,41.0,2.189056874501544,305,223.0,83.0,0.73,161.0,
2025-04-08 12:33:05,161.0,64.0,163.1,10.0,158.0,90.0,165.21,19.0,162.05,2.0999999999999943,154.0,29.0,1.9480374739199555,183,125.0,-122.0,0.68,161.0,2.0
2025-04-08 12:33:06,159.58,38.0,162.0,24.0,157.78,46.0,163.0,6.0,160.79,2.4199999999999875,84.0,30.0,1.6724024634610437,114,54.0,-69.0,0.47,161.0,5.0
2025-04-08 12:33:07,158.0,54.0,161.0,24.0,157.0,30.0,163.0,6.0,159.5,3.0,84.0,30.0,1.9232082569980984,114,54.0,0.0,0.47,161.0,
2025-04-08 12:33:08,158.0,85.0,159.83,29.0,157.0,55.0,195.04,25.0,158.91,1.8300000000000125,140.0,54.0,1.8103949844663003,194,86.0,80.0,0.44,158.0,5.0
2025-04-08 12:33:09,158.0,56.0,159.0,14.0,157.0,70.0,209.35,46.0,158.5,1.0,126.0,60.0,1.4579266098731951,186,66.0,-8.0,0.35,158.0,
2025-04-08 12:33:10,158.0,40.0,159.0,10.0,157.0,50.0,228.0,40.0,158.5,1.0,90.0,50.0,0.9584101417311284,140,40.0,-46.0,0.29,158.0,
2025-04-08 12:33:11,158.0,36.0,219.84,38.0,157.0,45.0,445.78,37.0,188.92,61.84,81.0,75.0,13.452831672172184,156,6.0,16.0,0.04,159.0,1.0
2025-04-08 12:33:12,158.0,28.0,197.0,35.0,157.0,35.0,381.78,9.0,177.5,39.0,63.0,44.0,14.05292425083889,107,19.0,-49.0,0.18,159.0,
2025-04-08 12:33:13,159.23,44.0,198.78,45.0,157.74,38.0,228.0,9.0,179.0,39.55000000000001,82.0,54.0,13.498751053332102,136,28.0,29.0,0.21,160.0,3.0
2025-04-08 12:33:14,160.14,28.0,211.56,25.0,157.68,47.0,213.29,51.0,185.85,51.420000000000016,75.0,76.0,11.857047693243882,151,-1.0,15.0,-0.01,160.0,
2025-04-08 12:33:15,158.57,28.0,206.65,23.0,156.78,54.0,212.79,56.0,182.61,48.08000000000001,82.0,79.0,4.725466114562942,161,3.0,10.0,0.02,160.25,4.0
2025-04-08 12:33:16,157.0,50.0,209.8,20.0,156.0,60.0,410.4,50.0,183.4,52.80000000000001,110.0,70.0,3.3862471852889726,180,40.0,19.0,0.22,160.25,
2025-04-08 12:33:17,157.0,40.0,209.0,16.0,156.0,49.0,315.5,40.0,183.0,52.0,89.0,56.0,2.4583876829911437,145,33.0,-35.0,0.23,160.25,
2025-04-08 12:33:18,157.0,45.0,208.29,21.0,156.0,54.0,341.81,16.0,182.64,51.28999999999999,99.0,37.0,1.352238884179086,136,62.0,-9.0,0.46,160.25,
2025-04-08 12:33:19,157.0,45.0,205.32,19.0,156.0,54.0,207.15,26.0,181.16,48.31999999999999,99.0,45.0,0.8467703347907177,144,54.0,8.0,0.38,160.25,
2025-04-08 12:33:20,157.36,55.0,203.11,37.0,156.42,72.0,204.64,28.0,180.24,45.75,127.0,65.0,1.335484930607383,192,62.0,48.0,0.32,158.0,2.0
2025-04-08 12:33:21,161.0,48.0,202.91,23.0,158.0,16.0,203.82,17.0,181.96,41.91,64.0,40.0,1.119642800127831,104,24.0,-88.0,0.23,161.0,5.0
2025-04-08 12:33:22,158.56,16.0,198.5,36.0,157.07,92.0,200.66,38.0,178.53,39.94,108.0,74.0,1.6024294055820287,182,34.0,78.0,0.19,159.67,3.0
2025-04-08 12:33:23,162.76,21.0,180.04,25.0,157.59,17.0,196.8,30.0,171.4,17.28,38.0,55.0,4.253259926205266,93,-17.0,-89.0,-0.18,159.67,
2025-04-08 12:33:24,157.17,72.0,178.8,30.0,156.03,61.0,179.64,25.0,167.98,21.630000000000024,133.0,55.0,6.0286416380351815,188,78.0,95.0,0.41,161.33,3.0
2025-04-08 12:33:25,157.0,12.0,177.46,13.0,156.0,36.0,178.53,17.0,167.23,20.460000000000008,48.0,30.0,6.538994571020794,78,18.0,-110.0,0.23,157.0,5.0
2025-04-08 12:33:26,157.0,20.0,172.18,17.0,156.0,60.0,173.36,22.0,164.59,15.180000000000009,80.0,39.0,5.378840953200156,119,41.0,41.0,0.34,157.0,
2025-04-08 12:33:27,157.0,11.0,168.3,30.0,155.12,24.0,170.0,10.0,162.65,11.300000000000011,35.0,40.0,3.348111407914653,75,-5.0,-44.0,-0.07,157.0,1.0
2025-04-08 12:33:28,157.0,8.0,165.08,12.0,156.0,8.0,167.2,20.0,161.04,8.080000000000013,16.0,32.0,2.9482825508757813,48,-16.0,-27.0,-0.33,157.0,
2025-04-08 12:33:29,156.78,9.0,160.57,21.0,155.54,13.0,161.5,14.0,158.67,3.789999999999992,22.0,35.0,3.2787009622394607,57,-13.0,9.0,-0.23,157.0,1.0
2025-04-08 12:33:30,155.0,18.0,157.91,11.0,154.0,108.0,159.06,17.0,156.45,2.9099999999999966,126.0,28.0,3.2105918457162987,154,98.0,97.0,0.64,155.5,2.0
2025-04-08 12:33:31,154.04,75.0,156.0,9.0,112.57,63.0,157.0,9.0,155.02,1.960000000000008,138.0,18.0,3.1488934564019444,156,120.0,2.0,0.77,155.0,2.0
2025-04-08 12:33:32,154.0,80.0,155.5,12.0,90.0,72.0,295.5,20.0,154.75,1.5,152.0,32.0,2.656262411691189,184,120.0,28.0,0.65,154.0,5.0
2025-04-08 12:33:33,116.77,44.0,296.5,12.0,78.14,44.0,479.88,40.0,206.64,179.73000000000002,88.0,52.0,22.600861266770483,140,36.0,-44.0,0.26,154.33,6.0
2025-04-08 12:33:34,144.2,60.0,367.3,50.0,64.26,69.0,498.0,50.0,255.75,223.1,129.0,100.0,45.0005863295124,229,29.0,89.0,0.13,154.33,
2025-04-08 12:33:35,159.35,77.0,230.71,51.0,151.23,53.0,424.45,55.0,195.03,71.36000000000001,130.0,106.0,41.92945468283524,236,24.0,7.0,0.1,154.33,
2025-04-08 12:33:36,162.27,60.0,188.76,49.0,159.82,55.0,201.38,39.0,175.51,26.48999999999998,115.0,88.0,38.05857038828382,203,27.0,-33.0,0.13,164.0,4.0
2025-04-08 12:33:37,162.0,60.0,190.07,42.0,158.0,90.0,342.05,38.0,176.04,28.069999999999997,150.0,80.0,32.91884915971357,230,70.0,27.0,0.3,164.0,
2025-04-08 12:33:38,162.0,78.0,198.69,39.0,158.28,113.0,284.27,55.0,180.35,36.69,191.0,94.0,34.0320845673601,285,97.0,55.0,0.34,164.0,
2025-04-08 12:33:39,162.0,60.0,196.9,30.0,159.0,80.0,215.0,40.0,179.45,34.900000000000006,140.0,70.0,7.969107854702308,210,70.0,-75.0,0.33,164.0,
2025-04-08 12:33:40,162.0,54.0,196.0,27.0,159.64,47.0,215.0,36.0,179.0,34.0,101.0,63.0,2.158830701991956,164,38.0,-46.0,0.23,164.0,
2025-04-08 12:33:41,162.0,60.0,174.24,34.0,161.0,30.0,199.71,34.0,168.12,12.240000000000007,90.0,68.0,5.004215223174975,158,22.0,-6.0,0.14,164.0,
2025-04-08 12:33:42,162.0,54.0,168.18,33.0,161.0,33.0,189.48,42.0,165.09,6.180000000000007,87.0,75.0,7.214213054786086,162,12.0,4.0,0.07,162.0,4.0
2025-04-08 12:33:43,161.73,33.0,165.09,45.0,160.2,60.0,219.56,57.0,163.41,3.3600000000000136,93.0,102.0,7.68492225073425,195,-9.0,33.0,-0.05,162.0,2.0
2025-04-08 12:33:44,159.0,96.0,161.12,16.0,158.0,12.0,214.91,33.0,160.06,2.1200000000000045,108.0,49.0,7.243302423605724,157,59.0,-38.0,0.38,160.2,5.0
2025-04-08 12:33:45,159.0,50.0,160.0,10.0,158.0,10.0,265.0,20.0,159.5,1.0,60.0,30.0,3.5834941048918294,90,30.0,-67.0,0.33,159.0,2.0
2025-04-08 12:33:46,158.33,12.0,159.89,9.0,157.02,49.0,265.0,18.0,159.11,1.559999999999974,61.0,27.0,2.659892854944746,88,34.0,-2.0,0.39,159.0,4.0
2025-04-08 12:33:47,157.06,32.0,159.91,22.0,156.32,37.0,218.33,18.0,158.49,2.8499999999999943,69.0,40.0,1.9293081660999585,109,29.0,21.0,0.27,158.0,1.0
2025-04-08 12:33:48,157.0,54.0,159.52,31.0,156.0,45.0,221.29,28.0,158.26,2.5200000000000102,99.0,59.0,0.7345270585725494,158,40.0,49.0,0.25,158.0,
2025-04-08 12:33:49,157.0,42.0,159.0,21.0,156.0,35.0,161.0,28.0,158.0,2.0,77.0,49.0,0.6188456994868284,126,28.0,-32.0,0.22,158.0,
2025-04-08 12:33:50,157.0,48.0,159.0,24.0,156.0,40.0,161.0,32.0,158.0,2.0,88.0,56.0,0.4604019980103914,144,32.0,18.0,0.22,158.0,
2025-04-08 12:33:51,156.72,43.0,159.0,33.0,155.6,67.0,161.0,44.0,157.86,2.280000000000001,110.0,77.0,0.2514358760614808,187,33.0,43.0,0.18,156.86,7.0
2025-04-08 12:33:52,155.96,47.0,160.36,47.0,155.07,103.0,273.62,52.0,158.16,4.400000000000006,150.0,99.0,0.1558204087098324,249,51.0,62.0,0.2,157.6,5.0
2025-04-08 12:33:53,156.0,12.0,161.0,24.0,155.0,60.0,473.95,19.0,158.5,5.0,72.0,43.0,0.245519856163854,115,29.0,-134.0,0.25,157.6,
2025-04-08 12:33:54,156.0,18.0,317.56,18.0,155.0,90.0,488.0,45.0,236.78,161.56,108.0,63.0,35.17415812780517,171,45.0,56.0,0.26,161.0,4.0
2025-04-08 12:33:55,164.0,10.0,242.73,41.0,156.0,20.0,377.0,50.0,203.37,78.72999999999999,30.0,91.0,35.9043824623107,121,-61.0,-50.0,-0.5,161.0,
2025-04-08 12:33:56,164.0,7.0,232.0,35.0,162.63,38.0,303.0,35.0,198.0,68.0,45.0,70.0,33.28863800157527,115,-25.0,-6.0,-0.22,161.0,
2025-04-08 12:33:57,164.0,6.0,216.0,30.0,163.0,36.0,355.5,30.0,190.0,52.0,42.0,60.0,28.083495152846453,102,-18.0,-13.0,-0.18,161.0,
2025-04-08 12:33:58,164.0,7.0,293.71,35.0,163.0,42.0,416.31,26.0,228.86,129.70999999999998,49.0,61.0,20.31623045744498,110,-12.0,8.0,-0.11,161.0,
2025-04-08 12:33:59,163.33,24.0,461.47,30.0,162.39,124.0,742.43,54.0,312.4,298.14,148.0,84.0,50.1594286251357,232,64.0,122.0,0.28,163.33,3.0
2025-04-08 12:34:00,163.0,44.0,408.29,31.0,162.0,209.0,718.63,46.0,285.65,245.29,253.0,77.0,54.01231452178437,330,176.0,98.0,0.53,163.33,
2025-04-08 12:34:02,163.04,25.0,344.7,23.0,162.03,118.0,541.19,32.0,253.87,181.66,143.0,55.0,41.7273633243264,198,88.0,-168.0,0.44,163.33,
2025-04-08 12:34:03,163.5,16.0,179.9,50.0,162.46,70.0,181.0,50.0,171.7,16.400000000000006,86.0,100.0,62.64365546486163,186,-14.0,-12.0,-0.08,164.0,1.0
2025-04-08 12:34:04,163.67,24.0,179.0,40.0,162.39,62.0,513.53,34.0,171.33,15.330000000000013,86.0,74.0,70.57308077447207,160,12.0,-26.0,0.07,164.0,1.0
2025-04-08 12:34:05,164.43,28.0,177.64,56.0,163.0,56.0,253.42,60.0,171.04,13.20999999999998,84.0,116.0,71.7519948851602,200,-32.0,40.0,-0.16,164.0,
2025-04-08 12:34:06,162.57,92.0,175.11,63.0,162.44,55.0,177.05,41.0,168.84,12.54000000000002,147.0,104.0,37.199157651752095,251,43.0,51.0,0.17,163.43,7.0
2025-04-08 12:34:07,162.0,108.0,172.04,24.0,160.0,6.0,172.75,24.0,167.02,10.039999999999992,114.0,48.0,1.997843837697717,162,66.0,-89.0,0.41,163.43,
2025-04-08 12:34:08,162.0,234.0,166.33,55.0,160.0,13.0,167.45,55.0,164.16,4.3300000000000125,247.0,110.0,2.983273369944484,357,137.0,168.0,0.38,163.43,
2025-04-08 12:34:09,162.0,178.0,163.23,65.0,160.0,13.0,181.91,53.0,162.62,1.2299999999999898,191.0,118.0,3.413543613286935,309,73.0,-48.0,0.24,162.0,11.0
2025-04-08 12:34:10,162.0,42.0,163.0,30.0,160.0,6.0,281.0,30.0,162.5,1.0,48.0,60.0,2.8036618911352984,108,-12.0,-168.0,-0.11,162.0,
2025-04-08 12:34:11,159.74,47.0,375.0,47.0,157.94,16.0,575.29,41.0,267.37,215.26,63.0,88.0,46.2308433840428,151,-25.0,43.0,-0.17,160.82,11.0
2025-04-08 12:34:12,158.0,40.0,448.69,32.0,157.0,16.0,508.0,18.0,303.34,290.69,56.0,50.0,68.16548334751259,106,6.0,-45.0,0.06,160.82,
2025-04-08 12:34:13,159.21,38.0,453.0,45.0,157.79,28.0,597.56,27.0,306.11,293.79,66.0,72.0,72.67180725701091,138,-6.0,32.0,-0.04,160.0,5.0
2025-04-08 12:34:14,158.67,9.0,230.38,29.0,157.53,17.0,466.36,33.0,194.52,71.71000000000001,26.0,62.0,65.14839959661458,88,-36.0,-50.0,-0.41,158.67,3.0
2025-04-08 12:34:15,157.67,9.0,453.0,25.0,156.16,25.0,490.0,10.0,305.33,295.33000000000004,34.0,35.0,48.02495736593942,69,-1.0,-19.0,-0.01,157.75,4.0
2025-04-08 12:34:18,156.08,73.0,298.96,23.0,155.33,18.0,344.75,24.0,227.52,142.87999999999997,91.0,47.0,57.66180815756896,138,44.0,46.0,0.32,157.75,
2025-04-08 12:34:19,162.0,11.0,170.0,11.0,157.71,42.0,171.0,22.0,166.0,8.0,53.0,33.0,67.8219262480819,86,20.0,-52.0,0.23,157.75,
2025-04-08 12:34:20,162.0,11.0,170.0,11.0,159.0,33.0,271.67,30.0,166.0,8.0,44.0,41.0,76.1522574845955,85,3.0,-1.0,0.04,157.75,
2025-04-08 12:34:21,162.0,7.0,169.29,7.0,159.42,19.0,480.17,24.0,165.64,7.289999999999992,26.0,31.0,68.56003733954638,57,-5.0,-28.0,-0.09,157.75,
2025-04-08 12:34:22,159.43,14.0,168.38,8.0,158.6,10.0,555.4,20.0,163.9,8.949999999999989,24.0,28.0,27.801228749820496,52,-4.0,-5.0,-0.08,160.75,4.0
2025-04-08 12:34:23,159.0,13.0,166.0,9.0,157.0,9.0,323.78,18.0,162.5,7.0,22.0,27.0,1.5560591247714712,49,-5.0,-3.0,-0.1,159.0,1.0
2025-04-08 12:34:24,157.0,15.0,166.0,7.0,156.5,8.0,470.0,14.0,161.5,9.0,23.0,21.0,1.9466175792333609,44,2.0,-5.0,0.05,157.25,4.0
2025-04-08 12:34:25,156.14,29.0,165.67,9.0,155.8,25.0,402.78,18.0,160.9,9.53,54.0,27.0,1.912255213033966,81,27.0,37.0,0.33,157.25,
2025-04-08 12:34:26,157.44,9.0,164.0,9.0,156.0,45.0,265.56,18.0,160.72,6.560000000000002,54.0,27.0,1.3145645666040873,81,27.0,0.0,0.33,157.25,
2025-04-08 12:34:27,156.33,24.0,159.35,17.0,155.83,24.0,167.38,21.0,157.84,3.019999999999982,48.0,38.0,1.739229714490084,86,10.0,5.0,0.12,158.0,1.0
2025-04-08 12:34:28,156.0,10.0,157.0,10.0,155.0,10.0,160.0,40.0,156.5,1.0,20.0,50.0,2.1911001802198693,70,-30.0,-16.0,-0.43,156.0,4.0
2025-04-08 12:34:29,134.82,11.0,159.77,26.0,104.94,17.0,301.4,20.0,147.29,24.950000000000017,28.0,46.0,5.560476598255411,74,-18.0,4.0,-0.24,157.0,1.0
2025-04-08 12:34:30,126.5,16.0,160.0,16.0,83.26,19.0,464.5,8.0,143.25,33.5,35.0,24.0,7.464392138662683,59,11.0,-15.0,0.19,157.0,
2025-04-08 12:34:31,155.14,28.0,158.49,43.0,154.53,15.0,203.88,32.0,156.82,3.3500000000000227,43.0,75.0,6.628661252449515,118,-32.0,59.0,-0.27,155.67,3.0
2025-04-08 12:34:32,155.0,20.0,157.84,38.0,154.0,18.0,159.7,33.0,156.42,2.8400000000000034,38.0,71.0,6.359043166996447,109,-33.0,-9.0,-0.3,155.67,
2025-04-08 12:34:33,155.0,20.0,156.8,30.0,154.0,30.0,159.02,43.0,155.9,1.8000000000000114,50.0,73.0,6.2590917871304335,123,-23.0,14.0,-0.19,156.8,5.0
2025-04-08 12:34:34,154.0,27.0,159.93,28.0,101.71,28.0,186.0,38.0,156.96,5.930000000000007,55.0,66.0,5.951016719833088,121,-11.0,-2.0,-0.09,155.0,2.0
2025-04-08 12:34:35,154.0,31.0,156.0,28.0,137.78,46.0,223.05,44.0,155.0,2.0,77.0,72.0,0.7966178505056825,149,5.0,28.0,0.03,154.0,2.0
2025-04-08 12:34:36,154.0,8.0,158.0,16.0,140.58,24.0,161.0,16.0,156.0,4.0,32.0,32.0,0.723242697677275,64,0.0,-85.0,0.0,154.0,
2025-04-08 12:34:37,154.0,9.0,158.0,18.0,137.64,22.0,161.0,18.0,156.0,4.0,31.0,36.0,0.6942045806122968,67,-5.0,3.0,-0.07,154.0,
2025-04-08 12:34:38,154.0,10.0,194.88,26.0,148.75,32.0,294.11,19.0,174.44,40.88,42.0,45.0,8.280144926253474,87,-3.0,20.0,-0.03,159.0,5.0
2025-04-08 12:34:39,157.91,46.0,295.02,47.0,148.36,11.0,544.27,22.0,226.47,137.11,57.0,69.0,30.665211885780742,126,-12.0,39.0,-0.1,159.0,
2025-04-08 12:34:40,159.62,52.0,271.74,62.0,157.9,84.0,487.86,56.0,215.68,112.12,136.0,118.0,33.361502064503746,254,18.0,128.0,0.07,159.0,
2025-04-08 12:34:41,160.0,24.0,196.55,33.0,158.0,40.0,261.0,30.0,178.27,36.55000000000001,64.0,63.0,29.68619999258762,127,1.0,-127.0,0.01,159.0,
2025-04-08 12:34:42,159.35,31.0,207.44,36.0,157.56,55.0,445.47,34.0,183.4,48.09,86.0,70.0,23.733227129910837,156,16.0,29.0,0.1,158.86,7.0
2025-04-08 12:34:43,158.0,13.0,419.0,10.0,155.0,10.0,661.2,25.0,288.5,261.0,23.0,35.0,44.220837056754654,58,-12.0,-98.0,-0.21,158.86,
2025-04-08 12:34:44,149.86,7.0,419.0,8.0,123.38,8.0,633.0,20.0,284.43,269.14,15.0,28.0,53.4730645278546,43,-13.0,-15.0,-0.3,156.33,6.0
2025-04-08 12:34:48,132.71,35.0,162.7,27.0,114.0,105.0,204.38,21.0,147.71,29.98999999999998,140.0,48.0,51.89957832198629,188,92.0,135.0,0.49,156.33,
2025-04-08 12:34:54,147.74,54.0,202.53,19.0,146.95,65.0,215.57,37.0,175.13,54.78999999999999,119.0,56.0,12.911573490467092,175,63.0,-1.0,0.36,151.4,10.0
2025-04-08 12:34:55,149.03,87.0,181.78,27.0,132.24,34.0,357.82,22.0,165.41,32.75,121.0,49.0,13.3508625189443,170,72.0,-5.0,0.42,151.0,4.0
2025-04-08 12:34:56,149.9,96.0,153.62,39.0,24.22,45.0,235.93,30.0,151.76,3.719999999999999,141.0,69.0,12.309737202708996,210,72.0,40.0,0.34,150.0,5.0
2025-04-08 12:34:57,151.0,18.0,153.33,9.0,10.0,10.0,158.0,7.0,152.17,2.3300000000000125,28.0,16.0,11.443940317904609,44,12.0,-166.0,0.27,152.0,5.0
2025-04-08 12:34:58,151.37,114.0,154.69,52.0,63.12,58.0,160.63,41.0,153.03,3.319999999999993,172.0,93.0,10.424998800948014,265,79.0,168.0,0.3,153.0,4.0
2025-04-08 12:34:59,153.6,10.0,155.0,20.0,152.0,45.0,314.8,15.0,154.3,1.4000000000000057,55.0,35.0,5.715936493676928,90,20.0,-168.0,0.22,153.0,
2025-04-08 12:35:00,154.0,12.0,155.0,22.0,152.0,54.0,223.5,8.0,154.5,1.0,66.0,30.0,1.2300284548486364,96,36.0,6.0,0.38,155.0,2.0
2025-04-08 12:35:01,154.0,10.0,160.5,8.0,152.0,45.0,286.67,9.0,157.25,6.5,55.0,17.0,1.9287171901921123,72,38.0,-24.0,0.53,155.0,2.0
2025-04-08 12:35:02,154.0,6.0,177.0,3.0,152.0,27.0,441.91,11.0,165.5,23.0,33.0,14.0,5.039298562275829,47,19.0,-25.0,0.4,155.0,
2025-04-08 12:35:03,155.56,25.0,177.0,7.0,154.37,49.0,451.11,27.0,166.28,21.44,74.0,34.0,5.895954545259654,108,40.0,61.0,0.37,155.0,
2025-04-08 12:35:04,156.14,29.0,176.0,25.0,155.5,24.0,177.0,5.0,166.07,19.860000000000014,53.0,30.0,5.610565925089856,83,23.0,-25.0,0.28,158.0,1.0
2025-04-08 12:35:05,158.11,84.0,174.47,64.0,156.19,36.0,284.52,52.0,166.29,16.359999999999985,120.0,116.0,3.941873919824284,236,4.0,153.0,0.02,158.0,
2025-04-08 12:35:06,163.43,42.0,174.56,45.0,161.14,14.0,335.58,24.0,168.99,11.129999999999995,56.0,69.0,1.359974264389677,125,-13.0,-111.0,-0.1,162.0,2.0
2025-04-08 12:35:07,164.04,50.0,174.0,50.0,162.86,28.0,179.0,10.0,169.02,9.960000000000008,78.0,60.0,1.5316167927408104,138,18.0,13.0,0.13,162.0,
2025-04-08 12:35:08,164.28,25.0,173.5,50.0,163.75,48.0,179.0,10.0,168.89,9.22,73.0,60.0,1.5290585338070468,133,13.0,-5.0,0.1,165.0,1.0
2025-04-08 12:35:09,164.0,36.0,172.33,30.0,162.0,12.0,380.78,9.0,168.17,8.330000000000013,48.0,39.0,1.1614301527901587,87,9.0,-46.0,0.1,165.0,
2025-04-08 12:35:10,164.0,66.0,170.16,49.0,162.0,22.0,257.51,41.0,167.08,6.159999999999997,88.0,90.0,0.8311738685803982,178,-2.0,91.0,-0.01,165.0,
2025-04-08 12:35:11,163.14,14.0,166.22,51.0,161.18,22.0,238.78,40.0,164.68,3.0800000000000125,36.0,91.0,1.788650329104799,127,-55.0,-51.0,-0.43,164.0,6.0
2025-04-08 12:35:12,158.27,60.0,163.89,45.0,156.07,15.0,558.22,36.0,161.08,5.619999999999976,75.0,81.0,3.1691560390424045,156,-6.0,29.0,-0.04,160.0,5.0
2025-04-08 12:35:13,158.0,77.0,183.86,28.0,155.0,36.0,229.11,57.0,170.93,25.860000000000014,113.0,85.0,3.720762018700059,198,28.0,42.0,0.14,158.0,7.0
2025-04-08 12:35:14,154.67,12.0,244.05,19.0,138.08,26.0,452.96,25.0,199.36,89.38000000000002,38.0,44.0,15.368720831605696,82,-6.0,-116.0,-0.07,155.75,4.0
2025-04-08 12:35:15,154.56,18.0,377.1,21.0,140.89,18.0,490.33,24.0,265.83,222.54,36.0,45.0,43.7341551879069,81,-9.0,-1.0,-0.11,155.75,
2025-04-08 12:35:16,154.77,26.0,346.0,28.0,147.14,14.0,428.25,16.0,250.38,191.23,40.0,44.0,46.84870040886946,84,-4.0,3.0,-0.05,155.0,5.0
2025-04-08 12:35:17,155.33,18.0,322.62,32.0,133.88,16.0,458.8,30.0,238.98,167.29,34.0,62.0,39.01154354803306,96,-28.0,12.0,-0.29,155.0,
2025-04-08 12:35:18,158.69,29.0,352.3,40.0,155.09,22.0,538.09,33.0,255.49,193.61,51.0,73.0,25.726266149602058,124,-22.0,28.0,-0.18,162.0,1.0
2025-04-08 12:35:19,162.0,8.0,214.0,16.0,158.0,12.0,584.0,12.0,188.0,52.0,20.0,28.0,30.494119597065765,48,-8.0,-76.0,-0.17,162.0,
2025-04-08 12:35:20,162.0,18.0,212.82,28.0,158.0,27.0,245.46,35.0,187.41,50.81999999999999,45.0,63.0,33.7147574513013,108,-18.0,60.0,-0.17,162.0,
2025-04-08 12:35:21,159.14,28.0,208.86,42.0,155.5,32.0,210.53,45.0,184.0,49.72000000000003,60.0,87.0,33.82483451548602,147,-27.0,39.0,-0.18,160.67,3.0
2025-04-08 12:35:22,158.0,26.0,205.69,39.0,113.19,32.0,206.69,39.0,181.85,47.69,58.0,78.0,31.48395702576092,136,-20.0,-11.0,-0.15,160.67,
2025-04-08 12:35:23,156.67,15.0,190.9,30.0,118.13,15.0,205.7,30.0,173.78,34.23000000000002,30.0,60.0,5.739744767834449,90,-30.0,-46.0,-0.33,158.0,2.0
2025-04-08 12:35:24,155.6,15.0,202.36,33.0,123.9,20.0,203.45,33.0,178.98,46.76000000000002,35.0,66.0,5.167478108311093,101,-31.0,11.0,-0.31,158.0,
2025-04-08 12:35:25,156.0,22.0,198.12,48.0,140.48,42.0,200.0,48.0,177.06,42.120000000000005,64.0,96.0,4.001409751558147,160,-32.0,59.0,-0.2,158.0,
2025-04-08 12:35:26,158.74,19.0,192.6,30.0,148.77,13.0,195.1,30.0,175.67,33.859999999999985,32.0,60.0,3.1019622821460557,92,-28.0,-68.0,-0.3,158.0,
2025-04-08 12:35:27,156.93,132.0,181.08,39.0,153.34,44.0,191.31,39.0,169.0,24.15000000000001,176.0,78.0,3.806877985941324,254,98.0,162.0,0.39,158.0,
2025-04-08 12:35:28,159.0,13.0,187.46,39.0,157.0,205.0,188.85,39.0,173.23,28.460000000000008,218.0,78.0,3.8549020739629896,296,140.0,42.0,0.47,158.0,
2025-04-08 12:35:29,159.0,8.0,184.0,24.0,157.0,136.0,185.0,24.0,171.5,25.0,144.0,48.0,3.2206008755878277,192,96.0,-104.0,0.5,158.0,
2025-04-08 12:35:30,157.8,65.0,182.07,42.0,156.91,196.0,183.14,42.0,169.94,24.269999999999985,261.0,84.0,2.6640326574256434,345,177.0,153.0,0.51,159.0,1.0
2025-04-08 12:35:31,163.0,28.0,179.57,42.0,157.0,238.0,180.71,42.0,171.29,16.569999999999993,266.0,84.0,1.6147972008355262,350,182.0,5.0,0.52,159.0,
2025-04-08 12:35:32,163.82,17.0,173.53,49.0,158.29,65.0,175.4,45.0,168.68,9.710000000000008,82.0,94.0,1.716615856802548,176,-12.0,-168.0,-0.07,163.0,1.0
2025-04-08 12:35:33,157.99,75.0,165.49,37.0,157.92,39.0,166.74,35.0,161.74,7.5,114.0,72.0,4.015694211442792,186,42.0,10.0,0.23,161.14,7.0
2025-04-08 12:35:34,157.0,145.0,161.18,22.0,155.0,30.0,162.67,18.0,159.09,4.180000000000007,175.0,40.0,5.39620885435353,215,135.0,29.0,0.63,157.0,5.0
2025-04-08 12:35:35,157.05,81.0,159.91,33.0,156.35,65.0,160.76,29.0,158.48,2.859999999999985,146.0,62.0,5.801485154664512,208,84.0,-7.0,0.4,157.0,
2025-04-08 12:35:36,157.0,96.0,158.79,42.0,156.0,14.0,182.0,42.0,157.89,1.789999999999992,110.0,84.0,4.445382998098156,194,26.0,-14.0,0.13,157.0,7.0
2025-04-08 12:35:37,157.0,48.0,160.38,48.0,156.0,16.0,323.69,48.0,158.69,3.3799999999999955,64.0,96.0,1.496318816218874,160,-32.0,-34.0,-0.2,157.0,
2025-04-08 12:35:38,157.0,54.0,158.43,49.0,156.0,18.0,340.33,54.0,157.71,1.4300000000000068,72.0,103.0,0.569842083183388,175,-31.0,15.0,-0.18,158.0,1.0
2025-04-08 12:35:39,155.1,63.0,157.6,10.0,154.4,5.0,243.0,15.0,156.35,2.5,68.0,25.0,0.9179215651482217,93,43.0,-82.0,0.46,156.75,4.0
2025-04-08 12:35:40,155.0,140.0,157.0,20.0,154.0,10.0,551.48,29.0,156.0,2.0,150.0,49.0,1.1221497225244927,199,101.0,106.0,0.51,155.0,2.0
2025-04-08 12:35:41,155.0,91.0,394.86,14.0,154.0,7.0,713.1,20.0,274.93,239.86,98.0,34.0,52.6670654204302,132,64.0,-67.0,0.48,156.0,2.0
2025-04-08 12:35:42,155.0,102.0,321.0,32.0,154.0,8.0,322.0,16.0,238.0,166.0,110.0,48.0,56.1925339346781,158,62.0,26.0,0.39,155.0,1.0
2025-04-08 12:35:43,155.0,96.0,284.97,32.0,154.0,10.0,314.22,36.0,219.98,129.97000000000003,106.0,68.0,52.17598652637064,174,38.0,16.0,0.22,155.0,3.0
2025-04-08 12:35:44,155.53,38.0,277.15,27.0,154.96,47.0,278.27,22.0,216.34,121.61999999999998,85.0,49.0,43.14275257792514,134,36.0,-40.0,0.27,155.0,
2025-04-08 12:35:45,156.0,32.0,273.11,27.0,155.0,72.0,274.79,29.0,214.56,117.11,104.0,56.0,25.347343450549666,160,48.0,26.0,0.3,155.0,
2025-04-08 12:35:46,157.87,60.0,241.27,60.0,155.14,115.0,249.44,55.0,199.57,83.4,175.0,115.0,13.763121012330418,290,60.0,130.0,0.21,155.0,
2025-04-08 12:35:47,163.0,49.0,223.46,52.0,160.08,13.0,231.92,52.0,193.23,60.46000000000001,62.0,104.0,11.64709105313462,166,-42.0,-124.0,-0.25,163.0,3.0
2025-04-08 12:35:48,163.0,13.0,219.82,34.0,161.0,13.0,221.54,39.0,191.41,56.81999999999999,26.0,73.0,11.759386463586496,99,-47.0,-67.0,-0.47,158.6,5.0
2025-04-08 12:35:49,158.21,19.0,215.22,18.0,155.19,74.0,216.21,38.0,186.72,57.00999999999999,93.0,56.0,10.794094218597175,149,37.0,50.0,0.25,158.6,
2025-04-08 12:35:50,162.0,12.0,210.88,34.0,156.0,24.0,213.12,26.0,186.44,48.88,36.0,60.0,5.398484046463968,96,-24.0,-53.0,-0.25,158.6,
2025-04-08 12:35:51,162.0,13.0,202.07,45.0,156.0,26.0,204.35,46.0,182.03,40.06999999999999,39.0,91.0,4.435316223214437,130,-52.0,34.0,-0.4,158.6,
2025-04-08 12:35:52,162.0,16.0,183.06,64.0,158.61,137.0,184.31,58.0,172.53,21.06,153.0,122.0,7.133556616435396,275,31.0,145.0,0.11,158.6,
2025-04-08 12:35:53,159.05,119.0,179.82,44.0,158.11,61.0,180.91,44.0,169.43,20.769999999999985,180.0,88.0,8.010215352902053,268,92.0,-7.0,0.34,159.6,5.0
2025-04-08 12:35:54,159.0,130.0,176.63,38.0,157.0,30.0,177.68,37.0,167.82,17.629999999999995,160.0,75.0,8.167928133856798,235,85.0,-33.0,0.36,159.6,
2025-04-08 12:35:55,159.0,195.0,174.3,50.0,157.0,45.0,175.38,58.0,166.65,15.300000000000011,240.0,108.0,6.186826326949059,348,132.0,113.0,0.38,159.6,
2025-04-08 12:35:56,159.0,143.0,168.64,42.0,157.0,33.0,169.5,36.0,163.82,9.639999999999986,176.0,78.0,3.2357611159991797,254,98.0,-94.0,0.39,159.6,
2025-04-08 12:35:57,159.0,156.0,163.85,41.0,157.0,36.0,164.96,47.0,161.43,4.849999999999994,192.0,88.0,3.2012731841880373,280,104.0,26.0,0.37,159.6,
2025-04-08 12:35:58,159.0,115.0,160.27,22.0,157.0,39.0,162.0,33.0,159.64,1.2700000000000102,154.0,55.0,3.4343805845875464,209,99.0,-71.0,0.47,159.0,4.0
2025-04-08 12:35:59,159.0,59.0,161.37,38.0,157.0,112.0,164.94,51.0,160.18,2.3700000000000045,171.0,89.0,2.896123270819888,260,82.0,51.0,0.32,159.0,5.0
2025-04-08 12:36:00,158.0,44.0,168.73,33.0,156.86,44.0,223.73,22.0,163.36,10.72999999999999,88.0,55.0,1.862519798493776,143,33.0,-117.0,0.23,158.22,9.0
2025-04-08 12:36:01,163.46,13.0,223.23,26.0,160.85,13.0,391.54,26.0,193.35,59.76999999999998,26.0,52.0,14.470026606741609,78,-26.0,-65.0,-0.33,158.22,
2025-04-08 12:36:02,164.0,10.0,166.5,20.0,163.0,10.0,422.8,20.0,165.25,2.5,20.0,40.0,14.16088733094836,60,-20.0,-18.0,-0.33,158.22,
2025-04-08 12:36:03,164.0,6.0,166.0,12.0,163.0,6.0,270.33,12.0,165.0,2.0,12.0,24.0,13.524709608705798,36,-12.0,-24.0,-0.33,158.22,
2025-04-08 12:36:04,160.25,8.0,165.62,16.0,158.71,14.0,218.0,16.0,162.94,5.3700000000000045,22.0,32.0,13.10263523112132,54,-10.0,18.0,-0.19,163.5,2.0
2025-04-08 12:36:05,159.0,11.0,165.0,22.0,158.0,22.0,290.64,22.0,162.0,6.0,33.0,44.0,13.287233346329868,77,-11.0,23.0,-0.14,157.8,5.0
2025-04-08 12:36:06,157.03,38.0,164.36,22.0,155.0,94.0,345.0,22.0,160.69,7.3300000000000125,132.0,44.0,1.9523908419648983,176,88.0,99.0,0.5,155.67,3.0
2025-04-08 12:36:07,162.0,15.0,251.79,19.0,156.0,36.0,376.22,18.0,206.89,89.78999999999999,51.0,37.0,19.84364961391501,88,14.0,-88.0,0.16,162.0,2.0
2025-04-08 12:36:08,162.0,11.0,238.0,45.0,156.0,44.0,375.0,22.0,200.0,76.0,55.0,67.0,22.911796743159705,122,-12.0,34.0,-0.1,162.0,
2025-04-08 12:36:09,158.43,14.0,238.0,35.0,156.14,28.0,430.0,14.0,198.21,79.57,42.0,49.0,22.344437115306764,91,-7.0,-31.0,-0.08,159.5,2.0
2025-04-08 12:36:10,157.0,21.0,211.67,15.0,156.0,28.0,289.13,23.0,184.33,54.66999999999999,49.0,38.0,18.329609379359955,87,11.0,-4.0,0.13,159.5,
2025-04-08 12:36:11,156.5,24.0,159.0,8.0,155.67,24.0,244.63,19.0,157.75,2.5,48.0,27.0,19.51471957266918,75,21.0,-12.0,0.28,156.75,4.0
2025-04-08 12:36:12,155.87,31.0,157.56,25.0,154.5,36.0,224.72,18.0,156.72,1.6899999999999975,67.0,43.0,21.12809669610276,110,24.0,35.0,0.22,156.0,3.0
2025-04-08 12:36:13,154.67,27.0,160.8,10.0,153.81,83.0,212.6,25.0,157.73,6.130000000000024,110.0,35.0,19.193965718418557,145,75.0,35.0,0.52,155.0,2.0
2025-04-08 12:36:14,155.92,48.0,161.0,12.0,149.14,44.0,436.84,38.0,158.46,5.0800000000000125,92.0,50.0,11.94104559910007,142,42.0,-3.0,0.3,154.0,4.0
2025-04-08 12:36:15,152.02,52.0,161.0,14.0,110.09,22.0,279.75,48.0,156.51,8.97999999999999,74.0,62.0,0.8068023300409465,136,12.0,-6.0,0.09,154.25,8.0
2025-04-08 12:36:16,139.08,26.0,161.0,10.0,126.08,26.0,256.05,20.0,150.04,21.919999999999987,52.0,30.0,3.3647540771580697,82,22.0,-54.0,0.27,158.0,2.0
2025-04-08 12:36:17,155.0,41.0,160.0,14.0,70.82,11.0,161.0,7.0,157.5,5.0,52.0,21.0,3.4301851261634018,73,31.0,-9.0,0.42,155.0,1.0
2025-04-08 12:36:18,155.26,68.0,158.79,38.0,150.84,51.0,160.16,19.0,157.03,3.530000000000001,119.0,57.0,3.3578966630544103,176,62.0,103.0,0.35,156.0,4.0
2025-04-08 12:36:19,154.5,40.0,156.87,30.0,143.8,35.0,159.25,16.0,155.68,2.3700000000000045,75.0,46.0,3.0453029405543863,121,29.0,-55.0,0.24,155.0,4.0
2025-04-08 12:36:20,154.0,84.0,156.88,34.0,95.15,26.0,160.2,20.0,155.44,2.8799999999999955,110.0,54.0,2.9804898925760765,164,56.0,43.0,0.34,155.0,3.0
2025-04-08 12:36:21,154.0,48.0,259.38,21.0,144.0,24.0,348.11,18.0,206.69,105.38,72.0,39.0,22.501710379431245,111,33.0,-53.0,0.3,160.0,3.0
2025-04-08 12:36:22,154.92,76.0,339.17,24.0,152.38,63.0,431.14,28.0,247.04,184.25000000000003,139.0,52.0,41.33173030493512,191,87.0,80.0,0.46,160.0,
2025-04-08 12:36:23,156.88,64.0,185.87,30.0,154.45,77.0,275.06,34.0,171.37,28.99000000000001,141.0,64.0,39.41279272012967,205,77.0,14.0,0.38,162.0,2.0
2025-04-08 12:36:24,163.0,51.0,185.18,68.0,155.67,105.0,197.14,29.0,174.09,22.180000000000007,156.0,97.0,36.47748935987679,253,59.0,48.0,0.23,162.0,
2025-04-08 12:36:25,163.0,27.0,183.0,36.0,157.0,45.0,257.12,16.0,173.0,20.0,72.0,52.0,32.87416721378568,124,20.0,-129.0,0.16,162.0,
2025-04-08 12:36:26,163.0,27.0,182.22,36.0,158.09,33.0,347.82,17.0,172.61,19.22,60.0,53.0,33.22989723125709,113,7.0,-11.0,0.06,162.0,
2025-04-08 12:36:27,163.0,24.0,180.12,32.0,159.0,24.0,361.0,16.0,171.56,17.120000000000005,48.0,48.0,1.1121285896124484,96,0.0,-17.0,0.0,162.0,
2025-04-08 12:36:28,163.0,39.0,175.8,40.0,159.0,39.0,195.28,43.0,169.4,12.800000000000011,78.0,83.0,1.7752943417448876,161,-5.0,65.0,-0.03,162.0,
2025-04-08 12:36:29,163.0,27.0,178.0,36.0,159.0,27.0,179.11,36.0,170.5,15.0,54.0,72.0,1.4881800965702494,126,-18.0,-35.0,-0.14,162.0,
2025-04-08 12:36:30,163.0,51.0,176.24,68.0,159.91,66.0,177.59,68.0,169.62,13.240000000000007,117.0,136.0,1.3487846380443524,253,-19.0,127.0,-0.08,162.0,
2025-04-08 12:36:31,163.0,30.0,174.5,40.0,161.0,60.0,176.0,40.0,168.75,11.5,90.0,80.0,1.089118909862707,170,10.0,-83.0,0.06,162.0,
2025-04-08 12:36:32,163.0,42.0,172.43,56.0,161.38,78.0,176.0,56.0,167.71,9.430000000000009,120.0,112.0,1.040302840434778,232,8.0,62.0,0.03,162.0,
2025-04-08 12:36:33,163.0,18.0,171.0,24.0,162.0,30.0,176.0,24.0,167.0,8.0,48.0,48.0,1.410471552288199,96,0.0,-136.0,0.0,162.0,
2025-04-08 12:36:34,163.05,38.0,170.2,60.0,162.2,61.0,173.33,60.0,166.63,7.149999999999977,99.0,120.0,1.2380508874074851,219,-21.0,123.0,-0.1,163.5,2.0
2025-04-08 12:36:35,164.0,10.0,168.3,40.0,163.0,30.0,169.3,40.0,166.15,4.300000000000011,40.0,80.0,1.0147019265809183,120,-40.0,-99.0,-0.33,163.5,
2025-04-08 12:36:36,164.0,10.0,168.0,40.0,163.0,30.0,305.73,30.0,166.0,4.0,40.0,70.0,0.6905577454524072,110,-30.0,-10.0,-0.27,163.5,
2025-04-08 12:36:37,164.0,7.0,166.57,28.0,163.0,21.0,520.89,18.0,165.29,2.569999999999993,28.0,46.0,0.6508686501913497,74,-18.0,-36.0,-0.24,163.5,
2025-04-08 12:36:38,164.0,9.0,165.62,26.0,163.0,27.0,286.44,36.0,164.81,1.6200000000000043,36.0,62.0,0.7226202320719589,98,-26.0,24.0,-0.27,164.0,1.0
2025-04-08 12:36:39,162.1,157.0,163.74,38.0,161.01,67.0,177.95,38.0,162.92,1.6400000000000148,224.0,76.0,1.3003191915049492,300,148.0,168.0,0.49,162.5,6.0
2025-04-08 12:36:40,162.0,77.0,163.86,7.0,160.0,21.0,165.0,14.0,162.93,1.8600000000000136,98.0,21.0,1.4027651263817915,119,77.0,-168.0,0.65,162.5,
2025-04-08 12:36:41,162.0,92.0,164.86,28.0,160.0,45.0,448.29,48.0,163.43,2.8600000000000136,137.0,76.0,1.1044817788403845,213,61.0,94.0,0.29,162.0,8.0
2025-04-08 12:36:42,162.0,27.0,165.0,18.0,160.0,27.0,413.0,24.0,163.5,3.0,54.0,42.0,0.7714726176531986,96,12.0,-117.0,0.12,162.0,
2025-04-08 12:36:43,160.93,45.0,163.06,34.0,159.57,37.0,314.92,50.0,162.0,2.1299999999999955,82.0,84.0,0.5992745612704735,166,-2.0,70.0,-0.01,162.0,3.0
2025-04-08 12:36:44,160.0,22.0,262.31,13.0,159.0,18.0,324.31,26.0,211.15,102.31,40.0,39.0,21.55730896934573,79,1.0,-87.0,0.01,161.25,4.0
2025-04-08 12:36:45,160.0,14.0,335.75,16.0,159.0,14.0,362.32,19.0,247.88,175.75,28.0,35.0,38.69366705289017,63,-7.0,-16.0,-0.11,161.25,
2025-04-08 12:36:46,160.0,14.0,275.57,7.0,159.0,14.0,356.0,28.0,217.79,115.57,28.0,35.0,37.10954904064415,63,-7.0,0.0,-0.11,161.25,
2025-04-08 12:36:47,160.0,13.0,357.33,9.0,159.0,18.0,557.91,33.0,258.67,197.33,31.0,42.0,37.81074543036766,73,-11.0,10.0,-0.15,160.0,1.0
2025-04-08 12:36:49,159.0,12.0,171.0,6.0,158.0,24.0,621.0,24.0,165.0,12.0,36.0,30.0,63.43259942647945,66,6.0,6.0,0.09,160.0,
2025-04-08 12:36:50,158.12,16.0,418.57,23.0,157.22,18.0,539.53,17.0,288.35,260.45,34.0,40.0,66.31468517606218,74,-6.0,8.0,-0.08,158.5,4.0
2025-04-08 12:36:51,157.0,6.0,445.0,24.0,156.0,18.0,708.67,18.0,301.0,288.0,24.0,42.0,65.49146226799584,66,-18.0,-8.0,-0.27,157.67,3.0
2025-04-08 12:36:52,156.12,24.0,409.14,28.0,154.95,38.0,598.0,40.0,282.63,253.02,62.0,68.0,65.30186084638284,130,-6.0,64.0,-0.05,157.0,1.0
2025-04-08 12:36:53,158.8,30.0,356.23,26.0,155.27,33.0,424.88,33.0,257.52,197.43,63.0,59.0,54.82230339925773,122,4.0,-8.0,0.03,157.0,
2025-04-08 12:36:54,163.0,40.0,407.66,32.0,156.0,30.0,449.79,38.0,285.33,244.66000000000005,70.0,70.0,15.8698843726218,140,0.0,18.0,0.0,163.0,4.0
2025-04-08 12:36:55,155.13,23.0,361.22,36.0,154.04,114.0,384.24,41.0,258.18,206.09000000000003,137.0,77.0,18.779812831877624,214,60.0,74.0,0.28,155.6,5.0
2025-04-08 12:36:56,155.0,6.0,186.4,10.0,154.0,33.0,235.55,11.0,170.7,31.40000000000001,39.0,21.0,46.69335252474625,60,18.0,-154.0,0.3,155.6,
2025-04-08 12:36:57,155.0,16.0,184.85,20.0,154.0,85.0,186.8,30.0,169.93,29.849999999999994,101.0,50.0,54.13837705362173,151,51.0,91.0,0.34,155.6,
2025-04-08 12:36:58,155.0,18.0,185.0,30.0,154.0,77.0,188.0,40.0,170.0,30.0,95.0,70.0,56.44153674378499,165,25.0,14.0,0.15,155.0,1.0
2025-04-08 12:36:59,157.92,37.0,183.9,30.0,154.56,16.0,199.4,40.0,170.91,25.980000000000015,53.0,70.0,39.26544193053121,123,-17.0,-42.0,-0.14,158.0,4.0
2025-04-08 12:37:00,155.0,7.0,183.0,21.0,154.0,49.0,293.0,28.0,169.0,28.0,56.0,49.0,0.7524426887348665,105,7.0,-18.0,0.07,158.0,
2025-04-08 12:37:01,157.43,28.0,181.33,21.0,148.19,31.0,220.74,23.0,169.38,23.90000000000001,59.0,44.0,0.723830090442,103,15.0,-2.0,0.15,155.2,5.0
2025-04-08 12:37:02,159.0,21.0,179.9,20.0,154.0,28.0,180.8,15.0,169.45,20.90000000000001,49.0,35.0,0.7411949809792358,84,14.0,-19.0,0.17,155.2,
2025-04-08 12:37:03,159.0,12.0,178.75,8.0,154.0,16.0,180.0,12.0,168.88,19.75,28.0,20.0,0.8118682158008877,48,8.0,-36.0,0.17,155.2,
2025-04-08 12:37:04,159.14,42.0,175.19,37.0,154.29,51.0,176.21,42.0,167.17,16.05000000000001,93.0,79.0,0.9299623647353056,172,14.0,124.0,0.08,155.2,
2025-04-08 12:37:05,160.0,96.0,169.21,47.0,159.0,48.0,170.57,51.0,164.61,9.210000000000008,144.0,98.0,2.0561055419943197,242,46.0,70.0,0.19,155.2,
2025-04-08 12:37:06,161.85,164.0,168.0,28.0,159.89,54.0,169.25,32.0,164.93,6.150000000000006,218.0,60.0,2.211474621110393,278,158.0,36.0,0.57,155.2,
2025-04-08 12:37:07,162.37,91.0,165.33,36.0,161.74,129.0,168.65,23.0,163.85,2.960000000000008,220.0,59.0,2.0796682427276334,279,161.0,1.0,0.58,163.67,6.0
2025-04-08 12:37:08,162.0,266.0,167.71,56.0,158.57,42.0,324.4,43.0,164.86,5.710000000000008,308.0,99.0,1.24224796228686,407,209.0,128.0,0.51,163.67,
2025-04-08 12:37:09,162.0,172.0,164.0,40.0,158.0,30.0,241.68,38.0,163.0,2.0,202.0,78.0,0.8195425552109764,280,124.0,-127.0,0.44,162.0,7.0
2025-04-08 12:37:10,162.0,98.0,165.0,36.0,158.56,27.0,239.08,26.0,163.5,3.0,125.0,62.0,0.8475081119379536,187,63.0,-93.0,0.34,162.0,5.0
2025-04-08 12:37:11,162.0,63.0,164.67,36.0,159.0,27.0,238.68,25.0,163.33,2.6699999999999875,90.0,61.0,0.7132110485677108,151,29.0,-36.0,0.19,162.0,
2025-04-08 12:37:12,162.0,70.0,163.0,40.0,159.0,30.0,271.76,34.0,162.5,1.0,100.0,74.0,0.8816575297686311,174,26.0,23.0,0.15,162.0,
2025-04-08 12:37:13,162.18,33.0,201.26,23.0,160.14,21.0,395.25,20.0,181.72,39.079999999999984,54.0,43.0,8.343662265445207,97,11.0,-77.0,0.11,162.0,4.0
2025-04-08 12:37:14,161.81,16.0,374.82,34.0,160.9,30.0,482.17,24.0,268.32,213.01,46.0,58.0,45.68853882539819,104,-12.0,7.0,-0.12,162.0,9.0
2025-04-08 12:37:15,159.0,42.0,205.44,50.0,158.0,42.0,224.89,45.0,182.22,46.44,84.0,95.0,43.92481781407791,179,-11.0,75.0,-0.06,162.0,
2025-04-08 12:37:16,159.0,36.0,169.67,48.0,158.0,36.0,181.29,51.0,164.33,10.669999999999987,72.0,99.0,43.765804231156736,171,-27.0,-8.0,-0.16,162.0,
2025-04-08 12:37:17,159.73,33.0,167.85,52.0,158.43,42.0,171.0,52.0,163.79,8.120000000000005,75.0,104.0,43.55305190224835,179,-29.0,8.0,-0.16,162.0,
2025-04-08 12:37:18,161.0,30.0,165.33,60.0,159.0,45.0,167.67,60.0,163.17,4.3300000000000125,75.0,120.0,45.40639525441235,195,-45.0,16.0,-0.23,162.0,
2025-04-08 12:37:19,160.45,33.0,163.6,60.0,158.92,39.0,165.4,60.0,162.03,3.1500000000000057,72.0,120.0,8.491067070740693,192,-48.0,-3.0,-0.25,161.0,2.0
2025-04-08 12:37:20,157.65,37.0,160.95,42.0,155.86,21.0,161.91,44.0,159.3,3.299999999999983,58.0,86.0,1.994988721721111,144,-28.0,-48.0,-0.19,158.0,7.0
2025-04-08 12:37:21,155.71,42.0,160.83,48.0,124.73,33.0,161.83,48.0,158.27,5.1200000000000045,75.0,96.0,2.419198214241336,171,-21.0,27.0,-0.12,157.0,5.0
2025-04-08 12:37:22,155.0,42.0,157.59,49.0,146.86,14.0,159.36,56.0,156.3,2.5900000000000034,56.0,105.0,2.79149243233456,161,-49.0,-10.0,-0.3,157.0,1.0
2025-04-08 12:37:23,157.13,23.0,159.0,28.0,83.47,19.0,310.4,20.0,158.07,1.8700000000000043,42.0,48.0,2.106330933110023,90,-6.0,-71.0,-0.07,155.0,3.0
2025-04-08 12:37:24,157.0,36.0,158.36,45.0,102.16,77.0,160.56,32.0,157.68,1.3600000000000136,113.0,77.0,1.0875798820187423,190,36.0,100.0,0.19,155.0,
2025-04-08 12:37:25,116.62,26.0,155.45,31.0,99.85,78.0,157.24,34.0,136.03,38.829999999999984,104.0,65.0,9.668073748154228,169,39.0,-21.0,0.23,154.5,2.0
2025-04-08 12:37:35,145.79,38.0,151.0,32.0,144.52,46.0,152.0,14.0,148.39,5.210000000000008,84.0,46.0,9.008822342553067,130,38.0,26.0,0.29,151.0,2.0
2025-04-08 12:37:36,148.17,24.0,151.0,9.0,147.6,30.0,152.0,9.0,149.58,2.8300000000000125,54.0,18.0,5.647626049917449,72,36.0,-58.0,0.5,151.0,
2025-04-08 12:37:37,149.33,42.0,151.78,40.0,146.06,68.0,211.64,44.0,150.55,2.4499999999999886,110.0,84.0,2.8901522450765604,194,26.0,122.0,0.13,150.57,7.0
2025-04-08 12:37:39,156.0,55.0,329.46,41.0,155.0,21.0,575.0,43.0,242.73,173.45999999999998,76.0,84.0,77.28465164571806,160,-8.0,80.0,-0.05,150.57,
2025-04-08 12:37:41,157.0,20.0,416.0,36.0,144.8,20.0,500.0,24.0,286.5,259.0,40.0,60.0,70.39888457923387,100,-20.0,-14.0,-0.2,158.0,2.0
2025-04-08 12:37:42,155.0,54.0,313.48,31.0,120.22,46.0,383.45,31.0,234.24,158.48000000000002,100.0,62.0,40.404277867577,162,38.0,62.0,0.23,158.0,
2025-04-08 12:37:43,155.0,88.0,182.18,55.0,111.55,99.0,185.0,33.0,168.59,27.180000000000007,187.0,88.0,56.54705270834391,275,99.0,113.0,0.36,158.0,
2025-04-08 12:37:44,155.0,49.0,173.15,27.0,97.93,43.0,177.07,28.0,164.07,18.15000000000001,92.0,55.0,68.6727249350144,147,37.0,-128.0,0.25,155.0,1.0
2025-04-08 12:37:45,155.0,20.0,165.4,30.0,128.2,40.0,173.53,43.0,160.2,10.400000000000006,60.0,73.0,55.85523386398088,133,-13.0,-14.0,-0.1,155.0,5.0
2025-04-08 12:37:46,158.0,16.0,164.26,34.0,155.0,16.0,173.5,30.0,161.13,6.259999999999991,32.0,64.0,31.805427681448887,96,-32.0,-37.0,-0.33,155.0,
2025-04-08 12:37:47,155.5,24.0,162.5,28.0,144.47,94.0,296.44,48.0,159.0,7.0,118.0,76.0,3.838029442279309,194,42.0,98.0,0.22,162.29,7.0
2025-04-08 12:37:48,158.0,34.0,456.15,13.0,155.0,8.0,590.0,24.0,307.08,298.15,42.0,37.0,65.31112102850429,79,5.0,-115.0,0.06,159.0,1.0
2025-04-08 12:37:52,138.09,69.0,328.39,46.0,93.95,111.0,512.53,45.0,233.24,190.3,180.0,91.0,47.123770222686126,271,89.0,168.0,0.33,158.0,2.0
2025-04-08 12:37:53,159.27,48.0,321.95,39.0,96.81,78.0,407.68,31.0,240.61,162.67999999999998,126.0,70.0,57.34246175392592,196,56.0,-75.0,0.29,158.0,
2025-04-08 12:37:54,159.45,55.0,300.03,34.0,133.73,55.0,369.27,33.0,229.74,140.57999999999998,110.0,67.0,59.35645103946456,177,43.0,-19.0,0.24,160.0,5.0
2025-04-08 12:37:55,159.0,30.0,213.0,18.0,83.4,40.0,431.05,19.0,186.0,54.0,70.0,37.0,54.18871450772933,107,33.0,-70.0,0.31,160.0,
2025-04-08 12:37:56,159.0,25.0,213.0,15.0,136.84,37.0,327.0,15.0,186.0,54.0,62.0,30.0,26.86897690646319,92,32.0,-15.0,0.35,160.0,
2025-04-08 12:37:57,159.0,41.0,212.7,30.0,158.0,80.0,473.29,35.0,185.85,53.69999999999999,121.0,65.0,27.234234889197943,186,56.0,94.0,0.3,159.0,1.0
2025-04-08 12:37:58,159.0,32.0,211.75,24.0,158.0,64.0,530.75,32.0,185.38,52.75,96.0,56.0,19.64885696420922,152,40.0,-34.0,0.26,159.0,
2025-04-08 12:37:59,159.67,18.0,210.0,15.0,158.56,36.0,413.56,27.0,184.83,50.33000000000001,54.0,42.0,0.5057370857563227,96,12.0,-56.0,0.12,159.0,
2025-04-08 12:38:00,161.12,16.0,207.62,8.0,159.0,32.0,432.0,32.0,184.38,46.5,48.0,40.0,0.6829128787098138,88,8.0,-8.0,0.09,159.0,
2025-04-08 12:38:01,164.2,15.0,205.54,24.0,159.0,48.0,225.3,47.0,184.87,41.34,63.0,71.0,0.5652167724923104,134,-8.0,46.0,-0.06,164.0,1.0
2025-04-08 12:38:02,165.0,10.0,202.82,34.0,159.0,40.0,205.54,26.0,183.91,37.81999999999999,50.0,60.0,0.5548242964261179,110,-10.0,-24.0,-0.09,164.0,
2025-04-08 12:38:03,165.0,10.0,199.97,30.0,159.0,40.0,200.83,30.0,182.48,34.97,50.0,60.0,0.9829191217500596,110,-10.0,0.0,-0.09,164.0,
2025-04-08 12:38:04,162.38,16.0,195.5,32.0,158.48,75.0,195.89,36.0,178.94,33.120000000000005,91.0,68.0,2.395209802897454,159,23.0,49.0,0.14,161.0,3.0
2025-04-08 12:38:05,159.0,18.0,191.27,11.0,158.0,117.0,192.04,25.0,175.14,32.27000000000001,135.0,36.0,4.006104092492715,171,99.0,12.0,0.58,161.0,
2025-04-08 12:38:06,159.0,20.0,183.17,18.0,158.0,130.0,186.09,32.0,171.08,24.169999999999987,150.0,50.0,5.278910872507043,200,100.0,29.0,0.5,161.0,
2025-04-08 12:38:07,159.67,144.0,173.15,59.0,157.86,205.0,174.68,59.0,166.41,13.480000000000018,349.0,118.0,6.333790334377649,467,231.0,168.0,0.49,159.25,8.0
2025-04-08 12:38:08,160.0,140.0,167.33,49.0,158.0,199.0,168.12,67.0,163.66,7.3300000000000125,339.0,116.0,6.227413588307512,455,223.0,-12.0,0.49,159.25,
2025-04-08 12:38:09,161.31,89.0,164.45,44.0,158.99,159.0,167.52,56.0,162.88,3.1399999999999864,248.0,100.0,5.193898343231312,348,148.0,-107.0,0.43,162.8,5.0
2025-04-08 12:38:10,160.0,78.0,163.57,47.0,159.0,104.0,167.16,57.0,161.79,3.569999999999993,182.0,104.0,3.7220330465765112,286,78.0,-62.0,0.27,162.8,
2025-04-08 12:38:11,160.0,66.0,162.38,47.0,159.0,88.0,163.02,41.0,161.19,2.3799999999999955,154.0,88.0,2.039933822406425,242,66.0,-44.0,0.27,160.0,3.0
2025-04-08 12:38:12,159.19,81.0,161.56,62.0,158.21,194.0,173.29,65.0,160.37,2.3700000000000045,275.0,127.0,1.31193368726915,402,148.0,160.0,0.37,159.6,5.0
2025-04-08 12:38:13,159.0,78.0,161.08,65.0,158.0,182.0,247.85,47.0,160.04,2.0800000000000125,260.0,112.0,1.139135637133706,372,148.0,-30.0,0.4,159.6,
2025-04-08 12:38:14,161.27,44.0,282.29,42.0,158.35,86.0,403.95,21.0,221.78,121.02,130.0,63.0,27.258490970702084,193,67.0,-168.0,0.35,161.0,5.0
2025-04-08 12:38:15,164.0,60.0,267.35,48.0,160.26,35.0,338.74,39.0,215.68,103.35000000000002,95.0,87.0,31.95124676753477,182,8.0,-11.0,0.04,161.0,
2025-04-08 12:38:16,164.0,28.0,193.38,8.0,163.0,8.0,195.0,16.0,178.69,29.379999999999995,36.0,24.0,29.73532696978324,60,12.0,-122.0,0.2,164.0,1.0
2025-04-08 12:38:17,163.26,43.0,192.0,22.0,161.8,15.0,193.0,11.0,177.63,28.74000000000001,58.0,33.0,26.66949062130614,91,25.0,31.0,0.27,163.4,5.0
2025-04-08 12:38:18,162.0,112.0,190.35,17.0,159.22,69.0,191.88,25.0,176.18,28.349999999999994,181.0,42.0,22.70284057116977,223,139.0,132.0,0.62,162.0,3.0
2025-04-08 12:38:19,162.0,80.0,174.29,28.0,159.0,96.0,175.07,30.0,168.14,12.289999999999992,176.0,58.0,18.590178320820343,234,118.0,11.0,0.5,162.0,
2025-04-08 12:38:20,163.24,105.0,169.46,13.0,160.03,73.0,171.0,26.0,166.35,6.219999999999999,178.0,39.0,5.722225965465697,217,139.0,-17.0,0.64,162.0,
2025-04-08 12:38:21,164.0,182.0,167.83,18.0,162.0,70.0,170.5,24.0,165.92,3.830000000000013,252.0,42.0,5.61863239586264,294,210.0,77.0,0.71,162.0,
2025-04-08 12:38:22,164.0,105.0,165.53,34.0,162.0,65.0,166.27,45.0,164.76,1.5300000000000011,170.0,79.0,4.585684245543334,249,91.0,-45.0,0.37,164.0,6.0
2025-04-08 12:38:23,164.0,54.0,165.94,17.0,162.0,50.0,166.93,15.0,164.97,1.9399999999999975,104.0,32.0,1.3512105682731517,136,72.0,-113.0,0.53,164.0,2.0
2025-04-08 12:38:24,164.0,34.0,165.86,14.0,162.0,40.0,380.15,26.0,164.93,1.8600000000000136,74.0,40.0,0.7048616884253671,114,34.0,-22.0,0.3,164.0,1.0
2025-04-08 12:38:25,164.0,30.0,190.0,24.0,162.0,45.0,241.89,36.0,177.0,26.0,75.0,60.0,5.321149311926934,135,15.0,21.0,0.11,164.0,4.0
2025-04-08 12:38:26,162.0,50.0,223.0,40.0,159.0,60.0,371.54,26.0,192.5,61.0,110.0,66.0,12.182079871674087,176,44.0,41.0,0.25,164.0,
2025-04-08 12:38:27,162.0,45.0,289.29,42.0,159.0,54.0,464.36,39.0,225.64,127.29000000000002,99.0,81.0,25.37649049809502,180,18.0,4.0,0.1,164.0,
2025-04-08 12:38:28,162.0,35.0,278.87,31.0,159.0,42.0,446.63,19.0,220.44,116.87,77.0,50.0,26.525393870779023,127,27.0,-53.0,0.21,164.0,
2025-04-08 12:38:29,160.13,53.0,216.5,50.0,158.67,36.0,397.0,20.0,188.32,56.370000000000005,89.0,70.0,21.17683640206876,159,19.0,32.0,0.12,162.0,5.0
2025-04-08 12:38:30,159.0,57.0,255.39,28.0,158.0,16.0,417.71,28.0,207.2,96.39,73.0,56.0,16.486006187067083,129,17.0,-30.0,0.13,162.0,
2025-04-08 12:38:31,159.0,56.0,361.12,26.0,158.0,26.0,425.24,41.0,260.06,202.12,82.0,67.0,26.475073559861563,149,15.0,20.0,0.1,159.0,2.0
2025-04-08 12:38:32,159.05,19.0,277.45,11.0,158.11,18.0,422.76,41.0,218.25,118.39999999999998,37.0,52.0,26.31043291168113,89,-15.0,-60.0,-0.17,159.0,2.0
2025-04-08 12:38:33,159.88,8.0,246.12,16.0,158.6,20.0,417.69,32.0,203.0,86.24000000000001,28.0,48.0,27.188962466413766,76,-20.0,-13.0,-0.26,159.67,3.0
2025-04-08 12:38:34,162.56,36.0,212.96,57.0,160.43,28.0,233.4,52.0,187.76,50.400000000000006,64.0,109.0,27.32901900910561,173,-45.0,97.0,-0.26,159.67,
2025-04-08 12:38:35,163.43,28.0,216.86,35.0,161.73,22.0,267.96,23.0,190.14,53.43000000000001,50.0,58.0,29.55984810515844,108,-8.0,-65.0,-0.07,164.0,4.0
2025-04-08 12:38:36,162.0,44.0,215.36,55.0,159.0,11.0,577.26,47.0,188.68,53.360000000000014,55.0,102.0,13.111257758124054,157,-47.0,49.0,-0.3,164.0,
2025-04-08 12:38:37,161.86,42.0,212.66,58.0,158.83,12.0,451.33,57.0,187.26,50.79999999999998,54.0,115.0,6.594127690599977,169,-61.0,12.0,-0.36,162.0,4.0
2025-04-08 12:38:38,160.38,26.0,214.8,50.0,158.8,10.0,362.14,35.0,187.59,54.420000000000016,36.0,85.0,1.1625747287473662,121,-49.0,-48.0,-0.4,162.0,
2025-04-08 12:38:39,161.0,42.0,211.0,70.0,159.0,14.0,325.04,48.0,186.0,50.0,56.0,118.0,1.5601217900921256,174,-62.0,53.0,-0.36,162.0,
2025-04-08 12:38:40,161.78,27.0,213.44,45.0,159.0,9.0,391.0,36.0,187.61,51.66,36.0,81.0,0.96102549389585,117,-45.0,-57.0,-0.38,162.0,
2025-04-08 12:38:41,162.78,27.0,213.0,45.0,159.0,9.0,328.33,12.0,187.89,50.22,36.0,57.0,0.7442109915319502,93,-21.0,-24.0,-0.23,162.0,
2025-04-08 12:38:42,163.0,27.0,181.75,40.0,159.0,9.0,211.39,41.0,172.38,18.75,36.0,81.0,6.70157668014789,117,-45.0,24.0,-0.38,162.0,
2025-04-08 12:38:43,162.52,27.0,172.15,53.0,158.54,13.0,213.67,61.0,167.33,9.629999999999995,40.0,114.0,9.675544945887111,154,-74.0,37.0,-0.48,164.0,3.0
2025-04-08 12:38:44,160.0,6.0,211.67,30.0,158.0,21.0,323.33,9.0,185.83,51.66999999999999,27.0,39.0,9.650519157013342,66,-12.0,-88.0,-0.18,164.0,
2025-04-08 12:38:45,159.45,29.0,211.0,45.0,157.4,40.0,235.23,44.0,185.22,51.55000000000001,69.0,89.0,9.242810719682574,158,-20.0,92.0,-0.13,164.0,
2025-04-08 12:38:46,160.0,18.0,210.2,25.0,158.0,11.0,214.0,25.0,185.1,50.19999999999999,29.0,50.0,8.695008338114251,79,-21.0,-79.0,-0.27,164.0,
2025-04-08 12:38:47,160.0,108.0,208.23,74.0,158.17,18.0,263.71,82.0,184.11,48.22999999999999,126.0,156.0,7.9552919493811185,282,-30.0,168.0,-0.11,164.0,
2025-04-08 12:38:48,160.0,57.0,207.24,51.0,159.0,13.0,257.54,65.0,183.62,47.24000000000001,70.0,116.0,0.8934371829649744,186,-46.0,-96.0,-0.25,160.0,2.0
2025-04-08 12:38:49,160.36,25.0,204.55,33.0,159.67,18.0,207.31,39.0,182.45,44.19,43.0,72.0,1.140986415300809,115,-29.0,-71.0,-0.25,161.0,3.0
2025-04-08 12:38:50,158.65,31.0,203.36,28.0,156.65,23.0,204.17,36.0,181.0,44.71000000000001,54.0,64.0,1.581243181770824,118,-10.0,3.0,-0.08,159.67,3.0
2025-04-08 12:38:51,158.0,58.0,200.36,42.0,156.0,60.0,201.47,38.0,179.18,42.360000000000014,118.0,80.0,2.012801530178958,198,38.0,80.0,0.19,158.0,4.0
2025-04-08 12:38:52,158.0,33.0,197.33,60.0,156.0,72.0,200.0,36.0,177.67,39.33000000000001,105.0,96.0,2.4049386686325804,201,9.0,3.0,0.04,158.0,1.0
2025-04-08 12:38:53,158.0,24.0,194.67,57.0,156.0,72.0,195.8,51.0,176.33,36.66999999999999,96.0,108.0,2.4648184517073104,204,-12.0,3.0,-0.06,158.0,
2025-04-08 12:38:54,158.0,22.0,188.3,43.0,156.0,66.0,189.6,43.0,173.15,30.30000000000001,88.0,86.0,2.9743453060913043,174,2.0,-30.0,0.01,158.0,
2025-04-08 12:38:55,158.0,26.0,180.89,55.0,156.0,78.0,182.18,49.0,169.45,22.889999999999983,104.0,104.0,3.888236103923685,208,0.0,34.0,0.0,158.0,
2025-04-08 12:38:56,158.0,34.0,177.18,65.0,156.0,90.0,178.25,64.0,167.59,19.180000000000007,124.0,129.0,4.320291656803249,253,-5.0,45.0,-0.02,158.0,
2025-04-08 12:38:57,158.0,100.0,174.0,34.0,156.0,60.0,175.0,46.0,166.0,16.0,160.0,80.0,4.208085075165641,240,80.0,-13.0,0.33,158.0,
2025-04-08 12:38:58,158.0,140.0,170.03,68.0,156.0,84.0,171.15,60.0,164.01,12.03,224.0,128.0,3.489455544897962,352,96.0,112.0,0.27,158.0,
2025-04-08 12:38:59,158.0,150.0,164.48,63.0,156.0,78.0,165.42,72.0,161.24,6.47999999999999,228.0,135.0,3.1805455506574414,363,93.0,11.0,0.26,164.0,1.0
2025-04-08 12:39:00,158.0,120.0,160.75,60.0,156.0,54.0,162.33,60.0,159.38,2.75,174.0,120.0,3.362161507095769,294,54.0,-69.0,0.18,164.0,
2025-04-08 12:39:01,158.0,133.0,159.44,68.0,156.0,164.0,163.7,76.0,158.72,1.4399999999999975,297.0,144.0,3.088527157042221,441,153.0,147.0,0.35,158.25,8.0
2025-04-08 12:39:02,157.38,52.0,159.18,55.0,155.9,80.0,344.32,25.0,158.28,1.8000000000000114,132.0,80.0,2.348803950903381,212,52.0,-168.0,0.25,158.0,4.0
2025-04-08 12:39:03,158.57,70.0,174.27,22.0,155.67,60.0,257.36,14.0,166.42,15.700000000000015,130.0,36.0,3.334324519266501,166,94.0,-46.0,0.57,158.0,5.0
2025-04-08 12:39:04,157.2,50.0,208.1,10.0,155.67,60.0,210.0,10.0,182.65,50.900000000000006,110.0,20.0,10.364357191828336,130,90.0,-36.0,0.69,162.0,6.0
2025-04-08 12:39:05,156.88,41.0,207.0,13.0,155.82,88.0,210.0,13.0,181.94,50.120000000000005,129.0,26.0,12.033362788507072,155,103.0,25.0,0.66,160.0,1.0
2025-04-08 12:39:06,156.0,64.0,163.25,8.0,155.0,32.0,207.38,8.0,159.62,7.25,96.0,16.0,11.834987114476617,112,80.0,-43.0,0.71,156.0,1.0
2025-04-08 12:39:07,156.0,63.0,157.0,13.0,155.0,52.0,419.46,13.0,156.5,1.0,115.0,26.0,12.285657491555986,141,89.0,29.0,0.63,156.0,3.0
2025-04-08 12:39:08,156.0,36.0,283.22,9.0,155.0,36.0,593.76,17.0,219.61,127.22000000000004,72.0,26.0,25.235451848538016,98,46.0,-43.0,0.47,157.0,1.0
2025-04-08 12:39:09,158.0,16.0,382.31,13.0,155.8,40.0,547.2,15.0,270.15,224.31,56.0,28.0,47.76207208654132,84,28.0,-14.0,0.33,157.0,
2025-04-08 12:39:10,160.0,9.0,446.15,33.0,156.0,36.0,553.83,24.0,303.08,286.15,45.0,57.0,65.34408749075996,102,-12.0,18.0,-0.12,157.0,
2025-04-08 12:39:11,162.61,23.0,391.15,33.0,157.71,21.0,506.91,33.0,276.88,228.54,44.0,66.0,58.092055653077146,110,-22.0,8.0,-0.2,163.0,1.0
2025-04-08 12:39:13,165.0,99.0,175.88,25.0,163.0,22.0,259.18,34.0,170.44,10.879999999999995,121.0,59.0,58.73072815826765,180,62.0,-7.0,0.34,163.0,
2025-04-08 12:39:14,165.0,108.0,168.76,34.0,161.5,16.0,171.29,14.0,166.88,3.759999999999991,124.0,48.0,74.17822658974954,172,76.0,-8.0,0.44,163.0,
2025-04-08 12:39:15,165.0,84.0,167.5,30.0,160.0,10.0,220.0,30.0,166.25,2.5,94.0,60.0,73.99446013047252,154,34.0,-18.0,0.22,165.0,2.0
2025-04-08 12:39:16,165.0,48.0,343.7,30.0,162.96,67.0,603.52,50.0,254.35,178.7,115.0,80.0,70.30310000277416,195,35.0,41.0,0.18,165.0,3.0
2025-04-08 12:39:17,165.0,23.0,182.88,8.0,163.0,48.0,448.7,33.0,173.94,17.879999999999995,71.0,41.0,38.12553173399565,112,30.0,-83.0,0.27,165.0,3.0
2025-04-08 12:39:18,164.4,10.0,180.44,9.0,162.93,41.0,425.36,33.0,172.42,16.039999999999992,51.0,42.0,37.92845330355446,93,9.0,-19.0,0.1,163.4,5.0
2025-04-08 12:39:19,158.0,21.0,180.0,7.0,156.0,28.0,253.75,16.0,169.0,22.0,49.0,23.0,37.661454698403695,72,26.0,-21.0,0.36,161.6,5.0
2025-04-08 12:39:20,156.67,18.0,180.0,5.0,155.4,20.0,199.0,20.0,168.33,23.330000000000013,38.0,25.0,37.382760331467175,63,13.0,-9.0,0.21,158.0,3.0
2025-04-08 12:39:21,156.0,36.0,179.22,9.0,155.0,36.0,199.0,36.0,167.61,23.22,72.0,45.0,2.7632860872207687,117,27.0,54.0,0.23,158.0,
2025-04-08 12:39:22,156.0,32.0,178.12,8.0,155.0,32.0,309.14,14.0,167.06,22.120000000000005,64.0,22.0,2.1079444963805147,86,42.0,-31.0,0.49,158.0,
2025-04-08 12:39:23,156.57,47.0,177.25,8.0,155.38,32.0,346.5,32.0,166.91,20.680000000000007,79.0,40.0,0.8796419725179907,119,39.0,33.0,0.33,158.0,
2025-04-08 12:39:24,158.0,115.0,176.67,15.0,156.32,151.0,322.8,60.0,167.33,18.669999999999987,266.0,75.0,0.5608208268365603,341,191.0,168.0,0.56,158.0,
2025-04-08 12:39:25,162.23,109.0,176.0,13.0,159.76,21.0,198.0,52.0,169.11,13.77000000000001,130.0,65.0,0.8832779855823643,195,65.0,-146.0,0.33,158.0,
2025-04-08 12:39:26,164.75,145.0,174.65,17.0,160.0,51.0,375.59,41.0,169.7,9.900000000000006,196.0,58.0,1.2884370375833456,254,138.0,59.0,0.54,165.0,4.0
2025-04-08 12:39:27,163.93,14.0,174.0,7.0,159.44,27.0,612.29,7.0,168.96,10.069999999999991,41.0,14.0,1.211680650921884,55,27.0,-168.0,0.49,163.57,7.0
2025-04-08 12:39:28,160.0,14.0,173.0,14.0,159.0,70.0,260.79,14.0,166.5,13.0,84.0,28.0,1.3444887503501344,112,56.0,57.0,0.5,163.57,
2025-04-08 12:39:29,159.36,22.0,171.47,15.0,158.85,47.0,233.8,15.0,165.42,12.109999999999983,69.0,30.0,1.866204704692428,99,39.0,-13.0,0.39,159.25,4.0
2025-04-08 12:39:30,159.0,15.0,170.07,29.0,158.0,11.0,218.64,11.0,164.53,11.069999999999991,26.0,40.0,2.2347527827058378,66,-14.0,-33.0,-0.21,159.0,1.0
2025-04-08 12:39:31,159.0,3.0,169.67,9.0,158.0,3.0,171.0,3.0,164.33,10.669999999999987,6.0,12.0,1.8897274935307573,18,-6.0,-48.0,-0.33,159.0,
2025-04-08 12:39:32,159.0,9.0,167.4,30.0,158.0,9.0,168.61,18.0,163.2,8.400000000000006,18.0,48.0,1.2377519944642132,66,-30.0,48.0,-0.45,159.0,
2025-04-08 12:39:33,159.0,11.0,165.19,31.0,158.0,11.0,166.14,42.0,162.1,6.189999999999998,22.0,73.0,1.286557421880438,95,-51.0,29.0,-0.54,159.0,
2025-04-08 12:39:34,160.58,33.0,162.77,13.0,158.3,10.0,164.08,39.0,161.67,2.1899999999999977,43.0,52.0,1.2836393573709926,95,-9.0,0.0,-0.09,161.0,1.0
2025-04-08 12:39:35,161.0,88.0,162.26,34.0,159.0,11.0,186.0,16.0,161.63,1.259999999999991,99.0,50.0,1.1627252469043734,149,49.0,54.0,0.33,162.0,4.0
2025-04-08 12:39:36,161.06,50.0,234.06,16.0,159.83,12.0,434.5,8.0,197.56,73.0,62.0,24.0,15.848503714856594,86,38.0,-63.0,0.44,161.0,3.0
2025-04-08 12:39:37,161.32,37.0,458.67,9.0,160.6,25.0,595.78,9.0,310.0,297.35,62.0,18.0,64.17534004584608,80,44.0,-6.0,0.55,162.0,3.0
2025-04-08 12:39:38,161.29,41.0,355.56,9.0,159.3,27.0,557.0,9.0,258.42,194.27,68.0,18.0,64.93479829798562,86,50.0,6.0,0.58,162.0,
2025-04-08 12:39:39,162.2,30.0,339.54,13.0,159.43,63.0,384.38,13.0,250.87,177.34000000000003,93.0,26.0,57.46268728488226,119,67.0,33.0,0.56,162.5,4.0
2025-04-08 12:39:40,161.0,28.0,339.86,35.0,158.0,77.0,341.0,7.0,250.43,178.86,105.0,42.0,39.881299251657545,147,63.0,28.0,0.43,162.5,
2025-04-08 12:39:41,161.0,25.0,339.0,65.0,158.0,143.0,341.0,13.0,250.0,178.0,168.0,78.0,25.97913836139133,246,90.0,99.0,0.37,161.0,3.0
2025-04-08 12:39:42,161.0,6.0,329.0,22.0,158.0,66.0,338.86,14.0,245.0,168.0,72.0,36.0,4.805791298032874,108,36.0,-138.0,0.33,161.0,
2025-04-08 12:39:43,161.0,14.0,237.62,58.0,158.0,154.0,370.22,58.0,199.31,76.62,168.0,116.0,22.381708379839736,284,52.0,168.0,0.18,161.0,
2025-04-08 12:39:44,159.65,49.0,236.29,70.0,157.97,136.0,270.2,54.0,197.97,76.63999999999999,185.0,124.0,27.384087897904035,309,61.0,25.0,0.2,161.0,1.0
2025-04-08 12:39:45,159.41,34.0,234.26,35.0,157.91,93.0,240.83,41.0,196.83,74.85,127.0,76.0,27.16398111470554,203,51.0,-106.0,0.25,159.5,4.0
2025-04-08 12:39:46,158.0,67.0,231.42,60.0,156.0,36.0,234.0,24.0,194.71,73.41999999999999,103.0,84.0,21.44103262438688,187,19.0,-16.0,0.1,158.0,4.0
2025-04-08 12:39:47,158.0,40.0,223.1,52.0,156.0,33.0,232.04,25.0,190.55,65.1,73.0,77.0,3.421005700078151,150,-4.0,-37.0,-0.03,158.0,3.0
2025-04-08 12:39:48,158.0,26.0,191.31,35.0,156.0,39.0,192.77,56.0,174.66,33.31,65.0,91.0,9.533051977197148,156,-26.0,6.0,-0.17,158.0,
2025-04-08 12:39:49,157.44,27.0,188.47,68.0,154.9,73.0,189.64,44.0,172.96,31.03,100.0,112.0,11.318965058693191,212,-12.0,56.0,-0.06,156.8,5.0
2025-04-08 12:39:50,155.0,9.0,185.9,21.0,154.0,72.0,187.31,32.0,170.45,30.90000000000001,81.0,53.0,11.121471575285833,134,28.0,-78.0,0.21,156.8,
2025-04-08 12:39:51,156.71,21.0,182.68,41.0,154.27,33.0,183.63,30.0,169.7,25.97,54.0,71.0,8.553767006405154,125,-17.0,-9.0,-0.14,156.8,
2025-04-08 12:39:52,157.21,58.0,177.3,43.0,155.95,21.0,178.0,43.0,167.25,20.090000000000003,79.0,86.0,2.884966204280678,165,-7.0,40.0,-0.04,156.8,
2025-04-08 12:39:53,158.0,64.0,162.59,32.0,157.0,70.0,164.35,51.0,160.3,4.590000000000003,134.0,83.0,4.828547400598561,217,51.0,52.0,0.24,158.0,5.0
2025-04-08 12:39:54,157.03,36.0,159.0,8.0,155.83,12.0,175.91,23.0,158.01,1.9699999999999989,48.0,31.0,5.650315920354548,79,17.0,-138.0,0.22,158.0,1.0
2025-04-08 12:39:55,157.0,75.0,158.02,43.0,155.0,15.0,162.0,17.0,157.51,1.0200000000000102,90.0,60.0,5.574229094664036,150,30.0,71.0,0.2,158.0,
2025-04-08 12:39:56,154.8,15.0,157.22,27.0,152.73,37.0,157.56,25.0,156.01,2.4199999999999875,52.0,52.0,4.431803244705852,104,0.0,-46.0,0.0,156.67,6.0
2025-04-08 12:40:00,141.44,16.0,152.78,9.0,112.59,32.0,166.6,15.0,147.11,11.340000000000003,48.0,24.0,21.98895563685636,72,24.0,-9.0,0.33,153.5,2.0
2025-04-08 12:40:01,141.82,34.0,160.6,10.0,130.67,24.0,389.5,12.0,151.21,18.78,58.0,22.0,20.662791921703903,80,36.0,8.0,0.45,155.0,1.0
2025-04-08 12:40:02,142.4,80.0,157.8,30.0,124.74,38.0,334.44,18.0,150.1,15.400000000000006,118.0,48.0,22.655879369374567,166,70.0,86.0,0.42,147.0,3.0
2025-04-08 12:40:03,143.0,56.0,193.84,31.0,118.0,35.0,501.76,17.0,168.42,50.84,91.0,48.0,24.88649292286289,139,43.0,-27.0,0.31,147.0,
2025-04-08 12:40:04,143.0,40.0,284.08,13.0,115.0,16.0,605.69,13.0,213.54,141.07999999999998,56.0,26.0,27.813060421316813,82,30.0,-57.0,0.37,147.0,5.0
2025-04-08 12:40:05,149.78,18.0,316.44,25.0,143.17,48.0,579.0,23.0,233.11,166.66,66.0,48.0,37.910794373105766,114,18.0,32.0,0.16,157.0,2.0
2025-04-08 12:40:09,152.32,144.0,152.97,35.0,148.44,64.0,259.41,17.0,152.65,0.6500000000000057,208.0,52.0,37.4779812690041,260,156.0,49.0,0.6,151.6,5.0
2025-04-08 12:40:10,153.32,157.0,202.5,28.0,148.0,18.0,555.91,23.0,177.91,49.18000000000001,175.0,51.0,12.897778103214728,226,124.0,-34.0,0.55,153.5,4.0
2025-04-08 12:40:11,154.5,146.0,440.75,40.0,153.27,37.0,508.56,25.0,297.62,286.25,183.0,65.0,64.00033890535202,248,118.0,22.0,0.48,155.0,3.0
2025-04-08 12:40:12,160.35,137.0,411.86,28.0,155.97,31.0,485.69,36.0,286.1,251.51,168.0,64.0,73.1491861198746,232,104.0,-16.0,0.45,161.0,1.0
2025-04-08 12:40:13,162.86,91.0,371.0,14.0,158.0,7.0,536.13,31.0,266.93,208.14,98.0,45.0,66.30436840812355,143,53.0,-89.0,0.37,161.0,
2025-04-08 12:40:14,163.0,120.0,332.47,19.0,161.75,32.0,514.05,37.0,247.74,169.47000000000003,152.0,56.0,47.22615006540622,208,96.0,65.0,0.46,163.0,6.0
2025-04-08 12:40:15,163.7,69.0,267.0,22.0,162.0,33.0,328.24,17.0,215.35,103.3,102.0,39.0,32.5985884663785,141,63.0,-67.0,0.45,164.0,2.0
2025-04-08 12:40:16,162.91,44.0,206.69,26.0,160.4,30.0,393.71,31.0,184.8,43.78,74.0,57.0,40.51183691219385,131,17.0,-10.0,0.13,164.0,
2025-04-08 12:40:17,163.83,69.0,266.0,22.0,162.0,33.0,388.61,49.0,214.91,102.17,102.0,71.0,31.94420338653197,173,31.0,42.0,0.18,164.0,
2025-04-08 12:40:18,164.0,63.0,261.29,17.0,162.0,27.0,372.29,21.0,212.65,97.29000000000002,90.0,38.0,22.30224316072413,128,52.0,-45.0,0.41,164.0,
2025-04-08 12:40:19,164.0,56.0,207.38,8.0,162.0,24.0,263.55,11.0,185.69,43.38,80.0,19.0,15.951937186436156,99,61.0,-29.0,0.62,164.0,
2025-04-08 12:40:20,164.0,35.0,249.43,7.0,162.0,15.0,263.0,7.0,206.71,85.43,50.0,14.0,14.651273664770454,64,36.0,-35.0,0.56,164.0,
2025-04-08 12:40:21,164.0,63.0,243.87,15.0,162.0,27.0,245.54,24.0,203.93,79.87,90.0,39.0,11.54804399021823,129,51.0,65.0,0.4,164.0,
2025-04-08 12:40:22,164.0,40.0,241.29,7.0,162.0,21.0,243.0,14.0,202.64,77.28999999999999,61.0,21.0,10.065191503394416,82,40.0,-47.0,0.49,164.0,3.0
2025-04-08 12:40:23,164.0,52.0,240.15,13.0,162.0,39.0,322.2,50.0,202.08,76.15,91.0,63.0,8.311446925776075,154,28.0,72.0,0.18,164.0,
2025-04-08 12:40:24,164.0,32.0,228.0,12.0,162.0,24.0,329.76,21.0,196.0,64.0,56.0,33.0,3.935577467158124,89,23.0,-65.0,0.26,164.0,
2025-04-08 12:40:25,159.6,20.0,204.9,10.0,157.38,42.0,231.77,26.0,182.25,45.30000000000001,62.0,36.0,8.992794337689395,98,26.0,9.0,0.27,162.0,9.0
2025-04-08 12:40:26,158.0,19.0,203.09,33.0,157.0,45.0,229.0,21.0,180.55,45.09,64.0,54.0,10.659537044353993,118,10.0,20.0,0.08,162.0,
2025-04-08 12:40:27,160.45,33.0,200.49,51.0,157.73,37.0,201.93,15.0,180.47,40.04000000000002,70.0,66.0,10.088951878165204,136,4.0,18.0,0.03,162.0,
2025-04-08 12:40:28,159.15,39.0,196.57,37.0,157.27,55.0,196.68,41.0,177.86,37.41999999999999,94.0,78.0,7.202050402483247,172,16.0,36.0,0.09,161.0,3.0
2025-04-08 12:40:29,158.0,11.0,193.64,55.0,157.0,55.0,195.0,11.0,175.82,35.639999999999986,66.0,66.0,2.53857243345333,132,0.0,-40.0,0.0,158.0,2.0
2025-04-08 12:40:30,158.0,10.0,191.44,18.0,157.0,50.0,192.14,42.0,174.72,33.44,60.0,60.0,2.648892221265663,120,0.0,-12.0,0.0,158.0,
2025-04-08 12:40:31,157.23,39.0,187.83,53.0,156.71,41.0,191.2,25.0,172.53,30.600000000000023,80.0,78.0,3.031509524951848,158,2.0,38.0,0.01,158.0,1.0
2025-04-08 12:40:32,158.0,30.0,186.65,31.0,157.0,75.0,187.2,59.0,172.32,28.65000000000001,105.0,90.0,2.32385455652149,195,15.0,37.0,0.08,158.0,
2025-04-08 12:40:33,158.0,28.0,183.8,30.0,157.0,18.0,186.26,54.0,170.9,25.80000000000001,46.0,84.0,1.979348377587625,130,-38.0,-65.0,-0.29,158.0,
2025-04-08 12:40:34,158.0,28.0,180.51,63.0,157.0,98.0,181.93,43.0,169.25,22.50999999999999,126.0,106.0,2.033378961200368,232,20.0,102.0,0.09,158.0,
2025-04-08 12:40:35,157.3,60.0,171.6,43.0,156.84,75.0,172.63,67.0,164.45,14.299999999999985,135.0,110.0,3.312770743628689,245,25.0,13.0,0.1,158.0,2.0
2025-04-08 12:40:36,157.0,105.0,167.91,35.0,156.0,30.0,169.53,58.0,162.46,10.909999999999997,135.0,93.0,4.23828149133964,228,42.0,-17.0,0.18,158.0,
2025-04-08 12:40:37,157.0,56.0,165.57,14.0,156.0,16.0,166.59,34.0,161.29,8.569999999999993,72.0,48.0,4.2174103428313945,120,24.0,-108.0,0.2,158.0,
2025-04-08 12:40:38,157.79,33.0,164.77,53.0,156.97,72.0,166.43,46.0,161.28,6.980000000000018,105.0,99.0,3.337533520402696,204,6.0,84.0,0.03,158.0,
2025-04-08 12:40:39,158.0,45.0,159.86,51.0,157.0,105.0,161.62,53.0,158.93,1.8600000000000136,150.0,104.0,2.009718885765222,254,46.0,50.0,0.18,159.43,7.0
2025-04-08 12:40:40,158.35,23.0,160.86,57.0,157.41,59.0,163.97,61.0,159.6,2.5100000000000198,82.0,118.0,1.4251561317261503,200,-36.0,-54.0,-0.18,159.43,
2025-04-08 12:40:41,158.85,20.0,162.94,77.0,157.6,60.0,189.4,40.0,160.89,4.090000000000003,80.0,117.0,1.0732520672214347,197,-37.0,-3.0,-0.19,160.12,8.0
2025-04-08 12:40:42,158.0,14.0,162.52,31.0,157.0,42.0,189.5,18.0,160.26,4.52000000000001,56.0,49.0,0.951141419450375,105,7.0,-92.0,0.07,160.12,
2025-04-08 12:40:43,158.0,30.0,160.49,68.0,157.0,103.0,161.79,76.0,159.24,2.490000000000009,133.0,144.0,0.7919785349313726,277,-11.0,168.0,-0.04,160.12,
2025-04-08 12:40:44,156.51,99.0,158.27,74.0,155.01,78.0,215.0,51.0,157.39,1.760000000000019,177.0,125.0,1.3263219819450058,302,52.0,25.0,0.17,157.2,10.0
2025-04-08 12:40:45,155.0,40.0,156.12,32.0,154.0,32.0,343.0,16.0,155.56,1.1200000000000043,72.0,48.0,2.1847127957208743,120,24.0,-168.0,0.2,157.2,
2025-04-08 12:40:46,155.0,20.0,182.82,22.0,154.0,34.0,302.0,11.0,168.91,27.819999999999997,54.0,33.0,5.152404293123214,87,21.0,-33.0,0.24,155.0,4.0
2025-04-08 12:40:47,154.3,10.0,258.65,17.0,153.56,16.0,495.05,22.0,206.47,104.34999999999997,26.0,39.0,21.291848909849065,65,-13.0,-22.0,-0.2,154.33,3.0
2025-04-08 12:40:48,154.0,12.0,219.59,17.0,153.0,12.0,479.52,40.0,186.79,65.59,24.0,57.0,21.53181320743491,81,-33.0,16.0,-0.41,154.33,
2025-04-08 12:40:49,153.62,8.0,246.56,9.0,152.29,17.0,378.62,24.0,200.09,92.94,25.0,33.0,21.255377672483533,58,-8.0,-23.0,-0.14,154.0,1.0
2025-04-08 12:40:50,153.0,8.0,175.0,16.0,152.0,32.0,202.83,24.0,164.0,22.0,40.0,40.0,18.65102999836524,80,0.0,22.0,0.0,154.0,
2025-04-08 12:40:51,152.44,16.0,175.82,34.0,125.15,47.0,235.19,31.0,164.13,23.379999999999995,63.0,65.0,19.78605519045965,128,-2.0,48.0,-0.02,152.5,2.0
2025-04-08 12:40:52,152.0,42.0,154.72,32.0,108.04,53.0,163.69,32.0,153.36,2.719999999999999,95.0,64.0,19.15181009721693,159,31.0,31.0,0.19,153.0,3.0
2025-04-08 12:40:53,152.31,48.0,162.88,17.0,137.19,70.0,164.96,53.0,157.6,10.569999999999991,118.0,70.0,18.5950270233692,188,48.0,29.0,0.26,153.0,5.0
2025-04-08 12:40:54,151.64,28.0,161.44,25.0,129.22,40.0,161.4,25.0,156.54,9.800000000000011,68.0,50.0,4.77123464103228,118,18.0,-70.0,0.15,152.0,3.0
2025-04-08 12:40:55,157.06,17.0,161.06,51.0,123.93,43.0,206.5,24.0,159.06,4.0,60.0,75.0,3.950521484536108,135,-15.0,17.0,-0.11,158.8,5.0
2025-04-08 12:40:56,162.44,18.0,207.79,14.0,135.33,12.0,433.32,22.0,185.12,45.35,30.0,36.0,12.90769847803251,66,-6.0,-69.0,-0.09,158.8,
2025-04-08 12:40:57,120.5,14.0,270.47,15.0,75.53,19.0,335.62,32.0,195.48,149.97000000000003,33.0,47.0,18.231648307266283,80,-14.0,14.0,-0.17,161.33,3.0
2025-04-08 12:40:58,118.39,46.0,153.0,26.0,113.81,37.0,193.25,16.0,135.7,34.61,83.0,42.0,23.925237720863365,125,41.0,45.0,0.33,161.33,
2025-04-08 12:40:59,116.28,18.0,151.66,41.0,114.12,48.0,153.53,17.0,133.97,35.379999999999995,66.0,58.0,28.023960819266797,124,8.0,-1.0,0.06,161.33,
2025-04-08 12:41:06,148.09,55.0,151.0,11.0,146.91,55.0,153.0,22.0,149.55,2.9099999999999966,110.0,33.0,3.062781415594813,143,77.0,-16.0,0.54,161.33,
2025-04-08 12:41:07,151.48,62.0,152.92,25.0,150.44,63.0,155.57,14.0,152.2,1.4399999999999975,125.0,39.0,4.190194506192105,164,86.0,21.0,0.52,151.0,1.0
2025-04-08 12:41:08,152.25,40.0,175.31,13.0,151.27,93.0,286.71,17.0,163.78,23.06,133.0,30.0,8.008723368911152,163,103.0,-1.0,0.63,154.0,3.0
2025-04-08 12:41:09,157.23,26.0,190.0,24.0,155.51,79.0,233.56,16.0,173.62,32.77000000000001,105.0,40.0,11.442494046307113,145,65.0,-18.0,0.45,154.0,
2025-04-08 12:41:10,161.0,12.0,183.3,27.0,157.0,84.0,233.55,29.0,172.15,22.30000000000001,96.0,56.0,11.089632545751885,152,40.0,7.0,0.26,154.0,
2025-04-08 12:41:11,158.23,13.0,175.71,7.0,155.95,43.0,177.0,28.0,166.97,17.480000000000018,56.0,35.0,8.542079957470353,91,21.0,-61.0,0.23,157.8,5.0
2025-04-08 12:41:12,157.0,48.0,172.35,34.0,154.71,157.0,174.38,42.0,164.68,15.349999999999994,205.0,76.0,4.427488001093738,281,129.0,168.0,0.46,157.8,
2025-04-08 12:41:13,155.69,64.0,169.08,36.0,154.83,174.0,170.08,36.0,162.39,13.390000000000017,238.0,72.0,4.8050775227698095,310,166.0,29.0,0.54,156.2,5.0
2025-04-08 12:41:14,155.0,140.0,165.91,22.0,154.0,100.0,168.5,26.0,160.45,10.909999999999997,240.0,48.0,4.529969094796845,288,192.0,-22.0,0.67,163.0,3.0
2025-04-08 12:41:15,163.2,76.0,168.42,36.0,160.81,99.0,171.05,20.0,165.81,5.219999999999999,175.0,56.0,2.633248943759061,231,119.0,-57.0,0.52,163.0,
2025-04-08 12:41:16,164.0,60.0,166.0,24.0,163.0,84.0,166.88,32.0,165.0,2.0,144.0,56.0,2.200870282367013,200,88.0,-31.0,0.44,164.0,1.0
2025-04-08 12:41:17,163.82,39.0,165.52,31.0,161.4,70.0,175.45,29.0,164.67,1.700000000000017,109.0,60.0,2.199722709753716,169,49.0,-31.0,0.29,164.0,4.0
2025-04-08 12:41:18,163.0,53.0,164.12,24.0,157.0,8.0,245.0,8.0,163.56,1.1200000000000043,61.0,32.0,2.0898014259272037,93,29.0,-76.0,0.31,163.0,1.0
2025-04-08 12:41:19,163.0,45.0,229.1,21.0,155.02,113.0,444.0,9.0,196.05,66.1,158.0,30.0,14.016592667258418,188,128.0,95.0,0.68,163.0,3.0
2025-04-08 12:41:20,163.0,21.0,434.65,23.0,155.89,54.0,495.16,19.0,298.83,271.65,75.0,42.0,58.21464480695534,117,33.0,-71.0,0.28,163.0,
2025-04-08 12:41:21,163.0,24.0,239.0,8.0,159.0,24.0,517.0,23.0,201.0,76.0,48.0,31.0,55.3258426957964,79,17.0,-38.0,0.22,163.0,
2025-04-08 12:41:22,161.12,34.0,236.73,33.0,155.8,105.0,341.84,31.0,198.92,75.60999999999999,139.0,64.0,51.06817374843202,203,75.0,124.0,0.37,161.4,5.0
2025-04-08 12:41:23,159.0,4.0,239.0,4.0,155.0,56.0,571.0,20.0,199.0,80.0,60.0,24.0,44.79522798245453,84,36.0,-119.0,0.43,161.4,
2025-04-08 12:41:24,159.0,5.0,337.0,5.0,155.0,70.0,571.0,25.0,248.0,178.0,75.0,30.0,44.23212294249655,105,45.0,21.0,0.43,161.4,
2025-04-08 12:41:25,159.0,8.0,192.03,30.0,155.0,112.0,245.19,36.0,175.52,33.03,120.0,66.0,26.484552478756463,186,54.0,81.0,0.29,161.4,
2025-04-08 12:41:26,156.16,25.0,184.81,54.0,154.93,165.0,185.85,54.0,170.49,28.65000000000001,190.0,108.0,30.67267480999945,298,82.0,112.0,0.28,159.0,1.0
2025-04-08 12:41:27,162.0,100.0,181.58,48.0,156.0,10.0,182.62,42.0,171.79,19.580000000000013,110.0,90.0,32.87516768017993,200,20.0,-98.0,0.1,159.0,
2025-04-08 12:41:28,162.11,56.0,179.61,46.0,161.54,65.0,181.15,53.0,170.86,17.5,121.0,99.0,33.973015320985546,220,22.0,20.0,0.1,159.0,
2025-04-08 12:41:29,162.05,57.0,176.7,37.0,160.38,48.0,178.09,44.0,169.38,14.649999999999975,105.0,81.0,2.3510784758996834,186,24.0,-34.0,0.13,162.5,2.0
2025-04-08 12:41:30,162.0,99.0,173.63,51.0,161.0,11.0,176.25,48.0,167.81,11.629999999999995,110.0,99.0,1.5282768073326456,209,11.0,23.0,0.05,162.5,
2025-04-08 12:41:31,162.0,124.0,171.4,75.0,161.0,15.0,175.0,60.0,166.7,9.400000000000006,139.0,135.0,2.098802039218325,274,4.0,65.0,0.01,162.0,1.0
2025-04-08 12:41:32,162.0,94.0,168.75,61.0,161.0,13.0,170.64,56.0,165.38,6.75,107.0,117.0,2.160504570654842,224,-10.0,-50.0,-0.04,162.0,6.0
2025-04-08 12:41:33,162.0,30.0,167.13,75.0,161.0,15.0,168.17,72.0,164.57,5.129999999999996,45.0,147.0,1.9151161844165008,192,-102.0,-32.0,-0.53,162.0,
2025-04-08 12:41:34,159.86,44.0,163.47,77.0,157.92,52.0,165.14,74.0,161.67,3.609999999999985,96.0,151.0,2.342483724555237,247,-55.0,55.0,-0.22,161.2,5.0
2025-04-08 12:41:35,159.0,24.0,163.75,32.0,157.56,72.0,201.53,30.0,161.38,4.75,96.0,62.0,2.334234349802859,158,34.0,-89.0,0.22,161.2,
2025-04-08 12:41:36,159.04,110.0,162.54,57.0,158.05,169.0,165.78,49.0,160.79,3.5,279.0,106.0,2.068446276748217,385,173.0,168.0,0.45,159.6,5.0
2025-04-08 12:41:37,159.05,86.0,160.56,32.0,158.08,109.0,162.06,32.0,159.8,1.509999999999991,195.0,64.0,1.7861606870010016,259,131.0,-126.0,0.51,159.57,7.0
2025-04-08 12:41:38,159.0,36.0,160.11,27.0,158.0,90.0,239.22,18.0,159.56,1.1100000000000136,126.0,45.0,0.9358151525717168,171,81.0,-88.0,0.47,159.57,
2025-04-08 12:41:39,159.0,12.0,160.0,9.0,158.0,30.0,327.0,6.0,159.5,1.0,42.0,15.0,0.8366480740315073,57,27.0,-114.0,0.47,159.57,
2025-04-08 12:41:40,159.0,20.0,160.0,15.0,158.0,50.0,327.0,10.0,159.5,1.0,70.0,25.0,0.5507267923196821,95,45.0,38.0,0.47,159.57,
2025-04-08 12:41:41,158.5,40.0,178.93,28.0,157.86,70.0,226.35,31.0,168.71,20.430000000000007,110.0,59.0,4.080463208973558,169,51.0,74.0,0.3,159.0,4.0
2025-04-08 12:41:42,160.4,50.0,250.0,22.0,157.94,85.0,425.42,33.0,205.2,89.6,135.0,55.0,19.80516043862893,190,80.0,21.0,0.42,159.0,
2025-04-08 12:41:43,160.79,28.0,288.0,8.0,157.36,39.0,346.73,22.0,224.39,127.21,67.0,30.0,29.63789044449517,97,37.0,-93.0,0.38,161.0,3.0
2025-04-08 12:41:44,158.0,27.0,287.21,14.0,156.76,66.0,416.0,70.0,222.61,129.20999999999998,93.0,84.0,30.313712573684576,177,9.0,80.0,0.05,158.0,1.0
2025-04-08 12:41:45,158.0,8.0,286.12,8.0,157.0,32.0,325.0,16.0,222.06,128.12,40.0,24.0,23.60904339442888,64,16.0,-113.0,0.25,158.0,
2025-04-08 12:41:46,158.0,6.0,284.83,6.0,157.0,24.0,325.0,12.0,221.42,126.82999999999998,30.0,18.0,7.86847698097157,48,12.0,-16.0,0.25,158.0,
2025-04-08 12:41:47,158.0,11.0,282.21,19.0,157.0,44.0,295.0,14.0,220.11,124.20999999999998,55.0,33.0,1.5753317111308442,88,22.0,40.0,0.25,158.0,
2025-04-08 12:41:48,157.23,26.0,253.64,36.0,156.38,64.0,276.92,13.0,205.43,96.41,90.0,49.0,7.269073531068128,139,41.0,51.0,0.29,157.25,4.0
2025-04-08 12:41:49,157.0,14.0,269.5,16.0,156.0,112.0,273.81,26.0,213.25,112.5,126.0,42.0,7.0931114470354775,168,84.0,29.0,0.5,157.25,
2025-04-08 12:41:50,157.0,13.0,265.31,16.0,156.0,104.0,266.52,23.0,211.16,108.31,117.0,39.0,6.597084962318934,156,78.0,-12.0,0.5,157.25,
2025-04-08 12:41:51,157.0,9.0,231.73,22.0,156.0,72.0,249.44,18.0,194.36,74.72999999999999,81.0,40.0,9.658409289320216,121,41.0,-35.0,0.34,157.25,
2025-04-08 12:41:52,155.7,23.0,221.11,19.0,155.47,60.0,223.25,8.0,188.4,65.41000000000003,83.0,27.0,10.772773551875796,110,56.0,-11.0,0.51,156.0,10.0
2025-04-08 12:41:53,155.0,162.0,217.73,26.0,154.0,52.0,220.11,19.0,186.37,62.72999999999999,214.0,45.0,12.68767393969341,259,169.0,149.0,0.65,156.0,
2025-04-08 12:41:54,155.0,187.0,213.31,16.0,122.82,44.0,215.07,29.0,184.16,58.31,231.0,45.0,10.895379754737604,276,186.0,17.0,0.67,156.0,
2025-04-08 12:41:55,158.12,77.0,204.25,48.0,154.23,259.0,205.59,37.0,181.18,46.13,336.0,85.0,4.960048386852289,421,251.0,145.0,0.6,156.0,
2025-04-08 12:41:56,156.41,142.0,200.27,63.0,155.26,125.0,202.11,35.0,178.34,43.860000000000014,267.0,98.0,4.015905875378526,365,169.0,-56.0,0.46,158.14,7.0
2025-04-08 12:41:57,155.0,299.0,196.94,31.0,154.0,52.0,198.47,53.0,175.97,41.94,351.0,84.0,4.213766723477612,435,267.0,70.0,0.61,158.14,
2025-04-08 12:41:58,155.62,73.0,192.0,51.0,154.95,256.0,192.98,51.0,173.81,36.38,329.0,102.0,4.1065886085502425,431,227.0,-4.0,0.53,156.6,5.0
2025-04-08 12:41:59,160.9,41.0,184.71,17.0,157.06,65.0,188.68,25.0,172.8,23.81,106.0,42.0,3.4081886684664617,148,64.0,-168.0,0.43,156.6,
2025-04-08 12:42:00,161.39,38.0,185.98,44.0,159.91,55.0,187.42,24.0,173.69,24.590000000000003,93.0,68.0,2.238206871550452,161,25.0,13.0,0.16,162.0,3.0
2025-04-08 12:42:01,161.0,30.0,182.81,26.0,158.0,20.0,184.43,42.0,171.9,21.81,50.0,68.0,1.5160244060862358,118,-18.0,-43.0,-0.15,162.0,
2025-04-08 12:42:02,161.0,30.0,179.27,33.0,158.0,24.0,180.85,26.0,170.14,18.27000000000001,54.0,59.0,1.5121739317430436,113,-5.0,-5.0,-0.04,161.0,1.0
2025-04-08 12:42:03,161.0,24.0,176.36,25.0,158.0,24.0,176.85,54.0,168.68,15.360000000000014,48.0,79.0,2.0267757645674545,127,-31.0,14.0,-0.24,161.0,
2025-04-08 12:42:04,161.0,26.0,170.46,37.0,158.0,26.0,171.11,61.0,165.73,9.460000000000008,52.0,98.0,3.050290150105532,150,-46.0,23.0,-0.31,161.0,
2025-04-08 12:42:05,155.66,128.0,166.29,49.0,155.47,38.0,168.76,33.0,160.97,10.629999999999995,166.0,82.0,4.286447246825499,248,84.0,98.0,0.34,159.5,4.0
2025-04-08 12:42:06,155.0,190.0,162.17,36.0,154.0,40.0,163.83,36.0,158.58,7.169999999999988,230.0,72.0,4.944446379505414,302,158.0,54.0,0.52,159.5,
2025-04-08 12:42:07,155.05,100.0,158.63,27.0,154.83,115.0,158.68,38.0,156.84,3.579999999999984,215.0,65.0,4.944446379504042,280,150.0,-22.0,0.54,156.0,1.0
2025-04-08 12:42:08,155.0,177.0,156.18,11.0,154.0,44.0,158.73,55.0,155.59,1.1800000000000068,221.0,66.0,4.005467513259494,287,155.0,7.0,0.54,155.0,5.0
2025-04-08 12:42:09,155.0,23.0,343.69,13.0,154.0,20.0,276.94,17.0,249.35,188.69,43.0,30.0,40.905072179374805,73,13.0,-168.0,0.18,155.0,6.0
2025-04-08 12:42:10,161.73,52.0,314.12,51.0,154.88,32.0,375.1,39.0,237.92,152.39,84.0,90.0,47.63372576232035,174,-6.0,101.0,-0.03,162.0,4.0
2025-04-08 12:42:11,162.0,33.0,196.96,27.0,155.0,50.0,350.87,39.0,179.48,34.96000000000001,83.0,66.0,44.84071397736619,149,17.0,-25.0,0.11,162.0,
2025-04-08 12:42:12,162.0,36.0,181.33,12.0,155.0,72.0,340.0,32.0,171.67,19.330000000000013,108.0,44.0,42.018092174680895,152,64.0,3.0,0.42,162.0,
2025-04-08 12:42:13,157.0,42.0,180.4,15.0,154.55,44.0,305.46,13.0,168.7,23.40000000000001,86.0,28.0,38.9440602659763,114,58.0,-38.0,0.51,162.0,3.0
2025-04-08 12:42:14,155.0,194.0,178.5,22.0,154.0,56.0,179.05,20.0,166.75,23.5,250.0,42.0,30.03078470503074,292,208.0,168.0,0.71,162.0,
2025-04-08 12:42:15,155.0,140.0,172.71,28.0,154.0,84.0,174.14,14.0,163.86,17.710000000000008,224.0,42.0,5.970114739251831,266,182.0,-26.0,0.68,155.0,6.0
2025-04-08 12:42:16,158.56,36.0,169.3,30.0,154.89,90.0,170.69,16.0,163.93,10.740000000000007,126.0,46.0,3.3182932359597057,172,80.0,-94.0,0.47,155.0,
2025-04-08 12:42:17,161.13,30.0,166.49,53.0,154.99,163.0,167.4,58.0,163.81,5.360000000000014,193.0,111.0,2.223319590119204,304,82.0,132.0,0.27,160.33,3.0
2025-04-08 12:42:18,155.0,26.0,164.0,20.0,154.0,5.0,165.0,15.0,159.5,9.0,31.0,35.0,2.595602049582784,66,-4.0,-168.0,-0.06,160.33,
2025-04-08 12:42:19,155.0,103.0,161.89,18.0,154.0,14.0,163.18,44.0,158.44,6.889999999999986,117.0,62.0,2.70840728100295,179,55.0,113.0,0.31,160.33,
2025-04-08 12:42:20,155.0,120.0,158.63,38.0,154.0,15.0,159.03,37.0,156.82,3.629999999999996,135.0,75.0,3.221296322877261,210,60.0,31.0,0.29,157.0,2.0
2025-04-08 12:42:21,155.0,72.0,156.78,9.0,154.0,9.0,158.0,27.0,155.89,1.7800000000000011,81.0,36.0,3.0848776312480077,117,45.0,-93.0,0.38,157.0,
2025-04-08 12:42:22,155.17,54.0,157.62,26.0,154.84,38.0,162.0,30.0,156.39,2.450000000000017,92.0,56.0,1.5106190783141549,148,36.0,31.0,0.24,155.8,5.0
2025-04-08 12:42:23,155.0,41.0,156.52,23.0,154.0,8.0,160.0,24.0,155.76,1.5200000000000102,49.0,47.0,1.0804860016505848,96,2.0,-52.0,0.02,155.0,3.0
2025-04-08 12:42:24,155.0,32.0,156.0,24.0,154.0,8.0,157.0,24.0,155.5,1.0,40.0,48.0,0.5287437940627411,88,-8.0,-8.0,-0.09,155.0,
2025-04-08 12:42:25,155.0,24.0,347.25,8.0,154.0,6.0,576.69,13.0,251.12,192.25,30.0,21.0,42.59161619379872,51,9.0,-37.0,0.18,156.5,6.0
2025-04-08 12:42:26,157.85,27.0,442.0,7.0,154.5,8.0,610.25,8.0,299.93,284.15,35.0,15.0,67.7653691054657,50,20.0,-1.0,0.4,156.5,
2025-04-08 12:42:27,162.0,64.0,427.0,12.0,157.14,14.0,462.0,6.0,294.5,265.0,78.0,18.0,71.67471953206476,96,60.0,46.0,0.62,162.0,1.0
2025-04-08 12:42:28,162.0,75.0,421.93,14.0,158.0,16.0,493.6,10.0,291.96,259.93,91.0,24.0,60.81823098381176,115,67.0,19.0,0.58,162.0,1.0
2025-04-08 12:42:29,162.15,53.0,321.0,7.0,160.57,28.0,750.0,14.0,241.58,158.85,81.0,21.0,27.26353645439944,102,60.0,-13.0,0.59,162.0,
2025-04-08 12:42:30,164.0,17.0,321.0,5.0,162.0,45.0,702.0,10.0,242.5,157.0,62.0,15.0,29.404245951909022,77,47.0,-25.0,0.61,164.0,3.0
2025-04-08 12:42:31,164.0,5.0,233.0,10.0,162.0,45.0,321.0,5.0,198.5,69.0,50.0,15.0,40.1490463149532,65,35.0,-12.0,0.54,164.0,
2025-04-08 12:42:32,164.0,4.0,285.8,5.0,162.0,36.0,591.0,7.0,224.9,121.8,40.0,12.0,34.12764744309498,52,28.0,-13.0,0.54,164.0,
2025-04-08 12:42:33,162.18,44.0,253.17,23.0,160.77,52.0,435.74,27.0,207.68,90.98999999999998,96.0,50.0,19.773869626355467,146,46.0,94.0,0.32,162.4,5.0
2025-04-08 12:42:34,161.48,46.0,191.0,44.0,157.84,19.0,430.33,12.0,176.24,29.52000000000001,65.0,56.0,25.27658758614456,121,9.0,-25.0,0.07,162.0,5.0
2025-04-08 12:42:35,158.0,18.0,189.33,36.0,157.0,9.0,315.94,17.0,173.67,31.330000000000013,27.0,53.0,21.603083576192727,80,-26.0,-41.0,-0.33,162.0,
2025-04-08 12:42:36,157.7,20.0,161.63,51.0,155.33,43.0,168.15,40.0,159.66,3.930000000000007,63.0,91.0,26.9016263448872,154,-28.0,74.0,-0.18,158.0,2.0
2025-04-08 12:42:37,155.34,41.0,158.37,43.0,154.72,58.0,179.5,48.0,156.86,3.030000000000001,99.0,91.0,20.220692866463818,190,8.0,36.0,0.04,156.0,2.0
2025-04-08 12:42:38,156.2,40.0,175.57,21.0,154.47,30.0,227.86,14.0,165.89,19.370000000000005,70.0,35.0,8.461047807441998,105,35.0,-85.0,0.33,159.0,4.0
2025-04-08 12:42:39,163.0,33.0,309.82,11.0,158.18,83.0,432.46,13.0,236.41,146.82,116.0,24.0,33.011908003020345,140,92.0,35.0,0.66,159.0,
2025-04-08 12:42:40,163.0,21.0,170.0,7.0,161.0,77.0,203.39,23.0,166.5,7.0,98.0,30.0,33.42717801430255,128,68.0,-12.0,0.53,159.0,
2025-04-08 12:42:41,163.0,15.0,186.8,15.0,161.0,66.0,279.47,19.0,174.9,23.80000000000001,81.0,34.0,32.11244727515932,115,47.0,-13.0,0.41,163.0,1.0
2025-04-08 12:42:42,163.0,12.0,191.0,24.0,161.0,66.0,386.17,18.0,177.0,28.0,78.0,42.0,29.63419561924884,120,36.0,5.0,0.3,163.0,
2025-04-08 12:42:43,164.0,30.0,188.67,18.0,163.0,12.0,260.6,20.0,176.33,24.669999999999987,42.0,38.0,28.36757427063367,80,4.0,-40.0,0.05,163.0,
2025-04-08 12:42:44,164.0,15.0,170.0,7.0,163.0,14.0,191.0,28.0,167.0,6.0,29.0,35.0,5.167453918502623,64,-6.0,-16.0,-0.09,164.0,4.0
2025-04-08 12:42:45,164.0,8.0,461.2,20.0,163.0,16.0,502.0,28.0,312.6,297.2,24.0,48.0,62.19882860633305,72,-24.0,8.0,-0.33,164.0,
2025-04-08 12:42:46,164.0,8.0,295.61,31.0,163.0,16.0,431.59,29.0,229.81,131.61,24.0,60.0,61.1522760819256,84,-36.0,12.0,-0.43,164.0,
2025-04-08 12:42:47,164.0,7.0,217.14,35.0,163.0,14.0,219.0,28.0,190.57,53.13999999999999,21.0,63.0,59.45785625129839,84,-42.0,0.0,-0.5,164.0,
2025-04-08 12:42:48,164.0,10.0,215.5,50.0,163.0,20.0,352.52,25.0,189.75,51.5,30.0,75.0,57.53279264906298,105,-45.0,21.0,-0.43,164.0,
2025-04-08 12:42:49,161.94,32.0,208.29,59.0,161.67,30.0,229.14,28.0,185.11,46.35,62.0,87.0,53.98426270683053,149,-25.0,44.0,-0.17,163.33,3.0
2025-04-08 12:42:50,161.0,99.0,197.86,36.0,159.0,45.0,198.83,41.0,179.43,36.860000000000014,144.0,77.0,19.994616275386704,221,67.0,72.0,0.3,163.33,
2025-04-08 12:42:51,161.0,150.0,181.01,68.0,159.0,70.0,183.22,55.0,171.01,20.00999999999999,220.0,123.0,8.119007328479277,343,97.0,122.0,0.28,161.0,1.0
2025-04-08 12:42:52,161.0,137.0,176.48,54.0,159.0,75.0,178.78,49.0,168.74,15.47999999999999,212.0,103.0,8.972219346397985,315,109.0,-28.0,0.35,161.0,1.0
2025-04-08 12:42:53,161.01,110.0,173.21,43.0,159.22,73.0,174.15,41.0,167.11,12.200000000000015,183.0,84.0,7.690981731863334,267,99.0,-48.0,0.37,161.0,1.0
2025-04-08 12:42:54,161.5,30.0,169.32,76.0,160.78,135.0,170.33,69.0,165.41,7.819999999999993,165.0,145.0,5.485772507116536,310,20.0,43.0,0.06,161.25,4.0
2025-04-08 12:42:55,160.78,45.0,165.52,31.0,158.85,53.0,166.52,25.0,163.15,4.740000000000009,98.0,56.0,3.0180755457442143,154,42.0,-156.0,0.27,161.25,
2025-04-08 12:42:56,159.43,56.0,161.25,44.0,158.16,95.0,162.22,49.0,160.34,1.8199999999999927,151.0,93.0,3.306561658249932,244,58.0,90.0,0.24,160.1,10.0
2025-04-08 12:42:57,158.21,58.0,159.7,20.0,156.66,146.0,287.04,47.0,158.95,1.489999999999981,204.0,67.0,3.3985467482144114,271,137.0,27.0,0.51,158.5,4.0
2025-04-08 12:42:58,158.0,55.0,181.4,25.0,156.0,110.0,321.18,22.0,169.7,23.40000000000001,165.0,47.0,4.269022136251024,212,118.0,-59.0,0.56,158.0,1.0
2025-04-08 12:42:59,158.0,45.0,186.73,33.0,156.0,99.0,231.0,18.0,172.36,28.72999999999999,144.0,51.0,5.872610152207305,195,93.0,-17.0,0.48,158.0,
2025-04-08 12:43:00,158.0,52.0,185.92,36.0,156.0,132.0,186.94,47.0,171.96,27.919999999999987,184.0,83.0,6.504000307489016,267,101.0,72.0,0.38,158.0,1.0
2025-04-08 12:43:01,158.0,16.0,183.75,12.0,156.0,44.0,186.0,12.0,170.88,25.75,60.0,24.0,5.586000358022531,84,36.0,-168.0,0.43,158.0,
2025-04-08 12:43:02,158.82,44.0,181.81,26.0,156.11,105.0,183.45,33.0,170.31,22.99000000000001,149.0,59.0,1.1116294345865312,208,90.0,124.0,0.43,158.0,1.0
2025-04-08 12:43:03,160.4,30.0,177.44,32.0,156.95,63.0,178.74,38.0,168.92,17.039999999999992,93.0,70.0,1.3714153272580871,163,23.0,-45.0,0.14,160.57,7.0
2025-04-08 12:43:04,156.09,70.0,175.53,19.0,155.38,58.0,176.71,21.0,165.81,19.44,128.0,40.0,2.3735901077970185,168,88.0,5.0,0.52,158.0,2.0
2025-04-08 12:43:05,159.38,21.0,174.44,27.0,157.09,53.0,175.22,23.0,166.91,15.060000000000002,74.0,50.0,2.1713659295076986,124,24.0,-44.0,0.19,158.0,
2025-04-08 12:43:06,161.0,14.0,171.44,18.0,159.0,21.0,172.47,17.0,166.22,10.439999999999998,35.0,35.0,1.91476630423198,70,0.0,-54.0,0.0,158.0,
2025-04-08 12:43:07,161.85,26.0,166.66,35.0,158.31,39.0,168.7,30.0,164.25,4.810000000000002,65.0,65.0,1.7037517424249746,130,0.0,60.0,0.0,158.0,
2025-04-08 12:43:08,160.0,30.0,164.75,24.0,157.24,49.0,166.41,22.0,162.38,4.75,79.0,46.0,1.813458022621328,125,33.0,-5.0,0.26,164.0,2.0
2025-04-08 12:43:09,157.67,86.0,164.56,48.0,156.94,138.0,179.39,44.0,161.12,6.890000000000015,224.0,92.0,2.4608392876831697,316,132.0,168.0,0.42,163.0,1.0
2025-04-08 12:43:10,158.0,30.0,161.28,25.0,157.0,170.0,172.29,24.0,159.64,3.280000000000001,200.0,49.0,2.5861593144657307,249,151.0,-67.0,0.61,163.0,
2025-04-08 12:43:11,157.18,84.0,159.89,27.0,156.75,97.0,261.0,34.0,158.53,2.7099999999999795,181.0,61.0,2.2506954480316157,242,120.0,-7.0,0.5,158.0,3.0
2025-04-08 12:43:12,157.0,87.0,159.17,24.0,155.0,24.0,362.0,48.0,158.08,2.1699999999999875,111.0,72.0,1.7946587418738122,183,39.0,-59.0,0.21,158.0,
2025-04-08 12:43:15,159.0,42.0,322.58,31.0,157.0,28.0,377.09,22.0,240.79,163.57999999999998,70.0,53.0,87.86294799288378,123,17.0,70.0,0.14,158.0,
2025-04-08 12:43:16,159.0,39.0,187.37,30.0,157.0,32.0,260.19,31.0,173.18,28.370000000000005,71.0,61.0,84.4474856345659,132,10.0,9.0,0.08,158.0,
2025-04-08 12:43:17,158.8,30.0,182.93,28.0,156.86,29.0,183.9,30.0,170.86,24.129999999999995,59.0,58.0,81.18867993753949,117,1.0,-15.0,0.01,159.0,3.0
2025-04-08 12:43:18,158.08,37.0,172.29,38.0,155.91,33.0,174.89,36.0,165.19,14.20999999999998,70.0,74.0,67.22396172496866,144,-4.0,27.0,-0.03,159.0,
2025-04-08 12:43:19,158.23,26.0,166.95,38.0,155.62,24.0,169.08,36.0,162.59,8.719999999999999,50.0,74.0,32.84858398774434,124,-24.0,-20.0,-0.19,159.25,4.0
2025-04-08 12:43:20,157.0,22.0,162.31,32.0,155.0,22.0,164.33,24.0,159.66,5.310000000000002,44.0,56.0,5.639452987641129,100,-12.0,-24.0,-0.12,159.25,
2025-04-08 12:43:21,156.43,14.0,159.0,21.0,154.62,16.0,160.21,19.0,157.71,2.569999999999993,30.0,40.0,5.140026264504804,70,-10.0,-30.0,-0.14,157.0,2.0
2025-04-08 12:43:22,154.62,24.0,158.85,47.0,152.2,40.0,161.0,32.0,156.74,4.22999999999999,64.0,79.0,3.497037317471076,143,-15.0,73.0,-0.1,157.0,1.0
2025-04-08 12:43:23,154.3,20.0,156.14,14.0,119.23,39.0,157.31,26.0,155.22,1.839999999999975,59.0,40.0,2.849847364294376,99,19.0,-44.0,0.19,155.0,1.0
2025-04-08 12:43:44,149.82,33.0,151.46,69.0,148.82,33.0,151.98,63.0,150.64,1.6400000000000148,66.0,132.0,3.3255721311855946,198,-66.0,102.0,-0.33,150.56,9.0
2025-04-08 12:43:45,151.12,17.0,153.29,21.0,150.29,21.0,215.5,24.0,152.2,2.1699999999999875,38.0,45.0,3.370351613663989,83,-7.0,-115.0,-0.08,152.14,7.0
2025-04-08 12:43:46,153.06,17.0,300.23,39.0,151.89,27.0,385.66,29.0,226.64,147.17000000000002,44.0,68.0,34.550131982379,112,-24.0,29.0,-0.21,154.0,4.0
2025-04-08 12:43:47,158.0,5.0,227.09,23.0,157.0,21.0,375.35,17.0,192.54,69.09,26.0,40.0,34.49790834238872,66,-14.0,-46.0,-0.21,154.0,
2025-04-08 12:43:48,158.0,4.0,237.17,18.0,157.0,24.0,401.08,13.0,197.58,79.16999999999999,28.0,31.0,32.40221905980979,59,-3.0,-7.0,-0.05,154.0,
2025-04-08 12:43:49,160.92,72.0,300.74,43.0,157.45,22.0,421.72,43.0,230.83,139.82000000000002,94.0,86.0,31.64852950770349,180,8.0,121.0,0.04,154.0,
2025-04-08 12:43:50,161.0,70.0,274.45,44.0,158.0,30.0,414.0,32.0,217.73,113.45,100.0,76.0,17.195194968363733,176,24.0,-4.0,0.14,154.0,
2025-04-08 12:43:51,161.0,62.0,458.92,26.0,158.0,50.0,490.85,34.0,309.96,297.92,112.0,60.0,47.43095371168623,172,52.0,-4.0,0.3,161.0,1.0
2025-04-08 12:43:52,161.0,27.0,456.39,36.0,158.0,40.0,456.92,12.0,308.69,295.39,67.0,48.0,52.80309432221028,115,19.0,-57.0,0.17,161.0,3.0
2025-04-08 12:43:53,161.0,24.0,453.89,28.0,158.0,50.0,454.25,20.0,307.45,292.89,74.0,48.0,46.47859421282385,122,26.0,7.0,0.21,161.0,
2025-04-08 12:43:54,159.0,45.0,451.11,19.0,157.54,65.0,469.91,43.0,305.05,292.11,110.0,62.0,40.3157063686154,172,48.0,50.0,0.28,160.25,4.0
2025-04-08 12:43:55,158.0,74.0,381.22,37.0,157.0,60.0,451.15,47.0,269.61,223.22000000000003,134.0,84.0,17.169444370755475,218,50.0,46.0,0.23,160.25,
2025-04-08 12:43:56,158.0,66.0,329.5,24.0,157.0,36.0,451.11,27.0,243.75,171.5,102.0,51.0,29.10066665903722,153,51.0,-65.0,0.33,160.25,
2025-04-08 12:43:57,158.51,88.0,336.39,51.0,157.55,80.0,385.89,55.0,247.45,177.88,168.0,106.0,30.49610991586204,274,62.0,121.0,0.23,160.25,
2025-04-08 12:43:58,160.75,40.0,299.38,24.0,158.0,64.0,301.0,32.0,230.06,138.63,104.0,56.0,29.310808245428184,160,48.0,-114.0,0.3,160.25,
2025-04-08 12:43:59,161.0,60.0,283.5,40.0,158.0,96.0,300.61,46.0,222.25,122.5,156.0,86.0,18.20546840924937,242,70.0,82.0,0.29,160.25,
2025-04-08 12:44:00,161.15,65.0,201.75,48.0,158.0,104.0,229.68,50.0,181.45,40.6,169.0,98.0,26.38812839138251,267,71.0,25.0,0.27,160.25,
2025-04-08 12:44:01,159.16,45.0,163.17,24.0,157.62,64.0,164.91,35.0,161.16,4.009999999999991,109.0,59.0,35.860052007770484,168,50.0,-99.0,0.3,162.2,5.0
2025-04-08 12:44:02,158.0,88.0,319.31,32.0,157.0,72.0,677.36,44.0,238.66,161.31,160.0,76.0,33.616909881784125,236,84.0,68.0,0.36,158.0,2.0
2025-04-08 12:44:05,158.0,8.0,380.18,17.0,157.0,39.0,518.3,23.0,269.09,222.18,47.0,40.0,71.54713879674223,87,7.0,-25.0,0.08,158.0,
2025-04-08 12:44:06,160.77,65.0,378.1,20.0,157.25,20.0,725.3,30.0,269.43,217.33,85.0,50.0,42.31752911029199,135,35.0,48.0,0.26,158.0,
2025-04-08 12:44:07,161.0,84.0,376.82,17.0,158.0,7.0,560.67,18.0,268.91,215.82,91.0,35.0,35.1217599217414,126,56.0,-9.0,0.44,158.0,
2025-04-08 12:44:08,161.0,106.0,261.45,22.0,158.0,9.0,359.95,38.0,211.23,100.45,115.0,60.0,47.57260219916853,175,55.0,49.0,0.31,161.0,2.0
2025-04-08 12:44:09,161.0,70.0,283.0,14.0,158.0,7.0,400.33,27.0,222.0,122.0,77.0,41.0,29.02243477036704,118,36.0,-57.0,0.31,161.0,
2025-04-08 12:44:10,161.0,100.0,281.5,20.0,158.0,10.0,383.48,46.0,221.25,120.5,110.0,66.0,28.26162557249956,176,44.0,58.0,0.25,161.0,
2025-04-08 12:44:11,163.0,112.0,249.91,23.0,161.0,90.0,355.0,30.0,206.46,86.91,202.0,53.0,24.898747960491853,255,149.0,79.0,0.58,163.0,2.0
2025-04-08 12:44:12,163.0,79.0,230.39,38.0,161.0,120.0,241.75,40.0,196.7,67.38999999999999,199.0,78.0,10.604516490629056,277,121.0,22.0,0.44,163.0,5.0
2025-04-08 12:44:13,163.0,77.0,176.75,36.0,161.0,130.0,188.04,56.0,169.88,13.75,207.0,92.0,21.461160732821085,299,115.0,22.0,0.38,163.0,1.0
2025-04-08 12:44:14,162.11,61.0,165.67,30.0,161.56,104.0,168.0,75.0,163.89,3.559999999999974,165.0,105.0,24.31845040293322,270,60.0,-29.0,0.22,163.0,5.0
2025-04-08 12:44:15,161.08,98.0,164.92,26.0,160.07,58.0,168.0,65.0,163.0,3.839999999999975,156.0,91.0,20.186425637042923,247,65.0,-23.0,0.26,163.0,
2025-04-08 12:44:16,162.0,12.0,163.0,22.0,161.0,110.0,168.0,55.0,162.5,1.0,122.0,77.0,14.563295643494262,199,45.0,-48.0,0.23,162.0,1.0
2025-04-08 12:44:17,162.0,8.0,167.38,40.0,159.88,32.0,404.5,32.0,164.69,5.379999999999996,40.0,72.0,2.96547972506754,112,-32.0,-87.0,-0.29,163.0,2.0
2025-04-08 12:44:18,162.71,28.0,166.0,60.0,158.8,20.0,423.26,53.0,164.36,3.289999999999992,48.0,113.0,0.9193856643330388,161,-65.0,49.0,-0.4,163.0,
2025-04-08 12:44:19,163.0,55.0,165.27,55.0,162.0,11.0,336.47,47.0,164.14,2.2700000000000102,66.0,102.0,0.9396914386017116,168,-36.0,7.0,-0.21,163.0,
2025-04-08 12:44:20,162.66,44.0,217.69,51.0,161.19,26.0,317.31,42.0,190.17,55.03,70.0,93.0,11.768562783951513,163,-23.0,-5.0,-0.14,162.83,6.0
2025-04-08 12:44:21,161.0,73.0,350.92,52.0,159.0,14.0,480.58,52.0,255.96,189.92,87.0,104.0,39.66952016346937,191,-17.0,28.0,-0.09,161.0,1.0
2025-04-08 12:44:22,161.0,49.0,300.57,42.0,158.91,11.0,341.66,41.0,230.79,139.57,60.0,83.0,41.00746432053523,143,-23.0,-48.0,-0.16,161.0,2.0
2025-04-08 12:44:23,161.0,15.0,285.0,20.0,159.0,5.0,323.0,20.0,223.0,124.0,20.0,40.0,35.95266846841871,60,-20.0,-83.0,-0.33,161.0,
2025-04-08 12:44:24,161.0,24.0,285.0,44.0,159.0,8.0,394.4,25.0,223.0,124.0,32.0,69.0,23.517596178183,101,-37.0,41.0,-0.37,161.0,
2025-04-08 12:44:25,161.0,15.0,285.0,28.0,159.0,7.0,380.0,21.0,223.0,124.0,22.0,49.0,14.27351743615148,71,-27.0,-30.0,-0.38,161.0,1.0
2025-04-08 12:44:26,157.33,67.0,285.0,40.0,155.57,30.0,340.0,30.0,221.16,127.67,97.0,70.0,3.77455957696858,167,27.0,96.0,0.16,159.2,5.0
2025-04-08 12:44:27,157.0,96.0,244.38,16.0,155.0,40.0,266.82,22.0,200.69,87.38,136.0,38.0,9.804045083538464,174,98.0,7.0,0.56,159.2,
2025-04-08 12:44:28,157.0,156.0,243.96,25.0,155.0,65.0,259.46,26.0,200.48,86.96000000000001,221.0,51.0,11.965098411631724,272,170.0,98.0,0.62,159.2,
2025-04-08 12:44:29,157.48,23.0,242.42,12.0,156.93,137.0,244.0,24.0,199.95,84.94,160.0,36.0,11.910068429694638,196,124.0,-76.0,0.63,159.2,
2025-04-08 12:44:30,158.0,9.0,241.18,17.0,157.0,108.0,242.87,15.0,199.59,83.18,117.0,32.0,9.393659031494884,149,85.0,-47.0,0.57,159.2,
2025-04-08 12:44:31,158.0,14.0,238.09,33.0,157.0,168.0,239.0,21.0,198.05,80.09,182.0,54.0,1.0454759681419792,236,128.0,87.0,0.54,159.2,
2025-04-08 12:44:32,158.0,12.0,197.76,25.0,157.0,104.0,220.11,27.0,177.88,39.75999999999999,116.0,52.0,9.718762781338992,168,64.0,-68.0,0.38,159.2,
2025-04-08 12:44:33,158.0,54.0,181.53,17.0,157.0,80.0,194.44,27.0,169.76,23.53,134.0,44.0,14.21068717549965,178,90.0,10.0,0.51,158.0,2.0
2025-04-08 12:44:34,158.93,112.0,176.86,29.0,157.76,68.0,177.79,39.0,167.9,17.930000000000007,180.0,68.0,15.252787614068428,248,112.0,70.0,0.45,158.0,
2025-04-08 12:44:35,159.48,69.0,172.3,46.0,158.0,72.0,173.49,53.0,165.89,12.820000000000022,141.0,99.0,13.19509871125816,240,42.0,-8.0,0.17,159.0,5.0
2025-04-08 12:44:36,160.0,42.0,168.94,34.0,157.7,80.0,169.83,35.0,164.47,8.939999999999998,122.0,69.0,5.260061786691714,191,53.0,-49.0,0.28,160.0,3.0
2025-04-08 12:44:37,162.75,12.0,166.28,18.0,160.29,14.0,167.16,19.0,164.51,3.530000000000001,26.0,37.0,2.2934973293644,63,-11.0,-128.0,-0.17,160.0,
2025-04-08 12:44:38,155.51,99.0,162.57,23.0,155.51,37.0,163.85,27.0,159.04,7.060000000000002,136.0,50.0,3.286695909236423,186,86.0,123.0,0.46,159.4,5.0
2025-04-08 12:44:39,155.0,168.0,160.38,24.0,154.0,98.0,161.94,16.0,157.69,5.379999999999996,266.0,40.0,3.6864210285562415,306,226.0,120.0,0.74,159.4,
2025-04-08 12:44:40,155.0,80.0,157.1,29.0,154.0,154.0,158.61,18.0,156.05,2.0999999999999943,234.0,47.0,3.923062579130276,281,187.0,-25.0,0.67,155.2,5.0
2025-04-08 12:44:41,155.0,32.0,156.4,10.0,154.0,110.0,157.8,10.0,155.7,1.4000000000000057,142.0,20.0,3.565889790748447,162,122.0,-119.0,0.75,155.0,2.0
2025-04-08 12:44:42,155.0,15.0,156.0,8.0,154.0,88.0,175.91,11.0,155.5,1.0,103.0,19.0,1.5225077995713308,122,84.0,-40.0,0.69,155.0,1.0
2025-04-08 12:44:43,154.01,73.0,156.0,10.0,116.04,46.0,252.2,40.0,155.01,1.990000000000009,119.0,50.0,1.0220322889966675,169,69.0,47.0,0.41,154.25,4.0
2025-04-08 12:44:44,154.0,37.0,156.0,5.0,119.4,15.0,257.0,16.0,155.0,2.0,52.0,21.0,0.4530673236388359,73,31.0,-96.0,0.42,154.0,3.0
2025-04-08 12:44:45,154.0,40.0,255.17,23.0,131.19,26.0,332.94,16.0,204.59,101.17,66.0,39.0,22.044161358504773,105,27.0,32.0,0.26,155.0,1.0
2025-04-08 12:44:46,154.58,26.0,458.67,24.0,153.5,30.0,632.0,6.0,306.62,304.09000000000003,56.0,30.0,65.78345331464394,86,26.0,-19.0,0.3,155.0,5.0
2025-04-08 12:44:47,155.33,12.0,460.52,21.0,153.02,41.0,550.29,24.0,307.93,305.18999999999994,53.0,45.0,77.05668854810776,98,8.0,12.0,0.08,155.0,
2025-04-08 12:44:48,155.33,24.0,437.86,21.0,98.94,33.0,539.46,37.0,296.6,282.53,57.0,58.0,70.23942603695032,115,-1.0,17.0,-0.01,155.0,
2025-04-08 12:44:50,159.0,12.0,222.55,40.0,154.0,24.0,391.6,30.0,190.78,63.55000000000001,36.0,70.0,53.3470661798787,106,-34.0,25.0,-0.32,155.0,
2025-04-08 12:44:51,156.5,12.0,188.78,45.0,131.78,27.0,325.0,13.0,172.64,32.28,39.0,58.0,70.53452792781869,97,-19.0,-9.0,-0.2,159.0,1.0
2025-04-08 12:44:52,155.13,60.0,186.93,54.0,141.78,36.0,205.48,58.0,171.03,31.80000000000001,96.0,112.0,72.84798096035406,208,-16.0,111.0,-0.08,159.0,
2025-04-08 12:44:53,160.05,38.0,183.06,34.0,158.84,19.0,184.08,26.0,171.56,23.00999999999999,57.0,60.0,65.64875756630883,117,-3.0,-91.0,-0.03,159.0,
2025-04-08 12:44:54,161.6,25.0,180.11,38.0,159.0,60.0,182.08,48.0,170.85,18.51000000000002,85.0,86.0,8.641514334875009,171,-1.0,54.0,-0.01,159.0,
2025-04-08 12:44:55,158.22,74.0,176.83,52.0,155.47,38.0,178.51,47.0,167.52,18.610000000000014,112.0,99.0,1.9199609370580024,211,13.0,40.0,0.06,160.5,4.0
2025-04-08 12:44:56,158.0,98.0,170.37,60.0,154.0,42.0,171.85,60.0,164.18,12.370000000000005,140.0,120.0,3.1430828814749368,260,20.0,49.0,0.08,160.5,
2025-04-08 12:44:57,158.0,98.0,164.56,55.0,154.0,42.0,165.13,61.0,161.28,6.560000000000002,140.0,116.0,4.373982167294661,256,24.0,-4.0,0.09,160.5,
2025-04-08 12:44:58,158.0,62.0,159.17,36.0,154.0,30.0,162.37,38.0,158.58,1.1699999999999875,92.0,74.0,4.8723320904675065,166,18.0,-90.0,0.11,158.0,2.0
2025-04-08 12:44:59,156.91,44.0,158.58,48.0,150.91,35.0,161.75,51.0,157.75,1.670000000000016,79.0,99.0,4.0436641798976325,178,-20.0,12.0,-0.11,158.0,5.0
2025-04-08 12:45:00,154.09,46.0,157.71,68.0,123.46,56.0,175.12,64.0,155.9,3.620000000000005,102.0,132.0,3.237764660962292,234,-30.0,56.0,-0.13,157.33,6.0
2025-04-08 12:45:01,155.0,18.0,157.22,27.0,154.0,27.0,219.78,36.0,156.11,2.219999999999999,45.0,63.0,2.18577903726994,108,-18.0,-126.0,-0.17,157.33,
2025-04-08 12:45:02,155.0,24.0,157.0,37.0,154.0,51.0,383.42,57.0,156.0,2.0,75.0,94.0,1.2220761022799476,169,-19.0,61.0,-0.11,156.0,2.0
2025-04-08 12:45:03,154.42,12.0,213.27,30.0,134.47,43.0,461.89,36.0,183.84,58.85000000000002,55.0,66.0,12.277196341176092,121,-11.0,-48.0,-0.09,155.0,5.0
2025-04-08 12:45:04,154.0,9.0,262.17,30.0,118.75,32.0,419.67,27.0,208.08,108.17000000000002,41.0,57.0,23.50347378580101,98,-16.0,-23.0,-0.16,155.0,
2025-04-08 12:45:05,150.38,34.0,231.71,58.0,139.18,50.0,236.75,59.0,191.04,81.33000000000001,84.0,117.0,22.732051821159224,201,-33.0,103.0,-0.16,155.0,1.0
2025-04-08 12:45:06,150.95,82.0,214.91,45.0,119.62,52.0,233.26,34.0,182.93,63.96000000000001,134.0,79.0,18.80069200853772,213,55.0,12.0,0.26,153.0,1.0
2025-04-08 12:45:07,159.0,112.0,217.86,70.0,153.41,102.0,228.89,61.0,188.43,58.860000000000014,214.0,131.0,10.181244030074357,345,83.0,132.0,0.24,153.0,
2025-04-08 12:45:08,159.19,74.0,214.38,80.0,155.03,102.0,217.0,80.0,186.78,55.19,176.0,160.0,9.749931794629516,336,16.0,-9.0,0.05,159.0,5.0
2025-04-08 12:45:09,159.67,18.0,210.3,50.0,156.14,42.0,211.4,50.0,184.98,50.63000000000002,60.0,100.0,3.1192579245560106,160,-40.0,-168.0,-0.25,161.0,1.0
2025-04-08 12:45:10,154.46,97.0,207.57,70.0,127.26,68.0,208.57,70.0,181.02,53.10999999999999,165.0,140.0,2.9542799460944646,305,25.0,145.0,0.08,157.0,5.0
2025-04-08 12:45:11,155.33,48.0,203.4,48.0,148.63,76.0,206.25,60.0,179.36,48.06999999999999,124.0,108.0,3.8294490465199416,232,16.0,-73.0,0.07,157.0,
2025-04-08 12:45:12,154.49,59.0,178.93,46.0,152.2,100.0,198.17,46.0,166.71,24.44,159.0,92.0,7.883184635657842,251,67.0,19.0,0.27,158.0,2.0
2025-04-08 12:45:13,159.55,29.0,176.29,70.0,154.1,91.0,178.0,70.0,167.92,16.73999999999998,120.0,140.0,8.196354067501842,260,-20.0,9.0,-0.08,158.0,
2025-04-08 12:45:14,162.0,60.0,174.44,71.0,157.93,15.0,175.97,67.0,168.22,12.439999999999998,75.0,138.0,6.93473719760439,213,-63.0,-47.0,-0.3,162.0,5.0
2025-04-08 12:45:15,162.0,10.0,170.9,50.0,160.71,31.0,172.0,50.0,166.45,8.900000000000006,41.0,100.0,5.43534451528364,141,-59.0,-72.0,-0.42,162.0,
2025-04-08 12:45:16,161.12,24.0,168.4,30.0,159.6,35.0,170.0,50.0,164.76,7.280000000000001,59.0,80.0,1.3749799997853531,139,-21.0,-2.0,-0.15,161.5,2.0
2025-04-08 12:45:17,161.0,33.0,167.73,33.0,159.0,55.0,170.0,55.0,164.36,6.72999999999999,88.0,88.0,1.7649135955642206,176,0.0,37.0,0.0,161.5,
2025-04-08 12:45:18,159.18,82.0,166.12,48.0,158.42,24.0,170.0,80.0,162.65,6.939999999999998,106.0,128.0,2.1240221278984603,234,-22.0,58.0,-0.09,161.0,3.0
2025-04-08 12:45:19,160.0,58.0,165.43,21.0,159.0,35.0,170.0,35.0,162.71,5.430000000000007,93.0,56.0,1.5829813643239534,149,37.0,-85.0,0.25,160.0,5.0
2025-04-08 12:45:20,159.53,53.0,161.78,46.0,158.88,40.0,163.68,40.0,160.66,2.25,93.0,86.0,1.629837415140326,179,7.0,30.0,0.04,161.29,7.0
2025-04-08 12:45:21,159.0,20.0,160.7,30.0,157.5,10.0,229.8,40.0,159.85,1.6999999999999886,30.0,70.0,1.7960874142943486,100,-40.0,-79.0,-0.4,159.0,3.0
2025-04-08 12:45:22,158.73,52.0,160.0,45.0,157.64,33.0,419.8,45.0,159.37,1.2700000000000102,85.0,90.0,1.5596538076706996,175,-5.0,75.0,-0.03,159.0,5.0
2025-04-08 12:45:23,158.0,61.0,159.89,27.0,157.0,9.0,480.11,18.0,158.94,1.8899999999999864,70.0,45.0,1.4878272748468269,115,25.0,-60.0,0.22,158.0,1.0
2025-04-08 12:45:24,158.0,21.0,300.27,11.0,157.0,7.0,496.94,17.0,229.14,142.26999999999998,28.0,28.0,31.058838838563197,56,0.0,-59.0,0.0,158.0,3.0
2025-04-08 12:45:25,159.11,27.0,271.24,29.0,157.46,13.0,299.0,24.0,215.18,112.13,40.0,53.0,34.73630996522074,93,-13.0,37.0,-0.14,158.0,
2025-04-08 12:45:26,163.0,24.0,283.0,27.0,158.0,27.0,285.0,36.0,223.0,120.0,51.0,63.0,35.01425823860838,114,-12.0,21.0,-0.11,163.0,1.0
2025-04-08 12:45:27,159.07,28.0,270.47,34.0,157.59,17.0,333.03,34.0,214.77,111.40000000000003,45.0,68.0,28.177811838395268,113,-23.0,-1.0,-0.2,161.33,3.0
2025-04-08 12:45:28,159.89,45.0,260.0,27.0,158.0,18.0,262.0,36.0,209.94,100.11,63.0,63.0,7.609604457529838,126,0.0,13.0,0.0,161.33,
2025-04-08 12:45:29,161.48,58.0,259.09,44.0,158.0,28.0,391.32,22.0,210.29,97.61,86.0,66.0,5.272819928656736,152,20.0,26.0,0.13,162.0,4.0
2025-04-08 12:45:30,162.17,12.0,257.1,51.0,157.95,21.0,258.08,37.0,209.63,94.93000000000004,33.0,88.0,5.696799978938545,121,-55.0,-31.0,-0.45,164.0,1.0
2025-04-08 12:45:31,158.0,10.0,255.0,25.0,157.0,5.0,257.0,15.0,206.5,97.0,15.0,40.0,2.9568615118091137,55,-25.0,-66.0,-0.45,164.0,
2025-04-08 12:45:32,158.0,22.0,215.09,33.0,157.0,11.0,251.85,41.0,186.55,57.09,33.0,74.0,10.193177620349315,107,-41.0,52.0,-0.38,164.0,
2025-04-08 12:45:33,158.0,26.0,203.82,45.0,156.18,51.0,205.27,41.0,180.91,45.81999999999999,77.0,86.0,13.952694363454016,163,-9.0,56.0,-0.06,164.0,
2025-04-08 12:45:34,157.0,19.0,201.44,32.0,155.0,24.0,202.21,28.0,179.22,44.44,43.0,60.0,14.452566208114424,103,-17.0,-60.0,-0.17,157.29,7.0
2025-04-08 12:45:35,157.0,20.0,197.18,38.0,155.0,237.0,198.5,30.0,177.09,40.18000000000001,257.0,68.0,11.956196301495666,325,189.0,168.0,0.58,157.29,
2025-04-08 12:45:36,158.19,21.0,194.66,38.0,155.04,212.0,195.57,42.0,176.42,36.47,233.0,80.0,4.050193822506376,313,153.0,-12.0,0.49,162.0,3.0
2025-04-08 12:45:37,155.24,136.0,193.82,33.0,154.57,169.0,194.88,51.0,174.53,38.579999999999984,305.0,84.0,2.4825450650203464,389,221.0,76.0,0.57,157.0,2.0
2025-04-08 12:45:38,155.0,263.0,189.63,43.0,154.0,221.0,190.61,49.0,172.31,34.629999999999995,484.0,92.0,2.620730814076176,576,392.0,168.0,0.68,155.0,3.0
2025-04-08 12:45:39,154.73,113.0,185.17,36.0,152.92,98.0,186.25,24.0,169.95,30.44,211.0,60.0,2.9549111661502176,271,151.0,-168.0,0.56,154.0,3.0
2025-04-08 12:45:40,156.96,46.0,184.29,58.0,154.18,102.0,185.74,38.0,170.62,27.329999999999984,148.0,96.0,2.7021528453869483,244,52.0,-27.0,0.21,154.0,
2025-04-08 12:45:41,158.21,56.0,179.62,58.0,155.8,45.0,180.92,50.0,168.92,21.41,101.0,108.0,2.202074022331074,209,-7.0,-35.0,-0.03,158.0,1.0
2025-04-08 12:45:42,158.1,41.0,176.18,55.0,155.15,82.0,178.0,33.0,167.14,18.080000000000013,123.0,88.0,1.9264137665148573,211,35.0,2.0,0.17,158.0,
2025-04-08 12:45:43,158.59,27.0,172.79,24.0,156.15,73.0,174.48,42.0,165.69,14.199999999999989,100.0,66.0,2.031780007730005,166,34.0,-45.0,0.2,161.0,1.0
2025-04-08 12:45:44,158.17,29.0,162.35,48.0,155.81,74.0,165.08,37.0,160.26,4.180000000000007,103.0,85.0,3.963291561291169,188,18.0,22.0,0.1,159.0,1.0
2025-04-08 12:45:45,158.0,44.0,160.41,49.0,157.0,22.0,161.4,35.0,159.2,2.4099999999999966,66.0,84.0,4.291179325056286,150,-18.0,-38.0,-0.12,159.0,1.0
2025-04-08 12:45:46,157.0,31.0,158.55,44.0,155.29,58.0,359.38,39.0,157.77,1.5500000000000114,89.0,83.0,4.147152034804075,172,6.0,22.0,0.03,157.67,6.0
2025-04-08 12:45:47,155.0,34.0,158.0,28.0,154.0,21.0,247.71,28.0,156.5,3.0,55.0,56.0,3.543985045082607,111,-1.0,-61.0,-0.01,155.0,6.0
2025-04-08 12:45:48,155.0,15.0,353.0,28.0,150.09,23.0,614.0,14.0,254.0,198.0,38.0,42.0,42.762775634889,80,-4.0,-31.0,-0.05,158.0,4.0
2025-04-08 12:45:49,157.29,14.0,177.0,32.0,154.1,20.0,305.75,16.0,167.14,19.710000000000008,34.0,48.0,42.17413923247116,82,-14.0,2.0,-0.17,158.0,
2025-04-08 12:45:50,159.0,48.0,190.85,26.0,155.0,12.0,313.0,36.0,174.92,31.849999999999994,60.0,62.0,40.90313899934672,122,-2.0,40.0,-0.02,158.0,
2025-04-08 12:45:51,159.88,41.0,199.75,20.0,157.4,20.0,372.29,31.0,179.81,39.870000000000005,61.0,51.0,38.761800525774085,112,10.0,-10.0,0.09,158.0,
2025-04-08 12:45:52,163.0,31.0,195.69,32.0,159.0,52.0,195.42,31.0,179.34,32.69,83.0,63.0,35.5599102923492,146,20.0,34.0,0.14,163.0,2.0
2025-04-08 12:45:53,163.0,12.0,191.07,15.0,159.94,53.0,192.1,21.0,177.03,28.069999999999997,65.0,36.0,5.142447860683269,101,29.0,-45.0,0.29,163.0,
2025-04-08 12:45:54,162.24,21.0,188.35,20.0,161.19,62.0,189.6,25.0,175.29,26.109999999999985,83.0,45.0,2.249259878238618,128,38.0,27.0,0.3,162.33,3.0
2025-04-08 12:45:55,162.0,24.0,183.27,26.0,161.0,60.0,185.91,23.0,172.63,21.27000000000001,84.0,49.0,2.9678106408347067,133,35.0,5.0,0.26,162.33,
2025-04-08 12:45:56,162.81,27.0,181.92,97.0,161.43,61.0,181.73,41.0,172.37,19.109999999999985,88.0,138.0,2.9590234875452164,226,-50.0,93.0,-0.22,162.33,
2025-04-08 12:45:57,162.43,23.0,176.02,55.0,159.67,98.0,177.06,32.0,169.23,13.590000000000003,121.0,87.0,2.989615359847184,208,34.0,-18.0,0.16,162.0,5.0
2025-04-08 12:45:58,159.15,123.0,171.93,40.0,158.62,63.0,173.07,29.0,165.54,12.78,186.0,69.0,3.737702502851561,255,117.0,47.0,0.46,161.0,3.0
2025-04-08 12:45:59,159.0,209.0,168.82,34.0,156.39,23.0,170.06,50.0,163.91,9.819999999999991,232.0,84.0,3.940746122222488,316,148.0,61.0,0.47,161.0,
2025-04-08 12:46:00,159.0,285.0,164.88,58.0,157.0,60.0,166.22,55.0,161.94,5.879999999999996,345.0,113.0,4.19180987161883,458,232.0,142.0,0.51,161.0,
2025-04-08 12:46:01,159.0,207.0,160.27,45.0,157.0,44.0,161.93,54.0,159.63,1.2700000000000102,251.0,99.0,3.642135362639405,350,152.0,-108.0,0.43,159.83,6.0
2025-04-08 12:46:02,159.0,119.0,160.0,25.0,157.0,28.0,162.0,35.0,159.5,1.0,147.0,60.0,2.6455679919024706,207,87.0,-143.0,0.42,159.75,4.0
2025-04-08 12:46:06,160.0,14.0,207.08,63.0,156.31,52.0,343.58,60.0,183.54,47.08000000000001,66.0,123.0,120.31628435087433,189,-57.0,25.0,-0.3,158.0,5.0
2025-04-08 12:46:07,155.0,6.0,198.9,29.0,154.0,18.0,234.72,25.0,176.95,43.900000000000006,24.0,54.0,115.52140896821012,78,-30.0,-111.0,-0.38,158.0,
2025-04-08 12:46:08,155.0,7.0,199.86,35.0,154.0,21.0,333.35,31.0,177.43,44.860000000000014,28.0,66.0,121.64754650218096,94,-38.0,16.0,-0.4,158.0,
2025-04-08 12:46:09,155.0,9.0,198.03,59.0,154.0,27.0,364.53,49.0,176.52,43.03,36.0,108.0,73.30957133962809,144,-72.0,50.0,-0.5,158.0,
2025-04-08 12:46:10,155.0,12.0,194.87,54.0,154.0,36.0,195.6,42.0,174.94,39.870000000000005,48.0,96.0,3.301367898289208,144,-48.0,0.0,-0.33,158.0,
2025-04-08 12:46:11,149.54,37.0,185.02,66.0,148.03,61.0,188.62,76.0,167.28,35.48000000000002,98.0,142.0,4.210490470222998,240,-44.0,96.0,-0.18,154.25,4.0
2025-04-08 12:46:12,142.54,37.0,162.34,38.0,133.48,61.0,174.15,46.0,152.44,19.80000000000001,98.0,84.0,10.45806483054178,182,14.0,-58.0,0.08,152.0,1.0
2025-04-08 12:46:13,146.0,27.0,151.06,17.0,137.33,36.0,156.11,27.0,148.53,5.060000000000002,63.0,44.0,12.846498355574823,107,19.0,-75.0,0.18,152.0,
2025-04-08 12:46:14,147.2,54.0,151.25,53.0,140.24,50.0,169.05,44.0,149.22,4.050000000000011,104.0,97.0,11.933181470159584,201,7.0,94.0,0.03,150.0,7.0
2025-04-08 12:46:15,148.86,49.0,151.41,59.0,143.35,51.0,154.15,59.0,150.13,2.549999999999983,100.0,118.0,7.832403845546792,218,-18.0,17.0,-0.08,150.0,5.0
2025-04-08 12:46:16,146.81,62.0,152.0,48.0,142.47,51.0,153.0,38.0,149.4,5.189999999999998,113.0,86.0,1.5069936959785113,199,27.0,-19.0,0.14,150.0,
2025-04-08 12:46:17,148.46,130.0,151.08,39.0,146.0,39.0,152.04,75.0,149.77,2.6200000000000045,169.0,114.0,0.6038625669110653,283,55.0,84.0,0.19,150.0,
2025-04-08 12:46:18,149.0,59.0,151.0,24.0,145.25,24.0,152.0,36.0,150.0,2.0,83.0,60.0,0.3873370621536588,143,23.0,-140.0,0.16,149.0,3.0
2025-04-08 12:46:19,147.69,93.0,151.23,35.0,143.74,47.0,159.86,63.0,149.46,3.539999999999992,140.0,98.0,0.321667529785113,238,42.0,95.0,0.18,151.62,8.0
2025-04-08 12:46:20,145.22,45.0,152.0,10.0,144.53,105.0,212.48,46.0,148.61,6.780000000000001,150.0,56.0,0.527513032745718,206,94.0,-32.0,0.46,151.62,
2025-04-08 12:46:23,149.12,24.0,156.25,16.0,145.0,56.0,158.8,20.0,152.69,7.129999999999996,80.0,36.0,1.5729494587300676,116,44.0,-91.0,0.38,151.62,
2025-04-08 12:46:24,150.38,24.0,154.9,21.0,145.0,56.0,156.47,19.0,152.64,4.52000000000001,80.0,40.0,1.9082007231217175,120,40.0,4.0,0.33,151.62,
2025-04-08 12:46:25,152.0,28.0,154.22,36.0,145.0,102.0,155.67,48.0,153.11,2.219999999999999,130.0,84.0,1.7712227414209063,214,46.0,94.0,0.21,152.0,2.0
2025-04-08 12:46:26,152.22,9.0,157.95,57.0,145.0,90.0,212.07,30.0,155.08,5.72999999999999,99.0,87.0,1.856515553323512,186,12.0,-28.0,0.06,152.0,
2025-04-08 12:46:27,154.68,25.0,159.0,63.0,150.67,15.0,545.29,35.0,156.84,4.319999999999993,40.0,98.0,1.841458660882389,138,-58.0,-48.0,-0.42,152.0,
2025-04-08 12:46:28,156.0,30.0,159.0,58.0,153.8,10.0,358.6,40.0,157.5,3.0,40.0,98.0,2.1666748717201,138,-58.0,0.0,-0.42,159.0,2.0
2025-04-08 12:46:29,151.0,9.0,157.38,37.0,147.0,63.0,188.09,44.0,154.19,6.379999999999996,72.0,81.0,1.821985180989338,153,-9.0,15.0,-0.06,155.5,4.0
2025-04-08 12:46:30,151.62,16.0,154.38,29.0,147.43,47.0,156.24,38.0,153.0,2.759999999999991,63.0,67.0,1.8560495682348224,130,-4.0,-23.0,-0.03,153.67,3.0
2025-04-08 12:46:31,152.0,10.0,154.0,10.0,151.0,5.0,157.0,25.0,153.0,2.0,15.0,35.0,2.1358558003158192,50,-20.0,-80.0,-0.4,153.67,
2025-04-08 12:46:32,146.51,47.0,155.0,16.0,146.0,12.0,202.78,32.0,150.76,8.490000000000009,59.0,48.0,2.464913791542625,107,11.0,57.0,0.1,153.57,7.0
2025-04-08 12:46:33,146.0,99.0,151.0,11.0,145.0,22.0,157.0,33.0,148.5,5.0,121.0,44.0,2.265126927950965,165,77.0,58.0,0.47,153.57,
2025-04-08 12:46:36,146.24,33.0,214.24,17.0,145.5,20.0,300.47,17.0,180.24,68.0,53.0,34.0,14.299471318889452,87,19.0,38.0,0.22,153.88,8.0
2025-04-08 12:46:37,153.07,41.0,182.0,30.0,149.18,44.0,320.4,30.0,167.54,28.930000000000007,85.0,60.0,15.064080456495098,145,25.0,58.0,0.17,154.0,1.0
2025-04-08 12:46:38,157.1,148.0,172.04,46.0,155.89,82.0,392.86,44.0,164.57,14.939999999999998,230.0,90.0,14.178211452781076,320,140.0,168.0,0.44,154.0,
2025-04-08 12:46:39,158.45,44.0,188.29,35.0,157.73,44.0,263.29,21.0,173.37,29.840000000000003,88.0,56.0,12.538749140157345,144,32.0,-168.0,0.22,158.75,4.0
2025-04-08 12:46:40,159.0,55.0,281.24,38.0,158.0,88.0,358.33,36.0,220.12,122.24,143.0,74.0,22.58397817037257,217,69.0,73.0,0.32,158.75,
2025-04-08 12:46:41,159.68,47.0,306.56,27.0,158.56,54.0,486.36,22.0,233.12,146.88,101.0,49.0,32.322726215465096,150,52.0,-67.0,0.35,158.75,
2025-04-08 12:46:42,160.08,83.0,277.02,41.0,159.0,110.0,344.37,41.0,218.55,116.93999999999996,193.0,82.0,30.78700423880119,275,111.0,125.0,0.4,160.0,1.0
2025-04-08 12:46:43,161.0,91.0,176.78,49.0,159.0,130.0,219.43,42.0,168.89,15.78,221.0,91.0,29.509997458487973,312,130.0,37.0,0.42,160.0,
2025-04-08 12:46:44,161.64,77.0,175.45,44.0,159.0,110.0,207.54,39.0,168.55,13.810000000000002,187.0,83.0,30.764213463047646,270,104.0,-42.0,0.39,160.0,
2025-04-08 12:46:45,163.5,56.0,175.0,32.0,159.0,80.0,176.0,32.0,169.25,11.5,136.0,64.0,31.60995128120121,200,72.0,-70.0,0.36,160.0,
2025-04-08 12:46:46,164.0,82.0,174.57,56.0,159.0,70.0,175.64,56.0,169.29,10.569999999999991,152.0,112.0,22.163706368742883,264,40.0,64.0,0.15,164.0,2.0
2025-04-08 12:46:47,164.0,55.0,172.0,44.0,159.0,55.0,173.18,44.0,168.0,8.0,110.0,88.0,0.5369171256399986,198,22.0,-66.0,0.11,164.0,
2025-04-08 12:46:48,162.57,70.0,169.37,46.0,158.51,98.0,171.07,54.0,165.97,6.800000000000011,168.0,100.0,1.362468348183815,268,68.0,70.0,0.25,164.0,5.0
2025-04-08 12:46:49,159.0,30.0,167.57,21.0,158.0,62.0,168.43,21.0,163.29,8.569999999999993,92.0,42.0,2.549686255169001,134,50.0,-134.0,0.37,164.0,
2025-04-08 12:46:50,159.0,50.0,164.76,33.0,158.0,82.0,166.95,39.0,161.88,5.759999999999991,132.0,72.0,3.1084771190714373,204,60.0,70.0,0.29,164.0,
2025-04-08 12:46:51,158.16,89.0,160.49,51.0,157.22,178.0,161.57,56.0,159.32,2.3300000000000125,267.0,107.0,3.402479977866302,374,160.0,168.0,0.43,158.45,11.0
2025-04-08 12:46:52,158.0,56.0,160.21,42.0,157.0,168.0,373.26,46.0,159.11,2.210000000000008,224.0,88.0,2.8695348054645557,312,136.0,-62.0,0.44,159.75,8.0
2025-04-08 12:46:53,158.0,25.0,390.7,30.0,157.0,120.0,707.54,35.0,274.35,232.7,145.0,65.0,50.76685680638381,210,80.0,-102.0,0.38,158.0,3.0
2025-04-08 12:46:54,157.03,87.0,462.91,33.0,155.62,116.0,780.0,44.0,309.97,305.88,203.0,77.0,73.42667246988673,280,126.0,70.0,0.45,157.25,4.0
2025-04-08 12:46:55,157.0,69.0,284.0,18.0,155.0,60.0,629.67,9.0,220.5,127.0,129.0,27.0,67.6947475805921,156,102.0,-124.0,0.65,157.25,
2025-04-08 12:46:56,159.56,117.0,268.57,21.0,155.9,91.0,596.0,28.0,214.07,109.01,208.0,49.0,58.25532250361449,257,159.0,101.0,0.62,157.0,4.0
2025-04-08 12:46:57,163.0,100.0,223.0,40.0,157.0,50.0,308.57,14.0,193.0,60.0,150.0,54.0,48.241745096961054,204,96.0,-53.0,0.47,157.0,
2025-04-08 12:46:58,163.0,100.0,223.0,40.0,157.0,50.0,303.0,10.0,193.0,60.0,150.0,50.0,48.48060818512992,200,100.0,-4.0,0.5,157.0,
2025-04-08 12:46:59,163.0,90.0,219.67,36.0,157.0,45.0,284.33,9.0,191.33,56.66999999999999,135.0,45.0,13.81178663316112,180,90.0,-20.0,0.5,157.0,
2025-04-08 12:47:00,163.0,80.0,193.0,40.0,157.0,50.0,370.8,10.0,178.0,30.0,130.0,50.0,12.921511134535562,180,80.0,0.0,0.44,163.0,4.0
2025-04-08 12:47:01,163.0,48.0,193.0,32.0,157.67,24.0,330.0,12.0,178.0,30.0,72.0,44.0,7.940263219811488,116,28.0,-64.0,0.24,163.0,
2025-04-08 12:47:02,163.0,60.0,191.2,40.0,157.47,34.0,215.43,23.0,177.1,28.19999999999999,94.0,63.0,7.9532685104852,157,31.0,41.0,0.2,163.0,
2025-04-08 12:47:03,163.0,40.0,191.0,28.0,157.0,35.0,193.0,7.0,177.0,28.0,75.0,35.0,6.192130489569784,110,40.0,-47.0,0.36,163.0,2.0
2025-04-08 12:47:04,163.0,40.0,191.0,40.0,157.0,50.0,328.05,21.0,177.0,28.0,90.0,61.0,0.5310367217486601,151,29.0,41.0,0.19,163.0,4.0
2025-04-08 12:47:05,157.0,35.0,190.18,22.0,155.0,21.0,250.95,19.0,173.59,33.18000000000001,56.0,41.0,1.7007998118065517,97,15.0,-54.0,0.15,163.0,
2025-04-08 12:47:06,157.0,50.0,191.0,40.0,155.0,30.0,279.12,24.0,174.0,34.0,80.0,64.0,1.7800898853252405,144,16.0,47.0,0.11,163.0,
2025-04-08 12:47:07,158.0,30.0,191.0,28.0,157.0,35.0,259.0,21.0,174.5,33.0,65.0,49.0,1.6583485760944952,114,16.0,-30.0,0.14,158.0,4.0
2025-04-08 12:47:08,158.64,28.0,190.12,32.0,157.19,31.0,259.0,24.0,174.38,31.480000000000015,59.0,56.0,1.3373780317591673,115,3.0,1.0,0.03,158.0,
2025-04-08 12:47:09,160.0,72.0,189.08,48.0,158.0,24.0,333.62,26.0,174.54,29.080000000000013,96.0,74.0,0.4031376933872143,170,22.0,55.0,0.13,158.0,
2025-04-08 12:47:10,161.45,44.0,185.25,64.0,160.0,48.0,186.56,64.0,173.35,23.80000000000001,92.0,128.0,0.497473617219374,220,-36.0,50.0,-0.16,161.0,4.0
2025-04-08 12:47:11,163.0,22.0,179.82,44.0,161.0,44.0,181.55,44.0,171.41,16.819999999999993,66.0,88.0,1.3373593383330988,154,-22.0,-66.0,-0.14,161.0,
2025-04-08 12:47:12,164.0,20.0,177.6,40.0,161.92,104.0,178.6,40.0,170.8,13.599999999999994,124.0,80.0,1.7111779567955694,204,44.0,50.0,0.22,161.0,
2025-04-08 12:47:13,162.07,112.0,174.45,44.0,161.4,60.0,175.73,44.0,168.26,12.379999999999995,172.0,88.0,2.424452515479949,260,84.0,56.0,0.32,164.0,2.0
2025-04-08 12:47:14,162.0,204.0,171.43,68.0,161.0,76.0,173.07,71.0,166.71,9.430000000000009,280.0,139.0,2.628978889190506,419,141.0,159.0,0.34,162.0,4.0
2025-04-08 12:47:15,162.0,80.0,168.27,60.0,161.0,60.0,169.27,60.0,165.13,6.27000000000001,140.0,120.0,2.663150390008285,260,20.0,-159.0,0.08,162.0,4.0
2025-04-08 12:47:16,161.17,48.0,165.7,46.0,159.89,18.0,166.58,48.0,163.43,4.530000000000001,66.0,94.0,2.8400580979609167,160,-28.0,-100.0,-0.17,162.0,
2025-04-08 12:47:17,160.53,49.0,162.75,40.0,158.0,47.0,164.08,52.0,161.64,2.219999999999999,96.0,92.0,2.6132986817017856,188,4.0,28.0,0.02,161.2,5.0
2025-04-08 12:47:18,158.56,43.0,160.0,20.0,157.15,41.0,267.49,37.0,159.28,1.4399999999999975,84.0,57.0,2.910785117416841,141,27.0,-47.0,0.19,159.0,8.0
2025-04-08 12:47:19,158.0,18.0,160.0,12.0,157.0,28.0,310.0,30.0,159.0,2.0,46.0,42.0,2.6413878927124035,88,4.0,-53.0,0.05,159.0,
2025-04-08 12:47:20,157.13,23.0,160.0,20.0,155.32,40.0,422.06,34.0,158.57,2.8700000000000045,63.0,54.0,2.078492241929505,117,9.0,29.0,0.08,156.7,10.0
2025-04-08 12:47:21,154.78,23.0,157.55,11.0,153.81,64.0,203.0,21.0,156.16,2.7700000000000102,87.0,32.0,1.954098257446092,119,55.0,2.0,0.46,154.5,4.0
2025-04-08 12:47:22,155.38,16.0,157.0,6.0,152.26,31.0,214.0,16.0,156.19,1.6200000000000043,47.0,22.0,1.5408601493154417,69,25.0,-50.0,0.36,156.0,4.0
2025-04-08 12:47:23,156.0,11.0,157.0,11.0,153.6,30.0,232.0,33.0,156.5,1.0,41.0,44.0,1.3850379055266364,85,-3.0,16.0,-0.04,156.0,
2025-04-08 12:47:24,154.77,13.0,155.42,33.0,153.38,13.0,210.8,25.0,155.1,0.6499999999999773,26.0,58.0,1.2704841595792258,84,-32.0,-1.0,-0.38,156.0,1.0
2025-04-08 12:47:25,151.5,16.0,155.0,65.0,129.06,17.0,157.54,13.0,153.25,3.5,33.0,78.0,1.3338103312452023,111,-45.0,27.0,-0.41,152.33,3.0
2025-04-08 12:47:26,145.0,36.0,152.22,41.0,81.43,46.0,155.29,17.0,148.61,7.219999999999999,82.0,58.0,3.234431943901263,140,24.0,29.0,0.17,152.33,
2025-04-08 12:47:33,146.5,40.0,151.41,29.0,135.64,44.0,152.95,22.0,148.96,4.909999999999997,84.0,51.0,1.7236530972594415,135,33.0,-119.0,0.24,151.08,12.0
2025-04-08 12:47:34,148.52,21.0,154.0,16.0,147.04,27.0,155.0,8.0,151.26,5.47999999999999,48.0,24.0,2.4299547320265678,72,24.0,-63.0,0.33,151.08,
2025-04-08 12:47:35,153.0,30.0,154.41,17.0,146.41,32.0,229.61,36.0,153.71,1.4099999999999966,62.0,53.0,2.983440966351928,115,9.0,43.0,0.08,154.0,2.0
2025-04-08 12:47:36,155.12,32.0,289.17,35.0,153.6,35.0,389.11,71.0,222.15,134.05,67.0,106.0,32.19278847816359,173,-39.0,58.0,-0.23,155.0,1.0
2025-04-08 12:47:37,162.57,14.0,406.56,39.0,159.18,17.0,562.21,19.0,284.57,243.99,31.0,58.0,60.11750202727919,89,-27.0,-84.0,-0.3,163.0,1.0
2025-04-08 12:47:38,163.36,22.0,398.18,33.0,162.0,11.0,709.09,55.0,280.77,234.82,33.0,88.0,65.14422783332417,121,-55.0,32.0,-0.45,163.0,
2025-04-08 12:47:39,163.12,17.0,258.26,31.0,159.5,16.0,375.86,35.0,210.69,95.14,33.0,66.0,54.33559165041,99,-33.0,-22.0,-0.33,163.33,3.0
2025-04-08 12:47:40,161.0,9.0,209.0,27.0,158.0,18.0,234.0,45.0,185.0,48.0,27.0,72.0,44.14406505975787,99,-45.0,0.0,-0.45,163.33,
2025-04-08 12:47:41,161.0,9.0,208.78,27.0,158.0,48.0,260.15,13.0,184.89,47.78,57.0,40.0,49.96232760790972,97,17.0,-2.0,0.18,163.33,
2025-04-08 12:47:42,161.0,7.0,208.0,21.0,158.0,49.0,340.62,13.0,184.5,47.0,56.0,34.0,41.56677338933102,90,22.0,-7.0,0.24,163.33,
2025-04-08 12:47:43,158.32,47.0,207.49,47.0,157.64,55.0,372.26,43.0,182.9,49.170000000000016,102.0,90.0,11.82193004546631,192,12.0,102.0,0.06,158.75,4.0
2025-04-08 12:47:44,158.0,33.0,204.15,27.0,157.0,20.0,204.84,37.0,181.07,46.150000000000006,53.0,64.0,1.6807052090920953,117,-11.0,-75.0,-0.09,158.0,1.0
2025-04-08 12:47:45,158.0,7.0,200.66,29.0,157.0,14.0,201.67,18.0,179.33,42.66,21.0,47.0,2.3430044814006576,68,-26.0,-49.0,-0.38,158.0,2.0
2025-04-08 12:47:46,156.89,45.0,196.85,86.0,155.66,47.0,198.81,42.0,176.87,39.96000000000001,92.0,128.0,2.98701021087232,220,-36.0,152.0,-0.16,155.58,12.0
2025-04-08 12:47:47,146.21,56.0,175.75,20.0,140.5,20.0,187.13,38.0,160.98,29.539999999999992,76.0,58.0,8.81045685534137,134,18.0,-86.0,0.13,155.58,
2025-04-08 12:47:49,150.0,40.0,152.0,30.0,129.0,12.0,321.5,40.0,151.0,2.0,52.0,70.0,14.378740209064418,122,-18.0,-67.0,-0.15,152.0,2.0
2025-04-08 12:47:50,150.0,55.0,152.0,33.0,120.0,17.0,164.0,55.0,151.0,2.0,72.0,88.0,11.821493983407374,160,-16.0,38.0,-0.1,152.0,
2025-04-08 12:47:51,150.0,30.0,152.0,18.0,110.2,10.0,171.0,30.0,151.0,2.0,40.0,48.0,4.936346827331953,88,-8.0,-72.0,-0.09,152.0,
2025-04-08 12:47:52,150.0,50.0,152.0,30.0,118.73,22.0,237.24,34.0,151.0,2.0,72.0,64.0,1.2700866111017992,136,8.0,48.0,0.06,152.0,
2025-04-08 12:47:53,150.0,35.0,152.0,21.0,64.54,13.0,293.66,29.0,151.0,2.0,48.0,50.0,0.0,98,-2.0,-38.0,-0.02,152.0,
2025-04-08 12:47:54,150.0,45.0,152.0,27.0,112.75,12.0,432.76,37.0,151.0,2.0,57.0,64.0,0.0,121,-7.0,23.0,-0.06,152.0,
2025-04-08 12:47:55,150.0,30.0,152.0,48.0,88.0,6.0,253.4,15.0,151.0,2.0,36.0,63.0,0.0,99,-27.0,-22.0,-0.27,152.0,
2025-04-08 12:47:56,150.38,21.0,170.0,21.0,144.67,27.0,299.56,27.0,160.19,19.620000000000005,48.0,48.0,4.109892942609621,96,0.0,-3.0,0.0,152.0,3.0
2025-04-08 12:47:57,159.62,21.0,243.68,31.0,149.41,29.0,346.11,35.0,201.65,84.06,50.0,66.0,21.98700457087697,116,-16.0,20.0,-0.14,154.0,3.0
2025-04-08 12:47:58,161.67,36.0,393.37,41.0,158.03,29.0,499.94,31.0,277.52,231.7,65.0,72.0,54.10910062087425,137,-7.0,21.0,-0.05,161.4,5.0
2025-04-08 12:47:59,160.0,62.0,448.0,33.0,158.83,41.0,540.13,46.0,304.0,288.0,103.0,79.0,68.98033611109801,182,24.0,45.0,0.13,160.0,3.0
2025-04-08 12:48:00,162.73,44.0,388.1,52.0,159.0,56.0,560.58,62.0,275.41,225.37000000000003,100.0,114.0,60.26506973363741,214,-14.0,32.0,-0.07,162.0,1.0
2025-04-08 12:48:01,164.0,36.0,197.15,52.0,159.0,48.0,382.63,46.0,180.58,33.150000000000006,84.0,98.0,53.507887923185685,182,-14.0,-32.0,-0.08,162.0,
2025-04-08 12:48:02,164.0,18.0,192.45,22.0,159.0,24.0,260.62,26.0,178.23,28.44999999999999,42.0,48.0,59.27549721428052,90,-6.0,-92.0,-0.07,162.0,
2025-04-08 12:48:03,164.0,21.0,322.0,35.0,158.44,18.0,481.12,25.0,243.0,158.0,39.0,60.0,56.20186767359375,99,-21.0,9.0,-0.21,162.0,
2025-04-08 12:48:04,164.0,18.0,210.72,18.0,158.0,12.0,370.7,23.0,187.36,46.72,30.0,41.0,43.91011193335794,71,-11.0,-28.0,-0.15,162.0,
2025-04-08 12:48:05,162.0,25.0,167.0,10.0,158.2,20.0,168.0,30.0,164.5,5.0,45.0,40.0,30.37595726886493,85,5.0,14.0,0.06,162.0,
2025-04-08 12:48:06,160.59,128.0,165.72,50.0,158.71,28.0,166.67,30.0,163.16,5.129999999999996,156.0,80.0,32.73883626520482,236,76.0,151.0,0.32,162.0,
2025-04-08 12:48:07,161.59,175.0,164.33,57.0,159.0,46.0,165.87,60.0,162.96,2.740000000000009,221.0,117.0,34.45770857152104,338,104.0,102.0,0.31,162.0,1.0
2025-04-08 12:48:08,162.0,92.0,163.67,24.0,159.0,24.0,164.67,48.0,162.83,1.6699999999999875,116.0,72.0,10.752726165944653,188,44.0,-150.0,0.23,162.0,6.0
2025-04-08 12:48:09,161.71,35.0,165.0,40.0,158.4,25.0,254.0,40.0,163.36,3.289999999999992,60.0,80.0,0.667173140770346,140,-20.0,-48.0,-0.14,164.0,4.0
2025-04-08 12:48:10,158.8,20.0,166.0,60.0,157.64,42.0,347.25,59.0,162.4,7.199999999999989,62.0,119.0,0.3636206811543555,181,-57.0,41.0,-0.31,158.8,5.0
2025-04-08 12:48:11,159.8,15.0,165.2,60.0,157.29,31.0,362.13,75.0,162.5,5.399999999999977,46.0,135.0,0.3839270760997,181,-89.0,0.0,-0.49,161.0,1.0
2025-04-08 12:48:12,158.0,8.0,164.0,32.0,157.0,26.0,311.87,38.0,161.0,6.0,34.0,70.0,0.876766787555507,104,-36.0,-77.0,-0.35,161.0,
2025-04-08 12:48:13,155.17,12.0,162.56,36.0,133.0,27.0,440.05,37.0,158.86,7.390000000000015,39.0,73.0,1.7615561301747484,112,-34.0,8.0,-0.3,156.43,7.0
2025-04-08 12:48:14,154.44,32.0,160.38,32.0,103.47,51.0,755.18,44.0,157.41,5.939999999999998,83.0,76.0,2.24030801448149,159,7.0,47.0,0.04,161.0,2.0
2025-04-08 12:48:15,154.96,89.0,206.53,38.0,152.86,44.0,604.29,68.0,180.74,51.56999999999999,133.0,106.0,9.503595109208373,239,27.0,80.0,0.11,155.44,9.0
2025-04-08 12:48:16,154.0,30.0,387.0,40.0,153.0,10.0,625.67,42.0,270.5,233.0,40.0,82.0,48.33849728735765,122,-42.0,-117.0,-0.34,155.44,
2025-04-08 12:48:17,154.0,21.0,396.24,29.0,153.0,7.0,546.21,33.0,275.12,242.24,28.0,62.0,59.42885730013663,90,-34.0,-32.0,-0.38,155.44,
2025-04-08 12:48:18,153.27,11.0,353.0,23.0,146.41,17.0,385.0,36.0,253.14,199.73,28.0,59.0,54.4819008478972,87,-31.0,-3.0,-0.36,154.0,3.0
2025-04-08 12:48:19,153.05,20.0,155.16,31.0,146.84,25.0,165.12,68.0,154.11,2.109999999999985,45.0,99.0,55.55096146782788,144,-54.0,57.0,-0.38,154.0,3.0
2025-04-08 12:48:20,152.0,9.0,154.56,18.0,121.76,33.0,157.0,45.0,153.28,2.5600000000000023,42.0,63.0,62.19366929197914,105,-21.0,-39.0,-0.2,154.0,
2025-04-08 12:48:21,137.42,31.0,154.0,16.0,123.1,69.0,157.0,75.0,145.71,16.580000000000013,100.0,91.0,62.51687508185241,191,9.0,86.0,0.05,153.0,2.0
2025-04-08 12:48:23,118.75,24.0,284.91,34.0,84.09,57.0,584.64,28.0,201.83,166.16000000000005,81.0,62.0,26.18228828807248,143,19.0,7.0,0.13,150.3,10.0
2025-04-08 12:48:24,133.74,19.0,461.16,31.0,90.4,20.0,659.0,25.0,297.45,327.42,39.0,56.0,67.4395670211478,95,-17.0,-48.0,-0.18,150.3,
2025-04-08 12:48:25,131.18,51.0,409.49,49.0,114.69,29.0,532.04,23.0,270.33,278.31,80.0,72.0,73.21490422038403,152,8.0,57.0,0.05,150.3,
2025-04-08 12:48:26,158.0,62.0,204.15,41.0,154.07,60.0,387.86,49.0,181.07,46.150000000000006,122.0,90.0,66.93565955453074,212,32.0,60.0,0.15,150.3,
2025-04-08 12:48:27,155.92,91.0,304.07,30.0,148.54,39.0,373.31,51.0,229.99,148.15,130.0,81.0,47.894612223089815,211,49.0,-1.0,0.23,158.0,5.0
2025-04-08 12:48:28,155.0,72.0,301.11,38.0,137.69,59.0,302.12,34.0,228.05,146.11,131.0,72.0,44.51590861703456,203,59.0,-8.0,0.29,155.0,4.0
2025-04-08 12:48:29,155.12,24.0,298.62,32.0,152.14,66.0,301.0,16.0,226.88,143.5,90.0,48.0,31.609975956968054,138,42.0,-65.0,0.3,155.0,
2025-04-08 12:48:30,156.22,27.0,297.11,36.0,155.0,27.0,301.0,18.0,226.67,140.89,54.0,54.0,20.98330097958977,108,0.0,-30.0,0.0,155.0,
2025-04-08 12:48:31,157.0,30.0,245.14,44.0,155.0,30.0,283.8,30.0,201.07,88.13999999999999,60.0,74.0,12.069752275837065,134,-14.0,26.0,-0.1,155.0,
2025-04-08 12:48:32,156.92,25.0,219.47,30.0,153.8,45.0,220.81,43.0,188.19,62.55000000000001,70.0,73.0,18.4188685863174,143,-3.0,9.0,-0.02,157.25,4.0
2025-04-08 12:48:33,155.0,22.0,217.92,24.0,152.0,99.0,219.05,42.0,186.46,62.91999999999999,121.0,66.0,19.915002636203344,187,55.0,44.0,0.29,157.25,
2025-04-08 12:48:34,156.84,19.0,216.58,24.0,152.41,73.0,219.0,48.0,186.71,59.74000000000001,92.0,72.0,17.234439358445755,164,20.0,-23.0,0.12,157.25,
2025-04-08 12:48:35,162.9,20.0,194.0,44.0,159.85,13.0,214.38,32.0,178.45,31.099999999999994,33.0,76.0,8.153899680514487,109,-43.0,-55.0,-0.39,157.25,
2025-04-08 12:48:36,163.0,10.0,214.0,20.0,159.67,6.0,215.0,10.0,188.5,51.0,16.0,30.0,4.128955073608963,46,-14.0,-63.0,-0.3,157.25,
2025-04-08 12:48:37,163.0,20.0,213.89,36.0,155.67,15.0,214.67,24.0,188.44,50.88999999999999,35.0,60.0,4.168545309803102,95,-25.0,49.0,-0.26,157.25,
2025-04-08 12:48:38,163.0,14.0,212.75,16.0,157.0,7.0,213.92,26.0,187.88,49.75,21.0,42.0,4.279150616639113,63,-21.0,-32.0,-0.33,161.0,3.0
2025-04-08 12:48:39,152.69,64.0,209.77,31.0,132.44,81.0,212.25,32.0,181.23,57.08000000000001,145.0,63.0,4.728726044071198,208,82.0,145.0,0.39,158.5,4.0
2025-04-08 12:48:40,152.0,32.0,153.0,8.0,108.62,48.0,290.67,21.0,152.5,1.0,80.0,29.0,15.515479367388249,109,51.0,-99.0,0.47,152.0,6.0
2025-04-08 12:48:41,153.5,24.0,172.39,33.0,72.13,45.0,369.08,25.0,162.95,18.889999999999983,69.0,58.0,16.093425676338278,127,11.0,18.0,0.09,153.0,1.0
2025-04-08 12:48:42,158.0,18.0,173.0,36.0,153.56,27.0,350.89,18.0,165.5,15.0,45.0,54.0,14.335350361947931,99,-9.0,-28.0,-0.09,153.0,
2025-04-08 12:48:43,160.92,24.0,173.0,48.0,156.48,29.0,307.11,37.0,166.96,12.080000000000013,53.0,85.0,10.302051737386073,138,-32.0,39.0,-0.23,153.0,
2025-04-08 12:48:44,163.0,24.0,172.42,24.0,161.0,24.0,233.48,48.0,167.71,9.419999999999987,48.0,72.0,6.2107028587564646,120,-24.0,-18.0,-0.2,153.0,
2025-04-08 12:48:45,163.0,21.0,170.33,15.0,161.0,30.0,276.0,72.0,166.67,7.3300000000000125,51.0,87.0,1.85999193540726,138,-36.0,18.0,-0.26,163.0,1.0
2025-04-08 12:48:46,163.9,63.0,170.0,12.0,161.67,18.0,229.67,60.0,166.95,6.099999999999994,81.0,72.0,0.8022281469657239,153,9.0,15.0,0.06,164.0,3.0
2025-04-08 12:48:47,164.0,72.0,167.75,24.0,163.0,16.0,275.21,57.0,165.88,3.75,88.0,81.0,0.6583540079504651,169,7.0,16.0,0.04,164.0,5.0
2025-04-08 12:48:48,164.0,18.0,166.0,27.0,163.0,9.0,168.0,9.0,165.0,2.0,27.0,36.0,1.038397804207264,63,-9.0,-106.0,-0.14,164.0,
2025-04-08 12:48:49,164.0,19.0,165.7,30.0,163.0,10.0,249.27,11.0,164.85,1.6999999999999886,29.0,41.0,0.9491838598393862,70,-12.0,7.0,-0.17,164.0,2.0
2025-04-08 12:48:50,163.0,11.0,357.08,26.0,161.0,22.0,490.65,34.0,260.04,194.08,33.0,60.0,42.21185058724474,93,-27.0,23.0,-0.29,164.0,
2025-04-08 12:48:51,163.0,13.0,201.47,19.0,161.0,26.0,202.67,21.0,182.24,38.47,39.0,40.0,41.159336972306654,79,-1.0,-14.0,-0.01,164.0,
2025-04-08 12:48:52,163.0,14.0,198.12,24.0,161.0,28.0,199.11,18.0,180.56,35.120000000000005,42.0,42.0,39.72092672634797,84,0.0,5.0,0.0,164.0,
2025-04-08 12:48:53,154.69,59.0,195.0,18.0,152.38,78.0,196.42,24.0,174.85,40.31,137.0,42.0,38.3585957772168,179,95.0,95.0,0.53,157.7,10.0
2025-04-08 12:48:54,157.41,61.0,190.81,21.0,155.4,83.0,192.69,35.0,174.11,33.400000000000006,144.0,56.0,36.88461535654023,200,88.0,21.0,0.44,158.0,2.0
2025-04-08 12:48:55,158.71,65.0,188.3,23.0,156.31,55.0,189.47,15.0,173.51,29.590000000000003,120.0,38.0,4.039533388874816,158,82.0,-42.0,0.52,157.5,2.0
2025-04-08 12:48:56,159.0,40.0,186.82,11.0,157.0,24.0,187.92,13.0,172.91,27.819999999999997,64.0,24.0,3.087866577400143,88,40.0,-70.0,0.45,157.5,
2025-04-08 12:48:57,159.0,45.0,184.38,16.0,157.0,27.0,185.91,11.0,171.69,25.379999999999995,72.0,27.0,1.202281165042401,99,45.0,11.0,0.45,157.5,
2025-04-08 12:48:58,159.25,48.0,182.4,10.0,157.31,32.0,184.0,20.0,170.82,23.15000000000001,80.0,30.0,1.3416855070438691,110,50.0,11.0,0.45,157.5,
2025-04-08 12:48:59,163.92,195.0,179.62,16.0,161.28,58.0,180.88,16.0,171.77,15.700000000000015,253.0,32.0,1.0667239567053517,285,221.0,168.0,0.78,164.0,4.0
2025-04-08 12:49:00,164.0,138.0,177.18,11.0,163.0,30.0,180.5,12.0,170.59,13.180000000000009,168.0,23.0,0.9181394228580328,191,145.0,-94.0,0.76,164.0,1.0
2025-04-08 12:49:01,164.0,104.0,172.67,24.0,163.0,24.0,351.6,25.0,168.33,8.669999999999987,128.0,49.0,1.3919770112330452,177,79.0,-14.0,0.45,164.0,
2025-04-08 12:49:02,164.0,169.0,169.59,51.0,163.0,39.0,170.68,53.0,166.79,5.590000000000003,208.0,104.0,2.041347594065292,312,104.0,135.0,0.33,164.0,
2025-04-08 12:49:03,164.0,156.0,167.68,34.0,163.0,36.0,169.68,56.0,165.84,3.680000000000007,192.0,90.0,2.4977549919459463,282,102.0,-30.0,0.36,164.0,
2025-04-08 12:49:04,164.0,69.0,165.29,28.0,163.0,24.0,305.33,24.0,164.64,1.289999999999992,93.0,52.0,2.3093873646019905,145,41.0,-137.0,0.28,164.0,8.0
2025-04-08 12:49:05,164.0,30.0,210.38,26.0,163.0,24.0,328.09,22.0,187.19,46.38,54.0,48.0,9.395044970610892,102,6.0,-43.0,0.06,164.0,2.0
2025-04-08 12:49:06,164.0,39.0,220.38,58.0,163.0,39.0,287.24,50.0,192.19,56.38,78.0,108.0,13.249405647040412,186,-30.0,84.0,-0.16,164.0,
2025-04-08 12:49:07,161.88,24.0,222.04,27.0,159.72,39.0,403.29,14.0,191.96,60.16,63.0,41.0,13.956239823098947,104,22.0,-82.0,0.21,162.38,8.0
2025-04-08 12:49:08,159.0,54.0,296.0,12.0,158.0,48.0,579.67,24.0,227.5,137.0,102.0,36.0,22.525381905750617,138,66.0,34.0,0.48,162.38,
2025-04-08 12:49:09,159.0,88.0,343.55,22.0,158.0,64.0,453.23,26.0,251.27,184.55,152.0,48.0,28.16200578794072,200,104.0,62.0,0.52,159.0,2.0
2025-04-08 12:49:10,162.0,42.0,441.06,17.0,159.0,62.0,617.6,10.0,301.53,279.06,104.0,27.0,45.85324688612709,131,77.0,-69.0,0.59,159.0,
2025-04-08 12:49:12,161.0,30.0,399.0,17.0,159.0,49.0,425.73,22.0,280.0,238.0,79.0,39.0,37.11446308382144,118,40.0,1.0,0.34,161.0,3.0
2025-04-08 12:49:13,162.0,30.0,275.52,29.0,161.0,30.0,282.05,19.0,218.76,113.51999999999998,60.0,48.0,40.054853014339415,108,12.0,-10.0,0.11,161.0,
2025-04-08 12:49:14,161.79,42.0,213.96,52.0,160.22,54.0,226.53,38.0,187.87,52.170000000000016,96.0,90.0,55.987054307225975,186,6.0,78.0,0.03,162.0,3.0
2025-04-08 12:49:15,159.21,56.0,162.75,20.0,158.15,94.0,164.88,32.0,160.98,3.539999999999992,150.0,52.0,65.36285259992964,202,98.0,16.0,0.49,160.2,5.0
2025-04-08 12:49:16,159.0,37.0,160.55,11.0,158.0,88.0,162.77,47.0,159.77,1.5500000000000114,125.0,58.0,50.07293410616126,183,67.0,-19.0,0.37,160.2,
2025-04-08 12:49:17,159.0,27.0,176.58,12.0,158.0,96.0,312.48,31.0,167.79,17.580000000000013,123.0,43.0,24.89832383916344,166,80.0,-17.0,0.48,159.0,1.0
2025-04-08 12:49:18,159.0,10.0,187.0,5.0,158.0,40.0,354.4,15.0,173.0,28.0,50.0,20.0,11.392592768979682,70,30.0,-96.0,0.43,159.0,
2025-04-08 12:49:19,158.04,56.0,353.64,28.0,157.17,48.0,423.08,26.0,255.84,195.6,104.0,54.0,40.80560660007247,158,50.0,88.0,0.32,158.4,5.0
2025-04-08 12:49:20,158.0,55.0,205.78,45.0,156.03,29.0,341.18,22.0,181.89,47.78,84.0,67.0,38.95314454572184,151,17.0,-7.0,0.11,158.4,
2025-04-08 12:49:21,158.0,41.0,186.0,20.0,157.0,30.0,187.0,50.0,172.0,28.0,71.0,70.0,37.10427104795231,141,1.0,-10.0,0.01,158.0,3.0
2025-04-08 12:49:22,158.0,16.0,185.07,28.0,157.0,42.0,187.0,70.0,171.54,27.069999999999997,58.0,98.0,36.574590633388034,156,-40.0,15.0,-0.26,158.0,1.0
2025-04-08 12:49:23,158.0,10.0,183.08,26.0,157.0,30.0,186.64,44.0,170.54,25.080000000000013,40.0,70.0,36.88999078340781,110,-30.0,-46.0,-0.27,158.0,
2025-04-08 12:49:24,157.43,14.0,180.32,44.0,156.36,50.0,181.54,26.0,168.87,22.889999999999983,64.0,70.0,5.129987329401888,134,-6.0,24.0,-0.04,157.5,2.0
2025-04-08 12:49:25,161.44,54.0,178.24,42.0,156.5,48.0,179.25,63.0,169.84,16.80000000000001,102.0,105.0,1.265788291860741,207,-3.0,73.0,-0.01,162.0,3.0
2025-04-08 12:49:26,160.46,13.0,176.29,14.0,156.16,38.0,179.0,35.0,168.37,15.829999999999984,51.0,49.0,1.27293754748929,100,2.0,-107.0,0.02,160.75,4.0
2025-04-08 12:49:27,157.0,5.0,174.4,25.0,156.0,40.0,175.21,19.0,165.7,17.400000000000006,45.0,44.0,1.858528988152232,89,1.0,-11.0,0.01,160.75,
2025-04-08 12:49:28,161.33,18.0,171.88,16.0,156.07,43.0,174.0,40.0,166.6,10.549999999999985,61.0,56.0,1.6920786033155109,117,5.0,28.0,0.04,163.0,5.0
2025-04-08 12:49:29,163.0,12.0,169.06,36.0,157.0,12.0,172.31,54.0,166.03,6.060000000000002,24.0,90.0,1.75064845123036,114,-66.0,-3.0,-0.58,163.0,
2025-04-08 12:49:30,161.29,21.0,164.91,56.0,158.78,37.0,166.7,61.0,163.1,3.620000000000005,58.0,117.0,1.901959515812132,175,-59.0,61.0,-0.34,163.0,1.0
2025-04-08 12:49:31,159.84,49.0,162.28,54.0,158.85,40.0,163.14,74.0,161.06,2.4399999999999977,89.0,128.0,2.344380515142692,217,-39.0,42.0,-0.18,160.17,6.0
2025-04-08 12:49:32,160.27,41.0,162.0,54.0,158.89,44.0,164.0,90.0,161.13,1.7299999999999898,85.0,144.0,2.6318301616510102,229,-59.0,12.0,-0.26,162.0,1.0
2025-04-08 12:49:33,159.11,35.0,161.25,36.0,158.21,14.0,164.0,60.0,160.18,2.1399999999999864,49.0,96.0,2.3427441174335195,145,-47.0,-84.0,-0.32,161.0,2.0
2025-04-08 12:49:34,157.33,6.0,198.81,16.0,155.08,50.0,259.83,24.0,178.07,41.47999999999999,56.0,40.0,7.545552994962118,96,16.0,-49.0,0.17,158.75,4.0
2025-04-08 12:49:35,157.0,9.0,220.44,18.0,155.0,108.0,330.11,36.0,188.72,63.44,117.0,54.0,12.946573677997142,171,63.0,75.0,0.37,158.75,
2025-04-08 12:49:36,155.22,54.0,217.8,20.0,154.78,92.0,368.0,40.0,186.51,62.58000000000001,146.0,60.0,13.620960685643098,206,86.0,35.0,0.42,157.0,1.0
2025-04-08 12:49:37,155.33,36.0,215.75,16.0,154.88,82.0,217.0,16.0,185.54,60.41999999999999,118.0,32.0,11.67770653852289,150,86.0,-56.0,0.57,157.0,
2025-04-08 12:49:38,157.0,24.0,214.07,28.0,155.25,73.0,215.57,28.0,185.54,57.06999999999999,97.0,56.0,4.020252479619537,153,41.0,3.0,0.27,157.0,
2025-04-08 12:49:39,156.39,46.0,211.73,22.0,155.04,23.0,212.91,22.0,184.06,55.34,69.0,44.0,1.7188600873524589,113,25.0,-40.0,0.22,157.0,5.0
2025-04-08 12:49:40,154.4,25.0,209.0,16.0,146.5,40.0,211.0,16.0,181.7,54.6,65.0,32.0,1.876992274860496,97,33.0,-16.0,0.34,155.0,2.0
2025-04-08 12:49:41,154.17,54.0,207.4,20.0,129.94,34.0,209.2,20.0,180.78,53.23000000000002,88.0,40.0,2.19501252841072,128,48.0,31.0,0.38,155.0,
2025-04-08 12:49:42,155.0,99.0,161.45,22.0,154.0,55.0,202.64,22.0,158.23,6.449999999999989,154.0,44.0,11.24530213021651,198,110.0,70.0,0.56,156.0,1.0
2025-04-08 12:49:43,155.15,61.0,312.45,22.0,154.12,51.0,524.71,28.0,233.8,157.29999999999998,112.0,50.0,27.79759845741897,162,62.0,-36.0,0.38,155.4,5.0
2025-04-08 12:49:44,158.0,27.0,357.9,40.0,155.0,54.0,552.25,36.0,257.95,199.9,81.0,76.0,41.589131633156,157,5.0,-5.0,0.03,155.4,
2025-04-08 12:49:45,162.8,30.0,308.0,40.0,157.09,22.0,422.62,32.0,235.4,145.2,52.0,72.0,41.81062867262381,124,-20.0,-33.0,-0.16,155.4,
2025-04-08 12:49:46,164.0,36.0,193.0,28.0,162.0,9.0,265.29,38.0,178.5,29.0,45.0,66.0,42.26302911529213,111,-21.0,-13.0,-0.19,155.4,
2025-04-08 12:49:47,162.0,22.0,177.5,30.0,156.73,33.0,308.0,50.0,169.75,15.5,55.0,80.0,38.71073171615387,135,-25.0,24.0,-0.19,162.67,6.0
2025-04-08 12:49:48,155.21,29.0,176.1,30.0,154.12,51.0,188.97,34.0,165.65,20.889999999999983,80.0,64.0,42.302733363223375,144,16.0,9.0,0.11,156.2,5.0
2025-04-08 12:49:49,157.0,25.0,171.3,30.0,154.38,40.0,172.4,30.0,164.15,14.300000000000011,65.0,60.0,29.989318931911026,125,5.0,-19.0,0.04,156.2,
2025-04-08 12:49:50,160.0,26.0,169.25,24.0,155.0,24.0,170.5,24.0,164.62,9.25,50.0,48.0,5.992831551095471,98,2.0,-27.0,0.02,156.2,
2025-04-08 12:49:51,160.0,32.0,166.25,24.0,155.0,40.0,167.38,24.0,163.12,6.25,72.0,48.0,2.56600272793893,120,24.0,22.0,0.2,156.2,
2025-04-08 12:49:52,156.19,101.0,163.47,51.0,154.49,86.0,164.47,51.0,159.83,7.280000000000001,187.0,102.0,2.230993052382765,289,85.0,168.0,0.29,160.0,4.0
2025-04-08 12:49:53,155.0,56.0,162.0,24.0,154.0,32.0,163.0,24.0,158.5,7.0,88.0,48.0,2.7244504032507364,136,40.0,-153.0,0.29,160.0,
2025-04-08 12:49:54,155.23,69.0,158.92,36.0,136.93,27.0,160.17,36.0,157.07,3.6899999999999977,96.0,72.0,3.161118472908936,168,24.0,32.0,0.14,155.0,1.0
2025-04-08 12:49:55,158.4,50.0,159.47,34.0,155.29,21.0,245.11,19.0,158.94,1.0699999999999932,71.0,53.0,2.260059733670882,124,18.0,-44.0,0.15,156.7,10.0
2025-04-08 12:49:56,160.0,36.0,162.57,21.0,156.0,9.0,305.11,9.0,161.29,2.569999999999993,45.0,30.0,1.5678105752158595,75,15.0,-49.0,0.2,160.0,3.0
2025-04-08 12:49:57,160.0,14.0,172.0,7.0,156.0,7.0,353.0,15.0,166.0,12.0,21.0,22.0,3.499092739520459,43,-1.0,-32.0,-0.02,160.0,
2025-04-08 12:49:58,160.0,18.0,216.4,25.0,156.0,9.0,441.59,29.0,188.2,56.400000000000006,27.0,54.0,12.690179273745263,81,-27.0,38.0,-0.33,160.0,
2025-04-08 12:49:59,162.0,9.0,215.67,9.0,160.0,18.0,339.31,13.0,188.83,53.66999999999999,27.0,22.0,14.704005236663429,49,5.0,-32.0,0.1,160.0,
2025-04-08 12:50:00,162.0,6.0,212.67,6.0,160.0,12.0,350.0,14.0,187.33,50.66999999999999,18.0,20.0,13.51903657809437,38,-2.0,-11.0,-0.05,160.0,
2025-04-08 12:50:01,161.25,8.0,201.38,16.0,158.89,18.0,418.46,28.0,181.31,40.13,26.0,44.0,9.610100415701869,70,-18.0,32.0,-0.26,158.8,5.0
2025-04-08 12:50:02,156.0,8.0,268.0,8.0,155.0,32.0,505.0,20.0,212.0,112.0,40.0,28.0,11.826750610371343,68,12.0,-2.0,0.18,158.8,
2025-04-08 12:50:04,155.0,26.0,244.83,47.0,78.0,18.0,348.74,43.0,199.91,89.83000000000001,44.0,90.0,63.58158758634512,134,-46.0,40.0,-0.34,155.0,1.0
2025-04-08 12:50:05,156.6,20.0,179.1,50.0,132.0,16.0,181.0,40.0,167.85,22.5,36.0,90.0,66.83321329997577,126,-54.0,-8.0,-0.43,155.0,
2025-04-08 12:50:06,159.0,14.0,178.94,32.0,155.0,14.0,180.66,29.0,168.97,19.94,28.0,61.0,68.78074890548986,89,-33.0,-37.0,-0.37,155.0,
2025-04-08 12:50:07,161.09,22.0,176.92,49.0,157.05,21.0,178.03,33.0,169.0,15.829999999999984,43.0,82.0,72.12419441491184,125,-39.0,36.0,-0.31,155.0,
2025-04-08 12:50:08,163.24,34.0,171.83,58.0,159.91,22.0,173.72,39.0,167.53,8.590000000000003,56.0,97.0,14.134946763247193,153,-41.0,28.0,-0.27,164.67,3.0
2025-04-08 12:50:09,159.0,28.0,168.88,34.0,155.0,28.0,169.97,58.0,163.94,9.879999999999995,56.0,92.0,2.0735886766173905,148,-36.0,-5.0,-0.24,164.67,
2025-04-08 12:50:10,161.11,38.0,166.81,48.0,156.43,28.0,168.42,31.0,163.96,5.699999999999989,66.0,79.0,2.5619816548507788,145,-13.0,-3.0,-0.09,164.67,
2025-04-08 12:50:11,163.0,16.0,165.7,50.0,159.0,20.0,167.0,30.0,164.35,2.6999999999999886,36.0,80.0,2.354300320644606,116,-44.0,-29.0,-0.38,163.0,3.0
2025-04-08 12:50:12,156.11,36.0,165.03,36.0,142.0,19.0,167.38,26.0,160.57,8.919999999999987,55.0,62.0,2.4662218066870727,117,-7.0,1.0,-0.06,160.33,3.0
2025-04-08 12:50:13,155.0,42.0,163.23,26.0,106.61,31.0,164.21,19.0,159.12,8.22999999999999,73.0,45.0,2.382975031293964,118,28.0,1.0,0.24,160.33,
2025-04-08 12:50:14,155.0,66.0,160.0,35.0,98.72,61.0,163.35,43.0,157.5,5.0,127.0,78.0,2.995972296227739,205,49.0,87.0,0.24,155.33,3.0
2025-04-08 12:50:15,158.95,76.0,161.39,46.0,147.0,44.0,162.67,39.0,160.17,2.4399999999999977,120.0,85.0,2.535541362265734,205,35.0,0.0,0.17,156.0,2.0
2025-04-08 12:50:16,155.79,38.0,161.48,21.0,154.1,40.0,187.89,27.0,158.63,5.689999999999998,78.0,48.0,1.2287269834079235,126,30.0,-79.0,0.24,159.29,7.0
2025-04-08 12:50:17,157.51,35.0,242.32,22.0,154.51,65.0,311.08,65.0,199.92,84.81,100.0,87.0,18.389898585902905,187,13.0,61.0,0.07,161.67,3.0
2025-04-08 12:50:18,163.4,10.0,238.0,10.0,156.45,22.0,315.0,40.0,200.7,74.6,32.0,50.0,22.77561700590863,82,-18.0,-105.0,-0.22,161.67,
2025-04-08 12:50:19,164.0,5.0,303.0,5.0,163.0,5.0,315.0,20.0,233.5,139.0,10.0,25.0,31.533105302204376,35,-15.0,-47.0,-0.43,161.67,
2025-04-08 12:50:20,164.0,10.0,306.3,10.0,163.0,10.0,340.0,40.0,235.15,142.3,20.0,50.0,31.2812395854126,70,-30.0,35.0,-0.43,161.67,
2025-04-08 12:50:21,156.42,19.0,297.0,7.0,154.46,59.0,336.0,7.0,226.71,140.58,78.0,14.0,17.53040872313168,92,64.0,22.0,0.7,163.5,2.0
2025-04-08 12:50:22,156.69,13.0,316.5,6.0,154.32,38.0,419.2,15.0,236.6,159.81,51.0,21.0,14.92909474817839,72,30.0,-20.0,0.42,163.5,
2025-04-08 12:50:23,159.09,35.0,195.56,27.0,157.67,12.0,216.18,17.0,177.32,36.47,47.0,44.0,25.182907496952463,91,3.0,19.0,0.03,160.0,3.0
2025-04-08 12:50:24,158.69,26.0,194.7,30.0,155.67,18.0,321.77,22.0,176.7,36.00999999999999,44.0,52.0,30.80157836864873,96,-8.0,5.0,-0.08,159.0,4.0
2025-04-08 12:50:25,161.86,72.0,193.0,36.0,156.25,16.0,401.62,52.0,177.43,31.139999999999983,88.0,88.0,30.0589831830678,176,0.0,80.0,0.0,159.0,
2025-04-08 12:50:26,162.0,57.0,191.64,33.0,157.0,11.0,230.05,21.0,176.82,29.639999999999983,68.0,54.0,26.625581308206296,122,14.0,-54.0,0.11,162.0,5.0
2025-04-08 12:50:27,162.0,26.0,188.0,39.0,157.0,13.0,189.62,39.0,175.0,26.0,39.0,78.0,0.97610450252263,117,-39.0,-5.0,-0.33,162.0,
2025-04-08 12:50:28,162.69,35.0,185.5,36.0,158.25,12.0,186.92,36.0,174.09,22.81,47.0,72.0,1.4013457816833808,119,-25.0,2.0,-0.21,162.75,4.0
2025-04-08 12:50:29,163.0,30.0,184.0,33.0,162.0,11.0,185.0,33.0,173.5,21.0,41.0,66.0,1.704279906540794,107,-25.0,-12.0,-0.23,163.0,4.0
2025-04-08 12:50:30,162.18,11.0,183.5,30.0,157.5,10.0,184.5,30.0,172.84,21.319999999999997,21.0,60.0,1.5446358793690618,81,-39.0,-26.0,-0.48,163.0,2.0
2025-04-08 12:50:31,162.0,11.0,181.09,33.0,157.31,13.0,182.91,33.0,171.55,19.090000000000003,24.0,66.0,1.3021251859284153,90,-42.0,9.0,-0.47,163.0,
2025-04-08 12:50:32,162.0,16.0,176.81,48.0,158.0,32.0,179.25,48.0,169.41,14.810000000000002,48.0,96.0,1.860636987653334,144,-48.0,54.0,-0.33,163.0,
2025-04-08 12:50:33,156.49,74.0,172.42,33.0,156.5,24.0,173.34,35.0,164.46,15.929999999999978,98.0,68.0,3.6448004060324495,166,30.0,22.0,0.18,158.75,4.0
2025-04-08 12:50:34,156.23,129.0,168.05,41.0,155.67,104.0,169.11,37.0,162.14,11.820000000000022,233.0,78.0,4.605849541594184,311,155.0,145.0,0.5,158.75,
2025-04-08 12:50:35,159.0,18.0,163.67,30.0,156.0,153.0,164.55,33.0,161.33,4.669999999999988,171.0,63.0,4.507335132846473,234,108.0,-77.0,0.46,158.75,
2025-04-08 12:50:36,156.49,61.0,160.44,25.0,155.76,112.0,161.75,24.0,158.47,3.9499999999999886,173.0,49.0,4.096885402324473,222,124.0,-12.0,0.56,159.0,2.0
2025-04-08 12:50:37,156.0,148.0,157.17,18.0,155.0,99.0,159.06,17.0,156.58,1.1699999999999875,247.0,35.0,3.102471595319896,282,212.0,60.0,0.75,156.3,10.0
2025-04-08 12:50:38,156.0,58.0,157.0,8.0,155.0,72.0,313.0,8.0,156.5,1.0,130.0,16.0,2.630385903201079,146,114.0,-136.0,0.78,156.0,6.0
2025-04-08 12:50:39,154.17,30.0,247.67,9.0,152.45,49.0,555.74,27.0,200.92,93.5,79.0,36.0,19.19644889034941,115,43.0,-31.0,0.37,156.0,4.0
2025-04-08 12:50:42,159.78,23.0,461.63,30.0,151.69,48.0,522.64,45.0,310.71,301.85,71.0,75.0,81.8022318155213,146,-4.0,15.0,-0.03,156.0,
2025-04-08 12:50:43,160.0,18.0,344.81,21.0,159.0,45.0,453.88,17.0,252.4,184.81,63.0,38.0,57.20561537122362,101,25.0,-45.0,0.25,156.0,
2025-04-08 12:50:44,160.94,64.0,284.66,35.0,159.71,34.0,322.9,50.0,222.8,123.72000000000004,98.0,85.0,49.44298605465083,183,13.0,82.0,0.07,156.0,
2025-04-08 12:50:45,162.13,75.0,221.36,73.0,160.0,30.0,232.69,58.0,191.74,59.23000000000002,105.0,131.0,58.796473788827385,236,-26.0,53.0,-0.11,156.0,
2025-04-08 12:50:46,164.0,43.0,221.0,55.0,161.95,175.0,223.0,34.0,192.5,57.0,218.0,89.0,49.64014806585627,307,129.0,71.0,0.42,164.0,4.0
2025-04-08 12:50:47,162.03,72.0,221.0,25.0,161.23,31.0,359.4,5.0,191.51,58.97,103.0,30.0,27.1246069095945,133,73.0,-168.0,0.55,162.33,6.0
2025-04-08 12:50:48,162.0,168.0,201.31,58.0,160.0,36.0,233.66,29.0,181.66,39.31,204.0,87.0,15.60788646806331,291,117.0,158.0,0.4,162.33,
2025-04-08 12:50:49,162.0,196.0,169.86,58.0,160.0,30.0,183.51,51.0,165.93,7.860000000000014,226.0,109.0,11.383398877308066,335,117.0,44.0,0.35,162.33,
2025-04-08 12:50:50,162.0,263.0,167.48,50.0,160.0,38.0,168.7,83.0,164.74,5.47999999999999,301.0,133.0,13.41304476991978,434,168.0,99.0,0.39,162.0,1.0
2025-04-08 12:50:51,162.0,148.0,163.98,59.0,160.0,28.0,165.45,64.0,162.99,1.9799999999999895,176.0,123.0,12.603159524494002,299,53.0,-135.0,0.18,162.11,9.0
2025-04-08 12:50:52,162.0,50.0,163.79,38.0,160.0,20.0,164.75,32.0,162.89,1.789999999999992,70.0,70.0,7.938505526849276,140,0.0,-159.0,0.0,162.11,
2025-04-08 12:50:53,161.92,52.0,163.0,22.0,159.69,29.0,167.06,51.0,162.46,1.0800000000000125,81.0,73.0,1.474811852338426,154,8.0,14.0,0.05,162.0,5.0
2025-04-08 12:50:54,160.0,14.0,163.0,14.0,159.0,63.0,365.55,11.0,161.5,3.0,77.0,25.0,1.1775100847948554,102,52.0,-52.0,0.51,162.0,
2025-04-08 12:50:55,160.0,27.0,191.68,38.0,159.0,144.0,249.22,50.0,175.84,31.680000000000007,171.0,88.0,6.012630871740283,259,83.0,157.0,0.32,162.0,5.0
2025-04-08 12:50:56,159.63,54.0,264.08,39.0,158.86,56.0,299.8,51.0,211.85,104.45,110.0,90.0,21.475215249208837,200,20.0,-59.0,0.1,159.17,6.0
2025-04-08 12:50:59,163.0,44.0,334.0,56.0,159.0,36.0,533.9,42.0,248.5,171.0,80.0,98.0,76.92851662420303,178,-18.0,7.0,-0.1,163.0,5.0
2025-04-08 12:51:00,163.0,22.0,281.45,31.0,159.0,33.0,376.74,35.0,222.23,118.45,55.0,66.0,65.5248933612282,121,-11.0,-57.0,-0.09,163.0,
2025-04-08 12:51:01,163.0,18.0,267.48,23.0,159.0,27.0,271.88,34.0,215.24,104.48000000000002,45.0,57.0,64.73760398717525,102,-12.0,-19.0,-0.12,163.0,
2025-04-08 12:51:02,161.0,24.0,190.26,31.0,158.82,22.0,199.16,19.0,175.63,29.25999999999999,46.0,50.0,68.99219934166605,96,-4.0,-6.0,-0.04,163.0,2.0
2025-04-08 12:51:03,159.0,24.0,186.55,31.0,158.0,8.0,189.2,25.0,172.77,27.55000000000001,32.0,56.0,32.31791654794617,88,-24.0,-8.0,-0.27,163.0,
2025-04-08 12:51:04,159.0,27.0,185.0,24.0,158.0,9.0,186.05,39.0,172.0,26.0,36.0,63.0,24.9540223210596,99,-27.0,11.0,-0.27,158.2,5.0
2025-04-08 12:51:05,158.43,148.0,178.99,70.0,155.74,54.0,179.81,67.0,168.71,20.56,202.0,137.0,19.370770506097323,339,65.0,168.0,0.19,158.2,
2025-04-08 12:51:06,159.0,168.0,172.22,60.0,156.0,56.0,173.79,58.0,165.61,13.22,224.0,118.0,3.868149428323899,342,106.0,3.0,0.31,158.2,
2025-04-08 12:51:07,159.0,152.0,168.31,52.0,156.0,52.0,169.36,56.0,163.65,9.310000000000002,204.0,108.0,3.949369569922644,312,96.0,-30.0,0.31,159.0,4.0
2025-04-08 12:51:08,159.0,150.0,165.24,58.0,156.0,60.0,166.86,57.0,162.12,6.240000000000009,210.0,115.0,3.974905030289487,325,95.0,13.0,0.29,159.0,
2025-04-08 12:51:09,159.0,78.0,160.0,52.0,156.0,73.0,161.78,41.0,159.5,1.0,151.0,93.0,3.4874589603045694,244,58.0,-81.0,0.24,159.0,7.0
2025-04-08 12:51:10,156.24,76.0,159.27,41.0,155.41,34.0,162.38,26.0,157.75,3.030000000000001,110.0,67.0,3.1506396175694262,177,43.0,-67.0,0.24,158.8,5.0
2025-04-08 12:51:11,156.38,32.0,163.73,11.0,155.47,15.0,216.11,9.0,160.05,7.349999999999994,47.0,20.0,2.304719071772656,67,27.0,-110.0,0.4,159.0,3.0
2025-04-08 12:51:12,159.0,28.0,168.0,14.0,156.0,49.0,190.38,13.0,163.5,9.0,77.0,27.0,2.255777027942357,104,50.0,37.0,0.48,159.0,
2025-04-08 12:51:13,159.33,18.0,168.0,12.0,156.67,36.0,226.83,6.0,163.67,8.669999999999987,54.0,18.0,2.5998903822649755,72,36.0,-32.0,0.5,159.0,
2025-04-08 12:51:14,162.0,13.0,168.0,26.0,159.0,52.0,312.86,14.0,165.0,6.0,65.0,40.0,2.9959856474621547,105,25.0,33.0,0.24,159.0,
2025-04-08 12:51:15,162.0,6.0,168.0,12.0,159.0,24.0,293.11,9.0,165.0,6.0,30.0,21.0,2.025815884972328,51,9.0,-54.0,0.18,159.0,
2025-04-08 12:51:16,161.44,32.0,168.0,22.0,158.31,26.0,268.57,14.0,164.72,6.560000000000002,58.0,36.0,0.735336657464262,94,22.0,43.0,0.23,162.75,4.0
2025-04-08 12:51:17,162.47,30.0,168.0,24.0,158.8,30.0,226.65,20.0,165.23,5.530000000000001,60.0,44.0,0.6163034965115538,104,16.0,10.0,0.15,163.0,2.0
2025-04-08 12:51:18,160.39,23.0,168.0,18.0,158.42,19.0,300.33,9.0,164.2,7.610000000000014,42.0,27.0,0.3958535080214315,69,15.0,-35.0,0.22,161.25,4.0
2025-04-08 12:51:19,159.0,12.0,178.86,7.0,158.0,12.0,407.2,5.0,168.93,19.860000000000014,24.0,12.0,1.892017441731604,36,12.0,-33.0,0.33,161.25,
2025-04-08 12:51:20,158.94,35.0,205.07,45.0,157.78,37.0,313.19,26.0,182.0,46.13,72.0,71.0,7.492911983990777,143,1.0,107.0,0.01,158.75,4.0
2025-04-08 12:51:21,157.0,24.0,168.0,9.0,155.8,30.0,196.0,45.0,162.5,11.0,54.0,54.0,7.867526294829305,108,0.0,-35.0,0.0,158.75,
2025-04-08 12:51:22,156.0,20.0,167.23,13.0,155.0,10.0,192.71,17.0,161.62,11.22999999999999,30.0,30.0,8.398612980714564,60,0.0,-48.0,0.0,158.75,
2025-04-08 12:51:23,159.47,83.0,166.28,88.0,157.42,107.0,166.97,30.0,162.88,6.810000000000002,190.0,118.0,8.561202018398228,308,72.0,168.0,0.23,164.0,3.0
2025-04-08 12:51:24,158.0,162.0,163.94,90.0,156.0,72.0,164.39,46.0,160.97,5.939999999999998,234.0,136.0,8.978718171310339,370,98.0,62.0,0.26,164.0,
2025-04-08 12:51:25,159.29,14.0,162.0,65.0,157.24,133.0,163.52,33.0,160.64,2.710000000000008,147.0,98.0,0.9608433794320612,245,49.0,-125.0,0.2,161.0,2.0
2025-04-08 12:51:26,156.11,109.0,160.89,56.0,155.67,98.0,162.5,20.0,158.5,4.779999999999973,207.0,76.0,1.6022546613427768,283,131.0,38.0,0.46,156.75,4.0
2025-04-08 12:51:27,156.17,36.0,160.0,42.0,155.57,42.0,161.24,17.0,158.08,3.830000000000013,78.0,59.0,1.9591018349721665,137,19.0,-146.0,0.14,156.67,3.0
2025-04-08 12:51:28,156.0,50.0,158.18,45.0,155.0,20.0,160.0,20.0,157.09,2.180000000000007,70.0,65.0,1.6807230586226534,135,5.0,-2.0,0.04,158.0,1.0
2025-04-08 12:51:29,155.78,36.0,157.0,36.0,154.6,20.0,160.0,20.0,156.39,1.2199999999999989,56.0,56.0,1.623899627372827,112,0.0,-23.0,0.0,156.0,5.0
2025-04-08 12:51:30,155.0,26.0,156.87,23.0,154.0,26.0,159.31,26.0,155.93,1.8700000000000043,52.0,49.0,1.089206132822064,101,3.0,-11.0,0.03,156.0,
2025-04-08 12:51:31,155.0,10.0,158.73,11.0,154.0,14.0,162.0,10.0,156.86,3.7299999999999898,24.0,21.0,0.8103394349133368,45,3.0,-56.0,0.07,155.0,1.0
2025-04-08 12:51:32,155.0,9.0,159.35,17.0,154.0,18.0,185.8,10.0,157.18,4.349999999999994,27.0,27.0,0.5235933534479014,54,0.0,9.0,0.0,159.0,2.0
2025-04-08 12:51:33,156.56,9.0,163.22,9.0,154.12,16.0,389.56,27.0,159.89,6.659999999999997,25.0,36.0,1.5498870925901118,61,-11.0,7.0,-0.18,159.0,
2025-04-08 12:51:34,151.59,37.0,163.0,9.0,126.09,11.0,280.57,21.0,157.3,11.409999999999997,48.0,30.0,1.4752864127952503,78,18.0,17.0,0.23,155.2,5.0
2025-04-08 12:51:35,151.0,34.0,227.5,8.0,69.91,11.0,358.43,14.0,189.25,76.5,45.0,22.0,14.113739051003089,67,23.0,-11.0,0.34,154.0,4.0
2025-04-08 12:51:36,152.0,60.0,191.88,25.0,151.0,20.0,431.65,20.0,171.94,39.88,80.0,45.0,13.788381703442353,125,35.0,58.0,0.28,154.0,
2025-04-08 12:51:37,155.38,52.0,161.0,31.0,154.28,47.0,363.22,9.0,158.19,5.6200000000000045,99.0,40.0,13.61278186117095,139,59.0,14.0,0.42,161.0,1.0
2025-04-08 12:51:38,157.07,27.0,160.81,21.0,156.0,58.0,598.62,16.0,158.94,3.740000000000009,85.0,37.0,13.74826279934392,122,48.0,-17.0,0.39,158.43,7.0
2025-04-08 12:51:39,158.62,16.0,160.0,32.0,156.0,48.0,161.0,8.0,159.31,1.3799999999999957,64.0,40.0,13.41453055458244,104,24.0,-18.0,0.23,160.0,2.0
2025-04-08 12:51:40,156.0,84.0,159.52,23.0,132.12,40.0,160.47,19.0,157.76,3.5200000000000102,124.0,42.0,6.01907551039165,166,82.0,62.0,0.49,160.0,
2025-04-08 12:51:41,156.0,39.0,160.18,11.0,152.0,55.0,237.24,25.0,158.09,4.180000000000007,94.0,36.0,0.642783011430469,130,58.0,-36.0,0.45,156.0,5.0
2025-04-08 12:51:42,139.42,19.0,157.0,30.0,122.65,40.0,275.97,34.0,148.21,17.580000000000013,59.0,64.0,4.655165947608574,123,-5.0,-7.0,-0.04,152.67,6.0
2025-04-08 12:51:43,142.95,21.0,161.69,13.0,100.24,25.0,294.44,27.0,152.32,18.74000000000001,46.0,40.0,4.715216856070181,86,6.0,-37.0,0.07,156.0,5.0
2025-04-08 12:51:44,157.88,17.0,212.3,10.0,129.83,18.0,399.0,24.0,185.09,54.420000000000016,35.0,34.0,14.45448131202888,69,1.0,-17.0,0.01,162.0,1.0
2025-04-08 12:51:45,158.25,16.0,231.55,29.0,151.72,25.0,274.74,23.0,194.9,73.30000000000001,41.0,52.0,20.922513472329904,93,-11.0,24.0,-0.12,162.0,
2025-04-08 12:51:46,159.0,12.0,227.91,33.0,157.0,22.0,308.21,19.0,193.45,68.91,34.0,52.0,22.749147896126985,86,-18.0,-7.0,-0.21,162.0,
2025-04-08 12:51:47,159.0,14.0,227.0,21.0,157.0,35.0,288.4,10.0,193.0,68.0,49.0,31.0,17.983433209482,80,18.0,-6.0,0.23,162.0,
2025-04-08 12:51:48,158.0,35.0,197.59,51.0,155.04,45.0,228.68,25.0,177.79,39.59,80.0,76.0,7.270593510843761,156,4.0,76.0,0.03,159.0,2.0
2025-04-08 12:51:49,158.0,166.0,173.41,56.0,157.0,32.0,211.38,32.0,165.71,15.409999999999997,198.0,88.0,12.820844355966008,286,110.0,130.0,0.38,158.0,2.0
2025-04-08 12:51:50,158.83,54.0,169.67,18.0,157.0,12.0,233.0,6.0,164.25,10.839999999999977,66.0,24.0,14.145009720741696,90,42.0,-168.0,0.47,158.0,
2025-04-08 12:51:51,159.0,93.0,167.89,27.0,157.0,24.0,233.0,9.0,163.44,8.889999999999986,117.0,36.0,12.687721229592391,153,81.0,63.0,0.53,158.0,
2025-04-08 12:51:52,159.0,96.0,167.0,24.0,157.0,16.0,629.81,37.0,163.0,8.0,112.0,61.0,6.208725311996149,173,51.0,20.0,0.29,158.0,
2025-04-08 12:51:53,160.77,117.0,167.0,39.0,159.46,39.0,314.56,62.0,163.88,6.22999999999999,156.0,101.0,1.0366918538354912,257,55.0,84.0,0.21,158.0,
2025-04-08 12:51:54,161.73,99.0,167.0,33.0,160.0,33.0,296.22,46.0,164.36,5.27000000000001,132.0,79.0,0.5681373071781357,211,53.0,-46.0,0.25,158.0,
2025-04-08 12:51:55,162.68,91.0,169.25,24.0,159.85,39.0,277.71,31.0,165.97,6.569999999999993,130.0,55.0,1.1460802763372062,185,75.0,-26.0,0.41,163.25,4.0
2025-04-08 12:51:56,161.0,40.0,422.68,22.0,160.0,24.0,505.89,28.0,291.84,261.68,64.0,50.0,57.04671331461544,114,14.0,-71.0,0.12,163.25,
2025-04-08 12:51:57,160.71,63.0,304.29,55.0,159.2,45.0,320.55,60.0,232.5,143.58,108.0,115.0,57.34744981252423,223,-7.0,109.0,-0.03,161.0,5.0
2025-04-08 12:51:58,160.0,27.0,299.95,19.0,158.0,27.0,301.17,29.0,229.97,139.95,54.0,48.0,53.34908874573252,102,6.0,-121.0,0.06,161.0,
2025-04-08 12:51:59,160.0,21.0,271.35,20.0,158.0,21.0,283.52,21.0,215.68,111.35000000000002,42.0,41.0,44.98865268042698,83,1.0,-19.0,0.01,161.0,
2025-04-08 12:52:00,161.44,52.0,227.36,22.0,158.71,42.0,233.34,35.0,194.4,65.92000000000002,94.0,57.0,36.26790757681116,151,37.0,68.0,0.25,161.0,
2025-04-08 12:52:01,163.0,70.0,209.0,20.0,160.0,42.0,222.33,36.0,186.0,46.0,112.0,56.0,20.868953016383475,168,56.0,17.0,0.33,161.0,
2025-04-08 12:52:02,163.0,40.0,190.8,20.0,160.0,24.0,192.77,13.0,176.9,27.80000000000001,64.0,33.0,21.813372045604744,97,31.0,-71.0,0.32,161.0,
2025-04-08 12:52:03,163.0,39.0,187.1,31.0,160.0,45.0,188.29,28.0,175.05,24.099999999999994,84.0,59.0,16.50120238043036,143,25.0,46.0,0.17,163.0,3.0
2025-04-08 12:52:04,164.0,48.0,182.96,23.0,161.83,23.0,184.56,27.0,173.48,18.960000000000008,71.0,50.0,8.848518520062091,121,21.0,-22.0,0.17,163.0,
2025-04-08 12:52:05,165.0,66.0,181.11,27.0,163.0,24.0,182.12,25.0,173.06,16.110000000000014,90.0,52.0,5.30741179859468,142,38.0,21.0,0.27,165.0,3.0
2025-04-08 12:52:06,165.0,36.0,177.86,14.0,163.0,24.0,178.75,16.0,171.43,12.860000000000014,60.0,30.0,2.0778666944365005,90,30.0,-52.0,0.33,165.0,
2025-04-08 12:52:07,164.58,36.0,176.58,12.0,162.38,26.0,178.0,12.0,170.58,12.0,62.0,24.0,1.7582519727964296,86,38.0,-4.0,0.44,164.2,5.0
2025-04-08 12:52:08,160.0,33.0,173.61,18.0,159.0,48.0,176.0,12.0,166.81,13.610000000000014,81.0,30.0,2.659204768316046,111,51.0,25.0,0.46,160.0,1.0
2025-04-08 12:52:09,160.0,24.0,171.8,15.0,159.0,48.0,172.95,19.0,165.9,11.800000000000011,72.0,34.0,3.071860999431407,106,38.0,-5.0,0.36,160.0,
2025-04-08 12:52:10,160.0,28.0,166.18,17.0,159.0,56.0,167.86,14.0,163.09,6.180000000000007,84.0,31.0,3.4422478120871007,115,53.0,9.0,0.46,160.0,
2025-04-08 12:52:11,160.0,22.0,163.96,23.0,159.0,48.0,164.85,13.0,161.98,3.960000000000008,70.0,36.0,3.381311875560965,106,34.0,-9.0,0.32,161.0,3.0
2025-04-08 12:52:12,159.2,20.0,162.43,14.0,157.73,30.0,163.6,10.0,160.81,3.230000000000018,50.0,24.0,2.558958772587092,74,26.0,-32.0,0.35,160.0,1.0
2025-04-08 12:52:13,159.67,36.0,161.7,23.0,158.94,51.0,162.36,22.0,160.68,2.030000000000001,87.0,45.0,2.1416512320624737,132,42.0,58.0,0.32,160.0,
2025-04-08 12:52:14,159.11,36.0,161.0,10.0,158.5,16.0,257.54,26.0,160.06,1.8899999999999864,52.0,36.0,1.206826416594068,88,16.0,-44.0,0.18,160.0,2.0
2025-04-08 12:52:15,159.0,52.0,220.72,18.0,158.0,13.0,254.59,37.0,189.86,61.72,65.0,55.0,12.977708580478089,120,10.0,32.0,0.08,161.0,1.0
2025-04-08 12:52:16,159.0,68.0,165.88,25.0,158.0,17.0,166.93,71.0,162.44,6.879999999999996,85.0,96.0,12.937646617519547,181,-11.0,61.0,-0.06,161.0,
2025-04-08 12:52:17,159.17,48.0,161.38,24.0,158.62,26.0,182.76,55.0,160.27,2.210000000000008,74.0,79.0,13.00193139498184,153,-5.0,-28.0,-0.03,161.33,3.0
2025-04-08 12:52:18,159.4,20.0,162.9,30.0,158.73,22.0,225.53,30.0,161.15,3.5,42.0,60.0,12.949464467684171,102,-18.0,-51.0,-0.18,159.5,4.0
2025-04-08 12:52:19,159.0,18.0,163.0,27.0,158.0,9.0,235.85,26.0,161.0,4.0,27.0,53.0,12.834260009825876,80,-26.0,-22.0,-0.33,159.5,
2025-04-08 12:52:20,156.79,48.0,163.0,39.0,155.23,43.0,482.67,51.0,159.9,6.210000000000008,91.0,90.0,0.9781973214987426,181,1.0,101.0,0.01,156.11,9.0
2025-04-08 12:52:21,159.0,25.0,163.0,15.0,155.0,45.0,456.86,21.0,161.0,4.0,70.0,36.0,0.547932477396591,106,34.0,-75.0,0.32,156.11,
2025-04-08 12:52:22,160.04,26.0,163.0,24.0,157.92,48.0,356.67,18.0,161.52,2.960000000000008,74.0,42.0,0.6053759160944167,116,32.0,10.0,0.28,156.11,
2025-04-08 12:52:23,162.4,50.0,430.15,47.0,160.48,66.0,534.53,51.0,296.27,267.75,116.0,98.0,60.56231105233612,214,18.0,98.0,0.08,163.0,3.0
2025-04-08 12:52:24,162.75,53.0,354.67,18.0,157.5,56.0,515.0,45.0,258.71,191.92,109.0,63.0,65.27776305910004,172,46.0,-42.0,0.27,165.0,3.0
2025-04-08 12:52:25,164.0,143.0,258.0,22.0,159.0,55.0,496.88,49.0,211.0,94.0,198.0,71.0,59.73072366881264,269,127.0,97.0,0.47,165.0,
2025-04-08 12:52:26,164.0,91.0,224.38,29.0,159.0,35.0,364.44,18.0,194.19,60.38,126.0,47.0,53.35858009730101,173,79.0,-96.0,0.46,165.0,
2025-04-08 12:52:28,164.0,116.0,245.76,34.0,160.93,42.0,391.4,40.0,204.88,81.75999999999999,158.0,74.0,65.17564598836121,232,84.0,-11.0,0.36,164.0,2.0
2025-04-08 12:52:29,164.0,56.0,200.5,24.0,162.57,21.0,368.94,33.0,182.25,36.5,77.0,57.0,69.72140295490411,134,20.0,-98.0,0.15,164.0,
2025-04-08 12:52:30,164.0,56.0,190.4,20.0,163.0,21.0,247.44,27.0,177.2,26.40000000000001,77.0,47.0,73.42773747025085,124,30.0,-10.0,0.24,164.0,
2025-04-08 12:52:31,164.0,54.0,168.0,18.0,163.0,27.0,169.0,18.0,166.0,4.0,81.0,36.0,77.0983568566805,117,45.0,-7.0,0.38,164.0,6.0
2025-04-08 12:52:32,164.0,18.0,168.0,18.0,163.0,27.0,169.67,18.0,166.0,4.0,45.0,36.0,15.978290897335588,81,9.0,-36.0,0.11,164.0,
2025-04-08 12:52:33,164.0,12.0,167.83,12.0,163.0,18.0,171.0,12.0,165.92,3.830000000000013,30.0,24.0,7.740890129684098,54,6.0,-27.0,0.11,164.0,
2025-04-08 12:52:34,163.45,22.0,165.44,18.0,162.56,27.0,168.96,23.0,164.45,1.990000000000009,49.0,41.0,5.232874926827884,90,8.0,36.0,0.09,163.67,3.0
2025-04-08 12:52:35,162.22,27.0,168.9,20.0,159.61,44.0,511.41,37.0,165.56,6.680000000000007,71.0,57.0,0.6605906446605223,128,14.0,38.0,0.11,163.0,2.0
2025-04-08 12:52:36,162.0,30.0,170.82,22.0,159.0,50.0,565.91,43.0,166.41,8.819999999999993,80.0,65.0,0.7448959657652824,145,15.0,17.0,0.1,163.0,
2025-04-08 12:52:37,162.03,76.0,169.0,21.0,159.21,43.0,169.57,28.0,165.51,6.969999999999999,119.0,49.0,0.7221841869031246,168,70.0,23.0,0.42,163.0,
2025-04-08 12:52:38,159.54,41.0,167.0,10.0,158.39,74.0,169.0,40.0,163.27,7.460000000000008,115.0,50.0,1.209255969516137,165,65.0,-3.0,0.39,162.67,3.0
2025-04-08 12:52:39,162.0,60.0,164.69,13.0,159.0,50.0,165.89,37.0,163.35,2.6899999999999977,110.0,50.0,1.4243595051142728,160,60.0,-5.0,0.38,162.67,
2025-04-08 12:52:40,162.0,114.0,164.28,43.0,159.0,95.0,166.07,60.0,163.14,2.280000000000001,209.0,103.0,1.5181172549599455,312,106.0,152.0,0.34,164.0,1.0
2025-04-08 12:52:41,162.07,56.0,167.46,26.0,159.63,57.0,191.96,49.0,164.77,5.390000000000015,113.0,75.0,1.068606569231913,188,38.0,-124.0,0.2,164.0,4.0
2025-04-08 12:52:42,164.0,9.0,169.0,18.0,162.0,54.0,416.0,27.0,166.5,5.0,63.0,45.0,1.442716188238881,108,18.0,-80.0,0.17,164.0,
2025-04-08 12:52:43,162.12,16.0,169.0,12.0,159.58,31.0,416.0,18.0,165.56,6.879999999999996,47.0,30.0,1.4347578192185138,77,17.0,-31.0,0.22,162.5,4.0
2025-04-08 12:52:44,160.44,25.0,169.0,12.0,158.62,48.0,557.0,20.0,164.72,8.560000000000002,73.0,32.0,1.2384748684611793,105,41.0,28.0,0.39,160.8,5.0
2025-04-08 12:52:45,159.0,49.0,163.83,29.0,158.0,63.0,349.62,16.0,161.41,4.8300000000000125,112.0,45.0,1.920330700636825,157,67.0,52.0,0.43,160.8,
2025-04-08 12:52:46,160.06,18.0,163.0,60.0,158.9,86.0,170.0,24.0,161.53,2.9399999999999977,104.0,84.0,2.344958421764725,188,20.0,31.0,0.11,160.8,
2025-04-08 12:52:47,160.15,13.0,163.0,35.0,158.74,47.0,170.0,14.0,161.58,2.8499999999999943,60.0,49.0,2.0130449572229434,109,11.0,-79.0,0.1,159.75,4.0
2025-04-08 12:52:48,158.21,76.0,161.36,70.0,156.65,74.0,163.81,67.0,159.78,3.1500000000000057,150.0,137.0,1.7944442035893242,287,13.0,168.0,0.05,159.0,4.0
2025-04-08 12:52:49,157.62,26.0,159.88,40.0,155.85,41.0,163.5,40.0,158.75,2.259999999999991,67.0,80.0,1.2821661357989995,147,-13.0,-140.0,-0.09,158.0,5.0
2025-04-08 12:52:50,156.0,35.0,159.16,25.0,155.0,42.0,161.14,35.0,157.58,3.1599999999999966,77.0,60.0,1.7452019939783934,137,17.0,-10.0,0.12,158.0,
2025-04-08 12:52:51,156.0,15.0,159.68,28.0,155.0,36.0,164.0,30.0,157.84,3.680000000000007,51.0,58.0,1.630423257863656,109,-7.0,-28.0,-0.06,156.0,3.0
2025-04-08 12:52:52,156.0,8.0,159.0,20.0,155.0,24.0,164.71,14.0,157.5,3.0,32.0,34.0,0.9698453483823783,66,-2.0,-43.0,-0.03,156.0,
2025-04-08 12:52:53,156.0,14.0,159.0,35.0,155.0,42.0,164.0,14.0,157.5,3.0,56.0,49.0,0.5307353387299786,105,7.0,39.0,0.07,156.0,
2025-04-08 12:52:54,155.18,17.0,157.8,25.0,154.36,33.0,159.45,33.0,156.49,2.6200000000000045,50.0,58.0,0.517803051144674,108,-8.0,3.0,-0.07,155.33,6.0
2025-04-08 12:52:55,154.48,29.0,156.42,12.0,145.88,56.0,161.0,62.0,155.45,1.9399999999999975,85.0,74.0,0.9821557920069456,159,11.0,51.0,0.07,155.0,2.0
2025-04-08 12:52:56,154.0,31.0,162.95,20.0,83.67,42.0,164.33,18.0,158.47,8.949999999999989,73.0,38.0,1.1499869563492284,111,35.0,-48.0,0.32,154.2,5.0
2025-04-08 12:52:57,155.15,104.0,160.31,42.0,141.35,93.0,185.29,48.0,157.73,5.159999999999997,197.0,90.0,1.1752106193247107,287,107.0,168.0,0.37,154.2,
2025-04-08 12:52:58,157.15,85.0,160.0,99.0,146.2,90.0,308.55,44.0,158.58,2.8499999999999943,175.0,143.0,1.3473232721862187,318,32.0,31.0,0.1,158.0,1.0
2025-04-08 12:52:59,158.0,56.0,160.0,57.0,149.0,72.0,386.6,20.0,159.0,2.0,128.0,77.0,1.4154610555493647,205,51.0,-113.0,0.25,160.0,5.0
2025-04-08 12:53:00,158.0,15.0,160.0,20.0,149.0,45.0,225.6,20.0,159.0,2.0,60.0,40.0,0.5207014497581376,100,20.0,-105.0,0.2,158.0,4.0
2025-04-08 12:53:01,133.07,45.0,152.68,38.0,120.46,52.0,177.89,38.0,142.88,19.610000000000014,97.0,76.0,7.039255642450102,173,21.0,73.0,0.12,158.0,3.0
2025-04-08 12:53:10,137.0,20.0,152.33,12.0,136.0,80.0,153.09,44.0,144.67,15.330000000000013,100.0,56.0,1.763986961319303,156,44.0,-98.0,0.28,152.75,4.0
2025-04-08 12:53:11,151.34,58.0,153.27,22.0,141.71,34.0,154.43,28.0,152.31,1.9300000000000068,92.0,50.0,4.23298121891844,142,42.0,-14.0,0.3,153.0,2.0
2025-04-08 12:53:12,152.0,80.0,154.0,20.0,150.0,20.0,155.0,40.0,153.0,2.0,100.0,60.0,5.032938505458494,160,40.0,18.0,0.25,153.0,
2025-04-08 12:53:13,152.01,81.0,154.27,15.0,149.86,28.0,195.63,38.0,153.14,2.2600000000000198,109.0,53.0,4.877781257881136,162,56.0,2.0,0.35,154.5,4.0
2025-04-08 12:53:14,153.4,81.0,229.2,15.0,150.14,28.0,420.12,16.0,191.3,75.79999999999998,109.0,31.0,18.463933221277152,140,78.0,-22.0,0.56,155.5,4.0
2025-04-08 12:53:16,158.0,12.0,226.0,20.0,156.0,48.0,234.4,10.0,192.0,68.0,60.0,30.0,78.99940379521867,90,30.0,-110.0,0.33,155.5,
2025-04-08 12:53:17,158.0,12.0,197.55,20.0,156.0,48.0,213.92,13.0,177.78,39.55000000000001,60.0,33.0,75.49413010294266,93,27.0,3.0,0.29,155.5,
2025-04-08 12:53:18,158.0,8.0,167.0,12.0,156.0,32.0,245.46,13.0,162.5,9.0,40.0,25.0,73.7794356172507,65,15.0,-28.0,0.23,158.0,1.0
2025-04-08 12:53:19,157.54,69.0,166.92,36.0,145.58,19.0,304.51,35.0,162.23,9.379999999999995,88.0,71.0,77.03466284731837,159,17.0,94.0,0.11,159.6,5.0
2025-04-08 12:53:20,164.0,16.0,165.25,24.0,156.0,80.0,194.0,8.0,164.62,1.25,96.0,32.0,12.9752102102372,128,64.0,-31.0,0.5,159.6,
2025-04-08 12:53:21,156.25,40.0,228.0,13.0,155.77,52.0,316.91,11.0,192.12,71.75,92.0,24.0,13.02188158446558,116,68.0,-12.0,0.59,164.0,2.0
2025-04-08 12:53:22,160.33,9.0,230.0,7.0,156.86,28.0,231.0,14.0,195.17,69.66999999999999,37.0,21.0,16.78133397557715,58,16.0,-58.0,0.28,164.0,
2025-04-08 12:53:23,163.0,11.0,216.85,20.0,159.0,33.0,231.6,20.0,189.93,53.85,44.0,40.0,16.00494079963702,84,4.0,26.0,0.05,164.0,
2025-04-08 12:53:24,163.0,5.0,213.0,5.0,159.0,15.0,302.0,5.0,188.0,50.0,20.0,10.0,12.22791355873558,30,10.0,-54.0,0.33,164.0,
2025-04-08 12:53:25,161.8,10.0,173.35,17.0,158.81,26.0,273.0,19.0,167.58,11.549999999999985,36.0,36.0,10.939796616021352,72,0.0,42.0,0.0,163.0,1.0
2025-04-08 12:53:26,159.39,31.0,163.77,13.0,158.21,57.0,189.06,32.0,161.58,4.380000000000024,88.0,45.0,14.876702255536468,133,43.0,61.0,0.32,163.0,
2025-04-08 12:53:27,159.65,23.0,162.82,11.0,158.33,45.0,234.8,25.0,161.24,3.1699999999999875,68.0,36.0,14.208250420085252,104,32.0,-29.0,0.31,162.0,1.0
2025-04-08 12:53:28,159.0,21.0,161.11,9.0,158.0,49.0,170.75,8.0,160.06,2.1100000000000136,70.0,17.0,11.722411014796634,87,53.0,-17.0,0.61,162.0,
2025-04-08 12:53:29,158.35,34.0,159.67,9.0,156.82,68.0,250.0,12.0,159.01,1.3199999999999932,102.0,21.0,3.336836825467976,123,81.0,36.0,0.66,158.5,6.0
2025-04-08 12:53:30,158.0,16.0,159.0,7.0,156.0,56.0,267.18,22.0,158.5,1.0,72.0,29.0,1.3451096608793307,101,43.0,-22.0,0.43,158.0,3.0
2025-04-08 12:53:31,155.96,53.0,245.61,18.0,155.21,33.0,267.0,24.0,200.79,89.65,86.0,42.0,18.40491374605778,128,44.0,27.0,0.34,158.0,1.0
2025-04-08 12:53:32,155.43,14.0,238.0,24.0,154.94,31.0,300.0,16.0,196.71,82.57,45.0,40.0,21.723149633509856,85,5.0,-43.0,0.06,155.5,2.0
2025-04-08 12:53:33,156.22,27.0,193.33,21.0,154.73,15.0,240.17,12.0,174.78,37.110000000000014,42.0,33.0,20.12882187312196,75,9.0,-10.0,0.12,158.0,5.0
2025-04-08 12:53:34,155.0,12.0,168.0,24.0,154.0,6.0,190.6,15.0,161.5,13.0,18.0,39.0,19.565766787935377,57,-21.0,-18.0,-0.37,156.43,7.0
2025-04-08 12:53:35,155.17,12.0,179.5,24.0,154.44,9.0,223.58,24.0,167.33,24.330000000000013,21.0,48.0,17.6155405821077,69,-27.0,12.0,-0.39,156.43,
2025-04-08 12:53:36,155.43,7.0,178.0,21.0,154.6,10.0,274.0,49.0,166.71,22.569999999999997,17.0,70.0,13.860657632300546,87,-53.0,18.0,-0.61,155.5,2.0
2025-04-08 12:53:37,157.6,25.0,176.38,39.0,156.63,41.0,316.38,34.0,166.99,18.78,66.0,73.0,4.740893375707094,139,-7.0,52.0,-0.05,155.5,
2025-04-08 12:53:38,156.08,12.0,175.22,27.0,154.44,9.0,223.4,25.0,165.65,19.139999999999983,21.0,52.0,2.395992487428701,73,-31.0,-66.0,-0.42,157.5,6.0
2025-04-08 12:53:39,158.5,14.0,173.6,30.0,155.1,10.0,208.44,43.0,166.05,15.099999999999994,24.0,73.0,0.686935222432975,97,-49.0,24.0,-0.51,157.5,
2025-04-08 12:53:40,163.0,45.0,171.77,26.0,157.76,34.0,216.8,35.0,167.38,8.77000000000001,79.0,61.0,0.7014128597474405,140,18.0,43.0,0.13,157.5,
2025-04-08 12:53:41,160.61,67.0,164.67,36.0,157.83,48.0,167.61,28.0,162.64,4.059999999999974,115.0,64.0,1.8685743227967213,179,51.0,39.0,0.28,163.0,5.0
2025-04-08 12:53:42,158.0,56.0,163.57,21.0,156.0,7.0,179.75,16.0,160.79,5.569999999999993,63.0,37.0,2.7038435605281124,100,26.0,-79.0,0.26,163.0,
2025-04-08 12:53:43,158.16,57.0,163.0,36.0,157.25,24.0,287.0,47.0,160.58,4.840000000000003,81.0,83.0,3.088943184942796,164,-2.0,64.0,-0.01,158.0,3.0
2025-04-08 12:53:44,158.92,37.0,161.91,33.0,157.91,47.0,528.29,42.0,160.41,2.990000000000009,84.0,75.0,2.945954853659372,159,9.0,-5.0,0.06,160.0,3.0
2025-04-08 12:53:45,157.0,35.0,161.0,33.0,156.0,11.0,495.67,36.0,159.0,4.0,46.0,69.0,1.299896149617839,115,-23.0,-44.0,-0.2,157.0,4.0
2025-04-08 12:53:46,157.71,17.0,160.71,42.0,156.1,29.0,181.65,52.0,159.21,3.0,46.0,94.0,0.8295601242755196,140,-48.0,25.0,-0.34,157.0,
2025-04-08 12:53:47,157.67,45.0,159.9,30.0,155.64,22.0,389.81,48.0,158.78,2.230000000000018,67.0,78.0,0.8367974664075563,145,-11.0,5.0,-0.08,157.6,5.0
2025-04-08 12:53:48,157.25,84.0,159.75,24.0,156.0,24.0,337.5,48.0,158.5,2.5,108.0,72.0,0.7363083591703458,180,36.0,35.0,0.2,159.0,1.0
2025-04-08 12:53:49,158.0,30.0,378.35,26.0,156.0,12.0,585.33,30.0,268.17,220.35,42.0,56.0,48.88003754090097,98,-14.0,-82.0,-0.14,158.0,3.0
2025-04-08 12:53:50,157.6,20.0,188.97,36.0,155.67,12.0,568.05,37.0,173.29,31.370000000000005,32.0,73.0,47.69511243303555,105,-41.0,7.0,-0.39,157.6,5.0
2025-04-08 12:53:51,163.62,21.0,187.5,8.0,155.8,5.0,188.95,21.0,175.56,23.879999999999995,26.0,29.0,46.14089021681222,55,-3.0,-50.0,-0.05,157.6,
2025-04-08 12:53:52,164.0,63.0,185.47,51.0,156.0,15.0,186.38,24.0,174.74,21.47,78.0,75.0,44.22496659128114,153,3.0,98.0,0.02,164.0,2.0
2025-04-08 12:53:53,164.0,33.0,183.6,20.0,160.74,38.0,184.09,35.0,173.8,19.599999999999994,71.0,55.0,41.96775988779896,126,16.0,-27.0,0.13,164.0,
2025-04-08 12:53:54,164.0,30.0,181.08,25.0,162.0,100.0,182.92,25.0,172.54,17.080000000000013,130.0,50.0,1.1891089100058103,180,80.0,54.0,0.44,164.0,
2025-04-08 12:53:55,164.0,42.0,176.69,26.0,162.0,140.0,179.75,44.0,170.35,12.689999999999998,182.0,70.0,2.0410340516151138,252,112.0,72.0,0.44,164.0,
2025-04-08 12:53:56,162.1,58.0,174.0,36.0,159.33,18.0,176.0,9.0,168.05,11.900000000000006,76.0,45.0,2.7069410780150456,121,31.0,-131.0,0.26,162.75,8.0
2025-04-08 12:53:57,162.0,45.0,173.22,36.0,156.0,9.0,176.0,9.0,167.61,11.22,54.0,45.0,2.7122039008596874,99,9.0,-22.0,0.09,162.75,
2025-04-08 12:53:58,162.0,35.0,172.71,28.0,156.0,7.0,176.0,7.0,167.36,10.710000000000008,42.0,35.0,2.2199481975560693,77,7.0,-22.0,0.09,162.75,
2025-04-08 12:53:59,162.0,66.0,168.68,41.0,158.45,44.0,169.07,29.0,165.34,6.680000000000007,110.0,70.0,1.7909131748428653,180,40.0,103.0,0.22,162.0,1.0
2025-04-08 12:54:00,160.71,42.0,163.78,18.0,158.87,39.0,315.36,28.0,162.25,3.069999999999993,81.0,46.0,2.401451644280647,127,35.0,-53.0,0.28,162.0,4.0
2025-04-08 12:54:01,159.0,66.0,161.82,11.0,158.0,11.0,311.36,44.0,160.41,2.819999999999993,77.0,55.0,3.174260543781977,132,22.0,5.0,0.17,162.0,
2025-04-08 12:54:02,159.0,33.0,180.0,15.0,158.0,6.0,209.62,26.0,169.5,21.0,39.0,41.0,3.6933006917678433,80,-2.0,-52.0,-0.03,159.0,1.0
2025-04-08 12:54:03,159.0,24.0,208.67,15.0,156.33,12.0,212.96,49.0,183.83,49.66999999999999,36.0,64.0,9.35723409987314,100,-28.0,20.0,-0.28,159.0,4.0
2025-04-08 12:54:04,157.29,7.0,206.86,7.0,155.2,15.0,252.0,28.0,182.07,49.57000000000002,22.0,35.0,10.91148110935654,57,-13.0,-43.0,-0.23,159.0,1.0
2025-04-08 12:54:05,156.76,17.0,193.06,17.0,154.75,28.0,426.49,61.0,174.91,36.30000000000001,45.0,78.0,9.584053422214254,123,-33.0,66.0,-0.27,158.0,3.0
2025-04-08 12:54:06,156.3,10.0,204.6,10.0,154.16,19.0,524.7,50.0,180.45,48.29999999999998,29.0,60.0,5.878751568137232,89,-31.0,-34.0,-0.35,158.0,
2025-04-08 12:54:07,158.0,6.0,204.0,4.0,155.12,16.0,363.0,20.0,181.0,46.0,22.0,24.0,3.3556996289726198,46,-2.0,-43.0,-0.04,158.0,1.0
2025-04-08 12:54:08,155.0,40.0,202.3,10.0,154.0,20.0,316.82,44.0,178.65,47.30000000000001,60.0,54.0,2.8068095767048438,114,6.0,68.0,0.05,156.5,2.0
2025-04-08 12:54:09,155.0,44.0,198.46,13.0,154.0,22.0,199.62,16.0,176.73,43.46000000000001,66.0,29.0,2.548552530335001,95,37.0,-19.0,0.39,156.5,
2025-04-08 12:54:10,160.69,65.0,190.75,20.0,155.7,43.0,195.9,21.0,175.72,30.06,108.0,41.0,2.2877827693812445,149,67.0,54.0,0.45,156.5,
2025-04-08 12:54:11,164.0,113.0,190.5,18.0,163.0,60.0,193.33,15.0,177.25,26.5,173.0,33.0,2.044003424624009,206,140.0,57.0,0.68,164.0,1.0
2025-04-08 12:54:12,164.0,99.0,189.45,11.0,163.0,55.0,191.39,18.0,176.73,25.44999999999999,154.0,29.0,1.0686346428366502,183,125.0,-23.0,0.68,164.0,
2025-04-08 12:54:13,164.22,115.0,186.48,25.0,163.47,95.0,188.06,17.0,175.35,22.25999999999999,210.0,42.0,0.789860747136767,252,168.0,69.0,0.67,164.0,
2025-04-08 12:54:14,165.0,44.0,182.44,34.0,164.0,90.0,184.19,26.0,173.72,17.439999999999998,134.0,60.0,1.3685868623746802,194,74.0,-58.0,0.38,165.0,2.0
2025-04-08 12:54:15,165.0,28.0,178.36,33.0,164.0,117.0,179.15,34.0,171.68,13.360000000000014,145.0,67.0,2.2816726320532257,212,78.0,18.0,0.37,165.0,1.0
2025-04-08 12:54:16,165.0,26.0,175.34,35.0,164.0,117.0,176.45,31.0,170.17,10.340000000000003,143.0,66.0,2.659915412161442,209,77.0,-3.0,0.37,165.0,
2025-04-08 12:54:17,165.0,20.0,170.27,15.0,164.0,90.0,171.73,15.0,167.63,5.27000000000001,110.0,30.0,3.0128308946645794,140,80.0,-69.0,0.57,165.0,
2025-04-08 12:54:18,165.0,18.0,166.78,9.0,164.0,81.0,168.6,25.0,165.89,1.7800000000000011,99.0,34.0,3.1238229783130214,133,65.0,-7.0,0.49,165.0,
2025-04-08 12:54:19,165.0,11.0,166.07,29.0,163.36,47.0,168.18,17.0,165.53,1.0699999999999932,58.0,46.0,2.682312435162745,104,12.0,-29.0,0.12,165.0,1.0
2025-04-08 12:54:20,163.37,38.0,167.83,30.0,162.47,49.0,189.03,32.0,165.6,4.460000000000008,87.0,62.0,1.986977604258011,149,25.0,45.0,0.17,164.2,5.0
2025-04-08 12:54:21,162.07,45.0,171.5,16.0,159.29,62.0,187.71,28.0,166.78,9.430000000000009,107.0,44.0,0.90129351479954,151,63.0,2.0,0.42,163.0,5.0
2025-04-08 12:54:22,163.0,33.0,169.73,22.0,162.0,66.0,171.36,22.0,166.36,6.72999999999999,99.0,44.0,0.5305374631621288,143,55.0,-8.0,0.38,163.0,
2025-04-08 12:54:23,163.88,24.0,168.0,16.0,162.0,48.0,171.0,16.0,165.94,4.1200000000000045,72.0,32.0,0.5276551902696999,104,40.0,-39.0,0.38,163.5,4.0
2025-04-08 12:54:24,162.44,18.0,168.0,12.0,160.67,36.0,171.0,12.0,165.22,5.560000000000002,54.0,24.0,0.6140032571723569,78,30.0,-26.0,0.38,163.5,
2025-04-08 12:54:25,163.0,22.0,166.55,22.0,162.0,55.0,168.0,22.0,164.77,3.550000000000012,77.0,44.0,0.8200487789256669,121,33.0,43.0,0.27,163.5,
2025-04-08 12:54:26,162.23,39.0,163.73,22.0,159.37,73.0,341.22,23.0,162.98,1.5,112.0,45.0,1.3134230087119412,157,67.0,36.0,0.43,163.0,2.0
2025-04-08 12:54:27,161.33,48.0,312.0,28.0,157.93,86.0,442.46,35.0,236.67,150.67,134.0,63.0,32.19218429991788,197,71.0,40.0,0.36,162.0,5.0
2025-04-08 12:54:28,160.77,52.0,448.35,20.0,157.73,44.0,603.62,13.0,304.56,287.58000000000004,96.0,33.0,62.97784570783609,129,63.0,-68.0,0.49,162.0,
2025-04-08 12:54:29,162.0,36.0,344.67,18.0,159.22,27.0,456.0,9.0,253.33,182.67,63.0,27.0,60.706790147396944,90,36.0,-39.0,0.4,162.0,6.0
2025-04-08 12:54:30,161.0,18.0,418.45,11.0,158.6,40.0,620.71,14.0,289.73,257.45,58.0,25.0,55.48656170641869,83,33.0,-7.0,0.4,161.25,4.0
2025-04-08 12:54:31,159.0,21.0,453.0,21.0,157.33,36.0,454.0,7.0,306.0,294.0,57.0,28.0,31.399790922876253,85,29.0,2.0,0.34,161.25,
2025-04-08 12:54:32,159.0,16.0,452.6,10.0,158.0,12.0,453.14,14.0,305.8,293.6,28.0,24.0,22.608892719467857,52,4.0,-33.0,0.08,159.0,1.0
2025-04-08 12:54:33,158.5,8.0,452.75,12.0,157.14,28.0,473.4,15.0,305.62,294.25,36.0,27.0,22.76192061317339,63,9.0,11.0,0.14,158.67,3.0
2025-04-08 12:54:34,158.0,14.0,451.14,35.0,157.0,84.0,471.6,35.0,304.57,293.14,98.0,70.0,7.07302127810006,168,28.0,105.0,0.17,158.67,
2025-04-08 12:54:35,158.78,9.0,447.5,20.0,157.37,19.0,450.16,25.0,303.14,288.72,28.0,45.0,1.1901176414409278,73,-17.0,-95.0,-0.23,158.67,
2025-04-08 12:54:36,159.0,10.0,251.69,29.0,158.0,12.0,342.03,35.0,205.34,92.69,22.0,64.0,44.4846274571382,86,-42.0,13.0,-0.49,158.67,
2025-04-08 12:54:37,159.0,10.0,174.1,21.0,158.0,15.0,176.2,30.0,166.55,15.099999999999994,25.0,51.0,66.34315586403952,76,-26.0,-10.0,-0.34,158.67,
2025-04-08 12:54:38,158.31,26.0,170.26,34.0,156.66,76.0,171.59,34.0,164.29,11.949999999999989,102.0,68.0,70.45299901352752,170,34.0,94.0,0.2,159.25,4.0
2025-04-08 12:54:39,157.0,114.0,166.96,52.0,156.0,399.0,167.84,43.0,161.98,9.960000000000008,513.0,95.0,60.21973140092852,608,418.0,168.0,0.69,159.25,
2025-04-08 12:54:40,157.0,58.0,162.54,26.0,156.0,273.0,166.68,75.0,159.77,5.539999999999992,331.0,101.0,19.038241252800667,432,230.0,-168.0,0.53,157.0,2.0
2025-04-08 12:54:41,157.0,37.0,158.71,21.0,156.0,210.0,161.07,29.0,157.86,1.710000000000008,247.0,50.0,3.464787150720261,297,197.0,-135.0,0.66,157.0,3.0
2025-04-08 12:54:42,156.01,148.0,159.96,23.0,155.17,126.0,166.42,31.0,157.98,3.950000000000017,274.0,54.0,2.753657567634036,328,220.0,31.0,0.67,157.0,1.0
2025-04-08 12:54:43,156.0,189.0,158.15,13.0,155.0,135.0,161.21,29.0,157.08,2.1500000000000057,324.0,42.0,1.9670993873674587,366,282.0,38.0,0.77,157.0,
2025-04-08 12:54:44,156.0,158.0,166.33,30.0,155.0,135.0,300.24,21.0,161.17,10.330000000000013,293.0,51.0,1.66345123156066,344,242.0,-22.0,0.7,156.0,4.0
2025-04-08 12:54:45,156.0,170.0,189.57,46.0,155.0,150.0,325.95,38.0,172.78,33.56999999999999,320.0,84.0,6.565902832040154,404,236.0,60.0,0.58,156.0,
2025-04-08 12:54:46,159.0,63.0,236.0,36.0,155.56,102.0,461.09,33.0,197.5,77.0,165.0,69.0,16.9625917830923,234,96.0,-168.0,0.41,156.0,
2025-04-08 12:54:47,159.0,63.0,192.64,44.0,156.0,18.0,408.88,33.0,175.82,33.639999999999986,81.0,77.0,15.823729016886222,158,4.0,-76.0,0.03,156.0,
2025-04-08 12:54:48,159.0,77.0,290.89,47.0,156.0,22.0,590.44,36.0,224.95,131.89,99.0,83.0,25.21555333519196,182,16.0,24.0,0.09,156.0,
2025-04-08 12:54:49,159.57,49.0,245.0,32.0,158.08,26.0,446.88,40.0,202.29,85.43,75.0,72.0,21.315758724473028,147,3.0,-35.0,0.02,163.0,1.0
2025-04-08 12:54:50,163.36,14.0,244.69,26.0,160.67,36.0,301.8,25.0,204.02,81.32999999999998,50.0,51.0,17.540197547347542,101,-1.0,-46.0,-0.01,163.0,
2025-04-08 12:54:51,164.0,9.0,240.33,30.0,163.0,27.0,243.0,24.0,202.17,76.33000000000001,36.0,54.0,17.436856081300352,90,-18.0,-11.0,-0.2,163.0,
2025-04-08 12:54:52,164.0,15.0,236.82,44.0,163.0,45.0,238.61,41.0,200.41,72.82,60.0,85.0,10.243960171730627,145,-25.0,55.0,-0.17,163.0,
2025-04-08 12:54:53,159.65,54.0,232.8,50.0,160.41,37.0,234.45,55.0,196.22,73.15,91.0,105.0,2.9726873363973825,196,-14.0,51.0,-0.07,161.83,6.0
2025-04-08 12:54:54,159.0,136.0,207.07,42.0,157.0,30.0,212.32,37.0,183.04,48.06999999999999,166.0,79.0,8.410996968252922,245,87.0,49.0,0.36,159.0,2.0
2025-04-08 12:54:55,159.0,88.0,190.43,28.0,157.56,27.0,202.8,30.0,174.71,31.430000000000007,115.0,58.0,11.924875261399292,173,57.0,-72.0,0.33,159.0,
2025-04-08 12:54:56,159.0,75.0,201.02,43.0,158.0,45.0,202.19,32.0,180.01,42.02000000000001,120.0,75.0,10.958420050349982,195,45.0,22.0,0.23,159.0,3.0
2025-04-08 12:54:57,159.0,50.0,198.08,24.0,158.0,30.0,198.73,33.0,178.54,39.08000000000001,80.0,57.0,8.23249233220976,137,23.0,-58.0,0.17,159.0,
2025-04-08 12:54:58,159.0,32.0,194.27,41.0,158.0,39.0,196.35,40.0,176.63,35.27000000000001,71.0,81.0,3.190506229405391,152,-10.0,15.0,-0.07,159.0,
2025-04-08 12:54:59,160.46,105.0,191.27,44.0,159.34,95.0,192.62,56.0,175.86,30.81,200.0,100.0,2.121308558382776,300,100.0,148.0,0.33,160.0,2.0
2025-04-08 12:55:00,165.0,95.0,186.56,59.0,164.0,95.0,188.14,49.0,175.78,21.56,190.0,108.0,1.850278357401666,298,82.0,-2.0,0.28,160.0,
2025-04-08 12:55:01,165.0,73.0,173.66,50.0,164.0,90.0,174.53,34.0,169.33,8.659999999999997,163.0,84.0,3.479420928812606,247,79.0,-51.0,0.32,165.0,1.0
2025-04-08 12:55:02,164.37,43.0,165.57,14.0,159.8,125.0,167.68,19.0,164.97,1.1999999999999886,168.0,33.0,5.144261851796303,201,135.0,-46.0,0.67,164.57,7.0
2025-04-08 12:55:03,159.13,154.0,164.93,14.0,158.5,60.0,460.1,42.0,162.03,5.800000000000011,214.0,56.0,6.248890301472205,270,158.0,69.0,0.59,164.0,2.0
2025-04-08 12:55:04,159.0,150.0,164.0,10.0,158.0,30.0,321.67,30.0,161.5,5.0,180.0,40.0,5.941436694926586,220,140.0,-50.0,0.64,164.0,
2025-04-08 12:55:05,159.0,183.0,162.64,14.0,158.0,42.0,188.89,27.0,160.82,3.6399999999999855,225.0,41.0,3.508154785611153,266,184.0,46.0,0.69,159.0,3.0
2025-04-08 12:55:06,159.0,172.0,160.69,13.0,158.0,39.0,162.0,13.0,159.85,1.6899999999999975,211.0,26.0,1.9331916614235949,237,185.0,-29.0,0.78,159.0,1.0
2025-04-08 12:55:07,159.0,108.0,277.6,15.0,158.0,27.0,375.0,18.0,218.3,118.60000000000002,135.0,33.0,25.61594132566374,168,102.0,-69.0,0.61,159.0,1.0
2025-04-08 12:55:08,159.0,201.0,336.83,41.0,158.0,45.0,511.67,45.0,247.91,177.82999999999998,246.0,86.0,41.00816418714604,332,160.0,164.0,0.48,159.0,
2025-04-08 12:55:09,159.08,153.0,285.44,18.0,158.44,43.0,504.19,21.0,222.26,126.36,196.0,39.0,39.54792244859373,235,157.0,-97.0,0.67,162.0,4.0
2025-04-08 12:55:10,159.0,156.0,278.89,36.0,158.0,36.0,512.41,34.0,218.94,119.89,192.0,70.0,32.37178663589697,262,122.0,27.0,0.47,159.0,4.0
2025-04-08 12:55:11,159.0,80.0,198.78,18.0,158.0,54.0,300.33,24.0,178.89,39.78,134.0,42.0,24.70113054092981,176,92.0,-86.0,0.52,159.0,
2025-04-08 12:55:12,159.2,50.0,195.43,28.0,158.76,132.0,513.63,46.0,177.31,36.23000000000002,182.0,74.0,30.411627217234148,256,108.0,80.0,0.42,159.0,
2025-04-08 12:55:13,161.78,27.0,301.44,18.0,159.17,36.0,539.95,21.0,231.61,139.66,63.0,39.0,25.71757900736385,102,24.0,-154.0,0.24,159.0,
2025-04-08 12:55:14,162.17,24.0,306.0,18.0,161.52,21.0,445.33,18.0,234.08,143.83,45.0,36.0,28.04644594240085,81,9.0,-21.0,0.11,159.0,
2025-04-08 12:55:15,163.38,13.0,308.69,26.0,162.0,52.0,490.62,26.0,236.04,145.31,65.0,52.0,30.613768634391118,117,13.0,36.0,0.11,162.5,4.0
2025-04-08 12:55:16,162.0,10.0,198.0,20.0,159.0,100.0,258.16,38.0,180.0,36.0,110.0,58.0,30.320009399735188,168,52.0,51.0,0.31,162.5,
2025-04-08 12:55:17,159.0,54.0,197.5,12.0,158.0,30.0,226.11,27.0,178.25,38.5,84.0,39.0,30.05437788409587,123,45.0,-45.0,0.37,160.5,2.0
2025-04-08 12:55:18,159.0,72.0,197.0,16.0,158.0,196.0,211.0,40.0,178.0,38.0,268.0,56.0,30.859662668279125,324,212.0,168.0,0.65,160.5,
2025-04-08 12:55:19,159.0,72.0,197.0,16.0,158.0,248.0,285.82,22.0,178.0,38.0,320.0,38.0,25.7183168189508,358,282.0,34.0,0.79,160.5,
2025-04-08 12:55:20,159.0,92.0,196.54,26.0,158.0,403.0,462.83,41.0,177.77,37.53999999999999,495.0,67.0,0.9082015194177538,562,428.0,168.0,0.76,159.0,5.0
2025-04-08 12:55:21,159.0,32.0,193.78,18.0,158.0,248.0,251.05,19.0,176.39,34.78,280.0,37.0,0.7419366548899929,317,243.0,-168.0,0.77,159.0,
2025-04-08 12:55:22,158.24,119.0,192.0,20.0,157.92,235.0,194.0,30.0,175.12,33.75999999999999,354.0,50.0,1.2731574921691584,404,304.0,87.0,0.75,158.67,6.0
2025-04-08 12:55:23,158.1,307.0,190.25,32.0,157.33,110.0,191.36,33.0,174.17,32.150000000000006,417.0,65.0,1.6573925304112411,482,352.0,78.0,0.73,158.0,3.0
2025-04-08 12:55:24,162.0,44.0,186.58,26.0,158.32,228.0,189.47,34.0,174.29,24.580000000000013,272.0,60.0,1.5256867305772772,332,212.0,-150.0,0.64,162.0,4.0
2025-04-08 12:55:25,159.0,81.0,180.85,20.0,158.0,234.0,181.84,25.0,169.93,21.849999999999994,315.0,45.0,2.431172556576821,360,270.0,28.0,0.75,159.0,3.0
2025-04-08 12:55:26,159.0,84.0,177.56,18.0,158.0,234.0,179.3,23.0,168.28,18.56,318.0,41.0,3.0483552942274827,359,277.0,-1.0,0.77,159.0,4.0
2025-04-08 12:55:27,159.0,90.0,173.44,27.0,158.0,316.0,174.43,28.0,166.22,14.439999999999998,406.0,55.0,3.583792683713217,461,351.0,102.0,0.76,159.0,1.0
2025-04-08 12:55:28,159.0,54.0,169.22,18.0,158.0,216.0,170.78,18.0,164.11,10.22,270.0,36.0,3.875116772411773,306,234.0,-155.0,0.76,159.0,
2025-04-08 12:55:29,159.0,80.0,164.38,32.0,158.0,464.0,166.4,30.0,161.69,5.379999999999996,544.0,62.0,3.272205678103901,606,482.0,168.0,0.8,159.0,2.0
2025-04-08 12:55:30,159.0,48.0,160.91,34.0,158.0,384.0,162.54,26.0,159.96,1.9099999999999968,432.0,60.0,3.350488024125164,492,372.0,-114.0,0.76,160.29,7.0
2025-04-08 12:55:31,159.0,48.0,161.53,19.0,158.0,384.0,327.17,35.0,160.26,2.530000000000001,432.0,54.0,2.6712487716045263,486,378.0,-6.0,0.78,160.0,3.0
2025-04-08 12:55:32,158.33,92.0,399.0,24.0,157.94,141.0,521.8,20.0,278.66,240.67,233.0,44.0,52.4189672733058,277,189.0,-168.0,0.68,159.67,6.0
2025-04-08 12:55:36,158.08,185.0,432.1,21.0,157.76,178.0,617.43,21.0,295.09,274.02,363.0,42.0,140.63055162375065,405,321.0,40.0,0.79,159.0,3.0
2025-04-08 12:55:37,158.0,120.0,390.75,8.0,156.0,16.0,710.0,12.0,274.38,232.75,136.0,20.0,140.7249577367156,156,116.0,-168.0,0.74,159.0,
2025-04-08 12:55:38,157.76,102.0,313.5,24.0,155.82,34.0,337.38,26.0,235.63,155.74,136.0,50.0,141.18410622304592,186,86.0,30.0,0.46,159.0,
2025-04-08 12:55:39,157.62,32.0,312.8,20.0,156.37,38.0,656.0,30.0,235.21,155.18,70.0,50.0,84.54116494347646,120,20.0,-66.0,0.17,159.0,
2025-04-08 12:55:40,161.42,31.0,309.0,30.0,157.6,50.0,656.0,45.0,235.21,147.58,81.0,75.0,28.023309583277943,156,6.0,36.0,0.04,164.0,3.0
2025-04-08 12:55:41,164.0,8.0,306.5,16.0,160.0,16.0,592.25,24.0,235.25,142.5,24.0,40.0,17.466822263943218,64,-16.0,-92.0,-0.25,164.0,
2025-04-08 12:55:42,164.0,7.0,305.0,14.0,160.23,13.0,421.43,21.0,234.5,141.0,20.0,35.0,0.4091454510875795,55,-15.0,-9.0,-0.27,164.0,
2025-04-08 12:55:43,164.0,6.0,304.5,12.0,163.0,6.0,424.0,18.0,234.25,140.5,12.0,30.0,0.4732652534724911,42,-18.0,-13.0,-0.43,164.0,
2025-04-08 12:55:44,164.0,4.0,304.0,8.0,163.0,4.0,369.25,12.0,234.0,140.0,8.0,20.0,0.5653052274154705,28,-12.0,-14.0,-0.43,164.0,
2025-04-08 12:55:45,164.0,6.0,301.73,15.0,163.0,6.0,542.59,17.0,232.87,137.73000000000002,12.0,32.0,0.8661004561487483,44,-20.0,16.0,-0.45,164.0,
2025-04-08 12:55:46,164.0,4.0,300.0,20.0,163.0,4.0,301.0,8.0,232.0,136.0,8.0,28.0,1.055523566832136,36,-20.0,-8.0,-0.56,164.0,
2025-04-08 12:55:47,158.95,38.0,283.7,53.0,156.91,46.0,296.09,45.0,221.32,124.75,84.0,98.0,5.42446034183361,182,-14.0,146.0,-0.08,160.5,6.0
2025-04-08 12:55:48,156.25,32.0,257.0,11.0,155.36,22.0,258.75,16.0,206.62,100.75,54.0,27.0,11.647408295414875,81,27.0,-101.0,0.33,158.0,2.0
2025-04-08 12:55:49,158.97,74.0,255.25,16.0,158.41,78.0,256.1,20.0,207.11,96.28,152.0,36.0,12.81165992368176,188,116.0,107.0,0.62,158.0,
2025-04-08 12:55:50,160.54,189.0,251.55,47.0,159.59,233.0,252.92,24.0,206.05,91.01000000000002,422.0,71.0,11.62754703280307,493,351.0,168.0,0.71,161.0,2.0
2025-04-08 12:55:51,163.36,98.0,247.68,41.0,160.0,322.0,248.65,55.0,205.52,84.32,420.0,96.0,6.732512903813995,516,324.0,23.0,0.63,161.0,
2025-04-08 12:55:52,164.0,25.0,242.93,27.0,160.0,230.0,243.18,33.0,203.46,78.93,255.0,60.0,1.4136371528807683,315,195.0,-168.0,0.62,164.0,5.0
2025-04-08 12:55:53,161.44,72.0,236.47,30.0,159.92,305.0,237.79,39.0,198.96,75.03,377.0,69.0,3.226305937135754,446,308.0,131.0,0.69,164.0,2.0
2025-04-08 12:55:54,160.0,270.0,230.35,37.0,156.0,36.0,233.0,19.0,195.18,70.35,306.0,56.0,4.65136324102793,362,250.0,-84.0,0.69,160.0,3.0
2025-04-08 12:55:55,159.31,121.0,227.52,56.0,155.52,29.0,229.75,16.0,193.41,68.21000000000001,150.0,72.0,5.190759096699986,222,78.0,-140.0,0.35,160.0,
2025-04-08 12:55:56,159.93,54.0,221.2,54.0,156.88,41.0,222.88,40.0,190.56,61.26999999999998,95.0,94.0,5.0223082342643295,189,1.0,-33.0,0.01,160.0,4.0
2025-04-08 12:55:57,156.9,103.0,217.24,34.0,156.1,40.0,219.02,59.0,187.07,60.34,143.0,93.0,4.515365987375071,236,50.0,47.0,0.21,161.4,5.0
2025-04-08 12:55:58,155.59,34.0,200.41,37.0,143.1,80.0,213.4,40.0,178.0,44.81999999999999,114.0,77.0,6.794801689521457,191,37.0,-45.0,0.19,156.2,5.0
2025-04-08 12:55:59,129.64,88.0,178.31,35.0,108.41,136.0,180.84,55.0,153.98,48.670000000000016,224.0,90.0,15.972968728445077,314,134.0,123.0,0.43,155.0,2.0
2025-04-08 12:56:00,137.92,122.0,174.07,56.0,86.69,72.0,174.81,52.0,155.99,36.150000000000006,194.0,108.0,17.192636505197456,302,86.0,-12.0,0.28,155.0,
2025-04-08 12:56:01,145.0,112.0,166.11,55.0,87.26,39.0,170.09,46.0,155.55,21.110000000000014,151.0,101.0,15.344040211098722,252,50.0,-50.0,0.2,151.5,6.0
2025-04-08 12:56:02,145.46,82.0,165.75,32.0,118.12,51.0,166.56,45.0,155.61,20.289999999999992,133.0,77.0,10.188764890789486,210,56.0,-42.0,0.27,164.0,1.0
2025-04-08 12:56:03,145.01,97.0,161.28,36.0,107.2,80.0,163.0,23.0,153.14,16.27000000000001,177.0,59.0,1.2296462905082557,236,118.0,26.0,0.5,162.0,1.0
2025-04-08 12:56:04,146.0,16.0,157.67,48.0,145.0,128.0,158.51,47.0,151.83,11.669999999999987,144.0,95.0,1.8374112222794936,239,49.0,3.0,0.21,162.0,
2025-04-08 12:56:08,148.26,54.0,152.9,29.0,97.77,91.0,153.64,11.0,150.58,4.640000000000015,145.0,40.0,1.53762153982554,185,105.0,16.0,0.57,150.0,2.0
2025-04-08 12:56:09,150.58,66.0,153.0,40.0,149.43,74.0,154.0,10.0,151.79,2.4199999999999875,140.0,50.0,1.5233253098847237,190,90.0,5.0,0.47,153.0,4.0
2025-04-08 12:56:10,152.43,35.0,376.64,44.0,137.22,36.0,550.29,51.0,264.53,224.21,71.0,95.0,51.27214380148195,166,-24.0,-24.0,-0.14,154.0,1.0
2025-04-08 12:56:11,155.08,37.0,377.32,53.0,152.36,55.0,565.46,48.0,266.2,222.24,92.0,101.0,62.9371350634898,193,-9.0,27.0,-0.05,154.0,
2025-04-08 12:56:12,159.36,11.0,297.92,51.0,158.36,11.0,314.36,55.0,228.64,138.56,22.0,106.0,57.81648873807569,128,-84.0,-65.0,-0.66,154.0,
2025-04-08 12:56:13,159.78,9.0,258.78,37.0,158.2,10.0,368.79,24.0,209.28,98.99999999999996,19.0,61.0,47.106194603258814,80,-42.0,-48.0,-0.53,159.5,2.0
2025-04-08 12:56:14,158.0,10.0,321.21,19.0,155.0,20.0,386.36,14.0,239.61,163.20999999999998,30.0,33.0,24.225170174844457,63,-3.0,-17.0,-0.05,159.5,
2025-04-08 12:56:15,155.3,125.0,312.47,17.0,139.34,76.0,395.0,75.0,233.88,157.17000000000002,201.0,92.0,20.594611431152188,293,109.0,168.0,0.37,156.0,3.0
2025-04-08 12:56:16,156.0,203.0,234.8,50.0,155.0,98.0,276.85,46.0,195.4,78.80000000000001,301.0,96.0,18.45710757405062,397,205.0,104.0,0.52,156.0,3.0
2025-04-08 12:56:17,156.33,106.0,218.12,34.0,155.55,94.0,219.77,26.0,187.22,61.78999999999999,200.0,60.0,23.08810776135709,260,140.0,-137.0,0.54,156.0,
2025-04-08 12:56:18,162.41,22.0,217.81,80.0,158.67,118.0,219.0,16.0,190.11,55.400000000000006,140.0,96.0,25.356701875441512,236,44.0,-24.0,0.19,156.0,
2025-04-08 12:56:19,164.0,14.0,190.66,50.0,159.0,98.0,204.79,42.0,177.33,26.66,112.0,92.0,21.751431447147556,204,20.0,-32.0,0.1,156.0,
2025-04-08 12:56:20,160.85,39.0,175.9,49.0,157.59,119.0,178.19,53.0,168.37,15.050000000000011,158.0,102.0,10.792975956607028,260,56.0,56.0,0.22,160.17,6.0
2025-04-08 12:56:21,161.36,28.0,170.05,58.0,157.0,98.0,171.58,26.0,165.7,8.689999999999998,126.0,84.0,10.906577373304115,210,42.0,-50.0,0.2,160.17,
2025-04-08 12:56:22,158.06,32.0,169.67,15.0,156.37,19.0,170.07,27.0,163.86,11.609999999999983,51.0,42.0,10.836744437322825,93,9.0,-117.0,0.1,160.5,4.0
2025-04-08 12:56:23,158.0,63.0,166.91,35.0,156.0,30.0,167.93,55.0,162.46,8.909999999999997,93.0,90.0,5.9005787851549645,183,3.0,90.0,0.02,158.0,2.0
2025-04-08 12:56:24,158.0,33.0,162.05,22.0,156.0,22.0,163.77,43.0,160.02,4.050000000000011,55.0,65.0,3.1695772588476827,120,-10.0,-63.0,-0.08,158.0,
2025-04-08 12:56:25,158.0,51.0,159.56,79.0,156.0,43.0,160.65,40.0,158.78,1.5600000000000025,94.0,119.0,2.8069342706581857,213,-25.0,93.0,-0.12,158.0,
2025-04-08 12:56:26,157.68,37.0,162.02,47.0,155.61,41.0,199.35,62.0,159.85,4.340000000000003,78.0,109.0,2.092983516368434,187,-31.0,-26.0,-0.17,158.0,5.0
2025-04-08 12:56:27,158.0,40.0,160.9,67.0,156.0,51.0,183.88,65.0,159.45,2.9000000000000057,91.0,132.0,1.396663882179893,223,-41.0,36.0,-0.18,160.0,2.0
2025-04-08 12:56:28,158.05,22.0,164.88,24.0,156.25,24.0,285.75,16.0,161.46,6.829999999999984,46.0,40.0,0.9882661583727632,86,6.0,-137.0,0.07,159.0,1.0
2025-04-08 12:56:29,158.0,33.0,229.0,20.0,156.0,33.0,414.95,20.0,193.5,71.0,66.0,40.0,15.06541303781002,106,26.0,20.0,0.25,159.0,
2025-04-08 12:56:30,157.55,31.0,232.62,52.0,144.71,51.0,276.96,28.0,195.08,75.07,82.0,80.0,18.66618520212017,162,2.0,56.0,0.01,157.2,5.0
2025-04-08 12:56:31,158.89,56.0,248.27,33.0,143.45,22.0,249.12,51.0,203.58,89.38000000000002,78.0,84.0,20.60061843731617,162,-6.0,0.0,-0.04,159.0,3.0
2025-04-08 12:56:32,162.37,19.0,235.29,31.0,158.88,25.0,247.0,36.0,198.83,72.91999999999999,44.0,67.0,16.68661739238746,111,-23.0,-51.0,-0.21,159.0,
2025-04-08 12:56:33,163.0,22.0,216.75,40.0,159.0,33.0,221.72,40.0,189.88,53.75,55.0,80.0,5.240818638338318,135,-25.0,24.0,-0.19,159.0,
2025-04-08 12:56:34,163.0,14.0,214.35,23.0,161.92,111.0,216.54,26.0,188.67,51.35,125.0,49.0,6.212058435007661,174,76.0,39.0,0.44,159.0,
2025-04-08 12:56:35,162.03,152.0,213.36,55.0,160.79,67.0,215.0,22.0,187.69,51.33000000000001,219.0,77.0,7.07001060819168,296,142.0,122.0,0.48,162.5,4.0
2025-04-08 12:56:36,162.0,144.0,211.29,42.0,156.0,9.0,255.46,26.0,186.64,49.28999999999999,153.0,68.0,4.893696966499551,221,85.0,-75.0,0.38,162.5,
2025-04-08 12:56:37,162.0,208.0,210.17,53.0,158.08,13.0,254.48,33.0,186.08,48.16999999999999,221.0,86.0,1.532895952083766,307,135.0,86.0,0.44,162.5,
2025-04-08 12:56:38,162.0,192.0,207.56,54.0,159.0,12.0,208.4,30.0,184.78,45.56,204.0,84.0,1.4924376033556672,288,120.0,-19.0,0.42,162.5,
2025-04-08 12:56:39,162.0,164.0,202.25,40.0,159.0,13.0,203.54,48.0,182.12,40.25,177.0,88.0,2.142876571318061,265,89.0,-23.0,0.34,162.0,4.0
2025-04-08 12:56:40,162.0,114.0,188.82,22.0,159.0,11.0,191.0,44.0,175.41,26.819999999999997,125.0,66.0,4.590389961636409,191,59.0,-74.0,0.31,162.0,3.0
2025-04-08 12:56:41,162.0,81.0,185.97,33.0,159.0,9.0,194.93,28.0,173.98,23.97,90.0,61.0,5.488495240034427,151,29.0,-40.0,0.19,162.0,
2025-04-08 12:56:42,163.25,24.0,182.65,62.0,161.89,112.0,183.8,50.0,172.95,19.40000000000001,136.0,112.0,5.272529753341209,248,24.0,97.0,0.1,162.0,
2025-04-08 12:56:43,163.5,16.0,178.81,48.0,161.4,25.0,211.85,40.0,171.16,15.310000000000002,41.0,88.0,4.206367791795632,129,-47.0,-119.0,-0.36,163.0,2.0
2025-04-08 12:56:44,159.0,10.0,177.8,20.0,157.0,10.0,203.0,22.0,168.4,18.80000000000001,20.0,42.0,2.710839353381695,62,-22.0,-67.0,-0.35,162.0,1.0
2025-04-08 12:56:45,155.37,67.0,176.27,22.0,137.95,99.0,179.0,22.0,165.82,20.90000000000001,166.0,44.0,3.3486445018595203,210,122.0,148.0,0.58,156.5,8.0
2025-04-08 12:56:46,157.36,22.0,173.09,22.0,155.0,121.0,174.45,22.0,165.23,15.72999999999999,143.0,44.0,3.3368652954271183,187,99.0,-23.0,0.53,156.5,
2025-04-08 12:56:47,156.81,32.0,169.5,20.0,148.33,57.0,171.2,20.0,163.16,12.689999999999998,89.0,40.0,3.091679155380913,129,49.0,-58.0,0.38,157.67,3.0
2025-04-08 12:56:48,156.0,30.0,167.45,22.0,155.0,22.0,168.45,22.0,161.73,11.449999999999989,52.0,44.0,2.5630392115237144,96,8.0,-33.0,0.08,156.0,4.0
2025-04-08 12:56:49,156.0,16.0,164.5,16.0,155.0,16.0,166.88,16.0,160.25,8.5,32.0,32.0,2.3368290480479192,64,0.0,-32.0,0.0,156.0,
2025-04-08 12:56:50,156.0,20.0,162.4,20.0,96.9,40.0,163.8,20.0,159.2,6.400000000000006,60.0,40.0,2.383113509632825,100,20.0,36.0,0.2,156.0,
2025-04-08 12:56:51,156.0,24.0,159.17,24.0,144.0,96.0,160.17,24.0,157.58,3.1699999999999875,120.0,48.0,2.167955257791882,168,72.0,68.0,0.43,156.0,
2025-04-08 12:56:52,144.0,80.0,153.45,22.0,59.11,36.0,154.55,22.0,148.73,9.449999999999989,116.0,44.0,5.129928849387129,160,72.0,-8.0,0.45,156.0,2.0
2025-04-08 12:56:55,147.64,44.0,152.57,21.0,141.56,50.0,325.93,30.0,150.1,4.930000000000007,94.0,51.0,4.481860104882807,145,43.0,-65.0,0.3,150.8,5.0
2025-04-08 12:56:56,149.78,27.0,153.0,16.0,148.38,29.0,314.0,32.0,151.39,3.219999999999999,56.0,48.0,2.0547749267825828,104,8.0,-41.0,0.08,150.8,
2025-04-08 12:56:57,152.31,35.0,260.54,26.0,113.19,88.0,377.73,22.0,206.43,108.23000000000002,123.0,48.0,25.880332300799147,171,75.0,67.0,0.44,153.0,3.0
2025-04-08 12:56:59,119.91,54.0,287.23,39.0,99.4,40.0,475.81,27.0,203.57,167.32000000000002,94.0,66.0,66.41289310066226,160,28.0,-2.0,0.17,154.0,4.0
2025-04-08 12:57:00,152.0,8.0,169.67,24.0,126.38,52.0,280.31,26.0,160.83,17.669999999999987,60.0,50.0,64.33722468369305,110,10.0,-50.0,0.09,154.0,
2025-04-08 12:57:05,140.0,34.0,226.67,30.0,104.75,24.0,388.86,22.0,183.33,86.66999999999999,58.0,52.0,33.74651285688069,110,6.0,19.0,0.05,153.5,4.0
2025-04-08 12:57:06,162.0,40.0,245.0,32.0,158.4,10.0,465.27,11.0,203.5,83.0,50.0,43.0,47.95410566364153,93,7.0,-17.0,0.08,153.5,
2025-04-08 12:57:07,162.0,22.0,245.0,24.0,160.0,6.0,702.0,24.0,203.5,83.0,28.0,48.0,48.42874322135349,76,-20.0,-17.0,-0.26,162.0,4.0
2025-04-08 12:57:08,161.75,16.0,207.24,42.0,160.98,61.0,413.42,43.0,184.49,45.49000000000001,77.0,85.0,35.62960889484852,162,-8.0,86.0,-0.05,161.5,2.0
2025-04-08 12:57:09,161.0,48.0,179.42,36.0,160.0,12.0,249.57,21.0,170.21,18.419999999999987,60.0,57.0,14.370568186398144,117,3.0,-45.0,0.03,161.5,
2025-04-08 12:57:10,161.0,32.0,175.82,17.0,160.0,8.0,180.68,22.0,168.41,14.819999999999991,40.0,39.0,17.128265236149993,79,1.0,-38.0,0.01,161.5,
2025-04-08 12:57:11,161.14,51.0,171.79,28.0,160.27,15.0,175.75,32.0,166.46,10.650000000000006,66.0,60.0,15.622971228286554,126,6.0,47.0,0.05,161.5,
2025-04-08 12:57:12,162.0,63.0,170.09,23.0,161.0,36.0,170.91,22.0,166.04,8.090000000000003,99.0,45.0,7.655897726578794,144,54.0,18.0,0.38,161.5,
2025-04-08 12:57:13,162.33,78.0,167.81,32.0,161.0,60.0,169.81,43.0,165.07,5.47999999999999,138.0,75.0,2.0583415653909234,213,63.0,69.0,0.3,162.8,5.0
2025-04-08 12:57:14,163.0,18.0,166.11,27.0,161.0,36.0,168.0,18.0,164.56,3.1100000000000136,54.0,45.0,1.4917674080803056,99,9.0,-114.0,0.09,162.8,
2025-04-08 12:57:15,162.24,68.0,166.27,33.0,160.5,40.0,286.3,54.0,164.25,4.030000000000001,108.0,87.0,0.947802721987415,195,21.0,96.0,0.11,164.0,2.0
2025-04-08 12:57:16,164.0,113.0,203.85,26.0,161.0,44.0,360.68,41.0,183.92,39.85,157.0,67.0,8.497350763609974,224,90.0,29.0,0.4,164.0,3.0
2025-04-08 12:57:17,164.0,112.0,230.71,63.0,161.0,56.0,284.94,53.0,197.36,66.71000000000001,168.0,116.0,15.022415584713814,284,52.0,60.0,0.18,164.0,
2025-04-08 12:57:18,164.0,64.0,300.41,39.0,161.0,32.0,421.79,24.0,232.21,136.41000000000005,96.0,63.0,28.156785150295747,159,33.0,-125.0,0.21,164.0,
2025-04-08 12:57:19,164.0,88.0,195.33,15.0,161.0,44.0,265.57,47.0,179.67,31.330000000000013,132.0,62.0,25.649609548683763,194,70.0,35.0,0.36,164.0,
2025-04-08 12:57:20,164.0,28.0,171.0,9.0,161.0,36.0,634.0,27.0,167.5,7.0,64.0,36.0,24.81457172711092,100,28.0,-94.0,0.28,164.0,7.0
2025-04-08 12:57:21,164.0,7.0,194.43,7.0,161.55,22.0,617.0,21.0,179.21,30.430000000000007,29.0,28.0,25.28910931606584,57,1.0,-43.0,0.02,164.0,
2025-04-08 12:57:22,161.39,23.0,202.6,20.0,160.5,16.0,480.38,21.0,182.0,41.21000000000001,39.0,41.0,25.285161063357176,80,-2.0,23.0,-0.03,163.33,3.0
2025-04-08 12:57:23,161.0,16.0,253.0,10.0,159.0,20.0,375.17,30.0,207.0,92.0,36.0,40.0,14.514424893873343,76,-4.0,-4.0,-0.05,161.0,3.0
2025-04-08 12:57:24,159.0,16.0,253.38,8.0,158.0,32.0,318.67,24.0,206.19,94.38,48.0,32.0,17.49762983949297,80,16.0,4.0,0.2,161.0,
2025-04-08 12:57:25,162.0,40.0,251.05,22.0,159.0,20.0,281.5,10.0,206.52,89.05000000000001,60.0,32.0,14.258693137870344,92,28.0,12.0,0.3,161.0,
2025-04-08 12:57:26,162.76,49.0,251.96,23.0,161.47,34.0,255.3,10.0,207.36,89.20000000000002,83.0,33.0,11.085385875104985,116,50.0,24.0,0.43,163.0,2.0
2025-04-08 12:57:27,163.18,55.0,222.5,40.0,162.0,44.0,229.24,29.0,192.84,59.31999999999999,99.0,69.0,6.244599266565241,168,30.0,52.0,0.18,163.0,
2025-04-08 12:57:28,164.42,60.0,199.17,23.0,162.0,48.0,208.34,29.0,181.8,34.75,108.0,52.0,11.312657512713969,160,56.0,-8.0,0.35,165.0,2.0
2025-04-08 12:57:29,165.0,36.0,181.44,16.0,162.0,48.0,183.87,23.0,173.22,16.439999999999998,84.0,39.0,15.029874250968753,123,45.0,-37.0,0.37,165.0,
2025-04-08 12:57:30,162.29,31.0,178.94,34.0,159.26,46.0,179.9,61.0,170.62,16.650000000000006,77.0,95.0,15.14172117032606,172,-18.0,49.0,-0.1,163.8,5.0
2025-04-08 12:57:31,160.91,22.0,175.93,30.0,158.57,37.0,176.74,27.0,168.42,15.02000000000001,59.0,57.0,10.022883816540247,116,2.0,-56.0,0.02,161.0,3.0
2025-04-08 12:57:32,159.0,15.0,172.68,22.0,158.0,47.0,173.24,34.0,165.84,13.680000000000009,62.0,56.0,6.127658606665301,118,6.0,2.0,0.05,159.0,1.0
2025-04-08 12:57:33,159.0,8.0,169.78,23.0,158.0,72.0,172.23,22.0,164.39,10.78,80.0,45.0,3.561842219950672,125,35.0,7.0,0.28,159.0,
2025-04-08 12:57:34,159.0,9.0,166.7,33.0,158.0,81.0,167.43,21.0,162.85,7.699999999999989,90.0,54.0,3.1161723315332663,144,36.0,19.0,0.25,159.0,
2025-04-08 12:57:35,161.92,24.0,219.89,38.0,158.07,97.0,412.0,29.0,190.91,57.97,121.0,67.0,11.6024036302756,188,54.0,44.0,0.29,162.45,11.0
2025-04-08 12:57:36,159.76,34.0,458.0,8.0,157.5,8.0,688.0,16.0,308.88,298.24,42.0,24.0,62.73439112639863,66,18.0,-122.0,0.27,162.33,3.0
2025-04-08 12:57:37,158.23,87.0,385.62,21.0,155.46,13.0,575.14,22.0,271.92,227.39,100.0,43.0,66.70821351228095,143,57.0,77.0,0.4,162.33,
2025-04-08 12:57:38,159.0,100.0,329.0,20.0,158.0,10.0,477.0,20.0,244.0,170.0,110.0,40.0,59.26499109930023,150,70.0,7.0,0.47,162.33,
2025-04-08 12:57:39,159.0,100.0,327.9,20.0,158.0,10.0,373.0,20.0,243.45,168.89999999999998,110.0,40.0,43.30441744210642,150,70.0,0.0,0.47,162.33,
2025-04-08 12:57:40,159.0,100.0,326.0,20.0,158.0,10.0,329.0,20.0,242.5,167.0,110.0,40.0,28.91531082316527,150,70.0,0.0,0.47,162.33,
2025-04-08 12:57:41,159.0,92.0,297.67,18.0,158.0,14.0,327.18,22.0,228.33,138.67000000000002,106.0,40.0,15.865211943122116,146,66.0,-4.0,0.45,159.0,2.0
2025-04-08 12:57:42,159.0,79.0,205.0,13.0,158.0,26.0,301.56,25.0,182.0,46.0,105.0,38.0,26.556758650108303,143,67.0,-3.0,0.47,159.0,5.0
2025-04-08 12:57:43,159.0,30.0,244.82,11.0,158.0,20.0,313.53,15.0,201.91,85.82,50.0,26.0,26.9078718965299,76,24.0,-67.0,0.32,159.0,
2025-04-08 12:57:44,155.53,68.0,263.93,28.0,154.15,160.0,337.86,28.0,209.73,108.4,228.0,56.0,23.45145901644572,284,172.0,168.0,0.61,158.6,5.0
2025-04-08 12:57:45,155.31,58.0,180.45,40.0,154.02,186.0,181.33,36.0,167.88,25.139999999999983,244.0,76.0,23.64317977768569,320,168.0,36.0,0.53,158.6,
2025-04-08 12:57:46,159.89,89.0,176.62,32.0,156.93,60.0,179.0,64.0,168.26,16.730000000000018,149.0,96.0,19.20464344891388,245,53.0,-75.0,0.22,158.6,
2025-04-08 12:57:47,163.19,43.0,174.31,32.0,160.52,127.0,178.0,58.0,168.75,11.120000000000005,170.0,90.0,20.73980062584736,260,80.0,15.0,0.31,163.25,4.0
2025-04-08 12:57:48,163.0,35.0,171.0,28.0,158.0,63.0,172.0,14.0,167.0,8.0,98.0,42.0,18.685505880223484,140,56.0,-120.0,0.4,163.25,
2025-04-08 12:57:49,163.0,40.0,170.62,32.0,158.0,72.0,172.0,16.0,166.81,7.620000000000003,112.0,48.0,0.825015151271284,160,64.0,20.0,0.4,163.25,
2025-04-08 12:57:50,163.0,47.0,169.9,40.0,158.0,90.0,172.0,20.0,166.45,6.900000000000006,137.0,60.0,0.9947512250939295,197,77.0,37.0,0.39,163.0,1.0
2025-04-08 12:57:51,163.0,40.0,167.5,40.0,158.84,100.0,172.0,20.0,165.25,4.5,140.0,60.0,1.2603650264201651,200,80.0,3.0,0.4,163.0,
2025-04-08 12:57:52,163.0,28.0,166.44,18.0,161.0,98.0,167.83,24.0,164.72,3.4399999999999977,126.0,42.0,1.006096416761031,168,84.0,-32.0,0.5,163.0,
2025-04-08 12:57:53,163.0,40.0,165.6,30.0,161.0,168.0,166.86,42.0,164.3,2.5999999999999943,208.0,72.0,1.087349989569537,280,136.0,112.0,0.49,163.0,2.0
2025-04-08 12:57:54,161.07,108.0,163.1,20.0,158.84,100.0,219.21,19.0,162.09,2.030000000000001,208.0,39.0,1.600178115027349,247,169.0,-33.0,0.68,162.0,4.0
2025-04-08 12:57:55,161.0,194.0,229.19,31.0,158.0,153.0,413.25,24.0,195.1,68.19,347.0,55.0,13.92015337558603,402,292.0,155.0,0.73,161.29,7.0
2025-04-08 12:57:56,161.64,77.0,243.0,22.0,159.62,91.0,454.43,14.0,202.32,81.36000000000001,168.0,36.0,19.36889723241553,204,132.0,-168.0,0.65,161.29,
2025-04-08 12:57:57,162.0,84.0,242.77,26.0,161.0,84.0,373.35,34.0,202.38,80.77000000000001,168.0,60.0,20.353941141702983,228,108.0,24.0,0.47,161.29,
2025-04-08 12:57:58,162.0,63.0,240.36,22.0,161.0,63.0,241.83,23.0,201.18,78.36000000000001,126.0,45.0,17.32665807361432,171,81.0,-57.0,0.47,161.29,
2025-04-08 12:57:59,162.0,42.0,237.17,12.0,161.0,42.0,239.0,18.0,199.58,75.16999999999999,84.0,30.0,3.023362366634197,114,54.0,-57.0,0.47,161.29,
2025-04-08 12:58:00,162.19,31.0,236.35,23.0,161.26,57.0,238.03,32.0,199.27,74.16,88.0,55.0,1.472575974265464,143,33.0,29.0,0.23,162.0,4.0
2025-04-08 12:58:01,161.25,44.0,232.19,43.0,159.32,136.0,233.94,33.0,196.72,70.94,180.0,76.0,2.143193878299066,256,104.0,113.0,0.41,162.0,6.0
2025-04-08 12:58:02,161.0,70.0,228.28,40.0,158.0,154.0,229.37,38.0,194.64,67.28,224.0,78.0,2.5866619415708985,302,146.0,46.0,0.48,162.0,
2025-04-08 12:58:03,161.0,62.0,224.77,39.0,158.0,143.0,226.52,31.0,192.88,63.77000000000001,205.0,70.0,2.902674628676717,275,135.0,-27.0,0.49,161.0,1.0
2025-04-08 12:58:04,161.0,44.0,222.73,33.0,158.0,121.0,224.0,30.0,191.86,61.72999999999999,165.0,63.0,2.985277206551544,228,102.0,-47.0,0.45,161.0,
2025-04-08 12:58:05,161.0,45.0,218.68,38.0,158.0,165.0,219.78,40.0,189.84,57.68000000000001,210.0,78.0,2.6292052030884285,288,132.0,60.0,0.46,161.0,1.0
2025-04-08 12:58:06,161.0,16.0,213.5,28.0,158.0,110.0,215.27,22.0,187.25,52.5,126.0,50.0,2.8504175132668435,176,76.0,-112.0,0.43,161.0,2.0
2025-04-08 12:58:07,161.92,39.0,192.19,37.0,158.8,45.0,194.35,43.0,177.06,30.27000000000001,84.0,80.0,6.365910775366067,164,4.0,-12.0,0.02,161.0,
2025-04-08 12:58:08,162.0,44.0,189.93,45.0,158.88,75.0,190.93,45.0,175.97,27.930000000000007,119.0,90.0,7.387626817856046,209,29.0,45.0,0.14,162.0,1.0
2025-04-08 12:58:09,162.2,10.0,188.5,18.0,161.25,16.0,189.5,18.0,175.35,26.30000000000001,26.0,36.0,6.890408551014246,62,-10.0,-147.0,-0.16,162.0,
2025-04-08 12:58:10,162.44,18.0,178.24,34.0,161.52,31.0,184.74,35.0,170.34,15.800000000000011,49.0,69.0,6.185000404193343,118,-20.0,56.0,-0.17,163.0,1.0
2025-04-08 12:58:11,162.0,30.0,173.67,45.0,161.0,45.0,175.33,45.0,167.83,11.669999999999987,75.0,90.0,4.004715969935134,165,-15.0,47.0,-0.09,163.0,
2025-04-08 12:58:12,162.0,12.0,171.33,18.0,161.0,18.0,172.33,18.0,166.67,9.330000000000013,30.0,36.0,4.259920187027431,66,-6.0,-99.0,-0.09,163.0,
2025-04-08 12:58:13,162.0,22.0,170.91,33.0,161.0,33.0,171.91,33.0,166.45,8.909999999999997,55.0,66.0,3.7040680339101377,121,-11.0,55.0,-0.09,163.0,
2025-04-08 12:58:14,162.0,29.0,167.0,54.0,161.0,54.0,168.17,54.0,164.5,5.0,83.0,108.0,2.1436580883678222,191,-25.0,70.0,-0.13,162.0,1.0
2025-04-08 12:58:15,161.22,27.0,162.92,39.0,159.02,53.0,164.0,39.0,162.07,1.6999999999999886,80.0,78.0,2.2619195387584226,158,2.0,-33.0,0.01,162.0,1.0
2025-04-08 12:58:16,161.0,30.0,162.0,36.0,158.5,20.0,163.0,36.0,161.5,1.0,50.0,72.0,2.401722298645544,122,-22.0,-36.0,-0.18,161.0,2.0
2025-04-08 12:58:17,159.0,6.0,161.5,18.0,158.0,30.0,215.0,18.0,160.25,2.5,36.0,36.0,2.4909496180784814,72,0.0,-50.0,0.0,161.0,1.0
2025-04-08 12:58:18,157.57,49.0,160.21,28.0,156.33,75.0,169.31,39.0,158.89,2.640000000000015,124.0,67.0,2.102538941327469,191,57.0,119.0,0.3,158.17,6.0
2025-04-08 12:58:19,157.77,44.0,160.19,21.0,156.5,56.0,161.06,34.0,158.98,2.4199999999999875,100.0,55.0,1.440371479790327,155,45.0,-36.0,0.29,159.0,1.0
2025-04-08 12:58:20,157.81,31.0,160.65,26.0,156.25,48.0,169.4,50.0,159.23,2.8400000000000034,79.0,76.0,1.1083095234594005,155,3.0,0.0,0.02,159.0,1.0
2025-04-08 12:58:21,159.48,21.0,161.0,30.0,158.52,29.0,207.88,32.0,160.24,1.5200000000000102,50.0,62.0,0.6752555070413477,112,-12.0,-43.0,-0.11,159.0,
2025-04-08 12:58:22,159.67,27.0,197.5,38.0,158.5,36.0,360.21,48.0,178.58,37.83000000000001,63.0,86.0,8.623371150530772,149,-23.0,37.0,-0.15,160.0,2.0
2025-04-08 12:58:23,159.0,39.0,222.0,13.0,157.0,39.0,227.71,28.0,190.5,63.0,78.0,41.0,14.364340569613184,119,37.0,-30.0,0.31,160.0,
2025-04-08 12:58:24,159.0,42.0,221.43,14.0,157.0,42.0,231.21,28.0,190.21,62.43000000000001,84.0,42.0,15.395888087403849,126,42.0,7.0,0.33,160.0,
2025-04-08 12:58:25,161.1,30.0,220.0,16.0,158.62,48.0,256.92,48.0,190.55,58.900000000000006,78.0,64.0,13.209365238341029,142,14.0,16.0,0.1,162.0,1.0
2025-04-08 12:58:26,162.0,6.0,218.4,10.0,159.0,18.0,249.25,16.0,190.2,56.400000000000006,24.0,26.0,5.272871134393472,50,-2.0,-92.0,-0.04,162.0,
2025-04-08 12:58:27,162.0,11.0,216.0,27.0,159.0,33.0,217.76,17.0,189.0,54.0,44.0,44.0,0.6313240055071048,88,0.0,38.0,0.0,162.0,
2025-04-08 12:58:28,162.0,4.0,215.0,12.0,159.0,12.0,217.0,4.0,188.5,53.0,16.0,16.0,0.8891400339247459,32,0.0,-56.0,0.0,162.0,
2025-04-08 12:58:29,162.0,8.0,213.45,20.0,159.0,24.0,214.83,12.0,187.72,51.44999999999999,32.0,32.0,1.1771490984261124,64,0.0,32.0,0.0,162.0,
2025-04-08 12:58:30,162.0,10.0,208.52,31.0,159.0,30.0,212.25,20.0,185.26,46.52000000000001,40.0,51.0,1.842791360930636,91,-11.0,27.0,-0.12,162.0,
2025-04-08 12:58:31,162.99,376.0,196.29,48.0,161.18,22.0,201.3,43.0,179.64,33.29999999999998,398.0,91.0,3.8471651900992048,489,307.0,168.0,0.63,163.0,5.0
2025-04-08 12:58:32,163.0,229.0,173.78,58.0,162.0,15.0,184.27,30.0,168.39,10.78,244.0,88.0,8.311884262902868,332,156.0,-157.0,0.47,163.0,4.0
2025-04-08 12:58:33,163.0,165.0,170.58,48.0,162.0,11.0,171.57,37.0,166.79,7.5800000000000125,176.0,85.0,9.577627576799625,261,91.0,-71.0,0.35,163.0,
2025-04-08 12:58:34,163.0,145.0,167.29,62.0,162.0,14.0,169.18,55.0,165.15,4.289999999999992,159.0,117.0,8.885737448284873,276,42.0,15.0,0.15,163.0,10.0
2025-04-08 12:58:35,161.02,41.0,164.08,51.0,157.98,47.0,165.11,57.0,162.55,3.0600000000000023,88.0,108.0,6.589019653926661,196,-20.0,-80.0,-0.1,161.56,9.0
2025-04-08 12:58:36,158.57,79.0,162.55,55.0,157.11,131.0,163.87,45.0,160.56,3.980000000000018,210.0,100.0,3.1602246755277914,310,110.0,114.0,0.35,159.29,7.0
2025-04-08 12:58:37,159.07,14.0,161.67,49.0,157.02,110.0,173.0,58.0,160.37,2.5999999999999943,124.0,107.0,2.8295017228847046,231,17.0,-79.0,0.07,161.0,1.0
2025-04-08 12:58:38,159.58,50.0,215.8,25.0,156.84,77.0,250.1,40.0,187.69,56.22,127.0,65.0,11.579973229667951,192,62.0,-39.0,0.32,157.33,3.0
2025-04-08 12:58:39,162.0,37.0,461.93,41.0,157.0,71.0,521.56,18.0,311.96,299.93,108.0,59.0,65.49467787538127,167,49.0,-25.0,0.29,162.0,3.0
2025-04-08 12:58:42,159.33,18.0,410.23,26.0,157.03,66.0,496.82,34.0,284.78,250.9,84.0,60.0,58.67375196798282,144,24.0,25.0,0.17,162.0,
2025-04-08 12:58:43,160.17,29.0,408.24,34.0,159.88,34.0,420.2,20.0,284.2,248.07,63.0,54.0,22.28761831153014,117,9.0,-27.0,0.08,162.0,
2025-04-08 12:58:44,162.0,40.0,276.18,28.0,161.0,8.0,296.95,22.0,219.09,114.18,48.0,50.0,44.43936149406707,98,-2.0,-19.0,-0.02,162.0,4.0
2025-04-08 12:58:45,162.0,14.0,253.22,18.0,161.0,7.0,254.23,26.0,207.61,91.22,21.0,44.0,46.63106228685184,65,-23.0,-33.0,-0.35,162.0,
2025-04-08 12:58:46,161.61,23.0,248.93,28.0,159.91,11.0,252.75,32.0,205.27,87.32,34.0,60.0,40.77750911961343,94,-26.0,29.0,-0.28,160.6,5.0
2025-04-08 12:58:47,157.0,40.0,244.8,25.0,155.0,16.0,246.27,22.0,200.9,87.80000000000001,56.0,47.0,34.63916179701931,103,9.0,9.0,0.09,160.6,
2025-04-08 12:58:48,157.0,40.0,239.36,22.0,155.0,18.0,240.48,25.0,198.18,82.36000000000001,58.0,47.0,8.084166623716154,105,11.0,2.0,0.1,160.6,
2025-04-08 12:58:49,157.0,45.0,236.42,19.0,155.0,27.0,238.14,28.0,196.71,79.41999999999999,72.0,47.0,4.625951793953998,119,25.0,14.0,0.21,160.6,
2025-04-08 12:58:50,157.0,26.0,234.14,21.0,155.0,18.0,235.65,17.0,195.57,77.13999999999999,44.0,38.0,3.875336114451936,82,6.0,-37.0,0.07,157.0,2.0
2025-04-08 12:58:51,157.19,31.0,225.64,44.0,155.18,33.0,234.0,36.0,191.41,68.44999999999999,64.0,80.0,3.499461387122736,144,-16.0,62.0,-0.11,157.0,
2025-04-08 12:58:52,160.14,42.0,229.23,31.0,158.2,40.0,230.55,31.0,194.68,69.09,82.0,62.0,2.543196807161685,144,20.0,0.0,0.14,160.75,4.0
2025-04-08 12:58:53,159.79,43.0,222.52,23.0,156.78,27.0,223.38,26.0,191.16,62.73000000000002,70.0,49.0,2.500045999567028,119,21.0,-25.0,0.18,160.75,
2025-04-08 12:58:54,154.82,89.0,211.17,35.0,150.81,124.0,214.64,28.0,183.0,56.35,213.0,63.0,4.962018742401008,276,150.0,157.0,0.54,156.0,6.0
2025-04-08 12:58:55,154.04,135.0,206.64,55.0,150.68,285.0,207.5,48.0,180.34,52.6,420.0,103.0,6.120499979570736,523,317.0,168.0,0.61,154.25,4.0
2025-04-08 12:58:56,154.48,125.0,194.96,46.0,145.43,184.0,203.15,52.0,174.72,40.48000000000002,309.0,98.0,8.10555365165827,407,211.0,-116.0,0.52,154.25,
2025-04-08 12:58:57,155.0,124.0,198.66,62.0,154.0,221.0,199.42,45.0,176.83,43.66,345.0,107.0,6.408353922802242,452,238.0,45.0,0.53,155.0,2.0
2025-04-08 12:58:58,155.81,73.0,193.57,42.0,154.78,117.0,194.47,45.0,174.69,37.75999999999999,190.0,87.0,3.657995352632429,277,103.0,-168.0,0.37,156.0,1.0
2025-04-08 12:58:59,156.05,80.0,187.4,48.0,154.91,143.0,188.51,53.0,171.72,31.349999999999994,223.0,101.0,3.1866675383338148,324,122.0,47.0,0.38,156.0,
2025-04-08 12:59:00,163.0,26.0,182.81,36.0,162.0,104.0,183.84,32.0,172.9,19.81,130.0,68.0,1.95345079279308,198,62.0,-126.0,0.31,156.0,
2025-04-08 12:59:01,163.0,32.0,178.56,48.0,162.0,128.0,181.0,32.0,170.78,15.560000000000002,160.0,80.0,2.4168429820450608,240,80.0,42.0,0.33,156.0,
2025-04-08 12:59:02,162.41,34.0,176.0,33.0,161.88,64.0,181.0,22.0,169.21,13.590000000000003,98.0,55.0,2.079603327525173,153,43.0,-87.0,0.28,162.4,5.0
2025-04-08 12:59:03,162.0,60.0,172.37,35.0,161.0,24.0,173.57,35.0,167.19,10.370000000000005,84.0,70.0,2.227610827736125,154,14.0,1.0,0.09,162.4,
2025-04-08 12:59:04,162.0,65.0,168.17,35.0,161.0,26.0,169.25,32.0,165.09,6.169999999999988,91.0,67.0,3.040596980831468,158,24.0,4.0,0.15,162.4,
2025-04-08 12:59:05,162.0,45.0,166.05,19.0,161.0,18.0,167.85,26.0,164.03,4.050000000000011,63.0,45.0,2.7990891375291573,108,18.0,-50.0,0.17,162.4,
2025-04-08 12:59:06,161.96,49.0,163.66,41.0,159.22,37.0,164.64,42.0,162.81,1.6999999999999886,86.0,83.0,2.551838552852981,169,3.0,61.0,0.02,162.0,5.0
2025-04-08 12:59:07,160.41,17.0,162.43,21.0,157.13,47.0,164.0,21.0,161.42,2.0200000000000102,64.0,42.0,2.2010951819083133,106,22.0,-63.0,0.21,161.0,2.0
2025-04-08 12:59:08,159.0,70.0,162.53,38.0,155.0,154.0,198.62,42.0,160.76,3.530000000000001,224.0,80.0,1.7902988576811336,304,144.0,168.0,0.47,161.0,
2025-04-08 12:59:09,159.0,35.0,163.0,7.0,155.36,67.0,164.0,21.0,161.0,4.0,102.0,28.0,1.3830148227010366,130,74.0,-168.0,0.57,161.0,
2025-04-08 12:59:10,159.0,70.0,161.21,14.0,157.0,84.0,162.44,16.0,160.11,2.210000000000008,154.0,30.0,1.0074968981626446,184,124.0,54.0,0.67,161.0,
2025-04-08 12:59:11,159.0,31.0,160.12,17.0,157.0,42.0,161.86,7.0,159.56,1.1200000000000043,73.0,24.0,0.7374279624509271,97,49.0,-87.0,0.51,159.0,1.0
2025-04-08 12:59:12,157.0,36.0,160.0,18.0,155.0,66.0,162.0,6.0,158.5,3.0,102.0,24.0,1.0040318719054646,126,78.0,29.0,0.62,159.0,4.0
2025-04-08 12:59:13,157.0,40.0,159.0,21.0,155.0,77.0,210.29,7.0,158.0,2.0,117.0,28.0,1.2097437744413473,145,89.0,19.0,0.61,157.0,1.0
2025-04-08 12:59:14,157.0,32.0,303.4,10.0,155.0,77.0,417.29,7.0,230.2,146.39999999999998,109.0,17.0,31.833552739206777,126,92.0,-19.0,0.73,157.0,3.0
2025-04-08 12:59:15,157.03,32.0,284.36,11.0,155.11,93.0,328.0,11.0,220.7,127.33,125.0,22.0,36.72603055054972,147,103.0,21.0,0.7,157.33,3.0
2025-04-08 12:59:16,157.12,25.0,207.89,54.0,155.14,126.0,245.87,15.0,182.5,50.76999999999998,151.0,69.0,34.025828424888225,220,82.0,73.0,0.37,157.33,3.0
2025-04-08 12:59:17,154.37,41.0,201.55,33.0,128.96,73.0,209.07,42.0,177.96,47.18000000000001,114.0,75.0,30.44987553340651,189,39.0,-31.0,0.21,154.69,13.0
2025-04-08 12:59:18,158.07,220.0,204.62,16.0,156.96,92.0,207.0,64.0,181.35,46.55000000000001,312.0,80.0,24.84821563010046,392,232.0,168.0,0.59,154.69,
2025-04-08 12:59:19,160.76,17.0,203.55,11.0,158.72,54.0,207.0,44.0,182.16,42.79000000000002,71.0,55.0,17.84872488442597,126,16.0,-168.0,0.13,154.69,
2025-04-08 12:59:20,163.5,22.0,202.0,14.0,162.04,71.0,207.0,56.0,182.75,38.5,93.0,70.0,1.9640850286821907,163,23.0,37.0,0.14,164.0,1.0
2025-04-08 12:59:21,162.18,77.0,200.69,13.0,161.6,10.0,205.32,37.0,181.44,38.50999999999999,87.0,50.0,1.8627050222438828,137,37.0,-26.0,0.27,163.17,6.0
2025-04-08 12:59:22,162.0,80.0,197.0,32.0,161.0,8.0,198.0,8.0,179.5,35.0,88.0,40.0,1.2253774928135204,128,48.0,-9.0,0.38,163.17,
2025-04-08 12:59:23,162.0,69.0,196.93,30.0,161.0,9.0,197.47,15.0,179.47,34.93000000000001,78.0,45.0,1.5142754042420048,123,33.0,-5.0,0.27,162.0,5.0
2025-04-08 12:59:24,162.0,60.0,196.1,21.0,161.0,12.0,219.1,39.0,179.05,34.099999999999994,72.0,60.0,1.5884489289522483,132,12.0,9.0,0.09,162.0,
2025-04-08 12:59:25,158.67,101.0,194.4,20.0,158.82,11.0,195.91,35.0,176.54,35.73000000000002,112.0,55.0,1.75204166613813,167,57.0,35.0,0.34,160.56,9.0
2025-04-08 12:59:26,158.0,126.0,194.0,36.0,157.0,9.0,195.0,9.0,176.0,36.0,135.0,45.0,1.7016374466610753,180,90.0,13.0,0.5,160.56,
2025-04-08 12:59:27,158.22,54.0,191.19,42.0,157.98,171.0,192.21,33.0,174.71,32.97,225.0,75.0,2.039639674029442,300,150.0,120.0,0.5,160.56,
2025-04-08 12:59:28,158.0,123.0,189.13,15.0,157.0,9.0,190.07,30.0,173.57,31.129999999999995,132.0,45.0,2.07121461946117,177,87.0,-123.0,0.49,158.0,1.0
2025-04-08 12:59:29,158.0,116.0,187.56,9.0,157.0,9.0,190.0,36.0,172.78,29.56,125.0,45.0,1.5840612361471598,170,80.0,-7.0,0.47,158.0,1.0
2025-04-08 12:59:30,157.92,52.0,186.0,26.0,155.14,56.0,187.57,14.0,171.96,28.080000000000013,108.0,40.0,1.5927115243696752,148,68.0,-22.0,0.46,158.0,
2025-04-08 12:59:31,157.0,12.0,183.26,23.0,155.0,156.0,184.26,35.0,170.13,26.25999999999999,168.0,58.0,1.727092933184189,226,110.0,78.0,0.49,158.0,
2025-04-08 12:59:32,157.27,15.0,176.93,29.0,155.19,86.0,179.12,25.0,167.1,19.66,101.0,54.0,2.57892807186398,155,47.0,-71.0,0.3,158.0,
2025-04-08 12:59:33,158.0,5.0,173.08,13.0,157.0,10.0,173.78,18.0,165.54,15.080000000000013,15.0,31.0,3.1083950842582717,46,-16.0,-109.0,-0.35,158.0,
2025-04-08 12:59:34,155.25,72.0,169.65,31.0,155.29,21.0,170.03,35.0,162.45,14.400000000000006,93.0,66.0,3.751403737247145,159,27.0,113.0,0.17,156.25,4.0
2025-04-08 12:59:35,155.07,91.0,164.16,32.0,154.67,49.0,165.57,21.0,159.61,9.090000000000003,140.0,53.0,4.079439912515044,193,87.0,34.0,0.45,156.25,
2025-04-08 12:59:36,155.35,79.0,161.15,47.0,155.0,71.0,163.81,36.0,158.25,5.800000000000011,150.0,83.0,3.7675655269431143,233,67.0,40.0,0.29,158.0,2.0
2025-04-08 12:59:37,155.0,180.0,156.7,44.0,154.0,28.0,158.0,23.0,155.85,1.6999999999999886,208.0,67.0,3.760093083927593,275,141.0,42.0,0.51,155.5,4.0
2025-04-08 12:59:38,157.32,62.0,237.71,21.0,154.63,38.0,350.73,22.0,197.52,80.39000000000001,100.0,43.0,17.373266244429363,143,57.0,-132.0,0.4,157.18,11.0
2025-04-08 12:59:39,154.08,48.0,378.58,48.0,141.76,83.0,380.0,12.0,266.33,224.5,131.0,60.0,47.30144204989865,191,71.0,48.0,0.37,157.18,
2025-04-08 12:59:40,154.0,36.0,344.35,34.0,149.0,90.0,347.25,16.0,249.18,190.35,126.0,50.0,50.91554114413397,176,76.0,-15.0,0.43,157.18,
2025-04-08 12:59:41,154.0,56.0,227.67,39.0,95.37,59.0,261.85,47.0,190.83,73.66999999999999,115.0,86.0,45.12412403581956,201,29.0,25.0,0.14,157.18,
2025-04-08 12:59:42,155.8,75.0,170.16,67.0,149.37,30.0,177.33,48.0,162.98,14.359999999999983,105.0,115.0,42.9695935517202,220,-10.0,19.0,-0.05,157.18,
2025-04-08 12:59:43,159.0,90.0,167.5,50.0,154.0,40.0,169.0,40.0,163.25,8.5,130.0,90.0,48.50595870612191,220,40.0,0.0,0.18,157.18,
2025-04-08 12:59:44,159.0,75.0,166.67,45.0,154.86,28.0,169.0,36.0,162.83,7.6699999999999875,103.0,81.0,37.41390156078235,184,22.0,-36.0,0.12,159.0,3.0
2025-04-08 12:59:45,159.0,60.0,164.54,46.0,157.0,20.0,166.73,44.0,161.77,5.539999999999992,80.0,90.0,12.589305779106107,170,-10.0,-14.0,-0.06,159.0,
2025-04-08 12:59:46,159.0,60.0,163.0,50.0,157.0,20.0,164.0,40.0,161.0,4.0,80.0,90.0,0.9480137128796816,170,-10.0,0.0,-0.06,159.0,
2025-04-08 12:59:47,159.0,51.0,160.9,50.0,157.0,22.0,203.7,61.0,159.95,1.9000000000000057,73.0,111.0,1.3433912311033045,184,-38.0,14.0,-0.21,159.0,5.0
2025-04-08 12:59:48,157.1,21.0,317.02,41.0,154.14,42.0,504.16,37.0,237.06,159.92,63.0,78.0,33.85818025233889,141,-15.0,-43.0,-0.11,159.0,1.0
2025-04-08 12:59:49,155.41,29.0,389.19,47.0,153.24,42.0,538.2,30.0,272.3,233.78,71.0,77.0,52.85528289584655,148,-6.0,7.0,-0.04,157.0,2.0
2025-04-08 12:59:50,157.88,8.0,210.56,18.0,156.0,64.0,442.25,16.0,184.22,52.68000000000001,72.0,34.0,49.83101524151388,106,38.0,-42.0,0.36,157.0,
2025-04-08 12:59:51,158.67,9.0,205.67,27.0,156.0,72.0,216.15,13.0,182.17,47.0,81.0,40.0,46.14313437554939,121,41.0,15.0,0.34,157.0,
2025-04-08 12:59:52,159.89,9.0,194.44,27.0,158.33,261.0,345.93,29.0,177.17,34.55000000000001,270.0,56.0,42.21597600435198,326,214.0,168.0,0.66,157.0,
2025-04-08 12:59:53,159.01,290.0,213.4,45.0,158.64,182.0,247.0,15.0,186.21,54.390000000000015,472.0,60.0,40.32593247526928,532,412.0,168.0,0.77,159.25,4.0
2025-04-08 12:59:54,159.5,90.0,210.38,24.0,158.87,143.0,427.53,19.0,184.94,50.88,233.0,43.0,3.5432005305797327,276,190.0,-168.0,0.69,159.0,1.0
2025-04-08 12:59:55,162.0,27.0,209.56,27.0,159.11,159.0,287.0,18.0,185.78,47.56,186.0,45.0,3.746709222758267,231,141.0,-45.0,0.61,159.0,
2025-04-08 12:59:56,162.0,27.0,208.22,27.0,161.0,27.0,285.0,18.0,185.11,46.22,54.0,45.0,3.7647138005304495,99,9.0,-132.0,0.09,159.0,
2025-04-08 12:59:57,161.71,51.0,204.47,51.0,159.45,161.0,207.65,51.0,183.09,42.75999999999999,212.0,102.0,1.1971758433536606,314,110.0,168.0,0.35,162.0,3.0
2025-04-08 12:59:58,161.0,17.0,202.02,47.0,159.0,275.0,203.08,39.0,181.51,41.02000000000001,292.0,86.0,1.751807637814586,378,206.0,64.0,0.54,161.0,2.0
2025-04-08 12:59:59,159.14,129.0,199.76,68.0,158.88,255.0,201.39,44.0,179.45,40.620000000000005,384.0,112.0,2.598580381650873,496,272.0,118.0,0.55,160.0,2.0
2025-04-08 13:00:00,159.0,240.0,195.5,30.0,158.0,60.0,196.62,40.0,177.25,36.5,300.0,70.0,3.0654396095655536,370,230.0,-126.0,0.62,160.0,
2025-04-08 13:00:01,159.0,336.0,190.81,48.0,158.0,84.0,191.86,50.0,174.91,31.81,420.0,98.0,3.268351266293839,518,322.0,148.0,0.62,160.0,
2025-04-08 13:00:02,159.06,198.0,188.0,33.0,158.61,123.0,190.0,55.0,173.53,28.94,321.0,88.0,3.2507537587267628,409,233.0,-109.0,0.57,160.0,
2025-04-08 13:00:03,159.57,49.0,186.52,33.0,158.94,187.0,187.85,39.0,173.04,26.950000000000017,236.0,72.0,2.6857550148643075,308,164.0,-101.0,0.53,159.8,5.0
2025-04-08 13:00:04,159.0,228.0,184.55,55.0,158.0,66.0,185.36,39.0,171.77,25.55000000000001,294.0,94.0,2.089018908450088,388,200.0,80.0,0.52,159.0,3.0
2025-04-08 13:00:05,159.0,126.0,182.0,35.0,158.0,42.0,184.0,47.0,170.5,23.0,168.0,82.0,1.6867868863184894,250,86.0,-138.0,0.34,159.0,
2025-04-08 13:00:06,159.08,118.0,179.62,45.0,158.71,126.0,181.4,53.0,169.35,20.539999999999992,244.0,98.0,1.73872654544961,342,146.0,92.0,0.43,159.0,
2025-04-08 13:00:07,160.0,22.0,164.03,30.0,159.0,79.0,174.17,41.0,162.02,4.030000000000001,101.0,71.0,4.316332934313686,172,30.0,-168.0,0.17,159.0,
2025-04-08 13:00:08,158.5,44.0,160.68,74.0,157.76,46.0,161.57,56.0,159.59,2.180000000000007,90.0,130.0,5.46825657772468,220,-40.0,48.0,-0.18,159.0,6.0
2025-04-08 13:00:09,157.12,41.0,158.67,60.0,154.7,44.0,160.0,36.0,157.89,1.549999999999983,85.0,96.0,5.733423933376732,181,-11.0,-39.0,-0.06,157.17,6.0
2025-04-08 13:00:10,155.07,27.0,157.8,25.0,154.17,60.0,200.89,27.0,156.44,2.730000000000018,87.0,52.0,5.07936708653793,139,35.0,-42.0,0.25,157.0,1.0
2025-04-08 13:00:11,155.0,18.0,157.0,16.0,154.0,40.0,274.81,16.0,156.0,2.0,58.0,32.0,2.468880312974536,90,26.0,-49.0,0.29,155.0,1.0
2025-04-08 13:00:12,154.0,66.0,313.25,24.0,138.62,52.0,782.0,18.0,233.62,159.25,118.0,42.0,34.079802963043306,160,76.0,70.0,0.47,155.44,9.0
2025-04-08 13:00:15,156.73,41.0,332.22,32.0,152.62,96.0,490.18,22.0,244.48,175.49000000000004,137.0,54.0,143.4929632421063,191,83.0,-168.0,0.43,155.44,
2025-04-08 13:00:16,162.0,20.0,210.13,38.0,155.05,95.0,217.65,26.0,186.07,48.13,115.0,64.0,135.67726865617723,179,51.0,-12.0,0.28,155.44,
2025-04-08 13:00:17,162.0,16.0,208.12,40.0,155.0,24.0,210.0,8.0,185.06,46.120000000000005,40.0,48.0,144.7651348564303,88,-8.0,-91.0,-0.09,155.44,
2025-04-08 13:00:18,162.0,24.0,206.46,46.0,158.0,12.0,207.98,42.0,184.23,44.46000000000001,36.0,88.0,120.96280151352404,124,-52.0,36.0,-0.42,155.44,
2025-04-08 13:00:19,162.52,42.0,201.15,46.0,159.14,14.0,203.4,50.0,181.84,38.63,56.0,96.0,26.958639246074245,152,-40.0,28.0,-0.26,155.44,
2025-04-08 13:00:20,163.78,99.0,198.33,9.0,162.0,106.0,200.0,45.0,181.06,34.55000000000001,205.0,54.0,2.1310255746755256,259,151.0,107.0,0.58,155.44,
2025-04-08 13:00:21,164.0,94.0,171.26,42.0,162.0,130.0,172.94,34.0,167.63,7.259999999999991,224.0,76.0,7.089007687956441,300,148.0,41.0,0.49,164.0,4.0
2025-04-08 13:00:22,163.83,69.0,165.64,66.0,161.94,102.0,198.02,47.0,164.73,1.8099999999999736,171.0,113.0,9.006384957344885,284,58.0,-16.0,0.2,164.0,7.0
2025-04-08 13:00:23,162.0,20.0,362.88,42.0,160.0,10.0,582.88,34.0,262.44,200.88,30.0,76.0,40.37695691851919,106,-46.0,-168.0,-0.43,164.0,
2025-04-08 13:00:24,161.52,21.0,242.57,46.0,159.23,13.0,351.62,52.0,202.04,81.04999999999998,34.0,98.0,40.17383041234645,132,-64.0,26.0,-0.48,162.0,2.0
2025-04-08 13:00:25,160.0,13.0,237.97,37.0,158.0,13.0,240.07,28.0,198.99,77.97,26.0,65.0,39.34541688684957,91,-39.0,-41.0,-0.43,162.0,
2025-04-08 13:00:26,160.0,9.0,235.5,12.0,157.44,9.0,237.06,33.0,197.75,75.5,18.0,45.0,35.419945652132405,63,-27.0,-28.0,-0.43,162.0,
2025-04-08 13:00:27,161.69,16.0,232.23,22.0,158.62,13.0,233.0,28.0,196.96,70.53999999999999,29.0,50.0,28.46601886460487,79,-21.0,16.0,-0.27,162.0,
2025-04-08 13:00:28,163.0,30.0,221.56,18.0,160.0,10.0,231.18,34.0,192.28,58.56,40.0,52.0,3.5489477313677864,92,-12.0,13.0,-0.13,162.0,
2025-04-08 13:00:29,162.77,26.0,212.71,28.0,159.67,12.0,219.88,26.0,187.74,49.94,38.0,54.0,4.666436541941669,92,-16.0,0.0,-0.17,163.0,3.0
2025-04-08 13:00:30,160.0,10.0,221.9,40.0,159.0,20.0,229.38,13.0,190.95,61.900000000000006,30.0,53.0,4.199408291647975,83,-23.0,-9.0,-0.28,163.0,
2025-04-08 13:00:31,161.43,7.0,166.14,28.0,159.56,9.0,183.82,22.0,163.79,4.70999999999998,16.0,50.0,13.036319649346336,66,-34.0,-17.0,-0.52,163.0,
2025-04-08 13:00:32,160.62,13.0,164.42,19.0,159.18,22.0,166.89,46.0,162.52,3.799999999999983,35.0,65.0,14.978679180752362,100,-30.0,34.0,-0.3,162.0,1.0
2025-04-08 13:00:33,159.22,9.0,161.78,9.0,157.73,11.0,163.0,36.0,160.5,2.5600000000000023,20.0,45.0,14.91915379637456,65,-25.0,-35.0,-0.38,159.5,2.0
2025-04-08 13:00:34,158.11,9.0,159.78,9.0,156.09,75.0,163.0,36.0,158.94,1.6699999999999875,84.0,45.0,13.328658972299246,129,39.0,64.0,0.3,158.0,2.0
2025-04-08 13:00:35,156.38,48.0,161.33,64.0,155.99,225.0,178.11,71.0,158.85,4.950000000000017,273.0,135.0,2.189668924706753,408,138.0,168.0,0.34,159.43,7.0
2025-04-08 13:00:36,158.41,142.0,339.71,21.0,157.15,106.0,335.47,34.0,249.06,181.3,248.0,55.0,39.76621279427925,303,193.0,-105.0,0.64,161.14,7.0
2025-04-08 13:00:37,161.0,60.0,396.0,20.0,159.0,140.0,501.65,31.0,278.5,235.0,200.0,51.0,58.09859120495089,251,149.0,-52.0,0.59,161.14,
2025-04-08 13:00:39,163.54,13.0,179.0,8.0,162.91,44.0,509.0,40.0,171.27,15.460000000000008,57.0,48.0,72.66598358241737,105,9.0,-120.0,0.09,161.14,
2025-04-08 13:00:40,163.4,20.0,179.0,10.0,162.85,52.0,445.91,44.0,171.2,15.599999999999994,72.0,54.0,69.4534233857494,126,18.0,21.0,0.14,164.0,1.0
2025-04-08 13:00:41,163.0,42.0,193.09,11.0,161.0,14.0,313.68,31.0,178.05,30.090000000000003,56.0,42.0,74.28066188450465,98,14.0,-28.0,0.14,164.0,
2025-04-08 13:00:42,163.0,48.0,193.22,27.0,161.88,34.0,357.58,12.0,178.11,30.22,82.0,39.0,69.98434732138334,121,43.0,23.0,0.36,164.0,
2025-04-08 13:00:43,163.0,30.0,306.0,8.0,162.0,30.0,471.0,22.0,234.5,143.0,60.0,30.0,26.98035451953764,90,30.0,-31.0,0.33,163.0,2.0
2025-04-08 13:00:44,162.0,40.0,331.24,42.0,161.0,20.0,511.65,23.0,246.62,169.24,60.0,65.0,35.84587465804119,125,-5.0,35.0,-0.04,162.8,5.0
2025-04-08 13:00:45,162.0,40.0,186.3,50.0,161.0,20.0,233.83,30.0,174.15,24.30000000000001,60.0,80.0,35.237559932549274,140,-20.0,15.0,-0.14,162.8,
2025-04-08 13:00:46,162.0,44.0,183.3,47.0,161.0,22.0,185.49,41.0,172.65,21.30000000000001,66.0,88.0,36.23471857210978,154,-22.0,14.0,-0.14,162.8,
2025-04-08 13:00:47,162.0,32.0,182.0,40.0,161.0,16.0,185.0,24.0,172.0,20.0,48.0,64.0,37.29583797154841,112,-16.0,-42.0,-0.14,162.8,
2025-04-08 13:00:48,161.8,25.0,182.0,50.0,159.44,45.0,185.0,30.0,171.9,20.19999999999999,70.0,80.0,33.08142575524728,150,-10.0,38.0,-0.07,161.8,5.0
2025-04-08 13:00:49,159.0,15.0,181.0,25.0,157.0,20.0,185.0,15.0,170.0,22.0,35.0,40.0,1.4964123762760748,75,-5.0,-75.0,-0.07,159.4,5.0
2025-04-08 13:00:50,159.0,36.0,178.67,60.0,157.0,49.0,185.0,36.0,168.83,19.669999999999987,85.0,96.0,1.5978516826876097,181,-11.0,106.0,-0.06,159.4,
2025-04-08 13:00:51,159.0,30.0,177.94,48.0,157.0,40.0,183.91,32.0,168.47,18.94,70.0,80.0,1.6607076804374763,150,-10.0,-31.0,-0.07,159.4,
2025-04-08 13:00:52,159.5,20.0,177.0,30.0,157.91,33.0,178.0,50.0,168.25,17.5,53.0,80.0,1.506801247630488,133,-27.0,-17.0,-0.2,160.33,3.0
2025-04-08 13:00:53,158.41,17.0,162.65,23.0,156.8,25.0,169.62,21.0,160.53,4.240000000000009,42.0,44.0,3.7980231699992224,86,-2.0,-47.0,-0.02,159.0,3.0
2025-04-08 13:00:54,156.88,33.0,159.18,34.0,155.48,46.0,361.5,40.0,158.03,2.300000000000012,79.0,74.0,5.139933851698932,153,5.0,67.0,0.03,156.83,6.0
2025-04-08 13:00:55,155.58,31.0,158.11,45.0,155.04,47.0,429.0,45.0,156.85,2.530000000000001,78.0,90.0,5.578089278581888,168,-12.0,15.0,-0.07,156.0,4.0
2025-04-08 13:00:56,155.0,63.0,173.95,39.0,154.0,27.0,446.78,45.0,164.47,18.94999999999999,90.0,84.0,4.714560424878093,174,6.0,6.0,0.03,155.0,8.0
2025-04-08 13:00:57,157.25,20.0,290.0,50.0,154.25,20.0,640.4,50.0,223.62,132.75,40.0,100.0,28.614330325902703,140,-60.0,-34.0,-0.43,155.0,
2025-04-08 13:00:58,160.22,27.0,290.0,40.0,156.93,14.0,430.75,40.0,225.11,129.78,41.0,80.0,35.49543463601949,121,-39.0,-19.0,-0.32,163.0,4.0
2025-04-08 13:00:59,155.33,9.0,257.0,3.0,149.67,9.0,290.0,15.0,206.17,101.67,18.0,18.0,32.548775399390586,36,0.0,-85.0,0.0,157.25,4.0
2025-04-08 13:01:00,154.0,24.0,231.0,11.0,136.41,17.0,257.65,31.0,192.5,77.0,41.0,42.0,25.084541654174284,83,-1.0,47.0,-0.01,157.25,
2025-04-08 13:01:01,154.98,43.0,207.98,43.0,103.86,43.0,408.79,42.0,181.48,53.0,86.0,85.0,19.097872394589395,171,1.0,88.0,0.01,157.25,
2025-04-08 13:01:02,160.0,91.0,187.0,56.0,154.0,39.0,204.0,49.0,173.5,27.0,130.0,105.0,20.492949275298965,235,25.0,64.0,0.11,157.25,
2025-04-08 13:01:03,160.0,42.0,184.5,24.0,154.0,18.0,211.55,22.0,172.25,24.5,60.0,46.0,14.24306673437748,106,14.0,-129.0,0.13,157.25,
2025-04-08 13:01:04,160.0,86.0,178.92,26.0,154.0,39.0,184.18,44.0,169.46,18.919999999999987,125.0,70.0,9.333719515814629,195,55.0,89.0,0.28,160.0,1.0
2025-04-08 13:01:05,160.0,54.0,166.5,18.0,154.0,27.0,167.38,39.0,163.25,6.5,81.0,57.0,6.618086581473063,138,24.0,-57.0,0.17,160.0,
2025-04-08 13:01:06,160.57,99.0,163.52,46.0,138.29,28.0,165.53,34.0,162.04,2.950000000000017,127.0,80.0,5.207643420958979,207,47.0,69.0,0.23,160.0,5.0
2025-04-08 13:01:07,161.09,57.0,162.33,30.0,159.06,101.0,218.6,52.0,161.71,1.240000000000009,158.0,82.0,4.804931841332116,240,76.0,33.0,0.32,162.0,4.0
2025-04-08 13:01:08,159.93,29.0,204.71,7.0,158.94,32.0,249.5,12.0,182.32,44.78,61.0,19.0,8.725601984955302,80,42.0,-160.0,0.53,163.0,1.0
2025-04-08 13:01:09,160.0,16.0,236.0,16.0,159.0,80.0,331.75,24.0,198.0,76.0,96.0,40.0,16.228324928959264,136,56.0,56.0,0.41,163.0,
2025-04-08 13:01:10,161.67,12.0,236.0,22.0,159.67,30.0,540.9,51.0,198.83,74.33000000000001,42.0,73.0,18.29859967319663,115,-31.0,-21.0,-0.27,163.0,
2025-04-08 13:01:11,162.78,9.0,209.0,9.0,161.27,11.0,307.4,15.0,185.89,46.22,20.0,24.0,15.08355893017071,44,-4.0,-71.0,-0.09,163.0,
2025-04-08 13:01:12,163.56,18.0,372.14,21.0,162.38,13.0,461.77,26.0,267.85,208.58,31.0,47.0,35.01540903659453,78,-16.0,34.0,-0.21,164.0,1.0
2025-04-08 13:01:13,159.64,33.0,423.22,18.0,159.24,17.0,506.5,12.0,291.43,263.58000000000004,50.0,30.0,47.787886540420686,80,20.0,2.0,0.25,161.0,6.0
2025-04-08 13:01:14,159.0,37.0,261.0,20.0,158.0,39.0,428.0,20.0,210.0,102.0,76.0,40.0,46.15281248201599,116,36.0,36.0,0.31,159.0,5.0
2025-04-08 13:01:15,159.0,16.0,260.88,16.0,158.0,32.0,530.0,16.0,209.94,101.88,48.0,32.0,44.46543792655304,80,16.0,-36.0,0.2,159.0,
2025-04-08 13:01:16,159.0,18.0,237.71,14.0,158.0,36.0,372.78,18.0,198.36,78.71000000000001,54.0,32.0,41.405402183774896,86,22.0,6.0,0.26,159.0,
2025-04-08 13:01:17,159.0,18.0,181.29,14.0,158.0,21.0,206.46,13.0,170.14,22.289999999999992,39.0,27.0,45.21259315721746,66,12.0,-20.0,0.18,159.0,
2025-04-08 13:01:18,160.67,18.0,181.0,14.0,159.31,29.0,182.0,7.0,170.83,20.330000000000013,47.0,21.0,20.07619934150792,68,26.0,2.0,0.38,159.0,
2025-04-08 13:01:19,163.0,26.0,177.39,23.0,160.08,78.0,179.83,24.0,170.2,14.389999999999986,104.0,47.0,18.940865344538214,151,57.0,83.0,0.38,159.0,
2025-04-08 13:01:20,163.0,24.0,172.37,35.0,160.92,72.0,173.03,29.0,167.69,9.370000000000005,96.0,64.0,12.866511959342056,160,32.0,9.0,0.2,159.0,
2025-04-08 13:01:21,160.3,80.0,166.77,26.0,159.26,82.0,168.25,40.0,163.53,6.469999999999999,162.0,66.0,3.015090380048591,228,96.0,68.0,0.42,163.0,2.0
2025-04-08 13:01:22,160.0,62.0,162.88,34.0,159.0,55.0,193.5,16.0,161.44,2.8799999999999955,117.0,50.0,4.122992844991844,167,67.0,-61.0,0.4,160.0,4.0
2025-04-08 13:01:23,160.4,20.0,165.0,10.0,159.06,34.0,343.71,14.0,162.7,4.599999999999994,54.0,24.0,3.6857116001997134,78,30.0,-89.0,0.38,160.75,4.0
2025-04-08 13:01:24,158.6,52.0,164.54,13.0,157.61,31.0,263.0,13.0,161.57,5.939999999999998,83.0,26.0,2.554433400940245,109,57.0,31.0,0.52,158.67,6.0
2025-04-08 13:01:25,156.38,47.0,162.91,11.0,155.3,70.0,470.71,21.0,159.65,6.530000000000001,117.0,32.0,1.4667549215298477,149,85.0,40.0,0.57,158.67,
2025-04-08 13:01:26,155.03,74.0,160.0,13.0,146.57,141.0,161.85,13.0,157.51,4.969999999999999,215.0,26.0,2.031238538386545,241,189.0,92.0,0.78,155.4,5.0
2025-04-08 13:01:27,155.65,34.0,190.38,13.0,151.19,52.0,492.67,15.0,173.02,34.72999999999999,86.0,28.0,5.996611543183123,114,58.0,-127.0,0.51,159.5,2.0
2025-04-08 13:01:28,156.83,58.0,331.09,91.0,155.44,36.0,540.12,43.0,243.96,174.25999999999996,94.0,134.0,36.72706318234429,228,-40.0,114.0,-0.18,159.5,
2025-04-08 13:01:29,159.31,52.0,328.45,49.0,156.46,41.0,350.61,54.0,243.88,169.14,93.0,103.0,44.50492927755285,196,-10.0,-32.0,-0.05,159.5,
2025-04-08 13:01:30,159.33,24.0,345.0,32.0,156.23,53.0,382.32,37.0,252.17,185.67,77.0,69.0,45.04938146079324,146,8.0,-50.0,0.05,159.0,2.0
2025-04-08 13:01:31,161.82,33.0,240.95,63.0,158.82,49.0,311.38,61.0,201.39,79.13,82.0,124.0,34.24583960133115,206,-42.0,60.0,-0.2,159.0,
2025-04-08 13:01:32,164.0,24.0,194.5,48.0,162.0,36.0,245.6,53.0,179.25,30.5,60.0,101.0,32.018959227309466,161,-41.0,-45.0,-0.25,159.0,
2025-04-08 13:01:33,162.62,26.0,167.31,52.0,158.73,66.0,342.84,50.0,164.96,4.689999999999998,92.0,102.0,38.602185818940825,194,-10.0,33.0,-0.05,163.33,3.0
2025-04-08 13:01:34,160.43,23.0,166.0,40.0,157.33,63.0,262.56,45.0,163.22,5.569999999999993,86.0,85.0,36.84568319355696,171,1.0,-23.0,0.01,159.6,5.0
2025-04-08 13:01:35,156.13,45.0,165.12,32.0,155.25,28.0,183.0,40.0,160.63,8.990000000000009,73.0,72.0,16.988238578495594,145,1.0,-26.0,0.01,157.5,4.0
2025-04-08 13:01:36,156.0,60.0,162.1,40.0,155.0,30.0,250.4,50.0,159.05,6.099999999999994,90.0,90.0,8.059799625291516,180,0.0,35.0,0.0,157.5,
2025-04-08 13:01:37,156.0,70.0,161.17,48.0,155.0,36.0,214.0,50.0,158.58,5.169999999999988,106.0,98.0,2.7382056167919937,204,8.0,24.0,0.04,156.0,2.0
2025-04-08 13:01:38,157.88,48.0,160.83,48.0,155.08,176.0,164.8,45.0,159.35,2.950000000000017,224.0,93.0,1.8687509196857417,317,131.0,113.0,0.41,157.71,7.0
2025-04-08 13:01:39,159.05,74.0,172.14,29.0,158.58,71.0,310.88,41.0,165.6,13.089999999999977,145.0,70.0,2.8739119680025635,215,75.0,-102.0,0.35,162.0,4.0
2025-04-08 13:01:40,160.0,142.0,359.0,54.0,158.23,47.0,486.14,42.0,259.5,199.0,189.0,96.0,44.302613128346216,285,93.0,70.0,0.33,160.0,7.0
2025-04-08 13:01:41,162.18,88.0,254.61,49.0,159.52,63.0,486.31,39.0,208.4,92.43,151.0,88.0,43.84746264038499,239,63.0,-46.0,0.26,160.0,
2025-04-08 13:01:42,164.0,56.0,202.57,21.0,160.0,72.0,323.43,35.0,183.29,38.56999999999999,128.0,56.0,40.656969513233264,184,72.0,-55.0,0.39,164.0,4.0
2025-04-08 13:01:43,164.0,28.0,200.71,7.0,160.0,56.0,513.43,21.0,182.36,36.71000000000001,84.0,28.0,36.68930089276707,112,56.0,-72.0,0.5,164.0,
2025-04-08 13:01:44,164.0,40.0,199.0,10.0,160.29,56.0,575.8,30.0,181.5,35.0,96.0,40.0,33.53413633896082,136,56.0,24.0,0.41,164.0,
2025-04-08 13:01:45,164.0,20.0,199.0,5.0,162.0,10.0,359.0,15.0,181.5,35.0,30.0,20.0,11.757053202224816,50,10.0,-86.0,0.2,164.0,
2025-04-08 13:01:46,164.0,16.0,198.25,4.0,162.0,8.0,259.0,12.0,181.12,34.25,24.0,16.0,0.8742882819305572,40,8.0,-10.0,0.2,164.0,
2025-04-08 13:01:47,164.0,44.0,197.45,11.0,162.0,22.0,729.36,33.0,180.73,33.44999999999999,66.0,44.0,0.6041688505036379,110,22.0,70.0,0.2,164.0,
2025-04-08 13:01:48,164.0,20.0,197.0,5.0,162.0,10.0,610.58,19.0,180.5,33.0,30.0,24.0,0.4507771066916313,54,6.0,-56.0,0.11,164.0,
2025-04-08 13:01:49,164.0,56.0,195.61,18.0,162.0,28.0,277.58,48.0,179.81,31.610000000000014,84.0,66.0,0.641147408881793,150,18.0,96.0,0.12,164.0,
2025-04-08 13:01:50,164.0,32.0,191.19,32.0,162.0,16.0,193.0,16.0,177.59,27.19,48.0,48.0,1.402586895672594,96,0.0,-54.0,0.0,164.0,
2025-04-08 13:01:51,164.0,44.0,188.47,15.0,162.0,22.0,190.94,51.0,176.23,24.47,66.0,66.0,1.972059836797132,132,0.0,36.0,0.0,164.0,
2025-04-08 13:01:52,164.0,48.0,184.09,32.0,162.0,24.0,185.52,52.0,174.05,20.090000000000003,72.0,84.0,2.6347257921655944,156,-12.0,24.0,-0.08,164.0,
2025-04-08 13:01:53,163.76,50.0,177.15,62.0,160.72,61.0,178.27,62.0,170.45,13.390000000000017,111.0,124.0,3.570809432032745,235,-13.0,79.0,-0.06,164.0,4.0
2025-04-08 13:01:54,162.0,18.0,174.22,45.0,160.0,117.0,175.44,45.0,168.11,12.22,135.0,90.0,3.95629624774028,225,45.0,-10.0,0.2,164.0,
2025-04-08 13:01:55,162.0,18.0,170.33,45.0,160.0,117.0,171.56,45.0,166.17,8.330000000000013,135.0,90.0,4.1424292389700375,225,45.0,0.0,0.2,164.0,
2025-04-08 13:01:56,161.23,31.0,164.11,61.0,159.96,159.0,166.25,61.0,162.67,2.880000000000024,190.0,122.0,4.299837206204675,312,68.0,87.0,0.22,161.33,3.0
2025-04-08 13:01:57,160.0,132.0,161.75,16.0,158.54,39.0,168.38,65.0,160.88,1.75,171.0,81.0,3.904968629816416,252,90.0,-60.0,0.36,161.6,10.0
2025-04-08 13:01:58,160.0,67.0,168.07,29.0,159.0,27.0,256.06,35.0,164.03,8.069999999999993,94.0,64.0,2.846633098916085,158,30.0,-94.0,0.19,160.0,1.0
2025-04-08 13:01:59,160.02,49.0,168.56,45.0,159.17,29.0,346.0,27.0,164.29,8.539999999999992,78.0,72.0,1.9703349968574315,150,6.0,-8.0,0.04,160.0,2.0
2025-04-08 13:02:00,163.44,16.0,168.0,80.0,160.0,80.0,366.7,54.0,165.72,4.560000000000002,96.0,134.0,1.8292812795851792,230,-38.0,80.0,-0.17,160.0,
2025-04-08 13:02:01,164.5,6.0,168.0,30.0,159.0,18.0,450.43,23.0,166.25,3.5,24.0,53.0,2.095621626115739,77,-29.0,-153.0,-0.38,160.0,
2025-04-08 13:02:02,161.0,9.0,168.0,45.0,158.27,33.0,469.11,27.0,164.5,7.0,42.0,72.0,0.970448349912137,114,-30.0,37.0,-0.26,161.0,3.0
2025-04-08 13:02:03,159.75,12.0,168.0,30.0,158.2,15.0,437.27,22.0,163.88,8.25,27.0,52.0,1.0079037651715852,79,-25.0,-35.0,-0.32,161.0,
2025-04-08 13:02:04,160.0,39.0,166.46,65.0,159.0,13.0,472.89,44.0,163.23,6.460000000000008,52.0,109.0,1.256475228504772,161,-57.0,82.0,-0.35,161.0,
2025-04-08 13:02:05,160.0,24.0,164.5,40.0,159.0,8.0,633.87,31.0,162.25,4.5,32.0,71.0,1.4983223951616715,103,-39.0,-58.0,-0.38,161.0,
2025-04-08 13:02:06,160.11,36.0,163.43,35.0,159.54,13.0,517.43,21.0,161.77,3.319999999999993,49.0,56.0,1.1262015804637209,105,-7.0,2.0,-0.07,161.0,
2025-04-08 13:02:07,160.59,27.0,252.63,38.0,159.88,32.0,620.5,32.0,206.61,92.04,59.0,70.0,19.61755132527699,129,-11.0,24.0,-0.09,160.8,5.0
2025-04-08 13:02:08,160.0,44.0,252.24,38.0,159.0,11.0,332.56,43.0,206.12,92.24,55.0,81.0,24.07786701516384,136,-26.0,7.0,-0.19,160.8,
2025-04-08 13:02:09,158.74,43.0,287.15,39.0,157.62,13.0,325.77,52.0,222.95,128.40999999999997,56.0,91.0,28.149717582952185,147,-35.0,11.0,-0.24,159.8,5.0
2025-04-08 13:02:10,157.86,21.0,284.97,35.0,156.13,45.0,326.67,36.0,221.41,127.11,66.0,71.0,24.782201677817483,137,-5.0,-10.0,-0.04,159.8,
2025-04-08 13:02:11,163.74,27.0,283.92,26.0,157.5,62.0,290.82,39.0,223.83,120.18,89.0,65.0,9.006896246769736,154,24.0,17.0,0.16,164.0,2.0
2025-04-08 13:02:12,164.0,18.0,221.11,27.0,158.0,99.0,282.41,17.0,192.56,57.110000000000014,117.0,44.0,13.706277029159391,161,73.0,7.0,0.45,164.0,
2025-04-08 13:02:13,160.21,38.0,199.76,49.0,157.89,82.0,251.43,14.0,179.98,39.54999999999998,120.0,63.0,20.477590922763337,183,57.0,22.0,0.31,160.4,5.0
2025-04-08 13:02:14,158.0,79.0,219.36,22.0,156.0,20.0,318.29,45.0,188.68,61.360000000000014,99.0,67.0,20.013789496245057,166,32.0,-17.0,0.19,158.0,1.0
2025-04-08 13:02:15,159.74,43.0,255.42,12.0,157.62,47.0,271.91,34.0,207.58,95.67999999999998,90.0,46.0,17.311544702885314,136,44.0,-30.0,0.32,158.0,
2025-04-08 13:02:16,163.0,39.0,251.87,15.0,158.84,43.0,257.86,22.0,207.43,88.87,82.0,37.0,12.08258167776994,119,45.0,-17.0,0.38,158.0,
2025-04-08 13:02:17,163.0,15.0,249.2,15.0,159.0,15.0,251.0,5.0,206.1,86.19999999999999,30.0,20.0,12.824620072344986,50,10.0,-69.0,0.2,158.0,
2025-04-08 13:02:18,163.0,32.0,246.0,11.0,159.0,33.0,247.6,15.0,204.5,83.0,65.0,26.0,8.022201692803272,91,39.0,41.0,0.43,163.0,1.0
2025-04-08 13:02:19,160.67,30.0,224.57,21.0,158.33,36.0,246.89,28.0,192.62,63.900000000000006,66.0,49.0,6.287271268206833,115,17.0,24.0,0.15,160.6,5.0
2025-04-08 13:02:20,159.63,59.0,222.46,39.0,157.58,72.0,243.22,23.0,191.04,62.83000000000001,131.0,62.0,7.8555661794681795,193,69.0,78.0,0.36,160.6,
2025-04-08 13:02:21,162.0,47.0,237.71,38.0,158.0,98.0,239.1,30.0,199.86,75.71000000000001,145.0,68.0,6.8064440054993085,213,77.0,20.0,0.36,162.0,3.0
2025-04-08 13:02:22,162.0,8.0,232.83,12.0,158.0,56.0,234.88,32.0,197.42,70.83000000000001,64.0,44.0,5.4606153499390215,108,20.0,-105.0,0.19,162.0,
2025-04-08 13:02:23,162.0,14.0,225.6,48.0,159.58,48.0,231.0,50.0,193.8,63.6,62.0,98.0,3.614155503015886,160,-36.0,52.0,-0.23,162.0,
2025-04-08 13:02:24,160.45,53.0,227.67,15.0,159.64,45.0,229.24,41.0,194.06,67.22,98.0,56.0,3.435211783861559,154,42.0,-6.0,0.27,160.5,4.0
2025-04-08 13:02:25,163.05,57.0,225.21,43.0,160.94,125.0,228.32,31.0,194.13,62.16,182.0,74.0,2.6883972920653147,256,108.0,102.0,0.42,160.5,
2025-04-08 13:02:26,164.83,87.0,224.66,53.0,162.04,69.0,225.19,37.0,194.74,59.829999999999984,156.0,90.0,1.4882876066067918,246,66.0,-10.0,0.27,160.5,
2025-04-08 13:02:27,165.0,126.0,220.69,26.0,164.0,42.0,221.2,50.0,192.85,55.69,168.0,76.0,0.688353107042594,244,92.0,-2.0,0.38,160.5,
2025-04-08 13:02:28,165.0,126.0,204.69,42.0,164.0,42.0,209.45,33.0,184.85,39.69,168.0,75.0,4.124733930808987,243,93.0,-1.0,0.38,160.5,
2025-04-08 13:02:29,165.0,92.0,197.15,52.0,164.0,48.0,201.03,32.0,181.08,32.150000000000006,140.0,84.0,6.177204060086978,224,56.0,-19.0,0.25,165.0,4.0
2025-04-08 13:02:30,165.0,52.0,199.5,30.0,164.0,36.0,200.67,18.0,182.25,34.5,88.0,48.0,6.249858398391457,136,40.0,-88.0,0.29,165.0,2.0
2025-04-08 13:02:31,165.0,21.0,196.24,17.0,164.0,21.0,197.53,15.0,180.62,31.24000000000001,42.0,32.0,5.037702849507035,74,10.0,-62.0,0.14,165.0,
2025-04-08 13:02:32,165.0,45.0,193.72,47.0,164.0,45.0,194.25,61.0,179.36,28.72,90.0,108.0,2.0753481635424373,198,-18.0,124.0,-0.09,165.0,
2025-04-08 13:02:33,165.0,33.0,188.95,38.0,164.0,33.0,191.64,55.0,176.97,23.94999999999999,66.0,93.0,2.0117231419635884,159,-27.0,-39.0,-0.17,165.0,
2025-04-08 13:02:34,165.0,54.0,171.61,76.0,164.0,54.0,172.71,70.0,168.3,6.610000000000014,108.0,146.0,5.492663288414846,254,-38.0,95.0,-0.15,165.0,
2025-04-08 13:02:35,164.33,18.0,166.06,51.0,163.04,162.0,168.21,38.0,165.2,1.7299999999999898,180.0,89.0,6.914918654610824,269,91.0,15.0,0.34,164.5,6.0
2025-04-08 13:02:36,163.0,118.0,164.47,53.0,160.0,48.0,166.09,55.0,163.74,1.4699999999999989,166.0,108.0,7.0490978146050285,274,58.0,5.0,0.21,163.0,7.0
2025-04-08 13:02:37,160.33,36.0,181.47,34.0,159.35,46.0,440.61,23.0,170.9,21.139999999999983,82.0,57.0,5.237510859164078,139,25.0,-135.0,0.18,162.0,9.0
2025-04-08 13:02:38,160.88,17.0,195.0,36.0,158.87,38.0,198.0,12.0,177.94,34.120000000000005,55.0,48.0,5.610212117189736,103,7.0,-36.0,0.07,160.0,1.0
2025-04-08 13:02:39,163.0,16.0,193.0,24.0,159.0,24.0,198.0,8.0,178.0,30.0,40.0,32.0,6.771253945900373,72,8.0,-31.0,0.11,160.0,
2025-04-08 13:02:40,159.52,31.0,191.45,33.0,158.12,51.0,257.68,31.0,175.49,31.92999999999998,82.0,64.0,6.031838857254119,146,18.0,74.0,0.12,163.0,2.0
2025-04-08 13:02:41,159.0,36.0,188.67,36.0,158.0,60.0,295.61,51.0,173.83,29.669999999999987,96.0,87.0,2.9913826234518925,183,9.0,37.0,0.05,163.0,
2025-04-08 13:02:42,159.0,32.0,186.75,36.0,158.0,60.0,315.0,48.0,172.88,27.75,92.0,84.0,2.333188805024518,176,8.0,-7.0,0.05,163.0,
2025-04-08 13:02:43,159.0,11.0,184.3,30.0,158.0,50.0,323.0,40.0,171.65,25.30000000000001,61.0,70.0,2.4668502183728056,131,-9.0,-45.0,-0.07,163.0,
2025-04-08 13:02:44,159.0,26.0,184.0,39.0,157.44,57.0,338.77,43.0,171.5,25.0,83.0,82.0,1.654644976990529,165,1.0,34.0,0.01,163.0,
2025-04-08 13:02:45,159.0,32.0,182.76,34.0,157.16,43.0,279.78,54.0,170.88,23.75999999999999,75.0,88.0,1.1875057894072538,163,-13.0,-2.0,-0.08,163.0,
2025-04-08 13:02:46,159.0,30.0,179.6,30.0,158.0,15.0,181.2,30.0,169.3,20.599999999999994,45.0,60.0,1.3056109680419845,105,-15.0,-58.0,-0.14,163.0,
2025-04-08 13:02:47,158.53,15.0,176.82,22.0,157.12,32.0,178.18,22.0,167.68,18.289999999999992,47.0,44.0,1.689325309070666,91,3.0,-14.0,0.03,159.0,2.0
2025-04-08 13:02:48,158.47,17.0,172.14,21.0,157.03,37.0,173.26,23.0,165.31,13.669999999999987,54.0,44.0,2.5105338077510218,98,10.0,7.0,0.1,159.0,
2025-04-08 13:02:49,159.17,72.0,167.71,34.0,158.0,17.0,169.59,34.0,163.44,8.54000000000002,89.0,68.0,2.9924103996366207,157,21.0,59.0,0.13,159.0,4.0
2025-04-08 13:02:50,161.31,52.0,164.62,29.0,158.0,17.0,166.14,29.0,162.96,3.3100000000000023,69.0,58.0,2.7221535591964874,127,11.0,-30.0,0.09,159.0,
2025-04-08 13:02:51,158.57,53.0,161.96,45.0,156.38,88.0,185.15,46.0,160.26,3.390000000000015,141.0,91.0,2.7666224895778178,232,50.0,105.0,0.22,161.33,6.0
2025-04-08 13:02:52,158.84,32.0,171.22,27.0,157.55,47.0,276.39,31.0,165.03,12.379999999999995,79.0,58.0,2.022362479832761,137,21.0,-95.0,0.15,159.0,4.0
2025-04-08 13:02:53,158.11,9.0,221.5,26.0,156.15,65.0,351.49,43.0,189.81,63.38999999999999,74.0,69.0,12.146499495733662,143,5.0,6.0,0.03,158.2,5.0
2025-04-08 13:02:54,158.0,8.0,252.0,16.0,156.0,64.0,461.5,40.0,205.0,94.0,72.0,56.0,19.798822439728507,128,16.0,-15.0,0.12,158.2,
2025-04-08 13:02:55,158.0,2.0,252.0,4.0,156.0,18.0,603.0,10.0,205.0,94.0,20.0,14.0,21.412628283327034,34,6.0,-94.0,0.18,158.2,
2025-04-08 13:02:56,159.04,67.0,231.83,24.0,155.85,82.0,445.14,37.0,195.44,72.79000000000002,149.0,61.0,16.446845594215624,210,88.0,168.0,0.42,158.0,1.0
2025-04-08 13:02:57,160.65,48.0,189.97,39.0,156.09,88.0,258.5,20.0,175.31,29.319999999999997,136.0,59.0,12.358024518505362,195,77.0,-15.0,0.39,161.38,8.0
2025-04-08 13:02:58,157.29,35.0,183.0,30.0,156.09,55.0,251.0,12.0,170.14,25.710000000000008,90.0,42.0,16.504930172526066,132,48.0,-63.0,0.36,161.38,
2025-04-08 13:02:59,158.0,60.0,182.93,27.0,156.09,55.0,228.33,15.0,170.46,24.930000000000007,115.0,42.0,15.969943644231456,157,73.0,25.0,0.46,161.38,
2025-04-08 13:03:00,158.59,68.0,181.25,16.0,156.55,73.0,183.0,40.0,169.92,22.66,141.0,56.0,10.955189637787909,197,85.0,40.0,0.43,161.38,
2025-04-08 13:03:01,163.8,20.0,180.0,18.0,161.81,42.0,251.22,45.0,171.9,16.19999999999999,62.0,63.0,2.2412674985091443,125,-1.0,-72.0,-0.01,161.38,
2025-04-08 13:03:02,163.44,32.0,177.92,26.0,161.83,46.0,316.45,64.0,170.68,14.47999999999999,78.0,90.0,0.7726577507985398,168,-12.0,43.0,-0.07,163.67,3.0
2025-04-08 13:03:03,163.0,48.0,174.28,36.0,160.0,48.0,251.84,69.0,168.64,11.28,96.0,105.0,1.186170308120902,201,-9.0,33.0,-0.04,163.67,
2025-04-08 13:03:04,163.0,33.0,175.36,22.0,160.0,33.0,343.22,45.0,169.18,12.360000000000014,66.0,67.0,1.282606720653844,133,-1.0,-68.0,-0.01,163.67,
2025-04-08 13:03:05,160.82,11.0,174.0,18.0,159.05,59.0,246.82,44.0,167.41,13.180000000000009,70.0,62.0,1.756650221263187,132,8.0,-1.0,0.06,161.8,5.0
2025-04-08 13:03:06,160.0,9.0,173.0,18.0,159.0,63.0,181.0,45.0,166.5,13.0,72.0,63.0,1.614069391277471,135,9.0,3.0,0.07,161.8,
2025-04-08 13:03:07,160.0,7.0,172.0,14.0,159.0,49.0,181.0,35.0,166.0,12.0,56.0,49.0,1.3573429927083114,105,7.0,-30.0,0.07,161.8,
2025-04-08 13:03:08,160.0,10.0,311.46,28.0,159.0,70.0,340.4,47.0,235.73,151.45999999999998,80.0,75.0,30.6390964292343,155,5.0,50.0,0.03,161.8,
2025-04-08 13:03:09,159.05,37.0,286.62,32.0,158.33,42.0,287.48,31.0,222.84,127.57,79.0,63.0,34.61890567305629,142,16.0,-13.0,0.11,159.33,3.0
2025-04-08 13:03:10,159.0,46.0,233.66,41.0,158.0,48.0,252.35,43.0,196.33,74.66,94.0,84.0,31.852258161706477,178,10.0,36.0,0.06,159.0,2.0
2025-04-08 13:03:11,159.0,36.0,192.17,48.0,158.0,48.0,194.0,36.0,175.58,33.16999999999999,84.0,84.0,29.839678785134485,168,0.0,-10.0,0.0,159.0,
2025-04-08 13:03:12,159.0,33.0,191.36,44.0,158.0,44.0,194.0,33.0,175.18,32.360000000000014,77.0,77.0,27.46693048012489,154,0.0,-14.0,0.0,159.0,
2025-04-08 13:03:13,159.63,57.0,189.67,48.0,158.39,46.0,193.02,41.0,174.65,30.039999999999992,103.0,89.0,21.07042073618742,192,14.0,38.0,0.07,159.0,
2025-04-08 13:03:14,160.55,88.0,186.57,46.0,159.31,26.0,187.41,37.0,173.56,26.019999999999985,114.0,83.0,9.683953221691556,197,31.0,5.0,0.16,159.0,
2025-04-08 13:03:15,162.36,84.0,181.5,28.0,160.0,14.0,186.0,42.0,171.93,19.139999999999983,98.0,70.0,1.4686558480077043,168,28.0,-29.0,0.17,159.0,
2025-04-08 13:03:16,163.69,39.0,175.62,42.0,160.0,15.0,179.51,37.0,169.66,11.930000000000009,54.0,79.0,2.2410332438144875,133,-25.0,-35.0,-0.19,163.4,5.0
2025-04-08 13:03:17,161.84,67.0,173.29,34.0,158.44,32.0,175.0,34.0,167.56,11.449999999999989,99.0,68.0,2.883412908321412,167,31.0,34.0,0.19,160.5,4.0
2025-04-08 13:03:18,162.0,52.0,170.52,21.0,159.0,9.0,171.43,28.0,166.26,8.52000000000001,61.0,49.0,3.010112954669101,110,12.0,-57.0,0.11,162.0,1.0
2025-04-08 13:03:19,162.0,25.0,167.45,22.0,159.0,8.0,168.71,21.0,164.73,5.449999999999989,33.0,43.0,2.83331431363668,76,-10.0,-34.0,-0.13,162.0,3.0
2025-04-08 13:03:20,162.0,16.0,166.31,26.0,159.0,8.0,167.14,28.0,164.15,4.310000000000002,24.0,54.0,2.225886340281363,78,-30.0,2.0,-0.38,162.0,
2025-04-08 13:03:21,159.56,41.0,163.24,55.0,157.3,53.0,164.21,56.0,161.4,3.680000000000007,94.0,111.0,2.331019090407344,205,-17.0,127.0,-0.08,160.17,6.0
2025-04-08 13:03:22,155.95,19.0,158.91,23.0,146.88,33.0,162.8,20.0,157.43,2.960000000000008,52.0,43.0,3.4754755070111067,95,9.0,-110.0,0.09,156.92,13.0
2025-04-08 13:03:23,155.79,38.0,157.5,50.0,141.25,32.0,159.0,10.0,156.64,1.710000000000008,70.0,60.0,3.730462437798472,130,10.0,35.0,0.08,156.92,
2025-04-08 13:03:24,155.7,27.0,157.26,31.0,145.0,34.0,330.82,11.0,156.48,1.5600000000000025,61.0,42.0,3.406809357715479,103,19.0,-27.0,0.18,156.29,7.0
2025-04-08 13:03:25,155.0,10.0,157.75,8.0,142.8,25.0,309.4,5.0,156.38,2.75,35.0,13.0,2.1278815756076623,48,22.0,-55.0,0.46,157.67,3.0
2025-04-08 13:03:30,164.0,42.0,306.83,6.0,163.0,30.0,0.0,0.0,235.42,142.82999999999998,72.0,6.0,104.30659710680304,78,66.0,13.0,0.85,157.67,
2025-04-08 13:03:31,164.0,30.0,408.0,5.0,163.0,25.0,542.0,1.0,286.0,244.0,55.0,6.0,106.23252741039704,61,49.0,-17.0,0.8,164.0,1.0
2025-04-08 13:03:32,164.0,48.0,404.0,8.0,163.0,40.0,550.38,8.0,284.0,240.0,88.0,16.0,91.16787745692332,104,72.0,43.0,0.69,164.0,2.0
2025-04-08 13:03:33,164.0,28.0,270.57,7.0,163.0,35.0,610.0,7.0,217.29,106.57,63.0,14.0,54.244863535641365,77,49.0,-27.0,0.64,164.0,
2025-04-08 13:03:34,164.0,24.0,309.67,6.0,163.0,30.0,491.83,6.0,236.83,145.67000000000002,54.0,12.0,31.183998621091604,66,42.0,-11.0,0.64,164.0,
2025-04-08 13:03:35,164.0,23.0,282.25,8.0,163.0,40.0,309.5,8.0,223.12,118.25,63.0,16.0,33.22801483688473,79,47.0,13.0,0.59,164.0,3.0
2025-04-08 13:03:36,165.0,24.0,205.0,4.0,164.0,4.0,308.0,4.0,185.0,40.0,28.0,8.0,36.03366439872774,36,20.0,-43.0,0.56,164.0,
2025-04-08 13:03:37,165.0,36.0,204.17,6.0,164.0,6.0,222.17,6.0,184.58,39.16999999999999,42.0,12.0,23.52807535690177,54,30.0,18.0,0.56,164.0,
2025-04-08 13:03:38,164.39,66.0,202.44,18.0,162.94,33.0,203.25,20.0,183.42,38.05000000000001,99.0,38.0,25.4711385689768,137,61.0,83.0,0.45,164.71,7.0
2025-04-08 13:03:39,163.0,22.0,185.29,17.0,162.0,13.0,187.93,15.0,174.15,22.289999999999992,35.0,32.0,19.011937828637045,67,3.0,-70.0,0.04,163.0,3.0
2025-04-08 13:03:40,163.97,72.0,170.69,13.0,162.78,9.0,172.0,10.0,167.33,6.719999999999999,81.0,23.0,7.847453727159484,104,58.0,37.0,0.56,163.0,
2025-04-08 13:03:41,164.0,75.0,167.6,10.0,163.0,9.0,168.53,17.0,165.8,3.5999999999999943,84.0,27.0,8.75854611222043,111,57.0,7.0,0.51,164.0,5.0
2025-04-08 13:03:42,163.79,19.0,165.2,10.0,162.6,10.0,169.25,16.0,164.49,1.4099999999999966,29.0,26.0,7.859082007453102,55,3.0,-56.0,0.05,164.0,5.0
2025-04-08 13:03:43,163.0,7.0,164.0,7.0,162.0,7.0,173.0,7.0,163.5,1.0,14.0,14.0,4.219209641610022,28,0.0,-27.0,0.0,164.0,
2025-04-08 13:03:44,162.17,6.0,191.5,6.0,160.33,6.0,284.33,6.0,176.83,29.330000000000013,12.0,12.0,5.361608900307579,24,0.0,-4.0,0.0,163.0,1.0
2025-04-08 13:03:45,162.0,8.0,286.25,8.0,160.0,8.0,365.12,8.0,224.12,124.25,16.0,16.0,25.814433365849982,32,0.0,8.0,0.0,163.0,
2025-04-08 13:03:46,160.08,25.0,293.19,21.0,158.86,21.0,343.31,13.0,226.64,133.11,46.0,34.0,31.72891315503832,80,12.0,48.0,0.15,161.0,2.0
2025-04-08 13:03:47,159.2,30.0,283.72,36.0,158.31,26.0,284.58,24.0,221.46,124.52000000000004,56.0,60.0,29.95661028888308,116,-4.0,36.0,-0.03,161.0,
2025-04-08 13:03:48,160.0,24.0,282.12,40.0,159.0,32.0,284.0,24.0,221.06,122.12,56.0,64.0,20.912231349142715,120,-8.0,4.0,-0.07,161.0,
2025-04-08 13:03:49,160.0,27.0,281.93,43.0,159.0,36.0,283.66,29.0,220.97,121.93,63.0,72.0,2.4823174656170277,135,-9.0,15.0,-0.07,161.0,
2025-04-08 13:03:50,160.0,42.0,271.43,42.0,159.0,56.0,279.91,54.0,215.71,111.43,98.0,96.0,3.868742689828283,194,2.0,59.0,0.01,161.0,
2025-04-08 13:03:51,160.0,31.0,214.9,30.0,159.0,40.0,216.14,14.0,187.45,54.900000000000006,71.0,44.0,14.659964188225873,115,27.0,-79.0,0.23,161.0,
2025-04-08 13:03:52,160.0,60.0,197.69,35.0,159.0,60.0,204.0,47.0,178.84,37.69,120.0,82.0,20.123546655597934,202,38.0,87.0,0.19,161.0,
2025-04-08 13:03:53,161.32,59.0,187.42,36.0,159.58,48.0,189.84,58.0,174.37,26.099999999999994,107.0,94.0,21.482521267299735,201,13.0,-1.0,0.06,162.0,6.0
2025-04-08 13:03:54,160.9,40.0,183.17,29.0,159.46,52.0,183.51,41.0,172.04,22.269999999999985,92.0,70.0,17.788234032639163,162,22.0,-39.0,0.14,162.0,
2025-04-08 13:03:55,163.0,14.0,178.67,9.0,160.0,28.0,180.0,19.0,170.83,15.669999999999987,42.0,28.0,6.740610506467667,70,14.0,-92.0,0.2,162.0,
2025-04-08 13:03:56,163.0,22.0,174.28,29.0,160.0,44.0,175.83,23.0,168.64,11.28,66.0,52.0,3.8925223184826776,118,14.0,48.0,0.12,162.0,
2025-04-08 13:03:57,163.94,64.0,170.41,68.0,160.72,58.0,171.3,64.0,167.17,6.469999999999999,122.0,132.0,2.826013092658174,254,-10.0,136.0,-0.04,162.0,
2025-04-08 13:03:58,165.0,22.0,166.5,20.0,163.0,24.0,167.94,32.0,165.75,1.5,46.0,52.0,2.5771360072506293,98,-6.0,-156.0,-0.06,165.0,5.0
2025-04-08 13:03:59,161.71,24.0,166.07,29.0,159.81,43.0,167.65,23.0,163.89,4.359999999999985,67.0,52.0,2.659620273621864,119,15.0,21.0,0.13,162.75,4.0
2025-04-08 13:04:00,160.0,32.0,164.33,18.0,158.67,60.0,165.11,38.0,162.17,4.3300000000000125,92.0,56.0,2.5685170818689707,148,36.0,29.0,0.24,160.0,2.0
2025-04-08 13:04:01,159.47,15.0,162.57,14.0,158.74,38.0,163.88,17.0,161.02,3.0999999999999943,53.0,31.0,2.517578201336728,84,22.0,-64.0,0.26,160.0,1.0
2025-04-08 13:04:02,159.0,28.0,209.38,16.0,158.0,35.0,226.07,15.0,184.19,50.38,63.0,31.0,9.55253788267082,94,32.0,10.0,0.34,162.4,5.0
2025-04-08 13:04:03,159.69,26.0,416.0,14.0,158.24,33.0,690.36,25.0,287.85,256.31,59.0,39.0,54.515651697471,98,20.0,4.0,0.2,162.4,
2025-04-08 13:04:04,162.0,39.0,203.1,62.0,159.0,52.0,379.33,21.0,182.55,41.1,91.0,83.0,52.734914240946566,174,8.0,76.0,0.05,162.4,
2025-04-08 13:04:05,162.0,25.0,194.15,59.0,159.0,76.0,195.33,45.0,178.08,32.150000000000006,101.0,104.0,50.65581082166194,205,-3.0,31.0,-0.01,162.0,2.0
2025-04-08 13:04:06,162.0,8.0,191.23,26.0,159.0,80.0,192.66,38.0,176.62,29.22999999999999,88.0,64.0,48.171389537774566,152,24.0,-53.0,0.16,162.0,
2025-04-08 13:04:07,162.0,5.0,189.0,15.0,159.0,50.0,191.0,25.0,175.5,27.0,55.0,40.0,49.115714898594405,95,15.0,-57.0,0.16,162.0,
2025-04-08 13:04:08,159.19,27.0,187.64,55.0,158.3,79.0,189.0,33.0,173.41,28.44999999999999,106.0,88.0,3.4271810573565515,194,18.0,99.0,0.09,159.33,6.0
2025-04-08 13:04:09,158.12,34.0,187.0,50.0,156.33,48.0,189.0,30.0,172.56,28.879999999999995,82.0,80.0,2.267637537150605,162,2.0,-32.0,0.01,159.33,
2025-04-08 13:04:10,160.0,13.0,184.79,47.0,158.0,52.0,186.0,57.0,172.39,24.789999999999992,65.0,104.0,1.8763075440580883,169,-39.0,7.0,-0.23,159.33,
2025-04-08 13:04:11,160.0,8.0,182.25,24.0,158.0,32.0,183.68,28.0,171.12,22.25,40.0,52.0,1.621582560304684,92,-12.0,-77.0,-0.13,159.33,
2025-04-08 13:04:12,160.0,12.0,178.2,40.0,157.17,36.0,179.88,16.0,169.1,18.19999999999999,48.0,56.0,1.6759266093354153,104,-8.0,12.0,-0.08,159.33,
2025-04-08 13:04:13,160.86,14.0,175.55,38.0,155.97,34.0,176.85,46.0,168.2,14.689999999999998,48.0,84.0,1.9556789102186,132,-36.0,28.0,-0.27,157.5,4.0
2025-04-08 13:04:14,163.0,11.0,171.37,43.0,156.0,33.0,171.16,37.0,167.19,8.370000000000005,44.0,80.0,2.127945018055909,124,-36.0,-8.0,-0.29,157.5,
2025-04-08 13:04:15,163.0,9.0,168.26,35.0,156.0,36.0,169.41,37.0,165.63,5.259999999999991,45.0,72.0,2.0585115981851843,117,-27.0,-7.0,-0.23,157.4,5.0
2025-04-08 13:04:16,142.1,80.0,152.12,33.0,134.5,36.0,157.04,28.0,147.11,10.02000000000001,116.0,61.0,9.2225338166819,177,55.0,60.0,0.31,150.2,5.0
2025-04-08 13:04:21,139.13,23.0,218.6,15.0,98.08,24.0,364.26,19.0,178.87,79.47,47.0,34.0,19.989303389557517,81,13.0,-137.0,0.16,152.62,8.0
2025-04-08 13:04:22,165.0,40.0,335.5,30.0,164.0,30.0,473.2,30.0,250.25,170.5,70.0,60.0,49.1803900960522,130,10.0,49.0,0.08,152.62,
2025-04-08 13:04:23,165.0,45.0,336.0,36.0,164.0,36.0,535.75,36.0,250.5,171.0,81.0,72.0,58.32924455193948,153,9.0,23.0,0.06,165.0,3.0
2025-04-08 13:04:24,164.1,10.0,230.0,30.0,163.14,21.0,735.8,30.0,197.05,65.9,31.0,60.0,53.65390544965021,91,-29.0,-62.0,-0.32,164.33,3.0
2025-04-08 13:04:25,164.0,4.0,380.75,12.0,163.0,8.0,693.75,12.0,272.38,216.75,12.0,24.0,39.76863022534394,36,-12.0,-55.0,-0.33,164.33,
2025-04-08 13:04:26,144.22,9.0,452.71,41.0,114.92,24.0,499.78,27.0,298.46,308.49,33.0,68.0,37.36228405759272,101,-35.0,65.0,-0.35,161.5,4.0
2025-04-08 13:04:28,137.91,103.0,156.07,45.0,83.61,49.0,203.1,58.0,146.99,18.16,152.0,103.0,62.411230960461765,255,49.0,157.0,0.19,161.5,
2025-04-08 13:04:31,149.0,90.0,153.07,67.0,141.45,33.0,154.73,15.0,151.04,4.069999999999993,123.0,82.0,22.53551352864608,205,41.0,-9.0,0.2,153.0,1.0
2025-04-08 13:04:32,149.0,72.0,320.03,39.0,140.0,36.0,431.5,24.0,234.51,171.02999999999997,108.0,63.0,41.44862904849603,171,45.0,-34.0,0.26,153.5,6.0
2025-04-08 13:04:33,150.47,45.0,352.31,39.0,147.78,54.0,434.95,38.0,251.39,201.84,99.0,77.0,56.11873884897916,176,22.0,5.0,0.12,153.5,
2025-04-08 13:04:34,152.0,30.0,243.33,36.0,150.02,55.0,281.36,25.0,197.67,91.33,85.0,61.0,49.06361554145781,146,24.0,-30.0,0.16,153.5,
2025-04-08 13:04:35,153.03,78.0,171.22,41.0,151.38,39.0,195.67,36.0,162.12,18.19,117.0,77.0,43.781099004022266,194,40.0,48.0,0.21,153.5,
2025-04-08 13:04:36,159.79,38.0,170.67,36.0,155.19,42.0,298.67,27.0,165.23,10.879999999999995,80.0,63.0,40.17866075418657,143,17.0,-51.0,0.12,153.5,
2025-04-08 13:04:37,160.62,24.0,169.93,56.0,159.0,28.0,224.5,60.0,165.28,9.310000000000002,52.0,116.0,38.130288092275805,168,-64.0,25.0,-0.38,160.0,5.0
2025-04-08 13:04:38,162.67,12.0,169.0,48.0,159.0,24.0,339.31,26.0,165.83,6.3300000000000125,36.0,74.0,14.854528939009615,110,-38.0,-58.0,-0.35,160.0,
2025-04-08 13:04:39,164.0,15.0,169.0,60.0,159.0,30.0,295.67,45.0,166.5,5.0,45.0,105.0,1.6855473887869263,150,-60.0,40.0,-0.4,160.0,
2025-04-08 13:04:40,158.06,101.0,167.33,48.0,156.19,32.0,185.16,37.0,162.7,9.27000000000001,133.0,85.0,1.4406491591803257,218,48.0,68.0,0.22,160.67,3.0
2025-04-08 13:04:41,158.08,92.0,162.6,70.0,157.4,90.0,163.69,74.0,160.34,4.519999999999982,182.0,144.0,2.5611716068710817,326,38.0,108.0,0.12,158.0,1.0
2025-04-08 13:04:42,158.02,55.0,161.1,29.0,156.67,27.0,184.38,24.0,159.56,3.079999999999984,82.0,53.0,3.132775127556629,135,29.0,-168.0,0.21,159.0,1.0
2025-04-08 13:04:43,158.0,80.0,159.83,48.0,156.0,36.0,175.43,46.0,158.92,1.8300000000000125,116.0,94.0,3.088345835529312,210,22.0,75.0,0.1,158.0,6.0
2025-04-08 13:04:44,159.7,61.0,163.13,53.0,157.5,44.0,342.3,20.0,161.42,3.430000000000007,105.0,73.0,1.5044334481214696,178,32.0,-32.0,0.18,160.0,6.0
2025-04-08 13:04:45,156.65,37.0,254.7,10.0,155.33,60.0,318.05,19.0,205.67,98.04999999999998,97.0,29.0,20.418712496136116,126,68.0,-52.0,0.54,158.0,3.0
2025-04-08 13:04:46,156.0,35.0,261.06,17.0,155.0,56.0,345.36,11.0,208.53,105.06,91.0,28.0,25.852099527889575,119,63.0,-7.0,0.53,158.0,
2025-04-08 13:04:47,156.0,40.0,257.53,17.0,154.62,64.0,261.5,18.0,206.76,101.52999999999996,104.0,35.0,25.67806554240313,139,69.0,20.0,0.5,158.0,
2025-04-08 13:04:48,159.0,15.0,209.73,30.0,156.0,75.0,332.77,35.0,184.37,50.72999999999999,90.0,65.0,20.38509381876801,155,25.0,16.0,0.16,158.0,
2025-04-08 13:04:49,156.0,12.0,176.5,12.0,155.0,12.0,256.67,12.0,166.25,20.5,24.0,24.0,18.523144441481254,48,0.0,-107.0,0.0,156.75,4.0
2025-04-08 13:04:50,156.0,18.0,170.04,23.0,155.0,18.0,304.67,18.0,163.02,14.039999999999992,36.0,41.0,21.558926921346057,77,-5.0,29.0,-0.06,156.75,
2025-04-08 13:04:51,155.84,19.0,167.3,27.0,123.1,29.0,325.83,24.0,161.57,11.460000000000008,48.0,51.0,19.28228539359112,99,-3.0,22.0,-0.03,155.67,3.0
2025-04-08 13:04:52,156.33,9.0,159.5,12.0,138.4,5.0,164.31,13.0,157.92,3.1699999999999875,14.0,25.0,10.360402019219787,39,-11.0,-60.0,-0.28,155.67,
2025-04-08 13:04:53,155.95,19.0,262.6,20.0,108.89,9.0,334.18,22.0,209.27,106.65000000000003,28.0,42.0,21.26623450448801,70,-14.0,31.0,-0.2,159.2,5.0
2025-04-08 13:04:54,161.76,46.0,225.67,24.0,161.13,23.0,296.0,19.0,193.71,63.91,69.0,43.0,23.011413907013655,112,26.0,42.0,0.23,157.0,3.0
2025-04-08 13:04:55,165.0,9.0,216.1,41.0,164.0,135.0,224.6,25.0,190.55,51.1,144.0,66.0,22.075363643662296,210,78.0,98.0,0.37,157.0,
2025-04-08 13:04:56,165.0,10.0,212.55,42.0,164.0,150.0,213.42,38.0,188.77,47.55000000000001,160.0,80.0,18.68762371196381,240,80.0,30.0,0.33,157.0,
2025-04-08 13:04:57,165.0,9.0,210.33,27.0,164.0,135.0,212.0,45.0,187.67,45.33000000000001,144.0,72.0,8.839981900432775,216,72.0,-24.0,0.33,157.0,
2025-04-08 13:04:58,164.09,76.0,208.56,59.0,163.71,147.0,209.92,59.0,186.33,44.47,223.0,118.0,2.8597692214509465,341,105.0,125.0,0.31,164.2,5.0
2025-04-08 13:04:59,163.47,93.0,188.96,25.0,162.67,42.0,202.05,41.0,176.22,25.49000000000001,135.0,66.0,5.632035156135154,201,69.0,-140.0,0.34,164.2,
2025-04-08 13:05:00,163.0,85.0,170.12,49.0,162.0,26.0,171.15,47.0,166.56,7.1200000000000045,111.0,96.0,9.546886927156963,207,15.0,6.0,0.07,163.0,2.0
2025-04-08 13:05:01,163.0,45.0,169.33,45.0,162.0,18.0,170.46,39.0,166.17,6.3300000000000125,63.0,84.0,10.33136244644917,147,-21.0,-60.0,-0.14,163.0,
2025-04-08 13:05:02,163.13,45.0,168.58,43.0,161.48,50.0,169.45,55.0,165.86,5.450000000000017,95.0,98.0,9.00249243264777,193,-3.0,46.0,-0.02,163.0,
2025-04-08 13:05:03,163.78,23.0,166.11,44.0,162.85,53.0,167.83,36.0,164.95,2.3300000000000125,76.0,80.0,4.6599753218081466,156,-4.0,-37.0,-0.03,164.33,3.0
2025-04-08 13:05:04,162.62,64.0,164.37,51.0,161.68,76.0,166.19,37.0,163.5,1.75,140.0,88.0,1.2208890202837177,228,52.0,72.0,0.23,163.0,5.0
2025-04-08 13:05:05,162.0,52.0,163.62,32.0,160.0,32.0,176.6,25.0,162.81,1.6200000000000043,84.0,57.0,1.463922812120192,141,27.0,-87.0,0.19,162.0,3.0
2025-04-08 13:05:06,162.0,35.0,163.71,35.0,160.0,91.0,252.64,11.0,162.86,1.710000000000008,126.0,46.0,1.3534880863320708,172,80.0,31.0,0.47,162.0,
2025-04-08 13:05:07,160.14,140.0,162.92,60.0,159.72,36.0,254.82,22.0,161.53,2.780000000000001,176.0,82.0,1.2434428011930612,258,94.0,86.0,0.36,162.0,5.0
2025-04-08 13:05:08,160.0,126.0,162.0,50.0,159.0,10.0,203.0,10.0,161.0,2.0,136.0,60.0,1.0354467633998383,196,76.0,-62.0,0.39,162.0,
2025-04-08 13:05:09,160.09,99.0,310.96,26.0,159.71,38.0,498.0,14.0,235.53,150.86999999999998,137.0,40.0,32.871168674081275,177,97.0,-19.0,0.55,161.86,7.0
2025-04-08 13:05:11,160.0,37.0,347.0,7.0,159.0,5.0,558.0,5.0,253.5,187.0,42.0,12.0,64.60093923465918,54,30.0,-42.0,0.56,160.0,2.0
2025-04-08 13:05:14,160.0,66.0,411.0,15.0,159.0,11.0,559.12,52.0,285.5,251.0,77.0,67.0,57.496678860613855,144,10.0,77.0,0.07,160.0,
2025-04-08 13:05:15,160.65,71.0,353.2,25.0,159.69,26.0,375.38,39.0,256.92,192.55,97.0,64.0,63.40057728444203,161,33.0,17.0,0.2,162.0,4.0
2025-04-08 13:05:16,162.0,65.0,343.5,20.0,160.0,78.0,387.39,31.0,252.75,181.5,143.0,51.0,63.55311322036479,194,92.0,33.0,0.47,162.0,
2025-04-08 13:05:17,162.0,90.0,300.26,43.0,158.7,141.0,327.5,28.0,231.13,138.26,231.0,71.0,70.16511191468608,302,160.0,108.0,0.53,162.0,
2025-04-08 13:05:18,161.61,31.0,218.44,25.0,159.16,25.0,243.1,29.0,190.03,56.829999999999984,56.0,54.0,35.50155954321188,110,2.0,-168.0,0.02,162.0,
2025-04-08 13:05:19,160.0,9.0,198.56,9.0,159.0,27.0,200.77,13.0,179.28,38.56,36.0,22.0,35.69104467510188,58,14.0,-52.0,0.24,162.0,
2025-04-08 13:05:20,159.5,12.0,197.27,22.0,158.38,48.0,198.38,53.0,178.39,37.77000000000001,60.0,75.0,33.719028455755414,135,-15.0,77.0,-0.11,159.5,2.0
2025-04-08 13:05:21,159.0,14.0,195.81,16.0,158.0,64.0,197.56,18.0,177.41,36.81,78.0,34.0,22.86978836806261,112,44.0,-23.0,0.39,159.5,
2025-04-08 13:05:22,159.0,24.0,193.43,14.0,158.0,138.0,195.03,34.0,176.21,34.43000000000001,162.0,48.0,5.577524540503563,210,114.0,98.0,0.54,159.5,
2025-04-08 13:05:23,158.21,57.0,189.67,24.0,157.57,92.0,191.38,16.0,173.94,31.45999999999998,149.0,40.0,2.078203551123964,189,109.0,-21.0,0.58,158.4,5.0
2025-04-08 13:05:24,158.28,43.0,187.82,17.0,156.95,38.0,189.08,13.0,173.05,29.539999999999992,81.0,30.0,2.2633161511150823,111,51.0,-78.0,0.46,161.0,2.0
2025-04-08 13:05:25,158.0,60.0,185.5,24.0,156.0,32.0,188.0,8.0,171.75,27.5,92.0,32.0,2.311216130069237,124,60.0,13.0,0.48,158.0,4.0
2025-04-08 13:05:26,157.33,24.0,184.38,8.0,155.89,18.0,185.19,16.0,170.85,27.049999999999983,42.0,24.0,2.076487418667915,66,18.0,-58.0,0.27,158.0,
2025-04-08 13:05:27,158.0,36.0,182.08,25.0,156.0,36.0,183.28,25.0,170.04,24.080000000000013,72.0,50.0,1.586294424084133,122,22.0,56.0,0.18,158.0,
2025-04-08 13:05:28,159.64,22.0,180.92,26.0,157.8,40.0,182.6,30.0,170.28,21.28,62.0,56.0,1.2287513987284069,118,6.0,-4.0,0.05,160.0,1.0
2025-04-08 13:05:29,156.44,45.0,177.91,43.0,157.0,30.0,179.4,45.0,167.18,21.47,75.0,88.0,1.718676816586402,163,-13.0,45.0,-0.08,158.4,5.0
2025-04-08 13:05:30,156.29,42.0,173.48,25.0,155.29,14.0,176.0,21.0,164.88,17.189999999999998,56.0,46.0,2.5398188911545,102,10.0,-61.0,0.1,158.4,
2025-04-08 13:05:31,162.0,28.0,170.52,46.0,156.19,54.0,172.12,34.0,166.26,8.52000000000001,82.0,80.0,2.367724646123588,162,2.0,60.0,0.01,158.4,
2025-04-08 13:05:32,162.0,17.0,168.11,27.0,157.67,24.0,170.0,45.0,165.06,6.110000000000014,41.0,72.0,2.1930161877780328,113,-31.0,-49.0,-0.27,162.0,1.0
2025-04-08 13:05:33,162.95,85.0,167.15,39.0,159.18,17.0,169.44,59.0,165.05,4.200000000000017,102.0,98.0,1.000939558540707,200,4.0,87.0,0.02,162.0,
2025-04-08 13:05:34,161.85,91.0,164.0,42.0,159.5,14.0,165.29,42.0,162.92,2.1500000000000057,105.0,84.0,1.2038189231972347,189,21.0,-11.0,0.11,162.9,10.0
2025-04-08 13:05:35,157.26,57.0,160.08,36.0,155.77,22.0,161.08,36.0,158.67,2.8200000000000216,79.0,72.0,3.003193300445714,151,7.0,-38.0,0.05,162.9,
2025-04-08 13:05:36,158.0,51.0,159.3,30.0,156.3,20.0,160.6,30.0,158.65,1.3000000000000114,71.0,60.0,3.232622774131705,131,11.0,-20.0,0.08,158.0,3.0
2025-04-08 13:05:37,157.33,36.0,159.92,39.0,151.33,39.0,181.26,35.0,158.63,2.589999999999975,75.0,74.0,3.017611638337347,149,1.0,18.0,0.01,157.5,6.0
2025-04-08 13:05:38,155.62,16.0,160.0,24.0,147.36,22.0,332.5,16.0,157.81,4.379999999999996,38.0,40.0,2.036315299707352,78,-2.0,-71.0,-0.03,157.5,
2025-04-08 13:05:39,156.0,24.0,158.33,36.0,155.0,24.0,416.22,36.0,157.17,2.3300000000000125,48.0,72.0,0.6745961753648705,120,-24.0,42.0,-0.2,157.5,
2025-04-08 13:05:40,155.0,20.0,186.26,34.0,154.0,40.0,373.66,44.0,170.63,31.25999999999999,60.0,78.0,5.653115954925042,138,-18.0,18.0,-0.13,157.0,3.0
2025-04-08 13:05:41,155.0,13.0,334.71,34.0,149.53,17.0,483.5,18.0,244.85,179.70999999999998,30.0,52.0,37.88071963413457,82,-22.0,-56.0,-0.27,157.0,
2025-04-08 13:05:42,161.23,26.0,187.27,55.0,154.38,13.0,284.02,46.0,174.25,26.04000000000002,39.0,101.0,36.52242489211146,140,-62.0,58.0,-0.44,157.0,
2025-04-08 13:05:43,164.0,66.0,185.45,55.0,159.57,70.0,406.52,25.0,174.73,21.44999999999999,136.0,80.0,34.57525242134811,216,56.0,76.0,0.26,157.0,
2025-04-08 13:05:44,164.0,60.0,184.0,50.0,161.27,66.0,264.14,28.0,174.0,20.0,126.0,78.0,31.99343870233324,204,48.0,-12.0,0.24,157.0,
2025-04-08 13:05:45,164.0,72.0,183.33,60.0,162.0,72.0,322.0,54.0,173.67,19.330000000000013,144.0,114.0,31.614778189953466,258,30.0,54.0,0.12,157.0,
2025-04-08 13:05:46,164.97,226.0,181.47,75.0,163.87,90.0,271.6,45.0,173.22,16.5,316.0,120.0,0.5721276080469831,436,196.0,168.0,0.45,165.0,1.0
2025-04-08 13:05:47,165.0,165.0,179.64,55.0,164.0,66.0,357.09,23.0,172.32,14.639999999999986,231.0,78.0,0.8977583193085702,309,153.0,-127.0,0.5,165.0,
2025-04-08 13:05:48,165.0,130.0,175.56,45.0,164.0,54.0,177.67,45.0,170.28,10.560000000000002,184.0,90.0,1.491817683191743,274,94.0,-35.0,0.34,165.0,5.0
2025-04-08 13:05:49,165.0,70.0,175.0,35.0,164.0,42.0,221.48,21.0,170.0,10.0,112.0,56.0,1.679738074784238,168,56.0,-106.0,0.33,165.0,
2025-04-08 13:05:50,165.0,90.0,175.0,45.0,164.0,54.0,267.0,27.0,170.0,10.0,144.0,72.0,1.504553089750065,216,72.0,48.0,0.33,165.0,
2025-04-08 13:05:51,165.0,59.0,174.0,65.0,164.0,78.0,325.0,39.0,169.5,9.0,137.0,104.0,1.0987265355278395,241,33.0,25.0,0.14,165.0,9.0
2025-04-08 13:05:52,165.0,14.0,172.0,52.0,164.0,84.0,178.47,51.0,168.5,7.0,98.0,103.0,0.7047552765814886,201,-5.0,-40.0,-0.02,165.0,
2025-04-08 13:05:53,164.55,22.0,168.64,58.0,163.97,74.0,170.0,40.0,166.59,4.089999999999975,96.0,98.0,1.4382697938377211,194,-2.0,-7.0,-0.01,164.5,2.0
2025-04-08 13:05:54,163.65,20.0,167.0,14.0,161.5,30.0,168.0,35.0,165.32,3.3499999999999943,50.0,49.0,1.9791968067530876,99,1.0,-95.0,0.01,163.1,10.0
2025-04-08 13:05:55,162.0,24.0,165.53,51.0,160.0,108.0,167.45,33.0,163.76,3.530000000000001,132.0,84.0,2.325635397016436,216,48.0,117.0,0.22,163.1,
2025-04-08 13:05:56,161.1,40.0,164.31,65.0,159.96,103.0,176.69,32.0,162.7,3.210000000000008,143.0,97.0,2.29176351307229,240,46.0,24.0,0.19,162.0,2.0
2025-04-08 13:05:57,160.0,75.0,162.56,45.0,159.0,22.0,178.91,55.0,161.28,2.5600000000000023,97.0,100.0,2.095948472611536,197,-3.0,-43.0,-0.02,160.0,4.0
2025-04-08 13:05:58,159.62,65.0,161.59,59.0,158.59,29.0,163.23,65.0,160.6,1.9699999999999989,94.0,124.0,1.8979778712716704,218,-30.0,21.0,-0.14,160.0,5.0
2025-04-08 13:05:59,157.4,48.0,159.67,66.0,155.4,126.0,216.06,71.0,158.53,2.269999999999982,174.0,137.0,2.009198845269049,311,37.0,93.0,0.12,158.8,10.0
2025-04-08 13:06:00,155.62,68.0,260.81,32.0,152.67,135.0,383.92,39.0,208.22,105.19,203.0,71.0,21.270072402318544,274,132.0,-37.0,0.48,156.25,8.0
2025-04-08 13:06:01,160.0,40.0,445.53,38.0,155.0,140.0,532.29,34.0,302.76,285.53,180.0,72.0,62.01556030545888,252,108.0,-22.0,0.43,156.25,
2025-04-08 13:06:05,158.33,15.0,244.5,28.0,155.33,30.0,386.67,18.0,201.42,86.16999999999999,45.0,46.0,55.90648638575389,91,-1.0,0.0,-0.01,156.25,
2025-04-08 13:06:06,163.0,5.0,284.06,17.0,156.0,10.0,375.86,7.0,223.53,121.06,15.0,24.0,65.08534497104867,39,-9.0,-52.0,-0.23,156.25,
2025-04-08 13:06:07,157.35,17.0,283.12,32.0,140.31,13.0,285.0,8.0,220.24,125.77,30.0,40.0,63.6953302840978,70,-10.0,31.0,-0.14,158.33,3.0
2025-04-08 13:06:08,157.25,32.0,282.0,32.0,146.96,27.0,286.93,14.0,219.62,124.75,59.0,46.0,51.68558406364587,105,13.0,35.0,0.12,158.33,
2025-04-08 13:06:09,160.04,54.0,282.0,24.0,158.27,30.0,397.0,18.0,221.02,121.96,84.0,42.0,8.926952447509889,126,42.0,21.0,0.33,158.33,
2025-04-08 13:06:10,161.0,70.0,281.0,28.0,160.0,70.0,397.0,21.0,221.0,120.0,140.0,49.0,1.4874205861561225,189,91.0,63.0,0.48,158.33,
2025-04-08 13:06:11,161.09,33.0,280.0,24.0,160.5,60.0,410.75,16.0,220.55,118.91,93.0,40.0,0.5839349279827438,133,53.0,-56.0,0.4,162.0,1.0
2025-04-08 13:06:12,161.0,70.0,278.71,28.0,160.0,70.0,620.53,17.0,219.86,117.70999999999998,140.0,45.0,0.6454455826154873,185,95.0,52.0,0.51,162.0,
2025-04-08 13:06:13,161.77,87.0,277.11,36.0,160.0,90.0,447.0,45.0,219.44,115.34,177.0,81.0,0.7029793738920634,258,96.0,73.0,0.37,162.0,3.0
2025-04-08 13:06:14,162.26,85.0,258.11,54.0,160.0,130.0,366.68,40.0,210.18,95.85000000000002,215.0,94.0,4.5270277224805335,309,121.0,51.0,0.39,163.0,3.0
2025-04-08 13:06:15,163.0,28.0,231.91,11.0,160.0,70.0,234.62,21.0,197.45,68.91,98.0,32.0,9.92547882976357,130,66.0,-168.0,0.51,163.0,
2025-04-08 13:06:16,163.09,44.0,224.73,55.0,160.0,110.0,227.0,11.0,193.91,61.63999999999999,154.0,66.0,12.10346107524865,220,88.0,90.0,0.4,163.0,
2025-04-08 13:06:17,161.71,56.0,214.24,29.0,159.16,86.0,220.71,21.0,187.98,52.53,142.0,50.0,12.782416438218103,192,92.0,-28.0,0.48,164.0,5.0
2025-04-08 13:06:18,160.0,88.0,210.15,27.0,158.0,90.0,211.97,30.0,185.07,50.150000000000006,178.0,57.0,9.816754555350524,235,121.0,43.0,0.51,160.0,2.0
2025-04-08 13:06:19,160.0,84.0,206.4,40.0,158.0,64.0,207.06,36.0,183.2,46.400000000000006,148.0,76.0,6.005694797437608,224,72.0,-11.0,0.32,160.0,
2025-04-08 13:06:20,160.0,119.0,200.42,67.0,158.0,95.0,201.84,50.0,180.21,40.41999999999999,214.0,117.0,5.212727692864115,331,97.0,107.0,0.29,160.0,
2025-04-08 13:06:21,160.0,91.0,197.02,61.0,158.09,53.0,198.2,40.0,178.51,37.02000000000001,144.0,101.0,3.77721193473936,245,43.0,-86.0,0.18,160.0,
2025-04-08 13:06:22,160.56,43.0,190.67,36.0,159.85,33.0,195.71,42.0,175.61,30.109999999999985,76.0,78.0,3.7459711691262862,154,-2.0,-91.0,-0.01,160.0,
2025-04-08 13:06:23,163.0,24.0,191.38,48.0,160.0,84.0,192.55,40.0,177.19,28.379999999999995,108.0,88.0,2.9196198382525176,196,20.0,42.0,0.1,160.0,
2025-04-08 13:06:24,163.0,18.0,185.69,29.0,160.0,63.0,188.52,21.0,174.34,22.69,81.0,50.0,2.317330360546156,131,31.0,-65.0,0.24,160.0,
2025-04-08 13:06:25,163.0,26.0,178.47,62.0,160.0,91.0,180.15,47.0,170.73,15.47,117.0,109.0,2.990648759032012,226,8.0,95.0,0.04,160.0,
2025-04-08 13:06:26,163.0,22.0,174.61,51.0,160.1,59.0,175.92,48.0,168.8,11.610000000000014,81.0,99.0,3.4784666161816484,180,-18.0,-46.0,-0.1,160.0,
2025-04-08 13:06:27,162.4,15.0,172.56,36.0,160.09,66.0,173.76,51.0,167.48,10.159999999999997,81.0,87.0,4.008387456307365,168,-6.0,-12.0,-0.04,163.0,2.0
2025-04-08 13:06:28,162.0,16.0,169.46,76.0,160.0,112.0,170.75,20.0,165.73,7.460000000000008,128.0,96.0,3.304788949368928,224,32.0,56.0,0.14,163.0,
2025-04-08 13:06:29,160.55,33.0,166.96,23.0,159.27,99.0,168.03,67.0,163.75,6.409999999999997,132.0,90.0,2.697901035964924,222,42.0,-2.0,0.19,160.5,4.0
2025-04-08 13:06:30,160.0,48.0,163.57,30.0,158.0,62.0,166.91,35.0,161.78,3.569999999999993,110.0,65.0,2.817972675497736,175,45.0,-47.0,0.26,160.5,
2025-04-08 13:06:31,158.09,65.0,160.23,62.0,156.19,31.0,325.54,39.0,159.16,2.1399999999999864,96.0,101.0,3.2648813148171945,197,-5.0,22.0,-0.03,160.0,7.0
2025-04-08 13:06:32,158.49,49.0,356.0,46.0,157.6,50.0,378.28,36.0,257.24,197.51,99.0,82.0,42.39177950971072,181,17.0,-16.0,0.09,160.0,
2025-04-08 13:06:33,159.0,29.0,234.49,39.0,158.0,55.0,252.5,40.0,196.74,75.49000000000001,84.0,79.0,41.76573930867213,163,5.0,-18.0,0.03,159.0,1.0
2025-04-08 13:06:34,158.65,37.0,195.61,57.0,157.21,53.0,200.74,54.0,177.13,36.96000000000001,90.0,111.0,40.24585568726268,201,-21.0,38.0,-0.1,158.0,8.0
2025-04-08 13:06:35,164.0,12.0,185.17,48.0,156.0,12.0,186.83,48.0,174.58,21.169999999999987,24.0,96.0,38.33099137773488,120,-72.0,-81.0,-0.6,158.0,
2025-04-08 13:06:36,164.0,10.0,182.54,37.0,158.0,10.0,183.76,34.0,173.27,18.539999999999992,20.0,71.0,35.64482809609269,91,-51.0,-29.0,-0.56,158.0,
2025-04-08 13:06:37,164.0,11.0,177.66,29.0,160.0,11.0,178.26,38.0,170.83,13.659999999999997,22.0,67.0,10.44176948605528,89,-45.0,-2.0,-0.51,158.0,
2025-04-08 13:06:38,159.97,31.0,172.09,44.0,158.73,11.0,174.0,11.0,166.03,12.120000000000005,42.0,55.0,4.210667405517283,97,-13.0,8.0,-0.13,160.5,4.0
2025-04-08 13:06:39,159.57,44.0,168.78,36.0,158.42,12.0,170.33,36.0,164.17,9.210000000000008,56.0,72.0,4.523746235132269,128,-16.0,31.0,-0.12,159.0,4.0
2025-04-08 13:06:40,160.53,49.0,166.2,49.0,158.69,13.0,167.05,37.0,163.37,5.669999999999988,62.0,86.0,4.320958227044404,148,-24.0,20.0,-0.16,161.0,5.0
2025-04-08 13:06:41,158.8,10.0,161.13,38.0,157.33,12.0,162.6,30.0,159.97,2.329999999999984,22.0,68.0,3.98801705109822,90,-46.0,-58.0,-0.51,159.0,1.0
2025-04-08 13:06:42,159.62,85.0,161.0,45.0,153.26,38.0,164.78,27.0,160.31,1.3799999999999957,123.0,72.0,2.590328164507393,195,51.0,105.0,0.26,157.78,9.0
2025-04-08 13:06:43,160.42,64.0,163.18,44.0,156.74,43.0,259.14,28.0,161.8,2.7600000000000198,107.0,72.0,1.84214005977729,179,35.0,-16.0,0.2,160.0,5.0
2025-04-08 13:06:44,163.0,33.0,164.55,44.0,159.82,55.0,450.96,23.0,163.77,1.5500000000000114,88.0,67.0,1.7251898445782488,155,21.0,-24.0,0.14,160.0,
2025-04-08 13:06:45,163.0,27.0,164.0,36.0,159.0,45.0,491.58,31.0,163.5,1.0,72.0,67.0,1.7546652101857063,139,5.0,-16.0,0.04,160.0,
2025-04-08 13:06:46,163.0,13.0,164.0,36.0,159.0,45.0,337.22,27.0,163.5,1.0,58.0,63.0,1.4891373341096985,121,-5.0,-18.0,-0.04,163.0,2.0
2025-04-08 13:06:47,163.0,5.0,164.0,20.0,159.0,25.0,219.6,15.0,163.5,1.0,30.0,35.0,0.7990494351680001,65,-5.0,-56.0,-0.08,163.0,
2025-04-08 13:06:48,163.0,6.0,164.0,24.0,159.0,30.0,259.5,20.0,163.5,1.0,36.0,44.0,0.1207476701385128,80,-8.0,15.0,-0.1,163.0,
2025-04-08 13:06:49,163.58,12.0,241.68,41.0,161.75,12.0,320.04,51.0,202.63,78.1,24.0,92.0,17.499467991909917,116,-68.0,36.0,-0.59,164.0,4.0
2025-04-08 13:06:50,164.33,9.0,292.0,18.0,163.0,9.0,350.0,45.0,228.17,127.67,18.0,63.0,29.82648906592828,81,-45.0,-35.0,-0.56,164.0,
2025-04-08 13:06:51,161.11,9.0,313.78,45.0,159.22,37.0,492.0,27.0,237.44,152.66999999999996,46.0,72.0,34.86469518008163,118,-26.0,37.0,-0.22,164.0,2.0
2025-04-08 13:06:55,158.52,25.0,404.0,24.0,155.91,46.0,526.12,24.0,281.26,245.48,71.0,48.0,66.04741539228165,119,23.0,-12.0,0.19,157.8,5.0
2025-04-08 13:06:56,156.67,54.0,258.29,42.0,154.85,40.0,432.21,58.0,207.48,101.62000000000003,94.0,100.0,76.79733667257331,194,-6.0,75.0,-0.03,162.0,3.0
2025-04-08 13:06:57,132.22,63.0,393.17,48.0,121.44,41.0,461.98,43.0,262.69,260.95000000000005,104.0,91.0,67.1546194985903,195,13.0,1.0,0.07,155.33,6.0
2025-04-08 13:06:58,145.45,71.0,436.8,50.0,128.85,59.0,453.58,48.0,291.13,291.35,130.0,98.0,54.24782050921838,228,32.0,33.0,0.14,155.33,
2025-04-08 13:06:59,155.0,77.0,429.61,36.0,121.76,34.0,445.5,32.0,292.31,274.61,111.0,68.0,35.31077640041794,179,43.0,-49.0,0.24,155.33,
2025-04-08 13:07:00,161.97,124.0,372.23,39.0,146.58,76.0,436.49,43.0,267.1,210.26,200.0,82.0,34.43555096118399,282,118.0,103.0,0.42,155.33,
2025-04-08 13:07:01,164.0,108.0,272.09,33.0,155.0,63.0,339.62,26.0,218.05,108.08999999999996,171.0,59.0,30.144543121439234,230,112.0,-52.0,0.49,155.33,
2025-04-08 13:07:02,164.0,45.0,210.16,32.0,155.05,59.0,222.46,39.0,187.08,46.16,104.0,71.0,46.764094452905205,175,33.0,-55.0,0.19,164.0,8.0
2025-04-08 13:07:03,164.0,52.0,172.29,42.0,156.11,35.0,198.84,51.0,168.14,8.289999999999992,87.0,93.0,52.465555653210494,180,-6.0,5.0,-0.03,164.0,
2025-04-08 13:07:04,164.0,24.0,170.43,28.0,158.0,8.0,171.57,28.0,167.21,6.430000000000007,32.0,56.0,42.05321426478616,88,-24.0,-92.0,-0.27,164.0,2.0
2025-04-08 13:07:05,163.62,26.0,167.15,39.0,158.86,14.0,168.48,42.0,165.38,3.530000000000001,40.0,81.0,22.411208579635318,121,-41.0,33.0,-0.34,164.0,2.0
2025-04-08 13:07:06,158.25,12.0,163.58,48.0,156.2,30.0,165.0,24.0,160.92,5.3300000000000125,42.0,72.0,10.080157736854437,114,-30.0,-7.0,-0.26,159.0,1.0
2025-04-08 13:07:07,158.0,8.0,161.0,8.0,156.0,24.0,162.0,32.0,159.5,3.0,32.0,40.0,3.834709897742006,72,-8.0,-42.0,-0.11,159.0,
2025-04-08 13:07:08,156.12,32.0,159.32,31.0,155.1,78.0,160.39,33.0,157.72,3.1999999999999886,110.0,64.0,4.006142783255589,174,46.0,102.0,0.26,157.0,2.0
2025-04-08 13:07:09,156.0,20.0,158.2,10.0,155.0,49.0,159.08,25.0,157.1,2.1999999999999886,69.0,35.0,3.300466633647639,104,34.0,-70.0,0.33,157.0,2.0
2025-04-08 13:07:10,156.0,24.0,158.42,24.0,154.83,59.0,159.22,36.0,157.21,2.4199999999999875,83.0,60.0,1.6649624619833587,143,23.0,39.0,0.16,157.0,
2025-04-08 13:07:11,156.0,24.0,157.0,12.0,154.92,96.0,159.0,48.0,156.5,1.0,120.0,60.0,1.1441503396885937,180,60.0,37.0,0.33,157.0,
2025-04-08 13:07:12,156.0,11.0,158.68,19.0,155.0,88.0,216.8,25.0,157.34,2.680000000000007,99.0,44.0,0.4434861889704095,143,55.0,-37.0,0.38,157.5,2.0
2025-04-08 13:07:13,155.11,61.0,232.44,32.0,154.87,89.0,367.79,57.0,193.78,77.32999999999998,150.0,89.0,16.434895192846266,239,61.0,96.0,0.26,157.17,6.0
2025-04-08 13:07:14,155.0,99.0,219.17,12.0,154.0,22.0,348.92,25.0,187.08,64.16999999999999,121.0,37.0,18.45667142254717,158,84.0,-81.0,0.53,157.17,
2025-04-08 13:07:15,158.94,32.0,208.92,25.0,154.94,67.0,253.2,15.0,183.93,49.97999999999999,99.0,40.0,17.534608065191954,139,59.0,-19.0,0.42,157.17,
2025-04-08 13:07:16,164.0,20.0,205.22,32.0,155.0,90.0,207.16,38.0,184.61,41.22,110.0,70.0,13.974099971014994,180,40.0,41.0,0.22,157.17,
2025-04-08 13:07:17,158.03,39.0,197.9,42.0,159.97,35.0,203.57,46.0,177.97,39.870000000000005,74.0,88.0,5.7229651405491575,162,-14.0,-18.0,-0.09,164.33,3.0
2025-04-08 13:07:18,155.1,73.0,173.33,42.0,154.26,27.0,196.91,35.0,164.21,18.230000000000015,100.0,77.0,9.210054288651776,177,23.0,15.0,0.13,155.0,2.0
2025-04-08 13:07:19,162.0,14.0,169.9,52.0,156.71,98.0,171.7,46.0,165.95,7.900000000000006,112.0,98.0,9.729937307089555,210,14.0,33.0,0.07,155.0,
2025-04-08 13:07:20,162.0,10.0,166.88,32.0,159.0,70.0,168.18,34.0,164.44,4.879999999999996,80.0,66.0,9.320712419116626,146,14.0,-64.0,0.1,155.0,
2025-04-08 13:07:21,159.38,63.0,164.56,54.0,157.0,112.0,165.42,57.0,161.97,5.180000000000007,175.0,111.0,6.345070527571273,286,64.0,140.0,0.22,160.5,2.0
2025-04-08 13:07:22,159.0,93.0,161.91,64.0,155.0,133.0,163.17,69.0,160.45,2.9099999999999966,226.0,133.0,2.178733577066533,359,93.0,73.0,0.26,159.0,3.0
2025-04-08 13:07:23,155.22,89.0,159.51,55.0,154.37,38.0,160.49,43.0,157.37,4.289999999999992,127.0,98.0,3.3686020839260165,225,29.0,-134.0,0.13,159.0,3.0
2025-04-08 13:07:24,155.0,76.0,157.26,46.0,154.0,26.0,159.0,39.0,156.13,2.259999999999991,102.0,85.0,3.3787897241203937,187,17.0,-38.0,0.09,155.33,6.0
2025-04-08 13:07:25,156.0,90.0,158.33,18.0,155.0,14.0,234.38,26.0,157.17,2.3300000000000125,104.0,44.0,2.4716634074676858,148,60.0,-39.0,0.41,156.0,3.0
2025-04-08 13:07:26,156.0,133.0,158.53,17.0,155.0,28.0,213.44,27.0,157.26,2.530000000000001,161.0,44.0,1.6284900981615875,205,117.0,57.0,0.57,156.0,
2025-04-08 13:07:27,156.0,266.0,215.36,36.0,155.0,44.0,269.05,39.0,185.68,59.360000000000014,310.0,75.0,12.84354195694608,385,235.0,168.0,0.61,158.2,5.0
2025-04-08 13:07:28,156.0,168.0,339.17,24.0,155.0,18.0,372.92,38.0,247.58,183.17,186.0,62.0,39.38430436100047,248,124.0,-137.0,0.5,156.0,1.0
2025-04-08 13:07:29,157.54,156.0,274.5,24.0,155.84,107.0,349.49,39.0,216.02,116.96,263.0,63.0,39.125704083121335,326,200.0,78.0,0.61,156.0,
2025-04-08 13:07:30,164.0,27.0,220.0,16.0,156.0,144.0,242.0,16.0,192.0,56.0,171.0,32.0,33.96998851927992,203,139.0,-123.0,0.68,164.0,3.0
2025-04-08 13:07:31,164.0,15.0,219.43,14.0,156.0,90.0,233.2,10.0,191.71,55.43000000000001,105.0,24.0,25.693458700611757,129,81.0,-74.0,0.63,164.0,
2025-04-08 13:07:32,164.0,39.0,218.15,52.0,156.14,208.0,296.31,26.0,191.08,54.150000000000006,247.0,78.0,24.68820001539292,325,169.0,168.0,0.52,164.0,
2025-04-08 13:07:33,164.0,33.0,209.62,32.0,159.33,45.0,254.94,34.0,186.81,45.620000000000005,78.0,66.0,11.648327347734927,144,12.0,-168.0,0.08,164.0,
2025-04-08 13:07:34,164.0,33.0,195.0,22.0,160.0,33.0,216.0,42.0,179.5,31.0,66.0,64.0,5.307414624839004,130,2.0,-14.0,0.02,164.0,
2025-04-08 13:07:35,164.0,27.0,193.22,18.0,160.0,27.0,217.0,36.0,178.61,29.22,54.0,54.0,6.222537263845217,108,0.0,-22.0,0.0,164.0,
2025-04-08 13:07:36,164.0,19.0,192.0,14.0,160.0,21.0,207.56,18.0,178.0,28.0,40.0,32.0,5.83362237378539,72,8.0,-36.0,0.11,164.0,2.0
2025-04-08 13:07:37,164.0,7.0,191.29,14.0,160.0,21.0,210.2,20.0,177.64,27.289999999999992,28.0,34.0,3.81002230963506,62,-6.0,-10.0,-0.1,164.0,
2025-04-08 13:07:38,162.83,18.0,188.32,38.0,160.29,34.0,192.22,46.0,175.57,25.48999999999998,52.0,84.0,1.463225888202596,136,-32.0,74.0,-0.24,161.8,5.0
2025-04-08 13:07:39,159.0,80.0,185.19,64.0,158.0,48.0,187.0,32.0,172.09,26.19,128.0,96.0,2.657305025754332,224,32.0,88.0,0.14,161.8,
2025-04-08 13:07:40,159.0,50.0,183.43,28.0,158.0,30.0,184.75,32.0,171.21,24.430000000000007,80.0,60.0,3.1256471329777757,140,20.0,-84.0,0.14,161.8,
2025-04-08 13:07:41,159.0,60.0,179.06,36.0,158.0,36.0,182.67,36.0,169.03,20.06,96.0,72.0,3.4593814475833247,168,24.0,28.0,0.14,161.8,
2025-04-08 13:07:42,159.0,28.0,163.6,30.0,158.0,36.0,176.92,26.0,161.3,4.599999999999994,64.0,56.0,5.323532661670085,120,8.0,-48.0,0.07,160.0,10.0
2025-04-08 13:07:43,161.54,13.0,163.0,13.0,158.65,17.0,195.44,27.0,162.27,1.460000000000008,30.0,40.0,5.060978166308918,70,-10.0,-50.0,-0.14,160.0,
2025-04-08 13:07:44,160.22,27.0,289.67,15.0,159.53,15.0,454.25,24.0,224.94,129.45000000000002,42.0,39.0,26.720493071796145,81,3.0,11.0,0.04,162.0,1.0
2025-04-08 13:07:45,160.0,36.0,237.06,34.0,159.0,9.0,394.91,22.0,198.53,77.06,45.0,56.0,27.8195044887563,101,-11.0,20.0,-0.11,162.0,
2025-04-08 13:07:46,159.92,24.0,237.0,32.0,158.5,12.0,498.0,24.0,198.46,77.08000000000001,36.0,56.0,27.1741099210252,92,-20.0,-9.0,-0.22,160.0,4.0
2025-04-08 13:07:47,158.05,19.0,235.86,28.0,156.05,111.0,434.47,17.0,196.95,77.81,130.0,45.0,22.29533022854773,175,85.0,83.0,0.49,159.0,1.0
2025-04-08 13:07:48,157.01,101.0,234.98,45.0,155.91,116.0,343.31,26.0,195.99,77.97,217.0,71.0,12.325738517428745,288,146.0,113.0,0.51,156.75,8.0
2025-04-08 13:07:49,163.0,27.0,234.0,9.0,156.0,117.0,235.0,36.0,198.5,71.0,144.0,45.0,1.1610469413427036,189,99.0,-99.0,0.52,156.75,
2025-04-08 13:07:50,156.16,134.0,232.86,56.0,155.33,39.0,234.0,36.0,194.51,76.70000000000002,173.0,92.0,1.6981372147142215,265,81.0,76.0,0.31,160.2,5.0
2025-04-08 13:07:51,156.0,83.0,230.6,40.0,155.0,20.0,234.0,16.0,193.3,74.6,103.0,56.0,2.034096851182952,159,47.0,-106.0,0.3,160.2,
2025-04-08 13:07:52,157.1,67.0,228.89,38.0,156.58,31.0,231.18,17.0,193.0,71.78999999999999,98.0,55.0,2.255116404975276,153,43.0,-6.0,0.28,160.2,
2025-04-08 13:07:53,162.0,56.0,224.96,24.0,159.0,28.0,226.77,44.0,193.48,62.96000000000001,84.0,68.0,2.275614202800247,152,16.0,-1.0,0.11,160.2,
2025-04-08 13:07:54,163.29,68.0,202.18,44.0,159.0,34.0,205.5,56.0,182.74,38.890000000000015,102.0,100.0,4.877599819580428,202,2.0,50.0,0.01,160.2,
2025-04-08 13:07:55,164.67,60.0,196.58,65.0,159.0,38.0,197.38,26.0,180.63,31.910000000000025,98.0,91.0,6.38592984615066,189,7.0,-13.0,0.04,160.2,
2025-04-08 13:07:56,165.0,56.0,193.14,21.0,159.0,140.0,194.02,48.0,179.07,28.139999999999983,196.0,69.0,6.931928303145107,265,127.0,76.0,0.48,160.2,
2025-04-08 13:07:57,165.0,30.0,190.47,17.0,159.0,150.0,191.94,67.0,177.74,25.47,180.0,84.0,6.290236084594088,264,96.0,-1.0,0.36,165.0,3.0
2025-04-08 13:07:58,162.94,36.0,187.0,26.0,158.98,127.0,187.38,53.0,174.97,24.06,163.0,79.0,2.9357026416025254,242,84.0,-22.0,0.35,161.0,3.0
2025-04-08 13:07:59,159.56,71.0,183.8,25.0,158.54,59.0,185.14,43.0,171.68,24.24000000000001,130.0,68.0,3.544964033654153,198,62.0,-44.0,0.31,162.33,3.0
2025-04-08 13:08:00,159.0,84.0,179.83,30.0,158.0,36.0,182.47,47.0,169.42,20.830000000000013,120.0,77.0,4.041451471920813,197,43.0,-1.0,0.22,162.33,
2025-04-08 13:08:01,159.0,105.0,176.75,48.0,158.0,45.0,177.42,55.0,167.88,17.75,150.0,103.0,4.0289725737314495,253,47.0,56.0,0.19,162.33,
2025-04-08 13:08:02,159.0,122.0,168.74,42.0,158.0,42.0,170.37,49.0,163.87,9.740000000000007,164.0,91.0,4.152725610953239,255,73.0,2.0,0.29,162.33,
2025-04-08 13:08:03,160.57,46.0,163.87,31.0,158.94,94.0,165.12,25.0,162.22,3.300000000000012,140.0,56.0,3.9108029865815057,196,84.0,-59.0,0.43,162.0,3.0
2025-04-08 13:08:04,159.0,112.0,161.76,33.0,158.0,104.0,162.29,58.0,160.38,2.759999999999991,216.0,91.0,3.803876969598799,307,125.0,111.0,0.41,159.25,8.0
2025-04-08 13:08:05,158.59,51.0,160.3,20.0,157.02,55.0,281.35,26.0,159.44,1.710000000000008,106.0,46.0,3.332599585884084,152,60.0,-155.0,0.39,159.0,1.0
2025-04-08 13:08:06,158.79,87.0,160.47,38.0,156.95,57.0,291.55,29.0,159.63,1.6800000000000068,144.0,67.0,1.8948535563011115,211,77.0,59.0,0.36,160.25,8.0
2025-04-08 13:08:07,158.82,66.0,436.5,30.0,156.95,38.0,644.83,30.0,297.66,277.68,104.0,60.0,61.38653989271553,164,44.0,-47.0,0.27,160.25,
2025-04-08 13:08:08,159.82,51.0,300.71,28.0,158.0,24.0,422.91,22.0,230.27,140.89,75.0,50.0,61.82121504791069,125,25.0,-39.0,0.2,160.0,4.0
2025-04-08 13:08:09,160.0,5.0,300.0,10.0,158.0,15.0,473.0,25.0,230.0,140.0,20.0,35.0,57.97154258772217,55,-15.0,-70.0,-0.27,160.0,4.0
2025-04-08 13:08:10,160.0,8.0,297.86,21.0,158.0,24.0,307.68,25.0,228.93,137.86,32.0,46.0,48.8071876878821,78,-14.0,23.0,-0.18,160.0,
2025-04-08 13:08:11,160.89,9.0,295.78,27.0,156.0,81.0,304.74,31.0,228.33,134.89,90.0,58.0,30.54478302427788,148,32.0,70.0,0.22,160.0,
2025-04-08 13:08:12,162.65,26.0,293.18,33.0,158.45,38.0,294.55,33.0,227.92,130.53,64.0,66.0,1.023791971128576,130,-2.0,-18.0,-0.02,160.0,
2025-04-08 13:08:13,164.43,7.0,219.9,29.0,163.0,28.0,293.43,21.0,192.16,55.47,35.0,50.0,16.402367816876662,85,-15.0,-45.0,-0.18,160.0,
2025-04-08 13:08:14,165.0,9.0,221.14,37.0,163.0,36.0,293.44,27.0,193.07,56.13999999999999,45.0,64.0,19.602532234384327,109,-19.0,24.0,-0.17,160.0,
2025-04-08 13:08:15,158.67,51.0,273.47,38.0,156.67,90.0,291.33,36.0,216.07,114.80000000000004,141.0,74.0,17.940528141614575,215,67.0,106.0,0.31,162.83,6.0
2025-04-08 13:08:16,158.0,34.0,163.76,50.0,156.0,90.0,171.25,56.0,160.88,5.759999999999991,124.0,106.0,25.778063348514,230,18.0,15.0,0.08,158.0,2.0
2025-04-08 13:08:17,158.0,24.0,161.12,24.0,156.0,72.0,162.97,32.0,159.56,3.1200000000000045,96.0,56.0,24.0238312931126,152,40.0,-78.0,0.26,158.0,
2025-04-08 13:08:18,158.0,40.0,161.0,48.0,156.0,104.0,330.52,46.0,159.5,3.0,144.0,94.0,25.74703147937458,238,50.0,86.0,0.21,158.75,4.0
2025-04-08 13:08:19,158.0,30.0,160.2,45.0,156.0,60.0,244.39,51.0,159.1,2.1999999999999886,90.0,96.0,25.19151881089892,186,-6.0,-52.0,-0.03,158.75,
2025-04-08 13:08:20,158.71,21.0,323.86,28.0,155.92,48.0,368.22,36.0,241.29,165.15,69.0,64.0,36.467486614790126,133,5.0,-53.0,0.04,158.0,2.0
2025-04-08 13:08:21,163.0,9.0,299.05,21.0,157.23,13.0,300.26,27.0,231.02,136.05,22.0,48.0,42.204602592607856,70,-26.0,-63.0,-0.37,158.0,
2025-04-08 13:08:22,156.91,23.0,175.72,50.0,155.39,23.0,197.02,43.0,166.32,18.81,46.0,93.0,41.07509074852992,139,-47.0,69.0,-0.34,157.8,5.0
2025-04-08 13:08:23,156.38,32.0,166.88,42.0,155.12,34.0,168.65,34.0,161.63,10.5,66.0,76.0,40.66998856650897,142,-10.0,3.0,-0.07,162.0,1.0
2025-04-08 13:08:24,155.95,21.0,164.53,30.0,154.69,29.0,165.22,36.0,160.24,8.580000000000013,50.0,66.0,40.44289616236665,116,-16.0,-26.0,-0.14,155.67,3.0
2025-04-08 13:08:25,155.0,10.0,160.35,23.0,154.0,90.0,162.27,22.0,157.67,5.349999999999994,100.0,45.0,31.26427402003593,145,55.0,29.0,0.38,155.67,
2025-04-08 13:08:26,155.0,11.0,156.38,32.0,154.0,99.0,158.12,16.0,155.69,1.3799999999999957,110.0,48.0,4.067597571026774,158,62.0,13.0,0.39,156.0,4.0
2025-04-08 13:08:27,154.23,26.0,156.8,20.0,151.72,58.0,167.78,37.0,155.52,2.5700000000000216,84.0,57.0,2.7238483804743687,141,27.0,-17.0,0.19,154.2,5.0
2025-04-08 13:08:28,154.0,64.0,155.57,28.0,116.71,14.0,187.34,41.0,154.79,1.5699999999999932,78.0,69.0,2.207910777138985,147,9.0,6.0,0.06,154.0,4.0
2025-04-08 13:08:34,142.75,16.0,153.4,20.0,130.52,25.0,259.62,32.0,148.07,10.650000000000006,41.0,52.0,21.928210825320704,93,-11.0,-27.0,-0.12,152.8,5.0
2025-04-08 13:08:35,142.0,18.0,376.24,25.0,131.0,45.0,502.0,24.0,259.12,234.24,63.0,49.0,59.69555720486909,112,14.0,19.0,0.12,154.0,2.0
2025-04-08 13:08:36,133.46,26.0,358.8,30.0,129.12,51.0,582.36,33.0,246.13,225.34,77.0,63.0,69.59644078543032,140,14.0,28.0,0.1,154.0,
2025-04-08 13:08:37,137.58,12.0,276.77,26.0,126.19,42.0,563.54,28.0,207.18,139.18999999999997,54.0,54.0,61.02801922068252,108,0.0,-32.0,0.0,155.0,4.0
2025-04-08 13:08:38,143.77,31.0,234.0,36.0,140.89,19.0,419.44,43.0,188.89,90.23,50.0,79.0,44.74088253488147,129,-29.0,21.0,-0.22,155.0,
2025-04-08 13:08:39,146.4,30.0,176.94,17.0,145.76,37.0,270.7,40.0,161.67,30.539999999999992,67.0,57.0,40.22989149873605,124,10.0,-5.0,0.08,155.0,
2025-04-08 13:08:40,152.67,43.0,246.48,21.0,150.94,17.0,324.75,28.0,199.58,93.81,60.0,49.0,30.699943811023783,109,11.0,-15.0,0.1,153.0,2.0
2025-04-08 13:08:41,159.16,32.0,284.1,41.0,156.64,33.0,471.28,29.0,221.63,124.94000000000004,65.0,70.0,22.492144184136688,135,-5.0,26.0,-0.04,153.0,
2025-04-08 13:08:42,159.19,26.0,226.5,24.0,158.42,36.0,437.6,25.0,192.85,67.31,62.0,49.0,21.5721343403934,111,13.0,-24.0,0.12,160.0,1.0
2025-04-08 13:08:43,159.0,15.0,261.0,12.0,158.0,15.0,391.36,11.0,210.0,102.0,30.0,23.0,22.62530729073089,53,7.0,-58.0,0.13,160.0,
2025-04-08 13:08:44,159.0,15.0,204.0,15.0,158.0,5.0,400.8,10.0,181.5,45.0,20.0,25.0,15.45334170980566,45,-5.0,-8.0,-0.11,160.0,
2025-04-08 13:08:45,157.5,12.0,204.0,15.0,155.43,14.0,309.5,12.0,180.75,46.5,26.0,27.0,18.00398094866803,53,-1.0,8.0,-0.02,158.2,5.0
2025-04-08 13:08:46,160.74,76.0,205.12,49.0,155.27,44.0,208.33,36.0,182.93,44.38,120.0,85.0,12.401045520437568,205,35.0,152.0,0.17,158.2,
2025-04-08 13:08:47,162.0,50.0,203.0,15.0,156.0,10.0,204.0,25.0,182.5,41.0,60.0,40.0,12.586609154174717,100,20.0,-105.0,0.2,158.2,
2025-04-08 13:08:48,162.78,46.0,202.21,43.0,161.9,122.0,203.41,61.0,182.5,39.43000000000001,168.0,104.0,0.8903538621967491,272,64.0,168.0,0.24,158.2,
2025-04-08 13:08:49,163.0,30.0,199.0,40.0,162.0,100.0,201.25,40.0,181.0,36.0,130.0,80.0,0.9882965141738556,210,50.0,-62.0,0.24,158.2,
2025-04-08 13:08:50,163.0,24.0,196.21,28.0,162.0,80.0,197.5,36.0,179.61,33.21000000000001,104.0,64.0,1.3829931308314916,168,40.0,-42.0,0.24,158.2,
2025-04-08 13:08:51,163.64,25.0,193.58,48.0,162.44,54.0,194.57,37.0,178.61,29.940000000000023,79.0,85.0,1.7336752867601672,164,-6.0,-4.0,-0.04,158.2,
2025-04-08 13:08:52,162.28,58.0,191.13,38.0,158.27,37.0,192.42,38.0,176.7,28.849999999999994,95.0,76.0,2.220637295894456,171,19.0,7.0,0.11,163.4,5.0
2025-04-08 13:08:53,162.0,110.0,189.22,46.0,156.0,55.0,190.12,51.0,175.61,27.22,165.0,97.0,2.1735983989483616,262,68.0,91.0,0.26,163.4,
2025-04-08 13:08:54,162.0,160.0,185.07,61.0,156.0,80.0,185.99,73.0,173.53,23.069999999999997,240.0,134.0,2.4130105677149056,374,106.0,112.0,0.28,163.4,
2025-04-08 13:08:55,162.0,101.0,177.66,38.0,156.0,55.0,178.85,39.0,169.83,15.659999999999997,156.0,77.0,3.3570939813914134,233,79.0,-141.0,0.34,162.0,6.0
2025-04-08 13:08:56,162.0,40.0,174.14,36.0,156.0,55.0,175.07,44.0,168.07,12.139999999999986,95.0,80.0,3.7020021609778064,175,15.0,-58.0,0.09,162.0,2.0
2025-04-08 13:08:57,162.0,20.0,170.95,43.0,156.08,51.0,172.57,42.0,166.48,8.949999999999989,71.0,85.0,3.794704204529596,156,-14.0,-19.0,-0.09,159.2,5.0
2025-04-08 13:08:58,156.73,22.0,169.38,39.0,155.12,32.0,170.29,42.0,163.06,12.650000000000006,54.0,81.0,3.887818154165958,135,-27.0,-21.0,-0.2,156.0,1.0
2025-04-08 13:08:59,157.45,22.0,167.07,56.0,155.22,46.0,169.21,61.0,162.26,9.620000000000005,68.0,117.0,3.232545436625983,185,-49.0,50.0,-0.26,160.0,2.0
2025-04-08 13:09:00,156.0,12.0,165.38,29.0,155.0,24.0,166.6,25.0,160.69,9.379999999999995,36.0,54.0,3.0626736685194857,90,-18.0,-95.0,-0.2,160.0,
2025-04-08 13:09:01,156.0,22.0,162.54,37.0,155.0,44.0,163.95,44.0,159.27,6.539999999999992,66.0,81.0,2.7299761903419784,147,-15.0,57.0,-0.1,160.0,
2025-04-08 13:09:02,156.0,24.0,159.73,11.0,155.0,36.0,160.97,33.0,157.86,3.7299999999999898,60.0,44.0,2.126492417062856,104,16.0,-43.0,0.15,160.0,
2025-04-08 13:09:03,155.56,36.0,157.67,18.0,137.56,36.0,159.08,12.0,156.61,2.109999999999985,72.0,30.0,2.235904738538656,102,42.0,-2.0,0.41,156.71,7.0
2025-04-08 13:09:04,155.12,17.0,160.0,7.0,121.68,44.0,500.25,16.0,157.56,4.879999999999996,61.0,23.0,1.5970504061597912,84,38.0,-18.0,0.45,156.71,
2025-04-08 13:09:05,155.14,14.0,159.0,8.0,120.81,42.0,578.12,32.0,157.07,3.8600000000000136,56.0,40.0,1.0114000196814772,96,16.0,12.0,0.17,155.5,2.0
2025-04-08 13:09:07,159.6,15.0,407.14,29.0,158.75,24.0,498.45,22.0,283.37,247.54,39.0,51.0,96.97223844998184,90,-12.0,-3.0,-0.13,160.0,5.0
2025-04-08 13:09:08,158.0,18.0,258.17,18.0,155.0,12.0,260.0,24.0,208.08,100.17000000000002,30.0,42.0,90.48299867931094,72,-12.0,-18.0,-0.17,160.0,
2025-04-08 13:09:09,164.0,12.0,257.08,36.0,158.0,36.0,375.21,28.0,210.54,93.07999999999998,48.0,64.0,81.87503361831516,112,-16.0,40.0,-0.14,160.0,
2025-04-08 13:09:10,158.32,19.0,256.0,21.0,155.75,16.0,427.0,14.0,207.16,97.68,35.0,35.0,70.6696531758879,70,0.0,-42.0,0.0,164.0,1.0
2025-04-08 13:09:11,157.68,25.0,225.0,24.0,155.84,25.0,255.75,24.0,191.34,67.32,50.0,48.0,36.17163280804605,98,2.0,28.0,0.02,157.5,4.0
2025-04-08 13:09:12,155.4,15.0,187.62,29.0,135.33,63.0,192.87,38.0,171.51,32.22,78.0,67.0,16.49593828795457,145,11.0,47.0,0.08,155.67,3.0
2025-04-08 13:09:13,157.76,29.0,179.27,22.0,148.22,65.0,183.0,33.0,168.52,21.51000000000002,94.0,55.0,19.50160454936893,149,39.0,4.0,0.26,155.67,
2025-04-08 13:09:14,159.0,132.0,175.03,33.0,137.96,46.0,180.84,37.0,167.02,16.03,178.0,70.0,17.553145017344466,248,108.0,99.0,0.44,159.0,2.0
2025-04-08 13:09:15,159.0,97.0,171.74,31.0,155.0,26.0,172.94,34.0,165.37,12.740000000000007,123.0,65.0,10.633859600346636,188,58.0,-60.0,0.31,159.0,1.0
2025-04-08 13:09:16,159.53,68.0,169.23,26.0,156.22,49.0,170.12,34.0,164.38,9.699999999999989,117.0,60.0,2.8073207867748957,177,57.0,-11.0,0.32,159.0,2.0
2025-04-08 13:09:17,163.0,33.0,168.04,23.0,159.0,55.0,169.88,32.0,165.52,5.039999999999992,88.0,55.0,1.6210552118458792,143,33.0,-34.0,0.23,159.0,
2025-04-08 13:09:18,163.14,35.0,166.03,29.0,159.23,53.0,166.8,30.0,164.59,2.890000000000015,88.0,59.0,1.0408313983777089,147,29.0,4.0,0.2,159.0,
2025-04-08 13:09:19,162.57,69.0,165.14,42.0,160.27,52.0,217.81,42.0,163.85,2.569999999999993,121.0,84.0,0.6981189009372462,205,37.0,58.0,0.18,164.0,5.0
2025-04-08 13:09:20,163.0,53.0,164.9,30.0,159.0,50.0,263.9,30.0,163.95,1.9000000000000057,103.0,60.0,0.6669107885200579,163,43.0,-42.0,0.26,163.0,1.0
2025-04-08 13:09:21,162.33,45.0,256.78,27.0,158.87,63.0,451.14,21.0,209.56,94.44999999999996,108.0,48.0,20.17248695624535,156,60.0,-7.0,0.38,163.0,5.0
2025-04-08 13:09:22,164.0,126.0,393.82,38.0,159.0,70.0,424.67,46.0,278.91,229.82,196.0,84.0,50.26232903477516,280,112.0,124.0,0.4,163.0,
2025-04-08 13:09:23,164.0,81.0,350.09,35.0,159.0,45.0,358.82,17.0,257.04,186.09,126.0,52.0,52.68609180799135,178,74.0,-102.0,0.42,163.0,
2025-04-08 13:09:24,164.0,41.0,356.88,17.0,159.0,25.0,357.23,13.0,260.44,192.88,66.0,30.0,46.77375706526243,96,36.0,-82.0,0.38,164.0,4.0
2025-04-08 13:09:25,164.0,35.0,354.15,46.0,159.04,47.0,356.36,14.0,259.08,190.15,82.0,60.0,25.8215177710428,142,22.0,46.0,0.15,164.0,3.0
2025-04-08 13:09:26,164.0,26.0,243.83,29.0,160.0,26.0,332.87,55.0,203.91,79.83000000000001,52.0,84.0,28.21117207774738,136,-32.0,-6.0,-0.24,164.0,
2025-04-08 13:09:27,164.0,20.0,242.02,46.0,160.0,20.0,265.25,12.0,203.01,78.02000000000001,40.0,58.0,30.365966640306368,98,-18.0,-38.0,-0.18,164.0,
2025-04-08 13:09:28,164.0,28.0,240.85,62.0,160.0,28.0,241.36,58.0,202.43,76.85,56.0,120.0,31.033037717892608,176,-64.0,78.0,-0.36,164.0,
2025-04-08 13:09:29,164.0,22.0,223.41,39.0,160.0,22.0,231.14,35.0,193.71,59.41,44.0,74.0,26.40069923316577,118,-30.0,-58.0,-0.25,164.0,
2025-04-08 13:09:30,161.65,34.0,221.0,65.0,158.62,58.0,223.22,45.0,191.32,59.35,92.0,110.0,5.891577038451892,202,-18.0,84.0,-0.09,161.4,5.0
2025-04-08 13:09:31,160.7,20.0,218.0,41.0,158.88,52.0,218.85,65.0,189.35,57.30000000000001,72.0,106.0,6.360965335544548,178,-34.0,-24.0,-0.19,161.4,
2025-04-08 13:09:32,161.35,17.0,214.0,33.0,159.09,46.0,217.67,45.0,187.68,52.650000000000006,63.0,78.0,5.784122232455355,141,-15.0,-37.0,-0.11,162.0,3.0
2025-04-08 13:09:33,158.02,121.0,206.73,33.0,156.14,88.0,211.31,49.0,182.38,48.70999999999998,209.0,82.0,4.2776477180764445,291,127.0,150.0,0.44,159.4,5.0
2025-04-08 13:09:34,158.0,105.0,187.58,53.0,156.0,77.0,191.71,35.0,172.79,29.580000000000013,182.0,88.0,7.44240754057074,270,94.0,-21.0,0.35,158.0,1.0
2025-04-08 13:09:35,158.05,119.0,184.76,59.0,156.33,109.0,189.37,41.0,171.41,26.70999999999998,228.0,100.0,8.295105183174284,328,128.0,58.0,0.39,158.0,
2025-04-08 13:09:36,159.2,30.0,181.57,70.0,157.77,122.0,182.42,38.0,170.39,22.370000000000005,152.0,108.0,7.675392498101084,260,44.0,-68.0,0.17,158.0,
2025-04-08 13:09:37,158.0,135.0,179.44,73.0,156.0,105.0,181.87,75.0,168.72,21.44,240.0,148.0,5.375683212382204,388,92.0,128.0,0.24,158.0,
2025-04-08 13:09:38,159.0,35.0,179.41,32.0,158.0,108.0,180.08,60.0,169.2,20.41,143.0,92.0,1.6539860942205504,235,51.0,-153.0,0.22,159.0,1.0
2025-04-08 13:09:39,158.11,108.0,174.08,74.0,156.78,138.0,175.76,34.0,166.1,15.97,246.0,108.0,2.0083650066330985,354,138.0,119.0,0.39,158.67,3.0
2025-04-08 13:09:40,158.72,25.0,166.77,43.0,157.64,77.0,167.85,39.0,162.74,8.050000000000011,102.0,82.0,3.054652189670659,184,20.0,-168.0,0.11,158.67,
2025-04-08 13:09:41,163.45,44.0,165.0,70.0,158.26,50.0,166.0,70.0,164.23,1.5500000000000114,94.0,140.0,2.793424421718562,234,-46.0,50.0,-0.2,164.0,5.0
2025-04-08 13:09:42,158.09,44.0,164.5,20.0,156.67,84.0,166.77,52.0,161.3,6.409999999999997,128.0,72.0,3.075366644783399,200,56.0,-34.0,0.28,158.33,3.0
2025-04-08 13:09:43,158.0,45.0,162.02,41.0,156.0,91.0,163.29,45.0,160.01,4.02000000000001,136.0,86.0,2.394980166898514,222,50.0,22.0,0.23,158.0,4.0
2025-04-08 13:09:44,155.93,55.0,157.77,77.0,134.06,128.0,173.65,83.0,156.85,1.8400000000000036,183.0,160.0,2.81734449434713,343,23.0,121.0,0.07,156.5,4.0
2025-04-08 13:09:45,149.78,69.0,190.94,34.0,134.55,109.0,365.37,30.0,170.36,41.16,178.0,64.0,5.106921773420432,242,114.0,-101.0,0.47,155.0,6.0
2025-04-08 13:09:47,159.0,62.0,209.03,30.0,113.79,56.0,313.0,18.0,184.02,50.03,118.0,48.0,38.48475971082507,166,70.0,112.0,0.42,155.0,
2025-04-08 13:09:48,160.17,41.0,198.87,15.0,140.41,97.0,202.05,37.0,179.52,38.70000000000002,138.0,52.0,36.328074955879,190,86.0,24.0,0.45,155.0,
2025-04-08 13:09:49,162.0,16.0,195.64,14.0,159.0,40.0,200.17,18.0,178.82,33.639999999999986,56.0,32.0,32.730265810102814,88,24.0,-102.0,0.27,155.0,
2025-04-08 13:09:50,162.0,26.0,194.17,23.0,159.65,86.0,194.34,29.0,178.09,32.16999999999999,112.0,52.0,31.57641572439774,164,60.0,76.0,0.37,155.0,
2025-04-08 13:09:51,161.78,27.0,191.59,17.0,160.18,61.0,193.78,27.0,176.68,29.81,88.0,44.0,2.775172066722952,132,44.0,-32.0,0.33,162.0,5.0
2025-04-08 13:09:52,160.0,71.0,188.74,27.0,159.0,55.0,189.88,17.0,174.37,28.74000000000001,126.0,44.0,2.039615159756773,170,82.0,38.0,0.48,160.0,2.0
2025-04-08 13:09:53,160.0,55.0,184.47,17.0,159.0,55.0,185.85,13.0,172.24,24.47,110.0,30.0,2.7188876401760838,140,80.0,-30.0,0.57,160.0,
2025-04-08 13:09:54,160.0,34.0,182.88,8.0,159.0,40.0,184.0,24.0,171.44,22.879999999999995,74.0,32.0,2.8332013694573166,106,42.0,-34.0,0.4,160.0,2.0
2025-04-08 13:09:55,159.06,47.0,180.17,24.0,158.04,115.0,183.25,24.0,169.62,21.109999999999985,162.0,48.0,2.728112900868702,210,114.0,104.0,0.54,159.75,4.0
2025-04-08 13:09:56,159.0,32.0,178.52,21.0,158.0,110.0,179.43,23.0,168.76,19.52000000000001,142.0,44.0,2.2136576067400933,186,98.0,-24.0,0.53,159.0,3.0
2025-04-08 13:09:57,158.1,70.0,175.38,26.0,157.82,77.0,177.33,18.0,166.74,17.28,147.0,44.0,2.185909421698572,191,103.0,5.0,0.54,158.5,2.0
2025-04-08 13:09:58,158.56,71.0,173.67,21.0,157.82,79.0,174.67,27.0,166.12,15.109999999999983,150.0,48.0,2.1633954793020203,198,102.0,7.0,0.52,158.5,
2025-04-08 13:09:59,159.25,48.0,169.05,21.0,157.93,112.0,170.17,18.0,164.15,9.800000000000011,160.0,39.0,2.1734810787897496,199,121.0,1.0,0.61,163.0,1.0
2025-04-08 13:10:00,160.4,47.0,166.33,18.0,157.95,20.0,167.75,16.0,163.37,5.930000000000007,67.0,34.0,2.143074893663486,101,33.0,-98.0,0.33,163.0,
2025-04-08 13:10:01,162.0,40.0,164.58,26.0,159.0,10.0,165.19,16.0,163.29,2.5800000000000125,50.0,42.0,1.5993529941339557,92,8.0,-9.0,0.09,163.0,
2025-04-08 13:10:02,162.0,32.0,163.0,16.0,159.38,8.0,164.0,24.0,162.5,1.0,40.0,40.0,1.3786696485528829,80,0.0,-12.0,0.0,163.0,
2025-04-08 13:10:03,162.0,28.0,163.2,15.0,160.0,7.0,185.09,23.0,162.6,1.1999999999999886,35.0,38.0,0.6685581499296669,73,-3.0,-7.0,-0.04,163.0,2.0
2025-04-08 13:10:04,162.0,26.0,163.75,12.0,160.0,7.0,392.38,26.0,162.88,1.75,33.0,38.0,0.3935352586949544,71,-5.0,-2.0,-0.07,162.4,5.0
2025-04-08 13:10:05,159.18,11.0,161.56,16.0,158.09,89.0,370.61,28.0,160.37,2.3799999999999955,100.0,44.0,1.1366045925620252,144,56.0,73.0,0.39,159.25,4.0
2025-04-08 13:10:08,158.0,32.0,434.07,30.0,156.0,16.0,586.74,31.0,296.03,276.07,48.0,61.0,90.28025127346687,109,-13.0,64.0,-0.12,159.25,
2025-04-08 13:10:09,160.24,51.0,266.49,43.0,158.0,68.0,350.99,76.0,213.36,106.25,119.0,119.0,78.99595287101974,238,0.0,129.0,0.0,159.25,
2025-04-08 13:10:10,162.0,27.0,231.92,26.0,158.0,36.0,474.8,35.0,196.96,69.91999999999999,63.0,61.0,67.25712735465595,124,2.0,-114.0,0.02,159.25,
2025-04-08 13:10:11,162.0,21.0,370.5,16.0,158.0,28.0,555.77,26.0,266.25,208.5,49.0,42.0,59.01796887389756,91,7.0,-33.0,0.08,159.25,
2025-04-08 13:10:12,156.62,52.0,248.0,24.0,155.64,75.0,552.0,18.0,202.31,91.38,127.0,42.0,43.83260510168429,169,85.0,78.0,0.5,159.71,7.0
2025-04-08 13:10:13,157.61,23.0,411.44,25.0,156.43,63.0,649.85,47.0,284.52,253.83,86.0,72.0,39.95575115049383,158,14.0,-11.0,0.09,158.0,5.0
2025-04-08 13:10:14,158.0,5.0,282.0,5.0,157.0,15.0,403.43,14.0,220.0,124.0,20.0,19.0,39.25732504896628,39,1.0,-119.0,0.03,158.0,
2025-04-08 13:10:15,156.02,99.0,282.0,11.0,155.1,63.0,307.0,44.0,219.01,125.98,162.0,55.0,35.070270458042074,217,107.0,168.0,0.49,156.71,7.0
2025-04-08 13:10:16,156.0,67.0,281.12,8.0,155.0,48.0,343.0,20.0,218.56,125.12,115.0,28.0,31.95523509536692,143,87.0,-74.0,0.61,156.71,
2025-04-08 13:10:17,156.0,63.0,279.57,7.0,155.0,42.0,429.93,29.0,217.79,123.57,105.0,36.0,29.38386172714855,141,69.0,-2.0,0.49,156.71,
2025-04-08 13:10:18,156.18,89.0,266.12,16.0,155.4,90.0,552.45,60.0,211.15,109.94,179.0,76.0,3.530732218692022,255,103.0,114.0,0.4,156.71,
2025-04-08 13:10:19,156.33,48.0,229.56,27.0,155.55,66.0,402.5,12.0,192.94,73.22999999999999,114.0,39.0,11.063943691111326,153,75.0,-102.0,0.49,157.33,3.0
2025-04-08 13:10:20,156.12,75.0,393.81,16.0,155.31,78.0,575.5,32.0,274.97,237.69,153.0,48.0,30.78851685288105,201,105.0,48.0,0.52,157.33,
2025-04-08 13:10:21,159.0,6.0,244.56,18.0,156.0,48.0,281.33,24.0,201.78,85.56,54.0,42.0,32.282906157905344,96,12.0,-105.0,0.12,157.33,
2025-04-08 13:10:22,162.0,20.0,243.33,24.0,156.18,68.0,245.0,60.0,202.67,81.33000000000001,88.0,84.0,33.20459410985334,172,4.0,76.0,0.02,157.33,
2025-04-08 13:10:23,164.0,30.0,242.1,20.0,159.0,10.0,310.42,31.0,203.05,78.1,40.0,51.0,33.73651834437126,91,-11.0,-81.0,-0.12,157.33,
2025-04-08 13:10:24,164.0,41.0,241.77,26.0,159.0,13.0,508.88,52.0,202.88,77.77000000000001,54.0,78.0,32.37078389536016,132,-24.0,41.0,-0.18,164.0,2.0
2025-04-08 13:10:25,164.0,20.0,196.71,35.0,159.0,10.0,290.07,27.0,180.36,32.71000000000001,30.0,62.0,9.955830954772706,92,-32.0,-40.0,-0.35,164.0,
2025-04-08 13:10:26,164.0,22.0,240.45,22.0,159.0,61.0,364.94,49.0,202.23,76.44999999999999,83.0,71.0,9.998813429603077,154,12.0,62.0,0.08,164.0,
2025-04-08 13:10:27,160.82,33.0,236.9,40.0,156.92,117.0,336.03,59.0,198.86,76.08000000000001,150.0,99.0,9.717845954737443,249,51.0,95.0,0.2,160.43,7.0
2025-04-08 13:10:28,159.0,10.0,206.12,32.0,156.07,42.0,238.75,32.0,182.56,47.120000000000005,52.0,64.0,11.013578891531376,116,-12.0,-133.0,-0.1,160.43,
2025-04-08 13:10:29,156.3,20.0,235.5,28.0,139.33,36.0,237.21,38.0,195.9,79.19999999999999,56.0,66.0,9.89348371404018,122,-10.0,6.0,-0.08,156.4,5.0
2025-04-08 13:10:30,158.78,45.0,233.45,44.0,140.18,44.0,235.0,22.0,196.12,74.66999999999999,89.0,66.0,7.481656233748978,155,23.0,33.0,0.15,156.4,
2025-04-08 13:10:31,162.0,49.0,232.12,34.0,160.0,40.0,233.15,26.0,197.06,70.12,89.0,60.0,6.555745571633297,149,29.0,-6.0,0.19,162.0,1.0
2025-04-08 13:10:32,162.92,52.0,229.22,36.0,160.0,52.0,230.38,42.0,196.07,66.30000000000001,104.0,78.0,6.155844377499048,182,26.0,33.0,0.14,162.0,
2025-04-08 13:10:33,163.0,44.0,208.36,25.0,160.0,44.0,218.15,33.0,185.68,45.360000000000014,88.0,58.0,4.765435971659869,146,30.0,-36.0,0.21,163.0,1.0
2025-04-08 13:10:34,164.47,45.0,183.85,41.0,160.0,66.0,189.91,35.0,174.16,19.379999999999995,111.0,76.0,9.91898785158885,187,35.0,41.0,0.19,163.0,
2025-04-08 13:10:35,162.92,39.0,178.62,42.0,160.07,56.0,179.59,49.0,170.77,15.700000000000015,95.0,91.0,12.125715236634113,186,4.0,-1.0,0.02,164.75,4.0
2025-04-08 13:10:36,161.0,51.0,174.1,39.0,160.0,51.0,175.05,44.0,167.55,13.099999999999994,102.0,83.0,11.812596242990358,185,19.0,-1.0,0.1,164.75,
2025-04-08 13:10:37,161.0,42.0,168.62,29.0,160.0,42.0,169.94,31.0,164.81,7.620000000000003,84.0,60.0,8.109490119599231,144,24.0,-41.0,0.17,164.75,
2025-04-08 13:10:38,162.37,19.0,165.15,26.0,160.96,49.0,166.64,22.0,163.76,2.780000000000001,68.0,48.0,4.294013274298854,116,20.0,-28.0,0.17,163.0,4.0
2025-04-08 13:10:39,161.0,36.0,162.33,12.0,159.8,15.0,164.0,24.0,161.67,1.3300000000000125,51.0,36.0,3.5328204029984125,87,15.0,-29.0,0.17,163.0,
2025-04-08 13:10:40,160.21,33.0,164.55,22.0,156.67,36.0,259.0,34.0,162.38,4.340000000000003,69.0,56.0,2.311045218041622,125,13.0,38.0,0.1,161.0,6.0
2025-04-08 13:10:41,146.31,74.0,161.14,42.0,103.89,75.0,196.68,50.0,153.73,14.829999999999984,149.0,92.0,4.386781280143615,241,57.0,116.0,0.24,156.71,7.0
2025-04-08 13:10:48,125.08,53.0,318.0,28.0,124.76,71.0,412.91,53.0,221.54,192.92,124.0,81.0,41.29823119698681,205,43.0,51.0,0.21,156.71,
2025-04-08 13:10:49,163.0,39.0,190.15,52.0,159.12,68.0,192.0,13.0,176.58,27.15000000000001,107.0,65.0,39.68570309317734,172,42.0,-33.0,0.24,163.0,3.0
2025-04-08 13:10:50,160.0,13.0,189.06,51.0,159.0,156.0,191.5,16.0,174.53,29.06,169.0,67.0,33.86652373657321,236,102.0,64.0,0.43,163.0,
2025-04-08 13:10:51,160.0,10.0,187.23,39.0,159.0,120.0,326.81,31.0,173.62,27.22999999999999,130.0,70.0,22.828831989392835,200,60.0,-36.0,0.3,163.0,
2025-04-08 13:10:52,160.0,23.0,161.3,40.0,159.0,132.0,236.92,37.0,160.65,1.3000000000000114,155.0,77.0,23.30632167459986,232,78.0,32.0,0.34,163.0,
2025-04-08 13:10:53,160.0,30.0,161.0,31.0,159.0,120.0,368.47,19.0,160.5,1.0,150.0,50.0,7.924634376415086,200,100.0,-32.0,0.5,161.0,3.0
2025-04-08 13:10:54,160.0,20.0,213.04,23.0,159.0,108.0,303.71,35.0,186.52,53.03999999999999,128.0,58.0,10.925128374525864,186,70.0,-14.0,0.38,160.0,2.0
2025-04-08 13:10:55,160.0,8.0,262.26,31.0,159.0,96.0,434.25,32.0,211.13,102.26,104.0,63.0,21.186510566865618,167,41.0,-19.0,0.25,159.25,4.0
2025-04-08 13:10:56,159.0,81.0,377.78,36.0,157.0,18.0,529.45,22.0,268.39,218.78,99.0,58.0,44.8849436893933,157,41.0,-10.0,0.26,159.25,
2025-04-08 13:10:57,159.0,63.0,293.0,28.0,157.0,14.0,420.0,14.0,226.0,134.0,77.0,42.0,40.825663129949,119,35.0,-38.0,0.29,159.25,
2025-04-08 13:10:58,160.25,77.0,231.46,26.0,159.38,53.0,377.0,23.0,195.85,71.21000000000001,130.0,49.0,32.136705960631915,179,81.0,60.0,0.45,159.25,
2025-04-08 13:10:59,162.37,65.0,228.0,30.0,161.0,90.0,230.0,40.0,195.18,65.63,155.0,70.0,30.220619616416275,225,85.0,46.0,0.38,162.0,1.0
2025-04-08 13:11:00,163.17,36.0,227.38,8.0,161.0,54.0,228.42,19.0,195.27,64.21000000000001,90.0,27.0,32.06963002593119,117,63.0,-108.0,0.54,162.0,
2025-04-08 13:11:01,164.58,72.0,226.0,12.0,161.0,108.0,228.0,36.0,195.29,61.41999999999999,180.0,48.0,13.688410061071004,228,132.0,111.0,0.58,162.0,
2025-04-08 13:11:02,165.0,42.0,224.0,7.0,161.0,63.0,288.45,22.0,194.5,59.0,105.0,29.0,0.480697410016247,134,76.0,-94.0,0.57,162.0,
2025-04-08 13:11:03,165.0,34.0,224.0,9.0,161.0,81.0,245.0,18.0,194.5,59.0,115.0,27.0,0.4110596063770907,142,88.0,8.0,0.62,165.0,5.0
2025-04-08 13:11:04,165.0,10.0,238.15,13.0,161.0,90.0,321.7,23.0,201.58,73.15,100.0,36.0,3.017179146156509,136,64.0,-6.0,0.47,163.0,2.0
2025-04-08 13:11:05,161.0,112.0,243.1,10.0,159.0,90.0,431.55,22.0,202.05,82.1,202.0,32.0,3.8793594832148393,234,170.0,98.0,0.73,161.0,1.0
2025-04-08 13:11:06,161.14,84.0,243.0,10.0,159.94,102.0,331.94,34.0,202.07,81.86000000000001,186.0,44.0,4.057887381386526,230,142.0,-4.0,0.62,161.0,
2025-04-08 13:11:07,162.58,36.0,241.69,16.0,161.0,144.0,257.5,24.0,202.14,79.10999999999999,180.0,40.0,3.3435863978704106,220,140.0,-10.0,0.64,161.0,
2025-04-08 13:11:08,161.62,87.0,186.92,26.0,160.18,66.0,202.25,32.0,174.27,25.299999999999983,153.0,58.0,12.385332857860648,211,95.0,-9.0,0.45,163.8,5.0
2025-04-08 13:11:09,161.0,132.0,176.76,21.0,159.0,22.0,178.29,14.0,168.88,15.759999999999993,154.0,35.0,16.820260699524496,189,119.0,-22.0,0.63,163.8,
2025-04-08 13:11:10,161.0,66.0,175.22,18.0,159.0,16.0,176.8,10.0,168.11,14.22,82.0,28.0,17.51613342036228,110,54.0,-79.0,0.49,163.8,
2025-04-08 13:11:11,161.0,84.0,170.88,34.0,159.0,24.0,173.23,26.0,165.94,9.879999999999995,108.0,60.0,15.002962040873603,168,48.0,58.0,0.29,163.8,
2025-04-08 13:11:12,161.01,78.0,168.5,36.0,160.02,61.0,173.0,24.0,164.76,7.490000000000009,139.0,60.0,3.676692807382079,199,79.0,31.0,0.4,163.8,
2025-04-08 13:11:13,161.09,46.0,166.05,22.0,160.44,64.0,167.86,28.0,163.57,4.960000000000008,110.0,50.0,2.229073798653565,160,60.0,-39.0,0.38,163.8,
2025-04-08 13:11:14,161.52,46.0,165.0,20.0,160.25,48.0,167.0,93.0,163.26,3.4799999999999898,94.0,113.0,1.975087339799932,207,-19.0,47.0,-0.09,161.0,4.0
2025-04-08 13:11:15,162.0,24.0,164.42,19.0,160.33,36.0,166.59,29.0,163.21,2.4199999999999875,60.0,48.0,1.181977157068956,108,12.0,-99.0,0.11,163.0,3.0
2025-04-08 13:11:16,160.3,60.0,165.79,24.0,159.17,218.0,236.95,40.0,163.05,5.489999999999981,278.0,64.0,0.6914115994324722,342,214.0,168.0,0.63,161.0,5.0
2025-04-08 13:11:17,160.31,39.0,177.22,9.0,159.1,174.0,306.0,24.0,168.76,16.909999999999997,213.0,33.0,2.461310626441521,246,180.0,-96.0,0.73,161.0,
2025-04-08 13:11:18,160.2,51.0,176.36,14.0,159.34,179.0,302.57,47.0,168.28,16.160000000000025,230.0,61.0,2.9344283940554567,291,169.0,45.0,0.58,160.44,9.0
2025-04-08 13:11:19,159.42,66.0,176.0,9.0,158.9,192.0,238.0,27.0,167.71,16.580000000000013,258.0,36.0,2.8294292710445257,294,222.0,3.0,0.76,160.44,
2025-04-08 13:11:20,161.0,15.0,176.0,13.0,159.0,338.0,285.07,41.0,168.5,15.0,353.0,54.0,2.3850890968366643,407,299.0,113.0,0.73,161.0,1.0
2025-04-08 13:11:21,161.0,12.0,172.17,18.0,159.01,289.0,250.62,39.0,166.58,11.169999999999987,301.0,57.0,0.8661293205133265,358,244.0,-49.0,0.68,161.0,
2025-04-08 13:11:22,161.0,12.0,168.75,24.0,160.0,36.0,171.0,23.0,164.88,7.75,48.0,47.0,1.4902013286293756,95,1.0,-168.0,0.01,161.0,
2025-04-08 13:11:23,159.03,233.0,167.83,12.0,157.5,54.0,246.94,35.0,163.43,8.800000000000011,287.0,47.0,2.0692873168904278,334,240.0,168.0,0.72,159.62,8.0
2025-04-08 13:11:24,159.02,235.0,167.0,11.0,157.65,74.0,204.55,33.0,163.01,7.97999999999999,309.0,44.0,2.2800109648505136,353,265.0,19.0,0.75,159.62,
2025-04-08 13:11:25,160.0,65.0,166.0,13.0,159.0,312.0,193.74,38.0,163.0,6.0,377.0,51.0,1.547077890680598,428,326.0,75.0,0.76,159.62,
2025-04-08 13:11:26,160.0,55.0,163.09,11.0,159.0,264.0,233.89,27.0,161.55,3.0900000000000034,319.0,38.0,1.1906426835232111,357,281.0,-71.0,0.79,159.62,
2025-04-08 13:11:27,160.0,42.0,161.44,16.0,159.0,240.0,214.67,18.0,160.72,1.4399999999999975,282.0,34.0,1.1533733132957935,316,248.0,-41.0,0.78,160.0,4.0
2025-04-08 13:11:28,159.03,173.0,160.72,25.0,158.55,186.0,189.88,17.0,159.88,1.6899999999999975,359.0,42.0,1.385485474416497,401,317.0,85.0,0.79,159.5,2.0
2025-04-08 13:11:29,159.06,155.0,370.0,36.0,158.34,127.0,456.53,38.0,264.53,210.94,282.0,74.0,46.18580875117299,356,208.0,-45.0,0.58,159.5,4.0
2025-04-08 13:11:31,156.6,20.0,261.33,18.0,143.2,10.0,411.0,18.0,208.97,104.73,30.0,36.0,84.27372562074252,66,-6.0,-49.0,-0.09,158.0,2.0
2025-04-08 13:11:32,156.0,40.0,246.0,15.0,134.0,15.0,457.0,15.0,201.0,90.0,55.0,30.0,77.53866874018563,85,25.0,19.0,0.29,158.0,
2025-04-08 13:11:33,156.0,80.0,257.31,35.0,128.63,38.0,457.5,30.0,206.66,101.31,118.0,65.0,67.818154132948,183,53.0,98.0,0.29,158.0,
2025-04-08 13:11:34,156.0,64.0,258.72,25.0,132.0,40.0,428.4,30.0,207.36,102.72000000000004,104.0,55.0,69.21452174219098,159,49.0,-24.0,0.31,158.0,
2025-04-08 13:11:35,159.0,36.0,259.0,27.0,148.09,66.0,361.0,36.0,209.0,100.0,102.0,63.0,3.2908236051271893,165,39.0,6.0,0.24,158.0,
2025-04-08 13:11:36,165.0,24.0,231.15,39.0,159.08,105.0,260.6,45.0,198.08,66.15,129.0,84.0,4.651064394313456,213,45.0,48.0,0.21,158.0,
2025-04-08 13:11:37,163.43,46.0,257.0,27.0,160.43,87.0,261.0,36.0,210.22,93.57,133.0,63.0,4.782037222780729,196,70.0,-17.0,0.36,164.0,4.0
2025-04-08 13:11:38,163.18,44.0,256.78,27.0,158.33,72.0,260.03,37.0,209.98,93.59999999999997,116.0,64.0,5.072447141179887,180,52.0,-16.0,0.29,163.0,3.0
2025-04-08 13:11:39,163.82,22.0,254.2,30.0,162.89,57.0,256.0,20.0,209.01,90.38,79.0,50.0,5.160486411188948,129,29.0,-51.0,0.22,163.5,4.0
2025-04-08 13:11:40,163.0,44.0,251.97,33.0,161.0,33.0,252.96,28.0,207.48,88.97,77.0,61.0,5.076295893667362,138,16.0,9.0,0.12,163.5,
2025-04-08 13:11:41,163.0,20.0,248.09,22.0,161.0,30.0,249.0,25.0,205.55,85.09,50.0,47.0,1.945397131711748,97,3.0,-41.0,0.03,163.0,2.0
2025-04-08 13:11:42,163.14,14.0,247.0,16.0,161.36,22.0,248.0,24.0,205.07,83.86000000000001,36.0,40.0,2.127479729648836,76,-4.0,-21.0,-0.05,163.0,
2025-04-08 13:11:43,164.0,13.0,245.33,33.0,163.0,26.0,246.9,31.0,204.67,81.33000000000001,39.0,64.0,1.833924753107638,103,-25.0,27.0,-0.24,163.0,
2025-04-08 13:11:44,164.12,16.0,243.0,26.0,162.38,29.0,244.67,48.0,203.56,78.88,45.0,74.0,1.4393158097008985,119,-29.0,16.0,-0.24,165.0,1.0
2025-04-08 13:11:45,163.0,13.0,242.12,16.0,161.0,24.0,245.0,16.0,202.56,79.12,37.0,32.0,1.2109789428596804,69,5.0,-50.0,0.07,163.0,1.0
2025-04-08 13:11:46,160.6,20.0,239.12,16.0,160.2,20.0,241.0,16.0,199.86,78.52000000000001,40.0,32.0,2.0818813607031594,72,8.0,3.0,0.11,161.2,5.0
2025-04-08 13:11:47,160.0,60.0,173.06,33.0,159.0,30.0,177.97,33.0,166.53,13.060000000000002,90.0,66.0,16.256891769338957,156,24.0,84.0,0.15,161.2,
2025-04-08 13:11:48,159.89,38.0,161.83,24.0,158.0,36.0,164.92,24.0,160.86,1.940000000000026,74.0,48.0,21.115846656005814,122,26.0,-34.0,0.21,159.8,5.0
2025-04-08 13:11:49,159.0,7.0,160.86,14.0,157.0,42.0,167.0,14.0,159.93,1.8600000000000136,49.0,28.0,21.406220357641462,77,21.0,-45.0,0.27,159.0,1.0
2025-04-08 13:11:50,157.0,66.0,159.36,25.0,154.66,67.0,252.0,46.0,158.18,2.3600000000000136,133.0,71.0,17.49293771782929,204,62.0,127.0,0.3,159.0,
2025-04-08 13:11:51,161.67,54.0,455.59,27.0,150.8,20.0,506.34,35.0,308.63,293.92,74.0,62.0,65.92867987454302,136,12.0,-68.0,0.09,157.33,3.0
2025-04-08 13:11:52,164.0,82.0,247.8,50.0,157.0,55.0,513.0,40.0,205.9,83.80000000000001,137.0,90.0,64.63995242881927,227,47.0,91.0,0.21,164.0,1.0
2025-04-08 13:11:53,164.0,64.0,257.32,31.0,157.0,72.0,448.07,30.0,210.66,93.32,136.0,61.0,61.091042305726575,197,75.0,-30.0,0.38,164.0,
2025-04-08 13:11:54,164.0,96.0,269.26,46.0,159.75,40.0,462.67,57.0,216.63,105.26,136.0,103.0,54.71378208459124,239,33.0,42.0,0.14,164.0,4.0
2025-04-08 13:11:55,164.0,44.0,248.27,33.0,162.0,22.0,390.31,52.0,206.14,84.27000000000001,66.0,85.0,44.39804804268078,151,-19.0,-88.0,-0.13,164.0,
2025-04-08 13:11:56,164.0,40.0,350.77,26.0,162.0,20.0,364.84,43.0,257.38,186.77,60.0,69.0,21.705999631441383,129,-9.0,-22.0,-0.07,164.0,
2025-04-08 13:11:57,164.0,44.0,186.59,29.0,162.0,22.0,213.86,29.0,175.29,22.590000000000003,66.0,58.0,29.39854843355534,124,8.0,-5.0,0.06,164.0,
2025-04-08 13:11:58,163.91,44.0,187.77,22.0,162.17,24.0,314.78,54.0,175.84,23.860000000000014,68.0,76.0,33.931264786330324,144,-8.0,20.0,-0.06,164.0,4.0
2025-04-08 13:11:59,159.6,15.0,201.0,7.0,157.88,34.0,435.0,21.0,180.3,41.400000000000006,49.0,28.0,35.02657276982747,77,21.0,-67.0,0.27,160.33,9.0
2025-04-08 13:12:00,158.0,17.0,201.0,9.0,157.0,33.0,443.56,27.0,179.5,43.0,50.0,36.0,35.68698250062604,86,14.0,9.0,0.16,158.0,2.0
2025-04-08 13:12:01,158.0,10.0,199.8,10.0,157.0,30.0,351.4,10.0,178.9,41.80000000000001,40.0,20.0,2.255765945283399,60,20.0,-26.0,0.33,158.0,
2025-04-08 13:12:02,158.76,33.0,455.28,36.0,157.17,29.0,522.13,38.0,307.02,296.52,62.0,74.0,57.44033704636532,136,-12.0,76.0,-0.09,158.0,
2025-04-08 13:12:03,159.0,50.0,376.08,49.0,157.44,16.0,390.64,22.0,267.54,217.08,66.0,71.0,60.62779164706688,137,-5.0,1.0,-0.04,158.0,
2025-04-08 13:12:04,160.78,18.0,370.6,50.0,158.74,46.0,419.5,38.0,265.69,209.82,64.0,88.0,57.669757238957146,152,-24.0,15.0,-0.16,158.0,
2025-04-08 13:12:05,159.67,24.0,354.48,33.0,158.45,44.0,394.25,40.0,257.08,194.81000000000003,68.0,73.0,46.831725144396906,141,-5.0,-11.0,-0.04,158.0,
2025-04-08 13:12:06,159.54,28.0,374.19,26.0,158.14,35.0,375.62,32.0,266.86,214.65,63.0,58.0,19.5679769010605,121,5.0,-20.0,0.04,159.0,4.0
2025-04-08 13:12:07,160.0,34.0,281.36,28.0,159.0,12.0,353.88,33.0,220.68,121.36,46.0,61.0,19.95464607554687,107,-15.0,-14.0,-0.14,160.0,2.0
2025-04-08 13:12:08,160.64,14.0,178.68,40.0,159.0,14.0,196.98,55.0,169.66,18.04000000000002,28.0,95.0,41.57493211059069,123,-67.0,16.0,-0.54,160.0,
2025-04-08 13:12:09,162.38,13.0,174.98,41.0,159.0,13.0,178.76,63.0,168.68,12.599999999999994,26.0,104.0,46.58603352937566,130,-78.0,7.0,-0.6,160.0,
2025-04-08 13:12:10,162.6,10.0,171.17,42.0,158.4,20.0,172.95,38.0,166.88,8.569999999999993,30.0,80.0,44.401100436813614,110,-50.0,-20.0,-0.45,164.0,1.0
2025-04-08 13:12:11,162.4,70.0,165.55,38.0,161.05,22.0,168.75,36.0,163.98,3.1500000000000057,92.0,74.0,23.96983687887531,166,18.0,56.0,0.11,164.0,
2025-04-08 13:12:12,164.0,33.0,165.0,45.0,162.0,63.0,166.0,27.0,164.5,1.0,96.0,72.0,2.497238474760862,168,24.0,2.0,0.14,164.0,4.0
2025-04-08 13:12:13,162.21,75.0,165.75,51.0,160.49,37.0,191.26,38.0,163.98,3.539999999999992,112.0,89.0,2.0966353998297778,201,23.0,33.0,0.11,162.6,10.0
2025-04-08 13:12:14,160.0,8.0,304.9,10.0,156.0,83.0,439.56,25.0,232.45,144.89999999999998,91.0,35.0,30.2621334343746,126,56.0,-75.0,0.44,162.6,
2025-04-08 13:12:17,163.0,36.0,311.33,30.0,160.0,8.0,411.0,34.0,237.17,148.32999999999998,44.0,64.0,68.0617170662065,108,-20.0,-39.0,-0.19,163.0,4.0
2025-04-08 13:12:18,159.67,15.0,219.0,30.0,156.82,39.0,359.25,44.0,189.33,59.33000000000001,54.0,74.0,59.96380891838321,128,-20.0,20.0,-0.16,159.57,7.0
2025-04-08 13:12:19,159.25,16.0,219.0,33.0,156.12,83.0,323.61,46.0,189.12,59.75,99.0,79.0,67.74470658287865,178,20.0,50.0,0.11,159.57,
2025-04-08 13:12:20,162.7,20.0,168.0,28.0,159.85,13.0,271.86,21.0,165.35,5.300000000000011,33.0,49.0,58.98615430760108,82,-16.0,-96.0,-0.2,159.57,
2025-04-08 13:12:21,161.8,25.0,168.0,40.0,159.33,15.0,408.4,30.0,164.9,6.199999999999989,40.0,70.0,29.412808944402983,110,-30.0,28.0,-0.27,163.0,3.0
2025-04-08 13:12:23,156.41,39.0,306.78,37.0,155.93,59.0,493.21,29.0,231.6,150.36999999999998,98.0,66.0,63.55275721792168,164,32.0,90.0,0.2,156.67,3.0
2025-04-08 13:12:24,156.0,85.0,350.15,47.0,155.0,22.0,547.38,52.0,253.07,194.15,107.0,99.0,63.86893963422417,206,8.0,42.0,0.04,156.0,6.0
2025-04-08 13:12:27,162.0,21.0,323.56,25.0,160.0,7.0,466.5,24.0,242.78,161.56,28.0,49.0,58.4650722226571,77,-21.0,1.0,-0.27,156.0,
2025-04-08 13:12:28,162.0,12.0,283.8,15.0,160.0,4.0,401.64,14.0,222.9,121.8,16.0,29.0,60.53738406968457,45,-13.0,-32.0,-0.29,156.0,
2025-04-08 13:12:29,162.0,21.0,346.86,21.0,160.0,7.0,372.6,15.0,254.43,184.86,28.0,36.0,60.37171051080548,64,-8.0,19.0,-0.12,156.0,
2025-04-08 13:12:30,162.44,32.0,345.33,27.0,161.2,15.0,414.37,19.0,253.89,182.89,47.0,46.0,47.95551866052946,93,1.0,29.0,0.01,163.0,2.0
2025-04-08 13:12:31,163.85,39.0,273.4,30.0,161.86,29.0,451.03,39.0,218.62,109.54999999999998,68.0,69.0,16.93743575634281,137,-1.0,44.0,-0.01,165.0,4.0
2025-04-08 13:12:32,162.0,24.0,166.0,24.0,160.0,16.0,345.0,24.0,164.0,4.0,40.0,48.0,36.88482845290389,88,-8.0,-49.0,-0.09,165.0,
2025-04-08 13:12:33,162.0,27.0,165.23,31.0,160.0,60.0,276.76,29.0,163.61,3.2299999999999898,87.0,60.0,45.383237544274856,147,27.0,59.0,0.18,165.0,
2025-04-08 13:12:34,161.82,34.0,163.13,23.0,159.62,52.0,225.31,48.0,162.48,1.3100000000000025,86.0,71.0,41.830213363070136,157,15.0,10.0,0.1,162.07,14.0
2025-04-08 13:12:35,155.36,22.0,163.0,6.0,98.53,34.0,278.53,17.0,159.18,7.639999999999986,56.0,23.0,25.250489500202963,79,33.0,-78.0,0.42,159.0,2.0
2025-04-08 13:12:36,131.57,53.0,163.0,12.0,98.9,62.0,228.33,24.0,147.28,31.430000000000007,115.0,36.0,6.987002218389202,151,79.0,72.0,0.52,155.0,4.0
2025-04-08 13:12:37,146.58,62.0,162.0,16.0,127.77,65.0,300.38,32.0,154.29,15.419999999999987,127.0,48.0,6.701124532476934,175,79.0,24.0,0.45,155.0,
2025-04-08 13:12:38,158.98,98.0,162.0,13.0,157.79,67.0,375.85,26.0,160.49,3.0200000000000102,165.0,39.0,6.092161357002988,204,126.0,29.0,0.62,155.0,
2025-04-08 13:12:39,158.0,109.0,161.31,13.0,156.0,13.0,280.0,39.0,159.65,3.3100000000000023,122.0,52.0,5.531705885145846,174,70.0,-30.0,0.4,158.0,5.0
2025-04-08 13:12:40,158.0,60.0,355.82,17.0,156.0,10.0,376.47,34.0,256.91,197.82,70.0,51.0,45.68941978182556,121,19.0,-53.0,0.16,160.0,1.0
2025-04-08 13:12:42,161.25,85.0,197.0,60.0,158.31,65.0,365.76,51.0,179.12,35.75,150.0,111.0,70.27402699433199,261,39.0,97.0,0.15,164.0,1.0
2025-04-08 13:12:43,163.0,78.0,257.09,46.0,158.62,78.0,537.92,39.0,210.04,94.08999999999996,156.0,85.0,63.88678400107615,241,71.0,-20.0,0.29,164.0,
2025-04-08 13:12:44,163.0,51.0,312.0,28.0,159.0,72.0,346.71,42.0,237.5,149.0,123.0,70.0,52.5106705346661,193,53.0,-48.0,0.27,163.0,3.0
2025-04-08 13:12:45,159.55,44.0,274.71,17.0,158.4,40.0,311.85,34.0,217.13,115.15999999999995,84.0,51.0,52.39311710520957,135,33.0,-58.0,0.24,160.33,9.0
2025-04-08 13:12:46,158.14,85.0,224.26,57.0,156.44,18.0,243.08,53.0,191.2,66.12,103.0,110.0,22.74336650542425,213,-7.0,78.0,-0.03,158.0,2.0
2025-04-08 13:12:47,162.0,27.0,218.76,21.0,158.0,36.0,225.0,32.0,190.38,56.75999999999999,63.0,53.0,19.63835787432512,116,10.0,-97.0,0.09,158.0,
2025-04-08 13:12:48,162.0,39.0,217.18,34.0,158.74,70.0,218.77,31.0,189.59,55.18000000000001,109.0,65.0,21.476215914356125,174,44.0,58.0,0.25,158.0,
2025-04-08 13:12:49,160.11,110.0,210.25,12.0,158.9,58.0,216.97,37.0,185.18,50.13999999999999,168.0,49.0,12.754996275968931,217,119.0,43.0,0.55,162.0,3.0
2025-04-08 13:12:50,160.0,101.0,216.0,12.0,158.0,48.0,217.0,48.0,188.0,56.0,149.0,60.0,2.376993899854824,209,89.0,-8.0,0.43,160.0,5.0
2025-04-08 13:12:51,160.0,80.0,214.38,16.0,158.0,40.0,215.71,34.0,187.19,54.38,120.0,50.0,2.0480405269286908,170,70.0,-39.0,0.41,160.0,
2025-04-08 13:12:52,160.0,30.0,211.4,40.0,158.0,34.0,214.0,10.0,185.7,51.400000000000006,64.0,50.0,1.7790081506100126,114,14.0,-56.0,0.12,160.0,5.0
2025-04-08 13:12:53,160.71,42.0,209.62,29.0,159.32,40.0,210.49,41.0,185.17,48.91,82.0,70.0,1.2806131343741762,152,12.0,38.0,0.08,160.0,
2025-04-08 13:12:54,161.32,19.0,206.33,24.0,160.0,27.0,209.0,24.0,183.82,45.01000000000002,46.0,48.0,1.6541251463931133,94,-2.0,-58.0,-0.02,161.0,1.0
2025-04-08 13:12:55,162.6,20.0,194.41,22.0,160.0,30.0,196.9,31.0,178.5,31.81,50.0,53.0,3.342473634887594,103,-3.0,9.0,-0.03,161.0,
2025-04-08 13:12:56,164.25,24.0,173.57,42.0,160.0,36.0,182.56,27.0,168.91,9.319999999999991,60.0,69.0,7.038597161359413,129,-9.0,26.0,-0.07,161.0,
2025-04-08 13:12:57,166.0,22.0,169.94,32.0,160.0,33.0,170.24,50.0,167.97,3.9399999999999977,55.0,82.0,8.099705550195983,137,-27.0,8.0,-0.2,161.0,
2025-04-08 13:12:58,163.19,32.0,166.12,24.0,159.96,56.0,168.93,82.0,164.66,2.930000000000007,88.0,106.0,8.041254255391449,194,-18.0,57.0,-0.09,161.0,
2025-04-08 13:12:59,161.43,14.0,163.13,38.0,160.27,44.0,163.75,28.0,162.28,1.6999999999999886,58.0,66.0,6.202348748645576,124,-8.0,-70.0,-0.06,163.0,2.0
2025-04-08 13:13:00,160.22,27.0,161.84,32.0,159.23,64.0,162.94,48.0,161.03,1.6200000000000043,91.0,80.0,3.44163478594178,171,11.0,47.0,0.06,160.5,4.0
2025-04-08 13:13:01,159.0,56.0,161.36,22.0,157.0,48.0,166.67,27.0,160.18,2.3600000000000136,104.0,49.0,3.1447305130637284,153,55.0,-18.0,0.36,160.0,3.0
2025-04-08 13:13:02,157.07,59.0,160.18,34.0,156.1,61.0,161.33,27.0,158.62,3.1100000000000136,120.0,61.0,2.2773405541953657,181,59.0,28.0,0.33,158.75,8.0
2025-04-08 13:13:03,157.0,50.0,159.7,27.0,156.0,50.0,160.61,23.0,158.35,2.6999999999999886,100.0,50.0,1.648960278410393,150,50.0,-31.0,0.33,157.0,3.0
2025-04-08 13:13:04,156.56,36.0,370.46,26.0,155.35,62.0,531.47,34.0,263.51,213.9,98.0,60.0,46.50771194113828,158,38.0,8.0,0.24,156.5,4.0
2025-04-08 13:13:05,157.25,32.0,435.15,26.0,156.0,24.0,597.57,28.0,296.2,277.9,56.0,54.0,67.17307399546382,110,2.0,-48.0,0.02,156.5,
2025-04-08 13:13:10,163.0,80.0,172.62,32.0,156.0,30.0,173.79,28.0,167.81,9.620000000000005,110.0,60.0,79.39865949750434,170,50.0,-38.0,0.29,156.5,
2025-04-08 13:13:11,163.0,120.0,167.93,43.0,158.91,33.0,169.66,44.0,165.47,4.930000000000007,153.0,87.0,92.06640521927856,240,66.0,70.0,0.28,164.0,1.0
2025-04-08 13:13:12,163.0,84.0,164.0,48.0,160.0,42.0,223.53,34.0,163.5,1.0,126.0,82.0,83.73087453263682,208,44.0,-32.0,0.21,163.0,3.0
2025-04-08 13:13:13,159.73,11.0,400.0,10.0,158.32,37.0,0.0,0.0,279.86,240.27,48.0,10.0,72.94777769062001,58,38.0,-150.0,0.66,161.88,8.0
2025-04-08 13:13:14,156.0,9.0,400.0,6.0,155.0,30.0,0.0,0.0,278.0,244.0,39.0,6.0,62.099276726867565,45,33.0,-13.0,0.73,161.88,
2025-04-08 13:13:16,157.54,26.0,430.79,28.0,153.78,59.0,601.0,14.0,294.16,273.25,85.0,42.0,64.27122202043796,127,43.0,38.0,0.34,161.88,
2025-04-08 13:13:17,157.0,30.0,224.62,16.0,133.5,40.0,706.0,16.0,190.81,67.62,70.0,32.0,53.102567452058864,102,38.0,-25.0,0.37,157.5,8.0
2025-04-08 13:13:18,157.93,28.0,169.8,20.0,156.14,42.0,702.44,18.0,163.86,11.870000000000005,70.0,38.0,72.66847094855046,108,32.0,6.0,0.3,157.5,
2025-04-08 13:13:19,160.35,40.0,168.71,28.0,158.68,37.0,170.0,14.0,164.53,8.360000000000014,77.0,42.0,80.12314603159432,119,35.0,11.0,0.29,157.5,
2025-04-08 13:13:20,161.0,60.0,167.4,40.0,159.0,50.0,262.8,20.0,164.2,6.400000000000006,110.0,60.0,56.337623929306616,170,50.0,51.0,0.29,157.5,
2025-04-08 13:13:21,161.01,85.0,165.94,36.0,159.16,76.0,193.95,44.0,163.48,4.930000000000007,161.0,80.0,11.988328907726215,241,81.0,71.0,0.34,157.5,
2025-04-08 13:13:22,159.72,105.0,163.38,39.0,158.53,116.0,286.09,44.0,161.55,3.6599999999999966,221.0,83.0,1.1705255229123293,304,138.0,63.0,0.45,162.0,2.0
2025-04-08 13:13:23,160.75,60.0,163.0,48.0,159.71,137.0,374.17,24.0,161.88,2.25,197.0,72.0,1.3496555115238895,269,125.0,-35.0,0.46,162.0,
2025-04-08 13:13:24,161.38,71.0,280.94,34.0,160.68,114.0,456.18,22.0,221.16,119.56,185.0,56.0,26.13255785413772,241,129.0,-28.0,0.54,163.0,4.0
2025-04-08 13:13:25,162.27,11.0,426.55,22.0,161.0,143.0,490.27,22.0,294.41,264.28,154.0,44.0,58.36311103770954,198,110.0,-43.0,0.56,163.0,
2025-04-08 13:13:26,161.37,27.0,439.0,14.0,160.94,69.0,503.86,14.0,300.19,277.63,96.0,28.0,67.92605442685581,124,68.0,-74.0,0.55,161.67,3.0
2025-04-08 13:13:27,161.0,161.0,312.46,48.0,160.0,30.0,441.44,39.0,236.73,151.45999999999998,191.0,87.0,57.031477536534766,278,104.0,154.0,0.37,161.0,2.0
2025-04-08 13:13:28,161.0,81.0,192.0,45.0,160.0,18.0,312.9,20.0,176.5,31.0,99.0,65.0,51.99300116362093,164,34.0,-114.0,0.21,161.0,
2025-04-08 13:13:29,161.92,74.0,190.5,60.0,161.11,54.0,214.22,54.0,176.21,28.580000000000013,128.0,114.0,60.50712123378728,242,14.0,78.0,0.06,161.0,
2025-04-08 13:13:30,165.0,40.0,190.0,50.0,164.0,30.0,206.0,50.0,177.5,25.0,70.0,100.0,55.023417105811305,170,-30.0,-72.0,-0.18,161.0,
2025-04-08 13:13:31,165.0,30.0,189.44,45.0,164.0,27.0,206.0,45.0,177.22,24.44,57.0,90.0,26.780890015082345,147,-33.0,-23.0,-0.22,165.0,2.0
2025-04-08 13:13:32,163.8,10.0,185.77,43.0,161.83,59.0,194.43,35.0,174.78,21.97,69.0,78.0,1.0658423897845613,147,-9.0,0.0,-0.06,163.78,9.0
2025-04-08 13:13:33,163.0,12.0,182.25,48.0,161.0,108.0,185.0,60.0,172.62,19.25,120.0,108.0,2.0085766104027267,228,12.0,81.0,0.05,163.78,
2025-04-08 13:13:34,161.2,40.0,179.23,39.0,160.82,44.0,180.64,33.0,170.22,18.03,84.0,72.0,3.095338430583893,156,12.0,-72.0,0.08,163.0,1.0
2025-04-08 13:13:35,161.0,99.0,175.29,41.0,160.0,22.0,176.54,48.0,168.15,14.289999999999992,121.0,89.0,3.5904066621816075,210,32.0,54.0,0.15,163.0,
2025-04-08 13:13:36,161.0,50.0,172.0,29.0,160.0,18.0,173.47,43.0,166.5,11.0,68.0,72.0,3.331783306252807,140,-4.0,-70.0,-0.03,161.0,8.0
2025-04-08 13:13:37,161.0,31.0,168.21,67.0,160.0,34.0,170.1,70.0,164.6,7.210000000000008,65.0,137.0,3.131759888594969,202,-72.0,62.0,-0.36,161.0,
2025-04-08 13:13:38,160.62,26.0,162.85,52.0,159.29,56.0,163.7,56.0,161.73,2.2299999999999898,82.0,108.0,3.2628898234232406,190,-26.0,-12.0,-0.14,161.0,2.0
2025-04-08 13:13:39,159.03,66.0,161.31,39.0,157.67,48.0,162.35,43.0,160.17,2.280000000000001,114.0,82.0,3.2935467204499527,196,32.0,6.0,0.16,160.0,2.0
2025-04-08 13:13:40,157.84,43.0,160.39,59.0,156.75,32.0,196.43,46.0,159.11,2.549999999999983,75.0,105.0,3.0778840133727443,180,-30.0,-16.0,-0.17,158.43,7.0
2025-04-08 13:13:41,159.0,26.0,282.35,23.0,154.33,21.0,558.68,25.0,220.67,123.35000000000002,47.0,48.0,26.5857815382554,95,-1.0,-85.0,-0.01,158.2,5.0
2025-04-08 13:13:42,164.09,44.0,289.74,23.0,160.47,34.0,381.27,22.0,226.92,125.65,78.0,45.0,34.840196612532445,123,33.0,28.0,0.27,158.2,
2025-04-08 13:13:43,165.14,28.0,179.29,7.0,164.0,28.0,186.85,26.0,172.21,14.150000000000006,56.0,33.0,33.31812989949961,89,23.0,-34.0,0.26,158.2,
2025-04-08 13:13:44,166.0,40.0,177.1,10.0,164.0,40.0,203.08,12.0,171.55,11.099999999999994,80.0,22.0,31.284068149777827,102,58.0,13.0,0.57,158.2,
2025-04-08 13:13:45,166.0,32.0,175.5,8.0,164.0,34.0,178.0,8.0,170.75,9.5,66.0,16.0,28.731091173151743,82,50.0,-20.0,0.61,158.2,
2025-04-08 13:13:46,166.0,48.0,170.81,21.0,164.0,66.0,173.07,15.0,168.4,4.810000000000002,114.0,36.0,25.17126198663656,150,78.0,68.0,0.52,158.2,
2025-04-08 13:13:47,166.0,20.0,168.0,5.0,164.0,20.0,169.71,14.0,167.0,2.0,40.0,19.0,2.202696075227619,59,21.0,-91.0,0.36,158.2,
2025-04-08 13:13:48,165.58,19.0,167.2,5.0,163.4,20.0,236.0,9.0,166.39,1.619999999999976,39.0,14.0,2.267789672746612,53,25.0,-6.0,0.47,166.0,4.0
2025-04-08 13:13:49,164.0,24.0,166.17,6.0,161.0,24.0,240.64,22.0,165.08,2.1699999999999875,48.0,28.0,2.1626442148001,76,20.0,23.0,0.26,166.0,
2025-04-08 13:13:50,161.43,56.0,164.09,22.0,160.18,44.0,183.68,19.0,162.76,2.6599999999999966,100.0,41.0,2.134755255245607,141,59.0,65.0,0.42,164.0,4.0
2025-04-08 13:13:51,161.0,25.0,177.2,15.0,160.0,30.0,211.0,21.0,169.1,16.19999999999999,55.0,36.0,2.349697852873763,91,19.0,-50.0,0.21,161.0,3.0
2025-04-08 13:13:52,157.5,26.0,338.0,34.0,157.34,47.0,507.86,29.0,247.75,180.5,73.0,63.0,36.70618244928091,136,10.0,45.0,0.07,160.25,4.0
2025-04-08 13:13:53,156.33,48.0,312.33,18.0,155.26,76.0,420.17,29.0,234.33,155.99999999999997,124.0,47.0,41.62815549600992,171,77.0,35.0,0.45,156.8,5.0
2025-04-08 13:13:54,156.51,49.0,239.8,20.0,155.21,97.0,343.14,28.0,198.16,83.29000000000002,146.0,48.0,37.99454763515446,194,98.0,23.0,0.51,161.0,1.0
2025-04-08 13:13:55,156.0,42.0,206.45,22.0,155.0,77.0,244.23,13.0,181.23,50.44999999999999,119.0,35.0,33.846029752395545,154,84.0,-40.0,0.55,161.0,
2025-04-08 13:13:56,156.0,42.0,204.64,28.0,155.0,98.0,236.19,54.0,180.32,48.63999999999999,140.0,82.0,31.033576493856746,222,58.0,68.0,0.26,161.0,
2025-04-08 13:13:57,156.0,70.0,201.09,22.0,155.0,70.0,225.29,35.0,178.55,45.09,140.0,57.0,23.618799080393003,197,83.0,-25.0,0.42,161.0,
2025-04-08 13:13:58,158.19,74.0,199.4,30.0,155.49,97.0,217.53,38.0,178.79,41.21000000000001,171.0,68.0,8.319059442022581,239,103.0,42.0,0.43,161.0,
2025-04-08 13:13:59,163.11,38.0,198.0,22.0,155.92,87.0,290.0,22.0,180.55,34.889999999999986,125.0,44.0,1.1642250641021272,169,81.0,-70.0,0.48,165.0,3.0
2025-04-08 13:14:00,156.0,34.0,161.56,18.0,155.0,35.0,254.8,10.0,158.78,5.560000000000002,69.0,28.0,9.332307860323516,97,41.0,-72.0,0.42,156.0,2.0
2025-04-08 13:14:01,156.35,69.0,254.62,32.0,155.07,83.0,348.42,24.0,205.49,98.27,152.0,56.0,16.605454525543312,208,96.0,111.0,0.46,157.0,4.0
2025-04-08 13:14:02,156.56,43.0,312.73,37.0,155.08,76.0,553.43,46.0,234.64,156.17000000000002,119.0,83.0,29.19208882556976,202,36.0,-6.0,0.18,160.8,5.0
2025-04-08 13:14:03,156.0,16.0,292.82,11.0,155.0,28.0,397.5,20.0,224.41,136.82,44.0,31.0,31.22624425063012,75,13.0,-127.0,0.17,160.8,
2025-04-08 13:14:04,156.11,36.0,191.62,32.0,155.12,64.0,219.95,38.0,173.87,35.50999999999999,100.0,70.0,32.42762664765959,170,30.0,95.0,0.18,160.8,
2025-04-08 13:14:05,157.0,12.0,176.0,12.0,156.0,30.0,205.0,27.0,166.5,19.0,42.0,39.0,30.108649421719523,81,3.0,-89.0,0.04,160.8,
2025-04-08 13:14:06,157.0,20.0,211.8,20.0,156.0,33.0,309.62,26.0,184.4,54.80000000000001,53.0,46.0,30.788821510411616,99,7.0,18.0,0.07,160.8,
2025-04-08 13:14:07,156.75,16.0,255.0,18.0,128.0,12.0,400.22,45.0,205.88,98.25,28.0,63.0,23.84789655294465,91,-35.0,-8.0,-0.38,157.0,2.0
2025-04-08 13:14:08,161.14,28.0,318.26,46.0,115.11,36.0,408.23,43.0,239.7,157.12,64.0,89.0,29.509434084712105,153,-25.0,62.0,-0.16,157.0,
2025-04-08 13:14:09,165.22,23.0,222.0,28.0,161.0,53.0,240.9,31.0,193.61,56.78,76.0,59.0,27.374554242946008,135,17.0,-18.0,0.13,164.25,4.0
2025-04-08 13:14:10,161.0,46.0,222.0,22.0,160.0,121.0,317.09,55.0,191.5,61.0,167.0,77.0,21.917828815829925,244,90.0,109.0,0.37,161.0,2.0
2025-04-08 13:14:11,161.0,36.0,221.0,18.0,160.0,99.0,236.0,45.0,191.0,60.0,135.0,63.0,20.680034332660885,198,72.0,-46.0,0.36,161.0,
2025-04-08 13:14:12,161.79,38.0,207.95,19.0,160.52,46.0,274.32,37.0,184.87,46.16,84.0,56.0,22.355069447443164,140,28.0,-58.0,0.2,161.0,
2025-04-08 13:14:13,160.07,99.0,171.87,46.0,158.96,46.0,181.59,41.0,165.97,11.800000000000011,145.0,87.0,11.333351225472358,232,58.0,92.0,0.25,160.5,8.0
2025-04-08 13:14:14,160.0,56.0,168.91,22.0,157.75,16.0,170.0,18.0,164.45,8.909999999999997,72.0,40.0,13.366314750142593,112,32.0,-120.0,0.29,160.5,
2025-04-08 13:14:15,160.0,77.0,166.0,22.0,158.84,76.0,167.0,33.0,163.0,6.0,153.0,55.0,13.07420628565435,208,98.0,96.0,0.47,160.5,
2025-04-08 13:14:16,161.0,14.0,164.2,20.0,160.0,49.0,166.2,15.0,162.6,3.1999999999999886,63.0,35.0,9.424991777174569,98,28.0,-110.0,0.29,160.5,
2025-04-08 13:14:17,160.21,48.0,161.79,28.0,159.42,83.0,163.15,27.0,161.0,1.579999999999984,131.0,55.0,1.888605305451156,186,76.0,88.0,0.41,160.5,4.0
2025-04-08 13:14:18,158.44,25.0,160.75,16.0,158.27,41.0,162.0,20.0,159.59,2.3100000000000023,66.0,36.0,1.8767445217104648,102,30.0,-84.0,0.29,159.6,15.0
2025-04-08 13:14:19,156.0,18.0,157.16,32.0,155.0,11.0,161.37,19.0,156.58,1.1599999999999966,29.0,51.0,2.6023988932829565,80,-22.0,-22.0,-0.28,156.0,1.0
2025-04-08 13:14:20,155.94,47.0,160.08,26.0,141.24,29.0,294.43,21.0,158.01,4.140000000000015,76.0,47.0,2.376916069143821,123,29.0,43.0,0.24,156.0,1.0
2025-04-08 13:14:21,156.0,89.0,159.08,24.0,143.75,12.0,258.94,34.0,157.54,3.0800000000000125,101.0,58.0,1.7518932615167415,159,43.0,36.0,0.27,156.0,
2025-04-08 13:14:22,160.35,46.0,355.74,31.0,157.57,46.0,388.0,29.0,258.04,195.39,92.0,60.0,44.78377574523915,152,32.0,-7.0,0.21,160.5,4.0
2025-04-08 13:14:23,160.0,13.0,164.4,10.0,159.0,40.0,286.14,14.0,162.2,4.400000000000006,53.0,24.0,44.530737474242144,77,29.0,-75.0,0.38,160.0,1.0
2025-04-08 13:14:24,159.25,28.0,164.0,10.0,157.46,37.0,173.4,10.0,161.62,4.75,65.0,20.0,43.96469060507398,85,45.0,8.0,0.53,160.5,2.0
2025-04-08 13:14:25,159.0,40.0,162.8,10.0,157.0,50.0,346.91,22.0,160.9,3.8000000000000114,90.0,32.0,43.6295473274693,122,58.0,37.0,0.48,160.5,
2025-04-08 13:14:26,158.22,37.0,332.16,19.0,156.98,41.0,472.92,13.0,245.19,173.94000000000003,78.0,32.0,49.52880878842124,110,46.0,-12.0,0.42,158.44,9.0
2025-04-08 13:14:27,158.0,8.0,378.0,24.0,157.0,40.0,682.12,8.0,268.0,220.0,48.0,32.0,52.66862652471588,80,16.0,-30.0,0.2,158.44,
2025-04-08 13:14:28,160.45,11.0,378.0,15.0,157.23,13.0,460.54,13.0,269.23,217.55,24.0,28.0,55.358564558703456,52,-4.0,-28.0,-0.08,158.44,
2025-04-08 13:14:29,157.1,39.0,238.21,43.0,156.59,34.0,334.09,23.0,197.66,81.11000000000001,73.0,66.0,47.48195057071881,139,7.0,87.0,0.05,158.44,
2025-04-08 13:14:30,158.69,13.0,169.0,13.0,157.0,65.0,170.0,65.0,163.85,10.310000000000002,78.0,78.0,46.44367050524956,156,0.0,17.0,0.0,158.44,
2025-04-08 13:14:31,163.73,11.0,168.18,11.0,160.15,33.0,170.0,55.0,165.95,4.450000000000017,44.0,66.0,52.563138890291626,110,-22.0,-46.0,-0.2,158.44,
2025-04-08 13:14:32,164.11,18.0,166.8,15.0,162.69,26.0,232.04,28.0,165.46,2.6899999999999977,44.0,43.0,45.19673826726835,87,1.0,-23.0,0.01,165.5,2.0
2025-04-08 13:14:33,162.7,53.0,165.84,32.0,157.7,69.0,176.97,40.0,164.27,3.140000000000015,122.0,72.0,14.6833739310768,194,50.0,107.0,0.26,163.0,3.0
2025-04-08 13:14:34,157.0,47.0,163.87,23.0,156.0,11.0,165.33,21.0,160.43,6.8700000000000045,58.0,44.0,2.166453322778584,102,14.0,-92.0,0.14,158.33,6.0
2025-04-08 13:14:35,157.0,20.0,161.33,18.0,156.0,10.0,162.18,22.0,159.17,4.3300000000000125,30.0,40.0,3.066965927390201,70,-10.0,-32.0,-0.14,157.0,2.0
2025-04-08 13:14:36,156.86,28.0,167.95,19.0,140.86,37.0,188.59,29.0,162.4,11.089999999999977,65.0,48.0,2.6057494123126927,113,17.0,43.0,0.15,160.0,4.0
2025-04-08 13:14:37,157.0,176.0,266.76,21.0,156.0,11.0,522.45,20.0,211.88,109.76,187.0,41.0,22.58382496389455,228,146.0,115.0,0.64,160.0,
2025-04-08 13:14:38,157.07,114.0,213.39,33.0,156.82,39.0,254.71,17.0,185.23,56.31999999999999,153.0,50.0,22.82018119997852,203,103.0,-25.0,0.51,160.0,
2025-04-08 13:14:39,158.64,22.0,211.6,50.0,156.99,145.0,294.82,28.0,185.12,52.96000000000001,167.0,78.0,21.27594063725231,245,89.0,42.0,0.36,158.0,4.0
2025-04-08 13:14:40,157.0,130.0,211.0,50.0,156.0,10.0,257.44,16.0,184.0,54.0,140.0,66.0,17.547979370853945,206,74.0,-39.0,0.36,158.0,
2025-04-08 13:14:41,157.0,130.0,210.8,50.0,156.0,10.0,288.25,24.0,183.9,53.80000000000001,140.0,74.0,12.232214844415664,214,66.0,8.0,0.31,158.0,
2025-04-08 13:14:42,157.0,181.0,207.21,70.0,156.0,14.0,392.86,14.0,182.11,50.21000000000001,195.0,84.0,1.2573265287525937,279,111.0,65.0,0.4,157.0,1.0
2025-04-08 13:14:43,157.0,192.0,191.32,56.0,156.0,16.0,216.83,46.0,174.16,34.31999999999999,208.0,102.0,4.436250669190251,310,106.0,31.0,0.34,157.0,
2025-04-08 13:14:44,157.63,114.0,172.32,47.0,156.82,44.0,173.98,41.0,164.98,14.689999999999998,158.0,88.0,8.243536862285831,246,70.0,-64.0,0.28,157.0,
2025-04-08 13:14:45,161.0,78.0,170.0,51.0,156.87,62.0,170.57,53.0,165.5,9.0,140.0,104.0,8.906929886321196,244,36.0,-2.0,0.15,157.0,
2025-04-08 13:14:46,161.0,62.0,167.1,30.0,157.0,60.0,169.0,50.0,164.05,6.099999999999994,122.0,80.0,7.821166792737268,202,42.0,-42.0,0.21,157.0,
2025-04-08 13:14:47,161.0,59.0,165.24,29.0,157.0,66.0,167.73,44.0,163.12,4.240000000000009,125.0,73.0,4.453023691806698,198,52.0,-4.0,0.26,161.0,2.0
2025-04-08 13:14:48,161.47,60.0,167.31,72.0,158.34,91.0,175.43,42.0,164.39,5.840000000000003,151.0,114.0,0.9092689369923636,265,37.0,67.0,0.14,163.43,7.0
2025-04-08 13:14:49,160.64,22.0,168.0,50.0,159.0,108.0,268.2,30.0,164.32,7.360000000000014,130.0,80.0,0.851545653372959,210,50.0,-55.0,0.24,161.0,1.0
2025-04-08 13:14:50,160.72,29.0,168.0,55.0,159.19,74.0,186.18,28.0,164.36,7.280000000000001,103.0,83.0,0.5360690251981836,186,20.0,-24.0,0.11,161.0,
2025-04-08 13:14:51,161.08,39.0,167.0,65.0,159.07,176.0,209.69,39.0,164.04,5.919999999999988,215.0,104.0,0.5360783522741036,319,111.0,133.0,0.35,161.0,
2025-04-08 13:14:52,160.29,77.0,167.0,65.0,158.98,273.0,230.31,49.0,163.64,6.710000000000008,350.0,114.0,0.3173326327020104,464,236.0,145.0,0.51,161.25,4.0
2025-04-08 13:14:53,160.45,93.0,166.17,60.0,158.94,151.0,332.23,39.0,163.31,5.719999999999999,244.0,99.0,0.4520840627319262,343,145.0,-121.0,0.42,161.25,
2025-04-08 13:14:54,164.0,30.0,166.0,50.0,159.0,80.0,437.4,50.0,165.0,2.0,110.0,100.0,0.6542935119478706,210,10.0,-133.0,0.05,161.25,
2025-04-08 13:14:55,159.34,44.0,165.38,40.0,157.1,155.0,307.9,39.0,162.36,6.039999999999992,199.0,79.0,0.9685556255448096,278,120.0,68.0,0.43,160.88,8.0
2025-04-08 13:14:56,159.0,24.0,165.0,40.0,157.0,168.0,291.06,48.0,162.0,6.0,192.0,88.0,1.1802626825295668,280,104.0,2.0,0.37,160.88,
2025-04-08 13:14:57,159.0,21.0,165.0,35.0,157.0,147.0,237.81,32.0,162.0,6.0,168.0,67.0,1.2731771281992914,235,101.0,-45.0,0.43,160.88,
2025-04-08 13:14:58,160.0,161.0,172.16,45.0,159.0,30.0,236.25,32.0,166.08,12.159999999999997,191.0,77.0,1.9173732030497768,268,114.0,33.0,0.43,160.0,3.0
2025-04-08 13:14:59,160.53,51.0,214.97,40.0,159.94,143.0,294.2,35.0,187.75,54.44,194.0,75.0,11.152928763325011,269,119.0,1.0,0.44,160.0,
2025-04-08 13:15:00,160.17,89.0,210.06,47.0,159.82,98.0,250.44,43.0,185.12,49.890000000000015,187.0,90.0,12.781850413763712,277,97.0,8.0,0.35,161.0,3.0
2025-04-08 13:15:01,160.0,207.0,184.9,60.0,159.0,45.0,190.08,62.0,172.45,24.90000000000001,252.0,122.0,11.396642049298771,374,130.0,97.0,0.35,160.0,3.0
2025-04-08 13:15:02,160.21,57.0,182.5,40.0,159.64,42.0,184.0,32.0,171.36,22.289999999999992,99.0,72.0,9.384187231713616,171,27.0,-168.0,0.16,160.57,7.0
2025-04-08 13:15:03,160.0,120.0,181.36,85.0,159.0,45.0,183.08,71.0,170.68,21.360000000000014,165.0,156.0,8.258896415373108,321,9.0,150.0,0.03,160.57,
2025-04-08 13:15:04,160.0,72.0,178.68,38.0,159.0,27.0,179.51,39.0,169.34,18.680000000000007,99.0,77.0,6.433195162579756,176,22.0,-145.0,0.12,160.57,
2025-04-08 13:15:05,160.0,96.0,176.78,49.0,159.0,36.0,178.93,59.0,168.39,16.78,132.0,108.0,1.609077375336109,240,24.0,64.0,0.1,160.57,
2025-04-08 13:15:06,160.0,112.0,174.09,58.0,159.0,42.0,178.1,60.0,167.04,14.090000000000003,154.0,118.0,1.7368131735485492,272,36.0,32.0,0.13,160.57,
2025-04-08 13:15:07,160.0,153.0,173.29,62.0,157.72,94.0,174.15,78.0,166.65,13.289999999999992,247.0,140.0,1.6577243437332536,387,107.0,115.0,0.28,160.0,5.0
2025-04-08 13:15:08,162.18,33.0,169.3,47.0,159.98,110.0,170.86,21.0,165.74,7.1200000000000045,143.0,68.0,1.4305837968464572,211,75.0,-168.0,0.36,160.0,
2025-04-08 13:15:09,163.0,27.0,165.68,56.0,160.0,160.0,166.73,63.0,164.34,2.680000000000007,187.0,119.0,1.508830673002552,306,68.0,95.0,0.22,163.0,1.0
2025-04-08 13:15:10,160.2,92.0,163.65,52.0,159.75,80.0,164.5,60.0,161.92,3.450000000000017,172.0,112.0,2.0771663389784827,284,60.0,-22.0,0.21,160.5,6.0
2025-04-08 13:15:11,160.0,48.0,163.4,20.0,159.0,24.0,213.33,36.0,161.7,3.4000000000000057,72.0,56.0,2.22247609655957,128,16.0,-156.0,0.12,160.0,4.0
2025-04-08 13:15:12,159.56,18.0,162.57,42.0,158.71,28.0,250.7,44.0,161.06,3.009999999999991,46.0,86.0,1.994472361245372,132,-40.0,4.0,-0.3,160.0,
2025-04-08 13:15:13,160.0,11.0,161.82,33.0,159.0,22.0,179.3,30.0,160.91,1.8199999999999927,33.0,63.0,1.3822734894967883,96,-30.0,-36.0,-0.31,160.0,
2025-04-08 13:15:14,159.6,10.0,164.7,20.0,158.09,22.0,313.05,22.0,162.15,5.099999999999994,32.0,42.0,0.5406200142085714,74,-10.0,-22.0,-0.14,161.0,2.0
2025-04-08 13:15:15,159.0,34.0,173.53,17.0,157.0,85.0,175.04,23.0,166.26,14.53,119.0,40.0,2.2060439704974835,159,79.0,85.0,0.5,161.0,
2025-04-08 13:15:16,159.0,18.0,171.22,9.0,157.0,45.0,173.0,9.0,165.11,12.22,63.0,18.0,2.443659141486916,81,45.0,-78.0,0.56,161.0,
2025-04-08 13:15:17,158.2,50.0,168.05,20.0,156.48,155.0,170.0,20.0,163.12,9.850000000000025,205.0,40.0,2.1727977355877224,245,165.0,164.0,0.67,158.33,3.0
2025-04-08 13:15:18,156.58,38.0,165.88,8.0,154.59,116.0,376.25,16.0,161.23,9.299999999999985,154.0,24.0,2.079790854815824,178,130.0,-67.0,0.73,158.75,4.0
2025-04-08 13:15:19,156.66,50.0,166.9,10.0,150.7,61.0,242.0,30.0,161.78,10.240000000000007,111.0,40.0,2.148569291359967,151,71.0,-27.0,0.47,158.75,
2025-04-08 13:15:20,158.0,19.0,165.45,11.0,156.36,25.0,242.36,33.0,161.73,7.449999999999989,44.0,44.0,1.5713465562279458,88,0.0,-63.0,0.0,158.0,2.0
2025-04-08 13:15:21,157.0,10.0,164.1,10.0,156.0,110.0,243.0,30.0,160.55,7.099999999999994,120.0,40.0,0.9441239324175952,160,80.0,72.0,0.5,157.0,1.0
2025-04-08 13:15:22,156.0,94.0,211.13,15.0,133.0,9.0,248.0,21.0,183.57,55.13,103.0,36.0,9.961697646475184,139,67.0,-21.0,0.48,157.17,6.0
2025-04-08 13:15:23,156.0,32.0,235.15,13.0,123.74,19.0,307.33,9.0,195.58,79.15,51.0,22.0,16.03780128321312,73,29.0,-66.0,0.4,156.0,2.0
2025-04-08 13:15:24,156.0,40.0,157.0,10.0,145.0,15.0,255.12,16.0,156.5,1.0,55.0,26.0,17.07227079213031,81,29.0,8.0,0.36,156.0,
2025-04-08 13:15:25,154.22,45.0,333.0,25.0,135.77,31.0,424.54,41.0,243.61,178.78,76.0,66.0,35.05459556177947,142,10.0,61.0,0.07,156.2,5.0
2025-04-08 13:15:26,139.6,30.0,461.81,32.0,124.0,18.0,536.06,35.0,300.71,322.21000000000004,48.0,67.0,56.892502405854,115,-19.0,-27.0,-0.17,156.2,
2025-04-08 13:15:27,134.4,20.0,193.96,25.0,108.53,19.0,530.32,41.0,164.18,59.56,39.0,66.0,60.21878386350956,105,-27.0,-10.0,-0.26,156.2,
2025-04-08 13:15:28,163.0,16.0,184.0,16.0,94.36,22.0,257.5,24.0,173.5,21.0,38.0,40.0,62.50091719327046,78,-2.0,-27.0,-0.03,156.2,
2025-04-08 13:15:29,163.0,18.0,278.77,26.0,121.85,34.0,391.61,36.0,220.88,115.76999999999998,52.0,62.0,55.562519111358974,114,-10.0,36.0,-0.09,156.2,
2025-04-08 13:15:30,158.41,34.0,413.41,34.0,152.8,50.0,564.55,22.0,285.91,255.00000000000003,84.0,56.0,62.70742085272033,140,28.0,26.0,0.2,159.0,6.0
2025-04-08 13:15:31,160.0,56.0,203.29,28.0,157.0,40.0,386.86,28.0,181.64,43.28999999999999,96.0,56.0,50.00641978786361,152,40.0,12.0,0.26,159.0,
2025-04-08 13:15:32,160.0,112.0,240.5,40.0,157.0,70.0,312.76,42.0,200.25,80.5,182.0,82.0,44.95173556160076,264,100.0,112.0,0.38,160.0,2.0
2025-04-08 13:15:33,160.0,63.0,268.35,34.0,157.0,45.0,280.14,28.0,214.18,108.35000000000002,108.0,62.0,39.49269261521849,170,46.0,-94.0,0.27,160.0,
2025-04-08 13:15:34,160.0,70.0,267.9,40.0,157.0,50.0,269.2,40.0,213.95,107.89999999999998,120.0,80.0,39.60063799991263,200,40.0,30.0,0.2,160.0,
2025-04-08 13:15:35,160.0,240.0,204.71,70.0,157.0,85.0,232.41,74.0,182.36,44.71000000000001,325.0,144.0,16.06536429714538,469,181.0,168.0,0.39,160.0,
2025-04-08 13:15:36,160.08,181.0,191.87,62.0,158.85,130.0,193.09,66.0,175.98,31.789999999999992,311.0,128.0,17.66773698015641,439,183.0,-30.0,0.42,160.0,2.0
2025-04-08 13:15:37,161.0,37.0,188.67,48.0,160.0,192.0,191.0,48.0,174.83,27.669999999999987,229.0,96.0,20.110916189968933,325,133.0,-114.0,0.41,160.0,
2025-04-08 13:15:38,161.0,42.0,184.7,53.0,160.0,208.0,186.67,55.0,172.85,23.69999999999999,250.0,108.0,17.120336737339695,358,142.0,33.0,0.4,161.0,2.0
2025-04-08 13:15:39,163.91,77.0,182.18,80.0,162.66,170.0,183.42,81.0,173.04,18.27000000000001,247.0,161.0,3.8834997102939175,408,86.0,50.0,0.21,161.0,
2025-04-08 13:15:40,165.67,12.0,177.04,52.0,164.0,120.0,178.5,20.0,171.35,11.370000000000005,132.0,72.0,1.810759509111944,204,60.0,-168.0,0.29,161.0,
2025-04-08 13:15:41,164.46,26.0,175.12,32.0,163.97,62.0,176.35,37.0,169.79,10.659999999999997,88.0,69.0,1.899189300683776,157,19.0,-47.0,0.12,166.0,1.0
2025-04-08 13:15:42,164.0,145.0,171.5,64.0,163.0,16.0,173.25,64.0,167.75,7.5,161.0,128.0,2.220558488268888,289,33.0,132.0,0.11,164.0,1.0
2025-04-08 13:15:43,164.0,117.0,167.25,55.0,163.0,13.0,168.55,53.0,165.63,3.25,130.0,108.0,2.918770288976883,238,22.0,-51.0,0.09,164.0,
2025-04-08 13:15:44,163.76,29.0,165.3,40.0,161.09,69.0,170.84,19.0,164.53,1.5400000000000205,98.0,59.0,2.8269418104736133,157,39.0,-81.0,0.25,164.0,9.0
2025-04-08 13:15:45,163.0,6.0,164.17,24.0,161.0,54.0,178.0,6.0,163.58,1.1699999999999875,60.0,30.0,2.5126241262461693,90,30.0,-67.0,0.33,164.0,
2025-04-08 13:15:46,161.04,101.0,163.5,36.0,160.13,139.0,200.57,42.0,162.27,2.460000000000008,240.0,78.0,2.082191153517156,318,162.0,168.0,0.51,163.0,1.0
2025-04-08 13:15:47,161.0,66.0,246.13,23.0,159.94,53.0,233.0,33.0,203.57,85.13,119.0,56.0,17.738212424024834,175,63.0,-143.0,0.36,161.0,8.0
2025-04-08 13:15:48,160.0,14.0,376.71,42.0,159.0,42.0,556.35,31.0,268.36,216.71,56.0,73.0,45.85252850170812,129,-17.0,-46.0,-0.13,160.25,4.0
2025-04-08 13:15:49,160.0,9.0,213.0,23.0,159.0,27.0,334.55,22.0,186.5,53.0,36.0,45.0,43.498937113451206,81,-9.0,-48.0,-0.11,160.25,
2025-04-08 13:15:50,160.0,7.0,281.5,16.0,159.0,21.0,380.37,19.0,220.75,121.5,28.0,35.0,39.93300452007152,63,-7.0,-18.0,-0.11,160.25,
2025-04-08 13:15:51,160.0,9.0,282.84,19.0,159.0,27.0,367.92,26.0,221.42,122.83999999999996,36.0,45.0,30.55074221684516,81,-9.0,18.0,-0.11,160.25,
2025-04-08 13:15:52,160.0,12.0,282.0,36.0,159.0,38.0,498.06,31.0,221.0,122.0,50.0,67.0,29.15262561074296,117,-17.0,36.0,-0.15,160.25,
2025-04-08 13:15:53,161.0,14.0,266.06,48.0,159.45,22.0,424.13,46.0,213.53,105.06,36.0,94.0,14.973658537581224,130,-58.0,13.0,-0.45,161.0,1.0
2025-04-08 13:15:54,163.0,10.0,220.07,30.0,159.33,18.0,386.87,23.0,191.53,57.06999999999999,28.0,53.0,12.787827415166548,81,-25.0,-49.0,-0.31,165.0,1.0
2025-04-08 13:15:55,160.0,15.0,163.72,29.0,159.0,45.0,189.05,38.0,161.86,3.719999999999999,60.0,67.0,25.45501266941373,127,-7.0,46.0,-0.06,165.0,
2025-04-08 13:15:56,160.0,14.0,161.75,36.0,159.0,44.0,163.45,20.0,160.88,1.75,58.0,56.0,28.091581479153863,114,2.0,-13.0,0.02,165.0,
2025-04-08 13:15:57,159.22,23.0,161.57,21.0,158.38,39.0,272.04,25.0,160.39,2.3499999999999943,62.0,46.0,24.023387979214487,108,16.0,-6.0,0.15,160.0,1.0
2025-04-08 13:15:58,158.91,46.0,162.0,14.0,157.89,55.0,240.72,50.0,160.46,3.0900000000000034,101.0,64.0,13.711817166218449,165,37.0,57.0,0.22,159.0,2.0
2025-04-08 13:15:59,159.04,76.0,290.61,28.0,158.26,70.0,314.49,47.0,224.82,131.57000000000002,146.0,75.0,28.59302572306477,221,71.0,56.0,0.32,160.0,2.0
2025-04-08 13:16:00,162.27,11.0,327.6,20.0,158.88,34.0,333.0,18.0,244.94,165.33,45.0,38.0,41.31503987653823,83,7.0,-138.0,0.08,160.0,
2025-04-08 13:16:01,159.0,42.0,233.21,19.0,158.0,56.0,276.13,31.0,196.11,74.21000000000001,98.0,50.0,37.90732158831571,148,48.0,65.0,0.32,161.0,3.0
2025-04-08 13:16:02,159.1,21.0,220.92,12.0,157.81,37.0,222.0,24.0,190.01,61.81999999999999,58.0,36.0,32.63656185936291,94,22.0,-54.0,0.23,160.14,7.0
2025-04-08 13:16:03,158.0,12.0,218.38,8.0,157.0,12.0,221.4,10.0,188.19,60.38,24.0,18.0,25.00805530224321,42,6.0,-52.0,0.14,160.14,
2025-04-08 13:16:04,158.0,16.0,216.38,16.0,157.0,16.0,219.0,8.0,187.19,58.38,32.0,24.0,24.64656811809729,56,8.0,14.0,0.14,160.14,
2025-04-08 13:16:05,158.0,24.0,211.74,27.0,157.0,24.0,217.0,18.0,184.87,53.74000000000001,48.0,45.0,4.248114876028985,93,3.0,37.0,0.03,160.14,
2025-04-08 13:16:06,156.3,54.0,214.56,39.0,143.18,66.0,215.21,57.0,185.43,58.25999999999999,120.0,96.0,2.08679658805694,216,24.0,123.0,0.11,156.86,7.0
2025-04-08 13:16:07,156.48,44.0,211.0,20.0,149.33,48.0,213.18,22.0,183.74,54.52000000000001,92.0,42.0,1.7926460888638114,134,50.0,-82.0,0.37,156.0,1.0
2025-04-08 13:16:08,162.89,76.0,206.94,32.0,156.6,40.0,209.5,22.0,184.92,44.05000000000001,116.0,54.0,1.257716184166721,170,62.0,36.0,0.36,156.0,
2025-04-08 13:16:09,164.0,80.0,201.4,30.0,157.0,30.0,204.83,30.0,182.7,37.400000000000006,110.0,60.0,1.1016669187688557,170,50.0,0.0,0.29,156.0,
2025-04-08 13:16:10,162.23,78.0,196.97,34.0,156.77,35.0,197.72,36.0,179.6,34.74000000000001,113.0,70.0,2.313140722027851,183,43.0,13.0,0.23,156.0,
2025-04-08 13:16:11,161.0,103.0,194.0,23.0,160.0,13.0,195.97,30.0,177.5,33.0,116.0,53.0,3.065113374721117,169,63.0,-14.0,0.37,161.0,1.0
2025-04-08 13:16:12,161.17,59.0,192.1,39.0,160.67,21.0,193.12,16.0,176.64,30.930000000000007,80.0,55.0,3.493783049916819,135,25.0,-34.0,0.19,161.0,
2025-04-08 13:16:13,162.0,80.0,190.05,37.0,161.0,112.0,190.68,44.0,176.03,28.05000000000001,192.0,81.0,2.711564124241919,273,111.0,138.0,0.41,161.0,
2025-04-08 13:16:14,163.73,75.0,186.31,26.0,161.0,105.0,187.62,21.0,175.02,22.580000000000013,180.0,47.0,1.731479136422678,227,133.0,-46.0,0.59,161.0,
2025-04-08 13:16:15,165.61,89.0,181.4,42.0,161.0,140.0,182.52,42.0,173.51,15.789999999999992,229.0,84.0,1.539724001196321,313,145.0,86.0,0.46,166.0,1.0
2025-04-08 13:16:16,166.0,64.0,176.96,27.0,161.0,112.0,179.13,39.0,171.48,10.960000000000008,176.0,66.0,2.078756840001513,242,110.0,-71.0,0.45,166.0,
2025-04-08 13:16:17,166.0,26.0,172.86,44.0,161.22,55.0,174.26,23.0,169.43,6.860000000000014,81.0,67.0,2.6707920173320816,148,14.0,-94.0,0.09,166.0,2.0
2025-04-08 13:16:18,166.0,18.0,169.7,30.0,163.0,24.0,170.92,48.0,167.85,3.6999999999999886,42.0,78.0,2.9167396181070644,120,-36.0,-28.0,-0.3,166.0,1.0
2025-04-08 13:16:19,161.26,58.0,166.14,21.0,161.06,17.0,167.26,43.0,163.7,4.879999999999996,75.0,64.0,3.738305765961676,139,11.0,19.0,0.08,162.8,5.0
2025-04-08 13:16:20,161.0,83.0,162.47,36.0,160.0,14.0,212.14,29.0,161.74,1.4699999999999989,97.0,65.0,4.035077446568866,162,32.0,23.0,0.2,161.62,8.0
2025-04-08 13:16:21,160.84,25.0,331.81,26.0,159.29,17.0,438.0,30.0,246.32,170.97,42.0,56.0,36.19552140804017,98,-14.0,-64.0,-0.14,161.0,1.0
2025-04-08 13:16:22,159.18,11.0,436.4,5.0,158.4,15.0,438.0,25.0,297.79,277.22,26.0,30.0,61.732921929875005,56,-4.0,-42.0,-0.07,160.0,1.0
2025-04-08 13:16:23,159.24,17.0,316.53,19.0,158.29,21.0,437.48,23.0,237.88,157.28999999999996,38.0,42.0,58.34508873932854,80,-4.0,24.0,-0.05,160.0,
2025-04-08 13:16:24,162.7,27.0,284.11,19.0,159.26,19.0,369.43,47.0,223.4,121.41000000000004,46.0,66.0,48.90864218111344,112,-20.0,32.0,-0.18,163.0,2.0
2025-04-08 13:16:25,163.0,36.0,281.45,44.0,161.0,12.0,339.43,28.0,222.23,118.45,48.0,72.0,30.91472513221261,120,-24.0,8.0,-0.2,163.0,
2025-04-08 13:16:26,163.0,15.0,278.92,13.0,161.0,5.0,279.71,17.0,220.96,115.92000000000002,20.0,30.0,32.7757970154843,50,-10.0,-70.0,-0.2,163.0,
2025-04-08 13:16:27,162.83,23.0,277.2,25.0,159.45,31.0,278.86,29.0,220.01,114.36999999999998,54.0,54.0,7.370463350437429,108,0.0,58.0,0.0,163.0,3.0
2025-04-08 13:16:28,161.0,14.0,274.86,22.0,159.0,168.0,276.06,62.0,217.93,113.86,182.0,84.0,2.099721410120614,266,98.0,158.0,0.37,163.0,
2025-04-08 13:16:29,161.0,11.0,272.36,11.0,159.0,132.0,276.0,55.0,216.68,111.36,143.0,66.0,2.2495932966008136,209,77.0,-57.0,0.37,163.0,
2025-04-08 13:16:30,159.67,18.0,269.89,19.0,158.92,78.0,271.43,23.0,214.78,110.22,96.0,42.0,2.4945680989106886,138,54.0,-71.0,0.39,161.0,1.0
2025-04-08 13:16:31,159.0,120.0,268.0,50.0,158.0,60.0,269.0,10.0,213.5,109.0,180.0,60.0,2.565336235290488,240,120.0,102.0,0.5,161.0,
2025-04-08 13:16:32,160.59,102.0,249.31,48.0,158.78,108.0,267.0,27.0,204.95,88.72,210.0,75.0,5.110163402483052,285,135.0,45.0,0.47,162.0,2.0
2025-04-08 13:16:33,162.17,36.0,239.38,32.0,159.5,72.0,266.21,19.0,200.77,77.21000000000001,108.0,51.0,6.897893156613644,159,57.0,-126.0,0.36,162.0,
2025-04-08 13:16:34,161.9,29.0,265.13,31.0,160.07,45.0,271.08,26.0,213.51,103.23,74.0,57.0,6.262465169568103,131,17.0,-28.0,0.13,162.33,9.0
2025-04-08 13:16:35,161.0,30.0,262.13,38.0,159.0,120.0,264.25,32.0,211.57,101.13,150.0,70.0,5.727835542336207,220,80.0,89.0,0.36,162.33,
2025-04-08 13:16:36,162.11,38.0,258.55,31.0,159.12,102.0,259.74,35.0,210.33,96.44,140.0,66.0,5.240561038671934,206,74.0,-14.0,0.36,162.33,
2025-04-08 13:16:37,164.0,67.0,252.8,30.0,161.0,33.0,253.19,27.0,208.4,88.80000000000001,100.0,57.0,4.918625824358898,157,43.0,-49.0,0.27,164.0,1.0
2025-04-08 13:16:38,164.0,28.0,249.71,14.0,161.0,18.0,250.17,24.0,206.86,85.71000000000001,46.0,38.0,2.608817739907752,84,8.0,-73.0,0.1,163.0,9.0
2025-04-08 13:16:39,159.21,76.0,246.07,15.0,158.62,78.0,248.47,19.0,202.64,86.85999999999999,154.0,34.0,3.476887976343922,188,120.0,104.0,0.64,163.0,
2025-04-08 13:16:40,160.0,44.0,241.76,37.0,159.0,168.0,243.0,28.0,200.88,81.75999999999999,212.0,65.0,3.955821027300489,277,147.0,89.0,0.53,160.0,3.0
2025-04-08 13:16:41,160.0,10.0,239.29,14.0,159.0,120.0,240.38,26.0,199.64,79.28999999999999,130.0,40.0,3.795850365862752,170,90.0,-107.0,0.53,160.0,
2025-04-08 13:16:42,160.0,8.0,238.48,25.0,159.0,96.0,239.52,31.0,199.24,78.47999999999999,104.0,56.0,3.09682417970569,160,48.0,-10.0,0.3,160.0,
2025-04-08 13:16:43,162.79,29.0,235.21,29.0,159.27,33.0,236.41,51.0,199.0,72.42000000000002,62.0,80.0,1.504925247313216,142,-18.0,-18.0,-0.13,160.0,
2025-04-08 13:16:44,163.0,30.0,230.74,50.0,160.0,14.0,231.7,53.0,196.87,67.74000000000001,44.0,103.0,1.4542283176977833,147,-59.0,5.0,-0.4,163.0,2.0
2025-04-08 13:16:45,160.33,9.0,226.55,31.0,158.81,47.0,228.56,41.0,193.44,66.22,56.0,72.0,2.5808176998745167,128,-16.0,-19.0,-0.12,163.0,
2025-04-08 13:16:46,157.67,67.0,221.46,76.0,157.21,29.0,221.84,69.0,189.57,63.79000000000002,96.0,145.0,4.106279337791589,241,-49.0,113.0,-0.2,158.75,4.0
2025-04-08 13:16:47,157.07,109.0,188.75,53.0,156.26,73.0,208.13,31.0,172.91,31.680000000000007,182.0,84.0,10.388006064685571,266,98.0,25.0,0.37,158.75,
2025-04-08 13:16:48,157.0,132.0,163.02,46.0,155.0,33.0,164.21,34.0,160.01,6.02000000000001,165.0,80.0,15.603810432067547,245,85.0,-21.0,0.35,158.75,
2025-04-08 13:16:49,157.0,149.0,158.92,39.0,155.0,36.0,160.17,36.0,157.96,1.9199999999999875,185.0,75.0,16.366901661580787,260,110.0,15.0,0.42,158.75,
2025-04-08 13:16:50,156.86,42.0,158.0,30.0,151.56,16.0,193.29,21.0,157.43,1.1399999999999864,58.0,51.0,13.827876915847032,109,7.0,-151.0,0.06,157.0,12.0
2025-04-08 13:16:51,139.84,25.0,157.0,40.0,94.9,10.0,383.0,24.0,148.42,17.159999999999997,35.0,64.0,8.794778564567116,99,-29.0,-10.0,-0.29,155.0,3.0
2025-04-08 13:16:55,144.21,43.0,390.79,63.0,129.57,49.0,601.23,26.0,267.5,246.58,92.0,89.0,60.13454689277851,181,3.0,45.0,0.02,155.2,5.0
2025-04-08 13:16:56,159.5,24.0,409.0,60.0,157.88,67.0,510.08,24.0,284.25,249.5,91.0,84.0,80.34984362150263,175,7.0,-6.0,0.04,155.2,
2025-04-08 13:16:57,162.73,22.0,390.67,24.0,159.62,16.0,466.22,18.0,276.7,227.94000000000003,38.0,42.0,80.22069041089144,80,-4.0,-95.0,-0.05,155.2,
2025-04-08 13:16:59,163.84,38.0,301.67,27.0,162.1,40.0,439.97,35.0,232.75,137.83,78.0,62.0,34.56957144658321,140,16.0,75.0,0.11,155.2,
2025-04-08 13:17:00,166.0,18.0,233.22,18.0,163.0,36.0,359.82,22.0,199.61,67.22,54.0,40.0,49.73284709324759,94,14.0,-46.0,0.15,155.2,
2025-04-08 13:17:01,164.41,17.0,189.21,19.0,160.88,34.0,262.38,16.0,176.81,24.80000000000001,51.0,35.0,60.966991725032855,86,16.0,-8.0,0.19,165.0,3.0
2025-04-08 13:17:02,164.5,24.0,188.91,33.0,163.49,135.0,198.18,22.0,176.7,24.41,159.0,55.0,63.47262465031766,214,104.0,128.0,0.49,165.0,
2025-04-08 13:17:03,165.0,18.0,187.22,27.0,164.0,171.0,233.67,18.0,176.11,22.22,189.0,45.0,24.67290376100757,234,144.0,20.0,0.62,165.0,
2025-04-08 13:17:04,164.24,90.0,186.87,45.0,163.95,221.0,307.93,30.0,175.56,22.629999999999995,311.0,75.0,10.438810756014162,386,236.0,152.0,0.61,164.5,4.0
2025-04-08 13:17:05,164.06,199.0,186.0,45.0,163.67,101.0,312.38,32.0,175.03,21.94,300.0,77.0,0.7556255685515241,377,223.0,-9.0,0.59,164.5,
2025-04-08 13:17:06,165.64,33.0,186.0,33.0,164.0,187.0,359.69,26.0,175.82,20.360000000000014,220.0,59.0,0.6219565900026198,279,161.0,-98.0,0.58,164.5,
2025-04-08 13:17:07,164.04,107.0,185.56,27.0,163.62,55.0,335.56,18.0,174.8,21.52000000000001,162.0,45.0,0.5437186771166911,207,117.0,-72.0,0.57,165.2,5.0
2025-04-08 13:17:08,164.0,163.0,184.46,39.0,163.0,39.0,302.86,28.0,174.23,20.460000000000008,202.0,67.0,0.6287050181471344,269,135.0,62.0,0.5,164.0,4.0
2025-04-08 13:17:09,164.0,99.0,184.0,27.0,163.0,27.0,272.2,20.0,174.0,20.0,126.0,47.0,0.7168193634672656,173,79.0,-96.0,0.46,164.0,
2025-04-08 13:17:10,164.0,110.0,183.6,30.0,163.0,30.0,409.36,22.0,173.8,19.599999999999994,140.0,52.0,0.8125269225325491,192,88.0,19.0,0.46,164.0,
2025-04-08 13:17:11,164.0,81.0,183.0,27.0,163.0,27.0,446.0,32.0,173.5,19.0,108.0,59.0,0.4901836388921892,167,49.0,-25.0,0.29,164.0,3.0
2025-04-08 13:17:12,164.0,68.0,176.88,34.0,163.0,30.0,363.47,30.0,170.44,12.879999999999995,98.0,64.0,1.562715585073821,162,34.0,-5.0,0.21,164.0,4.0
2025-04-08 13:17:13,164.0,40.0,191.03,29.0,163.0,30.0,486.0,20.0,177.52,27.03,70.0,49.0,2.5121942599720213,119,21.0,-43.0,0.18,164.0,
2025-04-08 13:17:14,164.0,52.0,411.22,27.0,162.84,25.0,708.3,23.0,287.61,247.22000000000003,77.0,50.0,50.95257284966056,127,27.0,8.0,0.21,164.0,
2025-04-08 13:17:16,160.46,26.0,237.47,32.0,159.63,19.0,244.52,29.0,198.97,77.00999999999999,45.0,61.0,71.5693078770514,106,-16.0,67.0,-0.15,161.0,4.0
2025-04-08 13:17:17,161.0,9.0,219.47,19.0,160.0,18.0,221.77,26.0,190.24,58.47,27.0,45.0,67.69545944891868,72,-18.0,-34.0,-0.25,161.0,
2025-04-08 13:17:18,161.0,8.0,217.14,22.0,160.0,16.0,218.33,18.0,189.07,56.13999999999999,24.0,40.0,65.32176421377646,64,-16.0,-8.0,-0.25,161.0,
2025-04-08 13:17:19,161.0,9.0,214.63,19.0,160.0,18.0,216.5,26.0,187.82,53.63,27.0,45.0,61.96234929374527,72,-18.0,8.0,-0.25,161.0,
2025-04-08 13:17:20,160.3,10.0,209.96,26.0,159.46,13.0,211.38,32.0,185.13,49.66,23.0,58.0,5.233309660237154,81,-35.0,9.0,-0.43,160.5,2.0
2025-04-08 13:17:21,158.12,32.0,205.83,36.0,156.82,45.0,206.89,56.0,181.98,47.71000000000001,77.0,92.0,3.318006931866265,169,-15.0,88.0,-0.09,158.75,4.0
2025-04-08 13:17:22,158.28,29.0,200.93,45.0,157.41,59.0,202.0,45.0,179.6,42.650000000000006,88.0,90.0,3.950398714041501,178,-2.0,9.0,-0.01,158.75,
2025-04-08 13:17:23,163.0,22.0,194.9,30.0,159.75,16.0,195.78,32.0,178.95,31.90000000000001,38.0,62.0,3.752003464802448,100,-24.0,-78.0,-0.24,158.75,
2025-04-08 13:17:24,163.62,32.0,188.24,42.0,161.33,72.0,189.0,45.0,175.93,24.620000000000005,104.0,87.0,3.4481545788836714,191,17.0,91.0,0.09,158.75,
2025-04-08 13:17:25,165.0,24.0,182.54,35.0,163.0,24.0,183.52,31.0,173.77,17.539999999999992,48.0,66.0,3.219864903977172,114,-18.0,-77.0,-0.16,163.4,5.0
2025-04-08 13:17:26,161.0,70.0,178.43,42.0,159.0,14.0,179.64,42.0,169.71,17.430000000000007,84.0,84.0,4.042650120879932,168,0.0,54.0,0.0,163.4,
2025-04-08 13:17:27,160.8,60.0,172.33,54.0,158.23,26.0,173.5,54.0,166.57,11.53,86.0,108.0,4.918036193424809,194,-22.0,26.0,-0.11,160.29,7.0
2025-04-08 13:17:28,158.0,22.0,170.0,33.0,157.0,55.0,178.94,31.0,164.0,12.0,77.0,64.0,4.930180524059961,141,13.0,-53.0,0.09,160.29,
2025-04-08 13:17:29,159.2,20.0,167.5,20.0,157.08,38.0,175.26,38.0,163.35,8.300000000000011,58.0,58.0,4.316607464179059,116,0.0,-25.0,0.0,158.0,1.0
2025-04-08 13:17:30,158.9,58.0,165.93,54.0,157.17,24.0,166.5,40.0,162.41,7.030000000000001,82.0,94.0,2.9522567638662136,176,-12.0,60.0,-0.07,159.6,5.0
2025-04-08 13:17:31,157.1,73.0,161.67,24.0,156.33,18.0,163.56,27.0,159.38,4.569999999999993,91.0,51.0,2.608595407452511,142,40.0,-34.0,0.28,164.0,1.0
2025-04-08 13:17:32,157.0,38.0,159.57,14.0,156.0,7.0,162.5,12.0,158.29,2.569999999999993,45.0,26.0,2.5148618251850765,71,19.0,-71.0,0.27,157.0,2.0
2025-04-08 13:17:33,157.0,44.0,161.13,15.0,156.0,11.0,164.27,11.0,159.07,4.129999999999996,55.0,26.0,2.2334950189708977,81,29.0,10.0,0.36,161.0,1.0
2025-04-08 13:17:34,157.0,29.0,158.08,39.0,139.5,28.0,357.8,25.0,157.54,1.0800000000000125,57.0,64.0,1.8602338562023508,121,-7.0,40.0,-0.06,157.0,3.0
2025-04-08 13:17:35,156.08,26.0,158.0,40.0,131.5,50.0,382.12,32.0,157.04,1.9199999999999875,76.0,72.0,0.9897120792208216,148,4.0,27.0,0.03,157.0,1.0
2025-04-08 13:17:36,156.0,13.0,262.1,48.0,106.0,70.0,412.34,41.0,209.05,106.10000000000002,83.0,89.0,22.849883369501253,172,-6.0,24.0,-0.03,156.0,3.0
2025-04-08 13:17:37,158.59,37.0,408.0,35.0,129.15,34.0,451.0,28.0,283.3,249.41,71.0,63.0,55.03015218950377,134,8.0,-38.0,0.06,156.0,1.0
2025-04-08 13:17:38,161.0,104.0,355.28,36.0,154.0,59.0,494.53,34.0,258.14,194.28,163.0,70.0,57.45138014008065,233,93.0,99.0,0.4,156.0,
2025-04-08 13:17:39,162.1,58.0,314.22,46.0,160.13,108.0,457.28,43.0,238.16,152.12000000000003,166.0,89.0,48.62531254398414,255,77.0,22.0,0.3,163.0,7.0
2025-04-08 13:17:40,161.0,156.0,244.19,59.0,150.73,41.0,449.54,52.0,202.59,83.19,197.0,111.0,33.72461371165266,308,86.0,53.0,0.28,161.0,1.0
2025-04-08 13:17:41,161.0,128.0,338.55,44.0,157.68,25.0,668.1,40.0,249.77,177.55,153.0,84.0,29.571979473823447,237,69.0,-71.0,0.29,161.0,4.0
2025-04-08 13:17:42,161.0,60.0,235.57,28.0,159.0,20.0,318.75,24.0,198.29,74.57,80.0,52.0,27.405609827189437,132,28.0,-105.0,0.21,161.0,5.0
2025-04-08 13:17:43,161.0,12.0,235.0,8.0,159.0,8.0,351.0,12.0,198.0,74.0,20.0,20.0,24.696535587002405,40,0.0,-92.0,0.0,161.0,
2025-04-08 13:17:44,163.0,13.0,233.9,20.0,161.0,24.0,372.68,22.0,198.45,70.9,37.0,42.0,22.63518058244804,79,-5.0,39.0,-0.06,163.0,1.0
2025-04-08 13:17:45,161.0,12.0,231.61,41.0,159.67,27.0,232.5,40.0,196.3,70.61000000000001,39.0,81.0,23.27540697818248,120,-42.0,41.0,-0.35,161.5,4.0
2025-04-08 13:17:46,159.17,12.0,230.38,32.0,157.42,19.0,231.48,31.0,194.77,71.21000000000001,31.0,63.0,1.5888895493283035,94,-32.0,-26.0,-0.34,161.5,
2025-04-08 13:17:47,161.47,15.0,229.76,33.0,160.0,9.0,230.5,40.0,195.61,68.28999999999999,24.0,73.0,1.5650974410437628,97,-49.0,3.0,-0.51,162.0,1.0
2025-04-08 13:17:48,162.55,11.0,227.52,42.0,160.0,11.0,228.67,24.0,195.03,64.97,22.0,66.0,1.474218436989056,88,-44.0,-9.0,-0.5,162.0,
2025-04-08 13:17:49,164.23,13.0,223.68,56.0,160.0,13.0,224.9,40.0,193.95,59.45000000000002,26.0,96.0,0.8847711568273016,122,-70.0,34.0,-0.57,162.0,
2025-04-08 13:17:50,160.64,11.0,221.42,38.0,157.33,27.0,222.02,51.0,191.03,60.78,38.0,89.0,1.805469468018691,127,-51.0,5.0,-0.4,161.33,3.0
2025-04-08 13:17:51,160.85,13.0,216.36,22.0,157.25,24.0,219.0,40.0,188.6,55.51000000000002,37.0,62.0,2.956125843048789,99,-25.0,-28.0,-0.25,161.33,
2025-04-08 13:17:52,159.0,15.0,211.2,51.0,157.0,45.0,213.71,65.0,185.1,52.19999999999999,60.0,116.0,4.036752407558501,176,-56.0,77.0,-0.32,161.33,
2025-04-08 13:17:53,159.0,11.0,204.18,39.0,157.0,33.0,205.55,44.0,181.59,45.18000000000001,44.0,83.0,4.858675745500476,127,-39.0,-49.0,-0.31,161.33,
2025-04-08 13:17:54,157.75,24.0,198.84,45.0,156.2,88.0,199.83,48.0,178.3,41.09,112.0,93.0,5.143445343337233,205,19.0,78.0,0.09,159.0,1.0
2025-04-08 13:17:55,159.0,20.0,197.4,30.0,157.0,30.0,198.37,38.0,178.2,38.400000000000006,50.0,68.0,4.495199661848571,118,-18.0,-87.0,-0.15,159.0,
2025-04-08 13:17:56,159.69,13.0,194.47,43.0,158.5,24.0,195.3,46.0,177.08,34.78,37.0,89.0,3.285571487560571,126,-52.0,8.0,-0.41,159.0,
2025-04-08 13:17:57,162.17,24.0,190.97,37.0,159.04,23.0,191.82,45.0,176.57,28.80000000000001,47.0,82.0,1.9560086911519008,129,-35.0,3.0,-0.27,159.0,
2025-04-08 13:17:58,164.0,191.0,174.96,46.0,160.0,17.0,176.35,72.0,169.48,10.960000000000008,208.0,118.0,3.677781940225476,326,90.0,168.0,0.28,164.0,6.0
2025-04-08 13:17:59,164.0,26.0,165.0,16.0,162.25,16.0,174.4,30.0,164.5,1.0,42.0,46.0,5.935779645491709,88,-4.0,-168.0,-0.05,164.0,5.0
2025-04-08 13:18:00,163.06,32.0,192.65,40.0,161.64,25.0,256.6,40.0,177.86,29.590000000000003,57.0,80.0,5.865221223435086,137,-23.0,49.0,-0.17,164.0,2.0
2025-04-08 13:18:01,163.0,21.0,183.23,26.0,162.0,28.0,188.17,23.0,173.12,20.22999999999999,49.0,49.0,5.445436621596939,98,0.0,-39.0,0.0,164.0,
2025-04-08 13:18:02,163.0,26.0,182.26,46.0,162.0,52.0,214.35,34.0,172.63,19.25999999999999,78.0,80.0,4.935323697572922,158,-2.0,60.0,-0.01,163.0,1.0
2025-04-08 13:18:03,163.0,16.0,178.41,37.0,162.0,32.0,179.46,35.0,170.7,15.409999999999997,48.0,72.0,4.838586570458999,120,-24.0,-38.0,-0.2,163.0,
2025-04-08 13:18:04,157.21,68.0,176.24,42.0,158.92,37.0,177.17,48.0,166.72,19.03,105.0,90.0,4.041878276226116,195,15.0,75.0,0.08,161.33,9.0
2025-04-08 13:18:05,156.0,161.0,174.88,34.0,155.0,52.0,176.26,43.0,165.44,18.879999999999995,213.0,77.0,3.4751575503587224,290,136.0,95.0,0.47,156.0,3.0
2025-04-08 13:18:06,156.0,114.0,171.35,71.0,116.23,53.0,172.26,46.0,163.68,15.349999999999994,167.0,117.0,3.7230202792632,284,50.0,-6.0,0.18,156.0,6.0
2025-04-08 13:18:07,157.05,38.0,165.63,52.0,155.81,63.0,167.7,30.0,161.34,8.579999999999984,101.0,82.0,3.504323044439956,183,19.0,-101.0,0.1,165.0,1.0
2025-04-08 13:18:08,158.12,34.0,162.49,65.0,157.0,34.0,163.35,43.0,160.3,4.3700000000000045,68.0,108.0,2.695826403866144,176,-40.0,-7.0,-0.23,165.0,
2025-04-08 13:18:09,157.44,39.0,182.82,39.0,155.57,56.0,269.28,25.0,170.13,25.379999999999995,95.0,64.0,3.8845874941601504,159,31.0,-17.0,0.19,158.6,10.0
2025-04-08 13:18:12,155.0,20.0,373.8,10.0,147.0,55.0,458.8,20.0,264.4,218.8,75.0,30.0,90.81533422280778,105,45.0,-31.0,0.43,158.6,
2025-04-08 13:18:13,151.86,42.0,369.0,14.0,138.56,41.0,543.0,28.0,260.43,217.14,83.0,42.0,73.38671133114215,125,41.0,20.0,0.33,155.0,4.0
2025-04-08 13:18:14,138.8,60.0,346.56,36.0,59.33,36.0,488.57,28.0,242.68,207.76,96.0,64.0,50.418371155764895,160,32.0,35.0,0.2,155.0,
2025-04-08 13:18:15,117.66,61.0,261.43,28.0,114.43,51.0,353.69,26.0,189.54,143.77,112.0,54.0,54.29260566596793,166,58.0,6.0,0.35,155.0,
2025-04-08 13:18:16,142.88,68.0,249.42,48.0,126.63,60.0,309.0,48.0,196.15,106.54,128.0,96.0,35.53488919358184,224,32.0,58.0,0.14,155.0,
2025-04-08 13:18:17,161.0,50.0,247.18,34.0,149.62,102.0,248.46,26.0,204.09,86.18,152.0,60.0,31.17939656247497,212,92.0,-12.0,0.43,155.0,
2025-04-08 13:18:18,161.0,20.0,245.67,12.0,153.0,44.0,246.67,12.0,203.33,84.66999999999999,64.0,24.0,20.72105619894932,88,40.0,-124.0,0.45,155.0,
2025-04-08 13:18:19,161.0,55.0,243.4,30.0,159.0,110.0,244.67,36.0,202.2,82.4,165.0,66.0,6.174380130828759,231,99.0,143.0,0.43,155.0,
2025-04-08 13:18:20,162.56,18.0,241.24,34.0,160.27,55.0,242.2,20.0,201.9,78.68,73.0,54.0,3.1354313897749404,127,19.0,-104.0,0.15,161.8,5.0
2025-04-08 13:18:21,159.2,61.0,239.0,18.0,135.94,51.0,240.0,36.0,199.1,79.80000000000001,112.0,54.0,1.9052637612648704,166,58.0,39.0,0.35,159.57,7.0
2025-04-08 13:18:22,159.02,99.0,209.13,23.0,151.33,73.0,228.56,25.0,184.08,50.10999999999999,172.0,48.0,8.002513355188363,220,124.0,54.0,0.56,159.0,2.0
2025-04-08 13:18:23,161.0,12.0,196.71,28.0,159.0,39.0,208.24,17.0,178.86,35.71000000000001,51.0,45.0,10.957943237667472,96,6.0,-124.0,0.06,159.0,
2025-04-08 13:18:24,161.0,36.0,195.89,36.0,159.0,27.0,305.08,26.0,178.44,34.889999999999986,63.0,62.0,11.242627806697048,125,1.0,29.0,0.01,159.0,
2025-04-08 13:18:25,161.0,44.0,193.62,45.0,159.0,37.0,240.13,30.0,177.31,32.620000000000005,81.0,75.0,9.070954745774667,156,6.0,31.0,0.04,159.0,
2025-04-08 13:18:26,161.0,52.0,190.67,57.0,159.0,91.0,192.06,54.0,175.83,29.669999999999987,143.0,111.0,3.122439751199022,254,32.0,98.0,0.13,159.0,
2025-04-08 13:18:27,164.0,63.0,186.74,27.0,161.0,36.0,187.88,33.0,175.37,22.74000000000001,99.0,60.0,1.5430392087885252,159,39.0,-95.0,0.25,159.0,
2025-04-08 13:18:28,164.0,73.0,183.2,41.0,161.0,44.0,184.57,28.0,173.6,19.19999999999999,117.0,69.0,1.8570810428877995,186,48.0,27.0,0.26,164.0,4.0
2025-04-08 13:18:29,164.95,63.0,180.21,42.0,163.68,38.0,180.65,34.0,172.58,15.26000000000002,101.0,76.0,1.868092610083104,177,25.0,-9.0,0.14,164.0,
2025-04-08 13:18:30,165.0,66.0,175.49,43.0,164.0,55.0,176.33,48.0,170.24,10.490000000000007,121.0,91.0,2.2587009540529444,212,30.0,35.0,0.14,164.0,
2025-04-08 13:18:31,164.36,44.0,171.88,34.0,162.15,52.0,173.62,47.0,168.12,7.519999999999982,96.0,81.0,2.8462115170576405,177,15.0,-35.0,0.08,164.75,8.0
2025-04-08 13:18:32,163.52,25.0,167.5,24.0,160.75,32.0,168.36,33.0,165.51,3.9799999999999898,57.0,57.0,3.292719240965011,114,0.0,-63.0,0.0,164.0,3.0
2025-04-08 13:18:33,161.6,50.0,163.58,24.0,159.89,36.0,164.62,39.0,162.59,1.9800000000000184,86.0,63.0,3.914469312666737,149,23.0,35.0,0.15,162.0,2.0
2025-04-08 13:18:34,160.22,27.0,167.94,18.0,159.36,50.0,334.19,27.0,164.08,7.719999999999999,77.0,45.0,3.080920317015776,122,32.0,-27.0,0.26,161.6,10.0
2025-04-08 13:18:35,159.0,24.0,244.33,6.0,158.0,12.0,440.33,24.0,201.67,85.33000000000001,36.0,30.0,16.49228395340783,66,6.0,-56.0,0.09,161.6,
2025-04-08 13:18:36,159.0,44.0,300.33,9.0,158.0,18.0,615.0,36.0,229.67,141.32999999999998,62.0,45.0,29.969043695118103,107,17.0,41.0,0.16,161.6,
2025-04-08 13:18:37,159.0,48.0,425.0,8.0,158.0,16.0,520.36,11.0,292.0,266.0,64.0,19.0,53.70440456796847,83,45.0,-24.0,0.54,161.6,
2025-04-08 13:18:38,159.0,17.0,361.4,10.0,158.0,14.0,405.91,22.0,260.2,202.4,31.0,32.0,49.75703799464088,63,-1.0,-20.0,-0.02,159.0,5.0
2025-04-08 13:18:39,159.0,11.0,213.87,15.0,158.0,22.0,316.36,11.0,186.43,54.870000000000005,33.0,26.0,42.945670678197125,59,7.0,-4.0,0.12,159.0,
2025-04-08 13:18:40,159.0,101.0,168.0,33.0,158.0,22.0,260.55,11.0,163.5,9.0,123.0,44.0,52.465454825057215,167,79.0,108.0,0.47,159.0,
2025-04-08 13:18:41,159.0,72.0,168.0,27.0,158.0,18.0,336.0,9.0,163.5,9.0,90.0,36.0,59.3195278133605,126,54.0,-41.0,0.43,159.0,3.0
2025-04-08 13:18:42,159.0,77.0,168.0,33.0,158.0,22.0,328.0,11.0,163.5,9.0,99.0,44.0,41.87602989778178,143,55.0,17.0,0.38,159.0,
2025-04-08 13:18:43,159.0,70.0,167.1,30.0,158.0,20.0,286.6,10.0,163.05,8.099999999999994,90.0,40.0,10.30676137299255,130,50.0,-13.0,0.38,159.0,
2025-04-08 13:18:44,159.0,63.0,166.44,27.0,158.0,18.0,263.0,9.0,162.72,7.439999999999998,81.0,36.0,0.356482818360206,117,45.0,-13.0,0.38,159.0,
2025-04-08 13:18:45,159.47,86.0,166.0,42.0,158.72,58.0,254.72,29.0,162.73,6.530000000000001,144.0,71.0,0.3885228433248472,215,73.0,98.0,0.34,159.0,
2025-04-08 13:18:46,163.07,61.0,166.0,39.0,161.33,67.0,324.31,13.0,164.53,2.930000000000007,128.0,52.0,0.7544070517872407,180,76.0,-35.0,0.42,165.0,3.0
2025-04-08 13:18:47,165.0,22.0,166.0,33.0,164.0,55.0,327.0,11.0,165.5,1.0,77.0,44.0,1.25025197451891,121,33.0,-59.0,0.27,165.0,
2025-04-08 13:18:48,164.4,20.0,166.0,24.0,163.56,36.0,368.25,8.0,165.2,1.5999999999999943,56.0,32.0,1.3350767767400866,88,24.0,-33.0,0.27,164.5,4.0
2025-04-08 13:18:49,164.0,27.0,165.33,27.0,163.0,36.0,409.78,9.0,164.67,1.3300000000000125,63.0,36.0,1.0781140940516234,99,27.0,11.0,0.27,164.5,
2025-04-08 13:18:50,163.2,30.0,227.5,12.0,161.29,14.0,388.25,8.0,195.35,64.30000000000001,44.0,20.0,13.589792124967444,64,24.0,-35.0,0.38,164.0,3.0
2025-04-08 13:18:51,163.0,32.0,356.8,10.0,159.0,8.0,382.05,22.0,259.9,193.8,40.0,32.0,41.14442404506263,72,8.0,8.0,0.11,164.0,
2025-04-08 13:18:52,162.28,39.0,216.47,43.0,158.36,22.0,233.76,25.0,189.37,54.19,61.0,68.0,38.89642104358643,129,-7.0,57.0,-0.05,163.0,4.0
2025-04-08 13:18:53,159.0,9.0,203.0,45.0,158.0,18.0,204.0,27.0,181.0,44.0,27.0,72.0,36.44510076814125,99,-45.0,-30.0,-0.45,163.0,
2025-04-08 13:18:54,156.04,170.0,200.61,38.0,155.18,68.0,201.82,34.0,178.32,44.57000000000002,238.0,72.0,33.728871460515606,310,166.0,168.0,0.54,158.5,2.0
2025-04-08 13:18:55,156.0,194.0,197.83,54.0,155.0,96.0,198.64,42.0,176.92,41.83000000000001,290.0,96.0,35.435588325861964,386,194.0,76.0,0.5,156.0,9.0
2025-04-08 13:18:56,157.16,76.0,168.47,17.0,156.15,141.0,193.0,33.0,162.81,11.310000000000002,217.0,50.0,9.614865053647964,267,167.0,-119.0,0.63,156.0,
2025-04-08 13:18:57,156.62,95.0,159.38,37.0,155.91,125.0,161.14,21.0,158.0,2.759999999999991,220.0,58.0,10.293983679792136,278,162.0,11.0,0.58,158.67,3.0
2025-04-08 13:18:58,156.55,91.0,159.04,23.0,155.64,112.0,242.87,15.0,157.8,2.4899999999999807,203.0,38.0,10.117811028073296,241,165.0,-37.0,0.68,158.0,6.0
2025-04-08 13:18:59,156.54,134.0,210.0,18.0,155.33,132.0,376.47,57.0,183.27,53.46000000000001,266.0,75.0,11.655764668172022,341,191.0,100.0,0.56,157.25,4.0
2025-04-08 13:19:00,155.62,141.0,216.73,22.0,153.61,67.0,327.11,28.0,186.17,61.10999999999999,208.0,50.0,13.976206566869903,258,158.0,-83.0,0.61,162.0,3.0
2025-04-08 13:19:01,155.8,79.0,215.18,22.0,154.26,141.0,314.0,55.0,185.49,59.38,220.0,77.0,14.869392388387713,297,143.0,39.0,0.48,162.0,
2025-04-08 13:19:02,164.0,9.0,213.33,18.0,155.0,171.0,321.89,45.0,188.67,49.33000000000001,180.0,63.0,12.71336698124758,243,117.0,-54.0,0.48,162.0,
2025-04-08 13:19:03,164.47,17.0,212.85,26.0,156.19,111.0,375.38,65.0,188.66,48.38,128.0,91.0,2.2871860440092244,219,37.0,-24.0,0.17,162.0,
2025-04-08 13:19:04,155.51,158.0,183.06,17.0,127.75,16.0,236.14,28.0,169.28,27.55000000000001,174.0,45.0,8.162924108424322,219,129.0,0.0,0.59,160.8,5.0
2025-04-08 13:19:05,155.0,294.0,166.5,24.0,113.22,45.0,192.2,20.0,160.75,11.5,339.0,44.0,12.80196274013742,383,295.0,164.0,0.77,155.0,1.0
2025-04-08 13:19:06,155.0,312.0,162.08,26.0,115.0,52.0,164.0,26.0,158.54,7.0800000000000125,364.0,52.0,14.69366360033592,416,312.0,33.0,0.75,155.0,
2025-04-08 13:19:07,155.61,248.0,158.72,25.0,151.92,208.0,161.73,22.0,157.17,3.109999999999985,456.0,47.0,13.053208417848918,503,409.0,87.0,0.81,159.0,1.0
2025-04-08 13:19:08,156.0,219.0,270.33,36.0,155.0,272.0,333.65,40.0,213.17,114.32999999999998,491.0,76.0,23.610340319441164,567,415.0,64.0,0.73,156.67,3.0
2025-04-08 13:19:09,156.1,126.0,344.2,30.0,155.29,186.0,357.75,24.0,250.15,188.1,312.0,54.0,42.00322820926886,366,258.0,-168.0,0.7,157.0,4.0
2025-04-08 13:19:10,156.0,336.0,309.24,50.0,155.0,168.0,318.0,22.0,232.62,153.24,504.0,72.0,42.65774197024497,576,432.0,168.0,0.75,157.0,
2025-04-08 13:19:11,156.0,258.0,271.3,30.0,155.0,87.0,284.61,46.0,213.65,115.3,345.0,76.0,34.93525325512985,421,269.0,-155.0,0.64,156.0,3.0
2025-04-08 13:19:12,156.02,251.0,275.17,36.0,155.89,81.0,284.84,58.0,215.6,119.15,332.0,94.0,16.18418271029232,426,238.0,5.0,0.56,156.0,
2025-04-08 13:19:13,156.59,37.0,279.5,30.0,156.0,253.0,285.0,50.0,218.05,122.91,290.0,80.0,15.418583916823556,370,210.0,-56.0,0.57,158.0,1.0
2025-04-08 13:19:14,158.49,41.0,276.98,45.0,156.15,242.0,281.12,43.0,217.73,118.49,283.0,88.0,7.52990371785019,371,195.0,1.0,0.53,162.0,1.0
2025-04-08 13:19:15,158.0,30.0,262.68,31.0,156.0,252.0,272.39,41.0,210.34,104.68,282.0,72.0,3.1869311257178805,354,210.0,-17.0,0.59,158.0,3.0
2025-04-08 13:19:16,156.06,167.0,260.23,40.0,155.96,141.0,262.06,47.0,208.14,104.17000000000002,308.0,87.0,4.489061149067076,395,221.0,41.0,0.56,157.5,4.0
2025-04-08 13:19:17,158.0,48.0,259.08,36.0,155.99,194.0,262.0,60.0,208.54,101.07999999999998,242.0,96.0,4.936957565146336,338,146.0,-57.0,0.43,156.67,3.0
2025-04-08 13:19:18,163.0,30.0,256.56,34.0,156.0,150.0,258.22,46.0,209.78,93.56,180.0,80.0,3.9180326695991705,260,100.0,-78.0,0.38,156.67,
2025-04-08 13:19:19,163.0,42.0,254.43,42.0,156.0,238.0,257.0,70.0,208.71,91.43,280.0,112.0,0.9202282325794752,392,168.0,132.0,0.43,156.67,
2025-04-08 13:19:20,163.0,24.0,251.47,32.0,156.0,136.0,255.12,32.0,207.23,88.47,160.0,64.0,0.9252837402834188,224,96.0,-168.0,0.43,156.67,
2025-04-08 13:19:21,161.92,39.0,248.28,57.0,157.1,101.0,249.02,63.0,205.1,86.36000000000001,140.0,120.0,1.7947896812800903,260,20.0,36.0,0.08,163.25,4.0
2025-04-08 13:19:22,158.0,27.0,236.0,33.0,156.0,151.0,247.54,39.0,197.0,78.0,178.0,72.0,5.099140123591088,250,106.0,-10.0,0.42,163.25,
2025-04-08 13:19:23,158.0,23.0,222.94,48.0,156.0,160.0,226.75,44.0,190.47,64.94,183.0,92.0,7.737633359108893,275,91.0,25.0,0.33,158.0,1.0
2025-04-08 13:19:24,158.0,22.0,220.82,55.0,156.0,176.0,222.0,33.0,189.41,62.81999999999999,198.0,88.0,8.169563635835955,286,110.0,11.0,0.38,158.0,
2025-04-08 13:19:25,158.0,20.0,220.0,50.0,156.0,160.0,292.85,39.0,189.0,62.0,180.0,89.0,6.901936684725015,269,91.0,-17.0,0.34,158.0,
2025-04-08 13:19:26,156.19,108.0,220.0,60.0,155.35,115.0,442.41,51.0,188.09,63.81,223.0,111.0,3.5729861460596464,334,112.0,65.0,0.34,157.0,4.0
2025-04-08 13:19:27,156.0,98.0,218.52,31.0,155.0,21.0,341.37,19.0,187.26,62.52000000000001,119.0,50.0,1.2314747256535317,169,69.0,-165.0,0.41,157.0,
2025-04-08 13:19:28,156.0,126.0,214.89,37.0,155.0,43.0,216.65,17.0,185.45,58.88999999999999,169.0,54.0,1.5749190455124722,223,115.0,54.0,0.52,157.0,
2025-04-08 13:19:29,156.0,135.0,212.92,60.0,155.0,40.0,215.0,12.0,184.46,56.91999999999999,175.0,72.0,1.8708474015569745,247,103.0,24.0,0.42,157.0,
2025-04-08 13:19:30,156.0,18.0,213.5,10.0,155.0,18.0,299.62,26.0,184.75,57.5,36.0,36.0,1.596267521409818,72,0.0,-168.0,0.0,157.0,
2025-04-08 13:19:31,156.0,42.0,214.0,13.0,155.0,33.0,307.55,44.0,185.0,58.0,75.0,57.0,1.109833320775909,132,18.0,60.0,0.14,157.0,
2025-04-08 13:19:32,156.22,27.0,211.24,21.0,155.4,30.0,212.05,42.0,183.73,55.02000000000001,57.0,63.0,0.6424717891866303,120,-6.0,-12.0,-0.05,157.0,
2025-04-08 13:19:33,145.32,56.0,206.48,71.0,136.96,105.0,207.82,38.0,175.9,61.16,161.0,109.0,3.868716841523855,270,52.0,150.0,0.19,155.88,8.0
2025-04-08 13:19:41,129.0,10.0,153.77,13.0,72.0,50.0,228.04,23.0,141.38,24.77000000000001,60.0,36.0,18.6961873118444,96,24.0,-113.0,0.25,152.33,3.0
2025-04-08 13:19:45,122.83,53.0,445.7,43.0,112.86,35.0,528.23,26.0,284.26,322.87,88.0,69.0,83.16371203836421,157,19.0,-21.0,0.12,152.33,
2025-04-08 13:19:46,148.19,31.0,248.83,24.0,147.29,73.0,407.86,59.0,198.51,100.64,104.0,83.0,77.36120138674183,187,21.0,30.0,0.11,154.0,1.0
2025-04-08 13:19:47,152.9,42.0,168.41,51.0,150.96,54.0,315.55,33.0,160.66,15.509999999999993,96.0,84.0,67.0363282109042,180,12.0,-7.0,0.07,154.0,
2025-04-08 13:19:48,160.82,22.0,188.24,41.0,153.06,52.0,246.35,23.0,174.53,27.420000000000016,74.0,64.0,61.3743673694491,138,10.0,-42.0,0.07,155.0,5.0
2025-04-08 13:19:49,164.0,35.0,212.35,23.0,157.0,14.0,262.29,14.0,188.17,48.35,49.0,37.0,48.55604421696632,86,12.0,-52.0,0.14,155.0,
2025-04-08 13:19:50,161.29,31.0,227.12,17.0,157.88,34.0,238.0,12.0,194.2,65.83000000000001,65.0,29.0,15.518670368298046,94,36.0,8.0,0.38,163.0,6.0
2025-04-08 13:19:51,159.82,22.0,226.83,18.0,157.87,30.0,228.0,12.0,193.33,67.01000000000002,52.0,30.0,14.372855318268751,82,22.0,-12.0,0.27,163.0,
2025-04-08 13:19:52,163.0,20.0,224.6,30.0,158.0,70.0,239.92,26.0,193.8,61.6,90.0,56.0,8.347312741231256,146,34.0,64.0,0.23,163.0,
2025-04-08 13:19:53,163.0,24.0,223.0,26.0,159.16,69.0,228.68,37.0,193.0,60.0,93.0,63.0,2.463117942758978,156,30.0,10.0,0.19,163.0,
2025-04-08 13:19:54,163.0,24.0,192.1,30.0,162.0,48.0,205.5,28.0,177.55,29.099999999999994,72.0,58.0,7.184436651535731,130,14.0,-26.0,0.11,163.0,
2025-04-08 13:19:55,163.0,22.0,173.46,26.0,162.0,44.0,174.55,29.0,168.23,10.460000000000008,66.0,55.0,11.6982763687606,121,11.0,-9.0,0.09,163.0,
2025-04-08 13:19:56,163.0,16.0,170.95,21.0,162.0,32.0,172.46,26.0,166.98,7.949999999999989,48.0,47.0,12.975525808223534,95,1.0,-26.0,0.01,163.0,
2025-04-08 13:19:57,163.0,22.0,169.56,32.0,162.0,44.0,170.72,39.0,166.28,6.560000000000002,66.0,71.0,11.3461654315388,137,-5.0,42.0,-0.04,163.0,
2025-04-08 13:19:58,163.0,20.0,167.89,27.0,162.0,44.0,168.64,25.0,165.44,4.889999999999986,64.0,52.0,4.944535367435166,116,12.0,-21.0,0.1,162.33,6.0
2025-04-08 13:19:59,158.15,80.0,164.04,28.0,156.94,34.0,165.65,20.0,161.09,5.889999999999986,114.0,48.0,2.7225594575325625,162,66.0,46.0,0.41,162.33,
2025-04-08 13:20:00,158.05,166.0,183.69,32.0,156.42,38.0,243.46,39.0,170.87,25.639999999999983,204.0,71.0,3.503222801907239,275,133.0,113.0,0.48,158.25,16.0
2025-04-08 13:20:02,158.0,34.0,407.62,16.0,156.0,16.0,514.0,16.0,282.81,249.62,50.0,32.0,73.78773082294968,82,18.0,-23.0,0.22,158.0,2.0
2025-04-08 13:20:04,158.27,22.0,213.0,10.0,156.22,36.0,524.0,10.0,185.64,54.72999999999999,58.0,20.0,72.9681668948883,78,38.0,-14.0,0.49,158.0,
2025-04-08 13:20:05,159.0,60.0,250.0,20.0,158.0,40.0,477.2,20.0,204.5,91.0,100.0,40.0,64.17278371708919,140,60.0,62.0,0.43,158.0,
2025-04-08 13:20:06,159.29,51.0,244.89,18.0,158.16,38.0,356.33,18.0,202.09,85.6,89.0,36.0,61.067535155761696,125,53.0,-15.0,0.42,158.0,
2025-04-08 13:20:07,164.0,13.0,412.8,20.0,159.5,48.0,592.11,18.0,288.4,248.8,61.0,38.0,62.08420628469205,99,23.0,-26.0,0.23,164.0,2.0
2025-04-08 13:20:10,159.0,78.0,168.85,52.0,158.0,97.0,367.14,42.0,163.92,9.849999999999994,175.0,94.0,84.35183104118333,269,81.0,155.0,0.3,162.25,4.0
2025-04-08 13:20:11,159.0,42.0,168.0,28.0,158.0,63.0,169.0,28.0,163.5,9.0,105.0,56.0,93.32780357428489,161,49.0,-108.0,0.3,159.0,5.0
2025-04-08 13:20:12,159.0,5.0,168.0,20.0,158.0,45.0,225.75,16.0,163.5,9.0,50.0,36.0,100.77659113107651,86,14.0,-75.0,0.16,159.0,
2025-04-08 13:20:13,159.0,7.0,168.0,28.0,158.0,63.0,305.71,14.0,163.5,9.0,70.0,42.0,73.31418634889133,112,28.0,26.0,0.25,159.0,
2025-04-08 13:20:14,159.0,14.0,165.57,56.0,158.0,126.0,300.29,28.0,162.29,6.569999999999993,140.0,84.0,0.6155647811509253,224,56.0,112.0,0.25,159.0,
2025-04-08 13:20:15,159.0,10.0,162.65,34.0,158.0,82.0,267.26,23.0,160.82,3.6500000000000057,92.0,57.0,1.1853353954852632,149,35.0,-75.0,0.23,159.0,
2025-04-08 13:20:16,158.11,35.0,159.38,52.0,156.36,110.0,207.4,15.0,158.75,1.2699999999999818,145.0,67.0,2.0173670959409717,212,78.0,63.0,0.37,158.25,4.0
2025-04-08 13:20:17,156.8,50.0,158.88,32.0,155.81,62.0,282.22,18.0,157.84,2.079999999999984,112.0,50.0,2.3636095277730345,162,62.0,-50.0,0.38,158.0,4.0
2025-04-08 13:20:18,156.0,80.0,157.75,32.0,155.0,32.0,344.79,28.0,156.88,1.75,112.0,60.0,2.21018777477676,172,52.0,10.0,0.3,158.0,
2025-04-08 13:20:19,156.0,74.0,321.29,42.0,155.0,44.0,492.7,33.0,238.64,165.29000000000002,118.0,75.0,35.83687877033729,193,43.0,21.0,0.22,156.0,4.0
2025-04-08 13:20:20,157.29,56.0,271.27,37.0,155.27,44.0,317.47,43.0,214.28,113.98,100.0,80.0,38.57344967720553,180,20.0,-13.0,0.11,159.57,7.0
2025-04-08 13:20:21,162.0,33.0,286.62,16.0,156.0,32.0,756.0,32.0,224.31,124.62,65.0,48.0,38.444061960203626,113,17.0,-67.0,0.15,162.0,3.0
2025-04-08 13:20:22,160.5,16.0,272.21,19.0,155.75,32.0,439.94,32.0,216.36,111.70999999999998,48.0,51.0,31.246935529744928,99,-3.0,-14.0,-0.03,159.0,4.0
2025-04-08 13:20:23,156.0,12.0,284.83,12.0,155.0,24.0,504.1,29.0,220.42,128.82999999999998,36.0,41.0,9.655491701622507,77,-5.0,-22.0,-0.06,159.0,
2025-04-08 13:20:24,157.57,28.0,243.83,36.0,155.5,40.0,460.52,46.0,200.7,86.26000000000002,68.0,82.0,8.981669109918405,150,-14.0,73.0,-0.09,159.0,
2025-04-08 13:20:25,164.0,14.0,240.4,20.0,158.0,14.0,283.57,14.0,202.2,76.4,28.0,34.0,10.74695398706304,62,-6.0,-88.0,-0.1,161.0,4.0
2025-04-08 13:20:26,156.0,13.0,211.47,30.0,155.0,40.0,241.33,24.0,183.73,55.47,53.0,54.0,14.534986068105088,107,-1.0,45.0,-0.01,156.0,1.0
2025-04-08 13:20:27,158.5,30.0,207.88,16.0,157.29,14.0,210.12,16.0,183.19,49.38,44.0,32.0,15.41544582553405,76,12.0,-31.0,0.16,156.0,
2025-04-08 13:20:28,158.93,45.0,204.75,32.0,157.82,33.0,206.46,26.0,181.84,45.81999999999999,78.0,58.0,10.18643068007317,136,20.0,60.0,0.15,158.71,7.0
2025-04-08 13:20:29,156.83,12.0,199.78,27.0,155.15,33.0,200.77,30.0,178.31,42.94999999999999,45.0,57.0,9.378487617943176,102,-12.0,-34.0,-0.12,158.71,
2025-04-08 13:20:30,155.11,27.0,195.45,22.0,147.59,27.0,196.65,23.0,175.28,40.339999999999975,54.0,45.0,3.5883352686010968,99,9.0,-3.0,0.09,158.71,
2025-04-08 13:20:31,138.74,70.0,190.83,30.0,132.69,29.0,192.5,44.0,164.79,52.09,99.0,74.0,7.331348443490283,173,25.0,74.0,0.14,158.71,
2025-04-08 13:20:32,154.14,28.0,183.59,29.0,152.43,23.0,185.39,41.0,168.86,29.450000000000017,51.0,70.0,6.941803079881535,121,-19.0,-52.0,-0.16,158.71,
2025-04-08 13:20:33,155.31,16.0,178.82,38.0,143.27,22.0,179.91,22.0,167.06,23.50999999999999,38.0,60.0,5.707972494663727,98,-22.0,-23.0,-0.22,156.0,5.0
2025-04-08 13:20:34,150.0,12.0,174.81,16.0,109.78,72.0,175.74,35.0,162.41,24.81,84.0,51.0,4.890342523772894,135,33.0,37.0,0.24,156.0,2.0
2025-04-08 13:20:35,160.36,25.0,171.69,35.0,123.36,75.0,172.43,40.0,166.02,11.329999999999984,100.0,75.0,2.424246274579374,175,25.0,40.0,0.14,156.0,
2025-04-08 13:20:36,163.93,58.0,166.35,31.0,162.43,28.0,168.38,39.0,165.14,2.4199999999999875,86.0,70.0,2.3916145173945424,156,16.0,-19.0,0.1,164.2,5.0
2025-04-08 13:20:37,163.0,10.0,165.7,30.0,162.0,40.0,170.7,30.0,164.35,2.6999999999999886,50.0,60.0,1.7631023792757163,110,-10.0,-46.0,-0.09,164.2,
2025-04-08 13:20:38,162.03,37.0,164.5,28.0,152.82,49.0,383.79,38.0,163.26,2.469999999999999,86.0,66.0,1.4404617314610728,152,20.0,42.0,0.13,163.0,1.0
2025-04-08 13:20:39,162.0,14.0,163.0,22.0,156.0,55.0,351.54,39.0,162.5,1.0,69.0,61.0,1.4122251944374593,130,8.0,-22.0,0.06,162.0,3.0
2025-04-08 13:20:40,156.38,32.0,354.05,22.0,121.65,51.0,575.67,18.0,255.21,197.67,83.0,40.0,40.88667716995225,123,43.0,-7.0,0.35,162.0,1.0
2025-04-08 13:20:41,158.97,38.0,322.4,20.0,152.32,57.0,589.64,22.0,240.69,163.42999999999998,95.0,42.0,46.6145800152696,137,53.0,14.0,0.39,162.0,
2025-04-08 13:20:42,161.0,12.0,343.85,13.0,160.0,36.0,490.95,20.0,252.42,182.85,48.0,33.0,47.723644349526175,81,15.0,-56.0,0.19,162.0,
2025-04-08 13:20:43,160.28,25.0,256.07,14.0,159.28,75.0,325.65,23.0,208.18,95.79,100.0,37.0,39.02767928022504,137,63.0,56.0,0.46,161.0,1.0
2025-04-08 13:20:44,160.0,24.0,166.5,8.0,159.0,128.0,236.5,10.0,163.25,6.5,152.0,18.0,38.733509394322994,170,134.0,33.0,0.79,161.0,
2025-04-08 13:20:45,160.0,33.0,164.36,11.0,159.0,176.0,241.47,17.0,162.18,4.360000000000014,209.0,28.0,42.15616242022051,237,181.0,67.0,0.76,161.0,
2025-04-08 13:20:46,160.0,20.0,223.7,10.0,159.0,160.0,355.82,22.0,191.85,63.69999999999999,180.0,32.0,37.29694129549984,212,148.0,-25.0,0.7,159.6,5.0
2025-04-08 13:20:47,159.0,126.0,216.56,9.0,156.0,72.0,368.44,27.0,187.78,57.56,198.0,36.0,19.736506023100844,234,162.0,22.0,0.69,159.6,
2025-04-08 13:20:48,159.0,154.0,216.0,11.0,156.0,88.0,233.43,21.0,187.5,57.0,242.0,32.0,14.527947893624708,274,210.0,40.0,0.77,159.6,
2025-04-08 13:20:49,159.0,98.0,215.38,8.0,156.22,36.0,247.0,8.0,187.19,56.38,134.0,16.0,11.958254471280462,150,118.0,-124.0,0.79,159.0,2.0
2025-04-08 13:20:50,159.23,78.0,212.22,36.0,158.92,78.0,213.0,24.0,185.73,52.99000000000001,156.0,60.0,2.2874330591131,216,96.0,66.0,0.44,159.0,
2025-04-08 13:20:51,162.0,6.0,209.53,15.0,159.0,72.0,210.2,15.0,185.77,47.53,78.0,30.0,0.9757202467496816,108,48.0,-108.0,0.44,159.0,
2025-04-08 13:20:52,162.12,34.0,207.58,12.0,159.14,126.0,209.0,48.0,184.85,45.46000000000001,160.0,60.0,1.1065803178776723,220,100.0,112.0,0.45,159.0,
2025-04-08 13:20:53,162.67,18.0,192.52,23.0,159.14,126.0,193.15,34.0,177.59,29.850000000000023,144.0,57.0,3.803193395017413,201,87.0,-19.0,0.43,164.0,2.0
2025-04-08 13:20:54,162.0,14.0,184.31,32.0,159.0,168.0,189.42,33.0,173.16,22.31,182.0,65.0,5.7480431452703815,247,117.0,46.0,0.47,164.0,
2025-04-08 13:20:55,159.0,118.0,182.8,30.0,156.0,96.0,184.2,30.0,170.9,23.80000000000001,214.0,60.0,6.7132056426028575,274,154.0,27.0,0.56,159.6,5.0
2025-04-08 13:20:56,159.0,56.0,181.43,7.0,156.0,56.0,182.75,16.0,170.21,22.430000000000007,112.0,23.0,6.047426725464244,135,89.0,-139.0,0.66,159.6,
2025-04-08 13:20:57,159.0,72.0,165.82,11.0,156.0,88.0,168.55,11.0,162.41,6.819999999999993,160.0,22.0,5.531937273671564,182,138.0,47.0,0.76,159.0,4.0
2025-04-08 13:20:58,159.0,35.0,160.0,10.0,156.0,80.0,161.0,10.0,159.5,1.0,115.0,20.0,5.926620453497812,135,95.0,-47.0,0.7,159.0,1.0
2025-04-08 13:20:59,159.0,26.0,193.42,12.0,156.12,116.0,478.88,16.0,176.21,34.41999999999999,142.0,28.0,6.783762230489933,170,114.0,35.0,0.67,160.5,6.0
2025-04-08 13:21:00,159.29,7.0,253.8,15.0,158.05,37.0,635.62,13.0,206.54,94.51000000000002,44.0,28.0,18.82773565779639,72,16.0,-98.0,0.22,160.5,
2025-04-08 13:21:01,160.0,7.0,229.0,21.0,159.0,147.0,441.84,25.0,194.5,69.0,154.0,46.0,20.36235914622572,200,108.0,128.0,0.54,160.5,
2025-04-08 13:21:02,160.0,11.0,226.0,11.0,159.0,231.0,227.0,33.0,193.0,66.0,242.0,44.0,18.31135713157037,286,198.0,86.0,0.69,160.5,
2025-04-08 13:21:03,160.0,17.0,225.73,11.0,159.0,189.0,229.12,25.0,192.86,65.72999999999999,206.0,36.0,10.80267189171026,242,170.0,-44.0,0.7,160.5,
2025-04-08 13:21:04,161.75,48.0,224.83,36.0,159.05,132.0,226.0,12.0,193.29,63.08000000000001,180.0,48.0,5.9063118779797215,228,132.0,-14.0,0.58,160.5,
2025-04-08 13:21:05,162.88,82.0,223.73,33.0,161.86,29.0,226.0,11.0,193.3,60.85,111.0,44.0,0.6486909895712587,155,67.0,-73.0,0.43,162.0,4.0
2025-04-08 13:21:06,163.17,96.0,221.67,36.0,162.0,36.0,222.65,34.0,192.42,58.5,132.0,70.0,0.3628773896908258,202,62.0,47.0,0.31,162.0,
2025-04-08 13:21:07,164.92,96.0,218.35,34.0,162.0,36.0,220.25,24.0,191.63,53.43000000000001,132.0,58.0,0.6994640805269721,190,74.0,-12.0,0.39,162.0,
2025-04-08 13:21:08,165.0,120.0,203.23,35.0,162.0,45.0,216.05,41.0,184.11,38.22999999999999,165.0,76.0,3.886097013706492,241,89.0,51.0,0.37,162.0,
2025-04-08 13:21:09,165.0,78.0,214.0,48.0,162.0,48.0,215.0,48.0,189.5,49.0,126.0,96.0,3.679710586436747,222,30.0,-19.0,0.14,165.0,5.0
2025-04-08 13:21:10,164.85,41.0,212.2,45.0,161.9,41.0,213.2,45.0,188.53,47.35,82.0,90.0,3.2677622312417105,172,-8.0,-50.0,-0.05,161.8,10.0
2025-04-08 13:21:11,159.0,240.0,211.08,36.0,156.64,154.0,212.83,36.0,185.04,52.08000000000001,394.0,72.0,3.135214506205662,466,322.0,168.0,0.69,161.8,
2025-04-08 13:21:12,159.56,256.0,199.84,57.0,158.52,151.0,205.32,53.0,179.7,40.28,407.0,110.0,3.901529187371338,517,297.0,51.0,0.57,161.8,
2025-04-08 13:21:13,163.0,66.0,181.55,33.0,159.0,220.0,182.77,35.0,172.27,18.55000000000001,286.0,68.0,7.124168021593716,354,218.0,-163.0,0.62,161.8,
2025-04-08 13:21:14,163.0,48.0,178.12,24.0,159.0,160.0,179.25,24.0,170.56,15.120000000000005,208.0,48.0,7.811481933658904,256,160.0,-98.0,0.62,161.8,
2025-04-08 13:21:15,163.0,60.0,177.5,30.0,159.0,200.0,179.0,30.0,170.25,14.5,260.0,60.0,6.538924223437753,320,200.0,64.0,0.62,161.8,
2025-04-08 13:21:16,163.0,114.0,174.32,57.0,159.0,380.0,175.37,57.0,168.66,11.319999999999991,494.0,114.0,4.337046229848657,608,380.0,168.0,0.62,161.8,
2025-04-08 13:21:17,163.0,70.0,170.08,50.0,159.0,340.0,171.88,50.0,166.54,7.0800000000000125,410.0,100.0,2.162436126185254,510,310.0,-98.0,0.61,163.0,4.0
2025-04-08 13:21:18,159.52,138.0,164.11,36.0,158.97,186.0,165.49,39.0,161.82,4.590000000000003,324.0,75.0,3.5858722787936004,399,249.0,-111.0,0.62,163.0,2.0
2025-04-08 13:21:19,159.0,292.0,162.36,47.0,158.0,19.0,163.45,55.0,160.68,3.3600000000000136,311.0,102.0,4.19416261008205,413,209.0,14.0,0.51,159.5,10.0
2025-04-08 13:21:20,159.05,82.0,162.1,30.0,158.9,58.0,200.72,32.0,160.57,3.049999999999983,140.0,62.0,3.7117489138949584,202,78.0,-168.0,0.39,160.75,4.0
2025-04-08 13:21:21,159.59,122.0,222.75,40.0,158.78,67.0,401.0,52.0,191.17,63.16,189.0,92.0,13.09425942922406,281,97.0,79.0,0.35,163.0,3.0
2025-04-08 13:21:22,163.0,21.0,416.33,15.0,159.15,82.0,542.67,27.0,289.67,253.33,103.0,42.0,55.71507847970735,145,61.0,-136.0,0.42,163.0,
2025-04-08 13:21:23,163.0,36.0,258.71,24.0,162.0,48.0,311.95,21.0,210.85,95.70999999999998,84.0,45.0,53.15942738593033,129,39.0,-16.0,0.3,163.0,
2025-04-08 13:21:24,163.0,33.0,208.0,11.0,162.0,44.0,209.0,44.0,185.5,45.0,77.0,55.0,49.28542299706907,132,22.0,3.0,0.17,163.0,
2025-04-08 13:21:25,163.0,24.0,207.12,8.0,162.0,32.0,225.0,32.0,185.06,44.120000000000005,56.0,40.0,44.42646002102857,96,16.0,-36.0,0.17,163.0,
2025-04-08 13:21:26,163.0,27.0,203.67,9.0,162.0,36.0,238.67,30.0,183.33,40.66999999999999,63.0,39.0,45.49088996711365,102,24.0,6.0,0.24,163.0,
2025-04-08 13:21:27,163.0,36.0,200.0,12.0,162.0,48.0,214.4,15.0,181.5,37.0,84.0,27.0,12.178746651438678,111,57.0,9.0,0.51,163.0,
2025-04-08 13:21:28,163.0,33.0,198.27,11.0,162.0,44.0,199.55,11.0,180.64,35.27000000000001,77.0,22.0,2.133654142521199,99,55.0,-12.0,0.56,163.0,
2025-04-08 13:21:29,163.78,54.0,196.47,15.0,162.67,49.0,198.2,15.0,180.12,32.69,103.0,30.0,2.042180207496964,133,73.0,34.0,0.55,164.0,4.0
2025-04-08 13:21:30,164.71,28.0,190.95,22.0,163.0,42.0,195.57,14.0,177.83,26.23999999999998,70.0,36.0,2.0082654206764814,106,34.0,-27.0,0.32,164.0,
2025-04-08 13:21:31,162.75,24.0,192.11,9.0,161.8,15.0,193.11,9.0,177.43,29.360000000000014,39.0,18.0,1.7858975334208818,57,21.0,-49.0,0.37,163.12,8.0
2025-04-08 13:21:32,161.2,15.0,189.31,13.0,159.47,15.0,190.31,13.0,175.25,28.110000000000014,30.0,26.0,2.182757430378459,56,4.0,-1.0,0.07,160.0,4.0
2025-04-08 13:21:33,157.07,28.0,183.23,13.0,157.31,26.0,185.0,13.0,170.15,26.16,54.0,26.0,3.775960804863001,80,28.0,24.0,0.35,158.2,5.0
2025-04-08 13:21:34,156.0,72.0,180.5,12.0,155.0,24.0,184.5,12.0,168.25,24.5,96.0,24.0,4.348668761799358,120,72.0,40.0,0.6,158.2,
2025-04-08 13:21:35,157.2,20.0,179.22,9.0,155.22,18.0,187.0,9.0,168.21,22.02000000000001,38.0,18.0,4.236616574560378,56,20.0,-64.0,0.36,156.0,4.0
2025-04-08 13:21:36,160.0,36.0,177.5,12.0,156.8,40.0,181.83,12.0,168.75,17.5,76.0,24.0,2.972359332219244,100,52.0,44.0,0.52,156.0,
2025-04-08 13:21:37,160.0,30.0,175.0,10.0,157.0,40.0,176.0,10.0,167.5,15.0,70.0,20.0,0.9881396661519972,90,50.0,-10.0,0.56,156.0,
2025-04-08 13:21:38,160.0,21.0,174.71,7.0,157.0,28.0,175.71,7.0,167.36,14.710000000000008,49.0,14.0,0.5761336648905009,63,35.0,-27.0,0.56,156.0,
2025-04-08 13:21:39,161.55,49.0,170.56,27.0,158.21,67.0,170.69,55.0,166.05,9.009999999999993,116.0,82.0,1.0199656856080697,198,34.0,135.0,0.17,164.0,1.0
2025-04-08 13:21:40,161.59,34.0,167.88,25.0,159.43,49.0,171.99,69.0,164.73,6.289999999999992,83.0,94.0,1.5348517843148437,177,-11.0,-21.0,-0.06,160.86,7.0
2025-04-08 13:21:41,159.6,30.0,165.34,32.0,158.29,21.0,167.71,45.0,162.47,5.740000000000009,51.0,77.0,2.0893467878282364,128,-26.0,-49.0,-0.2,160.86,
2025-04-08 13:21:42,160.18,33.0,163.98,51.0,158.29,28.0,164.67,15.0,162.08,3.799999999999983,61.0,66.0,2.269640940722282,127,-5.0,-1.0,-0.04,160.86,
2025-04-08 13:21:43,162.23,31.0,163.77,35.0,159.33,18.0,202.29,34.0,163.0,1.5400000000000205,49.0,69.0,1.6736875454511568,118,-20.0,-9.0,-0.17,162.2,5.0
2025-04-08 13:21:44,163.0,30.0,296.8,35.0,158.0,18.0,613.67,36.0,229.9,133.8,48.0,71.0,29.90442993938964,119,-23.0,1.0,-0.19,163.4,5.0
2025-04-08 13:21:45,158.16,61.0,344.5,48.0,155.4,35.0,573.67,48.0,251.33,186.34,96.0,96.0,43.44326334427413,192,0.0,73.0,0.0,161.0,5.0
2025-04-08 13:21:46,157.25,48.0,345.33,48.0,155.72,67.0,499.92,48.0,251.29,188.08,115.0,96.0,45.559898485400986,211,19.0,19.0,0.09,157.2,5.0
2025-04-08 13:21:47,156.0,60.0,279.8,40.0,155.0,40.0,436.9,40.0,217.9,123.8,100.0,80.0,36.31815565251216,180,20.0,-31.0,0.11,157.2,
2025-04-08 13:21:48,158.21,76.0,297.64,44.0,155.43,56.0,348.52,46.0,227.92,139.42999999999998,132.0,90.0,14.986229345641569,222,42.0,42.0,0.19,157.2,
2025-04-08 13:21:49,162.0,77.0,225.21,43.0,156.0,66.0,245.67,43.0,193.6,63.21000000000001,143.0,86.0,24.347777516646783,229,57.0,7.0,0.25,157.2,
2025-04-08 13:21:50,162.0,70.0,224.18,34.0,156.0,60.0,227.17,36.0,193.09,62.18000000000001,130.0,70.0,24.5704120844578,200,60.0,-29.0,0.3,157.2,
2025-04-08 13:21:51,163.64,39.0,221.13,30.0,161.42,62.0,224.37,35.0,192.39,57.49000000000001,101.0,65.0,16.752272980106568,166,36.0,-34.0,0.22,157.2,
2025-04-08 13:21:52,164.0,56.0,214.6,52.0,162.0,98.0,215.96,54.0,189.3,50.6,154.0,106.0,16.108216847310526,260,48.0,94.0,0.18,157.2,
2025-04-08 13:21:53,162.87,55.0,208.52,50.0,159.23,91.0,209.69,52.0,185.7,45.650000000000006,146.0,102.0,3.311756331606392,248,44.0,-12.0,0.18,163.0,8.0
2025-04-08 13:21:54,162.0,27.0,206.56,36.0,156.0,54.0,208.0,27.0,184.28,44.56,81.0,63.0,3.920047193583948,144,18.0,-104.0,0.12,163.0,
2025-04-08 13:21:55,162.0,15.0,205.0,20.0,156.0,30.0,208.0,15.0,183.5,43.0,45.0,35.0,3.730774718462026,80,10.0,-64.0,0.12,163.0,
2025-04-08 13:21:56,162.0,36.0,202.79,39.0,156.0,72.0,204.8,45.0,182.4,40.78999999999999,108.0,84.0,2.669359473713697,192,24.0,112.0,0.12,163.0,
2025-04-08 13:21:57,162.0,27.0,200.29,35.0,156.0,54.0,202.29,28.0,181.14,38.28999999999999,81.0,63.0,1.7451303675933787,144,18.0,-48.0,0.12,163.0,
2025-04-08 13:21:58,158.44,32.0,200.0,32.0,155.7,40.0,202.0,24.0,179.22,41.56,72.0,56.0,2.001129680927721,128,16.0,-16.0,0.12,160.5,4.0
2025-04-08 13:21:59,157.33,54.0,187.47,43.0,155.56,54.0,192.78,41.0,172.4,30.139999999999983,108.0,84.0,4.396557744403859,192,24.0,64.0,0.12,159.0,4.0
2025-04-08 13:22:00,156.0,35.0,157.12,34.0,155.0,50.0,158.47,38.0,156.56,1.1200000000000043,85.0,72.0,10.664308697700454,157,13.0,-35.0,0.08,156.0,4.0
2025-04-08 13:22:01,156.0,7.0,158.71,21.0,155.0,42.0,420.16,25.0,157.36,2.710000000000008,49.0,46.0,11.758685300654292,95,3.0,-62.0,0.03,157.0,3.0
2025-04-08 13:22:02,159.29,17.0,434.64,33.0,155.2,41.0,597.46,39.0,296.97,275.35,58.0,72.0,59.20484034266072,130,-14.0,35.0,-0.11,157.0,
2025-04-08 13:22:03,158.89,27.0,361.76,21.0,153.87,23.0,426.38,24.0,260.33,202.87,50.0,45.0,65.4394990048062,95,5.0,-35.0,0.05,159.8,5.0
2025-04-08 13:22:04,155.0,48.0,198.15,33.0,153.0,90.0,341.67,24.0,176.58,43.150000000000006,138.0,57.0,64.88378341311514,195,81.0,100.0,0.42,155.0,4.0
2025-04-08 13:22:05,155.0,22.0,160.43,37.0,153.0,99.0,240.57,28.0,157.72,5.430000000000007,121.0,65.0,64.64854576864074,186,56.0,-9.0,0.3,155.0,1.0
2025-04-08 13:22:06,153.91,11.0,155.9,20.0,144.64,61.0,165.58,19.0,154.9,1.990000000000009,72.0,39.0,65.15470934629387,111,33.0,-75.0,0.3,155.0,1.0
2025-04-08 13:22:07,153.29,31.0,428.96,26.0,102.43,81.0,359.73,30.0,291.13,275.67,112.0,56.0,63.21361301175583,168,56.0,57.0,0.33,155.67,3.0
2025-04-08 13:22:09,154.0,24.0,452.0,39.0,147.04,56.0,654.11,28.0,303.0,298.0,80.0,67.0,83.91121540056629,147,13.0,34.0,0.09,154.33,6.0
2025-04-08 13:22:10,153.0,16.0,452.0,12.0,109.65,17.0,663.0,4.0,302.5,299.0,33.0,16.0,69.05103960115581,49,17.0,-98.0,0.35,154.33,
2025-04-08 13:22:11,156.0,16.0,382.17,18.0,152.18,22.0,512.78,9.0,269.08,226.17,38.0,27.0,21.506897265772874,65,11.0,16.0,0.17,154.33,
2025-04-08 13:22:12,157.29,28.0,229.0,36.0,151.23,62.0,322.43,42.0,193.14,71.71000000000001,90.0,78.0,52.53496150184567,168,12.0,103.0,0.07,159.0,2.0
2025-04-08 13:22:13,150.79,38.0,208.09,22.0,139.2,30.0,247.3,40.0,179.44,57.30000000000001,68.0,62.0,59.4547232774676,130,6.0,-38.0,0.05,153.0,4.0
2025-04-08 13:22:14,126.56,34.0,245.5,20.0,62.66,59.0,273.14,29.0,186.03,118.94,93.0,49.0,56.02085165364877,142,44.0,12.0,0.31,154.0,1.0
2025-04-08 13:22:17,136.39,46.0,151.33,9.0,132.4,89.0,168.05,37.0,143.86,14.940000000000026,135.0,46.0,24.10795781479113,181,89.0,-30.0,0.49,151.62,8.0
2025-04-08 13:22:18,151.67,18.0,153.06,17.0,137.91,22.0,213.14,7.0,152.36,1.3900000000000148,40.0,24.0,20.527237271482,64,16.0,-117.0,0.25,151.62,
2025-04-08 13:22:19,142.23,88.0,153.1,30.0,112.76,63.0,196.0,24.0,147.66,10.870000000000005,151.0,54.0,7.156261593854599,205,97.0,141.0,0.47,153.0,4.0
2025-04-08 13:22:22,137.64,33.0,296.33,9.0,134.25,48.0,601.0,25.0,216.98,158.69,81.0,34.0,35.33226245232176,115,47.0,21.0,0.41,150.0,2.0
2025-04-08 13:22:23,152.0,12.0,391.5,10.0,142.54,26.0,640.63,30.0,271.75,239.5,38.0,40.0,62.09738440546328,78,-2.0,-37.0,-0.03,150.0,
2025-04-08 13:22:24,164.0,16.0,174.56,18.0,152.91,35.0,250.15,52.0,169.28,10.560000000000002,51.0,70.0,59.97185614936308,121,-19.0,43.0,-0.16,150.0,
2025-04-08 13:22:25,164.0,9.0,174.0,9.0,157.85,53.0,364.57,21.0,169.0,10.0,62.0,30.0,51.90365911956444,92,32.0,-29.0,0.35,150.0,
2025-04-08 13:22:26,164.0,11.0,173.0,11.0,158.0,77.0,221.93,15.0,168.5,9.0,88.0,26.0,45.63255219686903,114,62.0,22.0,0.54,150.0,
2025-04-08 13:22:27,158.11,56.0,171.5,12.0,156.26,23.0,279.17,12.0,164.8,13.389999999999986,79.0,24.0,46.48056884333408,103,55.0,-11.0,0.53,160.5,4.0
2025-04-08 13:22:28,156.21,24.0,168.67,12.0,155.26,38.0,216.36,44.0,162.44,12.45999999999998,62.0,56.0,3.036853634898964,118,6.0,15.0,0.05,158.0,5.0
2025-04-08 13:22:29,163.0,84.0,165.5,14.0,156.0,34.0,179.39,18.0,164.25,2.5,118.0,32.0,2.838224797262112,150,86.0,32.0,0.57,158.0,
2025-04-08 13:22:30,163.0,65.0,206.05,40.0,156.0,24.0,247.25,32.0,184.53,43.05000000000001,89.0,72.0,9.008619761084969,161,17.0,11.0,0.11,163.5,2.0
2025-04-08 13:22:31,163.0,31.0,212.0,40.0,156.62,16.0,447.5,12.0,187.5,49.0,47.0,52.0,12.227723827427218,99,-5.0,-62.0,-0.05,163.0,3.0
2025-04-08 13:22:32,163.0,6.0,203.14,7.0,157.0,6.0,324.91,11.0,183.07,40.13999999999999,12.0,18.0,12.003031700360172,30,-6.0,-69.0,-0.2,163.0,
2025-04-08 13:22:33,159.57,14.0,272.8,25.0,157.46,26.0,537.43,37.0,216.19,113.23000000000002,40.0,62.0,18.650442890181186,102,-22.0,72.0,-0.22,160.14,7.0
2025-04-08 13:22:34,159.0,11.0,427.54,46.0,157.0,22.0,504.64,47.0,293.27,268.54,33.0,93.0,46.930816315082886,126,-60.0,24.0,-0.48,160.14,
2025-04-08 13:22:35,157.0,12.0,281.54,28.0,156.0,16.0,308.44,27.0,219.27,124.54000000000002,28.0,55.0,44.1687638495814,83,-27.0,-43.0,-0.33,156.8,5.0
2025-04-08 13:22:36,155.0,18.0,241.5,16.0,153.0,12.0,258.0,27.0,198.25,86.5,30.0,43.0,42.42708097430343,73,-13.0,-10.0,-0.18,156.8,
2025-04-08 13:22:37,155.0,14.0,186.71,21.0,153.0,16.0,221.74,19.0,170.86,31.710000000000008,30.0,40.0,45.47089970519702,70,-10.0,-3.0,-0.14,156.8,
2025-04-08 13:22:38,164.0,29.0,186.0,16.0,155.0,13.0,220.33,36.0,175.0,22.0,42.0,52.0,49.76440344262193,94,-10.0,24.0,-0.11,164.0,1.0
2025-04-08 13:22:39,164.0,15.0,185.0,10.0,155.0,10.0,227.0,25.0,174.5,21.0,25.0,35.0,20.778631571879654,60,-10.0,-34.0,-0.17,164.0,
2025-04-08 13:22:40,155.35,23.0,180.0,27.0,143.74,19.0,383.94,47.0,167.67,24.65000000000001,42.0,74.0,12.10612778719348,116,-32.0,56.0,-0.28,158.0,8.0
2025-04-08 13:22:41,137.91,46.0,156.3,30.0,73.1,10.0,163.68,38.0,147.11,18.39000000000001,56.0,68.0,11.523960690656777,124,-12.0,8.0,-0.1,158.0,
2025-04-08 13:22:42,142.0,56.0,156.0,24.0,96.3,10.0,185.0,16.0,149.0,14.0,66.0,40.0,13.6561279285081,106,26.0,-18.0,0.25,156.0,1.0
2025-04-08 13:22:53,160.23,99.0,335.0,50.0,150.79,38.0,548.4,20.0,247.62,174.77,137.0,70.0,57.77244040197446,207,67.0,81.0,0.32,161.0,5.0
2025-04-08 13:22:54,161.0,49.0,304.31,26.0,159.0,28.0,397.61,23.0,232.65,143.31,77.0,49.0,67.73595190148137,126,28.0,-81.0,0.22,161.0,
2025-04-08 13:22:55,161.87,31.0,202.0,14.0,160.7,37.0,335.0,35.0,181.94,40.13,68.0,49.0,64.45818978221351,117,19.0,-9.0,0.16,161.0,
2025-04-08 13:22:56,163.94,52.0,290.12,32.0,162.25,28.0,341.11,38.0,227.03,126.18,80.0,70.0,50.22200782525512,150,10.0,33.0,0.07,161.0,
2025-04-08 13:22:57,164.5,56.0,277.05,19.0,163.0,8.0,354.51,37.0,220.78,112.55,64.0,56.0,24.50203930288432,120,8.0,-30.0,0.07,161.0,
2025-04-08 13:22:58,165.0,56.0,339.71,28.0,163.0,8.0,407.43,28.0,252.36,174.70999999999998,64.0,56.0,25.79832106940475,120,8.0,0.0,0.07,161.0,
2025-04-08 13:22:59,165.0,49.0,264.0,17.0,163.0,7.0,333.81,32.0,214.5,99.0,56.0,49.0,25.36589284847025,105,7.0,-15.0,0.07,161.0,
2025-04-08 13:23:00,165.0,63.0,295.85,13.0,163.0,9.0,382.38,16.0,230.42,130.85000000000002,72.0,29.0,14.39968471877509,101,43.0,-4.0,0.43,161.0,
2025-04-08 13:23:01,165.0,77.0,239.57,21.0,163.0,11.0,316.33,12.0,202.29,74.57,88.0,33.0,18.82434593817535,121,55.0,20.0,0.45,161.0,
2025-04-08 13:23:02,165.0,35.0,234.33,6.0,163.0,5.0,242.11,9.0,199.67,69.33000000000001,40.0,15.0,21.86797590084818,55,25.0,-66.0,0.45,161.0,
2025-04-08 13:23:03,165.0,73.0,213.24,17.0,163.0,13.0,216.09,22.0,189.12,48.24000000000001,86.0,39.0,15.812604149854932,125,47.0,70.0,0.38,165.0,2.0
2025-04-08 13:23:04,164.72,29.0,175.58,12.0,158.76,33.0,185.93,15.0,170.15,10.860000000000014,62.0,27.0,21.944143865732435,89,35.0,-36.0,0.39,165.0,
2025-04-08 13:23:05,158.21,28.0,170.9,10.0,157.38,39.0,173.0,20.0,164.56,12.689999999999998,67.0,30.0,17.097651008249436,97,37.0,8.0,0.38,159.5,4.0
2025-04-08 13:23:06,159.11,19.0,169.0,8.0,158.1,31.0,195.12,16.0,164.05,9.889999999999986,50.0,24.0,16.03824647521831,74,26.0,-23.0,0.35,159.5,
2025-04-08 13:23:07,160.0,12.0,168.5,6.0,159.0,18.0,318.0,12.0,164.25,8.5,30.0,18.0,10.755790533466856,48,12.0,-26.0,0.25,159.5,
2025-04-08 13:23:08,160.0,10.0,168.0,5.0,159.0,45.0,490.0,10.0,164.0,8.0,55.0,15.0,2.6633193574538927,70,40.0,22.0,0.57,159.5,
2025-04-08 13:23:09,159.13,75.0,166.97,31.0,158.7,93.0,316.62,13.0,163.05,7.840000000000003,168.0,44.0,0.5655705082313719,212,124.0,142.0,0.58,159.5,
2025-04-08 13:23:10,159.0,143.0,165.55,44.0,158.0,66.0,168.0,11.0,162.27,6.550000000000011,209.0,55.0,0.8407615594082977,264,154.0,52.0,0.58,159.5,
2025-04-08 13:23:11,159.0,130.0,163.56,16.0,158.0,60.0,165.1,31.0,161.28,4.560000000000002,190.0,47.0,1.2300203249441668,237,143.0,-27.0,0.6,159.5,
2025-04-08 13:23:12,159.0,75.0,175.62,37.0,158.0,72.0,294.45,22.0,167.31,16.620000000000005,147.0,59.0,2.3117244645024173,206,88.0,-31.0,0.43,159.0,8.0
2025-04-08 13:23:13,159.0,29.0,178.0,35.0,158.0,42.0,0.0,0.0,168.5,19.0,71.0,35.0,3.214742602415281,106,36.0,-100.0,0.34,159.0,1.0
2025-04-08 13:23:14,159.84,50.0,177.45,55.0,158.13,62.0,386.0,32.0,168.65,17.609999999999985,112.0,87.0,3.549221041269445,199,25.0,93.0,0.13,159.0,
2025-04-08 13:23:15,162.0,42.0,175.83,30.0,159.09,22.0,386.0,24.0,168.92,13.830000000000013,64.0,54.0,3.2190945931731902,118,10.0,-81.0,0.08,159.0,
2025-04-08 13:23:16,162.0,56.0,175.0,40.0,160.0,16.0,477.38,32.0,168.5,13.0,72.0,72.0,0.6201048296897854,144,0.0,26.0,0.0,159.0,
2025-04-08 13:23:17,162.0,63.0,174.22,45.0,160.0,18.0,527.0,36.0,168.11,12.22,81.0,81.0,0.2934791301020334,162,0.0,18.0,0.0,159.0,
2025-04-08 13:23:18,162.0,50.0,172.88,40.0,160.0,16.0,499.0,32.0,167.44,10.879999999999995,66.0,72.0,0.5743953340725557,138,-6.0,-24.0,-0.04,162.0,1.0
2025-04-08 13:23:19,162.96,50.0,172.0,50.0,160.6,20.0,471.0,41.0,167.48,9.039999999999992,70.0,91.0,0.6426507603691761,161,-21.0,23.0,-0.13,162.0,4.0
2025-04-08 13:23:20,164.0,42.0,172.0,30.0,162.33,12.0,399.4,10.0,168.0,8.0,54.0,40.0,0.4477499299855991,94,14.0,-67.0,0.15,164.0,6.0
2025-04-08 13:23:21,164.0,22.0,171.27,55.0,163.0,22.0,362.0,44.0,167.64,7.27000000000001,44.0,99.0,0.304926220258601,143,-55.0,49.0,-0.38,164.0,
2025-04-08 13:23:22,162.22,18.0,169.67,45.0,160.33,18.0,285.0,24.0,165.94,7.449999999999989,36.0,69.0,0.7917070163885704,105,-33.0,-38.0,-0.31,163.5,4.0
2025-04-08 13:23:23,162.67,24.0,169.0,60.0,161.33,24.0,385.03,33.0,165.83,6.3300000000000125,48.0,93.0,1.0161299128542445,141,-45.0,36.0,-0.32,163.5,
2025-04-08 13:23:24,161.22,18.0,207.69,32.0,159.85,26.0,376.09,22.0,184.45,46.47,44.0,54.0,7.930206176374929,98,-10.0,-43.0,-0.1,162.5,4.0
2025-04-08 13:23:28,162.0,85.0,283.22,81.0,160.0,34.0,345.95,22.0,222.61,121.22000000000004,119.0,103.0,79.66101072670644,222,16.0,129.0,0.07,162.5,
2025-04-08 13:23:29,160.0,22.0,280.86,35.0,159.0,66.0,295.57,37.0,220.43,120.86,88.0,72.0,68.66620092884472,160,16.0,-62.0,0.1,162.0,5.0
2025-04-08 13:23:30,162.46,26.0,277.29,21.0,159.21,38.0,279.82,33.0,219.87,114.83,64.0,54.0,68.31608873464829,118,10.0,-42.0,0.08,162.0,
2025-04-08 13:23:31,164.0,44.0,275.91,55.0,161.92,13.0,503.0,20.0,219.95,111.91000000000004,57.0,75.0,54.67204953173244,132,-18.0,14.0,-0.14,162.0,
2025-04-08 13:23:32,164.0,44.0,254.49,43.0,162.18,11.0,358.21,42.0,209.24,90.49,55.0,85.0,5.251475983003936,140,-30.0,8.0,-0.21,162.0,
2025-04-08 13:23:33,163.91,44.0,165.85,34.0,160.34,29.0,225.67,27.0,164.88,1.9399999999999975,73.0,61.0,23.941266257238933,134,12.0,-6.0,0.09,164.0,4.0
2025-04-08 13:23:34,159.29,62.0,163.79,28.0,158.43,83.0,164.89,37.0,161.54,4.5,145.0,65.0,29.455631549840284,210,80.0,76.0,0.38,160.67,3.0
2025-04-08 13:23:35,159.0,69.0,162.13,23.0,158.0,77.0,163.06,32.0,160.57,3.1299999999999955,146.0,55.0,28.92028924474797,201,91.0,-9.0,0.45,159.0,5.0
2025-04-08 13:23:36,157.52,66.0,160.05,38.0,157.29,106.0,199.74,42.0,158.78,2.530000000000001,172.0,80.0,21.490444853465057,252,92.0,51.0,0.37,157.92,12.0
2025-04-08 13:23:37,156.18,44.0,159.36,25.0,155.93,58.0,172.78,23.0,157.77,3.180000000000007,102.0,48.0,2.759795282221109,150,54.0,-102.0,0.36,157.0,2.0
2025-04-08 13:23:38,158.0,6.0,160.0,18.0,156.0,54.0,208.0,6.0,159.0,2.0,60.0,24.0,1.505214270382749,84,36.0,-66.0,0.43,157.0,
2025-04-08 13:23:39,158.0,6.0,159.67,18.0,156.0,54.0,208.0,6.0,158.83,1.6699999999999875,60.0,24.0,1.0068018671819587,84,36.0,0.0,0.43,157.0,
2025-04-08 13:23:40,156.0,69.0,223.53,19.0,150.47,15.0,268.83,65.0,189.76,67.53,84.0,84.0,13.94578681895687,168,0.0,84.0,0.0,156.29,7.0
2025-04-08 13:23:41,159.72,85.0,266.94,64.0,155.95,38.0,372.09,22.0,213.33,107.22,123.0,86.0,24.99332450875329,209,37.0,41.0,0.18,160.0,3.0
2025-04-08 13:23:42,160.0,40.0,266.0,16.0,156.86,21.0,308.38,8.0,213.0,106.0,61.0,24.0,27.17628617011356,85,37.0,-124.0,0.44,160.0,
2025-04-08 13:23:43,160.0,75.0,215.9,42.0,156.14,44.0,308.63,19.0,187.95,55.900000000000006,119.0,61.0,22.449891536484884,180,58.0,95.0,0.32,160.0,
2025-04-08 13:23:44,159.8,20.0,229.13,15.0,156.8,10.0,395.86,7.0,194.47,69.32999999999998,30.0,22.0,12.518844595248124,52,8.0,-128.0,0.15,160.0,5.0
2025-04-08 13:23:45,162.84,61.0,261.0,12.0,156.8,10.0,490.0,6.0,211.92,98.16,71.0,18.0,12.032341002481449,89,53.0,37.0,0.6,163.0,1.0
2025-04-08 13:23:46,163.0,154.0,259.09,22.0,158.0,31.0,635.36,39.0,211.05,96.08999999999996,185.0,61.0,11.6332914516913,246,124.0,157.0,0.5,163.0,
2025-04-08 13:23:47,163.25,71.0,259.0,18.0,161.89,90.0,608.89,45.0,211.13,95.75,161.0,63.0,11.283473755895916,224,98.0,-22.0,0.44,163.57,7.0
2025-04-08 13:23:48,163.06,95.0,258.5,24.0,159.21,66.0,692.0,40.0,210.78,95.44,161.0,64.0,7.502842794568961,225,97.0,1.0,0.43,163.0,3.0
2025-04-08 13:23:49,164.38,8.0,258.0,12.0,163.0,48.0,545.0,6.0,211.19,93.62,56.0,18.0,0.4246527993934254,74,38.0,-151.0,0.51,164.0,2.0
2025-04-08 13:23:50,163.15,27.0,256.53,17.0,159.95,41.0,702.38,32.0,209.84,93.37999999999997,68.0,49.0,0.5580053763455322,117,19.0,43.0,0.16,163.5,4.0
2025-04-08 13:23:51,163.0,35.0,257.86,14.0,158.0,35.0,526.0,35.0,210.43,94.86,70.0,49.0,0.5568931675194739,119,21.0,2.0,0.18,163.5,
2025-04-08 13:23:52,163.0,60.0,255.25,24.0,158.29,63.0,518.21,56.0,209.12,92.25,123.0,80.0,0.8123238270713212,203,43.0,84.0,0.21,163.5,
2025-04-08 13:23:53,163.0,60.0,220.53,38.0,159.0,72.0,251.26,23.0,191.76,57.53,132.0,61.0,8.25717082298824,193,71.0,-10.0,0.37,163.5,
2025-04-08 13:23:54,163.0,50.0,210.82,34.0,159.0,60.0,213.77,13.0,186.91,47.81999999999999,110.0,47.0,11.347223008295176,157,63.0,-36.0,0.4,163.5,
2025-04-08 13:23:55,163.0,50.0,180.98,41.0,159.43,35.0,210.88,17.0,171.99,17.97999999999999,85.0,58.0,16.111147383099212,143,27.0,-14.0,0.19,163.5,
2025-04-08 13:23:56,163.0,45.0,190.44,36.0,162.0,9.0,228.2,20.0,176.72,27.44,54.0,56.0,14.512827085027574,110,-2.0,-33.0,-0.02,163.5,
2025-04-08 13:23:57,163.0,55.0,205.79,28.0,162.0,11.0,207.21,28.0,184.39,42.78999999999999,66.0,56.0,7.945591859634139,122,10.0,12.0,0.08,163.5,
2025-04-08 13:23:58,163.0,40.0,204.75,40.0,162.0,8.0,206.0,16.0,183.88,41.75,48.0,56.0,6.204165536143941,104,-8.0,-18.0,-0.08,163.5,
2025-04-08 13:23:59,163.0,54.0,202.07,29.0,162.0,13.0,203.83,59.0,182.53,39.06999999999999,67.0,88.0,5.375822727720078,155,-21.0,51.0,-0.14,163.0,1.0
2025-04-08 13:24:00,163.0,68.0,198.08,52.0,162.0,17.0,199.03,64.0,180.54,35.08000000000001,85.0,116.0,3.113867370309864,201,-31.0,46.0,-0.15,163.0,
2025-04-08 13:24:01,162.8,30.0,194.47,34.0,159.16,114.0,195.67,24.0,178.64,31.669999999999987,144.0,58.0,2.3952306778017114,202,86.0,1.0,0.43,163.0,4.0
2025-04-08 13:24:02,162.0,13.0,190.04,46.0,159.0,234.0,192.0,32.0,176.02,28.039999999999992,247.0,78.0,3.119233880277977,325,169.0,123.0,0.52,163.0,
2025-04-08 13:24:03,163.86,43.0,185.69,42.0,159.47,64.0,186.02,42.0,174.78,21.829999999999984,107.0,84.0,3.178477622992624,191,23.0,-134.0,0.12,163.0,
2025-04-08 13:24:04,164.0,44.0,181.16,38.0,162.0,11.0,182.0,31.0,172.58,17.159999999999997,55.0,69.0,3.1406878227316493,124,-14.0,-67.0,-0.11,163.0,
2025-04-08 13:24:05,164.0,52.0,179.95,38.0,162.0,13.0,180.94,51.0,171.97,15.949999999999989,65.0,89.0,2.700540686574891,154,-24.0,30.0,-0.16,163.0,
2025-04-08 13:24:06,164.0,34.0,179.14,21.0,162.0,9.0,180.4,30.0,171.57,15.139999999999986,43.0,51.0,1.9257284335646665,94,-8.0,-60.0,-0.09,164.0,1.0
2025-04-08 13:24:07,162.19,47.0,175.64,28.0,160.67,15.0,176.52,25.0,168.92,13.449999999999989,62.0,53.0,2.105381200598217,115,9.0,21.0,0.08,162.6,5.0
2025-04-08 13:24:08,159.0,221.0,166.65,40.0,158.0,65.0,168.04,28.0,162.82,7.650000000000006,286.0,68.0,4.025080123403822,354,218.0,168.0,0.62,162.6,
2025-04-08 13:24:09,159.24,45.0,161.0,32.0,158.94,163.0,162.0,22.0,160.12,1.759999999999991,208.0,54.0,5.33963950092215,262,154.0,-92.0,0.59,160.5,2.0
2025-04-08 13:24:10,159.0,163.0,160.73,30.0,158.0,61.0,438.72,50.0,159.87,1.7299999999999898,224.0,80.0,5.311238085399309,304,144.0,42.0,0.47,159.0,10.0
2025-04-08 13:24:11,158.87,67.0,237.67,24.0,157.7,33.0,551.5,40.0,198.27,78.79999999999998,100.0,64.0,16.21837692248589,164,36.0,-140.0,0.22,159.0,7.0
2025-04-08 13:24:12,158.79,28.0,380.19,42.0,157.13,23.0,649.67,24.0,269.49,221.4,51.0,66.0,47.23973888581438,117,-15.0,-47.0,-0.13,160.0,5.0
2025-04-08 13:24:13,127.23,26.0,365.33,30.0,98.71,17.0,508.73,22.0,246.28,238.1,43.0,52.0,49.857082044580245,95,-9.0,-22.0,-0.09,155.67,3.0
2025-04-08 13:24:14,159.0,34.0,315.29,17.0,114.97,38.0,412.0,26.0,237.15,156.29000000000002,72.0,43.0,43.29366604943594,115,29.0,20.0,0.25,159.0,1.0
2025-04-08 13:24:15,159.45,20.0,376.86,28.0,130.0,27.0,720.33,24.0,268.15,217.41000000000005,47.0,52.0,29.052664593806,99,-5.0,-16.0,-0.05,159.0,5.0
2025-04-08 13:24:16,159.43,14.0,370.0,16.0,156.75,84.0,376.0,32.0,264.71,210.57,98.0,48.0,14.56524905383545,146,50.0,47.0,0.34,160.5,2.0
2025-04-08 13:24:17,159.0,12.0,179.09,22.0,158.0,90.0,433.5,16.0,169.05,20.090000000000003,102.0,38.0,40.12943707554536,140,64.0,-6.0,0.46,160.5,
2025-04-08 13:24:18,159.36,11.0,177.83,24.0,158.03,77.0,514.0,12.0,168.6,18.47,88.0,36.0,49.59248047839589,124,52.0,-16.0,0.42,160.5,
2025-04-08 13:24:19,158.44,57.0,176.22,36.0,140.91,34.0,342.89,18.0,167.33,17.78,91.0,54.0,53.75087180688336,145,37.0,21.0,0.26,159.4,5.0
2025-04-08 13:24:20,160.0,208.0,174.92,48.0,158.0,156.0,421.11,45.0,167.46,14.919999999999987,364.0,93.0,43.20706713027291,457,271.0,168.0,0.59,160.0,4.0
2025-04-08 13:24:21,160.0,112.0,172.27,22.0,158.0,104.0,218.55,29.0,166.14,12.27000000000001,216.0,51.0,1.1466603681189955,267,165.0,-168.0,0.62,160.0,
2025-04-08 13:24:22,160.0,97.0,171.0,14.0,158.0,100.0,172.0,28.0,165.5,11.0,197.0,42.0,1.2113958889691283,239,155.0,-28.0,0.65,160.0,1.0
2025-04-08 13:24:23,160.0,104.0,170.12,16.0,158.0,128.0,172.0,32.0,165.06,10.120000000000005,232.0,48.0,1.0735082672284526,280,184.0,41.0,0.66,160.0,
2025-04-08 13:24:24,160.0,117.0,168.3,20.0,158.0,117.0,169.94,34.0,164.15,8.300000000000011,234.0,54.0,1.2385556102996371,288,180.0,8.0,0.62,160.0,
2025-04-08 13:24:25,160.0,169.0,166.11,36.0,158.0,169.0,167.48,42.0,163.06,6.110000000000014,338.0,78.0,1.2043338406772448,416,260.0,128.0,0.62,160.0,
2025-04-08 13:24:26,160.0,156.0,163.2,40.0,158.0,156.0,164.2,30.0,161.6,3.1999999999999886,312.0,70.0,1.5779987325077205,382,242.0,-34.0,0.63,162.0,1.0
2025-04-08 13:24:27,160.0,86.0,161.57,7.0,158.0,91.0,163.0,28.0,160.79,1.5699999999999932,177.0,35.0,1.7600198861920096,212,142.0,-168.0,0.67,160.0,6.0
2025-04-08 13:24:28,158.45,71.0,161.0,9.0,157.52,62.0,269.67,36.0,159.73,2.550000000000012,133.0,45.0,1.7630456601534978,178,88.0,-34.0,0.49,159.56,9.0
2025-04-08 13:24:29,158.0,96.0,221.25,16.0,155.0,20.0,322.05,42.0,189.62,63.25,116.0,58.0,12.725535352188976,174,58.0,-4.0,0.33,158.0,4.0
2025-04-08 13:24:30,158.54,67.0,424.47,51.0,156.8,35.0,594.95,39.0,291.5,265.93000000000006,102.0,90.0,56.66434478576399,192,12.0,18.0,0.06,158.0,
2025-04-08 13:24:34,159.0,15.0,453.0,16.0,157.89,19.0,593.05,19.0,306.0,294.0,34.0,35.0,10.98099858849411,69,-1.0,-38.0,-0.01,160.2,5.0
2025-04-08 13:24:35,158.57,21.0,360.75,8.0,156.57,21.0,720.0,20.0,259.66,202.18,42.0,28.0,24.57529999817861,70,14.0,1.0,0.2,160.2,
2025-04-08 13:24:36,162.65,46.0,451.5,54.0,159.05,57.0,748.67,30.0,307.08,288.85,103.0,84.0,24.0064151842892,187,19.0,117.0,0.1,160.2,
2025-04-08 13:24:37,164.0,50.0,355.77,47.0,162.0,30.0,387.3,37.0,259.88,191.77,80.0,84.0,28.473951604939145,164,-4.0,-23.0,-0.02,160.2,
2025-04-08 13:24:38,164.0,60.0,233.25,48.0,162.0,36.0,270.49,47.0,198.62,69.25,96.0,95.0,44.45495832863074,191,1.0,27.0,0.01,160.2,
2025-04-08 13:24:39,164.0,35.0,229.86,28.0,162.0,21.0,231.57,28.0,196.93,65.86000000000001,56.0,56.0,46.77201064739666,112,0.0,-79.0,0.0,160.2,
2025-04-08 13:24:40,164.44,45.0,228.06,35.0,162.0,27.0,229.67,36.0,196.25,63.620000000000005,72.0,71.0,50.09038101272661,143,1.0,31.0,0.01,160.2,
2025-04-08 13:24:41,164.31,39.0,224.96,28.0,159.71,42.0,226.83,35.0,194.64,60.650000000000006,81.0,63.0,28.33119888038645,144,18.0,1.0,0.12,165.0,5.0
2025-04-08 13:24:42,162.0,30.0,223.03,35.0,158.06,77.0,223.78,36.0,192.51,61.03,107.0,71.0,2.3238437985249454,178,36.0,34.0,0.2,165.0,
2025-04-08 13:24:43,162.0,33.0,221.24,34.0,159.0,55.0,223.33,43.0,191.62,59.24000000000001,88.0,77.0,2.301141021305687,165,11.0,-13.0,0.07,165.0,
2025-04-08 13:24:44,162.0,33.0,218.62,37.0,159.0,55.0,220.53,40.0,190.31,56.620000000000005,88.0,77.0,2.377547055250248,165,11.0,0.0,0.07,165.0,
2025-04-08 13:24:45,159.0,41.0,214.61,33.0,158.0,80.0,216.51,37.0,186.8,55.610000000000014,121.0,70.0,2.9101254268363745,191,51.0,26.0,0.27,160.0,9.0
2025-04-08 13:24:46,159.0,16.0,211.73,26.0,158.0,15.0,213.11,27.0,185.37,52.72999999999999,31.0,53.0,3.098349560638753,84,-22.0,-107.0,-0.26,160.0,
2025-04-08 13:24:47,159.0,22.0,208.08,36.0,158.0,31.0,209.08,36.0,183.54,49.08000000000001,53.0,72.0,3.3754658937547464,125,-19.0,41.0,-0.15,160.0,
2025-04-08 13:24:48,158.1,40.0,204.27,33.0,156.36,55.0,205.36,33.0,181.19,46.170000000000016,95.0,66.0,3.436709181745133,161,29.0,36.0,0.18,158.67,3.0
2025-04-08 13:24:49,159.44,41.0,196.55,29.0,158.15,33.0,198.75,24.0,178.0,37.110000000000014,74.0,53.0,3.486495374997538,127,21.0,-34.0,0.17,158.67,
2025-04-08 13:24:50,162.0,72.0,192.32,34.0,159.0,64.0,193.81,31.0,177.16,30.319999999999997,136.0,65.0,3.511291785065676,201,71.0,74.0,0.35,158.67,
2025-04-08 13:24:51,163.56,48.0,188.95,58.0,162.0,90.0,190.12,43.0,176.26,25.389999999999983,138.0,101.0,3.042876928148871,239,37.0,38.0,0.15,164.0,3.0
2025-04-08 13:24:52,165.0,28.0,184.49,41.0,162.0,84.0,185.63,41.0,174.74,19.49000000000001,112.0,82.0,2.4048076845876967,194,30.0,-45.0,0.15,164.0,
2025-04-08 13:24:53,165.0,26.0,179.75,24.0,162.0,78.0,180.72,46.0,172.38,14.75,104.0,70.0,2.218044183474128,174,34.0,-20.0,0.2,164.0,
2025-04-08 13:24:54,162.86,28.0,174.12,24.0,161.33,36.0,175.23,22.0,168.49,11.259999999999993,64.0,46.0,3.4798390767151965,110,18.0,-64.0,0.16,164.0,3.0
2025-04-08 13:24:55,162.0,43.0,171.0,30.0,159.93,29.0,173.0,30.0,166.5,9.0,72.0,60.0,4.118201063549917,132,12.0,22.0,0.09,162.0,1.0
2025-04-08 13:24:56,162.0,52.0,165.96,24.0,159.0,26.0,166.23,44.0,163.98,3.960000000000008,78.0,68.0,4.354448300280042,146,10.0,14.0,0.07,162.0,
2025-04-08 13:24:57,159.47,17.0,161.52,21.0,157.91,69.0,164.89,27.0,160.5,2.050000000000012,86.0,48.0,4.494452135666574,134,38.0,-12.0,0.28,160.0,9.0
2025-04-08 13:24:58,156.96,56.0,158.62,29.0,155.54,52.0,160.17,23.0,157.79,1.6599999999999966,108.0,52.0,4.350950470849284,160,56.0,26.0,0.35,157.38,8.0
2025-04-08 13:24:59,159.1,31.0,286.64,14.0,155.09,23.0,341.06,16.0,222.87,127.54,54.0,30.0,27.337718814850607,84,24.0,-76.0,0.29,158.0,2.0
2025-04-08 13:25:00,160.0,108.0,263.46,26.0,156.0,9.0,382.89,19.0,211.73,103.45999999999998,117.0,45.0,31.29650507644394,162,72.0,78.0,0.44,158.0,
2025-04-08 13:25:01,161.44,75.0,245.0,18.0,159.75,64.0,347.89,27.0,203.22,83.56,139.0,45.0,30.115053876756047,184,94.0,22.0,0.51,164.0,2.0
2025-04-08 13:25:02,164.0,20.0,388.18,11.0,160.0,48.0,475.33,9.0,276.09,224.18,68.0,20.0,42.46820104501757,88,48.0,-96.0,0.55,164.0,
2025-04-08 13:25:03,162.08,25.0,348.0,8.0,159.53,47.0,467.25,12.0,255.04,185.92,72.0,20.0,30.74600543160244,92,52.0,4.0,0.57,164.0,
2025-04-08 13:25:04,164.0,28.0,348.0,14.0,160.0,84.0,483.0,21.0,256.0,184.0,112.0,35.0,31.367920396484035,147,77.0,55.0,0.52,164.0,
2025-04-08 13:25:05,164.0,36.0,345.85,34.0,160.0,108.0,394.15,26.0,254.93,181.85,144.0,60.0,27.158365746123263,204,84.0,57.0,0.41,164.0,
2025-04-08 13:25:06,164.0,28.0,335.14,22.0,160.0,84.0,345.1,31.0,249.57,171.14,112.0,53.0,10.246561862412548,165,59.0,-39.0,0.36,164.0,
2025-04-08 13:25:07,164.0,32.0,313.67,18.0,160.0,96.0,338.55,22.0,238.83,149.67000000000002,128.0,40.0,7.190982547622464,168,88.0,3.0,0.52,164.0,
2025-04-08 13:25:08,163.57,35.0,312.07,43.0,159.2,87.0,313.08,26.0,237.82,148.5,122.0,69.0,8.668716744720289,191,53.0,23.0,0.28,163.2,5.0
2025-04-08 13:25:09,159.14,28.0,310.86,29.0,158.03,119.0,312.07,43.0,235.0,151.72000000000003,147.0,72.0,8.565141563346932,219,75.0,28.0,0.34,163.2,
2025-04-08 13:25:10,160.0,36.0,245.97,37.0,159.0,27.0,263.7,27.0,202.99,85.97,63.0,64.0,17.580255117606278,127,-1.0,-92.0,-0.01,163.2,
2025-04-08 13:25:11,159.73,30.0,166.44,59.0,158.63,71.0,198.34,35.0,163.09,6.710000000000008,101.0,94.0,32.886239219467406,195,7.0,68.0,0.04,160.0,5.0
2025-04-08 13:25:12,159.21,86.0,163.66,53.0,158.16,154.0,164.41,51.0,161.43,4.449999999999989,240.0,104.0,37.12904429149718,344,136.0,149.0,0.4,160.0,
2025-04-08 13:25:13,158.09,92.0,161.65,26.0,156.5,12.0,163.45,22.0,159.87,3.5600000000000023,104.0,48.0,33.50140713462469,152,56.0,-168.0,0.37,160.0,5.0
2025-04-08 13:25:14,158.0,198.0,160.82,49.0,156.0,17.0,162.23,39.0,159.41,2.819999999999993,215.0,88.0,18.856280651279217,303,127.0,151.0,0.42,160.0,
2025-04-08 13:25:15,158.0,111.0,159.22,27.0,156.0,12.0,299.13,23.0,158.61,1.2199999999999989,123.0,50.0,1.783849769392807,173,73.0,-130.0,0.42,158.0,5.0
2025-04-08 13:25:16,158.0,107.0,159.0,30.0,156.0,20.0,351.8,30.0,158.5,1.0,127.0,60.0,1.1875942066877032,187,67.0,14.0,0.36,158.0,6.0
2025-04-08 13:25:17,158.0,60.0,159.0,27.0,156.0,18.0,359.9,20.0,158.5,1.0,78.0,47.0,0.6274312709414922,125,31.0,-62.0,0.25,158.0,3.0
2025-04-08 13:25:18,158.0,40.0,159.0,30.0,156.0,20.0,269.7,23.0,158.5,1.0,60.0,53.0,0.397529872781756,113,7.0,-12.0,0.06,158.0,
2025-04-08 13:25:19,157.31,29.0,234.48,29.0,155.67,15.0,363.64,25.0,195.9,77.16999999999999,44.0,54.0,16.713557969498616,98,-10.0,-15.0,-0.1,158.0,4.0
2025-04-08 13:25:32,150.5,8.0,154.69,26.0,120.47,19.0,214.78,36.0,152.6,4.189999999999998,27.0,62.0,10.961235331825788,89,-35.0,3.0,-0.39,151.0,1.0
2025-04-08 13:25:33,153.0,50.0,184.36,56.0,151.74,34.0,328.45,51.0,168.68,31.360000000000014,84.0,107.0,18.59261466280913,191,-23.0,102.0,-0.12,153.89,9.0
2025-04-08 13:25:34,154.25,12.0,463.0,24.0,124.05,22.0,496.95,39.0,308.62,308.75,34.0,63.0,75.11434137366766,97,-29.0,-94.0,-0.3,153.89,
2025-04-08 13:25:35,162.0,19.0,370.69,13.0,161.04,25.0,665.43,53.0,266.35,208.69,44.0,66.0,77.58799017889312,110,-22.0,13.0,-0.2,153.89,
2025-04-08 13:25:36,160.2,10.0,218.13,46.0,158.8,30.0,432.93,14.0,189.17,57.93000000000001,40.0,60.0,67.24266301984234,100,-20.0,-10.0,-0.2,162.6,5.0
2025-04-08 13:25:37,159.91,65.0,167.0,45.0,156.54,13.0,299.0,9.0,163.45,7.090000000000003,78.0,54.0,64.77109332101847,132,24.0,32.0,0.18,162.6,
2025-04-08 13:25:38,160.0,108.0,221.14,56.0,157.0,12.0,507.71,24.0,190.57,61.13999999999999,120.0,80.0,61.135885697355405,200,40.0,68.0,0.2,162.6,
2025-04-08 13:25:39,160.0,99.0,287.02,50.0,157.0,11.0,451.74,43.0,223.51,127.01999999999998,110.0,93.0,39.61911912195958,203,17.0,3.0,0.08,162.6,
2025-04-08 13:25:40,160.0,45.0,391.4,20.0,157.0,5.0,541.17,18.0,275.7,231.4,50.0,38.0,43.20235641721445,88,12.0,-115.0,0.14,162.6,
2025-04-08 13:25:41,160.0,99.0,285.88,26.0,157.0,15.0,505.94,36.0,222.94,125.88,114.0,62.0,42.05326182355018,176,52.0,88.0,0.3,162.6,
2025-04-08 13:25:42,162.97,86.0,240.0,55.0,159.21,76.0,329.55,11.0,201.48,77.03,162.0,66.0,32.75759835519232,228,96.0,52.0,0.42,164.44,9.0
2025-04-08 13:25:43,165.0,10.0,300.4,10.0,160.0,80.0,470.1,31.0,232.7,135.39999999999998,90.0,41.0,27.3547085526448,131,49.0,-97.0,0.37,164.44,
2025-04-08 13:25:44,165.0,9.0,229.22,18.0,160.0,72.0,438.64,28.0,197.11,64.22,81.0,46.0,31.465080327247115,127,35.0,-4.0,0.28,164.44,
2025-04-08 13:25:45,165.0,10.0,173.3,40.0,160.0,80.0,231.82,22.0,169.15,8.300000000000011,90.0,62.0,24.74102726242411,152,28.0,25.0,0.18,164.44,
2025-04-08 13:25:46,160.12,43.0,172.5,16.0,157.45,53.0,182.67,36.0,166.31,12.379999999999995,96.0,52.0,27.136039688944283,148,44.0,-4.0,0.3,160.0,5.0
2025-04-08 13:25:47,157.79,34.0,170.8,20.0,156.43,35.0,172.8,20.0,164.3,13.01000000000002,69.0,40.0,29.35470030506057,109,29.0,-39.0,0.27,160.0,
2025-04-08 13:25:48,158.68,31.0,168.83,48.0,157.1,41.0,384.0,30.0,163.76,10.150000000000006,72.0,78.0,14.12549928320617,150,-6.0,41.0,-0.04,160.0,
2025-04-08 13:25:49,156.92,13.0,167.0,20.0,154.5,10.0,329.0,20.0,161.96,10.080000000000013,23.0,40.0,2.7459843407827917,63,-17.0,-87.0,-0.27,158.22,9.0
2025-04-08 13:25:50,156.09,34.0,188.61,28.0,117.14,14.0,321.45,31.0,172.35,32.52000000000001,48.0,59.0,4.009342838898582,107,-11.0,44.0,-0.1,157.27,11.0
2025-04-08 13:25:51,162.84,44.0,211.27,11.0,158.38,24.0,662.0,22.0,187.06,48.43000000000001,68.0,33.0,10.399162466268482,101,35.0,-6.0,0.35,157.27,
2025-04-08 13:25:52,164.0,70.0,365.22,18.0,163.0,10.0,593.4,15.0,264.61,201.22000000000003,80.0,33.0,42.89983647987418,113,47.0,12.0,0.42,157.27,
2025-04-08 13:25:54,164.0,52.0,390.88,16.0,163.0,8.0,509.12,16.0,277.44,226.88,60.0,32.0,71.84329175365109,92,28.0,8.0,0.3,164.0,4.0
2025-04-08 13:25:55,164.0,33.0,334.73,22.0,163.0,11.0,491.61,23.0,249.36,170.73000000000002,44.0,45.0,57.95257069363104,89,-1.0,-3.0,-0.01,164.0,
2025-04-08 13:25:56,164.0,15.0,324.6,10.0,163.0,5.0,510.54,13.0,244.3,160.60000000000002,20.0,23.0,42.09828464439328,43,-3.0,-46.0,-0.07,164.0,
2025-04-08 13:25:57,164.0,33.0,235.87,31.0,163.0,11.0,375.17,24.0,199.94,71.87,44.0,55.0,54.80671838379211,99,-11.0,56.0,-0.11,164.0,
2025-04-08 13:25:58,161.53,38.0,180.0,60.0,160.76,58.0,204.83,24.0,170.76,18.47,96.0,84.0,42.512899218944426,180,12.0,81.0,0.07,163.75,4.0
2025-04-08 13:25:59,163.38,13.0,178.8,35.0,161.0,91.0,193.14,56.0,171.09,15.420000000000016,104.0,91.0,38.20447748628455,195,13.0,15.0,0.07,163.75,
2025-04-08 13:26:00,162.0,21.0,168.0,24.0,160.83,59.0,179.27,33.0,165.0,6.0,80.0,57.0,33.16557582795664,137,23.0,-58.0,0.17,164.0,1.0
2025-04-08 13:26:01,161.0,35.0,163.37,19.0,160.0,25.0,171.55,11.0,162.18,2.3700000000000045,60.0,30.0,15.10256203429943,90,30.0,-47.0,0.33,164.0,
2025-04-08 13:26:02,161.0,77.0,162.17,60.0,160.0,60.0,301.43,30.0,161.58,1.1699999999999875,137.0,90.0,4.572200782973744,227,47.0,137.0,0.21,161.0,1.0
2025-04-08 13:26:03,161.0,66.0,285.6,42.0,160.0,55.0,443.56,41.0,223.3,124.60000000000002,121.0,83.0,26.35973444479054,204,38.0,-23.0,0.19,161.0,
2025-04-08 13:26:04,161.0,51.0,233.0,65.0,160.0,65.0,234.15,65.0,197.0,72.0,116.0,130.0,27.519638805767453,246,-14.0,42.0,-0.06,161.0,3.0
2025-04-08 13:26:05,162.59,63.0,231.0,65.0,160.88,41.0,233.0,65.0,196.79,68.41,104.0,130.0,26.310161535040656,234,-26.0,-12.0,-0.11,161.0,
2025-04-08 13:26:06,162.22,64.0,208.57,81.0,160.32,74.0,229.59,85.0,185.39,46.35,138.0,166.0,22.32378708911092,304,-28.0,70.0,-0.09,164.0,4.0
2025-04-08 13:26:07,165.0,20.0,167.9,50.0,161.8,25.0,180.5,50.0,166.45,2.9000000000000057,45.0,100.0,20.66506544872192,145,-55.0,-159.0,-0.38,164.0,
2025-04-08 13:26:08,164.67,12.0,166.33,30.0,162.54,13.0,168.17,30.0,165.5,1.660000000000025,25.0,60.0,15.564650012123748,85,-35.0,-60.0,-0.41,165.0,2.0
2025-04-08 13:26:09,160.94,49.0,165.39,59.0,159.23,70.0,167.7,67.0,163.16,4.449999999999989,119.0,126.0,14.876537567588455,245,-7.0,160.0,-0.03,162.5,6.0
2025-04-08 13:26:10,160.0,16.0,162.17,41.0,158.0,88.0,163.33,36.0,161.09,2.1699999999999875,104.0,77.0,9.768990224165227,181,27.0,-64.0,0.15,160.0,5.0
2025-04-08 13:26:11,160.0,60.0,161.0,42.0,158.0,112.0,162.0,56.0,160.5,1.0,172.0,98.0,2.621936307352198,270,74.0,89.0,0.27,160.0,1.0
2025-04-08 13:26:12,159.32,47.0,174.5,34.0,157.9,80.0,202.36,44.0,166.91,15.180000000000009,127.0,78.0,2.762638231801647,205,49.0,-65.0,0.24,160.0,5.0
2025-04-08 13:26:13,158.0,72.0,173.0,36.0,157.0,36.0,332.42,43.0,165.5,15.0,108.0,79.0,2.762638231801647,187,29.0,-18.0,0.16,160.0,
2025-04-08 13:26:14,161.38,64.0,229.51,43.0,157.72,58.0,378.4,47.0,195.44,68.13,122.0,90.0,14.547912908724868,212,32.0,25.0,0.15,158.0,1.0
2025-04-08 13:26:15,164.0,66.0,327.62,52.0,158.0,91.0,334.81,64.0,245.81,163.62,157.0,116.0,35.69949817574368,273,41.0,61.0,0.15,164.0,3.0
2025-04-08 13:26:16,164.0,27.0,329.78,18.0,158.0,63.0,332.0,36.0,246.89,165.77999999999997,90.0,54.0,40.36941726109023,144,36.0,-129.0,0.25,164.0,
2025-04-08 13:26:17,164.0,27.0,326.73,30.0,158.0,63.0,330.0,24.0,245.37,162.73000000000002,90.0,54.0,37.43698932873857,144,36.0,0.0,0.25,164.0,
2025-04-08 13:26:18,160.96,23.0,239.09,55.0,157.61,62.0,325.79,38.0,200.02,78.13,85.0,93.0,26.506635584323387,178,-8.0,34.0,-0.04,159.33,12.0
2025-04-08 13:26:19,162.75,8.0,325.0,32.0,157.0,16.0,328.0,16.0,243.88,162.25,24.0,48.0,20.362365530560684,72,-24.0,-106.0,-0.33,159.33,
2025-04-08 13:26:20,157.5,20.0,271.49,37.0,156.1,40.0,295.32,41.0,214.49,113.99,60.0,78.0,21.525794991129484,138,-18.0,66.0,-0.13,159.33,
2025-04-08 13:26:21,156.21,19.0,223.25,16.0,121.05,21.0,317.15,26.0,189.73,67.03999999999999,40.0,42.0,25.25494347647762,82,-2.0,-56.0,-0.02,156.67,3.0
2025-04-08 13:26:22,161.57,21.0,220.86,36.0,138.23,52.0,222.04,46.0,191.22,59.29000000000002,73.0,82.0,22.407861790006347,155,-9.0,73.0,-0.06,156.0,1.0
2025-04-08 13:26:23,165.0,12.0,216.74,38.0,159.0,120.0,217.41,34.0,190.87,51.74000000000001,132.0,72.0,23.553372794570578,204,60.0,49.0,0.29,156.0,
2025-04-08 13:26:24,165.0,8.0,215.0,16.0,159.0,80.0,217.0,32.0,190.0,50.0,88.0,48.0,10.766093534795452,136,40.0,-68.0,0.29,156.0,
2025-04-08 13:26:25,159.2,30.0,212.38,32.0,157.25,24.0,214.0,16.0,185.79,53.18000000000001,54.0,48.0,2.1736996112471814,102,6.0,-34.0,0.06,159.67,9.0
2025-04-08 13:26:26,159.0,28.0,211.53,38.0,156.0,28.0,212.43,46.0,185.26,52.53,56.0,84.0,2.8733725828600347,140,-28.0,38.0,-0.2,159.67,
2025-04-08 13:26:27,159.53,38.0,208.38,26.0,156.92,26.0,209.29,28.0,183.96,48.85,64.0,54.0,3.0641197757144782,118,10.0,-22.0,0.08,159.67,
2025-04-08 13:26:28,160.0,40.0,200.76,25.0,159.0,16.0,207.54,26.0,180.38,40.75999999999999,56.0,51.0,3.467249630458436,107,5.0,-11.0,0.05,159.67,
2025-04-08 13:26:29,160.76,29.0,195.2,20.0,159.85,41.0,205.38,42.0,177.98,34.44,70.0,62.0,3.3669986634838853,132,8.0,25.0,0.06,159.67,
2025-04-08 13:26:30,163.0,32.0,191.53,36.0,160.0,65.0,198.26,23.0,177.26,28.53,97.0,59.0,3.549523911723076,156,38.0,24.0,0.24,159.67,
2025-04-08 13:26:31,163.0,14.0,189.8,25.0,160.0,50.0,190.4,25.0,176.4,26.80000000000001,64.0,50.0,3.047208558645958,114,14.0,-42.0,0.12,163.0,2.0
2025-04-08 13:26:32,160.27,33.0,164.23,13.0,159.33,45.0,186.29,34.0,162.25,3.95999999999998,78.0,47.0,7.199797219357218,125,31.0,11.0,0.25,163.0,1.0
2025-04-08 13:26:33,160.0,55.0,162.02,41.0,159.0,55.0,170.71,14.0,161.01,2.0200000000000102,110.0,55.0,8.564878866618326,165,55.0,40.0,0.33,163.0,
2025-04-08 13:26:34,160.0,26.0,161.77,22.0,159.0,50.0,497.62,26.0,160.89,1.7700000000000102,76.0,48.0,8.482674696098435,124,28.0,-41.0,0.23,160.0,4.0
2025-04-08 13:26:35,159.09,55.0,198.57,37.0,158.71,35.0,315.65,52.0,178.83,39.47999999999999,90.0,89.0,8.947719262461819,179,1.0,55.0,0.01,160.0,1.0
2025-04-08 13:26:36,159.0,50.0,173.0,20.0,158.0,10.0,207.82,44.0,166.0,14.0,60.0,64.0,7.574224712788776,124,-4.0,-55.0,-0.03,160.0,
2025-04-08 13:26:37,159.0,21.0,172.44,18.0,158.0,9.0,223.27,30.0,165.72,13.439999999999998,30.0,48.0,7.322892188187915,78,-18.0,-46.0,-0.23,159.0,3.0
2025-04-08 13:26:38,158.33,12.0,170.38,16.0,157.05,19.0,171.62,16.0,164.35,12.049999999999985,31.0,32.0,6.834052238593647,63,-1.0,-15.0,-0.02,158.8,5.0
2025-04-08 13:26:39,164.0,63.0,167.78,18.0,157.0,9.0,169.33,18.0,165.89,3.780000000000001,72.0,36.0,6.002855153993944,108,36.0,45.0,0.33,158.8,
2025-04-08 13:26:40,164.0,89.0,165.86,28.0,157.0,74.0,167.0,28.0,164.93,1.8600000000000136,163.0,56.0,0.7112453865003605,219,107.0,111.0,0.49,164.0,5.0
2025-04-08 13:26:41,162.5,20.0,176.69,26.0,158.8,35.0,233.63,38.0,169.6,14.189999999999998,55.0,64.0,2.053647973685249,119,-9.0,-100.0,-0.08,164.0,2.0
2025-04-08 13:26:42,157.0,72.0,193.94,34.0,156.0,48.0,330.0,48.0,175.47,36.94,120.0,82.0,4.624631877223426,202,38.0,83.0,0.19,159.0,2.0
2025-04-08 13:26:43,157.97,33.0,311.22,55.0,159.17,90.0,517.58,45.0,234.59,153.25000000000003,123.0,100.0,29.63519832901241,223,23.0,21.0,0.1,159.0,
2025-04-08 13:26:46,161.0,10.0,234.0,40.0,160.0,50.0,469.5,28.0,197.5,73.0,60.0,68.0,77.15086149875619,128,-8.0,-35.0,-0.06,159.0,
2025-04-08 13:26:47,161.0,12.0,233.5,48.0,160.0,60.0,385.16,37.0,197.25,72.5,72.0,85.0,71.92152438596028,157,-13.0,29.0,-0.08,159.0,
2025-04-08 13:26:48,159.57,28.0,232.22,36.0,157.98,43.0,392.38,13.0,195.9,72.65,71.0,49.0,77.23992121953674,120,22.0,-37.0,0.18,160.17,6.0
2025-04-08 13:26:49,156.84,37.0,231.0,40.0,148.5,36.0,336.0,12.0,193.92,74.16,73.0,52.0,53.68330205939353,125,21.0,5.0,0.17,156.83,6.0
2025-04-08 13:26:50,156.0,16.0,198.09,33.0,133.0,40.0,237.61,23.0,177.05,42.09,56.0,56.0,8.655728161163132,112,0.0,-13.0,0.0,156.83,
2025-04-08 13:26:51,156.0,14.0,165.0,13.0,131.0,23.0,167.0,35.0,160.5,9.0,37.0,48.0,15.904893272195096,85,-11.0,-27.0,-0.13,165.0,3.0
2025-04-08 13:26:52,142.0,10.0,165.0,7.0,94.04,23.0,167.0,35.0,153.5,23.0,33.0,42.0,19.13496485494224,75,-9.0,-10.0,-0.12,156.0,2.0
2025-04-08 13:26:53,121.0,7.0,164.43,7.0,101.0,35.0,168.04,27.0,142.71,43.43000000000001,42.0,34.0,20.18338747583822,76,8.0,1.0,0.11,156.0,
2025-04-08 13:26:54,120.12,8.0,161.75,8.0,101.0,40.0,164.0,8.0,140.94,41.63,48.0,16.0,14.725931209936167,64,32.0,-12.0,0.5,156.0,
2025-04-08 13:26:55,121.25,16.0,158.67,9.0,95.66,38.0,164.67,9.0,139.96,37.41999999999999,54.0,18.0,9.052995084486462,72,36.0,8.0,0.5,158.0,1.0
2025-04-08 13:26:56,124.0,13.0,184.38,13.0,81.42,38.0,258.13,15.0,154.19,60.38,51.0,28.0,6.9981676172931095,79,23.0,7.0,0.29,158.0,1.0
2025-04-08 13:26:57,159.05,19.0,196.0,30.0,148.64,14.0,389.2,10.0,177.53,36.94999999999999,33.0,40.0,15.85721066265291,73,-7.0,-6.0,-0.1,158.0,
2025-04-08 13:26:58,163.0,18.0,196.0,27.0,157.0,18.0,614.2,25.0,179.5,33.0,36.0,52.0,19.194877702131595,88,-16.0,15.0,-0.18,158.0,
2025-04-08 13:26:59,159.0,18.0,342.74,19.0,126.19,31.0,618.93,30.0,250.87,183.74,49.0,49.0,42.71248353818699,98,0.0,10.0,0.0,163.0,2.0
2025-04-08 13:27:00,157.97,80.0,159.0,42.0,153.59,29.0,387.0,56.0,158.49,1.0300000000000011,109.0,98.0,38.9648454379061,207,11.0,109.0,0.05,163.0,
2025-04-08 13:27:01,158.71,83.0,356.95,38.0,158.04,56.0,430.04,49.0,257.83,198.24,139.0,87.0,45.99721491568821,226,52.0,19.0,0.23,159.0,3.0
2025-04-08 13:27:02,160.65,40.0,165.25,59.0,159.0,91.0,242.07,58.0,162.95,4.599999999999994,131.0,117.0,48.55283843401945,248,14.0,22.0,0.06,160.0,4.0
2025-04-08 13:27:03,161.0,18.0,162.26,42.0,159.0,77.0,238.46,50.0,161.63,1.259999999999991,95.0,92.0,51.20194996286743,187,3.0,-61.0,0.02,161.0,2.0
2025-04-08 13:27:04,160.3,20.0,175.63,49.0,158.88,97.0,346.03,62.0,167.97,15.329999999999984,117.0,111.0,42.65364556517885,228,6.0,41.0,0.03,161.5,2.0
2025-04-08 13:27:05,159.0,32.0,328.22,18.0,157.0,48.0,331.52,29.0,243.61,169.22000000000003,80.0,47.0,47.72262901391731,127,33.0,-101.0,0.26,159.0,3.0
2025-04-08 13:27:06,160.0,40.0,326.71,17.0,157.29,56.0,328.4,25.0,243.35,166.70999999999998,96.0,42.0,43.4970311630572,138,54.0,11.0,0.39,159.0,
2025-04-08 13:27:07,164.0,48.0,287.92,24.0,159.0,48.0,288.79,38.0,225.96,123.92000000000002,96.0,62.0,40.594223480687845,158,34.0,20.0,0.22,159.0,
2025-04-08 13:27:08,164.0,44.0,261.0,22.0,159.0,44.0,288.31,26.0,212.5,97.0,88.0,48.0,31.196188388969507,136,40.0,-22.0,0.29,159.0,
2025-04-08 13:27:09,164.0,40.0,270.71,14.0,159.0,40.0,319.6,10.0,217.36,106.70999999999998,80.0,24.0,14.451385054731682,104,56.0,-32.0,0.54,159.0,
2025-04-08 13:27:10,164.0,52.0,266.2,30.0,159.0,52.0,287.54,13.0,215.1,102.2,104.0,43.0,12.522451038039458,147,61.0,43.0,0.41,159.0,
2025-04-08 13:27:11,164.69,26.0,252.46,26.0,163.09,44.0,253.0,22.0,208.58,87.77000000000001,70.0,48.0,6.502261145175829,118,22.0,-29.0,0.19,159.0,
2025-04-08 13:27:12,163.91,23.0,229.53,15.0,162.65,46.0,231.07,30.0,196.72,65.62,69.0,45.0,8.136198129349863,114,24.0,-4.0,0.21,164.33,6.0
2025-04-08 13:27:13,158.25,63.0,222.69,13.0,157.2,82.0,229.92,25.0,190.47,64.44,145.0,38.0,11.674638324163013,183,107.0,69.0,0.58,158.44,9.0
2025-04-08 13:27:14,157.22,46.0,159.0,10.0,156.57,42.0,228.0,10.0,158.11,1.7800000000000011,88.0,20.0,22.167147538642865,108,68.0,-75.0,0.63,158.0,3.0
2025-04-08 13:27:15,157.0,19.0,159.0,9.0,156.0,27.0,228.0,9.0,158.0,2.0,46.0,18.0,23.13515139349444,64,28.0,-44.0,0.44,157.0,5.0
2025-04-08 13:27:16,157.0,22.0,158.0,18.0,156.0,42.0,330.14,14.0,157.5,1.0,64.0,32.0,19.693104123013725,96,32.0,32.0,0.33,157.0,2.0
2025-04-08 13:27:17,156.07,29.0,157.6,15.0,131.0,54.0,284.64,11.0,156.83,1.5300000000000011,83.0,26.0,14.704134452589283,109,57.0,13.0,0.52,157.0,3.0
2025-04-08 13:27:18,130.5,48.0,156.67,18.0,128.08,39.0,158.0,9.0,143.58,26.169999999999987,87.0,27.0,6.294746222031482,114,60.0,5.0,0.53,157.0,
2025-04-08 13:27:19,133.12,96.0,154.67,42.0,123.38,52.0,157.56,18.0,143.9,21.549999999999983,148.0,60.0,7.517946528126308,208,88.0,94.0,0.42,157.0,
2025-04-08 13:27:20,137.89,57.0,152.0,81.0,137.22,46.0,154.67,18.0,144.95,14.110000000000014,103.0,99.0,7.154164521434656,202,4.0,-6.0,0.02,157.0,
2025-04-08 13:27:21,142.63,70.0,151.83,96.0,140.32,111.0,153.1,40.0,147.23,9.200000000000015,181.0,136.0,5.5169439003623095,317,45.0,115.0,0.14,150.86,7.0
2025-04-08 13:27:22,147.39,56.0,151.15,52.0,142.2,41.0,152.15,52.0,149.27,3.7600000000000193,97.0,104.0,2.4158704434919245,201,-7.0,-116.0,-0.03,151.0,2.0
2025-04-08 13:27:23,149.0,18.0,151.65,34.0,95.33,9.0,153.27,22.0,150.32,2.6500000000000057,27.0,56.0,2.7363716852328497,83,-29.0,-118.0,-0.35,150.0,3.0
2025-04-08 13:27:24,150.71,28.0,152.17,24.0,146.58,12.0,154.07,15.0,151.44,1.4599999999999795,40.0,39.0,2.5818346189775507,79,1.0,-4.0,0.01,152.0,4.0
2025-04-08 13:27:25,149.86,14.0,154.0,18.0,144.67,9.0,156.56,9.0,151.93,4.139999999999986,23.0,27.0,1.877463714631334,50,-4.0,-29.0,-0.08,151.0,2.0
2025-04-08 13:27:26,114.65,49.0,333.33,24.0,84.0,64.0,490.33,36.0,223.99,218.68,113.0,60.0,32.77458390277178,173,53.0,123.0,0.31,159.5,6.0
2025-04-08 13:27:27,161.38,24.0,340.5,16.0,149.59,17.0,544.27,30.0,250.94,179.12,41.0,46.0,48.18787119182501,87,-5.0,-86.0,-0.06,162.25,4.0
2025-04-08 13:27:28,157.0,18.0,228.67,18.0,115.0,6.0,363.43,14.0,192.83,71.66999999999999,24.0,32.0,43.94290534318318,56,-8.0,-31.0,-0.14,162.25,
2025-04-08 13:27:29,157.0,13.0,264.0,20.0,96.51,37.0,566.0,10.0,210.5,107.0,50.0,30.0,36.947598974764375,80,20.0,24.0,0.25,157.0,1.0
2025-04-08 13:27:30,157.0,16.0,231.67,18.0,102.18,44.0,274.0,32.0,194.33,74.66999999999999,60.0,50.0,24.033049536004523,110,10.0,30.0,0.09,157.0,
2025-04-08 13:27:31,138.31,26.0,233.85,41.0,96.94,17.0,318.55,51.0,186.08,95.54,43.0,92.0,26.181660184182626,135,-49.0,25.0,-0.36,157.0,2.0
2025-04-08 13:27:41,155.7,61.0,166.92,60.0,153.4,55.0,193.17,60.0,161.31,11.22,116.0,120.0,33.804925380774044,236,-4.0,7.0,-0.02,160.0,5.0
2025-04-08 13:27:42,160.0,36.0,167.0,30.0,158.0,18.0,245.71,21.0,163.5,7.0,54.0,51.0,31.854060180764225,105,3.0,-131.0,0.03,160.0,
2025-04-08 13:27:43,160.0,54.0,256.4,40.0,158.0,27.0,522.06,34.0,208.2,96.39999999999998,81.0,74.0,27.551120303897743,155,7.0,50.0,0.05,160.0,
2025-04-08 13:27:44,160.0,66.0,259.08,52.0,158.0,33.0,495.6,25.0,209.54,99.07999999999998,99.0,77.0,33.24273258924234,176,22.0,21.0,0.12,160.0,
2025-04-08 13:27:45,160.0,54.0,415.42,24.0,158.0,27.0,531.0,39.0,287.71,255.42,81.0,63.0,51.22823508574165,144,18.0,-32.0,0.12,160.0,
2025-04-08 13:27:46,160.0,54.0,251.76,25.0,158.0,27.0,390.0,31.0,205.88,91.76,81.0,56.0,44.99503950437262,137,25.0,-7.0,0.18,160.0,
2025-04-08 13:27:47,160.0,58.0,212.15,52.0,158.0,39.0,397.89,27.0,186.08,52.150000000000006,97.0,79.0,39.31251352941036,176,18.0,39.0,0.1,160.0,5.0
2025-04-08 13:27:48,159.0,24.0,210.89,72.0,157.4,90.0,294.39,90.0,184.94,51.88999999999999,114.0,162.0,42.24794551217907,276,-48.0,100.0,-0.17,159.0,2.0
2025-04-08 13:27:49,157.35,34.0,210.0,40.0,156.73,74.0,286.85,26.0,183.68,52.650000000000006,108.0,66.0,44.576187813675006,174,42.0,-102.0,0.24,157.29,7.0
2025-04-08 13:27:50,157.0,36.0,208.56,36.0,156.0,45.0,472.41,17.0,182.78,51.56,81.0,53.0,9.700480400471667,134,28.0,-40.0,0.21,157.29,
2025-04-08 13:27:51,158.22,45.0,204.14,37.0,154.36,50.0,240.89,36.0,181.18,45.91999999999999,95.0,73.0,1.8969765417402664,168,22.0,34.0,0.13,156.8,5.0
2025-04-08 13:27:52,161.53,111.0,206.43,56.0,160.14,42.0,419.28,47.0,183.98,44.900000000000006,153.0,103.0,1.419549224194412,256,50.0,88.0,0.2,162.0,5.0
2025-04-08 13:27:53,163.0,168.0,204.12,41.0,162.0,42.0,226.9,29.0,183.56,41.120000000000005,210.0,70.0,1.1281311980039077,280,140.0,24.0,0.5,162.0,
2025-04-08 13:27:54,163.35,94.0,192.0,46.0,162.35,51.0,200.78,41.0,177.68,28.65000000000001,145.0,87.0,2.5574753175552623,232,58.0,-48.0,0.25,163.0,9.0
2025-04-08 13:27:55,165.0,7.0,197.37,19.0,163.0,21.0,198.88,16.0,181.18,32.370000000000005,28.0,35.0,2.509478033357329,63,-7.0,-168.0,-0.11,165.0,2.0
2025-04-08 13:27:56,165.0,10.0,194.5,16.0,163.0,30.0,195.18,34.0,179.75,29.5,40.0,50.0,2.6356593102868398,90,-10.0,27.0,-0.11,165.0,
2025-04-08 13:27:57,165.0,8.0,193.38,8.0,163.0,24.0,195.0,32.0,179.19,28.379999999999995,32.0,40.0,2.224695484756844,72,-8.0,-18.0,-0.11,165.0,
2025-04-08 13:27:58,165.0,13.0,187.76,37.0,163.0,39.0,192.78,37.0,176.38,22.75999999999999,52.0,74.0,1.8589862828679249,126,-22.0,54.0,-0.17,165.0,
2025-04-08 13:27:59,165.0,11.0,190.29,14.0,163.0,33.0,191.95,41.0,177.64,25.289999999999992,44.0,55.0,1.8652801397889485,99,-11.0,-27.0,-0.11,165.0,
2025-04-08 13:28:00,165.0,12.0,188.43,42.0,163.0,36.0,189.11,18.0,176.71,23.430000000000007,48.0,60.0,1.4895401974727187,108,-12.0,9.0,-0.11,165.0,
2025-04-08 13:28:01,164.07,97.0,185.67,24.0,163.39,69.0,187.45,60.0,174.87,21.599999999999994,166.0,84.0,1.5970504061809296,250,82.0,142.0,0.33,165.0,
2025-04-08 13:28:02,164.85,59.0,181.79,48.0,163.97,93.0,182.57,21.0,173.32,16.939999999999998,152.0,69.0,1.7003029141530692,221,83.0,-29.0,0.38,165.0,
2025-04-08 13:28:03,165.0,75.0,178.33,69.0,164.0,135.0,178.57,42.0,171.67,13.330000000000013,210.0,111.0,2.4339823335170685,321,99.0,100.0,0.31,165.0,
2025-04-08 13:28:04,165.0,42.0,173.63,30.0,164.0,135.0,175.13,52.0,169.32,8.629999999999995,177.0,82.0,2.851152398568988,259,95.0,-62.0,0.37,165.0,3.0
2025-04-08 13:28:05,165.0,30.0,170.03,62.0,164.0,135.0,170.84,25.0,167.52,5.030000000000001,165.0,87.0,2.9649198977134734,252,78.0,-7.0,0.31,165.0,
2025-04-08 13:28:06,164.13,68.0,165.67,18.0,163.52,71.0,167.68,37.0,164.9,1.539999999999992,139.0,55.0,3.327743980514158,194,84.0,-58.0,0.43,164.08,12.0
2025-04-08 13:28:07,162.09,33.0,163.82,22.0,161.23,39.0,164.31,26.0,162.95,1.7299999999999898,72.0,48.0,3.460645893448057,120,24.0,-74.0,0.2,162.2,5.0
2025-04-08 13:28:08,161.71,21.0,163.86,29.0,159.69,26.0,164.67,15.0,162.79,2.1500000000000057,47.0,44.0,2.867024590028995,91,3.0,-29.0,0.03,162.0,2.0
2025-04-08 13:28:09,160.62,13.0,163.29,17.0,159.33,36.0,164.06,31.0,161.95,2.6699999999999875,49.0,48.0,2.2342269356142634,97,1.0,6.0,0.01,162.0,1.0
2025-04-08 13:28:10,160.0,42.0,162.5,20.0,158.07,116.0,163.65,46.0,161.25,2.5,158.0,66.0,1.374088788913825,224,92.0,127.0,0.41,160.0,1.0
2025-04-08 13:28:11,160.0,16.0,163.0,16.0,156.32,85.0,164.0,40.0,161.5,3.0,101.0,56.0,0.7587621496988463,157,45.0,-67.0,0.29,160.0,
2025-04-08 13:28:12,160.0,22.0,161.56,52.0,159.0,33.0,163.2,25.0,160.78,1.5600000000000025,55.0,77.0,0.7630399726185201,132,-22.0,-25.0,-0.17,160.0,
2025-04-08 13:28:13,157.93,58.0,162.14,42.0,156.63,156.0,204.6,30.0,160.04,4.20999999999998,214.0,72.0,0.7298835522268001,286,142.0,154.0,0.5,159.0,6.0
2025-04-08 13:28:14,157.0,50.0,162.0,20.0,156.0,95.0,163.0,10.0,159.5,5.0,145.0,30.0,0.8347933874971701,175,115.0,-111.0,0.66,159.0,
2025-04-08 13:28:15,160.0,54.0,197.85,66.0,157.23,79.0,187.27,30.0,178.92,37.85,133.0,96.0,8.292268688352118,229,37.0,54.0,0.16,161.25,8.0
2025-04-08 13:28:16,159.14,28.0,359.55,47.0,156.91,102.0,378.09,46.0,259.35,200.41000000000005,130.0,93.0,43.059642590248174,223,37.0,-6.0,0.17,158.5,4.0
2025-04-08 13:28:17,157.0,80.0,339.3,40.0,156.0,110.0,382.37,41.0,248.15,182.3,190.0,81.0,48.77283742002298,271,109.0,48.0,0.4,158.5,
2025-04-08 13:28:18,159.33,84.0,191.45,44.0,156.29,109.0,198.4,35.0,175.39,32.119999999999976,193.0,79.0,45.935526229706,272,114.0,1.0,0.42,158.5,
2025-04-08 13:28:19,164.0,70.0,189.6,40.0,157.0,80.0,233.6,42.0,176.8,25.599999999999994,150.0,82.0,42.222497202321215,232,68.0,-40.0,0.29,158.5,
2025-04-08 13:28:20,164.0,56.0,189.0,32.0,157.0,64.0,381.95,20.0,176.5,25.0,120.0,52.0,42.646933887444014,172,68.0,-60.0,0.4,158.5,
2025-04-08 13:28:21,164.0,77.0,188.36,44.0,156.14,115.0,440.0,11.0,176.18,24.360000000000014,192.0,55.0,32.17348644458576,247,137.0,75.0,0.55,158.5,
2025-04-08 13:28:22,163.61,62.0,185.0,40.0,156.42,86.0,486.0,30.0,174.31,21.389999999999983,148.0,70.0,1.0020129739059729,218,78.0,-29.0,0.36,158.5,
2025-04-08 13:28:23,156.07,121.0,369.16,51.0,155.09,159.0,498.42,45.0,262.61,213.09000000000003,280.0,96.0,38.76879737624003,376,184.0,158.0,0.49,160.0,5.0
2025-04-08 13:28:24,160.74,62.0,240.33,78.0,156.42,62.0,273.97,72.0,200.54,79.59,124.0,150.0,37.684473858606246,274,-26.0,-102.0,-0.09,160.0,
2025-04-08 13:28:25,163.0,24.0,230.36,28.0,158.0,16.0,231.17,36.0,196.68,67.36000000000001,40.0,64.0,35.83780866626747,104,-24.0,-168.0,-0.23,160.0,
2025-04-08 13:28:26,163.0,30.0,196.09,44.0,159.6,20.0,204.58,38.0,179.55,33.09,50.0,82.0,35.25628128433285,132,-32.0,28.0,-0.24,160.0,
2025-04-08 13:28:27,161.69,32.0,173.48,27.0,158.92,26.0,190.49,57.0,167.58,11.789999999999992,58.0,84.0,36.71136295481268,142,-26.0,10.0,-0.18,163.0,3.0
2025-04-08 13:28:28,160.0,55.0,168.77,90.0,158.0,40.0,170.07,74.0,164.38,8.77000000000001,95.0,164.0,16.45687333608368,259,-69.0,117.0,-0.27,163.0,
2025-04-08 13:28:29,160.0,30.0,165.69,36.0,158.0,20.0,166.6,50.0,162.85,5.689999999999998,50.0,86.0,14.16908500926816,136,-36.0,-123.0,-0.26,163.0,
2025-04-08 13:28:30,160.62,48.0,162.73,55.0,159.11,27.0,164.26,47.0,161.68,2.109999999999985,75.0,102.0,7.245893319656021,177,-27.0,41.0,-0.15,161.0,5.0
2025-04-08 13:28:31,159.25,24.0,161.67,54.0,156.45,134.0,163.93,42.0,160.46,2.4199999999999875,158.0,96.0,2.7539426282728394,254,62.0,77.0,0.24,160.4,5.0
2025-04-08 13:28:32,156.07,109.0,160.61,18.0,155.28,122.0,208.8,50.0,158.34,4.5400000000000205,231.0,68.0,2.3025898461970997,299,163.0,45.0,0.55,157.33,3.0
2025-04-08 13:28:33,156.0,52.0,161.0,10.0,155.0,38.0,162.0,50.0,158.5,5.0,90.0,60.0,1.9680142275412384,150,30.0,-149.0,0.2,156.0,3.0
2025-04-08 13:28:34,156.0,39.0,159.67,12.0,155.0,36.0,162.0,60.0,157.83,3.669999999999988,75.0,72.0,1.636557362208941,147,3.0,-3.0,0.02,156.0,3.0
2025-04-08 13:28:35,156.0,11.0,158.04,47.0,155.0,63.0,160.58,19.0,157.02,2.039999999999992,74.0,66.0,1.2729886094526284,140,8.0,-7.0,0.06,156.0,
2025-04-08 13:28:36,156.0,8.0,157.0,40.0,155.0,144.0,159.0,8.0,156.5,1.0,152.0,48.0,0.8587316226811458,200,104.0,60.0,0.52,156.0,
2025-04-08 13:28:37,155.11,122.0,157.73,33.0,121.79,126.0,165.93,15.0,156.42,2.619999999999976,248.0,48.0,0.8948631179073576,296,200.0,96.0,0.68,156.0,1.0
2025-04-08 13:28:38,155.7,80.0,174.14,28.0,154.28,308.0,411.96,50.0,164.92,18.44,388.0,78.0,3.611609059657015,466,310.0,168.0,0.67,156.2,5.0
2025-04-08 13:28:39,161.62,24.0,223.0,20.0,156.4,52.0,525.0,20.0,192.31,61.38,76.0,40.0,15.447067035519334,116,36.0,-168.0,0.31,156.2,
2025-04-08 13:28:40,162.0,30.0,418.23,26.0,159.0,10.0,522.73,22.0,290.12,256.23,40.0,48.0,56.760745062058064,88,-8.0,-28.0,-0.09,156.2,
2025-04-08 13:28:41,157.09,66.0,418.91,11.0,156.0,16.0,456.67,30.0,288.0,261.82000000000005,82.0,41.0,65.89807796893676,123,41.0,35.0,0.33,159.29,7.0
2025-04-08 13:28:42,155.97,112.0,247.5,14.0,154.61,28.0,317.11,18.0,201.74,91.53,140.0,32.0,57.87843052467914,172,108.0,49.0,0.63,156.0,4.0
2025-04-08 13:28:43,155.0,14.0,189.86,7.0,120.6,20.0,249.25,12.0,172.43,34.860000000000014,34.0,19.0,55.91522824776911,53,15.0,-119.0,0.28,155.0,1.0
2025-04-08 13:28:45,145.61,44.0,403.56,45.0,129.71,35.0,440.74,54.0,274.58,257.95,79.0,99.0,54.28742193178904,178,-20.0,127.0,-0.11,159.0,2.0
2025-04-08 13:28:46,160.33,36.0,405.62,42.0,158.0,60.0,438.26,53.0,282.98,245.29,96.0,95.0,52.81696432018869,191,1.0,13.0,0.01,162.0,2.0
2025-04-08 13:28:47,160.0,36.0,342.33,18.0,159.0,60.0,455.9,41.0,251.17,182.33,96.0,59.0,52.64589034293304,155,37.0,-36.0,0.24,162.0,
2025-04-08 13:28:48,160.7,30.0,213.0,16.0,159.0,50.0,220.91,34.0,186.85,52.30000000000001,80.0,50.0,48.8134660723877,130,30.0,-25.0,0.23,162.0,
2025-04-08 13:28:49,161.0,19.0,167.48,31.0,159.0,65.0,215.31,13.0,164.24,6.47999999999999,84.0,44.0,53.40748851987079,128,40.0,-2.0,0.31,161.0,2.0
2025-04-08 13:28:50,161.79,14.0,171.35,20.0,159.0,80.0,194.08,26.0,166.57,9.560000000000002,94.0,46.0,53.70395488229924,140,48.0,12.0,0.34,161.0,
2025-04-08 13:28:51,159.93,30.0,167.83,12.0,158.71,42.0,168.95,42.0,163.88,7.900000000000006,72.0,54.0,37.37211353402324,126,18.0,-14.0,0.14,161.5,2.0
2025-04-08 13:28:52,159.0,65.0,166.0,14.0,158.0,28.0,167.21,14.0,162.5,7.0,93.0,28.0,10.191480265390384,121,65.0,-5.0,0.54,161.5,
2025-04-08 13:28:53,159.0,21.0,164.77,13.0,158.0,26.0,168.09,22.0,161.88,5.77000000000001,47.0,35.0,1.8199120857389188,82,12.0,-39.0,0.15,160.0,5.0
2025-04-08 13:28:54,164.0,20.0,166.1,10.0,159.0,10.0,281.8,40.0,165.05,2.0999999999999943,30.0,50.0,1.9015335915569136,80,-20.0,-2.0,-0.25,160.0,
2025-04-08 13:28:55,163.0,12.0,165.0,6.0,158.5,6.0,357.0,24.0,164.0,2.0,18.0,30.0,1.2663017017350051,48,-12.0,-32.0,-0.25,162.33,3.0
2025-04-08 13:28:56,158.0,12.0,163.36,22.0,156.0,6.0,163.57,14.0,160.68,5.360000000000014,18.0,36.0,1.7270552972658413,54,-18.0,6.0,-0.33,157.33,3.0
2025-04-08 13:28:57,155.0,49.0,161.43,7.0,124.0,49.0,163.0,35.0,158.21,6.430000000000007,98.0,42.0,2.711868359601924,140,56.0,86.0,0.4,157.33,
2025-04-08 13:28:58,155.0,53.0,202.71,34.0,124.0,77.0,315.07,30.0,178.85,47.71000000000001,130.0,64.0,8.01484060975798,194,66.0,54.0,0.34,155.44,9.0
2025-04-08 13:29:01,156.9,59.0,280.2,40.0,144.38,13.0,533.82,49.0,218.55,123.29999999999998,72.0,89.0,85.49109047146489,161,-17.0,56.0,-0.11,155.44,
2025-04-08 13:29:02,157.0,57.0,348.0,36.0,155.0,9.0,647.78,45.0,252.5,191.0,66.0,81.0,70.6595752180855,147,-15.0,-14.0,-0.1,157.0,5.0
2025-04-08 13:29:05,161.48,58.0,409.83,23.0,157.7,23.0,468.35,20.0,285.65,248.35,81.0,43.0,53.7233806642917,124,38.0,47.0,0.31,157.0,
2025-04-08 13:29:06,162.0,120.0,325.17,36.0,159.0,20.0,391.11,27.0,243.58,163.17000000000002,140.0,63.0,46.367220641315285,203,77.0,79.0,0.38,157.0,
2025-04-08 13:29:07,162.0,84.0,308.53,15.0,159.0,18.0,342.67,30.0,235.27,146.52999999999997,102.0,45.0,50.52753932263473,147,57.0,-56.0,0.39,162.0,4.0
2025-04-08 13:29:08,162.0,80.0,250.09,11.0,159.0,20.0,315.5,24.0,206.05,88.09,100.0,35.0,50.85811705126605,135,65.0,-12.0,0.48,162.0,
2025-04-08 13:29:09,162.0,42.0,248.83,6.0,159.0,12.0,266.0,18.0,205.42,86.83000000000001,54.0,24.0,32.98485455478262,78,30.0,-57.0,0.38,162.0,2.0
2025-04-08 13:29:10,162.0,42.0,247.78,9.0,159.0,58.0,266.0,27.0,204.89,85.78,100.0,36.0,18.842050578429465,136,64.0,58.0,0.47,162.0,2.0
2025-04-08 13:29:11,163.64,11.0,245.82,11.0,162.0,44.0,288.34,29.0,204.73,82.18,55.0,40.0,13.425226999945304,95,15.0,-41.0,0.16,162.0,
2025-04-08 13:29:12,165.0,9.0,244.89,9.0,162.0,36.0,343.11,18.0,204.94,79.88999999999999,45.0,27.0,0.5374290651181901,72,18.0,-23.0,0.25,162.0,
2025-04-08 13:29:13,159.36,67.0,242.69,13.0,158.86,43.0,333.3,20.0,201.03,83.32999999999998,110.0,33.0,1.7917784461337376,143,77.0,71.0,0.54,162.6,5.0
2025-04-08 13:29:14,159.0,70.0,241.21,14.0,156.22,72.0,242.71,14.0,200.11,82.21000000000001,142.0,28.0,2.369789020150272,170,114.0,27.0,0.67,159.0,4.0
2025-04-08 13:29:15,159.28,29.0,237.55,11.0,157.14,43.0,238.55,11.0,198.41,78.27000000000001,72.0,22.0,2.8885948140954567,94,50.0,-76.0,0.53,161.67,3.0
2025-04-08 13:29:16,157.5,32.0,236.36,11.0,155.21,107.0,237.36,11.0,196.93,78.86000000000001,139.0,22.0,3.042462818180764,161,117.0,67.0,0.73,158.33,3.0
2025-04-08 13:29:17,159.0,32.0,234.25,8.0,157.0,30.0,235.25,8.0,196.62,75.25,62.0,16.0,1.9318643844755967,78,46.0,-83.0,0.59,158.33,
2025-04-08 13:29:18,157.65,124.0,231.29,14.0,156.21,121.0,232.71,14.0,194.47,73.63999999999999,245.0,28.0,2.105711281253813,273,217.0,168.0,0.79,158.6,5.0
2025-04-08 13:29:19,157.29,109.0,229.0,9.0,156.17,144.0,232.0,9.0,193.15,71.71000000000001,253.0,18.0,2.090784541743481,271,235.0,-2.0,0.87,158.6,
2025-04-08 13:29:20,165.0,7.0,228.57,7.0,157.0,147.0,232.0,7.0,196.79,63.56999999999999,154.0,14.0,1.6959127336016129,168,140.0,-103.0,0.83,158.6,
2025-04-08 13:29:21,165.0,11.0,191.0,13.0,157.29,123.0,201.09,22.0,178.0,26.0,134.0,35.0,7.866443287787404,169,99.0,1.0,0.59,158.6,
2025-04-08 13:29:22,165.0,12.0,182.58,12.0,159.0,36.0,195.47,15.0,173.79,17.580000000000013,48.0,27.0,10.543761188492253,75,21.0,-94.0,0.28,158.6,
2025-04-08 13:29:23,165.0,14.0,174.8,40.0,159.0,42.0,176.91,22.0,169.9,9.800000000000011,56.0,62.0,11.961911636520895,118,-6.0,43.0,-0.05,158.6,
2025-04-08 13:29:24,160.6,15.0,171.53,15.0,157.1,243.0,172.88,51.0,166.07,10.930000000000009,258.0,66.0,11.966438484357424,324,192.0,168.0,0.59,161.0,3.0
2025-04-08 13:29:25,159.0,14.0,167.93,14.0,157.0,294.0,170.64,22.0,163.46,8.930000000000007,308.0,36.0,5.837227937975492,344,272.0,20.0,0.79,161.0,
2025-04-08 13:29:26,157.03,231.0,162.02,47.0,155.61,207.0,163.02,43.0,159.52,4.990000000000009,438.0,90.0,5.541648671637856,528,348.0,168.0,0.66,157.67,3.0
2025-04-08 13:29:27,157.0,171.0,158.09,33.0,155.0,108.0,159.71,21.0,157.55,1.0900000000000034,279.0,54.0,4.965113291743866,333,225.0,-168.0,0.68,157.67,
2025-04-08 13:29:28,157.0,155.0,158.0,55.0,155.0,132.0,168.56,45.0,157.5,1.0,287.0,100.0,3.8058310524563375,387,187.0,54.0,0.48,157.0,9.0
2025-04-08 13:29:29,157.96,52.0,266.0,28.0,155.83,70.0,421.03,30.0,211.98,108.04,122.0,58.0,23.591178859901856,180,64.0,-168.0,0.36,157.0,5.0
2025-04-08 13:29:30,161.21,33.0,300.73,45.0,158.73,78.0,474.47,49.0,230.97,139.52,111.0,94.0,35.31626438342452,205,17.0,25.0,0.08,162.14,7.0
2025-04-08 13:29:31,162.88,16.0,223.0,27.0,160.24,17.0,416.44,27.0,192.94,60.120000000000005,33.0,54.0,32.708487736365434,87,-21.0,-118.0,-0.24,162.14,
2025-04-08 13:29:32,163.0,16.0,284.75,24.0,162.0,8.0,498.4,15.0,223.88,121.75,24.0,39.0,29.45063123262431,63,-15.0,-24.0,-0.24,162.14,
2025-04-08 13:29:33,163.0,16.0,450.75,24.0,162.0,8.0,661.0,16.0,306.88,287.75,24.0,40.0,43.56503529207978,64,-16.0,1.0,-0.25,162.14,
2025-04-08 13:29:34,159.8,50.0,442.49,35.0,158.0,25.0,519.73,37.0,301.14,282.69,75.0,72.0,50.35901528028755,147,3.0,83.0,0.02,161.6,5.0
2025-04-08 13:29:35,159.0,154.0,369.08,48.0,157.0,55.0,423.41,51.0,264.04,210.08,209.0,99.0,49.20244587416629,308,110.0,161.0,0.36,159.0,1.0
2025-04-08 13:29:36,159.0,125.0,275.57,46.0,157.13,46.0,326.55,44.0,217.28,116.57,171.0,90.0,41.8367503518173,261,81.0,-47.0,0.31,159.0,3.0
2025-04-08 13:29:37,159.0,143.0,196.25,55.0,158.0,39.0,296.17,60.0,177.63,37.25,182.0,115.0,55.448567880516485,297,67.0,36.0,0.23,159.0,
2025-04-08 13:29:38,159.0,109.0,205.65,31.0,158.0,33.0,207.74,46.0,182.32,46.650000000000006,142.0,77.0,53.35236002277815,219,65.0,-78.0,0.3,159.0,3.0
2025-04-08 13:29:39,159.0,35.0,202.7,46.0,158.0,30.0,205.35,23.0,180.85,43.69999999999999,65.0,69.0,37.0188564112944,134,-4.0,-85.0,-0.03,159.0,5.0
2025-04-08 13:29:40,159.0,24.0,172.6,20.0,158.0,24.0,193.59,22.0,165.8,13.599999999999994,48.0,42.0,19.29448962786904,90,6.0,-44.0,0.07,159.0,
2025-04-08 13:29:41,159.85,104.0,170.43,70.0,158.47,34.0,171.61,61.0,165.14,10.580000000000013,138.0,131.0,8.283354996612209,269,7.0,168.0,0.03,159.0,1.0
2025-04-08 13:29:42,160.0,110.0,168.85,41.0,159.0,20.0,170.4,50.0,164.43,8.849999999999994,130.0,91.0,9.04437781165122,221,39.0,-48.0,0.18,159.0,
2025-04-08 13:29:43,160.0,154.0,166.62,58.0,159.0,28.0,168.5,40.0,163.31,6.6200000000000045,182.0,98.0,7.294499982855063,280,84.0,59.0,0.3,159.0,
2025-04-08 13:29:44,160.0,154.0,164.58,43.0,159.0,28.0,165.55,55.0,162.29,4.5800000000000125,182.0,98.0,1.4085914950249403,280,84.0,0.0,0.3,159.0,
2025-04-08 13:29:45,160.0,80.0,162.85,53.0,159.0,26.0,163.47,38.0,161.42,2.8499999999999943,106.0,91.0,1.5178504537182973,197,15.0,-83.0,0.08,160.0,7.0
2025-04-08 13:29:46,160.87,31.0,162.0,14.0,159.92,26.0,164.43,35.0,161.44,1.1299999999999957,57.0,49.0,1.2927374056047387,106,8.0,-91.0,0.08,161.0,7.0
2025-04-08 13:29:47,160.7,43.0,161.79,28.0,159.83,48.0,165.0,90.0,161.24,1.0900000000000034,91.0,118.0,0.8674387585570019,209,-27.0,103.0,-0.13,160.5,6.0
2025-04-08 13:29:48,159.83,12.0,161.78,23.0,158.87,23.0,266.08,39.0,160.81,1.9499999999999889,35.0,62.0,0.5384700547335713,97,-27.0,-112.0,-0.28,160.0,1.0
2025-04-08 13:29:49,159.0,16.0,166.0,16.0,158.0,24.0,167.0,24.0,162.5,7.0,40.0,40.0,0.6229125137970485,80,0.0,-17.0,0.0,160.0,
2025-04-08 13:29:50,158.62,13.0,164.78,9.0,157.21,57.0,166.0,18.0,161.7,6.159999999999997,70.0,27.0,0.6285061653199551,97,43.0,17.0,0.44,158.5,4.0
2025-04-08 13:29:51,158.25,16.0,160.53,19.0,157.01,127.0,162.94,17.0,159.39,2.280000000000001,143.0,36.0,1.1558416845933006,179,107.0,82.0,0.6,160.0,2.0
2025-04-08 13:29:52,156.99,68.0,158.77,61.0,156.56,73.0,267.83,23.0,157.88,1.7800000000000011,141.0,84.0,1.845462001733076,225,57.0,46.0,0.25,157.27,11.0
2025-04-08 13:29:53,156.14,42.0,178.91,23.0,155.1,29.0,311.63,57.0,167.53,22.77000000000001,71.0,80.0,3.691456352152395,151,-9.0,-74.0,-0.06,157.0,1.0
2025-04-08 13:29:54,158.0,27.0,188.05,38.0,155.62,26.0,318.19,32.0,173.03,30.05000000000001,53.0,70.0,6.283989974518979,123,-17.0,-28.0,-0.14,159.0,5.0
2025-04-08 13:29:55,164.51,43.0,201.0,20.0,158.06,16.0,276.82,17.0,182.76,36.49000000000001,59.0,37.0,10.245197411464192,96,22.0,-27.0,0.23,159.0,
2025-04-08 13:29:56,165.0,70.0,214.71,28.0,159.0,21.0,523.82,22.0,189.86,49.71000000000001,91.0,50.0,12.556957035838664,141,41.0,45.0,0.29,159.0,
2025-04-08 13:29:57,165.0,120.0,419.58,38.0,163.35,46.0,515.29,41.0,292.29,254.58,166.0,79.0,51.70391406847271,245,87.0,104.0,0.36,159.0,
2025-04-08 13:29:58,165.0,58.0,390.36,22.0,164.0,28.0,417.86,21.0,277.68,225.36,86.0,43.0,57.0207149201069,129,43.0,-116.0,0.33,165.0,2.0
2025-04-08 13:29:59,165.0,60.0,307.52,31.0,164.0,36.0,345.24,34.0,236.26,142.51999999999998,96.0,65.0,49.67138713585674,161,31.0,32.0,0.19,165.0,3.0
2025-04-08 13:30:00,165.0,65.0,304.12,17.0,164.0,52.0,305.45,38.0,234.56,139.12,117.0,55.0,40.38484492975301,172,62.0,11.0,0.36,165.0,
2025-04-08 13:30:01,165.0,55.0,299.86,21.0,164.0,44.0,302.57,23.0,232.43,134.86,99.0,44.0,28.20761829719469,143,55.0,-29.0,0.38,165.0,
2025-04-08 13:30:02,164.8,64.0,257.26,58.0,163.1,69.0,286.33,52.0,211.03,92.45999999999998,133.0,110.0,24.22292860081467,243,23.0,100.0,0.09,164.56,9.0
2025-04-08 13:30:03,164.71,14.0,273.08,36.0,163.0,28.0,275.32,53.0,218.9,108.36999999999998,42.0,89.0,11.094756869806416,131,-47.0,-112.0,-0.36,164.56,
2025-04-08 13:30:04,166.0,6.0,263.44,9.0,163.0,12.0,271.94,16.0,214.72,97.44,18.0,25.0,10.594218706450183,43,-7.0,-88.0,-0.16,164.56,
2025-04-08 13:30:05,162.4,25.0,268.35,23.0,161.76,29.0,269.79,29.0,215.37,105.95000000000002,54.0,52.0,8.277840902076047,106,2.0,63.0,0.02,164.0,3.0
2025-04-08 13:30:06,160.0,55.0,261.89,19.0,159.0,33.0,265.32,25.0,210.95,101.89,88.0,44.0,3.329433885822866,132,44.0,26.0,0.33,164.0,
2025-04-08 13:30:07,162.89,83.0,257.73,15.0,159.49,41.0,258.6,25.0,210.31,94.84000000000005,124.0,40.0,3.511103815050896,164,84.0,32.0,0.51,164.0,
2025-04-08 13:30:08,165.0,96.0,253.94,18.0,160.0,40.0,255.21,14.0,209.47,88.94,136.0,32.0,2.6916686274608987,168,104.0,4.0,0.62,164.0,
2025-04-08 13:30:09,165.0,108.0,251.58,12.0,160.0,45.0,253.36,11.0,208.29,86.58000000000001,153.0,23.0,2.7012071375686832,176,130.0,8.0,0.74,164.0,
2025-04-08 13:30:10,165.0,180.0,243.67,18.0,159.82,67.0,249.82,28.0,204.33,78.66999999999999,247.0,46.0,2.622403477736201,293,201.0,117.0,0.69,164.0,
2025-04-08 13:30:11,165.0,144.0,243.67,15.0,159.88,25.0,244.4,20.0,204.33,78.66999999999999,169.0,35.0,2.84518540697044,204,134.0,-89.0,0.66,164.0,
2025-04-08 13:30:12,165.0,104.0,205.61,23.0,160.0,22.0,239.45,11.0,185.3,40.610000000000014,126.0,34.0,9.804605040490776,160,92.0,-44.0,0.57,165.0,4.0
2025-04-08 13:30:13,165.0,112.0,183.24,29.0,164.0,17.0,190.06,36.0,174.12,18.24000000000001,129.0,65.0,14.835859597609709,194,64.0,34.0,0.33,165.0,4.0
2025-04-08 13:30:14,165.0,49.0,176.55,22.0,164.0,13.0,177.91,23.0,170.77,11.550000000000011,62.0,45.0,16.045954318766995,107,17.0,-87.0,0.16,165.0,3.0
2025-04-08 13:30:15,163.33,12.0,173.05,19.0,161.86,14.0,175.45,11.0,168.19,9.72,26.0,30.0,14.81395862016387,56,-4.0,-51.0,-0.07,164.5,2.0
2025-04-08 13:30:16,160.59,27.0,169.91,22.0,159.67,36.0,171.5,16.0,165.25,9.319999999999991,63.0,38.0,7.751459862496543,101,25.0,45.0,0.25,164.5,
2025-04-08 13:30:17,162.85,52.0,167.71,28.0,160.88,50.0,168.71,28.0,165.28,4.860000000000014,102.0,56.0,3.792027162333932,158,46.0,57.0,0.29,164.5,
2025-04-08 13:30:18,162.54,52.0,165.0,36.0,160.96,67.0,245.6,35.0,163.77,2.460000000000008,119.0,71.0,2.8052308282688307,190,48.0,32.0,0.25,163.0,4.0
2025-04-08 13:30:19,161.0,40.0,163.79,19.0,160.0,13.0,264.69,26.0,162.39,2.789999999999992,53.0,45.0,2.1586523573431102,98,8.0,-92.0,0.08,161.0,3.0
2025-04-08 13:30:20,160.0,6.0,280.0,12.0,159.0,30.0,363.0,12.0,220.0,120.0,36.0,24.0,24.995472990121748,60,12.0,-38.0,0.2,161.0,1.0
2025-04-08 13:30:21,159.79,14.0,204.09,44.0,158.96,57.0,316.67,24.0,181.94,44.30000000000001,71.0,68.0,24.419265549969342,139,3.0,79.0,0.02,159.33,3.0
2025-04-08 13:30:22,159.0,23.0,201.93,30.0,158.0,18.0,239.55,22.0,180.47,42.93000000000001,41.0,52.0,23.253067109521965,93,-11.0,-46.0,-0.12,159.0,1.0
2025-04-08 13:30:23,158.0,18.0,199.44,9.0,157.0,27.0,202.0,36.0,178.72,41.44,45.0,45.0,21.24321609361315,90,0.0,-3.0,0.0,159.0,2.0
2025-04-08 13:30:24,156.7,46.0,195.63,19.0,127.34,73.0,204.69,29.0,176.16,38.93000000000001,119.0,48.0,18.318431155531737,167,71.0,77.0,0.43,157.4,5.0
2025-04-08 13:30:25,157.19,83.0,179.45,29.0,100.15,107.0,180.24,25.0,168.32,22.25999999999999,190.0,54.0,5.370672211177415,244,136.0,77.0,0.56,157.4,
2025-04-08 13:30:26,159.65,92.0,167.64,14.0,157.4,55.0,169.17,24.0,163.65,7.989999999999981,147.0,38.0,7.189459645891229,185,109.0,-59.0,0.59,157.4,
2025-04-08 13:30:27,163.0,21.0,165.5,8.0,157.0,28.0,168.15,13.0,164.25,2.5,49.0,21.0,6.8911065874709365,70,28.0,-115.0,0.4,157.4,
2025-04-08 13:30:28,163.0,24.0,164.0,8.0,157.0,32.0,165.0,16.0,163.5,1.0,56.0,24.0,5.397409563843849,80,32.0,10.0,0.4,157.4,
2025-04-08 13:30:29,158.65,51.0,164.0,16.0,156.97,33.0,342.62,55.0,161.32,5.349999999999994,84.0,71.0,2.5526202224109125,155,13.0,75.0,0.08,161.4,5.0
2025-04-08 13:30:30,159.54,52.0,200.0,24.0,105.66,58.0,305.92,24.0,179.77,40.46000000000001,110.0,48.0,7.501837774830283,158,62.0,3.0,0.39,159.38,8.0
2025-04-08 13:30:32,116.93,58.0,389.58,26.0,106.57,56.0,607.0,6.0,253.25,272.65,114.0,32.0,43.36783912071253,146,82.0,-20.0,0.56,155.0,4.0
2025-04-08 13:30:35,165.0,28.0,313.89,55.0,160.04,27.0,589.29,28.0,239.45,148.89,55.0,83.0,87.18266588032344,138,-28.0,126.0,-0.2,155.0,
2025-04-08 13:30:36,160.4,10.0,192.0,24.0,159.2,20.0,580.0,18.0,176.2,31.599999999999994,30.0,42.0,89.49782539257623,72,-12.0,-66.0,-0.17,165.0,2.0
2025-04-08 13:30:37,160.0,12.0,383.62,21.0,159.0,24.0,432.19,21.0,271.81,223.62,36.0,42.0,91.87668403898826,78,-6.0,6.0,-0.08,165.0,
2025-04-08 13:30:38,164.0,13.0,374.15,52.0,160.3,20.0,376.0,39.0,269.08,210.15,33.0,91.0,52.65951642391177,124,-58.0,46.0,-0.47,165.0,
2025-04-08 13:30:39,164.0,9.0,371.17,24.0,160.0,18.0,372.76,21.0,267.58,207.17,27.0,45.0,40.53568341597549,72,-18.0,-52.0,-0.25,165.0,
2025-04-08 13:30:40,161.0,20.0,316.88,51.0,158.29,28.0,371.31,29.0,238.94,155.88,48.0,80.0,40.5532245327075,128,-32.0,56.0,-0.25,160.4,5.0
2025-04-08 13:30:41,154.4,30.0,186.0,32.0,137.0,28.0,217.81,47.0,170.2,31.599999999999994,58.0,79.0,43.09675184976456,137,-21.0,9.0,-0.15,157.5,4.0
2025-04-08 13:30:42,137.19,58.0,174.4,25.0,125.28,72.0,183.49,37.0,155.79,37.21000000000001,130.0,62.0,53.930244019474735,192,68.0,55.0,0.35,160.0,1.0
2025-04-08 13:30:43,137.17,30.0,154.2,15.0,94.44,18.0,156.33,9.0,145.68,17.03,48.0,24.0,54.27124302980345,72,24.0,-120.0,0.33,160.0,
2025-04-08 13:30:44,138.44,27.0,153.94,17.0,108.0,16.0,154.67,12.0,146.19,15.5,43.0,29.0,39.063468227999046,72,14.0,0.0,0.19,160.0,
2025-04-08 13:30:45,139.0,66.0,154.8,20.0,138.0,55.0,338.82,38.0,146.9,15.800000000000011,121.0,58.0,10.497393485995262,179,63.0,107.0,0.35,153.8,5.0
2025-04-08 13:30:46,139.14,35.0,155.0,12.0,138.19,31.0,228.43,14.0,147.07,15.860000000000014,66.0,26.0,4.209694763257438,92,40.0,-87.0,0.43,153.8,
2025-04-08 13:30:47,140.0,35.0,153.3,20.0,129.67,18.0,155.14,14.0,146.65,13.300000000000011,53.0,34.0,0.5647742910134035,87,19.0,-5.0,0.22,153.8,
2025-04-08 13:30:48,140.75,40.0,153.11,28.0,131.88,16.0,154.4,20.0,146.93,12.360000000000014,56.0,48.0,0.3467275584529062,104,8.0,17.0,0.08,152.89,9.0
2025-04-08 13:30:49,142.29,34.0,152.3,27.0,129.71,34.0,154.0,20.0,147.3,10.01000000000002,68.0,47.0,0.2386419908390322,115,21.0,11.0,0.18,152.67,3.0
2025-04-08 13:30:50,143.41,22.0,151.88,16.0,113.08,12.0,154.0,16.0,147.64,8.469999999999999,34.0,32.0,0.3749266592177924,66,2.0,-49.0,0.03,151.0,2.0
2025-04-08 13:30:51,144.87,15.0,154.0,14.0,144.38,13.0,155.0,28.0,149.43,9.129999999999995,28.0,42.0,1.0944633387163456,70,-14.0,4.0,-0.2,151.0,
2025-04-08 13:30:52,149.0,9.0,154.75,16.0,147.4,5.0,155.43,14.0,151.88,5.75,14.0,30.0,2.0519088673229056,44,-16.0,-26.0,-0.36,154.0,2.0
2025-04-08 13:30:53,151.25,8.0,154.85,33.0,150.12,8.0,155.78,18.0,153.05,3.5999999999999943,16.0,51.0,2.545751362526081,67,-35.0,23.0,-0.52,150.0,2.0
2025-04-08 13:30:54,152.29,7.0,154.8,20.0,150.14,7.0,168.52,25.0,153.54,2.5100000000000198,14.0,45.0,2.506226246732029,59,-31.0,-8.0,-0.53,153.75,4.0
2025-04-08 13:30:55,152.62,8.0,227.53,17.0,147.0,8.0,363.62,26.0,190.08,74.91,16.0,43.0,17.11493295341362,59,-27.0,0.0,-0.46,156.0,6.0
2025-04-08 13:30:56,156.0,7.0,265.17,6.0,148.33,6.0,267.0,18.0,210.58,109.17000000000002,13.0,24.0,27.017771558733237,37,-11.0,-22.0,-0.3,156.0,
2025-04-08 13:30:57,160.0,12.0,263.67,6.0,155.0,6.0,267.0,18.0,211.83,103.67000000000002,18.0,24.0,29.169832532943072,42,-6.0,5.0,-0.14,156.0,
2025-04-08 13:30:58,160.0,20.0,261.07,27.0,158.43,7.0,264.73,11.0,210.54,101.07,27.0,38.0,25.050558476808288,65,-11.0,23.0,-0.17,156.0,
2025-04-08 13:30:59,160.0,38.0,258.0,17.0,159.0,13.0,260.95,61.0,209.0,98.0,51.0,78.0,9.181491164295537,129,-27.0,64.0,-0.21,160.0,2.0
2025-04-08 13:31:00,160.0,18.0,240.09,35.0,159.0,9.0,223.09,23.0,200.04,80.09,27.0,58.0,4.778767623566279,85,-31.0,-44.0,-0.36,160.0,
2025-04-08 13:31:01,159.79,14.0,183.6,48.0,156.46,26.0,186.32,31.0,171.69,23.81,40.0,79.0,16.819454509585405,119,-39.0,34.0,-0.33,159.67,3.0
2025-04-08 13:31:02,159.64,11.0,178.73,55.0,149.35,17.0,181.0,22.0,169.18,19.090000000000003,28.0,77.0,20.190227834276087,105,-49.0,-14.0,-0.47,157.8,5.0
2025-04-08 13:31:03,162.77,121.0,174.44,52.0,128.13,31.0,174.03,38.0,168.61,11.669999999999987,152.0,90.0,19.29937900555201,242,62.0,137.0,0.26,157.8,
2025-04-08 13:31:04,163.0,97.0,164.08,36.0,160.0,30.0,165.75,16.0,163.54,1.0800000000000125,127.0,52.0,14.519306801631544,179,75.0,-63.0,0.42,163.2,5.0
2025-04-08 13:31:05,163.0,77.0,164.0,36.0,160.0,31.0,166.42,24.0,163.5,1.0,108.0,60.0,3.6434914573625834,168,48.0,-11.0,0.29,163.0,2.0
2025-04-08 13:31:06,163.0,63.0,164.0,36.0,160.0,36.0,318.93,41.0,163.5,1.0,99.0,77.0,2.954586265429961,176,22.0,8.0,0.12,163.0,
2025-04-08 13:31:07,161.29,28.0,164.0,24.0,159.0,12.0,327.0,20.0,162.64,2.710000000000008,40.0,44.0,2.406890109635654,84,-4.0,-92.0,-0.05,163.0,7.0
2025-04-08 13:31:08,160.0,20.0,163.6,20.0,157.0,5.0,262.74,23.0,161.8,3.5999999999999943,25.0,43.0,0.7682968175491821,68,-18.0,-16.0,-0.26,163.0,
2025-04-08 13:31:09,160.0,40.0,161.2,40.0,157.0,10.0,231.58,36.0,160.6,1.1999999999999886,50.0,76.0,1.232606993268235,126,-26.0,58.0,-0.21,163.0,
2025-04-08 13:31:10,159.49,49.0,286.94,53.0,157.67,15.0,414.92,39.0,223.22,127.45,64.0,92.0,27.339021928370144,156,-28.0,30.0,-0.18,160.0,4.0
2025-04-08 13:31:11,159.17,30.0,430.9,30.0,158.67,30.0,478.5,30.0,295.03,271.73,60.0,60.0,59.10810874998466,120,0.0,-36.0,0.0,160.0,
2025-04-08 13:31:12,159.75,12.0,234.67,30.0,158.88,48.0,351.27,22.0,197.21,74.91999999999999,60.0,52.0,55.45849231632647,112,8.0,-8.0,0.07,159.2,5.0
2025-04-08 13:31:13,156.02,157.0,191.14,21.0,117.33,15.0,233.64,33.0,173.58,35.119999999999976,172.0,54.0,53.233457242603095,226,118.0,114.0,0.52,157.0,4.0
2025-04-08 13:31:14,156.0,78.0,190.0,6.0,106.0,12.0,284.5,12.0,173.0,34.0,90.0,18.0,50.58378564322823,108,72.0,-118.0,0.67,157.0,
2025-04-08 13:31:15,156.0,208.0,189.31,16.0,145.0,32.0,289.48,46.0,172.66,33.31,240.0,62.0,52.88340694395567,302,178.0,168.0,0.59,157.0,
2025-04-08 13:31:16,156.17,88.0,189.0,10.0,155.6,30.0,340.08,26.0,172.59,32.83000000000001,118.0,36.0,10.853108771219304,154,82.0,-148.0,0.53,156.0,1.0
2025-04-08 13:31:17,161.89,27.0,187.75,16.0,156.48,84.0,217.11,18.0,174.82,25.860000000000014,111.0,34.0,0.9203260291322674,145,77.0,-9.0,0.53,156.0,
2025-04-08 13:31:18,165.0,18.0,186.89,9.0,164.0,54.0,188.0,18.0,175.94,21.889999999999983,72.0,27.0,1.501972036990155,99,45.0,-46.0,0.45,156.0,
2025-04-08 13:31:19,165.0,26.0,184.77,13.0,164.0,78.0,188.0,26.0,174.88,19.77000000000001,104.0,39.0,1.4862435870011137,143,65.0,44.0,0.45,156.0,
2025-04-08 13:31:20,165.0,18.0,182.83,12.0,164.0,54.0,187.0,15.0,173.92,17.830000000000013,72.0,27.0,1.2530363122842834,99,45.0,-44.0,0.45,156.0,
2025-04-08 13:31:21,165.0,10.0,181.75,8.0,164.0,30.0,182.43,7.0,173.38,16.75,40.0,15.0,0.9839308918331906,55,25.0,-44.0,0.45,156.0,
2025-04-08 13:31:22,164.46,26.0,180.17,12.0,163.0,48.0,182.0,24.0,172.31,15.70999999999998,74.0,36.0,1.391754288623369,110,38.0,55.0,0.35,164.33,6.0
2025-04-08 13:31:23,164.38,16.0,177.57,42.0,161.14,28.0,180.0,14.0,170.97,13.189999999999998,44.0,56.0,1.5066419614153033,100,-12.0,-10.0,-0.12,165.0,2.0
2025-04-08 13:31:24,161.5,24.0,171.66,29.0,157.45,66.0,173.37,30.0,166.58,10.159999999999997,90.0,59.0,2.937306589358744,149,31.0,49.0,0.21,160.4,5.0
2025-04-08 13:31:25,162.67,30.0,168.16,19.0,157.8,15.0,168.92,25.0,165.41,5.490000000000009,45.0,44.0,3.5391171215266604,89,1.0,-60.0,0.01,165.0,4.0
2025-04-08 13:31:26,157.72,18.0,163.71,17.0,156.15,47.0,165.71,21.0,160.71,5.990000000000009,65.0,38.0,4.637712798338472,103,27.0,14.0,0.26,158.0,2.0
2025-04-08 13:31:27,156.14,21.0,158.56,18.0,90.51,57.0,159.75,16.0,157.35,2.420000000000016,78.0,34.0,5.293012374806994,112,44.0,9.0,0.39,156.14,7.0
2025-04-08 13:31:28,151.17,12.0,157.0,21.0,102.33,42.0,158.0,14.0,154.08,5.8300000000000125,54.0,35.0,5.285028855157356,89,19.0,-23.0,0.21,149.33,6.0
2025-04-08 13:31:29,137.0,6.0,156.0,9.0,116.0,21.0,158.0,6.0,146.5,19.0,27.0,15.0,7.127597772028756,42,12.0,-47.0,0.29,149.33,
2025-04-08 13:31:30,118.83,48.0,154.93,15.0,107.62,24.0,155.56,27.0,136.88,36.10000000000001,72.0,42.0,9.534979286805292,114,30.0,72.0,0.26,149.33,
2025-04-08 13:31:33,124.09,35.0,331.38,26.0,119.48,25.0,553.27,22.0,227.74,207.29,60.0,48.0,40.150479449190016,108,12.0,-1.0,0.11,151.82,11.0
2025-04-08 13:31:40,161.0,40.0,385.0,30.0,160.0,10.0,386.0,40.0,273.0,224.0,50.0,70.0,27.073745030942472,120,-20.0,8.0,-0.17,161.0,5.0
2025-04-08 13:31:41,161.0,21.0,357.5,20.0,160.0,7.0,375.7,23.0,259.25,196.5,28.0,43.0,36.81651056252392,71,-15.0,-49.0,-0.21,161.0,
2025-04-08 13:31:42,161.0,17.0,314.19,21.0,160.0,9.0,343.4,30.0,237.6,153.19,26.0,51.0,36.756325305997954,77,-25.0,6.0,-0.32,161.0,2.0
2025-04-08 13:31:43,161.29,7.0,314.29,21.0,160.14,7.0,360.22,23.0,237.79,153.00000000000003,14.0,44.0,32.86471466482368,58,-30.0,-19.0,-0.52,162.0,2.0
2025-04-08 13:31:44,160.0,9.0,203.29,28.0,159.0,36.0,285.38,24.0,181.64,43.28999999999999,45.0,52.0,34.83214219654262,97,-7.0,39.0,-0.07,162.0,
2025-04-08 13:31:45,160.0,6.0,212.33,12.0,159.0,24.0,314.0,18.0,186.17,52.33000000000001,30.0,30.0,34.5744291348403,60,0.0,-37.0,0.0,162.0,
2025-04-08 13:31:46,163.51,57.0,237.33,27.0,160.19,42.0,260.19,31.0,200.42,73.82000000000002,99.0,58.0,27.339706106687498,157,41.0,97.0,0.26,162.0,
2025-04-08 13:31:47,164.0,80.0,234.55,22.0,163.0,32.0,236.0,16.0,199.27,70.55000000000001,112.0,38.0,22.088204318142623,150,74.0,-7.0,0.49,162.0,
2025-04-08 13:31:48,164.0,130.0,197.15,27.0,163.0,52.0,209.57,35.0,180.57,33.150000000000006,182.0,62.0,9.581854204691693,244,120.0,94.0,0.49,162.0,
2025-04-08 13:31:49,164.0,121.0,169.69,32.0,163.0,48.0,170.47,30.0,166.84,5.689999999999998,169.0,62.0,13.950897103769188,231,107.0,-13.0,0.46,164.0,3.0
2025-04-08 13:31:50,163.96,80.0,165.53,15.0,162.93,41.0,166.24,42.0,164.75,1.5699999999999932,121.0,57.0,17.075551235609872,178,64.0,-53.0,0.36,163.92,12.0
2025-04-08 13:31:51,162.89,28.0,164.06,34.0,159.69,13.0,177.71,14.0,163.48,1.170000000000016,41.0,48.0,15.202094263617354,89,-7.0,-89.0,-0.08,163.0,3.0
2025-04-08 13:31:52,158.34,59.0,164.1,10.0,157.4,57.0,310.8,20.0,161.22,5.759999999999991,116.0,30.0,7.654081917504933,146,86.0,57.0,0.59,159.2,5.0
2025-04-08 13:31:53,160.11,36.0,163.0,8.0,159.07,60.0,257.82,11.0,161.56,2.8899999999999864,96.0,19.0,2.326800378171753,115,77.0,-31.0,0.67,159.2,
2025-04-08 13:31:54,160.0,104.0,163.54,13.0,158.85,91.0,238.0,42.0,161.77,3.539999999999992,195.0,55.0,1.505167764688042,250,140.0,135.0,0.56,161.0,1.0
2025-04-08 13:31:55,160.0,72.0,163.0,9.0,159.0,63.0,420.45,22.0,161.5,3.0,135.0,31.0,0.9015431214608038,166,104.0,-84.0,0.63,161.0,
2025-04-08 13:31:56,161.0,30.0,163.0,5.0,160.0,40.0,293.8,10.0,162.0,2.0,70.0,15.0,0.2934280147703386,85,55.0,-81.0,0.65,161.0,
2025-04-08 13:31:57,160.25,96.0,230.81,21.0,159.31,116.0,436.81,32.0,195.53,70.56,212.0,53.0,15.12715670573556,265,159.0,168.0,0.6,163.0,1.0
2025-04-08 13:31:58,160.07,28.0,259.69,26.0,159.0,120.0,410.86,28.0,209.88,99.62,148.0,54.0,22.99568285569968,202,94.0,-63.0,0.47,160.0,4.0
2025-04-08 13:31:59,161.33,9.0,236.48,25.0,159.0,100.0,327.5,20.0,198.91,75.14999999999998,109.0,45.0,22.37768374966344,154,64.0,-48.0,0.42,160.0,
2025-04-08 13:32:00,160.59,27.0,231.2,30.0,158.98,170.0,341.4,30.0,195.9,70.60999999999999,197.0,60.0,17.986993356311093,257,137.0,103.0,0.53,160.33,3.0
2025-04-08 13:32:01,159.0,148.0,356.0,24.0,157.0,20.0,408.67,24.0,257.5,197.0,168.0,48.0,26.34161973000253,216,120.0,-41.0,0.56,159.0,1.0
2025-04-08 13:32:02,159.75,28.0,390.0,24.0,158.94,65.0,446.31,26.0,274.88,230.25,93.0,50.0,36.30165257946427,143,43.0,-73.0,0.3,160.0,1.0
2025-04-08 13:32:03,160.69,51.0,362.05,38.0,158.73,74.0,514.07,28.0,261.37,201.36,125.0,66.0,37.37166266036565,191,59.0,48.0,0.31,159.5,4.0
2025-04-08 13:32:04,161.78,49.0,422.68,34.0,159.53,53.0,525.97,31.0,292.23,260.9,102.0,65.0,36.4398728043917,167,37.0,-24.0,0.22,163.0,3.0
2025-04-08 13:32:05,160.0,45.0,391.43,28.0,159.0,60.0,494.0,35.0,275.71,231.43,105.0,63.0,13.729412587591373,168,42.0,1.0,0.25,160.0,3.0
2025-04-08 13:32:06,159.03,29.0,450.5,24.0,157.25,40.0,523.59,17.0,304.77,291.47,69.0,41.0,16.872795263392245,110,28.0,-58.0,0.25,159.5,2.0
2025-04-08 13:32:08,157.43,37.0,210.5,24.0,156.42,12.0,354.0,22.0,183.97,53.06999999999999,49.0,46.0,55.04075835233677,95,3.0,-28.0,0.03,159.5,
2025-04-08 13:32:09,165.0,22.0,176.0,33.0,159.26,57.0,430.5,34.0,170.5,11.0,79.0,67.0,71.02879993354969,146,12.0,51.0,0.08,159.5,
2025-04-08 13:32:10,165.0,18.0,264.43,28.0,162.29,21.0,519.09,35.0,214.71,99.43,39.0,63.0,71.24274994692568,102,-24.0,-44.0,-0.24,159.5,
2025-04-08 13:32:11,165.0,20.0,239.59,37.0,163.0,22.0,374.25,40.0,202.3,74.59,42.0,77.0,62.14975486677398,119,-35.0,17.0,-0.29,165.0,1.0
2025-04-08 13:32:12,162.56,18.0,205.0,27.0,161.5,28.0,543.22,36.0,183.78,42.44,46.0,63.0,17.404308949222347,109,-17.0,-10.0,-0.16,163.0,4.0
2025-04-08 13:32:13,161.0,10.0,273.67,18.0,160.0,30.0,462.33,18.0,217.33,112.67000000000002,40.0,36.0,20.183164518974923,76,4.0,-33.0,0.05,161.0,4.0
2025-04-08 13:32:14,159.46,28.0,355.0,33.0,158.14,76.0,431.2,15.0,257.23,195.54,104.0,48.0,27.04089403107966,152,56.0,76.0,0.37,159.88,8.0
2025-04-08 13:32:15,159.0,12.0,347.43,7.0,157.0,27.0,348.0,6.0,253.21,188.43,39.0,13.0,31.948864612065805,52,26.0,-100.0,0.5,159.88,
2025-04-08 13:32:16,159.84,101.0,305.35,23.0,157.71,56.0,335.71,21.0,232.59,145.51000000000002,157.0,44.0,29.90332122022795,201,113.0,149.0,0.56,159.88,
2025-04-08 13:32:17,160.48,101.0,263.38,16.0,159.0,32.0,315.62,16.0,211.93,102.9,133.0,32.0,20.460755606774583,165,101.0,-36.0,0.61,160.0,5.0
2025-04-08 13:32:18,161.0,96.0,259.74,19.0,159.0,47.0,260.36,22.0,210.37,98.74,143.0,41.0,22.089279752860936,184,102.0,19.0,0.55,160.0,
2025-04-08 13:32:19,164.46,78.0,257.25,16.0,161.43,79.0,258.45,22.0,210.86,92.79,157.0,38.0,18.9137336345872,195,119.0,11.0,0.61,160.0,
2025-04-08 13:32:20,166.0,120.0,254.77,26.0,164.0,60.0,255.74,23.0,210.38,88.77000000000001,180.0,49.0,9.727519210984925,229,131.0,34.0,0.57,160.0,
2025-04-08 13:32:21,166.0,120.0,251.6,20.0,164.0,60.0,252.78,23.0,208.8,85.6,180.0,43.0,1.128126765953964,223,137.0,-6.0,0.61,160.0,
2025-04-08 13:32:22,166.0,96.0,247.21,19.0,164.0,48.0,248.09,22.0,206.61,81.21000000000001,144.0,41.0,1.744772191450068,185,103.0,-38.0,0.56,160.0,
2025-04-08 13:32:23,166.0,132.0,245.0,22.0,164.0,66.0,246.0,22.0,205.5,79.0,198.0,44.0,2.3313944325346565,242,154.0,57.0,0.64,160.0,
2025-04-08 13:32:24,166.0,144.0,243.3,30.0,164.0,72.0,244.18,28.0,204.65,77.30000000000001,216.0,58.0,2.367080480264372,274,158.0,32.0,0.58,160.0,
2025-04-08 13:32:25,166.0,132.0,215.45,53.0,164.0,78.0,222.12,32.0,190.73,49.44999999999999,210.0,85.0,7.173992612209251,295,125.0,21.0,0.42,166.0,3.0
2025-04-08 13:32:26,166.0,90.0,209.98,41.0,164.0,78.0,211.59,41.0,187.99,43.97999999999999,168.0,82.0,8.96732290039876,250,86.0,-45.0,0.34,166.0,3.0
2025-04-08 13:32:27,166.0,78.0,205.79,29.0,164.0,78.0,206.85,27.0,185.9,39.78999999999999,156.0,56.0,9.401395109237736,212,100.0,-38.0,0.47,166.0,
2025-04-08 13:32:28,166.0,48.0,203.73,26.0,164.0,48.0,204.67,15.0,184.87,37.72999999999999,96.0,41.0,8.045099129282532,137,55.0,-75.0,0.4,166.0,
2025-04-08 13:32:29,166.0,60.0,201.89,18.0,164.0,60.0,202.47,34.0,183.94,35.889999999999986,120.0,52.0,2.716179301880822,172,68.0,35.0,0.4,166.0,
2025-04-08 13:32:30,166.0,96.0,197.09,33.0,164.0,96.0,198.52,25.0,181.55,31.090000000000003,192.0,58.0,2.3812076767805075,250,134.0,78.0,0.54,166.0,
2025-04-08 13:32:31,166.0,78.0,187.78,27.0,164.0,78.0,183.24,21.0,176.89,21.78,156.0,48.0,3.5895891129695605,204,108.0,-46.0,0.53,166.0,
2025-04-08 13:32:32,165.38,58.0,168.25,16.0,163.33,54.0,168.93,27.0,166.81,2.8700000000000045,112.0,43.0,7.386380710465337,155,69.0,-49.0,0.45,166.0,6.0
2025-04-08 13:32:33,164.0,43.0,165.57,14.0,161.0,40.0,192.62,26.0,164.79,1.5699999999999932,83.0,40.0,8.624243734955467,123,43.0,-32.0,0.35,164.0,4.0
2025-04-08 13:32:34,162.2,25.0,166.0,10.0,160.8,25.0,344.25,32.0,164.1,3.8000000000000114,50.0,42.0,7.899001202677653,92,8.0,-31.0,0.09,163.0,3.0
2025-04-08 13:32:35,161.0,12.0,165.25,4.0,160.0,4.0,452.0,16.0,163.12,4.25,16.0,20.0,5.61462109139061,36,-4.0,-56.0,-0.11,163.0,
2025-04-08 13:32:36,161.0,18.0,163.33,6.0,160.0,6.0,452.0,24.0,162.17,2.3300000000000125,24.0,30.0,1.764757773711903,54,-6.0,18.0,-0.11,163.0,
2025-04-08 13:32:37,161.0,40.0,189.78,18.0,160.0,10.0,282.38,32.0,175.39,28.78,50.0,50.0,5.3891678392757,100,0.0,46.0,0.0,161.0,1.0
2025-04-08 13:32:38,161.0,22.0,207.0,20.0,160.0,10.0,337.75,32.0,184.0,46.0,32.0,52.0,9.594369703107096,84,-20.0,-16.0,-0.24,161.0,
2025-04-08 13:32:39,162.85,52.0,264.4,20.0,160.86,14.0,420.0,28.0,213.62,101.54999999999998,66.0,48.0,21.03462502636879,114,18.0,30.0,0.16,163.0,4.0
2025-04-08 13:32:40,162.08,13.0,363.32,19.0,160.2,30.0,405.27,30.0,262.7,201.24,43.0,49.0,40.027042483801154,92,-6.0,-22.0,-0.07,162.22,9.0
2025-04-08 13:32:41,159.33,57.0,354.0,7.0,158.2,60.0,355.0,28.0,256.67,194.67,117.0,35.0,40.25891988119031,152,82.0,60.0,0.54,160.0,4.0
2025-04-08 13:32:42,165.41,17.0,354.0,12.0,160.14,74.0,422.75,32.0,259.71,188.59,91.0,44.0,35.017814751925464,135,47.0,-17.0,0.35,160.0,
2025-04-08 13:32:43,165.65,23.0,261.0,15.0,160.03,58.0,340.0,12.0,213.33,95.35,81.0,27.0,25.404645834968704,108,54.0,-27.0,0.5,160.0,
2025-04-08 13:32:44,166.0,39.0,184.32,19.0,165.0,26.0,203.59,17.0,175.16,18.319999999999997,65.0,36.0,38.362861337498806,101,29.0,-7.0,0.29,160.0,
2025-04-08 13:32:45,166.0,27.0,180.53,19.0,165.0,18.0,181.82,17.0,173.26,14.53,45.0,36.0,42.02872743731466,81,9.0,-20.0,0.11,160.0,
2025-04-08 13:32:46,166.0,36.0,178.09,34.0,165.0,24.0,178.82,22.0,172.04,12.090000000000003,60.0,56.0,38.23721289529371,116,4.0,35.0,0.03,160.0,
2025-04-08 13:32:47,166.0,36.0,176.5,18.0,165.0,24.0,177.18,33.0,171.25,10.5,60.0,51.0,18.128609157901256,111,9.0,-5.0,0.08,160.0,
2025-04-08 13:32:48,164.89,54.0,175.8,40.0,163.64,22.0,176.82,38.0,170.34,10.910000000000023,76.0,78.0,1.8743265456970333,154,-2.0,43.0,-0.01,165.6,5.0
2025-04-08 13:32:49,164.0,41.0,173.0,50.0,160.0,15.0,174.0,30.0,168.5,9.0,56.0,80.0,1.796307323343891,136,-24.0,-18.0,-0.18,164.0,1.0
2025-04-08 13:32:50,164.61,61.0,170.63,27.0,161.6,60.0,171.56,57.0,167.62,6.019999999999982,121.0,84.0,1.853483207340731,205,37.0,69.0,0.18,165.0,1.0
2025-04-08 13:32:51,165.0,60.0,167.57,35.0,164.0,40.0,170.14,35.0,166.29,2.569999999999993,100.0,70.0,2.009763667670694,170,30.0,-35.0,0.18,165.0,
2025-04-08 13:32:52,164.48,46.0,166.0,30.0,161.23,52.0,249.0,32.0,165.24,1.5200000000000102,98.0,62.0,1.9750746821029237,160,36.0,-10.0,0.23,165.0,6.0
2025-04-08 13:32:53,164.0,34.0,165.67,27.0,160.0,54.0,449.89,18.0,164.83,1.6699999999999875,88.0,45.0,1.5552266715431655,133,43.0,-27.0,0.32,164.0,1.0
2025-04-08 13:32:54,164.0,15.0,165.0,15.0,160.0,30.0,461.0,10.0,164.5,1.0,45.0,25.0,1.2691453816942453,70,20.0,-63.0,0.29,164.0,
2025-04-08 13:32:55,164.0,24.0,165.0,24.0,160.0,48.0,202.0,40.0,164.5,1.0,72.0,64.0,0.7457680603734432,136,8.0,66.0,0.06,164.0,
2025-04-08 13:32:56,164.0,30.0,165.0,30.0,160.63,38.0,193.04,46.0,164.5,1.0,68.0,76.0,0.3269250676709456,144,-8.0,8.0,-0.06,164.0,
2025-04-08 13:32:57,161.56,39.0,230.22,46.0,160.66,77.0,262.14,28.0,195.89,68.66,116.0,74.0,14.001868803838208,190,42.0,46.0,0.22,162.57,7.0
2025-04-08 13:32:58,161.0,54.0,236.82,22.0,160.0,54.0,250.1,31.0,198.91,75.82,108.0,53.0,18.05167720739341,161,55.0,-29.0,0.34,162.57,
2025-04-08 13:32:59,161.0,84.0,228.74,35.0,160.0,84.0,236.0,32.0,194.87,67.74000000000001,168.0,67.0,17.620891861649707,235,101.0,74.0,0.43,162.57,
2025-04-08 13:33:00,161.0,48.0,196.6,20.0,160.0,48.0,206.25,16.0,178.8,35.599999999999994,96.0,36.0,14.624319813241405,132,60.0,-103.0,0.45,162.57,
2025-04-08 13:33:01,161.0,84.0,193.71,28.0,160.0,84.0,234.75,44.0,177.36,32.71000000000001,168.0,72.0,10.241202566104043,240,96.0,108.0,0.4,162.57,
2025-04-08 13:33:02,161.55,44.0,192.4,30.0,160.41,71.0,423.72,43.0,176.97,30.849999999999994,115.0,73.0,10.623863233304537,188,42.0,-52.0,0.22,162.2,5.0
2025-04-08 13:33:03,161.0,93.0,184.0,41.0,160.0,14.0,190.4,35.0,172.5,23.0,107.0,76.0,8.586434067756946,183,31.0,-5.0,0.17,161.75,4.0
2025-04-08 13:33:04,161.0,55.0,184.86,29.0,160.0,11.0,186.92,26.0,172.93,23.860000000000014,66.0,55.0,2.823591684347768,121,11.0,-62.0,0.09,161.75,
2025-04-08 13:33:05,161.39,31.0,184.0,36.0,160.5,16.0,186.0,24.0,172.69,22.610000000000014,47.0,60.0,2.4505611602064743,107,-13.0,-14.0,-0.12,161.75,
2025-04-08 13:33:06,162.0,42.0,182.21,29.0,161.0,64.0,183.27,30.0,172.1,20.210000000000008,106.0,59.0,1.997666138249304,165,47.0,58.0,0.28,161.75,
2025-04-08 13:33:07,162.57,21.0,169.95,22.0,161.23,39.0,176.89,18.0,166.26,7.3799999999999955,60.0,40.0,2.8315419827187047,100,20.0,-65.0,0.2,161.75,
2025-04-08 13:33:08,161.7,27.0,166.0,27.0,161.2,20.0,168.0,27.0,163.85,4.300000000000011,47.0,54.0,4.216020635610198,101,-7.0,1.0,-0.07,161.67,12.0
2025-04-08 13:33:09,160.25,53.0,166.0,33.0,158.32,53.0,176.32,25.0,163.12,5.75,106.0,58.0,4.530080573221892,164,48.0,63.0,0.29,165.0,2.0
2025-04-08 13:33:10,159.11,57.0,176.53,19.0,157.45,31.0,235.04,25.0,167.82,17.419999999999987,88.0,44.0,3.588955279726697,132,44.0,-32.0,0.33,165.0,1.0
2025-04-08 13:33:11,159.53,15.0,162.0,22.0,158.89,57.0,174.11,18.0,160.77,2.469999999999999,72.0,40.0,2.7507871600449745,112,32.0,-20.0,0.29,165.0,
2025-04-08 13:33:12,158.9,41.0,160.47,40.0,157.94,36.0,233.31,32.0,159.69,1.5699999999999932,77.0,72.0,3.157760282203605,149,5.0,37.0,0.03,159.0,7.0
2025-04-08 13:33:13,158.0,9.0,189.88,17.0,157.0,27.0,364.65,31.0,173.94,31.879999999999995,36.0,48.0,5.862513965857261,84,-12.0,-65.0,-0.14,159.0,
2025-04-08 13:33:14,157.7,10.0,262.5,10.0,156.78,27.0,274.23,22.0,210.1,104.8,37.0,32.0,20.73727633996114,69,5.0,-15.0,0.07,157.33,3.0
2025-04-08 13:33:15,159.86,147.0,240.35,17.0,157.58,72.0,262.06,17.0,200.11,80.48999999999998,219.0,34.0,23.049860520184072,253,185.0,168.0,0.73,157.33,
2025-04-08 13:33:16,160.0,168.0,170.58,12.0,158.0,84.0,193.58,12.0,165.29,10.580000000000013,252.0,24.0,22.132298344273792,276,228.0,23.0,0.83,157.33,
2025-04-08 13:33:17,160.0,168.0,168.58,12.0,158.0,84.0,170.75,12.0,164.29,8.580000000000013,252.0,24.0,21.051314210755308,276,228.0,0.0,0.83,157.33,
2025-04-08 13:33:18,160.0,98.0,166.71,7.0,158.0,49.0,168.0,7.0,163.36,6.710000000000008,147.0,14.0,22.63026402850702,161,133.0,-115.0,0.83,157.33,
2025-04-08 13:33:19,160.0,105.0,165.11,9.0,158.0,63.0,166.67,9.0,162.56,5.110000000000014,168.0,18.0,16.236910728334284,186,150.0,25.0,0.81,160.0,3.0
2025-04-08 13:33:20,160.0,88.0,164.0,8.0,158.0,56.0,166.0,8.0,162.0,4.0,144.0,16.0,1.3211169516221632,160,128.0,-26.0,0.8,160.0,
2025-04-08 13:33:21,160.0,147.0,161.86,14.0,158.0,98.0,163.57,14.0,160.93,1.8600000000000136,245.0,28.0,1.2826028223341728,273,217.0,113.0,0.79,160.0,1.0
2025-04-08 13:33:22,160.0,60.0,169.71,21.0,157.85,67.0,269.83,23.0,164.86,9.710000000000008,127.0,44.0,1.4777415199757065,171,83.0,-102.0,0.49,160.17,6.0
2025-04-08 13:33:23,160.19,31.0,172.0,7.0,158.8,10.0,234.71,21.0,166.1,11.810000000000002,41.0,28.0,2.1288259674906547,69,13.0,-102.0,0.19,160.0,1.0
2025-04-08 13:33:24,163.0,20.0,170.7,10.0,160.0,44.0,260.7,20.0,166.85,7.699999999999989,64.0,30.0,2.578152439221993,94,34.0,25.0,0.36,160.0,
2025-04-08 13:33:25,160.86,14.0,169.5,12.0,158.89,18.0,170.58,12.0,165.18,8.639999999999986,32.0,24.0,2.2921670968472454,56,8.0,-38.0,0.14,161.2,5.0
2025-04-08 13:33:26,157.35,34.0,164.1,10.0,156.06,142.0,165.2,10.0,160.73,6.75,176.0,20.0,2.376432199720623,196,156.0,140.0,0.8,157.8,5.0
2025-04-08 13:33:27,157.0,50.0,160.92,12.0,156.0,230.0,162.73,11.0,158.96,3.919999999999988,280.0,23.0,3.502460563641475,303,257.0,107.0,0.85,157.8,
2025-04-08 13:33:28,157.0,54.0,158.5,16.0,156.0,299.0,159.76,21.0,157.75,1.5,353.0,37.0,3.95271172739126,390,316.0,87.0,0.81,157.0,3.0
2025-04-08 13:33:29,156.58,62.0,266.52,31.0,154.83,139.0,530.55,33.0,211.55,109.93999999999996,201.0,64.0,22.93487584444041,265,137.0,-125.0,0.52,156.45,11.0
2025-04-08 13:33:31,162.25,16.0,363.33,18.0,161.45,11.0,632.24,17.0,262.79,201.08,27.0,35.0,78.16645367419547,62,-8.0,-65.0,-0.13,156.45,
2025-04-08 13:33:32,163.71,14.0,459.3,23.0,162.0,28.0,604.0,26.0,311.51,295.59000000000003,42.0,49.0,74.7425105278133,91,-7.0,29.0,-0.08,156.45,
2025-04-08 13:33:33,165.0,12.0,463.17,24.0,162.0,24.0,710.67,18.0,314.08,298.17,36.0,42.0,51.85277234633091,78,-6.0,-13.0,-0.08,156.45,
2025-04-08 13:33:34,165.0,14.0,355.43,28.0,162.0,28.0,639.29,21.0,260.21,190.43,42.0,49.0,35.876956671385365,91,-7.0,13.0,-0.08,156.45,
2025-04-08 13:33:35,165.0,14.0,316.56,27.0,162.08,25.0,605.0,18.0,240.78,151.56,39.0,45.0,33.00668008146791,84,-6.0,-7.0,-0.07,156.45,
2025-04-08 13:33:36,165.0,18.0,353.0,34.0,164.0,9.0,627.62,29.0,259.0,188.0,27.0,63.0,33.47981376890212,90,-36.0,6.0,-0.4,156.45,
2025-04-08 13:33:39,160.8,20.0,349.68,22.0,158.8,10.0,386.0,28.0,255.24,188.88,30.0,50.0,72.49868881573302,80,-20.0,28.0,-0.25,161.33,3.0
2025-04-08 13:33:40,157.5,12.0,347.89,9.0,155.4,15.0,527.78,36.0,252.69,190.39,27.0,45.0,70.04047172885475,72,-18.0,-8.0,-0.25,158.33,3.0
2025-04-08 13:33:41,156.0,7.0,235.3,10.0,155.0,14.0,240.44,25.0,195.65,79.30000000000001,21.0,35.0,84.97823386020944,56,-14.0,-16.0,-0.25,158.33,
2025-04-08 13:33:42,121.3,23.0,234.0,16.0,127.88,32.0,434.88,64.0,177.65,112.7,55.0,80.0,80.31005011827762,135,-25.0,79.0,-0.19,155.33,3.0
2025-04-08 13:33:43,148.83,36.0,231.46,13.0,68.56,36.0,416.0,37.0,190.15,82.63,72.0,50.0,36.82438159698123,122,22.0,-13.0,0.18,155.33,
2025-04-08 13:33:44,160.46,59.0,226.07,14.0,148.06,68.0,253.38,55.0,193.26,65.60999999999999,127.0,69.0,29.23807107180696,196,58.0,74.0,0.3,161.8,5.0
2025-04-08 13:33:45,160.0,27.0,226.0,8.0,100.5,48.0,325.87,30.0,193.0,66.0,75.0,38.0,7.14279847118637,113,37.0,-83.0,0.33,160.0,1.0
2025-04-08 13:33:46,160.0,36.0,197.38,39.0,127.79,28.0,311.68,19.0,178.69,37.38,64.0,58.0,7.755259505649533,122,6.0,9.0,0.05,160.0,
2025-04-08 13:33:47,129.0,54.0,191.83,23.0,122.04,48.0,195.43,44.0,160.41,62.83000000000001,102.0,67.0,14.010908964087676,169,35.0,47.0,0.21,160.0,3.0
2025-04-08 13:33:48,129.29,31.0,188.43,14.0,88.2,20.0,189.15,26.0,158.86,59.140000000000015,51.0,40.0,16.788461215963924,91,11.0,-78.0,0.12,160.0,
2025-04-08 13:33:49,129.71,154.0,187.7,20.0,129.83,87.0,188.95,44.0,158.7,57.98999999999998,241.0,64.0,15.39683961077386,305,177.0,168.0,0.58,159.0,5.0
2025-04-08 13:33:50,160.88,24.0,185.48,25.0,155.82,49.0,204.48,33.0,173.18,24.599999999999994,73.0,58.0,9.328733568919072,131,15.0,-168.0,0.11,162.0,3.0
2025-04-08 13:33:51,157.43,28.0,184.0,24.0,153.0,27.0,350.0,32.0,170.71,26.569999999999997,55.0,56.0,7.0000407141580725,111,-1.0,-20.0,-0.01,156.2,5.0
2025-04-08 13:33:52,155.0,128.0,183.0,16.0,88.5,16.0,184.0,24.0,169.0,28.0,144.0,40.0,6.8367682423699385,184,104.0,73.0,0.57,156.2,
2025-04-08 13:33:53,155.0,106.0,181.68,25.0,85.0,90.0,182.88,25.0,168.34,26.680000000000007,196.0,50.0,5.5177241685215135,246,146.0,62.0,0.59,156.2,
2025-04-08 13:33:54,155.0,140.0,168.78,36.0,74.61,119.0,176.24,42.0,161.89,13.78,259.0,78.0,4.203490216461698,337,181.0,91.0,0.54,156.2,
2025-04-08 13:33:55,156.37,92.0,165.42,36.0,151.05,88.0,168.15,39.0,160.89,9.049999999999985,180.0,75.0,4.458870933305712,255,105.0,-82.0,0.41,156.2,
2025-04-08 13:33:56,155.0,90.0,161.28,32.0,140.38,26.0,162.33,24.0,158.14,6.280000000000001,116.0,56.0,4.787846071028976,172,60.0,-83.0,0.35,156.2,
2025-04-08 13:33:57,155.0,150.0,158.87,38.0,152.69,128.0,160.22,58.0,156.93,3.870000000000005,278.0,96.0,4.448063623629612,374,182.0,168.0,0.49,156.2,
2025-04-08 13:33:58,154.0,18.0,182.5,8.0,132.0,24.0,237.31,13.0,168.25,28.5,42.0,21.0,4.412176333722045,63,21.0,-168.0,0.33,155.0,10.0
2025-04-08 13:33:59,147.01,67.0,203.39,31.0,82.09,55.0,427.15,33.0,175.2,56.38,122.0,64.0,7.704373433308419,186,58.0,123.0,0.31,154.75,4.0
2025-04-08 13:34:00,129.48,46.0,225.65,31.0,118.14,84.0,259.92,52.0,177.56,96.17000000000002,130.0,83.0,9.486665905358066,213,47.0,27.0,0.22,151.0,1.0
2025-04-08 13:34:01,159.89,72.0,224.17,24.0,156.32,106.0,228.86,42.0,192.03,64.28,178.0,66.0,12.880622267573605,244,112.0,31.0,0.46,151.0,
2025-04-08 13:34:02,165.0,12.0,226.0,24.0,164.0,24.0,538.58,52.0,195.5,61.0,36.0,76.0,11.59138343770695,112,-40.0,-132.0,-0.36,151.0,
2025-04-08 13:34:03,165.0,12.0,226.0,24.0,159.21,167.0,420.68,44.0,195.5,61.0,179.0,68.0,9.975340595687491,247,111.0,135.0,0.45,151.0,
2025-04-08 13:34:04,165.0,10.0,226.0,20.0,164.0,10.0,244.4,40.0,195.5,61.0,20.0,60.0,7.781498570326192,80,-40.0,-167.0,-0.5,151.0,
2025-04-08 13:34:05,159.14,266.0,205.88,32.0,160.25,16.0,269.49,43.0,182.51,46.74000000000001,282.0,75.0,5.625715065659917,357,207.0,168.0,0.58,161.75,4.0
2025-04-08 13:34:06,160.0,50.0,268.72,43.0,159.0,120.0,281.98,43.0,214.36,108.72000000000004,170.0,86.0,11.3748441747574,256,84.0,-101.0,0.33,161.75,
2025-04-08 13:34:07,160.44,72.0,255.5,48.0,159.2,100.0,272.1,49.0,207.97,95.06,172.0,97.0,12.376080558885482,269,75.0,13.0,0.28,161.75,
2025-04-08 13:34:08,161.64,112.0,265.86,56.0,160.0,70.0,297.32,63.0,213.75,104.22000000000004,182.0,119.0,13.649519039147089,301,63.0,32.0,0.21,161.75,
2025-04-08 13:34:09,161.67,43.0,272.0,36.0,159.38,65.0,325.0,45.0,216.84,110.33,108.0,81.0,14.117557508296445,189,27.0,-112.0,0.14,161.33,12.0
2025-04-08 13:34:10,160.0,10.0,206.69,45.0,159.0,100.0,283.89,45.0,183.34,46.69,110.0,90.0,13.75660459561362,200,20.0,11.0,0.1,161.33,
2025-04-08 13:34:11,159.12,51.0,164.64,44.0,158.92,65.0,216.38,52.0,161.88,5.519999999999982,116.0,96.0,23.527862843871144,212,20.0,12.0,0.09,159.5,2.0
2025-04-08 13:34:12,159.0,108.0,162.62,42.0,158.0,12.0,234.21,38.0,160.81,3.620000000000005,120.0,80.0,27.091462308261825,200,40.0,-12.0,0.2,159.5,
2025-04-08 13:34:13,158.83,46.0,160.19,52.0,157.2,50.0,178.65,52.0,159.51,1.3599999999999852,96.0,104.0,24.610358185120425,200,-8.0,0.0,-0.04,159.18,11.0
2025-04-08 13:34:14,156.65,23.0,160.0,8.0,150.14,29.0,273.0,16.0,158.33,3.3499999999999943,52.0,24.0,10.464460330082582,76,28.0,-124.0,0.37,158.0,1.0
2025-04-08 13:34:15,156.0,80.0,279.14,28.0,100.95,59.0,334.5,32.0,217.57,123.14,139.0,60.0,25.72159792858721,199,79.0,123.0,0.4,160.0,2.0
2025-04-08 13:34:16,156.0,82.0,285.92,26.0,102.89,54.0,415.84,25.0,220.96,129.92000000000002,136.0,51.0,32.74095722485758,187,85.0,-12.0,0.45,160.0,
2025-04-08 13:34:17,161.2,80.0,395.0,44.0,146.44,72.0,595.3,23.0,278.1,233.8,152.0,67.0,49.96456074058951,219,85.0,32.0,0.39,158.4,5.0
2025-04-08 13:34:18,163.0,63.0,253.35,37.0,158.0,11.0,302.9,29.0,208.18,90.35,74.0,66.0,42.62770777323243,140,8.0,-79.0,0.06,163.0,5.0
2025-04-08 13:34:19,163.0,36.0,338.49,37.0,158.0,12.0,451.3,40.0,250.74,175.49,48.0,77.0,28.833730247752943,125,-29.0,-15.0,-0.23,163.0,
2025-04-08 13:34:20,163.0,33.0,183.5,16.0,158.0,11.0,416.35,17.0,173.25,20.5,44.0,33.0,40.16121113711766,77,11.0,-48.0,0.14,163.0,
2025-04-08 13:34:21,163.0,27.0,285.48,27.0,158.0,9.0,491.87,15.0,224.24,122.48000000000002,36.0,42.0,40.079989021956415,78,-6.0,1.0,-0.08,163.0,
2025-04-08 13:34:22,163.0,21.0,250.69,26.0,158.0,7.0,412.25,16.0,206.85,87.69,28.0,42.0,28.24516365681181,70,-14.0,-8.0,-0.2,163.0,
2025-04-08 13:34:23,160.4,50.0,173.73,22.0,157.82,11.0,188.67,24.0,167.06,13.329999999999984,61.0,46.0,35.04146786309109,107,15.0,37.0,0.14,163.0,
2025-04-08 13:34:24,160.52,125.0,172.36,28.0,159.69,59.0,287.6,40.0,166.44,11.840000000000003,184.0,68.0,26.40362986409197,252,116.0,145.0,0.46,163.0,
2025-04-08 13:34:25,164.0,60.0,170.83,12.0,163.0,42.0,348.29,21.0,167.42,6.8300000000000125,102.0,33.0,27.30725947435891,135,69.0,-117.0,0.51,163.0,
2025-04-08 13:34:26,164.0,150.0,169.47,30.0,163.0,105.0,251.33,21.0,166.73,5.469999999999999,255.0,51.0,17.864342977000653,306,204.0,168.0,0.67,163.0,
2025-04-08 13:34:27,164.18,113.0,168.12,34.0,163.0,98.0,184.57,30.0,166.15,3.9399999999999977,211.0,64.0,0.5002499374072054,275,147.0,-31.0,0.53,164.0,5.0
2025-04-08 13:34:28,165.0,40.0,166.75,16.0,163.0,56.0,299.44,27.0,165.88,1.75,96.0,43.0,0.5930682927579722,139,53.0,-136.0,0.38,164.0,
2025-04-08 13:34:29,165.0,20.0,238.8,10.0,163.0,42.0,349.71,21.0,201.9,73.80000000000001,62.0,31.0,15.822285865193642,93,31.0,-46.0,0.33,165.0,2.0
2025-04-08 13:34:30,165.0,12.0,172.0,4.0,163.0,28.0,360.0,12.0,168.5,7.0,40.0,16.0,15.723618222276558,56,24.0,-37.0,0.43,165.0,
2025-04-08 13:34:31,165.0,23.0,172.0,8.0,163.0,56.0,512.0,18.0,168.5,7.0,79.0,26.0,15.542634268357116,105,53.0,49.0,0.5,165.0,1.0
2025-04-08 13:34:32,164.43,28.0,203.93,28.0,162.21,95.0,291.77,26.0,184.18,39.5,123.0,54.0,15.301801201163372,177,69.0,72.0,0.39,163.8,5.0
2025-04-08 13:34:33,163.05,21.0,198.75,12.0,160.14,84.0,208.6,15.0,180.9,35.69999999999999,105.0,27.0,13.777012738614204,132,78.0,-45.0,0.59,163.8,
2025-04-08 13:34:34,164.0,11.0,197.45,11.0,163.0,44.0,234.19,27.0,180.73,33.44999999999999,55.0,38.0,7.48692326659752,93,17.0,-39.0,0.18,163.8,
2025-04-08 13:34:35,164.0,9.0,195.14,21.0,163.0,36.0,242.43,21.0,179.57,31.139999999999983,45.0,42.0,5.994983736419068,87,3.0,-6.0,0.03,163.8,
2025-04-08 13:34:36,163.08,38.0,188.47,45.0,160.18,204.0,195.14,21.0,175.77,25.389999999999983,242.0,66.0,3.026078320191925,308,176.0,168.0,0.57,163.33,3.0
2025-04-08 13:34:37,160.43,70.0,164.0,36.0,159.84,122.0,194.0,36.0,162.21,3.569999999999993,192.0,72.0,7.893198337804266,264,120.0,-44.0,0.45,161.0,6.0
2025-04-08 13:34:38,162.0,208.0,188.12,48.0,160.0,192.0,306.88,48.0,175.06,26.120000000000005,400.0,96.0,7.37135130080712,496,304.0,168.0,0.61,161.0,
2025-04-08 13:34:39,162.0,130.0,191.77,26.0,160.0,120.0,266.56,34.0,176.88,29.77000000000001,250.0,60.0,6.755143965890543,310,190.0,-168.0,0.61,161.0,
2025-04-08 13:34:40,162.0,78.0,188.0,16.0,160.0,72.0,189.8,20.0,175.0,26.0,150.0,36.0,6.070290767327652,186,114.0,-124.0,0.61,161.0,
2025-04-08 13:34:41,162.0,140.0,184.24,37.0,160.0,132.0,185.3,40.0,173.12,22.24000000000001,272.0,77.0,5.87890125787982,349,195.0,163.0,0.56,162.0,1.0
2025-04-08 13:34:42,162.0,164.0,181.0,56.0,160.0,168.0,183.0,42.0,171.5,19.0,332.0,98.0,2.058863764290727,430,234.0,81.0,0.54,162.0,4.0
2025-04-08 13:34:43,162.0,120.0,178.45,51.0,160.0,180.0,180.06,36.0,170.23,16.44999999999999,300.0,87.0,2.6642597470789164,387,213.0,-43.0,0.55,162.0,
2025-04-08 13:34:44,162.0,72.0,177.5,24.0,160.0,83.0,178.4,30.0,169.75,15.5,155.0,54.0,2.160312477374178,209,101.0,-168.0,0.48,162.0,
2025-04-08 13:34:45,162.0,96.0,174.55,47.0,160.0,84.0,176.09,46.0,168.28,12.550000000000011,180.0,93.0,1.8302540806927663,273,87.0,64.0,0.32,162.0,
2025-04-08 13:34:46,162.0,112.0,172.39,31.0,160.0,158.0,174.06,69.0,167.19,10.389999999999986,270.0,100.0,1.6851854497019565,370,170.0,97.0,0.46,162.0,
2025-04-08 13:34:47,162.0,96.0,169.25,51.0,160.0,144.0,170.67,45.0,165.63,7.25,240.0,96.0,1.8810582127839324,336,144.0,-34.0,0.43,162.0,
2025-04-08 13:34:48,162.0,71.0,166.33,39.0,160.0,108.0,168.86,42.0,164.17,4.3300000000000125,179.0,81.0,2.186476617729173,260,98.0,-76.0,0.38,162.0,1.0
2025-04-08 13:34:49,160.63,117.0,165.96,52.0,159.83,96.0,332.66,50.0,163.3,5.3300000000000125,213.0,102.0,2.060419860094177,315,111.0,55.0,0.35,162.0,7.0
2025-04-08 13:34:50,160.0,100.0,245.0,23.0,159.0,18.0,287.47,34.0,202.5,85.0,118.0,57.0,16.80331128081313,175,61.0,-140.0,0.35,162.11,9.0
2025-04-08 13:34:51,160.86,43.0,212.85,27.0,159.98,122.0,260.32,40.0,186.86,51.98999999999998,165.0,67.0,17.51966809046107,232,98.0,57.0,0.42,161.0,3.0
2025-04-08 13:34:52,160.75,16.0,167.0,14.0,159.97,62.0,229.22,27.0,163.88,6.25,78.0,41.0,17.806052903434786,119,37.0,-113.0,0.31,161.0,
2025-04-08 13:34:53,160.0,115.0,167.0,24.0,159.0,24.0,268.62,39.0,163.5,7.0,139.0,63.0,17.920823641783812,202,76.0,83.0,0.38,160.0,1.0
2025-04-08 13:34:54,160.16,75.0,167.0,26.0,159.79,68.0,228.48,56.0,163.58,6.840000000000003,143.0,82.0,17.871555052650507,225,61.0,23.0,0.27,160.0,
2025-04-08 13:34:55,161.9,10.0,166.6,20.0,160.0,90.0,174.94,48.0,164.25,4.699999999999989,100.0,68.0,10.315836369382897,168,32.0,-57.0,0.19,161.0,1.0
2025-04-08 13:34:56,160.18,45.0,165.4,20.0,159.53,34.0,175.0,50.0,162.79,5.219999999999999,79.0,70.0,0.5402314317592559,149,9.0,-19.0,0.06,160.8,5.0
2025-04-08 13:34:57,160.0,18.0,164.0,12.0,159.0,12.0,198.2,25.0,162.0,4.0,30.0,37.0,0.857630456466503,67,-7.0,-82.0,-0.1,160.0,3.0
2025-04-08 13:34:58,160.0,12.0,162.38,8.0,159.0,12.0,183.5,16.0,161.19,2.3799999999999955,24.0,24.0,1.2181830732105976,48,0.0,-19.0,0.0,160.0,
2025-04-08 13:34:59,159.8,30.0,161.0,15.0,158.67,36.0,163.0,30.0,160.4,1.1999999999999886,66.0,45.0,1.4852036896849683,111,21.0,63.0,0.19,160.0,2.0
2025-04-08 13:35:00,159.0,22.0,160.07,29.0,158.0,44.0,161.62,13.0,159.53,1.0699999999999932,66.0,42.0,1.2840833305706605,108,24.0,-3.0,0.22,160.0,
2025-04-08 13:35:01,158.08,48.0,159.76,25.0,157.09,90.0,161.18,28.0,158.92,1.6799999999999784,138.0,53.0,1.2380508874217793,191,85.0,83.0,0.45,159.0,3.0
2025-04-08 13:35:02,157.2,44.0,159.0,27.0,156.53,53.0,378.58,33.0,158.1,1.8000000000000114,97.0,60.0,1.2125881410611852,157,37.0,-34.0,0.24,158.0,4.0
2025-04-08 13:35:03,157.0,63.0,158.22,27.0,156.0,45.0,383.94,32.0,157.61,1.2199999999999989,108.0,59.0,1.1125061796857103,167,49.0,10.0,0.29,158.0,
2025-04-08 13:35:04,157.0,77.0,245.49,35.0,156.0,55.0,410.44,50.0,201.24,88.49000000000001,132.0,85.0,19.110304811799228,217,47.0,50.0,0.22,158.0,3.0
2025-04-08 13:35:05,157.05,22.0,388.5,32.0,156.08,38.0,476.89,36.0,272.77,231.45,60.0,68.0,50.023817027491816,128,-8.0,-89.0,-0.06,157.0,4.0
2025-04-08 13:35:06,158.0,8.0,439.5,34.0,157.0,24.0,500.5,24.0,298.75,281.5,32.0,58.0,65.26045303244614,90,-26.0,-38.0,-0.29,157.0,
2025-04-08 13:35:08,159.77,13.0,373.0,30.0,157.24,17.0,405.0,4.0,266.38,213.23,30.0,34.0,59.13005606288903,64,-4.0,-10.0,-0.06,159.0,1.0
2025-04-08 13:35:09,164.0,14.0,326.92,26.0,159.0,14.0,520.43,23.0,245.46,162.92000000000002,28.0,49.0,46.13573744940512,77,-21.0,13.0,-0.27,159.0,
2025-04-08 13:35:10,159.45,22.0,400.42,24.0,157.53,34.0,574.82,49.0,279.94,240.97000000000003,56.0,73.0,45.58855415562604,129,-17.0,52.0,-0.13,164.0,2.0
2025-04-08 13:35:11,161.27,66.0,330.5,40.0,156.49,37.0,503.43,35.0,245.89,169.23,103.0,75.0,49.33784196740266,178,28.0,49.0,0.16,160.22,9.0
2025-04-08 13:35:12,156.0,50.0,209.0,50.0,153.0,24.0,500.4,20.0,182.5,53.0,74.0,70.0,37.35135847596749,144,4.0,-34.0,0.03,160.22,
2025-04-08 13:35:13,156.0,35.0,209.0,35.0,155.0,14.0,434.19,21.0,182.5,53.0,49.0,56.0,43.18684545090264,105,-7.0,-39.0,-0.07,160.22,
2025-04-08 13:35:14,156.0,85.0,329.49,49.0,155.0,34.0,415.55,80.0,242.74,173.49,119.0,129.0,42.91653038166235,248,-10.0,143.0,-0.04,160.22,
2025-04-08 13:35:15,156.0,23.0,206.16,31.0,155.0,28.0,283.88,34.0,181.08,50.16,51.0,65.0,34.13982015184107,116,-14.0,-132.0,-0.12,160.22,
2025-04-08 13:35:16,161.83,12.0,193.0,22.0,155.93,30.0,228.19,31.0,177.42,31.169999999999987,42.0,53.0,27.744742204604982,95,-11.0,-21.0,-0.12,160.22,
2025-04-08 13:35:17,163.0,10.0,192.4,20.0,156.4,60.0,228.62,32.0,177.7,29.40000000000001,70.0,52.0,28.2873455806653,122,18.0,27.0,0.15,160.22,
2025-04-08 13:35:18,163.0,12.0,190.75,24.0,156.43,63.0,193.0,24.0,176.88,27.75,75.0,48.0,28.878972973427903,123,27.0,1.0,0.22,160.22,
2025-04-08 13:35:19,163.0,18.0,186.51,51.0,159.0,54.0,187.78,46.0,174.75,23.50999999999999,72.0,97.0,2.279688575203597,169,-25.0,46.0,-0.15,160.22,
2025-04-08 13:35:20,163.0,17.0,180.43,60.0,159.0,51.0,182.0,43.0,171.72,17.430000000000007,68.0,103.0,2.504671635145958,171,-35.0,2.0,-0.2,160.22,
2025-04-08 13:35:21,163.0,13.0,175.71,28.0,159.0,39.0,176.76,42.0,169.36,12.710000000000008,52.0,70.0,3.50860656100066,122,-18.0,-49.0,-0.15,160.22,
2025-04-08 13:35:22,163.15,39.0,171.62,42.0,157.26,76.0,172.56,72.0,167.39,8.469999999999999,115.0,114.0,3.862479773395183,229,1.0,107.0,0.0,158.67,9.0
2025-04-08 13:35:23,164.0,26.0,166.83,46.0,159.69,65.0,168.96,50.0,165.41,2.8300000000000125,91.0,96.0,3.6549733240990583,187,-5.0,-42.0,-0.03,158.67,
2025-04-08 13:35:24,160.92,52.0,164.08,52.0,158.86,70.0,165.64,45.0,162.5,3.160000000000025,122.0,97.0,3.549553493027502,219,25.0,32.0,0.11,164.0,2.0
2025-04-08 13:35:25,158.87,53.0,161.24,62.0,157.49,47.0,262.39,41.0,160.05,2.3700000000000045,100.0,103.0,3.72912456212613,203,-3.0,-16.0,-0.01,160.0,5.0
2025-04-08 13:35:26,158.0,35.0,208.74,31.0,156.0,14.0,372.12,33.0,183.37,50.74000000000001,49.0,64.0,9.171176587541314,113,-15.0,-90.0,-0.13,160.0,
2025-04-08 13:35:27,162.91,55.0,274.24,41.0,157.85,54.0,319.18,40.0,218.58,111.33,109.0,81.0,24.47719489647283,190,28.0,77.0,0.15,164.0,5.0
2025-04-08 13:35:28,164.0,11.0,224.14,22.0,158.0,55.0,272.37,41.0,194.07,60.13999999999999,66.0,63.0,24.1506817709137,129,3.0,-61.0,0.02,164.0,
2025-04-08 13:35:29,159.0,12.0,260.59,37.0,156.67,30.0,269.57,21.0,209.8,101.58999999999996,42.0,58.0,23.000050652117896,100,-16.0,-29.0,-0.16,159.2,5.0
2025-04-08 13:35:30,158.4,10.0,215.0,24.0,155.93,15.0,268.0,8.0,186.7,56.6,25.0,32.0,15.15485169838408,57,-7.0,-43.0,-0.12,158.0,1.0
2025-04-08 13:35:31,162.0,12.0,229.21,28.0,160.0,36.0,259.33,18.0,195.61,67.21000000000001,48.0,46.0,12.923349797944285,94,2.0,37.0,0.02,158.0,
2025-04-08 13:35:32,161.14,14.0,244.9,10.0,159.92,26.0,261.18,17.0,203.02,83.76000000000002,40.0,27.0,8.848155174950973,67,13.0,-27.0,0.19,162.0,1.0
2025-04-08 13:35:33,160.0,36.0,239.17,18.0,159.0,12.0,241.21,24.0,199.58,79.16999999999999,48.0,42.0,8.600902278250631,90,6.0,23.0,0.07,162.0,
2025-04-08 13:35:34,163.0,58.0,237.0,8.0,160.0,24.0,239.0,32.0,200.0,74.0,82.0,40.0,6.3229202114218985,122,42.0,32.0,0.34,162.0,
2025-04-08 13:35:35,163.0,40.0,233.27,15.0,160.0,42.0,238.79,47.0,198.13,70.27000000000001,82.0,62.0,2.7104741282695115,144,20.0,22.0,0.14,162.0,
2025-04-08 13:35:36,161.2,20.0,232.43,28.0,159.67,18.0,233.35,17.0,196.81,71.23000000000002,38.0,45.0,2.332352889255728,83,-7.0,-61.0,-0.08,162.0,3.0
2025-04-08 13:35:37,159.92,13.0,208.0,17.0,158.9,10.0,217.78,37.0,183.96,48.08000000000001,23.0,54.0,6.680361517163686,77,-31.0,-6.0,-0.4,160.0,2.0
2025-04-08 13:35:38,158.06,18.0,180.42,38.0,134.33,24.0,218.57,63.0,169.24,22.359999999999985,42.0,101.0,13.031119291909375,143,-59.0,66.0,-0.41,157.29,7.0
2025-04-08 13:35:44,151.87,155.0,284.56,32.0,150.89,76.0,363.4,42.0,218.22,132.69,231.0,74.0,42.72748026738469,305,157.0,89.0,0.51,152.62,8.0
2025-04-08 13:35:45,155.5,54.0,403.17,12.0,154.89,75.0,501.13,38.0,279.33,247.67,129.0,50.0,72.50673603190187,179,79.0,-126.0,0.44,152.62,
2025-04-08 13:35:46,162.02,41.0,302.1,20.0,157.29,45.0,467.33,30.0,232.06,140.08,86.0,50.0,67.92105748587849,136,36.0,-43.0,0.26,163.0,3.0
2025-04-08 13:35:47,163.0,12.0,216.0,20.0,162.0,4.0,279.0,12.0,189.5,53.0,16.0,32.0,54.56356733205845,48,-16.0,-88.0,-0.33,163.0,
2025-04-08 13:35:48,163.79,58.0,291.62,13.0,162.79,19.0,547.38,37.0,227.7,127.83,77.0,50.0,32.480631459381584,127,27.0,79.0,0.21,164.0,1.0
2025-04-08 13:35:49,164.62,72.0,337.62,8.0,163.0,24.0,390.25,8.0,251.12,173.0,96.0,16.0,32.98768740000124,112,80.0,-15.0,0.71,164.0,
2025-04-08 13:35:50,165.0,59.0,335.86,7.0,163.0,21.0,514.29,7.0,250.43,170.86,80.0,14.0,25.065372927610174,94,66.0,-18.0,0.7,165.0,1.0
2025-04-08 13:35:51,165.0,32.0,294.5,4.0,163.0,12.0,336.0,4.0,229.75,129.5,44.0,8.0,25.04292215377772,52,36.0,-42.0,0.69,165.0,
2025-04-08 13:35:52,165.0,80.0,256.0,16.0,163.0,30.0,377.63,19.0,210.5,91.0,110.0,35.0,17.124483933835528,145,75.0,93.0,0.52,165.0,
2025-04-08 13:35:53,165.0,72.0,248.06,32.0,163.0,30.0,459.16,19.0,206.53,83.06,102.0,51.0,21.178024695428284,153,51.0,8.0,0.33,165.0,4.0
2025-04-08 13:35:54,165.0,36.0,259.89,9.0,163.0,27.0,445.86,28.0,212.44,94.89,63.0,37.0,18.243268621607594,100,26.0,-53.0,0.26,165.0,
2025-04-08 13:35:55,164.11,94.0,178.83,18.0,162.96,26.0,444.5,30.0,171.47,14.72,120.0,48.0,21.320721610678508,168,72.0,68.0,0.43,164.6,5.0
2025-04-08 13:35:56,164.0,70.0,167.71,7.0,163.0,14.0,493.82,33.0,165.86,3.710000000000008,84.0,40.0,22.73046963879079,124,44.0,-44.0,0.35,164.6,
2025-04-08 13:35:57,164.0,71.0,165.38,8.0,163.0,16.0,358.67,33.0,164.69,1.3799999999999957,87.0,41.0,23.31938614114756,128,46.0,4.0,0.36,164.0,3.0
2025-04-08 13:35:58,164.0,56.0,165.0,8.0,163.0,16.0,282.62,26.0,164.5,1.0,72.0,34.0,20.683108325392094,106,38.0,-22.0,0.36,164.0,
2025-04-08 13:35:59,164.0,91.0,319.41,51.0,163.0,30.0,417.5,52.0,241.71,155.41000000000005,121.0,103.0,33.69689941225947,224,18.0,118.0,0.08,164.0,1.0
2025-04-08 13:36:00,164.0,36.0,312.38,26.0,163.0,12.0,405.25,24.0,238.19,148.38,48.0,50.0,41.0648432360334,98,-2.0,-126.0,-0.02,164.0,
2025-04-08 13:36:01,164.0,30.0,336.2,20.0,163.0,10.0,443.4,15.0,250.1,172.2,40.0,35.0,43.34329555998344,75,5.0,-23.0,0.07,164.0,
2025-04-08 13:36:02,164.36,33.0,364.16,51.0,163.6,30.0,415.93,41.0,264.26,199.8,63.0,92.0,38.912916493115446,155,-29.0,80.0,-0.19,164.0,3.0
2025-04-08 13:36:03,165.0,30.0,344.52,25.0,164.0,45.0,360.4,62.0,254.76,179.51999999999998,75.0,87.0,10.41661317320859,162,-12.0,7.0,-0.07,164.0,
2025-04-08 13:36:04,165.0,24.0,197.86,50.0,164.0,36.0,221.68,44.0,181.43,32.860000000000014,60.0,94.0,32.851098459567616,154,-34.0,-8.0,-0.22,164.0,
2025-04-08 13:36:05,163.72,29.0,190.21,33.0,163.23,26.0,190.44,36.0,176.97,26.49000000000001,55.0,69.0,42.60566546834057,124,-14.0,-30.0,-0.11,164.4,5.0
2025-04-08 13:36:06,163.0,30.0,184.76,45.0,162.0,15.0,186.22,18.0,173.88,21.75999999999999,45.0,63.0,45.16399949074568,108,-18.0,-16.0,-0.17,164.4,
2025-04-08 13:36:07,161.47,30.0,180.65,20.0,159.82,33.0,182.66,50.0,171.06,19.180000000000007,63.0,70.0,35.505420008781606,133,-7.0,25.0,-0.05,161.33,6.0
2025-04-08 13:36:08,160.0,42.0,175.71,52.0,159.0,56.0,177.05,42.0,167.86,15.710000000000008,98.0,94.0,5.246317756284676,192,4.0,59.0,0.02,161.33,
2025-04-08 13:36:09,160.0,39.0,169.39,33.0,159.0,52.0,171.0,38.0,164.7,9.389999999999986,91.0,71.0,4.833019759931907,162,20.0,-30.0,0.12,161.33,
2025-04-08 13:36:10,160.0,36.0,165.67,48.0,159.0,48.0,168.0,60.0,162.83,5.669999999999988,84.0,108.0,4.515382597286638,192,-24.0,30.0,-0.12,161.33,
2025-04-08 13:36:11,159.73,37.0,162.34,41.0,158.55,73.0,162.97,58.0,161.04,2.6100000000000136,110.0,99.0,4.0044874827956445,209,11.0,17.0,0.05,159.6,5.0
2025-04-08 13:36:12,159.0,14.0,160.03,36.0,158.0,88.0,162.61,18.0,159.51,1.0300000000000011,102.0,54.0,3.25512979769718,156,48.0,-53.0,0.31,159.0,1.0
2025-04-08 13:36:13,158.05,43.0,159.75,24.0,156.81,54.0,313.33,24.0,158.9,1.6999999999999886,97.0,48.0,2.3919928929341747,145,49.0,-11.0,0.34,158.83,6.0
2025-04-08 13:36:14,158.0,48.0,159.0,18.0,156.0,48.0,327.17,24.0,158.5,1.0,96.0,42.0,1.779671317924115,138,54.0,-7.0,0.39,158.83,
2025-04-08 13:36:15,159.5,64.0,279.46,26.0,156.11,76.0,386.0,22.0,219.48,119.95999999999998,140.0,48.0,26.846839292547934,188,92.0,50.0,0.49,158.0,4.0
2025-04-08 13:36:16,164.03,145.0,290.29,14.0,159.85,52.0,621.83,12.0,227.16,126.26000000000002,197.0,26.0,35.3522120948599,223,171.0,35.0,0.77,164.8,5.0
2025-04-08 13:36:17,164.0,120.0,421.73,11.0,158.0,32.0,549.33,12.0,292.86,257.73,152.0,23.0,55.91076282792149,175,129.0,-48.0,0.74,164.8,
2025-04-08 13:36:18,164.0,90.0,307.22,9.0,158.0,24.0,378.43,7.0,235.61,143.22000000000003,114.0,16.0,47.85423513128342,130,98.0,-45.0,0.75,164.8,
2025-04-08 13:36:19,164.0,165.0,334.83,12.0,158.86,29.0,436.0,11.0,249.42,170.82999999999998,194.0,23.0,29.01628818440164,217,171.0,87.0,0.79,164.8,
2025-04-08 13:36:20,164.0,105.0,192.57,7.0,163.0,7.0,264.86,7.0,178.29,28.569999999999997,112.0,14.0,41.29063658991233,126,98.0,-91.0,0.78,164.8,
2025-04-08 13:36:21,164.0,165.0,166.18,11.0,163.0,11.0,284.73,11.0,165.09,2.180000000000007,176.0,22.0,52.63586638405555,198,154.0,72.0,0.78,164.8,
2025-04-08 13:36:22,164.0,120.0,165.0,8.0,163.0,8.0,239.31,13.0,164.5,1.0,128.0,21.0,40.77571912302745,149,107.0,-49.0,0.72,164.8,
2025-04-08 13:36:23,164.0,112.0,299.57,14.0,163.0,12.0,535.18,17.0,231.79,135.57,124.0,31.0,39.93562657577845,155,93.0,6.0,0.6,164.0,11.0
2025-04-08 13:36:25,164.0,28.0,232.0,14.0,163.0,7.0,574.0,16.0,198.0,68.0,35.0,30.0,90.7859282598364,65,5.0,-23.0,0.08,164.0,
2025-04-08 13:36:26,164.0,27.0,242.0,18.0,163.0,9.0,407.33,24.0,203.0,78.0,36.0,42.0,85.6010743507358,78,-6.0,13.0,-0.08,164.0,3.0
2025-04-08 13:36:27,164.0,10.0,281.2,20.0,163.0,10.0,546.6,40.0,222.6,117.2,20.0,60.0,76.96200835477367,80,-40.0,2.0,-0.5,164.0,
2025-04-08 13:36:30,164.97,36.0,416.75,32.0,163.88,8.0,703.0,16.0,290.86,251.78,44.0,48.0,73.39743033649358,92,-4.0,25.0,-0.04,164.0,
2025-04-08 13:36:31,165.0,31.0,354.5,24.0,164.0,9.0,441.07,30.0,259.75,189.5,40.0,54.0,60.58789095190953,94,-14.0,2.0,-0.15,165.0,4.0
2025-04-08 13:36:32,165.0,7.0,351.2,20.0,164.0,7.0,416.91,22.0,258.1,186.2,14.0,42.0,50.91982452837512,56,-28.0,-38.0,-0.5,165.0,
2025-04-08 13:36:33,165.0,8.0,257.82,22.0,164.0,8.0,409.83,24.0,211.41,92.82,16.0,46.0,48.116720274768994,62,-30.0,6.0,-0.48,165.0,
2025-04-08 13:36:34,165.0,9.0,249.0,45.0,164.0,9.0,323.22,23.0,207.0,84.0,18.0,68.0,35.579844434739194,86,-50.0,24.0,-0.58,165.0,
2025-04-08 13:36:35,162.37,19.0,249.0,55.0,159.86,29.0,495.97,31.0,205.68,86.63,48.0,86.0,27.96305723629236,134,-38.0,48.0,-0.28,162.8,5.0
2025-04-08 13:36:36,160.0,45.0,248.11,45.0,158.0,84.0,417.36,25.0,204.06,88.11000000000001,129.0,70.0,22.998541258090945,199,59.0,65.0,0.3,162.8,
2025-04-08 13:36:37,160.0,40.0,236.92,36.0,158.0,84.0,317.68,41.0,198.46,76.91999999999999,124.0,77.0,4.708696210211013,201,47.0,2.0,0.23,160.0,4.0
2025-04-08 13:36:38,160.0,9.0,179.73,41.0,158.0,63.0,183.71,24.0,169.87,19.72999999999999,72.0,65.0,15.51896839355042,137,7.0,-64.0,0.05,160.0,
2025-04-08 13:36:39,158.04,102.0,173.6,50.0,156.12,232.0,181.26,62.0,165.82,15.560000000000002,334.0,112.0,19.34903408441823,446,222.0,168.0,0.5,159.0,2.0
2025-04-08 13:36:40,158.39,62.0,172.23,53.0,156.74,135.0,173.46,37.0,165.31,13.840000000000003,197.0,90.0,18.95166562600608,287,107.0,-159.0,0.37,159.0,
2025-04-08 13:36:41,160.0,26.0,168.79,53.0,158.14,93.0,170.38,64.0,164.4,8.789999999999992,119.0,117.0,14.512038795424417,236,2.0,-51.0,0.01,159.4,5.0
2025-04-08 13:36:42,163.76,50.0,166.05,42.0,161.35,17.0,168.18,44.0,164.9,2.2900000000000205,67.0,86.0,2.193023027665732,153,-19.0,-83.0,-0.12,164.0,6.0
2025-04-08 13:36:43,161.77,13.0,164.17,24.0,159.33,24.0,210.8,20.0,162.97,2.3999999999999773,37.0,44.0,1.0894264545465149,81,-7.0,-72.0,-0.09,162.33,3.0
2025-04-08 13:36:44,158.76,37.0,162.6,15.0,157.76,159.0,270.97,36.0,160.68,3.8400000000000034,196.0,51.0,1.881746529121568,247,145.0,166.0,0.59,158.4,5.0
2025-04-08 13:36:45,158.0,55.0,161.5,10.0,156.0,170.0,221.54,37.0,159.75,3.5,225.0,47.0,2.261514978914793,272,178.0,25.0,0.65,158.0,5.0
2025-04-08 13:36:46,156.35,51.0,158.89,9.0,155.93,90.0,207.19,21.0,157.62,2.539999999999992,141.0,30.0,2.8289096839329764,171,111.0,-101.0,0.65,158.0,2.0
2025-04-08 13:36:47,156.0,134.0,158.0,9.0,155.0,18.0,222.0,36.0,157.0,2.0,152.0,45.0,2.4096742518113428,197,107.0,26.0,0.54,158.0,
2025-04-08 13:36:48,156.0,98.0,428.11,18.0,155.0,14.0,628.21,19.0,292.06,272.11,112.0,37.0,59.63145663154608,149,75.0,-48.0,0.5,156.0,1.0
2025-04-08 13:36:49,156.0,70.0,356.0,8.0,155.0,10.0,569.73,11.0,256.0,200.0,80.0,19.0,64.76022992547237,99,61.0,-50.0,0.62,156.0,
2025-04-08 13:36:50,156.0,58.0,456.0,8.0,155.0,10.0,617.53,15.0,306.0,300.0,68.0,23.0,72.11365945505872,91,45.0,-8.0,0.49,156.0,4.0
2025-04-08 13:36:51,156.55,66.0,440.54,13.0,155.45,22.0,444.0,15.0,298.54,283.99,88.0,28.0,61.71657637944858,116,60.0,25.0,0.52,156.0,
2025-04-08 13:36:52,162.0,40.0,299.76,17.0,156.0,70.0,430.55,11.0,230.88,137.76,110.0,28.0,32.01315167240453,138,82.0,22.0,0.59,162.0,2.0
2025-04-08 13:36:53,162.48,62.0,379.81,32.0,157.2,100.0,494.78,18.0,271.15,217.33,162.0,50.0,30.84893644844759,212,112.0,74.0,0.53,162.0,
2025-04-08 13:36:54,163.77,52.0,240.5,32.0,162.88,68.0,450.33,15.0,202.13,76.72999999999999,120.0,47.0,44.46185837322041,167,73.0,-45.0,0.44,162.0,
2025-04-08 13:36:55,164.48,44.0,172.0,13.0,163.0,78.0,173.0,39.0,168.24,7.52000000000001,122.0,52.0,52.18995660086512,174,70.0,7.0,0.4,164.0,1.0
2025-04-08 13:36:56,165.0,27.0,172.0,9.0,163.0,54.0,342.22,27.0,168.5,7.0,81.0,36.0,43.83725413389925,117,45.0,-57.0,0.38,164.0,
2025-04-08 13:36:57,164.46,37.0,172.0,12.0,162.82,66.0,306.8,25.0,168.23,7.539999999999992,103.0,37.0,44.67249545301908,140,66.0,23.0,0.47,163.86,7.0
2025-04-08 13:36:58,162.78,18.0,171.12,8.0,161.8,30.0,620.45,22.0,166.95,8.340000000000003,48.0,30.0,15.284300769087109,78,18.0,-62.0,0.23,163.0,2.0
2025-04-08 13:36:59,161.58,19.0,169.17,18.0,158.77,13.0,171.0,6.0,165.37,7.589999999999975,32.0,24.0,1.3144466515928177,56,8.0,-22.0,0.14,162.0,4.0
2025-04-08 13:37:00,160.0,84.0,168.25,24.0,159.0,16.0,171.0,8.0,164.12,8.25,100.0,32.0,1.8739610454542244,132,68.0,76.0,0.52,160.0,1.0
2025-04-08 13:37:01,164.0,12.0,167.5,6.0,160.0,40.0,168.3,10.0,165.75,3.5,52.0,16.0,1.5679540809211994,68,36.0,-64.0,0.53,160.0,
2025-04-08 13:37:02,164.0,15.0,166.2,5.0,160.0,50.0,168.0,15.0,165.1,2.1999999999999886,65.0,20.0,1.0292570135173529,85,45.0,17.0,0.53,160.0,
2025-04-08 13:37:03,161.89,38.0,165.0,8.0,159.94,64.0,286.75,24.0,163.45,3.1100000000000136,102.0,32.0,0.94782382322431,134,70.0,49.0,0.52,164.0,3.0
2025-04-08 13:37:04,160.0,100.0,164.3,10.0,159.0,20.0,614.2,30.0,162.15,4.300000000000011,120.0,40.0,1.409514100627826,160,80.0,26.0,0.5,164.0,
2025-04-08 13:37:05,160.0,70.0,163.5,12.0,159.0,24.0,563.71,35.0,161.75,3.5,94.0,47.0,1.761533422863886,141,47.0,-19.0,0.33,160.0,5.0
2025-04-08 13:37:06,160.0,60.0,161.75,12.0,159.0,24.0,341.42,31.0,160.88,1.75,84.0,43.0,1.6457612220070863,127,41.0,-14.0,0.32,160.0,
2025-04-08 13:37:08,162.0,18.0,204.56,27.0,159.0,18.0,538.0,18.0,183.28,42.56,36.0,45.0,71.40440707687462,81,-9.0,-41.0,-0.11,160.0,
2025-04-08 13:37:09,162.3,20.0,165.0,30.0,159.0,20.0,431.6,20.0,163.65,2.6999999999999886,40.0,50.0,71.2155134082457,90,-10.0,9.0,-0.11,160.0,
2025-04-08 13:37:10,163.14,14.0,217.0,21.0,159.0,14.0,272.0,14.0,190.07,53.860000000000014,28.0,35.0,68.59313835946018,63,-7.0,-27.0,-0.11,160.0,
2025-04-08 13:37:11,160.0,12.0,360.03,29.0,156.6,20.0,489.57,23.0,260.02,200.03,32.0,52.0,67.09605629245384,84,-20.0,21.0,-0.24,161.5,4.0
2025-04-08 13:37:12,157.14,14.0,424.37,41.0,155.64,22.0,498.91,34.0,290.75,267.23,36.0,75.0,54.76480192605559,111,-39.0,27.0,-0.35,156.67,3.0
2025-04-08 13:37:13,155.0,44.0,301.93,45.0,129.82,22.0,324.69,45.0,228.47,146.93,66.0,90.0,51.31461507212289,156,-24.0,45.0,-0.15,156.67,
2025-04-08 13:37:14,155.9,78.0,173.0,51.0,153.82,44.0,173.67,36.0,164.45,17.099999999999994,122.0,87.0,51.06996103386161,209,35.0,53.0,0.17,156.67,
2025-04-08 13:37:15,160.14,58.0,169.29,49.0,157.41,102.0,170.32,41.0,164.71,9.150000000000006,160.0,90.0,56.58528607332581,250,70.0,41.0,0.28,156.67,
2025-04-08 13:37:16,160.49,49.0,167.69,58.0,157.83,142.0,168.67,61.0,164.09,7.199999999999989,191.0,119.0,56.598846984722535,310,72.0,60.0,0.23,160.4,5.0
2025-04-08 13:37:17,162.9,78.0,165.26,81.0,159.78,99.0,171.68,75.0,164.08,2.359999999999985,177.0,156.0,28.68437728102047,333,21.0,23.0,0.06,163.5,8.0
2025-04-08 13:37:18,159.0,52.0,161.16,37.0,156.0,176.0,211.66,38.0,160.08,2.1599999999999966,228.0,75.0,1.920018229044448,303,153.0,-30.0,0.5,159.0,4.0
2025-04-08 13:37:19,156.37,57.0,160.92,12.0,155.78,92.0,289.38,39.0,158.64,4.549999999999983,149.0,51.0,2.761457948232759,200,98.0,-103.0,0.49,157.5,2.0
2025-04-08 13:37:20,156.28,36.0,159.91,11.0,155.37,60.0,323.79,42.0,158.09,3.629999999999996,96.0,53.0,2.9119804257329727,149,43.0,-51.0,0.29,156.6,5.0
2025-04-08 13:37:21,158.0,10.0,159.0,10.0,156.0,10.0,338.78,45.0,158.5,1.0,20.0,55.0,2.466073802595333,75,-35.0,-74.0,-0.47,156.6,
2025-04-08 13:37:22,157.29,14.0,216.53,38.0,155.13,23.0,358.86,28.0,186.91,59.24000000000001,37.0,66.0,12.581300807144991,103,-29.0,28.0,-0.28,158.0,1.0
2025-04-08 13:37:23,158.0,30.0,180.8,45.0,156.0,13.0,254.39,62.0,169.4,22.80000000000001,43.0,107.0,12.462959921297813,150,-64.0,47.0,-0.43,158.0,1.0
2025-04-08 13:37:24,158.74,38.0,178.58,36.0,157.47,19.0,238.42,60.0,168.66,19.840000000000003,57.0,96.0,11.704220179058677,153,-39.0,3.0,-0.25,158.0,
2025-04-08 13:37:25,159.0,32.0,177.88,24.0,158.0,16.0,227.08,38.0,168.44,18.879999999999995,48.0,62.0,10.27202122271432,110,-14.0,-43.0,-0.13,158.0,
2025-04-08 13:37:26,159.0,28.0,177.0,21.0,158.0,14.0,178.0,21.0,168.0,18.0,42.0,42.0,8.192979921853935,84,0.0,-26.0,0.0,158.0,
2025-04-08 13:37:27,159.0,35.0,175.44,27.0,158.0,18.0,176.67,27.0,167.22,16.439999999999998,53.0,54.0,0.8071431099157735,107,-1.0,23.0,-0.01,159.0,1.0
2025-04-08 13:37:28,159.0,15.0,173.6,15.0,158.0,10.0,176.0,15.0,166.3,14.599999999999994,25.0,30.0,0.9678222976775204,55,-5.0,-52.0,-0.09,159.0,
2025-04-08 13:37:29,159.0,42.0,171.21,42.0,158.0,28.0,175.64,42.0,165.11,12.210000000000008,70.0,84.0,1.340067162450704,154,-14.0,99.0,-0.09,159.0,
2025-04-08 13:37:30,159.0,30.0,169.3,30.0,158.0,20.0,171.0,30.0,164.15,10.300000000000011,50.0,60.0,1.5549372977309783,110,-10.0,-44.0,-0.09,159.0,
2025-04-08 13:37:31,159.0,33.0,166.82,33.0,158.0,28.0,168.18,33.0,162.91,7.819999999999993,61.0,66.0,1.7048372355947798,127,-5.0,17.0,-0.04,159.0,
2025-04-08 13:37:32,161.42,52.0,164.91,33.0,158.26,27.0,166.45,33.0,163.17,3.490000000000009,79.0,66.0,1.403894582889645,145,13.0,18.0,0.09,159.0,2.0
2025-04-08 13:37:33,162.0,60.0,163.67,18.0,159.0,14.0,164.4,30.0,162.83,1.6699999999999875,74.0,48.0,0.9786112608507062,122,26.0,-23.0,0.21,159.0,
2025-04-08 13:37:34,161.57,70.0,163.0,13.0,158.9,61.0,180.5,38.0,162.29,1.4300000000000068,131.0,51.0,0.6833739824293034,182,80.0,60.0,0.44,162.0,6.0
2025-04-08 13:37:35,159.0,45.0,162.56,9.0,158.0,27.0,424.25,24.0,160.78,3.5600000000000023,72.0,33.0,0.9584257925672904,105,39.0,-77.0,0.37,162.0,
2025-04-08 13:37:36,158.84,19.0,161.92,13.0,157.83,36.0,460.0,39.0,160.38,3.079999999999984,55.0,52.0,1.2444074894727846,107,3.0,2.0,0.03,159.0,5.0
2025-04-08 13:37:37,158.24,34.0,243.71,21.0,156.7,40.0,414.86,29.0,200.97,85.47,74.0,50.0,17.649604811436713,124,24.0,17.0,0.19,160.0,1.0
2025-04-08 13:37:38,161.64,33.0,186.67,12.0,158.24,34.0,452.08,26.0,174.15,25.03,67.0,38.0,17.310916497976073,105,29.0,-19.0,0.28,158.0,2.0
2025-04-08 13:37:39,163.69,35.0,185.18,11.0,162.29,35.0,354.5,40.0,174.43,21.49000000000001,70.0,51.0,16.490605507376344,121,19.0,16.0,0.16,163.5,8.0
2025-04-08 13:37:40,163.0,9.0,183.92,12.0,158.0,9.0,208.55,33.0,173.46,20.919999999999987,18.0,45.0,14.811531656109109,63,-27.0,-58.0,-0.43,163.5,
2025-04-08 13:37:41,160.33,18.0,183.0,30.0,156.12,52.0,184.0,15.0,171.67,22.669999999999987,70.0,45.0,12.364144936061376,115,25.0,52.0,0.22,157.8,5.0
2025-04-08 13:37:42,156.0,36.0,181.64,11.0,155.0,126.0,182.88,16.0,168.82,25.639999999999983,162.0,27.0,2.323796462666954,189,135.0,74.0,0.71,157.8,
2025-04-08 13:37:43,156.89,44.0,172.95,37.0,155.86,74.0,176.4,25.0,164.92,16.060000000000002,118.0,62.0,3.853770880565579,180,56.0,-9.0,0.31,157.8,
2025-04-08 13:37:44,158.0,10.0,170.7,20.0,157.0,60.0,172.0,10.0,164.35,12.699999999999989,70.0,30.0,4.021446257242059,100,40.0,-80.0,0.4,157.8,
2025-04-08 13:37:45,158.83,36.0,168.26,19.0,157.14,42.0,169.59,17.0,163.55,9.429999999999978,78.0,36.0,3.4569307195657397,114,42.0,14.0,0.37,157.8,
2025-04-08 13:37:46,159.0,36.0,168.0,18.0,158.0,9.0,169.0,9.0,163.5,9.0,45.0,27.0,2.2005612920048536,72,18.0,-42.0,0.25,159.0,1.0
2025-04-08 13:37:47,158.27,44.0,167.36,22.0,156.28,65.0,169.0,11.0,162.82,9.090000000000003,109.0,33.0,0.8163761387159666,142,76.0,70.0,0.54,159.0,4.0
2025-04-08 13:37:48,159.36,22.0,165.18,11.0,156.92,50.0,166.16,19.0,162.27,5.819999999999993,72.0,30.0,0.7899810123429902,102,42.0,-40.0,0.41,159.0,
2025-04-08 13:37:49,156.72,58.0,162.79,24.0,155.42,148.0,164.19,21.0,159.76,6.069999999999993,206.0,45.0,1.5567112769741327,251,161.0,149.0,0.64,158.12,8.0
2025-04-08 13:37:50,156.0,66.0,158.65,17.0,155.0,132.0,159.62,16.0,157.32,2.6500000000000057,198.0,33.0,2.557612167599483,231,165.0,-20.0,0.71,158.12,
2025-04-08 13:37:51,156.0,36.0,305.67,18.0,155.0,27.0,409.28,36.0,230.83,149.67000000000002,63.0,54.0,31.50965804320817,117,9.0,-114.0,0.08,156.33,3.0
2025-04-08 13:37:52,157.12,34.0,308.5,40.0,155.48,42.0,350.9,20.0,232.81,151.38,76.0,60.0,39.50110719967194,136,16.0,19.0,0.12,156.33,
2025-04-08 13:37:53,160.26,38.0,233.0,44.0,157.08,52.0,541.81,31.0,196.63,72.74000000000001,90.0,75.0,36.662574241315966,165,15.0,29.0,0.09,164.6,5.0
2025-04-08 13:37:54,156.0,28.0,215.0,28.0,155.0,56.0,567.88,32.0,185.5,59.0,84.0,60.0,31.891474879660663,144,24.0,-21.0,0.17,164.6,
2025-04-08 13:37:55,156.0,28.0,314.43,28.0,155.0,56.0,516.47,15.0,235.21,158.43,84.0,43.0,23.3280084876548,127,41.0,-17.0,0.32,164.6,
2025-04-08 13:37:56,156.0,30.0,387.78,45.0,155.0,72.0,389.0,36.0,271.89,231.78,102.0,81.0,34.37756128639916,183,21.0,56.0,0.11,156.0,2.0
2025-04-08 13:37:57,156.0,16.0,384.85,41.0,155.0,64.0,410.3,20.0,270.43,228.85,80.0,61.0,40.28537228325144,141,19.0,-42.0,0.13,156.0,
2025-04-08 13:37:58,156.0,12.0,381.84,31.0,155.0,48.0,530.38,29.0,268.92,225.84,60.0,60.0,37.31071226873357,120,0.0,-21.0,0.0,156.0,
2025-04-08 13:37:59,156.0,12.0,288.88,8.0,155.0,48.0,376.88,24.0,222.44,132.88,60.0,32.0,23.24572369276245,92,28.0,-28.0,0.3,156.0,
2025-04-08 13:38:00,156.79,33.0,203.97,29.0,155.29,63.0,214.77,31.0,180.38,47.18000000000001,96.0,60.0,40.6284527148181,156,36.0,64.0,0.23,158.0,2.0
2025-04-08 13:38:01,156.95,61.0,194.15,39.0,155.51,71.0,325.88,34.0,175.55,37.20000000000002,132.0,73.0,45.894041334362,205,59.0,49.0,0.29,160.0,1.0
2025-04-08 13:38:02,156.27,48.0,192.85,39.0,155.11,92.0,210.21,29.0,174.56,36.579999999999984,140.0,68.0,41.19458702305492,208,72.0,3.0,0.35,158.4,5.0
2025-04-08 13:38:03,160.69,95.0,190.59,32.0,157.07,107.0,193.33,36.0,175.64,29.90000000000001,202.0,68.0,20.65462853696389,270,134.0,62.0,0.5,162.0,3.0
2025-04-08 13:38:04,163.54,271.0,184.31,49.0,162.0,105.0,186.48,75.0,173.92,20.77000000000001,376.0,124.0,2.545387986127292,500,252.0,168.0,0.5,164.0,5.0
2025-04-08 13:38:05,164.0,108.0,179.28,58.0,162.0,60.0,181.03,34.0,171.64,15.28,168.0,92.0,1.6308341423681274,260,76.0,-168.0,0.29,164.0,
2025-04-08 13:38:06,164.14,126.0,175.94,52.0,162.0,70.0,177.27,48.0,170.04,11.800000000000011,196.0,100.0,2.2766642264305945,296,96.0,36.0,0.32,164.0,
2025-04-08 13:38:07,165.0,114.0,169.84,31.0,162.0,75.0,172.29,35.0,167.42,4.840000000000003,189.0,66.0,3.2219745498533454,255,123.0,-41.0,0.48,165.0,6.0
2025-04-08 13:38:08,163.96,23.0,169.71,35.0,161.61,31.0,172.0,21.0,166.84,5.75,54.0,56.0,2.945151948524061,110,-2.0,-145.0,-0.02,164.25,4.0
2025-04-08 13:38:09,162.18,34.0,168.0,45.0,160.55,29.0,172.0,27.0,165.09,5.819999999999993,63.0,72.0,2.614819305399038,135,-9.0,25.0,-0.07,164.25,
2025-04-08 13:38:10,162.47,51.0,164.63,70.0,161.28,58.0,182.39,59.0,163.55,2.1599999999999966,109.0,129.0,2.456902521444551,238,-20.0,103.0,-0.08,162.43,7.0
2025-04-08 13:38:11,158.44,82.0,162.57,14.0,157.59,79.0,201.31,49.0,160.51,4.129999999999996,161.0,63.0,2.784200064627625,224,98.0,-14.0,0.44,159.2,5.0
2025-04-08 13:38:12,158.0,96.0,160.04,26.0,156.0,24.0,162.5,10.0,159.02,2.039999999999992,120.0,36.0,3.2193431006752338,156,84.0,-68.0,0.54,159.2,
2025-04-08 13:38:13,158.0,112.0,160.0,35.0,156.0,28.0,161.0,7.0,159.0,2.0,140.0,42.0,2.7590451246506453,182,98.0,26.0,0.54,159.2,
2025-04-08 13:38:14,158.0,138.0,159.0,42.0,156.0,36.0,405.55,33.0,158.5,1.0,174.0,75.0,2.061899609547683,249,99.0,67.0,0.4,158.5,2.0
2025-04-08 13:38:16,158.0,48.0,282.0,30.0,156.0,24.0,748.0,12.0,220.0,124.0,72.0,42.0,110.18573782482066,114,30.0,-25.0,0.26,158.5,
2025-04-08 13:38:17,159.5,64.0,282.0,50.0,157.14,56.0,486.93,15.0,220.75,122.5,120.0,65.0,104.69150189962969,185,55.0,71.0,0.3,158.5,
2025-04-08 13:38:18,164.0,40.0,282.0,50.0,158.0,80.0,564.0,10.0,223.0,118.0,120.0,60.0,96.79697603747869,180,60.0,-5.0,0.33,158.5,
2025-04-08 13:38:19,164.0,28.0,282.29,31.0,158.12,51.0,341.45,11.0,223.15,118.29000000000002,79.0,42.0,85.68153517532394,121,37.0,-59.0,0.31,158.5,
2025-04-08 13:38:20,164.0,6.0,291.0,3.0,158.0,24.0,402.0,15.0,227.5,127.0,30.0,18.0,2.926730257491301,48,12.0,-73.0,0.25,164.0,3.0
2025-04-08 13:38:21,158.91,33.0,231.25,40.0,157.18,68.0,306.61,18.0,195.08,72.34,101.0,58.0,12.986601942005212,159,43.0,111.0,0.27,159.2,5.0
2025-04-08 13:38:22,158.17,53.0,177.33,60.0,156.43,56.0,191.66,58.0,167.75,19.160000000000025,109.0,118.0,25.58946716913129,227,-9.0,68.0,-0.04,159.2,
2025-04-08 13:38:23,157.61,28.0,174.93,40.0,156.3,50.0,175.96,55.0,166.27,17.319999999999993,78.0,95.0,29.20677061915608,173,-17.0,-54.0,-0.1,158.12,8.0
2025-04-08 13:38:24,159.71,42.0,171.8,50.0,156.75,36.0,173.14,58.0,165.76,12.090000000000003,78.0,108.0,27.041706122209625,186,-30.0,13.0,-0.16,158.12,
2025-04-08 13:38:25,162.0,50.0,169.57,44.0,159.0,30.0,171.64,39.0,165.78,7.569999999999993,80.0,83.0,12.85618411504348,163,-3.0,-23.0,-0.02,158.12,
2025-04-08 13:38:26,162.0,54.0,165.84,38.0,159.0,30.0,166.92,37.0,163.92,3.8400000000000034,84.0,75.0,1.3705582803621958,159,9.0,-4.0,0.06,158.12,
2025-04-08 13:38:27,162.0,75.0,163.06,53.0,159.55,33.0,271.18,34.0,162.53,1.0600000000000025,108.0,87.0,1.5777103662792094,195,21.0,36.0,0.11,162.0,3.0
2025-04-08 13:38:28,161.63,54.0,162.84,95.0,159.83,29.0,274.74,23.0,162.24,1.210000000000008,83.0,118.0,1.697079844869235,201,-35.0,6.0,-0.17,161.71,7.0
2025-04-08 13:38:29,160.0,18.0,162.0,45.0,159.0,9.0,163.68,25.0,161.0,2.0,27.0,70.0,1.8254533683053396,97,-43.0,-104.0,-0.44,161.71,
2025-04-08 13:38:30,160.0,16.0,164.68,25.0,159.0,8.0,313.5,16.0,162.34,4.680000000000007,24.0,41.0,1.0387877549597695,65,-17.0,-32.0,-0.26,161.0,4.0
2025-04-08 13:38:31,163.86,14.0,179.0,39.0,162.77,26.0,312.81,31.0,171.43,15.139999999999986,40.0,70.0,4.247842982015797,110,-30.0,45.0,-0.27,161.0,
2025-04-08 13:38:32,164.0,11.0,179.0,33.0,163.0,22.0,245.04,27.0,171.5,15.0,33.0,60.0,5.287345269591217,93,-27.0,-17.0,-0.29,161.0,
2025-04-08 13:38:33,161.0,10.0,178.6,30.0,158.91,44.0,188.2,10.0,169.8,17.599999999999994,54.0,40.0,5.128389610772099,94,14.0,1.0,0.15,162.0,5.0
2025-04-08 13:38:34,158.0,55.0,177.09,33.0,156.0,77.0,198.91,11.0,167.55,19.090000000000003,132.0,44.0,3.8118276456158,176,88.0,82.0,0.5,158.5,2.0
2025-04-08 13:38:35,158.0,45.0,177.0,27.0,156.0,63.0,206.0,9.0,167.5,19.0,108.0,36.0,1.974950632265369,144,72.0,-32.0,0.5,158.5,
2025-04-08 13:38:36,158.0,40.0,176.0,24.0,156.0,56.0,197.9,20.0,167.0,18.0,96.0,44.0,1.916898536668428,140,52.0,-4.0,0.37,158.5,
2025-04-08 13:38:37,158.0,50.0,173.4,30.0,156.0,70.0,194.33,18.0,165.7,15.400000000000006,120.0,48.0,1.4817219711796754,168,72.0,28.0,0.43,158.5,
2025-04-08 13:38:38,158.0,69.0,172.0,33.0,156.0,77.0,193.24,17.0,165.0,14.0,146.0,50.0,1.1434596625471465,196,96.0,28.0,0.49,158.5,
2025-04-08 13:38:39,158.59,27.0,170.5,36.0,157.33,84.0,206.0,34.0,164.55,11.909999999999997,111.0,70.0,1.2678722332592665,181,41.0,-15.0,0.23,158.5,4.0
2025-04-08 13:38:40,158.0,24.0,169.17,36.0,156.0,84.0,438.4,30.0,163.58,11.169999999999987,108.0,66.0,1.281709795494457,174,42.0,-7.0,0.24,158.0,2.0
2025-04-08 13:38:41,157.07,30.0,168.0,30.0,155.9,62.0,237.0,30.0,162.53,10.930000000000009,92.0,60.0,1.2409552771403771,152,32.0,-22.0,0.21,158.0,2.0
2025-04-08 13:38:42,156.0,88.0,165.0,42.0,155.0,42.0,168.0,42.0,160.5,9.0,130.0,84.0,1.7986578329015352,214,46.0,62.0,0.21,156.0,3.0
2025-04-08 13:38:43,157.47,30.0,163.62,48.0,155.88,50.0,167.38,48.0,160.55,6.150000000000006,80.0,96.0,1.806064782850877,176,-16.0,-38.0,-0.09,156.0,
2025-04-08 13:38:44,156.21,38.0,160.46,37.0,155.14,57.0,256.41,37.0,158.33,4.25,95.0,74.0,2.0328969476706917,169,21.0,-7.0,0.12,160.0,1.0
2025-04-08 13:38:45,156.0,34.0,159.03,32.0,155.0,66.0,185.91,35.0,157.52,3.030000000000001,100.0,67.0,1.989203358091774,167,33.0,-2.0,0.2,157.62,8.0
2025-04-08 13:38:46,156.43,14.0,216.6,5.0,155.14,14.0,455.0,15.0,186.51,60.16999999999999,28.0,20.0,12.274631155348988,48,8.0,-119.0,0.17,157.62,
2025-04-08 13:38:47,157.0,66.0,402.0,23.0,156.0,22.0,489.95,21.0,279.5,245.0,88.0,44.0,52.28802511091776,132,44.0,84.0,0.33,157.62,
2025-04-08 13:38:48,157.0,8.0,329.5,12.0,156.0,67.0,343.1,20.0,243.25,172.5,75.0,32.0,54.28542502366576,107,43.0,-25.0,0.4,157.0,5.0
2025-04-08 13:38:49,156.23,31.0,334.53,19.0,155.76,76.0,516.76,29.0,245.38,178.29999999999998,107.0,48.0,49.29684137954592,155,59.0,48.0,0.38,156.2,5.0
2025-04-08 13:38:50,156.0,20.0,460.6,5.0,155.0,15.0,614.0,5.0,308.3,304.6,35.0,10.0,45.644107724877706,45,25.0,-110.0,0.56,156.2,
2025-04-08 13:38:51,156.0,20.0,416.14,7.0,155.0,15.0,589.4,5.0,286.07,260.14,35.0,12.0,27.86503992461388,47,23.0,2.0,0.49,156.2,
2025-04-08 13:38:52,156.0,28.0,216.82,17.0,155.0,21.0,301.45,11.0,186.41,60.81999999999999,49.0,28.0,46.73109318216561,77,21.0,30.0,0.27,156.2,
2025-04-08 13:38:53,156.0,22.0,254.57,21.0,155.0,21.0,441.86,7.0,205.29,98.57,43.0,28.0,51.70863322502552,71,15.0,-6.0,0.21,156.0,3.0
2025-04-08 13:38:54,157.96,25.0,362.0,42.0,155.59,29.0,405.0,14.0,259.98,204.04,54.0,56.0,52.055468012498224,110,-2.0,39.0,-0.02,159.5,4.0
2025-04-08 13:38:55,157.86,21.0,339.0,7.0,156.33,9.0,515.86,7.0,248.43,181.14,30.0,14.0,40.71604081931559,44,16.0,-66.0,0.36,159.5,
2025-04-08 13:38:56,163.18,11.0,228.8,5.0,159.4,15.0,523.0,5.0,195.99,65.62,26.0,10.0,32.8815130430474,36,16.0,-8.0,0.44,159.5,
2025-04-08 13:38:58,162.83,12.0,400.06,32.0,162.56,32.0,434.22,32.0,281.45,237.23,44.0,64.0,44.85450445607747,108,-20.0,20.0,-0.19,163.25,4.0
2025-04-08 13:38:59,155.33,36.0,411.04,56.0,107.19,26.0,433.81,16.0,283.18,255.71,62.0,72.0,45.940215171462725,134,-10.0,26.0,-0.07,156.0,3.0
2025-04-08 13:39:00,155.0,50.0,255.14,14.0,120.55,22.0,401.69,26.0,205.07,100.14,72.0,40.0,53.427280016862696,112,32.0,-22.0,0.29,156.0,
2025-04-08 13:39:05,146.25,73.0,248.47,66.0,136.27,86.0,508.16,32.0,197.36,102.22,159.0,98.0,25.03505901730374,257,61.0,91.0,0.24,156.0,
2025-04-08 13:39:06,158.78,54.0,248.78,45.0,152.51,41.0,301.42,33.0,203.78,90.0,95.0,78.0,29.13061791311516,173,17.0,-84.0,0.1,161.0,1.0
2025-04-08 13:39:07,154.0,55.0,246.39,51.0,148.0,33.0,263.08,48.0,200.2,92.39,88.0,99.0,30.51482459395649,187,-11.0,14.0,-0.06,161.0,
2025-04-08 13:39:08,155.03,38.0,239.72,32.0,153.69,58.0,243.4,42.0,197.37,84.69,96.0,74.0,8.401487963449773,170,22.0,-17.0,0.13,161.0,
2025-04-08 13:39:09,157.65,52.0,224.59,29.0,154.89,72.0,232.87,54.0,191.12,66.94,124.0,83.0,4.647136752883383,207,41.0,37.0,0.2,161.0,
2025-04-08 13:39:10,163.46,52.0,203.07,44.0,162.02,58.0,203.43,37.0,183.26,39.60999999999999,110.0,81.0,8.101245583241326,191,29.0,-16.0,0.15,161.0,
2025-04-08 13:39:11,164.0,24.0,184.0,14.0,163.0,16.0,184.47,17.0,174.0,20.0,40.0,31.0,10.697644600563285,71,9.0,-120.0,0.13,161.0,
2025-04-08 13:39:12,164.0,24.0,181.38,8.0,163.0,16.0,183.41,17.0,172.69,17.379999999999995,40.0,25.0,10.693786513669352,65,15.0,-6.0,0.23,161.0,
2025-04-08 13:39:13,164.0,39.0,176.85,27.0,163.0,26.0,177.5,26.0,170.43,12.849999999999994,65.0,53.0,8.672557292973766,118,12.0,53.0,0.1,161.0,
2025-04-08 13:39:14,164.0,39.0,172.0,18.0,163.0,26.0,172.75,28.0,168.0,8.0,65.0,46.0,5.824167751695677,111,19.0,-7.0,0.17,161.0,
2025-04-08 13:39:15,162.43,44.0,165.79,29.0,160.92,106.0,169.84,25.0,164.11,3.359999999999985,150.0,54.0,3.93682994297124,204,96.0,93.0,0.47,163.0,2.0
2025-04-08 13:39:16,161.14,28.0,163.91,46.0,159.33,36.0,169.5,28.0,162.53,2.7700000000000102,64.0,74.0,4.241181439158763,138,-10.0,-66.0,-0.07,161.5,6.0
2025-04-08 13:39:17,157.27,41.0,161.93,28.0,130.84,85.0,295.86,42.0,159.6,4.659999999999997,126.0,70.0,4.3161360034008736,196,56.0,58.0,0.29,158.14,7.0
2025-04-08 13:39:18,155.8,30.0,160.46,13.0,126.36,66.0,221.53,17.0,158.13,4.659999999999997,96.0,30.0,3.8841511298921376,126,66.0,-70.0,0.52,157.0,4.0
2025-04-08 13:39:19,115.76,45.0,153.83,29.0,99.23,117.0,160.86,28.0,134.79,38.07000000000001,162.0,57.0,11.9961752237875,219,105.0,93.0,0.48,154.75,4.0
2025-04-08 13:39:21,157.5,24.0,160.73,22.0,123.71,102.0,431.64,44.0,159.11,3.2299999999999898,126.0,66.0,15.270048133512152,192,60.0,-41.0,0.31,156.8,5.0
2025-04-08 13:39:22,157.0,24.0,160.0,12.0,156.0,18.0,429.0,24.0,158.5,3.0,42.0,36.0,15.0665945057195,78,6.0,-114.0,0.08,156.8,
2025-04-08 13:39:23,160.53,97.0,190.95,38.0,156.4,50.0,301.29,56.0,175.74,30.419999999999987,147.0,94.0,19.511595270499864,241,53.0,163.0,0.22,161.0,3.0
2025-04-08 13:39:24,163.0,96.0,240.6,30.0,156.87,30.0,379.64,33.0,201.8,77.6,126.0,63.0,26.97430481031628,189,63.0,-52.0,0.33,163.0,3.0
2025-04-08 13:39:25,163.0,80.0,227.33,49.0,157.1,10.0,256.07,41.0,195.16,64.33000000000001,90.0,90.0,20.01921626837352,180,0.0,-9.0,0.0,163.0,
2025-04-08 13:39:26,163.28,78.0,186.0,36.0,162.36,44.0,233.45,33.0,174.64,22.72,122.0,69.0,17.37362714000518,191,53.0,11.0,0.28,163.0,
2025-04-08 13:39:27,164.0,132.0,188.49,47.0,163.0,96.0,427.5,36.0,176.24,24.49000000000001,228.0,83.0,12.795283506040033,311,145.0,120.0,0.47,163.0,
2025-04-08 13:39:28,164.0,110.0,224.2,30.0,163.0,80.0,437.5,30.0,194.1,60.19999999999999,190.0,60.0,12.195799276798391,250,130.0,-61.0,0.52,163.0,
2025-04-08 13:39:29,164.0,77.0,221.09,33.0,163.0,88.0,224.45,33.0,192.55,57.09,165.0,66.0,10.189186424830394,231,99.0,-19.0,0.43,164.0,4.0
2025-04-08 13:39:30,163.66,47.0,220.0,33.0,162.9,80.0,245.86,37.0,191.83,56.34,127.0,70.0,9.575054569032236,197,57.0,-34.0,0.29,164.0,7.0
2025-04-08 13:39:31,163.0,98.0,217.62,39.0,162.0,52.0,238.28,43.0,190.31,54.620000000000005,150.0,82.0,7.265585317093091,232,68.0,35.0,0.29,163.0,2.0
2025-04-08 13:39:32,163.0,54.0,216.36,25.0,162.0,36.0,217.44,25.0,189.68,53.360000000000014,90.0,50.0,1.7685954879424568,140,40.0,-92.0,0.29,163.0,
2025-04-08 13:39:33,163.0,9.0,214.78,27.0,162.0,36.0,216.0,18.0,188.89,51.78,45.0,45.0,1.51298380690802,90,0.0,-50.0,0.0,163.0,5.0
2025-04-08 13:39:34,163.0,5.0,213.4,15.0,162.0,20.0,216.0,10.0,188.2,50.400000000000006,25.0,25.0,1.3948010610700312,50,0.0,-40.0,0.0,163.0,
2025-04-08 13:39:35,163.0,5.0,212.6,15.0,162.0,20.0,216.0,10.0,187.8,49.6,25.0,25.0,1.032923036803105,50,0.0,0.0,0.0,163.0,
2025-04-08 13:39:36,162.04,25.0,210.53,17.0,161.4,10.0,212.67,18.0,186.28,48.49000000000001,35.0,35.0,1.275578300205455,70,0.0,20.0,0.0,163.0,1.0
2025-04-08 13:39:37,162.0,20.0,208.69,13.0,161.0,5.0,209.5,12.0,185.35,46.69,25.0,25.0,1.4518023281257113,50,0.0,-20.0,0.0,163.0,
2025-04-08 13:39:38,162.0,17.0,207.73,11.0,161.0,5.0,208.86,14.0,184.86,45.72999999999999,22.0,25.0,1.4697346699141671,47,-3.0,-3.0,-0.06,162.0,1.0
2025-04-08 13:39:39,162.0,27.0,205.75,24.0,161.0,9.0,206.81,21.0,183.88,43.75,36.0,45.0,1.4887175688974594,81,-9.0,34.0,-0.11,162.0,
2025-04-08 13:39:40,159.92,25.0,188.05,21.0,156.59,17.0,192.81,31.0,173.98,28.130000000000024,42.0,52.0,5.044571339562152,94,-10.0,13.0,-0.11,157.5,4.0
2025-04-08 13:39:41,155.0,49.0,182.0,24.0,154.0,51.0,183.11,18.0,168.5,27.0,100.0,42.0,7.639272216639239,142,58.0,48.0,0.41,157.5,
2025-04-08 13:39:42,155.0,77.0,177.33,30.0,154.0,66.0,179.05,38.0,166.17,22.330000000000013,143.0,68.0,8.605098488680957,211,75.0,69.0,0.36,157.5,
2025-04-08 13:39:43,158.55,58.0,173.11,35.0,155.71,51.0,174.31,39.0,165.83,14.560000000000002,109.0,74.0,7.563476052707661,183,35.0,-28.0,0.19,155.0,4.0
2025-04-08 13:39:44,162.0,48.0,170.0,23.0,159.0,40.0,171.62,21.0,166.0,8.0,88.0,44.0,3.464899709929062,132,44.0,-51.0,0.33,155.0,
2025-04-08 13:39:45,162.0,54.0,168.71,28.0,159.0,45.0,169.48,31.0,165.36,6.710000000000008,99.0,59.0,1.2273426578828617,158,40.0,26.0,0.25,155.0,
2025-04-08 13:39:46,162.0,44.0,166.04,27.0,159.0,50.0,167.91,32.0,164.02,4.039999999999992,94.0,59.0,0.8681762493037053,153,35.0,-5.0,0.23,162.0,2.0
2025-04-08 13:39:47,159.57,63.0,162.79,24.0,158.52,29.0,163.7,30.0,161.18,3.219999999999999,92.0,54.0,2.0005549229778072,146,38.0,-7.0,0.26,162.0,4.0
2025-04-08 13:39:48,159.0,56.0,162.79,29.0,158.0,22.0,166.0,24.0,160.9,3.789999999999992,78.0,53.0,2.351705763875753,131,25.0,-15.0,0.19,159.0,8.0
2025-04-08 13:39:49,159.0,11.0,161.51,35.0,158.0,22.0,163.0,28.0,160.26,2.509999999999991,33.0,63.0,2.2185761199114733,96,-30.0,-35.0,-0.31,159.0,
2025-04-08 13:39:50,158.29,7.0,161.0,35.0,156.22,36.0,162.0,14.0,159.64,2.710000000000008,43.0,49.0,1.6852299545867462,92,-6.0,-4.0,-0.07,158.5,2.0
2025-04-08 13:39:51,156.14,103.0,159.82,49.0,154.35,132.0,195.38,32.0,157.98,3.680000000000007,235.0,81.0,1.2727607787134114,316,154.0,168.0,0.49,158.0,3.0
2025-04-08 13:39:52,156.0,105.0,158.0,18.0,142.42,48.0,159.0,18.0,157.0,2.0,153.0,36.0,1.6221837133406136,189,117.0,-127.0,0.62,156.0,3.0
2025-04-08 13:39:53,156.0,135.0,157.8,20.0,140.13,38.0,158.83,29.0,156.9,1.8000000000000114,173.0,49.0,1.530842905011507,222,124.0,33.0,0.56,157.5,2.0
2025-04-08 13:39:54,156.0,84.0,373.43,35.0,155.0,30.0,626.68,34.0,264.71,217.43,114.0,69.0,47.78849631448884,183,45.0,-39.0,0.25,156.67,3.0
2025-04-08 13:39:55,156.67,36.0,430.5,40.0,155.73,44.0,556.5,40.0,293.58,273.83000000000004,80.0,80.0,67.51822924218338,160,0.0,-23.0,0.0,156.67,
2025-04-08 13:39:56,156.55,33.0,351.71,41.0,155.57,42.0,511.56,45.0,254.13,195.16,75.0,86.0,64.01155934673136,161,-11.0,1.0,-0.07,157.5,4.0
2025-04-08 13:39:57,156.0,55.0,379.7,47.0,155.0,33.0,478.29,31.0,267.85,223.7,88.0,78.0,52.644962057163696,166,10.0,5.0,0.06,157.5,
2025-04-08 13:39:58,156.0,43.0,369.33,9.0,155.0,27.0,504.0,45.0,262.67,213.33,70.0,54.0,14.868087301340967,124,16.0,-42.0,0.13,156.0,2.0
2025-04-08 13:39:59,155.94,16.0,164.0,6.0,154.18,17.0,349.5,30.0,159.97,8.060000000000002,33.0,36.0,51.16878345241565,69,-3.0,-55.0,-0.04,155.6,5.0
2025-04-08 13:40:00,153.25,8.0,164.0,7.0,141.31,13.0,275.0,35.0,158.62,10.75,21.0,42.0,56.223247149200574,63,-21.0,-6.0,-0.33,155.0,1.0
2025-04-08 13:40:01,142.9,40.0,262.69,39.0,119.91,47.0,431.94,35.0,202.8,119.79,87.0,74.0,53.18544697565348,161,13.0,98.0,0.08,158.0,2.0
2025-04-08 13:40:02,145.56,18.0,275.0,50.0,126.55,40.0,536.07,44.0,210.28,129.44,58.0,94.0,42.8641618371338,152,-36.0,-9.0,-0.24,158.0,
2025-04-08 13:40:03,165.0,14.0,348.5,70.0,164.0,14.0,536.05,64.0,256.75,183.5,28.0,134.0,40.68773439256592,162,-106.0,10.0,-0.65,158.0,
2025-04-08 13:40:04,165.0,16.0,328.0,51.0,164.0,16.0,352.02,53.0,246.5,163.0,32.0,104.0,39.0036370099003,136,-72.0,-26.0,-0.53,158.0,
2025-04-08 13:40:05,159.58,31.0,258.0,14.0,159.64,11.0,259.0,35.0,208.79,98.42,42.0,49.0,24.71129357197042,91,-7.0,-45.0,-0.08,161.2,5.0
2025-04-08 13:40:06,159.0,46.0,230.92,65.0,158.0,26.0,227.89,47.0,194.96,71.91999999999999,72.0,112.0,26.64693659691673,184,-40.0,93.0,-0.22,159.0,5.0
2025-04-08 13:40:07,158.0,16.0,197.77,44.0,147.75,16.0,199.14,35.0,177.89,39.77000000000001,32.0,79.0,33.66403080440715,111,-47.0,-73.0,-0.42,158.5,4.0
2025-04-08 13:40:08,116.07,43.0,195.38,16.0,83.76,17.0,197.0,40.0,155.72,79.31,60.0,56.0,34.14083434832825,116,4.0,5.0,0.03,155.0,1.0
2025-04-08 13:40:09,138.41,49.0,192.34,70.0,107.96,69.0,194.45,67.0,165.38,53.93000000000001,118.0,137.0,21.557359996064516,255,-19.0,139.0,-0.07,158.0,4.0
2025-04-08 13:40:10,158.0,9.0,187.52,27.0,88.0,9.0,188.44,45.0,172.76,29.52000000000001,18.0,72.0,14.682381278249554,90,-54.0,-165.0,-0.6,158.0,
2025-04-08 13:40:11,146.65,51.0,184.38,37.0,136.59,46.0,186.39,61.0,165.51,37.72999999999999,97.0,98.0,8.408791232981617,195,-1.0,105.0,-0.01,158.0,
2025-04-08 13:40:12,154.0,44.0,181.43,28.0,136.74,62.0,183.22,49.0,167.71,27.430000000000007,106.0,77.0,6.1890895937819606,183,29.0,-12.0,0.16,158.0,
2025-04-08 13:40:13,154.36,25.0,179.06,32.0,130.9,10.0,180.29,17.0,166.71,24.69999999999999,35.0,49.0,3.0300709562433084,84,-14.0,-99.0,-0.17,158.0,
2025-04-08 13:40:14,157.0,14.0,177.17,52.0,156.0,56.0,177.67,52.0,167.09,20.169999999999987,70.0,104.0,2.802869957716668,174,-34.0,90.0,-0.2,158.0,
2025-04-08 13:40:15,156.85,13.0,173.32,44.0,149.33,42.0,175.27,59.0,165.08,16.47,55.0,103.0,1.097816013667257,158,-48.0,-16.0,-0.3,156.4,5.0
2025-04-08 13:40:16,159.3,40.0,170.92,60.0,156.14,28.0,172.75,60.0,165.11,11.619999999999976,68.0,120.0,1.1913018088897236,188,-52.0,30.0,-0.28,160.2,5.0
2025-04-08 13:40:17,159.0,36.0,168.13,52.0,156.0,12.0,169.42,60.0,163.57,9.129999999999995,48.0,112.0,1.4181748833837566,160,-64.0,-28.0,-0.4,160.2,
2025-04-08 13:40:18,161.49,53.0,163.67,58.0,158.7,30.0,164.75,56.0,162.58,2.1799999999999784,83.0,114.0,1.717186652596946,197,-31.0,37.0,-0.16,162.0,6.0
2025-04-08 13:40:19,159.68,47.0,161.76,51.0,158.69,29.0,163.32,53.0,160.72,2.079999999999984,76.0,104.0,1.8459062814378888,180,-28.0,-17.0,-0.16,163.0,2.0
2025-04-08 13:40:20,159.7,40.0,161.0,60.0,158.71,28.0,223.36,44.0,160.35,1.3000000000000114,68.0,104.0,1.9842202498331625,172,-36.0,-8.0,-0.21,160.0,4.0
2025-04-08 13:40:21,156.06,51.0,161.0,65.0,151.46,13.0,222.69,52.0,158.53,4.939999999999998,64.0,117.0,1.9742466917390469,181,-53.0,9.0,-0.29,157.8,5.0
2025-04-08 13:40:22,153.53,58.0,156.95,19.0,132.53,32.0,158.03,30.0,155.24,3.4199999999999875,90.0,49.0,2.7741899718360514,139,41.0,-42.0,0.29,154.0,5.0
2025-04-08 13:40:23,127.41,66.0,223.46,35.0,98.24,67.0,252.0,34.0,175.43,96.05,133.0,69.0,7.785398512590499,202,64.0,63.0,0.32,155.0,3.0
2025-04-08 13:40:24,138.5,8.0,193.25,16.0,107.17,12.0,248.77,26.0,165.88,54.75,20.0,42.0,7.90543041205541,62,-22.0,-140.0,-0.35,155.0,
2025-04-08 13:40:25,115.71,21.0,152.21,28.0,88.64,55.0,194.85,40.0,133.96,36.500000000000014,76.0,68.0,15.423481124565525,144,8.0,82.0,0.06,152.0,2.0
2025-04-08 13:40:26,135.07,30.0,152.5,16.0,125.72,18.0,389.48,21.0,143.78,17.430000000000007,48.0,37.0,16.615400085457374,85,11.0,-59.0,0.13,152.0,
2025-04-08 13:40:27,138.83,12.0,234.85,13.0,127.45,20.0,164.21,28.0,186.84,96.01999999999998,32.0,41.0,21.950378584430908,73,-9.0,-12.0,-0.12,151.0,4.0
2025-04-08 13:40:28,145.29,17.0,420.5,40.0,143.45,22.0,453.88,25.0,282.9,275.21000000000004,39.0,65.0,59.64570831166255,104,-26.0,31.0,-0.25,151.0,
2025-04-08 13:40:29,147.23,13.0,264.11,36.0,146.55,11.0,349.23,13.0,205.67,116.88000000000002,24.0,49.0,59.49943277040516,73,-25.0,-31.0,-0.34,151.0,
2025-04-08 13:40:30,148.95,19.0,239.6,50.0,147.82,11.0,258.0,28.0,194.27,90.65,30.0,78.0,50.58416619852514,108,-48.0,35.0,-0.44,151.0,
2025-04-08 13:40:31,150.4,15.0,238.36,28.0,149.56,18.0,376.88,48.0,194.38,87.96000000000001,33.0,76.0,39.753695048385815,109,-43.0,1.0,-0.39,151.0,
2025-04-08 13:40:32,152.33,9.0,157.67,18.0,150.0,21.0,318.65,23.0,155.0,5.339999999999975,30.0,41.0,46.86776749536966,71,-11.0,-38.0,-0.15,151.0,
2025-04-08 13:40:33,150.23,35.0,154.0,16.0,112.53,43.0,365.79,71.0,152.11,3.77000000000001,78.0,87.0,24.858646986510013,165,-9.0,94.0,-0.05,152.0,2.0
2025-04-08 13:40:34,152.7,10.0,347.26,19.0,106.49,47.0,457.45,40.0,249.98,194.56,57.0,59.0,39.66119098060419,116,-2.0,-49.0,-0.02,154.0,1.0
2025-04-08 13:40:35,147.78,46.0,314.19,53.0,72.84,37.0,356.14,58.0,230.99,166.41,83.0,111.0,44.00820003135767,194,-28.0,78.0,-0.14,157.6,5.0
2025-04-08 13:40:36,155.0,10.0,163.25,16.0,63.0,30.0,245.71,14.0,159.12,8.25,40.0,30.0,47.14456225271331,70,10.0,-124.0,0.14,157.6,
2025-04-08 13:40:37,158.1,39.0,161.91,44.0,86.19,32.0,164.2,25.0,160.01,3.8100000000000014,71.0,69.0,46.27480491584989,140,2.0,70.0,0.01,157.6,
2025-04-08 13:40:38,159.03,39.0,214.77,43.0,155.88,24.0,381.8,40.0,186.9,55.74000000000001,63.0,83.0,41.43236959190234,146,-20.0,6.0,-0.14,159.2,5.0
2025-04-08 13:40:40,152.25,16.0,225.0,28.0,94.0,51.0,384.82,50.0,188.62,72.75,67.0,78.0,37.82377598812632,145,-11.0,27.0,-0.08,159.2,
2025-04-08 13:40:41,154.0,11.0,159.17,23.0,140.71,21.0,161.14,21.0,156.59,5.169999999999988,32.0,44.0,38.34275355265918,76,-12.0,-69.0,-0.16,159.2,
2025-04-08 13:40:42,146.41,22.0,155.08,39.0,96.17,40.0,168.09,35.0,150.74,8.670000000000016,62.0,74.0,40.26197623068136,136,-12.0,60.0,-0.09,153.33,3.0
2025-04-08 13:40:43,134.67,12.0,244.25,16.0,101.8,25.0,267.21,14.0,189.46,109.58,37.0,30.0,40.27672491650671,67,7.0,-69.0,0.1,155.75,4.0
2025-04-08 13:40:44,130.88,51.0,161.14,35.0,68.0,48.0,203.65,31.0,146.01,30.25999999999999,99.0,66.0,21.110711262292053,165,33.0,98.0,0.2,155.75,
2025-04-08 13:40:45,125.17,36.0,156.56,27.0,106.4,30.0,157.2,15.0,140.86,31.39,66.0,42.0,19.195884194270004,108,24.0,-57.0,0.22,155.75,
2025-04-08 13:40:50,129.57,21.0,153.11,9.0,97.0,42.0,218.64,11.0,141.34,23.54000000000002,63.0,20.0,2.461625479179785,83,43.0,22.0,0.52,148.0,3.0
2025-04-08 13:40:51,142.75,72.0,153.19,16.0,126.36,75.0,214.16,45.0,147.97,10.439999999999998,147.0,61.0,4.704617944079772,208,86.0,125.0,0.41,151.0,1.0
2025-04-08 13:40:52,145.0,36.0,151.0,6.0,132.0,36.0,155.0,24.0,148.0,6.0,72.0,30.0,4.997982592983613,102,42.0,-106.0,0.41,151.0,
2025-04-08 13:40:53,147.76,59.0,154.49,35.0,146.49,69.0,202.64,50.0,151.12,6.730000000000018,128.0,85.0,4.911122071357919,213,43.0,111.0,0.2,148.67,6.0
2025-04-08 13:40:54,155.13,55.0,239.6,40.0,153.87,62.0,361.67,57.0,197.36,84.47,117.0,97.0,22.75497571960532,214,20.0,1.0,0.09,155.8,5.0
2025-04-08 13:40:55,160.0,24.0,292.5,24.0,158.0,26.0,463.0,30.0,226.25,132.5,50.0,54.0,35.89118763707741,104,-4.0,-110.0,-0.04,160.5,4.0
2025-04-08 13:40:56,161.71,28.0,312.88,17.0,158.57,28.0,465.39,18.0,237.3,151.17,56.0,35.0,41.415746763760914,91,21.0,-13.0,0.23,160.5,
2025-04-08 13:40:57,164.0,36.0,173.0,24.0,160.0,24.0,427.0,6.0,168.5,9.0,60.0,30.0,36.71855906758855,90,30.0,-1.0,0.33,160.5,
2025-04-08 13:40:58,164.0,40.0,280.0,21.0,160.0,36.0,518.15,33.0,222.0,116.0,76.0,54.0,27.545301232697533,130,22.0,40.0,0.17,164.0,2.0
2025-04-08 13:40:59,164.0,20.0,202.0,25.0,160.0,20.0,522.0,20.0,183.0,38.0,40.0,45.0,29.879181715703595,85,-5.0,-45.0,-0.06,164.0,
2025-04-08 13:41:00,164.0,20.0,201.0,15.0,160.67,18.0,285.2,25.0,182.5,37.0,38.0,40.0,29.384570781279063,78,-2.0,-7.0,-0.03,164.0,
2025-04-08 13:41:01,164.0,25.0,201.0,21.0,162.0,21.0,307.64,11.0,182.5,37.0,46.0,32.0,20.13268486814297,78,14.0,0.0,0.18,164.0,3.0
2025-04-08 13:41:02,164.0,9.0,200.56,27.0,162.0,27.0,305.47,19.0,182.28,36.56,36.0,46.0,17.63560829685113,82,-10.0,4.0,-0.12,164.0,
2025-04-08 13:41:03,164.0,8.0,199.25,24.0,162.0,24.0,218.0,40.0,181.62,35.25,32.0,64.0,0.5001999599464487,96,-32.0,14.0,-0.33,164.0,
2025-04-08 13:41:04,164.0,5.0,217.87,23.0,162.0,15.0,266.25,12.0,190.93,53.870000000000005,20.0,35.0,3.909664947273253,55,-15.0,-41.0,-0.27,164.0,
2025-04-08 13:41:05,160.19,42.0,216.42,36.0,159.39,46.0,221.38,24.0,188.3,56.22999999999999,88.0,60.0,4.214508274987975,148,28.0,93.0,0.19,162.5,4.0
2025-04-08 13:41:06,160.0,22.0,191.53,38.0,159.0,40.0,227.55,22.0,175.76,31.53,62.0,60.0,5.97471505596178,122,2.0,-26.0,0.02,160.0,3.0
2025-04-08 13:41:07,163.88,65.0,205.67,36.0,159.53,17.0,363.57,49.0,184.77,41.78999999999999,82.0,85.0,5.92218118601065,167,-3.0,45.0,-0.02,160.0,
2025-04-08 13:41:08,164.0,56.0,215.0,24.0,160.0,8.0,469.73,11.0,189.5,51.0,64.0,35.0,6.084937961881382,99,29.0,-68.0,0.29,160.0,
2025-04-08 13:41:09,164.0,91.0,213.77,31.0,160.0,41.0,238.28,29.0,188.89,49.77000000000001,132.0,60.0,5.716575023555924,192,72.0,93.0,0.38,160.0,
2025-04-08 13:41:10,164.0,84.0,208.93,27.0,161.75,24.0,210.82,33.0,186.46,44.93000000000001,108.0,60.0,5.543359089932912,168,48.0,-24.0,0.29,160.0,
2025-04-08 13:41:11,164.0,33.0,208.0,18.0,163.0,18.0,209.0,27.0,186.0,44.0,51.0,45.0,2.000607407751558,96,6.0,-72.0,0.06,164.0,5.0
2025-04-08 13:41:12,163.67,18.0,205.36,33.0,162.4,15.0,206.39,23.0,184.52,41.690000000000026,33.0,56.0,2.0758564497455527,89,-23.0,-7.0,-0.26,164.0,2.0
2025-04-08 13:41:13,163.0,24.0,201.4,30.0,160.0,12.0,202.51,45.0,182.2,38.400000000000006,36.0,75.0,2.472302570468299,111,-39.0,22.0,-0.35,164.0,
2025-04-08 13:41:14,163.0,22.0,192.8,35.0,161.45,11.0,197.68,31.0,177.9,29.80000000000001,33.0,66.0,3.5023820465413205,99,-33.0,-12.0,-0.33,164.0,
2025-04-08 13:41:15,163.0,26.0,188.65,37.0,162.0,13.0,189.57,28.0,175.82,25.65000000000001,39.0,65.0,4.326028201471416,104,-26.0,5.0,-0.25,164.0,
2025-04-08 13:41:16,159.06,49.0,184.94,32.0,157.25,53.0,185.73,33.0,172.0,25.879999999999995,102.0,65.0,4.993047165801073,167,37.0,63.0,0.22,159.78,9.0
2025-04-08 13:41:17,160.0,66.0,181.56,41.0,159.0,52.0,182.36,39.0,170.78,21.56,118.0,80.0,4.609576987089197,198,38.0,31.0,0.19,159.78,
2025-04-08 13:41:18,160.39,49.0,178.27,37.0,159.38,32.0,179.12,51.0,169.33,17.880000000000024,81.0,88.0,3.578474535314064,169,-7.0,-29.0,-0.04,161.0,3.0
2025-04-08 13:41:19,161.0,13.0,176.09,47.0,160.0,26.0,177.83,48.0,168.54,15.090000000000003,39.0,95.0,2.8587199932632545,134,-56.0,-35.0,-0.42,161.0,
2025-04-08 13:41:20,162.28,18.0,170.86,73.0,160.0,36.0,172.7,64.0,166.57,8.580000000000013,54.0,137.0,2.086151959919264,191,-83.0,57.0,-0.43,161.0,
2025-04-08 13:41:21,164.91,11.0,167.8,30.0,160.0,22.0,168.82,49.0,166.35,2.890000000000015,33.0,79.0,1.875054665835123,112,-46.0,-79.0,-0.41,161.0,
2025-04-08 13:41:22,160.2,25.0,165.6,40.0,159.04,50.0,166.91,43.0,162.9,5.400000000000006,75.0,83.0,2.4937261276778595,158,-8.0,46.0,-0.05,165.0,1.0
2025-04-08 13:41:23,159.2,30.0,161.41,61.0,157.89,76.0,162.17,70.0,160.3,2.210000000000008,106.0,131.0,3.28998024307978,237,-25.0,79.0,-0.11,159.33,6.0
2025-04-08 13:41:24,157.58,38.0,159.54,39.0,155.91,88.0,173.29,34.0,158.56,1.9599999999999795,126.0,73.0,3.5693318702309766,199,53.0,-38.0,0.27,158.5,4.0
2025-04-08 13:41:25,156.55,73.0,225.38,37.0,155.38,104.0,343.54,37.0,190.96,68.82999999999998,177.0,74.0,13.26767424984002,251,103.0,52.0,0.41,158.67,3.0
2025-04-08 13:41:26,156.0,105.0,188.63,19.0,155.0,120.0,197.13,30.0,172.32,32.629999999999995,225.0,49.0,13.3712123608846,274,176.0,23.0,0.64,158.67,
2025-04-08 13:41:27,156.52,31.0,185.95,21.0,155.76,50.0,186.83,12.0,171.23,29.42999999999998,81.0,33.0,12.93163872059069,114,48.0,-160.0,0.42,158.67,
2025-04-08 13:41:28,158.71,31.0,183.64,22.0,155.83,69.0,184.3,23.0,171.17,24.92999999999998,100.0,45.0,11.596377451596256,145,55.0,31.0,0.38,157.33,6.0
2025-04-08 13:41:29,160.0,26.0,182.46,13.0,156.0,52.0,183.68,22.0,171.23,22.460000000000008,78.0,35.0,8.721655232804228,113,43.0,-32.0,0.38,157.33,
2025-04-08 13:41:30,158.67,36.0,181.0,16.0,151.17,60.0,182.0,16.0,169.83,22.330000000000013,96.0,32.0,0.8837873046623932,128,64.0,15.0,0.5,158.67,3.0
2025-04-08 13:41:31,156.0,21.0,179.2,10.0,91.36,25.0,180.09,11.0,167.6,23.19999999999999,46.0,21.0,1.5778846598779646,67,25.0,-61.0,0.37,158.67,
2025-04-08 13:41:32,155.93,45.0,175.85,33.0,117.3,61.0,176.73,22.0,165.89,19.919999999999987,106.0,55.0,2.3398247797374605,161,51.0,94.0,0.32,156.0,3.0
2025-04-08 13:41:33,140.6,50.0,163.58,24.0,100.94,80.0,168.0,43.0,152.09,22.980000000000015,130.0,67.0,7.678282359997997,197,63.0,36.0,0.32,155.25,4.0
2025-04-08 13:41:34,124.84,44.0,248.46,13.0,73.0,45.0,387.88,17.0,186.65,123.62,89.0,30.0,12.329465519635075,119,59.0,-78.0,0.5,154.67,3.0
2025-04-08 13:41:35,157.78,108.0,404.0,12.0,152.01,142.0,521.38,16.0,280.89,246.22,250.0,28.0,51.93863667829537,278,222.0,159.0,0.8,162.0,4.0
2025-04-08 13:41:36,156.96,112.0,173.0,13.0,155.33,209.0,175.0,13.0,164.98,16.039999999999992,321.0,26.0,52.24132750993189,347,295.0,69.0,0.85,162.0,
2025-04-08 13:41:37,159.0,36.0,171.78,9.0,156.02,205.0,190.56,9.0,165.39,12.78,241.0,18.0,52.2997017199904,259,223.0,-88.0,0.86,162.0,
2025-04-08 13:41:38,159.0,40.0,170.5,10.0,156.0,250.0,385.5,14.0,164.75,11.5,290.0,24.0,50.27269258752685,314,266.0,55.0,0.85,162.0,
2025-04-08 13:41:39,159.0,20.0,170.0,5.0,156.0,125.0,260.0,15.0,164.5,11.0,145.0,20.0,51.8711024559914,165,125.0,-149.0,0.76,162.0,
2025-04-08 13:41:40,159.13,30.0,169.0,11.0,156.1,233.0,219.13,23.0,164.07,9.870000000000005,263.0,34.0,0.4966588364775102,297,229.0,132.0,0.77,159.0,2.0
2025-04-08 13:41:41,156.92,72.0,166.27,15.0,155.23,281.0,224.78,32.0,161.59,9.350000000000025,353.0,47.0,1.4611296998720256,400,306.0,103.0,0.77,159.0,2.0
2025-04-08 13:41:42,156.0,300.0,160.39,33.0,144.09,22.0,162.1,42.0,158.2,4.389999999999986,322.0,75.0,2.7735843235498834,397,247.0,-3.0,0.62,160.0,1.0
2025-04-08 13:41:43,156.0,198.0,157.4,10.0,146.0,24.0,159.6,20.0,156.7,1.4000000000000057,222.0,30.0,3.476790186340624,252,192.0,-145.0,0.76,156.0,1.0
2025-04-08 13:41:44,156.11,97.0,160.39,36.0,155.25,160.0,206.1,40.0,158.25,4.279999999999973,257.0,76.0,3.000094998467363,333,181.0,81.0,0.54,156.0,2.0
2025-04-08 13:41:45,156.03,146.0,160.29,21.0,155.58,65.0,168.85,26.0,158.16,4.259999999999991,211.0,47.0,1.804452825602156,258,164.0,-75.0,0.64,158.9,10.0
2025-04-08 13:41:46,159.06,98.0,193.32,41.0,155.95,169.0,304.15,13.0,176.19,34.25999999999999,267.0,54.0,8.237781861632222,321,213.0,63.0,0.66,161.0,1.0
2025-04-08 13:41:47,162.0,53.0,193.54,65.0,156.0,208.0,282.43,21.0,177.77,31.539999999999992,261.0,86.0,10.59091733514405,347,175.0,26.0,0.5,162.0,1.0
2025-04-08 13:41:48,162.0,44.0,189.45,55.0,156.3,132.0,234.18,55.0,175.73,27.44999999999999,176.0,110.0,10.083749302708402,286,66.0,-61.0,0.23,162.0,
2025-04-08 13:41:49,162.38,32.0,185.89,45.0,159.56,41.0,193.45,33.0,174.13,23.50999999999999,73.0,78.0,8.063192915953755,151,-5.0,-135.0,-0.03,162.0,
2025-04-08 13:41:50,162.14,42.0,184.58,26.0,158.47,68.0,188.26,58.0,173.36,22.440000000000023,110.0,84.0,1.7405401460180958,194,26.0,43.0,0.13,162.75,4.0
2025-04-08 13:41:51,162.0,21.0,184.0,7.0,158.0,35.0,185.0,35.0,173.0,22.0,56.0,42.0,1.9652150009344416,98,14.0,-96.0,0.14,162.75,
2025-04-08 13:41:52,162.0,27.0,173.95,21.0,158.0,45.0,183.55,29.0,167.98,11.949999999999989,72.0,50.0,2.912550428728859,122,22.0,24.0,0.18,162.75,
2025-04-08 13:41:53,158.88,41.0,170.47,19.0,156.21,143.0,171.04,47.0,164.68,11.590000000000003,184.0,66.0,4.11536146649093,250,118.0,128.0,0.47,161.0,4.0
2025-04-08 13:41:54,158.26,46.0,166.98,42.0,156.04,180.0,167.81,16.0,162.62,8.719999999999999,226.0,58.0,4.825942395000975,284,168.0,34.0,0.59,161.0,
2025-04-08 13:41:55,160.8,30.0,164.4,57.0,156.35,159.0,165.16,31.0,162.6,3.5999999999999943,189.0,88.0,4.401486112650791,277,101.0,-7.0,0.36,161.0,4.0
2025-04-08 13:41:56,158.67,21.0,161.56,61.0,156.22,128.0,162.5,44.0,160.11,2.890000000000015,149.0,105.0,2.9364638597888,254,44.0,-23.0,0.17,160.0,1.0
2025-04-08 13:41:57,156.1,161.0,160.27,37.0,155.84,76.0,161.5,60.0,158.18,4.170000000000016,237.0,97.0,2.521709737427487,334,140.0,80.0,0.42,157.2,10.0
2025-04-08 13:41:58,156.0,100.0,160.1,50.0,155.0,10.0,390.31,16.0,158.05,4.099999999999994,110.0,66.0,2.250815407764571,176,44.0,-158.0,0.25,157.2,
2025-04-08 13:41:59,156.0,160.0,208.5,44.0,155.0,53.0,404.92,38.0,182.25,52.5,213.0,82.0,10.236531150729164,295,131.0,119.0,0.44,159.6,5.0
2025-04-08 13:42:00,156.0,160.0,204.45,66.0,155.0,80.0,262.67,54.0,180.23,48.44999999999999,240.0,120.0,12.349533594426337,360,120.0,65.0,0.33,159.6,
2025-04-08 13:42:01,158.24,45.0,248.05,63.0,156.62,37.0,365.94,17.0,203.15,89.81,82.0,80.0,18.928423600498384,162,2.0,-168.0,0.01,159.6,
2025-04-08 13:42:02,159.0,30.0,372.68,44.0,158.0,20.0,561.5,30.0,265.84,213.68,50.0,74.0,41.19641950461231,124,-24.0,-38.0,-0.19,159.6,
2025-04-08 13:42:03,159.0,18.0,187.33,6.0,158.0,12.0,485.75,20.0,173.17,28.330000000000013,30.0,26.0,37.96803418666834,56,4.0,-68.0,0.07,159.6,
2025-04-08 13:42:04,159.21,19.0,274.55,11.0,158.46,26.0,426.85,41.0,216.88,115.34,45.0,52.0,36.85117949265732,97,-7.0,41.0,-0.07,159.33,3.0
2025-04-08 13:42:05,159.0,9.0,216.03,29.0,158.0,18.0,375.68,25.0,187.52,57.03,27.0,54.0,35.60826828139855,81,-27.0,-16.0,-0.33,159.33,
2025-04-08 13:42:06,159.0,7.0,201.0,35.0,158.0,14.0,376.09,23.0,180.0,42.0,21.0,58.0,38.0323338752703,79,-37.0,-2.0,-0.47,159.33,
2025-04-08 13:42:07,156.64,36.0,201.0,60.0,155.5,88.0,244.67,36.0,178.82,44.360000000000014,124.0,96.0,17.31963971911519,220,28.0,141.0,0.13,157.75,4.0
2025-04-08 13:42:08,156.55,33.0,309.56,45.0,155.42,72.0,401.0,45.0,233.05,153.01,105.0,90.0,24.386456897220807,195,15.0,-25.0,0.08,157.0,3.0
2025-04-08 13:42:09,155.76,58.0,301.14,37.0,154.49,170.0,361.08,65.0,228.45,145.38,228.0,102.0,26.896815238983567,330,126.0,135.0,0.38,156.0,1.0
2025-04-08 13:42:10,159.27,11.0,273.3,33.0,155.24,37.0,280.68,19.0,216.29,114.03,48.0,52.0,26.208791845486605,100,-4.0,-168.0,-0.04,156.0,
2025-04-08 13:42:11,160.0,8.0,234.07,15.0,156.0,8.0,253.46,28.0,197.03,74.07,16.0,43.0,22.633119979359027,59,-27.0,-41.0,-0.46,156.0,
2025-04-08 13:42:12,160.0,12.0,231.58,24.0,156.0,12.0,234.0,12.0,195.79,71.58000000000001,24.0,36.0,17.294939144156487,60,-12.0,1.0,-0.2,156.0,
2025-04-08 13:42:13,155.24,104.0,230.29,28.0,131.68,28.0,234.0,14.0,192.76,75.04999999999998,132.0,42.0,15.571357680049594,174,90.0,114.0,0.52,156.2,5.0
2025-04-08 13:42:14,155.0,88.0,228.0,16.0,128.25,16.0,229.6,15.0,191.5,73.0,104.0,31.0,10.096847527818076,135,73.0,-39.0,0.54,156.2,
2025-04-08 13:42:15,156.53,45.0,224.64,11.0,152.68,74.0,225.88,16.0,190.58,68.10999999999999,119.0,27.0,2.7737105112074603,146,92.0,11.0,0.63,156.2,
2025-04-08 13:42:16,164.0,40.0,222.38,16.0,159.07,42.0,223.53,15.0,193.19,58.38,82.0,31.0,1.9815221421874865,113,51.0,-33.0,0.45,156.2,
2025-04-08 13:42:17,164.0,84.0,217.89,36.0,161.18,105.0,219.24,42.0,190.94,53.88999999999999,189.0,78.0,1.137048811606134,267,111.0,154.0,0.42,164.0,2.0
2025-04-08 13:42:18,163.5,20.0,212.75,12.0,162.86,35.0,213.91,22.0,188.12,49.25,55.0,34.0,1.8323973368160968,89,21.0,-168.0,0.24,164.0,5.0
2025-04-08 13:42:19,163.0,36.0,208.35,23.0,162.0,48.0,209.62,16.0,185.67,45.35,84.0,39.0,2.8822473870168546,123,45.0,34.0,0.37,164.0,
2025-04-08 13:42:20,163.0,30.0,192.7,23.0,162.0,40.0,205.07,14.0,177.85,29.69999999999999,70.0,37.0,5.925937056698634,107,33.0,-16.0,0.31,164.0,
2025-04-08 13:42:21,163.0,36.0,199.68,19.0,162.0,48.0,200.43,23.0,181.34,36.68000000000001,84.0,42.0,5.238122755333579,126,42.0,19.0,0.33,164.0,
2025-04-08 13:42:22,163.0,33.0,194.94,17.0,162.0,44.0,195.8,20.0,178.97,31.94,77.0,37.0,4.387533475648101,114,40.0,-12.0,0.35,164.0,
2025-04-08 13:42:23,162.78,27.0,190.7,10.0,160.98,53.0,193.0,20.0,176.74,27.919999999999987,80.0,30.0,3.542263400697692,110,50.0,-4.0,0.45,162.6,5.0
2025-04-08 13:42:24,162.1,30.0,189.14,14.0,161.47,17.0,191.2,10.0,175.62,27.039999999999992,47.0,24.0,2.197550909515712,71,23.0,-39.0,0.32,162.6,5.0
2025-04-08 13:42:25,160.0,108.0,186.69,16.0,159.0,36.0,188.6,20.0,173.34,26.69,144.0,36.0,3.0773397602327357,180,108.0,109.0,0.6,162.6,
2025-04-08 13:42:26,161.0,36.0,183.67,24.0,159.9,90.0,185.0,18.0,172.33,22.669999999999987,126.0,42.0,2.6578844970955977,168,84.0,-12.0,0.5,162.6,
2025-04-08 13:42:27,160.4,50.0,181.7,20.0,159.75,60.0,183.4,20.0,171.05,21.299999999999983,110.0,40.0,2.339322551486626,150,70.0,-18.0,0.47,164.0,1.0
2025-04-08 13:42:28,160.03,125.0,177.31,32.0,158.84,75.0,177.82,33.0,168.67,17.28,200.0,65.0,2.5882561696799997,265,135.0,115.0,0.51,160.5,4.0
2025-04-08 13:42:29,160.0,90.0,170.9,29.0,159.0,60.0,172.15,26.0,165.45,10.900000000000006,150.0,55.0,3.1629606383699045,205,95.0,-60.0,0.46,160.5,
2025-04-08 13:42:30,160.0,38.0,165.93,29.0,159.0,72.0,166.67,43.0,162.97,5.930000000000007,110.0,72.0,3.881350280491045,182,38.0,-23.0,0.21,160.0,5.0
2025-04-08 13:42:31,158.63,35.0,161.1,21.0,158.32,44.0,162.78,23.0,159.86,2.469999999999999,79.0,44.0,4.4445022218305255,123,35.0,-59.0,0.28,159.2,5.0
2025-04-08 13:42:32,158.0,71.0,159.45,44.0,157.0,32.0,337.77,56.0,158.73,1.4499999999999886,103.0,100.0,4.066703824947816,203,3.0,80.0,0.01,158.5,6.0
2025-04-08 13:42:33,158.81,16.0,160.0,15.0,157.86,14.0,361.2,25.0,159.41,1.1899999999999975,30.0,40.0,2.839926055346654,70,-10.0,-133.0,-0.14,159.0,1.0
2025-04-08 13:42:34,158.33,18.0,160.0,24.0,157.33,18.0,507.88,40.0,159.17,1.6699999999999875,36.0,64.0,1.6945854949901829,100,-28.0,30.0,-0.28,158.75,4.0
2025-04-08 13:42:35,158.0,6.0,159.33,9.0,157.0,6.0,618.0,15.0,158.67,1.3300000000000125,12.0,24.0,0.4942873656358182,36,-12.0,-64.0,-0.33,158.75,
2025-04-08 13:42:37,124.43,42.0,260.41,37.0,112.57,51.0,420.24,29.0,192.42,135.98000000000002,93.0,66.0,88.51834403105404,159,27.0,11.0,0.17,155.0,3.0
2025-04-08 13:42:40,131.4,40.0,171.24,21.0,114.0,20.0,424.05,19.0,151.32,39.84,60.0,40.0,96.97671895872736,100,20.0,10.0,0.2,149.17,6.0
2025-04-08 13:42:41,129.0,24.0,274.0,22.0,124.78,18.0,566.06,34.0,201.5,145.0,42.0,56.0,32.522441790244464,98,-14.0,-2.0,-0.14,149.17,
2025-04-08 13:42:42,148.13,31.0,274.0,34.0,141.6,45.0,341.3,37.0,211.06,125.87,76.0,71.0,37.5070726663633,147,5.0,49.0,0.03,149.17,
2025-04-08 13:42:43,156.0,18.0,260.44,18.0,154.4,10.0,390.06,31.0,208.22,104.44,28.0,49.0,36.16442893230758,77,-21.0,-70.0,-0.27,149.17,
2025-04-08 13:42:44,158.95,58.0,228.56,36.0,158.33,60.0,412.67,18.0,193.75,69.61000000000001,118.0,54.0,24.329521162570806,172,64.0,95.0,0.37,149.17,
2025-04-08 13:42:45,163.62,8.0,447.47,30.0,159.38,53.0,589.5,28.0,305.55,283.85,61.0,58.0,46.0656209119135,119,3.0,-53.0,0.03,149.17,
2025-04-08 13:42:46,164.0,9.0,454.5,24.0,163.0,9.0,566.33,30.0,309.25,290.5,18.0,54.0,56.84192493222077,72,-36.0,-47.0,-0.5,149.17,
2025-04-08 13:42:47,159.04,112.0,383.12,32.0,157.09,64.0,408.57,28.0,271.08,224.08,176.0,60.0,53.99962453573429,236,116.0,164.0,0.49,160.0,9.0
2025-04-08 13:42:48,159.0,81.0,299.95,38.0,157.0,63.0,426.92,37.0,229.47,140.95,144.0,75.0,49.818954224273874,219,69.0,-17.0,0.32,160.0,
2025-04-08 13:42:49,159.0,90.0,279.0,40.0,157.0,76.0,381.33,30.0,219.0,120.0,166.0,70.0,41.833682003862855,236,96.0,17.0,0.41,160.0,
2025-04-08 13:42:50,159.0,89.0,258.62,32.0,157.0,93.0,330.0,36.0,208.81,99.62,182.0,68.0,41.84293094418973,250,114.0,14.0,0.46,159.0,1.0
2025-04-08 13:42:51,159.0,118.0,222.11,70.0,157.0,112.0,310.75,64.0,190.56,63.110000000000014,230.0,134.0,30.08398128572948,364,96.0,114.0,0.26,159.0,1.0
2025-04-08 13:42:52,159.0,31.0,177.0,25.0,157.0,35.0,209.4,20.0,168.0,18.0,66.0,45.0,24.341474277455497,111,21.0,-168.0,0.19,159.0,1.0
2025-04-08 13:42:53,159.0,60.0,176.38,45.0,157.0,70.0,206.14,35.0,167.69,17.379999999999995,130.0,80.0,23.310775834364044,210,50.0,99.0,0.24,159.0,
2025-04-08 13:42:54,159.0,42.0,175.0,28.0,157.0,49.0,234.86,35.0,167.0,16.0,91.0,63.0,18.743112601697806,154,28.0,-56.0,0.18,159.0,
2025-04-08 13:42:55,160.58,38.0,175.0,28.0,158.07,45.0,337.71,35.0,167.79,14.419999999999987,83.0,63.0,10.265932495389071,146,20.0,-8.0,0.14,159.0,
2025-04-08 13:42:56,159.0,54.0,175.0,36.0,157.0,63.0,491.84,43.0,167.0,16.0,117.0,79.0,0.4664011147750441,196,38.0,50.0,0.19,159.0,
2025-04-08 13:42:57,159.0,42.0,174.14,28.0,157.0,49.0,195.0,14.0,166.57,15.139999999999986,91.0,42.0,0.5158972764631284,133,49.0,-63.0,0.37,159.0,
2025-04-08 13:42:58,159.0,56.0,172.89,36.0,157.0,63.0,195.0,18.0,165.94,13.889999999999986,119.0,54.0,0.6772370337337181,173,65.0,40.0,0.38,159.0,4.0
2025-04-08 13:42:59,157.39,56.0,171.33,48.0,156.25,84.0,355.92,24.0,164.36,13.940000000000026,140.0,72.0,1.2914216971454182,212,68.0,39.0,0.32,158.56,9.0
2025-04-08 13:43:00,159.02,81.0,168.23,52.0,157.28,111.0,550.12,32.0,163.63,9.20999999999998,192.0,84.0,1.4478432235066223,276,108.0,64.0,0.39,161.0,2.0
2025-04-08 13:43:01,161.0,30.0,166.0,24.0,158.0,66.0,556.67,24.0,163.5,5.0,96.0,48.0,1.3860916275090835,144,48.0,-132.0,0.33,161.0,
2025-04-08 13:43:02,162.38,73.0,166.0,48.0,161.0,60.0,461.67,46.0,164.19,3.620000000000005,133.0,94.0,0.973565611475968,227,39.0,83.0,0.17,162.0,5.0
2025-04-08 13:43:03,161.47,51.0,164.14,56.0,160.35,49.0,211.35,43.0,162.81,2.6699999999999875,100.0,99.0,0.6149552828016651,199,1.0,-28.0,0.01,164.0,4.0
2025-04-08 13:43:04,161.69,32.0,163.06,62.0,160.2,75.0,170.02,51.0,162.38,1.3700000000000043,107.0,113.0,0.7119480317016446,220,-6.0,21.0,-0.03,162.0,2.0
2025-04-08 13:43:05,158.42,93.0,162.0,44.0,157.22,123.0,307.73,55.0,160.21,3.5800000000000125,216.0,99.0,1.5117109511545772,315,117.0,95.0,0.37,161.0,5.0
2025-04-08 13:43:06,158.0,107.0,160.73,22.0,157.0,120.0,186.39,41.0,159.36,2.7299999999999898,227.0,63.0,1.971661735652649,290,164.0,-25.0,0.57,158.0,3.0
2025-04-08 13:43:07,158.0,56.0,160.0,14.0,157.0,84.0,162.0,28.0,159.0,2.0,140.0,42.0,1.7454712830155594,182,98.0,-108.0,0.54,158.0,
2025-04-08 13:43:08,158.0,72.0,159.0,36.0,157.0,108.0,160.0,18.0,158.5,1.0,180.0,54.0,1.5254179754506545,234,126.0,52.0,0.54,158.0,
2025-04-08 13:43:09,158.0,80.0,159.0,66.0,157.0,204.0,246.0,60.0,158.5,1.0,284.0,126.0,0.7121657109299626,410,158.0,168.0,0.39,158.14,7.0
2025-04-08 13:43:10,157.02,202.0,158.13,68.0,155.56,104.0,211.97,58.0,157.58,1.1099999999999852,306.0,126.0,0.6703133594237488,432,180.0,22.0,0.42,157.7,10.0
2025-04-08 13:43:11,157.0,81.0,158.0,18.0,155.0,45.0,307.93,28.0,157.5,1.0,126.0,46.0,0.6505997231941014,172,80.0,-168.0,0.47,157.7,
2025-04-08 13:43:12,157.0,75.0,303.2,50.0,155.0,65.0,484.78,37.0,230.1,146.2,140.0,87.0,32.23874191093513,227,53.0,55.0,0.23,157.22,9.0
2025-04-08 13:43:13,158.82,22.0,202.0,40.0,155.24,34.0,349.0,28.0,180.41,43.18000000000001,56.0,68.0,31.34768284897475,124,-12.0,-103.0,-0.1,157.0,2.0
2025-04-08 13:43:14,161.0,25.0,319.0,20.0,157.0,10.0,516.88,16.0,240.0,158.0,35.0,36.0,39.55589361902953,71,-1.0,-53.0,-0.01,157.0,
2025-04-08 13:43:15,161.0,18.0,294.38,26.0,157.0,12.0,497.57,28.0,227.69,133.38,30.0,54.0,36.08277359073228,84,-24.0,13.0,-0.29,161.0,2.0
2025-04-08 13:43:16,158.71,14.0,258.51,41.0,155.18,44.0,359.42,24.0,208.61,99.79999999999998,58.0,65.0,23.57674214135817,123,-7.0,39.0,-0.06,160.0,4.0
2025-04-08 13:43:17,158.5,12.0,359.0,12.0,155.4,15.0,414.0,12.0,258.75,200.5,27.0,24.0,30.041623125259413,51,3.0,-72.0,0.06,160.0,
2025-04-08 13:43:18,159.0,24.0,282.0,16.0,157.0,8.0,533.71,31.0,220.5,123.0,32.0,47.0,19.193229274933348,79,-15.0,28.0,-0.19,160.0,
2025-04-08 13:43:19,159.0,6.0,201.0,7.0,157.0,2.0,511.0,7.0,180.0,42.0,8.0,14.0,28.66496206172446,22,-6.0,-57.0,-0.27,160.0,
2025-04-08 13:43:20,159.0,33.0,265.29,49.0,157.0,20.0,327.55,40.0,212.14,106.29000000000002,53.0,89.0,28.34309527909907,142,-36.0,120.0,-0.25,160.0,
2025-04-08 13:43:21,159.0,18.0,307.87,15.0,157.0,12.0,338.17,30.0,233.43,148.87,30.0,45.0,28.89338384475089,75,-15.0,-67.0,-0.2,160.0,
2025-04-08 13:43:22,159.0,24.0,191.4,25.0,157.0,16.0,309.74,31.0,175.2,32.400000000000006,40.0,56.0,25.54286554010793,96,-16.0,21.0,-0.17,160.0,
2025-04-08 13:43:23,157.72,25.0,189.78,23.0,155.38,32.0,191.04,47.0,173.75,32.06,57.0,70.0,26.642076307975493,127,-13.0,31.0,-0.1,157.67,6.0
2025-04-08 13:43:24,155.0,33.0,187.65,34.0,154.0,44.0,190.44,43.0,171.32,32.650000000000006,77.0,77.0,28.09896919817489,154,0.0,27.0,0.0,157.67,
2025-04-08 13:43:25,160.52,25.0,185.85,33.0,148.84,38.0,187.12,51.0,173.18,25.329999999999984,63.0,84.0,26.89895592769253,147,-21.0,-7.0,-0.14,154.6,5.0
2025-04-08 13:43:26,157.0,28.0,181.91,32.0,154.0,14.0,184.18,17.0,169.45,24.91,42.0,49.0,2.234826615173035,91,-7.0,-56.0,-0.08,162.0,2.0
2025-04-08 13:43:27,157.0,20.0,179.59,41.0,154.0,22.0,181.38,26.0,168.29,22.590000000000003,42.0,67.0,2.343495252796422,109,-25.0,18.0,-0.23,157.0,3.0
2025-04-08 13:43:28,162.38,29.0,170.0,14.0,157.86,14.0,179.83,23.0,166.19,7.620000000000003,43.0,37.0,2.697430258574319,80,6.0,-29.0,0.07,157.0,
2025-04-08 13:43:29,163.0,45.0,167.61,33.0,157.0,9.0,174.8,30.0,165.3,4.610000000000014,54.0,63.0,3.099333799361842,117,-9.0,37.0,-0.08,157.0,
2025-04-08 13:43:30,163.0,36.0,165.57,28.0,157.0,8.0,278.88,34.0,164.29,2.569999999999993,44.0,62.0,2.12830448946067,106,-18.0,-11.0,-0.17,163.0,2.0
2025-04-08 13:43:31,163.0,21.0,164.52,21.0,157.0,7.0,261.0,15.0,163.76,1.5200000000000102,28.0,36.0,1.7867652335584383,64,-8.0,-42.0,-0.12,163.0,
2025-04-08 13:43:32,159.84,19.0,163.89,27.0,157.79,19.0,165.8,25.0,161.87,4.049999999999983,38.0,52.0,1.640661451929417,90,-14.0,26.0,-0.16,163.0,3.0
2025-04-08 13:43:33,158.27,15.0,163.0,21.0,157.69,13.0,410.0,23.0,160.63,4.72999999999999,28.0,44.0,1.889510518584636,72,-16.0,-18.0,-0.22,163.0,
2025-04-08 13:43:34,159.44,9.0,162.0,21.0,157.95,19.0,363.71,35.0,160.72,2.5600000000000023,28.0,56.0,1.699361644805978,84,-28.0,12.0,-0.33,161.0,1.0
2025-04-08 13:43:35,158.0,33.0,160.44,36.0,157.0,11.0,204.09,34.0,159.22,2.4399999999999977,44.0,70.0,1.6933841855388003,114,-26.0,30.0,-0.23,159.0,2.0
2025-04-08 13:43:36,158.0,20.0,159.6,25.0,157.0,10.0,234.66,32.0,158.8,1.5999999999999943,30.0,57.0,1.2402701317971865,87,-27.0,-27.0,-0.31,158.0,2.0
2025-04-08 13:43:37,155.78,18.0,159.5,30.0,97.67,24.0,237.0,10.0,157.64,3.719999999999999,42.0,40.0,1.2985838439716662,82,2.0,-5.0,0.02,156.0,5.0
2025-04-08 13:43:38,155.0,77.0,245.07,15.0,154.0,20.0,237.0,4.0,200.03,90.07,97.0,19.0,18.339845146561665,116,78.0,34.0,0.67,158.0,3.0
2025-04-08 13:43:39,155.0,88.0,376.21,14.0,154.0,16.0,600.5,2.0,265.61,221.21,104.0,16.0,46.82508142011032,120,88.0,4.0,0.73,158.0,
2025-04-08 13:43:40,155.0,11.0,306.0,4.0,154.0,2.0,790.0,1.0,230.5,151.0,13.0,5.0,46.62370995534384,18,8.0,-102.0,0.44,158.0,
2025-04-08 13:43:41,155.0,96.0,176.91,33.0,154.0,18.0,471.5,12.0,165.95,21.91,114.0,45.0,45.0301024871145,159,69.0,141.0,0.43,155.0,2.0
2025-04-08 13:43:42,155.0,45.0,177.0,20.0,154.0,10.0,705.6,5.0,166.0,22.0,55.0,25.0,42.9898705510966,80,30.0,-79.0,0.38,155.0,
2025-04-08 13:43:43,155.0,57.0,177.0,32.0,153.53,19.0,344.5,8.0,166.0,22.0,76.0,40.0,46.63493293658746,116,36.0,36.0,0.31,155.0,5.0
2025-04-08 13:43:44,160.12,128.0,326.92,48.0,156.43,112.0,665.25,12.0,243.52,166.8,240.0,60.0,39.17431148086701,300,180.0,168.0,0.6,160.62,13.0
2025-04-08 13:43:45,159.85,91.0,385.92,25.0,155.13,94.0,461.2,40.0,272.88,226.07,185.0,65.0,51.5647718893435,250,120.0,-50.0,0.48,160.62,
2025-04-08 13:43:50,157.8,10.0,338.0,16.0,155.8,10.0,0.0,0.0,247.9,180.2,20.0,16.0,88.16502254296158,36,4.0,-8.0,0.11,157.8,5.0
2025-04-08 13:43:51,154.24,17.0,390.5,16.0,146.56,16.0,590.0,16.0,272.37,236.26,33.0,32.0,102.64889049571276,65,1.0,29.0,0.02,155.67,3.0
2025-04-08 13:43:52,154.0,30.0,269.92,24.0,143.43,21.0,451.29,28.0,211.96,115.92000000000002,51.0,52.0,106.53015817129238,103,-1.0,38.0,-0.01,155.67,
2025-04-08 13:43:53,135.56,32.0,375.56,18.0,94.37,27.0,667.0,8.0,255.56,240.0,59.0,26.0,71.11260591484722,85,33.0,-18.0,0.39,154.0,3.0
2025-04-08 13:43:54,160.0,8.0,284.0,12.0,139.67,12.0,667.0,12.0,222.0,124.0,20.0,24.0,24.715446991713225,44,-4.0,-41.0,-0.09,159.0,3.0
2025-04-08 13:43:55,161.0,14.0,243.77,13.0,159.0,7.0,479.0,11.0,202.38,82.77000000000001,21.0,24.0,29.83332834264625,45,-3.0,1.0,-0.07,159.0,
2025-04-08 13:43:56,161.0,22.0,234.18,17.0,159.0,11.0,415.38,16.0,197.59,73.18,33.0,33.0,23.04200338512396,66,0.0,21.0,0.0,159.0,
2025-04-08 13:43:57,161.42,24.0,260.04,28.0,160.18,17.0,301.07,29.0,210.73,98.62000000000003,41.0,57.0,23.127653793674423,98,-16.0,32.0,-0.16,159.0,
2025-04-08 13:43:58,160.15,55.0,216.1,10.0,158.81,21.0,252.45,22.0,188.12,55.94999999999999,76.0,32.0,12.894236309297048,108,44.0,10.0,0.41,161.5,4.0
2025-04-08 13:43:59,161.0,90.0,205.91,35.0,159.0,20.0,218.69,32.0,183.46,44.91,110.0,67.0,10.937455371335467,177,43.0,69.0,0.24,161.0,1.0
2025-04-08 13:44:00,161.56,72.0,200.0,45.0,159.0,18.0,201.0,45.0,180.78,38.44,90.0,90.0,12.204946947854104,180,0.0,3.0,0.0,161.0,
2025-04-08 13:44:01,162.4,80.0,199.74,46.0,159.0,20.0,200.6,50.0,181.07,37.34,100.0,96.0,12.58939116875461,196,4.0,16.0,0.02,161.0,
2025-04-08 13:44:02,163.0,120.0,194.99,71.0,159.0,30.0,195.98,65.0,178.99,31.99000000000001,150.0,136.0,3.529451798776184,286,14.0,90.0,0.05,161.0,
2025-04-08 13:44:03,163.0,62.0,189.28,47.0,159.0,22.0,190.88,41.0,176.14,26.28,84.0,88.0,2.7205642796802807,172,-4.0,-114.0,-0.02,163.0,6.0
2025-04-08 13:44:04,163.0,18.0,184.32,41.0,159.0,18.0,185.74,35.0,173.66,21.319999999999997,36.0,76.0,3.175951825809447,112,-40.0,-60.0,-0.36,163.0,
2025-04-08 13:44:05,163.18,22.0,178.9,49.0,162.0,11.0,180.09,43.0,171.04,15.72,33.0,92.0,4.018077898678987,125,-59.0,13.0,-0.47,163.0,
2025-04-08 13:44:06,158.26,61.0,176.05,60.0,156.56,18.0,177.1,52.0,167.16,17.79000000000002,79.0,112.0,4.564276503438256,191,-33.0,66.0,-0.17,160.83,6.0
2025-04-08 13:44:07,158.0,72.0,170.26,54.0,157.0,36.0,171.77,52.0,164.13,12.259999999999993,108.0,106.0,4.842311431519404,214,2.0,23.0,0.01,160.83,
2025-04-08 13:44:08,157.98,64.0,162.36,53.0,156.62,48.0,163.42,60.0,160.17,4.380000000000024,112.0,113.0,5.36934539770049,225,-1.0,11.0,-0.0,157.75,8.0
2025-04-08 13:44:09,157.0,9.0,158.58,24.0,155.0,81.0,159.84,25.0,157.79,1.5800000000000125,90.0,49.0,5.309903012277289,139,41.0,-86.0,0.29,157.75,
2025-04-08 13:44:10,155.17,59.0,158.04,25.0,154.71,63.0,206.0,24.0,156.6,2.8700000000000045,122.0,49.0,4.414493175867061,171,73.0,32.0,0.43,157.83,6.0
2025-04-08 13:44:11,155.38,26.0,159.9,10.0,154.73,22.0,170.67,3.0,157.64,4.52000000000001,48.0,13.0,3.0168576366423383,61,35.0,-110.0,0.57,156.5,4.0
2025-04-08 13:44:12,155.15,40.0,184.5,12.0,134.39,36.0,186.0,6.0,169.82,29.349999999999994,76.0,18.0,5.423534825164583,94,58.0,33.0,0.62,156.5,
2025-04-08 13:44:13,155.3,27.0,183.44,18.0,104.04,81.0,548.0,9.0,169.37,28.139999999999983,108.0,27.0,6.728025713371081,135,81.0,41.0,0.6,155.33,9.0
2025-04-08 13:44:14,156.27,22.0,182.0,22.0,155.0,33.0,493.64,11.0,169.14,25.72999999999999,55.0,33.0,6.764198400386697,88,22.0,-47.0,0.25,155.33,
2025-04-08 13:44:15,159.59,27.0,178.18,22.0,155.38,21.0,392.2,10.0,168.89,18.590000000000003,48.0,32.0,5.227969969290799,80,16.0,-8.0,0.2,155.33,
2025-04-08 13:44:16,161.0,117.0,175.21,33.0,159.0,18.0,176.0,30.0,168.11,14.210000000000008,135.0,63.0,0.6346889000266437,198,72.0,118.0,0.36,155.33,
2025-04-08 13:44:17,161.42,48.0,174.0,16.0,160.83,71.0,175.0,40.0,167.71,12.580000000000013,119.0,56.0,0.7055352576695738,175,63.0,-23.0,0.36,162.33,3.0
2025-04-08 13:44:18,161.0,69.0,172.73,26.0,159.0,20.0,174.82,44.0,166.87,11.72999999999999,89.0,70.0,0.916667878684704,159,19.0,-16.0,0.12,161.0,7.0
2025-04-08 13:44:19,161.14,29.0,168.31,26.0,160.0,20.0,170.3,23.0,164.72,7.170000000000016,49.0,49.0,1.5957443403652816,98,0.0,-61.0,0.0,161.0,
2025-04-08 13:44:20,162.0,30.0,164.49,37.0,161.0,75.0,167.54,52.0,163.24,2.490000000000009,105.0,89.0,2.0799399029303944,194,16.0,96.0,0.08,161.0,
2025-04-08 13:44:21,161.13,45.0,163.31,35.0,156.41,81.0,222.74,19.0,162.22,2.180000000000007,126.0,54.0,2.33098048035502,180,72.0,-14.0,0.4,161.4,5.0
2025-04-08 13:44:22,161.0,14.0,164.0,14.0,155.07,43.0,359.71,7.0,162.5,3.0,57.0,21.0,1.9177330366322776,78,36.0,-102.0,0.46,161.4,
2025-04-08 13:44:23,159.41,17.0,162.15,26.0,155.18,67.0,273.23,13.0,160.78,2.740000000000009,84.0,39.0,1.4429553006883695,123,45.0,45.0,0.37,161.0,2.0
2025-04-08 13:44:24,155.0,63.0,160.11,18.0,154.0,9.0,176.0,9.0,157.56,5.110000000000014,72.0,27.0,2.252776065164341,99,45.0,-24.0,0.45,158.0,1.0
2025-04-08 13:44:25,155.0,42.0,159.83,12.0,154.0,6.0,236.33,6.0,157.42,4.8300000000000125,48.0,18.0,2.467322435307421,66,30.0,-33.0,0.45,158.0,
2025-04-08 13:44:26,155.0,28.0,191.53,19.0,140.06,32.0,563.72,32.0,173.26,36.53,60.0,51.0,6.49526596836363,111,9.0,45.0,0.08,156.14,7.0
2025-04-08 13:44:27,155.0,14.0,353.0,7.0,154.0,21.0,489.0,30.0,254.0,198.0,35.0,37.0,41.54040779770797,72,-2.0,-39.0,-0.03,156.14,
2025-04-08 13:44:28,154.2,30.0,319.69,36.0,122.78,41.0,388.79,14.0,236.95,165.49,71.0,50.0,46.16256297044127,121,21.0,49.0,0.17,156.14,
2025-04-08 13:44:29,142.34,38.0,173.06,47.0,119.0,36.0,201.46,37.0,157.7,30.72,74.0,84.0,46.13357432499629,158,-10.0,37.0,-0.06,158.5,6.0
2025-04-08 13:44:30,131.47,38.0,172.0,24.0,129.0,14.0,174.0,18.0,151.74,40.53,52.0,42.0,47.37030504440467,94,10.0,-64.0,0.11,158.5,
2025-04-08 13:44:31,134.13,60.0,170.77,26.0,129.76,34.0,173.38,26.0,152.45,36.640000000000015,94.0,52.0,50.53664383395408,146,42.0,52.0,0.29,156.0,1.0
2025-04-08 13:44:32,147.17,24.0,151.85,26.0,138.75,32.0,168.78,23.0,149.51,4.680000000000007,56.0,49.0,37.73035316558568,105,7.0,-41.0,0.07,151.33,6.0
2025-04-08 13:44:33,149.55,44.0,417.45,33.0,143.0,28.0,557.64,28.0,283.5,267.9,72.0,61.0,58.505572811484114,133,11.0,28.0,0.08,152.0,3.0
2025-04-08 13:44:34,150.4,40.0,208.0,20.0,122.8,10.0,530.2,25.0,179.2,57.6,50.0,45.0,57.32880645888149,95,5.0,-38.0,0.05,152.0,
2025-04-08 13:44:35,151.0,68.0,156.0,40.0,120.0,20.0,250.25,32.0,153.5,5.0,88.0,72.0,57.0916488639091,160,16.0,65.0,0.1,151.0,4.0
2025-04-08 13:44:36,152.0,28.0,155.62,13.0,123.83,12.0,197.09,23.0,153.81,3.620000000000005,40.0,36.0,56.90889675613028,76,4.0,-84.0,0.05,151.0,
2025-04-08 13:44:37,152.0,26.0,457.21,19.0,121.38,13.0,542.18,33.0,304.61,305.21,39.0,52.0,73.36599914129198,91,-13.0,15.0,-0.14,153.0,3.0
2025-04-08 13:44:38,158.94,17.0,400.59,17.0,156.0,6.0,527.57,21.0,279.76,241.65,23.0,38.0,72.50607029759682,61,-15.0,-30.0,-0.25,153.0,
2025-04-08 13:44:39,159.0,28.0,259.24,25.0,158.0,7.0,534.67,30.0,209.12,100.24,35.0,55.0,70.09230021906887,90,-20.0,29.0,-0.22,153.0,
2025-04-08 13:44:40,159.24,37.0,215.22,37.0,158.63,19.0,348.79,38.0,187.23,55.97999999999999,56.0,75.0,63.37390811682768,131,-19.0,41.0,-0.15,153.0,
2025-04-08 13:44:41,159.5,30.0,207.0,40.0,158.8,25.0,580.93,44.0,183.25,47.5,55.0,84.0,55.799837186143726,139,-29.0,8.0,-0.21,159.75,4.0
2025-04-08 13:44:42,158.75,12.0,207.0,24.0,157.5,6.0,244.0,30.0,182.88,48.25,18.0,54.0,41.30592657234578,72,-36.0,-67.0,-0.5,159.0,3.0
2025-04-08 13:44:43,155.21,28.0,206.83,48.0,108.94,18.0,337.78,54.0,181.02,51.620000000000005,46.0,102.0,11.637166751401304,148,-56.0,76.0,-0.38,157.5,2.0
2025-04-08 13:44:44,155.0,18.0,172.56,18.0,59.25,12.0,280.73,15.0,163.78,17.560000000000002,30.0,33.0,9.145784274728609,63,-3.0,-85.0,-0.05,157.5,
2025-04-08 13:44:45,129.75,16.0,187.89,18.0,33.75,16.0,204.93,28.0,158.82,58.13999999999999,32.0,46.0,11.710738661580816,78,-14.0,15.0,-0.18,155.5,6.0
2025-04-08 13:45:01,133.0,18.0,152.74,19.0,94.33,36.0,225.78,18.0,142.87,19.74000000000001,54.0,37.0,7.159481126426561,91,17.0,-7.0,0.19,152.0,1.0
2025-04-08 13:45:02,147.57,21.0,153.0,7.0,139.43,21.0,303.38,8.0,150.29,5.430000000000007,42.0,15.0,7.740837809931157,57,27.0,-34.0,0.47,153.0,1.0
2025-04-08 13:45:03,139.29,21.0,248.77,13.0,125.71,34.0,465.68,25.0,194.03,109.48000000000002,55.0,38.0,24.864925095397403,93,17.0,36.0,0.18,153.0,1.0
2025-04-08 13:45:04,140.67,18.0,165.22,88.0,82.09,43.0,320.06,31.0,152.94,24.55000000000001,61.0,119.0,22.594353719452663,180,-58.0,87.0,-0.32,153.0,
2025-04-08 13:45:05,142.11,9.0,151.0,38.0,122.0,21.0,152.32,19.0,146.56,8.889999999999986,30.0,57.0,20.861494912871294,87,-27.0,-93.0,-0.31,151.0,1.0
2025-04-08 13:45:06,143.0,7.0,151.0,28.0,101.2,15.0,152.0,21.0,147.0,8.0,22.0,49.0,20.217243382809613,71,-27.0,-16.0,-0.38,151.0,
2025-04-08 13:45:07,144.5,10.0,151.0,40.0,136.59,34.0,152.0,30.0,147.75,6.5,44.0,70.0,20.49456586512036,114,-26.0,43.0,-0.23,151.0,
2025-04-08 13:45:08,143.82,11.0,151.35,43.0,139.16,38.0,152.91,33.0,147.58,7.530000000000001,49.0,76.0,2.6003038283456608,125,-27.0,11.0,-0.22,146.0,1.0
2025-04-08 13:45:13,135.37,43.0,152.28,29.0,109.5,24.0,163.13,30.0,143.82,16.909999999999997,67.0,59.0,15.033570101595464,126,8.0,-22.0,0.06,152.0,3.0
2025-04-08 13:45:14,141.91,22.0,151.05,21.0,138.0,66.0,197.62,32.0,146.48,9.140000000000017,88.0,53.0,17.72575527303691,141,35.0,15.0,0.25,149.33,3.0
2025-04-08 13:45:16,149.17,72.0,151.75,12.0,148.0,24.0,352.03,35.0,150.46,2.5800000000000125,96.0,47.0,14.131401912042245,143,49.0,55.0,0.34,151.5,2.0
2025-04-08 13:45:17,151.76,92.0,299.17,29.0,150.13,47.0,417.94,49.0,225.47,147.41000000000005,139.0,78.0,35.103387585812584,217,61.0,74.0,0.28,152.33,3.0
2025-04-08 13:45:18,155.73,52.0,192.8,45.0,153.77,52.0,257.19,62.0,174.27,37.07000000000002,104.0,107.0,33.591410658080605,211,-3.0,-6.0,-0.01,152.33,
2025-04-08 13:45:19,156.0,24.0,174.31,29.0,152.0,56.0,208.07,28.0,165.16,18.31,80.0,57.0,31.442908103415466,137,23.0,-74.0,0.17,157.0,4.0
2025-04-08 13:45:20,156.7,30.0,174.0,40.0,152.25,64.0,198.0,10.0,165.35,17.30000000000001,94.0,50.0,28.867770436939665,144,44.0,7.0,0.31,157.0,
2025-04-08 13:45:21,157.0,21.0,174.0,28.0,152.0,49.0,217.55,11.0,165.5,17.0,70.0,39.0,26.181288165402844,109,31.0,-35.0,0.28,157.0,
2025-04-08 13:45:22,157.0,27.0,174.0,36.0,154.07,45.0,270.89,45.0,165.5,17.0,72.0,81.0,3.979300189707068,153,-9.0,44.0,-0.06,157.0,
2025-04-08 13:45:23,157.0,30.0,173.2,40.0,155.0,10.0,354.98,58.0,165.1,16.19999999999999,40.0,98.0,0.1868689374761498,138,-58.0,-15.0,-0.42,157.0,
2025-04-08 13:45:24,157.23,81.0,173.0,52.0,151.32,50.0,285.8,100.0,165.12,15.77000000000001,131.0,152.0,0.1961631968372852,283,-21.0,145.0,-0.07,157.0,3.0
2025-04-08 13:45:25,158.0,49.0,172.57,28.0,155.0,28.0,231.73,11.0,165.29,14.569999999999991,77.0,39.0,0.1952434372606747,116,38.0,-167.0,0.33,157.0,
2025-04-08 13:45:26,157.77,84.0,171.0,44.0,155.45,47.0,214.0,11.0,164.39,13.22999999999999,131.0,55.0,0.4179114736307707,186,76.0,70.0,0.41,157.0,
2025-04-08 13:45:27,157.0,132.0,170.36,44.0,155.0,44.0,278.86,35.0,163.68,13.360000000000014,176.0,79.0,0.6744849885582249,255,97.0,69.0,0.38,157.0,
2025-04-08 13:45:28,157.0,141.0,199.43,37.0,155.0,52.0,550.38,37.0,178.22,42.43000000000001,193.0,74.0,6.1156234350885095,267,119.0,12.0,0.45,157.0,4.0
2025-04-08 13:45:29,158.21,33.0,275.44,25.0,155.63,51.0,589.62,47.0,216.83,117.23,84.0,72.0,22.688930560955416,156,12.0,-111.0,0.08,157.0,
2025-04-08 13:45:30,162.0,14.0,235.5,24.0,157.0,28.0,325.29,17.0,198.75,73.5,42.0,41.0,23.051761971699484,83,1.0,-73.0,0.01,157.0,
2025-04-08 13:45:31,163.51,35.0,258.53,34.0,162.0,20.0,414.62,37.0,211.02,95.01999999999998,55.0,71.0,22.36801622853349,126,-16.0,43.0,-0.13,163.0,5.0
2025-04-08 13:45:32,164.0,18.0,253.0,14.0,162.0,12.0,293.11,19.0,208.5,89.0,30.0,33.0,15.144187994078234,63,-3.0,-63.0,-0.05,163.0,
2025-04-08 13:45:33,164.0,27.0,212.4,25.0,162.0,18.0,231.9,20.0,188.2,48.400000000000006,45.0,45.0,11.282329103513757,90,0.0,27.0,0.0,163.0,
2025-04-08 13:45:34,164.0,33.0,196.72,29.0,162.0,22.0,202.23,26.0,180.36,32.72,55.0,55.0,13.091339885586828,110,0.0,20.0,0.0,163.0,
2025-04-08 13:45:35,158.0,42.0,193.83,24.0,155.57,49.0,194.65,31.0,175.92,35.83000000000001,91.0,55.0,16.119137694055897,146,36.0,36.0,0.25,163.2,5.0
2025-04-08 13:45:36,157.0,52.0,193.0,26.0,155.0,65.0,194.0,39.0,175.0,36.0,117.0,65.0,13.826513660351898,182,52.0,36.0,0.29,163.2,
2025-04-08 13:45:37,157.0,32.0,178.8,20.0,155.0,40.0,193.45,22.0,167.9,21.80000000000001,72.0,42.0,7.47618084317502,114,30.0,-68.0,0.26,163.2,
2025-04-08 13:45:38,155.76,29.0,157.91,22.0,154.56,45.0,160.68,38.0,156.83,2.1500000000000057,74.0,60.0,9.192536102720831,134,14.0,20.0,0.1,156.33,6.0
2025-04-08 13:45:39,154.23,26.0,157.0,14.0,137.06,17.0,227.57,28.0,155.62,2.7700000000000102,43.0,42.0,9.676351585168932,85,1.0,-49.0,0.01,155.0,3.0
2025-04-08 13:45:40,154.0,30.0,156.47,17.0,123.2,15.0,340.86,57.0,155.24,2.469999999999999,45.0,74.0,8.900439314987826,119,-29.0,34.0,-0.24,154.75,4.0
2025-04-08 13:45:41,128.83,12.0,151.33,9.0,108.55,11.0,160.78,9.0,140.08,22.5,23.0,18.0,9.90855085265986,41,5.0,-78.0,0.12,154.0,1.0
2025-04-08 13:45:43,137.9,20.0,151.33,12.0,133.78,18.0,152.5,32.0,144.62,13.430000000000009,38.0,44.0,7.937286690028658,82,-6.0,16.0,-0.07,151.0,3.0
2025-04-08 13:45:44,140.08,12.0,152.0,20.0,127.73,22.0,154.0,40.0,146.04,11.919999999999987,34.0,60.0,6.334309749269966,94,-26.0,12.0,-0.28,151.0,
2025-04-08 13:45:51,142.0,22.0,151.66,35.0,140.0,11.0,396.53,30.0,146.83,9.659999999999997,33.0,65.0,2.221625530934755,98,-32.0,70.0,-0.33,149.0,8.0
2025-04-08 13:45:52,145.42,12.0,153.85,41.0,143.4,15.0,495.6,30.0,149.64,8.430000000000007,27.0,71.0,2.703950813107181,98,-44.0,0.0,-0.45,153.0,2.0
2025-04-08 13:45:53,146.24,17.0,152.0,9.0,145.4,10.0,153.0,18.0,149.12,5.759999999999991,27.0,27.0,2.905018072182003,54,0.0,-44.0,0.0,153.0,
2025-04-08 13:45:54,149.21,19.0,151.09,33.0,147.83,24.0,152.5,12.0,150.15,1.8799999999999957,43.0,45.0,2.4188488997271294,88,-2.0,34.0,-0.02,153.0,
2025-04-08 13:45:55,149.29,14.0,151.93,14.0,120.71,82.0,153.29,17.0,150.61,2.640000000000015,96.0,31.0,1.4733465307650444,127,65.0,39.0,0.51,151.43,7.0
2025-04-08 13:45:56,138.82,17.0,173.0,16.0,84.18,66.0,190.44,16.0,155.91,34.18000000000001,83.0,32.0,2.7536212520472723,115,51.0,-12.0,0.44,152.5,4.0
2025-04-08 13:45:57,144.88,34.0,283.29,28.0,113.45,49.0,599.57,28.0,214.08,138.41000000000005,83.0,56.0,28.133521464612105,139,27.0,24.0,0.19,152.5,
2025-04-08 13:45:58,157.0,18.0,301.0,12.0,121.0,18.0,610.33,12.0,229.0,144.0,36.0,24.0,38.39777532618093,60,12.0,-79.0,0.2,152.5,
2025-04-08 13:45:59,157.0,24.0,312.75,16.0,108.0,32.0,442.5,16.0,234.88,155.75,56.0,32.0,40.59244671117956,88,24.0,28.0,0.27,152.5,
2025-04-08 13:46:00,157.0,36.0,225.29,28.0,108.43,42.0,387.83,24.0,191.14,68.28999999999999,78.0,52.0,32.222618143161384,130,26.0,42.0,0.2,152.5,
2025-04-08 13:46:01,160.41,29.0,173.89,27.0,139.31,32.0,369.0,28.0,167.15,13.47999999999999,61.0,55.0,28.06541644087977,116,6.0,-14.0,0.05,152.5,
2025-04-08 13:46:02,163.0,63.0,173.0,27.0,162.0,9.0,386.11,37.0,168.0,10.0,72.0,64.0,32.48041994802344,136,8.0,20.0,0.06,152.5,
2025-04-08 13:46:03,163.0,56.0,172.38,24.0,162.0,8.0,437.0,32.0,167.69,9.379999999999995,64.0,56.0,29.283069681983456,120,8.0,-16.0,0.07,152.5,
2025-04-08 13:46:04,163.0,98.0,171.71,42.0,162.0,14.0,355.88,57.0,167.36,8.710000000000008,112.0,99.0,10.55472263964488,211,13.0,91.0,0.06,152.5,
2025-04-08 13:46:05,163.57,35.0,169.38,39.0,162.93,43.0,197.25,64.0,166.48,5.810000000000002,78.0,103.0,0.5775205622385103,181,-25.0,-30.0,-0.14,163.0,3.0
2025-04-08 13:46:06,164.0,28.0,166.93,42.0,163.0,56.0,568.57,56.0,165.46,2.930000000000007,84.0,98.0,1.0304950265802433,182,-14.0,1.0,-0.08,163.0,
2025-04-08 13:46:07,163.39,36.0,164.84,38.0,162.74,38.0,276.93,58.0,164.12,1.450000000000017,74.0,96.0,1.4590819030482065,170,-22.0,-12.0,-0.13,163.4,5.0
2025-04-08 13:46:08,162.59,17.0,164.53,38.0,158.68,59.0,204.8,60.0,163.56,1.9399999999999975,76.0,98.0,1.583944443406612,174,-22.0,4.0,-0.13,163.0,1.0
2025-04-08 13:46:09,158.44,55.0,163.48,21.0,156.92,91.0,176.0,39.0,160.96,5.039999999999992,146.0,60.0,2.101447120389264,206,86.0,32.0,0.42,162.0,1.0
2025-04-08 13:46:10,158.28,97.0,162.06,16.0,156.0,103.0,164.0,37.0,160.17,3.780000000000001,200.0,53.0,2.2183056596840145,253,147.0,47.0,0.58,160.25,4.0
2025-04-08 13:46:11,158.0,42.0,163.94,33.0,155.0,38.0,215.87,31.0,160.97,5.939999999999998,80.0,64.0,1.7613716245533466,144,16.0,-109.0,0.11,160.25,
2025-04-08 13:46:12,158.0,33.0,162.71,28.0,155.0,18.0,163.53,34.0,160.36,4.710000000000008,51.0,62.0,1.3644156257453084,113,-11.0,-31.0,-0.1,158.0,3.0
2025-04-08 13:46:13,157.54,39.0,160.29,28.0,154.4,55.0,162.0,48.0,158.91,2.75,94.0,76.0,0.8416828379938236,170,18.0,57.0,0.11,158.0,3.0
2025-04-08 13:46:14,155.25,24.0,156.92,12.0,154.04,102.0,158.33,18.0,156.08,1.6699999999999875,126.0,30.0,1.9487098295458112,156,96.0,-14.0,0.62,156.33,3.0
2025-04-08 13:46:15,154.28,39.0,157.74,19.0,151.03,99.0,210.79,38.0,156.01,3.460000000000008,138.0,57.0,2.333415950867815,195,81.0,39.0,0.42,155.0,1.0
2025-04-08 13:46:17,158.53,38.0,212.74,46.0,153.93,76.0,325.59,34.0,185.63,54.21000000000001,114.0,80.0,68.13235303436937,194,34.0,-148.0,0.18,160.0,2.0
2025-04-08 13:46:18,158.86,29.0,210.95,42.0,152.43,98.0,212.67,24.0,184.91,52.089999999999975,127.0,66.0,65.72340169224327,193,61.0,-1.0,0.32,160.0,
2025-04-08 13:46:19,151.1,121.0,210.0,22.0,126.04,77.0,254.09,44.0,180.55,58.900000000000006,198.0,66.0,62.532821142180936,264,132.0,71.0,0.5,159.0,5.0
2025-04-08 13:46:20,151.23,62.0,209.45,22.0,146.94,96.0,251.0,44.0,180.34,58.22,158.0,66.0,58.67209583780023,224,92.0,-40.0,0.41,159.0,
2025-04-08 13:46:21,152.4,30.0,200.45,22.0,148.66,116.0,248.79,38.0,176.43,48.04999999999998,146.0,60.0,3.762049973070381,206,86.0,-18.0,0.42,154.0,2.0
2025-04-08 13:46:22,151.0,79.0,208.0,20.0,116.11,38.0,379.5,40.0,179.5,57.0,117.0,60.0,3.0381951879154765,177,57.0,-29.0,0.32,151.0,7.0
2025-04-08 13:46:23,151.0,40.0,206.71,28.0,150.0,14.0,471.0,56.0,178.86,55.71000000000001,54.0,84.0,1.656813206087744,138,-30.0,-39.0,-0.22,151.0,
2025-04-08 13:46:24,151.0,14.0,188.53,17.0,150.0,7.0,398.73,22.0,169.76,37.53,21.0,39.0,4.289675978422609,60,-18.0,-78.0,-0.3,151.0,
2025-04-08 13:46:25,151.0,34.0,179.0,24.0,99.0,20.0,250.7,27.0,165.0,28.0,54.0,51.0,6.299039609324624,105,3.0,45.0,0.03,151.0,
2025-04-08 13:46:26,156.0,22.0,186.33,18.0,140.69,26.0,265.0,26.0,171.17,30.330000000000013,48.0,44.0,6.211587558735303,92,4.0,-13.0,0.04,151.0,
2025-04-08 13:46:27,152.38,32.0,170.0,18.0,137.53,19.0,171.0,27.0,161.19,17.620000000000005,51.0,45.0,6.695336436641312,96,6.0,4.0,0.06,151.0,
2025-04-08 13:46:28,155.8,51.0,170.0,22.0,141.18,22.0,512.3,23.0,162.9,14.199999999999989,73.0,45.0,4.31892695004217,118,28.0,22.0,0.24,158.0,2.0
2025-04-08 13:46:29,161.44,32.0,168.89,35.0,157.62,53.0,236.95,44.0,165.16,7.449999999999989,85.0,79.0,3.7744310829310312,164,6.0,46.0,0.04,158.0,
2025-04-08 13:46:30,160.22,18.0,168.0,18.0,157.8,25.0,169.0,45.0,164.11,7.780000000000001,43.0,63.0,3.800280252796498,106,-20.0,-58.0,-0.19,160.0,5.0
2025-04-08 13:46:31,158.88,41.0,167.38,48.0,157.24,33.0,168.79,57.0,163.13,8.5,74.0,105.0,1.4795844010352883,179,-31.0,73.0,-0.17,160.0,
2025-04-08 13:46:32,161.25,36.0,165.75,60.0,157.0,36.0,168.0,24.0,163.5,4.5,72.0,84.0,0.9064491159404796,156,-12.0,-23.0,-0.08,160.0,
2025-04-08 13:46:33,157.0,36.0,164.49,47.0,155.23,39.0,167.13,23.0,160.74,7.490000000000009,75.0,70.0,1.6381605537269817,145,5.0,-11.0,0.03,160.6,5.0
2025-04-08 13:46:34,155.0,54.0,160.75,36.0,154.0,9.0,162.56,27.0,157.88,5.75,63.0,63.0,2.571919516582846,126,0.0,-19.0,0.0,160.6,
2025-04-08 13:46:35,154.96,45.0,157.31,35.0,128.33,12.0,164.4,25.0,156.13,2.3499999999999943,57.0,60.0,3.2281929929562128,117,-3.0,-9.0,-0.03,154.86,7.0
2025-04-08 13:46:43,150.75,32.0,169.4,30.0,148.77,26.0,419.12,26.0,160.07,18.65000000000001,58.0,56.0,6.694114579219021,114,2.0,-5.0,0.02,151.57,7.0
2025-04-08 13:46:45,162.0,27.0,340.93,28.0,157.0,9.0,442.93,28.0,251.46,178.93,36.0,56.0,107.91204094075913,92,-20.0,-24.0,-0.22,151.57,
2025-04-08 13:46:46,162.0,21.0,227.8,15.0,157.57,7.0,312.27,22.0,194.9,65.80000000000001,28.0,37.0,101.60423253979198,65,-9.0,-27.0,-0.14,151.57,
2025-04-08 13:46:47,162.0,27.0,342.8,20.0,161.0,9.0,436.95,22.0,252.4,180.8,36.0,42.0,90.78860704956446,78,-6.0,13.0,-0.08,151.57,
2025-04-08 13:46:48,161.08,13.0,336.57,14.0,158.43,7.0,543.62,16.0,248.82,175.48999999999998,20.0,30.0,75.94939051763558,50,-10.0,-28.0,-0.2,161.75,4.0
2025-04-08 13:46:49,154.0,8.0,269.2,5.0,116.0,16.0,599.0,6.0,211.6,115.2,24.0,11.0,26.78712153255982,35,13.0,-15.0,0.37,156.5,2.0
2025-04-08 13:46:50,152.32,19.0,284.14,21.0,38.57,14.0,386.14,14.0,218.23,131.82,33.0,35.0,24.745579403200423,68,-2.0,33.0,-0.03,154.0,4.0
2025-04-08 13:46:51,148.04,25.0,397.67,30.0,27.45,51.0,462.81,21.0,272.85,249.63,76.0,51.0,25.43681288998632,127,25.0,59.0,0.2,146.0,2.0
2025-04-08 13:46:52,159.0,54.0,405.47,15.0,115.0,6.0,548.75,16.0,282.23,246.47000000000003,60.0,31.0,31.596036618541312,91,29.0,-36.0,0.32,146.0,
2025-04-08 13:46:53,159.5,14.0,464.0,12.0,158.04,46.0,760.0,24.0,311.75,304.5,60.0,36.0,43.07673293090209,96,24.0,5.0,0.25,146.0,
2025-04-08 13:46:54,159.44,18.0,331.27,22.0,157.85,40.0,548.57,14.0,245.36,171.82999999999998,58.0,36.0,35.74683594390274,94,22.0,-2.0,0.23,159.67,3.0
2025-04-08 13:46:55,159.89,36.0,317.12,32.0,157.5,40.0,357.15,27.0,238.51,157.23000000000002,76.0,59.0,29.577903914921286,135,17.0,41.0,0.13,159.67,
2025-04-08 13:46:56,163.0,26.0,290.08,52.0,159.0,91.0,378.42,48.0,226.54,127.07999999999998,117.0,100.0,35.22819282904349,217,17.0,82.0,0.08,159.67,
2025-04-08 13:46:57,163.0,16.0,191.75,32.0,159.15,53.0,452.62,32.0,177.38,28.75,69.0,64.0,48.17002667634896,133,5.0,-84.0,0.04,159.67,
2025-04-08 13:46:58,162.2,10.0,190.57,28.0,159.6,40.0,341.52,25.0,176.39,28.370000000000005,50.0,53.0,33.50448969914388,103,-3.0,-30.0,-0.03,161.8,5.0
2025-04-08 13:46:59,160.43,21.0,189.15,52.0,158.9,79.0,190.54,52.0,174.79,28.72,100.0,104.0,31.160334882667254,204,-4.0,101.0,-0.02,159.4,5.0
2025-04-08 13:47:00,156.26,19.0,187.87,60.0,154.05,41.0,188.87,60.0,172.06,31.610000000000014,60.0,120.0,23.06795764691588,180,-60.0,-24.0,-0.33,159.0,3.0
2025-04-08 13:47:01,155.0,14.0,185.57,56.0,154.0,48.0,186.71,56.0,170.29,30.569999999999997,62.0,112.0,2.963219532847787,174,-50.0,-6.0,-0.29,159.0,
2025-04-08 13:47:02,162.0,128.0,181.83,63.0,155.0,16.0,182.88,64.0,171.91,19.830000000000013,144.0,127.0,2.453226446915441,271,17.0,97.0,0.06,159.0,
2025-04-08 13:47:03,162.0,83.0,174.97,36.0,155.0,13.0,176.55,49.0,168.49,12.97,96.0,85.0,2.336112154807147,181,11.0,-90.0,0.06,162.0,3.0
2025-04-08 13:47:04,162.0,37.0,167.64,55.0,155.0,15.0,169.23,22.0,164.82,5.639999999999986,52.0,77.0,2.99613584468862,129,-25.0,-52.0,-0.19,162.0,3.0
2025-04-08 13:47:05,161.69,26.0,164.21,33.0,155.12,52.0,164.58,19.0,162.95,2.5200000000000102,78.0,52.0,3.738745778977104,130,26.0,1.0,0.2,162.0,3.0
2025-04-08 13:47:06,160.0,21.0,161.92,48.0,155.97,35.0,162.58,19.0,160.96,1.9199999999999875,56.0,67.0,4.38957059401145,123,-11.0,-7.0,-0.09,161.0,3.0
2025-04-08 13:47:07,157.22,18.0,160.56,18.0,155.28,57.0,162.02,41.0,158.89,3.3400000000000034,75.0,59.0,3.683146752411232,134,16.0,11.0,0.12,158.0,1.0
2025-04-08 13:47:08,155.07,58.0,158.33,15.0,154.47,15.0,160.12,24.0,156.7,3.2600000000000198,73.0,39.0,3.211157112286143,112,34.0,-22.0,0.3,156.67,3.0
2025-04-08 13:47:09,155.0,33.0,157.45,11.0,154.0,5.0,348.8,20.0,156.23,2.4499999999999886,38.0,31.0,2.8422051297852384,69,7.0,-43.0,0.1,155.0,1.0
2025-04-08 13:47:10,155.0,24.0,157.57,7.0,154.0,4.0,188.85,13.0,156.29,2.569999999999993,28.0,20.0,2.0692824842855773,48,8.0,-21.0,0.17,155.0,
2025-04-08 13:47:11,155.76,38.0,262.9,21.0,155.2,35.0,247.83,24.0,209.33,107.14,73.0,45.0,23.41579210703362,118,28.0,70.0,0.24,156.0,5.0
2025-04-08 13:47:12,157.5,12.0,286.6,20.0,156.1,20.0,346.85,20.0,222.05,129.10000000000002,32.0,40.0,32.781269041937335,72,-8.0,-46.0,-0.11,156.0,
2025-04-08 13:47:13,158.44,27.0,249.0,9.0,157.0,9.0,358.67,36.0,203.72,90.56,36.0,45.0,31.08349208180967,81,-9.0,9.0,-0.11,156.0,
2025-04-08 13:47:14,159.78,27.0,256.33,12.0,157.0,9.0,445.04,24.0,208.06,96.54999999999998,36.0,36.0,25.310852415514866,72,0.0,-9.0,0.0,160.0,3.0
2025-04-08 13:47:15,156.4,10.0,201.88,8.0,154.95,22.0,252.64,11.0,179.14,45.47999999999999,32.0,19.0,15.714125810874648,51,13.0,-21.0,0.25,157.0,1.0
2025-04-08 13:47:26,122.73,22.0,211.08,26.0,110.0,22.0,377.56,18.0,166.9,88.35000000000001,44.0,44.0,15.628682606019176,88,0.0,19.0,0.0,153.25,4.0
2025-04-08 13:47:27,118.67,18.0,375.67,18.0,69.78,18.0,449.57,14.0,247.17,257.0,36.0,32.0,50.271848782392986,68,4.0,-20.0,0.06,153.25,
2025-04-08 13:47:28,141.43,23.0,221.0,22.0,131.37,27.0,342.0,36.0,181.22,79.57,50.0,58.0,47.38519304592773,108,-8.0,40.0,-0.07,153.25,
2025-04-08 13:47:29,158.4,20.0,221.0,24.0,156.76,34.0,442.18,44.0,189.7,62.6,54.0,68.0,41.179979601742126,122,-14.0,14.0,-0.11,159.0,2.0
2025-04-08 13:47:31,155.33,12.0,399.1,20.0,154.2,10.0,520.47,30.0,277.22,243.77,22.0,50.0,66.12650315872007,72,-28.0,-13.0,-0.39,159.0,
2025-04-08 13:47:32,157.0,16.0,216.8,20.0,155.0,8.0,257.0,16.0,186.9,59.80000000000001,24.0,36.0,71.45768202230012,60,-12.0,-12.0,-0.2,159.0,
2025-04-08 13:47:36,117.0,36.0,152.22,27.0,98.11,36.0,305.4,20.0,134.61,35.22,72.0,47.0,25.70956592398416,119,25.0,24.0,0.21,151.33,6.0
2025-04-08 13:47:37,119.18,22.0,153.0,24.0,101.73,22.0,325.5,16.0,136.09,33.81999999999999,44.0,40.0,7.946780480146418,84,4.0,-35.0,0.05,151.33,
2025-04-08 13:47:41,159.29,42.0,411.33,18.0,157.88,25.0,0.0,0.0,285.31,252.04,67.0,18.0,113.69323339583592,85,49.0,-19.0,0.58,159.0,2.0
2025-04-08 13:47:42,159.0,24.0,248.0,30.0,155.0,6.0,0.0,0.0,203.5,89.0,30.0,30.0,106.31772100642532,60,0.0,-25.0,0.0,159.0,
2025-04-08 13:47:43,159.26,46.0,334.63,19.0,157.15,13.0,393.48,23.0,246.95,175.37,59.0,42.0,88.2900225393573,101,17.0,41.0,0.17,159.0,2.0
2025-04-08 13:47:44,160.71,49.0,311.32,22.0,158.77,52.0,426.68,38.0,236.02,150.61,101.0,60.0,66.09364621505091,161,41.0,60.0,0.25,162.0,4.0
2025-04-08 13:47:45,158.74,31.0,205.08,13.0,111.8,15.0,427.0,17.0,181.91,46.34,46.0,30.0,39.984102715956055,76,16.0,-85.0,0.21,159.0,7.0
2025-04-08 13:47:46,155.0,7.0,163.77,13.0,88.45,22.0,166.0,12.0,159.38,8.77000000000001,29.0,25.0,36.52773562650717,54,4.0,-22.0,0.07,159.0,
2025-04-08 13:47:47,128.33,21.0,155.05,19.0,114.62,42.0,157.2,20.0,141.69,26.72,63.0,39.0,46.49502930421639,102,24.0,48.0,0.24,155.0,1.0
2025-04-08 13:47:49,123.21,28.0,184.13,15.0,92.0,23.0,432.61,28.0,153.67,60.92,51.0,43.0,19.596654561423133,94,8.0,0.0,0.09,149.0,6.0
2025-04-08 13:47:57,131.13,61.0,151.0,22.0,129.46,26.0,152.0,22.0,141.07,19.870000000000005,87.0,44.0,4.3754851159233255,131,43.0,-20.0,0.33,149.0,
2025-04-08 13:48:02,151.0,12.0,152.0,12.0,98.83,6.0,154.0,6.0,151.5,1.0,18.0,18.0,2.6027043627199995,36,0.0,-90.0,0.0,149.0,
2025-04-08 13:48:19,121.33,30.0,152.25,16.0,85.0,6.0,176.14,7.0,136.79,30.92,36.0,23.0,13.486284514262396,59,13.0,-37.0,0.22,152.25,4.0
2025-04-08 13:48:20,120.28,165.0,153.54,26.0,120.15,97.0,221.67,30.0,136.91,33.25999999999999,262.0,56.0,9.34769115876333,318,206.0,168.0,0.65,152.57,7.0
2025-04-08 13:48:21,143.91,56.0,233.75,16.0,128.93,122.0,328.4,25.0,188.83,89.84,178.0,41.0,28.874389517350536,219,137.0,-99.0,0.63,154.0,5.0
2025-04-08 13:48:22,137.25,152.0,260.4,10.0,80.62,24.0,470.05,20.0,198.82,123.14999999999998,176.0,30.0,35.64644063577396,206,146.0,-13.0,0.71,154.0,
2025-04-08 13:48:23,144.28,159.0,162.92,36.0,115.61,189.0,235.26,38.0,153.6,18.639999999999983,348.0,74.0,29.18164234582745,422,274.0,168.0,0.65,151.0,2.0
2025-04-08 13:48:24,154.36,78.0,240.93,14.0,76.98,119.0,268.37,19.0,197.64,86.57,197.0,33.0,28.1953497938906,230,164.0,-168.0,0.71,151.0,
2025-04-08 13:48:25,155.48,25.0,331.33,12.0,139.13,97.0,431.64,11.0,243.41,175.85,122.0,23.0,32.04083722376722,145,99.0,-85.0,0.68,151.0,
2025-04-08 13:48:26,155.59,27.0,347.4,10.0,154.07,107.0,417.89,9.0,251.5,191.81,134.0,19.0,39.661505014308354,153,115.0,8.0,0.75,155.5,4.0
2025-04-08 13:48:27,155.0,42.0,236.31,16.0,115.5,36.0,362.25,20.0,195.66,81.31,78.0,36.0,39.88868285616866,114,42.0,-39.0,0.37,155.0,3.0
2025-04-08 13:48:28,160.38,120.0,243.17,29.0,158.69,88.0,350.0,18.0,201.77,82.78999999999999,208.0,47.0,27.13363281980592,255,161.0,141.0,0.63,155.0,
2025-04-08 13:48:29,162.0,40.0,206.23,26.0,160.0,24.0,230.55,22.0,184.12,44.22999999999999,64.0,48.0,30.17281342533434,112,16.0,-143.0,0.14,155.0,
2025-04-08 13:48:30,163.2,40.0,170.83,48.0,161.79,56.0,172.53,30.0,167.02,7.630000000000024,96.0,78.0,31.678353492565957,174,18.0,62.0,0.1,155.0,
2025-04-08 13:48:31,164.0,27.0,169.0,36.0,162.0,45.0,174.0,18.0,166.5,5.0,72.0,54.0,16.135770201632383,126,18.0,-48.0,0.14,155.0,
2025-04-08 13:48:32,164.0,33.0,168.93,43.0,162.0,55.0,355.24,21.0,166.47,4.930000000000007,88.0,64.0,15.690950576681471,152,24.0,26.0,0.16,155.0,
2025-04-08 13:48:33,164.0,27.0,167.21,28.0,162.0,45.0,168.23,35.0,165.61,3.210000000000008,72.0,63.0,7.940751223897323,135,9.0,-17.0,0.07,155.0,
2025-04-08 13:48:34,163.06,32.0,165.0,37.0,160.31,80.0,168.66,32.0,164.03,1.9399999999999975,112.0,69.0,1.1744062328717937,181,43.0,46.0,0.24,164.0,3.0
2025-04-08 13:48:35,161.12,41.0,163.0,24.0,158.65,115.0,169.78,27.0,162.06,1.8799999999999957,156.0,51.0,1.8937872108036589,207,105.0,26.0,0.51,160.88,8.0
2025-04-08 13:48:36,159.0,112.0,162.88,26.0,155.0,100.0,221.29,31.0,160.94,3.879999999999996,212.0,57.0,2.3271592123871474,269,155.0,62.0,0.58,159.0,1.0
2025-04-08 13:48:37,159.0,88.0,160.57,14.0,155.0,98.0,279.88,32.0,159.79,1.5699999999999932,186.0,46.0,2.344318664301466,232,140.0,-37.0,0.6,159.0,7.0
2025-04-08 13:48:38,159.0,40.0,161.0,10.0,157.0,40.0,362.12,34.0,160.0,2.0,80.0,44.0,1.7399511486783146,124,36.0,-108.0,0.29,159.0,
2025-04-08 13:48:39,159.0,48.0,160.58,12.0,157.0,48.0,272.61,56.0,159.79,1.5800000000000125,96.0,68.0,0.985408544606282,164,28.0,40.0,0.17,159.0,
2025-04-08 13:48:40,158.86,29.0,160.0,10.0,156.5,48.0,297.45,44.0,159.43,1.1399999999999864,77.0,54.0,0.5692538974663383,131,23.0,-33.0,0.18,158.33,6.0
2025-04-08 13:48:41,159.0,12.0,234.8,20.0,155.29,42.0,450.64,22.0,196.9,75.80000000000001,54.0,42.0,16.61413163544259,96,12.0,-35.0,0.12,160.0,1.0
2025-04-08 13:48:42,161.0,14.0,170.0,29.0,157.0,14.0,247.53,34.0,165.5,9.0,28.0,63.0,16.16929281075148,91,-35.0,-5.0,-0.38,160.0,
2025-04-08 13:48:43,161.0,24.0,229.66,59.0,157.88,51.0,460.57,44.0,195.33,68.66,75.0,103.0,19.0799462787465,178,-28.0,87.0,-0.16,160.0,
2025-04-08 13:48:44,159.83,23.0,282.82,40.0,157.74,47.0,412.5,40.0,221.33,122.98999999999998,70.0,80.0,25.32719230392326,150,-10.0,-28.0,-0.07,159.5,4.0
2025-04-08 13:48:45,160.86,28.0,330.67,36.0,157.6,40.0,443.5,60.0,245.76,169.81,68.0,96.0,30.19689106514093,164,-28.0,14.0,-0.17,159.5,
2025-04-08 13:48:46,158.71,28.0,312.79,34.0,157.16,38.0,445.22,46.0,235.75,154.08,66.0,80.0,32.512667223714885,146,-14.0,-18.0,-0.1,163.0,2.0
2025-04-08 13:48:47,160.27,33.0,322.97,37.0,157.38,39.0,376.76,51.0,241.62,162.70000000000002,72.0,88.0,20.449899021757886,160,-16.0,14.0,-0.1,163.0,
2025-04-08 13:48:48,162.23,26.0,327.0,40.0,157.63,27.0,420.18,56.0,244.62,164.77,53.0,96.0,9.999106460086328,149,-43.0,-11.0,-0.29,163.0,3.0
2025-04-08 13:48:49,160.08,13.0,261.22,41.0,158.8,30.0,418.62,47.0,210.65,101.14,43.0,88.0,14.519981060598198,131,-45.0,-18.0,-0.34,163.0,
2025-04-08 13:48:50,161.0,50.0,168.9,30.0,159.0,30.0,233.0,50.0,164.95,7.900000000000006,80.0,80.0,33.310638991170016,160,0.0,29.0,0.0,161.0,5.0
2025-04-08 13:48:51,161.0,9.0,167.78,27.0,159.0,27.0,484.79,42.0,164.39,6.780000000000001,36.0,69.0,39.35595037602308,105,-33.0,-55.0,-0.31,161.0,
2025-04-08 13:48:52,161.0,9.0,165.26,35.0,159.0,27.0,382.82,22.0,163.13,4.259999999999991,36.0,57.0,36.79034139553368,93,-21.0,-12.0,-0.23,161.0,
2025-04-08 13:48:53,159.73,22.0,163.27,71.0,158.63,38.0,165.39,49.0,161.5,3.5400000000000205,60.0,120.0,21.131109294115213,180,-60.0,87.0,-0.33,160.0,2.0
2025-04-08 13:48:54,157.55,44.0,160.94,48.0,155.69,52.0,161.92,64.0,159.24,3.3899999999999864,96.0,112.0,2.318311885789934,208,-16.0,28.0,-0.08,158.5,4.0
2025-04-08 13:48:55,156.25,64.0,159.49,43.0,154.37,62.0,160.57,61.0,157.87,3.240000000000009,126.0,104.0,2.688778533049615,230,22.0,22.0,0.1,157.0,4.0
2025-04-08 13:48:56,155.0,96.0,157.42,38.0,140.0,12.0,158.9,58.0,156.21,2.4199999999999875,108.0,96.0,2.7697021500119856,204,12.0,-26.0,0.06,157.0,
2025-04-08 13:48:57,154.95,43.0,180.95,39.0,153.11,9.0,226.23,31.0,167.95,26.0,52.0,70.0,4.566084756088672,122,-18.0,-82.0,-0.15,155.0,8.0
2025-04-08 13:48:58,154.0,13.0,335.2,41.0,145.14,37.0,599.37,41.0,244.6,181.2,50.0,82.0,37.96415980895482,132,-32.0,10.0,-0.24,155.0,
2025-04-08 13:48:59,154.0,9.0,185.38,34.0,134.78,27.0,216.44,25.0,169.69,31.379999999999995,36.0,59.0,37.00557768769284,95,-23.0,-37.0,-0.24,155.0,
2025-04-08 13:49:00,154.0,9.0,166.36,33.0,79.15,39.0,166.67,30.0,160.18,12.360000000000014,48.0,63.0,36.68473701691034,111,-15.0,16.0,-0.14,155.0,
2025-04-08 13:49:01,143.38,40.0,164.53,30.0,114.84,44.0,165.74,54.0,153.95,21.15000000000001,84.0,84.0,37.05893320104979,168,0.0,57.0,0.0,154.0,1.0
2025-04-08 13:49:02,143.65,40.0,162.33,24.0,113.77,39.0,164.0,60.0,152.99,18.680000000000007,79.0,84.0,38.76633036540674,163,-5.0,-5.0,-0.03,153.5,4.0
2025-04-08 13:49:04,117.57,35.0,158.07,29.0,97.6,45.0,228.61,44.0,137.82,40.5,80.0,73.0,11.873897001394536,153,7.0,23.0,0.05,157.0,1.0
2025-04-08 13:49:06,132.42,106.0,228.86,22.0,120.6,50.0,416.64,25.0,180.64,96.44000000000004,156.0,47.0,21.043878682403648,203,109.0,-34.0,0.54,155.0,2.0
2025-04-08 13:49:14,149.11,90.0,151.0,45.0,147.0,9.0,195.12,25.0,150.06,1.8899999999999864,99.0,70.0,2.4623423806865863,169,29.0,-82.0,0.17,155.0,
2025-04-08 13:49:15,150.0,84.0,151.0,52.0,127.2,20.0,383.49,49.0,150.5,1.0,104.0,101.0,1.7802443651734672,205,3.0,36.0,0.01,150.43,7.0
2025-04-08 13:49:16,150.0,36.0,151.0,10.0,67.12,8.0,153.0,24.0,150.5,1.0,44.0,34.0,1.4749237267519086,78,10.0,-127.0,0.13,151.0,1.0
2025-04-08 13:49:17,150.0,36.0,152.79,14.0,106.9,10.0,271.11,19.0,151.39,2.789999999999992,46.0,33.0,1.03745843277682,79,13.0,1.0,0.16,152.0,2.0
2025-04-08 13:49:18,150.86,42.0,152.95,19.0,116.0,21.0,358.55,20.0,151.9,2.089999999999975,63.0,39.0,0.7518643492963839,102,24.0,23.0,0.24,152.0,1.0
2025-04-08 13:49:19,155.94,108.0,425.08,36.0,128.29,42.0,586.21,28.0,290.51,269.14,150.0,64.0,62.36123435276016,214,86.0,112.0,0.4,153.0,3.0
2025-04-08 13:49:20,157.0,120.0,383.8,30.0,122.17,23.0,516.0,28.0,270.4,226.8,143.0,58.0,71.11925583131466,201,85.0,-13.0,0.42,153.0,
2025-04-08 13:49:21,157.0,186.0,300.41,56.0,126.29,102.0,340.48,50.0,228.71,143.41000000000005,288.0,106.0,65.0433945147396,394,182.0,168.0,0.46,153.0,
2025-04-08 13:49:22,159.0,33.0,205.22,45.0,157.0,135.0,207.6,25.0,182.11,46.22,168.0,70.0,58.20066777967488,238,98.0,-156.0,0.41,159.0,1.0
2025-04-08 13:49:23,159.0,22.0,200.96,25.0,157.0,90.0,201.92,25.0,179.98,41.96000000000001,112.0,50.0,50.22487401676696,162,62.0,-76.0,0.38,159.0,
2025-04-08 13:49:24,157.39,71.0,198.56,41.0,141.42,48.0,199.43,14.0,177.98,41.170000000000016,119.0,55.0,40.86301053520171,174,64.0,12.0,0.37,158.2,5.0
2025-04-08 13:49:25,158.0,96.0,186.37,38.0,157.0,84.0,186.67,36.0,172.18,28.370000000000005,180.0,74.0,22.94997320259686,254,106.0,80.0,0.42,158.2,
2025-04-08 13:49:26,158.0,84.0,176.4,30.0,157.0,98.0,177.5,44.0,167.2,18.40000000000001,182.0,74.0,6.104604819302809,256,108.0,2.0,0.42,158.0,4.0
2025-04-08 13:49:27,158.0,52.0,170.94,35.0,157.0,91.0,171.78,36.0,164.47,12.939999999999998,143.0,71.0,6.6812962813991446,214,72.0,-42.0,0.34,158.0,
2025-04-08 13:49:28,158.0,23.0,166.12,33.0,157.0,71.0,167.87,52.0,162.06,8.120000000000005,94.0,85.0,6.372418693072578,179,9.0,-35.0,0.05,158.0,3.0
2025-04-08 13:49:29,158.65,31.0,160.41,34.0,157.1,49.0,162.75,24.0,159.53,1.759999999999991,80.0,58.0,4.878500794281293,138,22.0,-41.0,0.16,159.0,4.0
2025-04-08 13:49:30,156.43,23.0,160.0,15.0,156.24,51.0,163.04,23.0,158.22,3.569999999999993,74.0,38.0,3.643340500116596,112,36.0,-26.0,0.32,156.29,7.0
2025-04-08 13:49:31,154.0,28.0,158.05,38.0,105.46,28.0,160.67,18.0,156.03,4.050000000000011,56.0,56.0,3.292243915596045,112,0.0,0.0,0.0,156.29,
2025-04-08 13:49:32,154.0,24.0,157.35,20.0,115.79,19.0,158.14,28.0,155.68,3.3499999999999943,43.0,48.0,2.630309867633604,91,-5.0,-21.0,-0.05,156.29,
2025-04-08 13:49:33,156.0,18.0,408.03,34.0,138.29,14.0,421.45,31.0,282.01,252.03,32.0,65.0,55.765447456286815,97,-33.0,6.0,-0.34,154.75,4.0
2025-04-08 13:49:34,158.5,6.0,347.5,12.0,155.0,6.0,488.83,12.0,253.0,189.0,12.0,24.0,61.58926667853722,36,-12.0,-61.0,-0.33,161.0,1.0
2025-04-08 13:49:35,156.0,7.0,323.57,14.0,154.0,7.0,518.22,18.0,239.79,167.57,14.0,32.0,58.13499694676224,46,-18.0,10.0,-0.39,161.0,
2025-04-08 13:49:36,158.36,28.0,276.0,40.0,157.22,18.0,393.3,20.0,217.18,117.64,46.0,60.0,47.47789980612152,106,-14.0,60.0,-0.13,161.0,
2025-04-08 13:49:37,159.0,12.0,316.5,12.0,158.0,12.0,429.5,8.0,237.75,157.5,24.0,20.0,23.889979698614106,44,4.0,-62.0,0.09,161.0,
2025-04-08 13:49:38,157.38,16.0,391.88,16.0,141.38,32.0,494.5,16.0,274.62,234.5,48.0,32.0,21.175388308132323,80,16.0,36.0,0.2,157.75,8.0
2025-04-08 13:49:39,159.87,15.0,288.82,22.0,139.1,51.0,361.54,26.0,224.34,128.95,66.0,48.0,22.145262021483493,114,18.0,34.0,0.16,162.0,1.0
2025-04-08 13:49:40,162.0,8.0,296.6,20.0,154.0,8.0,310.5,16.0,229.3,134.60000000000002,16.0,36.0,22.514271473892933,52,-20.0,-62.0,-0.38,162.0,
2025-04-08 13:49:41,162.0,8.0,295.25,32.0,154.0,8.0,308.25,16.0,228.62,133.25,16.0,48.0,20.536975921497305,64,-32.0,12.0,-0.5,162.0,
2025-04-08 13:49:42,162.0,9.0,284.33,36.0,154.0,9.0,288.33,36.0,223.17,122.32999999999998,18.0,72.0,21.745245457344144,90,-54.0,26.0,-0.6,162.0,
2025-04-08 13:49:43,162.0,8.0,276.08,26.0,154.0,8.0,283.88,32.0,219.04,114.07999999999998,16.0,58.0,4.208453397638138,74,-42.0,-16.0,-0.57,162.0,
2025-04-08 13:49:44,163.04,26.0,203.55,22.0,160.0,14.0,279.1,40.0,183.29,40.51000000000002,40.0,62.0,19.133803333369244,102,-22.0,28.0,-0.22,163.0,3.0
2025-04-08 13:49:45,158.4,40.0,183.46,52.0,158.0,16.0,229.15,52.0,170.93,25.06,56.0,104.0,26.0636883422127,160,-48.0,58.0,-0.3,163.0,2.0
2025-04-08 13:49:46,157.0,40.0,180.6,40.0,154.2,10.0,183.0,40.0,168.8,23.599999999999994,50.0,80.0,26.24551828407919,130,-30.0,-30.0,-0.23,163.0,
2025-04-08 13:49:47,155.0,14.0,179.12,32.0,154.0,14.0,186.14,56.0,167.06,24.120000000000005,28.0,88.0,21.75694900485544,116,-60.0,-14.0,-0.52,163.0,
2025-04-08 13:49:48,155.97,72.0,172.5,16.0,154.83,12.0,178.28,43.0,164.24,16.53,84.0,59.0,7.3657606531726305,143,25.0,27.0,0.17,163.0,
2025-04-08 13:49:49,157.2,41.0,162.7,23.0,156.48,27.0,163.22,36.0,159.95,5.5,68.0,59.0,4.265457771424225,127,9.0,-16.0,0.07,157.0,2.0
2025-04-08 13:49:50,159.0,7.0,161.38,13.0,157.0,35.0,162.91,22.0,160.19,2.3799999999999955,42.0,35.0,3.980209793439633,77,7.0,-50.0,0.09,157.0,
2025-04-08 13:49:51,158.29,17.0,160.07,56.0,156.9,58.0,162.0,14.0,159.18,1.7800000000000011,75.0,70.0,3.390255152607732,145,5.0,68.0,0.03,157.5,4.0
2025-04-08 13:49:52,158.0,27.0,159.53,15.0,157.0,18.0,209.17,29.0,158.77,1.5300000000000011,45.0,44.0,2.186076393856152,89,1.0,-56.0,0.01,157.5,
2025-04-08 13:49:54,162.57,14.0,331.92,48.0,161.0,14.0,433.62,37.0,247.24,169.35000000000002,28.0,85.0,99.48567801447642,113,-57.0,-45.0,-0.5,157.5,
2025-04-08 13:49:55,130.14,50.0,199.65,52.0,120.22,41.0,279.6,40.0,164.9,69.51000000000002,91.0,92.0,98.76844248037976,183,-1.0,70.0,-0.01,158.6,5.0
2025-04-08 13:49:56,133.12,48.0,183.18,57.0,118.12,100.0,187.76,41.0,158.15,50.06,148.0,98.0,98.93679118507976,246,50.0,63.0,0.2,158.6,
2025-04-08 13:49:57,134.0,9.0,181.26,38.0,106.17,72.0,182.19,43.0,157.63,47.25999999999999,81.0,81.0,99.1234985762714,162,0.0,-84.0,0.0,158.6,
2025-04-08 13:49:58,162.43,14.0,180.57,35.0,155.38,8.0,181.68,37.0,171.5,18.139999999999983,22.0,72.0,38.07640253490172,94,-50.0,-68.0,-0.53,158.6,
2025-04-08 13:49:59,163.0,24.0,178.3,53.0,159.0,12.0,179.44,55.0,170.65,15.300000000000011,36.0,108.0,6.6045461615310685,144,-72.0,50.0,-0.5,158.6,
2025-04-08 13:50:00,163.0,20.0,175.3,50.0,159.0,10.0,177.0,40.0,169.15,12.300000000000011,30.0,90.0,6.924036395037139,120,-60.0,-24.0,-0.5,158.6,
2025-04-08 13:50:01,163.0,32.0,174.0,80.0,159.0,16.0,177.0,64.0,168.5,11.0,48.0,144.0,5.636065116711212,192,-96.0,72.0,-0.5,158.6,
2025-04-08 13:50:02,163.0,18.0,172.33,36.0,159.0,9.0,173.41,41.0,167.67,9.330000000000013,27.0,77.0,1.564745985717397,104,-50.0,-88.0,-0.48,158.6,
2025-04-08 13:50:03,158.39,88.0,168.0,49.0,157.48,29.0,168.94,50.0,163.19,9.610000000000014,117.0,99.0,2.8150879204406185,216,18.0,112.0,0.08,159.83,6.0
2025-04-08 13:50:04,162.0,14.0,164.66,44.0,158.0,112.0,165.55,64.0,163.33,2.6599999999999966,126.0,108.0,2.8857096180668576,234,18.0,18.0,0.08,159.83,
2025-04-08 13:50:05,158.2,59.0,162.29,58.0,157.5,48.0,164.78,50.0,160.25,4.090000000000003,107.0,108.0,3.433572483550466,215,-1.0,-19.0,-0.0,158.67,6.0
2025-04-08 13:50:06,157.0,22.0,159.33,36.0,155.15,26.0,165.5,32.0,158.17,2.3300000000000125,48.0,68.0,3.5952357363300838,116,-20.0,-99.0,-0.17,157.17,6.0
2025-04-08 13:50:07,155.0,22.0,158.27,33.0,154.0,44.0,167.0,44.0,156.64,3.2700000000000102,66.0,77.0,2.9776970967132046,143,-11.0,27.0,-0.08,159.0,1.0
2025-04-08 13:50:08,155.14,37.0,158.91,53.0,154.03,66.0,196.76,68.0,157.02,3.77000000000001,103.0,121.0,2.7593785531833417,224,-18.0,81.0,-0.08,157.0,3.0
2025-04-08 13:50:09,154.09,33.0,165.67,36.0,122.81,57.0,420.0,36.0,159.88,11.579999999999984,90.0,72.0,1.6330554184609782,162,18.0,-62.0,0.11,155.0,1.0
2025-04-08 13:50:10,154.47,47.0,165.0,52.0,139.61,64.0,340.0,31.0,159.73,10.53,111.0,83.0,1.495951202333902,194,28.0,32.0,0.14,155.0,
2025-04-08 13:50:11,156.0,10.0,164.6,20.0,155.0,10.0,477.4,5.0,160.3,8.599999999999994,20.0,25.0,1.7376938740084142,45,-5.0,-149.0,-0.11,155.0,
2025-04-08 13:50:12,157.14,56.0,163.5,64.0,118.23,53.0,317.26,46.0,160.32,6.360000000000014,109.0,110.0,1.3827147210361272,219,-1.0,168.0,-0.0,155.2,5.0
2025-04-08 13:50:13,160.39,62.0,163.0,52.0,156.38,116.0,319.0,13.0,161.69,2.6100000000000136,178.0,65.0,0.7743577982913946,243,113.0,24.0,0.47,162.0,2.0
2025-04-08 13:50:14,157.02,195.0,162.23,52.0,156.34,100.0,308.54,13.0,159.63,5.20999999999998,295.0,65.0,0.8216629477921243,360,230.0,117.0,0.64,157.0,3.0
2025-04-08 13:50:15,156.92,148.0,160.88,32.0,155.59,82.0,224.0,22.0,158.9,3.960000000000008,230.0,54.0,1.031295301925497,284,176.0,-76.0,0.62,157.0,
2025-04-08 13:50:16,156.42,38.0,160.0,18.0,155.22,109.0,161.0,36.0,158.21,3.5800000000000125,147.0,54.0,1.3413612487959723,201,93.0,-83.0,0.46,157.0,
2025-04-08 13:50:17,159.79,53.0,161.33,24.0,155.15,160.0,209.04,23.0,160.56,1.5400000000000205,213.0,47.0,1.3708282167258357,260,166.0,59.0,0.64,157.25,8.0
2025-04-08 13:50:18,163.0,120.0,390.58,33.0,156.0,28.0,442.08,26.0,276.79,227.58,148.0,59.0,52.53918318740679,207,89.0,-53.0,0.43,163.0,1.0
2025-04-08 13:50:19,163.0,56.0,369.71,31.0,156.0,14.0,411.91,11.0,266.35,206.71,70.0,42.0,61.65132415447373,112,28.0,-95.0,0.25,163.0,
2025-04-08 13:50:20,163.0,96.0,363.92,52.0,156.0,24.0,386.36,22.0,263.46,200.92,120.0,74.0,60.1759680437307,194,46.0,82.0,0.24,163.0,
2025-04-08 13:50:21,163.0,38.0,353.39,23.0,156.0,14.0,398.23,22.0,258.2,190.39,52.0,45.0,47.72715652540174,97,7.0,-97.0,0.07,163.0,3.0
2025-04-08 13:50:22,163.0,37.0,167.15,39.0,156.0,22.0,287.33,15.0,165.08,4.150000000000006,59.0,54.0,45.727130130811865,113,5.0,16.0,0.04,163.0,2.0
2025-04-08 13:50:23,162.11,18.0,219.61,28.0,156.45,22.0,383.17,12.0,190.86,57.5,40.0,40.0,47.36918724234265,80,0.0,-33.0,0.0,163.0,3.0
2025-04-08 13:50:24,161.0,9.0,427.32,22.0,156.0,18.0,432.57,14.0,294.16,266.32,27.0,36.0,54.044342164560994,63,-9.0,-17.0,-0.14,163.0,
2025-04-08 13:50:25,161.3,10.0,425.13,39.0,158.64,33.0,426.74,31.0,293.21,263.83,43.0,70.0,59.4204082786392,113,-27.0,50.0,-0.24,163.0,
2025-04-08 13:50:26,162.0,7.0,332.91,22.0,161.0,7.0,344.0,27.0,247.45,170.91000000000005,14.0,49.0,58.80217402443692,63,-35.0,-50.0,-0.56,163.0,
2025-04-08 13:50:27,162.0,10.0,319.48,25.0,161.0,10.0,331.17,36.0,240.74,157.48000000000002,20.0,61.0,42.87503970843921,81,-41.0,18.0,-0.51,163.0,
2025-04-08 13:50:28,162.0,12.0,320.85,40.0,161.0,12.0,325.24,38.0,241.43,158.85000000000002,24.0,78.0,27.773065549202343,102,-54.0,21.0,-0.53,163.0,
2025-04-08 13:50:29,162.0,11.0,275.63,38.0,161.0,11.0,276.89,27.0,218.82,113.63,22.0,65.0,27.34523267409173,87,-43.0,-15.0,-0.49,163.0,
2025-04-08 13:50:30,161.15,13.0,250.0,26.0,159.06,68.0,272.82,44.0,205.58,88.85,81.0,70.0,17.808647618506207,151,11.0,64.0,0.07,162.0,1.0
2025-04-08 13:50:31,161.0,13.0,239.57,42.0,159.0,78.0,251.14,44.0,200.29,78.57,91.0,86.0,19.221039774166226,177,5.0,26.0,0.03,162.0,
2025-04-08 13:50:32,161.0,13.0,236.33,51.0,158.92,74.0,237.85,52.0,198.67,75.33000000000001,87.0,103.0,17.77693646273277,190,-16.0,13.0,-0.08,162.0,
2025-04-08 13:50:33,158.67,15.0,232.45,56.0,154.9,40.0,233.69,51.0,195.56,73.78,55.0,107.0,9.155628323604668,162,-52.0,-28.0,-0.32,158.67,3.0
2025-04-08 13:50:34,154.49,51.0,228.5,64.0,153.84,43.0,229.5,64.0,191.5,74.00999999999999,94.0,128.0,5.264052621314192,222,-34.0,60.0,-0.15,158.67,
2025-04-08 13:50:35,157.56,86.0,223.65,49.0,156.21,76.0,224.91,46.0,190.61,66.09,162.0,95.0,4.2648950749050965,257,67.0,35.0,0.26,158.67,
2025-04-08 13:50:36,161.0,68.0,217.61,46.0,157.0,170.0,218.63,54.0,189.3,56.610000000000014,238.0,100.0,3.881774078941068,338,138.0,81.0,0.41,158.67,
2025-04-08 13:50:37,161.0,68.0,212.44,64.0,157.0,170.0,213.16,50.0,186.72,51.44,238.0,114.0,3.2427179957447563,352,124.0,14.0,0.35,158.67,
2025-04-08 13:50:38,161.0,49.0,208.56,64.0,157.0,160.0,210.12,64.0,184.78,47.56,209.0,128.0,2.7868117984385328,337,81.0,-15.0,0.24,161.0,3.0
2025-04-08 13:50:39,161.0,14.0,204.05,37.0,157.02,132.0,206.31,52.0,182.53,43.05000000000001,146.0,89.0,3.28196130384065,235,57.0,-102.0,0.24,161.0,
2025-04-08 13:50:40,161.0,13.0,200.41,34.0,158.0,26.0,202.15,26.0,180.71,39.41,39.0,60.0,3.384430528153553,99,-21.0,-136.0,-0.21,161.0,
2025-04-08 13:50:41,158.56,16.0,194.15,34.0,157.04,136.0,196.32,40.0,176.35,35.59,152.0,74.0,3.988630090630756,226,78.0,127.0,0.35,159.5,2.0
2025-04-08 13:50:42,157.01,105.0,190.82,44.0,155.41,49.0,192.33,30.0,173.91,33.81,154.0,74.0,4.460165916182127,228,80.0,2.0,0.35,157.33,3.0
2025-04-08 13:50:43,157.16,88.0,186.84,38.0,155.75,53.0,188.95,37.0,172.0,29.680000000000007,141.0,75.0,4.451561523764486,216,66.0,-12.0,0.31,157.5,4.0
2025-04-08 13:50:44,158.27,33.0,183.95,21.0,156.75,48.0,184.95,42.0,171.11,25.67999999999998,81.0,63.0,3.85932377494416,144,18.0,-72.0,0.12,160.0,4.0
2025-04-08 13:50:45,157.0,82.0,180.91,44.0,155.0,60.0,182.28,43.0,168.95,23.91,142.0,87.0,2.810192164218975,229,55.0,85.0,0.24,157.0,3.0
2025-04-08 13:50:46,159.76,49.0,176.15,26.0,156.88,52.0,178.29,42.0,167.95,16.390000000000015,101.0,68.0,2.3849486367277515,169,33.0,-60.0,0.2,157.0,
2025-04-08 13:50:47,160.0,39.0,171.3,54.0,157.0,45.0,172.02,51.0,165.65,11.300000000000011,84.0,105.0,2.534387499933972,189,-21.0,20.0,-0.11,160.0,1.0
2025-04-08 13:50:48,159.25,24.0,167.1,39.0,156.58,43.0,169.0,33.0,163.18,7.849999999999994,67.0,72.0,3.05511374580604,139,-5.0,-50.0,-0.04,158.5,4.0
2025-04-08 13:50:49,157.0,24.0,163.76,29.0,155.0,36.0,164.15,26.0,160.38,6.759999999999991,60.0,55.0,3.50492082646706,115,5.0,-24.0,0.04,158.5,
2025-04-08 13:50:50,155.73,33.0,158.0,16.0,154.56,32.0,159.02,41.0,156.86,2.2700000000000102,65.0,57.0,4.356871584037197,122,8.0,7.0,0.07,157.0,2.0
2025-04-08 13:50:51,153.61,33.0,201.13,15.0,135.97,33.0,330.84,31.0,177.37,47.51999999999998,66.0,46.0,7.808154071212983,112,20.0,-10.0,0.18,153.8,10.0
2025-04-08 13:50:52,159.4,5.0,326.0,5.0,147.4,5.0,458.4,5.0,242.7,166.6,10.0,10.0,35.8520406671625,20,0.0,-92.0,0.0,153.8,
2025-04-08 13:50:53,161.0,7.0,187.86,7.0,153.0,7.0,190.0,7.0,174.43,26.860000000000014,14.0,14.0,34.864273547571365,28,0.0,8.0,0.0,153.8,
2025-04-08 13:50:54,161.0,12.0,184.42,12.0,153.0,12.0,186.75,12.0,172.71,23.419999999999987,24.0,24.0,33.32402481693794,48,0.0,20.0,0.0,153.8,
2025-04-08 13:50:55,161.0,11.0,181.0,11.0,159.0,56.0,183.18,11.0,171.0,20.0,67.0,22.0,30.86816758409721,89,45.0,41.0,0.51,153.8,
2025-04-08 13:50:56,160.05,21.0,178.23,13.0,158.79,57.0,179.46,13.0,169.14,18.17999999999998,78.0,26.0,31.75940222988937,104,52.0,15.0,0.5,161.0,1.0
2025-04-08 13:50:57,161.67,45.0,178.0,11.0,158.88,51.0,231.58,38.0,169.83,16.330000000000013,96.0,49.0,2.1579550504661853,145,47.0,41.0,0.32,161.0,
2025-04-08 13:50:58,163.0,118.0,175.67,33.0,162.0,48.0,243.08,24.0,169.33,12.669999999999987,166.0,57.0,1.479314030159808,223,109.0,78.0,0.49,163.0,2.0
2025-04-08 13:50:59,163.0,80.0,172.27,33.0,162.0,60.0,174.71,42.0,167.64,9.27000000000001,140.0,75.0,1.2159646375708684,215,65.0,-8.0,0.3,163.0,5.0
2025-04-08 13:51:00,162.48,31.0,168.43,46.0,160.0,60.0,170.0,19.0,165.46,5.950000000000017,91.0,65.0,1.7752887088633154,156,26.0,-59.0,0.17,162.6,5.0
2025-04-08 13:51:01,159.9,40.0,163.2,49.0,157.0,66.0,165.62,16.0,161.55,3.299999999999983,106.0,65.0,3.3778055005891487,171,41.0,15.0,0.24,161.0,3.0
2025-04-08 13:51:02,158.86,28.0,160.25,16.0,157.2,30.0,183.94,16.0,159.55,1.3899999999999864,58.0,32.0,4.095818599474401,90,26.0,-81.0,0.29,159.0,4.0
2025-04-08 13:51:03,158.0,32.0,161.0,8.0,156.89,38.0,467.04,28.0,159.5,3.0,70.0,36.0,3.657123186302449,106,34.0,16.0,0.32,159.0,
2025-04-08 13:51:04,158.0,38.0,160.55,11.0,157.0,66.0,247.0,55.0,159.27,2.550000000000012,104.0,66.0,2.6228667521974787,170,38.0,64.0,0.22,158.0,1.0
2025-04-08 13:51:05,157.06,49.0,158.5,10.0,155.88,16.0,432.48,44.0,157.78,1.4399999999999975,65.0,54.0,1.342739736425311,119,11.0,-51.0,0.09,157.5,6.0
2025-04-08 13:51:06,157.0,34.0,158.0,6.0,154.57,14.0,260.0,22.0,157.5,1.0,48.0,28.0,0.9964687650757508,76,20.0,-43.0,0.26,157.0,1.0
2025-04-08 13:51:07,158.29,90.0,244.42,55.0,157.13,85.0,329.19,37.0,201.35,86.13,175.0,92.0,19.177798361642356,267,83.0,168.0,0.31,159.5,6.0
2025-04-08 13:51:08,159.0,9.0,272.1,21.0,157.0,207.0,273.07,28.0,215.55,113.10000000000002,216.0,49.0,27.994266377239946,265,167.0,-2.0,0.63,159.5,
2025-04-08 13:51:09,159.32,19.0,269.2,25.0,157.08,98.0,270.8,25.0,214.26,109.88,117.0,50.0,29.41945053871537,167,67.0,-98.0,0.4,159.5,
2025-04-08 13:51:10,159.0,36.0,267.17,24.0,158.0,9.0,267.71,21.0,213.08,108.17000000000002,45.0,45.0,24.615561541430942,90,0.0,-77.0,0.0,159.5,
2025-04-08 13:51:11,159.0,28.0,253.14,7.0,158.0,7.0,266.84,19.0,206.07,94.14,35.0,26.0,6.096816382344264,61,9.0,-29.0,0.15,159.5,
2025-04-08 13:51:12,159.0,64.0,259.59,22.0,158.0,16.0,266.72,58.0,209.3,100.58999999999996,80.0,80.0,3.8963405908658846,160,0.0,99.0,0.0,159.5,
2025-04-08 13:51:13,159.0,18.0,256.76,21.0,158.0,9.0,257.33,24.0,207.88,97.76,27.0,45.0,3.4638735542772965,72,-18.0,-88.0,-0.25,159.0,3.0
2025-04-08 13:51:14,157.02,94.0,211.4,10.0,155.27,11.0,256.78,18.0,184.21,54.38,105.0,28.0,11.41776554322222,133,77.0,61.0,0.58,157.38,8.0
2025-04-08 13:51:15,157.0,193.0,180.95,38.0,155.0,22.0,183.97,33.0,168.97,23.94999999999999,215.0,71.0,17.933943515020616,286,144.0,153.0,0.5,157.38,
2025-04-08 13:51:16,157.05,205.0,178.92,12.0,155.84,38.0,181.0,48.0,167.99,21.869999999999976,243.0,60.0,20.157287763980385,303,183.0,17.0,0.6,157.0,2.0
2025-04-08 13:51:17,158.0,98.0,177.69,13.0,157.0,208.0,181.0,52.0,167.85,19.69,306.0,65.0,17.368218100883965,371,241.0,68.0,0.65,158.0,7.0
2025-04-08 13:51:18,158.0,31.0,174.32,31.0,157.0,160.0,175.32,19.0,166.16,16.319999999999993,191.0,50.0,7.433483705493251,241,141.0,-130.0,0.59,158.0,3.0
2025-04-08 13:51:19,157.04,119.0,171.09,44.0,156.12,57.0,173.0,11.0,164.07,14.050000000000011,176.0,55.0,1.9283205127297856,231,121.0,-10.0,0.52,157.75,4.0
2025-04-08 13:51:20,157.07,149.0,168.31,35.0,155.71,56.0,169.91,35.0,162.69,11.240000000000007,205.0,70.0,2.33354237154771,275,135.0,44.0,0.49,157.0,3.0
2025-04-08 13:51:21,162.0,12.0,164.14,44.0,157.0,120.0,165.57,28.0,163.07,2.1399999999999864,132.0,72.0,2.186600100567968,204,60.0,-71.0,0.29,157.0,
2025-04-08 13:51:22,157.14,109.0,160.56,36.0,155.96,71.0,162.05,42.0,158.85,3.420000000000016,180.0,78.0,2.6668745751900813,258,102.0,54.0,0.4,157.71,7.0
2025-04-08 13:51:23,157.8,30.0,304.43,7.0,155.36,22.0,437.72,29.0,231.11,146.63,52.0,36.0,30.894545149586808,88,16.0,-168.0,0.18,160.0,3.0
2025-04-08 13:51:24,161.0,54.0,358.88,17.0,157.0,36.0,600.42,19.0,259.94,197.88,90.0,36.0,47.146930122755066,126,54.0,38.0,0.43,160.0,
2025-04-08 13:51:26,163.0,20.0,295.4,25.0,161.0,60.0,505.0,25.0,229.2,132.39999999999998,80.0,50.0,58.19105575601944,130,30.0,-77.0,0.23,160.0,
2025-04-08 13:51:27,162.67,24.0,266.0,40.0,160.82,66.0,413.0,10.0,214.33,103.33,90.0,50.0,41.91494160797812,140,40.0,10.0,0.29,162.5,4.0
2025-04-08 13:51:28,160.3,43.0,367.77,13.0,158.47,53.0,552.3,23.0,264.04,207.47,96.0,36.0,40.59956957900228,132,60.0,-8.0,0.45,160.6,5.0
2025-04-08 13:51:29,159.0,45.0,352.89,9.0,156.14,21.0,656.0,36.0,255.94,193.89,66.0,45.0,40.5778886833734,111,21.0,-21.0,0.19,160.6,
2025-04-08 13:51:30,160.55,31.0,344.25,8.0,158.54,26.0,639.24,17.0,252.4,183.7,57.0,25.0,20.6804767836764,82,32.0,-29.0,0.39,160.6,
2025-04-08 13:51:32,162.0,30.0,308.02,48.0,159.0,55.0,393.79,48.0,235.01,146.01999999999998,85.0,96.0,30.979183010535998,181,-11.0,100.0,-0.06,162.0,2.0
2025-04-08 13:51:33,156.0,30.0,172.24,38.0,154.9,41.0,199.02,45.0,164.12,16.24000000000001,71.0,83.0,54.75196818380307,154,-12.0,-27.0,-0.08,159.22,9.0
2025-04-08 13:51:34,159.44,27.0,170.0,21.0,154.36,25.0,172.0,35.0,164.72,10.560000000000002,52.0,56.0,64.47976674895851,108,-4.0,-46.0,-0.04,159.22,
2025-04-08 13:51:35,163.0,55.0,169.55,33.0,157.45,49.0,172.0,55.0,166.27,6.550000000000011,104.0,88.0,67.31920357520586,192,16.0,84.0,0.08,163.0,4.0
2025-04-08 13:51:36,163.0,14.0,167.3,46.0,158.0,70.0,171.55,66.0,165.15,4.300000000000011,84.0,112.0,31.29022898605669,196,-28.0,4.0,-0.14,163.0,
2025-04-08 13:51:37,163.0,8.0,165.74,34.0,158.0,40.0,166.5,30.0,164.37,2.740000000000009,48.0,64.0,0.8452396108756648,112,-16.0,-84.0,-0.14,163.0,
2025-04-08 13:51:38,158.24,42.0,162.94,33.0,155.88,34.0,180.53,40.0,160.59,4.699999999999989,76.0,73.0,2.151557575290463,149,3.0,37.0,0.02,163.0,1.0
2025-04-08 13:51:39,158.0,66.0,159.28,36.0,155.0,45.0,161.0,50.0,158.64,1.2800000000000011,111.0,86.0,3.2407529988852657,197,25.0,48.0,0.13,158.67,3.0
2025-04-08 13:51:40,154.62,53.0,243.2,25.0,153.54,142.0,338.9,58.0,198.91,88.57999999999998,195.0,83.0,16.63963701526617,278,112.0,81.0,0.4,156.3,10.0
2025-04-08 13:51:41,154.58,109.0,275.68,37.0,143.64,66.0,290.86,42.0,215.13,121.1,175.0,79.0,25.825789823350327,254,96.0,-24.0,0.38,156.3,
2025-04-08 13:51:42,161.0,54.0,236.0,18.0,154.39,46.0,237.0,30.0,198.5,75.0,100.0,48.0,25.3233396296756,148,52.0,-106.0,0.35,156.3,
2025-04-08 13:51:43,161.0,50.0,236.0,18.0,157.0,18.0,280.2,25.0,198.5,75.0,68.0,43.0,20.984483076786415,111,25.0,-37.0,0.23,161.0,4.0
2025-04-08 13:51:44,161.0,29.0,235.14,21.0,157.0,21.0,291.0,28.0,198.07,74.13999999999999,50.0,49.0,7.445325379053222,99,1.0,-12.0,0.01,161.0,2.0
2025-04-08 13:51:45,161.0,39.0,234.54,39.0,157.44,27.0,306.22,59.0,197.77,73.53999999999999,66.0,98.0,7.573151919773754,164,-32.0,65.0,-0.2,161.0,
2025-04-08 13:51:46,161.0,18.0,234.0,18.0,159.0,84.0,305.0,30.0,197.5,73.0,102.0,48.0,0.4429108261895381,150,54.0,-14.0,0.36,161.0,
2025-04-08 13:51:47,161.0,30.0,233.2,30.0,159.0,140.0,407.8,50.0,197.1,72.19999999999999,170.0,80.0,0.5345745971841113,250,90.0,100.0,0.36,161.0,
2025-04-08 13:51:48,161.0,24.0,201.2,20.0,159.0,112.0,366.5,24.0,181.1,40.19999999999999,136.0,44.0,7.392115394116756,180,92.0,-70.0,0.51,161.0,
2025-04-08 13:51:49,159.69,67.0,174.15,39.0,158.83,138.0,176.0,13.0,166.92,14.460000000000008,205.0,52.0,13.788209455905012,257,153.0,77.0,0.6,160.0,6.0
2025-04-08 13:51:50,160.26,70.0,174.0,24.0,158.83,72.0,270.5,8.0,167.13,13.740000000000007,142.0,32.0,15.14579809715814,174,110.0,-83.0,0.63,160.0,
2025-04-08 13:51:51,159.69,98.0,173.18,33.0,158.51,73.0,338.15,47.0,166.44,13.490000000000007,171.0,80.0,13.4479894407993,251,91.0,77.0,0.36,161.5,8.0
2025-04-08 13:51:52,159.0,110.0,172.5,30.0,157.53,38.0,223.0,50.0,165.75,13.5,148.0,80.0,6.5240761797989215,228,68.0,-23.0,0.3,161.5,
2025-04-08 13:51:53,159.0,145.0,172.0,30.0,158.0,50.0,280.7,50.0,165.5,13.0,195.0,80.0,0.7113156822429938,275,115.0,47.0,0.42,159.0,5.0
2025-04-08 13:51:54,159.0,80.0,172.0,24.0,158.0,40.0,210.71,28.0,165.5,13.0,120.0,52.0,0.7093165723451392,172,68.0,-103.0,0.4,159.0,
2025-04-08 13:51:55,159.0,90.0,172.0,27.0,158.0,45.0,452.11,9.0,165.5,13.0,135.0,36.0,0.4070872139995405,171,99.0,-1.0,0.58,159.0,
2025-04-08 13:51:56,159.24,163.0,169.97,74.0,158.12,85.0,174.5,42.0,164.61,10.72999999999999,248.0,116.0,0.4395110917828516,364,132.0,168.0,0.36,159.0,
2025-04-08 13:51:57,162.0,156.0,169.0,60.0,159.0,120.0,172.0,36.0,165.5,7.0,276.0,96.0,0.3980200997436113,372,180.0,8.0,0.48,159.0,
2025-04-08 13:51:58,162.0,101.0,166.89,27.0,159.0,90.0,169.0,45.0,164.44,4.889999999999986,191.0,72.0,0.5374011535146669,263,119.0,-109.0,0.45,162.0,2.0
2025-04-08 13:51:59,162.0,90.0,165.62,40.0,159.75,64.0,168.68,56.0,163.81,3.620000000000005,154.0,96.0,0.7283337145823153,250,58.0,-13.0,0.23,162.0,5.0
2025-04-08 13:52:00,162.0,51.0,163.36,55.0,161.0,33.0,274.95,38.0,162.68,1.3600000000000136,84.0,93.0,1.0461692022778046,177,-9.0,-73.0,-0.05,162.0,3.0
2025-04-08 13:52:01,161.5,18.0,163.0,30.0,159.46,39.0,301.16,19.0,162.25,1.5,57.0,49.0,1.3168257287098928,106,8.0,-71.0,0.08,162.0,3.0
2025-04-08 13:52:02,159.2,60.0,162.81,31.0,158.4,50.0,222.5,30.0,161.0,3.6100000000000136,110.0,61.0,1.3472304924503753,171,49.0,65.0,0.29,160.5,4.0
2025-04-08 13:52:03,159.0,111.0,161.06,32.0,158.0,70.0,162.72,58.0,160.03,2.0600000000000023,181.0,90.0,1.4723552559704858,271,91.0,100.0,0.34,159.0,5.0
2025-04-08 13:52:04,159.0,40.0,160.0,30.0,158.0,50.0,161.0,20.0,159.5,1.0,90.0,50.0,1.3723592823236272,140,40.0,-131.0,0.29,159.0,
2025-04-08 13:52:05,159.0,40.0,283.38,40.0,158.0,50.0,306.5,30.0,221.19,124.38,90.0,70.0,27.0744220621574,160,20.0,20.0,0.12,160.4,5.0
2025-04-08 13:52:06,159.0,56.0,271.29,70.0,158.0,70.0,416.48,40.0,215.14,112.29000000000002,126.0,110.0,31.838006690116224,236,16.0,76.0,0.07,160.4,
2025-04-08 13:52:07,158.44,36.0,269.33,45.0,157.27,75.0,371.33,9.0,213.89,110.89,111.0,54.0,31.32892513317264,165,57.0,-71.0,0.35,158.8,5.0
2025-04-08 13:52:08,157.0,121.0,266.64,47.0,155.0,55.0,322.0,19.0,211.82,109.64,176.0,66.0,25.28999742981376,242,110.0,77.0,0.45,158.0,4.0
2025-04-08 13:52:09,157.0,137.0,254.44,39.0,155.0,65.0,267.69,29.0,205.72,97.44,202.0,68.0,5.597210912591325,270,134.0,28.0,0.5,157.0,3.0
2025-04-08 13:52:10,157.0,106.0,264.79,58.0,155.0,70.0,265.27,26.0,210.9,107.79000000000002,176.0,84.0,3.6342922282091497,260,92.0,-10.0,0.35,157.0,1.0
2025-04-08 13:52:11,157.0,70.0,257.5,22.0,155.0,70.0,263.45,38.0,207.25,100.5,140.0,60.0,3.357831145250435,200,80.0,-60.0,0.4,157.0,
2025-04-08 13:52:12,157.6,30.0,258.71,56.0,156.5,84.0,261.5,20.0,208.16,101.11,114.0,76.0,2.5408856723607847,190,38.0,-10.0,0.2,157.0,
2025-04-08 13:52:13,159.0,9.0,247.09,33.0,157.0,63.0,258.0,45.0,203.05,88.09,72.0,78.0,2.90936934747029,150,-6.0,-40.0,-0.04,157.0,
2025-04-08 13:52:14,160.5,24.0,197.06,48.0,157.25,48.0,254.96,24.0,178.78,36.56,72.0,72.0,13.07953630676459,144,0.0,-6.0,0.0,157.0,
2025-04-08 13:52:15,161.0,18.0,196.0,30.0,159.0,6.0,220.57,14.0,178.5,35.0,24.0,44.0,15.192757155958924,68,-20.0,-76.0,-0.29,157.0,
2025-04-08 13:52:16,161.88,32.0,195.32,41.0,160.56,27.0,205.56,45.0,178.6,33.44,59.0,86.0,14.887015147433454,145,-27.0,77.0,-0.19,157.0,
2025-04-08 13:52:17,164.0,10.0,192.27,22.0,161.0,30.0,194.76,34.0,178.14,28.27000000000001,40.0,56.0,10.97933877789933,96,-16.0,-49.0,-0.17,164.0,1.0
2025-04-08 13:52:18,164.0,12.0,190.51,43.0,162.67,36.0,191.86,21.0,177.26,26.50999999999999,48.0,64.0,0.6037217901141502,112,-16.0,16.0,-0.14,163.5,2.0
2025-04-08 13:52:19,161.1,42.0,187.5,68.0,159.35,17.0,187.64,25.0,174.3,26.40000000000001,59.0,93.0,1.7901955200073094,152,-34.0,40.0,-0.22,162.0,4.0
2025-04-08 13:52:20,161.0,5.0,182.8,20.0,159.0,45.0,183.94,18.0,171.9,21.80000000000001,50.0,38.0,2.8556610442851613,88,12.0,-64.0,0.14,162.0,
2025-04-08 13:52:21,161.0,7.0,180.71,35.0,159.0,63.0,182.0,28.0,170.86,19.710000000000008,70.0,63.0,3.1982995481724883,133,7.0,45.0,0.05,162.0,
2025-04-08 13:52:22,161.0,14.0,176.79,52.0,159.0,126.0,178.93,41.0,168.89,15.789999999999992,140.0,93.0,3.235679217696263,233,47.0,100.0,0.2,162.0,
2025-04-08 13:52:23,161.0,13.0,172.81,47.0,159.0,117.0,174.11,54.0,166.9,11.810000000000002,130.0,101.0,2.8309539028075767,231,29.0,-2.0,0.13,162.0,
2025-04-08 13:52:24,159.19,62.0,169.07,29.0,158.38,142.0,169.51,57.0,164.13,9.879999999999995,204.0,86.0,3.1197804409624057,290,118.0,59.0,0.41,159.67,3.0
2025-04-08 13:52:25,159.0,40.0,164.77,13.0,158.0,110.0,166.18,22.0,161.88,5.77000000000001,150.0,35.0,3.599926388108771,185,115.0,-105.0,0.62,159.0,5.0
2025-04-08 13:52:26,159.6,30.0,163.67,9.0,157.61,46.0,165.78,27.0,161.63,4.069999999999993,76.0,36.0,3.1661222338679216,112,40.0,-73.0,0.36,160.25,8.0
2025-04-08 13:52:27,158.0,88.0,164.0,10.0,157.0,160.0,328.38,39.0,161.0,6.0,248.0,49.0,2.4269260392078498,297,199.0,168.0,0.67,158.0,2.0
2025-04-08 13:52:28,158.0,105.0,241.18,39.0,157.0,240.0,253.33,51.0,199.59,83.18,345.0,90.0,16.78086499557806,435,255.0,138.0,0.59,161.57,7.0
2025-04-08 13:52:29,158.0,29.0,250.42,53.0,157.0,192.0,321.42,31.0,204.21,92.42,221.0,84.0,22.18869239049152,305,137.0,-130.0,0.45,158.0,5.0
2025-04-08 13:52:30,158.0,24.0,314.13,30.0,157.0,144.0,719.31,29.0,236.07,156.13,168.0,59.0,31.744857851310787,227,109.0,-78.0,0.48,158.0,
2025-04-08 13:52:31,158.7,40.0,420.57,35.0,157.25,64.0,422.0,7.0,289.64,261.87,104.0,42.0,48.05427837352311,146,62.0,-81.0,0.42,158.0,
2025-04-08 13:52:32,160.93,59.0,420.0,45.0,159.39,36.0,422.0,9.0,290.47,259.07,95.0,54.0,44.33071034847261,149,41.0,3.0,0.28,158.0,
2025-04-08 13:52:33,163.0,63.0,392.41,29.0,162.0,27.0,432.32,31.0,277.71,229.41000000000005,90.0,60.0,38.09541179722634,150,30.0,1.0,0.2,158.0,
2025-04-08 13:52:34,163.0,63.0,384.0,33.0,162.0,27.0,418.86,29.0,273.5,221.0,90.0,62.0,22.17660411335151,152,28.0,2.0,0.18,158.0,
2025-04-08 13:52:35,163.7,71.0,314.0,33.0,162.0,33.0,315.0,55.0,238.85,150.3,104.0,88.0,21.00833953458296,192,16.0,40.0,0.08,164.0,2.0
2025-04-08 13:52:36,164.0,36.0,241.0,30.0,162.4,30.0,314.62,40.0,202.5,77.0,66.0,70.0,35.77810545571462,136,-4.0,-56.0,-0.03,164.0,2.0
2025-04-08 13:52:37,164.0,24.0,314.0,24.0,163.0,24.0,347.72,36.0,239.0,150.0,48.0,60.0,30.633559538522224,108,-12.0,-28.0,-0.11,164.0,
2025-04-08 13:52:38,163.96,25.0,285.48,33.0,162.89,27.0,291.24,38.0,224.72,121.52,52.0,71.0,25.84788153795461,123,-19.0,15.0,-0.15,163.6,5.0
2025-04-08 13:52:39,163.0,11.0,280.51,41.0,162.0,33.0,282.49,47.0,221.76,117.51,44.0,88.0,15.033119436766404,132,-44.0,9.0,-0.33,163.6,
2025-04-08 13:52:40,163.0,8.0,276.88,34.0,162.0,24.0,277.8,30.0,219.94,113.88,32.0,64.0,13.039213166447784,96,-32.0,-36.0,-0.33,163.6,
2025-04-08 13:52:41,163.0,6.0,274.17,18.0,162.0,18.0,276.0,30.0,218.58,111.17000000000002,24.0,48.0,8.26432090374528,72,-24.0,-24.0,-0.33,163.6,
2025-04-08 13:52:42,159.3,67.0,272.17,60.0,159.94,31.0,274.0,36.0,215.73,112.87,98.0,96.0,3.373511523629082,194,2.0,122.0,0.01,160.44,9.0
2025-04-08 13:52:43,159.0,60.0,272.0,50.0,158.0,30.0,274.0,30.0,215.5,113.0,90.0,80.0,2.7011330955821307,170,10.0,-24.0,0.06,160.44,
2025-04-08 13:52:44,159.0,54.0,271.51,39.0,158.0,27.0,272.82,33.0,215.26,112.51,81.0,72.0,2.12311563510864,153,9.0,-17.0,0.06,160.44,
2025-04-08 13:52:45,159.0,36.0,259.11,19.0,158.0,18.0,299.29,17.0,209.05,100.11,54.0,36.0,3.496945810279611,90,18.0,-63.0,0.2,160.44,
2025-04-08 13:52:46,159.0,35.0,194.9,29.0,158.0,30.0,212.19,21.0,176.95,35.900000000000006,65.0,50.0,16.752876469430298,115,15.0,25.0,0.13,159.0,3.0
2025-04-08 13:52:47,159.88,16.0,169.8,30.0,158.3,30.0,429.14,21.0,164.84,9.920000000000016,46.0,51.0,23.742557781333108,97,-5.0,-18.0,-0.05,159.0,
2025-04-08 13:52:48,161.0,10.0,168.6,30.0,158.82,51.0,233.3,46.0,164.8,7.599999999999994,61.0,76.0,24.32270646946781,137,-15.0,40.0,-0.11,159.0,
2025-04-08 13:52:49,161.0,9.0,166.67,27.0,159.0,54.0,167.67,27.0,163.83,5.669999999999988,63.0,54.0,19.308309869065194,117,9.0,-20.0,0.08,159.0,
2025-04-08 13:52:50,161.8,15.0,165.89,27.0,159.5,24.0,166.89,27.0,163.84,4.089999999999975,39.0,54.0,5.666415974828818,93,-15.0,-24.0,-0.16,159.0,
2025-04-08 13:52:51,162.0,18.0,164.67,27.0,161.0,9.0,165.67,27.0,163.33,2.6699999999999875,27.0,54.0,0.6646578065303631,81,-27.0,-12.0,-0.33,159.0,
2025-04-08 13:52:52,162.0,26.0,163.54,39.0,161.0,13.0,165.0,39.0,162.77,1.539999999999992,39.0,78.0,0.7495532000997072,117,-39.0,36.0,-0.33,159.0,
2025-04-08 13:52:53,159.17,23.0,162.0,27.0,158.63,19.0,163.89,27.0,160.59,2.8300000000000125,42.0,54.0,1.3493035239617452,96,-12.0,-21.0,-0.12,160.33,6.0
2025-04-08 13:52:54,158.5,22.0,160.18,33.0,157.08,61.0,181.19,32.0,159.34,1.6800000000000068,83.0,65.0,1.9240400203143293,148,18.0,52.0,0.12,159.0,3.0
2025-04-08 13:52:55,157.0,72.0,158.33,18.0,155.0,64.0,257.0,45.0,157.67,1.3300000000000125,136.0,63.0,2.3577743742277666,199,73.0,51.0,0.37,158.0,3.0
2025-04-08 13:52:56,157.0,80.0,268.15,52.0,155.0,154.0,379.38,64.0,212.58,111.14999999999998,234.0,116.0,23.546769417476646,350,118.0,151.0,0.34,157.0,4.0
2025-04-08 13:52:57,157.0,14.0,337.0,30.0,155.0,66.0,423.33,18.0,247.0,180.0,80.0,48.0,40.546881877647465,128,32.0,-168.0,0.25,157.0,2.0
2025-04-08 13:52:58,159.43,93.0,201.17,58.0,156.41,37.0,296.0,70.0,180.3,41.73999999999998,130.0,128.0,38.17301560002714,258,2.0,130.0,0.01,158.75,4.0
2025-04-08 13:52:59,161.0,42.0,185.78,23.0,157.0,14.0,206.0,33.0,173.39,24.78,56.0,56.0,35.65939805997753,112,0.0,-146.0,0.0,158.75,
2025-04-08 13:53:00,161.75,48.0,185.0,40.0,157.18,17.0,186.0,24.0,173.38,23.25,65.0,64.0,32.15749679312655,129,1.0,17.0,0.01,158.75,
2025-04-08 13:53:01,159.69,26.0,184.18,55.0,157.64,28.0,338.6,25.0,171.94,24.49000000000001,54.0,80.0,32.473782040284505,134,-26.0,5.0,-0.19,162.0,6.0
2025-04-08 13:53:02,158.0,36.0,180.67,60.0,157.0,24.0,315.8,30.0,169.33,22.669999999999987,60.0,90.0,4.060415003399217,150,-30.0,16.0,-0.2,162.0,
2025-04-08 13:53:03,158.0,27.0,179.0,60.0,157.0,18.0,397.17,29.0,168.5,21.0,45.0,89.0,2.2817033110854035,134,-44.0,-16.0,-0.33,162.0,
2025-04-08 13:53:04,158.0,33.0,178.11,73.0,157.0,22.0,265.3,47.0,168.05,20.110000000000014,55.0,120.0,2.313082359063978,175,-65.0,41.0,-0.37,162.0,
2025-04-08 13:53:05,155.68,56.0,176.82,34.0,155.51,59.0,203.09,54.0,166.25,21.139999999999983,115.0,88.0,2.079334027953696,203,27.0,28.0,0.13,157.11,9.0
2025-04-08 13:53:06,157.43,23.0,173.27,11.0,154.58,96.0,175.0,55.0,165.35,15.840000000000003,119.0,66.0,1.6459283094350885,185,53.0,-18.0,0.29,156.6,5.0
2025-04-08 13:53:07,154.21,76.0,172.9,10.0,139.0,52.0,175.0,50.0,163.56,18.69,128.0,60.0,2.019051757581821,188,68.0,3.0,0.36,155.0,4.0
2025-04-08 13:53:08,154.16,51.0,175.0,30.0,126.5,20.0,191.0,30.0,164.58,20.840000000000003,71.0,60.0,1.7088504907657716,131,11.0,-57.0,0.08,155.0,
2025-04-08 13:53:09,157.08,26.0,173.61,57.0,150.6,106.0,182.74,57.0,165.35,16.53,132.0,114.0,1.0069607737085768,246,18.0,115.0,0.07,156.67,3.0
2025-04-08 13:53:10,154.0,126.0,167.33,78.0,94.0,34.0,169.46,56.0,160.67,13.330000000000013,160.0,134.0,1.9503768865996896,294,26.0,48.0,0.09,154.0,2.0
2025-04-08 13:53:11,154.13,69.0,162.74,54.0,123.57,28.0,163.7,46.0,158.44,8.610000000000014,97.0,100.0,2.8897664265084577,197,-3.0,-97.0,-0.02,154.0,
2025-04-08 13:53:12,157.6,75.0,161.0,52.0,154.39,69.0,162.0,65.0,159.3,3.4000000000000057,144.0,117.0,3.124911198701688,261,27.0,64.0,0.1,154.0,
2025-04-08 13:53:13,158.5,48.0,161.37,51.0,157.96,141.0,164.06,34.0,159.94,2.8700000000000045,189.0,85.0,2.7046533973444,274,104.0,13.0,0.38,160.0,4.0
2025-04-08 13:53:14,158.19,144.0,161.2,71.0,157.56,135.0,165.22,36.0,159.7,3.009999999999991,279.0,107.0,0.8224354076528039,386,172.0,112.0,0.45,159.67,6.0
2025-04-08 13:53:15,158.0,124.0,159.0,30.0,155.0,30.0,194.15,26.0,158.5,1.0,154.0,56.0,0.6841637229193727,210,98.0,-168.0,0.47,158.0,2.0
2025-04-08 13:53:16,158.0,97.0,330.77,35.0,155.0,50.0,403.21,38.0,244.39,172.76999999999998,147.0,73.0,38.0305006540782,220,74.0,10.0,0.34,158.0,3.0
2025-04-08 13:53:17,158.0,95.0,306.73,11.0,155.0,92.0,398.46,24.0,232.36,148.73000000000002,187.0,35.0,43.4793137020344,222,152.0,2.0,0.68,158.0,
2025-04-08 13:53:18,158.0,54.0,342.0,6.0,155.0,48.0,445.5,6.0,250.0,184.0,102.0,12.0,45.98880624673797,114,90.0,-108.0,0.79,158.0,
2025-04-08 13:53:19,158.0,57.0,276.92,13.0,155.0,56.0,539.45,22.0,217.46,118.92000000000002,113.0,35.0,36.860800588159535,148,78.0,34.0,0.53,158.0,2.0
2025-04-08 13:53:20,158.0,70.0,219.31,13.0,156.34,73.0,437.29,31.0,188.65,61.31,143.0,44.0,24.601625352811386,187,99.0,39.0,0.53,158.0,
2025-04-08 13:53:21,158.0,49.0,217.14,7.0,157.0,49.0,566.0,21.0,187.57,59.13999999999999,98.0,28.0,27.28979791057522,126,70.0,-61.0,0.56,158.0,
2025-04-08 13:53:22,158.0,40.0,217.0,10.0,157.0,70.0,524.29,28.0,187.5,59.0,110.0,38.0,27.613359628991013,148,72.0,22.0,0.49,158.0,3.0
2025-04-08 13:53:23,158.0,36.0,216.11,9.0,157.0,63.0,356.77,13.0,187.06,58.110000000000014,99.0,22.0,13.324161136819384,121,77.0,-27.0,0.64,158.0,
2025-04-08 13:53:24,158.0,44.0,215.27,11.0,157.0,77.0,379.38,21.0,186.64,57.27000000000001,121.0,32.0,0.7515517280248418,153,89.0,32.0,0.58,158.0,
2025-04-08 13:53:25,157.71,62.0,209.83,18.0,156.27,88.0,214.83,12.0,183.77,52.120000000000005,150.0,30.0,1.575649072570479,180,120.0,27.0,0.67,158.0,4.0
2025-04-08 13:53:26,159.0,33.0,213.0,9.0,157.0,63.0,215.0,9.0,186.0,54.0,96.0,18.0,1.463550477397566,114,78.0,-66.0,0.68,159.0,2.0
2025-04-08 13:53:27,159.0,27.0,184.23,13.0,157.0,63.0,194.91,11.0,171.62,25.22999999999999,90.0,24.0,6.496708397325125,114,66.0,0.0,0.58,159.0,
2025-04-08 13:53:28,159.0,15.0,169.44,9.0,157.0,63.0,265.29,17.0,164.22,10.439999999999998,78.0,26.0,10.019016917834414,104,52.0,-10.0,0.5,159.0,2.0
2025-04-08 13:53:29,159.0,22.0,168.62,13.0,157.0,91.0,286.08,39.0,163.81,9.620000000000005,113.0,52.0,10.541993644459748,165,61.0,61.0,0.37,159.0,
2025-04-08 13:53:30,159.0,8.0,167.0,8.0,157.0,83.0,225.36,14.0,163.0,8.0,91.0,22.0,9.7337608353508,113,69.0,-52.0,0.61,159.0,
2025-04-08 13:53:31,159.0,11.0,165.09,11.0,157.0,77.0,378.28,25.0,162.05,6.090000000000003,88.0,36.0,3.825356192537553,124,52.0,11.0,0.42,159.0,
2025-04-08 13:53:32,157.03,61.0,162.14,35.0,155.18,79.0,203.81,26.0,159.59,5.109999999999985,140.0,61.0,1.8431847437990023,201,79.0,77.0,0.39,157.67,3.0
2025-04-08 13:53:33,155.45,11.0,159.67,12.0,154.83,36.0,161.0,6.0,157.56,4.219999999999999,47.0,18.0,2.579548410045207,65,29.0,-136.0,0.45,157.67,
2025-04-08 13:53:34,155.18,34.0,159.3,20.0,154.5,72.0,166.62,32.0,157.24,4.1200000000000045,106.0,52.0,2.5922519167241838,158,54.0,93.0,0.34,156.0,3.0
2025-04-08 13:53:35,156.69,55.0,160.0,23.0,154.26,86.0,176.39,67.0,158.35,3.3100000000000023,141.0,90.0,1.9516326497974927,231,51.0,73.0,0.22,158.0,4.0
2025-04-08 13:53:36,156.33,30.0,235.22,9.0,155.36,22.0,387.92,37.0,195.78,78.88999999999999,52.0,46.0,16.83739973985857,98,6.0,-133.0,0.06,158.0,4.0
2025-04-08 13:53:37,161.0,9.0,325.64,25.0,156.0,36.0,443.29,21.0,243.32,164.64,45.0,46.0,37.811083031300136,91,-1.0,-7.0,-0.01,158.0,
2025-04-08 13:53:38,163.46,26.0,324.54,39.0,161.0,13.0,465.0,65.0,244.0,161.08,39.0,104.0,42.991940174874166,143,-65.0,52.0,-0.45,158.0,
2025-04-08 13:53:39,164.83,24.0,313.26,38.0,162.62,26.0,432.5,24.0,239.05,148.42999999999998,50.0,62.0,38.0591835172543,112,-12.0,-31.0,-0.11,164.33,3.0
2025-04-08 13:53:40,159.06,31.0,281.0,30.0,156.23,13.0,543.8,10.0,220.03,121.94,44.0,40.0,20.69724450259267,84,4.0,-28.0,0.05,159.4,10.0
2025-04-08 13:53:41,157.0,24.0,267.55,31.0,155.11,18.0,315.68,41.0,212.27,110.55,42.0,72.0,14.612023473842315,114,-30.0,30.0,-0.26,159.4,
2025-04-08 13:53:42,156.0,20.0,237.5,30.0,155.0,23.0,369.57,44.0,196.75,81.5,43.0,74.0,19.428952622312732,117,-31.0,3.0,-0.26,159.4,
2025-04-08 13:53:43,156.0,6.0,443.0,13.0,155.0,9.0,582.91,11.0,299.5,287.0,15.0,24.0,39.9046262982142,39,-9.0,-78.0,-0.23,159.4,
2025-04-08 13:53:44,148.64,11.0,376.48,21.0,138.8,15.0,529.15,26.0,262.56,227.84000000000003,26.0,47.0,42.04674030171841,73,-21.0,34.0,-0.29,155.4,5.0
2025-04-08 13:53:47,132.0,23.0,215.38,24.0,104.35,20.0,353.3,43.0,173.69,83.38,43.0,67.0,72.02269899135966,110,-24.0,2.0,-0.22,152.0,1.0
2025-04-08 13:53:48,155.0,15.0,194.8,25.0,146.33,9.0,261.82,22.0,174.9,39.80000000000001,24.0,47.0,50.731248456941,71,-23.0,-39.0,-0.32,152.0,1.0
2025-04-08 13:53:49,163.0,56.0,186.0,40.0,158.94,50.0,246.33,18.0,174.5,23.0,106.0,58.0,24.7429005979451,164,48.0,93.0,0.29,152.0,
2025-04-08 13:53:50,163.0,20.0,245.45,22.0,159.0,42.0,432.86,14.0,204.23,82.44999999999999,62.0,36.0,12.940732977689963,98,26.0,-66.0,0.27,163.0,6.0
2025-04-08 13:53:51,159.25,32.0,295.0,27.0,158.21,19.0,636.43,14.0,227.12,135.75,51.0,41.0,24.03497805282787,92,10.0,-6.0,0.11,161.0,2.0
2025-04-08 13:53:52,159.0,40.0,255.73,22.0,156.0,9.0,378.86,21.0,207.36,96.73,49.0,43.0,22.691091203376494,92,6.0,0.0,0.07,159.0,2.0
2025-04-08 13:53:53,159.0,24.0,319.33,12.0,156.0,15.0,432.43,14.0,239.17,160.32999999999998,39.0,26.0,24.715192291382497,65,13.0,-27.0,0.2,159.0,
2025-04-08 13:53:54,161.14,28.0,357.55,22.0,158.0,24.0,474.75,16.0,259.34,196.41000000000005,52.0,38.0,22.89768394401704,90,14.0,25.0,0.16,159.0,
2025-04-08 13:53:55,164.0,36.0,319.13,46.0,159.0,48.0,439.29,28.0,241.57,155.13,84.0,74.0,19.22897995214859,158,10.0,68.0,0.06,159.0,
2025-04-08 13:53:56,164.0,21.0,324.0,28.0,159.0,28.0,331.0,14.0,244.0,160.0,49.0,42.0,18.999370252725463,91,7.0,-67.0,0.08,159.0,
2025-04-08 13:53:57,164.0,27.0,323.86,37.0,159.0,38.0,329.33,18.0,243.93,159.86,65.0,55.0,7.932879048629543,120,10.0,29.0,0.08,159.0,
2025-04-08 13:53:58,164.0,33.0,321.64,55.0,159.0,55.0,323.15,53.0,242.82,157.64,88.0,108.0,7.338710377184067,196,-20.0,76.0,-0.1,159.0,
2025-04-08 13:53:59,161.5,24.0,320.0,28.0,158.07,29.0,321.0,35.0,240.75,158.5,53.0,63.0,1.436986430058178,116,-10.0,-80.0,-0.09,162.75,4.0
2025-04-08 13:54:00,159.0,40.0,293.71,45.0,156.0,30.0,318.51,45.0,226.36,134.70999999999998,70.0,90.0,7.501557838219775,160,-20.0,44.0,-0.12,162.75,
2025-04-08 13:54:01,159.0,44.0,179.76,54.0,156.0,33.0,181.92,39.0,169.38,20.75999999999999,77.0,93.0,31.696901583594645,170,-16.0,10.0,-0.09,162.75,
2025-04-08 13:54:02,159.0,40.0,175.19,63.0,156.34,29.0,176.41,61.0,167.1,16.189999999999998,69.0,124.0,38.00717458585958,193,-55.0,23.0,-0.28,159.0,1.0
2025-04-08 13:54:03,159.84,38.0,172.5,50.0,158.92,26.0,174.0,40.0,166.17,12.659999999999997,64.0,90.0,36.52733182152696,154,-26.0,-39.0,-0.17,159.0,
2025-04-08 13:54:04,160.0,34.0,170.07,60.0,159.0,42.0,171.29,70.0,165.03,10.069999999999991,76.0,130.0,26.630384338192748,206,-54.0,52.0,-0.26,160.0,2.0
2025-04-08 13:54:05,159.1,21.0,162.1,20.0,157.65,17.0,168.94,35.0,160.6,3.0,38.0,55.0,3.2470186324991444,93,-17.0,-113.0,-0.18,159.4,5.0
2025-04-08 13:54:06,156.4,15.0,159.95,58.0,148.13,30.0,170.6,62.0,158.17,3.549999999999983,45.0,120.0,3.847457602077722,165,-75.0,72.0,-0.45,158.14,7.0
2025-04-08 13:54:07,155.95,37.0,158.81,43.0,151.67,9.0,169.11,45.0,157.38,2.8600000000000136,46.0,88.0,3.972990057850146,134,-42.0,-31.0,-0.31,158.0,2.0
2025-04-08 13:54:08,155.67,15.0,157.86,29.0,129.85,13.0,258.56,45.0,156.76,2.190000000000026,28.0,74.0,3.373539684036176,102,-46.0,-32.0,-0.45,157.17,6.0
2025-04-08 13:54:09,143.8,30.0,154.82,40.0,129.14,29.0,174.11,38.0,149.31,11.019999999999982,59.0,78.0,4.246213607409716,137,-19.0,35.0,-0.14,155.0,1.0
2025-04-08 13:54:17,147.95,42.0,153.0,24.0,145.64,11.0,205.0,6.0,150.48,5.050000000000011,53.0,30.0,1.7978542765498504,83,23.0,-45.0,0.28,153.0,1.0
2025-04-08 13:54:18,148.03,74.0,153.0,34.0,147.31,26.0,155.0,10.0,150.51,4.969999999999999,100.0,44.0,1.809107514691377,144,56.0,61.0,0.39,153.0,1.0
2025-04-08 13:54:19,149.98,82.0,153.0,41.0,148.18,88.0,350.11,19.0,151.49,3.0200000000000102,170.0,60.0,1.6714753960850126,230,110.0,86.0,0.48,153.0,2.0
2025-04-08 13:54:20,151.28,29.0,374.47,17.0,141.1,42.0,306.83,23.0,262.87,223.19000000000003,71.0,40.0,50.36832059935915,111,31.0,-119.0,0.28,152.44,9.0
2025-04-08 13:54:21,154.2,25.0,355.56,43.0,109.85,41.0,438.0,38.0,254.88,201.36,66.0,81.0,59.24928548092312,147,-15.0,36.0,-0.1,152.44,
2025-04-08 13:54:22,164.0,7.0,356.06,34.0,155.06,17.0,375.87,23.0,260.03,192.06,24.0,57.0,59.36657881333596,81,-33.0,-66.0,-0.41,152.44,
2025-04-08 13:54:23,164.0,4.0,395.0,20.0,162.0,4.0,583.0,4.0,279.5,231.0,8.0,24.0,51.29458967571679,32,-16.0,-49.0,-0.5,152.44,
2025-04-08 13:54:24,156.29,28.0,265.0,35.0,58.36,45.0,569.14,7.0,210.64,108.71,73.0,42.0,25.716174482224368,115,31.0,83.0,0.27,157.75,8.0
2025-04-08 13:54:25,156.0,16.0,232.76,41.0,117.04,46.0,537.85,13.0,194.38,76.75999999999999,62.0,54.0,35.798024805848485,116,8.0,1.0,0.07,156.0,1.0
2025-04-08 13:54:26,126.39,31.0,164.0,40.0,104.6,35.0,226.5,8.0,145.19,37.61,66.0,48.0,53.53066289520466,114,18.0,-2.0,0.16,156.0,1.0
2025-04-08 13:54:27,140.23,26.0,164.0,35.0,134.6,30.0,315.0,7.0,152.12,23.77000000000001,56.0,42.0,54.07320205055311,98,14.0,-16.0,0.14,156.0,
2025-04-08 13:54:28,157.94,62.0,236.36,25.0,153.71,42.0,672.56,9.0,197.15,78.42000000000002,104.0,34.0,29.277520899144868,138,70.0,40.0,0.51,162.0,3.0
2025-04-08 13:54:29,162.0,23.0,437.0,5.0,158.0,30.0,593.6,5.0,299.5,275.0,53.0,10.0,61.66319055968437,63,43.0,-75.0,0.68,162.0,1.0
2025-04-08 13:54:30,162.0,40.0,458.86,22.0,158.0,60.0,549.18,22.0,310.43,296.86,100.0,44.0,79.40455509604001,144,56.0,81.0,0.39,162.0,
2025-04-08 13:54:31,162.0,38.0,430.71,14.0,158.0,66.0,504.49,41.0,296.36,268.71,104.0,55.0,71.79609787446805,159,49.0,15.0,0.31,162.0,1.0
2025-04-08 13:54:34,163.0,32.0,332.52,33.0,162.0,24.0,366.92,24.0,247.76,169.51999999999998,56.0,57.0,34.81559679224873,113,-1.0,11.0,-0.01,162.0,
2025-04-08 13:54:35,163.0,44.0,306.82,44.0,162.0,33.0,340.33,49.0,234.91,143.82,77.0,93.0,45.84156738158468,170,-16.0,57.0,-0.09,162.0,
2025-04-08 13:54:36,163.6,10.0,303.86,14.0,162.89,27.0,306.34,29.0,233.73,140.26000000000002,37.0,43.0,51.43092775753038,80,-6.0,-90.0,-0.07,162.0,
2025-04-08 13:54:37,164.0,10.0,303.0,20.0,163.0,40.0,308.0,50.0,233.5,139.0,50.0,70.0,42.64695358405115,120,-20.0,40.0,-0.17,162.0,
2025-04-08 13:54:38,163.03,35.0,299.9,50.0,162.1,40.0,305.27,41.0,231.46,136.86999999999998,75.0,91.0,6.54083863125499,166,-16.0,46.0,-0.1,163.33,3.0
2025-04-08 13:54:39,161.14,28.0,253.07,45.0,159.6,30.0,256.62,45.0,207.1,91.93,58.0,90.0,11.827030481066622,148,-32.0,-18.0,-0.22,161.0,8.0
2025-04-08 13:54:40,158.18,44.0,245.37,62.0,157.23,70.0,246.66,29.0,201.78,87.19,114.0,91.0,15.72427995171948,205,23.0,57.0,0.11,161.0,
2025-04-08 13:54:41,160.69,26.0,188.56,55.0,158.0,52.0,216.15,27.0,174.63,27.870000000000005,78.0,82.0,24.18330374452569,160,-4.0,-45.0,-0.03,161.0,
2025-04-08 13:54:42,162.1,20.0,181.1,50.0,158.0,40.0,181.92,26.0,171.6,19.0,60.0,76.0,24.78625586892727,136,-16.0,-24.0,-0.12,161.0,
2025-04-08 13:54:43,158.71,28.0,176.89,46.0,157.1,80.0,178.85,52.0,167.8,18.17999999999998,108.0,98.0,18.385059695303426,206,10.0,70.0,0.05,160.5,4.0
2025-04-08 13:54:44,157.26,54.0,171.97,78.0,156.38,112.0,173.81,36.0,164.62,14.710000000000008,166.0,114.0,14.853894438827474,280,52.0,74.0,0.19,157.5,4.0
2025-04-08 13:54:45,158.0,36.0,167.35,48.0,156.3,60.0,168.08,48.0,162.68,9.349999999999994,96.0,96.0,4.907390345162312,192,0.0,-88.0,0.0,157.0,1.0
2025-04-08 13:54:46,159.0,76.0,163.61,44.0,157.0,48.0,165.35,68.0,161.31,4.610000000000014,124.0,112.0,4.145204458139503,236,12.0,44.0,0.05,157.0,
2025-04-08 13:54:47,158.13,55.0,160.16,57.0,156.27,77.0,161.51,43.0,159.14,2.030000000000001,132.0,100.0,3.2962857885456254,232,32.0,-4.0,0.14,159.0,5.0
2025-04-08 13:54:48,156.1,79.0,157.8,30.0,155.28,76.0,274.75,52.0,156.95,1.700000000000017,155.0,82.0,2.994453205471346,237,73.0,5.0,0.31,156.5,6.0
2025-04-08 13:54:49,156.0,40.0,203.17,35.0,155.0,50.0,282.65,46.0,179.59,47.16999999999999,90.0,81.0,9.018410613837212,171,9.0,-66.0,0.05,161.0,4.0
2025-04-08 13:54:50,156.0,52.0,173.71,28.0,155.0,65.0,253.69,26.0,164.86,17.710000000000008,117.0,54.0,8.99529599289394,171,63.0,0.0,0.37,161.0,
2025-04-08 13:54:51,156.0,44.0,180.0,48.0,155.0,55.0,294.57,28.0,168.0,24.0,99.0,76.0,8.923613057488543,175,23.0,4.0,0.13,161.0,
2025-04-08 13:54:52,156.17,24.0,179.65,43.0,155.09,44.0,323.32,41.0,167.91,23.480000000000015,68.0,84.0,8.137122955921718,152,-16.0,-23.0,-0.11,156.0,2.0
2025-04-08 13:54:53,160.12,64.0,176.93,70.0,148.38,53.0,178.07,70.0,168.53,16.810000000000002,117.0,140.0,5.671646145502987,257,-23.0,105.0,-0.09,156.2,5.0
2025-04-08 13:54:54,163.0,55.0,174.04,53.0,155.0,44.0,175.47,47.0,168.52,11.039999999999992,99.0,100.0,1.538548016731561,199,-1.0,-58.0,-0.01,156.2,
2025-04-08 13:54:55,163.0,38.0,170.08,37.0,155.0,40.0,170.8,44.0,166.54,7.0800000000000125,78.0,81.0,0.8125576901304912,159,-3.0,-40.0,-0.02,163.0,3.0
2025-04-08 13:54:56,161.35,34.0,163.72,46.0,155.97,66.0,166.09,69.0,162.54,2.3700000000000045,100.0,115.0,2.5198353120363124,215,-15.0,56.0,-0.07,163.0,2.0
2025-04-08 13:54:57,157.8,20.0,159.9,40.0,156.55,29.0,162.0,50.0,158.85,2.0999999999999943,49.0,90.0,4.215949477849185,139,-41.0,-76.0,-0.29,157.8,5.0
2025-04-08 13:54:58,155.77,26.0,157.48,54.0,149.66,41.0,161.71,69.0,156.63,1.7099999999999795,67.0,123.0,5.006888255170662,190,-56.0,51.0,-0.29,155.2,5.0
2025-04-08 13:55:00,151.25,24.0,155.75,20.0,63.6,60.0,161.86,44.0,153.5,4.5,84.0,64.0,9.96509056655909,148,20.0,38.0,0.14,152.0,2.0
2025-04-08 13:55:01,149.69,13.0,153.0,48.0,68.64,25.0,174.55,11.0,151.35,3.3100000000000023,38.0,59.0,8.645286577072778,97,-21.0,-51.0,-0.22,152.83,6.0
2025-04-08 13:55:02,126.75,12.0,173.85,46.0,20.62,68.0,289.11,18.0,150.3,47.1,80.0,64.0,7.593854752344616,144,16.0,47.0,0.11,153.0,4.0
2025-04-08 13:55:06,159.12,41.0,186.0,27.0,144.87,47.0,397.15,13.0,172.56,26.879999999999995,88.0,40.0,24.690094167495072,128,48.0,-41.0,0.38,153.0,
2025-04-08 13:55:07,164.0,11.0,279.04,51.0,159.0,55.0,306.64,47.0,221.52,115.04000000000002,66.0,98.0,33.3784845371961,164,-32.0,36.0,-0.2,153.0,
2025-04-08 13:55:08,159.33,30.0,243.0,45.0,158.19,52.0,245.0,45.0,201.17,83.66999999999999,82.0,90.0,33.0301006659053,172,-8.0,8.0,-0.05,161.5,2.0
2025-04-08 13:55:09,160.0,21.0,172.71,35.0,159.0,32.0,224.43,35.0,166.36,12.710000000000008,53.0,70.0,26.61079912366148,123,-17.0,-49.0,-0.14,161.5,
2025-04-08 13:55:10,159.05,59.0,160.71,28.0,158.16,50.0,169.0,40.0,159.88,1.6599999999999966,109.0,68.0,26.105233574895752,177,41.0,54.0,0.23,160.0,3.0
2025-04-08 13:55:11,159.0,69.0,286.67,43.0,158.0,72.0,507.64,55.0,222.84,127.67000000000002,141.0,98.0,29.86646246209802,239,43.0,62.0,0.18,159.0,3.0
2025-04-08 13:55:12,159.0,55.0,218.09,33.0,158.0,66.0,412.44,45.0,188.55,59.09,121.0,78.0,25.721163465128868,199,43.0,-40.0,0.22,159.0,
2025-04-08 13:55:13,158.58,43.0,204.0,24.0,157.67,45.0,234.68,34.0,181.29,45.41999999999999,88.0,58.0,24.643979589341125,146,30.0,-53.0,0.21,159.0,5.0
2025-04-08 13:55:14,160.29,56.0,203.52,29.0,157.64,56.0,303.69,48.0,181.9,43.23000000000002,112.0,77.0,22.80876081684133,189,35.0,43.0,0.19,162.0,5.0
2025-04-08 13:55:15,162.0,26.0,202.24,41.0,158.0,78.0,362.7,84.0,182.12,40.24000000000001,104.0,125.0,17.854681458931058,229,-21.0,40.0,-0.09,162.0,
2025-04-08 13:55:16,163.18,242.0,200.55,33.0,162.0,22.0,391.77,39.0,181.86,37.370000000000005,264.0,72.0,3.037553291690316,336,192.0,107.0,0.57,162.0,
2025-04-08 13:55:17,164.67,198.0,200.0,27.0,162.0,18.0,499.75,24.0,182.33,35.33000000000001,216.0,51.0,0.3895510234268419,267,165.0,-69.0,0.62,162.0,
2025-04-08 13:55:18,165.0,166.0,199.5,24.0,162.0,16.0,303.0,40.0,182.25,34.5,182.0,64.0,0.2080144222254292,246,118.0,-21.0,0.48,165.0,2.0
2025-04-08 13:55:19,165.0,180.0,199.0,27.0,162.0,18.0,277.67,45.0,182.0,34.0,198.0,72.0,0.1888650307861985,270,126.0,24.0,0.47,165.0,
2025-04-08 13:55:20,165.0,140.0,198.57,21.0,162.0,14.0,360.43,35.0,181.79,33.56999999999999,154.0,56.0,0.2369177069228282,210,98.0,-60.0,0.47,165.0,
2025-04-08 13:55:21,165.0,200.0,190.08,36.0,162.0,20.0,322.07,40.0,177.54,25.080000000000013,220.0,76.0,2.04703932542822,296,144.0,86.0,0.49,165.0,
2025-04-08 13:55:22,165.0,297.0,171.53,45.0,162.0,30.0,190.13,71.0,168.27,6.530000000000001,327.0,116.0,5.971318949766177,443,211.0,147.0,0.48,165.0,1.0
2025-04-08 13:55:23,165.0,138.0,170.56,27.0,162.0,18.0,195.0,45.0,167.78,5.560000000000002,156.0,72.0,7.032853617118965,228,84.0,-168.0,0.37,165.0,6.0
2025-04-08 13:55:24,165.0,104.0,167.37,30.0,162.96,51.0,167.91,34.0,166.18,2.3700000000000045,155.0,64.0,6.921753390565768,219,91.0,-9.0,0.42,165.0,
2025-04-08 13:55:25,165.0,95.0,166.85,41.0,163.0,63.0,445.44,45.0,165.93,1.8499999999999943,158.0,86.0,4.801879840207816,244,72.0,25.0,0.3,165.0,4.0
2025-04-08 13:55:26,165.0,70.0,262.1,42.0,163.0,70.0,505.08,26.0,213.55,97.10000000000002,140.0,68.0,20.824122310431896,208,72.0,-36.0,0.35,165.0,5.0
2025-04-08 13:55:29,165.0,27.0,288.9,39.0,163.0,56.0,460.94,34.0,226.95,123.89999999999998,83.0,73.0,76.62884104565453,156,10.0,0.0,0.06,165.0,1.0
2025-04-08 13:55:30,163.32,75.0,269.76,34.0,162.61,46.0,339.96,54.0,216.54,106.44,121.0,88.0,64.189692085258,209,33.0,53.0,0.16,165.0,3.0
2025-04-08 13:55:31,163.0,63.0,167.2,15.0,160.5,48.0,268.85,33.0,165.1,4.199999999999989,111.0,48.0,76.47693685027004,159,63.0,-50.0,0.4,165.0,
2025-04-08 13:55:32,163.0,66.0,166.0,48.0,160.04,135.0,167.0,48.0,164.5,3.0,201.0,96.0,66.04499428420013,297,105.0,138.0,0.35,163.0,3.0
2025-04-08 13:55:33,162.77,47.0,164.38,39.0,160.86,63.0,165.67,54.0,163.58,1.6099999999999852,110.0,93.0,31.632312277161837,203,17.0,-94.0,0.08,163.33,6.0
2025-04-08 13:55:34,162.0,27.0,163.07,30.0,159.75,64.0,164.67,18.0,162.53,1.0699999999999932,91.0,48.0,23.549078538232145,139,43.0,-64.0,0.31,162.0,3.0
2025-04-08 13:55:35,159.71,21.0,163.0,36.0,158.83,24.0,193.58,24.0,161.36,3.289999999999992,45.0,60.0,1.5041542473350695,105,-15.0,-34.0,-0.14,162.0,1.0
2025-04-08 13:55:36,159.38,32.0,162.44,16.0,158.57,14.0,185.45,40.0,160.91,3.0600000000000023,46.0,56.0,1.4971740045072712,102,-10.0,-3.0,-0.1,159.0,2.0
2025-04-08 13:55:37,160.0,39.0,161.0,13.0,159.0,26.0,163.0,52.0,160.5,1.0,65.0,65.0,1.2623509812127132,130,0.0,28.0,0.0,159.0,
2025-04-08 13:55:38,158.8,20.0,162.82,22.0,157.5,20.0,466.04,25.0,160.81,4.019999999999982,40.0,47.0,0.7934544723966106,87,-7.0,-43.0,-0.08,159.17,6.0
2025-04-08 13:55:39,158.0,8.0,163.0,8.0,157.0,8.0,606.0,8.0,160.5,5.0,16.0,16.0,0.3551478562012509,32,0.0,-55.0,0.0,159.17,
2025-04-08 13:55:40,158.0,24.0,163.0,24.0,157.0,24.0,514.64,22.0,160.5,5.0,48.0,46.0,0.2003247357755898,94,2.0,62.0,0.02,159.17,
2025-04-08 13:55:41,158.24,37.0,163.0,48.0,156.92,48.0,300.71,42.0,160.62,4.759999999999991,85.0,90.0,0.1355728577676885,175,-5.0,81.0,-0.03,158.6,5.0
2025-04-08 13:55:42,158.0,22.0,161.36,44.0,155.26,27.0,309.08,37.0,159.68,3.3600000000000136,49.0,81.0,0.433728025106238,130,-32.0,-45.0,-0.25,158.6,
2025-04-08 13:55:43,158.0,22.0,160.14,14.0,155.0,60.0,166.02,43.0,159.07,2.1399999999999864,82.0,57.0,0.6753369527584063,139,25.0,9.0,0.18,158.6,
2025-04-08 13:55:44,156.78,27.0,159.77,53.0,154.2,109.0,197.15,55.0,158.28,2.990000000000009,136.0,108.0,0.984327181255828,244,28.0,105.0,0.11,158.33,3.0
2025-04-08 13:55:45,156.0,208.0,157.98,48.0,155.0,143.0,383.07,41.0,156.99,1.9799999999999895,351.0,89.0,1.380604939783986,440,262.0,168.0,0.6,158.0,1.0
2025-04-08 13:55:46,159.16,102.0,237.88,51.0,156.3,135.0,390.93,45.0,198.52,78.72,237.0,96.0,17.923489336616065,333,141.0,-107.0,0.42,156.38,8.0
2025-04-08 13:55:47,162.02,86.0,210.62,65.0,159.47,19.0,257.57,47.0,186.32,48.6,105.0,112.0,19.293533372604763,217,-7.0,-116.0,-0.03,163.0,2.0
2025-04-08 13:55:48,162.0,56.0,184.11,28.0,158.0,8.0,192.96,26.0,173.05,22.110000000000014,64.0,54.0,17.946982197568097,118,10.0,-99.0,0.08,162.0,2.0
2025-04-08 13:55:49,162.0,60.0,170.71,48.0,158.0,12.0,171.35,48.0,166.35,8.710000000000008,72.0,96.0,16.405451228169053,168,-24.0,50.0,-0.14,162.0,
2025-04-08 13:55:50,162.61,74.0,169.0,33.0,156.2,61.0,170.0,55.0,165.8,6.389999999999986,135.0,88.0,14.136455354856162,223,47.0,55.0,0.21,162.0,5.0
2025-04-08 13:55:51,163.0,156.0,169.0,36.0,158.0,12.0,170.0,60.0,166.0,6.0,168.0,96.0,8.821809904991818,264,72.0,41.0,0.27,162.0,
2025-04-08 13:55:52,163.0,182.0,168.07,42.0,158.0,14.0,170.0,70.0,165.54,5.069999999999993,196.0,112.0,3.201213832250637,308,84.0,44.0,0.27,162.0,
2025-04-08 13:55:53,163.0,127.0,168.94,48.0,158.91,46.0,197.52,46.0,165.97,5.939999999999998,173.0,94.0,0.2965973698236155,267,79.0,-41.0,0.3,163.0,1.0
2025-04-08 13:55:54,163.0,128.0,167.0,70.0,159.0,98.0,190.74,50.0,165.0,4.0,226.0,120.0,0.4126984368580164,346,106.0,79.0,0.31,163.0,10.0
2025-04-08 13:55:55,163.95,38.0,331.5,8.0,160.85,13.0,408.83,12.0,247.72,167.55,51.0,20.0,36.71512059083915,71,31.0,-168.0,0.44,163.0,
2025-04-08 13:55:56,164.0,168.0,293.38,16.0,163.0,28.0,461.13,63.0,228.69,129.38,196.0,79.0,40.3862034610821,275,117.0,168.0,0.43,163.0,
2025-04-08 13:55:57,164.0,96.0,378.61,36.0,159.0,56.0,556.73,11.0,271.31,214.61,152.0,47.0,48.2960875226971,199,105.0,-76.0,0.53,163.0,
2025-04-08 13:55:58,164.0,108.0,314.34,44.0,159.0,63.0,413.32,25.0,239.17,150.33999999999995,171.0,69.0,39.78254981772897,240,102.0,41.0,0.42,163.0,
2025-04-08 13:55:59,164.0,84.0,193.26,19.0,159.0,49.0,198.4,10.0,178.63,29.25999999999999,133.0,29.0,34.2674127999197,162,104.0,-78.0,0.64,163.0,
2025-04-08 13:56:00,164.0,58.0,193.26,19.0,159.0,49.0,230.71,7.0,178.63,29.25999999999999,107.0,26.0,40.29927393886936,133,81.0,-29.0,0.61,164.0,5.0
2025-04-08 13:56:01,164.0,12.0,198.0,4.0,160.45,22.0,427.0,4.0,181.0,34.0,34.0,8.0,43.06576737967163,42,26.0,-91.0,0.62,164.0,4.0
2025-04-08 13:56:02,164.0,18.0,198.0,6.0,163.0,24.0,436.38,16.0,181.0,34.0,42.0,22.0,26.570800326672558,64,20.0,22.0,0.31,164.0,
2025-04-08 13:56:03,164.0,24.0,198.0,8.0,163.0,32.0,313.31,26.0,181.0,34.0,56.0,34.0,1.298102461228256,90,22.0,26.0,0.24,164.0,
2025-04-08 13:56:04,164.0,30.0,197.1,10.0,163.0,40.0,369.73,33.0,180.55,33.099999999999994,70.0,43.0,1.0282169031136803,113,27.0,23.0,0.24,164.0,
2025-04-08 13:56:05,164.0,27.0,196.0,9.0,163.0,36.0,253.88,25.0,180.0,32.0,63.0,34.0,0.442153819219039,97,29.0,-16.0,0.3,164.0,
2025-04-08 13:56:06,164.0,26.0,192.72,36.0,163.0,48.0,198.8,20.0,178.36,28.72,74.0,56.0,1.0984625618779504,130,18.0,33.0,0.14,164.0,2.0
2025-04-08 13:56:07,161.12,26.0,191.75,32.0,162.0,39.0,192.32,38.0,176.43,30.629999999999995,65.0,70.0,1.8746919746569368,135,-5.0,5.0,-0.04,160.4,5.0
2025-04-08 13:56:08,159.0,75.0,190.27,33.0,158.0,15.0,191.86,42.0,174.64,31.27000000000001,90.0,75.0,2.46913547620156,165,15.0,30.0,0.09,160.4,
2025-04-08 13:56:09,161.48,63.0,189.42,53.0,158.96,95.0,189.72,47.0,175.45,27.94,158.0,100.0,2.187676849955737,258,58.0,93.0,0.22,160.4,
2025-04-08 13:56:10,163.0,54.0,182.91,43.0,159.63,119.0,182.97,59.0,172.95,19.91,173.0,102.0,2.016638291768148,275,71.0,17.0,0.26,160.4,
2025-04-08 13:56:11,163.0,39.0,171.57,42.0,162.0,65.0,172.18,34.0,167.29,8.569999999999993,104.0,76.0,3.620914249166228,180,28.0,-95.0,0.16,160.4,
2025-04-08 13:56:12,164.78,63.0,171.0,18.0,163.0,27.0,172.0,36.0,167.89,6.219999999999999,90.0,54.0,3.815007208355828,144,36.0,-36.0,0.25,160.4,
2025-04-08 13:56:13,165.0,75.0,170.23,26.0,163.0,36.0,171.26,46.0,167.62,5.22999999999999,111.0,72.0,3.727519282284168,183,39.0,39.0,0.21,165.0,3.0
2025-04-08 13:56:14,165.0,72.0,167.05,57.0,163.0,54.0,168.25,48.0,166.03,2.050000000000012,126.0,105.0,2.665066603256176,231,21.0,48.0,0.09,165.0,
2025-04-08 13:56:15,162.81,63.0,165.19,32.0,161.75,73.0,169.12,41.0,164.0,2.3799999999999955,136.0,73.0,1.601539883918922,209,63.0,-22.0,0.3,163.88,8.0
2025-04-08 13:56:16,161.75,32.0,165.0,22.0,159.41,34.0,166.0,11.0,163.38,3.25,66.0,33.0,2.051128957374298,99,33.0,-110.0,0.33,161.6,5.0
2025-04-08 13:56:17,160.0,6.0,165.0,12.0,159.0,30.0,166.0,6.0,162.5,5.0,36.0,18.0,2.083717831131257,54,18.0,-45.0,0.33,161.6,
2025-04-08 13:56:18,158.1,21.0,165.0,24.0,158.72,50.0,166.0,12.0,161.55,6.900000000000006,71.0,36.0,1.6931833922433528,107,35.0,53.0,0.33,159.0,2.0
2025-04-08 13:56:19,156.0,85.0,163.44,9.0,155.0,27.0,165.0,18.0,159.72,7.439999999999998,112.0,27.0,1.680089283271236,139,85.0,32.0,0.61,159.0,
2025-04-08 13:56:20,157.1,63.0,162.12,16.0,155.88,102.0,163.7,23.0,159.61,5.02000000000001,165.0,39.0,1.670918908792041,204,126.0,65.0,0.62,157.8,5.0
2025-04-08 13:56:21,156.0,75.0,159.85,20.0,155.0,81.0,161.6,25.0,157.93,3.8499999999999934,156.0,45.0,1.7905781188637808,201,111.0,-3.0,0.55,156.0,1.0
2025-04-08 13:56:22,156.0,28.0,157.29,7.0,155.0,39.0,159.0,14.0,156.64,1.289999999999992,67.0,21.0,1.8752999759367452,88,46.0,-113.0,0.52,156.0,
2025-04-08 13:56:23,155.46,52.0,157.0,13.0,140.29,51.0,159.0,26.0,156.23,1.539999999999992,103.0,39.0,1.6228462649750433,142,64.0,54.0,0.45,155.8,5.0
2025-04-08 13:56:24,155.0,52.0,349.72,29.0,128.11,36.0,395.68,44.0,252.36,194.72000000000003,88.0,73.0,42.39733045841247,161,15.0,19.0,0.09,158.33,3.0
2025-04-08 13:56:25,158.6,20.0,290.8,25.0,147.75,24.0,294.04,52.0,224.7,132.20000000000002,44.0,77.0,45.75404648771396,121,-33.0,-40.0,-0.27,158.33,
2025-04-08 13:56:26,164.0,10.0,292.86,35.0,160.0,10.0,332.34,35.0,228.43,128.86,20.0,70.0,44.408358109706725,90,-50.0,-31.0,-0.56,158.33,
2025-04-08 13:56:27,164.0,7.0,293.29,35.0,160.0,7.0,568.14,14.0,228.64,129.29000000000002,14.0,49.0,36.27327211598124,63,-35.0,-27.0,-0.56,158.33,
2025-04-08 13:56:28,156.57,21.0,291.92,60.0,92.88,42.0,358.07,28.0,224.24,135.35000000000002,63.0,88.0,11.742447785708272,151,-25.0,88.0,-0.17,158.5,4.0
2025-04-08 13:56:29,156.0,20.0,290.3,50.0,155.0,30.0,355.0,30.0,223.15,134.3,50.0,80.0,2.531969589086263,130,-30.0,-21.0,-0.23,158.5,
2025-04-08 13:56:30,159.71,83.0,278.59,27.0,155.54,26.0,305.35,26.0,219.15,118.87999999999997,109.0,53.0,3.963921038574364,162,56.0,32.0,0.35,158.5,
2025-04-08 13:56:31,160.0,110.0,240.39,28.0,156.0,20.0,241.48,27.0,200.2,80.38999999999999,130.0,55.0,11.079748643359473,185,75.0,23.0,0.41,158.5,
2025-04-08 13:56:32,164.0,42.0,240.0,10.0,160.0,110.0,241.0,50.0,202.0,76.0,152.0,60.0,11.717775812840978,212,92.0,27.0,0.43,164.0,4.0
2025-04-08 13:56:33,164.0,9.0,239.29,21.0,160.2,59.0,240.91,33.0,201.64,75.28999999999999,68.0,54.0,10.995393126213346,122,14.0,-90.0,0.11,164.0,
2025-04-08 13:56:34,164.0,9.0,237.76,42.0,163.0,9.0,239.62,13.0,200.88,73.75999999999999,18.0,55.0,8.06646019019238,73,-37.0,-49.0,-0.51,164.0,
2025-04-08 13:56:35,164.0,11.0,206.91,22.0,163.0,11.0,218.13,31.0,185.45,42.91,22.0,53.0,7.068958904953854,75,-31.0,2.0,-0.41,164.0,
2025-04-08 13:56:36,164.0,15.0,195.04,23.0,163.0,15.0,198.85,39.0,179.52,31.039999999999992,30.0,62.0,10.635140807714142,92,-32.0,17.0,-0.35,164.0,
2025-04-08 13:56:37,164.0,11.0,185.33,21.0,163.0,11.0,189.34,29.0,174.67,21.330000000000013,22.0,50.0,12.31982832672114,72,-28.0,-20.0,-0.39,164.0,
2025-04-08 13:56:38,160.01,269.0,185.61,18.0,158.05,103.0,186.67,18.0,172.81,25.600000000000023,372.0,36.0,11.296841593996666,408,336.0,168.0,0.82,162.33,3.0
2025-04-08 13:56:39,160.0,234.0,180.5,30.0,158.0,84.0,182.29,34.0,170.25,20.5,318.0,64.0,6.025827743955514,382,254.0,-26.0,0.66,160.0,1.0
2025-04-08 13:56:40,160.0,148.0,176.17,12.0,158.0,60.0,177.57,14.0,168.08,16.169999999999987,208.0,26.0,4.389832570817188,234,182.0,-148.0,0.78,160.0,3.0
2025-04-08 13:56:41,160.87,97.0,173.02,43.0,159.38,96.0,174.07,15.0,166.94,12.150000000000006,193.0,58.0,3.2134483035822234,251,135.0,17.0,0.54,160.0,2.0
2025-04-08 13:56:42,163.2,60.0,170.83,18.0,160.0,110.0,171.76,42.0,167.02,7.630000000000024,170.0,60.0,2.504346222028474,230,110.0,-21.0,0.48,160.0,
2025-04-08 13:56:43,164.0,84.0,167.27,22.0,160.0,154.0,169.12,50.0,165.64,3.2700000000000102,238.0,72.0,1.7223182051472377,310,166.0,80.0,0.54,160.0,
2025-04-08 13:56:44,160.34,83.0,164.8,10.0,159.29,56.0,175.29,28.0,162.57,4.460000000000008,139.0,38.0,2.1291077943059817,177,101.0,-133.0,0.57,162.67,9.0
2025-04-08 13:56:45,160.0,99.0,161.41,27.0,159.0,52.0,163.38,13.0,160.7,1.4099999999999966,151.0,40.0,2.8169629035128594,191,111.0,14.0,0.58,160.0,1.0
2025-04-08 13:56:46,160.0,63.0,161.55,20.0,159.0,56.0,278.42,36.0,160.78,1.5500000000000114,119.0,56.0,2.8700383272287286,175,63.0,-16.0,0.36,160.38,8.0
2025-04-08 13:56:47,160.0,14.0,161.78,9.0,159.0,36.0,328.53,34.0,160.89,1.7800000000000011,50.0,43.0,2.1164663946673405,93,7.0,-82.0,0.08,160.0,1.0
2025-04-08 13:56:48,159.69,13.0,180.08,13.0,158.8,45.0,247.9,40.0,169.88,20.39000000000001,58.0,53.0,3.94282005673098,111,5.0,18.0,0.05,160.0,1.0
2025-04-08 13:56:49,162.33,12.0,266.48,33.0,158.78,41.0,359.26,35.0,214.41,104.15,53.0,68.0,23.2982932851273,121,-15.0,10.0,-0.12,160.0,
2025-04-08 13:56:50,164.0,3.0,188.0,12.0,159.0,12.0,338.0,9.0,176.0,24.0,15.0,21.0,22.203460766281957,36,-6.0,-85.0,-0.17,160.0,
2025-04-08 13:56:51,164.0,5.0,187.89,18.0,159.0,20.0,300.5,16.0,175.94,23.889999999999983,25.0,34.0,20.50901826026385,59,-9.0,23.0,-0.15,160.0,
2025-04-08 13:56:52,159.0,8.0,186.5,16.0,158.0,72.0,188.0,32.0,172.75,27.5,80.0,48.0,18.407746467176445,128,32.0,69.0,0.25,159.11,9.0
2025-04-08 13:56:53,158.0,65.0,173.0,34.0,156.0,45.0,271.95,42.0,165.5,15.0,110.0,76.0,19.20359471556934,186,34.0,58.0,0.18,159.11,
2025-04-08 13:56:54,158.0,50.0,160.53,30.0,156.0,30.0,172.03,31.0,159.27,2.530000000000001,80.0,61.0,7.317285698931835,141,19.0,-45.0,0.13,159.11,
2025-04-08 13:56:55,158.0,41.0,167.61,23.0,156.0,53.0,173.62,32.0,162.8,9.610000000000014,94.0,55.0,6.933820736057455,149,39.0,8.0,0.26,158.0,2.0
2025-04-08 13:56:56,158.0,33.0,171.33,27.0,156.0,143.0,201.57,28.0,164.67,13.330000000000013,176.0,55.0,4.952127825467571,231,121.0,82.0,0.52,158.0,6.0
2025-04-08 13:56:57,157.23,26.0,167.84,32.0,156.37,82.0,171.18,22.0,162.54,10.610000000000014,108.0,54.0,2.4079929401393594,162,54.0,-69.0,0.33,158.0,
2025-04-08 13:56:58,156.04,122.0,167.09,22.0,155.42,31.0,169.43,28.0,161.57,11.050000000000011,153.0,50.0,1.9719153125216755,203,103.0,41.0,0.51,157.0,5.0
2025-04-08 13:56:59,156.0,130.0,165.31,26.0,138.62,32.0,167.5,24.0,160.65,9.310000000000002,162.0,50.0,1.506097606318629,212,112.0,9.0,0.53,156.0,5.0
2025-04-08 13:57:00,156.0,64.0,161.32,38.0,155.0,32.0,165.09,23.0,158.66,5.319999999999993,96.0,61.0,2.227884646869072,157,35.0,-55.0,0.22,156.0,
2025-04-08 13:57:01,156.0,80.0,158.73,22.0,155.0,40.0,160.09,33.0,157.36,2.7299999999999898,120.0,55.0,2.120290074435162,175,65.0,18.0,0.37,158.0,4.0
2025-04-08 13:57:02,156.0,32.0,159.0,5.0,155.0,20.0,161.0,25.0,157.5,3.0,52.0,30.0,1.888986500677995,82,22.0,-93.0,0.27,156.0,4.0
2025-04-08 13:57:03,157.5,32.0,160.91,22.0,155.55,31.0,242.81,31.0,159.2,3.4099999999999966,63.0,53.0,1.349659216151078,116,10.0,34.0,0.09,160.33,3.0
2025-04-08 13:57:04,160.0,34.0,239.8,40.0,158.0,30.0,524.4,30.0,199.9,79.80000000000001,64.0,70.0,18.673860875560194,134,-6.0,18.0,-0.04,160.0,1.0
2025-04-08 13:57:05,161.04,23.0,255.09,23.0,159.67,18.0,418.5,18.0,208.07,94.05,41.0,41.0,25.351579437972376,82,0.0,-52.0,0.0,160.0,
2025-04-08 13:57:06,161.86,43.0,198.15,53.0,159.83,58.0,226.56,64.0,180.01,36.28999999999999,101.0,117.0,23.013281599977116,218,-16.0,136.0,-0.07,162.0,3.0
2025-04-08 13:57:07,160.17,58.0,197.55,33.0,159.31,87.0,324.09,35.0,178.86,37.38000000000002,145.0,68.0,19.25005376615517,213,77.0,-5.0,0.36,160.5,4.0
2025-04-08 13:57:08,160.0,117.0,196.22,27.0,159.0,90.0,374.5,24.0,178.11,36.22,207.0,51.0,14.006303937866068,258,156.0,45.0,0.6,160.5,
2025-04-08 13:57:09,160.0,99.0,194.5,24.0,159.0,80.0,406.0,24.0,177.25,34.5,179.0,48.0,13.237269355870238,227,131.0,-31.0,0.58,160.0,3.0
2025-04-08 13:57:10,160.0,40.0,193.0,12.0,159.0,40.0,356.0,12.0,176.5,33.0,80.0,24.0,1.3690982433090546,104,56.0,-123.0,0.54,160.0,
2025-04-08 13:57:11,160.0,80.0,192.62,24.0,159.0,80.0,265.47,17.0,176.31,32.620000000000005,160.0,41.0,1.0789022197717937,201,119.0,97.0,0.59,160.0,
2025-04-08 13:57:12,160.0,71.0,192.88,24.0,159.0,80.0,361.11,18.0,176.44,32.879999999999995,151.0,42.0,0.7589268738331957,193,109.0,-8.0,0.56,160.0,3.0
2025-04-08 13:57:13,160.0,91.0,188.91,23.0,158.93,91.0,203.24,34.0,174.46,28.91,182.0,57.0,1.035552992281305,239,125.0,46.0,0.52,160.0,
2025-04-08 13:57:14,160.44,55.0,186.0,19.0,159.29,49.0,186.55,31.0,173.22,25.56,104.0,50.0,1.4794188047402026,154,54.0,-85.0,0.35,160.0,
2025-04-08 13:57:15,164.0,30.0,183.14,14.0,160.0,70.0,185.77,26.0,173.57,19.139999999999983,100.0,40.0,1.5078627257864532,140,60.0,-14.0,0.43,160.0,
2025-04-08 13:57:16,164.0,36.0,178.61,36.0,160.0,84.0,179.37,46.0,171.31,14.610000000000014,120.0,82.0,1.8704678558615773,202,38.0,62.0,0.19,160.0,
2025-04-08 13:57:17,164.0,39.0,174.92,39.0,160.0,91.0,177.0,65.0,169.46,10.919999999999987,130.0,104.0,2.007269289309426,234,26.0,32.0,0.11,160.0,
2025-04-08 13:57:18,164.0,48.0,176.18,56.0,160.0,112.0,177.05,40.0,170.09,12.180000000000009,160.0,96.0,1.8319798033276904,256,64.0,22.0,0.25,160.0,
2025-04-08 13:57:19,162.77,52.0,173.83,46.0,159.9,105.0,174.26,46.0,168.3,11.060000000000002,157.0,92.0,2.0099825869384484,249,65.0,-7.0,0.26,164.0,3.0
2025-04-08 13:57:20,160.0,88.0,170.61,18.0,159.0,55.0,171.74,42.0,165.31,10.610000000000014,143.0,60.0,2.2795679414721968,203,83.0,-46.0,0.41,164.0,
2025-04-08 13:57:21,160.0,48.0,168.33,6.0,159.0,30.0,170.0,30.0,164.17,8.330000000000013,78.0,36.0,2.6013900130085994,114,42.0,-89.0,0.37,164.0,
2025-04-08 13:57:22,160.43,28.0,167.0,12.0,159.68,47.0,169.33,15.0,163.71,6.569999999999993,75.0,27.0,2.765317341603896,102,48.0,-12.0,0.47,164.0,
2025-04-08 13:57:23,160.67,18.0,164.29,21.0,159.76,42.0,166.0,9.0,162.48,3.620000000000005,60.0,30.0,2.2066558408070365,90,30.0,-12.0,0.33,161.0,3.0
2025-04-08 13:57:24,160.0,84.0,163.27,41.0,159.0,70.0,164.43,28.0,161.63,3.2700000000000102,154.0,69.0,1.4403471802872048,223,85.0,133.0,0.38,162.0,3.0
2025-04-08 13:57:25,159.58,38.0,162.4,20.0,158.59,49.0,348.27,30.0,160.99,2.819999999999993,87.0,50.0,1.345763723599752,137,37.0,-86.0,0.27,159.31,13.0
2025-04-08 13:57:26,159.54,13.0,161.83,24.0,157.75,12.0,428.77,30.0,160.69,2.2900000000000205,25.0,54.0,1.2224565430941376,79,-29.0,-58.0,-0.37,160.0,1.0
2025-04-08 13:57:27,156.15,55.0,259.5,28.0,155.32,59.0,483.47,34.0,207.82,103.35,114.0,62.0,20.749755902173806,176,52.0,97.0,0.3,159.0,2.0
2025-04-08 13:57:28,156.31,39.0,217.0,18.0,155.14,42.0,477.31,35.0,186.65,60.69,81.0,53.0,21.160944685902383,134,28.0,-42.0,0.21,156.0,5.0
2025-04-08 13:57:29,157.75,32.0,192.0,8.0,156.0,16.0,439.22,27.0,174.88,34.25,48.0,35.0,19.764572598460944,83,13.0,-51.0,0.16,156.0,
2025-04-08 13:57:30,156.4,20.0,191.54,13.0,155.05,40.0,282.0,22.0,173.97,35.139999999999986,60.0,35.0,17.680570409346128,95,25.0,12.0,0.26,158.0,4.0
2025-04-08 13:57:31,156.0,12.0,191.0,18.0,155.0,30.0,192.0,6.0,173.5,35.0,42.0,24.0,14.717487217587731,66,18.0,-29.0,0.27,158.0,
2025-04-08 13:57:32,156.0,24.0,188.75,36.0,155.0,60.0,237.62,16.0,172.38,32.75,84.0,52.0,5.868801410835414,136,32.0,70.0,0.24,158.0,
2025-04-08 13:57:33,156.0,18.0,187.22,27.0,155.0,45.0,367.44,45.0,171.61,31.22,63.0,72.0,1.2925440030455522,135,-9.0,-1.0,-0.07,158.0,
2025-04-08 13:57:34,163.69,51.0,186.81,26.0,155.74,19.0,393.71,17.0,175.25,23.120000000000005,70.0,43.0,1.4128941927155687,113,27.0,-22.0,0.24,158.0,
2025-04-08 13:57:35,164.0,64.0,184.89,38.0,156.26,23.0,186.05,58.0,174.45,20.889999999999983,87.0,96.0,1.480901752247542,183,-9.0,70.0,-0.05,164.0,4.0
2025-04-08 13:57:36,164.0,27.0,182.25,60.0,162.0,12.0,184.0,36.0,173.12,18.25,39.0,96.0,1.4866640507557418,135,-57.0,-48.0,-0.42,164.0,2.0
2025-04-08 13:57:37,164.0,14.0,179.6,50.0,162.0,14.0,180.81,62.0,171.8,15.599999999999994,28.0,112.0,1.600696723245503,140,-84.0,5.0,-0.6,164.0,
2025-04-08 13:57:38,164.0,10.0,178.16,32.0,162.0,10.0,179.06,48.0,171.08,14.159999999999997,20.0,80.0,1.7469831137731051,100,-60.0,-40.0,-0.6,164.0,
2025-04-08 13:57:39,162.93,15.0,178.0,39.0,160.4,15.0,179.0,65.0,170.47,15.069999999999991,30.0,104.0,1.6058424579652044,134,-74.0,34.0,-0.55,163.0,2.0
2025-04-08 13:57:40,160.0,56.0,177.14,42.0,156.0,20.0,178.26,38.0,168.57,17.139999999999986,76.0,80.0,1.6827269534294875,156,-4.0,22.0,-0.03,163.0,
2025-04-08 13:57:41,161.24,51.0,174.95,22.0,158.12,34.0,176.84,38.0,168.09,13.70999999999998,85.0,60.0,1.6062596302569665,145,25.0,-11.0,0.17,163.0,
2025-04-08 13:57:42,160.56,108.0,171.8,61.0,157.97,61.0,172.57,21.0,166.18,11.240000000000007,169.0,82.0,1.960757506625391,251,87.0,106.0,0.35,163.0,
2025-04-08 13:57:43,161.85,156.0,169.06,35.0,160.0,66.0,170.62,55.0,165.45,7.210000000000008,222.0,90.0,1.996326626527436,312,132.0,61.0,0.42,163.0,
2025-04-08 13:57:44,162.59,204.0,166.51,49.0,161.17,77.0,167.17,29.0,164.55,3.919999999999988,281.0,78.0,1.7173584366045196,359,203.0,47.0,0.57,162.0,3.0
2025-04-08 13:57:45,163.0,288.0,164.52,58.0,160.86,63.0,165.69,16.0,163.76,1.5200000000000102,351.0,74.0,1.6618453597649008,425,277.0,66.0,0.65,164.0,3.0
2025-04-08 13:57:46,163.0,154.0,183.81,42.0,160.0,44.0,287.08,13.0,173.4,20.81,198.0,55.0,3.8724630404662586,253,143.0,-168.0,0.57,163.0,16.0
2025-04-08 13:57:47,164.2,30.0,273.0,20.0,162.84,76.0,407.25,24.0,218.6,108.8,106.0,44.0,23.48992911866332,150,62.0,-103.0,0.41,164.0,4.0
2025-04-08 13:57:48,165.0,24.0,267.05,20.0,163.0,96.0,470.5,26.0,216.03,102.05,120.0,46.0,27.70379883698036,166,74.0,16.0,0.45,164.0,
2025-04-08 13:57:49,165.0,22.0,271.74,19.0,163.0,88.0,464.12,24.0,218.37,106.74,110.0,43.0,27.119689710612928,153,67.0,-13.0,0.44,164.0,
2025-04-08 13:57:50,165.0,8.0,273.0,8.0,163.0,32.0,535.5,6.0,219.0,108.0,40.0,14.0,19.979400641660305,54,26.0,-99.0,0.48,164.0,
2025-04-08 13:57:51,165.0,8.0,273.0,8.0,163.0,32.0,501.0,12.0,219.0,108.0,40.0,20.0,1.2427590273334237,60,20.0,6.0,0.33,164.0,
2025-04-08 13:57:52,165.0,18.0,258.11,18.0,163.0,72.0,427.29,21.0,211.56,93.11,90.0,39.0,3.1699794952037488,129,51.0,69.0,0.4,164.0,
2025-04-08 13:57:53,165.0,18.0,457.2,10.0,163.0,72.0,598.43,14.0,311.1,292.2,90.0,24.0,42.207677974511945,114,66.0,-15.0,0.58,164.0,
2025-04-08 13:57:55,163.0,46.0,291.62,24.0,160.0,40.0,404.0,16.0,227.31,128.62,86.0,40.0,54.04046835474507,126,46.0,-31.0,0.37,163.0,4.0
2025-04-08 13:57:56,163.0,7.0,360.0,21.0,160.77,13.0,544.29,7.0,261.5,197.0,20.0,28.0,49.43586471379097,48,-8.0,-78.0,-0.17,163.0,
2025-04-08 13:57:57,164.0,8.0,358.12,16.0,162.75,8.0,363.55,22.0,261.06,194.12,16.0,38.0,39.54421854077141,54,-22.0,6.0,-0.41,163.0,
2025-04-08 13:57:58,165.0,11.0,243.89,28.0,163.0,11.0,339.57,14.0,204.45,78.88999999999999,22.0,42.0,44.84100099239746,64,-20.0,10.0,-0.31,163.0,
2025-04-08 13:57:59,160.6,25.0,176.95,37.0,159.56,16.0,177.92,61.0,168.77,16.349999999999994,41.0,98.0,39.437594627462346,139,-57.0,75.0,-0.41,162.0,5.0
2025-04-08 13:58:00,160.0,20.0,173.48,44.0,159.0,10.0,174.88,26.0,166.74,13.47999999999999,30.0,70.0,46.9844828640264,100,-40.0,-39.0,-0.4,162.0,
2025-04-08 13:58:01,161.64,11.0,169.94,33.0,159.67,9.0,171.67,30.0,165.79,8.300000000000011,20.0,63.0,41.16939239289185,83,-43.0,-17.0,-0.52,160.0,1.0
2025-04-08 13:58:02,162.57,14.0,166.0,61.0,159.86,14.0,167.76,37.0,164.29,3.430000000000007,28.0,98.0,17.09496183089656,126,-70.0,43.0,-0.56,163.0,1.0
2025-04-08 13:58:03,158.73,11.0,164.74,43.0,156.18,67.0,165.94,34.0,161.74,6.010000000000019,78.0,77.0,2.641520395486306,155,1.0,29.0,0.01,158.75,4.0
2025-04-08 13:58:04,156.1,58.0,162.51,47.0,155.38,71.0,163.63,59.0,159.31,6.409999999999997,129.0,106.0,3.041057381859352,235,23.0,80.0,0.1,156.4,5.0
2025-04-08 13:58:05,155.8,59.0,158.77,39.0,154.49,53.0,159.7,27.0,157.28,2.969999999999999,112.0,66.0,3.4887203957543558,178,46.0,-57.0,0.26,156.0,5.0
2025-04-08 13:58:06,144.24,17.0,196.3,10.0,79.17,36.0,286.04,23.0,170.27,52.06,53.0,33.0,5.038568248992633,86,20.0,-92.0,0.23,154.5,10.0
2025-04-08 13:58:07,130.45,22.0,199.18,11.0,127.4,20.0,365.06,17.0,164.82,68.73000000000002,42.0,28.0,5.088912457466448,70,14.0,-16.0,0.2,154.5,
2025-04-08 13:58:08,131.67,12.0,151.0,6.0,126.0,12.0,228.0,6.0,141.33,19.330000000000013,24.0,12.0,10.901567318497738,36,12.0,-34.0,0.33,154.5,
2025-04-08 13:58:09,151.5,8.0,276.0,9.0,144.29,14.0,490.68,19.0,213.75,124.5,22.0,28.0,27.03439753350884,50,-6.0,14.0,-0.12,151.0,1.0
2025-04-08 13:58:10,136.1,20.0,267.82,11.0,136.22,9.0,399.62,13.0,201.96,131.72,29.0,24.0,29.2805008495386,53,5.0,3.0,0.09,158.0,4.0
2025-04-08 13:58:11,155.04,25.0,262.36,14.0,139.33,15.0,372.3,10.0,208.7,107.32000000000002,40.0,24.0,31.559517898723776,64,16.0,11.0,0.25,151.0,1.0
2025-04-08 13:58:12,164.0,9.0,399.82,17.0,159.0,36.0,466.42,19.0,281.91,235.82,45.0,36.0,49.91469372840002,81,9.0,17.0,0.11,151.0,
2025-04-08 13:58:13,164.0,5.0,447.22,9.0,159.0,20.0,506.64,11.0,305.61,283.22,25.0,20.0,47.82376323544739,45,5.0,-36.0,0.11,151.0,
2025-04-08 13:58:14,164.0,11.0,312.18,33.0,159.0,44.0,615.36,11.0,238.09,148.18,55.0,44.0,45.35525691692366,99,11.0,54.0,0.11,151.0,
2025-04-08 13:58:15,164.0,6.0,218.33,6.0,159.0,24.0,273.43,14.0,191.17,54.33000000000001,30.0,20.0,48.21561240926161,50,10.0,-49.0,0.2,151.0,
2025-04-08 13:58:16,158.0,20.0,335.5,6.0,155.0,60.0,538.44,16.0,246.75,177.5,80.0,22.0,43.83915920726785,102,58.0,52.0,0.57,159.43,7.0
2025-04-08 13:58:17,158.0,27.0,377.82,11.0,155.33,72.0,511.64,11.0,267.91,219.82,99.0,22.0,41.91233565431739,121,77.0,19.0,0.64,159.43,
2025-04-08 13:58:18,156.69,39.0,280.08,13.0,153.89,72.0,500.56,9.0,218.38,123.39,111.0,22.0,29.1363776060114,133,89.0,12.0,0.67,156.7,10.0
2025-04-08 13:58:19,155.0,43.0,179.15,27.0,131.0,28.0,209.96,23.0,167.07,24.15000000000001,71.0,50.0,40.71578661895183,121,21.0,-12.0,0.17,155.0,1.0
2025-04-08 13:58:20,155.71,41.0,177.91,55.0,151.44,54.0,180.0,55.0,166.81,22.19999999999999,95.0,110.0,45.89514876324071,205,-15.0,84.0,-0.07,160.2,5.0
2025-04-08 13:58:21,155.07,28.0,176.0,35.0,71.0,28.0,179.0,40.0,165.54,20.930000000000007,56.0,75.0,45.50330834126152,131,-19.0,-74.0,-0.15,155.0,2.0
2025-04-08 13:58:22,156.0,10.0,173.8,25.0,155.0,20.0,174.8,25.0,164.9,17.80000000000001,30.0,50.0,23.40635063395884,80,-20.0,-51.0,-0.25,155.0,
2025-04-08 13:58:23,159.43,14.0,173.0,35.0,155.4,20.0,174.0,35.0,166.21,13.569999999999991,34.0,70.0,0.8958961992204584,104,-36.0,24.0,-0.35,155.0,
2025-04-08 13:58:24,162.0,22.0,171.45,55.0,156.0,22.0,172.82,55.0,166.73,9.449999999999989,44.0,110.0,0.8135539316955885,154,-66.0,50.0,-0.43,155.0,
2025-04-08 13:58:25,162.0,18.0,168.78,45.0,158.94,34.0,172.0,45.0,165.39,6.780000000000001,52.0,90.0,0.719047981553438,142,-38.0,-12.0,-0.27,155.0,
2025-04-08 13:58:26,162.0,26.0,166.23,65.0,160.0,65.0,231.32,53.0,164.12,4.22999999999999,91.0,118.0,1.0354950505795752,209,-27.0,67.0,-0.13,155.0,
2025-04-08 13:58:27,161.09,22.0,164.25,32.0,159.79,38.0,179.87,38.0,162.67,3.1599999999999966,60.0,70.0,1.643891723859215,130,-10.0,-79.0,-0.08,162.0,2.0
2025-04-08 13:58:28,160.0,50.0,162.71,34.0,159.0,40.0,163.87,46.0,161.35,2.710000000000008,90.0,80.0,2.1317410724026624,170,10.0,40.0,0.06,162.0,
2025-04-08 13:58:29,160.0,20.0,161.61,33.0,159.0,28.0,163.61,33.0,160.8,1.6100000000000136,48.0,66.0,1.907099892444838,114,-18.0,-56.0,-0.16,160.0,3.0
2025-04-08 13:58:30,159.03,35.0,163.7,50.0,157.87,15.0,227.16,31.0,161.36,4.669999999999988,50.0,81.0,1.341398523839759,131,-31.0,17.0,-0.24,159.33,6.0
2025-04-08 13:58:31,158.0,14.0,161.53,62.0,156.0,42.0,198.36,45.0,159.77,3.530000000000001,56.0,107.0,1.0504046838031242,163,-51.0,32.0,-0.31,158.0,1.0
2025-04-08 13:58:32,156.0,42.0,158.32,44.0,155.0,14.0,186.28,43.0,157.16,2.319999999999993,56.0,87.0,1.7601051104268348,143,-31.0,-20.0,-0.22,158.4,5.0
2025-04-08 13:58:33,155.25,12.0,157.5,30.0,150.21,42.0,206.0,10.0,156.38,2.25,54.0,40.0,2.214064136321773,94,14.0,-49.0,0.15,156.0,3.0
2025-04-08 13:58:34,155.0,9.0,190.63,30.0,78.53,15.0,368.93,29.0,172.82,35.629999999999995,24.0,59.0,6.637109310517405,83,-35.0,-11.0,-0.42,157.0,3.0
2025-04-08 13:58:35,155.0,10.0,172.9,40.0,88.5,16.0,264.67,43.0,163.95,17.900000000000006,26.0,83.0,6.724145298828626,109,-57.0,26.0,-0.52,157.0,
2025-04-08 13:58:36,155.0,5.0,158.4,20.0,137.0,20.0,237.55,11.0,156.7,3.4000000000000057,25.0,31.0,7.109621649550448,56,-6.0,-53.0,-0.11,157.0,
2025-04-08 13:58:37,155.5,8.0,195.11,18.0,129.87,53.0,340.04,23.0,175.31,39.610000000000014,61.0,41.0,8.828084163609482,102,20.0,46.0,0.2,157.0,2.0
2025-04-08 13:58:38,159.12,17.0,175.0,20.0,133.03,40.0,177.0,50.0,167.06,15.879999999999995,57.0,70.0,7.385517585097338,127,-13.0,25.0,-0.1,157.0,
2025-04-08 13:58:39,161.42,19.0,173.75,16.0,159.09,11.0,177.0,40.0,167.59,12.330000000000013,30.0,56.0,6.7258062713534486,86,-26.0,-41.0,-0.3,157.0,
2025-04-08 13:58:40,163.64,22.0,173.0,18.0,161.96,23.0,203.6,43.0,168.32,9.360000000000014,45.0,61.0,6.6565779496511,106,-16.0,20.0,-0.15,157.0,
2025-04-08 13:58:41,164.5,16.0,172.15,41.0,162.69,26.0,179.21,29.0,168.32,7.650000000000006,42.0,70.0,3.39044982263291,112,-28.0,6.0,-0.25,164.0,4.0
2025-04-08 13:58:42,154.07,46.0,169.54,41.0,110.59,44.0,171.94,32.0,161.8,15.47,90.0,73.0,2.745308725768289,163,17.0,51.0,0.1,158.64,11.0
2025-04-08 13:58:43,128.74,62.0,154.57,35.0,95.65,46.0,163.57,35.0,141.66,25.829999999999984,108.0,70.0,11.443571120928857,178,38.0,15.0,0.21,158.64,
2025-04-08 13:58:49,135.0,90.0,152.6,20.0,117.0,97.0,154.52,33.0,143.8,17.599999999999994,187.0,53.0,9.849678674942256,240,134.0,45.0,0.56,153.0,1.0
2025-04-08 13:58:50,130.27,95.0,153.93,28.0,109.41,79.0,156.0,40.0,142.1,23.66,174.0,68.0,8.35084247244758,242,106.0,2.0,0.44,153.33,6.0
2025-04-08 13:58:51,142.6,15.0,205.03,31.0,117.06,51.0,189.9,21.0,173.82,62.43000000000001,66.0,52.0,18.35792826001005,118,14.0,-124.0,0.12,156.25,8.0
2025-04-08 13:58:52,126.61,31.0,217.0,32.0,100.06,48.0,218.0,8.0,171.81,90.39,79.0,40.0,19.078901173802304,119,39.0,1.0,0.33,159.25,4.0
2025-04-08 13:58:55,122.91,46.0,152.32,37.0,110.13,47.0,175.88,32.0,137.62,29.41,93.0,69.0,15.793880777052042,162,24.0,-132.0,0.15,159.25,
2025-04-08 13:58:59,120.97,68.0,152.51,53.0,69.08,65.0,156.94,51.0,136.74,31.539999999999992,133.0,104.0,5.2954395473530855,237,29.0,82.0,0.12,152.2,5.0
2025-04-08 13:59:02,142.48,46.0,303.0,12.0,148.96,100.0,419.44,25.0,222.74,160.52,146.0,37.0,38.74203247120264,183,109.0,29.0,0.6,159.0,5.0
2025-04-08 13:59:03,156.43,28.0,168.83,6.0,150.83,58.0,388.86,21.0,162.63,12.400000000000006,86.0,27.0,38.39214216476773,113,59.0,-70.0,0.52,157.5,2.0
2025-04-08 13:59:04,156.0,88.0,247.26,27.0,51.5,24.0,363.86,28.0,201.63,91.26,112.0,55.0,40.43449851302464,167,57.0,54.0,0.34,156.0,1.0
2025-04-08 13:59:05,156.04,23.0,209.0,3.0,129.71,17.0,727.0,15.0,182.52,52.96000000000001,40.0,18.0,33.85005568680554,58,22.0,-109.0,0.38,156.0,
2025-04-08 13:59:06,157.0,4.0,265.88,8.0,156.0,44.0,317.69,16.0,211.44,108.88,48.0,24.0,23.87572553871193,72,24.0,14.0,0.33,156.0,
2025-04-08 13:59:07,156.15,39.0,261.38,32.0,149.73,45.0,357.04,28.0,208.76,105.23,84.0,60.0,20.5807635912735,144,24.0,72.0,0.17,156.67,3.0
2025-04-08 13:59:08,156.0,54.0,309.27,26.0,132.5,16.0,465.86,28.0,232.63,153.26999999999998,70.0,54.0,18.07644406402841,124,16.0,-20.0,0.13,156.67,
2025-04-08 13:59:09,157.33,36.0,291.0,24.0,156.11,35.0,479.33,30.0,224.17,133.67,71.0,54.0,19.06266849105778,125,17.0,1.0,0.14,156.67,
2025-04-08 13:59:10,158.52,23.0,283.4,20.0,156.68,41.0,646.0,25.0,220.96,124.87999999999997,64.0,45.0,9.703173192311889,109,19.0,-16.0,0.17,156.67,
2025-04-08 13:59:11,164.0,5.0,279.0,20.0,158.0,35.0,540.15,13.0,221.5,115.0,40.0,33.0,8.56666387808046,73,7.0,-36.0,0.1,156.67,
2025-04-08 13:59:12,160.19,31.0,199.41,41.0,158.07,82.0,358.92,25.0,179.8,39.22,113.0,66.0,20.66652292960729,179,47.0,106.0,0.26,159.5,4.0
2025-04-08 13:59:13,163.0,6.0,200.67,6.0,160.0,30.0,236.0,9.0,181.83,37.66999999999999,36.0,15.0,22.71686532072461,51,21.0,-128.0,0.41,159.5,
2025-04-08 13:59:14,161.5,36.0,198.0,11.0,159.84,98.0,199.5,14.0,179.75,36.5,134.0,25.0,22.34722510737973,159,109.0,108.0,0.69,162.0,3.0
2025-04-08 13:59:15,160.0,99.0,195.36,11.0,158.0,62.0,197.36,11.0,177.68,35.360000000000014,161.0,22.0,18.722053039126504,183,139.0,24.0,0.76,162.0,
2025-04-08 13:59:16,160.0,63.0,191.56,16.0,158.22,46.0,192.1,10.0,175.78,31.56,109.0,26.0,2.308521171621956,135,83.0,-48.0,0.61,160.0,5.0
2025-04-08 13:59:17,160.0,40.0,188.4,10.0,159.0,50.0,189.5,10.0,174.2,28.40000000000001,90.0,20.0,3.0449417071303717,110,70.0,-25.0,0.64,160.0,
2025-04-08 13:59:18,159.0,50.0,184.0,12.0,158.0,60.0,185.57,14.0,171.5,25.0,110.0,26.0,3.1696088086407643,136,84.0,26.0,0.62,160.0,4.0
2025-04-08 13:59:19,159.86,21.0,181.0,6.0,158.61,33.0,182.0,6.0,170.43,21.139999999999983,54.0,12.0,2.9879792502300173,66,42.0,-70.0,0.64,160.0,
2025-04-08 13:59:20,162.0,12.0,179.5,10.0,160.0,30.0,181.33,6.0,170.75,17.5,42.0,16.0,2.344711069577486,58,26.0,-8.0,0.45,160.0,
2025-04-08 13:59:21,161.78,27.0,176.39,28.0,159.82,66.0,177.27,33.0,169.09,14.609999999999983,93.0,61.0,1.893232685063678,154,32.0,96.0,0.21,161.0,4.0
2025-04-08 13:59:22,159.26,43.0,170.8,25.0,157.32,82.0,171.48,27.0,165.03,11.54000000000002,125.0,52.0,2.5728583326303807,177,73.0,23.0,0.41,159.2,5.0
2025-04-08 13:59:23,158.21,56.0,166.76,41.0,156.34,93.0,167.49,35.0,162.49,8.549999999999983,149.0,76.0,3.635233142423995,225,73.0,48.0,0.32,159.2,
2025-04-08 13:59:24,159.0,32.0,161.56,18.0,158.0,48.0,162.11,44.0,160.28,2.5600000000000023,80.0,62.0,4.386800656488639,142,18.0,-83.0,0.13,159.0,1.0
2025-04-08 13:59:25,158.3,23.0,160.48,27.0,156.83,48.0,162.5,32.0,159.39,2.1799999999999784,71.0,59.0,3.923388841264586,130,12.0,-12.0,0.09,159.0,2.0
2025-04-08 13:59:26,158.0,24.0,159.0,21.0,156.0,49.0,161.0,28.0,158.5,1.0,73.0,49.0,2.632787496124665,122,24.0,-8.0,0.2,158.0,2.0
2025-04-08 13:59:27,156.45,47.0,165.06,31.0,155.78,45.0,209.7,40.0,160.76,8.610000000000014,92.0,71.0,1.506230393979182,163,21.0,41.0,0.13,158.0,5.0
2025-04-08 13:59:28,156.21,29.0,205.79,33.0,155.08,24.0,318.15,47.0,181.0,49.579999999999984,53.0,80.0,9.550354967212622,133,-27.0,-30.0,-0.2,156.86,7.0
2025-04-08 13:59:29,155.0,26.0,195.24,29.0,100.62,13.0,203.07,28.0,175.12,40.24000000000001,39.0,57.0,10.380552971772545,96,-18.0,-37.0,-0.19,156.0,2.0
2025-04-08 13:59:30,161.0,80.0,195.89,28.0,153.54,48.0,200.69,32.0,178.45,34.889999999999986,128.0,60.0,10.408058416428704,188,68.0,92.0,0.36,156.0,2.0
2025-04-08 13:59:31,163.0,104.0,195.28,18.0,162.0,104.0,196.15,26.0,179.14,32.28,208.0,44.0,8.181960645212758,252,164.0,64.0,0.65,156.0,
2025-04-08 13:59:32,163.0,96.0,190.59,22.0,162.0,96.0,192.33,24.0,176.8,27.590000000000003,192.0,46.0,2.246357050832396,238,146.0,-14.0,0.61,156.0,
2025-04-08 13:59:33,163.0,80.0,185.8,20.0,162.0,80.0,187.3,20.0,174.4,22.80000000000001,160.0,40.0,2.0481015599375487,200,120.0,-38.0,0.6,156.0,
2025-04-08 13:59:34,163.0,104.0,180.75,40.0,162.0,104.0,181.56,34.0,171.88,17.75,208.0,74.0,2.997779177960878,282,134.0,82.0,0.48,156.0,
2025-04-08 13:59:35,163.0,96.0,178.21,34.0,162.0,96.0,180.67,36.0,170.6,15.210000000000008,192.0,70.0,3.4958375248013143,262,122.0,-20.0,0.47,156.0,
2025-04-08 13:59:36,163.0,120.0,174.32,47.0,162.0,120.0,175.21,47.0,168.66,11.319999999999991,240.0,94.0,3.1951087618107623,334,146.0,72.0,0.44,156.0,
2025-04-08 13:59:37,163.0,88.0,171.38,39.0,162.0,88.0,172.43,35.0,167.19,8.379999999999995,176.0,74.0,2.804261043446477,250,102.0,-84.0,0.41,156.0,
2025-04-08 13:59:38,163.0,96.0,167.49,37.0,162.0,112.0,168.66,44.0,165.24,4.490000000000009,208.0,81.0,2.644556673581325,289,127.0,39.0,0.44,163.0,6.0
2025-04-08 13:59:39,162.2,50.0,163.75,36.0,160.65,171.0,167.0,48.0,162.97,1.5500000000000114,221.0,84.0,2.9608731819812517,305,137.0,16.0,0.45,163.0,2.0
2025-04-08 13:59:40,162.0,60.0,165.91,44.0,160.0,276.0,214.33,24.0,163.95,3.9099999999999966,336.0,68.0,2.3270517827865405,404,268.0,99.0,0.66,162.0,5.0
2025-04-08 13:59:41,162.0,24.0,165.33,30.0,160.0,184.0,256.64,11.0,163.67,3.3300000000000125,208.0,41.0,1.6629732408447595,249,167.0,-155.0,0.67,162.0,
2025-04-08 13:59:42,160.34,111.0,204.25,28.0,159.54,209.0,235.62,29.0,182.3,43.91,320.0,57.0,8.244096675790432,377,263.0,128.0,0.7,162.0,3.0
2025-04-08 13:59:43,160.03,119.0,348.48,23.0,159.21,152.0,379.7,23.0,254.26,188.45,271.0,46.0,39.32780632071735,317,225.0,-60.0,0.71,162.0,
2025-04-08 13:59:44,162.57,14.0,315.0,30.0,160.04,218.0,333.0,18.0,238.79,152.43,232.0,48.0,42.95290711930824,280,184.0,-37.0,0.66,164.0,2.0
2025-04-08 13:59:45,165.0,10.0,268.4,30.0,164.0,10.0,308.83,12.0,216.7,103.39999999999998,20.0,42.0,37.88111970361971,62,-22.0,-168.0,-0.35,164.0,
2025-04-08 13:59:46,165.0,10.0,238.0,30.0,164.0,10.0,314.0,30.0,201.5,73.0,20.0,60.0,28.69199017147464,80,-40.0,18.0,-0.5,164.0,
2025-04-08 13:59:47,165.0,11.0,235.73,33.0,164.0,11.0,238.0,33.0,200.36,70.72999999999999,22.0,66.0,23.65757214931432,88,-44.0,8.0,-0.5,164.0,
2025-04-08 13:59:48,162.05,114.0,233.9,30.0,160.04,226.0,247.0,26.0,197.98,71.85,340.0,56.0,17.159052421388687,396,284.0,168.0,0.72,164.5,2.0
2025-04-08 13:59:49,162.0,154.0,233.0,33.0,160.0,308.0,445.71,14.0,197.5,71.0,462.0,47.0,7.940020151103523,509,415.0,113.0,0.82,164.5,
2025-04-08 13:59:50,162.0,166.0,229.68,50.0,160.0,336.0,497.4,45.0,195.84,67.68,502.0,95.0,2.2755834416502023,597,407.0,88.0,0.68,162.0,2.0
2025-04-08 13:59:51,162.0,84.0,226.91,32.0,160.0,196.0,237.18,22.0,194.45,64.91,280.0,54.0,2.2412451896003467,334,226.0,-168.0,0.68,162.0,
2025-04-08 13:59:52,162.0,132.0,222.8,46.0,160.0,308.0,223.83,47.0,192.4,60.80000000000001,440.0,93.0,2.28520896197699,533,347.0,168.0,0.65,162.0,
2025-04-08 13:59:53,162.0,111.0,218.38,60.0,160.0,364.0,219.75,55.0,190.19,56.38,475.0,115.0,2.867286173351622,590,360.0,57.0,0.61,162.0,7.0
2025-04-08 13:59:54,162.0,55.0,215.27,44.0,160.0,308.0,218.0,55.0,188.64,53.27000000000001,363.0,99.0,2.958535110470377,462,264.0,-128.0,0.57,162.0,
2025-04-08 13:59:55,162.0,70.0,211.32,57.0,160.0,392.0,212.33,60.0,186.66,49.31999999999999,462.0,117.0,3.062216517471995,579,345.0,117.0,0.6,162.0,
2025-04-08 13:59:56,162.0,56.0,206.39,51.0,160.0,392.0,207.09,57.0,184.2,44.38999999999999,448.0,108.0,3.159417667841629,556,340.0,-23.0,0.61,162.0,2.0
2025-04-08 13:59:57,162.0,21.0,201.22,23.0,160.0,196.0,202.78,27.0,181.61,39.22,217.0,50.0,3.4327612791833912,267,167.0,-168.0,0.63,162.0,
2025-04-08 13:59:58,162.0,39.0,196.96,47.0,160.0,354.0,198.73,44.0,179.48,34.96000000000001,393.0,91.0,3.698583512623712,484,302.0,168.0,0.62,162.0,
2025-04-08 13:59:59,162.0,39.0,191.85,53.0,160.0,299.0,193.46,50.0,176.92,29.849999999999994,338.0,103.0,3.8278296722610783,441,235.0,-43.0,0.53,162.0,
2025-04-08 14:00:00,160.15,246.0,183.31,64.0,159.89,168.0,184.07,43.0,171.73,23.16,414.0,107.0,4.77066766813934,521,307.0,80.0,0.59,161.2,5.0
2025-04-08 14:00:01,160.14,288.0,179.01,67.0,159.87,167.0,180.04,68.0,169.58,18.870000000000005,455.0,135.0,5.093763834319169,590,320.0,69.0,0.54,160.0,1.0
2025-04-08 14:00:02,164.37,19.0,177.27,59.0,160.31,178.0,178.28,53.0,170.82,12.900000000000006,197.0,112.0,4.269845430435274,309,85.0,-168.0,0.28,160.0,
2025-04-08 14:00:03,163.08,26.0,174.92,50.0,160.03,242.0,175.9,49.0,169.0,11.839999999999977,268.0,99.0,3.1530778613602903,367,169.0,58.0,0.46,164.0,4.0
2025-04-08 14:00:04,163.0,22.0,172.0,44.0,160.0,222.0,174.11,45.0,167.5,9.0,244.0,89.0,1.6367895404702164,333,155.0,-34.0,0.47,164.0,
2025-04-08 14:00:05,163.0,26.0,169.86,59.0,160.0,120.0,171.07,56.0,166.43,6.860000000000014,146.0,115.0,1.7281435124978315,261,31.0,-72.0,0.12,164.0,
2025-04-08 14:00:06,163.0,28.0,166.75,48.0,160.0,168.0,167.96,54.0,164.88,3.75,196.0,102.0,2.2927232715232893,298,94.0,37.0,0.32,164.0,
2025-04-08 14:00:07,160.04,89.0,163.48,48.0,159.23,39.0,164.86,57.0,161.76,3.4399999999999977,128.0,105.0,2.7672152066250653,233,23.0,-65.0,0.1,160.14,14.0
2025-04-08 14:00:08,158.61,23.0,160.07,43.0,156.94,51.0,185.65,23.0,159.34,1.4599999999999795,74.0,66.0,3.3786417388899075,140,8.0,-93.0,0.06,159.0,2.0
2025-04-08 14:00:09,158.0,30.0,159.6,50.0,156.0,90.0,688.3,33.0,158.8,1.5999999999999943,120.0,83.0,3.3540900404971024,203,37.0,63.0,0.18,159.0,
2025-04-08 14:00:10,156.08,77.0,158.73,55.0,155.15,59.0,375.43,14.0,157.4,2.6499999999999773,136.0,69.0,2.940965827709399,205,67.0,2.0,0.33,156.86,7.0
2025-04-08 14:00:11,156.0,45.0,157.56,45.0,155.0,45.0,264.67,9.0,156.78,1.5600000000000025,90.0,54.0,1.942441762253834,144,36.0,-61.0,0.25,156.86,
2025-04-08 14:00:12,155.63,57.0,194.95,44.0,154.89,56.0,446.45,11.0,175.29,39.31999999999999,113.0,55.0,7.765398895083171,168,58.0,24.0,0.35,156.0,5.0
2025-04-08 14:00:14,155.21,38.0,183.0,8.0,154.54,26.0,571.69,13.0,169.11,27.789999999999992,64.0,21.0,70.89862995855351,85,43.0,22.0,0.51,156.0,4.0
2025-04-08 14:00:15,155.0,36.0,181.88,16.0,119.9,63.0,251.91,11.0,168.44,26.879999999999995,99.0,27.0,69.54896785718614,126,72.0,41.0,0.57,156.0,
2025-04-08 14:00:16,155.0,48.0,179.42,24.0,154.0,113.0,181.17,24.0,167.21,24.419999999999987,161.0,48.0,68.13189671512103,209,113.0,83.0,0.54,156.0,
2025-04-08 14:00:17,157.57,28.0,179.0,18.0,154.62,71.0,181.0,18.0,168.29,21.430000000000007,99.0,36.0,68.84631689495026,135,63.0,-74.0,0.47,156.0,
2025-04-08 14:00:18,164.0,20.0,176.79,28.0,156.0,91.0,178.29,28.0,170.39,12.789999999999992,111.0,56.0,1.1703930962662492,167,55.0,32.0,0.33,156.0,
2025-04-08 14:00:19,164.0,18.0,171.25,24.0,156.21,78.0,172.69,26.0,167.62,7.25,96.0,50.0,1.2245203141583476,146,46.0,-21.0,0.32,156.0,
2025-04-08 14:00:20,164.0,26.0,166.05,38.0,158.62,52.0,167.95,40.0,165.03,2.050000000000012,78.0,78.0,1.9338614220733688,156,0.0,10.0,0.0,165.0,2.0
2025-04-08 14:00:21,161.04,27.0,165.7,40.0,159.44,45.0,170.0,20.0,163.37,4.659999999999997,72.0,60.0,2.764977395889604,132,12.0,-24.0,0.09,164.0,2.0
2025-04-08 14:00:22,159.32,37.0,163.88,16.0,158.43,35.0,165.0,32.0,161.6,4.560000000000002,72.0,48.0,3.475711437932524,120,24.0,-12.0,0.2,160.0,4.0
2025-04-08 14:00:23,161.09,116.0,163.0,22.0,158.42,48.0,165.0,44.0,162.05,1.9099999999999968,164.0,66.0,2.454736238329521,230,98.0,110.0,0.43,162.0,4.0
2025-04-08 14:00:24,162.0,117.0,307.0,22.0,158.56,36.0,357.2,5.0,234.5,145.0,153.0,27.0,31.99800696918204,180,126.0,-50.0,0.7,162.0,4.0
2025-04-08 14:00:25,162.0,63.0,338.75,16.0,158.0,41.0,339.0,3.0,250.38,176.75,104.0,19.0,44.23514383383297,123,85.0,-57.0,0.69,162.0,4.0
2025-04-08 14:00:26,162.0,83.0,337.75,48.0,158.79,76.0,339.0,36.0,249.88,175.75,159.0,84.0,45.95874693679062,243,75.0,120.0,0.31,162.0,5.0
2025-04-08 14:00:27,161.38,29.0,281.03,31.0,158.98,41.0,323.91,32.0,221.21,119.64999999999998,70.0,63.0,36.47167160962066,133,7.0,-110.0,0.05,161.6,5.0
2025-04-08 14:00:28,158.57,14.0,205.0,16.0,156.82,34.0,335.0,20.0,181.79,46.43000000000001,48.0,36.0,28.29449363392154,84,12.0,-49.0,0.14,159.2,5.0
2025-04-08 14:00:29,158.0,31.0,203.71,28.0,156.0,70.0,375.82,33.0,180.86,45.71000000000001,101.0,61.0,34.49178061509702,162,40.0,78.0,0.25,158.0,1.0
2025-04-08 14:00:30,158.0,36.0,201.51,39.0,156.0,90.0,407.12,34.0,179.76,43.50999999999999,126.0,73.0,31.65844989888047,199,53.0,37.0,0.27,158.0,
2025-04-08 14:00:31,158.0,26.0,177.75,28.0,156.0,70.0,232.23,22.0,167.88,19.75,96.0,50.0,20.314464058888145,146,46.0,-53.0,0.32,160.14,7.0
2025-04-08 14:00:32,161.3,27.0,200.0,32.0,156.35,46.0,391.75,12.0,180.65,38.69999999999999,73.0,44.0,5.807354819521943,117,29.0,-29.0,0.25,163.0,5.0
2025-04-08 14:00:33,163.0,48.0,200.0,32.0,160.0,8.0,397.5,16.0,181.5,37.0,56.0,48.0,5.763670705359954,104,8.0,-13.0,0.08,163.0,
2025-04-08 14:00:34,163.0,60.0,199.4,40.0,160.0,10.0,333.25,24.0,181.2,36.400000000000006,70.0,64.0,5.805783323533934,134,6.0,30.0,0.04,163.0,
2025-04-08 14:00:35,163.17,29.0,197.93,30.0,162.65,34.0,318.67,18.0,180.55,34.76000000000002,63.0,48.0,5.869321085085172,111,15.0,-23.0,0.14,163.0,
2025-04-08 14:00:36,164.0,13.0,194.45,44.0,163.0,78.0,195.59,34.0,179.23,30.44999999999999,91.0,78.0,0.8730005726426702,169,13.0,58.0,0.08,163.0,
2025-04-08 14:00:37,164.0,14.0,191.19,54.0,163.0,84.0,192.12,32.0,177.59,27.19,98.0,86.0,1.6118715829221633,184,12.0,15.0,0.07,163.0,
2025-04-08 14:00:38,163.0,50.0,186.44,36.0,162.0,70.0,188.5,24.0,174.72,23.44,120.0,60.0,2.598897843284081,180,60.0,-4.0,0.33,163.5,2.0
2025-04-08 14:00:39,163.0,35.0,182.71,17.0,162.0,49.0,184.62,26.0,172.85,19.710000000000008,84.0,43.0,3.1758337487689974,127,41.0,-53.0,0.32,163.5,
2025-04-08 14:00:40,163.0,57.0,177.71,42.0,162.0,91.0,182.08,49.0,170.36,14.710000000000008,148.0,91.0,3.564372314982272,239,57.0,112.0,0.24,163.0,1.0
2025-04-08 14:00:41,163.0,32.0,174.73,22.0,162.0,56.0,176.54,26.0,168.86,11.72999999999999,88.0,48.0,3.467034756070948,136,40.0,-103.0,0.29,163.0,
2025-04-08 14:00:42,163.0,24.0,174.0,24.0,162.0,42.0,175.0,12.0,168.5,11.0,66.0,36.0,2.6684864623596782,102,30.0,-34.0,0.29,163.0,
2025-04-08 14:00:43,163.0,48.0,172.62,32.0,162.0,84.0,173.4,40.0,167.81,9.620000000000005,132.0,72.0,2.004552319045714,204,60.0,102.0,0.29,163.0,
2025-04-08 14:00:44,163.19,59.0,169.22,36.0,162.05,88.0,171.52,42.0,166.2,6.030000000000001,147.0,78.0,1.5195986311478482,225,69.0,21.0,0.31,163.0,
2025-04-08 14:00:45,164.0,141.0,165.69,26.0,163.0,52.0,177.59,27.0,164.85,1.6899999999999975,193.0,53.0,1.6830418888970338,246,140.0,21.0,0.57,164.0,2.0
2025-04-08 14:00:46,164.0,122.0,175.77,26.0,163.0,56.0,399.39,31.0,169.88,11.77000000000001,178.0,57.0,1.965927262078348,235,121.0,-11.0,0.51,164.0,2.0
2025-04-08 14:00:47,164.36,77.0,299.73,11.0,163.0,44.0,445.15,26.0,232.05,135.37,121.0,37.0,29.069101637302666,158,84.0,-77.0,0.53,164.0,
2025-04-08 14:00:48,165.0,75.0,268.1,20.0,163.0,44.0,387.45,20.0,216.55,103.10000000000002,119.0,40.0,31.92505959273796,159,79.0,1.0,0.5,165.0,5.0
2025-04-08 14:00:49,165.0,16.0,197.0,8.0,163.0,32.0,285.2,10.0,181.0,32.0,48.0,18.0,29.792499559450885,66,30.0,-93.0,0.45,165.0,
2025-04-08 14:00:50,165.0,20.0,195.67,24.0,163.0,40.0,223.33,15.0,180.33,30.669999999999987,60.0,39.0,26.808119478991674,99,21.0,33.0,0.21,165.0,
2025-04-08 14:00:51,163.86,28.0,193.22,41.0,162.4,40.0,194.45,29.0,178.54,29.359999999999985,68.0,70.0,24.914640876398348,138,-2.0,39.0,-0.01,164.67,3.0
2025-04-08 14:00:52,163.0,54.0,188.59,44.0,162.0,112.0,192.41,68.0,175.8,25.590000000000003,166.0,112.0,16.949611499968256,278,54.0,140.0,0.19,163.0,1.0
2025-04-08 14:00:53,163.0,30.0,185.15,26.0,162.0,70.0,186.91,44.0,174.08,22.15000000000001,100.0,70.0,2.954420416904746,170,30.0,-108.0,0.18,163.0,2.0
2025-04-08 14:00:54,163.0,6.0,181.53,17.0,162.0,42.0,182.35,20.0,172.26,18.53,48.0,37.0,3.2676627732703643,85,11.0,-85.0,0.13,163.0,
2025-04-08 14:00:55,163.0,12.0,178.47,45.0,162.0,84.0,179.23,39.0,170.73,15.47,96.0,84.0,3.0488063237617444,180,12.0,95.0,0.07,163.0,
2025-04-08 14:00:56,163.0,7.0,175.71,35.0,162.0,49.0,177.0,14.0,169.36,12.710000000000008,56.0,49.0,2.570112837951404,105,7.0,-75.0,0.07,163.0,
2025-04-08 14:00:57,162.57,14.0,173.11,35.0,161.93,58.0,173.74,35.0,167.84,10.54000000000002,72.0,70.0,2.4349291570385727,142,2.0,37.0,0.01,162.2,5.0
2025-04-08 14:00:58,159.22,45.0,170.09,34.0,158.12,34.0,172.63,43.0,164.66,10.870000000000005,79.0,77.0,2.912335832246917,156,2.0,14.0,0.01,161.5,4.0
2025-04-08 14:00:59,159.32,31.0,169.0,50.0,158.07,55.0,171.0,20.0,164.16,9.680000000000009,86.0,70.0,2.8773599009826927,156,16.0,0.0,0.1,159.0,4.0
2025-04-08 14:01:00,159.0,11.0,166.68,28.0,158.0,77.0,168.92,49.0,162.84,7.680000000000007,88.0,77.0,2.719470536662798,165,11.0,9.0,0.07,158.33,3.0
2025-04-08 14:01:01,158.0,50.0,161.6,30.0,156.0,165.0,165.91,45.0,159.8,3.5999999999999943,215.0,75.0,2.919520508537249,290,140.0,125.0,0.48,158.0,3.0
2025-04-08 14:01:02,158.0,12.0,161.0,26.0,156.0,90.0,207.0,15.0,159.5,3.0,102.0,41.0,2.416220188592748,143,61.0,-147.0,0.43,161.0,1.0
2025-04-08 14:01:03,158.88,16.0,160.43,28.0,157.5,16.0,227.0,7.0,159.65,1.5500000000000114,32.0,35.0,2.162359821990627,67,-3.0,-76.0,-0.04,159.0,5.0
2025-04-08 14:01:04,156.29,82.0,200.03,29.0,155.92,59.0,501.55,11.0,178.16,43.74000000000001,141.0,40.0,8.04150483428133,181,101.0,114.0,0.56,158.0,2.0
2025-04-08 14:01:05,156.0,154.0,390.55,49.0,155.0,11.0,391.62,24.0,273.28,234.55,165.0,73.0,49.40203963400553,238,92.0,57.0,0.39,158.0,
2025-04-08 14:01:06,156.0,141.0,387.69,32.0,155.0,13.0,388.58,59.0,271.84,231.69,154.0,91.0,58.9835594042945,245,63.0,7.0,0.26,156.0,2.0
2025-04-08 14:01:07,159.73,45.0,383.49,35.0,156.06,17.0,386.08,26.0,271.61,223.76,62.0,61.0,56.98140459834265,123,1.0,-122.0,0.01,156.0,
2025-04-08 14:01:08,157.73,22.0,305.05,41.0,155.97,31.0,334.07,45.0,231.39,147.32000000000002,53.0,86.0,41.4750711874022,139,-33.0,16.0,-0.24,162.0,5.0
2025-04-08 14:01:09,158.0,9.0,194.0,45.0,156.0,27.0,195.0,45.0,176.0,36.0,36.0,90.0,42.350659144812354,126,-54.0,-13.0,-0.43,162.0,
2025-04-08 14:01:10,158.0,13.0,192.08,65.0,156.0,39.0,194.0,65.0,175.04,34.08000000000001,52.0,130.0,48.22902787741014,182,-78.0,56.0,-0.43,162.0,
2025-04-08 14:01:11,159.1,20.0,189.02,45.0,156.12,32.0,190.18,57.0,174.06,29.920000000000016,52.0,102.0,44.23597913463578,154,-50.0,-28.0,-0.32,162.0,
2025-04-08 14:01:12,159.0,7.0,186.06,32.0,156.0,21.0,187.29,17.0,172.53,27.06,28.0,49.0,25.515613455291582,77,-21.0,-77.0,-0.27,162.0,
2025-04-08 14:01:13,159.64,14.0,182.55,44.0,156.22,37.0,183.04,47.0,171.09,22.910000000000025,51.0,91.0,1.9612827434645448,142,-40.0,65.0,-0.28,160.0,1.0
2025-04-08 14:01:14,156.33,18.0,178.68,25.0,147.9,29.0,180.42,24.0,167.51,22.349999999999994,47.0,49.0,2.9471901872470827,96,-2.0,-46.0,-0.02,156.8,5.0
2025-04-08 14:01:15,144.81,36.0,176.41,66.0,133.13,55.0,178.02,41.0,160.61,31.599999999999994,91.0,107.0,5.359962686418136,198,-16.0,102.0,-0.08,155.0,2.0
2025-04-08 14:01:16,159.0,55.0,173.93,54.0,86.81,86.0,175.29,52.0,166.46,14.930000000000009,141.0,106.0,4.654159429992606,247,35.0,49.0,0.14,159.0,2.0
2025-04-08 14:01:17,158.09,66.0,168.72,65.0,106.97,125.0,170.08,71.0,163.41,10.629999999999995,191.0,136.0,3.999709989459538,327,55.0,80.0,0.17,159.0,
2025-04-08 14:01:18,163.05,44.0,164.85,46.0,161.09,46.0,171.74,57.0,163.95,1.799999999999983,90.0,103.0,2.71393072862539,193,-13.0,-134.0,-0.07,163.6,5.0
2025-04-08 14:01:19,162.0,20.0,163.11,45.0,159.0,54.0,239.0,36.0,162.56,1.1100000000000136,74.0,81.0,2.1304858600266576,155,-7.0,-38.0,-0.05,162.0,2.0
2025-04-08 14:01:20,159.05,65.0,227.54,37.0,157.0,24.0,299.67,27.0,193.29,68.48999999999998,89.0,64.0,13.13695284302251,153,25.0,-2.0,0.16,162.0,1.0
2025-04-08 14:01:21,159.0,73.0,236.5,40.0,157.78,36.0,785.0,10.0,197.75,77.5,109.0,50.0,17.721219483992062,159,59.0,6.0,0.37,159.0,1.0
2025-04-08 14:01:22,159.0,56.0,234.62,32.0,158.0,32.0,550.38,29.0,196.81,75.62,88.0,61.0,17.991504106100855,149,27.0,-10.0,0.18,159.0,
2025-04-08 14:01:23,159.0,58.0,233.1,40.0,158.0,40.0,539.92,13.0,196.05,74.1,98.0,53.0,15.035894386429655,151,45.0,2.0,0.3,159.0,2.0
2025-04-08 14:01:24,163.0,84.0,206.06,62.0,159.03,62.0,227.0,53.0,184.53,43.06,146.0,115.0,5.381754360790055,261,31.0,110.0,0.12,159.0,
2025-04-08 14:01:25,163.0,48.0,187.15,33.0,160.0,8.0,188.21,39.0,175.08,24.15000000000001,56.0,72.0,9.94432903718846,128,-16.0,-133.0,-0.12,159.0,
2025-04-08 14:01:26,163.0,48.0,186.85,33.0,160.0,8.0,187.9,39.0,174.92,23.849999999999994,56.0,72.0,10.731610783095572,128,-16.0,0.0,-0.12,159.0,
2025-04-08 14:01:27,163.0,21.0,185.1,50.0,159.35,23.0,185.98,49.0,174.05,22.099999999999994,44.0,99.0,9.476963121160528,143,-55.0,15.0,-0.38,163.0,5.0
2025-04-08 14:01:28,161.43,14.0,183.2,40.0,159.44,18.0,185.0,50.0,172.31,21.769999999999985,32.0,90.0,4.79671450055344,122,-58.0,-21.0,-0.48,163.0,1.0
2025-04-08 14:01:29,161.21,28.0,180.64,56.0,160.0,14.0,185.0,70.0,170.93,19.42999999999998,42.0,126.0,1.7907735758073713,168,-84.0,46.0,-0.5,163.0,
2025-04-08 14:01:30,162.83,24.0,177.25,60.0,160.0,12.0,179.0,48.0,170.04,14.419999999999987,36.0,108.0,2.049329158482434,144,-72.0,-24.0,-0.5,163.0,
2025-04-08 14:01:31,161.12,16.0,176.8,25.0,158.55,11.0,179.0,20.0,168.96,15.680000000000009,27.0,45.0,1.985817212082242,72,-18.0,-72.0,-0.25,163.33,3.0
2025-04-08 14:01:32,159.0,60.0,173.06,32.0,158.0,48.0,174.58,52.0,166.03,14.060000000000002,108.0,84.0,2.3688879247014687,192,24.0,120.0,0.12,163.33,
2025-04-08 14:01:33,158.8,64.0,162.74,81.0,157.66,79.0,170.11,36.0,160.77,3.9399999999999977,143.0,117.0,4.113493648930108,260,26.0,68.0,0.1,158.57,7.0
2025-04-08 14:01:34,156.15,39.0,160.8,50.0,155.0,75.0,170.29,70.0,158.48,4.650000000000006,114.0,120.0,5.0607242564458765,234,-6.0,-26.0,-0.03,158.57,
2025-04-08 14:01:35,156.0,63.0,160.0,23.0,155.0,45.0,164.87,31.0,158.0,4.0,108.0,54.0,4.836896732386502,162,54.0,-72.0,0.33,160.6,5.0
2025-04-08 14:01:36,156.0,35.0,232.44,9.0,155.0,25.0,218.29,17.0,194.22,76.44,60.0,26.0,15.272709320869993,86,34.0,-76.0,0.4,159.8,5.0
2025-04-08 14:01:37,156.03,65.0,266.79,19.0,155.24,59.0,272.29,28.0,211.41,110.76000000000002,124.0,47.0,24.73398936685753,171,77.0,85.0,0.45,159.8,
2025-04-08 14:01:38,156.0,105.0,172.94,33.0,155.0,75.0,210.29,42.0,164.47,16.939999999999998,180.0,75.0,24.192294847736623,255,105.0,84.0,0.41,159.8,
2025-04-08 14:01:39,156.26,46.0,165.14,21.0,155.45,55.0,200.27,26.0,160.7,8.879999999999995,101.0,47.0,23.776981515739667,148,54.0,-107.0,0.36,159.8,
2025-04-08 14:01:40,156.75,28.0,161.94,18.0,155.75,59.0,164.08,25.0,159.35,5.189999999999998,87.0,43.0,23.502581773069675,130,44.0,-18.0,0.34,159.0,1.0
2025-04-08 14:01:41,156.0,86.0,159.08,36.0,155.0,93.0,160.72,29.0,157.54,3.0800000000000125,179.0,65.0,22.902646790268605,244,114.0,114.0,0.47,156.0,5.0
2025-04-08 14:01:42,156.0,18.0,185.58,19.0,155.0,45.0,251.69,26.0,170.79,29.580000000000013,63.0,45.0,5.252251897974039,108,18.0,-136.0,0.17,158.8,5.0
2025-04-08 14:01:43,159.5,16.0,224.75,32.0,155.86,37.0,382.3,20.0,192.12,65.25,53.0,52.0,14.379087245016343,105,1.0,-3.0,0.01,160.0,1.0
2025-04-08 14:01:44,158.0,22.0,302.86,28.0,155.91,65.0,439.67,18.0,230.43,144.86,87.0,46.0,30.35146998087311,133,41.0,28.0,0.31,159.0,8.0
2025-04-08 14:01:45,156.0,25.0,273.6,10.0,155.0,25.0,429.0,10.0,214.8,117.60000000000002,50.0,20.0,30.114873899783827,70,30.0,-63.0,0.43,156.0,1.0
2025-04-08 14:01:46,156.35,23.0,250.0,10.0,155.4,25.0,368.4,10.0,203.17,93.65,48.0,20.0,22.60978261726357,68,28.0,-2.0,0.41,156.0,
2025-04-08 14:01:47,157.92,26.0,250.0,14.0,156.12,34.0,291.0,2.0,203.96,92.08,60.0,16.0,14.466821696555805,76,44.0,8.0,0.58,163.0,2.0
2025-04-08 14:01:48,158.0,16.0,249.0,6.0,156.0,30.0,250.0,12.0,203.5,91.0,46.0,18.0,11.820929320486863,64,28.0,-12.0,0.44,158.0,2.0
2025-04-08 14:01:49,158.33,12.0,233.5,8.0,156.21,39.0,249.92,13.0,195.92,75.16999999999999,51.0,21.0,6.754672456893848,72,30.0,8.0,0.42,158.67,3.0
2025-04-08 14:01:50,156.0,24.0,207.5,6.0,155.0,20.0,338.33,6.0,181.75,51.5,44.0,12.0,9.49093514886154,56,32.0,-16.0,0.57,157.0,2.0
2025-04-08 14:01:51,156.0,12.0,248.0,2.0,155.0,10.0,383.0,4.0,202.0,92.0,22.0,6.0,9.33425304991752,28,16.0,-28.0,0.57,157.0,
2025-04-08 14:01:52,157.27,44.0,206.8,20.0,155.19,62.0,458.61,23.0,182.04,49.53,106.0,43.0,10.564701604866949,149,63.0,121.0,0.42,157.0,
2025-04-08 14:01:53,163.5,24.0,191.11,9.0,157.21,38.0,214.56,18.0,177.31,27.610000000000014,62.0,27.0,10.57585126596715,89,35.0,-60.0,0.39,157.0,
2025-04-08 14:01:54,164.0,24.0,190.83,6.0,163.0,12.0,290.0,12.0,177.42,26.830000000000013,36.0,18.0,10.25795447444789,54,18.0,-35.0,0.33,157.0,
2025-04-08 14:01:55,163.0,8.0,186.43,7.0,156.0,28.0,350.14,7.0,174.71,23.430000000000007,36.0,14.0,11.1096368077377,50,22.0,-4.0,0.44,164.0,4.0
2025-04-08 14:01:56,163.0,14.0,183.38,13.0,156.0,49.0,221.2,20.0,173.19,20.379999999999995,63.0,33.0,3.3694406063647167,96,30.0,46.0,0.31,164.0,
2025-04-08 14:01:57,156.82,68.0,181.12,8.0,155.58,48.0,296.47,30.0,168.97,24.30000000000001,116.0,38.0,3.485742388618233,154,78.0,58.0,0.51,157.75,8.0
2025-04-08 14:01:58,157.56,54.0,180.0,9.0,155.9,101.0,309.0,36.0,168.78,22.44,155.0,45.0,3.735000669317704,200,110.0,46.0,0.55,157.75,
2025-04-08 14:01:59,157.71,28.0,180.0,5.0,155.91,57.0,205.0,10.0,168.86,22.289999999999992,85.0,15.0,2.8346551818161894,100,70.0,-100.0,0.7,158.4,5.0
2025-04-08 14:02:00,159.3,50.0,178.55,11.0,157.06,90.0,205.0,22.0,168.92,19.25,140.0,33.0,1.927674765045456,173,107.0,73.0,0.62,161.0,4.0
2025-04-08 14:02:01,161.0,13.0,177.0,13.0,160.0,104.0,205.0,26.0,169.0,16.0,117.0,39.0,0.0882043070941365,156,78.0,-17.0,0.5,161.0,
2025-04-08 14:02:02,161.0,14.0,175.88,41.0,160.0,112.0,176.31,29.0,168.44,14.879999999999995,126.0,70.0,0.216794833401464,196,56.0,40.0,0.29,161.0,
2025-04-08 14:02:03,162.0,48.0,170.48,42.0,161.0,16.0,172.7,40.0,166.24,8.47999999999999,64.0,82.0,1.1673559867442689,146,-18.0,-50.0,-0.12,161.0,
2025-04-08 14:02:04,161.77,44.0,166.53,43.0,159.95,40.0,167.18,68.0,164.15,4.759999999999991,84.0,111.0,2.112320998282266,195,-27.0,49.0,-0.14,162.25,4.0
2025-04-08 14:02:05,160.0,71.0,164.72,40.0,157.74,57.0,166.71,42.0,162.36,4.719999999999999,128.0,82.0,2.814075336550063,210,46.0,15.0,0.22,162.25,
2025-04-08 14:02:06,160.0,65.0,162.66,44.0,159.0,39.0,162.97,32.0,161.33,2.6599999999999966,104.0,76.0,2.8853994523763444,180,28.0,-30.0,0.16,160.0,5.0
2025-04-08 14:02:07,158.26,62.0,159.71,17.0,156.83,144.0,183.12,41.0,158.98,1.450000000000017,206.0,58.0,2.7580010877022474,264,148.0,84.0,0.56,158.43,7.0
2025-04-08 14:02:08,158.0,30.0,159.27,11.0,156.0,66.0,217.6,25.0,158.64,1.2700000000000102,96.0,36.0,2.3177942099679867,132,60.0,-132.0,0.45,158.0,3.0
2025-04-08 14:02:09,159.57,46.0,181.2,15.0,157.47,90.0,221.32,37.0,170.38,21.629999999999995,136.0,52.0,4.760296209246407,188,84.0,56.0,0.45,158.0,1.0
2025-04-08 14:02:10,160.0,44.0,178.8,20.0,158.0,74.0,184.06,35.0,169.4,18.80000000000001,118.0,55.0,5.714033601561248,173,63.0,-15.0,0.36,158.0,
2025-04-08 14:02:11,160.0,21.0,191.36,22.0,158.0,42.0,426.18,11.0,175.68,31.360000000000014,63.0,33.0,7.516640206886439,96,30.0,-77.0,0.31,160.0,1.0
2025-04-08 14:02:12,159.09,44.0,367.46,13.0,157.13,55.0,514.74,23.0,263.28,208.37,99.0,36.0,42.824998307061946,135,63.0,39.0,0.47,160.0,3.0
2025-04-08 14:02:13,162.0,36.0,368.6,10.0,158.0,42.0,763.14,14.0,265.3,206.6,78.0,24.0,50.70924688851076,102,54.0,-33.0,0.53,160.0,
2025-04-08 14:02:14,162.0,48.0,462.6,10.0,158.0,56.0,523.81,16.0,312.3,300.6,104.0,26.0,62.2320987915404,130,78.0,28.0,0.6,160.0,
2025-04-08 14:02:15,159.65,51.0,440.4,10.0,156.74,95.0,597.12,24.0,300.02,280.75,146.0,34.0,53.45704331517167,180,112.0,50.0,0.62,161.43,7.0
2025-04-08 14:02:17,158.63,38.0,389.43,21.0,156.11,70.0,478.64,33.0,274.03,230.8,108.0,54.0,27.802691956000608,162,54.0,52.0,0.33,158.0,4.0
2025-04-08 14:02:19,164.0,16.0,306.62,16.0,158.88,16.0,445.06,16.0,235.31,142.62,32.0,32.0,38.593493881744415,64,0.0,-42.0,0.0,158.0,
2025-04-08 14:02:20,164.0,14.0,331.23,13.0,159.0,14.0,590.84,19.0,247.62,167.23000000000002,28.0,32.0,42.77243703601897,60,-4.0,-4.0,-0.07,158.0,
2025-04-08 14:02:21,146.33,15.0,303.0,12.0,114.36,22.0,697.33,46.0,224.67,156.67,37.0,58.0,37.14760530640076,95,-21.0,35.0,-0.22,159.67,9.0
2025-04-08 14:02:22,142.09,33.0,282.12,24.0,138.71,21.0,577.1,42.0,212.11,140.03,54.0,66.0,41.319675942583245,120,-12.0,25.0,-0.1,153.25,4.0
2025-04-08 14:02:24,155.29,51.0,354.65,23.0,154.38,78.0,363.57,35.0,254.97,199.36,129.0,58.0,39.70839709683713,187,71.0,14.0,0.38,153.25,
2025-04-08 14:02:25,157.39,23.0,317.4,10.0,155.29,42.0,318.88,17.0,237.4,160.01,65.0,27.0,40.17587186359614,92,38.0,-95.0,0.41,153.25,
2025-04-08 14:02:26,161.03,29.0,315.67,15.0,159.43,21.0,316.33,15.0,238.35,154.64,50.0,30.0,38.555250226137886,80,20.0,-12.0,0.25,153.25,
2025-04-08 14:02:27,160.58,36.0,312.1,42.0,157.23,39.0,313.6,30.0,236.34,151.52,75.0,72.0,33.56081599127354,147,3.0,67.0,0.02,162.4,5.0
2025-04-08 14:02:28,158.86,28.0,225.59,54.0,157.6,30.0,282.11,37.0,192.22,66.72999999999999,58.0,91.0,23.442929211172416,149,-33.0,2.0,-0.22,162.4,
2025-04-08 14:02:29,159.64,39.0,221.59,37.0,158.42,24.0,231.39,36.0,190.62,61.95000000000002,63.0,73.0,25.18059729235981,136,-10.0,-13.0,-0.07,162.4,
2025-04-08 14:02:30,160.03,76.0,217.04,26.0,159.14,35.0,218.89,36.0,188.53,57.00999999999999,111.0,62.0,25.724925072776514,173,49.0,37.0,0.28,162.4,
2025-04-08 14:02:31,162.0,14.0,211.23,22.0,160.0,70.0,212.43,21.0,186.61,49.22999999999999,84.0,43.0,21.056524642018488,127,41.0,-46.0,0.32,162.4,
2025-04-08 14:02:32,162.0,15.0,204.67,42.0,160.0,75.0,205.03,30.0,183.33,42.66999999999999,90.0,72.0,3.476761424069382,162,18.0,35.0,0.11,162.4,
2025-04-08 14:02:33,160.26,31.0,190.52,42.0,159.53,38.0,195.11,47.0,175.39,30.26000000000002,69.0,89.0,5.952401196146473,158,-20.0,-4.0,-0.13,160.67,3.0
2025-04-08 14:02:34,160.0,27.0,178.15,34.0,159.0,26.0,186.23,26.0,169.07,18.15000000000001,53.0,60.0,8.163055800364946,113,-7.0,-45.0,-0.06,160.0,2.0
2025-04-08 14:02:35,160.0,13.0,174.78,49.0,159.0,26.0,175.97,29.0,167.39,14.78,39.0,78.0,8.488069273978496,117,-39.0,4.0,-0.33,160.0,
2025-04-08 14:02:36,159.36,28.0,171.35,57.0,158.53,38.0,172.84,49.0,165.35,11.98999999999998,66.0,106.0,7.312050328043676,172,-40.0,55.0,-0.23,160.0,1.0
2025-04-08 14:02:37,159.62,16.0,165.37,38.0,158.67,30.0,166.53,40.0,162.5,5.75,46.0,78.0,4.831759513865468,124,-32.0,-48.0,-0.26,159.5,2.0
2025-04-08 14:02:38,158.8,10.0,161.18,33.0,157.68,19.0,162.32,37.0,159.99,2.3799999999999955,29.0,70.0,3.662362625385274,99,-41.0,-25.0,-0.41,159.0,1.0
2025-04-08 14:02:39,156.97,29.0,160.4,30.0,155.41,51.0,161.0,26.0,158.68,3.430000000000007,80.0,56.0,3.623861200406514,136,24.0,37.0,0.18,158.0,2.0
2025-04-08 14:02:40,156.0,30.0,159.87,31.0,155.0,60.0,264.6,43.0,157.94,3.870000000000005,90.0,74.0,3.03645681671999,164,16.0,28.0,0.1,157.33,3.0
2025-04-08 14:02:41,155.09,33.0,160.0,30.0,97.0,32.0,442.38,26.0,157.55,4.909999999999997,65.0,56.0,2.000467445323711,121,9.0,-43.0,0.07,156.0,3.0
2025-04-08 14:02:42,155.0,30.0,213.22,23.0,131.93,45.0,520.36,22.0,184.11,58.22,75.0,45.0,11.473034907983804,120,30.0,-1.0,0.25,160.0,5.0
2025-04-08 14:02:43,155.86,29.0,424.27,33.0,129.53,38.0,531.28,32.0,290.07,268.41,67.0,65.0,57.24932532353464,132,2.0,12.0,0.02,160.0,
2025-04-08 14:02:46,163.76,21.0,372.0,28.0,162.66,58.0,495.0,35.0,267.88,208.24,79.0,63.0,57.653315169209534,142,16.0,-66.0,0.11,163.6,10.0
2025-04-08 14:02:47,159.09,46.0,345.75,44.0,154.61,23.0,480.38,48.0,252.42,186.66,69.0,92.0,32.4300666049309,161,-23.0,19.0,-0.14,163.0,5.0
2025-04-08 14:02:48,156.91,22.0,171.0,55.0,148.88,24.0,380.57,42.0,163.95,14.090000000000003,46.0,97.0,65.80903600570493,143,-51.0,-18.0,-0.36,156.86,7.0
2025-04-08 14:02:49,143.75,12.0,171.0,30.0,136.33,27.0,233.0,24.0,157.38,27.25,39.0,54.0,70.20867738392492,93,-15.0,-50.0,-0.16,156.0,1.0
2025-04-08 14:02:50,133.0,12.0,155.0,30.0,124.0,30.0,195.89,27.0,144.0,22.0,42.0,57.0,58.23726968187922,99,-15.0,6.0,-0.15,156.0,
2025-04-08 14:02:52,134.08,36.0,248.85,54.0,102.88,48.0,285.6,35.0,191.47,114.76999999999998,84.0,89.0,19.80593673623645,173,-5.0,128.0,-0.03,147.0,4.0
2025-04-08 14:02:54,164.0,16.0,246.8,15.0,57.6,25.0,366.86,21.0,205.4,82.80000000000001,41.0,36.0,28.03380726907845,77,5.0,-65.0,0.06,147.0,
2025-04-08 14:02:55,164.0,22.0,210.27,22.0,96.14,49.0,220.97,35.0,187.14,46.27000000000001,71.0,57.0,24.355450519336845,128,14.0,51.0,0.11,147.0,
2025-04-08 14:02:56,164.0,20.0,215.0,10.0,158.0,60.0,225.58,19.0,189.5,51.0,80.0,29.0,13.615885208090464,109,51.0,-19.0,0.47,147.0,
2025-04-08 14:02:57,162.0,36.0,194.13,15.0,155.62,78.0,293.7,23.0,178.07,32.129999999999995,114.0,38.0,14.11694478277392,152,76.0,43.0,0.5,161.0,4.0
2025-04-08 14:02:58,158.0,40.0,210.8,10.0,127.0,20.0,300.0,30.0,184.4,52.80000000000001,60.0,40.0,10.164232386161736,100,20.0,-52.0,0.2,161.0,
2025-04-08 14:02:59,127.0,16.0,209.88,8.0,86.5,40.0,236.0,22.0,168.44,82.88,56.0,30.0,8.463858458166364,86,26.0,-14.0,0.3,158.0,4.0
2025-04-08 14:03:00,156.62,13.0,208.43,21.0,128.92,48.0,299.23,22.0,182.52,51.81,61.0,43.0,7.930982284677682,104,18.0,18.0,0.17,162.0,1.0
2025-04-08 14:03:01,160.0,22.0,208.0,44.0,140.14,28.0,209.0,11.0,184.0,48.0,50.0,55.0,6.666106809815419,105,-5.0,1.0,-0.05,162.0,
2025-04-08 14:03:02,160.0,18.0,208.0,36.0,154.59,17.0,209.0,9.0,184.0,48.0,35.0,45.0,6.875428713896428,80,-10.0,-25.0,-0.12,162.0,
2025-04-08 14:03:03,160.0,65.0,200.0,29.0,159.0,20.0,207.8,25.0,180.0,40.0,85.0,54.0,6.553008469387822,139,31.0,59.0,0.22,162.0,
2025-04-08 14:03:04,160.0,77.0,183.71,34.0,159.0,22.0,197.28,29.0,171.85,23.710000000000008,99.0,63.0,5.09042041484501,162,36.0,23.0,0.22,162.0,
2025-04-08 14:03:05,160.81,27.0,164.89,18.0,158.59,69.0,165.74,39.0,162.85,4.079999999999984,96.0,57.0,9.119854713747252,153,39.0,-9.0,0.25,160.38,8.0
2025-04-08 14:03:06,159.84,37.0,163.73,11.0,155.44,27.0,164.91,35.0,161.78,3.8899999999999855,64.0,46.0,9.95172497609552,110,18.0,-43.0,0.16,160.0,5.0
2025-04-08 14:03:07,160.0,24.0,162.31,13.0,159.0,26.0,163.38,13.0,161.15,2.3100000000000023,50.0,26.0,8.21328984024236,76,24.0,-34.0,0.32,160.0,1.0
2025-04-08 14:03:08,158.23,53.0,160.36,11.0,157.68,57.0,204.33,21.0,159.3,2.130000000000024,110.0,32.0,4.904103383883203,142,78.0,66.0,0.55,159.0,4.0
2025-04-08 14:03:09,158.0,56.0,159.2,15.0,156.0,14.0,188.71,7.0,158.6,1.1999999999999886,70.0,22.0,1.7574783070655573,92,48.0,-50.0,0.52,159.0,
2025-04-08 14:03:10,158.0,54.0,271.0,33.0,156.0,22.0,429.47,19.0,214.5,113.0,76.0,52.0,24.315165637927283,128,24.0,36.0,0.19,158.0,6.0
2025-04-08 14:03:11,161.0,36.0,405.8,15.0,156.36,22.0,575.84,19.0,283.4,244.8,58.0,34.0,54.63360229748647,92,24.0,-36.0,0.26,158.0,
2025-04-08 14:03:12,164.0,62.0,464.0,12.0,159.75,16.0,623.6,20.0,314.0,300.0,78.0,32.0,70.99762672089835,110,46.0,18.0,0.42,164.0,5.0
2025-04-08 14:03:13,164.0,52.0,234.0,52.0,161.69,26.0,235.0,13.0,199.0,70.0,78.0,65.0,63.50338573651052,143,13.0,33.0,0.09,164.0,
2025-04-08 14:03:14,164.0,11.0,233.38,32.0,162.0,16.0,235.0,8.0,198.69,69.38,27.0,40.0,53.336039598006096,67,-13.0,-76.0,-0.19,164.0,3.0
2025-04-08 14:03:15,164.0,8.0,232.75,32.0,162.0,16.0,235.0,8.0,198.38,68.75,24.0,40.0,55.83630610991439,64,-16.0,-3.0,-0.25,164.0,
2025-04-08 14:03:16,164.0,6.0,231.17,24.0,162.0,12.0,235.0,6.0,197.58,67.16999999999999,18.0,30.0,51.695000725408704,48,-12.0,-16.0,-0.25,164.0,
2025-04-08 14:03:17,164.99,121.0,216.78,41.0,163.67,12.0,232.0,20.0,190.89,51.78999999999999,133.0,61.0,3.405388377252096,194,72.0,146.0,0.37,164.0,
2025-04-08 14:03:18,165.0,93.0,166.49,53.0,164.0,11.0,180.18,28.0,165.75,1.490000000000009,104.0,81.0,14.068747989778664,185,23.0,-9.0,0.12,165.0,6.0
2025-04-08 14:03:19,161.36,33.0,219.9,39.0,159.5,16.0,259.64,28.0,190.63,58.53999999999999,49.0,67.0,13.301933318126943,116,-18.0,-69.0,-0.16,164.22,9.0
2025-04-08 14:03:20,159.26,57.0,227.0,75.0,156.2,142.0,228.0,60.0,193.13,67.74000000000001,199.0,135.0,12.526060034978762,334,64.0,168.0,0.19,159.6,5.0
2025-04-08 14:03:21,158.0,54.0,226.22,45.0,156.0,144.0,228.0,36.0,192.11,68.22,198.0,81.0,11.64388766692158,279,117.0,-55.0,0.42,159.6,
2025-04-08 14:03:22,158.0,54.0,225.81,43.0,156.0,144.0,227.47,38.0,191.91,67.81,198.0,81.0,11.748450110541782,279,117.0,0.0,0.42,159.6,
2025-04-08 14:03:23,158.0,42.0,223.38,34.0,156.0,112.0,225.17,29.0,190.69,65.38,154.0,63.0,1.0514180899651555,217,91.0,-62.0,0.42,159.6,
2025-04-08 14:03:24,158.0,54.0,223.0,45.0,156.0,144.0,225.0,36.0,190.5,65.0,198.0,81.0,1.0853662975723417,279,117.0,62.0,0.42,159.6,
2025-04-08 14:03:25,161.43,134.0,200.84,49.0,156.55,154.0,220.02,61.0,181.13,39.41,288.0,110.0,4.604999457100719,398,178.0,119.0,0.45,163.0,3.0
2025-04-08 14:03:26,163.0,132.0,178.47,49.0,158.0,72.0,180.68,37.0,170.73,15.47,204.0,86.0,9.068953633131205,290,118.0,-108.0,0.41,163.0,
2025-04-08 14:03:27,163.0,132.0,175.92,75.0,158.62,112.0,176.97,58.0,169.46,12.919999999999987,244.0,133.0,10.266054256620135,377,111.0,87.0,0.29,163.0,
2025-04-08 14:03:28,163.0,99.0,173.7,40.0,159.0,126.0,174.76,41.0,168.35,10.699999999999989,225.0,81.0,9.56070238004789,306,144.0,-71.0,0.47,163.0,
2025-04-08 14:03:29,163.07,71.0,171.91,44.0,160.58,139.0,174.0,55.0,167.49,8.840000000000003,210.0,99.0,5.555872568718424,309,111.0,3.0,0.36,163.0,
2025-04-08 14:03:30,163.0,52.0,170.48,48.0,159.0,154.0,173.06,51.0,166.74,7.47999999999999,206.0,99.0,1.5827286564121448,305,107.0,-4.0,0.35,163.12,8.0
2025-04-08 14:03:31,159.75,64.0,168.88,34.0,158.64,66.0,170.66,29.0,164.32,9.129999999999995,130.0,63.0,1.936122413439804,193,67.0,-112.0,0.35,162.2,5.0
2025-04-08 14:03:32,159.03,134.0,167.21,57.0,158.3,86.0,209.08,51.0,163.12,8.180000000000007,220.0,108.0,2.2026642957608797,328,112.0,135.0,0.34,162.2,
2025-04-08 14:03:33,160.0,16.0,166.0,40.0,159.0,104.0,168.0,32.0,163.0,6.0,120.0,72.0,2.0738080913662857,192,48.0,-136.0,0.25,162.2,
2025-04-08 14:03:34,159.01,146.0,165.92,65.0,158.15,85.0,168.0,52.0,162.47,6.909999999999997,231.0,117.0,1.7103216071291931,348,114.0,156.0,0.33,159.67,3.0
2025-04-08 14:03:35,159.84,76.0,164.56,45.0,158.36,66.0,168.0,36.0,162.2,4.719999999999999,142.0,81.0,0.8178141597025688,223,61.0,-125.0,0.27,159.67,
2025-04-08 14:03:36,160.0,83.0,162.74,43.0,158.37,38.0,165.96,49.0,161.37,2.740000000000009,121.0,92.0,0.703398890963066,213,29.0,-10.0,0.14,160.0,5.0
2025-04-08 14:03:37,158.62,45.0,245.63,73.0,157.41,98.0,317.4,50.0,202.13,87.00999999999999,143.0,123.0,17.840129764097398,266,20.0,53.0,0.08,159.14,7.0
2025-04-08 14:03:38,158.0,24.0,181.33,9.0,155.36,28.0,227.5,18.0,169.67,23.330000000000013,52.0,27.0,17.408119369990494,79,25.0,-168.0,0.32,159.14,
2025-04-08 14:03:39,158.33,18.0,161.0,5.0,157.45,11.0,162.0,10.0,159.67,2.6699999999999875,29.0,15.0,17.81425889561046,44,14.0,-35.0,0.32,159.14,
2025-04-08 14:03:40,158.44,59.0,182.75,44.0,157.62,37.0,290.73,40.0,170.6,24.31,96.0,84.0,17.160018065253954,180,12.0,136.0,0.07,159.0,3.0
2025-04-08 14:03:41,158.0,49.0,176.31,39.0,156.0,13.0,232.92,51.0,167.15,18.31,62.0,90.0,16.38410449184959,152,-28.0,-28.0,-0.18,158.0,2.0
2025-04-08 14:03:42,158.0,30.0,174.3,30.0,156.0,10.0,268.12,40.0,166.15,16.30000000000001,40.0,70.0,4.299513925994656,110,-30.0,-42.0,-0.27,158.0,
2025-04-08 14:03:43,156.89,19.0,173.82,33.0,154.25,32.0,294.0,55.0,165.36,16.930000000000007,51.0,88.0,3.960887526782239,139,-37.0,29.0,-0.27,157.0,5.0
2025-04-08 14:03:44,155.0,9.0,171.22,27.0,154.0,36.0,294.0,45.0,163.11,16.22,45.0,72.0,2.745146626288176,117,-27.0,-22.0,-0.23,157.0,
2025-04-08 14:03:45,153.66,32.0,165.62,56.0,86.4,57.0,265.15,78.0,159.64,11.960000000000008,89.0,134.0,2.991599906373537,223,-45.0,106.0,-0.2,155.62,8.0
2025-04-08 14:03:46,153.0,28.0,166.43,37.0,66.76,58.0,226.07,42.0,159.72,13.430000000000009,86.0,79.0,3.055491777080941,165,7.0,-58.0,0.04,155.62,
2025-04-08 14:03:47,161.21,57.0,164.89,47.0,123.17,46.0,254.44,71.0,163.05,3.6799999999999775,103.0,118.0,2.4615706367697854,221,-15.0,56.0,-0.07,162.6,5.0
2025-04-08 14:03:48,154.94,17.0,163.31,26.0,136.43,21.0,317.25,40.0,159.12,8.370000000000005,38.0,66.0,1.9780722938768092,104,-28.0,-117.0,-0.27,162.0,4.0
2025-04-08 14:03:49,152.0,22.0,160.24,21.0,132.13,53.0,162.74,47.0,156.12,8.240000000000009,75.0,68.0,2.461442666364262,143,7.0,39.0,0.05,162.0,
2025-04-08 14:03:50,152.0,16.0,153.0,26.0,138.5,14.0,161.0,40.0,152.5,1.0,30.0,66.0,3.982702599968227,96,-36.0,-47.0,-0.38,162.0,
2025-04-08 14:03:51,136.04,50.0,151.86,43.0,126.5,40.0,157.43,44.0,143.95,15.820000000000022,90.0,87.0,7.269289511347259,177,3.0,81.0,0.02,152.0,2.0
2025-04-08 14:03:55,148.9,10.0,151.0,50.0,142.2,25.0,153.0,40.0,149.95,2.0999999999999943,35.0,90.0,3.283217933636773,125,-55.0,-142.0,-0.44,152.0,
2025-04-08 14:03:56,128.76,58.0,161.25,40.0,126.85,34.0,238.13,38.0,145.0,32.49000000000001,92.0,78.0,3.1328214120429525,170,14.0,45.0,0.08,153.36,14.0
2025-04-08 14:03:57,125.0,15.0,231.41,17.0,41.0,10.0,657.35,23.0,178.21,106.41,25.0,40.0,13.934688012287126,65,-15.0,-105.0,-0.23,153.36,
2025-04-08 14:03:59,156.0,24.0,392.2,15.0,125.42,19.0,658.11,28.0,274.1,236.2,43.0,43.0,107.37654571646468,86,0.0,-15.0,0.0,153.36,
2025-04-08 14:04:00,157.3,20.0,287.29,21.0,155.4,35.0,540.14,28.0,222.29,129.99,55.0,49.0,98.60506442369012,104,6.0,18.0,0.06,153.36,
2025-04-08 14:04:01,158.0,8.0,207.0,8.0,156.0,16.0,538.0,12.0,182.5,49.0,24.0,20.0,90.33809401354506,44,4.0,-60.0,0.09,153.36,
2025-04-08 14:04:02,158.0,10.0,207.0,10.0,156.0,20.0,462.0,15.0,182.5,49.0,30.0,25.0,89.49264567549731,55,5.0,11.0,0.09,153.36,
2025-04-08 14:04:03,158.0,16.0,210.57,28.0,156.0,32.0,271.0,30.0,184.29,52.56999999999999,48.0,58.0,40.09247348318585,106,-10.0,51.0,-0.09,153.36,
2025-04-08 14:04:04,158.0,20.0,212.0,50.0,156.0,40.0,335.56,27.0,185.0,54.0,60.0,77.0,17.349992219015473,137,-17.0,31.0,-0.12,153.36,
2025-04-08 14:04:05,158.0,16.0,198.12,42.0,156.0,36.0,378.14,21.0,178.06,40.120000000000005,52.0,63.0,2.7001481440592903,115,-11.0,-22.0,-0.1,158.0,1.0
2025-04-08 14:04:06,158.85,52.0,391.68,19.0,156.33,24.0,419.38,29.0,275.27,232.83,76.0,48.0,41.59251050369442,124,28.0,9.0,0.23,158.0,
2025-04-08 14:04:07,159.97,59.0,436.74,42.0,159.39,44.0,511.3,40.0,298.35,276.77,103.0,82.0,57.80293011604179,185,21.0,61.0,0.11,163.0,5.0
2025-04-08 14:04:08,159.22,93.0,383.38,47.0,159.54,13.0,404.68,44.0,271.3,224.16,106.0,91.0,55.85072273480507,197,15.0,12.0,0.08,162.5,2.0
2025-04-08 14:04:09,159.0,143.0,167.27,49.0,158.0,13.0,175.26,39.0,163.13,8.27000000000001,156.0,88.0,61.91800925417464,244,68.0,47.0,0.28,159.0,5.0
2025-04-08 14:04:10,159.0,78.0,161.42,45.0,158.0,13.0,162.55,58.0,160.21,2.4199999999999875,91.0,103.0,66.5250721157072,194,-12.0,-50.0,-0.06,159.0,
2025-04-08 14:04:11,159.0,45.0,161.15,48.0,158.0,12.0,162.82,39.0,160.07,2.1500000000000057,57.0,87.0,68.42949963283355,144,-30.0,-50.0,-0.21,159.0,3.0
2025-04-08 14:04:12,157.94,16.0,167.38,26.0,155.8,49.0,291.32,37.0,162.66,9.439999999999998,65.0,63.0,49.11585314335765,128,2.0,-16.0,0.02,158.38,8.0
2025-04-08 14:04:13,159.52,27.0,201.08,25.0,154.94,34.0,270.5,32.0,180.3,41.56,61.0,57.0,8.51375534061286,118,4.0,-10.0,0.03,158.38,
2025-04-08 14:04:14,163.53,15.0,218.0,27.0,162.25,24.0,278.11,9.0,190.77,54.47,39.0,36.0,13.987418275001035,75,3.0,-43.0,0.04,158.38,
2025-04-08 14:04:15,164.05,19.0,217.25,24.0,162.43,21.0,310.43,21.0,190.65,53.19999999999999,40.0,45.0,14.82418125900564,85,-5.0,10.0,-0.06,164.0,2.0
2025-04-08 14:04:16,164.0,94.0,216.4,30.0,163.0,20.0,228.74,38.0,190.2,52.400000000000006,114.0,68.0,12.16250097635658,182,46.0,97.0,0.25,164.0,2.0
2025-04-08 14:04:17,164.0,64.0,214.18,17.0,163.0,16.0,219.0,23.0,189.09,50.18000000000001,80.0,40.0,4.4668075848298185,120,40.0,-62.0,0.33,164.0,
2025-04-08 14:04:18,164.0,64.0,212.78,18.0,163.0,16.0,214.0,22.0,188.39,48.78,80.0,40.0,1.038460398811104,120,40.0,0.0,0.33,164.0,
2025-04-08 14:04:19,164.0,112.0,198.93,30.0,163.0,28.0,204.43,49.0,181.47,34.93000000000001,140.0,79.0,3.736161131414486,219,61.0,99.0,0.28,164.0,
2025-04-08 14:04:20,164.0,72.0,196.89,18.0,163.0,18.0,213.0,27.0,180.44,32.889999999999986,90.0,45.0,4.590780979298092,135,45.0,-84.0,0.33,164.0,
2025-04-08 14:04:21,164.0,48.0,195.43,14.0,163.0,14.0,212.74,19.0,179.71,31.430000000000007,62.0,33.0,4.541387453177472,95,29.0,-40.0,0.31,164.0,4.0
2025-04-08 14:04:22,164.0,32.0,193.77,22.0,163.0,16.0,196.86,14.0,178.89,29.77000000000001,48.0,36.0,3.8151277829019823,84,12.0,-11.0,0.14,164.0,
2025-04-08 14:04:23,164.0,44.0,192.36,28.0,163.0,22.0,193.89,27.0,178.18,28.360000000000014,66.0,55.0,1.2883982303090185,121,11.0,37.0,0.09,164.0,
2025-04-08 14:04:24,163.27,15.0,190.42,24.0,162.15,13.0,193.0,36.0,176.84,27.149999999999977,28.0,60.0,1.3920380741416882,88,-32.0,-33.0,-0.36,163.8,5.0
2025-04-08 14:04:25,159.52,23.0,188.29,34.0,158.08,153.0,190.94,31.0,173.91,28.769999999999985,176.0,65.0,2.2694779134980463,241,111.0,153.0,0.46,161.25,4.0
2025-04-08 14:04:26,159.0,18.0,180.28,29.0,158.0,135.0,188.7,20.0,169.64,21.28,153.0,49.0,3.7860758048206464,202,104.0,-39.0,0.51,161.25,
2025-04-08 14:04:27,159.0,33.0,185.78,32.0,158.0,195.0,186.79,33.0,172.39,26.78,228.0,65.0,3.426495294005774,293,163.0,91.0,0.56,159.0,3.0
2025-04-08 14:04:28,158.29,34.0,182.5,24.0,157.9,158.0,184.12,25.0,170.4,24.210000000000008,192.0,49.0,2.886733448006273,241,143.0,-52.0,0.59,158.25,4.0
2025-04-08 14:04:29,158.0,180.0,178.35,34.0,156.0,60.0,179.52,50.0,168.18,20.349999999999994,240.0,84.0,2.2647361876898584,324,156.0,83.0,0.48,158.25,
2025-04-08 14:04:30,158.49,143.0,174.96,54.0,157.4,120.0,177.43,42.0,166.73,16.47,263.0,96.0,2.155915118882672,359,167.0,35.0,0.47,158.25,
2025-04-08 14:04:31,160.14,70.0,170.21,38.0,158.13,154.0,171.16,38.0,165.18,10.070000000000022,224.0,76.0,2.871015499753301,300,148.0,-59.0,0.49,158.25,
2025-04-08 14:04:32,161.54,65.0,167.69,52.0,160.0,65.0,169.0,26.0,164.62,6.150000000000006,130.0,78.0,2.345190823753616,208,52.0,-92.0,0.25,158.25,
2025-04-08 14:04:33,163.1,69.0,166.64,36.0,160.0,75.0,167.61,46.0,164.87,3.539999999999992,144.0,82.0,1.5086185733359525,226,62.0,18.0,0.27,163.0,1.0
2025-04-08 14:04:34,161.56,41.0,164.78,9.0,159.8,25.0,167.77,26.0,163.17,3.219999999999999,66.0,35.0,1.2746097441219486,101,31.0,-125.0,0.31,164.0,4.0
2025-04-08 14:04:35,160.0,40.0,162.05,21.0,159.0,8.0,167.0,12.0,161.02,2.050000000000012,48.0,33.0,1.7206888155057367,81,15.0,-20.0,0.19,162.0,1.0
2025-04-08 14:04:36,159.62,48.0,171.0,54.0,158.31,32.0,297.54,26.0,165.31,11.379999999999995,80.0,80.0,1.7480474821373226,160,0.0,79.0,0.0,159.57,7.0
2025-04-08 14:04:37,158.0,84.0,248.65,17.0,157.0,22.0,300.88,17.0,203.32,90.65,106.0,34.0,17.84655064710923,140,72.0,-20.0,0.51,158.0,1.0
2025-04-08 14:04:38,158.0,42.0,245.17,6.0,157.0,12.0,248.0,12.0,201.58,87.16999999999999,54.0,18.0,21.57853215582241,72,36.0,-68.0,0.5,158.0,
2025-04-08 14:04:39,158.0,77.0,242.64,11.0,157.0,22.0,248.0,22.0,200.32,84.63999999999999,99.0,33.0,21.209533233899528,132,66.0,60.0,0.5,158.0,
2025-04-08 14:04:40,158.0,102.0,241.5,10.0,157.0,20.0,248.0,20.0,199.75,83.5,122.0,30.0,16.127803012187275,152,92.0,20.0,0.61,158.0,
2025-04-08 14:04:41,158.0,220.0,240.47,19.0,157.0,30.0,246.92,26.0,199.24,82.47,250.0,45.0,1.6368017595120892,295,205.0,143.0,0.69,158.0,1.0
2025-04-08 14:04:42,158.0,134.0,236.38,16.0,157.0,22.0,237.53,17.0,197.19,78.38,156.0,33.0,1.6122747904552142,189,123.0,-106.0,0.65,158.0,2.0
2025-04-08 14:04:43,158.0,96.0,225.24,17.0,156.75,16.0,235.56,9.0,191.62,67.24000000000001,112.0,26.0,3.5579530631994185,138,86.0,-51.0,0.62,158.0,
2025-04-08 14:04:44,158.0,156.0,213.1,31.0,156.27,30.0,229.0,20.0,185.55,55.1,186.0,51.0,6.0315545259841,237,135.0,99.0,0.57,158.0,
2025-04-08 14:04:45,158.0,144.0,194.75,24.0,157.0,48.0,236.0,12.0,176.38,36.75,192.0,36.0,9.287154031235948,228,156.0,-9.0,0.68,158.0,
2025-04-08 14:04:46,159.12,50.0,193.53,19.0,157.88,96.0,220.55,11.0,176.32,34.41,146.0,30.0,9.240144479383709,176,116.0,-52.0,0.66,162.0,1.0
2025-04-08 14:04:47,158.43,56.0,192.0,22.0,157.78,92.0,251.11,19.0,175.21,33.56999999999999,148.0,41.0,7.250112412912575,189,107.0,13.0,0.57,159.33,3.0
2025-04-08 14:04:48,158.0,110.0,190.77,31.0,157.0,44.0,273.4,30.0,174.39,32.77000000000001,154.0,61.0,4.537097089533809,215,93.0,26.0,0.43,159.33,
2025-04-08 14:04:49,158.11,90.0,188.64,39.0,157.33,60.0,189.44,45.0,173.38,30.529999999999973,150.0,84.0,1.28402881581648,234,66.0,19.0,0.28,159.67,3.0
2025-04-08 14:04:50,158.0,101.0,185.74,27.0,157.0,56.0,188.91,67.0,171.87,27.74000000000001,157.0,94.0,1.7063206028890672,251,63.0,17.0,0.25,158.0,1.0
2025-04-08 14:04:51,158.0,77.0,183.88,25.0,157.0,44.0,185.76,34.0,170.94,25.879999999999995,121.0,59.0,1.7575750339145406,180,62.0,-71.0,0.34,158.0,
2025-04-08 14:04:52,158.0,91.0,180.11,44.0,157.0,52.0,181.03,35.0,169.06,22.110000000000014,143.0,79.0,2.084147307614101,222,64.0,42.0,0.29,158.0,
2025-04-08 14:04:53,158.97,69.0,171.47,45.0,158.07,83.0,176.63,57.0,165.22,12.5,152.0,102.0,3.142161676271344,254,50.0,32.0,0.2,158.0,
2025-04-08 14:04:54,162.0,56.0,168.53,40.0,159.05,41.0,169.05,43.0,165.26,6.530000000000001,97.0,83.0,3.117515036021859,180,14.0,-74.0,0.08,158.0,
2025-04-08 14:04:55,162.0,40.0,165.2,20.0,159.0,30.0,166.4,20.0,163.6,3.1999999999999886,70.0,40.0,3.0558926682421736,110,30.0,-70.0,0.27,158.0,
2025-04-08 14:04:56,159.0,24.0,162.26,19.0,158.0,100.0,163.5,20.0,160.63,3.259999999999991,124.0,39.0,3.055892668240927,163,85.0,53.0,0.52,161.0,6.0
2025-04-08 14:04:57,158.02,128.0,159.52,23.0,156.21,189.0,161.33,18.0,158.77,1.5,317.0,41.0,2.8915272780662065,358,276.0,168.0,0.77,158.5,4.0
2025-04-08 14:04:58,158.0,71.0,159.91,11.0,156.0,143.0,272.71,14.0,158.95,1.9099999999999968,214.0,25.0,2.8828406129712323,239,189.0,-119.0,0.79,158.0,3.0
2025-04-08 14:04:59,158.0,55.0,171.94,17.0,156.0,143.0,208.88,25.0,164.97,13.939999999999998,198.0,42.0,2.78818579004272,240,156.0,1.0,0.65,159.0,1.0
2025-04-08 14:05:00,158.41,29.0,460.59,22.0,156.24,88.0,562.87,23.0,309.5,302.17999999999995,117.0,45.0,66.53415047928321,162,72.0,-78.0,0.44,158.5,2.0
2025-04-08 14:05:02,163.0,30.0,322.0,12.0,159.0,6.0,530.23,13.0,242.5,159.0,36.0,25.0,77.19705596718104,61,11.0,-17.0,0.18,158.5,
2025-04-08 14:05:03,163.0,55.0,372.93,28.0,159.0,67.0,472.58,33.0,267.96,209.93,122.0,61.0,62.73621617534932,183,61.0,122.0,0.33,158.5,
2025-04-08 14:05:04,163.0,20.0,392.0,12.0,159.0,36.0,422.0,16.0,277.5,229.0,56.0,28.0,32.220883290193115,84,28.0,-99.0,0.33,158.5,
2025-04-08 14:05:05,163.0,60.0,390.07,27.0,159.0,108.0,390.7,43.0,276.54,227.07,168.0,70.0,28.89671053944067,238,98.0,154.0,0.41,158.5,
2025-04-08 14:05:06,163.0,30.0,386.83,24.0,159.0,54.0,388.0,6.0,274.92,223.83,84.0,30.0,14.6735503543003,114,54.0,-124.0,0.47,158.5,
2025-04-08 14:05:07,163.67,61.0,321.6,48.0,161.11,76.0,343.38,26.0,242.64,157.93000000000004,137.0,74.0,14.613012009855698,211,63.0,97.0,0.3,164.0,3.0
2025-04-08 14:05:08,164.0,48.0,213.88,33.0,163.0,60.0,216.9,31.0,188.94,49.88,108.0,64.0,38.21617092279302,172,44.0,-39.0,0.26,164.0,
2025-04-08 14:05:09,164.0,20.0,211.43,21.0,163.0,25.0,237.58,24.0,187.71,47.43000000000001,45.0,45.0,43.96533520854887,90,0.0,-82.0,0.0,164.0,
2025-04-08 14:05:10,164.0,44.0,198.25,51.0,163.0,55.0,209.23,48.0,181.13,34.25,99.0,99.0,41.60948653852866,198,0.0,108.0,0.0,164.0,
2025-04-08 14:05:11,164.0,80.0,180.25,96.0,163.0,100.0,182.65,99.0,172.12,16.25,180.0,195.0,27.722275700236512,375,-15.0,168.0,-0.04,164.0,
2025-04-08 14:05:12,164.0,52.0,176.14,59.0,163.0,65.0,194.85,59.0,170.07,12.139999999999986,117.0,118.0,8.679627296138472,235,-1.0,-140.0,-0.0,164.0,
2025-04-08 14:05:13,164.0,56.0,173.33,61.0,163.0,70.0,222.74,61.0,168.66,9.330000000000013,126.0,122.0,8.177968574154422,248,4.0,13.0,0.02,164.0,
2025-04-08 14:05:14,164.0,44.0,170.0,22.0,163.0,55.0,171.0,55.0,167.0,6.0,99.0,77.0,5.546253690541226,176,22.0,-72.0,0.12,164.0,
2025-04-08 14:05:15,164.0,48.0,168.98,64.0,163.0,70.0,170.14,37.0,166.49,4.97999999999999,118.0,101.0,2.302600703515818,219,17.0,43.0,0.08,164.0,1.0
2025-04-08 14:05:16,163.38,39.0,166.38,65.0,159.83,121.0,167.85,65.0,164.88,3.0,160.0,130.0,2.003309761326559,290,30.0,71.0,0.1,163.6,5.0
2025-04-08 14:05:17,159.08,153.0,162.79,48.0,158.12,101.0,163.76,58.0,160.94,3.70999999999998,254.0,106.0,2.930423177600742,360,148.0,70.0,0.41,160.33,9.0
2025-04-08 14:05:18,159.0,93.0,160.0,24.0,158.0,84.0,161.0,36.0,159.5,1.0,177.0,60.0,3.3654449928371903,237,117.0,-123.0,0.49,159.0,9.0
2025-04-08 14:05:19,158.0,38.0,159.4,20.0,156.0,78.0,160.6,20.0,158.7,1.4000000000000057,116.0,40.0,3.415628785422508,156,76.0,-81.0,0.49,158.2,5.0
2025-04-08 14:05:20,156.91,33.0,159.1,21.0,155.74,68.0,363.4,25.0,158.0,2.1899999999999977,101.0,46.0,2.7304724865489,147,55.0,-9.0,0.37,158.0,3.0
2025-04-08 14:05:23,165.0,24.0,232.0,40.0,164.0,40.0,607.0,40.0,198.5,67.0,64.0,80.0,92.19023418996228,144,-16.0,54.0,-0.11,158.0,
2025-04-08 14:05:24,164.0,9.0,192.0,15.0,156.0,18.0,607.0,15.0,178.0,28.0,27.0,30.0,88.3654156330411,57,-3.0,-87.0,-0.05,164.6,5.0
2025-04-08 14:05:28,161.57,7.0,443.57,35.0,157.53,19.0,601.86,35.0,302.57,282.0,26.0,70.0,100.32201089491988,96,-44.0,26.0,-0.46,163.25,4.0
2025-04-08 14:05:29,157.0,42.0,248.73,75.0,155.91,43.0,348.67,75.0,202.87,91.73,85.0,150.0,91.17789847326183,235,-65.0,139.0,-0.28,159.0,2.0
2025-04-08 14:05:30,157.83,24.0,199.96,27.0,156.1,39.0,243.33,45.0,178.9,42.13,63.0,72.0,114.92704577252624,135,-9.0,-100.0,-0.07,159.0,
2025-04-08 14:05:31,159.0,55.0,216.43,21.0,157.55,22.0,244.8,49.0,187.71,57.43000000000001,77.0,70.0,109.96261341928988,147,7.0,12.0,0.05,159.0,
2025-04-08 14:05:32,159.0,50.0,321.43,35.0,158.0,20.0,343.2,35.0,240.21,162.43,70.0,70.0,50.5506638927725,140,0.0,-7.0,0.0,159.0,
2025-04-08 14:05:33,157.4,47.0,319.63,38.0,156.5,20.0,341.38,32.0,238.52,162.23,67.0,70.0,28.461749243502396,137,-3.0,-3.0,-0.02,158.11,9.0
2025-04-08 14:05:34,156.0,21.0,317.0,14.0,155.0,20.0,336.18,22.0,236.5,161.0,41.0,36.0,30.370962612338,77,5.0,-60.0,0.06,158.11,
2025-04-08 14:05:35,156.0,27.0,315.33,18.0,155.0,33.0,317.22,18.0,235.67,159.32999999999998,60.0,36.0,22.43730754792277,96,24.0,19.0,0.25,156.0,1.0
2025-04-08 14:05:36,156.0,18.0,313.33,9.0,155.0,18.0,315.0,18.0,234.67,157.32999999999998,36.0,27.0,2.235918155949752,63,9.0,-33.0,0.14,156.0,
2025-04-08 14:05:37,158.08,13.0,312.69,13.0,155.82,22.0,314.8,20.0,235.38,154.61,35.0,33.0,1.4792802304169033,68,2.0,5.0,0.03,156.0,
2025-04-08 14:05:38,159.0,5.0,267.0,15.0,156.0,10.0,312.0,10.0,213.0,108.0,15.0,25.0,10.10819617934298,40,-10.0,-28.0,-0.25,156.0,
2025-04-08 14:05:39,162.05,21.0,298.38,16.0,157.7,23.0,310.12,16.0,230.21,136.32999999999998,44.0,32.0,9.639985995844572,76,12.0,36.0,0.16,156.0,
2025-04-08 14:05:40,164.17,12.0,283.0,11.0,162.64,22.0,309.0,11.0,223.58,118.83,34.0,22.0,9.305598852307716,56,12.0,-20.0,0.21,156.0,
2025-04-08 14:05:41,165.0,12.0,299.43,14.0,163.0,24.0,309.59,17.0,232.21,134.43,36.0,31.0,8.878233495469072,67,5.0,11.0,0.07,156.0,
2025-04-08 14:05:42,165.0,14.0,305.8,20.0,163.0,28.0,306.64,22.0,235.4,140.8,42.0,42.0,8.88302594840683,84,0.0,17.0,0.0,156.0,
2025-04-08 14:05:43,165.0,10.0,250.13,15.0,163.0,20.0,253.76,17.0,207.57,85.13,30.0,32.0,11.067489778629348,62,-2.0,-22.0,-0.03,156.0,
2025-04-08 14:05:44,162.65,20.0,248.12,8.0,161.45,22.0,250.0,16.0,205.39,85.47,42.0,24.0,13.816412341850798,66,18.0,4.0,0.27,163.67,3.0
2025-04-08 14:05:45,164.0,14.0,245.79,19.0,162.0,70.0,248.8,25.0,204.89,81.78999999999999,84.0,44.0,15.331592219989204,128,40.0,62.0,0.31,163.67,
2025-04-08 14:05:46,164.0,17.0,215.43,30.0,162.0,85.0,229.76,38.0,189.72,51.43000000000001,102.0,68.0,16.58179212268693,170,34.0,42.0,0.2,163.67,
2025-04-08 14:05:47,164.0,14.0,198.62,16.0,162.0,70.0,201.0,20.0,181.31,34.620000000000005,84.0,36.0,11.624679780534288,120,48.0,-50.0,0.4,163.67,
2025-04-08 14:05:48,162.0,33.0,195.74,19.0,159.0,22.0,196.38,26.0,178.87,33.74000000000001,55.0,45.0,12.622491037823778,100,10.0,-20.0,0.1,162.67,3.0
2025-04-08 14:05:49,160.4,20.0,191.67,21.0,156.33,72.0,194.19,16.0,176.03,31.269999999999985,92.0,37.0,11.648711516726651,129,55.0,29.0,0.43,160.8,5.0
2025-04-08 14:05:50,157.76,17.0,187.89,28.0,155.96,104.0,188.39,28.0,172.83,30.129999999999995,121.0,56.0,6.409634934994097,177,65.0,48.0,0.37,156.67,3.0
2025-04-08 14:05:51,156.0,12.0,180.33,24.0,155.0,24.0,181.87,23.0,168.17,24.330000000000013,36.0,47.0,5.153515305098166,83,-11.0,-94.0,-0.13,156.67,
2025-04-08 14:05:52,161.71,56.0,171.31,26.0,155.83,48.0,176.07,30.0,166.51,9.599999999999994,104.0,56.0,5.190714786989372,160,48.0,77.0,0.3,156.67,
2025-04-08 14:05:53,159.26,54.0,164.64,36.0,155.69,52.0,165.96,27.0,161.95,5.379999999999996,106.0,63.0,5.491659129976804,169,43.0,9.0,0.25,164.0,4.0
2025-04-08 14:05:54,156.0,34.0,158.14,14.0,155.0,18.0,159.27,11.0,157.07,2.1399999999999864,52.0,25.0,6.028207030273881,77,27.0,-92.0,0.35,156.0,3.0
2025-04-08 14:05:55,155.45,11.0,157.15,13.0,151.16,43.0,238.79,14.0,156.3,1.700000000000017,54.0,27.0,5.366712215111879,81,27.0,4.0,0.33,156.0,1.0
2025-04-08 14:05:56,155.0,12.0,158.96,28.0,150.0,110.0,314.67,21.0,156.98,3.960000000000008,122.0,49.0,4.395869652278473,171,73.0,90.0,0.43,155.0,1.0
2025-04-08 14:05:57,155.0,10.0,157.39,38.0,150.0,110.0,158.14,22.0,156.2,2.3899999999999864,120.0,60.0,2.4076856106675,180,60.0,9.0,0.33,155.0,
2025-04-08 14:05:59,121.54,52.0,153.08,37.0,110.89,47.0,154.34,29.0,137.31,31.540000000000006,99.0,66.0,16.359542475257992,165,33.0,-50.0,0.2,153.0,2.0
2025-04-08 14:06:00,133.35,49.0,152.48,31.0,126.5,56.0,153.93,29.0,142.92,19.129999999999995,105.0,60.0,15.181954748969597,165,45.0,0.0,0.27,153.0,2.0
2025-04-08 14:06:01,146.49,98.0,196.15,40.0,141.58,66.0,298.39,23.0,171.32,49.66,164.0,63.0,19.335539040838015,227,101.0,62.0,0.44,152.38,8.0
2025-04-08 14:06:02,144.94,68.0,186.15,34.0,143.33,48.0,318.62,16.0,165.54,41.21000000000001,116.0,50.0,20.99686238464638,166,66.0,-61.0,0.4,158.0,2.0
2025-04-08 14:06:03,146.0,32.0,152.0,40.0,145.0,64.0,200.0,24.0,149.0,6.0,96.0,64.0,14.63231765646849,160,32.0,-6.0,0.2,158.0,
2025-04-08 14:06:04,147.44,72.0,151.89,56.0,145.67,72.0,177.43,40.0,149.67,4.449999999999989,144.0,96.0,12.09740468033573,240,48.0,80.0,0.2,158.0,
2025-04-08 14:06:05,148.03,117.0,155.33,57.0,147.07,69.0,155.57,69.0,151.68,7.300000000000011,186.0,126.0,10.284071178274448,312,60.0,72.0,0.19,151.18,11.0
2025-04-08 14:06:06,149.0,40.0,204.43,21.0,148.0,50.0,276.82,11.0,176.71,55.43000000000001,90.0,32.0,12.205480326468896,122,58.0,-168.0,0.48,153.0,3.0
2025-04-08 14:06:07,150.68,37.0,172.29,28.0,149.14,35.0,295.91,11.0,161.48,21.609999999999985,72.0,39.0,11.748185817385435,111,33.0,-11.0,0.3,153.0,
2025-04-08 14:06:08,154.38,42.0,186.83,58.0,153.1,49.0,371.65,17.0,170.6,32.45000000000002,91.0,75.0,11.716888238770238,166,16.0,55.0,0.1,156.0,5.0
2025-04-08 14:06:09,163.02,82.0,290.33,18.0,162.44,18.0,368.55,20.0,226.68,127.30999999999996,100.0,38.0,29.11268967305993,138,62.0,-28.0,0.45,156.0,
2025-04-08 14:06:10,164.36,22.0,256.55,11.0,163.0,88.0,444.52,23.0,210.45,92.19,110.0,34.0,27.95831772478333,144,76.0,6.0,0.53,156.0,
2025-04-08 14:06:13,165.0,16.0,294.0,8.0,163.0,64.0,498.64,11.0,229.5,129.0,80.0,19.0,61.14956418487563,99,61.0,3.0,0.62,156.0,
2025-04-08 14:06:14,163.62,26.0,336.14,7.0,162.91,35.0,572.0,12.0,249.88,172.51999999999998,61.0,19.0,58.17581284348541,80,42.0,-19.0,0.53,164.0,4.0
2025-04-08 14:06:15,162.67,18.0,355.75,8.0,159.23,26.0,397.75,8.0,259.21,193.08,44.0,16.0,48.77593176967795,60,28.0,-20.0,0.47,164.0,
2025-04-08 14:06:16,162.0,11.0,345.0,11.0,159.0,44.0,364.0,11.0,253.5,183.0,55.0,22.0,39.45594403889252,77,33.0,17.0,0.43,164.0,
2025-04-08 14:06:17,163.29,58.0,344.22,32.0,162.59,51.0,430.17,12.0,253.76,180.93000000000004,109.0,44.0,11.489469091309552,153,65.0,76.0,0.42,163.0,1.0
2025-04-08 14:06:18,164.0,48.0,342.45,20.0,163.0,112.0,343.5,24.0,253.22,178.45,160.0,44.0,3.3540095408593484,204,116.0,51.0,0.57,163.0,
2025-04-08 14:06:19,164.0,21.0,213.68,25.0,163.0,49.0,297.22,9.0,188.84,49.68000000000001,70.0,34.0,29.657096621215796,104,36.0,-100.0,0.35,163.0,
2025-04-08 14:06:20,164.64,14.0,207.0,20.0,163.56,48.0,218.67,24.0,185.82,42.360000000000014,62.0,44.0,36.25537918709545,106,18.0,2.0,0.17,164.33,3.0
2025-04-08 14:06:21,163.04,69.0,198.0,16.0,162.66,32.0,205.86,14.0,180.52,34.96000000000001,101.0,30.0,37.59927286530975,131,71.0,25.0,0.54,163.5,2.0
2025-04-08 14:06:22,163.0,84.0,166.97,38.0,160.62,24.0,168.81,54.0,164.99,3.969999999999999,108.0,92.0,33.990949089426,200,16.0,69.0,0.08,163.5,
2025-04-08 14:06:23,162.98,56.0,164.19,16.0,159.06,146.0,186.96,28.0,163.58,1.210000000000008,202.0,44.0,11.77276942778893,246,158.0,46.0,0.64,163.0,6.0
2025-04-08 14:06:24,159.05,57.0,165.0,8.0,158.44,25.0,267.67,36.0,162.03,5.949999999999989,82.0,44.0,10.967537098175738,126,38.0,-120.0,0.3,159.75,4.0
2025-04-08 14:06:25,159.0,82.0,164.23,13.0,158.0,44.0,186.0,39.0,161.62,5.22999999999999,126.0,52.0,7.923867111445186,178,74.0,52.0,0.42,159.0,2.0
2025-04-08 14:06:26,158.74,77.0,163.87,15.0,157.45,55.0,466.65,65.0,161.3,5.129999999999996,132.0,80.0,1.5486865402100622,212,52.0,34.0,0.25,159.0,6.0
2025-04-08 14:06:27,157.94,35.0,161.64,11.0,155.83,36.0,312.0,15.0,159.79,3.6999999999999886,71.0,26.0,1.3648553036215385,97,45.0,-115.0,0.46,157.33,6.0
2025-04-08 14:06:28,155.38,24.0,158.79,14.0,140.63,71.0,192.25,16.0,157.08,3.4099999999999966,95.0,30.0,2.021343612506011,125,65.0,28.0,0.52,155.25,4.0
2025-04-08 14:06:29,155.21,38.0,157.4,20.0,87.67,24.0,300.11,36.0,156.31,2.1899999999999977,62.0,56.0,2.4217245920654284,118,6.0,-7.0,0.05,156.0,2.0
2025-04-08 14:06:30,149.26,38.0,320.37,38.0,115.85,20.0,525.53,55.0,234.82,171.11,58.0,93.0,34.13726336424569,151,-35.0,33.0,-0.23,156.0,2.0
2025-04-08 14:06:31,151.8,25.0,328.77,13.0,134.5,16.0,416.1,31.0,240.28,176.96999999999997,41.0,44.0,43.782718394361176,85,-3.0,-66.0,-0.04,151.0,1.0
2025-04-08 14:06:32,163.47,30.0,326.62,8.0,155.12,17.0,419.5,28.0,245.05,163.15,47.0,36.0,45.79948001888229,83,11.0,-2.0,0.13,151.0,
2025-04-08 14:06:33,164.1,29.0,324.7,10.0,159.13,23.0,325.7,10.0,244.4,160.6,52.0,20.0,38.1548210584202,72,32.0,-11.0,0.44,164.0,1.0
2025-04-08 14:06:34,165.0,10.0,322.5,10.0,164.0,30.0,324.0,10.0,243.75,157.5,40.0,20.0,4.244343294330998,60,20.0,-12.0,0.33,164.0,
2025-04-08 14:06:35,165.0,7.0,283.12,8.0,164.0,21.0,321.71,7.0,224.06,118.12,28.0,15.0,8.830015288782013,43,13.0,-17.0,0.3,164.0,
2025-04-08 14:06:36,164.03,37.0,263.0,16.0,159.67,30.0,319.92,13.0,213.51,98.97,67.0,29.0,14.524549218481914,96,38.0,53.0,0.4,165.0,1.0
2025-04-08 14:06:37,164.0,27.0,316.89,9.0,159.42,24.0,318.11,9.0,240.44,152.89,51.0,18.0,13.7875911601737,69,33.0,-27.0,0.48,165.0,
2025-04-08 14:06:38,164.0,34.0,267.24,17.0,162.33,36.0,280.31,29.0,215.62,103.24,70.0,46.0,13.965952527489046,116,24.0,47.0,0.21,164.0,1.0
2025-04-08 14:06:39,164.0,22.0,262.64,11.0,163.0,33.0,314.0,11.0,213.32,98.64,55.0,22.0,11.516766039129845,77,33.0,-39.0,0.43,164.0,
2025-04-08 14:06:40,162.57,7.0,245.38,8.0,159.92,13.0,261.33,6.0,203.97,82.81,20.0,14.0,13.6578684281274,34,6.0,-43.0,0.18,163.4,5.0
2025-04-08 14:06:41,162.0,14.0,218.91,22.0,159.0,50.0,227.0,22.0,190.45,56.91,64.0,44.0,18.36896703682659,108,20.0,74.0,0.19,163.4,
2025-04-08 14:06:42,162.0,7.0,207.0,9.0,159.0,14.0,217.14,7.0,184.5,45.0,21.0,16.0,13.750129817568244,37,5.0,-71.0,0.14,163.4,
2025-04-08 14:06:43,162.0,9.0,213.56,9.0,159.0,18.0,215.0,9.0,187.78,51.56,27.0,18.0,12.187330716771324,45,9.0,8.0,0.2,163.4,
2025-04-08 14:06:44,162.33,15.0,212.27,11.0,159.14,21.0,215.0,11.0,187.3,49.94,36.0,22.0,7.658847824571126,58,14.0,13.0,0.24,163.4,
2025-04-08 14:06:45,161.0,19.0,210.53,15.0,156.61,69.0,213.13,15.0,185.77,49.53,88.0,30.0,2.24921097274666,118,58.0,60.0,0.49,160.5,2.0
2025-04-08 14:06:46,159.0,10.0,206.25,12.0,156.0,70.0,207.08,13.0,182.62,47.25,80.0,25.0,2.107220918631446,105,55.0,-13.0,0.52,160.5,
2025-04-08 14:06:47,158.64,11.0,204.14,14.0,156.28,57.0,205.32,19.0,181.39,45.5,68.0,33.0,2.8418251177571734,101,35.0,-4.0,0.35,158.5,2.0
2025-04-08 14:06:48,158.82,17.0,188.19,26.0,156.73,33.0,195.25,24.0,173.51,29.370000000000005,50.0,50.0,5.363531485868659,100,0.0,-1.0,0.0,158.5,
2025-04-08 14:06:49,158.39,18.0,163.88,33.0,156.07,80.0,165.86,29.0,161.13,5.490000000000009,98.0,62.0,9.896200280910035,160,36.0,60.0,0.23,159.0,2.0
2025-04-08 14:06:50,158.57,14.0,160.6,30.0,156.33,36.0,162.0,18.0,159.59,2.030000000000001,50.0,48.0,10.894747358239345,98,2.0,-62.0,0.02,159.0,3.0
2025-04-08 14:06:51,156.13,75.0,158.28,18.0,155.47,74.0,161.26,46.0,157.21,2.1500000000000057,149.0,64.0,10.412966916294472,213,85.0,115.0,0.4,156.4,5.0
2025-04-08 14:06:52,156.0,14.0,201.8,20.0,155.0,27.0,305.22,32.0,178.9,45.80000000000001,41.0,52.0,9.55060312230811,93,-11.0,-120.0,-0.12,156.0,2.0
2025-04-08 14:06:53,155.12,16.0,321.0,46.0,128.47,34.0,456.6,40.0,238.06,165.88,50.0,86.0,34.12836166592079,136,-36.0,43.0,-0.26,156.0,1.0
2025-04-08 14:06:54,152.38,8.0,304.0,14.0,138.47,17.0,481.69,16.0,228.19,151.62,25.0,30.0,38.28459677206936,55,-5.0,-81.0,-0.09,155.0,1.0
2025-04-08 14:06:55,164.0,21.0,259.0,14.0,136.0,20.0,439.4,20.0,211.5,95.0,41.0,34.0,33.960506032743154,75,7.0,20.0,0.09,155.0,
2025-04-08 14:06:56,164.0,27.0,219.91,22.0,45.11,18.0,327.92,24.0,191.95,55.91,45.0,46.0,24.56170902034325,91,-1.0,16.0,-0.01,155.0,
2025-04-08 14:06:57,123.58,26.0,184.83,46.0,46.12,24.0,288.56,32.0,154.2,61.250000000000014,50.0,78.0,33.25541384496654,128,-28.0,37.0,-0.22,164.0,3.0
2025-04-08 14:06:59,147.2,30.0,183.28,32.0,115.13,31.0,184.38,45.0,165.24,36.08000000000001,61.0,77.0,32.54218754171047,138,-16.0,8.0,-0.12,164.0,
2025-04-08 14:07:00,158.45,22.0,181.62,16.0,152.0,27.0,182.76,38.0,170.04,23.170000000000016,49.0,54.0,23.374826844274654,103,-5.0,-35.0,-0.05,164.0,
2025-04-08 14:07:01,159.0,18.0,177.67,30.0,158.0,18.0,179.33,15.0,168.33,18.669999999999987,36.0,45.0,17.407632521391434,81,-9.0,-22.0,-0.11,164.0,
2025-04-08 14:07:02,159.0,22.0,174.72,36.0,158.0,22.0,176.56,41.0,166.86,15.72,44.0,77.0,17.78392616943218,121,-33.0,40.0,-0.27,164.0,
2025-04-08 14:07:03,159.0,32.0,171.08,36.0,158.0,32.0,172.71,34.0,165.04,12.080000000000013,64.0,70.0,2.116440407817876,134,-6.0,13.0,-0.04,164.0,
2025-04-08 14:07:04,157.0,30.0,164.46,37.0,151.9,40.0,167.24,34.0,160.73,7.460000000000008,70.0,71.0,3.570175065713266,141,-1.0,7.0,-0.01,158.0,5.0
2025-04-08 14:07:05,156.68,62.0,159.1,71.0,151.43,46.0,160.15,53.0,157.89,2.4199999999999875,108.0,124.0,4.352315475678552,232,-16.0,91.0,-0.07,157.0,1.0
2025-04-08 14:07:06,158.37,38.0,160.0,30.0,155.5,16.0,164.0,10.0,159.18,1.6299999999999957,54.0,40.0,3.8503441404403818,94,14.0,-138.0,0.15,158.56,9.0
2025-04-08 14:07:07,156.0,34.0,170.79,28.0,119.85,27.0,297.52,31.0,163.39,14.789999999999992,61.0,59.0,2.94908969002652,120,2.0,26.0,0.02,157.25,4.0
2025-04-08 14:07:08,160.1,29.0,339.0,22.0,138.91,22.0,421.0,44.0,249.55,178.9,51.0,66.0,39.967494542438985,117,-15.0,-3.0,-0.13,163.0,1.0
2025-04-08 14:07:09,161.53,19.0,402.62,16.0,148.29,14.0,496.0,24.0,282.08,241.09,33.0,40.0,59.04005394645221,73,-7.0,-44.0,-0.1,161.0,5.0
2025-04-08 14:07:11,158.43,14.0,294.29,28.0,156.0,28.0,548.61,56.0,226.36,135.86,42.0,84.0,56.8160370846134,126,-42.0,34.0,-0.33,161.0,
2025-04-08 14:07:12,138.31,16.0,261.33,36.0,110.56,32.0,385.5,32.0,199.82,123.01999999999998,48.0,68.0,44.44647770071544,116,-20.0,-10.0,-0.17,157.33,3.0
2025-04-08 14:07:13,163.0,14.0,260.5,48.0,147.33,42.0,444.57,56.0,211.75,97.5,56.0,104.0,48.43167331406343,160,-48.0,44.0,-0.3,157.33,
2025-04-08 14:07:14,163.0,10.0,257.11,38.0,155.0,30.0,258.09,22.0,210.05,94.11,40.0,60.0,45.82816568443589,100,-20.0,-60.0,-0.2,157.33,
2025-04-08 14:07:15,163.0,5.0,255.2,20.0,155.0,15.0,257.0,10.0,209.1,92.2,20.0,30.0,9.55421006677296,50,-10.0,-50.0,-0.2,157.33,
2025-04-08 14:07:16,155.26,31.0,254.9,40.0,119.09,33.0,256.38,26.0,205.08,99.64,64.0,66.0,4.779796020753262,130,-2.0,80.0,-0.02,163.0,1.0
2025-04-08 14:07:17,127.88,48.0,168.57,46.0,108.48,79.0,213.0,32.0,148.22,40.69,127.0,78.0,27.289749907244804,205,49.0,75.0,0.24,155.0,3.0
2025-04-08 14:07:24,159.0,18.0,312.67,12.0,158.0,36.0,570.36,14.0,235.83,153.67000000000002,54.0,26.0,47.12847313461179,80,28.0,-88.0,0.35,155.0,
2025-04-08 14:07:25,159.0,30.0,334.71,28.0,158.0,66.0,576.48,25.0,246.86,175.70999999999998,96.0,53.0,53.79477316617224,149,43.0,69.0,0.29,159.0,2.0
2025-04-08 14:07:26,159.0,54.0,297.78,45.0,158.0,54.0,554.67,18.0,228.39,138.77999999999997,108.0,63.0,47.75439770324821,171,45.0,22.0,0.26,159.0,
2025-04-08 14:07:27,159.18,49.0,282.1,50.0,158.16,64.0,414.0,20.0,220.64,122.92000000000002,113.0,70.0,25.914381528411347,183,43.0,12.0,0.23,159.75,12.0
2025-04-08 14:07:28,158.0,26.0,166.0,30.0,156.0,18.0,409.33,15.0,162.0,8.0,44.0,45.0,33.16233752316102,89,-1.0,-94.0,-0.01,158.33,3.0
2025-04-08 14:07:29,158.31,58.0,236.86,35.0,156.59,34.0,469.41,41.0,197.58,78.55000000000001,92.0,76.0,32.64327465190989,168,16.0,79.0,0.1,158.33,
2025-04-08 14:07:30,159.31,45.0,326.71,38.0,158.76,46.0,452.38,34.0,243.01,167.39999999999998,91.0,72.0,31.6180064203931,163,19.0,-5.0,0.12,159.0,2.0
2025-04-08 14:07:31,161.0,4.0,299.0,6.0,159.0,14.0,318.0,10.0,230.0,138.0,18.0,16.0,31.85529594902582,34,2.0,-129.0,0.06,159.0,
2025-04-08 14:07:32,161.0,18.0,273.09,33.0,159.0,63.0,313.62,39.0,217.05,112.08999999999996,81.0,72.0,31.61326098332815,153,9.0,119.0,0.06,159.0,
2025-04-08 14:07:33,161.11,38.0,261.66,53.0,158.97,116.0,350.83,59.0,211.38,100.55,154.0,112.0,17.427932464869645,266,42.0,113.0,0.16,161.0,5.0
2025-04-08 14:07:34,159.0,24.0,191.0,20.0,158.0,8.0,266.24,17.0,175.0,32.0,32.0,37.0,25.624462335823548,69,-5.0,-168.0,-0.07,161.0,
2025-04-08 14:07:35,159.0,66.0,188.18,22.0,158.0,22.0,189.72,25.0,173.59,29.180000000000007,88.0,47.0,25.655598414380925,135,41.0,66.0,0.3,161.0,
2025-04-08 14:07:36,159.0,72.0,184.83,24.0,158.0,24.0,186.75,24.0,171.92,25.830000000000013,96.0,48.0,22.41515491804461,144,48.0,9.0,0.33,161.0,
2025-04-08 14:07:37,159.0,60.0,178.55,22.0,158.0,20.0,179.38,32.0,168.77,19.55000000000001,80.0,54.0,17.62175275050417,134,26.0,-10.0,0.19,161.0,
2025-04-08 14:07:38,159.0,96.0,173.45,47.0,158.0,32.0,175.44,32.0,166.22,14.449999999999989,128.0,79.0,3.582101338581353,207,49.0,73.0,0.24,161.0,
2025-04-08 14:07:39,159.0,36.0,171.11,18.0,158.0,12.0,172.19,21.0,165.06,12.110000000000014,48.0,39.0,3.6344421855160447,87,9.0,-120.0,0.1,161.0,
2025-04-08 14:07:40,159.23,44.0,167.67,24.0,158.27,22.0,168.36,28.0,163.45,8.439999999999998,66.0,52.0,3.327105348474986,118,14.0,31.0,0.12,161.0,5.0
2025-04-08 14:07:41,159.0,21.0,166.17,24.0,158.0,14.0,167.44,18.0,162.58,7.169999999999988,35.0,42.0,2.4356990782614645,77,-7.0,-41.0,-0.09,161.0,
2025-04-08 14:07:42,159.51,39.0,164.41,34.0,158.35,34.0,165.63,38.0,161.96,4.900000000000006,73.0,72.0,1.7625209218158264,145,1.0,68.0,0.01,163.0,1.0
2025-04-08 14:07:43,159.6,30.0,162.38,32.0,158.39,23.0,164.71,28.0,160.99,2.780000000000001,53.0,60.0,1.5459527805966595,113,-7.0,-32.0,-0.06,162.0,2.0
2025-04-08 14:07:44,159.0,24.0,162.0,32.0,158.0,24.0,163.0,16.0,160.5,3.0,48.0,48.0,1.1891719807626988,96,0.0,-17.0,0.0,162.0,
2025-04-08 14:07:45,159.0,21.0,161.92,26.0,158.0,35.0,162.75,16.0,160.46,2.9199999999999875,56.0,42.0,0.9375073332133615,98,14.0,2.0,0.14,162.0,
2025-04-08 14:07:46,158.48,29.0,160.0,30.0,157.48,81.0,179.92,61.0,159.24,1.5200000000000102,110.0,91.0,0.98442876828458,201,19.0,103.0,0.09,159.0,3.0
2025-04-08 14:07:47,157.86,37.0,241.78,36.0,155.68,69.0,271.67,45.0,199.82,83.91999999999999,106.0,81.0,17.686772458531117,187,25.0,-14.0,0.13,157.43,7.0
2025-04-08 14:07:48,163.0,27.0,235.0,28.0,156.0,45.0,241.87,38.0,199.0,72.0,72.0,66.0,21.557130606828995,138,6.0,-49.0,0.04,157.43,
2025-04-08 14:07:49,158.33,18.0,221.63,38.0,155.08,120.0,229.65,46.0,189.98,63.29999999999998,138.0,84.0,20.32099899118903,222,54.0,84.0,0.24,159.0,7.0
2025-04-08 14:07:50,156.33,12.0,218.77,31.0,155.01,89.0,220.25,32.0,187.55,62.44,101.0,63.0,16.493053689354383,164,38.0,-58.0,0.23,159.0,
2025-04-08 14:07:51,158.0,55.0,216.02,55.0,156.0,15.0,217.56,50.0,187.01,58.02000000000001,70.0,105.0,6.258543760328547,175,-35.0,11.0,-0.2,158.0,1.0
2025-04-08 14:07:52,159.0,18.0,214.0,24.0,157.67,18.0,215.0,18.0,186.5,55.0,36.0,42.0,5.200785517586491,78,-6.0,-97.0,-0.08,158.0,
2025-04-08 14:07:53,159.0,36.0,211.18,38.0,158.0,60.0,213.8,46.0,185.09,52.18000000000001,96.0,84.0,1.7906507196901709,180,12.0,102.0,0.07,158.0,
2025-04-08 14:07:54,160.0,33.0,208.36,44.0,158.0,55.0,210.0,33.0,184.18,48.360000000000014,88.0,77.0,1.3956468034293523,165,11.0,-15.0,0.07,158.0,
2025-04-08 14:07:55,158.97,37.0,206.76,34.0,158.6,25.0,208.14,43.0,182.87,47.78999999999999,62.0,77.0,1.689896446507604,139,-15.0,-26.0,-0.11,161.25,4.0
2025-04-08 14:07:56,164.0,22.0,204.57,42.0,158.33,45.0,206.46,35.0,184.29,40.56999999999999,67.0,77.0,1.333652878344658,144,-10.0,5.0,-0.07,161.25,
2025-04-08 14:07:57,163.29,21.0,202.24,33.0,158.84,32.0,203.73,37.0,182.76,38.95000000000002,53.0,70.0,0.9984838506026084,123,-17.0,-21.0,-0.14,164.0,2.0
2025-04-08 14:07:58,159.0,18.0,200.25,24.0,158.0,35.0,201.8,25.0,179.62,41.25,53.0,49.0,1.8859825025461296,102,4.0,-21.0,0.04,159.0,1.0
2025-04-08 14:07:59,159.0,20.0,197.81,31.0,158.0,100.0,198.9,39.0,178.4,38.81,120.0,70.0,2.4675027862002223,190,50.0,88.0,0.26,159.0,
2025-04-08 14:08:00,159.0,20.0,194.24,38.0,158.0,100.0,195.75,32.0,176.62,35.24000000000001,120.0,70.0,3.145603280755728,190,50.0,0.0,0.26,159.0,
2025-04-08 14:08:01,159.0,22.0,193.89,45.0,158.0,110.0,195.94,34.0,176.44,34.889999999999986,132.0,79.0,2.5899266398675085,211,53.0,21.0,0.25,159.0,
2025-04-08 14:08:02,158.79,33.0,191.27,71.0,157.9,147.0,193.06,64.0,175.03,32.48000000000002,180.0,135.0,1.797003060623362,315,45.0,104.0,0.14,158.4,5.0
2025-04-08 14:08:03,158.0,44.0,187.56,57.0,156.0,98.0,189.17,54.0,172.78,29.56,142.0,111.0,2.0940821378075625,253,31.0,-62.0,0.12,158.0,5.0
2025-04-08 14:08:04,158.0,28.0,183.28,60.0,156.0,98.0,184.17,54.0,170.64,25.28,126.0,114.0,2.5593397585859874,240,12.0,-13.0,0.05,158.0,
2025-04-08 14:08:05,159.5,20.0,179.25,60.0,156.39,61.0,180.38,52.0,169.38,19.75,81.0,112.0,2.939826525472822,193,-31.0,-47.0,-0.16,158.0,
2025-04-08 14:08:06,163.0,12.0,176.07,54.0,159.0,138.0,177.29,42.0,169.54,13.069999999999991,150.0,96.0,2.4068402522536623,246,54.0,53.0,0.22,158.0,
2025-04-08 14:08:07,163.0,10.0,172.82,45.0,159.0,160.0,173.78,41.0,167.91,9.819999999999991,170.0,86.0,1.8089776117639376,256,84.0,10.0,0.33,158.0,
2025-04-08 14:08:08,159.39,93.0,166.56,59.0,158.92,156.0,167.95,57.0,162.97,7.170000000000016,249.0,116.0,3.02141854099293,365,133.0,109.0,0.36,160.33,3.0
2025-04-08 14:08:09,159.0,178.0,162.58,48.0,158.0,26.0,164.19,52.0,160.79,3.5800000000000125,204.0,100.0,3.9956063369466936,304,104.0,-61.0,0.34,159.0,4.0
2025-04-08 14:08:10,159.0,31.0,161.39,54.0,158.0,24.0,218.07,42.0,160.19,2.3899999999999864,55.0,96.0,4.226961083312895,151,-41.0,-153.0,-0.27,159.0,9.0
2025-04-08 14:08:11,156.23,65.0,160.06,85.0,155.13,238.0,230.0,50.0,158.14,3.830000000000013,303.0,135.0,3.725211403374742,438,168.0,168.0,0.38,157.4,5.0
2025-04-08 14:08:12,156.0,30.0,159.0,30.0,155.0,114.0,292.14,21.0,157.5,3.0,144.0,51.0,2.188440083672692,195,93.0,-168.0,0.48,157.4,
2025-04-08 14:08:13,156.0,40.0,158.75,40.0,155.0,152.0,406.89,18.0,157.38,2.75,192.0,58.0,1.5838402696677096,250,134.0,55.0,0.54,157.4,
2025-04-08 14:08:14,155.13,153.0,169.07,40.0,95.3,174.0,322.77,31.0,162.1,13.939999999999998,327.0,71.0,2.0384356746834267,398,256.0,148.0,0.64,156.38,8.0
2025-04-08 14:08:15,155.0,101.0,237.79,29.0,98.58,43.0,464.93,30.0,196.4,82.78999999999999,144.0,59.0,16.93547991643136,203,85.0,-168.0,0.42,156.38,
2025-04-08 14:08:16,157.93,29.0,178.71,21.0,136.16,19.0,438.38,26.0,168.32,20.78,48.0,47.0,16.308960727154187,95,1.0,-108.0,0.01,156.38,
2025-04-08 14:08:17,162.31,87.0,167.94,16.0,159.12,26.0,179.74,38.0,165.12,5.629999999999996,113.0,54.0,15.371879520730817,167,59.0,72.0,0.35,156.38,
2025-04-08 14:08:18,159.32,28.0,166.14,14.0,158.72,18.0,167.57,35.0,162.73,6.819999999999993,46.0,49.0,14.443838824906193,95,-3.0,-72.0,-0.03,160.67,3.0
2025-04-08 14:08:19,159.0,27.0,164.36,28.0,158.0,9.0,316.0,21.0,161.68,5.360000000000014,36.0,49.0,14.509131607366,85,-13.0,-10.0,-0.15,163.2,5.0
2025-04-08 14:08:20,161.39,31.0,267.89,27.0,157.78,9.0,644.6,20.0,214.64,106.5,40.0,47.0,22.58473865245912,87,-7.0,2.0,-0.08,159.0,3.0
2025-04-08 14:08:21,164.05,37.0,317.67,27.0,162.8,25.0,627.0,20.0,240.86,153.62,62.0,47.0,36.58421353534796,109,15.0,22.0,0.14,159.0,
2025-04-08 14:08:22,165.0,5.0,219.5,12.0,164.0,25.0,390.65,17.0,192.25,54.5,30.0,29.0,34.08223100091832,59,1.0,-50.0,0.02,159.0,
2025-04-08 14:08:23,165.0,5.0,206.0,10.0,164.0,25.0,597.0,20.0,185.5,41.0,30.0,30.0,30.07267497247252,60,0.0,1.0,0.0,159.0,
2025-04-08 14:08:24,165.0,7.0,206.0,14.0,164.0,35.0,356.86,21.0,185.5,41.0,42.0,35.0,23.948482206603263,77,7.0,17.0,0.09,159.0,
2025-04-08 14:08:25,165.0,6.0,206.0,12.0,164.0,30.0,272.0,18.0,185.5,41.0,36.0,30.0,24.180372619129983,66,6.0,-11.0,0.09,159.0,
2025-04-08 14:08:26,165.0,6.0,217.4,15.0,164.0,30.0,349.12,17.0,191.2,52.400000000000006,36.0,32.0,3.429723020876948,68,4.0,2.0,0.06,159.0,
2025-04-08 14:08:27,164.11,28.0,298.0,34.0,163.42,36.0,345.67,30.0,231.05,133.89,64.0,64.0,19.88705609183929,128,0.0,60.0,0.0,164.33,3.0
2025-04-08 14:08:28,164.0,35.0,270.78,36.0,163.0,36.0,378.47,38.0,217.39,106.77999999999996,71.0,74.0,20.86751470587683,145,-3.0,17.0,-0.02,164.0,1.0
2025-04-08 14:08:29,163.15,13.0,166.0,36.0,159.1,124.0,303.58,24.0,164.58,2.8499999999999943,137.0,60.0,26.399078203603437,197,77.0,52.0,0.39,163.5,4.0
2025-04-08 14:08:30,159.33,72.0,233.33,30.0,158.85,78.0,361.76,34.0,196.33,74.0,150.0,64.0,25.553568243984596,214,86.0,17.0,0.4,163.0,1.0
2025-04-08 14:08:31,159.0,77.0,415.0,14.0,158.0,14.0,433.14,14.0,287.0,256.0,91.0,28.0,45.406209377133095,119,63.0,-95.0,0.53,163.0,
2025-04-08 14:08:32,159.0,110.0,268.75,24.0,158.0,20.0,342.25,24.0,213.88,109.75,130.0,48.0,44.93945182131216,178,82.0,59.0,0.46,163.0,
2025-04-08 14:08:33,159.0,83.0,197.0,20.0,158.0,16.0,330.77,26.0,178.0,38.0,99.0,46.0,47.95062794166523,145,53.0,-33.0,0.37,159.0,7.0
2025-04-08 14:08:34,159.0,80.0,188.67,24.0,158.0,20.0,217.67,36.0,173.83,29.669999999999987,100.0,60.0,45.9973039427314,160,40.0,15.0,0.25,159.0,
2025-04-08 14:08:35,159.0,112.0,195.0,28.0,158.0,28.0,264.77,52.0,177.0,36.0,140.0,80.0,48.174128118731936,220,60.0,60.0,0.27,159.0,
2025-04-08 14:08:36,159.0,80.0,193.57,21.0,158.0,20.0,271.94,31.0,176.29,34.56999999999999,100.0,52.0,16.88555151601256,152,48.0,-68.0,0.32,159.0,
2025-04-08 14:08:37,159.52,46.0,192.31,26.0,158.83,58.0,480.38,32.0,175.91,32.78999999999999,104.0,58.0,1.548299066680804,162,46.0,10.0,0.28,159.0,
2025-04-08 14:08:38,159.21,38.0,193.0,22.0,158.47,34.0,403.64,44.0,176.11,33.78999999999999,72.0,66.0,1.1900924333358267,138,6.0,-24.0,0.04,159.8,5.0
2025-04-08 14:08:39,159.0,36.0,193.0,18.0,158.0,18.0,230.67,36.0,176.0,34.0,54.0,54.0,0.4361994955119664,108,0.0,-30.0,0.0,159.8,
2025-04-08 14:08:40,158.9,31.0,170.14,35.0,156.97,29.0,197.0,30.0,164.52,11.23999999999998,60.0,65.0,5.170612149434065,125,-5.0,17.0,-0.04,158.8,5.0
2025-04-08 14:08:41,156.36,22.0,191.77,26.0,155.36,56.0,227.62,52.0,174.07,35.41,78.0,78.0,4.9919204721102535,156,0.0,31.0,0.0,156.5,4.0
2025-04-08 14:08:42,161.42,50.0,190.91,22.0,120.0,36.0,324.55,44.0,176.16,29.49000000000001,86.0,66.0,5.025462167788515,152,20.0,-4.0,0.13,155.67,3.0
2025-04-08 14:08:44,164.0,84.0,352.04,50.0,160.0,72.0,427.82,57.0,258.02,188.04,156.0,107.0,68.17498478181017,263,49.0,17.0,0.19,155.67,
2025-04-08 14:08:45,164.23,77.0,270.71,35.0,161.25,96.0,296.2,55.0,217.47,106.48,173.0,90.0,61.455683626496985,263,83.0,0.0,0.32,164.0,2.0
2025-04-08 14:08:46,165.0,18.0,198.45,42.0,164.0,50.0,254.44,25.0,181.73,33.44999999999999,68.0,67.0,59.811592271064775,135,1.0,-128.0,0.01,165.0,2.0
2025-04-08 14:08:47,165.0,19.0,187.54,50.0,164.0,95.0,209.93,54.0,176.27,22.539999999999992,114.0,104.0,59.7865208889102,218,10.0,83.0,0.05,165.0,
2025-04-08 14:08:48,165.0,19.0,181.31,35.0,161.84,64.0,182.67,33.0,173.16,16.310000000000002,83.0,68.0,36.33169484073074,151,15.0,-67.0,0.1,165.0,
2025-04-08 14:08:49,160.66,38.0,175.97,34.0,159.5,48.0,177.17,23.0,168.31,15.310000000000002,86.0,57.0,19.66567873224598,143,29.0,-8.0,0.2,163.5,2.0
2025-04-08 14:08:50,161.09,66.0,170.97,31.0,159.23,78.0,171.95,43.0,166.03,9.879999999999995,144.0,74.0,6.274121452432336,218,70.0,75.0,0.32,164.0,2.0
2025-04-08 14:08:51,164.0,28.0,166.42,24.0,160.0,84.0,167.8,15.0,165.21,2.4199999999999875,112.0,39.0,4.760554589526173,151,73.0,-67.0,0.48,164.0,
2025-04-08 14:08:52,160.13,108.0,164.47,32.0,159.24,50.0,165.21,42.0,162.3,4.340000000000003,158.0,74.0,4.058838503789921,232,84.0,81.0,0.36,162.25,8.0
2025-04-08 14:08:53,159.3,40.0,162.44,16.0,158.79,38.0,163.7,10.0,160.87,3.1399999999999864,78.0,26.0,2.973563518715864,104,52.0,-128.0,0.5,162.25,
2025-04-08 14:08:54,159.98,51.0,162.22,27.0,158.39,51.0,261.53,19.0,161.1,2.240000000000009,102.0,46.0,2.37959450323625,148,56.0,44.0,0.38,161.75,4.0
2025-04-08 14:08:55,159.77,13.0,221.38,16.0,158.0,40.0,322.75,32.0,190.57,61.60999999999999,53.0,48.0,12.729153546086703,101,5.0,-47.0,0.05,161.75,
2025-04-08 14:08:56,155.46,13.0,302.0,17.0,152.46,13.0,317.1,20.0,228.73,146.54,26.0,37.0,29.66582933275088,63,-11.0,-38.0,-0.17,159.5,2.0
2025-04-08 14:08:57,156.33,12.0,188.38,34.0,154.43,14.0,242.65,37.0,172.36,32.04999999999998,26.0,71.0,28.41970671910445,97,-45.0,34.0,-0.46,159.5,
2025-04-08 14:08:58,157.0,7.0,187.0,21.0,155.0,7.0,205.86,28.0,172.0,30.0,14.0,49.0,26.66132911165383,63,-35.0,-34.0,-0.56,159.5,
2025-04-08 14:08:59,159.96,27.0,185.93,45.0,158.46,26.0,193.0,60.0,172.95,25.97,53.0,105.0,24.445610444411685,158,-52.0,95.0,-0.33,163.0,2.0
2025-04-08 14:09:00,160.0,13.0,185.0,18.0,159.0,12.0,193.0,24.0,172.5,25.0,25.0,42.0,25.17036292944373,67,-17.0,-91.0,-0.25,163.0,
2025-04-08 14:09:01,159.19,16.0,181.86,42.0,156.11,54.0,484.06,34.0,170.52,22.670000000000016,70.0,76.0,0.928805684666157,146,-6.0,79.0,-0.04,159.75,4.0
2025-04-08 14:09:02,159.0,10.0,179.8,30.0,156.0,40.0,327.12,34.0,169.4,20.80000000000001,50.0,64.0,1.4764416682909445,114,-14.0,-32.0,-0.12,159.75,
2025-04-08 14:09:03,159.0,9.0,179.0,27.0,156.0,36.0,246.11,36.0,169.0,20.0,45.0,63.0,1.7863034456282336,108,-18.0,-6.0,-0.17,159.75,
2025-04-08 14:09:04,156.75,24.0,178.06,34.0,155.67,36.0,293.09,33.0,167.4,21.31,60.0,67.0,1.894856195034022,127,-7.0,19.0,-0.06,156.83,6.0
2025-04-08 14:09:05,156.0,18.0,176.11,9.0,155.0,27.0,177.71,17.0,166.06,20.110000000000014,45.0,26.0,1.7536476270487311,71,19.0,-56.0,0.27,156.83,
2025-04-08 14:09:06,156.0,12.0,174.33,6.0,155.0,18.0,177.0,6.0,165.17,18.330000000000013,30.0,12.0,1.8253985865693552,42,18.0,-29.0,0.43,156.83,
2025-04-08 14:09:07,156.0,20.0,171.33,12.0,155.0,30.0,172.38,16.0,163.67,15.330000000000013,50.0,28.0,2.0459349940418066,78,22.0,36.0,0.28,156.83,
2025-04-08 14:09:08,155.0,30.0,168.0,16.0,113.45,71.0,168.69,16.0,161.5,13.0,101.0,32.0,2.2717504263978565,133,69.0,55.0,0.52,156.0,2.0
2025-04-08 14:09:09,143.38,78.0,160.46,26.0,133.71,65.0,164.67,18.0,151.92,17.080000000000013,143.0,44.0,5.714309232079283,187,99.0,54.0,0.53,155.0,3.0
2025-04-08 14:09:12,136.17,24.0,317.86,7.0,129.16,98.0,368.25,16.0,227.01,181.69000000000003,122.0,23.0,37.0109359514162,145,99.0,-115.0,0.68,152.0,5.0
2025-04-08 14:09:13,135.57,28.0,341.18,11.0,130.17,47.0,512.08,13.0,238.38,205.61,75.0,24.0,49.84005638038436,99,51.0,-46.0,0.52,162.0,2.0
2025-04-08 14:09:14,132.0,32.0,332.75,8.0,130.0,40.0,699.4,15.0,232.38,200.75,72.0,23.0,51.997764182702646,95,49.0,-4.0,0.52,153.0,1.0
2025-04-08 14:09:15,133.27,44.0,154.0,45.0,132.34,58.0,221.77,13.0,143.64,20.72999999999999,102.0,58.0,50.1733044556561,160,44.0,65.0,0.28,153.0,
2025-04-08 14:09:16,136.23,71.0,251.9,10.0,134.17,48.0,751.0,10.0,194.06,115.67000000000002,119.0,20.0,39.405386433836725,139,99.0,-21.0,0.71,154.57,7.0
2025-04-08 14:09:17,136.8,80.0,186.91,11.0,134.0,40.0,186.0,14.0,161.85,50.10999999999999,120.0,25.0,41.86987365636482,145,95.0,6.0,0.66,154.57,
2025-04-08 14:09:18,155.46,70.0,156.92,24.0,138.53,86.0,492.75,24.0,156.19,1.4599999999999795,156.0,48.0,35.81727697634047,204,108.0,59.0,0.53,155.0,1.0
2025-04-08 14:09:19,148.29,62.0,275.61,18.0,129.72,25.0,481.56,16.0,211.95,127.32000000000002,87.0,34.0,28.40812859024461,121,53.0,-83.0,0.44,157.0,2.0
2025-04-08 14:09:20,150.24,58.0,319.62,26.0,140.09,45.0,507.0,23.0,234.93,169.38,103.0,49.0,33.303158709046585,152,54.0,31.0,0.36,157.0,
2025-04-08 14:09:21,158.0,48.0,167.0,8.0,156.0,8.0,328.22,36.0,162.5,9.0,56.0,44.0,35.67325580879772,100,12.0,-52.0,0.12,157.0,
2025-04-08 14:09:22,158.0,42.0,374.14,7.0,156.0,19.0,494.0,28.0,266.07,216.14,61.0,35.0,47.04652080653789,96,26.0,-4.0,0.27,157.0,
2025-04-08 14:09:23,159.61,23.0,401.38,13.0,158.11,44.0,488.43,42.0,280.5,241.77,67.0,55.0,46.772245509491,122,12.0,26.0,0.1,157.0,
2025-04-08 14:09:24,159.55,29.0,253.6,40.0,159.65,55.0,499.1,49.0,206.58,94.04999999999998,84.0,89.0,47.38216679300448,173,-5.0,51.0,-0.03,159.6,5.0
2025-04-08 14:09:25,159.0,55.0,245.92,52.0,158.0,65.0,248.78,46.0,202.46,86.91999999999999,120.0,98.0,48.76243041522921,218,22.0,45.0,0.1,159.0,3.0
2025-04-08 14:09:26,159.0,44.0,243.88,32.0,158.0,40.0,246.0,32.0,201.44,84.88,84.0,64.0,38.61339145944192,148,20.0,-70.0,0.14,159.0,
2025-04-08 14:09:27,159.8,30.0,243.0,28.0,158.41,29.0,246.0,28.0,201.4,83.19999999999999,59.0,56.0,34.73765507342215,115,3.0,-33.0,0.03,159.0,
2025-04-08 14:09:28,162.03,58.0,241.65,65.0,159.0,32.0,244.38,64.0,201.84,79.62,90.0,129.0,2.186293667371742,219,-39.0,104.0,-0.18,163.0,3.0
2025-04-08 14:09:29,163.67,15.0,237.89,70.0,159.0,30.0,238.72,64.0,200.78,74.22,45.0,134.0,0.6192576200461386,179,-89.0,-40.0,-0.5,163.0,
2025-04-08 14:09:30,164.0,14.0,231.03,66.0,159.89,36.0,232.77,57.0,197.52,67.03,50.0,123.0,1.760817991724679,173,-73.0,-6.0,-0.42,163.0,
2025-04-08 14:09:31,159.0,23.0,228.6,47.0,158.0,53.0,229.85,52.0,193.8,69.6,76.0,99.0,3.3985761724544834,175,-23.0,2.0,-0.13,161.5,2.0
2025-04-08 14:09:32,156.6,15.0,225.94,53.0,154.4,35.0,227.57,46.0,191.27,69.34,50.0,99.0,4.501346465222093,149,-49.0,-26.0,-0.33,156.9,10.0
2025-04-08 14:09:33,155.0,11.0,221.09,44.0,154.0,77.0,225.78,54.0,188.05,66.09,88.0,98.0,5.021227937462765,186,-10.0,37.0,-0.05,156.9,
2025-04-08 14:09:34,158.51,41.0,194.33,30.0,154.1,39.0,215.33,39.0,176.42,35.82000000000002,80.0,69.0,8.048190479849334,149,11.0,-37.0,0.07,156.9,
2025-04-08 14:09:35,159.0,71.0,191.62,13.0,155.0,33.0,193.94,33.0,175.31,32.620000000000005,104.0,46.0,8.566845977366448,150,58.0,1.0,0.39,159.0,5.0
2025-04-08 14:09:36,159.0,32.0,190.05,19.0,156.62,26.0,191.0,28.0,174.53,31.05000000000001,58.0,47.0,7.910776194527577,105,11.0,-45.0,0.1,159.0,
2025-04-08 14:09:37,160.19,31.0,187.38,32.0,158.69,26.0,188.16,19.0,173.78,27.19,57.0,51.0,5.9130085404885175,108,6.0,3.0,0.06,159.0,
2025-04-08 14:09:38,162.0,49.0,185.69,32.0,160.0,28.0,186.74,31.0,173.84,23.69,77.0,63.0,1.1086613549135362,140,14.0,32.0,0.1,159.0,
2025-04-08 14:09:39,162.0,49.0,183.58,19.0,160.0,28.0,184.75,32.0,172.79,21.580000000000013,77.0,51.0,0.9384295391108576,128,26.0,-12.0,0.2,159.0,
2025-04-08 14:09:40,162.0,54.0,178.74,19.0,160.0,120.0,183.61,38.0,170.37,16.74000000000001,174.0,57.0,1.6276271071322943,231,117.0,103.0,0.51,162.0,2.0
2025-04-08 14:09:41,162.0,40.0,176.31,29.0,160.0,96.0,176.84,25.0,169.16,14.310000000000002,136.0,54.0,2.115412489295541,190,82.0,-41.0,0.43,162.0,
2025-04-08 14:09:42,162.0,35.0,174.0,7.0,160.0,84.0,176.0,35.0,168.0,12.0,119.0,42.0,2.444947852176594,161,77.0,-29.0,0.48,162.0,
2025-04-08 14:09:43,162.0,168.0,171.52,25.0,160.0,144.0,174.08,48.0,166.76,9.52000000000001,312.0,73.0,2.314028953979894,385,239.0,168.0,0.62,162.0,
2025-04-08 14:09:44,162.0,154.0,167.11,45.0,160.0,132.0,168.21,48.0,164.56,5.110000000000014,286.0,93.0,2.2399330346799897,379,193.0,-6.0,0.51,162.0,
2025-04-08 14:09:45,162.0,176.0,163.37,54.0,160.0,156.0,164.08,49.0,162.69,1.3700000000000043,332.0,103.0,2.6133847783754542,435,229.0,56.0,0.53,162.67,3.0
2025-04-08 14:09:46,162.0,94.0,163.81,31.0,160.0,96.0,230.58,31.0,162.9,1.8100000000000025,190.0,62.0,2.347108859818705,252,128.0,-168.0,0.51,162.0,2.0
2025-04-08 14:09:47,162.0,42.0,164.0,45.0,160.0,108.0,320.71,21.0,163.0,2.0,150.0,66.0,1.721603903293499,216,84.0,-36.0,0.39,162.0,7.0
2025-04-08 14:09:48,161.53,47.0,163.5,50.0,159.96,112.0,395.76,34.0,162.52,1.9699999999999989,159.0,84.0,0.8185841434037134,243,75.0,27.0,0.31,161.6,5.0
2025-04-08 14:09:49,160.0,103.0,163.0,50.0,159.0,40.0,622.64,33.0,161.5,3.0,143.0,83.0,0.6008493986262531,226,60.0,-17.0,0.27,160.0,3.0
2025-04-08 14:09:50,160.94,125.0,162.9,50.0,159.53,76.0,566.75,32.0,161.92,1.960000000000008,201.0,82.0,0.6441428411687254,283,119.0,57.0,0.42,160.0,
2025-04-08 14:09:51,161.0,100.0,180.51,41.0,159.0,88.0,311.11,36.0,170.76,19.50999999999999,188.0,77.0,3.8550745777267608,265,111.0,-18.0,0.42,161.0,7.0
2025-04-08 14:09:52,161.33,54.0,198.0,27.0,159.0,72.0,207.77,31.0,179.67,36.66999999999999,126.0,58.0,7.912299286544228,184,68.0,-81.0,0.37,161.0,
2025-04-08 14:09:53,162.0,56.0,188.9,40.0,159.0,108.0,239.17,36.0,175.45,26.90000000000001,164.0,76.0,8.081265371206328,240,88.0,56.0,0.37,162.0,5.0
2025-04-08 14:09:54,162.0,9.0,198.0,27.0,158.94,64.0,276.0,27.0,180.0,36.0,73.0,54.0,7.511780747590625,127,19.0,-113.0,0.15,162.0,
2025-04-08 14:09:55,162.71,7.0,197.86,21.0,159.0,42.0,281.0,21.0,180.29,35.150000000000006,49.0,42.0,4.123691307540814,91,7.0,-36.0,0.08,162.0,
2025-04-08 14:09:56,159.38,52.0,195.58,36.0,158.5,48.0,314.41,34.0,177.48,36.20000000000002,100.0,70.0,2.069751192750701,170,30.0,79.0,0.18,162.0,
2025-04-08 14:09:57,160.0,36.0,193.88,24.0,158.4,20.0,469.96,23.0,176.94,33.879999999999995,56.0,47.0,2.0697511927501804,103,9.0,-67.0,0.09,159.0,4.0
2025-04-08 14:09:58,161.89,9.0,192.22,27.0,159.0,18.0,439.25,24.0,177.06,30.330000000000013,27.0,51.0,1.6503878331749935,78,-24.0,-25.0,-0.31,161.0,5.0
2025-04-08 14:09:59,160.67,18.0,190.0,42.0,157.95,39.0,361.4,35.0,175.33,29.330000000000013,57.0,77.0,1.8005971231478626,134,-20.0,56.0,-0.15,160.0,3.0
2025-04-08 14:10:00,162.0,8.0,163.38,24.0,158.0,24.0,173.75,24.0,162.69,1.3799999999999957,32.0,48.0,6.319663756868278,80,-16.0,-54.0,-0.2,160.0,
2025-04-08 14:10:01,162.0,6.0,163.0,18.0,158.0,18.0,271.2,20.0,162.5,1.0,24.0,38.0,7.616037683721277,62,-14.0,-18.0,-0.23,160.0,
2025-04-08 14:10:02,162.0,9.0,163.0,27.0,161.0,9.0,325.57,23.0,162.5,1.0,18.0,50.0,7.491784166662238,68,-32.0,6.0,-0.47,160.0,
2025-04-08 14:10:03,161.18,11.0,180.87,23.0,158.21,29.0,243.72,29.0,171.03,19.69,40.0,52.0,6.01093586722119,92,-12.0,24.0,-0.13,162.0,1.0
2025-04-08 14:10:04,161.0,12.0,167.07,15.0,158.0,50.0,168.71,21.0,164.03,6.069999999999993,62.0,36.0,3.6784983348966094,98,26.0,6.0,0.27,162.0,
2025-04-08 14:10:05,160.06,16.0,164.0,20.0,157.96,57.0,165.12,51.0,162.03,3.9399999999999977,73.0,71.0,3.772568090815141,144,2.0,46.0,0.01,161.0,1.0
2025-04-08 14:10:06,157.96,51.0,160.08,25.0,156.21,33.0,172.32,31.0,159.02,2.1200000000000045,84.0,56.0,4.471204535674231,140,28.0,-4.0,0.2,158.0,5.0
2025-04-08 14:10:07,155.28,71.0,335.8,49.0,154.64,101.0,460.89,47.0,245.54,180.52,172.0,96.0,36.72032883839549,268,76.0,128.0,0.28,157.33,6.0
2025-04-08 14:10:08,158.17,63.0,379.22,59.0,154.21,61.0,467.08,48.0,268.7,221.05000000000004,124.0,107.0,52.93489236788883,231,17.0,-37.0,0.07,155.0,5.0
2025-04-08 14:10:09,163.0,65.0,165.24,51.0,155.0,39.0,248.55,51.0,164.12,2.240000000000009,104.0,102.0,52.91967422424269,206,2.0,-25.0,0.01,155.0,
2025-04-08 14:10:10,157.25,36.0,162.75,36.0,154.6,45.0,187.0,48.0,160.0,5.5,81.0,84.0,53.28917225853648,165,-3.0,-41.0,-0.02,163.0,5.0
2025-04-08 14:10:11,158.0,27.0,161.0,27.0,155.0,27.0,234.73,22.0,159.5,3.0,54.0,49.0,53.19842591656237,103,5.0,-62.0,0.05,163.0,
2025-04-08 14:10:12,158.85,78.0,188.12,41.0,157.02,49.0,317.2,30.0,173.48,29.27000000000001,127.0,71.0,47.035882047644414,198,56.0,95.0,0.28,160.0,3.0
2025-04-08 14:10:14,161.25,24.0,433.83,24.0,158.0,24.0,504.47,30.0,297.54,272.58,48.0,54.0,77.92499072826419,102,-6.0,-12.0,-0.06,160.0,
2025-04-08 14:10:15,162.17,23.0,309.0,16.0,157.52,25.0,471.73,22.0,235.59,146.83,48.0,38.0,70.08834161256863,86,10.0,-16.0,0.12,161.75,4.0
2025-04-08 14:10:18,163.0,59.0,196.96,25.0,155.0,13.0,357.58,19.0,179.98,33.96000000000001,72.0,44.0,62.02948226448657,116,28.0,37.0,0.24,163.0,4.0
2025-04-08 14:10:19,163.0,21.0,167.0,14.0,155.0,7.0,222.43,14.0,165.0,4.0,28.0,28.0,74.8072479777204,56,0.0,-60.0,0.0,163.0,
2025-04-08 14:10:20,163.0,24.0,166.0,8.0,161.53,15.0,167.0,16.0,164.5,3.0,39.0,24.0,83.18673824594937,63,15.0,7.0,0.24,163.0,
2025-04-08 14:10:21,163.0,42.0,165.0,28.0,162.0,28.0,166.0,14.0,164.0,2.0,70.0,42.0,72.96373085307508,112,28.0,49.0,0.25,163.0,
2025-04-08 14:10:22,163.0,33.0,164.58,24.0,162.0,24.0,200.75,12.0,163.79,1.5800000000000125,57.0,36.0,7.017904245560124,93,21.0,-19.0,0.23,163.0,1.0
2025-04-08 14:10:23,162.11,18.0,163.22,18.0,158.19,42.0,344.29,14.0,162.67,1.1099999999999852,60.0,32.0,0.8750257138149954,92,28.0,-1.0,0.3,160.57,7.0
2025-04-08 14:10:24,158.0,26.0,162.62,26.0,157.0,26.0,361.88,17.0,160.31,4.6200000000000045,52.0,43.0,1.6736576710408355,95,9.0,3.0,0.09,160.57,
2025-04-08 14:10:25,157.75,16.0,160.5,24.0,156.18,34.0,217.58,24.0,159.12,2.75,50.0,48.0,2.16801060879086,98,2.0,3.0,0.02,158.0,2.0
2025-04-08 14:10:26,157.0,16.0,221.27,11.0,155.0,56.0,390.8,25.0,189.14,64.27000000000001,72.0,36.0,12.51082451319052,108,36.0,10.0,0.33,159.67,3.0
2025-04-08 14:10:27,157.0,8.0,297.17,12.0,155.0,42.0,447.33,18.0,227.08,140.17000000000002,50.0,30.0,29.25534532354554,80,20.0,-28.0,0.25,157.0,1.0
2025-04-08 14:10:28,158.11,18.0,308.32,38.0,155.16,61.0,361.4,43.0,233.21,150.20999999999998,79.0,81.0,35.379021608856746,160,-2.0,80.0,-0.01,157.0,
2025-04-08 14:10:29,159.0,24.0,300.85,27.0,157.0,12.0,413.35,23.0,229.93,141.85000000000002,36.0,50.0,32.500028153834066,86,-14.0,-74.0,-0.16,157.0,
2025-04-08 14:10:30,159.0,8.0,315.0,8.0,157.0,4.0,530.0,8.0,237.0,156.0,12.0,16.0,19.436081652433653,28,-4.0,-58.0,-0.14,157.0,
2025-04-08 14:10:31,159.0,22.0,206.0,19.0,158.0,11.0,316.0,15.0,182.5,47.0,33.0,34.0,22.35838612243877,67,-1.0,39.0,-0.01,157.0,
2025-04-08 14:10:32,158.47,17.0,193.0,26.0,157.31,13.0,411.89,19.0,175.74,34.53,30.0,45.0,29.920150902026247,75,-15.0,8.0,-0.2,159.0,2.0
2025-04-08 14:10:33,158.0,65.0,189.64,25.0,157.0,13.0,408.62,42.0,173.82,31.639999999999983,78.0,67.0,31.00318886824346,145,11.0,70.0,0.08,159.0,
2025-04-08 14:10:34,159.82,33.0,179.24,29.0,157.31,13.0,180.71,14.0,169.53,19.420000000000016,46.0,43.0,27.94357385875913,89,3.0,-56.0,0.03,158.0,4.0
2025-04-08 14:10:35,163.0,27.0,177.76,33.0,158.91,33.0,178.33,30.0,170.38,14.759999999999993,60.0,63.0,5.186981781332305,123,-3.0,34.0,-0.02,158.0,
2025-04-08 14:10:36,159.39,61.0,176.0,26.0,158.48,21.0,178.0,65.0,167.7,16.610000000000014,82.0,91.0,3.275420583659652,173,-9.0,50.0,-0.05,163.0,3.0
2025-04-08 14:10:37,159.0,45.0,174.88,33.0,158.0,9.0,175.83,30.0,166.94,15.879999999999995,54.0,63.0,2.6962900437182538,117,-9.0,-56.0,-0.08,163.0,
2025-04-08 14:10:38,159.0,60.0,174.0,24.0,158.0,12.0,175.0,60.0,166.5,15.0,72.0,84.0,1.676931721880267,156,-12.0,39.0,-0.08,163.0,
2025-04-08 14:10:39,159.32,38.0,171.53,58.0,158.29,14.0,172.4,40.0,165.43,12.210000000000008,52.0,98.0,1.862283544427379,150,-46.0,-6.0,-0.31,159.0,4.0
2025-04-08 14:10:40,160.0,42.0,166.86,37.0,159.0,14.0,168.0,55.0,163.43,6.860000000000014,56.0,92.0,1.6547960598936156,148,-36.0,-2.0,-0.24,159.0,
2025-04-08 14:10:41,161.0,27.0,162.22,18.0,159.0,9.0,163.44,18.0,161.61,1.2199999999999989,36.0,36.0,2.2314726079059413,72,0.0,-76.0,0.0,159.0,
2025-04-08 14:10:42,159.58,19.0,162.59,37.0,158.29,17.0,173.69,80.0,161.09,3.009999999999991,36.0,117.0,2.347726559851007,153,-81.0,81.0,-0.53,161.33,3.0
2025-04-08 14:10:43,158.45,22.0,167.59,34.0,157.07,28.0,206.75,60.0,163.02,9.140000000000017,50.0,94.0,1.705514585052576,144,-44.0,-9.0,-0.31,159.0,5.0
2025-04-08 14:10:44,157.82,11.0,165.19,31.0,156.93,29.0,167.71,35.0,161.51,7.370000000000003,40.0,66.0,1.02694693135718,106,-26.0,-38.0,-0.25,157.33,3.0
2025-04-08 14:10:45,160.6,40.0,165.0,40.0,156.09,11.0,166.0,8.0,162.8,4.400000000000006,51.0,48.0,0.8515456533994109,99,3.0,-7.0,0.03,157.33,
2025-04-08 14:10:46,161.0,68.0,164.71,21.0,156.0,13.0,165.09,33.0,162.86,3.710000000000008,81.0,54.0,0.8888925693380695,135,27.0,36.0,0.2,161.0,6.0
2025-04-08 14:10:47,161.25,24.0,162.76,17.0,155.29,14.0,177.67,6.0,162.01,1.509999999999991,38.0,23.0,0.6504229391904689,61,15.0,-74.0,0.25,161.0,3.0
2025-04-08 14:10:48,162.0,125.0,165.22,54.0,156.79,19.0,171.6,45.0,163.61,3.219999999999999,144.0,99.0,0.8147208109687919,243,45.0,168.0,0.19,162.0,3.0
2025-04-08 14:10:49,157.71,49.0,165.5,48.0,155.33,12.0,167.0,48.0,161.61,7.789999999999992,61.0,96.0,0.7831794173915172,157,-35.0,-86.0,-0.22,160.43,7.0
2025-04-08 14:10:50,155.0,30.0,164.4,20.0,153.0,5.0,175.25,16.0,159.7,9.400000000000006,35.0,36.0,1.480293889679771,71,-1.0,-86.0,-0.01,160.43,
2025-04-08 14:10:51,155.0,52.0,162.8,40.0,153.8,30.0,192.86,14.0,158.9,7.800000000000011,82.0,54.0,1.8819218899359476,136,28.0,65.0,0.21,155.0,4.0
2025-04-08 14:10:52,156.45,62.0,162.0,52.0,154.82,34.0,222.17,23.0,159.23,5.550000000000011,96.0,75.0,1.9784210875892605,171,21.0,35.0,0.12,155.0,
2025-04-08 14:10:53,158.0,61.0,160.47,38.0,155.0,13.0,188.25,36.0,159.24,2.469999999999999,74.0,74.0,1.0856012158312738,148,0.0,-23.0,0.0,158.0,4.0
2025-04-08 14:10:54,155.71,14.0,158.53,19.0,154.11,54.0,184.07,29.0,157.12,2.819999999999993,68.0,48.0,1.001708540350298,116,20.0,-32.0,0.17,158.0,1.0
2025-04-08 14:10:55,154.69,32.0,195.35,31.0,152.75,32.0,211.0,24.0,175.02,40.66,64.0,55.0,7.385581899879178,119,9.0,3.0,0.08,155.6,10.0
2025-04-08 14:10:56,152.55,11.0,321.89,19.0,151.16,19.0,654.22,23.0,237.22,169.33999999999995,30.0,42.0,34.11441015172157,72,-12.0,-47.0,-0.17,153.2,5.0
2025-04-08 14:10:57,158.6,10.0,351.0,28.0,153.55,20.0,579.86,21.0,254.8,192.4,30.0,49.0,45.98186816561457,79,-19.0,7.0,-0.24,153.2,
2025-04-08 14:10:58,156.33,42.0,273.36,39.0,153.54,13.0,367.18,28.0,214.85,117.03,55.0,67.0,41.131586645788445,122,-12.0,43.0,-0.1,163.0,2.0
2025-04-08 14:10:59,156.0,35.0,233.55,31.0,152.0,7.0,238.6,25.0,194.77,77.55000000000001,42.0,56.0,31.95658414161363,98,-14.0,-24.0,-0.14,163.0,
2025-04-08 14:11:00,154.73,22.0,226.68,44.0,151.18,17.0,232.08,36.0,190.7,71.95000000000002,39.0,80.0,27.465426812631986,119,-41.0,21.0,-0.34,163.0,
2025-04-08 14:11:01,159.06,34.0,220.16,64.0,154.4,48.0,360.39,41.0,189.61,61.1,82.0,105.0,27.59167863686454,187,-23.0,68.0,-0.12,163.0,
2025-04-08 14:11:02,162.0,42.0,209.87,23.0,157.0,63.0,222.61,31.0,185.93,47.870000000000005,105.0,54.0,11.442622951052517,159,51.0,-28.0,0.32,163.0,
2025-04-08 14:11:03,162.0,22.0,189.0,28.0,157.0,63.0,212.78,27.0,175.5,27.0,85.0,55.0,7.3111880019545,140,30.0,-19.0,0.21,162.0,4.0
2025-04-08 14:11:04,158.82,55.0,207.76,63.0,156.37,103.0,220.5,72.0,183.29,48.94,158.0,135.0,6.078258796720862,293,23.0,153.0,0.08,159.5,4.0
2025-04-08 14:11:05,157.0,91.0,206.1,21.0,154.25,16.0,207.13,63.0,181.55,49.1,107.0,84.0,5.25734533770681,191,23.0,-102.0,0.12,159.5,
2025-04-08 14:11:06,157.0,40.0,203.61,18.0,155.0,10.0,206.86,42.0,180.31,46.610000000000014,50.0,60.0,3.875510288968444,110,-10.0,-81.0,-0.09,157.0,3.0
2025-04-08 14:11:07,157.0,36.0,202.22,45.0,155.0,9.0,204.0,9.0,179.61,45.22,45.0,54.0,2.903070787958037,99,-9.0,-11.0,-0.09,157.0,
2025-04-08 14:11:08,158.88,68.0,192.16,43.0,156.48,23.0,201.47,59.0,175.52,33.28,91.0,102.0,2.895234014703349,193,-11.0,94.0,-0.06,157.0,
2025-04-08 14:11:09,161.11,44.0,186.3,37.0,160.09,56.0,183.85,27.0,173.71,25.19,100.0,64.0,3.353624904470934,164,36.0,-29.0,0.22,161.33,3.0
2025-04-08 14:11:10,161.0,54.0,170.0,9.0,159.0,36.0,299.5,26.0,165.5,9.0,90.0,35.0,5.949962184743278,125,55.0,-39.0,0.44,161.33,
2025-04-08 14:11:11,161.0,60.0,168.17,23.0,159.0,56.0,168.63,19.0,164.59,7.169999999999988,116.0,42.0,6.522187516459681,158,74.0,33.0,0.47,161.0,2.0
2025-04-08 14:11:12,161.0,36.0,164.64,14.0,159.0,36.0,166.15,13.0,162.82,3.6399999999999855,72.0,27.0,5.765177360658478,99,45.0,-59.0,0.45,161.0,
2025-04-08 14:11:13,161.0,28.0,162.6,10.0,159.0,32.0,203.62,16.0,161.8,1.5999999999999943,60.0,26.0,4.715276237914175,86,34.0,-13.0,0.4,161.0,2.0
2025-04-08 14:11:14,160.25,16.0,162.25,8.0,158.4,50.0,270.0,24.0,161.25,2.0,66.0,32.0,1.8116760195543045,98,34.0,12.0,0.35,160.0,4.0
2025-04-08 14:11:15,159.0,19.0,235.27,22.0,158.0,114.0,295.0,36.0,197.14,76.27000000000001,133.0,58.0,15.492341656439576,191,75.0,93.0,0.39,159.0,1.0
2025-04-08 14:11:16,158.2,45.0,204.13,31.0,157.37,57.0,264.67,27.0,181.16,45.93000000000001,102.0,58.0,15.939905269475917,160,44.0,-31.0,0.28,159.0,
2025-04-08 14:11:17,159.0,33.0,206.0,39.0,158.0,99.0,403.82,33.0,182.5,47.0,132.0,72.0,15.264445617181178,204,60.0,44.0,0.29,159.0,
2025-04-08 14:11:18,158.32,47.0,277.22,27.0,157.37,57.0,392.54,28.0,217.77,118.90000000000003,104.0,55.0,20.9903794629808,159,49.0,-45.0,0.31,158.75,4.0
2025-04-08 14:11:19,158.0,94.0,207.86,44.0,155.0,39.0,236.68,41.0,182.93,49.860000000000014,133.0,85.0,15.653138662898982,218,48.0,59.0,0.22,158.0,5.0
2025-04-08 14:11:20,157.6,30.0,201.0,33.0,155.56,27.0,284.59,34.0,179.3,43.400000000000006,57.0,67.0,16.29420357059311,124,-10.0,-94.0,-0.08,158.0,7.0
2025-04-08 14:11:21,157.0,15.0,198.5,18.0,154.29,7.0,229.0,21.0,177.75,41.5,22.0,39.0,16.75520665345332,61,-17.0,-63.0,-0.28,158.0,
2025-04-08 14:11:22,161.0,26.0,201.0,50.0,155.0,20.0,250.0,40.0,181.0,40.0,46.0,90.0,16.89228966126041,136,-44.0,75.0,-0.32,161.0,4.0
2025-04-08 14:11:23,161.0,10.0,201.0,30.0,155.0,20.0,239.55,44.0,181.0,40.0,30.0,74.0,1.9591656387087135,104,-44.0,-32.0,-0.42,161.0,
2025-04-08 14:11:24,161.0,5.0,201.0,15.0,155.0,10.0,338.0,25.0,181.0,40.0,15.0,40.0,1.4621901380789757,55,-25.0,-49.0,-0.45,161.0,
2025-04-08 14:11:25,162.36,22.0,200.9,30.0,155.55,33.0,244.18,40.0,181.63,38.53999999999999,55.0,70.0,1.5481052935434376,125,-15.0,70.0,-0.12,161.0,
2025-04-08 14:11:26,163.0,33.0,198.56,27.0,161.0,9.0,233.0,27.0,180.78,35.56,42.0,54.0,0.3208114709600217,96,-12.0,-29.0,-0.12,163.0,4.0
2025-04-08 14:11:27,155.73,11.0,192.19,37.0,154.64,11.0,377.36,47.0,173.96,36.46000000000001,22.0,84.0,3.209965731887837,106,-62.0,10.0,-0.58,159.67,3.0
2025-04-08 14:11:28,156.9,39.0,193.6,42.0,155.88,16.0,196.48,29.0,175.25,36.69999999999999,55.0,71.0,3.6199627069750178,126,-16.0,20.0,-0.13,159.67,
2025-04-08 14:11:29,157.18,51.0,162.07,43.0,156.79,66.0,183.58,45.0,159.62,4.889999999999986,117.0,88.0,8.834962931437452,205,29.0,79.0,0.14,159.67,
2025-04-08 14:11:30,159.55,11.0,192.85,27.0,157.0,77.0,370.18,17.0,176.2,33.29999999999998,88.0,44.0,7.994461833036032,132,44.0,-73.0,0.33,160.0,1.0
2025-04-08 14:11:31,161.86,14.0,194.0,28.0,157.0,116.0,396.26,46.0,177.93,32.139999999999986,130.0,74.0,7.394610875486806,204,56.0,72.0,0.27,160.0,
2025-04-08 14:11:32,158.2,66.0,182.32,37.0,157.32,100.0,195.26,54.0,170.26,24.120000000000005,166.0,91.0,7.408607831425892,257,75.0,53.0,0.29,159.0,5.0
2025-04-08 14:11:33,157.0,34.0,158.57,14.0,155.0,6.0,209.07,15.0,157.79,1.5699999999999932,40.0,29.0,9.284031990458262,69,11.0,-168.0,0.16,157.0,4.0
2025-04-08 14:11:34,157.91,67.0,158.76,21.0,154.89,9.0,224.42,33.0,158.34,0.8499999999999943,76.0,54.0,9.597631478643647,130,22.0,61.0,0.17,157.0,3.0
2025-04-08 14:11:35,158.0,48.0,199.32,31.0,155.0,8.0,252.76,25.0,178.66,41.31999999999999,56.0,56.0,10.162820966633886,112,0.0,-18.0,0.0,158.0,4.0
2025-04-08 14:11:36,150.07,14.0,222.12,32.0,123.42,19.0,663.21,38.0,186.1,72.05000000000001,33.0,70.0,12.44034163517462,103,-37.0,-9.0,-0.36,155.8,10.0
2025-04-08 14:11:37,127.0,5.0,165.0,25.0,92.27,11.0,487.2,10.0,146.0,38.0,16.0,35.0,16.49568792138847,51,-19.0,-52.0,-0.37,155.8,
2025-04-08 14:11:38,127.0,9.0,307.58,36.0,112.13,39.0,451.41,27.0,217.29,180.58,48.0,63.0,27.466611003177757,111,-15.0,60.0,-0.14,155.8,
2025-04-08 14:11:40,132.5,8.0,392.56,9.0,90.14,29.0,493.86,21.0,262.53,260.06,37.0,30.0,44.42978246626917,67,7.0,-37.0,0.1,152.0,1.0
2025-04-08 14:11:41,122.0,6.0,410.5,30.0,82.07,30.0,0.0,0.0,266.25,288.5,36.0,30.0,48.58403770787334,66,6.0,-1.0,0.09,152.0,
2025-04-08 14:11:43,119.0,4.0,248.0,11.0,51.0,16.0,443.29,14.0,183.5,129.0,20.0,25.0,41.71609437615345,45,-5.0,-67.0,-0.11,152.0,
2025-04-08 14:11:45,155.24,119.0,377.31,49.0,85.4,65.0,429.2,65.0,266.27,222.07,184.0,114.0,75.96715323085402,298,70.0,168.0,0.23,152.5,6.0
2025-04-08 14:11:46,157.0,198.0,382.0,33.0,155.0,44.0,436.73,55.0,269.5,225.0,242.0,88.0,76.43713181432213,330,154.0,32.0,0.47,152.5,
2025-04-08 14:11:47,157.8,30.0,257.88,26.0,156.93,112.0,398.15,27.0,207.84,100.07999999999998,142.0,53.0,66.26482536006564,195,89.0,-135.0,0.46,152.5,
2025-04-08 14:11:48,162.0,7.0,205.83,30.0,157.8,30.0,332.52,29.0,183.92,43.83000000000001,37.0,59.0,66.2274733022482,96,-22.0,-99.0,-0.23,152.5,
2025-04-08 14:11:49,158.15,26.0,178.0,36.0,156.33,24.0,295.67,30.0,168.08,19.849999999999994,50.0,66.0,46.72426264800805,116,-16.0,20.0,-0.14,158.6,5.0
2025-04-08 14:11:50,159.57,7.0,193.0,20.0,157.29,7.0,247.37,30.0,176.29,33.43000000000001,14.0,50.0,41.003027693086,64,-36.0,-52.0,-0.56,163.0,1.0
2025-04-08 14:11:51,155.0,11.0,261.18,22.0,154.0,132.0,315.24,29.0,208.09,106.18,143.0,51.0,18.33200016364646,194,92.0,130.0,0.47,156.2,5.0
2025-04-08 14:11:52,155.0,9.0,204.89,18.0,154.0,108.0,228.22,18.0,179.94,49.88999999999999,117.0,36.0,15.058221342506371,153,81.0,-41.0,0.53,156.2,
2025-04-08 14:11:53,154.06,64.0,203.67,18.0,149.78,83.0,352.29,21.0,178.86,49.60999999999999,147.0,39.0,15.172708064149615,186,108.0,33.0,0.58,156.2,
2025-04-08 14:11:54,155.35,31.0,200.11,27.0,152.57,98.0,265.62,26.0,177.73,44.76000000000002,129.0,53.0,13.433378949464563,182,76.0,-4.0,0.42,156.2,
2025-04-08 14:11:55,160.0,9.0,193.3,30.0,154.0,108.0,199.33,30.0,176.65,33.30000000000001,117.0,60.0,13.381368764065872,177,57.0,-5.0,0.32,156.2,
2025-04-08 14:11:56,156.14,42.0,189.0,20.0,136.02,88.0,190.0,50.0,172.57,32.860000000000014,130.0,70.0,2.840378495886237,200,60.0,23.0,0.3,156.67,9.0
2025-04-08 14:11:57,157.0,50.0,186.67,42.0,154.31,26.0,187.12,32.0,171.83,29.669999999999987,76.0,74.0,3.147811938456196,150,2.0,-50.0,0.01,156.67,
2025-04-08 14:11:58,157.0,25.0,185.0,15.0,155.0,26.0,186.0,25.0,171.0,28.0,51.0,40.0,3.028180972115428,91,11.0,-59.0,0.12,156.67,
2025-04-08 14:11:59,157.0,30.0,184.67,18.0,155.0,6.0,186.0,30.0,170.83,27.669999999999987,36.0,48.0,2.3815079256381253,84,-12.0,-7.0,-0.14,156.67,
2025-04-08 14:12:00,157.78,46.0,182.74,27.0,156.3,23.0,184.35,40.0,170.26,24.960000000000008,69.0,67.0,0.906404986676948,136,2.0,52.0,0.01,156.67,
2025-04-08 14:12:01,161.16,19.0,176.58,45.0,157.15,41.0,177.82,38.0,168.87,15.420000000000016,60.0,83.0,1.0983487605812374,143,-23.0,7.0,-0.16,159.17,6.0
2025-04-08 14:12:02,156.87,15.0,171.14,36.0,154.44,16.0,172.32,28.0,164.0,14.269999999999982,31.0,64.0,2.9134635744874244,95,-33.0,-48.0,-0.35,157.0,2.0
2025-04-08 14:12:03,155.0,7.0,168.58,24.0,154.0,63.0,169.39,23.0,161.79,13.580000000000013,70.0,47.0,4.025698697103252,117,23.0,22.0,0.2,157.0,
2025-04-08 14:12:04,161.77,93.0,165.43,47.0,154.27,37.0,166.15,53.0,163.6,3.6599999999999966,130.0,100.0,3.6548091605245143,230,30.0,113.0,0.13,157.0,
2025-04-08 14:12:05,162.0,60.0,163.57,42.0,155.0,56.0,164.77,39.0,162.79,1.5699999999999932,116.0,81.0,2.738822739764086,197,35.0,-33.0,0.18,162.0,7.0
2025-04-08 14:12:06,155.68,62.0,162.97,31.0,154.45,29.0,298.44,27.0,159.32,7.289999999999992,91.0,58.0,1.8681943153329608,149,33.0,-48.0,0.22,157.8,5.0
2025-04-08 14:12:07,154.74,23.0,159.38,16.0,123.0,14.0,162.25,16.0,157.06,4.639999999999986,37.0,32.0,2.687725804437213,69,5.0,-80.0,0.07,155.0,4.0
2025-04-08 14:12:08,130.41,17.0,159.0,21.0,77.89,27.0,160.0,9.0,144.71,28.590000000000003,44.0,30.0,7.620435026940783,74,14.0,5.0,0.19,159.0,1.0
2025-04-08 14:12:09,122.9,41.0,158.62,26.0,77.86,28.0,218.67,18.0,140.76,35.72,69.0,44.0,9.627900601886722,113,25.0,39.0,0.22,156.0,1.0
2025-04-08 14:12:10,146.76,17.0,269.25,24.0,131.22,27.0,570.67,18.0,208.01,122.49,44.0,42.0,26.919249060845672,86,2.0,-27.0,0.02,156.0,3.0
2025-04-08 14:12:11,156.82,55.0,410.71,28.0,116.8,20.0,479.08,24.0,283.77,253.89,75.0,52.0,60.47467048277256,127,23.0,41.0,0.18,156.0,
2025-04-08 14:12:12,159.0,120.0,424.25,48.0,158.0,12.0,426.0,24.0,291.62,265.25,132.0,72.0,72.61808266540788,204,60.0,77.0,0.29,156.0,
2025-04-08 14:12:13,159.0,122.0,257.0,42.0,158.0,14.0,357.41,46.0,208.0,98.0,136.0,88.0,62.36169072435461,224,48.0,20.0,0.21,159.0,2.0
2025-04-08 14:12:14,159.0,72.0,193.78,27.0,158.0,20.0,280.33,27.0,176.39,34.78,92.0,54.0,51.153036762249805,146,38.0,-78.0,0.26,159.0,
2025-04-08 14:12:15,159.0,64.0,193.0,24.0,158.0,136.0,235.5,24.0,176.0,34.0,200.0,48.0,56.83710874068154,248,152.0,102.0,0.61,159.0,
2025-04-08 14:12:16,159.0,53.0,192.33,18.0,158.0,160.0,210.25,24.0,175.67,33.33000000000001,213.0,42.0,50.07586474540391,255,171.0,7.0,0.67,159.0,3.0
2025-04-08 14:12:17,159.0,58.0,190.58,24.0,158.0,99.0,191.66,29.0,174.79,31.580000000000013,157.0,53.0,14.451475703190509,210,104.0,-45.0,0.5,159.0,4.0
2025-04-08 14:12:18,159.0,18.0,187.22,18.0,158.0,81.0,188.22,18.0,173.11,28.22,99.0,36.0,1.305074710459711,135,63.0,-75.0,0.47,158.67,3.0
2025-04-08 14:12:19,158.39,109.0,186.53,30.0,156.12,99.0,187.53,30.0,172.46,28.14000000000001,208.0,60.0,1.561451247999368,268,148.0,133.0,0.55,158.0,2.0
2025-04-08 14:12:20,164.0,39.0,185.43,14.0,158.0,42.0,187.0,14.0,174.71,21.430000000000007,81.0,28.0,1.3201590812769086,109,53.0,-159.0,0.49,164.0,5.0
2025-04-08 14:12:21,164.0,24.0,182.38,26.0,158.0,72.0,184.0,24.0,173.19,18.379999999999995,96.0,50.0,1.0419308997607124,146,46.0,37.0,0.32,164.0,
2025-04-08 14:12:22,159.73,30.0,180.92,26.0,157.04,50.0,181.84,19.0,170.33,21.19,80.0,45.0,1.589402403380914,125,35.0,-21.0,0.28,162.0,3.0
2025-04-08 14:12:23,163.0,22.0,177.52,31.0,159.39,23.0,179.08,24.0,170.26,14.52000000000001,45.0,55.0,1.9110075876016404,100,-10.0,-25.0,-0.1,162.0,
2025-04-08 14:12:24,162.67,6.0,173.33,9.0,158.67,12.0,174.73,11.0,168.0,10.660000000000023,18.0,20.0,2.65106959544028,38,-2.0,-62.0,-0.05,163.0,2.0
2025-04-08 14:12:25,158.67,12.0,171.75,8.0,156.91,22.0,174.0,12.0,165.21,13.080000000000013,34.0,20.0,2.978450939643142,54,14.0,16.0,0.26,162.0,1.0
2025-04-08 14:12:26,158.0,30.0,169.37,27.0,156.0,60.0,171.57,23.0,163.69,11.370000000000005,90.0,50.0,2.984823277826405,140,40.0,86.0,0.29,158.0,4.0
2025-04-08 14:12:27,158.0,8.0,167.35,20.0,156.0,48.0,168.8,20.0,162.68,9.349999999999994,56.0,40.0,3.127502198216469,96,16.0,-44.0,0.17,158.0,
2025-04-08 14:12:28,158.91,22.0,162.79,28.0,156.91,22.0,164.24,37.0,160.85,3.879999999999996,44.0,65.0,2.7013015381186443,109,-21.0,13.0,-0.19,158.0,
2025-04-08 14:12:29,159.21,24.0,160.62,47.0,157.18,34.0,161.64,56.0,159.91,1.4099999999999966,58.0,103.0,2.1341321420746984,161,-45.0,52.0,-0.28,159.5,4.0
2025-04-08 14:12:30,156.05,40.0,159.77,31.0,155.43,14.0,160.6,30.0,157.91,3.719999999999999,54.0,61.0,2.281275958719396,115,-7.0,-46.0,-0.06,156.5,4.0
2025-04-08 14:12:31,156.0,21.0,158.5,16.0,145.0,12.0,160.0,28.0,157.25,2.5,33.0,44.0,2.2051984037329837,77,-11.0,-38.0,-0.14,159.0,1.0
2025-04-08 14:12:32,136.66,118.0,156.11,18.0,107.05,74.0,160.0,36.0,146.39,19.450000000000017,192.0,54.0,5.8160570836104215,246,138.0,168.0,0.56,156.0,3.0
2025-04-08 14:12:33,138.0,56.0,173.57,7.0,93.0,44.0,417.5,6.0,155.79,35.56999999999999,100.0,13.0,5.27689302523856,113,87.0,-133.0,0.77,155.0,2.0
2025-04-08 14:12:34,144.08,74.0,198.0,12.0,110.5,72.0,224.0,6.0,171.04,53.91999999999999,146.0,18.0,8.800049999847687,164,128.0,51.0,0.78,155.0,
2025-04-08 14:12:35,163.0,70.0,183.0,24.0,138.58,130.0,257.78,18.0,173.0,20.0,200.0,42.0,11.1690657621768,242,158.0,78.0,0.65,163.0,4.0
2025-04-08 14:12:36,163.0,60.0,197.5,24.0,157.0,48.0,334.0,30.0,180.25,34.5,108.0,54.0,13.818177520926792,162,54.0,-80.0,0.33,163.0,
2025-04-08 14:12:37,163.0,40.0,197.0,16.0,159.33,18.0,580.38,8.0,180.0,34.0,58.0,24.0,9.959253486073662,82,34.0,-80.0,0.41,163.0,
2025-04-08 14:12:38,163.0,20.0,196.75,8.0,160.0,8.0,247.0,4.0,179.88,33.75,28.0,12.0,4.450862837685233,40,16.0,-42.0,0.4,163.0,
2025-04-08 14:12:39,164.12,146.0,195.5,20.0,163.44,72.0,294.45,11.0,179.81,31.379999999999995,218.0,31.0,3.1282694896529635,249,187.0,168.0,0.75,163.0,
2025-04-08 14:12:40,165.0,65.0,193.44,32.0,164.0,208.0,201.45,29.0,179.22,28.44,273.0,61.0,0.3808805585717966,334,212.0,85.0,0.63,165.0,4.0
2025-04-08 14:12:41,165.0,35.0,190.71,21.0,164.0,112.0,193.0,14.0,177.86,25.710000000000008,147.0,35.0,0.8876823755692647,182,112.0,-152.0,0.62,165.0,
2025-04-08 14:12:42,165.0,55.0,187.95,19.0,164.0,176.0,188.93,15.0,176.47,22.94999999999999,231.0,34.0,1.4628636299716655,265,197.0,83.0,0.74,165.0,
2025-04-08 14:12:43,165.0,35.0,186.1,20.0,164.0,128.0,187.4,10.0,175.55,21.099999999999994,163.0,30.0,1.7951239511217387,193,133.0,-72.0,0.69,165.0,1.0
2025-04-08 14:12:44,165.0,32.0,184.67,15.0,164.0,128.0,185.25,16.0,174.83,19.669999999999987,160.0,31.0,1.7699802258464703,191,129.0,-2.0,0.68,165.0,
2025-04-08 14:12:45,165.0,52.0,179.22,23.0,164.0,208.0,179.85,26.0,172.11,14.22,260.0,49.0,2.1425172111053548,309,211.0,118.0,0.68,165.0,
2025-04-08 14:12:46,165.0,56.0,171.43,28.0,164.0,224.0,172.94,49.0,168.21,6.430000000000007,280.0,77.0,3.3424063187883157,357,203.0,48.0,0.57,165.0,
2025-04-08 14:12:47,165.0,32.0,168.18,22.0,164.0,128.0,169.91,22.0,166.59,3.180000000000007,160.0,44.0,3.961908630934001,204,116.0,-153.0,0.57,165.0,
2025-04-08 14:12:48,164.16,210.0,165.97,38.0,163.72,199.0,167.48,27.0,165.07,1.8100000000000025,409.0,65.0,4.0274954996700085,474,344.0,168.0,0.73,165.0,4.0
2025-04-08 14:12:49,164.0,153.0,165.0,32.0,163.0,80.0,186.96,27.0,164.5,1.0,233.0,59.0,3.0529133626513345,292,174.0,-168.0,0.6,164.0,11.0
2025-04-08 14:12:50,163.92,36.0,171.5,16.0,162.84,37.0,192.67,12.0,167.71,7.5800000000000125,73.0,28.0,1.6129104128413403,101,45.0,-168.0,0.45,163.71,7.0
2025-04-08 14:12:51,163.0,21.0,192.33,18.0,160.0,18.0,209.4,10.0,177.67,29.330000000000013,39.0,28.0,5.383810917914794,67,11.0,-34.0,0.16,163.0,1.0
2025-04-08 14:12:52,157.94,35.0,244.46,26.0,156.97,138.0,487.33,21.0,201.2,86.52000000000001,173.0,47.0,15.453991393807703,220,126.0,153.0,0.57,160.0,6.0
2025-04-08 14:12:53,158.0,72.0,215.0,16.0,157.0,80.0,394.0,8.0,186.5,57.0,152.0,24.0,14.893301514435864,176,128.0,-44.0,0.73,160.0,
2025-04-08 14:12:54,158.0,72.0,399.0,12.0,157.0,80.0,578.4,15.0,278.5,241.0,152.0,27.0,44.32943074301741,179,125.0,3.0,0.7,160.0,
2025-04-08 14:12:56,162.0,19.0,227.0,18.0,158.0,72.0,553.67,18.0,194.5,65.0,91.0,36.0,61.57493808360751,127,55.0,-168.0,0.43,162.0,5.0
2025-04-08 14:12:57,158.18,22.0,339.5,8.0,157.21,38.0,525.0,8.0,248.84,181.32,60.0,16.0,58.20333942309609,76,44.0,-51.0,0.58,160.0,2.0
2025-04-08 14:12:58,159.27,30.0,406.5,20.0,157.74,76.0,519.6,20.0,282.88,247.23,106.0,40.0,48.40021053673423,146,66.0,70.0,0.45,160.0,
2025-04-08 14:12:59,161.09,11.0,337.0,14.0,158.36,33.0,339.0,14.0,249.05,175.91,44.0,28.0,48.29269644573782,72,16.0,-74.0,0.22,161.0,1.0
2025-04-08 14:13:00,162.22,9.0,336.0,18.0,159.0,27.0,339.0,18.0,249.11,173.78,36.0,36.0,31.75337667083808,72,0.0,0.0,0.0,161.0,
2025-04-08 14:13:01,163.86,7.0,320.29,14.0,159.0,21.0,337.86,14.0,242.07,156.43,28.0,28.0,16.20693524390585,56,0.0,-16.0,0.0,161.0,
2025-04-08 14:13:02,162.21,24.0,281.12,16.0,158.56,32.0,288.62,16.0,221.67,118.91,56.0,32.0,22.03867691128799,88,24.0,32.0,0.27,164.0,1.0
2025-04-08 14:13:03,163.0,84.0,281.0,18.0,159.0,27.0,737.67,18.0,222.0,118.0,111.0,36.0,13.940286941096108,147,75.0,59.0,0.51,163.0,7.0
2025-04-08 14:13:04,163.0,18.0,281.0,6.0,159.0,9.0,647.0,6.0,222.0,118.0,27.0,12.0,13.21818255283513,39,15.0,-108.0,0.38,163.0,
2025-04-08 14:13:05,163.0,42.0,281.0,14.0,159.0,21.0,647.0,14.0,222.0,118.0,63.0,28.0,9.013604717317886,91,35.0,52.0,0.38,163.0,
2025-04-08 14:13:06,163.0,42.0,280.57,14.0,159.92,13.0,647.0,12.0,221.79,117.57,55.0,26.0,0.1538505769917615,81,29.0,-10.0,0.36,163.0,
2025-04-08 14:13:07,163.0,60.0,280.0,20.0,162.0,10.0,656.0,24.0,221.5,117.0,70.0,44.0,0.2198181067168266,114,26.0,33.0,0.23,163.0,
2025-04-08 14:13:08,162.92,26.0,180.71,21.0,160.5,12.0,262.53,17.0,171.82,17.79000000000002,38.0,38.0,22.362737310088043,76,0.0,-38.0,0.0,163.0,4.0
2025-04-08 14:13:09,163.81,31.0,177.64,22.0,160.31,16.0,238.8,20.0,170.72,13.829999999999984,47.0,42.0,27.659641718575568,89,5.0,13.0,0.06,163.0,
2025-04-08 14:13:10,164.0,48.0,173.93,44.0,162.0,12.0,175.0,32.0,168.97,9.930000000000009,60.0,76.0,28.030063324936087,136,-16.0,47.0,-0.12,163.0,
2025-04-08 14:13:11,164.08,52.0,170.92,52.0,162.8,20.0,172.7,46.0,167.5,6.839999999999975,72.0,98.0,23.200968083247897,170,-26.0,34.0,-0.15,164.5,4.0
2025-04-08 14:13:12,162.33,45.0,167.55,44.0,158.97,70.0,168.96,54.0,164.94,5.219999999999999,115.0,98.0,2.7122315535083903,213,17.0,43.0,0.08,164.0,2.0
2025-04-08 14:13:13,159.0,45.0,162.77,26.0,158.0,72.0,163.46,26.0,160.88,3.77000000000001,117.0,52.0,3.8365114361667967,169,65.0,-44.0,0.38,162.0,2.0
2025-04-08 14:13:14,159.0,49.0,160.44,32.0,158.0,88.0,187.42,31.0,159.72,1.4399999999999975,137.0,63.0,4.033586493411379,200,74.0,31.0,0.37,159.0,2.0
2025-04-08 14:13:15,158.63,57.0,176.79,52.0,157.91,99.0,424.62,24.0,167.71,18.16,156.0,76.0,3.702634197409977,232,80.0,32.0,0.34,159.0,3.0
2025-04-08 14:13:16,157.84,58.0,210.0,17.0,156.19,68.0,271.65,23.0,183.92,52.16,126.0,40.0,9.753782855889384,166,86.0,-66.0,0.52,159.0,
2025-04-08 14:13:17,157.0,60.0,161.33,12.0,156.0,132.0,162.8,15.0,159.17,4.3300000000000125,192.0,27.0,10.439829979450696,219,165.0,53.0,0.75,159.0,
2025-04-08 14:13:18,157.0,17.0,159.66,29.0,156.0,143.0,160.9,29.0,158.33,2.6599999999999966,160.0,58.0,10.82476558636886,218,102.0,-1.0,0.47,157.2,5.0
2025-04-08 14:13:19,156.07,43.0,157.74,19.0,155.52,63.0,176.0,29.0,156.9,1.670000000000016,106.0,48.0,11.282576390161664,154,58.0,-64.0,0.38,156.56,9.0
2025-04-08 14:13:20,158.84,93.0,258.76,21.0,155.9,61.0,452.33,12.0,208.8,99.92,154.0,33.0,22.72485049455473,187,121.0,33.0,0.65,156.56,
2025-04-08 14:13:21,159.0,104.0,324.78,18.0,156.0,65.0,516.23,13.0,241.89,165.77999999999997,169.0,31.0,38.636117429160855,200,138.0,13.0,0.69,156.56,
2025-04-08 14:13:22,159.0,56.0,256.29,7.0,156.0,35.0,484.29,7.0,207.64,97.29000000000002,91.0,14.0,36.55395286422446,105,77.0,-95.0,0.73,156.56,
2025-04-08 14:13:23,159.0,80.0,290.0,10.0,155.78,46.0,467.2,10.0,224.5,131.0,126.0,20.0,31.75195710503518,146,106.0,41.0,0.73,156.56,
2025-04-08 14:13:24,159.0,90.0,375.15,33.0,155.0,111.0,401.54,13.0,267.08,216.15,201.0,46.0,24.97977421835668,247,155.0,101.0,0.63,159.0,3.0
2025-04-08 14:13:25,159.0,35.0,262.8,10.0,156.0,35.0,375.54,26.0,210.9,103.8,70.0,36.0,24.54852378453904,106,34.0,-141.0,0.32,159.0,
2025-04-08 14:13:26,159.0,29.0,187.07,30.0,155.36,69.0,287.73,15.0,173.03,28.069999999999997,98.0,45.0,33.99173576032896,143,53.0,37.0,0.37,159.0,2.0
2025-04-08 14:13:27,159.0,21.0,187.0,28.0,155.0,77.0,443.0,7.0,173.0,28.0,98.0,35.0,39.384398179990015,133,63.0,-10.0,0.47,159.0,
2025-04-08 14:13:28,159.0,33.0,186.64,44.0,155.0,121.0,447.09,11.0,172.82,27.639999999999983,154.0,55.0,41.26639044064749,209,99.0,76.0,0.47,159.0,
2025-04-08 14:13:29,155.12,103.0,184.91,44.0,154.52,21.0,459.31,13.0,170.01,29.789999999999992,124.0,57.0,17.34741969285028,181,67.0,-28.0,0.37,158.0,4.0
2025-04-08 14:13:30,155.0,130.0,178.43,42.0,154.0,14.0,212.69,35.0,166.71,23.430000000000007,144.0,77.0,2.772747734622851,221,67.0,40.0,0.3,155.0,5.0
2025-04-08 14:13:31,157.37,19.0,181.55,44.0,153.63,19.0,262.91,11.0,169.46,24.180000000000007,38.0,55.0,2.6109481036308275,93,-17.0,-128.0,-0.18,155.0,5.0
2025-04-08 14:13:32,163.0,8.0,177.2,20.0,162.0,24.0,182.9,20.0,170.1,14.199999999999989,32.0,40.0,2.1746379008587158,72,-8.0,-21.0,-0.11,155.0,
2025-04-08 14:13:33,163.0,11.0,176.0,44.0,162.0,33.0,177.0,11.0,169.5,13.0,44.0,55.0,1.397687375577494,99,-11.0,27.0,-0.11,155.0,
2025-04-08 14:13:34,156.12,32.0,174.54,52.0,150.86,28.0,177.0,13.0,165.33,18.419999999999987,60.0,65.0,2.08222237041224,125,-5.0,26.0,-0.04,159.75,8.0
2025-04-08 14:13:35,129.26,31.0,173.03,66.0,82.59,22.0,175.55,22.0,151.14,43.77000000000001,53.0,88.0,8.035918118039378,141,-35.0,16.0,-0.25,157.0,1.0
2025-04-08 14:13:36,127.82,11.0,151.89,38.0,43.0,11.0,162.71,31.0,139.86,24.069999999999997,22.0,69.0,13.242687793639591,91,-47.0,-50.0,-0.52,157.0,
2025-04-08 14:13:45,147.45,11.0,152.0,33.0,134.05,41.0,154.0,22.0,149.73,4.550000000000011,52.0,55.0,1.1162526594687996,107,-3.0,-22.0,-0.03,157.0,
2025-04-08 14:13:46,149.0,14.0,152.0,28.0,132.0,98.0,153.13,15.0,150.5,3.0,112.0,43.0,1.188015151323229,155,69.0,48.0,0.45,152.0,2.0
2025-04-08 14:13:47,150.43,7.0,152.0,4.0,149.92,13.0,153.0,4.0,151.21,1.5699999999999932,20.0,8.0,1.0894494021184975,28,12.0,-127.0,0.43,152.0,
2025-04-08 14:13:48,151.5,6.0,152.5,4.0,142.19,16.0,153.67,6.0,152.0,1.0,22.0,10.0,1.02487560209967,32,12.0,4.0,0.38,152.0,1.0
2025-04-08 14:13:49,152.0,12.0,265.27,11.0,132.0,28.0,349.5,6.0,208.64,113.26999999999998,40.0,17.0,25.85368116922277,57,23.0,25.0,0.4,153.67,3.0
2025-04-08 14:13:50,152.0,18.0,284.65,17.0,132.0,42.0,289.83,18.0,218.32,132.64999999999998,60.0,35.0,34.2675368242288,95,25.0,38.0,0.26,153.67,
2025-04-08 14:13:51,157.71,21.0,252.0,12.0,143.11,18.0,289.0,18.0,204.86,94.29,39.0,30.0,32.68843648753974,69,9.0,-26.0,0.13,153.67,
2025-04-08 14:13:52,162.0,52.0,250.17,36.0,153.85,39.0,295.58,38.0,206.08,88.16999999999999,91.0,74.0,26.24145575230083,165,17.0,96.0,0.1,153.67,
2025-04-08 14:13:53,162.0,40.0,247.4,30.0,157.18,44.0,387.4,25.0,204.7,85.4,84.0,55.0,5.700789419019359,139,29.0,-26.0,0.21,153.67,
2025-04-08 14:13:54,162.0,40.0,247.0,30.0,158.0,50.0,363.48,23.0,204.5,85.0,90.0,53.0,5.97314992277943,143,37.0,4.0,0.26,153.67,
2025-04-08 14:13:55,162.49,43.0,323.26,19.0,160.97,58.0,378.33,27.0,242.88,160.76999999999998,101.0,46.0,16.936029050518854,147,55.0,4.0,0.37,153.67,
2025-04-08 14:13:56,163.29,42.0,233.33,18.0,162.0,56.0,336.2,30.0,198.31,70.04000000000002,98.0,48.0,17.910085985276943,146,50.0,-1.0,0.34,153.67,
2025-04-08 14:13:57,161.5,36.0,172.22,18.0,161.62,55.0,238.27,30.0,166.86,10.72,91.0,48.0,27.030712162279105,139,43.0,-7.0,0.31,162.86,7.0
2025-04-08 14:13:58,158.22,54.0,171.42,12.0,156.5,20.0,363.39,33.0,164.82,13.199999999999989,74.0,45.0,31.997144872628144,119,29.0,-20.0,0.24,162.86,
2025-04-08 14:13:59,158.33,18.0,171.0,9.0,157.09,53.0,273.46,13.0,164.67,12.669999999999987,71.0,22.0,34.0785896128335,93,49.0,-26.0,0.53,159.2,5.0
2025-04-08 14:14:00,158.0,24.0,168.58,12.0,157.0,72.0,232.0,24.0,163.29,10.580000000000013,96.0,36.0,14.991169067149588,132,60.0,39.0,0.45,159.2,
2025-04-08 14:14:01,158.0,14.0,166.79,33.0,157.0,54.0,197.8,10.0,162.39,8.789999999999992,68.0,43.0,1.700949734658599,111,25.0,-21.0,0.23,158.0,1.0
2025-04-08 14:14:02,158.0,8.0,165.5,32.0,157.0,56.0,168.0,8.0,161.75,7.5,64.0,40.0,1.3585580590579245,104,24.0,-7.0,0.23,158.0,
2025-04-08 14:14:03,159.47,34.0,164.52,23.0,157.36,14.0,165.19,47.0,162.0,5.050000000000011,48.0,70.0,1.1880235687178513,118,-22.0,14.0,-0.19,158.0,
2025-04-08 14:14:04,158.0,14.0,162.36,44.0,157.0,27.0,164.62,26.0,160.18,4.360000000000014,41.0,70.0,1.1358565049449303,111,-29.0,-7.0,-0.26,158.0,
2025-04-08 14:14:05,157.44,18.0,159.65,34.0,156.35,46.0,161.19,31.0,158.55,2.210000000000008,64.0,65.0,1.594217676423805,129,-1.0,18.0,-0.01,158.0,1.0
2025-04-08 14:14:06,156.04,55.0,157.78,23.0,155.38,16.0,177.0,21.0,156.91,1.740000000000009,71.0,44.0,2.160502256378819,115,27.0,-14.0,0.23,156.8,5.0
2025-04-08 14:14:07,155.97,29.0,157.33,27.0,154.62,13.0,170.73,22.0,156.65,1.3600000000000136,42.0,49.0,2.257469822569965,91,-7.0,-24.0,-0.08,156.0,4.0
2025-04-08 14:14:08,154.22,27.0,157.38,39.0,151.4,86.0,291.52,25.0,155.8,3.1599999999999966,113.0,64.0,1.7446976814936477,177,49.0,86.0,0.28,154.33,3.0
2025-04-08 14:14:09,132.86,42.0,162.68,34.0,126.92,96.0,297.58,12.0,147.77,29.819999999999997,138.0,46.0,4.236552843975836,184,92.0,7.0,0.5,155.5,6.0
2025-04-08 14:14:10,126.44,34.0,350.0,9.0,91.41,58.0,418.45,33.0,238.22,223.56,92.0,42.0,37.72806448785653,134,50.0,-50.0,0.37,159.5,2.0
2025-04-08 14:14:11,160.0,25.0,350.0,5.0,138.0,40.0,561.6,20.0,255.0,190.0,65.0,25.0,51.50979780585376,90,40.0,-44.0,0.44,159.5,
2025-04-08 14:14:12,160.0,40.0,395.5,8.0,147.0,16.0,606.5,32.0,277.75,235.5,56.0,40.0,59.3742399530304,96,16.0,6.0,0.17,159.5,
2025-04-08 14:14:13,160.0,55.0,286.62,32.0,132.34,64.0,391.65,23.0,223.31,126.62,119.0,55.0,49.41285106123794,174,64.0,78.0,0.37,159.5,
2025-04-08 14:14:14,160.0,60.0,282.0,12.0,138.57,21.0,318.5,30.0,221.0,122.0,81.0,42.0,23.696472944304187,123,39.0,-51.0,0.32,160.0,1.0
2025-04-08 14:14:15,158.94,17.0,247.53,17.0,156.7,61.0,256.03,35.0,203.24,88.59,78.0,52.0,29.84668407043089,130,26.0,7.0,0.2,160.0,4.0
2025-04-08 14:14:16,162.0,19.0,244.0,10.0,160.62,24.0,382.8,40.0,203.0,82.0,43.0,50.0,30.6461180249648,93,-7.0,-37.0,-0.08,162.0,1.0
2025-04-08 14:14:17,162.0,11.0,243.64,11.0,161.0,33.0,461.91,44.0,202.82,81.63999999999999,44.0,55.0,10.513499892995384,99,-11.0,6.0,-0.11,162.0,
2025-04-08 14:14:18,162.0,9.0,197.83,24.0,161.0,27.0,332.12,17.0,179.92,35.83000000000001,36.0,41.0,14.592260962578086,77,-5.0,-22.0,-0.06,162.0,
2025-04-08 14:14:19,161.93,14.0,240.43,14.0,160.93,40.0,262.68,50.0,201.18,78.5,54.0,64.0,10.157308698664474,118,-10.0,41.0,-0.08,161.33,3.0
2025-04-08 14:14:20,158.75,8.0,240.0,8.0,157.02,104.0,249.0,32.0,199.38,81.25,112.0,40.0,9.803030143785234,152,72.0,34.0,0.47,161.0,1.0
2025-04-08 14:14:21,158.0,7.0,239.71,7.0,157.0,119.0,248.18,22.0,198.86,81.71000000000001,126.0,29.0,9.36191860677921,155,97.0,3.0,0.63,161.0,
2025-04-08 14:14:22,159.0,14.0,238.12,8.0,158.0,8.0,239.12,8.0,198.56,79.12,22.0,16.0,8.8129790649902,38,6.0,-117.0,0.16,159.0,3.0
2025-04-08 14:14:23,157.09,136.0,235.67,18.0,156.67,48.0,236.79,14.0,196.38,78.57999999999998,184.0,32.0,1.724273760157638,216,152.0,168.0,0.7,157.6,5.0
2025-04-08 14:14:24,158.9,40.0,232.0,10.0,157.0,140.0,233.58,12.0,195.45,73.1,180.0,22.0,1.710929571888833,202,158.0,-14.0,0.78,157.6,
2025-04-08 14:14:25,159.0,28.0,228.29,7.0,157.0,98.0,230.14,7.0,193.64,69.28999999999999,126.0,14.0,2.183991758216876,140,112.0,-62.0,0.8,157.6,
2025-04-08 14:14:26,157.97,70.0,226.88,8.0,156.88,64.0,228.75,8.0,192.42,68.91,134.0,16.0,2.3909203248862663,150,118.0,10.0,0.79,161.0,5.0
2025-04-08 14:14:27,157.0,166.0,199.47,15.0,156.0,26.0,211.07,14.0,178.23,42.47,192.0,29.0,7.425545771183327,221,163.0,71.0,0.74,157.0,1.0
2025-04-08 14:14:28,157.0,48.0,161.75,4.0,156.0,8.0,163.0,4.0,159.38,4.75,56.0,8.0,15.282432070842326,64,48.0,-157.0,0.75,157.0,
2025-04-08 14:14:29,157.0,84.0,159.62,8.0,156.0,16.0,160.88,8.0,158.31,2.6200000000000045,100.0,16.0,17.13282901332647,116,84.0,52.0,0.72,157.0,3.0
2025-04-08 14:14:30,157.0,118.0,159.0,15.0,156.0,30.0,271.29,21.0,158.0,2.0,148.0,36.0,15.501215113656542,184,112.0,68.0,0.61,157.0,2.0
2025-04-08 14:14:31,157.0,56.0,158.25,16.0,156.0,16.0,289.67,12.0,157.62,1.25,72.0,28.0,8.924733609460143,100,44.0,-84.0,0.44,157.0,
2025-04-08 14:14:32,157.0,49.0,158.0,21.0,156.0,14.0,159.0,7.0,157.5,1.0,63.0,28.0,0.752276544770354,91,35.0,-9.0,0.38,157.0,
2025-04-08 14:14:33,157.27,51.0,194.76,25.0,156.15,26.0,365.53,17.0,176.02,37.48999999999998,77.0,42.0,8.128812951460038,119,35.0,28.0,0.29,157.5,4.0
2025-04-08 14:14:36,159.0,44.0,460.0,15.0,157.0,49.0,535.52,25.0,309.5,301.0,93.0,40.0,90.66580711602482,133,53.0,49.0,0.4,157.5,
2025-04-08 14:14:37,157.33,48.0,323.23,26.0,155.22,90.0,407.12,16.0,240.28,165.9,138.0,42.0,71.80313502905203,180,96.0,47.0,0.53,158.6,5.0
2025-04-08 14:14:38,155.23,87.0,260.25,36.0,154.52,46.0,268.38,29.0,207.74,105.02,133.0,65.0,60.73391540153081,198,68.0,18.0,0.34,156.6,5.0
2025-04-08 14:14:39,163.0,6.0,240.3,10.0,156.58,38.0,277.0,16.0,201.65,77.30000000000001,44.0,26.0,64.79861634325385,70,18.0,-128.0,0.26,156.6,
2025-04-08 14:14:40,163.0,13.0,250.35,31.0,161.0,65.0,291.42,24.0,206.68,87.35,78.0,55.0,45.32862340729199,133,23.0,63.0,0.17,156.6,
2025-04-08 14:14:41,161.18,22.0,255.94,52.0,157.57,70.0,277.0,32.0,208.56,94.76,92.0,84.0,15.494699738943767,176,8.0,43.0,0.05,161.5,4.0
2025-04-08 14:14:42,161.0,18.0,253.14,37.0,157.08,52.0,254.6,35.0,207.07,92.14,70.0,72.0,2.7172136463662584,142,-2.0,-34.0,-0.01,161.5,
2025-04-08 14:14:43,162.23,26.0,250.47,38.0,160.88,34.0,251.71,42.0,206.35,88.24000000000001,60.0,80.0,2.607042385539209,140,-20.0,-2.0,-0.14,161.5,
2025-04-08 14:14:44,163.0,24.0,247.43,28.0,162.0,48.0,249.82,44.0,205.21,84.43,72.0,72.0,1.2157425714355137,144,0.0,4.0,0.0,161.5,
2025-04-08 14:14:45,163.0,32.0,236.29,31.0,162.0,64.0,244.48,42.0,199.65,73.28999999999999,96.0,73.0,3.419447323763797,169,23.0,25.0,0.14,161.5,
2025-04-08 14:14:46,163.46,26.0,199.17,36.0,162.0,52.0,202.3,23.0,181.31,35.70999999999998,78.0,59.0,10.80343093651157,137,19.0,-32.0,0.14,161.5,
2025-04-08 14:14:47,164.0,32.0,180.22,32.0,162.0,64.0,181.98,48.0,172.11,16.22,96.0,80.0,15.366765437135738,176,16.0,39.0,0.09,161.5,
2025-04-08 14:14:48,162.2,20.0,165.94,32.0,160.0,48.0,191.0,56.0,164.07,3.740000000000009,68.0,88.0,17.603232657666,156,-20.0,-20.0,-0.13,162.67,6.0
2025-04-08 14:14:49,158.38,32.0,164.35,43.0,157.19,86.0,180.91,45.0,161.36,5.969999999999999,118.0,88.0,15.482693564102036,206,30.0,50.0,0.15,161.0,1.0
2025-04-08 14:14:50,157.18,78.0,172.12,34.0,155.17,258.0,292.68,22.0,164.65,14.939999999999998,336.0,56.0,8.09869125228644,392,280.0,168.0,0.71,158.5,6.0
2025-04-08 14:14:51,162.5,210.0,261.67,45.0,157.54,115.0,297.9,40.0,212.08,99.17000000000002,325.0,85.0,21.188492867589325,410,240.0,18.0,0.59,158.5,
2025-04-08 14:14:52,164.0,103.0,258.52,29.0,163.0,27.0,260.25,32.0,211.26,94.51999999999998,130.0,61.0,26.491185892668376,191,69.0,-168.0,0.36,164.0,4.0
2025-04-08 14:14:53,164.0,121.0,253.71,34.0,163.0,33.0,254.86,29.0,208.85,89.71000000000001,154.0,63.0,26.192845397167996,217,91.0,26.0,0.42,164.0,
2025-04-08 14:14:54,164.0,143.0,246.29,38.0,163.0,39.0,247.43,30.0,205.14,82.28999999999999,182.0,68.0,20.16367104472737,250,114.0,33.0,0.46,164.0,
2025-04-08 14:14:55,164.0,132.0,243.33,45.0,163.0,36.0,244.78,37.0,203.67,79.33000000000001,168.0,82.0,3.698817378569212,250,86.0,0.0,0.34,164.0,
2025-04-08 14:14:56,164.0,99.0,239.42,33.0,163.0,27.0,241.67,12.0,201.71,75.41999999999999,126.0,45.0,3.882116690672496,171,81.0,-79.0,0.47,164.0,
2025-04-08 14:14:57,164.0,60.0,165.0,11.0,163.0,33.0,305.44,27.0,164.5,1.0,93.0,38.0,18.23012424532437,131,55.0,-40.0,0.42,164.0,8.0
2025-04-08 14:14:58,163.71,14.0,207.4,10.0,162.4,30.0,573.0,10.0,185.56,43.69,44.0,20.0,17.326200679893624,64,24.0,-67.0,0.38,163.75,4.0
2025-04-08 14:14:59,163.0,12.0,267.33,6.0,160.0,18.0,503.0,6.0,215.17,104.32999999999998,30.0,12.0,19.637534723074424,42,18.0,-22.0,0.43,163.75,
2025-04-08 14:15:00,163.0,18.0,271.0,9.0,160.0,27.0,611.0,9.0,217.0,108.0,45.0,18.0,22.01835529734144,63,27.0,21.0,0.43,163.75,
2025-04-08 14:15:01,163.0,16.0,361.0,8.0,160.0,24.0,608.5,8.0,262.0,198.0,40.0,16.0,36.88032646276344,56,24.0,-7.0,0.43,163.75,
2025-04-08 14:15:02,158.91,22.0,427.6,5.0,156.5,48.0,531.8,5.0,293.25,268.69000000000005,70.0,10.0,42.669628894567445,80,60.0,24.0,0.75,161.2,5.0
2025-04-08 14:15:03,158.0,42.0,314.14,7.0,156.0,98.0,546.29,7.0,236.07,156.14,140.0,14.0,33.053669539101755,154,126.0,74.0,0.82,161.2,
2025-04-08 14:15:04,158.0,9.0,379.89,9.0,156.0,126.0,573.0,9.0,268.94,221.89,135.0,18.0,29.61295949411648,153,117.0,-1.0,0.76,158.0,5.0
2025-04-08 14:15:05,156.29,28.0,380.88,26.0,155.85,66.0,454.0,6.0,268.59,224.59,94.0,32.0,20.42947992485912,126,62.0,-27.0,0.49,156.67,3.0
2025-04-08 14:15:06,157.18,17.0,204.0,6.0,155.92,65.0,333.67,30.0,180.59,46.81999999999999,82.0,36.0,43.54697601441645,118,46.0,-8.0,0.39,156.67,
2025-04-08 14:15:07,160.0,7.0,223.29,35.0,156.0,84.0,591.0,7.0,191.64,63.28999999999999,91.0,42.0,41.68847718494988,133,49.0,15.0,0.37,156.67,
2025-04-08 14:15:08,156.15,78.0,206.57,47.0,155.47,76.0,308.19,37.0,181.36,50.41999999999999,154.0,84.0,46.34336015008024,238,70.0,105.0,0.29,157.0,4.0
2025-04-08 14:15:09,156.0,107.0,320.45,38.0,155.0,60.0,330.75,52.0,238.22,164.45,167.0,90.0,39.4645784216685,257,77.0,19.0,0.3,156.0,3.0
2025-04-08 14:15:10,159.34,50.0,369.89,27.0,157.6,53.0,473.44,27.0,264.61,210.55,103.0,54.0,38.05477801801005,157,49.0,-100.0,0.31,159.0,1.0
2025-04-08 14:15:11,161.64,22.0,401.22,27.0,159.0,66.0,457.0,33.0,281.43,239.58000000000004,88.0,60.0,43.98085685841166,148,28.0,-9.0,0.19,161.0,3.0
2025-04-08 14:15:12,162.9,20.0,264.46,24.0,159.0,60.0,349.67,21.0,213.68,101.55999999999996,80.0,45.0,39.90914494198181,125,35.0,-23.0,0.28,161.0,
2025-04-08 14:15:13,163.5,20.0,241.9,10.0,159.0,60.0,244.0,30.0,202.7,78.4,80.0,40.0,33.20096338963869,120,40.0,-5.0,0.33,161.0,
2025-04-08 14:15:14,165.0,16.0,236.11,9.0,159.0,48.0,243.86,22.0,200.56,71.11000000000001,64.0,31.0,37.707913360461895,95,33.0,-25.0,0.35,161.0,
2025-04-08 14:15:15,162.16,38.0,240.58,12.0,158.84,58.0,244.0,36.0,201.37,78.42000000000002,96.0,48.0,34.7773427679582,144,48.0,49.0,0.33,163.0,3.0
2025-04-08 14:15:16,163.0,36.0,236.0,20.0,162.0,36.0,238.3,23.0,199.5,73.0,72.0,43.0,5.775674852343552,115,29.0,-29.0,0.25,163.0,
2025-04-08 14:15:17,162.95,22.0,231.5,14.0,161.83,23.0,232.63,19.0,197.23,68.55000000000001,45.0,33.0,2.063581837481023,78,12.0,-37.0,0.15,162.6,5.0
2025-04-08 14:15:18,163.17,12.0,221.34,35.0,160.82,17.0,229.8,25.0,192.25,58.170000000000016,29.0,60.0,3.6623175722449033,89,-31.0,11.0,-0.35,162.6,
2025-04-08 14:15:19,164.0,15.0,226.25,32.0,162.0,15.0,228.03,32.0,195.12,62.25,30.0,64.0,3.5865205980127506,94,-34.0,5.0,-0.36,162.6,
2025-04-08 14:15:20,164.0,14.0,221.61,28.0,162.0,14.0,222.31,29.0,192.8,57.610000000000014,28.0,57.0,3.0380009874855824,85,-29.0,-9.0,-0.34,162.6,
2025-04-08 14:15:21,160.11,37.0,218.23,13.0,159.07,46.0,220.39,23.0,189.17,58.119999999999976,83.0,36.0,3.048184705682341,119,47.0,34.0,0.39,161.5,4.0
2025-04-08 14:15:22,159.71,51.0,213.73,22.0,158.75,60.0,214.58,24.0,186.72,54.01999999999998,111.0,46.0,3.287076208418058,157,65.0,38.0,0.41,161.5,
2025-04-08 14:15:23,159.0,55.0,210.31,29.0,158.0,55.0,211.2,20.0,184.66,51.31,110.0,49.0,4.288039178918786,159,61.0,2.0,0.38,161.5,
2025-04-08 14:15:24,159.0,60.0,206.27,33.0,158.0,60.0,207.81,27.0,182.64,47.27000000000001,120.0,60.0,3.9596868562972687,180,60.0,21.0,0.33,161.5,
2025-04-08 14:15:25,158.88,40.0,203.38,24.0,157.79,39.0,206.0,16.0,181.12,44.5,79.0,40.0,3.201237260798509,119,39.0,-61.0,0.33,161.5,
2025-04-08 14:15:26,159.49,65.0,202.21,28.0,158.0,70.0,203.76,29.0,180.85,42.72,135.0,57.0,2.484173906939429,192,78.0,73.0,0.41,159.0,5.0
2025-04-08 14:15:27,160.0,52.0,197.24,37.0,159.0,39.0,197.9,29.0,178.62,37.24000000000001,91.0,66.0,2.2425476583370068,157,25.0,-35.0,0.16,159.0,
2025-04-08 14:15:28,159.09,43.0,190.44,52.0,158.04,68.0,192.55,38.0,174.77,31.349999999999994,111.0,90.0,3.0579323079338416,201,21.0,44.0,0.1,160.0,4.0
2025-04-08 14:15:29,159.75,116.0,188.0,59.0,157.7,80.0,189.13,45.0,173.88,28.25,196.0,104.0,3.3739101944034084,300,92.0,99.0,0.31,158.75,4.0
2025-04-08 14:15:30,160.0,304.0,182.32,22.0,158.0,160.0,184.33,24.0,171.16,22.319999999999997,464.0,46.0,3.863810295536246,510,418.0,168.0,0.82,158.75,
2025-04-08 14:15:31,159.83,229.0,174.22,41.0,157.8,122.0,179.29,17.0,167.02,14.389999999999986,351.0,58.0,4.318483530115823,409,293.0,-101.0,0.72,160.0,1.0
2025-04-08 14:15:32,158.15,119.0,160.66,29.0,156.95,63.0,166.0,30.0,159.4,2.509999999999991,182.0,59.0,6.275960484249996,241,123.0,-168.0,0.51,160.0,3.0
2025-04-08 14:15:33,158.0,89.0,159.28,29.0,156.9,58.0,161.26,23.0,158.64,1.2800000000000011,147.0,52.0,6.846312876275493,199,95.0,-42.0,0.48,158.29,7.0
2025-04-08 14:15:34,158.98,104.0,160.0,8.0,157.43,14.0,483.12,24.0,159.49,1.0200000000000102,118.0,32.0,5.6332690331498485,150,86.0,-49.0,0.57,158.29,
2025-04-08 14:15:35,159.0,98.0,450.57,14.0,158.0,6.0,585.73,26.0,304.79,291.57,104.0,40.0,64.33390839984732,144,64.0,-6.0,0.44,159.0,1.0
2025-04-08 14:15:37,164.0,33.0,266.0,24.0,159.0,128.0,430.38,40.0,215.0,102.0,161.0,64.0,80.32825860181525,225,97.0,71.0,0.43,164.0,1.0
2025-04-08 14:15:38,164.0,20.0,318.57,14.0,159.0,80.0,356.18,22.0,241.29,154.57,100.0,36.0,68.717562747817,136,64.0,-89.0,0.47,164.0,
2025-04-08 14:15:39,164.0,24.0,326.71,24.0,159.05,84.0,366.37,27.0,245.35,162.70999999999998,108.0,51.0,48.0244361757661,159,57.0,23.0,0.36,164.0,
2025-04-08 14:15:40,164.0,32.0,331.91,55.0,160.0,44.0,649.56,36.0,247.95,167.91000000000005,76.0,91.0,43.4328510461861,167,-15.0,8.0,-0.09,164.0,2.0
2025-04-08 14:15:41,164.0,18.0,326.27,44.0,160.0,36.0,405.81,37.0,245.14,162.26999999999998,54.0,81.0,13.59553345772528,135,-27.0,-32.0,-0.2,164.0,
2025-04-08 14:15:42,164.0,22.0,259.0,30.0,160.0,44.0,278.51,45.0,211.5,95.0,66.0,75.0,15.1391555246693,141,-9.0,6.0,-0.06,164.0,
2025-04-08 14:15:43,163.33,15.0,238.38,32.0,160.12,34.0,301.27,37.0,200.85,75.04999999999998,49.0,69.0,22.24237105166838,118,-20.0,-23.0,-0.17,164.0,2.0
2025-04-08 14:15:44,160.2,30.0,237.19,54.0,159.08,156.0,238.13,30.0,198.69,76.99000000000001,186.0,84.0,23.99426660683884,270,102.0,152.0,0.38,161.0,2.0
2025-04-08 14:15:45,161.55,29.0,235.0,38.0,159.1,143.0,235.76,50.0,198.28,73.44999999999999,172.0,88.0,19.887736673639505,260,84.0,-10.0,0.32,161.8,5.0
2025-04-08 14:15:46,159.0,45.0,231.44,9.0,158.0,3.0,232.67,6.0,195.22,72.44,48.0,15.0,6.252461115432052,63,33.0,-168.0,0.52,159.5,2.0
2025-04-08 14:15:47,159.0,90.0,230.93,27.0,158.0,6.0,231.67,15.0,194.96,71.93,96.0,42.0,2.4923382595422163,138,54.0,75.0,0.39,159.5,
2025-04-08 14:15:48,159.0,225.0,196.21,38.0,158.0,15.0,204.25,32.0,177.61,37.21000000000001,240.0,70.0,8.744499413915081,310,170.0,168.0,0.55,159.5,
2025-04-08 14:15:49,159.04,158.0,191.09,87.0,158.78,54.0,192.28,39.0,175.06,32.05000000000001,212.0,126.0,10.970286231450132,338,86.0,28.0,0.25,159.0,8.0
2025-04-08 14:15:50,159.04,81.0,186.06,34.0,158.62,34.0,187.81,72.0,172.55,27.02000000000001,115.0,106.0,11.108962597827302,221,9.0,-117.0,0.04,159.5,2.0
2025-04-08 14:15:51,159.0,29.0,180.95,66.0,158.0,14.0,183.17,48.0,169.98,21.94999999999999,43.0,114.0,9.8799681173528,157,-71.0,-64.0,-0.45,159.0,5.0
2025-04-08 14:15:52,158.08,13.0,176.98,59.0,156.05,43.0,180.79,47.0,167.53,18.899999999999977,56.0,106.0,3.990893383678388,162,-50.0,5.0,-0.31,159.0,1.0
2025-04-08 14:15:53,158.0,11.0,171.0,22.0,156.0,44.0,172.92,52.0,164.5,13.0,55.0,74.0,4.136076643375745,129,-19.0,-33.0,-0.15,159.0,
2025-04-08 14:15:54,158.0,16.0,167.4,55.0,156.0,64.0,168.14,49.0,162.7,9.400000000000006,80.0,104.0,3.990058896792059,184,-24.0,55.0,-0.13,159.0,
2025-04-08 14:15:55,158.0,12.0,162.65,43.0,156.0,48.0,163.57,53.0,160.33,4.650000000000006,60.0,96.0,3.8258946665924505,156,-36.0,-28.0,-0.23,159.0,
2025-04-08 14:15:56,156.33,24.0,158.92,37.0,155.44,36.0,159.58,24.0,157.63,2.589999999999975,60.0,61.0,3.79998289467883,121,-1.0,-35.0,-0.01,158.0,1.0
2025-04-08 14:15:57,155.97,33.0,157.97,31.0,154.98,45.0,159.27,59.0,156.97,2.0,78.0,90.0,3.2225502323228583,168,-12.0,47.0,-0.07,155.75,8.0
2025-04-08 14:15:58,155.0,7.0,156.38,34.0,123.57,7.0,158.17,29.0,155.69,1.3799999999999957,14.0,63.0,2.8217157900535974,77,-49.0,-91.0,-0.64,155.75,
2025-04-08 14:15:59,151.8,10.0,155.75,40.0,128.52,29.0,170.26,31.0,153.78,3.9499999999999886,39.0,71.0,2.4237986714724142,110,-32.0,33.0,-0.29,154.33,3.0
2025-04-08 14:16:00,127.36,11.0,245.5,38.0,90.38,74.0,371.47,34.0,186.43,118.14,85.0,72.0,13.679886695431732,157,13.0,47.0,0.08,155.0,5.0
2025-04-08 14:16:05,141.08,13.0,361.07,27.0,133.15,13.0,267.33,12.0,251.08,219.99,26.0,39.0,49.01875386012842,65,-13.0,50.0,-0.2,147.0,3.0
2025-04-08 14:16:06,165.0,42.0,292.23,26.0,164.0,12.0,769.44,18.0,228.62,127.23000000000002,54.0,44.0,54.19792043980947,98,10.0,33.0,0.1,165.0,5.0
2025-04-08 14:16:07,165.0,5.0,237.0,20.0,164.0,5.0,671.0,10.0,201.0,72.0,10.0,30.0,49.64401393924507,40,-20.0,-58.0,-0.5,165.0,
2025-04-08 14:16:08,165.0,7.0,346.14,28.0,164.0,7.0,506.67,24.0,255.57,181.14,14.0,52.0,46.808167770166335,66,-38.0,26.0,-0.58,165.0,
2025-04-08 14:16:09,160.12,51.0,362.82,44.0,158.73,11.0,512.8,40.0,261.47,202.7,62.0,84.0,24.877877120046318,146,-22.0,80.0,-0.15,160.9,10.0
2025-04-08 14:16:10,160.5,12.0,203.74,43.0,157.0,12.0,235.58,48.0,182.12,43.24000000000001,24.0,91.0,34.240060309527415,115,-67.0,-31.0,-0.58,160.9,
2025-04-08 14:16:11,163.0,9.0,202.0,34.0,158.0,9.0,203.0,29.0,182.5,39.0,18.0,63.0,39.137562136648754,81,-45.0,-34.0,-0.56,160.9,
2025-04-08 14:16:12,160.83,12.0,201.0,36.0,157.08,12.0,202.0,48.0,180.92,40.16999999999999,24.0,84.0,42.05153183892387,108,-60.0,27.0,-0.56,160.5,2.0
2025-04-08 14:16:13,134.06,36.0,200.53,45.0,131.03,29.0,202.0,60.0,167.29,66.47,65.0,105.0,37.77035146778442,170,-40.0,62.0,-0.24,155.5,2.0
2025-04-08 14:16:14,128.63,43.0,197.6,53.0,120.7,92.0,199.35,52.0,163.12,68.97,135.0,105.0,9.251875485537685,240,30.0,70.0,0.12,155.5,
2025-04-08 14:16:15,125.65,52.0,195.84,38.0,81.18,56.0,196.75,32.0,160.75,70.19,108.0,70.0,10.143250465204812,178,38.0,-62.0,0.21,155.0,2.0
2025-04-08 14:16:16,162.0,32.0,194.5,24.0,123.0,72.0,220.35,31.0,178.25,32.5,104.0,55.0,9.048868990093434,159,49.0,-19.0,0.31,162.0,2.0
2025-04-08 14:16:17,122.9,51.0,190.8,25.0,59.87,23.0,193.84,19.0,156.85,67.9,74.0,44.0,8.19311418203465,118,30.0,-41.0,0.25,159.0,3.0
2025-04-08 14:16:18,156.5,10.0,190.3,30.0,63.82,51.0,191.31,29.0,173.4,33.80000000000001,61.0,59.0,8.989973859798582,120,2.0,2.0,0.02,156.0,3.0
2025-04-08 14:16:19,155.0,6.0,188.79,19.0,70.0,41.0,189.77,13.0,171.89,33.78999999999999,47.0,32.0,9.027453683064133,79,15.0,-41.0,0.19,156.0,
2025-04-08 14:16:20,159.87,118.0,186.24,42.0,133.78,36.0,187.33,46.0,173.06,26.370000000000005,154.0,88.0,8.110181872182478,242,66.0,163.0,0.27,160.0,3.0
2025-04-08 14:16:21,160.0,48.0,184.77,13.0,159.0,18.0,185.88,17.0,172.38,24.77000000000001,66.0,30.0,7.104775154772522,96,36.0,-146.0,0.38,160.0,
2025-04-08 14:16:22,160.0,56.0,182.16,25.0,159.0,33.0,183.17,41.0,171.08,22.16,89.0,66.0,0.9261857264520365,155,23.0,59.0,0.15,160.0,4.0
2025-04-08 14:16:23,160.0,24.0,178.55,40.0,159.0,33.0,179.64,33.0,169.28,18.55000000000001,57.0,73.0,1.4541045354032895,130,-16.0,-25.0,-0.12,160.0,2.0
2025-04-08 14:16:24,160.0,22.0,174.15,26.0,159.0,33.0,175.6,35.0,167.08,14.150000000000006,55.0,61.0,2.4279785830762224,116,-6.0,-14.0,-0.05,160.0,
2025-04-08 14:16:25,160.0,30.0,169.97,33.0,159.0,45.0,171.74,43.0,164.98,9.97,75.0,76.0,2.986134625208785,151,-1.0,35.0,-0.01,160.0,
2025-04-08 14:16:26,160.0,30.0,163.08,50.0,159.0,45.0,164.35,43.0,161.54,3.0800000000000125,75.0,93.0,3.72581803096485,168,-18.0,17.0,-0.11,160.0,
2025-04-08 14:16:27,159.31,26.0,202.3,30.0,158.33,36.0,217.11,38.0,180.8,42.99000000000001,62.0,68.0,7.32236846927755,130,-6.0,-38.0,-0.05,161.22,9.0
2025-04-08 14:16:28,159.0,15.0,189.0,15.0,158.0,20.0,445.53,17.0,174.0,30.0,35.0,32.0,7.704323461529476,67,3.0,-63.0,0.04,161.22,
2025-04-08 14:16:29,164.62,32.0,332.56,25.0,162.45,29.0,548.74,31.0,248.59,167.94,61.0,56.0,35.80739616336175,117,5.0,50.0,0.04,161.22,
2025-04-08 14:16:33,137.69,36.0,441.8,20.0,104.0,32.0,543.28,25.0,289.75,304.11,68.0,45.0,42.2650178043308,113,23.0,-8.0,0.2,161.22,
2025-04-08 14:16:34,139.29,17.0,256.5,12.0,107.72,18.0,333.6,10.0,197.9,117.21,35.0,22.0,62.48327720278731,57,13.0,-56.0,0.23,160.0,1.0
2025-04-08 14:16:35,138.43,7.0,179.0,8.0,127.88,17.0,241.6,10.0,158.71,40.56999999999999,24.0,18.0,81.42760312081043,42,6.0,-15.0,0.14,160.0,
2025-04-08 14:16:36,140.8,15.0,178.36,22.0,120.9,42.0,262.36,22.0,159.58,37.56,57.0,44.0,82.67803982920792,101,13.0,59.0,0.13,160.0,
2025-04-08 14:16:37,154.09,81.0,176.92,24.0,145.31,68.0,258.0,24.0,165.5,22.829999999999984,149.0,48.0,55.7342540095403,197,101.0,96.0,0.51,161.0,1.0
2025-04-08 14:16:38,161.0,49.0,175.43,14.0,159.0,56.0,258.0,14.0,168.21,14.430000000000009,105.0,28.0,16.108247887336123,133,77.0,-64.0,0.58,161.0,
2025-04-08 14:16:39,161.0,56.0,205.62,16.0,159.0,64.0,310.58,19.0,183.31,44.620000000000005,120.0,35.0,9.918309835846918,155,85.0,22.0,0.55,161.0,
2025-04-08 14:16:40,161.89,63.0,220.63,27.0,159.0,72.0,391.77,22.0,191.26,58.74000000000001,135.0,49.0,13.203960390726792,184,86.0,29.0,0.47,161.0,
2025-04-08 14:16:41,164.0,70.0,222.86,29.0,159.13,77.0,317.61,23.0,193.43,58.860000000000014,147.0,52.0,12.9110212609192,199,95.0,15.0,0.48,161.0,
2025-04-08 14:16:42,164.82,77.0,205.0,22.0,161.0,55.0,366.0,26.0,184.91,40.18000000000001,132.0,48.0,9.89962019473081,180,84.0,-19.0,0.47,161.0,
2025-04-08 14:16:43,165.0,68.0,184.6,20.0,161.0,50.0,316.0,30.0,174.8,19.599999999999994,118.0,50.0,7.343158039966662,168,68.0,-12.0,0.4,165.0,2.0
2025-04-08 14:16:44,165.0,35.0,183.25,20.0,160.0,49.0,296.89,19.0,174.12,18.25,84.0,39.0,9.003845289648208,123,45.0,-45.0,0.37,165.0,
2025-04-08 14:16:45,165.0,50.0,180.89,47.0,160.0,70.0,182.26,23.0,172.95,15.889999999999986,120.0,70.0,8.885115080847685,190,50.0,67.0,0.26,165.0,
2025-04-08 14:16:46,165.0,55.0,178.48,25.0,161.07,45.0,180.04,52.0,171.74,13.47999999999999,100.0,77.0,5.276706359073914,177,23.0,-13.0,0.13,165.0,
2025-04-08 14:16:47,165.0,35.0,175.9,20.0,162.0,21.0,176.89,18.0,170.45,10.900000000000006,56.0,38.0,1.7614113658882953,94,18.0,-83.0,0.19,165.0,
2025-04-08 14:16:48,165.0,50.0,172.74,23.0,163.96,147.0,173.16,25.0,168.87,7.740000000000009,197.0,48.0,2.059400398144114,245,149.0,151.0,0.61,165.0,
2025-04-08 14:16:49,164.21,117.0,166.19,37.0,163.6,103.0,167.53,15.0,165.2,1.9799999999999895,220.0,52.0,3.005190509746372,272,168.0,27.0,0.62,164.5,10.0
2025-04-08 14:16:50,164.0,99.0,165.67,18.0,163.0,45.0,166.71,21.0,164.83,1.6699999999999875,144.0,39.0,3.098317285215271,183,105.0,-89.0,0.57,164.5,
2025-04-08 14:16:51,164.0,56.0,303.21,14.0,163.0,40.0,405.33,24.0,233.61,139.20999999999998,96.0,38.0,29.73435756830656,134,58.0,-49.0,0.43,164.0,7.0
2025-04-08 14:16:52,164.0,24.0,370.67,18.0,163.0,30.0,501.67,24.0,267.33,206.67,54.0,42.0,47.6445214059285,96,12.0,-38.0,0.12,164.0,
2025-04-08 14:16:53,164.0,28.0,418.83,29.0,163.0,35.0,612.13,30.0,291.41,254.83,63.0,59.0,58.033061956095935,122,4.0,26.0,0.03,164.0,
2025-04-08 14:16:54,164.0,44.0,247.73,33.0,163.0,55.0,344.82,44.0,205.86,83.72999999999999,99.0,77.0,49.933979613086095,176,22.0,54.0,0.12,164.0,
2025-04-08 14:16:55,164.0,28.0,246.29,31.0,163.0,35.0,312.96,24.0,205.15,82.28999999999999,63.0,55.0,38.1069327025953,118,8.0,-58.0,0.07,164.0,
2025-04-08 14:16:56,163.9,49.0,228.89,56.0,162.95,58.0,270.0,50.0,196.4,64.98999999999998,107.0,106.0,43.13286044305548,213,1.0,95.0,0.0,164.0,
2025-04-08 14:16:57,163.92,179.0,232.0,75.0,162.57,35.0,459.73,60.0,197.96,68.08000000000001,214.0,135.0,40.49845095803109,349,79.0,136.0,0.23,163.0,3.0
2025-04-08 14:16:58,164.0,156.0,231.22,46.0,162.0,33.0,266.42,53.0,197.61,67.22,189.0,99.0,4.525475665604695,288,90.0,-61.0,0.31,164.0,3.0
2025-04-08 14:16:59,164.57,210.0,229.63,68.0,163.8,75.0,230.63,67.0,197.1,65.06,285.0,135.0,3.5736717812319965,420,150.0,132.0,0.36,164.0,
2025-04-08 14:17:00,165.0,132.0,227.18,44.0,164.0,66.0,229.0,55.0,196.09,62.18000000000001,198.0,99.0,0.7884605253068937,297,99.0,-123.0,0.33,164.0,
2025-04-08 14:17:01,165.0,28.0,225.0,15.0,164.0,18.0,226.0,12.0,195.0,60.0,46.0,27.0,1.2066772559247982,73,19.0,-168.0,0.26,165.0,4.0
2025-04-08 14:17:02,165.0,64.0,224.64,39.0,164.0,48.0,225.61,33.0,194.82,59.63999999999999,112.0,72.0,1.237509595907807,184,40.0,111.0,0.22,165.0,
2025-04-08 14:17:03,165.0,56.0,222.12,41.0,164.0,60.0,223.08,49.0,193.56,57.120000000000005,116.0,90.0,1.3426764315950963,206,26.0,22.0,0.13,165.0,3.0
2025-04-08 14:17:04,165.0,55.0,222.0,44.0,164.0,66.0,223.0,55.0,193.5,57.0,121.0,99.0,1.086268843315655,220,22.0,14.0,0.1,165.0,
2025-04-08 14:17:05,165.0,40.0,220.88,32.0,164.0,48.0,223.0,40.0,192.94,55.88,88.0,72.0,0.8990439366104632,160,16.0,-60.0,0.1,165.0,
2025-04-08 14:17:06,165.0,38.0,218.33,51.0,164.0,72.0,221.42,57.0,191.67,53.33000000000001,110.0,108.0,1.1406664718284836,218,2.0,58.0,0.01,165.0,2.0
2025-04-08 14:17:07,164.64,33.0,215.3,40.0,163.82,51.0,217.0,50.0,189.97,50.660000000000025,84.0,90.0,1.5214368208868043,174,-6.0,-44.0,-0.03,164.6,5.0
2025-04-08 14:17:08,163.76,42.0,210.0,50.0,162.64,56.0,215.74,76.0,186.88,46.24000000000001,98.0,126.0,2.66915155057657,224,-28.0,50.0,-0.12,163.8,5.0
2025-04-08 14:17:09,163.0,34.0,210.97,74.0,162.0,68.0,212.3,46.0,186.99,47.97,102.0,120.0,2.7270588552395725,222,-18.0,-2.0,-0.08,163.8,
2025-04-08 14:17:10,163.0,28.0,208.5,40.0,162.0,56.0,209.89,47.0,185.75,45.5,84.0,87.0,2.468262546799941,171,-3.0,-51.0,-0.02,163.8,
2025-04-08 14:17:11,163.39,23.0,205.98,41.0,162.18,34.0,208.45,22.0,184.68,42.59,57.0,63.0,1.979502462723957,120,-6.0,-51.0,-0.05,163.8,
2025-04-08 14:17:12,164.85,39.0,202.66,44.0,163.68,44.0,203.76,50.0,183.75,37.81,83.0,94.0,1.401909412168154,177,-11.0,57.0,-0.06,163.8,
2025-04-08 14:17:13,164.25,28.0,194.53,38.0,163.11,38.0,197.22,36.0,179.39,30.28,66.0,74.0,2.903311901935483,140,-8.0,-37.0,-0.06,164.1,10.0
2025-04-08 14:17:14,162.0,23.0,187.31,65.0,160.0,98.0,190.38,61.0,174.65,25.31,121.0,126.0,4.59642034630332,247,-5.0,107.0,-0.02,162.0,3.0
2025-04-08 14:17:15,162.0,5.0,186.0,25.0,160.0,35.0,188.0,20.0,174.0,24.0,40.0,45.0,4.961535044711717,85,-5.0,-162.0,-0.06,162.0,
2025-04-08 14:17:16,162.0,10.0,184.5,50.0,160.0,70.0,188.0,40.0,173.25,22.5,80.0,90.0,4.46820098024855,170,-10.0,85.0,-0.06,162.0,
2025-04-08 14:17:17,162.0,6.0,183.71,28.0,160.0,42.0,186.46,26.0,172.86,21.710000000000008,48.0,54.0,2.640653328228852,102,-6.0,-68.0,-0.06,162.0,
2025-04-08 14:17:18,160.05,43.0,181.71,34.0,159.14,49.0,183.58,38.0,170.88,21.66,92.0,72.0,1.4332724792864533,164,20.0,62.0,0.12,161.0,2.0
2025-04-08 14:17:19,160.0,96.0,178.34,47.0,159.0,84.0,179.18,49.0,169.17,18.340000000000003,180.0,96.0,1.9723260379247527,276,84.0,112.0,0.3,161.0,
2025-04-08 14:17:20,160.0,81.0,176.0,18.0,159.0,54.0,177.0,36.0,168.0,16.0,135.0,54.0,2.2772944473369203,189,81.0,-87.0,0.43,161.0,
2025-04-08 14:17:21,160.0,73.0,173.93,29.0,159.0,54.0,175.38,26.0,166.97,13.930000000000009,127.0,55.0,2.341202682355159,182,72.0,-7.0,0.4,160.0,2.0
2025-04-08 14:17:22,160.0,43.0,171.05,37.0,159.0,66.0,172.19,42.0,165.53,11.050000000000011,109.0,79.0,2.04722983562218,188,30.0,6.0,0.16,160.0,
2025-04-08 14:17:23,160.0,35.0,166.55,44.0,158.89,81.0,167.43,42.0,163.27,6.550000000000011,116.0,86.0,2.287732501813978,202,30.0,14.0,0.15,160.0,2.0
2025-04-08 14:17:24,160.0,21.0,163.83,24.0,159.0,70.0,165.14,28.0,161.92,3.830000000000013,91.0,52.0,2.527146612258732,143,39.0,-59.0,0.27,160.0,
2025-04-08 14:17:25,159.11,53.0,160.77,26.0,158.33,60.0,170.11,19.0,159.94,1.6599999999999966,113.0,45.0,2.800951623974408,158,68.0,15.0,0.43,159.5,6.0
2025-04-08 14:17:26,159.0,34.0,191.44,39.0,158.0,108.0,279.61,36.0,175.22,32.44,142.0,75.0,5.971961989149872,217,67.0,59.0,0.31,159.0,4.0
2025-04-08 14:17:27,159.0,21.0,194.86,35.0,158.0,105.0,212.14,35.0,176.93,35.860000000000014,126.0,70.0,7.979607133177629,196,56.0,-21.0,0.29,159.0,
2025-04-08 14:17:28,158.21,76.0,160.3,50.0,157.91,94.0,170.9,50.0,159.26,2.0900000000000034,170.0,100.0,8.676582276441367,270,70.0,74.0,0.26,159.0,3.0
2025-04-08 14:17:29,158.0,84.0,405.08,38.0,156.0,9.0,453.81,32.0,281.54,247.08,93.0,70.0,51.51632187957468,163,23.0,-107.0,0.14,159.0,15.0
2025-04-08 14:17:30,162.31,78.0,416.61,54.0,159.41,102.0,506.24,51.0,289.46,254.3,180.0,105.0,63.442104473291536,285,75.0,122.0,0.26,159.0,
2025-04-08 14:17:31,163.0,44.0,184.3,40.0,162.0,66.0,280.14,37.0,173.65,21.30000000000001,110.0,77.0,63.70073994860685,187,33.0,-98.0,0.18,159.0,
2025-04-08 14:17:32,163.0,47.0,183.08,48.0,161.94,62.0,196.25,36.0,173.04,20.080000000000013,109.0,84.0,64.32051461236946,193,25.0,6.0,0.13,163.0,1.0
2025-04-08 14:17:33,163.0,39.0,175.51,47.0,161.38,13.0,200.34,44.0,169.26,12.509999999999993,52.0,91.0,62.26137325822521,143,-39.0,-50.0,-0.27,163.0,
2025-04-08 14:17:34,163.0,42.0,167.43,56.0,162.0,14.0,370.86,42.0,165.21,4.430000000000007,56.0,98.0,53.40156954622174,154,-42.0,11.0,-0.27,163.0,
2025-04-08 14:17:35,163.73,22.0,165.0,40.0,162.92,26.0,321.2,30.0,164.36,1.2700000000000102,48.0,70.0,4.296839536202032,118,-22.0,-36.0,-0.19,163.0,
2025-04-08 14:17:36,163.0,35.0,186.36,25.0,162.0,11.0,247.27,33.0,174.68,23.360000000000014,46.0,58.0,4.584342919096437,104,-12.0,-14.0,-0.12,164.0,2.0
2025-04-08 14:17:37,162.0,11.0,185.18,22.0,160.0,11.0,187.0,33.0,173.59,23.180000000000007,22.0,55.0,4.701324281505163,77,-33.0,-27.0,-0.43,163.0,5.0
2025-04-08 14:17:38,162.0,9.0,184.89,18.0,160.0,9.0,405.2,15.0,173.44,22.889999999999983,18.0,33.0,5.026184437510521,51,-15.0,-26.0,-0.29,163.0,
2025-04-08 14:17:39,162.0,11.0,182.73,22.0,160.0,11.0,376.26,38.0,172.36,20.72999999999999,22.0,60.0,4.177030045364526,82,-38.0,31.0,-0.46,163.0,
2025-04-08 14:17:40,161.33,12.0,181.07,54.0,159.5,16.0,202.54,26.0,171.2,19.73999999999998,28.0,80.0,1.3227925006903989,108,-52.0,26.0,-0.48,160.33,3.0
2025-04-08 14:17:41,159.0,11.0,180.19,52.0,158.0,88.0,181.16,25.0,169.6,21.19,99.0,77.0,1.6676390496385145,176,22.0,68.0,0.12,160.33,
2025-04-08 14:17:42,158.1,31.0,176.94,16.0,157.55,31.0,178.05,39.0,167.52,18.840000000000003,62.0,55.0,2.332312157468428,117,7.0,-59.0,0.06,158.2,5.0
2025-04-08 14:17:43,158.0,44.0,173.88,16.0,156.0,11.0,174.76,17.0,165.94,15.879999999999995,55.0,33.0,2.622914409558549,88,22.0,-29.0,0.25,158.2,
2025-04-08 14:17:44,158.0,30.0,171.0,17.0,156.0,10.0,171.89,28.0,164.5,13.0,40.0,45.0,2.7026135498558443,85,-5.0,-3.0,-0.06,158.2,
2025-04-08 14:17:45,163.0,48.0,169.75,24.0,158.0,37.0,171.0,60.0,166.38,6.75,85.0,84.0,1.908119493077178,169,1.0,84.0,0.01,163.0,1.0
2025-04-08 14:17:46,163.39,44.0,166.59,44.0,159.47,51.0,169.05,44.0,164.99,3.200000000000017,95.0,88.0,1.1872994566906572,183,7.0,14.0,0.04,164.0,1.0
2025-04-08 14:17:47,163.62,24.0,165.29,35.0,160.14,35.0,170.0,30.0,164.46,1.6699999999999875,59.0,65.0,0.8670524781440918,124,-6.0,-59.0,-0.05,163.6,5.0
2025-04-08 14:17:48,163.0,7.0,179.95,19.0,158.0,28.0,196.79,19.0,171.47,16.94999999999999,35.0,38.0,2.9605320467543708,73,-3.0,-51.0,-0.04,163.6,
2025-04-08 14:17:49,157.75,20.0,184.0,20.0,155.05,80.0,185.0,30.0,170.88,26.25,100.0,50.0,3.3124356597319733,150,50.0,77.0,0.33,159.0,5.0
2025-04-08 14:17:50,159.6,40.0,181.65,34.0,158.93,83.0,241.21,28.0,170.62,22.05000000000001,123.0,62.0,3.450366647164749,185,61.0,35.0,0.33,159.0,1.0
2025-04-08 14:17:51,162.0,11.0,177.27,22.0,159.82,110.0,179.0,44.0,169.64,15.27000000000001,121.0,66.0,2.847100279208683,187,55.0,2.0,0.29,159.0,
2025-04-08 14:17:52,162.0,14.0,172.46,48.0,160.0,140.0,174.67,42.0,167.23,10.460000000000008,154.0,90.0,1.667114273189498,244,64.0,57.0,0.26,159.0,
2025-04-08 14:17:53,162.0,7.0,166.8,20.0,160.0,154.0,167.25,24.0,164.4,4.800000000000011,161.0,44.0,2.732522643980676,205,117.0,-39.0,0.57,159.0,
2025-04-08 14:17:54,162.0,5.0,164.11,18.0,160.0,110.0,165.33,12.0,163.06,2.1100000000000136,115.0,30.0,3.2561480310117386,145,85.0,-60.0,0.59,159.0,
2025-04-08 14:17:55,160.01,237.0,161.36,50.0,159.05,44.0,162.62,32.0,160.68,1.3500000000000227,281.0,82.0,3.510287737473176,363,199.0,168.0,0.55,160.4,5.0
2025-04-08 14:17:56,160.0,162.0,208.91,33.0,158.0,18.0,268.5,24.0,184.45,48.91,180.0,57.0,9.514921439500432,237,123.0,-126.0,0.52,161.33,6.0
2025-04-08 14:17:57,160.73,110.0,299.73,11.0,159.8,100.0,331.35,26.0,230.23,139.00000000000003,210.0,37.0,29.34642618786672,247,173.0,10.0,0.7,161.33,
2025-04-08 14:17:58,164.0,44.0,206.0,11.0,161.07,28.0,295.04,23.0,185.0,42.0,72.0,34.0,27.92123797398541,106,38.0,-141.0,0.36,161.33,
2025-04-08 14:17:59,161.71,31.0,205.1,10.0,160.02,108.0,218.0,20.0,183.4,43.38999999999999,139.0,30.0,25.346056300733245,169,109.0,63.0,0.64,163.8,5.0
2025-04-08 14:18:00,160.0,96.0,204.0,6.0,158.0,12.0,218.0,12.0,182.0,44.0,108.0,18.0,20.83467134369906,126,90.0,-43.0,0.71,163.8,
2025-04-08 14:18:01,160.0,160.0,201.6,10.0,158.0,20.0,220.15,13.0,180.8,41.6,180.0,23.0,21.26924963415381,203,157.0,77.0,0.77,163.8,
2025-04-08 14:18:02,160.0,160.0,199.62,16.0,158.0,20.0,200.43,14.0,179.81,39.620000000000005,180.0,30.0,2.061072536306227,210,150.0,7.0,0.71,163.8,
2025-04-08 14:18:03,160.0,140.0,197.17,12.0,158.0,18.0,198.8,15.0,178.58,37.16999999999999,158.0,27.0,1.873424671533688,185,131.0,-25.0,0.71,160.0,4.0
2025-04-08 14:18:04,160.0,105.0,193.84,19.0,158.0,18.0,194.7,23.0,176.92,33.84,123.0,42.0,1.966245152544933,165,81.0,-20.0,0.49,160.0,1.0
2025-04-08 14:18:05,160.0,78.0,189.29,21.0,158.0,18.0,192.5,24.0,174.64,29.289999999999992,96.0,45.0,2.439057194881086,141,51.0,-24.0,0.36,160.0,3.0
2025-04-08 14:18:06,160.0,73.0,188.42,33.0,158.0,38.0,189.0,22.0,174.21,28.419999999999987,111.0,55.0,2.429582268600179,166,56.0,25.0,0.34,160.0,5.0
2025-04-08 14:18:07,160.0,27.0,185.09,11.0,158.0,36.0,186.12,16.0,172.55,25.090000000000003,63.0,27.0,2.373657515289663,90,36.0,-76.0,0.4,160.0,
2025-04-08 14:18:08,160.0,36.0,175.0,24.0,158.0,48.0,179.75,28.0,167.5,15.0,84.0,52.0,3.5298059436579465,136,32.0,46.0,0.24,160.0,
2025-04-08 14:18:09,160.0,44.0,164.36,36.0,158.0,60.0,165.4,43.0,162.18,4.360000000000014,104.0,79.0,5.313316290215761,183,25.0,47.0,0.14,160.0,1.0
2025-04-08 14:18:10,160.6,50.0,162.22,18.0,158.97,78.0,163.3,57.0,161.41,1.6200000000000043,128.0,75.0,5.828649071599914,203,53.0,20.0,0.26,161.0,10.0
2025-04-08 14:18:11,160.0,16.0,161.29,17.0,159.0,64.0,162.87,23.0,160.65,1.289999999999992,80.0,40.0,5.072343639763835,120,40.0,-83.0,0.33,161.0,
2025-04-08 14:18:12,159.03,58.0,161.07,14.0,158.2,40.0,445.94,33.0,160.05,2.039999999999992,98.0,47.0,2.9839018080096915,145,51.0,25.0,0.35,159.5,4.0
2025-04-08 14:18:15,158.54,13.0,275.12,41.0,157.68,62.0,486.78,45.0,216.83,116.58,75.0,86.0,96.9833089763396,161,-11.0,30.0,-0.07,158.25,4.0
2025-04-08 14:18:16,159.0,26.0,229.14,44.0,158.0,39.0,247.96,49.0,194.07,70.13999999999999,65.0,93.0,90.38800185865476,158,-28.0,-3.0,-0.18,158.25,
2025-04-08 14:18:17,158.29,34.0,226.54,52.0,156.42,71.0,242.54,65.0,192.42,68.25,105.0,117.0,82.75479532933542,222,-12.0,64.0,-0.05,159.0,2.0
2025-04-08 14:18:18,157.66,35.0,224.59,41.0,155.78,72.0,233.0,40.0,191.12,66.93,107.0,81.0,68.89074487912058,188,26.0,-34.0,0.14,157.6,5.0
2025-04-08 14:18:19,156.26,92.0,221.86,79.0,155.12,194.0,223.33,83.0,189.06,65.60000000000002,286.0,162.0,11.401295978964876,448,124.0,168.0,0.28,157.6,
2025-04-08 14:18:20,157.2,20.0,221.0,35.0,155.31,52.0,222.0,28.0,189.1,63.80000000000001,72.0,63.0,2.1627944886050106,135,9.0,-168.0,0.07,156.0,2.0
2025-04-08 14:18:21,162.0,7.0,219.62,29.0,157.64,44.0,221.12,34.0,190.81,57.620000000000005,51.0,63.0,1.431824011510443,114,-12.0,-21.0,-0.11,156.0,
2025-04-08 14:18:22,162.0,12.0,218.53,53.0,159.02,135.0,220.27,55.0,190.26,56.53,147.0,108.0,0.9548821916531488,255,39.0,141.0,0.15,156.0,
2025-04-08 14:18:23,160.14,14.0,215.34,58.0,159.02,159.0,218.49,59.0,187.74,55.20000000000002,173.0,117.0,1.1925518856359678,290,56.0,35.0,0.19,160.67,3.0
2025-04-08 14:18:24,160.0,11.0,215.69,51.0,159.0,132.0,217.75,48.0,187.84,55.69,143.0,99.0,1.386939075782724,242,44.0,-48.0,0.18,160.67,
2025-04-08 14:18:25,160.0,13.0,214.56,57.0,159.0,156.0,215.67,60.0,187.28,54.56,169.0,117.0,1.6222145357293978,286,52.0,44.0,0.18,160.67,
2025-04-08 14:18:26,161.61,82.0,212.47,68.0,158.68,114.0,214.48,58.0,187.04,50.85999999999999,196.0,126.0,1.2879906831685757,322,70.0,36.0,0.22,159.25,4.0
2025-04-08 14:18:27,164.0,57.0,209.0,55.0,159.0,108.0,210.09,53.0,186.5,45.0,165.0,108.0,0.5457105459182185,273,57.0,-49.0,0.21,164.0,3.0
2025-04-08 14:18:28,164.0,40.0,207.0,50.0,159.0,90.0,208.0,40.0,185.5,43.0,130.0,90.0,0.8866340845719556,220,40.0,-53.0,0.18,164.0,
2025-04-08 14:18:29,161.89,47.0,176.2,44.0,158.81,77.0,190.5,48.0,169.05,14.310000000000002,124.0,92.0,7.869484099984659,216,32.0,-4.0,0.15,163.0,5.0
2025-04-08 14:18:30,162.0,36.0,164.46,48.0,159.4,60.0,180.57,53.0,163.23,2.460000000000008,96.0,101.0,11.27085311766126,197,-5.0,-19.0,-0.03,163.0,3.0
2025-04-08 14:18:31,159.44,32.0,161.67,24.0,158.7,80.0,242.53,34.0,160.55,2.2299999999999898,112.0,58.0,12.293820805586671,170,54.0,-27.0,0.32,160.0,3.0
2025-04-08 14:18:32,159.0,72.0,165.07,30.0,156.0,32.0,330.0,20.0,162.03,6.069999999999993,104.0,50.0,10.261857531648856,154,54.0,-16.0,0.35,160.0,4.0
2025-04-08 14:18:33,159.0,36.0,358.75,8.0,156.0,16.0,504.0,16.0,258.88,199.75,52.0,24.0,42.68095500337253,76,28.0,-78.0,0.37,160.0,
2025-04-08 14:18:34,159.0,34.0,361.5,12.0,156.0,24.0,504.0,24.0,260.25,202.5,58.0,36.0,53.48385849955084,94,22.0,18.0,0.23,159.0,6.0
2025-04-08 14:18:35,159.0,24.0,336.75,16.0,156.0,32.0,504.0,32.0,247.88,177.75,56.0,48.0,51.91859271975732,104,8.0,10.0,0.08,159.0,
2025-04-08 14:18:36,159.0,33.0,406.21,28.0,156.0,44.0,526.63,38.0,282.61,247.21,77.0,66.0,46.62724471808436,143,11.0,39.0,0.08,159.0,
2025-04-08 14:18:37,159.7,40.0,355.64,45.0,157.7,37.0,484.71,42.0,257.67,195.94,77.0,87.0,12.788896355831287,164,-10.0,21.0,-0.06,159.0,
2025-04-08 14:18:38,160.0,24.0,309.0,8.0,159.0,18.0,486.42,19.0,234.5,149.0,42.0,27.0,17.716054018888556,69,15.0,-95.0,0.22,159.0,
2025-04-08 14:18:39,160.0,33.0,251.0,10.0,159.0,21.0,426.91,11.0,205.5,91.0,54.0,21.0,28.512445878951493,75,33.0,6.0,0.44,159.0,
2025-04-08 14:18:40,161.0,30.0,441.12,34.0,158.22,67.0,476.16,19.0,301.06,280.12,97.0,53.0,37.92566901189979,150,44.0,75.0,0.29,161.5,8.0
2025-04-08 14:18:41,159.0,7.0,448.0,25.0,158.0,60.0,711.0,10.0,303.5,289.0,67.0,35.0,42.43556268037684,102,32.0,-48.0,0.31,159.0,2.0
2025-04-08 14:18:42,159.0,3.0,418.67,12.0,158.0,36.0,567.56,9.0,288.83,259.67,39.0,21.0,44.17823015921093,60,18.0,-42.0,0.3,159.0,
2025-04-08 14:18:43,158.76,49.0,271.09,44.0,157.93,112.0,339.69,26.0,214.92,112.32999999999998,161.0,70.0,48.408820683840254,231,91.0,168.0,0.39,159.0,
2025-04-08 14:18:44,159.0,23.0,257.76,33.0,158.0,120.0,267.83,35.0,208.38,98.76,143.0,68.0,47.56695827988376,211,75.0,-20.0,0.36,159.0,3.0
2025-04-08 14:18:45,161.95,114.0,246.18,39.0,158.57,28.0,247.0,27.0,204.06,84.23000000000002,142.0,66.0,48.11339231440797,208,76.0,-3.0,0.37,162.0,3.0
2025-04-08 14:18:46,162.0,66.0,242.07,28.0,159.0,12.0,243.77,26.0,202.04,80.07,78.0,54.0,36.77151859795918,132,24.0,-76.0,0.18,162.0,
2025-04-08 14:18:47,162.0,99.0,240.08,37.0,159.0,18.0,240.95,44.0,201.04,78.08000000000001,117.0,81.0,5.684163966670419,198,36.0,66.0,0.18,162.0,
2025-04-08 14:18:48,162.02,129.0,236.04,26.0,160.36,44.0,239.4,53.0,199.03,74.01999999999998,173.0,79.0,3.554982419082108,252,94.0,54.0,0.37,162.0,1.0
2025-04-08 14:18:49,163.0,10.0,233.44,18.0,162.0,100.0,234.94,34.0,198.22,70.44,110.0,52.0,2.3442312172598414,162,58.0,-90.0,0.36,162.0,
2025-04-08 14:18:50,162.03,72.0,232.66,32.0,161.09,35.0,233.19,21.0,197.34,70.63,107.0,53.0,1.958463683597618,160,54.0,-2.0,0.34,163.0,1.0
2025-04-08 14:18:51,162.0,80.0,201.06,18.0,160.25,16.0,229.26,35.0,181.53,39.06,96.0,53.0,7.891043657207585,149,43.0,-11.0,0.29,163.0,
2025-04-08 14:18:52,162.0,120.0,185.86,51.0,160.0,36.0,198.47,32.0,173.93,23.860000000000014,156.0,83.0,11.543073680780896,239,73.0,90.0,0.31,163.0,
2025-04-08 14:18:53,162.0,141.0,182.57,69.0,160.0,45.0,183.32,25.0,172.28,20.569999999999997,186.0,94.0,12.478483481574091,280,92.0,41.0,0.33,162.0,3.0
2025-04-08 14:18:54,162.0,50.0,177.75,40.0,160.0,30.0,179.71,35.0,169.88,15.75,80.0,75.0,11.1444367286955,155,5.0,-125.0,0.03,162.0,5.0
2025-04-08 14:18:55,160.25,16.0,175.31,26.0,159.18,17.0,176.35,31.0,167.78,15.060000000000002,33.0,57.0,5.270080644532499,90,-24.0,-65.0,-0.27,161.33,3.0
2025-04-08 14:18:56,160.0,40.0,171.23,35.0,159.0,34.0,173.34,38.0,165.61,11.22999999999999,74.0,73.0,3.3467939882616955,147,1.0,57.0,0.01,161.33,
2025-04-08 14:18:57,160.0,50.0,165.86,28.0,159.0,20.0,168.88,24.0,162.93,5.860000000000014,70.0,52.0,3.63511072731721,122,18.0,-25.0,0.15,161.33,
2025-04-08 14:18:58,159.94,33.0,161.55,31.0,158.59,34.0,163.36,28.0,160.74,1.6100000000000136,67.0,59.0,3.6604193748597007,126,8.0,4.0,0.06,160.0,5.0
2025-04-08 14:18:59,158.02,104.0,208.85,34.0,156.6,47.0,426.62,32.0,183.44,50.829999999999984,151.0,66.0,8.979373586161682,217,85.0,91.0,0.39,158.25,8.0
2025-04-08 14:19:04,160.92,24.0,330.33,18.0,159.18,11.0,588.95,20.0,245.62,169.41,35.0,38.0,62.8358629287488,73,-3.0,-15.0,-0.04,162.6,5.0
2025-04-08 14:19:05,158.0,63.0,215.78,27.0,156.0,27.0,339.9,20.0,186.89,57.78,90.0,47.0,90.5069800070711,137,43.0,64.0,0.31,162.6,
2025-04-08 14:19:06,159.32,19.0,201.29,21.0,157.71,41.0,215.14,21.0,180.3,41.97,60.0,42.0,99.53505076102712,102,18.0,-35.0,0.18,162.6,
2025-04-08 14:19:07,161.4,10.0,199.0,21.0,158.19,43.0,215.0,21.0,180.2,37.6,53.0,42.0,73.67717373786877,95,11.0,-7.0,0.12,162.6,
2025-04-08 14:19:08,159.0,26.0,197.58,26.0,158.0,81.0,199.18,51.0,178.29,38.58000000000001,107.0,77.0,28.895382849167905,184,30.0,89.0,0.16,159.0,2.0
2025-04-08 14:19:09,159.45,29.0,195.4,20.0,157.86,83.0,197.35,40.0,177.42,35.95000000000002,112.0,60.0,3.716873686304509,172,52.0,-12.0,0.3,159.0,2.0
2025-04-08 14:19:10,158.11,57.0,192.44,18.0,156.63,35.0,195.0,27.0,175.27,34.329999999999984,92.0,45.0,2.095550047108284,137,47.0,-35.0,0.34,159.2,5.0
2025-04-08 14:19:11,158.0,98.0,191.0,42.0,156.0,42.0,192.0,28.0,174.5,33.0,140.0,70.0,2.303851123647505,210,70.0,73.0,0.33,159.2,
2025-04-08 14:19:12,159.48,44.0,190.73,45.0,157.74,27.0,191.65,34.0,175.11,31.25,71.0,79.0,1.6405700228666549,150,-8.0,-60.0,-0.05,159.2,
2025-04-08 14:19:13,162.0,24.0,188.09,33.0,159.0,12.0,189.08,36.0,175.05,26.090000000000003,36.0,69.0,1.1279849289448272,105,-33.0,-45.0,-0.31,159.2,
2025-04-08 14:19:14,164.0,18.0,186.0,18.0,159.0,9.0,187.0,27.0,175.0,22.0,27.0,45.0,0.2900517193970082,72,-18.0,-33.0,-0.25,159.2,
2025-04-08 14:19:15,165.0,18.0,184.6,20.0,163.0,9.0,186.77,26.0,174.8,19.599999999999994,27.0,46.0,0.2481330286859509,73,-19.0,1.0,-0.26,159.2,
2025-04-08 14:19:16,162.69,35.0,182.64,25.0,161.29,7.0,184.71,17.0,172.66,19.94999999999999,42.0,42.0,1.0484893895141207,84,0.0,11.0,0.0,164.33,3.0
2025-04-08 14:19:17,162.0,52.0,178.61,28.0,159.0,13.0,179.44,32.0,170.3,16.610000000000014,65.0,60.0,2.07779209737659,125,5.0,41.0,0.04,162.0,5.0
2025-04-08 14:19:18,162.0,32.0,174.3,20.0,159.0,8.0,175.64,25.0,168.15,12.300000000000011,40.0,45.0,2.9505287661563657,85,-5.0,-40.0,-0.06,162.0,
2025-04-08 14:19:19,159.39,46.0,171.58,31.0,156.75,16.0,172.77,26.0,165.49,12.190000000000026,62.0,57.0,3.65978824522816,119,5.0,34.0,0.04,159.89,9.0
2025-04-08 14:19:20,158.0,18.0,169.0,24.0,156.0,12.0,171.0,18.0,163.5,11.0,30.0,42.0,3.6597882452271935,72,-12.0,-47.0,-0.17,159.89,
2025-04-08 14:19:21,157.5,24.0,168.08,48.0,155.2,60.0,171.0,36.0,162.79,10.580000000000013,84.0,84.0,3.1589602719719445,168,0.0,96.0,0.0,157.5,4.0
2025-04-08 14:19:22,155.25,20.0,166.0,26.0,153.71,49.0,167.3,30.0,160.62,10.75,69.0,56.0,2.851341789384613,125,13.0,-43.0,0.1,155.2,5.0
2025-04-08 14:19:23,164.0,75.0,165.13,23.0,159.06,53.0,214.77,31.0,164.57,1.1299999999999957,128.0,54.0,1.8605993657659945,182,74.0,57.0,0.41,164.0,7.0
2025-04-08 14:19:24,164.0,27.0,445.96,23.0,158.0,33.0,482.26,23.0,304.98,281.96,60.0,46.0,63.56995650462549,106,14.0,-76.0,0.13,164.0,1.0
2025-04-08 14:19:25,157.0,18.0,326.26,46.0,152.48,77.0,442.8,45.0,241.63,169.26,95.0,91.0,64.62433187275536,186,4.0,80.0,0.02,158.5,6.0
2025-04-08 14:19:26,148.03,31.0,389.0,36.0,96.1,40.0,646.11,18.0,268.52,240.97,71.0,54.0,63.86896061468426,125,17.0,-61.0,0.14,158.5,
2025-04-08 14:19:27,161.67,36.0,398.32,44.0,159.48,84.0,565.46,26.0,279.99,236.65,120.0,70.0,53.88588284514009,190,50.0,65.0,0.26,158.5,
2025-04-08 14:19:28,163.0,12.0,202.0,18.0,160.0,48.0,405.0,14.0,182.5,39.0,60.0,32.0,46.74110856623079,92,28.0,-98.0,0.3,158.5,
2025-04-08 14:19:29,163.0,18.0,260.97,29.0,160.0,72.0,356.88,32.0,211.98,97.97000000000004,90.0,61.0,40.18491296494391,151,29.0,59.0,0.19,158.5,
2025-04-08 14:19:30,160.33,90.0,336.92,39.0,158.71,112.0,364.06,51.0,248.63,176.59,202.0,90.0,40.51047062180494,292,112.0,141.0,0.38,160.86,7.0
2025-04-08 14:19:31,158.55,33.0,344.0,14.0,156.8,30.0,584.2,25.0,251.27,185.45,63.0,39.0,37.94957483292943,102,24.0,-168.0,0.24,160.86,
2025-04-08 14:19:32,158.48,42.0,195.55,31.0,156.67,54.0,399.81,32.0,177.01,37.07000000000002,96.0,63.0,35.186978699513915,159,33.0,57.0,0.21,159.0,4.0
2025-04-08 14:19:33,158.0,28.0,182.71,14.0,155.0,21.0,586.56,18.0,170.36,24.710000000000008,49.0,32.0,38.21638195852713,81,17.0,-78.0,0.21,159.0,
2025-04-08 14:19:34,158.0,12.0,182.0,6.0,155.0,9.0,516.0,6.0,170.0,24.0,21.0,12.0,42.54676521194075,33,9.0,-48.0,0.27,159.0,
2025-04-08 14:19:35,155.86,42.0,182.0,28.0,133.29,35.0,404.71,41.0,168.93,26.139999999999983,77.0,69.0,35.78242068390514,146,8.0,113.0,0.05,155.0,1.0
2025-04-08 14:19:36,158.0,25.0,181.4,10.0,155.0,10.0,560.68,19.0,169.7,23.40000000000001,35.0,29.0,3.290311535388585,64,6.0,-82.0,0.09,155.0,
2025-04-08 14:19:37,158.0,31.0,179.0,14.0,155.0,14.0,582.0,24.0,168.5,21.0,45.0,38.0,0.7672157453454542,83,7.0,19.0,0.08,158.0,2.0
2025-04-08 14:19:38,158.0,27.0,177.1,20.0,155.0,18.0,415.15,26.0,167.55,19.099999999999994,45.0,46.0,0.9781257587366996,91,-1.0,8.0,-0.01,158.0,
2025-04-08 14:19:39,158.0,36.0,174.8,40.0,155.0,24.0,182.75,32.0,166.4,16.80000000000001,60.0,72.0,1.2780962404694147,132,-12.0,41.0,-0.09,158.0,
2025-04-08 14:19:40,158.0,24.0,172.25,16.0,155.0,16.0,202.0,32.0,165.12,14.25,40.0,48.0,1.782296271639408,88,-8.0,-44.0,-0.09,158.0,
2025-04-08 14:19:41,153.0,19.0,171.6,30.0,142.91,44.0,202.0,60.0,162.3,18.599999999999994,63.0,90.0,2.412131837171268,153,-27.0,65.0,-0.18,156.8,5.0
2025-04-08 14:19:42,153.78,9.0,168.9,39.0,125.41,29.0,169.58,24.0,161.34,15.120000000000005,38.0,63.0,2.651116745805611,101,-25.0,-52.0,-0.25,156.8,
2025-04-08 14:19:43,164.0,13.0,169.0,65.0,141.12,50.0,238.3,47.0,166.5,5.0,63.0,112.0,2.38111738473564,175,-49.0,74.0,-0.28,156.8,
2025-04-08 14:19:44,164.0,13.0,168.54,65.0,159.83,36.0,202.08,39.0,166.27,4.539999999999992,49.0,104.0,2.353440035329183,153,-55.0,-22.0,-0.36,164.0,1.0
2025-04-08 14:19:45,163.0,27.0,167.55,38.0,159.0,9.0,182.0,33.0,165.28,4.550000000000011,36.0,71.0,2.3683158572897995,107,-35.0,-46.0,-0.33,164.0,
2025-04-08 14:19:46,161.8,45.0,164.54,39.0,159.89,47.0,165.24,51.0,163.17,2.7399999999999807,92.0,90.0,2.2076616588351703,182,2.0,75.0,0.01,163.0,3.0
2025-04-08 14:19:47,160.0,68.0,162.57,21.0,159.0,13.0,164.22,41.0,161.29,2.569999999999993,81.0,62.0,2.22566169933592,143,19.0,-39.0,0.13,160.0,3.0
2025-04-08 14:19:48,160.31,39.0,162.12,32.0,159.5,18.0,163.6,20.0,161.22,1.8100000000000025,57.0,52.0,2.292276161348731,109,5.0,-34.0,0.05,162.0,5.0
2025-04-08 14:19:49,160.0,51.0,161.38,21.0,159.0,17.0,162.24,17.0,160.69,1.3799999999999957,68.0,38.0,1.8981174884301324,106,30.0,-3.0,0.28,162.0,2.0
2025-04-08 14:19:50,160.26,23.0,240.81,26.0,159.46,13.0,292.36,22.0,200.53,80.55000000000001,36.0,48.0,17.438724150576657,84,-12.0,-22.0,-0.14,161.5,2.0
2025-04-08 14:19:51,163.0,12.0,310.0,26.0,160.0,36.0,384.35,43.0,236.5,147.0,48.0,69.0,33.93931687585874,117,-21.0,33.0,-0.18,161.5,
2025-04-08 14:19:52,163.0,7.0,220.07,27.0,160.0,45.0,350.15,27.0,191.54,57.06999999999999,52.0,54.0,31.475470290370048,106,-2.0,-11.0,-0.02,161.5,
2025-04-08 14:19:53,160.47,58.0,217.38,65.0,159.06,94.0,409.41,34.0,188.93,56.91,152.0,99.0,27.27997562315597,251,53.0,145.0,0.21,163.0,1.0
2025-04-08 14:19:54,160.83,58.0,216.8,50.0,159.23,124.0,331.26,31.0,188.81,55.97,182.0,81.0,20.272520070282344,263,101.0,12.0,0.38,163.0,
2025-04-08 14:19:55,160.0,49.0,216.0,35.0,159.0,112.0,319.0,21.0,188.0,56.0,161.0,56.0,21.141457612946017,217,105.0,-46.0,0.48,163.0,
2025-04-08 14:19:56,160.0,56.0,215.5,40.0,159.0,128.0,319.0,24.0,187.75,55.5,184.0,64.0,1.5045697059172811,248,120.0,31.0,0.48,163.0,
2025-04-08 14:19:57,160.0,56.0,213.38,40.0,159.0,128.0,319.44,27.0,186.69,53.38,184.0,67.0,0.9073477833560564,251,117.0,3.0,0.47,163.0,
2025-04-08 14:19:58,161.0,14.0,213.0,40.0,159.75,65.0,286.86,29.0,187.0,52.0,79.0,69.0,0.8399702375441649,148,10.0,-103.0,0.07,163.0,
2025-04-08 14:19:59,162.0,9.0,202.85,39.0,160.0,63.0,298.92,24.0,182.42,40.85,72.0,63.0,2.2728330338932063,135,9.0,-13.0,0.07,163.0,
2025-04-08 14:20:00,161.25,16.0,178.14,50.0,159.69,102.0,198.39,46.0,169.69,16.889999999999986,118.0,96.0,7.570511871726056,214,22.0,79.0,0.1,160.4,5.0
2025-04-08 14:20:01,160.0,42.0,178.79,70.0,159.0,224.0,288.5,48.0,169.39,18.789999999999992,266.0,118.0,8.8579551816395,384,148.0,168.0,0.39,160.4,
2025-04-08 14:20:02,159.0,153.0,173.8,45.0,158.0,121.0,197.15,27.0,166.4,14.800000000000011,274.0,72.0,9.119794405573067,346,202.0,-38.0,0.58,159.43,7.0
2025-04-08 14:20:03,161.21,86.0,171.17,46.0,158.62,116.0,172.23,44.0,166.19,9.95999999999998,202.0,90.0,6.686835574463401,292,112.0,-54.0,0.38,164.0,1.0
2025-04-08 14:20:04,164.04,50.0,170.0,40.0,159.56,108.0,171.0,50.0,167.02,5.960000000000008,158.0,90.0,1.6764158195089969,248,68.0,-44.0,0.27,165.0,1.0
2025-04-08 14:20:05,164.0,42.0,169.78,46.0,159.06,77.0,170.85,53.0,166.89,5.780000000000001,119.0,99.0,1.2827977236876864,218,20.0,-30.0,0.09,164.0,4.0
2025-04-08 14:20:06,161.05,40.0,167.79,47.0,158.62,65.0,169.12,57.0,164.42,6.739999999999981,105.0,104.0,1.0435180879578907,209,1.0,-9.0,0.0,160.22,9.0
2025-04-08 14:20:07,159.0,72.0,164.38,40.0,158.0,132.0,165.0,27.0,161.69,5.379999999999996,204.0,67.0,2.2398816932803385,271,137.0,62.0,0.51,160.22,
2025-04-08 14:20:08,158.14,66.0,160.48,33.0,157.02,43.0,161.82,17.0,159.31,2.3400000000000034,109.0,50.0,3.350049253352576,159,59.0,-112.0,0.37,158.6,10.0
2025-04-08 14:20:09,158.0,50.0,160.0,40.0,156.0,30.0,162.0,10.0,159.0,2.0,80.0,50.0,3.382213772055686,130,30.0,-29.0,0.23,158.0,2.0
2025-04-08 14:20:10,156.74,43.0,159.61,46.0,155.21,57.0,396.7,46.0,158.18,2.8700000000000045,100.0,92.0,2.5411119613031032,192,8.0,62.0,0.04,158.0,5.0
2025-04-08 14:20:11,151.5,30.0,158.4,40.0,141.59,27.0,384.4,25.0,154.95,6.900000000000006,57.0,65.0,2.434528701796666,122,-8.0,-70.0,-0.07,155.0,5.0
2025-04-08 14:20:12,148.21,24.0,157.88,32.0,146.31,49.0,418.62,26.0,153.04,9.669999999999987,73.0,58.0,2.763988060731505,131,15.0,9.0,0.11,155.0,
2025-04-08 14:20:13,149.82,17.0,155.66,29.0,146.99,73.0,621.4,10.0,152.74,5.840000000000003,90.0,39.0,2.888359395896251,129,51.0,-2.0,0.4,154.33,3.0
2025-04-08 14:20:14,147.3,90.0,155.0,20.0,146.0,11.0,461.06,16.0,151.15,7.699999999999989,101.0,36.0,2.6928553618524,137,65.0,8.0,0.47,154.33,
2025-04-08 14:20:15,148.42,108.0,232.0,21.0,132.13,92.0,219.58,19.0,190.21,83.58000000000001,200.0,40.0,16.70886501231838,240,160.0,103.0,0.67,154.67,3.0
2025-04-08 14:20:16,150.0,39.0,429.45,11.0,115.52,23.0,628.57,14.0,289.73,279.45,62.0,25.0,59.530054006358526,87,37.0,-153.0,0.43,154.67,
2025-04-08 14:20:20,158.33,24.0,237.79,34.0,119.63,71.0,494.87,15.0,198.06,79.45999999999998,95.0,49.0,75.06907605665836,144,46.0,-37.0,0.32,154.67,
2025-04-08 14:20:21,160.0,14.0,245.53,19.0,158.0,35.0,287.76,21.0,202.76,85.53,49.0,40.0,90.88855577024152,89,9.0,-55.0,0.1,154.67,
2025-04-08 14:20:22,160.0,69.0,172.85,41.0,158.0,60.0,186.97,32.0,166.43,12.849999999999994,129.0,73.0,89.87704918387209,202,56.0,113.0,0.28,154.67,
2025-04-08 14:20:23,160.51,39.0,171.42,60.0,158.44,45.0,266.88,26.0,165.96,10.909999999999997,84.0,86.0,70.70040006958968,170,-2.0,-32.0,-0.01,160.0,5.0
2025-04-08 14:20:24,164.0,8.0,171.0,40.0,160.0,16.0,224.75,8.0,167.5,7.0,24.0,48.0,18.58491915505496,72,-24.0,-98.0,-0.33,160.0,
2025-04-08 14:20:25,164.5,6.0,171.0,30.0,161.33,9.0,290.56,18.0,167.75,6.5,15.0,48.0,16.049646413547865,63,-33.0,-9.0,-0.52,160.0,
2025-04-08 14:20:26,160.26,19.0,169.9,50.0,158.12,51.0,171.05,42.0,165.08,9.640000000000017,70.0,92.0,1.1029188546245103,162,-22.0,99.0,-0.14,164.5,2.0
2025-04-08 14:20:27,158.07,112.0,168.29,70.0,156.91,44.0,169.61,74.0,163.18,10.22,156.0,144.0,1.8746146270325048,300,12.0,138.0,0.04,159.33,3.0
2025-04-08 14:20:28,158.0,108.0,166.5,60.0,156.0,24.0,168.0,60.0,162.25,8.5,132.0,120.0,2.478824318075382,252,12.0,-48.0,0.05,159.33,
2025-04-08 14:20:29,158.0,49.0,165.0,45.0,156.0,18.0,166.0,45.0,161.5,7.0,67.0,90.0,2.510093623727621,157,-23.0,-95.0,-0.15,158.0,4.0
2025-04-08 14:20:30,160.95,19.0,164.5,40.0,157.89,37.0,165.5,40.0,162.72,3.550000000000012,56.0,80.0,1.3449089188026258,136,-24.0,-21.0,-0.18,158.0,
2025-04-08 14:20:31,158.3,54.0,162.02,58.0,156.67,30.0,163.67,60.0,160.16,3.719999999999999,84.0,118.0,1.1833934256500176,202,-34.0,66.0,-0.17,162.0,2.0
2025-04-08 14:20:32,155.76,54.0,159.51,39.0,146.11,19.0,161.33,45.0,157.64,3.75,73.0,84.0,2.0408037631943245,157,-11.0,-45.0,-0.07,157.43,7.0
2025-04-08 14:20:33,155.0,77.0,158.86,35.0,97.68,19.0,236.02,52.0,156.93,3.8600000000000136,96.0,87.0,2.47224594243062,183,9.0,26.0,0.05,159.0,2.0
2025-04-08 14:20:34,155.0,77.0,244.27,37.0,88.0,16.0,359.41,29.0,199.64,89.27000000000001,93.0,66.0,18.156365825789287,159,27.0,-24.0,0.17,157.75,8.0
2025-04-08 14:20:35,155.0,80.0,333.06,34.0,143.64,47.0,491.09,44.0,244.03,178.06,127.0,78.0,38.22197862486899,205,49.0,46.0,0.24,155.0,4.0
2025-04-08 14:20:36,155.06,32.0,428.46,26.0,146.3,33.0,492.82,33.0,291.76,273.4,65.0,59.0,58.1120955567774,124,6.0,-81.0,0.05,155.0,
2025-04-08 14:20:37,156.0,7.0,455.43,28.0,155.0,42.0,564.21,33.0,305.71,299.43,49.0,61.0,62.33368294910965,110,-12.0,-14.0,-0.11,155.0,
2025-04-08 14:20:38,155.22,27.0,257.66,44.0,115.0,58.0,337.91,44.0,206.44,102.44000000000004,85.0,88.0,48.25861197755438,173,-3.0,63.0,-0.02,155.5,4.0
2025-04-08 14:20:39,155.0,13.0,241.47,38.0,120.35,31.0,241.88,34.0,198.24,86.47,44.0,72.0,48.62302777491498,116,-28.0,-57.0,-0.24,155.0,2.0
2025-04-08 14:20:40,154.93,30.0,237.0,32.0,145.05,19.0,238.0,16.0,195.97,82.07,49.0,48.0,54.32542434256841,97,1.0,-19.0,0.01,155.0,1.0
2025-04-08 14:20:41,157.0,48.0,233.9,40.0,154.94,68.0,235.14,28.0,195.45,76.9,116.0,68.0,47.914151041211866,184,48.0,87.0,0.26,155.0,
2025-04-08 14:20:42,158.0,76.0,231.3,40.0,155.0,80.0,232.3,40.0,194.65,73.30000000000001,156.0,80.0,4.822463063621702,236,76.0,52.0,0.32,155.0,
2025-04-08 14:20:43,158.0,32.0,227.7,20.0,155.0,64.0,228.71,28.0,192.85,69.69999999999999,96.0,48.0,1.9655075680310157,144,48.0,-92.0,0.33,155.0,
2025-04-08 14:20:44,158.0,36.0,223.7,20.0,155.0,72.0,225.0,34.0,190.85,65.69999999999999,108.0,54.0,2.100019047528527,162,54.0,18.0,0.33,155.0,
2025-04-08 14:20:45,155.43,84.0,176.61,51.0,141.9,62.0,194.19,37.0,166.02,21.180000000000007,146.0,88.0,12.394393087197294,234,58.0,72.0,0.25,158.0,4.0
2025-04-08 14:20:46,159.24,102.0,173.47,34.0,140.96,75.0,174.76,42.0,166.35,14.22999999999999,177.0,76.0,14.630846865439688,253,101.0,19.0,0.4,158.0,
2025-04-08 14:20:47,163.0,90.0,167.11,38.0,155.0,80.0,167.88,32.0,165.05,4.110000000000014,170.0,70.0,14.290027291783886,240,100.0,-13.0,0.42,158.0,
2025-04-08 14:20:48,163.0,57.0,166.05,38.0,155.4,80.0,296.49,53.0,164.53,3.050000000000012,137.0,91.0,11.365966742864911,228,46.0,-12.0,0.2,163.0,8.0
2025-04-08 14:20:49,163.8,35.0,166.86,28.0,160.33,21.0,282.67,30.0,165.33,3.0600000000000023,56.0,58.0,0.7340844637340693,114,-2.0,-114.0,-0.02,163.0,
2025-04-08 14:20:50,164.08,26.0,299.69,13.0,163.0,10.0,537.75,12.0,231.88,135.61,36.0,25.0,29.776153546083403,61,11.0,-53.0,0.18,164.0,2.0
2025-04-08 14:20:51,163.8,10.0,458.0,8.0,160.07,30.0,602.84,19.0,310.9,294.2,40.0,27.0,64.63874511467577,67,13.0,6.0,0.19,165.0,2.0
2025-04-08 14:20:52,163.0,12.0,291.88,24.0,162.0,24.0,428.26,27.0,227.44,128.88,36.0,51.0,60.25990897769477,87,-15.0,20.0,-0.17,165.0,
2025-04-08 14:20:53,164.83,46.0,250.14,51.0,163.08,13.0,285.5,12.0,207.48,85.30999999999997,59.0,63.0,52.99655913358984,122,-4.0,35.0,-0.03,165.0,
2025-04-08 14:20:54,165.0,104.0,250.0,65.0,164.0,13.0,257.0,13.0,207.5,85.0,117.0,78.0,42.77993221126128,195,39.0,73.0,0.2,165.0,
2025-04-08 14:20:55,165.0,120.0,249.6,75.0,164.0,15.0,254.71,42.0,207.3,84.6,135.0,117.0,44.88178115895241,252,18.0,57.0,0.07,165.0,
2025-04-08 14:20:56,164.93,29.0,248.0,30.0,163.67,6.0,251.43,21.0,206.47,83.07,35.0,51.0,9.06699619499389,86,-16.0,-166.0,-0.19,164.89,9.0
2025-04-08 14:20:57,163.0,10.0,247.1,50.0,162.0,10.0,346.8,20.0,205.05,84.1,20.0,70.0,1.0447248441673105,90,-50.0,4.0,-0.56,164.89,
2025-04-08 14:20:58,163.0,8.0,243.62,40.0,162.0,8.0,460.25,16.0,203.31,80.62,16.0,56.0,1.751579287391228,72,-40.0,-18.0,-0.56,164.89,
2025-04-08 14:20:59,163.0,9.0,243.0,45.0,162.0,9.0,412.09,22.0,203.0,80.0,18.0,67.0,1.8911715945453769,85,-49.0,13.0,-0.58,164.89,
2025-04-08 14:21:00,163.0,12.0,243.0,60.0,162.0,12.0,454.16,31.0,203.0,80.0,24.0,91.0,1.5444837325179972,115,-67.0,30.0,-0.58,164.89,
2025-04-08 14:21:01,160.04,49.0,243.0,35.0,159.12,68.0,306.38,26.0,201.52,82.96000000000001,117.0,61.0,1.2583838841981976,178,56.0,63.0,0.31,162.5,2.0
2025-04-08 14:21:02,160.18,68.0,240.07,43.0,159.31,102.0,298.84,37.0,200.12,79.88999999999999,170.0,80.0,1.35096261976665,250,90.0,72.0,0.36,162.5,
2025-04-08 14:21:03,159.88,67.0,242.6,50.0,158.98,92.0,407.2,15.0,201.24,82.72,159.0,65.0,1.234050242091269,224,94.0,-26.0,0.42,159.8,10.0
2025-04-08 14:21:04,159.0,78.0,200.64,44.0,158.0,26.0,261.02,46.0,179.82,41.63999999999999,104.0,90.0,9.736488073221864,194,14.0,-30.0,0.07,159.0,2.0
2025-04-08 14:21:05,159.0,31.0,164.42,60.0,158.0,24.0,188.06,48.0,161.71,5.419999999999988,55.0,108.0,17.74238766344503,163,-53.0,-31.0,-0.33,159.0,
2025-04-08 14:21:06,159.0,37.0,161.07,75.0,158.0,30.0,162.07,75.0,160.03,2.069999999999993,67.0,150.0,19.92237510940754,217,-83.0,54.0,-0.38,159.0,3.0
2025-04-08 14:21:07,158.0,24.0,160.35,52.0,156.0,96.0,309.41,37.0,159.17,2.3499999999999943,120.0,89.0,18.228601976013305,209,31.0,-8.0,0.15,159.0,
2025-04-08 14:21:08,156.15,78.0,158.0,36.0,155.4,60.0,177.87,38.0,157.08,1.8499999999999943,138.0,74.0,9.240312224156124,212,64.0,3.0,0.3,158.0,2.0
2025-04-08 14:21:09,156.0,61.0,157.0,21.0,155.0,36.0,212.44,27.0,156.5,1.0,97.0,48.0,2.1399929906135413,145,49.0,-67.0,0.34,156.17,6.0
2025-04-08 14:21:10,156.92,38.0,301.79,14.0,155.06,47.0,602.71,28.0,229.35,144.87000000000003,85.0,42.0,31.85459668556353,127,43.0,-18.0,0.34,157.0,2.0
2025-04-08 14:21:11,163.0,40.0,244.94,32.0,156.18,22.0,352.25,16.0,203.97,81.94,62.0,48.0,33.59345070099141,110,14.0,-17.0,0.13,157.0,
2025-04-08 14:21:12,163.0,35.0,243.14,7.0,160.0,7.0,244.45,11.0,203.07,80.13999999999999,42.0,18.0,32.095110686831504,60,24.0,-50.0,0.4,157.0,
2025-04-08 14:21:13,163.0,45.0,241.0,9.0,160.0,9.0,242.44,9.0,202.0,78.0,54.0,18.0,26.35164074588132,72,36.0,12.0,0.5,157.0,
2025-04-08 14:21:14,163.0,45.0,237.11,9.0,160.89,9.0,239.0,9.0,200.06,74.11000000000001,54.0,18.0,12.19560781593183,72,36.0,0.0,0.5,157.0,
2025-04-08 14:21:15,163.0,50.0,237.7,10.0,162.0,10.0,348.0,15.0,200.35,74.69999999999999,60.0,25.0,1.6919958628793386,85,35.0,13.0,0.41,157.0,
2025-04-08 14:21:16,163.0,45.0,209.48,31.0,162.0,15.0,219.22,23.0,186.24,46.47999999999999,60.0,54.0,6.877080048973586,114,6.0,29.0,0.05,163.0,3.0
2025-04-08 14:21:17,162.73,22.0,193.67,12.0,159.0,20.0,196.25,16.0,178.2,30.94,42.0,28.0,10.5938567103759,70,14.0,-44.0,0.2,162.67,3.0
2025-04-08 14:21:18,160.0,8.0,192.12,8.0,156.0,40.0,193.12,8.0,176.06,32.120000000000005,48.0,16.0,11.61358773161687,64,32.0,-6.0,0.5,162.67,
2025-04-08 14:21:19,157.09,22.0,191.3,10.0,155.65,46.0,193.0,10.0,174.2,34.21000000000001,68.0,20.0,10.725707435873284,88,48.0,24.0,0.55,158.0,2.0
2025-04-08 14:21:20,156.0,12.0,191.0,3.0,155.0,12.0,193.0,3.0,173.5,35.0,24.0,6.0,5.141575633979572,30,18.0,-58.0,0.6,158.0,
2025-04-08 14:21:21,157.29,7.0,191.0,7.0,156.0,28.0,193.0,7.0,174.14,33.71000000000001,35.0,14.0,1.920364548705684,49,21.0,19.0,0.43,158.0,
2025-04-08 14:21:22,156.17,12.0,189.0,8.0,148.31,29.0,191.0,8.0,172.58,32.83000000000001,41.0,16.0,1.2770591215454328,57,25.0,8.0,0.44,156.0,7.0
2025-04-08 14:21:23,158.76,33.0,187.25,8.0,152.18,17.0,191.0,8.0,173.0,28.49000000000001,50.0,16.0,0.7061727833332753,66,34.0,9.0,0.52,159.0,2.0
2025-04-08 14:21:24,159.0,30.0,183.0,10.0,155.0,20.0,184.2,10.0,171.0,24.0,50.0,20.0,1.1836722519003533,70,30.0,4.0,0.43,159.0,
2025-04-08 14:21:35,143.17,24.0,152.55,58.0,141.9,21.0,153.93,45.0,147.86,9.380000000000024,45.0,103.0,4.753511333722742,148,-58.0,21.0,-0.39,159.0,
2025-04-08 14:21:36,148.08,26.0,151.67,36.0,147.79,39.0,153.18,66.0,149.87,3.589999999999975,65.0,102.0,4.580073143503122,167,-37.0,19.0,-0.22,151.0,5.0
2025-04-08 14:21:37,150.88,16.0,153.0,48.0,149.12,16.0,154.82,22.0,151.94,2.1200000000000045,32.0,70.0,4.3030396233181465,102,-38.0,-65.0,-0.37,149.33,3.0
2025-04-08 14:21:38,150.78,18.0,153.0,60.0,149.4,20.0,154.0,20.0,151.89,2.219999999999999,38.0,80.0,3.159593328238929,118,-42.0,16.0,-0.36,152.0,2.0
2025-04-08 14:21:39,152.0,16.0,153.0,22.0,120.78,18.0,154.0,16.0,152.5,1.0,34.0,38.0,1.9290852754236885,72,-4.0,-46.0,-0.06,153.0,4.0
2025-04-08 14:21:40,152.58,24.0,155.89,36.0,93.11,38.0,326.84,38.0,154.24,3.309999999999974,62.0,74.0,1.5637678855444332,136,-12.0,64.0,-0.09,154.14,7.0
2025-04-08 14:21:41,153.0,12.0,154.0,6.0,82.14,14.0,231.67,18.0,153.5,1.0,26.0,24.0,1.0271708717940395,50,2.0,-86.0,0.04,154.14,
2025-04-08 14:21:42,130.3,20.0,154.0,10.0,84.83,24.0,270.42,38.0,142.15,23.69999999999999,44.0,48.0,4.949962626107054,92,-4.0,42.0,-0.04,153.0,2.0
2025-04-08 14:21:43,121.2,10.0,153.88,8.0,58.56,18.0,341.0,40.0,137.54,32.67999999999999,28.0,48.0,7.633326928662802,76,-20.0,-16.0,-0.26,153.0,
2025-04-08 14:21:44,124.77,13.0,151.83,12.0,100.87,31.0,335.5,60.0,138.3,27.060000000000016,44.0,72.0,8.157590330473862,116,-28.0,40.0,-0.24,153.0,
2025-04-08 14:21:45,126.25,24.0,358.8,20.0,125.0,12.0,412.5,54.0,242.53,232.55,36.0,74.0,45.0225024848674,110,-38.0,-6.0,-0.35,150.0,1.0
2025-04-08 14:21:49,164.0,72.0,449.21,34.0,158.0,8.0,507.57,35.0,306.6,285.21,80.0,69.0,40.35269420993232,149,11.0,-25.0,0.07,150.0,
2025-04-08 14:21:50,164.0,99.0,427.45,64.0,158.0,14.0,551.74,54.0,295.73,263.45,113.0,118.0,19.31956340087254,231,-5.0,82.0,-0.02,164.0,3.0
2025-04-08 14:21:51,160.57,14.0,307.24,29.0,155.18,17.0,339.6,43.0,233.91,146.67000000000002,31.0,72.0,42.53744150745651,103,-41.0,-128.0,-0.4,164.0,
2025-04-08 14:21:52,160.4,10.0,184.0,30.0,155.75,16.0,186.9,50.0,172.2,23.599999999999994,26.0,80.0,66.4204353343171,106,-54.0,3.0,-0.51,164.0,
2025-04-08 14:21:53,164.0,8.0,181.9,30.0,158.0,8.0,185.68,34.0,172.95,17.900000000000006,16.0,64.0,64.42390293982596,80,-48.0,-26.0,-0.6,164.0,
2025-04-08 14:21:54,164.0,10.0,180.8,50.0,156.31,16.0,182.0,30.0,172.4,16.80000000000001,26.0,80.0,55.07958850608861,106,-54.0,26.0,-0.51,164.0,
2025-04-08 14:21:55,164.0,13.0,178.9,61.0,155.0,26.0,180.28,53.0,171.45,14.900000000000006,39.0,114.0,27.5804254862028,153,-75.0,47.0,-0.49,164.0,
2025-04-08 14:21:56,164.0,10.0,175.53,38.0,155.0,20.0,176.57,42.0,169.76,11.53,30.0,80.0,1.2364343896673478,110,-50.0,-43.0,-0.45,164.0,
2025-04-08 14:21:57,164.0,12.0,173.89,44.0,159.86,42.0,175.54,52.0,168.94,9.889999999999986,54.0,96.0,1.7099853800399671,150,-42.0,40.0,-0.28,164.0,
2025-04-08 14:21:58,144.75,32.0,171.53,47.0,134.21,28.0,172.22,59.0,158.14,26.78,60.0,106.0,5.7525663837928045,166,-46.0,16.0,-0.28,158.12,8.0
2025-04-08 14:22:02,118.28,57.0,152.0,28.0,113.81,32.0,279.39,56.0,135.14,33.72,89.0,84.0,14.469550096664276,173,5.0,-46.0,0.03,152.0,2.0
2025-04-08 14:22:03,148.45,44.0,152.0,9.0,147.24,37.0,228.16,25.0,150.23,3.550000000000012,81.0,34.0,12.571077121705729,115,47.0,-58.0,0.41,152.0,
2025-04-08 14:22:04,150.24,59.0,239.67,21.0,146.0,9.0,370.54,26.0,194.95,89.42999999999998,68.0,47.0,26.637954688750096,115,21.0,0.0,0.18,152.0,1.0
2025-04-08 14:22:05,162.0,11.0,397.14,28.0,152.0,35.0,468.37,38.0,279.57,235.14,46.0,66.0,58.17206142126975,112,-20.0,-3.0,-0.18,152.0,
2025-04-08 14:22:06,162.9,41.0,220.89,27.0,159.82,11.0,329.24,45.0,191.9,57.98999999999998,52.0,72.0,56.21727732645898,124,-20.0,12.0,-0.16,163.0,4.0
2025-04-08 14:22:07,163.0,33.0,263.0,44.0,162.0,11.0,296.91,33.0,213.0,100.0,44.0,77.0,47.15062512841201,121,-33.0,-3.0,-0.27,163.0,
2025-04-08 14:22:08,163.56,27.0,261.11,36.0,162.0,9.0,331.0,27.0,212.33,97.55,36.0,63.0,35.56653553552931,99,-27.0,-22.0,-0.27,163.0,
2025-04-08 14:22:09,162.75,12.0,203.47,34.0,160.02,118.0,267.45,29.0,183.11,40.72,130.0,63.0,37.83574460744843,193,67.0,94.0,0.35,165.0,3.0
2025-04-08 14:22:10,160.04,93.0,170.56,36.0,157.93,54.0,255.96,27.0,165.3,10.52000000000001,147.0,63.0,20.247710240913825,210,84.0,17.0,0.4,162.0,1.0
2025-04-08 14:22:11,160.0,113.0,168.89,36.0,156.0,36.0,302.33,27.0,164.44,8.889999999999986,149.0,63.0,24.03415340718273,212,86.0,2.0,0.41,160.0,2.0
2025-04-08 14:22:12,160.0,99.0,164.89,36.0,157.29,42.0,301.0,27.0,162.44,4.889999999999986,141.0,63.0,21.158953896636024,204,78.0,-8.0,0.38,160.0,
2025-04-08 14:22:13,161.26,19.0,164.0,20.0,159.88,50.0,266.5,12.0,162.63,2.740000000000009,69.0,32.0,8.76300348053934,101,37.0,-103.0,0.37,160.0,
2025-04-08 14:22:14,160.46,78.0,163.81,32.0,159.85,78.0,256.0,24.0,162.14,3.3499999999999943,156.0,56.0,1.3958151739877087,212,100.0,111.0,0.47,163.5,4.0
2025-04-08 14:22:15,160.0,44.0,162.25,8.0,159.0,8.0,376.0,8.0,161.12,2.25,52.0,16.0,1.2045248025392692,68,36.0,-144.0,0.53,163.5,
2025-04-08 14:22:16,160.0,91.0,192.44,18.0,159.0,22.0,369.08,24.0,176.22,32.44,113.0,42.0,6.34925979937332,155,71.0,87.0,0.46,160.29,7.0
2025-04-08 14:22:17,160.0,78.0,173.08,13.0,159.0,26.0,364.69,26.0,166.54,13.080000000000013,104.0,39.0,6.213823299703666,143,65.0,-12.0,0.45,160.29,
2025-04-08 14:22:18,160.0,38.0,173.0,8.0,159.0,16.0,278.38,16.0,166.5,13.0,54.0,24.0,5.967284139367095,78,30.0,-65.0,0.38,160.0,2.0
2025-04-08 14:22:19,160.0,11.0,173.0,5.0,159.0,10.0,329.4,10.0,166.5,13.0,21.0,15.0,5.467803946736225,36,6.0,-42.0,0.17,160.0,3.0
2025-04-08 14:22:20,160.0,17.0,171.29,17.0,159.0,114.0,398.88,34.0,165.65,11.289999999999992,131.0,51.0,4.453225797098828,182,80.0,146.0,0.44,160.0,
2025-04-08 14:22:21,163.75,32.0,167.75,16.0,159.05,94.0,243.38,29.0,165.75,4.0,126.0,45.0,0.4471800531566627,171,81.0,-11.0,0.47,160.0,
2025-04-08 14:22:22,164.0,27.0,165.0,45.0,159.0,117.0,166.0,9.0,164.5,1.0,144.0,54.0,0.8205181289527834,198,90.0,27.0,0.45,160.0,
2025-04-08 14:22:23,160.0,75.0,164.6,50.0,158.87,75.0,166.0,10.0,162.3,4.599999999999994,150.0,60.0,1.6398932891923503,210,90.0,12.0,0.43,162.75,4.0
2025-04-08 14:22:24,159.0,77.0,162.24,17.0,158.0,14.0,163.1,21.0,160.62,3.240000000000009,91.0,38.0,2.2400290176547406,129,53.0,-81.0,0.41,159.0,1.0
2025-04-08 14:22:25,159.0,71.0,161.91,22.0,158.0,51.0,176.5,22.0,160.45,2.9099999999999966,122.0,44.0,2.349921275262804,166,78.0,37.0,0.47,159.0,4.0
2025-04-08 14:22:26,159.42,12.0,163.5,30.0,158.83,42.0,307.0,16.0,161.46,4.0800000000000125,54.0,46.0,1.646869758035123,100,8.0,-66.0,0.08,159.0,
2025-04-08 14:22:27,160.0,9.0,163.0,45.0,159.0,63.0,409.73,30.0,161.5,3.0,72.0,75.0,0.749119483079436,147,-3.0,47.0,-0.02,159.0,
2025-04-08 14:22:28,159.12,41.0,161.82,55.0,158.54,65.0,486.87,39.0,160.47,2.6999999999999886,106.0,94.0,0.5337134061725424,200,12.0,53.0,0.06,159.0,9.0
2025-04-08 14:22:29,158.0,28.0,160.43,35.0,156.0,84.0,673.86,28.0,159.21,2.430000000000007,112.0,63.0,0.938013859134078,175,49.0,-25.0,0.28,159.0,
2025-04-08 14:22:30,158.0,24.0,159.67,30.0,156.0,72.0,310.43,14.0,158.83,1.6699999999999875,96.0,44.0,1.2413017360524388,140,52.0,-35.0,0.37,159.0,
2025-04-08 14:22:31,158.0,53.0,167.67,27.0,156.0,52.0,325.57,14.0,162.83,9.669999999999987,105.0,41.0,1.64770142924241,146,64.0,6.0,0.44,158.0,9.0
2025-04-08 14:22:32,158.0,8.0,276.0,8.0,156.0,40.0,518.0,16.0,217.0,118.0,48.0,24.0,25.38952382381273,72,24.0,-74.0,0.33,158.0,
2025-04-08 14:22:33,159.47,30.0,269.4,40.0,156.26,109.0,477.62,32.0,214.43,109.92999999999998,139.0,72.0,30.41121832482185,211,67.0,139.0,0.32,158.0,
2025-04-08 14:22:34,163.0,20.0,207.0,20.0,159.0,45.0,464.0,10.0,185.0,44.0,65.0,30.0,27.53285800638925,95,35.0,-116.0,0.37,158.0,
2025-04-08 14:22:35,161.0,48.0,207.0,36.0,158.9,60.0,397.33,18.0,184.0,46.0,108.0,54.0,22.857538581395968,162,54.0,67.0,0.33,162.2,5.0
2025-04-08 14:22:36,160.36,88.0,307.55,22.0,158.73,44.0,718.68,38.0,233.95,147.19,132.0,60.0,21.76252811600804,192,72.0,30.0,0.38,162.2,
2025-04-08 14:22:37,162.33,36.0,258.8,10.0,160.36,44.0,455.8,20.0,210.57,96.47,80.0,30.0,21.19735714658875,110,50.0,-82.0,0.45,162.2,
2025-04-08 14:22:38,164.0,27.0,246.08,26.0,162.0,90.0,517.59,34.0,205.04,82.08000000000001,117.0,60.0,20.62664708574887,177,57.0,67.0,0.32,162.2,
2025-04-08 14:22:39,164.0,24.0,245.5,24.0,162.0,80.0,447.85,26.0,204.75,81.5,104.0,50.0,17.85189261675194,154,54.0,-23.0,0.35,162.2,
2025-04-08 14:22:40,164.0,33.0,237.69,39.0,162.0,110.0,293.0,33.0,200.85,73.69,143.0,72.0,13.271104701570666,215,71.0,61.0,0.33,162.2,
2025-04-08 14:22:41,164.0,32.0,223.24,42.0,162.0,120.0,223.23,52.0,193.62,59.24000000000001,152.0,94.0,6.267577682010066,246,58.0,31.0,0.24,164.0,1.0
2025-04-08 14:22:42,162.0,134.0,212.17,47.0,159.0,120.0,215.79,73.0,187.09,50.16999999999999,254.0,120.0,7.763610629083535,374,134.0,128.0,0.36,162.67,6.0
2025-04-08 14:22:43,162.07,58.0,207.66,41.0,159.75,96.0,208.61,41.0,184.86,45.59,154.0,82.0,8.568012021467325,236,72.0,-138.0,0.31,162.67,
2025-04-08 14:22:44,160.91,33.0,204.21,53.0,159.58,86.0,206.38,39.0,182.56,43.30000000000001,119.0,92.0,7.430681664557929,211,27.0,-25.0,0.13,161.88,8.0
2025-04-08 14:22:45,159.0,63.0,201.15,26.0,158.0,18.0,202.86,43.0,180.08,42.150000000000006,81.0,69.0,5.166993323005844,150,12.0,-61.0,0.08,161.88,
2025-04-08 14:22:46,160.0,18.0,198.68,25.0,159.0,63.0,200.0,25.0,179.34,38.68000000000001,81.0,50.0,3.243236038277177,131,31.0,-19.0,0.24,161.88,
2025-04-08 14:22:47,160.0,24.0,196.16,45.0,159.0,84.0,197.09,32.0,178.08,36.16,108.0,77.0,2.7138680881677613,185,31.0,54.0,0.17,161.88,
2025-04-08 14:22:48,159.37,38.0,189.32,37.0,158.89,55.0,190.2,40.0,174.35,29.94999999999999,93.0,77.0,3.014750404257396,170,16.0,-15.0,0.09,159.4,5.0
2025-04-08 14:22:49,159.0,21.0,180.7,46.0,158.0,15.0,182.04,49.0,169.85,21.69999999999999,36.0,95.0,4.2454505061258025,131,-59.0,-39.0,-0.45,159.0,3.0
2025-04-08 14:22:50,158.58,12.0,174.6,35.0,156.21,67.0,176.51,37.0,166.59,16.019999999999982,79.0,72.0,5.403107439238744,151,7.0,20.0,0.05,159.0,1.0
2025-04-08 14:22:51,156.06,99.0,170.61,49.0,155.47,76.0,171.46,39.0,163.34,14.550000000000011,175.0,88.0,5.899963559205181,263,87.0,112.0,0.33,158.0,1.0
2025-04-08 14:22:52,156.0,108.0,166.37,38.0,155.0,45.0,167.92,25.0,161.18,10.370000000000005,153.0,63.0,5.233590545690472,216,90.0,-47.0,0.42,158.0,
2025-04-08 14:22:53,156.0,155.0,163.08,53.0,155.0,75.0,163.94,66.0,159.54,7.0800000000000125,230.0,119.0,4.15813058957188,349,111.0,133.0,0.32,158.0,
2025-04-08 14:22:54,156.0,112.0,158.26,46.0,155.0,70.0,182.02,43.0,157.13,2.259999999999991,182.0,89.0,3.6165909362170106,271,93.0,-78.0,0.34,156.0,10.0
2025-04-08 14:22:55,157.1,41.0,308.8,30.0,143.58,43.0,421.2,20.0,232.95,151.70000000000002,84.0,50.0,32.57050460155569,134,34.0,-137.0,0.25,156.0,2.0
2025-04-08 14:22:56,163.0,12.0,387.33,9.0,156.0,12.0,423.91,11.0,275.17,224.33,24.0,20.0,54.03402659436013,44,4.0,-90.0,0.09,156.0,
2025-04-08 14:22:57,157.71,31.0,262.79,14.0,124.74,38.0,292.92,12.0,210.25,105.08,69.0,26.0,50.17614492963805,95,43.0,51.0,0.45,158.67,6.0
2025-04-08 14:22:58,155.0,40.0,177.46,13.0,112.07,28.0,192.0,18.0,166.23,22.460000000000008,68.0,31.0,48.660212494398806,99,37.0,4.0,0.37,158.67,
2025-04-08 14:22:59,155.0,44.0,175.71,17.0,129.39,36.0,179.0,34.0,165.35,20.710000000000008,80.0,51.0,46.59219033271616,131,29.0,32.0,0.22,158.67,
2025-04-08 14:23:00,149.17,96.0,160.02,55.0,123.84,114.0,165.3,23.0,154.59,10.850000000000025,210.0,78.0,49.993172733884485,288,132.0,157.0,0.46,156.0,1.0
2025-04-08 14:23:09,148.06,18.0,151.65,17.0,147.68,25.0,152.95,43.0,149.85,3.5900000000000034,43.0,60.0,2.162158643554009,103,-17.0,47.0,-0.17,150.6,5.0
2025-04-08 14:23:10,149.67,27.0,151.43,28.0,148.25,40.0,152.83,65.0,150.55,1.760000000000019,67.0,93.0,1.3569561525335705,160,-26.0,57.0,-0.16,150.6,5.0
2025-04-08 14:23:11,149.77,35.0,152.83,58.0,148.27,55.0,156.04,75.0,151.3,3.0600000000000023,90.0,133.0,1.3083386411403115,223,-43.0,63.0,-0.19,151.5,4.0
2025-04-08 14:23:12,152.09,33.0,153.53,75.0,151.08,39.0,158.0,75.0,152.81,1.4399999999999975,72.0,150.0,1.6084993005603847,222,-78.0,-1.0,-0.35,152.0,2.0
2025-04-08 14:23:21,140.22,63.0,152.0,9.0,137.0,99.0,153.0,45.0,146.11,11.78,162.0,54.0,3.674121663728416,216,108.0,-56.0,0.5,152.0,
2025-04-08 14:23:22,141.61,54.0,152.0,6.0,138.56,54.0,153.0,30.0,146.81,10.389999999999986,108.0,36.0,3.4027297864925505,144,72.0,-72.0,0.5,152.0,
2025-04-08 14:23:23,143.57,102.0,152.2,10.0,142.64,78.0,153.4,50.0,147.88,8.629999999999995,180.0,60.0,2.6619598043337405,240,120.0,96.0,0.5,152.83,6.0
2025-04-08 14:23:24,148.03,61.0,154.0,35.0,146.12,41.0,156.86,43.0,151.02,5.969999999999999,102.0,78.0,2.807342159390911,180,24.0,-60.0,0.13,150.57,7.0
2025-04-08 14:23:25,149.59,93.0,154.0,37.0,148.63,43.0,155.8,50.0,151.8,4.409999999999997,136.0,87.0,2.5466703751954505,223,49.0,43.0,0.22,150.57,
2025-04-08 14:23:26,153.02,62.0,155.85,52.0,151.49,97.0,185.22,40.0,154.43,2.829999999999984,159.0,92.0,3.0750235771295515,251,67.0,28.0,0.27,154.0,6.0
2025-04-08 14:23:27,155.15,91.0,172.56,45.0,153.66,76.0,214.76,41.0,163.85,17.409999999999997,167.0,86.0,6.08633962245878,253,81.0,2.0,0.32,157.0,3.0
2025-04-08 14:23:28,158.73,30.0,217.0,40.0,155.39,36.0,423.5,10.0,187.87,58.27000000000001,66.0,50.0,15.446460112269513,116,16.0,-137.0,0.14,157.0,
2025-04-08 14:23:29,159.0,28.0,227.74,27.0,156.0,49.0,374.0,11.0,193.37,68.74000000000001,77.0,38.0,19.213489532095828,115,39.0,-1.0,0.34,157.0,
2025-04-08 14:23:30,161.1,49.0,362.0,13.0,158.98,43.0,373.76,59.0,261.55,200.9,92.0,72.0,42.01141130692964,164,20.0,49.0,0.12,157.0,
2025-04-08 14:23:31,164.28,50.0,363.06,36.0,162.0,15.0,378.09,69.0,263.67,198.78,65.0,105.0,45.6932393248725,170,-40.0,6.0,-0.24,165.0,2.0
2025-04-08 14:23:32,160.64,22.0,362.0,44.0,158.34,35.0,364.0,55.0,261.32,201.36,57.0,99.0,39.25392311604187,156,-42.0,-14.0,-0.27,162.0,5.0
2025-04-08 14:23:33,158.88,51.0,350.32,41.0,156.91,67.0,392.85,33.0,254.6,191.44,118.0,74.0,30.1186930327357,192,44.0,36.0,0.23,158.67,3.0
2025-04-08 14:23:34,159.0,54.0,358.56,45.0,158.0,36.0,451.52,29.0,258.78,199.56,90.0,74.0,3.473503994556088,164,16.0,-28.0,0.1,159.0,6.0
2025-04-08 14:23:35,159.0,8.0,268.0,8.0,158.0,24.0,360.0,32.0,213.5,109.0,32.0,40.0,20.885463365704155,72,-8.0,-92.0,-0.11,159.0,
2025-04-08 14:23:36,158.17,18.0,300.69,13.0,156.07,84.0,338.56,41.0,229.43,142.52,102.0,54.0,21.048766709718432,156,48.0,84.0,0.31,158.6,5.0
2025-04-08 14:23:37,156.29,84.0,299.08,48.0,155.69,52.0,308.5,18.0,227.68,142.79,136.0,66.0,19.237604320708236,202,70.0,46.0,0.35,158.0,4.0
2025-04-08 14:23:38,156.0,69.0,298.1,40.0,115.4,25.0,333.39,23.0,227.05,142.10000000000002,94.0,63.0,16.63320083447911,157,31.0,-45.0,0.2,156.0,4.0
2025-04-08 14:23:39,156.0,50.0,266.03,32.0,106.08,26.0,412.97,30.0,211.02,110.02999999999996,76.0,62.0,8.73830246673174,138,14.0,-19.0,0.1,156.0,
2025-04-08 14:23:40,160.36,33.0,180.62,40.0,155.94,48.0,195.0,33.0,170.49,20.25999999999999,81.0,73.0,24.968883234939955,154,8.0,16.0,0.05,156.0,
2025-04-08 14:23:41,164.0,24.0,168.22,41.0,156.0,117.0,169.28,43.0,166.11,4.219999999999999,141.0,84.0,30.156230699476176,225,57.0,71.0,0.25,156.0,
2025-04-08 14:23:42,164.0,18.0,166.6,30.0,156.0,162.0,167.73,33.0,165.3,2.5999999999999943,180.0,63.0,28.96500008631095,243,117.0,18.0,0.48,156.0,
2025-04-08 14:23:43,164.0,20.0,165.47,34.0,156.0,162.0,166.33,36.0,164.74,1.4699999999999989,182.0,70.0,19.96719234143743,252,112.0,9.0,0.44,156.0,
2025-04-08 14:23:44,156.36,66.0,162.8,25.0,155.97,87.0,164.69,26.0,159.58,6.439999999999998,153.0,51.0,3.8925736987149504,204,102.0,-48.0,0.5,164.0,2.0
2025-04-08 14:23:45,157.0,28.0,158.65,26.0,156.0,140.0,160.88,26.0,157.83,1.6500000000000057,168.0,52.0,3.741666740895011,220,116.0,16.0,0.53,157.8,5.0
2025-04-08 14:23:46,161.95,22.0,193.79,14.0,156.13,60.0,416.47,17.0,177.87,31.840000000000003,82.0,31.0,7.851103744055787,113,51.0,-107.0,0.45,161.67,3.0
2025-04-08 14:23:47,163.0,33.0,352.25,32.0,158.0,11.0,631.39,23.0,257.62,189.25,44.0,55.0,42.15602056646217,99,-11.0,-14.0,-0.11,161.67,
2025-04-08 14:23:48,163.0,18.0,264.83,18.0,158.0,6.0,435.0,6.0,213.92,101.82999999999998,24.0,24.0,42.41305966326893,48,0.0,-51.0,0.0,161.67,
2025-04-08 14:23:49,163.0,20.0,308.38,32.0,158.0,9.0,328.92,25.0,235.69,145.38,29.0,57.0,40.88720985834145,86,-28.0,38.0,-0.33,163.0,1.0
2025-04-08 14:23:50,164.0,16.0,325.8,20.0,162.67,15.0,393.29,28.0,244.9,161.8,31.0,48.0,31.27840229295776,79,-17.0,-7.0,-0.22,163.0,
2025-04-08 14:23:51,165.0,20.0,223.11,36.0,163.0,20.0,339.45,44.0,194.06,58.110000000000014,40.0,80.0,25.3209265233347,120,-40.0,41.0,-0.33,163.0,
2025-04-08 14:23:52,165.0,14.0,176.85,26.0,160.86,7.0,284.2,20.0,170.92,11.849999999999994,21.0,46.0,30.235204976981127,67,-25.0,-53.0,-0.37,163.0,
2025-04-08 14:23:53,161.27,11.0,171.88,34.0,155.93,29.0,183.45,22.0,166.58,10.609999999999983,40.0,56.0,36.25633737707157,96,-16.0,29.0,-0.17,161.5,4.0
2025-04-08 14:23:54,158.0,12.0,170.78,18.0,155.16,57.0,311.15,33.0,164.39,12.78,69.0,51.0,33.845841694364694,120,18.0,24.0,0.15,161.5,
2025-04-08 14:23:55,160.0,14.0,170.0,14.0,156.05,44.0,291.15,26.0,165.0,10.0,58.0,40.0,12.489175313044074,98,18.0,-22.0,0.18,161.5,
2025-04-08 14:23:56,160.8,25.0,169.12,16.0,157.15,26.0,259.0,24.0,164.96,8.319999999999993,51.0,40.0,2.67076767988774,91,11.0,-7.0,0.12,161.5,
2025-04-08 14:23:57,163.85,52.0,167.0,22.0,160.0,22.0,342.14,43.0,165.42,3.1500000000000057,74.0,65.0,0.8188406437945474,139,9.0,48.0,0.06,165.0,1.0
2025-04-08 14:23:58,164.06,16.0,165.9,20.0,159.17,29.0,184.0,30.0,164.98,1.8400000000000036,45.0,50.0,0.3667424163209825,95,-5.0,-44.0,-0.05,164.0,6.0
2025-04-08 14:23:59,159.67,9.0,164.56,18.0,158.0,54.0,322.71,34.0,162.11,4.890000000000015,63.0,52.0,1.3463209126830065,115,11.0,20.0,0.1,164.0,
2025-04-08 14:24:00,159.0,8.0,164.0,16.0,158.0,48.0,226.0,40.0,161.5,5.0,56.0,56.0,1.8376833241681063,112,0.0,-3.0,0.0,164.0,
2025-04-08 14:24:01,159.0,7.0,164.0,14.0,158.0,42.0,266.47,15.0,161.5,5.0,49.0,29.0,1.9375809660304484,78,20.0,-34.0,0.26,164.0,
2025-04-08 14:24:02,158.29,17.0,162.29,14.0,157.15,52.0,197.0,7.0,160.29,4.0,69.0,21.0,1.7526922148285022,90,48.0,12.0,0.53,159.0,1.0
2025-04-08 14:24:03,157.63,59.0,161.11,18.0,155.97,91.0,196.5,12.0,159.37,3.480000000000018,150.0,30.0,1.1048212524734786,180,120.0,90.0,0.67,159.0,
2025-04-08 14:24:04,158.84,114.0,160.18,22.0,156.74,81.0,206.67,12.0,159.51,1.3400000000000034,195.0,34.0,1.0343258673723104,229,161.0,49.0,0.7,159.0,
2025-04-08 14:24:05,159.0,142.0,162.61,23.0,157.0,72.0,258.0,16.0,160.8,3.6100000000000136,214.0,39.0,0.891476303619483,253,175.0,24.0,0.69,159.0,2.0
2025-04-08 14:24:06,159.0,140.0,218.36,70.0,157.0,84.0,220.0,14.0,188.68,59.360000000000014,224.0,84.0,12.842692474708402,308,140.0,55.0,0.45,159.0,
2025-04-08 14:24:07,159.0,100.0,217.3,50.0,157.0,60.0,413.64,14.0,188.15,58.30000000000001,160.0,64.0,15.633024979189056,224,96.0,-84.0,0.43,159.0,
2025-04-08 14:24:08,159.0,90.0,208.76,29.0,157.0,54.0,234.6,25.0,183.88,49.75999999999999,144.0,54.0,14.775413022990731,198,90.0,-26.0,0.45,159.0,
2025-04-08 14:24:09,159.0,138.0,214.85,54.0,157.0,84.0,229.29,34.0,186.93,55.85,222.0,88.0,11.82410123434255,310,134.0,112.0,0.43,159.0,2.0
2025-04-08 14:24:10,159.0,51.0,211.19,36.0,157.0,72.0,212.33,36.0,185.1,52.19,123.0,72.0,2.029327474804428,195,51.0,-115.0,0.26,159.0,5.0
2025-04-08 14:24:11,158.86,49.0,206.27,67.0,157.21,77.0,206.47,43.0,182.56,47.41,126.0,110.0,2.2550232814745805,236,16.0,41.0,0.07,158.89,9.0
2025-04-08 14:24:12,157.0,75.0,194.96,55.0,156.0,75.0,196.74,23.0,175.98,37.96000000000001,150.0,78.0,4.184578831852133,228,72.0,-8.0,0.32,158.89,
2025-04-08 14:24:13,156.71,70.0,192.18,34.0,153.02,61.0,192.67,18.0,174.45,35.47,131.0,52.0,5.534241592122553,183,79.0,-45.0,0.43,157.0,5.0
2025-04-08 14:24:14,156.0,45.0,184.47,17.0,155.0,18.0,187.44,9.0,170.24,28.47,63.0,26.0,6.073432308009099,89,37.0,-94.0,0.42,157.0,
2025-04-08 14:24:15,156.14,57.0,180.27,33.0,155.31,32.0,182.0,29.0,168.21,24.130000000000024,89.0,62.0,5.58219222169554,151,27.0,62.0,0.18,157.0,
2025-04-08 14:24:16,160.0,12.0,175.6,20.0,156.0,60.0,178.31,16.0,167.8,15.599999999999994,72.0,36.0,3.699328317404252,108,36.0,-43.0,0.33,157.0,
2025-04-08 14:24:17,160.94,17.0,170.62,39.0,156.17,47.0,172.87,15.0,165.78,9.680000000000009,64.0,54.0,3.28764809551489,118,10.0,10.0,0.08,157.0,
2025-04-08 14:24:18,162.0,42.0,168.29,17.0,160.0,13.0,169.29,21.0,165.15,6.289999999999992,55.0,38.0,2.034829231148642,93,17.0,-25.0,0.18,162.0,2.0
2025-04-08 14:24:19,162.0,16.0,164.17,12.0,160.0,8.0,166.12,8.0,163.08,2.1699999999999875,24.0,20.0,2.086942739974555,44,4.0,-49.0,0.09,162.0,
2025-04-08 14:24:20,157.45,22.0,162.06,17.0,155.94,32.0,163.22,9.0,159.76,4.610000000000014,54.0,26.0,3.052127127091416,80,28.0,36.0,0.35,161.33,3.0
2025-04-08 14:24:21,156.0,60.0,159.81,26.0,155.0,24.0,162.72,25.0,157.9,3.8100000000000014,84.0,51.0,3.4149348456333968,135,33.0,55.0,0.24,159.0,2.0
2025-04-08 14:24:22,156.0,40.0,160.0,24.0,155.0,16.0,274.4,10.0,158.0,4.0,56.0,34.0,3.21908682702354,90,22.0,-45.0,0.24,159.0,
2025-04-08 14:24:23,155.0,16.0,159.47,19.0,130.0,24.0,190.67,18.0,157.24,4.469999999999999,40.0,37.0,2.3632350708111343,77,3.0,-13.0,0.04,156.0,5.0
2025-04-08 14:24:24,155.0,11.0,159.0,16.0,119.5,20.0,160.0,24.0,157.0,4.0,31.0,40.0,1.0820351195354152,71,-9.0,-6.0,-0.13,155.0,1.0
2025-04-08 14:24:25,135.0,18.0,157.4,20.0,84.42,24.0,159.86,28.0,146.2,22.40000000000001,42.0,48.0,5.086955867697287,90,-6.0,19.0,-0.07,155.0,1.0
2025-04-08 14:24:26,132.0,21.0,154.43,14.0,37.65,17.0,159.53,17.0,143.21,22.430000000000007,38.0,31.0,7.050127658410938,69,7.0,-21.0,0.1,151.0,2.0
2025-04-08 14:24:27,150.22,36.0,184.29,14.0,83.8,30.0,316.7,44.0,167.25,34.06999999999999,66.0,58.0,9.645752951423573,124,8.0,55.0,0.06,159.6,5.0
2025-04-08 14:24:28,160.0,19.0,194.0,5.0,158.0,10.0,248.6,15.0,177.0,34.0,29.0,20.0,14.190309017068955,49,9.0,-75.0,0.18,160.0,1.0
2025-04-08 14:24:29,160.0,33.0,192.91,11.0,158.0,22.0,287.33,27.0,176.45,32.91,55.0,38.0,16.310017473930557,93,17.0,44.0,0.18,160.0,
2025-04-08 14:24:30,163.0,16.0,190.5,8.0,160.0,24.0,209.0,8.0,176.75,27.5,40.0,16.0,14.525705490610036,56,24.0,-37.0,0.43,160.0,
2025-04-08 14:24:31,163.67,6.0,190.0,2.0,161.2,5.0,225.0,2.0,176.83,26.330000000000013,11.0,4.0,4.256545547736939,15,7.0,-41.0,0.47,160.0,
2025-04-08 14:24:32,164.02,42.0,190.0,10.0,163.28,25.0,296.33,18.0,177.01,25.97999999999999,67.0,28.0,0.2289541438043092,95,39.0,80.0,0.41,164.0,3.0
2025-04-08 14:24:33,164.55,20.0,189.14,14.0,163.93,83.0,401.57,70.0,176.85,24.58999999999997,103.0,84.0,0.2062037826158184,187,19.0,92.0,0.1,164.2,5.0
2025-04-08 14:24:34,164.0,36.0,187.42,12.0,160.55,33.0,414.25,60.0,175.71,23.419999999999987,69.0,72.0,0.5228766584622169,141,-3.0,-46.0,-0.02,164.2,
2025-04-08 14:24:35,164.0,21.0,186.44,9.0,163.0,9.0,325.89,45.0,175.22,22.44,30.0,54.0,0.8060893250525465,84,-24.0,-57.0,-0.29,164.0,1.0
2025-04-08 14:24:36,164.0,20.0,183.86,14.0,163.0,10.0,217.47,19.0,173.93,19.860000000000014,30.0,33.0,1.2641518895931276,63,-3.0,-21.0,-0.05,164.0,
2025-04-08 14:24:37,164.0,12.0,181.17,6.0,163.0,6.0,183.0,12.0,172.58,17.169999999999987,18.0,18.0,1.648899633076302,36,0.0,-27.0,0.0,164.0,
2025-04-08 14:24:38,164.0,16.0,179.23,13.0,163.0,8.0,181.09,11.0,171.62,15.22999999999999,24.0,24.0,1.7263748144467312,48,0.0,12.0,0.0,164.0,
2025-04-08 14:24:39,164.0,14.0,175.57,7.0,163.0,7.0,177.0,14.0,169.79,11.569999999999991,21.0,21.0,2.090829978729123,42,0.0,-6.0,0.0,164.0,
2025-04-08 14:24:40,164.0,12.0,174.0,9.0,163.0,9.0,177.0,18.0,169.0,10.0,21.0,27.0,2.011996520858985,48,-6.0,6.0,-0.12,164.0,1.0
2025-04-08 14:24:41,164.25,12.0,172.89,18.0,163.1,10.0,175.0,12.0,168.57,8.639999999999986,22.0,30.0,1.723592179126323,52,-8.0,4.0,-0.15,164.0,
2025-04-08 14:24:42,165.0,18.0,172.0,12.0,164.0,6.0,174.0,6.0,168.5,7.0,24.0,18.0,1.2935725723526013,42,6.0,-10.0,0.14,164.0,
2025-04-08 14:24:43,165.0,30.0,171.0,11.0,163.0,10.0,172.11,19.0,168.0,6.0,40.0,30.0,0.6706489394166945,70,10.0,28.0,0.14,164.0,
2025-04-08 14:24:44,165.0,21.0,171.0,12.0,163.83,29.0,435.97,29.0,168.0,6.0,50.0,41.0,0.4236507995267662,91,9.0,21.0,0.1,164.0,
2025-04-08 14:24:45,165.0,39.0,167.0,26.0,164.0,156.0,212.93,29.0,166.0,2.0,195.0,55.0,1.0490376542040187,250,140.0,159.0,0.56,164.0,
2025-04-08 14:24:46,165.0,17.0,166.0,26.0,164.0,156.0,168.0,26.0,165.5,1.0,173.0,52.0,1.3509256085869512,225,121.0,-25.0,0.54,165.0,2.0
2025-04-08 14:24:47,165.0,10.0,166.0,20.0,164.0,120.0,168.0,20.0,165.5,1.0,130.0,40.0,1.294217910529065,170,90.0,-55.0,0.53,165.0,1.0
2025-04-08 14:24:48,164.0,100.0,165.3,20.0,163.0,10.0,168.0,20.0,164.65,1.3000000000000114,110.0,40.0,1.25479081919346,150,70.0,-20.0,0.47,164.0,6.0
2025-04-08 14:24:49,163.9,42.0,287.44,27.0,162.69,13.0,435.6,30.0,225.67,123.54,55.0,57.0,26.95234182775157,112,-2.0,-38.0,-0.02,164.0,6.0
2025-04-08 14:24:50,159.67,12.0,181.77,26.0,158.06,108.0,327.62,34.0,170.72,22.100000000000023,120.0,60.0,26.529782697941005,180,60.0,68.0,0.33,161.25,4.0
2025-04-08 14:24:51,159.84,19.0,222.14,14.0,158.15,53.0,256.96,23.0,190.99,62.29999999999998,72.0,37.0,25.870155198606472,109,35.0,-71.0,0.32,160.0,2.0
2025-04-08 14:24:52,159.0,15.0,225.29,17.0,158.0,225.0,345.9,20.0,192.15,66.28999999999999,240.0,37.0,23.90354534373514,277,203.0,168.0,0.73,160.0,
2025-04-08 14:24:53,158.06,120.0,219.82,28.0,157.76,119.0,221.04,28.0,188.94,61.75999999999999,239.0,56.0,19.89073477778076,295,183.0,18.0,0.62,160.0,
2025-04-08 14:24:54,158.0,147.0,218.0,33.0,156.0,22.0,219.0,11.0,188.0,60.0,169.0,44.0,8.785166475371645,213,125.0,-82.0,0.59,158.0,5.0
2025-04-08 14:24:55,158.0,126.0,217.38,16.0,156.0,24.0,218.06,32.0,187.69,59.38,150.0,48.0,1.9408580576652756,198,102.0,-15.0,0.52,158.0,2.0
2025-04-08 14:24:56,158.0,56.0,214.78,27.0,156.91,22.0,215.62,13.0,186.39,56.78,78.0,40.0,2.167055606116604,118,38.0,-80.0,0.32,158.0,
2025-04-08 14:24:57,158.97,58.0,213.56,55.0,157.7,57.0,214.49,49.0,186.26,54.59,115.0,104.0,1.131339913552848,219,11.0,101.0,0.05,158.2,5.0
2025-04-08 14:24:58,159.05,44.0,211.24,38.0,157.48,46.0,213.32,56.0,185.14,52.19,90.0,94.0,1.1611761278959432,184,-4.0,-35.0,-0.02,158.8,5.0
2025-04-08 14:24:59,159.36,11.0,192.0,4.0,157.27,11.0,209.91,11.0,175.68,32.639999999999986,22.0,15.0,4.865405430176162,37,7.0,-147.0,0.19,161.0,5.0
2025-04-08 14:25:00,158.0,21.0,174.16,25.0,157.0,36.0,181.8,15.0,166.08,16.159999999999997,57.0,40.0,8.927872086895853,97,17.0,60.0,0.18,158.0,1.0
2025-04-08 14:25:01,158.0,16.0,173.75,24.0,157.0,32.0,209.0,8.0,165.88,15.75,48.0,32.0,9.868460872900156,80,16.0,-17.0,0.2,158.0,
2025-04-08 14:25:02,158.22,18.0,171.22,27.0,157.06,34.0,173.41,29.0,164.72,13.0,52.0,56.0,8.80981271083261,108,-4.0,28.0,-0.04,158.0,
2025-04-08 14:25:03,160.0,18.0,167.52,29.0,158.0,18.0,168.4,15.0,163.76,7.52000000000001,36.0,44.0,4.818929341662376,80,-8.0,-28.0,-0.1,158.0,
2025-04-08 14:25:04,159.25,16.0,163.57,14.0,157.45,22.0,164.29,24.0,161.41,4.319999999999993,38.0,38.0,1.9013416315658629,76,0.0,-4.0,0.0,160.0,2.0
2025-04-08 14:25:05,162.71,42.0,163.84,19.0,156.56,9.0,219.0,27.0,163.28,1.1299999999999957,51.0,46.0,1.6700598791431818,97,5.0,21.0,0.05,160.27,11.0
2025-04-08 14:25:06,163.0,21.0,191.57,21.0,157.0,7.0,0.0,0.0,177.29,28.569999999999997,28.0,21.0,6.374642735081791,49,7.0,-48.0,0.14,163.0,3.0
2025-04-08 14:25:09,164.0,42.0,250.82,17.0,163.0,18.0,557.23,13.0,207.41,86.82,60.0,30.0,98.73586354511828,90,30.0,-18.0,0.33,163.0,
2025-04-08 14:25:10,164.0,49.0,205.17,18.0,163.0,21.0,348.84,25.0,184.58,41.16999999999999,70.0,43.0,94.20858639211306,113,27.0,23.0,0.24,163.0,
2025-04-08 14:25:11,164.0,63.0,200.0,18.0,163.0,27.0,201.82,34.0,182.0,36.0,90.0,52.0,93.2171342618954,142,38.0,29.0,0.27,163.0,
2025-04-08 14:25:12,164.0,37.0,200.0,14.0,163.0,21.0,219.57,28.0,182.0,36.0,58.0,42.0,77.4917584004913,100,16.0,-42.0,0.16,164.0,2.0
2025-04-08 14:25:13,164.0,60.0,198.4,40.0,163.0,36.0,221.5,32.0,181.2,34.400000000000006,96.0,72.0,11.23727369071332,168,24.0,68.0,0.14,164.0,
2025-04-08 14:25:14,164.0,35.0,185.85,33.0,163.0,21.0,191.04,27.0,174.92,21.849999999999994,56.0,60.0,3.598777570228032,116,-4.0,-52.0,-0.03,164.0,2.0
2025-04-08 14:25:15,164.0,42.0,167.1,69.0,162.93,55.0,170.43,44.0,165.55,3.0999999999999943,97.0,113.0,7.123537042787346,210,-16.0,94.0,-0.08,164.0,
2025-04-08 14:25:16,164.0,38.0,165.0,72.0,163.0,108.0,166.0,90.0,164.5,1.0,146.0,162.0,8.331703307244664,308,-16.0,98.0,-0.05,164.0,2.0
2025-04-08 14:25:17,162.96,27.0,164.8,50.0,162.66,58.0,170.14,56.0,163.88,1.8400000000000036,85.0,106.0,7.699883115992053,191,-21.0,-117.0,-0.11,163.14,7.0
2025-04-08 14:25:18,162.0,36.0,164.93,30.0,161.0,18.0,314.44,36.0,163.47,2.930000000000007,54.0,66.0,4.791599941556857,120,-12.0,-71.0,-0.1,163.14,
2025-04-08 14:25:19,161.83,35.0,163.57,40.0,160.71,21.0,308.71,45.0,162.7,1.739999999999981,56.0,85.0,1.076545400770232,141,-29.0,21.0,-0.21,162.0,4.0
2025-04-08 14:25:20,161.0,14.0,162.29,28.0,159.0,7.0,333.14,28.0,161.64,1.289999999999992,21.0,56.0,1.10698690142065,77,-35.0,-64.0,-0.45,162.0,
2025-04-08 14:25:21,159.0,7.0,233.86,28.0,158.0,28.0,535.0,28.0,196.43,74.86000000000001,35.0,56.0,15.009271467993992,91,-21.0,14.0,-0.23,161.0,2.0
2025-04-08 14:25:22,157.4,20.0,280.36,22.0,156.71,28.0,296.75,32.0,218.88,122.96,48.0,54.0,25.92910006151342,102,-6.0,11.0,-0.06,158.2,5.0
2025-04-08 14:25:23,156.28,25.0,278.86,14.0,154.67,18.0,280.85,26.0,217.57,122.58,43.0,40.0,28.172052285909373,83,3.0,-19.0,0.04,157.0,4.0
2025-04-08 14:25:24,156.0,24.0,277.56,18.0,155.11,28.0,278.56,18.0,216.78,121.56,52.0,36.0,24.522562060275185,88,16.0,5.0,0.18,156.75,4.0
2025-04-08 14:25:25,156.07,15.0,276.25,16.0,155.09,23.0,278.0,16.0,216.16,120.18,38.0,32.0,9.409619014608626,70,6.0,-18.0,0.09,156.75,
2025-04-08 14:25:26,157.0,8.0,275.12,16.0,156.0,16.0,276.75,16.0,216.06,118.12,24.0,32.0,1.167946916643689,56,-8.0,-14.0,-0.14,156.75,
2025-04-08 14:25:27,156.0,15.0,272.73,22.0,155.0,33.0,274.0,22.0,214.36,116.73000000000002,48.0,44.0,1.185234154120815,92,4.0,36.0,0.04,156.0,1.0
2025-04-08 14:25:28,163.0,5.0,271.8,10.0,156.0,5.0,272.8,10.0,217.4,108.8,10.0,20.0,1.1370664009170206,30,-10.0,-62.0,-0.33,156.0,
2025-04-08 14:25:29,161.75,12.0,204.24,34.0,159.39,33.0,236.07,30.0,182.99,42.49000000000001,45.0,64.0,14.799854053336851,109,-19.0,79.0,-0.17,160.75,4.0
2025-04-08 14:25:30,160.0,7.0,182.14,14.0,156.0,7.0,183.25,16.0,171.07,22.139999999999983,14.0,30.0,21.75127191683376,44,-16.0,-65.0,-0.36,160.75,
2025-04-08 14:25:31,155.25,28.0,182.0,20.0,154.39,23.0,183.0,20.0,168.62,26.75,51.0,40.0,23.477735623351936,91,11.0,47.0,0.12,156.67,6.0
2025-04-08 14:25:32,158.92,36.0,181.38,16.0,155.7,10.0,182.38,16.0,170.15,22.460000000000008,46.0,32.0,20.57329166662395,78,14.0,-13.0,0.18,156.67,
2025-04-08 14:25:33,159.2,25.0,180.33,18.0,158.59,29.0,182.0,18.0,169.77,21.130000000000024,54.0,36.0,5.918462638214956,90,18.0,12.0,0.2,156.67,
2025-04-08 14:25:34,160.0,9.0,179.89,18.0,159.0,45.0,182.0,18.0,169.94,19.889999999999983,54.0,36.0,0.8786068517474657,90,18.0,0.0,0.2,156.67,
2025-04-08 14:25:35,159.19,31.0,176.64,22.0,157.71,42.0,178.0,22.0,167.91,17.44999999999999,73.0,44.0,0.9676104587774376,117,29.0,27.0,0.25,160.0,1.0
2025-04-08 14:25:36,159.77,26.0,175.14,28.0,158.69,59.0,176.71,28.0,167.46,15.369999999999976,85.0,56.0,1.2597737891918128,141,29.0,24.0,0.21,160.0,
2025-04-08 14:25:37,161.0,9.0,172.89,18.0,159.0,45.0,173.89,18.0,166.94,11.889999999999986,54.0,36.0,1.369645939625475,90,18.0,-51.0,0.2,160.0,
2025-04-08 14:25:38,159.57,23.0,170.73,37.0,157.33,43.0,172.79,28.0,165.15,11.159999999999997,66.0,65.0,1.72897368398985,131,1.0,41.0,0.01,159.75,4.0
2025-04-08 14:25:39,159.0,8.0,168.14,7.0,155.0,8.0,169.4,5.0,163.57,9.139999999999986,16.0,12.0,1.8082118238539255,28,4.0,-103.0,0.14,159.75,
2025-04-08 14:25:40,159.0,14.0,167.14,14.0,155.0,14.0,168.08,13.0,163.07,8.139999999999986,28.0,27.0,1.957311932197295,55,1.0,27.0,0.02,159.75,
2025-04-08 14:25:41,159.0,14.0,166.14,14.0,155.0,14.0,167.29,14.0,162.57,7.139999999999986,28.0,28.0,1.7834517094439732,56,0.0,1.0,0.0,159.75,
2025-04-08 14:25:42,159.0,20.0,164.7,20.0,155.0,20.0,167.5,16.0,161.85,5.699999999999989,40.0,36.0,1.2416601789198296,76,4.0,20.0,0.05,159.75,
2025-04-08 14:25:43,158.75,32.0,161.07,28.0,154.97,31.0,163.22,23.0,159.91,2.319999999999993,63.0,51.0,1.42628187954264,114,12.0,38.0,0.11,159.0,2.0
2025-04-08 14:25:44,155.0,17.0,163.76,38.0,154.0,12.0,192.62,16.0,159.38,8.759999999999991,29.0,54.0,1.6318026841223414,83,-25.0,-31.0,-0.3,158.0,2.0
2025-04-08 14:25:49,141.67,54.0,152.44,16.0,109.71,41.0,153.29,21.0,147.05,10.77000000000001,95.0,37.0,10.70582084661572,132,58.0,-47.0,0.44,150.5,6.0
2025-04-08 14:25:50,142.67,54.0,153.0,32.0,80.4,25.0,154.84,25.0,147.83,10.330000000000013,79.0,57.0,7.523847420027034,136,22.0,4.0,0.16,150.5,
2025-04-08 14:25:51,144.0,70.0,152.7,20.0,104.17,30.0,153.8,30.0,148.35,8.699999999999989,100.0,50.0,1.5068510211230894,150,50.0,14.0,0.33,153.0,1.0
2025-04-08 14:25:52,145.0,54.0,154.88,25.0,89.0,9.0,180.91,43.0,149.94,9.879999999999995,63.0,68.0,2.002653240044835,131,-5.0,-19.0,-0.04,152.75,4.0
2025-04-08 14:25:53,148.17,69.0,153.92,39.0,121.82,28.0,171.33,49.0,151.05,5.75,97.0,88.0,1.624678429679685,185,9.0,54.0,0.05,152.75,
2025-04-08 14:25:54,150.84,57.0,153.52,31.0,132.6,30.0,199.65,43.0,152.18,2.680000000000007,87.0,74.0,1.8169617496991557,161,13.0,-24.0,0.08,152.0,3.0
2025-04-08 14:25:55,151.11,47.0,154.0,8.0,127.62,13.0,155.38,24.0,152.55,2.8899999999999864,60.0,32.0,1.715409572047709,92,28.0,-69.0,0.3,152.0,
2025-04-08 14:25:56,153.04,71.0,155.65,26.0,149.62,68.0,290.13,23.0,154.35,2.6100000000000136,139.0,49.0,1.6585023364097988,188,90.0,96.0,0.48,154.5,2.0
2025-04-08 14:25:57,154.0,66.0,156.0,16.0,153.0,44.0,231.47,19.0,155.0,2.0,110.0,35.0,1.619916664486183,145,75.0,-43.0,0.52,156.0,1.0
2025-04-08 14:25:58,153.62,24.0,156.0,8.0,137.63,35.0,357.0,12.0,154.81,2.3799999999999955,59.0,20.0,1.3178656987274846,79,39.0,-66.0,0.49,153.86,7.0
2025-04-08 14:25:59,117.38,8.0,156.0,8.0,35.54,26.0,469.53,34.0,136.69,38.620000000000005,34.0,42.0,7.88043780508878,76,-8.0,-3.0,-0.11,153.0,3.0
2025-04-08 14:26:03,129.85,13.0,152.0,13.0,86.5,28.0,153.0,30.0,140.92,22.15000000000001,41.0,43.0,5.024725863150843,84,-2.0,46.0,-0.02,152.0,1.0
2025-04-08 14:26:04,144.6,5.0,152.0,5.0,143.6,5.0,153.0,15.0,148.3,7.400000000000006,10.0,20.0,8.391804335172772,30,-10.0,-54.0,-0.33,152.0,
2025-04-08 14:26:05,145.36,11.0,314.83,41.0,144.36,11.0,589.78,27.0,230.1,169.46999999999997,22.0,68.0,42.1720509342371,90,-46.0,60.0,-0.51,153.4,5.0
2025-04-08 14:26:06,147.2,10.0,271.2,49.0,145.8,10.0,684.0,30.0,209.2,124.0,20.0,79.0,44.83953478795178,99,-59.0,9.0,-0.6,161.0,1.0
2025-04-08 14:26:07,147.64,11.0,199.52,50.0,86.0,35.0,444.0,40.0,173.58,51.88000000000002,46.0,90.0,38.51986760101811,136,-44.0,37.0,-0.32,149.0,1.0
2025-04-08 14:26:08,148.62,16.0,153.44,64.0,104.81,112.0,155.88,80.0,151.03,4.819999999999993,128.0,144.0,36.11855644955888,272,-16.0,136.0,-0.06,149.0,
2025-04-08 14:26:15,149.97,31.0,151.0,33.0,117.24,33.0,154.0,33.0,150.48,1.0300000000000011,64.0,66.0,17.118476859808084,130,-2.0,-74.0,-0.02,149.0,
2025-04-08 14:26:16,145.14,49.0,151.0,33.0,127.67,81.0,154.0,33.0,148.07,5.860000000000014,130.0,66.0,20.19539873336985,196,64.0,66.0,0.33,150.0,3.0
2025-04-08 14:26:17,134.0,84.0,151.0,36.0,133.0,84.0,154.0,36.0,142.5,17.0,168.0,72.0,20.91493079117901,240,96.0,44.0,0.4,150.0,
2025-04-08 14:26:18,136.68,91.0,153.08,39.0,134.67,116.0,155.38,39.0,144.88,16.400000000000006,207.0,78.0,17.907816729010523,285,129.0,45.0,0.45,150.0,
2025-04-08 14:26:19,140.83,92.0,151.24,38.0,139.78,85.0,154.17,36.0,146.03,10.409999999999997,177.0,74.0,3.045171587916536,251,103.0,-34.0,0.41,151.0,1.0
2025-04-08 14:26:20,146.84,118.0,153.0,36.0,143.94,62.0,155.33,36.0,149.92,6.159999999999997,180.0,72.0,2.862018518433057,252,108.0,1.0,0.43,151.0,3.0
2025-04-08 14:26:21,151.88,120.0,154.57,42.0,150.85,123.0,211.58,38.0,153.22,2.6899999999999977,243.0,80.0,4.254985311356204,323,163.0,71.0,0.5,154.0,3.0
2025-04-08 14:26:22,155.96,80.0,374.5,32.0,154.18,40.0,442.29,31.0,265.23,218.54,120.0,63.0,52.3017191878043,183,57.0,-140.0,0.31,156.0,6.0
2025-04-08 14:26:23,159.04,100.0,360.14,42.0,157.16,63.0,376.07,56.0,259.59,201.1,163.0,98.0,61.80564836647221,261,65.0,78.0,0.25,160.0,2.0
2025-04-08 14:26:24,162.0,80.0,367.2,40.0,158.0,92.0,396.8,40.0,264.6,205.2,172.0,80.0,61.15959671220932,252,92.0,-9.0,0.37,160.0,
2025-04-08 14:26:25,162.0,96.0,258.08,48.0,158.0,120.0,265.0,44.0,210.04,96.07999999999998,216.0,92.0,49.00513881217073,308,124.0,56.0,0.4,160.0,
2025-04-08 14:26:26,162.29,84.0,219.47,60.0,159.39,138.0,220.47,60.0,190.88,57.18000000000001,222.0,120.0,35.061352940240994,342,102.0,34.0,0.3,160.0,
2025-04-08 14:26:27,164.0,21.0,216.07,60.0,162.0,120.0,217.53,60.0,190.03,52.06999999999999,141.0,120.0,36.592557576645255,261,21.0,-81.0,0.08,164.0,1.0
2025-04-08 14:26:28,162.64,22.0,212.9,40.0,160.6,86.0,215.2,40.0,187.77,50.26000000000002,108.0,80.0,32.52224361879195,188,28.0,-73.0,0.15,162.5,4.0
2025-04-08 14:26:29,163.0,32.0,210.38,32.0,162.0,40.0,212.0,32.0,186.69,47.38,72.0,64.0,9.628243349646052,136,8.0,-52.0,0.06,162.5,
2025-04-08 14:26:30,163.0,51.0,209.0,52.0,162.0,65.0,212.0,52.0,186.0,46.0,116.0,104.0,2.110030805459587,220,12.0,84.0,0.05,163.0,1.0
2025-04-08 14:26:31,162.46,39.0,207.76,42.0,159.84,107.0,210.2,50.0,185.11,45.29999999999998,146.0,92.0,1.8953891420984832,238,54.0,18.0,0.23,162.6,5.0
2025-04-08 14:26:32,159.0,110.0,200.79,28.0,158.0,100.0,205.75,32.0,179.89,41.78999999999999,210.0,60.0,3.066385494353013,270,150.0,32.0,0.56,162.0,3.0
2025-04-08 14:26:33,159.0,132.0,190.58,48.0,158.0,80.0,191.38,42.0,174.79,31.580000000000013,212.0,90.0,5.07134893297341,302,122.0,32.0,0.4,162.0,
2025-04-08 14:26:34,159.0,203.0,183.3,57.0,157.46,97.0,186.54,70.0,171.15,24.30000000000001,300.0,127.0,6.436576729905493,427,173.0,125.0,0.41,159.0,5.0
2025-04-08 14:26:35,159.0,60.0,188.58,38.0,158.0,50.0,261.63,19.0,173.79,29.580000000000013,110.0,57.0,5.556984793928566,167,53.0,-168.0,0.32,159.0,
2025-04-08 14:26:36,159.0,50.0,189.0,44.0,158.0,163.0,226.0,11.0,174.0,30.0,213.0,55.0,3.196166453729576,268,158.0,101.0,0.59,159.0,2.0
2025-04-08 14:26:37,159.0,56.0,188.14,56.0,158.0,70.0,226.0,14.0,173.57,29.139999999999983,126.0,70.0,1.3709121051118978,196,56.0,-72.0,0.29,159.0,
2025-04-08 14:26:38,158.42,48.0,187.5,48.0,156.83,60.0,226.0,12.0,172.96,29.080000000000013,108.0,60.0,1.1542226821290489,168,48.0,-28.0,0.29,158.8,5.0
2025-04-08 14:26:39,159.88,136.0,186.1,40.0,157.52,42.0,209.0,16.0,172.99,26.22,178.0,56.0,0.4699680839614116,234,122.0,66.0,0.52,158.8,
2025-04-08 14:26:40,160.0,192.0,184.25,48.0,158.0,48.0,220.71,34.0,172.12,24.25,240.0,82.0,0.7104716742708999,322,158.0,88.0,0.49,158.8,
2025-04-08 14:26:41,160.0,64.0,183.0,16.0,158.0,16.0,202.0,12.0,171.5,23.0,80.0,28.0,0.8153342872342129,108,52.0,-168.0,0.48,158.8,
2025-04-08 14:26:42,160.0,154.0,236.92,26.0,158.0,40.0,592.29,28.0,198.46,76.91999999999999,194.0,54.0,11.67434709094926,248,140.0,140.0,0.56,160.0,3.0
2025-04-08 14:26:44,160.0,178.0,444.39,36.0,158.0,52.0,494.18,28.0,302.19,284.39,230.0,64.0,72.11190435704863,294,166.0,71.0,0.56,160.0,7.0
2025-04-08 14:26:45,161.12,68.0,372.94,16.0,160.1,62.0,455.31,16.0,267.03,211.82,130.0,32.0,64.28513879583826,162,98.0,-132.0,0.6,160.0,
2025-04-08 14:26:46,164.0,64.0,259.27,44.0,161.51,136.0,261.7,20.0,211.64,95.26999999999998,200.0,64.0,53.36645622486298,264,136.0,102.0,0.52,160.0,
2025-04-08 14:26:47,164.82,40.0,203.89,19.0,162.19,31.0,220.33,9.0,184.36,39.06999999999999,71.0,28.0,57.60822120149352,99,43.0,-165.0,0.43,164.0,3.0
2025-04-08 14:26:48,165.0,99.0,182.22,27.0,164.0,9.0,210.67,9.0,173.61,17.22,108.0,36.0,55.13074124297728,144,72.0,45.0,0.5,164.0,
2025-04-08 14:26:49,165.0,121.0,181.89,27.0,164.0,11.0,288.61,23.0,173.44,16.889999999999986,132.0,50.0,39.54321850836164,182,82.0,38.0,0.45,164.0,
2025-04-08 14:26:50,165.0,99.0,181.0,9.0,164.0,9.0,182.0,27.0,173.0,16.0,108.0,36.0,16.594007954679803,144,72.0,-38.0,0.5,164.0,
2025-04-08 14:26:51,165.0,106.0,176.73,26.0,164.0,14.0,200.91,33.0,170.87,11.72999999999999,120.0,59.0,5.315461409882588,179,61.0,35.0,0.34,165.0,7.0
2025-04-08 14:26:52,165.0,40.0,172.7,23.0,164.0,10.0,199.33,27.0,168.85,7.699999999999989,50.0,50.0,2.052712839132921,100,0.0,-79.0,0.0,165.0,
2025-04-08 14:26:53,164.69,35.0,167.76,34.0,163.1,61.0,169.39,36.0,166.23,3.069999999999993,96.0,70.0,2.9993115876708183,166,26.0,66.0,0.16,165.0,4.0
2025-04-08 14:26:54,163.09,44.0,165.91,22.0,162.26,76.0,166.83,24.0,164.5,2.819999999999993,120.0,46.0,3.4264340063586234,166,74.0,0.0,0.45,163.17,6.0
2025-04-08 14:26:55,162.0,66.0,164.46,26.0,160.0,80.0,363.8,30.0,163.23,2.460000000000008,146.0,56.0,3.1267682996865425,202,90.0,36.0,0.45,162.0,2.0
2025-04-08 14:26:56,162.0,48.0,163.86,28.0,160.0,80.0,358.1,40.0,162.93,1.8600000000000136,128.0,68.0,2.444058100765947,196,60.0,-6.0,0.31,162.0,1.0
2025-04-08 14:26:57,162.0,40.0,164.0,40.0,160.0,80.0,227.0,40.0,163.0,2.0,120.0,80.0,1.4105211802436703,200,40.0,4.0,0.2,162.0,
2025-04-08 14:26:58,160.63,76.0,164.0,56.0,159.6,80.0,421.14,56.0,162.32,3.3700000000000045,156.0,112.0,0.8028262576134375,268,44.0,68.0,0.16,162.0,4.0
2025-04-08 14:26:59,160.0,35.0,162.0,24.0,159.0,24.0,589.6,25.0,161.0,2.0,59.0,49.0,0.9014044596691656,108,10.0,-160.0,0.09,162.0,
2025-04-08 14:27:00,160.0,60.0,161.0,40.0,159.0,40.0,292.0,50.0,160.5,1.0,100.0,90.0,1.1407015384884067,190,10.0,82.0,0.05,162.0,
2025-04-08 14:27:01,160.0,24.0,237.76,25.0,159.0,24.0,309.86,29.0,198.88,77.75999999999999,48.0,54.0,16.655245419985,102,-6.0,-88.0,-0.06,160.0,4.0
2025-04-08 14:27:02,160.0,14.0,229.86,28.0,159.0,28.0,349.48,31.0,194.93,69.86000000000001,42.0,59.0,19.577463574221017,101,-17.0,-1.0,-0.17,160.0,
2025-04-08 14:27:03,160.0,20.0,163.0,33.0,159.0,40.0,298.3,40.0,161.5,3.0,60.0,73.0,19.718671861967533,133,-13.0,32.0,-0.1,163.0,1.0
2025-04-08 14:27:04,160.6,20.0,280.79,38.0,159.18,34.0,359.94,49.0,220.69,120.19000000000004,54.0,87.0,25.937836262880275,141,-33.0,8.0,-0.23,163.0,
2025-04-08 14:27:05,162.82,34.0,289.45,44.0,161.4,20.0,378.78,46.0,226.14,126.63,54.0,90.0,25.59135146880733,144,-36.0,3.0,-0.25,163.0,
2025-04-08 14:27:06,163.0,41.0,207.15,47.0,162.0,22.0,315.73,51.0,185.07,44.150000000000006,63.0,98.0,26.52827604651344,161,-35.0,17.0,-0.22,163.0,3.0
2025-04-08 14:27:07,158.68,28.0,280.0,45.0,156.55,87.0,327.14,28.0,219.34,121.32,115.0,73.0,28.09850832339741,188,42.0,27.0,0.22,159.91,11.0
2025-04-08 14:27:08,158.0,44.0,280.0,55.0,156.0,147.0,396.06,35.0,219.0,122.0,191.0,90.0,16.451327302077146,281,101.0,93.0,0.36,159.91,
2025-04-08 14:27:09,155.63,27.0,280.0,40.0,100.76,29.0,456.0,32.0,217.81,124.37,56.0,72.0,16.209274197201648,128,-16.0,-153.0,-0.12,157.4,5.0
2025-04-08 14:27:10,163.0,80.0,328.37,38.0,156.84,43.0,457.25,32.0,245.68,165.37,123.0,70.0,21.514396342916047,193,53.0,65.0,0.27,157.4,
2025-04-08 14:27:11,163.0,74.0,434.73,44.0,159.58,86.0,455.23,39.0,298.86,271.73,160.0,83.0,34.845725993300086,243,77.0,50.0,0.32,163.0,4.0
2025-04-08 14:27:12,163.0,11.0,300.09,44.0,160.0,275.0,399.76,41.0,231.55,137.08999999999995,286.0,85.0,33.42259191026567,371,201.0,128.0,0.54,163.0,5.0
2025-04-08 14:27:13,163.0,7.0,210.14,28.0,160.0,175.0,341.0,28.0,186.57,47.13999999999999,182.0,56.0,41.34924823984274,238,126.0,-133.0,0.53,163.0,
2025-04-08 14:27:14,163.0,5.0,224.2,20.0,160.0,125.0,296.33,18.0,193.6,61.19999999999999,130.0,38.0,45.25829172649055,168,92.0,-70.0,0.55,163.0,
2025-04-08 14:27:15,163.91,33.0,216.0,32.0,160.19,80.0,311.0,28.0,189.95,52.09,113.0,60.0,47.61767875484996,173,53.0,5.0,0.31,163.0,
2025-04-08 14:27:16,164.0,72.0,327.17,41.0,163.0,12.0,559.35,40.0,245.59,163.17000000000002,84.0,81.0,27.15454142496344,165,3.0,-8.0,0.02,163.0,
2025-04-08 14:27:17,164.0,66.0,201.0,35.0,160.28,86.0,350.7,46.0,182.5,37.0,152.0,81.0,26.01146228107957,233,71.0,68.0,0.3,163.0,
2025-04-08 14:27:18,164.0,30.0,204.0,15.0,162.88,25.0,279.0,20.0,184.0,40.0,55.0,35.0,26.357440505482007,90,20.0,-143.0,0.22,163.0,
2025-04-08 14:27:19,164.0,66.0,204.0,39.0,162.91,68.0,519.46,52.0,184.0,40.0,134.0,91.0,27.197078335733373,225,43.0,135.0,0.19,164.0,4.0
2025-04-08 14:27:20,160.62,37.0,204.0,33.0,158.29,41.0,293.46,35.0,182.31,43.38,78.0,68.0,27.912014438230948,146,10.0,-79.0,0.07,161.2,5.0
2025-04-08 14:27:21,160.5,8.0,186.5,24.0,159.09,22.0,210.5,18.0,173.5,26.0,30.0,42.0,4.412280589442258,72,-12.0,-74.0,-0.17,161.2,
2025-04-08 14:27:22,161.92,24.0,189.03,37.0,160.0,12.0,356.98,44.0,175.47,27.110000000000014,36.0,81.0,5.000082999307574,117,-45.0,45.0,-0.38,161.2,
2025-04-08 14:27:23,163.0,22.0,173.0,11.0,161.98,111.0,244.67,36.0,168.0,10.0,133.0,47.0,6.561160720478865,180,86.0,63.0,0.48,161.2,
2025-04-08 14:27:24,164.33,15.0,173.0,10.0,162.0,110.0,332.5,36.0,168.67,8.669999999999987,125.0,46.0,5.81023665610492,171,79.0,-9.0,0.46,165.0,1.0
2025-04-08 14:27:25,165.0,15.0,172.26,19.0,162.0,165.0,245.24,37.0,168.63,7.259999999999991,180.0,56.0,3.3974299109675106,236,124.0,65.0,0.53,165.0,
2025-04-08 14:27:26,162.11,114.0,169.92,24.0,160.33,99.0,171.29,21.0,166.01,7.809999999999974,213.0,45.0,3.58514713783576,258,168.0,22.0,0.65,163.5,2.0
2025-04-08 14:27:27,162.18,73.0,165.45,29.0,161.1,100.0,184.32,22.0,163.81,3.269999999999982,173.0,51.0,2.097565255224366,224,122.0,-34.0,0.54,163.0,2.0
2025-04-08 14:27:28,162.0,64.0,163.95,22.0,159.0,40.0,222.62,24.0,162.98,1.9499999999999889,104.0,46.0,2.643879724934795,150,58.0,-74.0,0.39,162.0,4.0
2025-04-08 14:27:29,160.03,60.0,161.9,20.0,158.48,56.0,201.71,42.0,160.97,1.8700000000000043,116.0,62.0,2.9403401163668885,178,54.0,28.0,0.3,161.38,8.0
2025-04-08 14:27:30,159.0,21.0,162.0,18.0,156.0,16.0,231.0,18.0,160.5,3.0,37.0,36.0,2.235001118548119,73,1.0,-105.0,0.01,159.57,7.0
2025-04-08 14:27:31,159.0,13.0,160.52,61.0,158.0,91.0,172.62,39.0,159.76,1.5200000000000102,104.0,100.0,1.7161672412406077,204,4.0,131.0,0.02,159.57,
2025-04-08 14:27:32,159.0,8.0,160.0,40.0,158.0,56.0,335.77,26.0,159.5,1.0,64.0,66.0,1.3807679022575334,130,-2.0,-74.0,-0.02,159.57,
2025-04-08 14:27:33,159.0,10.0,160.0,50.0,158.0,70.0,272.0,36.0,159.5,1.0,80.0,86.0,0.6591509689763656,166,-6.0,36.0,-0.04,159.57,
2025-04-08 14:27:34,159.0,9.0,160.0,45.0,158.0,63.0,234.49,41.0,159.5,1.0,72.0,86.0,0.433035795173518,158,-14.0,-8.0,-0.09,159.57,
2025-04-08 14:27:35,159.0,10.0,238.82,34.0,158.0,70.0,326.64,42.0,198.91,79.82,80.0,76.0,17.595979086141387,156,4.0,-2.0,0.03,160.0,5.0
2025-04-08 14:27:36,159.0,13.0,241.37,27.0,158.0,91.0,292.97,30.0,200.19,82.37,104.0,57.0,21.94095599557935,161,47.0,5.0,0.29,160.0,
2025-04-08 14:27:37,158.2,15.0,200.3,10.0,156.78,54.0,204.46,26.0,179.25,42.10000000000002,69.0,36.0,20.030490508221742,105,33.0,-56.0,0.31,158.25,4.0
2025-04-08 14:27:38,159.72,85.0,181.42,33.0,157.9,60.0,185.88,67.0,170.57,21.69999999999999,145.0,100.0,17.75374833661805,245,45.0,140.0,0.18,160.0,1.0
2025-04-08 14:27:39,160.0,70.0,177.75,12.0,159.0,22.0,180.63,30.0,168.88,17.75,92.0,42.0,15.124466932754151,134,50.0,-111.0,0.37,160.0,3.0
2025-04-08 14:27:40,160.0,25.0,175.08,13.0,159.0,18.0,176.71,14.0,167.54,15.080000000000013,43.0,27.0,13.59412115585098,70,16.0,-64.0,0.23,160.0,4.0
2025-04-08 14:27:41,160.92,26.0,172.87,15.0,158.88,32.0,174.0,15.0,166.89,11.950000000000015,58.0,30.0,5.022601915335864,88,28.0,18.0,0.32,160.0,1.0
2025-04-08 14:27:42,162.0,140.0,168.44,16.0,159.0,40.0,171.39,18.0,165.22,6.439999999999998,180.0,34.0,2.024191196484952,214,146.0,126.0,0.68,160.0,
2025-04-08 14:27:43,160.85,52.0,164.97,31.0,158.73,44.0,166.54,13.0,162.91,4.1200000000000045,96.0,44.0,2.3021663710346263,140,52.0,-74.0,0.37,160.0,
2025-04-08 14:27:44,160.0,30.0,162.88,26.0,158.6,60.0,163.59,22.0,161.44,2.8799999999999955,90.0,48.0,2.5939255964499965,138,42.0,-2.0,0.3,161.0,2.0
2025-04-08 14:27:45,159.0,12.0,161.4,10.0,158.0,60.0,162.86,14.0,160.2,2.4000000000000057,72.0,24.0,2.72906027780888,96,48.0,-42.0,0.5,161.0,
2025-04-08 14:27:46,159.0,12.0,160.67,18.0,158.0,60.0,162.0,6.0,159.83,1.6699999999999875,72.0,24.0,2.203803530242716,96,48.0,0.0,0.5,159.0,1.0
2025-04-08 14:27:47,161.53,19.0,183.06,32.0,158.09,75.0,287.12,34.0,172.29,21.53,94.0,66.0,5.149682514477406,160,28.0,64.0,0.17,160.0,3.0
2025-04-08 14:27:48,163.0,21.0,191.0,21.0,160.0,14.0,208.0,14.0,177.0,28.0,35.0,35.0,7.9522179296044495,70,0.0,-90.0,0.0,160.0,
2025-04-08 14:27:49,163.0,21.0,191.0,21.0,160.0,14.0,208.0,14.0,177.0,28.0,35.0,35.0,8.660319278175109,70,0.0,0.0,0.0,160.0,
2025-04-08 14:27:50,163.0,80.0,190.62,24.0,160.0,16.0,208.0,16.0,176.81,27.620000000000005,96.0,40.0,7.409657886835329,136,56.0,66.0,0.41,160.0,
2025-04-08 14:27:51,163.24,228.0,190.0,57.0,161.69,61.0,251.75,24.0,176.62,26.75999999999999,289.0,81.0,2.0487142309142987,370,208.0,168.0,0.56,163.0,10.0
2025-04-08 14:27:52,163.21,52.0,190.0,36.0,161.17,18.0,283.0,12.0,176.61,26.789999999999992,70.0,48.0,0.1925357108518518,118,22.0,-168.0,0.19,163.0,
2025-04-08 14:27:53,163.83,75.0,190.0,39.0,157.48,23.0,283.0,13.0,176.91,26.169999999999987,98.0,52.0,0.173349358098541,150,46.0,32.0,0.31,162.25,4.0
2025-04-08 14:27:54,164.0,70.0,188.17,29.0,159.0,26.0,273.71,21.0,176.09,24.169999999999987,96.0,50.0,0.3164174457147557,146,46.0,-4.0,0.32,162.25,
2025-04-08 14:27:55,164.0,33.0,188.0,27.0,160.85,13.0,319.88,17.0,176.0,24.0,46.0,44.0,0.3866910911207808,90,2.0,-56.0,0.02,164.0,6.0
2025-04-08 14:27:56,164.0,11.0,188.0,33.0,162.0,11.0,383.71,21.0,176.0,24.0,22.0,54.0,0.415295075761584,76,-32.0,-14.0,-0.42,164.0,
2025-04-08 14:27:57,164.0,8.0,187.25,24.0,162.0,8.0,375.0,16.0,175.62,23.25,16.0,40.0,0.4753209441537795,56,-24.0,-20.0,-0.43,164.0,
2025-04-08 14:27:58,164.0,10.0,185.1,30.0,162.0,10.0,187.0,30.0,174.55,21.099999999999994,20.0,60.0,0.6421604160564931,80,-40.0,24.0,-0.5,164.0,
2025-04-08 14:27:59,164.0,9.0,183.74,23.0,162.0,9.0,186.33,27.0,173.87,19.74000000000001,18.0,50.0,0.9549188446923366,68,-32.0,-12.0,-0.47,164.0,
2025-04-08 14:28:00,164.0,9.0,179.63,19.0,162.0,9.0,181.75,16.0,171.82,15.629999999999995,18.0,35.0,1.658634980924407,53,-17.0,-15.0,-0.32,164.0,
2025-04-08 14:28:01,159.92,24.0,177.03,29.0,158.44,16.0,177.87,31.0,168.48,17.110000000000014,40.0,60.0,2.8177774929794777,100,-20.0,47.0,-0.2,161.67,3.0
2025-04-08 14:28:02,158.0,140.0,174.71,28.0,155.11,108.0,176.27,22.0,166.36,16.710000000000008,248.0,50.0,3.513919464065195,298,198.0,168.0,0.66,161.67,
2025-04-08 14:28:03,158.0,150.0,173.56,25.0,155.14,140.0,174.56,32.0,165.78,15.560000000000002,290.0,57.0,3.4976592172381524,347,233.0,49.0,0.67,158.0,4.0
2025-04-08 14:28:04,158.0,82.0,167.12,26.0,156.0,44.0,167.76,21.0,162.56,9.120000000000005,126.0,47.0,3.429081509664685,173,79.0,-168.0,0.46,158.0,4.0
2025-04-08 14:28:05,160.0,64.0,164.03,32.0,158.18,88.0,248.33,36.0,162.02,4.030000000000001,152.0,68.0,2.710830131144035,220,84.0,47.0,0.38,162.2,5.0
2025-04-08 14:28:06,164.62,52.0,169.0,13.0,163.0,52.0,381.76,17.0,166.81,4.379999999999996,104.0,30.0,2.2436532708770773,134,74.0,-86.0,0.55,162.2,
2025-04-08 14:28:07,163.0,24.0,168.0,8.0,159.36,28.0,386.25,8.0,165.5,5.0,52.0,16.0,2.114398259533164,68,36.0,-66.0,0.53,163.44,9.0
2025-04-08 14:28:08,159.0,6.0,168.0,3.0,158.0,18.0,455.0,3.0,163.5,9.0,24.0,6.0,2.022355062771,30,18.0,-38.0,0.6,158.67,3.0
2025-04-08 14:28:09,156.05,195.0,167.73,11.0,155.32,59.0,320.37,19.0,161.89,11.679999999999978,254.0,30.0,2.1652320891569787,284,224.0,168.0,0.79,158.0,5.0
2025-04-08 14:28:10,156.11,85.0,166.8,5.0,155.54,35.0,361.0,10.0,161.45,10.689999999999998,120.0,15.0,2.3025095005047787,135,105.0,-149.0,0.78,158.0,
2025-04-08 14:28:11,156.05,175.0,165.06,32.0,155.53,75.0,221.71,14.0,160.55,9.009999999999993,250.0,46.0,1.952349866164069,296,204.0,161.0,0.69,158.0,
2025-04-08 14:28:12,159.0,20.0,165.0,30.0,157.5,10.0,166.0,10.0,162.0,6.0,30.0,40.0,1.0715269478219718,70,-10.0,-168.0,-0.14,158.0,
2025-04-08 14:28:13,159.0,26.0,163.92,39.0,158.0,13.0,166.0,13.0,161.46,4.919999999999988,39.0,52.0,0.5710078807752011,91,-13.0,21.0,-0.14,158.0,
2025-04-08 14:28:14,155.16,150.0,161.0,30.0,131.23,39.0,163.0,18.0,158.08,5.840000000000003,189.0,48.0,1.5585794814204998,237,141.0,146.0,0.59,157.2,5.0
2025-04-08 14:28:15,155.0,192.0,158.47,17.0,131.37,38.0,159.89,27.0,156.74,3.469999999999999,230.0,44.0,2.2624278993820037,274,186.0,37.0,0.68,157.2,
2025-04-08 14:28:16,155.02,121.0,157.42,19.0,135.22,37.0,275.95,21.0,156.22,2.3999999999999773,158.0,40.0,2.677872289691833,198,118.0,-76.0,0.6,155.0,3.0
2025-04-08 14:28:17,158.22,46.0,295.83,35.0,150.34,95.0,354.39,33.0,227.02,137.61,141.0,68.0,30.878343219802783,209,73.0,11.0,0.35,155.75,8.0
2025-04-08 14:28:18,164.0,6.0,410.42,19.0,158.88,26.0,608.2,25.0,287.21,246.42,32.0,44.0,58.81681800301696,76,-12.0,-133.0,-0.16,164.0,1.0
2025-04-08 14:28:20,159.0,9.0,367.22,36.0,156.0,9.0,673.0,45.0,263.11,208.22000000000003,18.0,81.0,92.81432351744124,99,-63.0,-9.0,-0.64,164.0,
2025-04-08 14:28:21,159.0,10.0,392.8,50.0,156.0,10.0,547.5,40.0,275.9,233.8,20.0,90.0,68.98642714331801,110,-70.0,11.0,-0.64,164.0,
2025-04-08 14:28:22,159.0,10.0,309.65,46.0,156.0,10.0,478.64,44.0,234.33,150.64999999999998,20.0,90.0,67.31007183178701,110,-70.0,0.0,-0.64,164.0,
2025-04-08 14:28:25,163.0,24.0,282.34,38.0,159.32,28.0,514.88,24.0,222.67,119.33999999999996,52.0,62.0,50.69021256613821,114,-10.0,37.0,-0.09,164.0,
2025-04-08 14:28:26,164.29,105.0,239.18,38.0,162.78,23.0,240.54,41.0,201.73,74.89000000000001,128.0,79.0,61.16927602972125,207,49.0,93.0,0.24,164.0,
2025-04-08 14:28:27,165.0,190.0,236.54,52.0,163.0,39.0,237.78,46.0,200.77,71.53999999999999,229.0,98.0,66.69421511645676,327,131.0,120.0,0.4,165.0,5.0
2025-04-08 14:28:28,165.0,120.0,232.95,40.0,163.0,36.0,234.0,46.0,198.97,67.94999999999999,156.0,86.0,60.63101087727417,242,70.0,-85.0,0.29,165.0,
2025-04-08 14:28:29,165.0,120.0,231.08,36.0,163.0,36.0,233.0,48.0,198.04,66.08000000000001,156.0,84.0,10.295954545356778,240,72.0,-2.0,0.3,165.0,3.0
2025-04-08 14:28:30,165.0,91.0,228.67,51.0,163.0,39.0,230.3,40.0,196.83,63.66999999999999,130.0,91.0,1.9911102430647585,221,39.0,-19.0,0.18,165.0,
2025-04-08 14:28:31,165.0,83.0,226.52,42.0,163.0,36.0,228.06,34.0,195.76,61.52000000000001,119.0,76.0,1.9348462471302053,195,43.0,-26.0,0.22,165.0,6.0
2025-04-08 14:28:32,164.86,14.0,213.74,46.0,162.97,40.0,224.12,48.0,189.3,48.88,54.0,94.0,3.820242138926132,148,-40.0,-47.0,-0.27,163.67,3.0
2025-04-08 14:28:33,161.08,25.0,181.1,41.0,161.2,15.0,188.96,46.0,171.09,20.019999999999985,40.0,87.0,11.206450374673077,127,-47.0,-21.0,-0.37,160.75,4.0
2025-04-08 14:28:34,158.12,34.0,177.31,29.0,135.44,18.0,178.43,46.0,167.71,19.19,52.0,75.0,13.8106252573876,127,-23.0,0.0,-0.18,159.78,9.0
2025-04-08 14:28:35,154.0,12.0,174.71,17.0,144.0,12.0,176.18,22.0,164.35,20.710000000000008,24.0,39.0,13.985898970033096,63,-15.0,-64.0,-0.24,159.78,
2025-04-08 14:28:36,157.27,44.0,171.68,38.0,151.54,26.0,172.92,37.0,164.48,14.409999999999997,70.0,75.0,10.388817545801556,145,-5.0,82.0,-0.03,159.78,
2025-04-08 14:28:37,158.0,80.0,167.22,50.0,155.0,30.0,168.33,49.0,162.61,9.22,110.0,99.0,3.366960053213886,209,11.0,64.0,0.05,159.78,
2025-04-08 14:28:38,158.05,44.0,163.27,30.0,155.9,20.0,164.23,26.0,160.66,5.219999999999999,64.0,56.0,2.60756016228425,120,8.0,-89.0,0.07,159.78,
2025-04-08 14:28:39,158.04,54.0,159.95,42.0,156.45,66.0,161.1,42.0,158.99,1.9099999999999968,120.0,84.0,2.380287797709911,204,36.0,84.0,0.18,158.33,6.0
2025-04-08 14:28:40,156.14,42.0,160.25,24.0,155.6,30.0,401.71,38.0,158.2,4.110000000000014,72.0,62.0,2.583480210863456,134,10.0,-70.0,0.07,157.0,2.0
2025-04-08 14:28:41,156.0,48.0,159.41,22.0,155.0,24.0,508.71,34.0,157.7,3.4099999999999966,72.0,56.0,2.007528331037713,128,16.0,-6.0,0.12,157.0,
2025-04-08 14:28:42,156.0,36.0,158.09,22.0,155.0,24.0,183.17,36.0,157.05,2.0900000000000034,60.0,58.0,1.3907012619235406,118,2.0,-10.0,0.02,156.0,2.0
2025-04-08 14:28:43,156.0,35.0,157.6,30.0,155.0,30.0,431.1,50.0,156.8,1.5999999999999943,65.0,80.0,0.8853078560102448,145,-15.0,27.0,-0.1,156.0,1.0
2025-04-08 14:28:44,161.83,36.0,305.28,32.0,158.2,41.0,500.86,35.0,233.56,143.44999999999996,77.0,67.0,34.047448068834136,144,10.0,-1.0,0.07,157.0,3.0
2025-04-08 14:28:45,163.0,54.0,190.22,27.0,159.05,65.0,287.71,42.0,176.61,27.22,119.0,69.0,33.0740325633263,188,50.0,44.0,0.27,157.0,
2025-04-08 14:28:46,163.0,20.0,189.92,13.0,162.0,5.0,308.26,23.0,176.46,26.919999999999987,25.0,36.0,31.454704417622164,61,-11.0,-127.0,-0.18,163.0,5.0
2025-04-08 14:28:47,159.13,90.0,186.95,20.0,156.5,36.0,189.75,36.0,173.04,27.819999999999997,126.0,56.0,29.26229109280387,182,70.0,121.0,0.38,161.33,3.0
2025-04-08 14:28:48,159.0,32.0,185.75,12.0,156.0,18.0,186.25,12.0,172.38,26.75,50.0,24.0,26.428028681685625,74,26.0,-108.0,0.35,159.0,5.0
2025-04-08 14:28:49,159.0,18.0,184.11,9.0,156.0,27.0,186.0,27.0,171.56,25.110000000000014,45.0,36.0,2.3644661130920843,81,9.0,7.0,0.11,159.0,
2025-04-08 14:28:50,159.0,26.0,181.16,37.0,156.0,39.0,181.93,29.0,170.08,22.16,65.0,66.0,2.372736816411966,131,-1.0,50.0,-0.01,159.0,
2025-04-08 14:28:51,156.92,26.0,178.5,30.0,155.4,30.0,179.5,30.0,167.71,21.580000000000013,56.0,60.0,2.1236478050635994,116,-4.0,-15.0,-0.03,159.0,2.0
2025-04-08 14:28:52,156.0,24.0,177.96,24.0,155.0,24.0,178.68,19.0,166.98,21.960000000000008,48.0,43.0,2.3524497869131573,91,5.0,-25.0,0.05,159.0,
2025-04-08 14:28:53,156.71,42.0,174.95,22.0,155.56,27.0,176.68,22.0,165.83,18.23999999999998,69.0,44.0,2.3398867493841866,113,25.0,22.0,0.22,159.0,
2025-04-08 14:28:54,161.83,58.0,172.04,23.0,156.84,57.0,173.84,32.0,166.94,10.20999999999998,115.0,55.0,1.586905794286739,170,60.0,57.0,0.35,159.0,
2025-04-08 14:28:55,164.0,59.0,167.69,36.0,157.0,72.0,169.21,24.0,165.85,3.6899999999999977,131.0,60.0,0.810598544248744,191,71.0,21.0,0.37,164.0,1.0
2025-04-08 14:28:56,159.23,44.0,164.28,32.0,156.67,45.0,163.68,25.0,161.75,5.050000000000011,89.0,57.0,2.153682892148809,146,32.0,-45.0,0.22,164.0,4.0
2025-04-08 14:28:57,157.0,44.0,159.65,20.0,156.0,42.0,161.17,18.0,158.32,2.6500000000000057,86.0,38.0,3.619277552209705,124,48.0,-22.0,0.39,157.0,4.0
2025-04-08 14:28:58,157.0,16.0,158.46,26.0,156.0,24.0,160.25,8.0,157.73,1.460000000000008,40.0,34.0,4.212905173383803,74,6.0,-50.0,0.08,158.0,4.0
2025-04-08 14:28:59,160.79,66.0,238.68,34.0,157.0,42.0,516.06,50.0,199.73,77.89000000000001,108.0,84.0,17.659050937124125,192,24.0,118.0,0.12,161.0,4.0
2025-04-08 14:29:00,161.67,36.0,267.08,13.0,158.6,20.0,394.22,37.0,214.37,105.41,56.0,50.0,26.723049975629184,106,6.0,-86.0,0.06,162.0,4.0
2025-04-08 14:29:01,156.54,28.0,233.89,19.0,149.36,33.0,284.0,16.0,195.22,77.35,61.0,35.0,25.68786736963573,96,26.0,-10.0,0.27,159.0,5.0
2025-04-08 14:29:02,155.11,72.0,390.42,24.0,146.52,99.0,518.97,31.0,272.76,235.31,171.0,55.0,41.81274171828568,226,116.0,130.0,0.51,159.0,
2025-04-08 14:29:04,156.0,19.0,299.0,40.0,155.0,230.0,586.19,42.0,227.5,143.0,249.0,82.0,64.2720629045016,331,167.0,165.0,0.5,156.0,1.0
2025-04-08 14:29:07,155.3,108.0,269.18,44.0,150.75,181.0,448.21,33.0,212.24,113.88,289.0,77.0,63.72136847243882,366,212.0,102.0,0.58,156.0,
2025-04-08 14:29:08,156.98,169.0,320.1,42.0,155.7,63.0,644.5,24.0,238.54,163.12000000000003,232.0,66.0,52.62002356518138,298,166.0,-68.0,0.56,156.0,
2025-04-08 14:29:11,160.0,171.0,245.08,39.0,158.14,65.0,321.85,55.0,202.54,85.08000000000001,236.0,94.0,93.27073860541852,330,142.0,43.0,0.43,160.0,12.0
2025-04-08 14:29:12,160.76,42.0,183.33,18.0,158.86,57.0,184.46,46.0,172.05,22.57000000000002,99.0,64.0,102.41234095557176,163,35.0,-167.0,0.21,161.0,4.0
2025-04-08 14:29:13,159.0,30.0,180.57,14.0,158.0,40.0,182.85,26.0,169.79,21.569999999999997,70.0,40.0,112.96318572880386,110,30.0,-53.0,0.27,161.0,
2025-04-08 14:29:14,159.0,12.0,178.88,24.0,158.0,32.0,181.0,8.0,168.94,19.879999999999995,44.0,32.0,95.53559425680092,76,12.0,-34.0,0.16,159.0,2.0
2025-04-08 14:29:15,155.77,47.0,175.8,41.0,151.73,44.0,177.44,27.0,165.79,20.03,91.0,68.0,15.103538327158386,159,23.0,83.0,0.14,158.2,5.0
2025-04-08 14:29:16,155.04,238.0,171.95,38.0,147.74,43.0,173.7,27.0,163.49,16.909999999999997,281.0,65.0,3.3805946222396908,346,216.0,168.0,0.62,158.2,
2025-04-08 14:29:17,156.36,125.0,170.04,26.0,155.21,192.0,170.64,22.0,163.2,13.679999999999978,317.0,48.0,3.037230646478772,365,269.0,19.0,0.74,157.0,5.0
2025-04-08 14:29:18,157.0,160.0,166.33,43.0,156.0,160.0,167.33,36.0,161.66,9.330000000000013,320.0,79.0,2.832230569693134,399,241.0,34.0,0.6,157.0,
2025-04-08 14:29:19,157.0,80.0,163.57,14.0,156.0,80.0,164.15,26.0,160.29,6.569999999999993,160.0,40.0,2.069958936766213,200,120.0,-168.0,0.6,157.0,
2025-04-08 14:29:20,157.0,100.0,160.74,27.0,156.0,100.0,161.55,22.0,158.87,3.740000000000009,200.0,49.0,1.952990015308196,249,151.0,49.0,0.61,157.0,
2025-04-08 14:29:21,157.0,86.0,158.13,31.0,156.0,130.0,238.53,17.0,157.56,1.1299999999999957,216.0,48.0,2.2254729834103526,264,168.0,15.0,0.64,157.0,7.0
2025-04-08 14:29:22,157.85,59.0,328.0,16.0,156.33,45.0,585.64,22.0,242.92,170.15,104.0,38.0,37.295638484948135,142,66.0,-122.0,0.46,159.0,1.0
2025-04-08 14:29:23,158.05,73.0,458.67,30.0,157.52,42.0,543.0,20.0,308.36,300.62,115.0,50.0,68.00171064024822,165,65.0,23.0,0.39,159.0,
2025-04-08 14:29:24,161.38,13.0,281.04,53.0,159.21,43.0,412.67,30.0,221.21,119.66000000000004,56.0,83.0,63.13746375964187,139,-27.0,-26.0,-0.19,159.0,
2025-04-08 14:29:25,163.0,9.0,406.61,33.0,162.0,9.0,524.13,30.0,284.8,243.61,18.0,63.0,58.72386482513033,81,-45.0,-58.0,-0.56,159.0,
2025-04-08 14:29:26,161.46,13.0,400.0,18.0,159.78,18.0,448.56,18.0,280.73,238.54,31.0,36.0,34.96694481936138,67,-5.0,-14.0,-0.07,160.75,4.0
2025-04-08 14:29:27,161.78,18.0,415.6,20.0,158.02,82.0,522.62,26.0,288.69,253.82,100.0,46.0,32.81421140299268,146,54.0,79.0,0.37,159.0,4.0
2025-04-08 14:29:28,164.0,40.0,356.0,42.0,159.0,12.0,492.0,24.0,260.0,192.0,52.0,66.0,27.93517549614216,118,-14.0,-28.0,-0.12,164.0,4.0
2025-04-08 14:29:29,164.0,13.0,217.0,65.0,159.0,13.0,380.85,26.0,190.5,53.0,26.0,91.0,40.90746667786017,117,-65.0,-1.0,-0.56,164.0,
2025-04-08 14:29:30,164.0,13.0,216.06,31.0,159.0,20.0,218.94,35.0,190.03,52.06,33.0,66.0,48.36605059336739,99,-33.0,-18.0,-0.33,164.0,
2025-04-08 14:29:31,160.84,19.0,212.88,16.0,159.0,19.0,214.78,18.0,186.86,52.03999999999999,38.0,34.0,47.78418493602364,72,4.0,-27.0,0.06,161.0,4.0
2025-04-08 14:29:32,158.0,140.0,210.65,17.0,157.0,42.0,212.02,53.0,184.32,52.650000000000006,182.0,70.0,32.329352297873776,252,112.0,168.0,0.44,161.0,
2025-04-08 14:29:33,159.0,42.0,195.95,43.0,158.0,180.0,198.2,60.0,177.48,36.94999999999999,222.0,103.0,5.303585579584774,325,119.0,73.0,0.37,159.0,3.0
2025-04-08 14:29:34,159.0,14.0,181.62,42.0,158.0,140.0,184.94,36.0,170.31,22.620000000000005,154.0,78.0,7.911532721285152,232,76.0,-93.0,0.33,159.0,
2025-04-08 14:29:35,158.0,56.0,173.52,29.0,156.86,28.0,174.56,18.0,165.76,15.52000000000001,84.0,47.0,8.973732779615675,131,37.0,-101.0,0.28,158.25,4.0
2025-04-08 14:29:36,157.74,47.0,170.86,28.0,156.16,37.0,173.4,20.0,164.3,13.120000000000005,84.0,48.0,8.395753688617424,132,36.0,1.0,0.27,158.25,
2025-04-08 14:29:37,157.61,33.0,168.64,28.0,156.87,46.0,170.0,28.0,163.12,11.029999999999973,79.0,56.0,5.863879262051565,135,23.0,3.0,0.17,158.25,
2025-04-08 14:29:38,160.04,23.0,165.84,50.0,158.36,28.0,168.15,26.0,162.94,5.800000000000011,51.0,76.0,3.026248502669356,127,-25.0,-8.0,-0.2,158.25,
2025-04-08 14:29:39,162.27,30.0,164.92,48.0,159.53,15.0,168.8,30.0,163.59,2.6499999999999773,45.0,78.0,1.1442115188652553,123,-33.0,-4.0,-0.27,164.0,4.0
2025-04-08 14:29:40,158.32,37.0,167.33,24.0,156.38,74.0,184.25,24.0,162.83,9.01000000000002,111.0,48.0,0.6023537166001018,159,63.0,36.0,0.4,160.2,10.0
2025-04-08 14:29:41,157.1,20.0,168.71,35.0,156.0,60.0,169.29,35.0,162.91,11.610000000000014,80.0,70.0,0.3052376121991187,150,10.0,-9.0,0.07,160.2,
2025-04-08 14:29:42,157.0,34.0,167.29,34.0,156.0,142.0,169.0,85.0,162.15,10.289999999999992,176.0,119.0,0.5108620164979737,295,57.0,145.0,0.19,160.2,
2025-04-08 14:29:43,156.69,32.0,165.08,26.0,155.89,74.0,169.0,65.0,160.88,8.390000000000015,106.0,91.0,1.0256802620207817,197,15.0,-98.0,0.08,156.67,3.0
2025-04-08 14:29:44,155.38,52.0,165.0,24.0,120.44,52.0,169.0,60.0,160.19,9.620000000000005,104.0,84.0,1.209718975587621,188,20.0,-9.0,0.11,156.0,5.0
2025-04-08 14:29:45,155.0,16.0,163.25,8.0,136.06,34.0,169.0,20.0,159.12,8.25,50.0,28.0,1.513522381695843,78,22.0,-110.0,0.28,156.0,
2025-04-08 14:29:46,155.75,64.0,162.14,29.0,150.62,64.0,168.12,41.0,158.94,6.389999999999986,128.0,70.0,1.3231893288156338,198,58.0,120.0,0.29,156.0,
2025-04-08 14:29:47,156.43,84.0,160.54,65.0,155.21,76.0,163.0,26.0,158.48,4.109999999999985,160.0,91.0,0.9844389264393502,251,69.0,53.0,0.27,156.0,
2025-04-08 14:29:48,155.26,141.0,161.02,43.0,151.0,53.0,204.77,35.0,158.14,5.760000000000019,194.0,78.0,0.7811401922108459,272,116.0,21.0,0.43,159.0,3.0
2025-04-08 14:29:49,155.0,132.0,160.62,32.0,142.0,44.0,161.25,40.0,157.81,5.6200000000000045,176.0,72.0,0.5440772002993348,248,104.0,-24.0,0.42,160.33,3.0
2025-04-08 14:29:50,155.0,108.0,161.0,36.0,110.2,20.0,162.0,18.0,158.0,6.0,128.0,54.0,0.4456231590534615,182,74.0,-66.0,0.41,160.33,
2025-04-08 14:29:51,155.0,174.0,159.28,36.0,111.0,16.0,193.95,41.0,157.14,4.280000000000001,190.0,77.0,0.4971720023126154,267,113.0,85.0,0.42,155.8,10.0
2025-04-08 14:29:52,155.2,25.0,158.56,36.0,148.93,29.0,246.71,21.0,156.88,3.3600000000000136,54.0,57.0,0.5535160339885543,111,-3.0,-156.0,-0.03,155.8,
2025-04-08 14:29:53,155.1,70.0,175.21,47.0,135.0,103.0,230.82,22.0,165.16,20.110000000000014,173.0,69.0,3.475474068366405,242,104.0,131.0,0.43,156.0,1.0
2025-04-08 14:29:54,155.0,107.0,199.87,45.0,130.08,106.0,209.15,39.0,177.43,44.870000000000005,213.0,84.0,8.798495325900962,297,129.0,55.0,0.43,156.0,
2025-04-08 14:29:55,155.0,20.0,199.0,15.0,154.0,25.0,201.0,15.0,177.0,44.0,45.0,30.0,10.141721747312646,75,15.0,-168.0,0.2,156.0,
2025-04-08 14:29:56,155.0,36.0,198.0,27.0,154.0,45.0,201.0,27.0,176.5,43.0,81.0,54.0,9.222943131122925,135,27.0,60.0,0.2,156.0,
2025-04-08 14:29:57,155.0,32.0,198.0,24.0,154.0,40.0,201.0,24.0,176.5,43.0,72.0,48.0,5.245685846478134,120,24.0,-15.0,0.2,156.0,
2025-04-08 14:29:58,161.23,26.0,190.91,33.0,160.91,66.0,195.55,33.0,176.07,29.680000000000007,92.0,66.0,0.5243567487394435,158,26.0,38.0,0.16,156.0,
2025-04-08 14:29:59,163.0,11.0,181.36,25.0,162.0,77.0,182.27,33.0,172.18,18.360000000000014,88.0,58.0,1.9675365307777444,146,30.0,-12.0,0.21,156.0,
2025-04-08 14:30:00,162.17,24.0,175.03,30.0,160.2,70.0,176.21,43.0,168.6,12.860000000000014,94.0,73.0,3.509016956348188,167,21.0,21.0,0.13,162.17,6.0
2025-04-08 14:30:01,159.76,51.0,171.92,36.0,159.0,64.0,175.28,47.0,165.84,12.159999999999997,115.0,83.0,4.642781493881845,198,32.0,31.0,0.16,161.33,3.0
2025-04-08 14:30:02,159.0,77.0,169.2,30.0,158.0,11.0,170.71,31.0,164.1,10.199999999999989,88.0,61.0,4.837666792982255,149,27.0,-49.0,0.18,161.33,
2025-04-08 14:30:03,159.0,63.0,166.62,32.0,158.0,24.0,167.38,26.0,162.81,7.620000000000003,87.0,58.0,3.750730595485906,145,29.0,-4.0,0.2,161.33,
2025-04-08 14:30:04,159.0,70.0,165.08,39.0,158.0,40.0,166.92,26.0,162.04,6.0800000000000125,110.0,65.0,2.6227314006407605,175,45.0,30.0,0.26,161.33,
2025-04-08 14:30:05,159.41,71.0,163.29,34.0,158.7,80.0,164.4,50.0,161.35,3.879999999999996,151.0,84.0,1.7815639196790034,235,67.0,60.0,0.29,160.0,8.0
2025-04-08 14:30:06,159.0,69.0,160.92,26.0,158.0,40.0,188.95,38.0,159.96,1.9199999999999875,109.0,64.0,1.5522789697402832,173,45.0,-62.0,0.26,159.0,4.0
2025-04-08 14:30:07,159.92,26.0,334.16,25.0,157.93,29.0,563.82,51.0,247.04,174.24000000000004,55.0,76.0,38.251128741515,131,-21.0,-42.0,-0.16,159.0,3.0
2025-04-08 14:30:08,164.0,18.0,402.18,33.0,158.0,27.0,494.6,15.0,283.09,238.18,45.0,48.0,58.34885028858783,93,-3.0,-38.0,-0.03,159.0,
2025-04-08 14:30:09,164.0,16.0,270.92,24.0,158.0,24.0,235.67,24.0,217.46,106.92000000000002,40.0,48.0,53.77997629229745,88,-8.0,-5.0,-0.09,159.0,
2025-04-08 14:30:10,164.0,12.0,181.83,6.0,158.0,18.0,183.0,6.0,172.92,17.830000000000013,30.0,12.0,51.144415921976105,42,18.0,-46.0,0.43,159.0,
2025-04-08 14:30:11,159.78,32.0,180.43,14.0,156.68,34.0,183.0,14.0,170.1,20.65000000000001,66.0,28.0,48.494492677004985,94,38.0,52.0,0.4,158.58,12.0
2025-04-08 14:30:12,158.71,31.0,176.43,14.0,155.9,42.0,179.07,14.0,167.57,17.72,73.0,28.0,49.65637189727049,101,45.0,7.0,0.45,159.0,1.0
2025-04-08 14:30:13,157.41,17.0,171.88,8.0,155.33,24.0,172.88,8.0,164.64,14.47,41.0,16.0,21.972342160087347,57,25.0,-44.0,0.44,159.0,
2025-04-08 14:30:14,155.58,26.0,167.64,11.0,141.7,92.0,168.82,11.0,161.61,12.059999999999974,118.0,22.0,4.442011931536477,140,96.0,83.0,0.69,155.5,6.0
2025-04-08 14:30:15,158.76,17.0,165.67,9.0,146.83,24.0,167.0,9.0,162.22,6.909999999999997,41.0,18.0,3.595312225649534,59,23.0,-81.0,0.39,155.5,
2025-04-08 14:30:16,159.0,14.0,164.86,7.0,156.0,14.0,167.0,7.0,161.93,5.860000000000014,28.0,14.0,2.5246643341045147,42,14.0,-17.0,0.33,155.5,
2025-04-08 14:30:17,159.0,26.0,161.94,16.0,156.0,26.0,162.89,18.0,160.47,2.9399999999999977,52.0,34.0,1.5300751615180723,86,18.0,44.0,0.21,155.5,
2025-04-08 14:30:18,158.29,31.0,159.82,11.0,157.29,34.0,203.76,17.0,159.05,1.5300000000000011,65.0,28.0,1.303180724186314,93,37.0,7.0,0.4,158.33,6.0
2025-04-08 14:30:19,157.0,18.0,159.0,6.0,156.0,12.0,275.8,10.0,158.0,2.0,30.0,16.0,1.8178916359036132,46,14.0,-47.0,0.3,158.33,
2025-04-08 14:30:20,157.0,33.0,239.93,15.0,151.82,11.0,376.94,32.0,198.47,82.93,44.0,47.0,17.32919444174809,91,-3.0,45.0,-0.03,159.0,1.0
2025-04-08 14:30:21,159.9,83.0,202.0,18.0,158.68,38.0,384.33,27.0,180.95,42.1,121.0,45.0,17.85730998778724,166,76.0,75.0,0.46,159.0,
2025-04-08 14:30:23,160.33,18.0,218.0,24.0,159.11,79.0,337.12,34.0,189.17,57.66999999999999,97.0,58.0,72.38730323751582,155,39.0,15.0,0.25,162.0,1.0
2025-04-08 14:30:24,160.0,24.0,217.75,16.0,159.0,112.0,298.45,29.0,188.88,57.75,136.0,45.0,67.65003052475356,181,91.0,26.0,0.5,162.0,
2025-04-08 14:30:25,159.03,89.0,216.5,10.0,157.74,38.0,456.33,27.0,187.77,57.47,127.0,37.0,68.64330287799446,164,90.0,-17.0,0.55,159.33,9.0
2025-04-08 14:30:26,159.0,80.0,213.38,13.0,157.0,30.0,214.24,17.0,186.19,54.38,110.0,30.0,67.98541071435905,140,80.0,-24.0,0.57,159.33,
2025-04-08 14:30:27,159.0,40.0,211.5,6.0,157.0,18.0,213.0,12.0,185.25,52.5,58.0,18.0,1.6980341574835576,76,40.0,-64.0,0.53,159.0,4.0
2025-04-08 14:30:28,159.0,36.0,209.0,16.0,157.0,27.0,210.82,11.0,184.0,50.0,63.0,27.0,1.946296483061473,90,36.0,14.0,0.4,159.0,
2025-04-08 14:30:29,159.57,28.0,206.14,7.0,158.0,24.0,208.0,14.0,182.86,46.56999999999999,52.0,21.0,1.9040824561907588,73,31.0,-17.0,0.42,159.0,
2025-04-08 14:30:30,162.56,36.0,204.13,15.0,159.0,36.0,206.5,12.0,183.34,41.56999999999999,72.0,27.0,1.3743980500460795,99,45.0,26.0,0.45,159.0,
2025-04-08 14:30:31,164.0,36.0,201.38,13.0,159.0,36.0,202.14,14.0,182.69,37.38,72.0,27.0,1.0394565887848042,99,45.0,0.0,0.45,159.0,
2025-04-08 14:30:32,164.81,64.0,196.38,26.0,160.81,69.0,197.95,22.0,180.6,31.569999999999997,133.0,48.0,1.278209685444869,181,85.0,82.0,0.47,159.0,
2025-04-08 14:30:33,164.76,63.0,179.11,53.0,163.17,72.0,181.23,44.0,171.94,14.350000000000025,135.0,97.0,4.782413616570316,232,38.0,51.0,0.16,159.0,
2025-04-08 14:30:34,163.75,64.0,170.43,35.0,159.72,36.0,172.06,35.0,167.09,6.680000000000007,100.0,70.0,7.232846604204103,170,30.0,-62.0,0.18,164.0,5.0
2025-04-08 14:30:35,160.55,40.0,165.67,43.0,158.59,37.0,167.33,24.0,163.11,5.119999999999976,77.0,67.0,8.448119909182964,144,10.0,-26.0,0.07,160.71,7.0
2025-04-08 14:30:36,164.0,21.0,165.0,37.0,163.0,10.0,320.14,29.0,164.5,1.0,31.0,66.0,7.085024347165067,97,-35.0,-47.0,-0.36,164.33,3.0
2025-04-08 14:30:37,164.0,6.0,165.0,18.0,163.0,6.0,503.33,12.0,164.5,1.0,12.0,30.0,3.5022806854835844,42,-18.0,-55.0,-0.43,164.33,
2025-04-08 14:30:39,163.0,7.0,387.67,15.0,159.0,42.0,616.67,18.0,275.33,224.67,49.0,33.0,89.13686908345,82,16.0,-12.0,0.2,164.33,
2025-04-08 14:30:40,159.21,38.0,286.7,27.0,158.43,28.0,287.65,23.0,222.96,127.48999999999998,66.0,50.0,82.44960418340493,116,16.0,34.0,0.14,160.33,3.0
2025-04-08 14:30:41,159.82,22.0,279.92,25.0,158.96,46.0,284.24,33.0,219.87,120.10000000000002,68.0,58.0,73.44293546693365,126,10.0,10.0,0.08,160.33,
2025-04-08 14:30:42,160.0,10.0,279.71,14.0,159.0,28.0,283.8,20.0,219.86,119.70999999999998,38.0,34.0,60.691077186026426,72,4.0,-54.0,0.06,160.33,
2025-04-08 14:30:43,158.71,28.0,280.92,24.0,157.43,14.0,282.0,21.0,219.82,122.21,42.0,45.0,24.50074631516613,87,-3.0,15.0,-0.03,159.2,5.0
2025-04-08 14:30:44,158.0,12.0,277.83,12.0,156.0,6.0,279.31,13.0,217.92,119.82999999999998,18.0,25.0,1.811071506067346,43,-7.0,-44.0,-0.16,159.2,
2025-04-08 14:30:45,158.0,28.0,270.58,31.0,156.0,14.0,273.59,34.0,214.29,112.57999999999998,42.0,65.0,2.4197045274337445,107,-23.0,64.0,-0.21,159.2,
2025-04-08 14:30:46,158.0,14.0,268.29,14.0,156.0,7.0,272.0,21.0,213.14,110.29000000000002,21.0,35.0,3.131370307082668,56,-14.0,-51.0,-0.25,159.2,
2025-04-08 14:30:47,159.33,18.0,265.12,17.0,156.06,16.0,265.9,20.0,212.23,105.79,34.0,37.0,3.249746143943248,71,-3.0,15.0,-0.04,159.2,
2025-04-08 14:30:48,162.0,18.0,262.0,14.0,158.0,12.0,262.86,14.0,212.0,100.0,30.0,28.0,2.41286758859016,58,2.0,-13.0,0.03,159.2,
2025-04-08 14:30:49,162.0,30.0,259.2,20.0,158.0,23.0,260.57,21.0,210.6,97.2,53.0,41.0,1.3725050091216948,94,12.0,36.0,0.13,159.2,
2025-04-08 14:30:50,162.0,36.0,253.33,24.0,158.0,60.0,254.92,24.0,207.67,91.33,96.0,48.0,2.13655563935504,144,48.0,50.0,0.33,159.2,
2025-04-08 14:30:51,161.81,21.0,249.38,26.0,157.78,45.0,251.11,18.0,205.6,87.57,66.0,44.0,2.8896280037497664,110,22.0,-34.0,0.2,159.71,7.0
2025-04-08 14:30:52,158.98,174.0,246.72,36.0,156.57,28.0,247.77,31.0,202.85,87.74000000000001,202.0,67.0,3.7021520768397154,269,135.0,159.0,0.5,159.0,1.0
2025-04-08 14:30:53,159.0,290.0,242.49,35.0,158.0,14.0,243.18,33.0,200.74,83.49000000000001,304.0,68.0,3.886151052139,372,236.0,103.0,0.63,159.0,1.0
2025-04-08 14:30:54,159.0,220.0,235.9,31.0,158.0,11.0,237.06,32.0,197.45,76.9,231.0,63.0,4.012676164361173,294,168.0,-78.0,0.57,159.0,
2025-04-08 14:30:55,159.08,204.0,233.23,39.0,158.41,98.0,235.46,41.0,196.15,74.14999999999998,302.0,80.0,3.866467379925062,382,222.0,88.0,0.58,159.0,
2025-04-08 14:30:56,164.4,53.0,206.3,67.0,159.95,150.0,208.45,75.0,185.35,41.900000000000006,203.0,142.0,6.775826148892173,345,61.0,-37.0,0.18,159.0,
2025-04-08 14:30:57,163.97,31.0,199.51,47.0,161.78,18.0,200.63,38.0,181.74,35.53999999999999,49.0,85.0,8.252177288449188,134,-36.0,-168.0,-0.27,164.6,5.0
2025-04-08 14:30:58,159.0,28.0,195.4,45.0,158.0,14.0,197.39,62.0,177.2,36.400000000000006,42.0,107.0,8.911855586800128,149,-65.0,15.0,-0.44,163.0,2.0
2025-04-08 14:30:59,159.0,96.0,191.47,60.0,158.0,32.0,193.18,34.0,175.23,32.47,128.0,94.0,8.275803888442844,222,34.0,73.0,0.15,163.0,
2025-04-08 14:31:00,158.96,46.0,185.42,50.0,157.2,40.0,185.77,47.0,172.19,26.45999999999998,86.0,97.0,5.23197572623856,183,-11.0,-39.0,-0.06,158.86,7.0
2025-04-08 14:31:01,159.5,16.0,179.19,53.0,156.07,83.0,182.0,52.0,169.34,19.69,99.0,105.0,4.74747827798493,204,-6.0,21.0,-0.03,158.86,
2025-04-08 14:31:02,156.52,46.0,177.72,36.0,155.43,14.0,179.87,31.0,167.12,21.19999999999999,60.0,67.0,4.128126693783611,127,-7.0,-77.0,-0.06,159.5,4.0
2025-04-08 14:31:03,156.2,60.0,173.06,52.0,155.42,66.0,174.8,46.0,164.63,16.860000000000014,126.0,98.0,4.161486513245046,224,28.0,97.0,0.12,159.5,
2025-04-08 14:31:04,159.0,12.0,167.31,42.0,156.0,84.0,168.4,55.0,163.15,8.310000000000002,96.0,97.0,3.6213436732672015,193,-1.0,-31.0,-0.01,159.5,
2025-04-08 14:31:05,159.0,10.0,162.98,48.0,156.63,76.0,163.82,38.0,160.99,3.9799999999999898,86.0,86.0,3.2771527275830272,172,0.0,-21.0,0.0,159.5,
2025-04-08 14:31:06,156.38,32.0,159.29,34.0,155.78,36.0,160.8,30.0,157.83,2.9099999999999966,68.0,64.0,3.5388953078463783,132,4.0,-40.0,0.03,159.0,1.0
2025-04-08 14:31:07,156.0,57.0,157.44,45.0,155.0,18.0,159.0,36.0,156.72,1.4399999999999975,75.0,81.0,3.3764744927053925,156,-6.0,24.0,-0.04,156.0,2.0
2025-04-08 14:31:08,117.01,73.0,156.57,70.0,75.56,86.0,186.54,52.0,136.79,39.55999999999999,159.0,122.0,10.545472014086014,281,37.0,125.0,0.13,155.71,7.0
2025-04-08 14:31:15,117.12,68.0,151.0,10.0,104.3,83.0,152.0,10.0,134.06,33.879999999999995,151.0,20.0,15.263131395614474,171,131.0,33.0,0.77,155.71,
2025-04-08 14:31:17,128.86,35.0,177.0,21.0,101.23,52.0,472.29,14.0,152.93,48.13999999999999,87.0,35.0,15.937356430719362,122,52.0,33.0,0.43,150.33,9.0
2025-04-08 14:31:18,141.94,33.0,265.56,18.0,109.98,62.0,480.0,16.0,203.75,123.62,95.0,34.0,34.64677950401522,129,61.0,7.0,0.47,150.33,
2025-04-08 14:31:19,158.62,32.0,241.0,12.0,156.88,8.0,462.0,6.0,199.81,82.38,40.0,18.0,33.66916838889716,58,22.0,-71.0,0.38,150.33,
2025-04-08 14:31:20,161.75,40.0,241.0,16.0,158.0,8.0,362.57,14.0,201.38,79.25,48.0,30.0,31.20353473566672,78,18.0,20.0,0.23,150.33,
2025-04-08 14:31:21,163.92,61.0,241.0,22.0,158.93,43.0,288.0,44.0,202.46,77.08000000000001,104.0,66.0,21.925428844152744,170,38.0,92.0,0.22,150.33,
2025-04-08 14:31:22,164.0,52.0,234.45,22.0,159.0,65.0,296.5,32.0,199.23,70.44999999999999,117.0,54.0,1.8611904792465868,171,63.0,1.0,0.37,164.0,1.0
2025-04-08 14:31:23,164.21,19.0,275.0,8.0,159.18,28.0,525.0,14.0,219.61,110.79,47.0,22.0,8.543668415853322,69,25.0,-102.0,0.36,164.0,
2025-04-08 14:31:24,161.74,35.0,255.0,16.0,161.75,8.0,733.0,24.0,208.37,93.26,43.0,40.0,8.22097013740202,83,3.0,14.0,0.04,162.22,9.0
2025-04-08 14:31:25,159.0,45.0,255.71,21.0,158.0,9.0,465.9,30.0,207.36,96.71,54.0,51.0,7.764968126145791,105,3.0,22.0,0.03,162.22,
2025-04-08 14:31:26,159.0,25.0,280.0,15.0,158.0,5.0,570.0,22.0,219.5,121.0,30.0,37.0,8.730814967691872,67,-7.0,-38.0,-0.1,162.22,
2025-04-08 14:31:28,159.0,15.0,387.0,6.0,158.0,3.0,623.55,11.0,273.0,228.0,18.0,17.0,57.34779184938348,35,1.0,-16.0,0.03,162.22,
2025-04-08 14:31:29,160.56,41.0,365.59,34.0,158.8,25.0,466.14,28.0,263.07,205.03,66.0,62.0,52.50639132524966,128,4.0,93.0,0.03,162.22,
2025-04-08 14:31:30,163.0,34.0,301.46,35.0,161.49,118.0,409.82,44.0,232.23,138.45999999999998,152.0,79.0,47.09710659902869,231,73.0,103.0,0.32,162.8,5.0
2025-04-08 14:31:31,162.0,100.0,383.12,32.0,159.0,40.0,401.75,32.0,272.56,221.12,140.0,64.0,39.470392321337656,204,76.0,-27.0,0.37,162.0,4.0
2025-04-08 14:31:32,162.49,61.0,345.59,54.0,160.41,85.0,380.41,54.0,254.04,183.1,146.0,108.0,16.864689442745416,254,38.0,50.0,0.15,162.67,6.0
2025-04-08 14:31:33,164.0,10.0,317.0,22.0,160.12,32.0,363.69,32.0,240.5,153.0,42.0,54.0,16.36590205275056,96,-12.0,-158.0,-0.12,162.67,
2025-04-08 14:31:34,164.0,13.0,217.26,31.0,162.0,26.0,241.12,51.0,190.63,53.25999999999999,39.0,82.0,30.55787410799665,121,-43.0,25.0,-0.36,162.67,
2025-04-08 14:31:35,164.0,15.0,214.05,42.0,162.0,30.0,217.25,48.0,189.02,50.05000000000001,45.0,90.0,37.83771266871374,135,-45.0,14.0,-0.33,162.67,
2025-04-08 14:31:36,164.0,10.0,212.63,38.0,163.0,40.0,215.12,34.0,188.32,48.63,50.0,72.0,32.1086097487898,122,-22.0,-13.0,-0.18,162.67,
2025-04-08 14:31:37,164.0,6.0,211.33,24.0,163.0,24.0,213.0,24.0,187.67,47.33000000000001,30.0,48.0,23.098044722444182,78,-18.0,-44.0,-0.23,162.67,
2025-04-08 14:31:38,164.0,15.0,207.54,48.0,163.0,60.0,209.67,42.0,185.77,43.53999999999999,75.0,90.0,1.7849285699972186,165,-15.0,87.0,-0.09,162.67,
2025-04-08 14:31:39,163.41,17.0,203.56,18.0,162.74,38.0,204.95,42.0,183.48,40.150000000000006,55.0,60.0,2.2397254295978315,115,-5.0,-50.0,-0.04,163.33,3.0
2025-04-08 14:31:40,162.38,26.0,200.38,39.0,160.84,31.0,201.5,30.0,181.38,38.0,57.0,69.0,2.899746540644825,126,-12.0,11.0,-0.1,161.8,5.0
2025-04-08 14:31:41,159.0,32.0,197.66,29.0,158.0,72.0,198.9,29.0,178.33,38.66,104.0,58.0,3.661083173047876,162,46.0,36.0,0.28,161.8,
2025-04-08 14:31:42,159.0,44.0,193.25,32.0,158.0,99.0,194.78,23.0,176.12,34.25,143.0,55.0,3.872651546416993,198,88.0,36.0,0.44,161.8,
2025-04-08 14:31:43,158.59,74.0,187.57,44.0,157.67,144.0,188.51,47.0,173.08,28.97999999999999,218.0,91.0,4.128016472830089,309,127.0,111.0,0.41,159.0,4.0
2025-04-08 14:31:44,158.0,44.0,182.25,12.0,156.0,80.0,184.92,37.0,170.12,24.25,124.0,49.0,4.396030027188941,173,75.0,-136.0,0.43,159.0,
2025-04-08 14:31:45,158.0,289.0,177.74,53.0,156.0,248.0,178.87,38.0,167.87,19.74000000000001,537.0,91.0,4.263417643151668,628,446.0,168.0,0.71,159.0,
2025-04-08 14:31:46,158.0,271.0,172.46,37.0,156.0,330.0,174.68,37.0,165.23,14.460000000000008,601.0,74.0,4.274158396682008,675,527.0,47.0,0.78,158.0,1.0
2025-04-08 14:31:47,158.73,132.0,164.6,45.0,156.9,240.0,166.11,38.0,161.66,5.8700000000000045,372.0,83.0,4.397552728497603,455,289.0,-168.0,0.64,162.0,4.0
2025-04-08 14:31:48,158.0,180.0,161.42,36.0,156.0,220.0,162.94,34.0,159.71,3.4199999999999875,400.0,70.0,4.289821674604529,470,330.0,15.0,0.7,162.0,
2025-04-08 14:31:49,158.04,164.0,159.81,43.0,156.41,239.0,161.25,48.0,158.93,1.7700000000000102,403.0,91.0,3.786898467070188,494,312.0,24.0,0.63,158.2,15.0
2025-04-08 14:31:50,157.0,112.0,158.38,24.0,156.0,176.0,161.0,32.0,157.69,1.3799999999999957,288.0,56.0,2.941084833848059,344,232.0,-150.0,0.67,157.0,4.0
2025-04-08 14:31:51,156.47,40.0,158.0,15.0,155.99,89.0,161.0,20.0,157.24,1.5300000000000011,129.0,35.0,1.759809648764657,164,94.0,-168.0,0.57,156.86,7.0
2025-04-08 14:31:52,156.0,92.0,157.48,31.0,155.0,11.0,161.0,44.0,156.74,1.4799999999999898,103.0,75.0,1.227912863309738,178,28.0,14.0,0.16,156.25,4.0
2025-04-08 14:31:53,156.0,8.0,174.1,20.0,120.71,14.0,295.9,10.0,165.05,18.099999999999994,22.0,30.0,3.407499082888434,52,-8.0,-126.0,-0.15,156.0,6.0
2025-04-08 14:31:54,159.0,5.0,207.0,15.0,155.0,5.0,572.0,17.0,183.0,48.0,10.0,32.0,11.183784243265045,42,-22.0,-10.0,-0.52,156.0,
2025-04-08 14:31:55,159.0,7.0,247.48,25.0,155.0,7.0,513.56,27.0,203.24,88.47999999999999,14.0,52.0,19.939976930777465,66,-38.0,24.0,-0.58,156.0,
2025-04-08 14:31:56,159.33,6.0,235.0,30.0,155.67,6.0,359.4,10.0,197.17,75.66999999999999,12.0,40.0,20.0189198010274,52,-28.0,-14.0,-0.54,156.0,
2025-04-08 14:31:57,161.0,6.0,235.0,30.0,159.0,6.0,410.08,12.0,198.0,74.0,12.0,42.0,15.48953420861963,54,-30.0,2.0,-0.56,156.0,
2025-04-08 14:31:58,162.2,20.0,237.82,34.0,159.4,10.0,432.5,26.0,200.01,75.62,30.0,60.0,7.785616867019867,90,-30.0,36.0,-0.33,156.0,
2025-04-08 14:32:00,163.0,12.0,438.0,6.0,161.0,2.0,486.0,2.0,300.5,275.0,14.0,8.0,67.75535425337407,22,6.0,-73.0,0.27,156.0,
2025-04-08 14:32:01,163.0,36.0,259.33,18.0,161.0,6.0,469.83,6.0,211.17,96.32999999999998,42.0,24.0,65.43734430736187,66,18.0,44.0,0.27,156.0,
2025-04-08 14:32:02,163.0,56.0,170.0,33.0,161.0,11.0,313.21,19.0,166.5,7.0,67.0,52.0,72.76257987454954,119,15.0,53.0,0.13,163.0,2.0
2025-04-08 14:32:03,163.14,70.0,283.42,48.0,161.8,20.0,485.04,27.0,223.28,120.28000000000004,90.0,75.0,69.98662872292263,165,15.0,46.0,0.09,164.0,5.0
2025-04-08 14:32:04,163.0,27.0,414.78,18.0,161.0,9.0,609.0,15.0,288.89,251.78,36.0,33.0,56.001777382509765,69,3.0,-96.0,0.04,163.0,6.0
2025-04-08 14:32:05,160.23,13.0,401.62,34.0,158.84,25.0,444.62,29.0,280.92,241.39,38.0,63.0,51.00651987736634,101,-25.0,32.0,-0.25,161.4,5.0
2025-04-08 14:32:06,155.92,13.0,160.82,33.0,151.49,41.0,163.82,33.0,158.37,4.900000000000006,54.0,66.0,61.367400710801896,120,-12.0,19.0,-0.1,159.0,1.0
2025-04-08 14:32:07,156.06,17.0,158.61,23.0,127.76,21.0,382.06,17.0,157.33,2.550000000000012,38.0,40.0,63.59671744673715,78,-2.0,-42.0,-0.03,157.0,3.0
2025-04-08 14:32:08,155.0,11.0,156.09,43.0,106.09,44.0,218.05,22.0,155.55,1.0900000000000034,55.0,65.0,70.07474951792601,120,-10.0,42.0,-0.08,156.0,3.0
2025-04-08 14:32:17,150.43,42.0,290.83,18.0,143.2,30.0,309.41,17.0,220.63,140.39999999999998,72.0,35.0,48.50018175223498,107,37.0,39.0,0.35,153.0,8.0
2025-04-08 14:32:18,161.0,57.0,337.0,27.0,159.0,27.0,469.67,9.0,249.0,176.0,84.0,36.0,61.3477597797991,120,48.0,13.0,0.4,161.0,3.0
2025-04-08 14:32:19,161.0,125.0,335.43,21.0,159.0,15.0,352.69,13.0,248.21,174.43,140.0,34.0,54.993553531300776,174,106.0,54.0,0.61,161.0,1.0
2025-04-08 14:32:20,161.0,192.0,310.12,24.0,159.0,24.0,322.36,14.0,235.56,149.12,216.0,38.0,43.661507875932514,254,178.0,80.0,0.7,161.0,
2025-04-08 14:32:21,161.0,264.0,284.8,45.0,159.0,33.0,301.97,31.0,222.9,123.8,297.0,76.0,13.447923631556517,373,221.0,119.0,0.59,161.0,
2025-04-08 14:32:22,161.0,276.0,291.12,41.0,159.36,33.0,301.05,63.0,226.06,130.12,309.0,104.0,12.125311542396767,413,205.0,40.0,0.5,161.0,3.0
2025-04-08 14:32:23,161.0,189.0,257.39,23.0,160.0,18.0,291.38,29.0,209.2,96.39,207.0,52.0,14.560789126972152,259,155.0,-154.0,0.6,161.0,
2025-04-08 14:32:24,165.54,39.0,210.13,46.0,162.6,105.0,211.08,26.0,187.83,44.59,144.0,72.0,18.51158826249397,216,72.0,-43.0,0.33,161.0,
2025-04-08 14:32:25,165.76,17.0,209.5,48.0,163.88,75.0,210.71,34.0,187.63,43.74000000000001,92.0,82.0,18.461030036270152,174,10.0,-42.0,0.06,165.6,5.0
2025-04-08 14:32:26,161.11,151.0,205.73,26.0,160.6,35.0,207.88,34.0,183.42,44.619999999999976,186.0,60.0,18.25457394737109,246,126.0,72.0,0.51,165.0,4.0
2025-04-08 14:32:27,161.0,168.0,204.12,24.0,160.0,16.0,208.67,36.0,182.56,43.120000000000005,184.0,60.0,10.926274296392451,244,124.0,-2.0,0.51,165.0,
2025-04-08 14:32:28,161.0,240.0,201.51,39.0,160.0,26.0,206.49,49.0,181.26,40.50999999999999,266.0,88.0,3.0126981262624586,354,178.0,110.0,0.5,161.0,3.0
2025-04-08 14:32:29,164.0,15.0,197.78,9.0,161.0,54.0,199.44,9.0,180.89,33.78,69.0,18.0,2.7005129142405617,87,51.0,-168.0,0.59,161.0,
2025-04-08 14:32:30,164.0,40.0,196.42,24.0,161.0,144.0,196.33,24.0,180.21,32.41999999999999,184.0,48.0,1.300257666762402,232,136.0,145.0,0.59,161.0,
2025-04-08 14:32:31,164.0,65.0,178.72,29.0,161.0,234.0,194.78,45.0,171.36,14.72,299.0,74.0,4.496090523995832,373,225.0,141.0,0.6,161.0,
2025-04-08 14:32:32,164.0,70.0,187.89,44.0,161.0,252.0,187.93,44.0,175.94,23.889999999999983,322.0,88.0,4.247760586469065,410,234.0,37.0,0.57,161.0,
2025-04-08 14:32:33,164.0,59.0,183.13,39.0,161.0,234.0,183.71,59.0,173.56,19.129999999999995,293.0,98.0,4.133844457639168,391,195.0,-19.0,0.5,164.0,3.0
2025-04-08 14:32:34,161.68,93.0,179.47,40.0,161.01,234.0,179.4,52.0,170.58,17.789999999999992,327.0,92.0,3.893674357203768,419,235.0,28.0,0.56,164.0,2.0
2025-04-08 14:32:35,162.63,35.0,174.26,27.0,161.43,147.0,177.55,33.0,168.44,11.629999999999995,182.0,60.0,2.874626932305676,242,122.0,-168.0,0.5,163.0,5.0
2025-04-08 14:32:36,162.0,64.0,169.72,32.0,161.0,288.0,171.2,40.0,165.86,7.719999999999999,352.0,72.0,4.000934890739017,424,280.0,168.0,0.66,163.0,
2025-04-08 14:32:37,162.0,18.0,164.76,17.0,161.0,162.0,167.26,27.0,163.38,2.759999999999991,180.0,44.0,3.969418093363694,224,136.0,-168.0,0.61,162.0,2.0
2025-04-08 14:32:38,161.0,177.0,162.38,13.0,159.0,11.0,163.88,17.0,161.69,1.3799999999999957,188.0,30.0,3.619033020008777,218,158.0,-6.0,0.72,161.33,6.0
2025-04-08 14:32:39,161.0,134.0,162.0,13.0,159.0,13.0,491.23,52.0,161.5,1.0,147.0,65.0,2.957715334494976,212,82.0,-6.0,0.39,161.33,
2025-04-08 14:32:40,160.29,14.0,161.56,9.0,158.56,9.0,442.0,24.0,160.92,1.2700000000000102,23.0,33.0,2.0044949488339694,56,-10.0,-156.0,-0.18,161.0,2.0
2025-04-08 14:32:41,157.72,32.0,340.91,32.0,156.94,50.0,563.11,65.0,249.31,183.19000000000003,82.0,97.0,39.11395211430271,179,-15.0,123.0,-0.08,158.5,6.0
2025-04-08 14:32:42,157.0,24.0,289.7,10.0,156.0,16.0,635.76,17.0,223.35,132.7,40.0,27.0,42.07161905608117,67,13.0,-112.0,0.19,158.5,
2025-04-08 14:32:43,157.21,14.0,301.33,9.0,156.23,13.0,430.67,6.0,229.27,144.11999999999998,27.0,15.0,41.00104693785348,42,12.0,-25.0,0.29,158.0,3.0
2025-04-08 14:32:44,157.0,14.0,335.2,20.0,156.0,28.0,461.68,38.0,246.1,178.2,42.0,58.0,35.74866221273365,100,-16.0,58.0,-0.16,158.0,
2025-04-08 14:32:45,157.0,9.0,293.08,13.0,156.0,18.0,323.56,9.0,225.04,136.07999999999998,27.0,22.0,12.196291649521202,49,5.0,-51.0,0.1,158.0,
2025-04-08 14:32:46,158.35,68.0,341.92,39.0,150.32,47.0,464.0,20.0,250.14,183.57,115.0,59.0,12.44934335618474,174,56.0,125.0,0.32,156.33,3.0
2025-04-08 14:32:47,155.0,60.0,300.78,45.0,130.75,48.0,351.89,44.0,227.89,145.77999999999997,108.0,89.0,11.539600079733471,197,19.0,23.0,0.1,156.33,
2025-04-08 14:32:48,155.0,55.0,193.2,25.0,95.83,29.0,343.71,51.0,174.1,38.19999999999999,84.0,76.0,30.314166325336096,160,8.0,-37.0,0.05,156.0,2.0
2025-04-08 14:32:49,158.18,22.0,342.0,40.0,122.62,40.0,468.2,20.0,250.09,183.82,62.0,60.0,31.063120738266853,122,2.0,-38.0,0.02,159.67,3.0
2025-04-08 14:32:50,155.0,64.0,302.1,50.0,96.07,83.0,381.13,68.0,228.55,147.10000000000002,147.0,118.0,31.091131050512573,265,29.0,143.0,0.11,159.67,
2025-04-08 14:32:51,155.0,32.0,320.2,30.0,133.0,64.0,342.94,31.0,237.6,165.2,96.0,61.0,29.11557195042092,157,35.0,-108.0,0.22,159.67,
2025-04-08 14:32:52,155.23,26.0,277.04,25.0,141.38,42.0,288.2,25.0,216.14,121.81000000000004,68.0,50.0,29.16154196883505,118,18.0,-39.0,0.15,155.0,3.0
2025-04-08 14:32:53,156.94,32.0,201.06,18.0,155.0,16.0,290.22,60.0,179.0,44.120000000000005,48.0,78.0,27.194987221915216,126,-30.0,8.0,-0.24,155.0,
2025-04-08 14:32:54,157.68,57.0,168.18,38.0,155.8,15.0,218.22,50.0,162.93,10.5,72.0,88.0,32.35438656504034,160,-16.0,34.0,-0.1,155.0,
2025-04-08 14:32:55,158.5,199.0,164.59,37.0,157.91,47.0,166.12,48.0,161.55,6.090000000000003,246.0,85.0,33.91836272581579,331,161.0,168.0,0.49,155.0,
2025-04-08 14:32:56,159.41,108.0,164.48,63.0,158.87,163.0,166.73,71.0,161.94,5.069999999999993,271.0,134.0,23.436317330159845,405,137.0,74.0,0.34,161.8,5.0
2025-04-08 14:32:57,159.0,96.0,162.21,38.0,156.0,8.0,163.65,26.0,160.61,3.210000000000008,104.0,64.0,7.75581910567202,168,40.0,-168.0,0.24,161.8,
2025-04-08 14:32:58,159.0,107.0,160.88,33.0,156.0,9.0,163.0,27.0,159.94,1.8799999999999957,116.0,60.0,1.1630262249373946,176,56.0,8.0,0.32,160.5,4.0
2025-04-08 14:32:59,159.0,83.0,212.92,25.0,156.0,26.0,248.16,31.0,185.96,53.91999999999999,109.0,56.0,11.185519657124145,165,53.0,-11.0,0.32,159.0,5.0
2025-04-08 14:33:00,163.0,18.0,279.17,24.0,159.0,36.0,281.0,19.0,221.08,116.17000000000002,54.0,43.0,26.48444411347835,97,11.0,-68.0,0.11,163.0,4.0
2025-04-08 14:33:01,159.64,50.0,207.9,40.0,157.95,76.0,279.2,40.0,183.77,48.26000000000002,126.0,80.0,24.949281953594884,206,46.0,109.0,0.22,163.0,
2025-04-08 14:33:02,160.08,39.0,199.48,29.0,159.12,48.0,269.12,32.0,179.78,39.39999999999998,87.0,61.0,22.098284548805832,148,26.0,-58.0,0.18,161.0,3.0
2025-04-08 14:33:03,160.0,64.0,263.7,43.0,159.0,96.0,345.04,49.0,211.85,103.7,160.0,92.0,18.65811539250497,252,68.0,104.0,0.27,161.0,
2025-04-08 14:33:04,160.0,34.0,253.64,44.0,159.0,66.0,310.87,38.0,206.82,93.64,100.0,82.0,18.037354296017128,182,18.0,-70.0,0.1,160.0,2.0
2025-04-08 14:33:05,160.0,24.0,224.17,48.0,159.0,72.0,283.42,48.0,192.08,64.16999999999999,96.0,96.0,14.051909122963494,192,0.0,10.0,0.0,160.0,
2025-04-08 14:33:06,160.0,24.0,193.58,48.0,159.0,72.0,208.47,47.0,176.79,33.58000000000001,96.0,95.0,15.681336996570774,191,1.0,-1.0,0.01,160.0,
2025-04-08 14:33:07,160.22,18.0,191.18,44.0,159.16,50.0,244.27,44.0,175.7,30.960000000000008,68.0,88.0,16.647791745454295,156,-20.0,-35.0,-0.13,160.0,
2025-04-08 14:33:08,159.06,64.0,189.44,36.0,158.73,11.0,209.0,36.0,174.25,30.379999999999995,75.0,72.0,14.103310604251286,147,3.0,-9.0,0.02,160.33,3.0
2025-04-08 14:33:09,159.0,110.0,188.1,40.0,158.0,10.0,395.0,16.0,173.55,29.099999999999994,120.0,56.0,7.709444208239693,176,64.0,29.0,0.36,160.33,
2025-04-08 14:33:10,159.0,99.0,186.67,36.0,158.0,9.0,494.78,9.0,172.83,27.669999999999987,108.0,45.0,1.6094346833423476,153,63.0,-23.0,0.41,160.33,
2025-04-08 14:33:11,160.84,98.0,183.73,60.0,158.93,95.0,396.62,47.0,172.29,22.889999999999983,193.0,107.0,1.3292027685578212,300,86.0,147.0,0.29,162.5,10.0
2025-04-08 14:33:12,159.0,80.0,180.58,31.0,158.0,10.0,293.55,33.0,169.79,21.580000000000013,90.0,64.0,1.7068450427432282,154,26.0,-146.0,0.17,162.5,
2025-04-08 14:33:13,159.26,54.0,175.68,56.0,158.96,117.0,177.0,55.0,167.47,16.420000000000016,171.0,111.0,2.513340406696188,282,60.0,128.0,0.21,162.5,
2025-04-08 14:33:14,160.0,13.0,173.51,51.0,159.0,44.0,175.1,40.0,166.75,13.509999999999993,57.0,91.0,2.7435888904729024,148,-34.0,-134.0,-0.23,162.5,
2025-04-08 14:33:15,161.05,19.0,170.3,40.0,159.3,20.0,172.38,29.0,165.68,9.25,39.0,69.0,2.648108759080823,108,-30.0,-40.0,-0.28,162.5,
2025-04-08 14:33:16,160.8,25.0,168.47,59.0,157.5,80.0,169.51,43.0,164.64,7.6699999999999875,105.0,102.0,1.9551035777969603,207,3.0,99.0,0.01,159.3,10.0
2025-04-08 14:33:17,157.09,53.0,164.74,35.0,156.55,66.0,166.46,39.0,160.92,7.650000000000006,119.0,74.0,2.5670742100506967,193,45.0,-14.0,0.23,157.2,5.0
2025-04-08 14:33:18,157.0,66.0,160.37,35.0,155.0,22.0,163.43,42.0,158.69,3.3700000000000045,88.0,77.0,3.4011953780840565,165,11.0,-28.0,0.07,157.2,
2025-04-08 14:33:19,157.0,41.0,158.28,29.0,155.75,24.0,204.69,35.0,157.64,1.2800000000000011,65.0,64.0,3.551869930035877,129,1.0,-36.0,0.01,157.89,9.0
2025-04-08 14:33:21,156.03,40.0,445.62,26.0,155.14,21.0,666.0,14.0,300.82,289.59000000000003,61.0,40.0,85.08752887468368,101,21.0,40.0,0.21,157.89,
2025-04-08 14:33:22,156.0,44.0,429.0,30.0,155.0,20.0,594.2,10.0,292.5,273.0,64.0,40.0,82.2105098512364,104,24.0,3.0,0.23,156.0,1.0
2025-04-08 14:33:24,160.36,22.0,403.13,23.0,155.84,38.0,495.71,21.0,281.75,242.77,60.0,44.0,18.090634870022257,104,16.0,44.0,0.15,159.0,4.0
2025-04-08 14:33:25,156.0,11.0,392.75,24.0,155.0,16.0,500.5,8.0,274.38,236.75,27.0,32.0,16.75642056050229,59,-5.0,-45.0,-0.08,156.0,1.0
2025-04-08 14:33:26,162.12,16.0,256.36,22.0,155.64,11.0,351.04,24.0,209.24,94.24,27.0,46.0,40.1973987964439,73,-19.0,14.0,-0.26,156.0,
2025-04-08 14:33:27,163.0,20.0,218.45,20.0,158.97,100.0,278.27,22.0,190.72,55.44999999999999,120.0,42.0,52.90098741989857,162,78.0,89.0,0.48,156.0,
2025-04-08 14:33:28,163.0,26.0,245.9,41.0,159.0,143.0,290.27,49.0,204.45,82.9,169.0,90.0,42.5797107787286,259,79.0,97.0,0.31,156.0,
2025-04-08 14:33:29,163.0,18.0,166.7,33.0,160.0,9.0,186.26,27.0,164.85,3.6999999999999886,27.0,60.0,40.55340762500831,87,-33.0,-168.0,-0.38,156.0,
2025-04-08 14:33:30,162.33,18.0,164.78,41.0,159.14,51.0,166.5,32.0,163.56,2.4499999999999886,69.0,73.0,21.51780727676481,142,-4.0,55.0,-0.03,163.0,2.0
2025-04-08 14:33:31,160.0,13.0,164.77,52.0,159.0,143.0,168.0,26.0,162.38,4.77000000000001,156.0,78.0,19.258485662168614,234,78.0,92.0,0.33,163.0,
2025-04-08 14:33:32,159.0,141.0,162.65,48.0,158.0,98.0,189.97,33.0,160.82,3.6500000000000057,239.0,81.0,18.639948229539957,320,158.0,86.0,0.49,159.45,11.0
2025-04-08 14:33:33,159.0,10.0,160.0,24.0,158.0,56.0,161.0,24.0,159.5,1.0,66.0,48.0,2.1269978843179738,114,18.0,-168.0,0.16,159.0,1.0
2025-04-08 14:33:34,158.13,30.0,159.62,24.0,157.75,32.0,161.0,24.0,158.88,1.490000000000009,62.0,48.0,1.9513380024711928,110,14.0,-4.0,0.13,158.17,6.0
2025-04-08 14:33:35,158.0,38.0,159.9,30.0,156.0,10.0,201.0,50.0,158.95,1.9000000000000057,48.0,80.0,1.4905971957187212,128,-32.0,18.0,-0.25,158.17,
2025-04-08 14:33:36,158.0,35.0,159.0,21.0,156.0,7.0,201.0,35.0,158.5,1.0,42.0,56.0,0.9062008606712856,98,-14.0,-30.0,-0.14,158.17,
2025-04-08 14:33:37,159.14,21.0,201.0,30.0,157.61,18.0,762.0,12.0,180.07,41.860000000000014,39.0,42.0,9.448542215595843,81,-3.0,-17.0,-0.04,159.0,3.0
2025-04-08 14:33:38,162.0,14.0,190.62,29.0,158.0,35.0,605.5,20.0,176.31,28.620000000000005,49.0,49.0,10.717265042906725,98,0.0,17.0,0.0,159.0,
2025-04-08 14:33:39,162.0,8.0,190.5,8.0,158.0,20.0,782.0,20.0,176.25,28.5,28.0,28.0,10.423947428873785,56,0.0,-42.0,0.0,159.0,
2025-04-08 14:33:41,163.14,21.0,411.21,29.0,162.0,7.0,674.9,20.0,287.17,248.07,28.0,49.0,88.82467967856795,77,-21.0,-18.0,-0.27,159.0,
2025-04-08 14:33:42,162.48,85.0,295.71,35.0,158.0,46.0,583.24,37.0,229.1,133.23,131.0,72.0,83.29321208838233,203,59.0,126.0,0.29,164.25,4.0
2025-04-08 14:33:43,163.0,55.0,166.57,7.0,158.0,42.0,520.62,26.0,164.79,3.569999999999993,97.0,33.0,85.90169905188273,130,64.0,-73.0,0.49,163.0,2.0
2025-04-08 14:33:44,162.49,59.0,164.96,24.0,157.97,79.0,265.68,28.0,163.72,2.469999999999999,138.0,52.0,88.5867435342344,190,86.0,60.0,0.45,163.0,7.0
2025-04-08 14:33:45,158.0,60.0,163.1,10.0,156.0,10.0,350.93,44.0,160.55,5.099999999999994,70.0,54.0,56.01790365588529,124,16.0,-66.0,0.13,163.0,
2025-04-08 14:33:46,158.0,42.0,163.0,8.0,156.0,8.0,433.0,24.0,160.5,5.0,50.0,32.0,29.894254799207545,82,18.0,-42.0,0.22,158.0,2.0
2025-04-08 14:33:47,158.0,44.0,160.73,11.0,156.0,20.0,161.73,11.0,159.36,2.7299999999999898,64.0,22.0,2.3361999058057576,86,42.0,4.0,0.49,158.0,
2025-04-08 14:33:50,160.0,18.0,229.56,36.0,159.0,63.0,540.1,31.0,194.78,69.56,81.0,67.0,97.62368191171755,148,14.0,-8.0,0.09,158.0,
2025-04-08 14:33:51,160.0,15.0,287.73,22.0,159.0,63.0,499.47,15.0,223.86,127.73000000000002,78.0,37.0,88.06556052169464,115,41.0,-33.0,0.36,160.0,1.0
2025-04-08 14:33:52,160.0,11.0,233.46,39.0,159.0,77.0,305.4,20.0,196.73,73.46000000000001,88.0,59.0,79.09745906159245,147,29.0,32.0,0.2,160.0,
2025-04-08 14:33:53,159.09,35.0,183.18,40.0,158.3,69.0,338.82,33.0,171.13,24.090000000000003,104.0,73.0,65.40668367988202,177,31.0,30.0,0.18,160.89,9.0
2025-04-08 14:33:54,159.0,27.0,356.44,27.0,158.0,54.0,566.84,19.0,257.72,197.44,81.0,46.0,33.09544726998083,127,35.0,-50.0,0.28,160.89,
2025-04-08 14:33:55,163.4,25.0,254.08,25.0,158.85,39.0,406.94,31.0,208.74,90.68,64.0,56.0,32.18879044015312,120,8.0,-7.0,0.07,160.89,
2025-04-08 14:33:56,163.0,10.0,255.83,12.0,158.55,22.0,497.0,12.0,209.42,92.83,32.0,24.0,31.457330942088543,56,8.0,-64.0,0.14,161.5,4.0
2025-04-08 14:33:57,158.27,30.0,255.0,20.0,157.86,103.0,460.18,22.0,206.63,96.73,133.0,42.0,30.81682284078112,175,91.0,119.0,0.52,158.5,2.0
2025-04-08 14:33:58,158.0,88.0,255.0,16.0,156.0,16.0,483.09,22.0,206.5,97.0,104.0,38.0,22.35158428389623,142,66.0,-33.0,0.46,158.5,
2025-04-08 14:33:59,158.0,89.0,255.0,18.0,156.0,18.0,433.91,23.0,206.5,97.0,107.0,41.0,1.4110350810930774,148,66.0,6.0,0.45,158.0,2.0
2025-04-08 14:34:00,158.0,81.0,253.67,18.0,156.0,18.0,274.0,18.0,205.83,95.67,99.0,36.0,1.4017239386102416,135,63.0,-13.0,0.47,158.0,
2025-04-08 14:34:01,158.0,45.0,252.8,10.0,156.0,10.0,347.0,15.0,205.4,94.8,55.0,25.0,0.5333572911940266,80,30.0,-55.0,0.38,158.0,
2025-04-08 14:34:02,159.81,93.0,250.36,39.0,157.97,59.0,311.15,27.0,205.08,90.55,152.0,66.0,0.6403280409825822,218,86.0,138.0,0.39,158.0,
2025-04-08 14:34:03,162.0,175.0,165.17,78.0,160.0,48.0,213.0,57.0,163.58,3.1699999999999875,223.0,135.0,18.845259881467115,358,88.0,140.0,0.25,162.0,7.0
2025-04-08 14:34:04,162.0,40.0,192.92,26.0,160.0,24.0,265.0,23.0,177.46,30.919999999999987,64.0,49.0,19.7460046591712,113,15.0,-168.0,0.13,162.0,
2025-04-08 14:34:05,162.0,16.0,201.0,12.0,160.0,12.0,506.0,12.0,181.5,39.0,28.0,24.0,18.264859156314103,52,4.0,-61.0,0.08,162.0,2.0
2025-04-08 14:34:06,162.44,27.0,199.11,9.0,160.89,27.0,201.0,27.0,180.78,36.670000000000016,54.0,36.0,14.94841797649408,90,18.0,38.0,0.2,162.0,
2025-04-08 14:34:07,163.75,12.0,189.03,30.0,162.9,30.0,195.17,24.0,176.39,25.28,42.0,54.0,7.239158790905757,96,-12.0,6.0,-0.12,162.0,
2025-04-08 14:34:08,163.14,14.0,186.1,10.0,161.9,30.0,301.42,36.0,174.62,22.960000000000008,44.0,46.0,2.922926615561378,90,-2.0,-6.0,-0.02,164.0,1.0
2025-04-08 14:34:09,162.45,22.0,184.62,24.0,161.33,36.0,185.06,48.0,173.54,22.170000000000016,58.0,72.0,3.6012747742922806,130,-14.0,40.0,-0.11,163.0,1.0
2025-04-08 14:34:10,159.4,48.0,181.8,56.0,158.46,92.0,183.0,16.0,170.6,22.40000000000001,140.0,72.0,3.768405498343434,212,68.0,82.0,0.32,161.29,7.0
2025-04-08 14:34:11,159.0,77.0,178.64,55.0,158.0,99.0,181.0,11.0,168.82,19.639999999999983,176.0,66.0,3.0589344549916766,242,110.0,30.0,0.45,161.29,
2025-04-08 14:34:12,159.23,64.0,177.17,47.0,158.04,94.0,178.89,19.0,168.2,17.939999999999998,158.0,66.0,2.8366670583500952,224,92.0,-18.0,0.41,159.0,3.0
2025-04-08 14:34:13,164.0,27.0,174.46,13.0,159.26,38.0,175.85,41.0,169.23,10.460000000000008,65.0,54.0,2.1264101203493526,119,11.0,-105.0,0.09,159.0,
2025-04-08 14:34:14,164.0,30.0,173.98,46.0,160.0,50.0,397.26,35.0,168.99,9.97999999999999,80.0,81.0,0.8866058875962921,161,-1.0,42.0,-0.01,159.0,
2025-04-08 14:34:15,164.0,45.0,171.84,73.0,160.18,67.0,180.8,60.0,167.92,7.840000000000003,112.0,133.0,0.5510626097987619,245,-21.0,84.0,-0.09,159.0,
2025-04-08 14:34:16,161.24,29.0,169.56,36.0,159.48,33.0,171.33,36.0,165.4,8.319999999999993,62.0,72.0,1.5236370958713883,134,-10.0,-111.0,-0.07,163.0,4.0
2025-04-08 14:34:17,162.26,54.0,168.08,49.0,158.4,70.0,169.12,41.0,165.17,5.820000000000022,124.0,90.0,1.9431597978326256,214,34.0,80.0,0.16,159.8,5.0
2025-04-08 14:34:18,164.0,96.0,168.25,48.0,159.0,46.0,279.46,39.0,166.12,4.25,142.0,87.0,1.6656680341263683,229,55.0,15.0,0.24,159.8,
2025-04-08 14:34:19,164.0,64.0,166.93,30.0,159.0,32.0,266.56,18.0,165.47,2.930000000000007,96.0,48.0,1.1213072727435367,144,48.0,-85.0,0.33,159.8,
2025-04-08 14:34:20,164.0,56.0,165.14,14.0,159.0,28.0,167.0,28.0,164.57,1.1399999999999864,84.0,42.0,0.5591332577345842,126,42.0,-18.0,0.33,159.8,
2025-04-08 14:34:21,164.0,23.0,165.0,20.0,159.0,40.0,228.22,46.0,164.5,1.0,63.0,66.0,0.6710663155785528,129,-3.0,3.0,-0.02,164.0,7.0
2025-04-08 14:34:22,161.0,35.0,211.59,34.0,158.86,83.0,316.49,76.0,186.29,50.59,118.0,110.0,9.471190527062635,228,8.0,99.0,0.04,164.0,1.0
2025-04-08 14:34:23,160.39,23.0,362.53,17.0,158.93,60.0,499.0,38.0,261.46,202.14,83.0,55.0,41.85409979918333,138,28.0,-90.0,0.2,164.0,
2025-04-08 14:34:24,159.24,51.0,270.16,57.0,158.37,57.0,283.65,26.0,214.7,110.92000000000002,108.0,83.0,40.8733975832697,191,25.0,53.0,0.13,161.0,2.0
2025-04-08 14:34:25,159.8,25.0,270.0,18.0,158.09,22.0,272.52,25.0,214.9,110.2,47.0,43.0,36.446403114711856,90,4.0,-101.0,0.04,161.0,
2025-04-08 14:34:26,160.49,65.0,267.23,52.0,159.94,85.0,269.0,13.0,213.86,106.74,150.0,65.0,27.072322028228715,215,85.0,125.0,0.4,160.5,8.0
2025-04-08 14:34:27,160.0,72.0,242.61,41.0,159.0,12.0,266.19,27.0,201.3,82.61000000000001,84.0,68.0,23.198510297002468,152,16.0,-63.0,0.11,160.5,
2025-04-08 14:34:28,160.64,45.0,170.14,56.0,159.95,38.0,214.54,57.0,165.39,9.5,83.0,113.0,21.266976748001905,196,-30.0,44.0,-0.15,160.5,
2025-04-08 14:34:29,164.29,38.0,168.89,54.0,161.77,64.0,201.0,36.0,166.59,4.599999999999994,102.0,90.0,24.70671710284504,192,12.0,-4.0,0.06,165.33,3.0
2025-04-08 14:34:30,163.0,24.0,167.12,8.0,160.0,48.0,169.0,32.0,165.06,4.1200000000000045,72.0,40.0,23.38218018064133,112,32.0,-80.0,0.29,165.33,
2025-04-08 14:34:31,163.0,33.0,165.54,26.0,160.0,66.0,167.55,29.0,164.27,2.539999999999992,99.0,55.0,16.10903690479159,154,44.0,42.0,0.29,165.33,
2025-04-08 14:34:32,160.0,49.0,164.0,13.0,159.0,13.0,165.0,52.0,162.0,4.0,62.0,65.0,1.7062737177564025,127,-3.0,-27.0,-0.02,161.12,8.0
2025-04-08 14:34:33,160.0,14.0,162.42,53.0,159.0,14.0,164.24,17.0,161.21,2.4199999999999875,28.0,70.0,2.210052035564538,98,-42.0,-29.0,-0.43,161.12,
2025-04-08 14:34:34,159.57,7.0,161.75,16.0,158.21,19.0,182.18,22.0,160.66,2.180000000000007,26.0,38.0,1.9292615167203973,64,-12.0,-34.0,-0.19,160.0,1.0
2025-04-08 14:34:35,159.0,11.0,162.0,36.0,158.0,59.0,247.73,52.0,160.5,3.0,70.0,88.0,1.5372605504255594,158,-18.0,94.0,-0.11,162.0,1.0
2025-04-08 14:34:36,156.84,64.0,161.33,36.0,156.34,71.0,208.26,27.0,159.09,4.490000000000009,135.0,63.0,1.0704531750107362,198,72.0,40.0,0.36,157.78,9.0
2025-04-08 14:34:37,156.38,66.0,160.0,33.0,149.26,57.0,226.38,42.0,158.19,3.620000000000005,123.0,75.0,1.2479382997117885,198,48.0,0.0,0.24,157.78,
2025-04-08 14:34:38,156.49,47.0,159.45,31.0,155.52,75.0,204.72,46.0,157.97,2.9599999999999795,122.0,77.0,1.258280572799637,199,45.0,1.0,0.23,156.78,9.0
2025-04-08 14:34:39,156.0,26.0,157.0,30.0,153.0,30.0,478.77,26.0,156.5,1.0,56.0,56.0,1.4758556839615695,112,0.0,-87.0,0.0,156.0,1.0
2025-04-08 14:34:41,159.06,104.0,436.85,67.0,157.25,28.0,569.85,34.0,297.95,277.79,132.0,101.0,84.3923019001148,233,31.0,129.0,0.13,156.0,
2025-04-08 14:34:42,160.0,36.0,184.56,27.0,159.0,42.0,220.18,17.0,172.28,24.56,78.0,44.0,82.06443523232298,122,34.0,-111.0,0.28,156.0,
2025-04-08 14:34:43,160.0,77.0,184.0,28.0,159.0,49.0,255.57,7.0,172.0,24.0,126.0,35.0,79.5440291285282,161,91.0,39.0,0.57,156.0,
2025-04-08 14:34:44,162.48,58.0,184.0,40.0,159.79,67.0,268.0,10.0,173.24,21.52000000000001,125.0,50.0,76.2531300996894,175,75.0,14.0,0.43,164.0,3.0
2025-04-08 14:34:45,164.0,51.0,180.94,53.0,160.0,102.0,188.62,32.0,172.47,16.939999999999998,153.0,85.0,56.10595039744032,238,68.0,63.0,0.29,164.0,
2025-04-08 14:34:46,164.0,34.0,177.98,42.0,161.14,42.0,178.24,33.0,170.99,13.97999999999999,76.0,75.0,0.8162291344541289,151,1.0,-87.0,0.01,164.0,1.0
2025-04-08 14:34:47,164.0,16.0,173.25,32.0,162.0,16.0,175.0,8.0,168.62,9.25,32.0,40.0,1.7865133640498625,72,-8.0,-79.0,-0.11,164.0,
2025-04-08 14:34:48,161.1,31.0,172.58,48.0,159.75,64.0,175.0,12.0,166.84,11.480000000000018,95.0,60.0,2.670930549438631,155,35.0,83.0,0.23,162.4,5.0
2025-04-08 14:34:49,160.0,51.0,171.91,44.0,159.0,77.0,175.0,11.0,165.95,11.909999999999997,128.0,55.0,2.743634450855037,183,73.0,28.0,0.4,160.0,1.0
2025-04-08 14:34:50,160.0,48.0,169.47,30.0,159.0,84.0,170.17,30.0,164.73,9.47,132.0,60.0,2.445307751574912,192,72.0,9.0,0.38,160.0,
2025-04-08 14:34:51,160.0,32.0,164.64,14.0,159.0,56.0,166.85,26.0,162.32,4.639999999999986,88.0,40.0,2.3586797154139525,128,48.0,-64.0,0.38,159.8,5.0
2025-04-08 14:34:52,159.0,60.0,162.38,32.0,158.0,50.0,163.12,34.0,160.69,3.3799999999999955,110.0,66.0,2.5555488647057203,176,44.0,48.0,0.25,159.8,
2025-04-08 14:34:53,159.0,65.0,161.26,38.0,158.0,60.0,215.9,42.0,160.13,2.259999999999991,125.0,80.0,2.52251461837056,205,45.0,29.0,0.22,160.6,5.0
2025-04-08 14:34:54,159.0,40.0,161.2,30.0,158.0,40.0,205.69,26.0,160.1,2.1999999999999886,80.0,56.0,1.9719355972973387,136,24.0,-69.0,0.18,160.6,
2025-04-08 14:34:55,158.5,30.0,160.8,30.0,157.74,34.0,196.1,20.0,159.65,2.300000000000012,64.0,50.0,1.0413308791562264,114,14.0,-22.0,0.12,159.0,5.0
2025-04-08 14:34:56,158.0,8.0,161.0,32.0,157.0,24.0,392.0,8.0,159.5,3.0,32.0,40.0,0.4675788702261513,72,-8.0,-42.0,-0.11,158.0,4.0
2025-04-08 14:34:57,161.18,34.0,235.46,24.0,160.18,22.0,439.11,36.0,198.32,74.28,56.0,60.0,17.20874632272533,116,-4.0,44.0,-0.03,162.25,8.0
2025-04-08 14:34:58,164.0,9.0,373.0,9.0,158.6,30.0,512.57,28.0,268.5,209.0,39.0,37.0,47.36498157922159,76,2.0,-40.0,0.03,162.25,
2025-04-08 14:34:59,164.0,11.0,282.73,11.0,159.0,33.0,293.55,11.0,223.36,118.73000000000002,44.0,22.0,46.07527731875362,66,22.0,-10.0,0.33,162.25,
2025-04-08 14:35:00,164.0,7.0,259.86,7.0,159.12,17.0,260.86,7.0,211.93,95.86,24.0,14.0,39.5732816430492,38,10.0,-28.0,0.26,162.25,
2025-04-08 14:35:01,164.0,9.0,257.56,9.0,160.0,9.0,258.67,9.0,210.78,93.56,18.0,18.0,27.159090927351304,36,0.0,-2.0,0.0,162.25,
2025-04-08 14:35:02,164.0,7.0,256.29,7.0,160.0,7.0,257.29,7.0,210.14,92.29000000000002,14.0,14.0,24.943815265515127,28,0.0,-8.0,0.0,162.25,
2025-04-08 14:35:03,159.37,35.0,255.71,14.0,157.77,35.0,257.0,14.0,207.54,96.34,70.0,28.0,6.145762767964327,98,42.0,70.0,0.43,159.1,10.0
2025-04-08 14:35:04,158.06,17.0,248.09,11.0,155.48,31.0,255.0,9.0,203.07,90.03,48.0,20.0,3.5311145549358893,68,28.0,-30.0,0.41,159.1,
2025-04-08 14:35:05,163.0,11.0,232.28,29.0,156.0,33.0,234.73,15.0,197.64,69.28,44.0,44.0,5.49309384591858,88,0.0,20.0,0.0,159.1,
2025-04-08 14:35:06,163.0,14.0,227.9,30.0,156.86,64.0,230.62,26.0,195.45,64.9,78.0,56.0,6.266160706529655,134,22.0,46.0,0.16,159.1,
2025-04-08 14:35:07,163.0,8.0,226.42,12.0,156.36,28.0,228.5,20.0,194.71,63.41999999999999,36.0,32.0,5.477843553812368,68,4.0,-66.0,0.06,159.1,
2025-04-08 14:35:08,157.75,12.0,215.17,24.0,155.2,45.0,216.44,18.0,186.46,57.41999999999999,57.0,42.0,6.004725639030184,99,15.0,31.0,0.15,158.33,3.0
2025-04-08 14:35:09,156.0,15.0,174.14,35.0,155.0,60.0,175.33,15.0,165.07,18.139999999999983,75.0,50.0,13.430589339265625,125,25.0,26.0,0.2,158.33,
2025-04-08 14:35:10,156.0,7.0,172.18,11.0,155.0,28.0,172.59,17.0,164.09,16.180000000000007,35.0,28.0,15.541633762251903,63,7.0,-62.0,0.11,158.33,
2025-04-08 14:35:11,156.0,21.0,169.22,9.0,150.59,27.0,170.92,13.0,162.61,13.22,48.0,22.0,14.917373093140156,70,26.0,7.0,0.37,158.33,
2025-04-08 14:35:12,155.82,22.0,169.0,7.0,153.46,26.0,170.0,7.0,162.41,13.180000000000009,48.0,14.0,10.306101105651743,62,34.0,-8.0,0.55,158.33,
2025-04-08 14:35:13,162.0,182.0,167.5,34.0,157.33,18.0,169.29,14.0,164.75,5.5,200.0,48.0,1.219294878156589,248,152.0,168.0,0.61,158.33,
2025-04-08 14:35:14,162.0,112.0,166.04,24.0,159.0,36.0,166.75,24.0,164.02,4.039999999999992,148.0,48.0,1.01640543086805,196,100.0,-52.0,0.51,162.0,4.0
2025-04-08 14:35:15,162.0,107.0,163.43,14.0,159.0,42.0,166.8,30.0,162.71,1.4300000000000068,149.0,44.0,1.0292230078544482,193,105.0,-3.0,0.54,162.0,4.0
2025-04-08 14:35:16,162.0,53.0,195.67,15.0,159.25,48.0,292.38,29.0,178.83,33.66999999999999,101.0,44.0,6.9340522063155925,145,57.0,-48.0,0.39,162.0,2.0
2025-04-08 14:35:17,162.0,30.0,268.2,30.0,160.0,40.0,471.5,38.0,215.1,106.2,70.0,68.0,22.235513711177266,138,2.0,-7.0,0.01,162.0,
2025-04-08 14:35:18,162.0,19.0,410.63,49.0,160.0,60.0,473.86,43.0,286.32,248.63,79.0,92.0,51.96797504232823,171,-13.0,33.0,-0.08,162.0,2.0
2025-04-08 14:35:19,161.2,10.0,409.59,34.0,159.67,36.0,495.5,30.0,285.39,248.39,46.0,64.0,58.12609783909588,110,-18.0,-61.0,-0.16,160.5,4.0
2025-04-08 14:35:20,159.2,15.0,378.42,19.0,158.16,57.0,408.0,9.0,268.81,219.22000000000003,72.0,28.0,47.854542626591176,100,44.0,-10.0,0.44,160.0,1.0
2025-04-08 14:35:21,159.0,28.0,273.5,22.0,158.0,120.0,446.0,20.0,216.25,114.5,148.0,42.0,36.00980324856361,190,106.0,90.0,0.56,159.0,1.0
2025-04-08 14:35:22,160.89,19.0,249.38,24.0,158.09,66.0,260.12,24.0,205.13,88.49000000000001,85.0,48.0,38.889163014910125,133,37.0,-57.0,0.28,159.0,
2025-04-08 14:35:23,159.9,49.0,248.77,39.0,158.18,98.0,402.98,55.0,204.33,88.87,147.0,94.0,38.28144093422014,241,53.0,108.0,0.22,161.29,7.0
2025-04-08 14:35:24,159.0,18.0,247.44,27.0,158.0,108.0,340.08,39.0,203.22,88.44,126.0,66.0,28.03431504424744,192,60.0,-49.0,0.31,161.29,
2025-04-08 14:35:25,159.56,9.0,246.6,15.0,158.03,66.0,277.0,15.0,203.08,87.03999999999999,75.0,30.0,5.56900080805023,105,45.0,-87.0,0.43,164.0,1.0
2025-04-08 14:35:26,159.57,21.0,243.5,36.0,158.06,136.0,244.5,36.0,201.54,83.93,157.0,72.0,1.3632864702813143,229,85.0,124.0,0.37,159.75,4.0
2025-04-08 14:35:27,159.0,5.0,199.84,19.0,158.0,80.0,243.6,15.0,179.42,40.84,85.0,34.0,10.610915134899116,119,51.0,-110.0,0.43,159.75,
2025-04-08 14:35:28,159.0,8.0,213.5,28.0,158.0,128.0,243.75,24.0,186.25,54.5,136.0,52.0,11.118467520302255,188,84.0,69.0,0.45,159.75,
2025-04-08 14:35:29,159.4,15.0,227.75,36.0,158.02,147.0,237.08,36.0,193.57,68.35,162.0,72.0,10.057110419996803,234,90.0,46.0,0.38,159.75,
2025-04-08 14:35:30,160.28,25.0,162.77,39.0,158.43,28.0,199.54,39.0,161.52,2.490000000000009,53.0,78.0,15.244407171155377,131,-25.0,-103.0,-0.19,161.0,2.0
2025-04-08 14:35:31,159.0,5.0,162.0,9.0,158.0,80.0,172.55,11.0,160.5,3.0,85.0,20.0,14.790762995868045,105,65.0,-26.0,0.62,161.0,
2025-04-08 14:35:32,159.0,8.0,161.0,24.0,158.0,128.0,162.0,33.0,160.0,2.0,136.0,57.0,16.23060904587143,193,79.0,88.0,0.41,161.0,
2025-04-08 14:35:33,158.06,77.0,160.88,24.0,157.76,125.0,162.0,8.0,159.47,2.819999999999993,202.0,32.0,14.865610313737584,234,170.0,41.0,0.73,158.33,3.0
2025-04-08 14:35:34,158.0,194.0,159.22,27.0,156.0,45.0,332.91,33.0,158.61,1.2199999999999989,239.0,60.0,1.09217672556811,299,179.0,65.0,0.6,158.0,7.0
2025-04-08 14:35:35,158.0,46.0,245.82,11.0,156.0,15.0,350.0,10.0,201.91,87.82,61.0,21.0,18.91443284901522,82,40.0,-168.0,0.49,158.0,4.0
2025-04-08 14:35:36,158.06,49.0,348.8,25.0,156.79,33.0,350.0,25.0,253.43,190.74,82.0,50.0,41.61624298275834,132,32.0,50.0,0.24,158.6,5.0
2025-04-08 14:35:37,158.31,39.0,348.0,25.0,157.19,37.0,350.0,25.0,253.15,189.69,76.0,50.0,47.16448748794012,126,26.0,-6.0,0.21,158.6,
2025-04-08 14:35:38,160.0,27.0,347.22,45.0,158.0,99.0,571.22,45.0,253.61,187.22000000000003,126.0,90.0,42.8844927683672,216,36.0,90.0,0.17,158.6,
2025-04-08 14:35:39,161.71,42.0,187.62,40.0,158.9,40.0,306.5,40.0,174.67,25.91,82.0,80.0,36.938360548353415,162,2.0,-54.0,0.01,158.6,
2025-04-08 14:35:40,162.0,60.0,186.0,50.0,160.0,30.0,673.1,50.0,174.0,24.0,90.0,100.0,43.304816360309495,190,-10.0,28.0,-0.05,158.6,
2025-04-08 14:35:41,162.0,48.0,185.38,40.0,160.0,24.0,439.25,40.0,173.69,23.379999999999995,72.0,80.0,43.41423936912937,152,-8.0,-38.0,-0.05,158.6,
2025-04-08 14:35:42,162.0,36.0,183.83,30.0,160.0,18.0,393.0,30.0,172.92,21.830000000000013,54.0,60.0,35.68871348199589,114,-6.0,-38.0,-0.05,162.0,1.0
2025-04-08 14:35:43,162.0,50.0,182.75,60.0,160.0,36.0,319.11,54.0,172.38,20.75,86.0,114.0,0.9000944394486964,200,-28.0,86.0,-0.14,162.0,1.0
2025-04-08 14:35:44,161.85,39.0,180.8,50.0,159.87,31.0,427.96,47.0,171.32,18.950000000000017,70.0,97.0,1.0716902537224344,167,-27.0,-33.0,-0.16,162.0,4.0
2025-04-08 14:35:45,160.0,18.0,178.67,30.0,159.0,24.0,480.0,27.0,169.33,18.669999999999987,42.0,57.0,1.6891033123878771,99,-15.0,-68.0,-0.15,162.0,
2025-04-08 14:35:46,160.0,30.0,176.2,50.0,159.0,40.0,177.3,50.0,168.1,16.19999999999999,70.0,100.0,2.043991193698013,170,-30.0,71.0,-0.18,162.0,
2025-04-08 14:35:47,163.61,31.0,174.78,45.0,159.86,28.0,176.0,45.0,169.2,11.169999999999987,59.0,90.0,1.7380966601175971,149,-31.0,-21.0,-0.21,164.0,4.0
2025-04-08 14:35:48,164.0,24.0,173.92,60.0,160.0,36.0,176.0,60.0,168.96,9.919999999999987,60.0,120.0,1.1846180818766394,180,-60.0,31.0,-0.33,164.0,
2025-04-08 14:35:49,163.0,24.0,171.27,52.0,159.77,35.0,174.64,55.0,167.13,8.27000000000001,59.0,107.0,0.9243538283068856,166,-48.0,-14.0,-0.29,164.0,2.0
2025-04-08 14:35:50,160.79,43.0,168.24,68.0,159.27,55.0,169.79,76.0,164.51,7.450000000000017,98.0,144.0,1.8991182164103413,242,-46.0,76.0,-0.19,161.2,5.0
2025-04-08 14:35:51,159.0,40.0,165.58,38.0,158.0,9.0,167.09,43.0,162.29,6.5800000000000125,49.0,81.0,2.974436080990272,130,-32.0,-112.0,-0.25,161.2,
2025-04-08 14:35:52,159.0,44.0,161.5,40.0,158.0,9.0,162.61,41.0,160.25,2.5,53.0,81.0,3.5239636774361536,134,-28.0,4.0,-0.21,159.0,4.0
2025-04-08 14:35:53,156.91,64.0,159.49,67.0,156.06,143.0,160.51,76.0,158.2,2.5800000000000125,207.0,143.0,3.50252480360673,350,64.0,168.0,0.18,158.25,4.0
2025-04-08 14:35:54,157.0,9.0,158.0,12.0,156.0,72.0,159.0,18.0,157.5,1.0,81.0,30.0,2.8993188855095378,111,51.0,-168.0,0.46,158.0,3.0
2025-04-08 14:35:55,156.02,49.0,158.46,13.0,155.09,92.0,159.94,32.0,157.24,2.4399999999999977,141.0,45.0,2.140567681683099,186,96.0,75.0,0.52,157.0,1.0
2025-04-08 14:35:56,156.0,108.0,158.91,46.0,155.0,210.0,226.93,71.0,157.46,2.9099999999999966,318.0,117.0,1.2386686400575937,435,201.0,168.0,0.46,156.0,2.0
2025-04-08 14:35:57,156.0,48.0,159.0,32.0,155.0,112.0,160.0,40.0,157.5,3.0,160.0,72.0,0.3630426970203532,232,88.0,-168.0,0.38,156.0,
2025-04-08 14:35:58,155.73,37.0,159.0,32.0,148.64,115.0,160.0,40.0,157.36,3.2700000000000102,152.0,72.0,0.111892805215991,224,80.0,-8.0,0.36,155.6,10.0
2025-04-08 14:35:59,157.59,81.0,159.0,60.0,155.96,123.0,160.0,75.0,158.3,1.4099999999999966,204.0,135.0,0.4191896943625733,339,69.0,115.0,0.2,155.6,
2025-04-08 14:36:00,158.0,120.0,159.0,40.0,156.4,10.0,160.0,50.0,158.5,1.0,130.0,90.0,0.5329915570258693,220,40.0,-119.0,0.18,155.6,
2025-04-08 14:36:01,158.0,113.0,159.0,48.0,156.0,12.0,179.91,45.0,158.5,1.0,125.0,93.0,0.5577813190325952,218,32.0,-2.0,0.15,158.0,6.0
2025-04-08 14:36:02,159.6,53.0,243.75,16.0,157.0,12.0,290.86,14.0,201.68,84.15,65.0,30.0,19.466219972041287,95,35.0,-123.0,0.37,159.0,4.0
2025-04-08 14:36:03,163.0,204.0,248.67,24.0,158.0,72.0,386.08,24.0,205.83,85.66999999999999,276.0,48.0,24.867157457175114,324,228.0,168.0,0.7,159.0,
2025-04-08 14:36:04,163.0,221.0,252.64,39.0,158.0,78.0,370.94,36.0,207.82,89.63999999999999,299.0,75.0,25.62527034003702,374,224.0,50.0,0.6,159.0,
2025-04-08 14:36:05,163.28,95.0,194.07,40.0,162.32,177.0,195.91,33.0,178.68,30.789999999999992,272.0,73.0,21.35237738519994,345,199.0,-29.0,0.58,159.0,
2025-04-08 14:36:06,164.78,27.0,177.29,31.0,163.0,153.0,207.73,22.0,171.03,12.509999999999993,180.0,53.0,16.9361055145511,233,127.0,-112.0,0.55,159.0,
2025-04-08 14:36:07,165.0,30.0,170.25,32.0,163.0,170.0,173.05,38.0,167.62,5.25,200.0,70.0,19.26562301094828,270,130.0,37.0,0.48,159.0,
2025-04-08 14:36:08,165.0,30.0,169.0,30.0,163.0,170.0,230.25,32.0,167.0,4.0,200.0,62.0,17.074070984974483,262,138.0,-8.0,0.53,159.0,
2025-04-08 14:36:09,165.0,30.0,168.69,26.0,163.0,170.0,203.5,24.0,166.85,3.6899999999999977,200.0,50.0,5.017761453069824,250,150.0,-12.0,0.6,159.0,
2025-04-08 14:36:10,165.0,30.0,167.22,27.0,163.0,170.0,168.39,23.0,166.11,2.219999999999999,200.0,50.0,1.9257128549975369,250,150.0,0.0,0.6,159.0,
2025-04-08 14:36:11,163.03,160.0,166.19,32.0,162.67,66.0,167.09,43.0,164.61,3.1599999999999966,226.0,75.0,1.154543199667032,301,151.0,51.0,0.5,163.67,9.0
2025-04-08 14:36:12,163.03,86.0,164.92,24.0,162.67,49.0,165.9,31.0,163.98,1.8899999999999864,135.0,55.0,1.3533846459504382,190,80.0,-111.0,0.42,163.17,6.0
2025-04-08 14:36:13,160.57,51.0,163.0,26.0,158.91,97.0,165.79,28.0,161.78,2.430000000000007,148.0,54.0,1.9784918498417152,202,94.0,12.0,0.47,162.75,8.0
2025-04-08 14:36:14,159.0,71.0,163.73,22.0,158.0,77.0,171.51,49.0,161.36,4.72999999999999,148.0,71.0,1.9867989329284264,219,77.0,17.0,0.35,159.0,5.0
2025-04-08 14:36:15,159.0,36.0,164.0,18.0,158.0,63.0,257.58,38.0,161.5,5.0,99.0,56.0,1.5292089457891784,155,43.0,-64.0,0.28,159.0,
2025-04-08 14:36:16,159.88,34.0,164.0,22.0,158.85,47.0,312.65,46.0,161.94,4.1200000000000045,81.0,68.0,1.0687937124999234,149,13.0,-6.0,0.09,159.0,
2025-04-08 14:36:17,159.11,54.0,162.71,28.0,158.1,80.0,368.43,70.0,160.91,3.5999999999999943,134.0,98.0,0.3998999873427977,232,36.0,83.0,0.16,159.0,
2025-04-08 14:36:18,158.55,22.0,160.45,22.0,157.86,58.0,588.0,55.0,159.5,1.8999999999999773,80.0,77.0,0.9370805727763536,157,3.0,-75.0,0.02,158.8,5.0
2025-04-08 14:36:19,158.0,34.0,389.34,41.0,156.0,20.0,614.79,33.0,273.67,231.34,54.0,74.0,50.41272289809359,128,-20.0,-29.0,-0.16,158.0,2.0
2025-04-08 14:36:21,160.86,35.0,458.08,25.0,157.09,22.0,470.0,19.0,309.47,297.22,57.0,44.0,77.11272125920743,101,13.0,-32.0,0.13,158.0,
2025-04-08 14:36:22,163.0,55.0,324.12,24.0,158.0,33.0,368.96,25.0,243.56,161.12,88.0,49.0,62.5970345144264,137,39.0,36.0,0.28,158.0,
2025-04-08 14:36:23,163.0,55.0,308.73,33.0,157.45,29.0,317.0,22.0,235.86,145.73000000000002,84.0,55.0,35.5490271315595,139,29.0,2.0,0.21,158.0,
2025-04-08 14:36:24,163.0,60.0,300.5,38.0,156.0,75.0,320.21,29.0,231.75,137.5,135.0,67.0,40.4949326459536,202,68.0,63.0,0.34,163.0,2.0
2025-04-08 14:36:25,159.45,133.0,307.0,33.0,158.59,74.0,447.38,13.0,233.23,147.55,207.0,46.0,33.12625137259351,253,161.0,51.0,0.64,162.0,4.0
2025-04-08 14:36:26,159.0,276.0,305.64,25.0,158.0,24.0,311.16,25.0,232.32,146.64,300.0,50.0,4.855391848263878,350,250.0,97.0,0.71,162.0,
2025-04-08 14:36:27,159.0,253.0,302.1,29.0,158.0,22.0,303.4,15.0,230.55,143.10000000000002,275.0,44.0,1.995437295475936,319,231.0,-31.0,0.72,162.0,
2025-04-08 14:36:28,159.0,204.0,291.29,24.0,158.0,18.0,294.64,11.0,225.15,132.29000000000002,222.0,35.0,3.197764844413542,257,187.0,-62.0,0.73,159.0,1.0
2025-04-08 14:36:29,159.0,198.0,220.26,19.0,158.0,18.0,222.62,13.0,189.63,61.25999999999999,216.0,32.0,18.461462022281204,248,184.0,-9.0,0.74,159.0,
2025-04-08 14:36:30,159.48,146.0,216.62,26.0,159.0,90.0,217.72,25.0,188.05,57.140000000000015,236.0,51.0,22.34641358249892,287,185.0,39.0,0.64,159.0,
2025-04-08 14:36:31,164.0,20.0,210.83,18.0,160.0,30.0,212.14,22.0,187.42,46.83000000000001,50.0,40.0,21.724944188652227,90,10.0,-168.0,0.11,159.0,
2025-04-08 14:36:32,159.9,165.0,207.86,29.0,159.13,204.0,209.39,31.0,183.88,47.96000000000001,369.0,60.0,17.08157867411599,429,309.0,168.0,0.72,160.89,9.0
2025-04-08 14:36:33,164.21,98.0,203.88,25.0,162.0,70.0,205.52,21.0,184.05,39.66999999999999,168.0,46.0,2.542465338992592,214,122.0,-168.0,0.57,160.89,
2025-04-08 14:36:34,165.0,106.0,199.03,38.0,162.0,90.0,199.86,28.0,182.01,34.03,196.0,66.0,2.5603847367089623,262,130.0,48.0,0.5,165.0,5.0
2025-04-08 14:36:35,165.0,22.0,191.5,20.0,159.82,121.0,193.05,21.0,178.25,26.5,143.0,41.0,3.34968207446078,184,102.0,-78.0,0.55,165.0,
2025-04-08 14:36:36,165.0,16.0,189.93,15.0,162.0,24.0,190.88,16.0,177.47,24.930000000000007,40.0,31.0,3.104564381673453,71,9.0,-113.0,0.13,165.0,
2025-04-08 14:36:37,159.23,253.0,187.0,33.0,159.25,56.0,187.91,35.0,173.11,27.77000000000001,309.0,68.0,4.247224976375318,377,241.0,168.0,0.64,163.2,5.0
2025-04-08 14:36:38,159.0,308.0,181.84,25.0,158.0,28.0,182.43,35.0,170.42,22.840000000000003,336.0,60.0,4.541874062535723,396,276.0,19.0,0.7,163.2,
2025-04-08 14:36:39,159.0,337.0,176.21,34.0,158.0,32.0,177.64,22.0,167.6,17.210000000000008,369.0,56.0,4.546630620571972,425,313.0,29.0,0.74,159.0,3.0
2025-04-08 14:36:40,159.0,118.0,172.43,30.0,158.0,22.0,174.33,24.0,165.72,13.430000000000009,140.0,54.0,4.6366830816772655,194,86.0,-168.0,0.44,159.0,
2025-04-08 14:36:41,159.0,72.0,167.31,26.0,158.0,32.0,167.5,26.0,163.15,8.310000000000002,104.0,52.0,3.900301270402092,156,52.0,-38.0,0.33,159.0,3.0
2025-04-08 14:36:42,158.97,58.0,163.06,35.0,157.6,30.0,164.18,22.0,161.01,4.090000000000003,88.0,57.0,3.684949117679912,145,31.0,-11.0,0.21,159.0,3.0
2025-04-08 14:36:43,159.0,46.0,160.18,17.0,158.0,20.0,161.88,24.0,159.59,1.1800000000000068,66.0,41.0,3.2905972102159304,107,25.0,-38.0,0.23,159.0,1.0
2025-04-08 14:36:44,158.22,23.0,159.84,19.0,157.31,13.0,284.64,33.0,159.03,1.6200000000000043,36.0,52.0,2.753179979564297,88,-16.0,-19.0,-0.18,159.0,5.0
2025-04-08 14:36:45,157.0,32.0,159.6,20.0,156.33,12.0,317.66,41.0,158.3,2.5999999999999943,44.0,61.0,1.9175713806446384,105,-17.0,17.0,-0.16,157.67,3.0
2025-04-08 14:36:46,156.0,32.0,229.29,28.0,155.0,16.0,261.37,38.0,192.64,73.28999999999999,48.0,66.0,14.8617270194245,114,-18.0,9.0,-0.16,157.0,6.0
2025-04-08 14:36:47,155.86,22.0,205.0,55.0,139.52,31.0,268.0,44.0,180.43,49.13999999999999,53.0,99.0,15.707907881061333,152,-46.0,38.0,-0.3,156.4,5.0
2025-04-08 14:36:48,164.0,7.0,205.0,35.0,160.0,14.0,268.0,28.0,184.5,41.0,21.0,63.0,15.530883748194425,84,-42.0,-68.0,-0.5,156.4,
2025-04-08 14:36:49,163.53,17.0,261.0,45.0,162.84,76.0,343.75,48.0,212.26,97.47,93.0,93.0,19.580236975071937,186,0.0,102.0,0.0,163.2,5.0
2025-04-08 14:36:50,163.0,40.0,267.0,20.0,160.0,20.0,268.0,40.0,215.0,104.0,60.0,60.0,15.86416023620607,120,0.0,-66.0,0.0,163.2,
2025-04-08 14:36:51,163.0,32.0,248.1,20.0,160.0,16.0,267.57,28.0,205.55,85.1,48.0,48.0,16.033741609494417,96,0.0,-24.0,0.0,163.2,
2025-04-08 14:36:52,163.0,40.0,220.1,20.0,160.0,20.0,265.1,40.0,191.55,57.1,60.0,60.0,13.248232712329669,120,0.0,24.0,0.0,163.2,
2025-04-08 14:36:53,163.0,52.0,216.14,44.0,160.0,26.0,322.05,42.0,189.57,53.13999999999999,78.0,86.0,11.699236299863603,164,-8.0,44.0,-0.05,163.2,
2025-04-08 14:36:54,163.0,64.0,213.69,80.0,162.0,32.0,217.0,32.0,188.34,50.69,96.0,112.0,11.747185620395491,208,-16.0,44.0,-0.08,163.2,
2025-04-08 14:36:55,163.0,40.0,212.0,50.0,162.0,20.0,217.0,20.0,187.5,49.0,60.0,70.0,7.451434090160367,130,-10.0,-78.0,-0.08,163.2,
2025-04-08 14:36:56,163.0,44.0,208.89,27.0,162.0,22.0,212.2,30.0,185.94,45.88999999999999,66.0,57.0,2.121002121636834,123,9.0,-7.0,0.07,163.2,
2025-04-08 14:36:57,163.0,76.0,202.8,45.0,162.0,38.0,212.32,74.0,182.9,39.80000000000001,114.0,119.0,2.5725279395918843,233,-5.0,110.0,-0.02,163.2,
2025-04-08 14:36:58,164.0,56.0,199.07,42.0,163.0,56.0,201.0,28.0,181.54,35.06999999999999,112.0,70.0,2.93142968531984,182,42.0,-51.0,0.23,163.2,
2025-04-08 14:36:59,164.0,44.0,196.65,26.0,163.0,44.0,198.72,29.0,180.33,32.650000000000006,88.0,55.0,3.004300251301101,143,33.0,-39.0,0.23,163.2,
2025-04-08 14:37:00,162.9,29.0,191.4,25.0,162.0,32.0,192.43,35.0,177.15,28.5,61.0,60.0,3.2380812219521977,121,1.0,-22.0,0.01,163.5,8.0
2025-04-08 14:37:01,161.88,16.0,188.64,22.0,159.88,32.0,190.3,23.0,175.26,26.75999999999999,48.0,45.0,3.1579312848684373,93,3.0,-28.0,0.03,161.67,3.0
2025-04-08 14:37:02,161.0,6.0,187.75,16.0,159.0,54.0,188.57,14.0,174.38,26.75,60.0,30.0,3.1199310889735887,90,30.0,-3.0,0.33,161.67,
2025-04-08 14:37:03,161.0,17.0,186.91,35.0,159.0,153.0,187.96,50.0,173.96,25.91,170.0,85.0,2.6063249989089634,255,85.0,165.0,0.33,161.67,
2025-04-08 14:37:04,159.76,29.0,185.89,37.0,158.96,103.0,186.89,27.0,172.83,26.129999999999995,132.0,64.0,1.6172291117623736,196,68.0,-59.0,0.35,161.0,1.0
2025-04-08 14:37:05,161.5,54.0,185.52,29.0,158.93,87.0,186.32,31.0,173.51,24.02000000000001,141.0,60.0,0.9140404804650416,201,81.0,5.0,0.4,161.0,
2025-04-08 14:37:06,164.0,54.0,182.68,31.0,159.0,162.0,184.53,43.0,173.34,18.680000000000007,216.0,74.0,0.5929839794861338,290,142.0,89.0,0.49,161.0,
2025-04-08 14:37:07,159.67,45.0,176.67,27.0,158.5,36.0,177.85,33.0,168.17,17.0,81.0,60.0,2.378018082337082,141,21.0,-149.0,0.15,160.88,8.0
2025-04-08 14:37:08,159.0,46.0,172.09,47.0,158.0,24.0,172.9,31.0,165.54,13.090000000000003,70.0,78.0,3.6203135223230585,148,-8.0,7.0,-0.05,160.88,
2025-04-08 14:37:09,159.0,128.0,170.0,47.0,158.0,32.0,170.95,61.0,164.5,11.0,160.0,108.0,4.245158418705751,268,52.0,120.0,0.19,160.88,
2025-04-08 14:37:10,159.0,94.0,166.85,39.0,158.0,26.0,167.4,35.0,162.92,7.849999999999994,120.0,74.0,4.078489916611251,194,46.0,-74.0,0.24,159.0,2.0
2025-04-08 14:37:11,159.0,48.0,160.9,31.0,157.15,53.0,162.0,24.0,159.95,1.9000000000000057,101.0,55.0,3.0555735958881245,156,46.0,-38.0,0.29,159.0,3.0
2025-04-08 14:37:12,159.0,15.0,160.96,25.0,157.0,63.0,162.5,16.0,159.98,1.960000000000008,78.0,41.0,2.561273120907257,119,37.0,-37.0,0.31,159.0,1.0
2025-04-08 14:37:13,159.9,78.0,161.77,26.0,157.56,50.0,238.46,13.0,160.83,1.8700000000000043,128.0,39.0,2.005350343425836,167,89.0,48.0,0.53,160.0,4.0
2025-04-08 14:37:14,159.78,45.0,162.0,26.0,158.39,41.0,204.92,13.0,160.89,2.219999999999999,86.0,39.0,1.207613348665515,125,47.0,-42.0,0.38,159.33,3.0
2025-04-08 14:37:15,157.28,88.0,160.25,24.0,156.54,46.0,260.75,12.0,158.77,2.969999999999999,134.0,36.0,0.8604533687955959,170,98.0,45.0,0.58,159.33,
2025-04-08 14:37:16,158.0,42.0,355.71,21.0,156.95,59.0,512.75,16.0,256.86,197.71,101.0,37.0,43.273052006993375,138,64.0,-32.0,0.46,159.0,2.0
2025-04-08 14:37:17,158.27,33.0,303.53,34.0,156.54,52.0,333.33,18.0,230.9,145.25999999999996,85.0,52.0,46.77085363770916,137,33.0,-1.0,0.24,159.0,3.0
2025-04-08 14:37:18,157.0,44.0,307.0,32.0,156.0,88.0,328.52,31.0,232.0,150.0,132.0,63.0,45.084884717608745,195,69.0,58.0,0.35,159.0,
2025-04-08 14:37:19,158.75,77.0,312.85,52.0,156.3,66.0,383.0,16.0,235.8,154.10000000000002,143.0,68.0,37.34686305434677,211,75.0,16.0,0.36,159.0,
2025-04-08 14:37:20,159.76,49.0,322.5,24.0,156.8,25.0,402.33,6.0,241.13,162.74,74.0,30.0,10.580586940250514,104,44.0,-107.0,0.42,159.0,
2025-04-08 14:37:21,159.95,61.0,312.26,50.0,156.64,56.0,329.38,50.0,236.11,152.31,117.0,100.0,4.033679461754796,217,17.0,113.0,0.08,159.0,
2025-04-08 14:37:22,161.0,60.0,298.25,53.0,157.0,48.0,300.91,55.0,229.62,137.25,108.0,108.0,4.398018872194775,216,0.0,-1.0,0.0,159.0,
2025-04-08 14:37:23,157.16,49.0,253.16,51.0,156.02,47.0,276.47,53.0,205.16,96.0,96.0,104.0,14.239632368855563,200,-8.0,-16.0,-0.04,156.8,5.0
2025-04-08 14:37:24,155.41,17.0,157.42,48.0,154.05,42.0,159.67,48.0,156.41,2.009999999999991,59.0,96.0,34.868087558684564,155,-37.0,-45.0,-0.24,156.0,4.0
2025-04-08 14:37:25,145.47,17.0,156.11,36.0,152.71,34.0,161.0,36.0,150.79,10.640000000000017,51.0,72.0,40.10487713483259,123,-21.0,-32.0,-0.17,154.2,5.0
2025-04-08 14:37:26,137.0,126.0,154.82,67.0,126.86,28.0,155.75,59.0,145.91,17.819999999999993,154.0,126.0,37.54224247431075,280,28.0,157.0,0.1,154.2,
2025-04-08 14:37:27,115.83,77.0,154.62,78.0,105.49,77.0,156.2,60.0,135.22,38.790000000000006,154.0,138.0,27.11659215314237,292,16.0,12.0,0.05,154.2,5.0
2025-04-08 14:37:29,133.86,28.0,151.32,31.0,113.7,46.0,154.12,42.0,142.59,17.45999999999998,74.0,73.0,8.25722108216724,147,1.0,-123.0,0.01,151.6,5.0
2025-04-08 14:37:31,120.0,45.0,152.11,18.0,77.22,18.0,154.82,33.0,136.06,32.110000000000014,63.0,51.0,4.598724823226932,114,12.0,-16.0,0.11,152.0,1.0
2025-04-08 14:37:32,121.74,35.0,152.0,12.0,97.67,33.0,153.0,12.0,136.87,30.260000000000005,68.0,24.0,4.638735819139196,92,44.0,-22.0,0.48,152.0,
2025-04-08 14:37:33,132.14,35.0,160.04,25.0,124.33,15.0,333.92,26.0,146.09,27.90000000000001,50.0,51.0,5.270907891414773,101,-1.0,9.0,-0.01,154.29,7.0
2025-04-08 14:37:34,126.0,25.0,160.45,31.0,125.48,29.0,310.0,17.0,143.23,34.44999999999999,54.0,48.0,5.388111914184695,102,6.0,1.0,0.06,154.29,
2025-04-08 14:37:36,129.92,12.0,151.32,37.0,121.0,60.0,202.0,21.0,140.62,21.40000000000001,72.0,58.0,3.619097953881315,130,14.0,67.0,0.11,151.0,1.0
2025-04-08 14:37:37,130.0,10.0,151.0,30.0,113.0,35.0,153.0,20.0,140.5,21.0,45.0,50.0,2.824813268127828,95,-5.0,-35.0,-0.05,151.0,
2025-04-08 14:37:38,130.38,8.0,151.0,24.0,107.73,22.0,153.0,16.0,140.69,20.620000000000005,30.0,40.0,1.5531162222404362,70,-10.0,-25.0,-0.14,151.0,
2025-04-08 14:37:43,149.67,9.0,151.67,12.0,56.75,8.0,153.14,37.0,150.67,2.0,17.0,49.0,2.0818069074288466,66,-32.0,-14.0,-0.48,151.0,1.0
2025-04-08 14:37:44,150.0,8.0,152.71,17.0,104.38,8.0,153.43,35.0,151.35,2.710000000000008,16.0,52.0,1.439520753523171,68,-36.0,2.0,-0.53,151.0,
2025-04-08 14:37:45,151.74,23.0,153.33,18.0,150.42,12.0,183.67,36.0,152.54,1.5900000000000034,35.0,54.0,1.6103260538871986,89,-19.0,21.0,-0.21,153.0,9.0
2025-04-08 14:37:46,153.2,35.0,217.04,23.0,152.14,14.0,333.6,40.0,185.12,63.84,49.0,63.0,15.320813620688034,112,-14.0,23.0,-0.12,154.0,2.0
2025-04-08 14:37:47,157.13,30.0,230.82,22.0,156.0,9.0,321.97,31.0,193.98,73.69,39.0,53.0,21.07474009329413,92,-14.0,-20.0,-0.15,157.0,2.0
2025-04-08 14:37:48,160.08,24.0,336.56,36.0,159.43,23.0,507.25,12.0,248.32,176.48,47.0,48.0,39.58562895799415,95,-1.0,3.0,-0.01,157.0,
2025-04-08 14:37:49,165.22,9.0,292.17,23.0,162.14,7.0,369.76,25.0,228.7,126.95000000000002,16.0,48.0,37.59527789497044,64,-32.0,-31.0,-0.5,165.0,1.0
2025-04-08 14:37:50,166.0,9.0,188.2,10.0,165.0,9.0,312.41,39.0,177.1,22.19999999999999,18.0,49.0,30.49534193938599,67,-31.0,3.0,-0.46,165.0,
2025-04-08 14:37:51,162.25,16.0,313.93,46.0,159.81,37.0,366.0,23.0,238.09,151.68,53.0,69.0,30.34908433544776,122,-16.0,55.0,-0.13,163.67,3.0
2025-04-08 14:37:52,159.8,30.0,258.17,46.0,158.18,44.0,316.29,31.0,208.99,98.37,74.0,77.0,28.134954238458132,151,-3.0,29.0,-0.02,159.6,5.0
2025-04-08 14:37:53,159.0,14.0,449.27,22.0,156.38,13.0,639.07,15.0,304.14,290.27,27.0,37.0,46.8877695140234,64,-10.0,-87.0,-0.16,159.6,
2025-04-08 14:37:54,157.53,45.0,403.9,20.0,156.84,73.0,519.16,25.0,280.72,246.37,118.0,45.0,51.66573303457745,163,73.0,99.0,0.45,157.0,3.0
2025-04-08 14:37:55,161.36,42.0,399.77,26.0,157.24,50.0,444.5,24.0,280.56,238.41,92.0,50.0,38.246535137190094,142,42.0,-21.0,0.3,157.0,
2025-04-08 14:37:56,164.0,10.0,435.0,6.0,159.0,4.0,436.0,4.0,299.5,271.0,14.0,10.0,38.30830223333278,24,4.0,-118.0,0.17,157.0,
2025-04-08 14:37:57,163.17,48.0,361.25,36.0,157.59,54.0,433.6,30.0,262.21,198.08,102.0,66.0,16.830762906072188,168,36.0,144.0,0.21,164.0,5.0
2025-04-08 14:37:58,159.0,20.0,205.47,19.0,157.0,100.0,303.31,26.0,182.24,46.47,120.0,45.0,45.98454392510934,165,75.0,-3.0,0.45,164.0,
2025-04-08 14:37:59,162.27,11.0,164.14,14.0,158.0,20.0,166.0,9.0,163.21,1.869999999999976,31.0,23.0,60.99469181822471,54,8.0,-111.0,0.15,163.0,2.0
2025-04-08 14:38:00,159.0,14.0,164.29,7.0,157.0,70.0,253.12,17.0,161.64,5.289999999999992,84.0,24.0,63.17447546280148,108,60.0,54.0,0.56,163.0,
2025-04-08 14:38:01,157.0,48.0,164.0,6.0,156.0,24.0,307.8,15.0,160.5,7.0,72.0,21.0,43.5463471487562,93,51.0,-15.0,0.55,157.8,5.0
2025-04-08 14:38:02,157.0,14.0,164.0,2.0,156.0,8.0,455.0,5.0,160.5,7.0,22.0,7.0,9.358173967174393,29,15.0,-64.0,0.52,157.8,
2025-04-08 14:38:03,157.79,57.0,164.0,9.0,156.47,45.0,233.25,24.0,160.89,6.210000000000008,102.0,33.0,1.1402061216649444,135,69.0,106.0,0.51,157.8,
2025-04-08 14:38:04,160.0,35.0,162.29,14.0,157.0,49.0,164.0,7.0,161.14,2.289999999999992,84.0,21.0,0.479458027235392,105,63.0,-30.0,0.6,157.8,
2025-04-08 14:38:05,160.0,24.0,161.0,16.0,157.0,56.0,284.88,17.0,160.5,1.0,80.0,33.0,0.2956010823381726,113,47.0,8.0,0.42,160.0,3.0
2025-04-08 14:38:06,157.0,49.0,272.47,17.0,156.0,28.0,477.39,18.0,214.74,115.47000000000004,77.0,35.0,24.143242947042665,112,42.0,-1.0,0.38,160.0,2.0
2025-04-08 14:38:07,158.72,101.0,235.14,21.0,156.86,57.0,676.67,27.0,196.93,76.41999999999999,158.0,48.0,25.43573372246132,206,110.0,94.0,0.53,159.0,2.0
2025-04-08 14:38:08,159.0,102.0,266.0,30.0,157.0,70.0,529.9,30.0,212.5,107.0,172.0,60.0,26.76742834117613,232,112.0,26.0,0.48,159.0,1.0
2025-04-08 14:38:09,159.0,85.0,193.27,22.0,157.0,70.0,296.4,30.0,176.14,34.27000000000001,155.0,52.0,23.480422057535755,207,103.0,-25.0,0.5,159.0,5.0
2025-04-08 14:38:10,157.83,84.0,166.0,28.0,156.64,77.0,320.36,42.0,161.92,8.169999999999987,161.0,70.0,23.005509774834653,231,91.0,24.0,0.39,159.0,5.0
2025-04-08 14:38:11,165.0,10.0,166.0,6.0,157.0,35.0,453.4,15.0,165.5,1.0,45.0,21.0,21.5705985081539,66,24.0,-165.0,0.36,166.0,1.0
2025-04-08 14:38:12,165.0,16.0,196.62,24.0,157.0,56.0,347.83,12.0,180.81,31.620000000000005,72.0,36.0,20.04359448801431,108,36.0,42.0,0.33,166.0,
2025-04-08 14:38:13,165.0,20.0,208.0,30.0,159.25,16.0,554.62,24.0,186.5,43.0,36.0,54.0,10.31056157539131,90,-18.0,-18.0,-0.2,166.0,
2025-04-08 14:38:14,163.13,15.0,234.64,33.0,159.09,11.0,559.59,17.0,198.88,71.50999999999999,26.0,50.0,15.234258104678242,76,-24.0,-14.0,-0.32,165.0,2.0
2025-04-08 14:38:17,156.43,28.0,386.33,9.0,120.62,24.0,643.95,19.0,271.38,229.9,52.0,28.0,69.1062448697678,80,24.0,32.0,0.3,157.0,4.0
2025-04-08 14:38:18,156.0,24.0,341.09,22.0,113.5,18.0,626.33,18.0,248.55,185.09,42.0,40.0,56.18917093177619,82,2.0,2.0,0.02,156.0,2.0
2025-04-08 14:38:19,156.07,59.0,399.16,31.0,104.53,76.0,413.9,21.0,277.61,243.09000000000003,135.0,52.0,36.9482160597833,187,83.0,105.0,0.44,156.0,
2025-04-08 14:38:20,158.45,11.0,298.09,35.0,152.5,18.0,299.53,17.0,228.27,139.64,29.0,52.0,38.00025289389981,81,-23.0,-106.0,-0.28,157.33,3.0
2025-04-08 14:38:21,160.0,9.0,204.65,34.0,158.0,9.0,228.04,27.0,182.32,44.650000000000006,18.0,61.0,38.48270689543834,79,-43.0,-2.0,-0.54,157.33,
2025-04-08 14:38:22,160.0,8.0,191.83,23.0,158.0,8.0,203.56,27.0,175.91,31.830000000000013,16.0,50.0,43.39948985875452,66,-34.0,-13.0,-0.52,157.33,
2025-04-08 14:38:23,160.89,35.0,189.0,36.0,159.11,9.0,190.0,9.0,174.94,28.110000000000014,44.0,45.0,44.82866995573339,89,-1.0,23.0,-0.01,161.0,3.0
2025-04-08 14:38:24,163.0,11.0,188.09,44.0,161.0,55.0,190.0,11.0,175.55,25.090000000000003,66.0,55.0,23.04266412548657,121,11.0,32.0,0.09,161.0,
2025-04-08 14:38:25,164.45,62.0,187.62,26.0,162.09,22.0,188.18,44.0,176.03,23.170000000000016,84.0,70.0,3.031707439701374,154,14.0,33.0,0.09,161.0,
2025-04-08 14:38:26,166.0,38.0,185.26,31.0,163.31,13.0,187.29,34.0,175.63,19.25999999999999,51.0,65.0,0.4240518835413184,116,-14.0,-38.0,-0.12,166.0,3.0
2025-04-08 14:38:27,166.0,15.0,183.0,9.0,164.0,9.0,185.0,36.0,174.5,17.0,24.0,45.0,0.6060940520527586,69,-21.0,-47.0,-0.3,166.0,1.0
2025-04-08 14:38:28,166.0,10.0,181.17,18.0,164.0,10.0,182.47,30.0,173.58,15.169999999999987,20.0,48.0,1.001234238294194,68,-28.0,-1.0,-0.41,166.0,
2025-04-08 14:38:29,166.0,12.0,176.47,15.0,164.0,12.0,181.32,41.0,171.23,10.47,24.0,56.0,1.916306342923503,80,-32.0,12.0,-0.4,166.0,
2025-04-08 14:38:30,166.0,14.0,169.79,56.0,164.0,14.0,175.2,20.0,167.89,3.789999999999992,28.0,76.0,3.074350337863575,104,-48.0,24.0,-0.46,166.0,
2025-04-08 14:38:31,161.42,24.0,168.29,28.0,160.62,13.0,170.22,37.0,164.85,6.8700000000000045,37.0,65.0,4.022231967442037,102,-28.0,-2.0,-0.27,164.33,3.0
2025-04-08 14:38:32,161.0,25.0,164.1,40.0,160.0,13.0,167.56,25.0,162.55,3.0999999999999943,38.0,65.0,4.505674200372499,103,-27.0,1.0,-0.26,161.0,1.0
2025-04-08 14:38:33,161.0,11.0,163.8,25.0,160.0,11.0,211.13,30.0,162.4,2.800000000000012,22.0,55.0,3.770832799249077,77,-33.0,-26.0,-0.43,163.67,3.0
2025-04-08 14:38:34,161.0,17.0,271.02,41.0,160.0,17.0,336.36,42.0,216.01,110.01999999999998,34.0,83.0,23.17767891743976,117,-49.0,40.0,-0.42,162.0,2.0
2025-04-08 14:38:35,162.42,45.0,198.84,32.0,159.94,54.0,235.94,31.0,180.63,36.420000000000016,99.0,63.0,22.93538358083297,162,36.0,45.0,0.22,160.25,4.0
2025-04-08 14:38:36,162.26,65.0,178.13,45.0,159.33,49.0,233.24,50.0,170.2,15.870000000000005,114.0,95.0,22.32677025456094,209,19.0,47.0,0.09,163.0,7.0
2025-04-08 14:38:37,163.77,70.0,290.86,42.0,160.73,37.0,422.0,42.0,227.31,127.09,107.0,84.0,28.729656280575384,191,23.0,-18.0,0.12,163.0,
2025-04-08 14:38:38,164.0,54.0,330.22,32.0,161.0,27.0,460.79,29.0,247.11,166.22000000000003,81.0,61.0,32.187993413695104,142,20.0,-49.0,0.14,163.0,
2025-04-08 14:38:39,164.0,30.0,328.62,16.0,161.0,15.0,365.0,18.0,246.31,164.62,45.0,34.0,36.56799994530882,79,11.0,-63.0,0.14,163.0,
2025-04-08 14:38:40,164.0,48.0,321.0,30.0,161.0,30.0,338.0,40.0,242.5,157.0,78.0,70.0,32.57062065727579,148,8.0,69.0,0.05,164.0,3.0
2025-04-08 14:38:41,164.0,21.0,308.12,17.0,161.0,21.0,355.08,26.0,236.06,144.12,42.0,43.0,8.262522012086727,85,-1.0,-63.0,-0.01,164.0,
2025-04-08 14:38:42,162.66,38.0,231.15,40.0,160.41,51.0,295.46,41.0,196.9,68.49000000000001,89.0,81.0,21.071668894517835,170,8.0,85.0,0.05,163.25,4.0
2025-04-08 14:38:43,160.64,22.0,224.09,44.0,159.74,47.0,243.53,17.0,192.36,63.45000000000002,69.0,61.0,26.04821452614635,130,8.0,-40.0,0.06,160.4,5.0
2025-04-08 14:38:44,160.0,22.0,220.0,45.0,159.0,33.0,240.14,14.0,190.0,60.0,55.0,59.0,25.52411957345624,114,-4.0,-16.0,-0.04,160.4,
2025-04-08 14:38:45,159.7,20.0,212.0,43.0,158.88,24.0,231.84,19.0,185.85,52.30000000000001,44.0,62.0,20.422119870376875,106,-18.0,-8.0,-0.17,159.67,3.0
2025-04-08 14:38:46,159.0,20.0,220.54,37.0,158.0,10.0,231.21,19.0,189.77,61.53999999999999,30.0,56.0,4.052533775306671,86,-26.0,-20.0,-0.3,159.67,
2025-04-08 14:38:47,159.0,15.0,220.12,34.0,158.0,9.0,273.38,21.0,189.56,61.120000000000005,24.0,55.0,2.336037242852728,79,-31.0,-7.0,-0.39,159.0,1.0
2025-04-08 14:38:48,159.0,8.0,220.0,32.0,158.0,8.0,396.29,14.0,189.5,61.0,16.0,46.0,1.7362689883749272,62,-30.0,-17.0,-0.48,159.0,
2025-04-08 14:38:49,159.0,10.0,210.28,39.0,158.0,10.0,239.23,31.0,184.64,51.28,20.0,70.0,2.430849645697549,90,-50.0,28.0,-0.56,159.0,
2025-04-08 14:38:50,159.0,10.0,205.87,39.0,158.0,10.0,207.9,31.0,182.44,46.870000000000005,20.0,70.0,3.415921544764308,90,-50.0,0.0,-0.56,159.0,
2025-04-08 14:38:51,157.24,41.0,203.22,36.0,156.32,53.0,204.22,36.0,180.23,45.97999999999999,94.0,72.0,4.186416128381989,166,22.0,76.0,0.13,159.0,
2025-04-08 14:38:52,157.34,76.0,201.59,61.0,156.61,145.0,202.72,65.0,179.47,44.25,221.0,126.0,4.032967889776494,347,95.0,168.0,0.27,159.0,
2025-04-08 14:38:53,159.16,43.0,198.41,68.0,157.42,62.0,199.48,63.0,178.79,39.25,105.0,131.0,2.401880513256047,236,-26.0,-111.0,-0.11,159.0,2.0
2025-04-08 14:38:54,158.36,11.0,197.33,33.0,157.03,74.0,198.33,36.0,177.85,38.97,85.0,69.0,1.737549999267187,154,16.0,-82.0,0.1,159.0,2.0
2025-04-08 14:38:55,158.0,9.0,194.97,35.0,157.0,81.0,196.0,29.0,176.49,36.97,90.0,64.0,1.4541939347791035,154,26.0,0.0,0.17,159.0,
2025-04-08 14:38:56,159.42,59.0,192.91,44.0,157.23,35.0,194.05,43.0,176.17,33.49000000000001,94.0,87.0,1.4260014025045322,181,7.0,27.0,0.04,159.0,
2025-04-08 14:38:57,160.46,91.0,190.38,32.0,158.0,13.0,193.25,36.0,175.42,29.919999999999987,104.0,68.0,1.3561268377041404,172,36.0,-9.0,0.21,159.0,
2025-04-08 14:38:58,161.27,77.0,175.31,26.0,158.0,11.0,176.59,29.0,168.29,14.039999999999992,88.0,55.0,3.767967621932608,143,33.0,-29.0,0.23,159.0,
2025-04-08 14:38:59,163.29,80.0,173.5,48.0,158.0,13.0,174.38,52.0,168.39,10.210000000000008,93.0,100.0,4.228181642257631,193,-7.0,50.0,-0.04,163.0,1.0
2025-04-08 14:39:00,164.43,84.0,169.95,38.0,158.64,14.0,170.91,46.0,167.19,5.519999999999982,98.0,84.0,4.327102956935098,182,14.0,-11.0,0.08,163.0,
2025-04-08 14:39:01,165.75,71.0,167.75,48.0,158.79,14.0,169.44,36.0,166.75,2.0,85.0,84.0,3.5431229162856366,169,1.0,-13.0,0.01,166.0,5.0
2025-04-08 14:39:02,165.11,28.0,167.3,40.0,158.78,18.0,168.45,62.0,166.2,2.1899999999999977,46.0,102.0,0.9581649126849836,148,-56.0,-21.0,-0.38,165.5,2.0
2025-04-08 14:39:03,161.5,12.0,166.67,36.0,157.14,42.0,265.33,36.0,164.08,5.169999999999988,54.0,72.0,1.585455770400756,126,-18.0,-22.0,-0.14,165.0,1.0
2025-04-08 14:39:04,156.86,22.0,166.57,28.0,149.5,36.0,276.22,27.0,161.72,9.70999999999998,58.0,55.0,2.2763281836966,113,3.0,-13.0,0.03,157.14,7.0
2025-04-08 14:39:05,156.43,14.0,163.63,19.0,145.09,44.0,164.19,31.0,160.03,7.199999999999989,58.0,50.0,2.875348674488964,108,8.0,-5.0,0.07,157.0,1.0
2025-04-08 14:39:06,142.71,14.0,163.63,19.0,95.42,48.0,203.0,31.0,153.17,20.919999999999987,62.0,50.0,4.982133077294709,112,12.0,4.0,0.11,158.33,3.0
2025-04-08 14:39:08,159.04,97.0,323.05,19.0,128.17,36.0,546.67,18.0,241.05,164.01000000000002,133.0,37.0,40.45119738647937,170,96.0,-13.0,0.56,163.0,1.0
2025-04-08 14:39:09,159.0,76.0,350.14,14.0,127.71,7.0,351.29,14.0,254.57,191.14,83.0,28.0,54.247504274390295,111,55.0,-59.0,0.5,159.0,2.0
2025-04-08 14:39:10,159.32,44.0,315.42,24.0,158.47,73.0,359.3,20.0,237.37,156.10000000000002,117.0,44.0,54.842319243446106,161,73.0,50.0,0.45,159.0,
2025-04-08 14:39:11,160.0,21.0,257.57,14.0,159.0,50.0,464.8,10.0,208.79,97.57,71.0,24.0,46.81655903630793,95,47.0,-66.0,0.49,159.0,
2025-04-08 14:39:12,159.5,36.0,299.4,20.0,158.87,62.0,485.6,20.0,229.45,139.89999999999998,98.0,40.0,16.88289311700406,138,58.0,43.0,0.42,159.75,4.0
2025-04-08 14:39:13,159.0,81.0,367.0,13.0,155.0,9.0,438.44,18.0,263.0,208.0,90.0,31.0,21.355713052956144,121,59.0,-17.0,0.49,159.75,
2025-04-08 14:39:14,159.0,90.0,273.8,25.0,155.0,9.0,352.88,17.0,216.4,114.8,99.0,42.0,21.056017429708053,141,57.0,20.0,0.4,159.75,
2025-04-08 14:39:15,159.0,130.0,249.38,16.0,156.79,43.0,272.97,61.0,204.19,90.38,173.0,77.0,23.61976354666028,250,96.0,109.0,0.38,159.75,
2025-04-08 14:39:16,159.0,110.0,180.81,47.0,155.0,11.0,182.1,40.0,169.9,21.81,121.0,87.0,34.10652386274669,208,34.0,-42.0,0.16,159.75,
2025-04-08 14:39:17,159.08,78.0,175.6,42.0,156.8,20.0,177.83,42.0,167.34,16.519999999999982,98.0,84.0,39.18361877111477,182,14.0,-26.0,0.08,159.0,7.0
2025-04-08 14:39:18,160.33,30.0,172.14,70.0,158.62,32.0,174.0,14.0,166.24,11.809999999999974,62.0,84.0,23.695286029081355,146,-22.0,-36.0,-0.15,159.67,3.0
2025-04-08 14:39:19,163.22,64.0,171.43,46.0,158.2,25.0,208.79,53.0,167.33,8.210000000000008,89.0,99.0,16.373058663546562,188,-10.0,42.0,-0.05,159.67,
2025-04-08 14:39:20,164.0,90.0,170.41,71.0,159.0,45.0,215.64,59.0,167.2,6.409999999999997,135.0,130.0,1.3638255020002317,265,5.0,77.0,0.02,159.67,
2025-04-08 14:39:21,164.3,60.0,167.54,57.0,162.16,57.0,168.53,47.0,165.92,3.2399999999999807,117.0,104.0,0.6745961754285603,221,13.0,-44.0,0.06,165.0,3.0
2025-04-08 14:39:22,161.8,35.0,165.82,49.0,158.35,23.0,323.32,41.0,163.81,4.019999999999982,58.0,90.0,1.41589194499434,148,-32.0,-73.0,-0.22,164.0,6.0
2025-04-08 14:39:23,157.62,21.0,239.32,59.0,146.21,34.0,522.44,41.0,198.47,81.69999999999999,55.0,100.0,14.560749637292956,155,-45.0,7.0,-0.29,159.4,5.0
2025-04-08 14:39:31,139.56,27.0,151.0,22.0,137.91,33.0,152.0,48.0,145.28,11.439999999999998,60.0,70.0,12.81706557679125,130,-10.0,-15.0,-0.08,151.0,2.0
2025-04-08 14:39:32,140.0,9.0,151.0,3.0,139.0,16.0,152.0,18.0,145.5,11.0,25.0,21.0,10.004687401402888,46,4.0,-84.0,0.09,151.0,
2025-04-08 14:39:36,149.63,43.0,203.73,33.0,148.57,67.0,220.82,55.0,176.68,54.1,110.0,88.0,14.013092092748137,198,22.0,-53.0,0.11,152.57,7.0
2025-04-08 14:39:37,154.17,36.0,204.82,44.0,153.0,84.0,277.58,60.0,179.49,50.650000000000006,120.0,104.0,17.974467168733227,224,16.0,26.0,0.07,155.0,5.0
2025-04-08 14:39:38,156.92,39.0,197.43,53.0,154.62,39.0,225.43,63.0,177.18,40.51000000000002,78.0,116.0,17.625624811617193,194,-38.0,-30.0,-0.2,155.0,
2025-04-08 14:39:39,155.52,71.0,167.36,42.0,137.74,85.0,208.26,54.0,161.44,11.840000000000003,156.0,96.0,14.154346682200112,252,60.0,58.0,0.24,156.0,1.0
2025-04-08 14:39:40,160.23,39.0,165.07,45.0,158.77,152.0,219.6,75.0,162.65,4.840000000000003,191.0,120.0,8.695692611858046,311,71.0,59.0,0.23,156.0,
2025-04-08 14:39:41,161.0,24.0,162.58,36.0,159.93,191.0,227.89,54.0,161.79,1.5800000000000125,215.0,90.0,9.016820393016063,305,125.0,-6.0,0.41,156.0,
2025-04-08 14:39:42,160.05,73.0,381.9,20.0,159.82,44.0,515.71,24.0,270.98,221.85,117.0,44.0,47.51491523721773,161,73.0,-144.0,0.45,160.4,5.0
2025-04-08 14:39:43,160.0,95.0,256.54,13.0,159.0,14.0,474.94,32.0,208.27,96.54000000000002,109.0,45.0,47.97204946632999,154,64.0,-7.0,0.42,160.0,5.0
2025-04-08 14:39:44,161.24,133.0,212.31,16.0,159.6,50.0,409.27,59.0,186.78,51.06999999999999,183.0,75.0,45.05048312726548,258,108.0,104.0,0.42,160.0,
2025-04-08 14:39:45,165.0,99.0,210.0,23.0,160.38,80.0,302.13,15.0,187.5,45.0,179.0,38.0,41.38428240286464,217,141.0,-41.0,0.65,160.0,
2025-04-08 14:39:46,165.0,154.0,207.05,22.0,163.0,70.0,209.47,30.0,186.02,42.05000000000001,224.0,52.0,36.46975322099221,276,172.0,59.0,0.62,160.0,
2025-04-08 14:39:47,165.0,110.0,205.19,16.0,163.0,50.0,205.75,12.0,185.09,40.19,160.0,28.0,9.844804213390995,188,132.0,-88.0,0.7,160.0,
2025-04-08 14:39:48,165.0,66.0,202.62,8.0,163.0,30.0,203.38,8.0,183.81,37.620000000000005,96.0,16.0,1.4452508432729645,112,80.0,-76.0,0.71,160.0,
2025-04-08 14:39:49,165.0,154.0,198.44,16.0,163.0,70.0,199.95,38.0,181.72,33.44,224.0,54.0,2.1980150135922907,278,170.0,166.0,0.61,160.0,
2025-04-08 14:39:50,165.0,92.0,194.83,18.0,163.0,50.0,195.44,18.0,179.92,29.830000000000013,142.0,36.0,2.489110282806092,178,106.0,-100.0,0.6,165.0,5.0
2025-04-08 14:39:51,165.27,33.0,192.2,15.0,163.95,38.0,194.38,13.0,178.74,26.92999999999998,71.0,28.0,2.634052011628693,99,43.0,-79.0,0.43,165.0,
2025-04-08 14:39:52,166.0,32.0,190.18,38.0,165.0,84.0,191.17,18.0,178.09,24.180000000000007,116.0,56.0,2.3279239678218766,172,60.0,73.0,0.35,166.0,1.0
2025-04-08 14:39:53,165.17,35.0,186.87,15.0,163.75,48.0,187.71,21.0,176.02,21.700000000000017,83.0,36.0,2.119485786683477,119,47.0,-53.0,0.39,165.0,4.0
2025-04-08 14:39:54,165.0,22.0,185.0,11.0,163.59,61.0,187.0,33.0,175.0,20.0,83.0,44.0,2.010467607286406,127,39.0,8.0,0.31,165.0,
2025-04-08 14:39:55,165.95,37.0,183.75,8.0,164.7,20.0,186.7,20.0,174.85,17.80000000000001,57.0,28.0,1.7846988541330764,85,29.0,-42.0,0.34,165.0,
2025-04-08 14:39:56,165.7,40.0,179.64,22.0,164.31,52.0,180.6,20.0,172.67,13.939999999999998,92.0,42.0,1.9690429147022317,134,50.0,49.0,0.37,166.0,5.0
2025-04-08 14:39:57,164.86,21.0,173.93,14.0,163.98,55.0,176.77,26.0,169.39,9.069999999999991,76.0,40.0,2.6441879660742957,116,36.0,-18.0,0.31,164.4,5.0
2025-04-08 14:39:58,163.95,22.0,172.75,24.0,162.56,9.0,174.0,8.0,168.35,8.800000000000011,31.0,32.0,3.069710084018669,63,-1.0,-53.0,-0.02,164.4,
2025-04-08 14:39:59,163.94,94.0,171.29,28.0,161.5,16.0,173.25,12.0,167.61,7.349999999999994,110.0,40.0,3.074521100906585,150,70.0,87.0,0.47,164.4,
2025-04-08 14:40:00,164.0,286.0,168.22,23.0,163.0,13.0,170.3,23.0,166.11,4.219999999999999,299.0,46.0,2.4584710695700047,345,253.0,168.0,0.73,164.4,
2025-04-08 14:40:01,164.0,198.0,165.88,25.0,163.0,9.0,167.05,21.0,164.94,1.8799999999999957,207.0,46.0,1.7713271860123485,253,161.0,-92.0,0.64,164.4,
2025-04-08 14:40:02,164.0,169.0,165.0,24.0,163.0,8.0,166.0,32.0,164.5,1.0,177.0,56.0,1.6616467735058742,233,121.0,-20.0,0.52,164.0,4.0
2025-04-08 14:40:03,164.0,142.0,165.5,32.0,163.0,8.0,207.0,32.0,164.75,1.5,150.0,64.0,1.2909957396907106,214,86.0,-19.0,0.4,164.0,1.0
2025-04-08 14:40:04,164.0,161.0,208.23,52.0,163.0,15.0,377.25,48.0,186.12,44.22999999999999,176.0,100.0,9.431851886025068,276,76.0,62.0,0.28,164.0,8.0
2025-04-08 14:40:05,164.0,45.0,320.0,10.0,163.0,5.0,447.4,20.0,242.0,156.0,50.0,30.0,33.472090164792164,80,20.0,-168.0,0.25,164.0,
2025-04-08 14:40:06,164.0,81.0,291.66,29.0,163.0,9.0,335.0,20.0,227.83,127.66000000000004,90.0,49.0,36.02140960595557,139,41.0,59.0,0.29,164.0,
2025-04-08 14:40:07,164.33,54.0,317.9,30.0,163.93,58.0,320.0,20.0,241.12,153.56999999999996,112.0,50.0,35.00084898970438,162,62.0,23.0,0.38,164.0,
2025-04-08 14:40:08,165.0,18.0,204.0,30.0,164.0,54.0,317.0,18.0,184.5,39.0,72.0,48.0,28.85972418440804,120,24.0,-42.0,0.2,164.0,
2025-04-08 14:40:09,165.0,21.0,292.43,23.0,164.0,63.0,409.0,15.0,228.72,127.43,84.0,38.0,23.50964653073586,122,46.0,2.0,0.38,164.0,
2025-04-08 14:40:10,165.0,26.0,317.0,30.0,164.0,90.0,432.0,20.0,241.0,152.0,116.0,50.0,23.330676801159026,166,66.0,44.0,0.4,165.0,2.0
2025-04-08 14:40:11,165.0,11.0,316.36,33.0,164.0,99.0,438.96,46.0,240.68,151.36,110.0,79.0,24.45157009273945,189,31.0,23.0,0.16,165.0,
2025-04-08 14:40:12,164.02,58.0,229.68,41.0,163.39,23.0,312.6,43.0,196.85,65.66,81.0,84.0,26.11159129582328,165,-3.0,-24.0,-0.02,164.14,7.0
2025-04-08 14:40:13,164.0,42.0,179.0,48.0,160.19,77.0,207.39,46.0,171.5,15.0,119.0,94.0,30.58823630090665,213,25.0,48.0,0.12,164.14,
2025-04-08 14:40:14,164.0,31.0,172.0,39.0,161.37,59.0,174.0,39.0,168.0,8.0,90.0,78.0,35.76666995961538,168,12.0,-45.0,0.07,164.0,1.0
2025-04-08 14:40:15,163.31,26.0,169.92,39.0,160.43,84.0,172.85,39.0,166.62,6.609999999999985,110.0,78.0,31.544392528625306,188,32.0,20.0,0.17,163.67,3.0
2025-04-08 14:40:16,160.67,36.0,167.25,24.0,159.8,40.0,168.25,24.0,163.96,6.5800000000000125,76.0,48.0,13.395461171603214,124,28.0,-64.0,0.23,162.0,3.0
2025-04-08 14:40:17,160.0,42.0,166.83,18.0,159.0,12.0,167.83,18.0,163.42,6.8300000000000125,54.0,36.0,3.2788107600015945,90,18.0,-34.0,0.2,162.0,
2025-04-08 14:40:18,160.0,83.0,165.45,33.0,159.0,22.0,166.82,33.0,162.73,5.449999999999989,105.0,66.0,2.255034367785792,171,39.0,81.0,0.23,162.0,
2025-04-08 14:40:19,160.0,70.0,162.1,30.0,159.0,20.0,163.3,30.0,161.05,2.0999999999999943,90.0,60.0,2.0329854893454837,150,30.0,-21.0,0.2,162.0,
2025-04-08 14:40:20,160.0,53.0,161.0,33.0,159.0,22.0,225.89,27.0,160.5,1.0,75.0,60.0,1.499356528609588,135,15.0,-15.0,0.11,160.0,3.0
2025-04-08 14:40:21,159.93,27.0,254.56,27.0,158.52,58.0,529.97,33.0,207.24,94.63,85.0,60.0,20.300484476975424,145,25.0,10.0,0.17,159.62,8.0
2025-04-08 14:40:22,158.68,88.0,246.18,22.0,157.89,94.0,414.63,27.0,202.43,87.5,182.0,49.0,23.85061529604534,231,133.0,86.0,0.58,159.62,
2025-04-08 14:40:23,159.0,80.0,222.09,22.0,158.0,112.0,407.36,28.0,190.55,63.09,192.0,50.0,22.366218500228747,242,142.0,11.0,0.59,159.62,
2025-04-08 14:40:24,159.16,101.0,207.08,24.0,158.07,150.0,387.33,42.0,183.12,47.920000000000016,251.0,66.0,18.45277946543536,317,185.0,75.0,0.58,159.0,5.0
2025-04-08 14:40:25,160.0,54.0,278.5,32.0,159.0,45.0,327.1,29.0,219.25,118.5,99.0,61.0,14.157862479909893,160,38.0,-157.0,0.24,160.0,2.0
2025-04-08 14:40:26,161.6,60.0,353.84,49.0,159.0,50.0,513.32,41.0,257.72,192.24,110.0,90.0,29.66065457807837,200,20.0,40.0,0.1,160.0,
2025-04-08 14:40:27,162.82,57.0,454.89,37.0,159.0,60.0,472.3,46.0,308.86,292.07,117.0,83.0,52.05489266149886,200,34.0,0.0,0.17,163.0,5.0
2025-04-08 14:40:28,165.78,9.0,431.88,25.0,159.0,45.0,454.56,27.0,298.83,266.1,54.0,52.0,53.065379768736754,106,2.0,-94.0,0.02,163.0,
2025-04-08 14:40:29,166.0,12.0,318.83,36.0,159.0,60.0,320.11,27.0,242.42,152.82999999999998,72.0,63.0,37.82598485169031,135,9.0,29.0,0.07,163.0,
2025-04-08 14:40:30,163.33,21.0,314.0,45.0,158.7,93.0,315.47,45.0,238.67,150.67,114.0,90.0,32.526305508008754,204,24.0,69.0,0.12,162.5,2.0
2025-04-08 14:40:31,159.0,40.0,305.75,36.0,158.0,140.0,313.4,30.0,232.38,146.75,180.0,66.0,36.51167306492953,246,114.0,42.0,0.46,162.5,
2025-04-08 14:40:32,160.86,58.0,273.0,45.0,158.13,158.0,282.16,44.0,216.93,112.14,216.0,89.0,31.176934262371365,305,127.0,59.0,0.42,162.5,
2025-04-08 14:40:33,165.0,36.0,257.58,36.0,161.67,12.0,260.75,36.0,211.29,92.57999999999998,48.0,72.0,13.621375481211697,120,-24.0,-168.0,-0.2,162.5,
2025-04-08 14:40:34,164.8,30.0,246.82,38.0,160.4,80.0,249.57,42.0,205.81,82.01999999999998,110.0,80.0,13.993901528884845,190,30.0,70.0,0.16,165.0,3.0
2025-04-08 14:40:35,164.0,12.0,247.08,36.0,160.0,144.0,248.5,36.0,205.54,83.08000000000001,156.0,72.0,11.086485015553793,228,84.0,38.0,0.37,165.0,
2025-04-08 14:40:36,164.0,12.0,244.17,36.0,160.0,144.0,245.5,36.0,204.08,80.16999999999999,156.0,72.0,5.341315381071943,228,84.0,0.0,0.37,165.0,
2025-04-08 14:40:37,160.0,198.0,242.39,41.0,159.0,52.0,244.0,41.0,201.2,82.38999999999999,250.0,82.0,3.6773944580453786,332,168.0,104.0,0.51,162.0,2.0
2025-04-08 14:40:38,160.0,176.0,236.64,33.0,159.0,44.0,238.17,35.0,198.32,76.63999999999999,220.0,68.0,3.188102884169874,288,152.0,-44.0,0.53,162.0,
2025-04-08 14:40:39,160.16,95.0,226.41,22.0,159.71,68.0,229.83,18.0,193.28,66.25,163.0,40.0,4.888443515071232,203,123.0,-85.0,0.61,162.0,
2025-04-08 14:40:40,161.62,65.0,173.06,49.0,160.0,208.0,182.76,38.0,167.34,11.439999999999998,273.0,87.0,14.804569564834054,360,186.0,157.0,0.52,162.0,
2025-04-08 14:40:41,161.02,172.0,165.74,65.0,159.85,226.0,167.26,69.0,163.38,4.719999999999999,398.0,134.0,17.93936119263944,532,264.0,168.0,0.5,163.0,5.0
2025-04-08 14:40:42,160.33,119.0,164.14,42.0,159.74,134.0,175.43,42.0,162.24,3.809999999999974,253.0,84.0,17.437170642049317,337,169.0,-168.0,0.5,161.0,3.0
2025-04-08 14:40:43,160.13,75.0,161.92,36.0,159.66,83.0,234.5,46.0,161.02,1.789999999999992,158.0,82.0,13.529734661105383,240,76.0,-97.0,0.32,160.4,5.0
2025-04-08 14:40:44,160.13,68.0,197.09,23.0,159.27,55.0,225.65,62.0,178.61,36.96000000000001,123.0,85.0,7.163596861905659,208,38.0,-32.0,0.18,160.5,6.0
2025-04-08 14:40:45,163.0,9.0,217.22,9.0,160.0,45.0,221.0,45.0,190.11,54.22,54.0,54.0,12.820693038986745,108,0.0,-100.0,0.0,160.5,
2025-04-08 14:40:46,160.88,17.0,215.75,8.0,159.68,37.0,221.0,40.0,188.32,54.870000000000005,54.0,48.0,13.88710372971784,102,6.0,-6.0,0.06,161.5,2.0
2025-04-08 14:40:47,160.0,40.0,214.5,10.0,159.0,40.0,352.61,46.0,187.25,54.5,80.0,56.0,12.047097990801085,136,24.0,34.0,0.18,161.5,
2025-04-08 14:40:48,160.0,32.0,212.5,8.0,159.0,32.0,370.0,40.0,186.25,52.5,64.0,48.0,4.428692809394705,112,16.0,-24.0,0.14,161.5,
2025-04-08 14:40:49,160.0,56.0,174.33,24.0,159.0,56.0,191.45,56.0,167.17,14.330000000000013,112.0,80.0,9.416825367392931,192,32.0,80.0,0.17,161.5,
2025-04-08 14:40:50,162.07,43.0,168.76,29.0,158.83,48.0,172.63,41.0,165.41,6.689999999999998,91.0,70.0,11.533130537714149,161,21.0,-31.0,0.13,160.0,4.0
2025-04-08 14:40:51,161.21,57.0,167.04,55.0,157.67,126.0,189.6,65.0,164.12,5.829999999999984,183.0,120.0,11.658348939705595,303,63.0,142.0,0.21,162.6,5.0
2025-04-08 14:40:52,159.0,33.0,164.72,29.0,157.0,108.0,165.82,34.0,161.86,5.719999999999999,141.0,63.0,9.856295957402738,204,78.0,-99.0,0.38,159.0,3.0
2025-04-08 14:40:53,157.08,116.0,164.0,48.0,156.87,62.0,165.0,36.0,160.54,6.919999999999988,178.0,84.0,2.6664864522236598,262,94.0,58.0,0.36,157.0,1.0
2025-04-08 14:40:54,158.71,34.0,162.63,38.0,157.38,96.0,163.55,31.0,160.67,3.919999999999988,130.0,69.0,2.161631328392285,199,61.0,-63.0,0.31,158.75,4.0
2025-04-08 14:40:55,158.0,41.0,159.29,31.0,157.0,120.0,160.5,24.0,158.65,1.289999999999992,161.0,55.0,2.0109624561093864,216,106.0,17.0,0.49,158.43,7.0
2025-04-08 14:40:56,158.0,8.0,161.0,16.0,157.0,96.0,404.62,32.0,159.5,3.0,104.0,48.0,1.22218247405114,152,56.0,-64.0,0.37,158.43,
2025-04-08 14:40:57,158.0,6.0,161.0,12.0,157.0,72.0,242.0,30.0,159.5,3.0,78.0,42.0,0.8371200629992378,120,36.0,-32.0,0.3,158.43,
2025-04-08 14:40:58,157.01,71.0,160.36,11.0,156.3,40.0,209.6,25.0,158.69,3.3500000000000227,111.0,36.0,0.821504716891126,147,75.0,27.0,0.51,157.33,3.0
2025-04-08 14:40:59,157.54,100.0,301.12,48.0,156.64,78.0,384.12,48.0,229.33,143.58,178.0,96.0,31.41726324809228,274,82.0,127.0,0.3,158.0,1.0
2025-04-08 14:41:00,161.19,64.0,312.11,38.0,157.57,84.0,406.67,30.0,236.65,150.92000000000002,148.0,68.0,40.48417505643399,216,80.0,-58.0,0.37,158.0,
2025-04-08 14:41:01,164.0,35.0,234.5,12.0,159.0,54.0,309.49,39.0,199.25,70.5,89.0,51.0,37.06690140812992,140,38.0,-76.0,0.27,164.0,4.0
2025-04-08 14:41:02,164.0,24.0,233.5,8.0,159.21,38.0,344.88,40.0,198.75,69.5,62.0,48.0,30.85987167828237,110,14.0,-30.0,0.13,164.0,1.0
2025-04-08 14:41:03,164.0,14.0,232.86,7.0,163.0,7.0,339.59,17.0,198.43,68.86000000000001,21.0,24.0,18.901452854214288,45,-3.0,-65.0,-0.07,164.0,
2025-04-08 14:41:04,164.0,13.0,230.71,7.0,163.0,7.0,259.0,14.0,197.36,66.71000000000001,20.0,21.0,17.09870813833783,41,-1.0,-4.0,-0.02,164.0,1.0
2025-04-08 14:41:05,164.0,7.0,229.57,7.0,163.0,7.0,240.94,17.0,196.79,65.57,14.0,24.0,1.0144358037987762,38,-10.0,-3.0,-0.26,164.0,
2025-04-08 14:41:06,159.69,29.0,228.33,9.0,157.37,65.0,230.0,9.0,194.01,68.64000000000001,94.0,18.0,1.8840169850680064,112,76.0,74.0,0.68,162.0,3.0
2025-04-08 14:41:07,159.0,36.0,227.33,9.0,157.0,135.0,228.67,9.0,193.17,68.33000000000001,171.0,18.0,2.254777150855564,189,153.0,77.0,0.81,159.0,3.0
2025-04-08 14:41:08,159.0,10.0,226.4,5.0,157.0,75.0,227.4,5.0,192.7,67.4,85.0,10.0,2.1333377604157637,95,75.0,-94.0,0.79,159.0,
2025-04-08 14:41:09,159.45,40.0,223.12,17.0,157.14,177.0,224.53,17.0,191.28,63.670000000000016,217.0,34.0,2.044565968613096,251,183.0,156.0,0.73,159.0,
2025-04-08 14:41:10,160.0,30.0,209.54,13.0,159.0,20.0,220.0,10.0,184.77,49.53999999999999,50.0,23.0,3.720796957642417,73,27.0,-168.0,0.37,159.0,
2025-04-08 14:41:11,160.0,30.0,216.27,22.0,159.0,20.0,217.6,10.0,188.14,56.27000000000001,50.0,32.0,3.5280688768781627,82,18.0,9.0,0.22,159.0,
2025-04-08 14:41:12,160.57,56.0,216.0,60.0,159.57,37.0,217.0,15.0,188.29,55.43000000000001,93.0,75.0,3.082957995171588,168,18.0,86.0,0.11,161.0,3.0
2025-04-08 14:41:13,161.45,40.0,214.64,14.0,160.15,39.0,215.98,53.0,188.05,53.19,79.0,67.0,2.304415327146712,146,12.0,-22.0,0.08,161.0,
2025-04-08 14:41:14,164.19,31.0,212.44,36.0,161.81,31.0,213.63,30.0,188.32,48.25,62.0,66.0,1.5378979159834758,128,-4.0,-18.0,-0.03,161.0,
2025-04-08 14:41:15,166.0,39.0,203.44,43.0,165.0,26.0,210.31,35.0,184.72,37.44,65.0,78.0,1.5602019100059787,143,-13.0,15.0,-0.09,161.0,
2025-04-08 14:41:16,165.6,25.0,206.07,56.0,163.88,50.0,206.92,37.0,185.84,40.47,75.0,93.0,1.661574554446624,168,-18.0,25.0,-0.11,165.75,4.0
2025-04-08 14:41:17,163.07,116.0,200.71,77.0,161.82,44.0,203.48,63.0,181.89,37.640000000000015,160.0,140.0,2.6392479989533904,300,20.0,132.0,0.07,164.0,5.0
2025-04-08 14:41:18,163.0,31.0,200.63,38.0,161.0,22.0,202.54,35.0,181.82,37.63,53.0,73.0,2.758137052427692,126,-20.0,-168.0,-0.16,163.0,6.0
2025-04-08 14:41:19,160.76,25.0,199.82,11.0,159.35,96.0,201.0,44.0,180.29,39.06,121.0,55.0,2.2887704122450008,176,66.0,50.0,0.38,160.83,6.0
2025-04-08 14:41:20,160.0,28.0,198.67,9.0,159.0,126.0,200.92,25.0,179.33,38.66999999999999,154.0,34.0,2.485222324051484,188,120.0,12.0,0.64,160.83,
2025-04-08 14:41:21,160.0,60.0,196.6,25.0,159.0,270.0,197.29,35.0,178.3,36.6,330.0,60.0,1.563339374530646,390,270.0,168.0,0.69,160.83,
2025-04-08 14:41:22,160.0,21.0,194.24,21.0,159.0,167.0,196.58,19.0,177.12,34.24000000000001,188.0,40.0,1.8067844364932224,228,148.0,-162.0,0.65,160.0,3.0
2025-04-08 14:41:23,160.0,9.0,191.29,34.0,159.0,162.0,192.41,27.0,175.65,31.289999999999992,171.0,61.0,1.823779043620488,232,110.0,4.0,0.47,160.0,
2025-04-08 14:41:24,160.0,10.0,189.31,16.0,159.0,86.0,190.32,38.0,174.66,29.31,96.0,54.0,1.8993867431212756,150,42.0,-82.0,0.28,160.0,
2025-04-08 14:41:25,160.0,11.0,184.41,39.0,159.0,154.0,185.66,35.0,172.21,24.41,165.0,74.0,2.344028583430509,239,91.0,89.0,0.38,160.0,
2025-04-08 14:41:26,160.0,8.0,181.0,32.0,159.0,112.0,182.0,24.0,170.5,21.0,120.0,56.0,2.6618921841301337,176,64.0,-63.0,0.36,160.0,
2025-04-08 14:41:27,160.0,8.0,179.03,31.0,159.0,112.0,181.52,25.0,169.52,19.03,120.0,56.0,2.624513288197849,176,64.0,0.0,0.36,160.0,
2025-04-08 14:41:28,159.1,41.0,177.14,21.0,158.86,65.0,179.0,28.0,168.12,18.039999999999992,106.0,49.0,2.529549366966601,155,57.0,-21.0,0.37,159.33,3.0
2025-04-08 14:41:29,159.0,130.0,174.08,36.0,158.0,30.0,175.94,34.0,166.54,15.080000000000013,160.0,70.0,2.1757803197737413,230,90.0,75.0,0.39,159.33,
2025-04-08 14:41:30,159.0,156.0,169.82,51.0,158.0,39.0,171.36,47.0,164.41,10.819999999999991,195.0,98.0,2.420169415538623,293,97.0,63.0,0.33,159.33,
2025-04-08 14:41:31,159.0,96.0,165.2,35.0,158.0,30.0,166.53,38.0,162.1,6.199999999999989,126.0,73.0,2.9503931941186954,199,53.0,-94.0,0.27,159.0,3.0
2025-04-08 14:41:32,159.0,75.0,161.17,47.0,158.0,39.0,162.08,52.0,160.09,2.1699999999999875,114.0,99.0,3.247101784652652,213,15.0,14.0,0.07,159.22,9.0
2025-04-08 14:41:33,159.0,6.0,161.0,18.0,158.0,18.0,415.22,18.0,160.0,2.0,24.0,36.0,2.8331025396000107,60,-12.0,-153.0,-0.2,159.22,
2025-04-08 14:41:34,157.94,17.0,160.68,31.0,157.5,32.0,477.9,20.0,159.31,2.740000000000009,49.0,51.0,2.083067449671846,100,-2.0,40.0,-0.02,158.0,5.0
2025-04-08 14:41:35,157.0,90.0,159.29,34.0,156.0,80.0,160.13,46.0,158.15,2.289999999999992,170.0,80.0,1.439809015070214,250,90.0,150.0,0.36,158.0,
2025-04-08 14:41:36,157.0,59.0,158.0,21.0,156.0,56.0,160.0,35.0,157.5,1.0,115.0,56.0,1.1463201995402044,171,59.0,-79.0,0.35,157.0,2.0
2025-04-08 14:41:37,157.0,42.0,159.47,34.0,156.0,64.0,244.8,25.0,158.24,2.469999999999999,106.0,59.0,0.9997749746180206,165,47.0,-6.0,0.28,157.6,5.0
2025-04-08 14:41:38,157.0,65.0,160.0,65.0,156.0,104.0,203.96,48.0,158.5,3.0,169.0,113.0,0.6554006407315343,282,56.0,117.0,0.2,157.6,
2025-04-08 14:41:39,157.0,40.0,159.91,32.0,156.0,64.0,345.73,30.0,158.45,2.9099999999999966,104.0,62.0,0.4004622327643957,166,42.0,-116.0,0.25,160.0,2.0
2025-04-08 14:41:40,157.0,25.0,158.2,15.0,156.0,40.0,260.0,20.0,157.6,1.1999999999999886,65.0,35.0,0.4752052186900133,100,30.0,-66.0,0.3,160.0,
2025-04-08 14:41:41,157.0,31.0,231.2,35.0,130.06,18.0,341.62,39.0,194.1,74.19999999999999,49.0,74.0,16.06008779552274,123,-25.0,23.0,-0.2,157.0,3.0
2025-04-08 14:41:42,157.5,20.0,259.57,42.0,130.24,17.0,498.69,39.0,208.54,102.07,37.0,81.0,24.17485718675371,118,-44.0,-5.0,-0.37,156.75,4.0
2025-04-08 14:41:43,163.0,10.0,418.41,34.0,155.72,25.0,530.84,31.0,290.71,255.41000000000005,35.0,65.0,54.41170875831817,100,-30.0,-18.0,-0.3,156.75,
2025-04-08 14:41:44,163.0,11.0,314.84,43.0,156.0,88.0,338.08,26.0,238.92,151.83999999999995,99.0,69.0,50.083052822288096,168,30.0,68.0,0.18,156.75,
2025-04-08 14:41:45,163.0,8.0,268.05,19.0,158.0,64.0,315.29,31.0,215.53,105.05,72.0,50.0,37.82533872948323,122,22.0,-46.0,0.18,156.75,
2025-04-08 14:41:46,163.0,10.0,317.58,38.0,160.0,80.0,318.62,32.0,240.29,154.57999999999998,90.0,70.0,32.225933190524984,160,20.0,38.0,0.12,156.75,
2025-04-08 14:41:47,163.0,12.0,314.96,46.0,160.0,96.0,316.58,38.0,238.98,151.95999999999998,108.0,84.0,27.62793387135932,192,24.0,32.0,0.12,156.75,
2025-04-08 14:41:48,163.0,9.0,248.0,30.0,160.0,72.0,277.69,32.0,205.5,85.0,81.0,62.0,16.220975001526188,143,19.0,-49.0,0.13,156.75,
2025-04-08 14:41:49,164.44,72.0,180.45,31.0,163.0,9.0,181.75,32.0,172.45,16.00999999999999,81.0,63.0,27.90450411672077,144,18.0,1.0,0.12,156.75,
2025-04-08 14:41:50,165.0,68.0,177.91,23.0,163.0,13.0,179.38,37.0,171.46,12.909999999999997,81.0,60.0,33.8452364447355,141,21.0,-3.0,0.15,165.0,3.0
2025-04-08 14:41:51,165.0,62.0,171.86,35.0,163.0,16.0,173.46,50.0,168.43,6.860000000000014,78.0,85.0,30.60631846531033,163,-7.0,22.0,-0.04,165.0,2.0
2025-04-08 14:41:52,160.93,89.0,165.86,56.0,160.78,27.0,167.0,54.0,163.39,4.930000000000007,116.0,110.0,16.729304528280245,226,6.0,63.0,0.03,164.5,4.0
2025-04-08 14:41:53,160.0,70.0,161.73,33.0,159.0,11.0,162.91,33.0,160.86,1.7299999999999898,81.0,66.0,5.0464115963626375,147,15.0,-79.0,0.1,160.0,3.0
2025-04-08 14:41:54,159.77,26.0,160.43,35.0,158.25,16.0,162.0,30.0,160.1,0.6599999999999966,42.0,65.0,4.927541983574954,107,-23.0,-40.0,-0.21,160.0,6.0
2025-04-08 14:41:55,157.52,31.0,159.28,54.0,156.36,75.0,160.39,46.0,158.4,1.759999999999991,106.0,100.0,3.900901177918204,206,6.0,99.0,0.03,158.33,3.0
2025-04-08 14:41:56,156.25,84.0,255.28,54.0,146.75,84.0,362.83,46.0,205.76,99.03,168.0,100.0,20.23694196265612,268,68.0,62.0,0.25,157.0,3.0
2025-04-08 14:41:57,156.0,73.0,343.89,45.0,128.71,17.0,651.22,27.0,249.94,187.89,90.0,72.0,40.42972322438008,162,18.0,-106.0,0.11,156.0,2.0
2025-04-08 14:41:58,156.0,38.0,312.06,35.0,104.0,16.0,732.22,27.0,234.03,156.06,54.0,62.0,41.8158029936056,116,-8.0,-46.0,-0.07,156.0,5.0
2025-04-08 14:41:59,156.0,16.0,327.71,21.0,124.17,36.0,576.65,20.0,241.86,171.70999999999998,52.0,41.0,37.24379706743256,93,11.0,-23.0,0.12,156.0,
2025-04-08 14:42:00,156.0,22.0,212.44,27.0,134.97,34.0,281.68,28.0,184.22,56.44,56.0,55.0,27.40483023118585,111,1.0,18.0,0.01,156.0,
2025-04-08 14:42:01,127.88,17.0,174.5,20.0,95.7,23.0,203.5,24.0,151.19,46.620000000000005,40.0,44.0,42.6780420122582,84,-4.0,-27.0,-0.05,156.0,2.0
2025-04-08 14:42:04,136.29,34.0,431.08,26.0,119.16,31.0,595.51,39.0,283.69,294.79,65.0,65.0,63.240884165229225,130,0.0,50.0,0.0,155.0,7.0
2025-04-08 14:42:05,122.14,14.0,278.05,21.0,80.94,18.0,288.27,22.0,200.1,155.91000000000005,32.0,43.0,64.08932102932557,75,-11.0,-55.0,-0.15,155.0,
2025-04-08 14:42:06,145.45,22.0,165.31,39.0,124.83,24.0,181.59,44.0,155.38,19.860000000000014,46.0,83.0,63.64195039437396,129,-37.0,54.0,-0.29,155.0,
2025-04-08 14:42:07,156.0,30.0,160.1,29.0,130.0,12.0,161.21,19.0,158.05,4.099999999999994,42.0,48.0,59.61769728864052,90,-6.0,-39.0,-0.07,156.0,1.0
2025-04-08 14:42:08,157.8,15.0,160.0,11.0,154.0,29.0,161.0,33.0,158.9,2.1999999999999886,44.0,44.0,54.90649351397334,88,0.0,-2.0,0.0,159.2,5.0
2025-04-08 14:42:09,156.4,20.0,159.71,7.0,145.71,14.0,211.5,6.0,158.06,3.3100000000000023,34.0,13.0,19.053887267429104,47,21.0,-41.0,0.45,159.0,1.0
2025-04-08 14:42:10,157.0,38.0,158.57,14.0,156.0,30.0,159.44,16.0,157.79,1.5699999999999932,68.0,30.0,1.3287324786667094,98,38.0,51.0,0.39,157.33,3.0
2025-04-08 14:42:13,116.44,9.0,252.95,42.0,110.29,14.0,456.8,10.0,184.7,136.51,23.0,52.0,20.791984753742224,75,-29.0,-2.0,-0.39,152.5,4.0
2025-04-08 14:42:14,147.93,14.0,258.55,38.0,138.86,14.0,458.25,12.0,203.24,110.62,28.0,50.0,30.55378127171635,78,-22.0,3.0,-0.28,152.5,
2025-04-08 14:42:15,158.0,13.0,253.82,11.0,152.04,52.0,455.32,19.0,205.91,95.82,65.0,30.0,35.6618708146379,95,35.0,17.0,0.37,158.0,1.0
2025-04-08 14:42:16,158.0,8.0,265.0,8.0,155.0,40.0,499.29,14.0,211.5,107.0,48.0,22.0,31.92754735334336,70,26.0,-25.0,0.37,158.0,
2025-04-08 14:42:17,159.03,32.0,291.33,12.0,135.0,31.0,493.13,15.0,225.18,132.29999999999998,63.0,27.0,14.65760826328961,90,36.0,20.0,0.4,155.75,4.0
2025-04-08 14:42:18,163.0,50.0,172.69,26.0,155.38,26.0,365.31,13.0,167.85,9.689999999999998,76.0,39.0,21.259716131690052,115,37.0,25.0,0.32,155.75,
2025-04-08 14:42:19,163.0,19.0,166.0,20.0,156.0,25.0,297.67,6.0,164.5,3.0,44.0,26.0,27.246478121034496,70,18.0,-45.0,0.26,163.0,3.0
2025-04-08 14:42:20,163.0,12.0,166.0,24.0,156.29,28.0,403.0,12.0,164.5,3.0,40.0,36.0,29.31191191307688,76,4.0,6.0,0.05,163.0,
2025-04-08 14:42:21,163.0,16.0,165.31,26.0,157.0,32.0,199.86,28.0,164.15,2.3100000000000023,48.0,54.0,26.8438955816763,102,-6.0,26.0,-0.06,163.0,
2025-04-08 14:42:22,163.0,12.0,164.13,23.0,157.0,24.0,165.21,19.0,163.57,1.1299999999999957,36.0,42.0,1.6847047218699636,78,-6.0,-24.0,-0.08,163.0,
2025-04-08 14:42:23,162.33,18.0,164.0,36.0,157.29,34.0,181.24,25.0,163.17,1.6699999999999875,52.0,61.0,0.5903134759491818,113,-9.0,35.0,-0.08,163.0,2.0
2025-04-08 14:42:24,159.44,18.0,163.0,8.0,156.86,28.0,189.67,24.0,161.22,3.5600000000000023,46.0,32.0,1.282212930789795,78,14.0,-35.0,0.18,159.4,5.0
2025-04-08 14:42:25,157.0,37.0,162.1,20.0,156.0,55.0,187.0,13.0,159.55,5.099999999999994,92.0,33.0,1.9049986876322405,125,59.0,47.0,0.47,159.4,
2025-04-08 14:42:26,157.0,18.0,218.67,12.0,156.0,30.0,255.5,6.0,187.83,61.66999999999999,48.0,18.0,11.71762006552096,66,30.0,-59.0,0.45,161.67,3.0
2025-04-08 14:42:27,161.81,16.0,275.77,13.0,157.09,22.0,376.46,13.0,218.79,113.95999999999998,38.0,26.0,25.506323137605364,64,12.0,-2.0,0.19,161.67,
2025-04-08 14:42:28,164.0,72.0,244.89,28.0,159.0,8.0,349.71,14.0,204.45,80.88999999999999,80.0,42.0,26.133834774100315,122,38.0,58.0,0.31,161.67,
2025-04-08 14:42:29,164.03,93.0,234.9,40.0,162.11,45.0,237.57,28.0,199.47,70.87,138.0,68.0,22.240375896104023,206,70.0,84.0,0.34,164.5,2.0
2025-04-08 14:42:30,164.0,136.0,187.27,48.0,160.0,34.0,222.24,33.0,175.64,23.27000000000001,170.0,81.0,16.40478222958226,251,89.0,45.0,0.35,164.5,
2025-04-08 14:42:31,164.0,88.0,184.82,17.0,160.0,22.0,186.16,38.0,174.41,20.819999999999997,110.0,55.0,19.189852005682788,165,55.0,-86.0,0.33,164.5,
2025-04-08 14:42:32,164.0,48.0,181.0,6.0,160.0,12.0,186.0,24.0,172.5,17.0,60.0,30.0,15.356260286930931,90,30.0,-75.0,0.33,164.5,
2025-04-08 14:42:33,164.0,94.0,179.2,30.0,162.79,112.0,184.8,30.0,171.6,15.199999999999989,206.0,60.0,11.704782355940958,266,146.0,168.0,0.55,164.0,2.0
2025-04-08 14:42:34,164.0,80.0,177.83,23.0,163.0,182.0,179.0,47.0,170.91,13.830000000000013,262.0,70.0,1.97072829175528,332,192.0,66.0,0.58,164.0,2.0
2025-04-08 14:42:35,164.0,44.0,173.78,23.0,163.0,143.0,175.88,32.0,168.89,9.78,187.0,55.0,2.031445298283828,242,132.0,-90.0,0.55,164.0,
2025-04-08 14:42:36,163.33,97.0,172.58,48.0,162.74,114.0,173.67,21.0,167.96,9.25,211.0,69.0,1.8934017006209904,280,142.0,38.0,0.51,164.0,4.0
2025-04-08 14:42:37,163.0,208.0,169.28,50.0,160.0,32.0,169.82,44.0,166.14,6.280000000000001,240.0,94.0,2.2153667867668263,334,146.0,54.0,0.44,164.0,
2025-04-08 14:42:38,163.0,172.0,164.19,32.0,160.0,32.0,195.75,20.0,163.59,1.1899999999999975,204.0,52.0,2.7798147420113195,256,152.0,-78.0,0.59,163.0,9.0
2025-04-08 14:42:39,163.0,32.0,164.0,16.0,160.0,16.0,282.46,28.0,163.5,1.0,48.0,44.0,2.463235676888805,92,4.0,-164.0,0.04,163.0,
2025-04-08 14:42:40,162.83,36.0,164.0,24.0,159.91,22.0,267.96,46.0,163.42,1.1699999999999875,58.0,70.0,2.0472713547289585,128,-12.0,36.0,-0.09,162.4,5.0
2025-04-08 14:42:41,160.0,4.0,163.0,8.0,159.0,4.0,233.4,10.0,161.5,3.0,8.0,18.0,1.6507271124837266,26,-10.0,-102.0,-0.38,162.4,
2025-04-08 14:42:42,158.18,22.0,178.48,25.0,157.12,32.0,244.67,30.0,168.33,20.299999999999983,54.0,55.0,2.536251170505504,109,-1.0,83.0,-0.01,159.5,6.0
2025-04-08 14:42:43,158.0,10.0,249.0,20.0,157.0,15.0,254.0,5.0,203.5,91.0,25.0,25.0,17.761072602743347,50,0.0,-59.0,0.0,159.5,
2025-04-08 14:42:44,158.0,46.0,254.0,11.0,157.0,33.0,396.73,44.0,206.0,96.0,79.0,55.0,22.249004472109583,134,24.0,84.0,0.18,159.5,
2025-04-08 14:42:45,160.4,10.0,259.67,6.0,157.89,27.0,283.67,9.0,210.03,99.27,37.0,15.0,23.028286301850315,52,22.0,-82.0,0.42,159.5,
2025-04-08 14:42:46,164.0,7.0,328.29,17.0,158.0,42.0,451.09,23.0,246.15,164.29000000000002,49.0,40.0,27.614879503630835,89,9.0,37.0,0.1,159.5,
2025-04-08 14:42:47,164.0,9.0,462.87,30.0,161.78,110.0,482.0,20.0,313.43,298.87,119.0,50.0,46.71445140425132,169,69.0,80.0,0.41,159.5,
2025-04-08 14:42:48,162.19,53.0,385.27,15.0,160.92,89.0,462.4,30.0,273.73,223.08,142.0,45.0,45.09660208929505,187,97.0,18.0,0.52,163.0,2.0
2025-04-08 14:42:49,162.0,84.0,336.4,15.0,158.0,42.0,458.24,21.0,249.2,174.39999999999998,126.0,36.0,38.20212978356367,162,90.0,-25.0,0.56,163.0,
2025-04-08 14:42:50,162.0,126.0,282.44,43.0,158.0,84.0,419.45,31.0,222.22,120.44,210.0,74.0,34.54921894920711,284,136.0,122.0,0.48,162.0,3.0
2025-04-08 14:42:51,162.0,98.0,245.0,26.0,158.0,72.0,311.96,48.0,203.5,83.0,170.0,74.0,43.27791272693519,244,96.0,-40.0,0.39,162.0,2.0
2025-04-08 14:42:52,162.0,56.0,223.0,32.0,158.0,48.0,364.28,25.0,192.5,61.0,104.0,57.0,33.29533300629576,161,47.0,-83.0,0.29,162.0,
2025-04-08 14:42:53,162.0,35.0,222.6,20.0,158.0,30.0,404.31,16.0,192.3,60.6,65.0,36.0,24.1291458613865,101,29.0,-60.0,0.29,162.0,
2025-04-08 14:42:54,163.66,32.0,221.56,36.0,162.71,49.0,349.52,23.0,192.61,57.900000000000006,81.0,59.0,12.982402705201482,140,22.0,39.0,0.16,162.0,
2025-04-08 14:42:55,164.57,21.0,218.57,28.0,163.0,35.0,359.36,33.0,191.57,54.0,56.0,61.0,5.049676227244648,117,-5.0,-23.0,-0.04,162.0,
2025-04-08 14:42:56,164.15,47.0,217.73,44.0,162.69,65.0,297.98,45.0,190.94,53.579999999999984,112.0,89.0,0.7105138985201741,201,23.0,84.0,0.11,165.0,3.0
2025-04-08 14:42:57,163.0,65.0,204.71,28.0,162.0,65.0,225.76,42.0,183.86,41.71000000000001,130.0,70.0,3.6339551455657615,200,60.0,-1.0,0.3,165.0,
2025-04-08 14:42:58,163.0,21.0,192.78,18.0,162.0,45.0,194.22,18.0,177.89,29.78,66.0,36.0,6.3252059254994455,102,30.0,-98.0,0.29,163.0,4.0
2025-04-08 14:42:59,162.69,13.0,190.9,20.0,161.53,51.0,192.6,20.0,176.8,28.210000000000008,64.0,40.0,6.972006167521762,104,24.0,2.0,0.23,162.5,2.0
2025-04-08 14:43:00,164.0,39.0,190.0,26.0,162.0,52.0,192.0,26.0,177.0,26.0,91.0,52.0,6.120687869835433,143,39.0,39.0,0.27,162.5,
2025-04-08 14:43:01,164.0,35.0,190.0,24.0,162.25,48.0,192.0,24.0,177.0,26.0,83.0,48.0,3.0203973248465363,131,35.0,-12.0,0.27,164.0,1.0
2025-04-08 14:43:02,164.0,22.0,187.64,22.0,163.0,44.0,188.73,22.0,175.82,23.639999999999983,66.0,44.0,0.737644900974709,110,22.0,-21.0,0.2,164.0,
2025-04-08 14:43:03,161.49,35.0,183.39,31.0,161.57,53.0,183.93,43.0,172.44,21.899999999999977,88.0,74.0,1.947387994193723,162,14.0,52.0,0.09,161.92,13.0
2025-04-08 14:43:04,158.0,73.0,178.21,47.0,157.0,63.0,179.92,26.0,168.11,20.210000000000008,136.0,73.0,3.821345312834628,209,63.0,47.0,0.3,161.92,
2025-04-08 14:43:05,158.0,70.0,174.55,29.0,157.0,64.0,175.88,41.0,166.28,16.55000000000001,134.0,70.0,4.680064102116018,204,64.0,-5.0,0.31,161.92,
2025-04-08 14:43:06,158.0,38.0,172.0,30.0,157.0,18.0,173.0,12.0,165.0,14.0,56.0,42.0,4.503665174045006,98,14.0,-106.0,0.14,158.0,2.0
2025-04-08 14:43:07,158.0,45.0,169.78,18.0,157.0,27.0,171.24,21.0,163.89,11.78,72.0,39.0,3.350840193130184,111,33.0,13.0,0.3,158.0,
2025-04-08 14:43:08,158.0,45.0,166.55,33.0,157.0,27.0,168.44,18.0,162.27,8.550000000000011,72.0,51.0,2.2324314098957103,123,21.0,12.0,0.17,158.0,
2025-04-08 14:43:09,159.19,47.0,164.82,22.0,157.91,33.0,166.0,26.0,162.0,5.629999999999996,80.0,48.0,1.8125037930675487,128,32.0,5.0,0.25,158.0,
2025-04-08 14:43:10,159.68,122.0,161.81,52.0,157.47,74.0,162.95,63.0,160.74,2.1299999999999955,196.0,115.0,1.6726177088264969,311,81.0,168.0,0.26,160.29,7.0
2025-04-08 14:43:11,160.0,143.0,161.62,26.0,159.0,33.0,169.59,41.0,160.81,1.6200000000000043,176.0,67.0,1.2876218388474132,243,109.0,-68.0,0.45,161.0,2.0
2025-04-08 14:43:12,160.41,91.0,163.0,62.0,159.64,184.0,258.29,17.0,161.7,2.5900000000000034,275.0,79.0,0.6957945098052598,354,196.0,111.0,0.55,163.0,3.0
2025-04-08 14:43:13,159.0,131.0,162.64,11.0,158.0,51.0,444.18,11.0,160.82,3.6399999999999855,182.0,22.0,0.590999153869136,204,160.0,-150.0,0.78,159.0,2.0
2025-04-08 14:43:14,159.51,39.0,336.77,13.0,158.58,43.0,537.78,18.0,248.14,177.26,82.0,31.0,38.96437116135636,113,51.0,-91.0,0.45,159.0,6.0
2025-04-08 14:43:15,163.91,46.0,389.06,16.0,159.92,26.0,509.17,36.0,276.49,225.15,72.0,52.0,56.33233059265371,124,20.0,11.0,0.16,159.0,
2025-04-08 14:43:16,164.0,56.0,193.35,20.0,163.0,8.0,285.0,12.0,178.68,29.349999999999994,64.0,32.0,53.59861640005312,96,32.0,-28.0,0.33,159.0,
2025-04-08 14:43:17,164.75,84.0,192.0,36.0,163.0,12.0,195.0,12.0,178.38,27.25,96.0,48.0,50.65520427359913,144,48.0,48.0,0.33,159.0,
2025-04-08 14:43:18,165.0,34.0,191.0,21.0,163.0,7.0,195.0,7.0,178.0,26.0,41.0,28.0,47.067948967424414,69,13.0,-75.0,0.19,165.0,5.0
2025-04-08 14:43:19,159.95,38.0,190.0,33.0,158.25,59.0,191.0,33.0,174.97,30.05000000000001,97.0,66.0,44.29121165649019,163,31.0,94.0,0.19,163.0,4.0
2025-04-08 14:43:20,161.33,15.0,188.89,27.0,158.76,42.0,190.56,27.0,175.11,27.55999999999997,57.0,54.0,1.8313847219885449,111,3.0,-52.0,0.03,163.0,
2025-04-08 14:43:21,164.0,6.0,187.0,18.0,160.4,15.0,188.0,18.0,175.5,23.0,21.0,36.0,1.6582430460974664,57,-15.0,-54.0,-0.26,163.0,
2025-04-08 14:43:22,158.5,76.0,186.4,45.0,156.43,125.0,187.49,53.0,172.45,27.90000000000001,201.0,98.0,1.9718848850594848,299,103.0,168.0,0.34,163.0,2.0
2025-04-08 14:43:23,160.0,32.0,185.38,24.0,158.0,40.0,186.38,24.0,172.69,25.379999999999995,72.0,48.0,1.452404902195646,120,24.0,-168.0,0.2,163.0,
2025-04-08 14:43:24,160.0,32.0,183.12,24.0,158.03,36.0,184.5,24.0,171.56,23.120000000000005,68.0,48.0,1.739761477881179,116,20.0,-4.0,0.17,163.0,
2025-04-08 14:43:25,159.18,61.0,180.43,42.0,156.36,74.0,181.71,42.0,169.8,21.25,135.0,84.0,2.071364284696247,219,51.0,103.0,0.23,159.8,5.0
2025-04-08 14:43:26,156.1,96.0,178.75,24.0,155.33,39.0,180.5,24.0,167.43,22.65000000000001,135.0,48.0,2.19249401365409,183,87.0,-36.0,0.48,158.0,5.0
2025-04-08 14:43:27,156.0,188.0,176.75,48.0,155.0,32.0,179.0,48.0,166.38,20.75,220.0,96.0,2.669413793308256,316,124.0,133.0,0.39,156.0,5.0
2025-04-08 14:43:28,156.0,60.0,172.1,29.0,155.0,26.0,173.62,39.0,164.05,16.099999999999994,86.0,68.0,2.930175762628878,154,18.0,-162.0,0.12,155.8,5.0
2025-04-08 14:43:29,155.14,14.0,168.16,31.0,107.0,49.0,169.9,31.0,161.65,13.02000000000001,63.0,62.0,3.132853332010629,125,1.0,-29.0,0.01,155.8,
2025-04-08 14:43:30,156.97,72.0,163.52,23.0,155.95,21.0,164.0,27.0,160.25,6.550000000000011,93.0,50.0,3.0415982640517645,143,43.0,18.0,0.3,155.8,
2025-04-08 14:43:31,157.35,57.0,159.55,29.0,156.0,22.0,161.4,15.0,158.45,2.200000000000017,79.0,44.0,3.1246087754910734,123,35.0,-20.0,0.28,157.0,2.0
2025-04-08 14:43:32,158.0,29.0,160.16,25.0,156.0,26.0,161.78,27.0,159.08,2.1599999999999966,55.0,52.0,2.2368683465662973,107,3.0,-16.0,0.03,158.0,3.0
2025-04-08 14:43:33,156.46,26.0,159.29,28.0,153.83,36.0,189.1,41.0,157.87,2.829999999999984,62.0,69.0,1.5093707297630614,131,-7.0,24.0,-0.05,158.0,2.0
2025-04-08 14:43:34,154.76,34.0,159.18,44.0,150.03,61.0,198.33,48.0,156.97,4.420000000000016,95.0,92.0,1.238579831848514,187,3.0,56.0,0.02,157.57,7.0
2025-04-08 14:43:35,153.0,26.0,159.0,13.0,72.0,38.0,272.42,33.0,156.0,6.0,64.0,46.0,1.2160715438898522,110,18.0,-77.0,0.16,158.0,1.0
2025-04-08 14:43:36,158.35,74.0,330.67,30.0,146.5,28.0,419.61,66.0,244.51,172.32000000000002,102.0,96.0,38.93757606734046,198,6.0,88.0,0.03,159.0,1.0
2025-04-08 14:43:40,155.89,45.0,403.1,31.0,150.62,24.0,508.67,30.0,279.49,247.21000000000004,69.0,61.0,50.59355265249165,130,8.0,7.0,0.06,159.0,
2025-04-08 14:43:41,157.0,8.0,344.42,26.0,156.0,88.0,547.89,38.0,250.71,187.42,96.0,64.0,48.64263942263464,160,32.0,30.0,0.2,157.0,3.0
2025-04-08 14:43:42,156.3,23.0,250.94,34.0,155.92,79.0,411.88,24.0,203.62,94.64,102.0,58.0,66.63546090483919,160,44.0,0.0,0.28,156.25,4.0
2025-04-08 14:43:43,156.0,32.0,272.43,14.0,153.0,4.0,485.75,12.0,214.21,116.43,36.0,26.0,47.610459985177854,62,10.0,-98.0,0.16,156.25,
2025-04-08 14:43:44,156.0,32.0,177.0,8.0,153.0,4.0,265.0,20.0,166.5,21.0,36.0,28.0,43.60051180892374,64,8.0,2.0,0.12,156.25,
2025-04-08 14:43:45,156.0,80.0,257.0,44.0,153.0,10.0,476.06,34.0,206.5,101.0,90.0,78.0,30.024649373473792,168,12.0,104.0,0.07,156.25,
2025-04-08 14:43:46,164.0,24.0,265.0,40.0,156.0,79.0,373.33,18.0,214.5,101.0,103.0,58.0,19.900356278218013,161,45.0,-7.0,0.28,156.25,
2025-04-08 14:43:48,164.0,6.0,197.0,28.0,156.0,54.0,396.77,26.0,180.5,33.0,60.0,54.0,67.41677832706107,114,6.0,-68.0,0.05,156.25,
2025-04-08 14:43:49,164.0,8.0,242.25,40.0,158.4,60.0,351.62,32.0,203.12,78.25,68.0,72.0,61.78615605457359,140,-4.0,26.0,-0.03,156.25,
2025-04-08 14:43:50,162.33,36.0,298.74,31.0,159.6,90.0,376.85,52.0,230.54,136.41,126.0,83.0,60.59893827452871,209,43.0,69.0,0.21,163.0,2.0
2025-04-08 14:43:51,162.0,48.0,260.08,24.0,158.0,108.0,301.91,33.0,211.04,98.07999999999998,156.0,57.0,60.88227492464566,213,99.0,4.0,0.46,162.0,1.0
2025-04-08 14:43:52,162.0,18.0,257.0,16.0,158.0,72.0,258.25,16.0,209.5,95.0,90.0,32.0,17.98603347044679,122,58.0,-91.0,0.48,162.0,2.0
2025-04-08 14:43:53,162.0,16.0,197.19,27.0,158.0,90.0,214.32,25.0,179.59,35.19,106.0,52.0,18.32193275830996,158,54.0,36.0,0.34,162.0,
2025-04-08 14:43:54,162.0,14.0,182.33,12.0,158.0,75.0,183.48,23.0,172.17,20.330000000000013,89.0,35.0,24.157230180631345,124,54.0,-34.0,0.44,162.0,
2025-04-08 14:43:55,162.0,20.0,177.79,14.0,158.01,82.0,179.11,35.0,169.89,15.789999999999992,102.0,49.0,20.25723006731068,151,53.0,27.0,0.35,162.0,
2025-04-08 14:43:56,161.56,50.0,174.62,29.0,159.12,48.0,177.33,45.0,168.09,13.060000000000002,98.0,74.0,17.14403453099416,172,24.0,21.0,0.14,161.0,4.0
2025-04-08 14:43:57,161.62,52.0,170.53,34.0,159.82,34.0,171.86,44.0,166.07,8.909999999999997,86.0,78.0,5.220892643972293,164,8.0,-8.0,0.05,163.0,4.0
2025-04-08 14:43:58,159.89,18.0,165.59,41.0,158.39,33.0,165.76,42.0,162.74,5.700000000000017,51.0,83.0,3.610584440207686,134,-32.0,-30.0,-0.24,160.0,4.0
2025-04-08 14:43:59,158.07,73.0,160.0,19.0,156.88,113.0,161.53,19.0,159.03,1.9300000000000068,186.0,38.0,4.336447855083573,224,148.0,90.0,0.66,158.33,3.0
2025-04-08 14:44:00,158.0,43.0,159.7,10.0,156.0,72.0,164.38,8.0,158.85,1.6999999999999886,115.0,18.0,4.134438293148149,133,97.0,-91.0,0.73,158.0,3.0
2025-04-08 14:44:01,158.0,30.0,159.11,9.0,156.0,81.0,165.0,9.0,158.56,1.1100000000000136,111.0,18.0,3.285460393893347,129,93.0,-4.0,0.72,158.0,3.0
2025-04-08 14:44:02,159.04,23.0,409.7,53.0,156.08,103.0,454.57,60.0,284.37,250.66,126.0,113.0,55.73782602506076,239,13.0,110.0,0.05,158.0,1.0
2025-04-08 14:44:03,160.0,33.0,344.55,33.0,158.0,11.0,407.14,28.0,252.27,184.55,44.0,61.0,61.04377429353477,105,-17.0,-134.0,-0.16,158.0,
2025-04-08 14:44:04,164.0,42.0,343.33,18.0,160.0,18.0,388.0,6.0,253.67,179.32999999999998,60.0,24.0,58.7809389173063,84,36.0,-21.0,0.43,158.0,
2025-04-08 14:44:05,164.0,50.0,343.0,24.0,160.0,24.0,420.0,10.0,253.5,179.0,74.0,34.0,47.74860971798209,108,40.0,24.0,0.37,164.0,2.0
2025-04-08 14:44:06,164.0,50.0,342.0,30.0,160.0,30.0,468.0,20.0,253.0,178.0,80.0,50.0,13.990474259304136,130,30.0,22.0,0.23,164.0,
2025-04-08 14:44:07,164.0,55.0,332.35,31.0,160.0,33.0,406.58,24.0,248.18,168.35000000000002,88.0,55.0,2.2708654738275675,143,33.0,13.0,0.23,164.0,
2025-04-08 14:44:08,164.0,30.0,338.83,24.0,160.0,18.0,339.75,24.0,251.42,174.82999999999998,48.0,48.0,2.288947356367422,96,0.0,-47.0,0.0,164.0,
2025-04-08 14:44:09,163.77,53.0,269.06,33.0,159.88,32.0,329.56,25.0,216.42,105.29,85.0,58.0,15.836391003009217,143,27.0,47.0,0.19,164.0,5.0
2025-04-08 14:44:10,160.0,36.0,259.92,50.0,158.0,24.0,262.48,44.0,209.96,99.92000000000002,60.0,94.0,20.834938924800227,154,-34.0,11.0,-0.22,159.5,4.0
2025-04-08 14:44:11,158.91,64.0,254.59,63.0,156.18,79.0,256.57,63.0,206.75,95.68,143.0,126.0,21.54216052303292,269,17.0,115.0,0.06,159.0,2.0
2025-04-08 14:44:12,160.38,90.0,250.17,48.0,156.52,81.0,251.8,50.0,205.27,89.78999999999999,171.0,98.0,19.187517556997385,269,73.0,0.0,0.27,161.0,1.0
2025-04-08 14:44:13,162.29,119.0,246.83,58.0,158.0,51.0,247.67,76.0,204.56,84.54000000000002,170.0,134.0,4.843415117460527,304,36.0,35.0,0.12,161.0,
2025-04-08 14:44:14,164.0,80.0,241.59,34.0,158.67,36.0,242.36,44.0,202.79,77.59,116.0,78.0,2.695594554089007,194,38.0,-110.0,0.2,164.0,1.0
2025-04-08 14:44:15,164.0,60.0,238.88,32.0,162.9,50.0,240.57,21.0,201.44,74.88,110.0,53.0,2.0841952883612977,163,57.0,-31.0,0.35,164.0,
2025-04-08 14:44:16,164.27,30.0,234.0,42.0,162.0,11.0,235.0,38.0,199.13,69.72999999999999,41.0,80.0,2.4691030760220025,121,-39.0,-42.0,-0.32,164.0,4.0
2025-04-08 14:44:17,165.0,14.0,231.79,19.0,162.0,7.0,233.25,16.0,198.39,66.78999999999999,21.0,35.0,2.551327105648303,56,-14.0,-65.0,-0.25,164.0,
2025-04-08 14:44:18,160.83,46.0,230.82,22.0,156.82,51.0,232.0,33.0,195.82,69.98999999999998,97.0,55.0,2.7156085874088527,152,42.0,96.0,0.28,162.75,4.0
2025-04-08 14:44:19,157.0,76.0,228.78,27.0,155.93,54.0,229.61,23.0,192.89,71.78,130.0,50.0,3.2802941941235746,180,80.0,28.0,0.44,156.5,8.0
2025-04-08 14:44:20,157.0,44.0,227.26,35.0,156.0,77.0,228.42,31.0,192.13,70.25999999999999,121.0,66.0,3.148510759072205,187,55.0,7.0,0.29,156.5,
2025-04-08 14:44:21,157.48,23.0,224.56,32.0,156.68,65.0,226.4,50.0,191.02,67.08000000000001,88.0,82.0,3.007548835844064,170,6.0,-17.0,0.04,156.5,
2025-04-08 14:44:22,158.0,19.0,221.03,33.0,156.72,50.0,221.83,36.0,189.52,63.03,69.0,69.0,2.3521968454999778,138,0.0,-32.0,0.0,156.5,
2025-04-08 14:44:23,158.0,65.0,214.79,47.0,156.0,91.0,215.8,45.0,186.39,56.78999999999999,156.0,92.0,2.5705738658853523,248,64.0,110.0,0.26,156.5,
2025-04-08 14:44:24,158.0,55.0,210.59,22.0,156.0,77.0,212.0,24.0,184.3,52.59,132.0,46.0,3.2600567479671367,178,86.0,-70.0,0.48,156.5,
2025-04-08 14:44:25,158.26,23.0,206.84,19.0,156.07,58.0,207.74,23.0,182.55,48.58000000000001,81.0,42.0,3.524121167037046,123,39.0,-55.0,0.32,158.0,3.0
2025-04-08 14:44:26,158.5,24.0,204.5,30.0,156.1,81.0,205.81,31.0,181.5,46.0,105.0,61.0,3.20138563749372,166,44.0,43.0,0.27,164.0,1.0
2025-04-08 14:44:27,156.46,52.0,192.64,33.0,155.84,50.0,196.03,35.0,174.55,36.17999999999998,102.0,68.0,4.486543212757379,170,34.0,4.0,0.2,157.0,4.0
2025-04-08 14:44:28,159.31,116.0,181.4,20.0,155.91,44.0,182.48,25.0,170.36,22.090000000000003,160.0,45.0,5.932728714506238,205,115.0,35.0,0.56,157.0,
2025-04-08 14:44:29,160.0,132.0,177.93,15.0,156.0,55.0,180.7,20.0,168.97,17.930000000000007,187.0,35.0,6.237558015755442,222,152.0,17.0,0.68,157.0,
2025-04-08 14:44:30,160.0,192.0,172.53,32.0,156.0,80.0,173.33,33.0,166.27,12.53,272.0,65.0,5.935305383878936,337,207.0,115.0,0.61,157.0,
2025-04-08 14:44:31,160.0,156.0,166.11,28.0,159.0,104.0,167.15,26.0,163.05,6.110000000000014,260.0,54.0,4.326095237033964,314,206.0,-23.0,0.66,157.0,
2025-04-08 14:44:32,160.0,143.0,161.26,39.0,157.1,87.0,202.89,27.0,160.63,1.259999999999991,230.0,66.0,4.0416308589327095,296,164.0,-18.0,0.55,160.43,7.0
2025-04-08 14:44:33,160.0,59.0,161.62,26.0,156.0,49.0,405.0,46.0,160.81,1.6200000000000043,108.0,72.0,3.615062931661049,180,36.0,-116.0,0.2,160.0,4.0
2025-04-08 14:44:34,160.0,30.0,236.0,16.0,157.0,10.0,351.0,26.0,198.0,76.0,40.0,42.0,15.954316657252743,82,-2.0,-98.0,-0.02,160.0,2.0
2025-04-08 14:44:35,160.46,24.0,344.7,20.0,158.57,23.0,389.24,34.0,252.58,184.24,47.0,54.0,39.92690483871696,101,-7.0,19.0,-0.07,161.0,3.0
2025-04-08 14:44:36,163.5,8.0,350.0,28.0,161.88,8.0,505.4,20.0,256.75,186.5,16.0,48.0,47.19515155182821,64,-32.0,-37.0,-0.5,161.0,
2025-04-08 14:44:37,164.6,10.0,343.11,37.0,162.0,10.0,435.6,20.0,253.85,178.51000000000002,20.0,57.0,43.15259401241256,77,-37.0,13.0,-0.48,161.0,
2025-04-08 14:44:38,166.0,7.0,181.0,35.0,162.0,7.0,0.0,0.0,173.5,15.0,14.0,35.0,38.612015357918246,49,-21.0,-28.0,-0.43,161.0,
2025-04-08 14:44:39,166.0,9.0,342.78,45.0,162.0,9.0,742.0,4.0,254.39,176.77999999999997,18.0,49.0,36.207784107842855,67,-31.0,18.0,-0.46,161.0,
2025-04-08 14:44:40,166.0,7.0,290.71,35.0,162.94,32.0,597.0,28.0,228.36,124.70999999999998,39.0,63.0,35.41684697993511,102,-24.0,35.0,-0.24,161.0,
2025-04-08 14:44:41,165.73,15.0,297.25,68.0,163.2,60.0,594.03,58.0,231.49,131.52,75.0,126.0,32.96478681866636,201,-51.0,99.0,-0.25,166.0,1.0
2025-04-08 14:44:42,163.04,52.0,456.11,37.0,162.4,15.0,544.2,41.0,309.57,293.07000000000005,67.0,78.0,49.18274463671341,145,-11.0,-56.0,-0.08,163.33,6.0
2025-04-08 14:44:43,163.0,14.0,268.92,26.0,162.0,7.0,355.75,16.0,215.96,105.92000000000002,21.0,42.0,37.13676655284078,63,-21.0,-82.0,-0.33,163.33,
2025-04-08 14:44:44,160.75,16.0,230.21,28.0,158.16,50.0,266.93,28.0,195.48,69.46000000000001,66.0,56.0,43.400975449869215,122,10.0,59.0,0.08,161.6,5.0
2025-04-08 14:44:45,160.0,8.0,187.0,20.0,158.0,32.0,242.0,8.0,173.5,27.0,40.0,28.0,51.96009767119485,68,12.0,-54.0,0.18,161.6,
2025-04-08 14:44:46,160.0,76.0,200.58,33.0,158.0,88.0,228.12,24.0,180.29,40.58000000000001,164.0,57.0,55.34542212324404,221,107.0,153.0,0.48,161.6,
2025-04-08 14:44:47,160.97,137.0,197.42,24.0,159.45,116.0,198.26,38.0,179.19,36.44999999999999,253.0,62.0,17.183676265571737,315,191.0,94.0,0.61,161.6,
2025-04-08 14:44:48,162.26,86.0,195.16,25.0,160.0,36.0,196.17,29.0,178.71,32.900000000000006,122.0,54.0,8.276516779415449,176,68.0,-139.0,0.39,162.0,5.0
2025-04-08 14:44:49,163.75,16.0,191.0,20.0,158.43,56.0,191.75,16.0,177.38,27.25,72.0,36.0,2.6280087518750994,108,36.0,-68.0,0.33,163.33,3.0
2025-04-08 14:44:50,160.0,14.0,187.5,24.0,158.0,154.0,189.14,28.0,173.75,27.5,168.0,52.0,2.5258028426487056,220,116.0,112.0,0.53,163.33,
2025-04-08 14:44:51,158.12,82.0,184.85,13.0,157.13,97.0,186.09,23.0,171.48,26.72999999999999,179.0,36.0,3.349084949643065,215,143.0,-5.0,0.67,160.0,1.0
2025-04-08 14:44:52,158.0,145.0,171.96,56.0,156.0,90.0,179.93,27.0,164.98,13.960000000000008,235.0,83.0,5.446186739353967,318,152.0,103.0,0.48,158.0,5.0
2025-04-08 14:44:53,159.22,73.0,166.0,23.0,157.95,86.0,167.47,30.0,162.61,6.780000000000001,159.0,53.0,6.134366307932932,212,106.0,-106.0,0.5,158.0,
2025-04-08 14:44:54,160.0,40.0,162.0,15.0,159.0,80.0,163.4,10.0,161.0,2.0,120.0,25.0,5.583612629820438,145,95.0,-67.0,0.66,160.0,2.0
2025-04-08 14:44:55,159.0,68.0,160.55,11.0,158.0,27.0,170.5,18.0,159.77,1.5500000000000114,95.0,29.0,4.629543173994565,124,66.0,-21.0,0.53,159.6,5.0
2025-04-08 14:44:56,159.0,30.0,160.14,14.0,156.12,69.0,196.16,25.0,159.57,1.1399999999999864,99.0,39.0,2.2512951827494057,138,60.0,14.0,0.43,159.6,
2025-04-08 14:44:57,159.0,28.0,160.0,26.0,158.0,26.0,266.13,47.0,159.5,1.0,54.0,73.0,1.332234964211095,127,-19.0,-11.0,-0.15,159.0,2.0
2025-04-08 14:44:58,159.0,34.0,206.0,15.0,158.0,12.0,306.33,30.0,182.5,47.0,46.0,45.0,10.098547915412473,91,1.0,-36.0,0.01,159.0,2.0
2025-04-08 14:44:59,159.48,62.0,270.14,58.0,158.12,32.0,296.85,67.0,214.81,110.66,94.0,125.0,24.244119905658,219,-31.0,128.0,-0.14,159.0,
2025-04-08 14:45:00,164.0,36.0,229.22,32.0,159.0,36.0,258.37,30.0,196.61,65.22,72.0,62.0,23.967504459162008,134,10.0,-85.0,0.07,164.0,2.0
2025-04-08 14:45:01,164.0,44.0,239.0,55.0,159.0,44.0,241.0,44.0,201.5,75.0,88.0,99.0,21.05431618457324,187,-11.0,53.0,-0.06,164.0,
2025-04-08 14:45:02,164.0,44.0,239.0,55.0,159.3,40.0,241.0,44.0,201.5,75.0,84.0,99.0,11.615516777139735,183,-15.0,-4.0,-0.08,164.0,
2025-04-08 14:45:03,164.0,32.0,237.89,19.0,162.0,16.0,239.41,34.0,200.95,73.88999999999999,48.0,53.0,6.873560212875769,101,-5.0,-82.0,-0.05,164.0,
2025-04-08 14:45:04,162.0,25.0,228.49,65.0,159.05,42.0,224.73,33.0,195.25,66.49000000000001,67.0,98.0,2.9977441518605223,165,-31.0,64.0,-0.19,161.89,9.0
2025-04-08 14:45:05,159.0,15.0,189.11,28.0,158.0,30.0,190.25,48.0,174.05,30.110000000000014,45.0,76.0,11.813710255461531,121,-31.0,-44.0,-0.26,161.89,
2025-04-08 14:45:06,160.64,22.0,182.88,48.0,158.09,22.0,184.47,30.0,171.76,22.24000000000001,44.0,78.0,14.6491559483806,122,-34.0,1.0,-0.28,161.89,
2025-04-08 14:45:07,159.0,15.0,180.66,68.0,158.0,30.0,181.67,54.0,169.83,21.66,45.0,122.0,14.578724909948424,167,-77.0,45.0,-0.46,161.89,
2025-04-08 14:45:08,159.0,8.0,176.1,29.0,158.0,16.0,177.89,27.0,167.55,17.099999999999994,24.0,56.0,11.195169494024004,80,-32.0,-87.0,-0.4,161.89,
2025-04-08 14:45:09,163.52,31.0,173.0,63.0,159.26,23.0,174.75,51.0,168.26,9.47999999999999,54.0,114.0,2.652291462095667,168,-60.0,88.0,-0.36,161.89,
2025-04-08 14:45:10,164.0,36.0,167.47,32.0,161.0,36.0,168.31,59.0,165.73,3.469999999999999,72.0,91.0,2.288565052581945,163,-19.0,-5.0,-0.12,161.89,
2025-04-08 14:45:11,162.5,20.0,165.0,10.0,160.33,15.0,167.25,40.0,163.75,2.5,35.0,50.0,2.3490168155833846,85,-15.0,-78.0,-0.18,164.0,2.0
2025-04-08 14:45:12,158.69,32.0,163.07,46.0,157.21,66.0,167.02,57.0,160.88,4.379999999999996,98.0,103.0,2.9969200856690925,201,-5.0,116.0,-0.02,160.33,3.0
2025-04-08 14:45:13,156.39,76.0,159.54,24.0,155.71,110.0,160.98,42.0,157.97,3.1500000000000057,186.0,66.0,4.030281627861712,252,120.0,51.0,0.48,157.5,8.0
2025-04-08 14:45:14,156.22,143.0,160.58,67.0,155.13,138.0,191.05,57.0,158.4,4.360000000000014,281.0,124.0,3.3649710251163087,405,157.0,153.0,0.39,158.86,7.0
2025-04-08 14:45:15,157.0,32.0,162.0,44.0,155.21,81.0,278.0,33.0,159.5,5.0,113.0,77.0,2.3301180227335365,190,36.0,-168.0,0.19,157.78,9.0
2025-04-08 14:45:16,157.0,14.0,161.55,44.0,155.0,88.0,479.81,47.0,159.27,4.550000000000011,102.0,91.0,1.125846348248407,193,11.0,3.0,0.06,157.0,1.0
2025-04-08 14:45:17,157.0,26.0,161.0,48.0,155.04,83.0,257.88,41.0,159.0,4.0,109.0,89.0,0.6316407205547042,198,20.0,5.0,0.1,161.0,1.0
2025-04-08 14:45:18,159.14,56.0,161.0,39.0,155.64,39.0,317.57,47.0,160.07,1.8600000000000136,95.0,86.0,0.6164981750698431,181,9.0,-17.0,0.05,161.0,
2025-04-08 14:45:19,160.0,76.0,244.77,30.0,157.0,15.0,306.98,57.0,202.38,84.77000000000001,91.0,87.0,19.198453843992173,178,4.0,-3.0,0.02,160.25,4.0
2025-04-08 14:45:20,160.0,85.0,237.72,53.0,157.0,17.0,363.54,52.0,198.86,77.72,102.0,105.0,22.58930344211454,207,-3.0,29.0,-0.01,160.25,
2025-04-08 14:45:21,160.0,50.0,193.5,30.0,157.0,10.0,218.52,23.0,176.75,33.5,60.0,53.0,20.637361023152675,113,7.0,-94.0,0.06,160.25,
2025-04-08 14:45:22,160.0,60.0,190.03,32.0,157.0,12.0,199.36,28.0,175.02,30.03,72.0,60.0,17.71238634402358,132,12.0,19.0,0.09,160.25,
2025-04-08 14:45:23,160.0,40.0,185.37,27.0,157.0,52.0,186.87,23.0,172.69,25.370000000000005,92.0,50.0,14.25890072901704,142,42.0,10.0,0.3,160.0,1.0
2025-04-08 14:45:24,160.0,44.0,182.12,25.0,157.0,77.0,183.6,30.0,171.06,22.120000000000005,121.0,55.0,11.380963491723316,176,66.0,34.0,0.38,160.0,
2025-04-08 14:45:25,160.0,44.0,180.73,33.0,157.7,23.0,182.0,22.0,170.36,20.72999999999999,67.0,55.0,2.68408829957537,122,12.0,-54.0,0.1,160.0,
2025-04-08 14:45:26,161.95,21.0,179.92,26.0,160.08,25.0,181.68,19.0,170.94,17.97,46.0,45.0,1.8902592414568689,91,1.0,-31.0,0.01,160.0,
2025-04-08 14:45:27,163.0,32.0,178.18,22.0,160.38,16.0,179.33,18.0,170.59,15.180000000000009,48.0,40.0,0.9163896550648266,88,8.0,-3.0,0.09,160.0,
2025-04-08 14:45:28,160.84,43.0,176.38,29.0,158.87,39.0,177.52,21.0,168.61,15.539999999999992,82.0,50.0,0.9912466897330998,132,32.0,44.0,0.24,161.33,9.0
2025-04-08 14:45:29,155.35,121.0,172.1,40.0,129.04,54.0,173.39,46.0,163.72,16.75,175.0,86.0,3.00208760696644,261,89.0,129.0,0.34,156.8,5.0
2025-04-08 14:45:30,158.4,50.0,166.78,23.0,155.17,69.0,168.4,20.0,162.59,8.379999999999995,119.0,43.0,3.898390693593424,162,76.0,-99.0,0.47,156.8,
2025-04-08 14:45:31,159.52,62.0,164.05,41.0,157.07,87.0,165.44,39.0,161.78,4.530000000000001,149.0,80.0,3.906605943768728,229,69.0,67.0,0.3,160.0,2.0
2025-04-08 14:45:32,157.26,47.0,160.8,15.0,152.54,65.0,162.26,23.0,159.03,3.5400000000000205,112.0,38.0,3.5107449351784004,150,74.0,-79.0,0.49,159.29,7.0
2025-04-08 14:45:33,155.0,70.0,158.35,17.0,145.0,70.0,159.23,13.0,156.68,3.3499999999999943,140.0,30.0,2.863136392118298,170,110.0,20.0,0.65,159.29,
2025-04-08 14:45:34,155.02,62.0,265.35,34.0,146.02,49.0,358.68,28.0,210.18,110.33,111.0,62.0,22.55359550049405,173,49.0,3.0,0.28,156.0,6.0
2025-04-08 14:45:35,164.0,5.0,217.17,24.0,155.0,25.0,262.05,21.0,190.58,53.16999999999999,30.0,45.0,23.68379192612377,75,-15.0,-98.0,-0.2,156.0,
2025-04-08 14:45:36,164.0,7.0,216.29,35.0,155.0,35.0,499.14,28.0,190.14,52.28999999999999,42.0,63.0,22.9151329911032,105,-21.0,30.0,-0.2,156.0,
2025-04-08 14:45:37,165.0,72.0,212.65,43.0,156.24,17.0,499.37,38.0,188.83,47.650000000000006,89.0,81.0,19.249948571359035,170,8.0,65.0,0.05,156.0,
2025-04-08 14:45:38,165.0,88.0,196.68,53.0,157.0,11.0,584.67,42.0,180.84,31.680000000000007,99.0,95.0,10.845712516934295,194,4.0,24.0,0.02,156.0,
2025-04-08 14:45:39,165.0,65.0,196.0,60.0,157.0,12.0,589.88,43.0,180.5,31.0,77.0,103.0,5.070554210336758,180,-26.0,-14.0,-0.14,165.0,7.0
2025-04-08 14:45:40,155.43,23.0,176.24,34.0,144.27,11.0,245.26,35.0,165.84,20.81,34.0,69.0,9.67839346172422,103,-35.0,-77.0,-0.34,156.71,7.0
2025-04-08 14:45:41,156.25,16.0,166.82,38.0,144.2,10.0,176.24,34.0,161.53,10.569999999999991,26.0,72.0,11.398252936302372,98,-46.0,-5.0,-0.47,156.71,
2025-04-08 14:45:42,160.0,18.0,163.86,21.0,155.0,30.0,166.11,36.0,161.93,3.8600000000000136,48.0,57.0,9.770428342703616,105,-9.0,7.0,-0.09,156.71,
2025-04-08 14:45:43,160.0,14.0,161.38,40.0,156.33,12.0,166.29,14.0,160.69,1.3799999999999957,26.0,54.0,8.291101856803571,80,-28.0,-25.0,-0.35,160.0,1.0
2025-04-08 14:45:56,149.58,31.0,152.12,8.0,130.5,14.0,153.1,39.0,150.85,2.539999999999992,45.0,47.0,2.709939113674241,92,-2.0,-58.0,-0.02,151.92,13.0
2025-04-08 14:45:57,150.75,28.0,222.78,9.0,123.74,19.0,219.64,28.0,186.76,72.03,47.0,37.0,17.927013973326734,84,10.0,-8.0,0.12,153.0,1.0
2025-04-08 14:45:58,153.2,20.0,155.0,22.0,123.43,35.0,399.36,22.0,154.1,1.8000000000000114,55.0,44.0,17.025617463101266,99,11.0,15.0,0.11,153.0,
2025-04-08 14:45:59,153.0,22.0,154.25,16.0,109.33,24.0,259.0,12.0,153.62,1.25,46.0,28.0,15.968544705134052,74,18.0,-25.0,0.24,153.5,2.0
2025-04-08 14:46:02,148.33,6.0,155.0,4.0,134.5,8.0,329.0,4.0,151.67,6.669999999999988,14.0,8.0,13.49527584007866,22,6.0,-28.0,0.27,153.5,
2025-04-08 14:46:03,151.77,26.0,161.62,26.0,71.04,50.0,217.0,26.0,156.69,9.849999999999994,76.0,52.0,14.034264497999626,128,24.0,106.0,0.19,155.0,2.0
2025-04-08 14:46:04,165.82,22.0,198.74,43.0,164.0,22.0,276.91,22.0,182.28,32.920000000000016,44.0,65.0,22.277468886743694,109,-21.0,-19.0,-0.19,155.0,
2025-04-08 14:46:05,166.0,10.0,199.0,25.0,164.0,40.0,410.2,10.0,182.5,33.0,50.0,35.0,20.664616376789475,85,15.0,-24.0,0.18,155.0,
2025-04-08 14:46:06,165.44,25.0,197.6,50.0,163.95,76.0,213.89,38.0,181.52,32.16,101.0,88.0,15.399356155369272,189,13.0,104.0,0.07,165.33,3.0
2025-04-08 14:46:07,164.0,56.0,195.38,40.0,163.0,32.0,197.0,40.0,179.69,31.379999999999995,88.0,80.0,11.149153779544411,168,8.0,-21.0,0.05,165.33,
2025-04-08 14:46:08,164.0,70.0,193.48,44.0,163.0,40.0,196.4,50.0,178.74,29.47999999999999,110.0,94.0,1.6558925085720386,204,16.0,36.0,0.08,165.33,
2025-04-08 14:46:09,164.0,56.0,192.75,40.0,163.0,32.0,196.0,40.0,178.38,28.75,88.0,80.0,1.7840067264285404,168,8.0,-36.0,0.05,165.33,
2025-04-08 14:46:10,164.0,75.0,190.73,75.0,163.0,60.0,192.33,75.0,177.37,26.72999999999999,135.0,150.0,1.568231487994894,285,-15.0,117.0,-0.05,164.0,5.0
2025-04-08 14:46:11,164.0,14.0,187.71,35.0,163.0,28.0,189.0,35.0,175.86,23.710000000000008,42.0,70.0,1.4598184818444715,112,-28.0,-168.0,-0.25,164.0,
2025-04-08 14:46:12,162.62,13.0,186.36,55.0,161.2,20.0,187.73,55.0,174.49,23.74000000000001,33.0,110.0,1.7792891838965073,143,-77.0,31.0,-0.54,162.33,9.0
2025-04-08 14:46:13,160.0,5.0,184.8,25.0,159.0,10.0,186.2,25.0,172.4,24.80000000000001,15.0,50.0,2.363842211300641,65,-35.0,-78.0,-0.54,162.33,
2025-04-08 14:46:14,160.0,11.0,183.9,39.0,159.0,22.0,185.27,55.0,171.95,23.90000000000001,33.0,94.0,2.289220391295318,127,-61.0,62.0,-0.48,162.33,
2025-04-08 14:46:15,160.0,14.0,180.62,34.0,159.0,28.0,181.38,50.0,170.31,20.620000000000005,42.0,84.0,2.1850789459233297,126,-42.0,-1.0,-0.33,162.33,
2025-04-08 14:46:16,159.08,26.0,174.29,62.0,157.11,76.0,175.71,66.0,166.68,15.20999999999998,102.0,128.0,2.9173326858469517,230,-26.0,104.0,-0.11,160.0,1.0
2025-04-08 14:46:17,151.34,29.0,170.77,57.0,140.12,40.0,172.33,21.0,161.06,19.430000000000007,69.0,78.0,4.718384257338686,147,-9.0,-83.0,-0.06,158.33,3.0
2025-04-08 14:46:18,161.0,30.0,167.79,56.0,135.0,40.0,168.68,56.0,164.39,6.789999999999992,70.0,112.0,4.404040190540489,182,-42.0,35.0,-0.23,158.33,
2025-04-08 14:46:19,161.0,60.0,164.21,56.0,158.88,56.0,165.38,24.0,162.61,3.210000000000008,116.0,80.0,3.627182101837372,196,36.0,14.0,0.18,158.33,
2025-04-08 14:46:20,160.19,104.0,162.25,56.0,158.53,68.0,163.93,56.0,161.22,2.0600000000000023,172.0,112.0,2.3650729375397663,284,60.0,88.0,0.21,160.5,10.0
2025-04-08 14:46:21,157.62,34.0,212.76,29.0,133.43,53.0,337.59,29.0,185.19,55.13999999999999,87.0,58.0,10.314990547736633,145,29.0,-139.0,0.2,160.0,2.0
2025-04-08 14:46:22,157.0,30.0,354.9,21.0,136.71,35.0,517.18,11.0,255.95,197.9,65.0,32.0,40.37855024638655,97,33.0,-48.0,0.34,160.0,
2025-04-08 14:46:23,157.87,39.0,175.13,30.0,152.4,48.0,197.66,53.0,166.5,17.25999999999999,87.0,83.0,40.10803198861749,170,4.0,73.0,0.02,160.75,8.0
2025-04-08 14:46:24,161.13,46.0,174.06,32.0,152.56,57.0,180.92,49.0,167.6,12.930000000000009,103.0,81.0,39.427689128326655,184,22.0,14.0,0.12,160.75,
2025-04-08 14:46:25,164.0,69.0,172.71,31.0,156.0,20.0,174.54,52.0,168.35,8.710000000000008,89.0,83.0,38.36356826469578,172,6.0,-12.0,0.03,164.0,3.0
2025-04-08 14:46:26,164.73,60.0,169.0,42.0,162.97,62.0,169.74,39.0,166.87,4.27000000000001,122.0,81.0,39.63841987264326,203,41.0,31.0,0.2,164.0,
2025-04-08 14:46:27,164.7,46.0,167.0,30.0,162.0,40.0,228.33,30.0,165.85,2.300000000000012,86.0,60.0,0.9703246878743306,146,26.0,-57.0,0.18,166.0,4.0
2025-04-08 14:46:28,164.0,42.0,166.29,17.0,156.0,14.0,169.33,18.0,165.15,2.289999999999992,56.0,35.0,1.290922150982576,91,21.0,-55.0,0.23,166.0,
2025-04-08 14:46:29,164.0,48.0,166.38,26.0,156.0,20.0,178.65,23.0,165.19,2.3799999999999955,68.0,49.0,1.349340579652083,117,19.0,26.0,0.16,164.0,2.0
2025-04-08 14:46:30,164.0,44.0,166.0,33.0,158.86,42.0,347.91,11.0,165.0,2.0,86.0,44.0,0.7754482573927931,130,42.0,13.0,0.32,164.0,
2025-04-08 14:46:31,164.0,21.0,234.46,26.0,159.0,36.0,323.67,15.0,199.23,70.46000000000001,57.0,41.0,15.178592820150218,98,16.0,-32.0,0.16,164.0,3.0
2025-04-08 14:46:32,164.0,6.0,308.67,30.0,159.0,24.0,332.0,22.0,236.33,144.67000000000002,30.0,52.0,31.688950755743942,82,-22.0,-16.0,-0.27,160.0,5.0
2025-04-08 14:46:33,157.29,14.0,308.0,45.0,131.73,105.0,480.22,23.0,232.64,150.71,119.0,68.0,34.72048775579069,187,51.0,105.0,0.27,156.0,1.0
2025-04-08 14:46:34,165.0,14.0,265.14,28.0,156.23,13.0,343.65,26.0,215.07,100.14,27.0,54.0,29.03419415103588,81,-27.0,-106.0,-0.33,165.0,1.0
2025-04-08 14:46:35,148.51,95.0,217.09,46.0,128.0,64.0,303.03,35.0,182.8,68.58000000000001,159.0,81.0,22.55951750370691,240,78.0,159.0,0.33,160.0,3.0
2025-04-08 14:46:36,136.61,69.0,241.0,40.0,83.04,75.0,426.0,17.0,188.8,104.39,144.0,57.0,24.56858502234207,201,87.0,-39.0,0.43,160.0,
2025-04-08 14:46:37,138.3,37.0,241.0,55.0,118.93,59.0,354.71,17.0,189.65,102.7,96.0,72.0,21.241590571330075,168,24.0,-33.0,0.14,161.0,2.0
2025-04-08 14:46:41,157.35,68.0,333.1,20.0,136.9,69.0,448.63,19.0,245.23,175.75000000000003,137.0,39.0,51.96815159306605,176,98.0,56.0,0.56,153.0,6.0
2025-04-08 14:46:42,164.13,69.0,268.5,66.0,161.61,108.0,293.16,43.0,216.32,104.37,177.0,109.0,56.31223286285061,286,68.0,110.0,0.24,153.0,
2025-04-08 14:46:43,165.84,57.0,264.86,35.0,164.0,36.0,288.65,37.0,215.35,99.02,93.0,72.0,55.85684962473236,165,21.0,-121.0,0.13,153.0,
2025-04-08 14:46:44,166.0,52.0,275.27,55.0,165.0,33.0,326.87,31.0,220.64,109.26999999999998,85.0,86.0,44.7028530409417,171,-1.0,6.0,-0.01,166.0,4.0
2025-04-08 14:46:45,166.0,48.0,275.0,60.0,165.0,36.0,403.55,22.0,220.5,109.0,84.0,82.0,12.321617994406964,166,2.0,-5.0,0.01,166.0,
2025-04-08 14:46:46,166.0,28.0,275.0,35.0,165.0,21.0,353.0,21.0,220.5,109.0,49.0,56.0,2.604000768063804,105,-7.0,-61.0,-0.07,166.0,
2025-04-08 14:46:47,166.0,48.0,242.73,52.0,165.0,36.0,305.92,26.0,204.37,76.72999999999999,84.0,78.0,7.023871439602853,162,6.0,57.0,0.04,166.0,
2025-04-08 14:46:48,166.0,44.0,231.82,49.0,165.0,33.0,299.47,32.0,198.91,65.82,77.0,81.0,10.53415065394726,158,-4.0,-4.0,-0.03,166.0,
2025-04-08 14:46:49,166.0,42.0,227.67,63.0,165.0,45.0,229.04,69.0,196.83,61.66999999999999,87.0,132.0,11.541528061744744,219,-45.0,61.0,-0.21,166.0,4.0
2025-04-08 14:46:50,165.0,49.0,223.56,45.0,163.0,102.0,224.29,62.0,194.28,58.56,151.0,107.0,10.47568470316015,258,44.0,39.0,0.17,165.0,2.0
2025-04-08 14:46:51,165.0,12.0,218.76,37.0,163.0,72.0,220.14,29.0,191.88,53.75999999999999,84.0,66.0,4.777136171390165,150,18.0,-108.0,0.12,165.0,
2025-04-08 14:46:52,163.24,25.0,214.18,45.0,162.23,78.0,214.67,39.0,188.71,50.94,103.0,84.0,4.0186900850891325,187,19.0,37.0,0.1,163.33,6.0
2025-04-08 14:46:53,163.0,16.0,193.85,20.0,162.0,96.0,209.1,58.0,178.43,30.849999999999994,112.0,78.0,7.141906608181025,190,34.0,3.0,0.18,163.33,
2025-04-08 14:46:54,162.33,30.0,190.77,30.0,161.81,64.0,192.05,21.0,176.55,28.44,94.0,51.0,8.016854121160371,145,43.0,-45.0,0.3,162.5,2.0
2025-04-08 14:46:55,159.83,18.0,188.95,58.0,158.02,53.0,189.39,33.0,174.39,29.119999999999976,71.0,91.0,7.794191426950764,162,-20.0,17.0,-0.12,162.0,5.0
2025-04-08 14:46:56,159.0,16.0,181.43,61.0,158.0,64.0,182.59,41.0,170.21,22.430000000000007,80.0,102.0,6.894252678857828,182,-22.0,20.0,-0.12,162.0,
2025-04-08 14:46:57,159.98,41.0,174.8,41.0,158.71,14.0,177.0,28.0,167.39,14.820000000000022,55.0,69.0,4.54146231955349,124,-14.0,-58.0,-0.11,162.0,
2025-04-08 14:46:58,160.0,32.0,172.6,25.0,159.0,8.0,173.11,28.0,166.3,12.599999999999994,40.0,53.0,4.416890308793741,93,-13.0,-31.0,-0.14,162.0,
2025-04-08 14:46:59,161.6,52.0,170.07,30.0,159.91,57.0,171.07,81.0,165.83,8.469999999999999,109.0,111.0,3.545853916887853,220,-2.0,127.0,-0.01,161.75,4.0
2025-04-08 14:47:00,164.0,24.0,166.19,31.0,160.0,48.0,169.26,23.0,165.1,2.1899999999999977,72.0,54.0,1.9949511271965648,126,18.0,-94.0,0.14,161.75,
2025-04-08 14:47:01,160.87,46.0,165.52,44.0,158.85,47.0,167.44,18.0,163.2,4.650000000000006,93.0,62.0,1.561291132331878,155,31.0,29.0,0.2,164.0,2.0
2025-04-08 14:47:02,160.0,44.0,163.89,38.0,159.0,44.0,165.65,26.0,161.95,3.8899999999999855,88.0,64.0,1.841094782974116,152,24.0,-3.0,0.16,164.0,
2025-04-08 14:47:03,160.2,51.0,161.71,63.0,158.84,62.0,165.35,34.0,160.96,1.510000000000019,113.0,97.0,2.054913623462264,210,16.0,58.0,0.08,160.0,4.0
2025-04-08 14:47:04,159.24,51.0,162.22,27.0,158.09,46.0,164.26,38.0,160.73,2.9799999999999898,97.0,65.0,1.8023789834236537,162,32.0,-48.0,0.2,163.0,3.0
2025-04-08 14:47:05,158.33,36.0,159.78,18.0,156.14,129.0,161.83,23.0,159.06,1.4499999999999886,165.0,41.0,1.5344868848846869,206,124.0,44.0,0.6,159.0,4.0
2025-04-08 14:47:06,156.6,43.0,159.93,15.0,155.98,92.0,198.9,21.0,158.27,3.3300000000000125,135.0,36.0,1.495436391117894,171,99.0,-35.0,0.58,158.0,3.0
2025-04-08 14:47:07,156.0,120.0,158.72,25.0,155.0,8.0,190.25,16.0,157.36,2.719999999999999,128.0,41.0,1.5556124195559036,169,87.0,-2.0,0.51,158.0,
2025-04-08 14:47:08,156.0,81.0,157.12,40.0,155.0,8.0,196.5,16.0,156.56,1.1200000000000043,89.0,56.0,1.6084557811371722,145,33.0,-24.0,0.23,156.0,8.0
2025-04-08 14:47:09,156.0,46.0,157.0,35.0,155.0,7.0,255.29,14.0,156.5,1.0,53.0,49.0,1.1087380212975282,102,4.0,-43.0,0.04,156.0,3.0
2025-04-08 14:47:10,156.0,28.0,157.0,35.0,155.0,7.0,264.71,14.0,156.5,1.0,35.0,49.0,0.7792432225364708,84,-14.0,-18.0,-0.17,156.0,
2025-04-08 14:47:11,155.92,26.0,237.24,21.0,149.86,14.0,419.5,12.0,196.58,81.32000000000002,40.0,33.0,17.82519004105973,73,7.0,-11.0,0.1,156.0,4.0
2025-04-08 14:47:12,156.0,38.0,178.18,11.0,155.0,27.0,179.19,21.0,167.09,22.180000000000007,65.0,32.0,17.348281759295404,97,33.0,24.0,0.34,156.0,
2025-04-08 14:47:13,157.0,56.0,175.32,22.0,156.0,28.0,176.47,34.0,166.16,18.319999999999997,84.0,56.0,16.46153334291518,140,28.0,43.0,0.2,156.0,
2025-04-08 14:47:14,157.47,38.0,172.36,14.0,156.6,40.0,176.0,42.0,164.92,14.890000000000017,78.0,56.0,15.308935299357492,134,22.0,-6.0,0.16,156.0,
2025-04-08 14:47:15,160.71,28.0,170.33,24.0,151.28,82.0,171.62,32.0,165.52,9.620000000000005,110.0,56.0,13.73401179553593,166,54.0,32.0,0.33,157.6,5.0
2025-04-08 14:47:16,162.0,30.0,167.53,15.0,158.0,15.0,171.0,55.0,164.77,5.530000000000001,45.0,70.0,0.9551282635846748,115,-25.0,-51.0,-0.22,157.6,
2025-04-08 14:47:17,153.62,29.0,165.96,57.0,141.5,16.0,166.52,21.0,159.79,12.340000000000003,45.0,78.0,2.543141757726713,123,-33.0,8.0,-0.27,158.4,5.0
2025-04-08 14:47:18,137.15,26.0,163.71,21.0,132.52,29.0,165.65,43.0,150.43,26.56,55.0,64.0,6.386738604317746,119,-9.0,-4.0,-0.08,158.4,
2025-04-08 14:47:19,121.51,47.0,157.91,53.0,99.91,35.0,159.7,27.0,139.71,36.39999999999999,82.0,80.0,10.934883629918772,162,2.0,43.0,0.01,158.4,
2025-04-08 14:47:23,148.42,106.0,400.83,12.0,118.84,64.0,547.5,24.0,274.63,252.41,170.0,36.0,94.34593722042314,206,134.0,125.0,0.65,156.0,1.0
2025-04-08 14:47:26,160.75,121.0,372.6,15.0,159.0,18.0,561.14,21.0,266.68,211.85,139.0,36.0,62.00116990832072,175,103.0,-82.0,0.59,161.0,2.0
2025-04-08 14:47:27,162.0,82.0,388.58,12.0,159.0,16.0,526.38,16.0,275.29,226.58,98.0,28.0,67.01269454364908,126,70.0,-49.0,0.56,162.0,2.0
2025-04-08 14:47:28,164.0,100.0,384.75,24.0,159.0,20.0,611.19,16.0,274.38,220.75,120.0,40.0,67.05582174576949,160,80.0,34.0,0.5,162.0,
2025-04-08 14:47:29,165.0,60.0,400.67,6.0,162.0,16.0,537.0,18.0,282.83,235.67,76.0,24.0,58.05121919477957,100,52.0,-60.0,0.52,162.0,
2025-04-08 14:47:30,165.0,77.0,288.12,8.0,160.04,23.0,507.7,20.0,226.56,123.12,100.0,28.0,22.316607493080568,128,72.0,28.0,0.56,165.0,1.0
2025-04-08 14:47:31,165.0,77.0,283.18,11.0,159.0,27.0,434.95,21.0,224.09,118.18,104.0,32.0,28.778266973537345,136,72.0,8.0,0.53,165.0,1.0
2025-04-08 14:47:32,165.0,104.0,377.96,25.0,159.0,39.0,504.22,23.0,271.48,212.96,143.0,48.0,28.20539966035205,191,95.0,55.0,0.5,165.0,
2025-04-08 14:47:33,165.0,35.0,371.67,9.0,160.88,16.0,615.41,17.0,268.33,206.67,51.0,26.0,27.3288541655186,77,25.0,-114.0,0.32,165.0,3.0
2025-04-08 14:47:34,165.0,45.0,169.0,9.0,162.0,18.0,548.18,17.0,167.0,4.0,63.0,26.0,42.40993598203262,89,37.0,12.0,0.42,165.0,
2025-04-08 14:47:35,165.0,50.0,279.05,22.0,164.0,150.0,319.57,14.0,222.02,114.05,200.0,36.0,42.590147100005446,236,164.0,147.0,0.69,165.0,
2025-04-08 14:47:36,165.0,70.0,277.9,58.0,164.0,210.0,282.44,36.0,221.45,112.89999999999998,280.0,94.0,42.70698572833373,374,186.0,138.0,0.5,165.0,
2025-04-08 14:47:37,164.21,95.0,200.88,24.0,163.71,70.0,243.83,24.0,182.54,36.66999999999999,165.0,48.0,39.54524080088577,213,117.0,-161.0,0.55,165.0,5.0
2025-04-08 14:47:38,164.0,105.0,235.57,7.0,162.0,14.0,249.0,7.0,199.79,71.57,119.0,14.0,24.127321649946893,133,105.0,-80.0,0.79,165.0,
2025-04-08 14:47:39,164.0,150.0,232.4,10.0,162.0,20.0,264.0,10.0,198.2,68.4,170.0,20.0,16.8665245382686,190,150.0,57.0,0.79,165.0,
2025-04-08 14:47:40,164.0,228.0,231.1,29.0,162.0,32.0,248.17,18.0,197.55,67.1,260.0,47.0,13.912193572546371,307,213.0,117.0,0.69,164.0,4.0
2025-04-08 14:47:41,164.0,161.0,229.22,27.0,161.71,28.0,230.48,21.0,196.61,65.22,189.0,48.0,7.02693176286668,237,141.0,-70.0,0.59,164.0,3.0
2025-04-08 14:47:42,164.0,98.0,227.0,30.0,161.93,29.0,228.0,15.0,195.5,63.0,127.0,45.0,1.622051170584011,172,82.0,-65.0,0.48,164.0,5.0
2025-04-08 14:47:43,164.0,12.0,224.5,4.0,162.0,8.0,227.0,8.0,194.25,60.5,20.0,12.0,1.5840359844363974,32,8.0,-140.0,0.25,164.0,
2025-04-08 14:47:44,164.0,21.0,221.0,10.0,162.0,14.0,222.82,11.0,192.5,57.0,35.0,21.0,1.984910577327291,56,14.0,24.0,0.25,164.0,
2025-04-08 14:47:45,164.0,27.0,218.53,15.0,162.0,18.0,219.75,12.0,191.27,54.53,45.0,27.0,2.169338608880998,72,18.0,16.0,0.25,164.0,
2025-04-08 14:47:46,162.29,21.0,215.78,18.0,160.36,11.0,216.83,12.0,189.03,53.49000000000001,32.0,30.0,2.5306026950070364,62,2.0,-10.0,0.03,164.0,
2025-04-08 14:47:47,162.77,13.0,214.09,22.0,160.54,26.0,216.0,11.0,188.43,51.31999999999999,39.0,33.0,2.4148043398942973,72,6.0,10.0,0.08,162.75,4.0
2025-04-08 14:47:48,160.0,8.0,210.7,10.0,159.0,48.0,212.71,14.0,185.35,50.69999999999999,56.0,24.0,2.763689562879066,80,32.0,8.0,0.4,162.75,
2025-04-08 14:47:49,160.0,9.0,209.11,18.0,159.0,54.0,211.0,9.0,184.56,49.110000000000014,63.0,27.0,2.7579376352560194,90,36.0,10.0,0.4,162.75,
2025-04-08 14:47:50,160.71,17.0,209.0,16.0,159.09,33.0,211.0,8.0,184.85,48.28999999999999,50.0,24.0,2.1165254545970837,74,26.0,-16.0,0.35,162.75,
2025-04-08 14:47:51,160.97,37.0,207.35,20.0,159.57,14.0,208.2,20.0,184.16,46.38,51.0,40.0,1.7105993101700527,91,11.0,17.0,0.12,161.0,5.0
2025-04-08 14:47:52,160.0,8.0,203.67,12.0,159.0,48.0,206.25,16.0,181.83,43.66999999999999,56.0,28.0,1.3675342774314692,84,28.0,-7.0,0.33,161.0,
2025-04-08 14:47:53,159.12,16.0,201.33,15.0,158.46,26.0,202.5,12.0,180.23,42.21000000000001,42.0,27.0,2.0102313299585117,69,15.0,-15.0,0.22,159.2,5.0
2025-04-08 14:47:54,157.83,24.0,198.37,19.0,156.95,38.0,200.25,16.0,178.1,40.53999999999999,62.0,35.0,2.78487522161095,97,27.0,28.0,0.28,158.2,5.0
2025-04-08 14:47:55,157.0,30.0,193.79,19.0,156.0,20.0,193.88,25.0,175.39,36.78999999999999,50.0,44.0,3.374636276687695,94,6.0,-3.0,0.06,158.2,
2025-04-08 14:47:56,156.91,23.0,190.47,15.0,155.67,33.0,191.9,30.0,173.69,33.56,56.0,45.0,3.3512863201955443,101,11.0,7.0,0.11,157.0,2.0
2025-04-08 14:47:57,156.29,14.0,188.2,20.0,155.13,63.0,189.0,17.0,172.24,31.91,77.0,37.0,3.2451579314300734,114,40.0,13.0,0.35,157.0,1.0
2025-04-08 14:47:58,155.06,69.0,158.85,26.0,152.96,50.0,171.18,22.0,156.95,3.789999999999992,119.0,48.0,8.298839075431482,167,71.0,53.0,0.43,155.75,4.0
2025-04-08 14:47:59,155.0,92.0,156.82,17.0,110.0,22.0,178.91,35.0,155.91,1.8199999999999927,114.0,52.0,9.571597567798912,166,62.0,-1.0,0.37,155.0,2.0
2025-04-08 14:48:00,155.0,31.0,160.62,13.0,112.4,10.0,172.79,19.0,157.81,5.6200000000000045,41.0,32.0,8.84517382530625,73,9.0,-93.0,0.12,155.0,6.0
2025-04-08 14:48:01,152.22,9.0,206.05,19.0,69.33,6.0,339.0,20.0,179.14,53.83000000000001,15.0,39.0,10.603577226572463,54,-24.0,-19.0,-0.44,158.6,5.0
2025-04-08 14:48:03,164.0,2.0,232.0,8.0,22.0,2.0,467.5,8.0,198.0,68.0,4.0,16.0,33.931318424133686,20,-12.0,-75.0,-0.6,158.6,
2025-04-08 14:48:04,164.64,11.0,277.64,44.0,153.0,14.0,434.36,44.0,221.14,113.0,25.0,88.0,32.058127206684986,113,-63.0,93.0,-0.56,158.6,
2025-04-08 14:48:05,162.0,12.0,307.0,24.0,135.0,12.0,373.33,24.0,234.5,145.0,24.0,48.0,25.11525592145232,72,-24.0,-41.0,-0.33,164.0,3.0
2025-04-08 14:48:06,137.82,11.0,248.67,36.0,131.62,16.0,351.59,34.0,193.24,110.85,27.0,70.0,20.57994849362005,97,-43.0,25.0,-0.44,162.0,2.0
2025-04-08 14:48:12,149.14,70.0,281.82,17.0,123.5,24.0,341.0,26.0,215.48,132.68,94.0,43.0,30.39737192587334,137,51.0,-30.0,0.37,151.0,1.0
2025-04-08 14:48:13,156.0,49.0,355.45,22.0,152.0,56.0,482.04,25.0,255.73,199.45,105.0,47.0,49.85281917805596,152,58.0,15.0,0.38,151.0,
2025-04-08 14:48:14,156.17,36.0,180.88,17.0,155.09,53.0,335.33,24.0,168.52,24.710000000000008,89.0,41.0,46.81950960870861,130,48.0,-22.0,0.37,156.0,2.0
2025-04-08 14:48:15,159.0,26.0,180.0,8.0,156.0,40.0,399.57,28.0,169.5,21.0,66.0,36.0,43.21818043370141,102,30.0,-28.0,0.29,156.0,
2025-04-08 14:48:16,159.43,21.0,179.0,6.0,157.33,27.0,520.67,24.0,169.21,19.569999999999997,48.0,30.0,39.12084188766883,78,18.0,-24.0,0.23,156.0,
2025-04-08 14:48:17,160.8,30.0,177.5,10.0,159.0,40.0,311.53,43.0,169.15,16.69999999999999,70.0,53.0,38.74599811593392,123,17.0,45.0,0.14,156.0,
2025-04-08 14:48:18,161.0,27.0,176.22,9.0,159.0,36.0,348.0,45.0,168.61,15.22,63.0,54.0,0.418055020184027,117,9.0,-6.0,0.08,156.0,
2025-04-08 14:48:19,161.0,24.0,175.62,8.0,159.0,32.0,343.89,38.0,168.31,14.620000000000005,56.0,46.0,0.4835080143089007,102,10.0,-15.0,0.1,156.0,
2025-04-08 14:48:20,160.5,18.0,174.67,6.0,157.33,27.0,350.68,28.0,167.58,14.169999999999987,45.0,34.0,0.6699402957724852,79,11.0,-23.0,0.14,161.25,4.0
2025-04-08 14:48:21,157.26,43.0,172.22,27.0,155.5,60.0,227.06,33.0,164.74,14.960000000000008,103.0,60.0,1.7375471216335128,163,43.0,84.0,0.26,159.0,3.0
2025-04-08 14:48:22,156.0,40.0,170.0,8.0,155.0,48.0,172.0,40.0,163.0,14.0,88.0,48.0,2.46113185341482,136,40.0,-27.0,0.29,159.0,
2025-04-08 14:48:23,157.02,47.0,169.0,10.0,155.05,57.0,172.0,50.0,163.01,11.97999999999999,104.0,60.0,2.50510878005119,164,44.0,28.0,0.27,156.0,2.0
2025-04-08 14:48:24,159.22,121.0,166.76,34.0,158.09,69.0,169.15,26.0,162.99,7.539999999999992,190.0,60.0,2.000982258763492,250,130.0,86.0,0.52,156.0,
2025-04-08 14:48:25,160.7,37.0,164.55,20.0,158.92,115.0,189.04,25.0,162.63,3.850000000000023,152.0,45.0,0.8350628718145365,197,107.0,-53.0,0.54,162.0,3.0
2025-04-08 14:48:26,159.0,176.0,161.86,14.0,156.0,33.0,258.25,20.0,160.43,2.8600000000000136,209.0,34.0,1.1195177532671978,243,175.0,46.0,0.72,162.0,
2025-04-08 14:48:27,159.0,139.0,160.2,15.0,156.0,43.0,259.69,29.0,159.6,1.1999999999999886,182.0,44.0,1.6017865025896325,226,138.0,-17.0,0.61,159.0,1.0
2025-04-08 14:48:28,159.0,147.0,397.92,36.0,156.0,40.0,535.37,43.0,278.46,238.92,187.0,79.0,52.36486197823832,266,108.0,40.0,0.41,159.0,2.0
2025-04-08 14:48:29,159.0,156.0,267.37,38.0,156.67,24.0,398.8,40.0,213.18,108.37,180.0,78.0,51.94239068429543,258,102.0,-8.0,0.4,159.0,
2025-04-08 14:48:30,159.0,105.0,214.2,46.0,158.0,20.0,287.38,39.0,186.6,55.19999999999999,125.0,85.0,49.2610148088729,210,40.0,-48.0,0.19,159.0,9.0
2025-04-08 14:48:31,158.77,31.0,201.59,59.0,156.6,40.0,261.77,65.0,180.18,42.81999999999999,71.0,124.0,46.01437905698617,195,-53.0,-15.0,-0.27,158.8,5.0
2025-04-08 14:48:32,158.0,9.0,199.91,44.0,156.0,36.0,200.86,37.0,178.95,41.91,45.0,81.0,42.0293811517612,126,-36.0,-69.0,-0.29,158.8,
2025-04-08 14:48:33,161.75,24.0,197.4,53.0,156.4,30.0,198.44,55.0,179.57,35.650000000000006,54.0,108.0,14.574379232062018,162,-54.0,36.0,-0.33,158.8,
2025-04-08 14:48:34,162.56,36.0,193.74,53.0,158.63,35.0,196.06,64.0,178.15,31.180000000000007,71.0,117.0,3.3882812752100406,188,-46.0,26.0,-0.24,161.86,7.0
2025-04-08 14:48:35,159.29,73.0,191.15,67.0,155.71,63.0,192.61,61.0,175.22,31.860000000000014,136.0,128.0,1.9373770928582867,264,8.0,76.0,0.03,157.6,5.0
2025-04-08 14:48:36,160.0,83.0,184.93,76.0,156.0,68.0,187.27,49.0,172.47,24.930000000000007,151.0,125.0,2.9722584005983173,276,26.0,12.0,0.09,157.6,
2025-04-08 14:48:37,156.0,53.0,173.91,45.0,155.0,96.0,174.13,70.0,164.96,17.909999999999997,149.0,115.0,5.78296896065668,264,34.0,-12.0,0.13,159.33,6.0
2025-04-08 14:48:38,157.63,129.0,168.64,42.0,147.07,90.0,169.96,52.0,163.14,11.009999999999993,219.0,94.0,6.502466455115975,313,125.0,49.0,0.4,156.0,3.0
2025-04-08 14:48:39,160.11,108.0,165.08,37.0,157.78,138.0,167.52,50.0,162.6,4.969999999999999,246.0,87.0,5.779534583329259,333,159.0,20.0,0.48,164.0,3.0
2025-04-08 14:48:40,159.0,127.0,163.03,35.0,156.0,88.0,163.98,49.0,161.01,4.030000000000001,215.0,84.0,4.494655715390255,299,131.0,-34.0,0.44,159.33,6.0
2025-04-08 14:48:41,159.0,70.0,162.45,44.0,156.0,80.0,163.7,46.0,160.73,3.4499999999999886,150.0,90.0,1.7192643775415009,240,60.0,-59.0,0.25,159.33,
2025-04-08 14:48:42,159.03,65.0,161.33,45.0,156.49,86.0,210.57,46.0,160.18,2.300000000000012,151.0,91.0,1.271797939878906,242,60.0,2.0,0.25,160.0,6.0
2025-04-08 14:48:43,159.0,41.0,161.0,28.0,156.0,56.0,346.0,21.0,160.0,2.0,97.0,49.0,1.0319060034123,146,48.0,-96.0,0.33,159.0,2.0
2025-04-08 14:48:44,159.48,25.0,331.15,26.0,156.21,43.0,516.0,12.0,245.32,171.67,68.0,38.0,37.94378829268273,106,30.0,-40.0,0.28,159.0,4.0
2025-04-08 14:48:45,160.0,32.0,407.68,22.0,159.0,8.0,703.1,10.0,283.84,247.68,40.0,32.0,58.716548604290416,72,8.0,-34.0,0.11,159.0,
2025-04-08 14:48:46,160.0,28.0,242.83,29.0,159.0,9.0,407.55,11.0,201.41,82.83000000000001,37.0,40.0,54.21152091576128,77,-3.0,5.0,-0.04,160.0,1.0
2025-04-08 14:48:47,156.61,59.0,241.5,40.0,138.2,10.0,259.7,20.0,199.06,84.88999999999999,69.0,60.0,47.64245039877824,129,9.0,52.0,0.07,159.0,5.0
2025-04-08 14:48:48,156.17,41.0,240.09,55.0,155.95,74.0,588.64,11.0,198.13,83.92000000000002,115.0,66.0,38.16049357647341,181,49.0,52.0,0.27,156.33,3.0
2025-04-08 14:48:49,156.0,64.0,237.25,40.0,155.0,8.0,312.62,40.0,196.62,81.25,72.0,80.0,38.06849708092033,152,-8.0,-29.0,-0.05,156.33,
2025-04-08 14:48:50,156.64,44.0,234.44,45.0,155.86,37.0,237.0,45.0,195.54,77.80000000000001,81.0,90.0,2.2698612292359464,171,-9.0,19.0,-0.05,156.33,
2025-04-08 14:48:51,163.0,10.0,232.6,50.0,156.0,80.0,237.0,50.0,197.8,69.6,90.0,100.0,1.3704014010451115,190,-10.0,19.0,-0.05,156.33,
2025-04-08 14:48:52,163.0,11.0,231.18,55.0,156.0,88.0,237.0,55.0,197.09,68.18,99.0,110.0,1.024026366840829,209,-11.0,19.0,-0.05,156.33,
2025-04-08 14:48:53,163.0,8.0,229.74,34.0,156.0,64.0,234.38,40.0,196.37,66.74000000000001,72.0,74.0,0.8398988034187099,146,-2.0,-63.0,-0.01,156.33,
2025-04-08 14:48:54,163.0,11.0,212.46,39.0,156.14,74.0,215.35,43.0,187.73,49.46000000000001,85.0,82.0,4.0983325877701695,167,3.0,21.0,0.02,156.33,
2025-04-08 14:48:55,163.0,11.0,197.62,47.0,159.09,11.0,198.86,36.0,180.31,34.620000000000005,22.0,83.0,7.63930625122268,105,-61.0,-62.0,-0.58,156.33,
2025-04-08 14:48:56,163.0,12.0,193.56,57.0,158.0,12.0,195.56,32.0,178.28,30.56,24.0,89.0,8.751610137566592,113,-65.0,8.0,-0.58,156.33,
2025-04-08 14:48:57,163.0,12.0,187.72,36.0,158.0,12.0,189.67,51.0,175.36,24.72,24.0,87.0,8.472800599562433,111,-63.0,-2.0,-0.57,160.5,2.0
2025-04-08 14:48:58,156.0,80.0,182.34,32.0,155.0,10.0,183.89,35.0,169.17,26.340000000000003,90.0,67.0,6.798554993521018,157,23.0,46.0,0.15,160.5,
2025-04-08 14:48:59,156.15,59.0,178.75,40.0,155.53,15.0,180.6,43.0,167.45,22.599999999999994,74.0,83.0,5.615837426414486,157,-9.0,0.0,-0.06,160.5,
2025-04-08 14:49:00,159.0,30.0,174.91,44.0,156.0,128.0,176.65,62.0,166.95,15.909999999999997,158.0,106.0,5.083922698065912,264,52.0,107.0,0.2,159.0,1.0
2025-04-08 14:49:01,159.0,40.0,170.83,46.0,156.0,140.0,171.89,46.0,164.91,11.830000000000013,180.0,92.0,3.985676855930724,272,88.0,8.0,0.32,159.0,2.0
2025-04-08 14:49:02,156.14,84.0,166.04,26.0,154.11,28.0,167.64,44.0,161.09,9.900000000000006,112.0,70.0,3.0948796422305667,182,42.0,-90.0,0.23,157.2,5.0
2025-04-08 14:49:03,156.0,106.0,159.98,59.0,153.1,51.0,161.58,53.0,157.99,3.9799999999999898,157.0,112.0,4.0466924765648375,269,45.0,87.0,0.17,156.0,6.0
2025-04-08 14:49:04,155.03,32.0,156.42,24.0,144.77,13.0,157.77,39.0,155.72,1.3899999999999864,45.0,63.0,4.665996142291534,108,-18.0,-161.0,-0.17,155.5,2.0
2025-04-08 14:49:05,150.65,26.0,156.0,20.0,93.69,13.0,228.39,44.0,153.33,5.349999999999994,39.0,64.0,4.540244486794882,103,-25.0,-5.0,-0.24,155.0,3.0
2025-04-08 14:49:06,122.11,82.0,154.07,30.0,119.6,15.0,401.68,31.0,138.09,31.959999999999997,97.0,61.0,8.942397888701631,158,36.0,55.0,0.23,155.0,
2025-04-08 14:49:13,149.11,28.0,262.09,33.0,144.05,73.0,329.0,41.0,205.6,112.97999999999996,101.0,74.0,28.08358328276257,175,27.0,52.0,0.15,150.33,3.0
2025-04-08 14:49:14,148.5,46.0,261.88,26.0,144.45,113.0,263.02,82.0,205.19,113.38,159.0,108.0,33.98987569850617,267,51.0,92.0,0.19,155.75,4.0
2025-04-08 14:49:15,152.92,39.0,260.0,9.0,153.76,25.0,263.0,45.0,206.46,107.08,64.0,54.0,33.64121237410952,118,10.0,-149.0,0.08,155.75,
2025-04-08 14:49:16,164.6,15.0,258.4,25.0,159.54,39.0,347.59,29.0,211.5,93.79999999999998,54.0,54.0,27.396136041419812,108,0.0,-10.0,0.0,164.33,3.0
2025-04-08 14:49:17,163.0,10.0,209.72,32.0,158.64,56.0,350.82,34.0,186.36,46.72,66.0,66.0,9.652265019155143,132,0.0,24.0,0.0,164.33,
2025-04-08 14:49:18,163.0,13.0,203.45,31.0,162.0,91.0,204.29,21.0,183.23,40.44999999999999,104.0,52.0,12.822428397148196,156,52.0,24.0,0.33,164.33,
2025-04-08 14:49:19,164.0,78.0,200.42,19.0,163.0,13.0,202.82,33.0,182.21,36.41999999999999,91.0,52.0,13.918123795971152,143,39.0,-13.0,0.27,164.33,
2025-04-08 14:49:20,164.0,54.0,196.88,16.0,163.0,9.0,198.29,17.0,180.44,32.879999999999995,63.0,33.0,12.899347657922952,96,30.0,-47.0,0.31,164.33,
2025-04-08 14:49:21,164.0,36.0,195.54,26.0,163.0,11.0,196.47,15.0,179.77,31.539999999999992,47.0,41.0,2.6060065233883924,88,6.0,-8.0,0.07,164.0,3.0
2025-04-08 14:49:22,164.0,24.0,193.9,21.0,163.0,8.0,194.67,18.0,178.95,29.90000000000001,32.0,39.0,1.7630938715616555,71,-7.0,-17.0,-0.1,164.0,
2025-04-08 14:49:23,162.86,21.0,191.37,19.0,159.57,35.0,192.84,25.0,177.11,28.50999999999999,56.0,44.0,1.8790369873779769,100,12.0,29.0,0.12,163.0,5.0
2025-04-08 14:49:24,159.68,99.0,188.0,36.0,158.68,47.0,189.57,21.0,173.84,28.319999999999997,146.0,57.0,2.649730174929013,203,89.0,103.0,0.44,163.0,
2025-04-08 14:49:25,162.1,80.0,187.0,30.0,161.2,20.0,188.0,10.0,174.55,24.90000000000001,100.0,40.0,2.61504875670143,140,60.0,-63.0,0.43,163.0,
2025-04-08 14:49:26,163.32,111.0,177.44,57.0,162.0,108.0,184.78,59.0,170.38,14.120000000000005,219.0,116.0,3.2764813443570784,335,103.0,168.0,0.31,163.0,3.0
2025-04-08 14:49:27,165.0,55.0,167.62,24.0,162.0,66.0,170.11,38.0,166.31,2.6200000000000045,121.0,62.0,4.184539401166197,183,59.0,-152.0,0.32,163.0,
2025-04-08 14:49:28,162.34,61.0,165.36,28.0,161.33,27.0,167.76,29.0,163.85,3.0200000000000102,88.0,57.0,4.658382766573009,145,31.0,-38.0,0.21,163.67,9.0
2025-04-08 14:49:29,161.29,17.0,162.87,31.0,159.19,37.0,164.93,30.0,162.08,1.5800000000000125,54.0,61.0,5.051982779057874,115,-7.0,-30.0,-0.06,162.0,4.0
2025-04-08 14:49:30,159.44,9.0,161.11,9.0,158.91,22.0,364.78,9.0,160.28,1.670000000000016,31.0,18.0,3.934011947095317,49,13.0,-66.0,0.27,160.0,1.0
2025-04-08 14:49:31,159.0,35.0,162.0,7.0,158.0,14.0,508.53,32.0,160.5,3.0,49.0,39.0,2.5193907993566085,88,10.0,39.0,0.11,160.0,
2025-04-08 14:49:32,159.0,42.0,160.7,10.0,158.0,20.0,161.7,10.0,159.85,1.6999999999999886,62.0,20.0,1.6502333168006298,82,42.0,-6.0,0.51,159.0,4.0
2025-04-08 14:49:33,158.31,36.0,159.75,16.0,156.89,90.0,232.9,21.0,159.03,1.4399999999999975,126.0,37.0,1.119450758129131,163,89.0,81.0,0.55,159.0,1.0
2025-04-08 14:49:34,158.0,25.0,348.6,20.0,156.0,60.0,411.44,18.0,253.3,190.6,85.0,38.0,41.76682140168116,123,47.0,-40.0,0.38,158.0,1.0
2025-04-08 14:49:35,158.0,57.0,287.74,27.0,156.0,90.0,375.61,36.0,222.87,129.74,147.0,63.0,44.21419398790359,210,84.0,87.0,0.4,158.0,3.0
2025-04-08 14:49:36,158.0,36.0,181.0,70.0,156.0,110.0,338.71,28.0,169.5,23.0,146.0,98.0,42.81763596930563,244,48.0,34.0,0.2,158.0,2.0
2025-04-08 14:49:37,156.4,20.0,233.62,32.0,149.49,45.0,483.81,32.0,195.01,77.22,65.0,64.0,38.722090207012286,129,1.0,-115.0,0.01,157.0,4.0
2025-04-08 14:49:38,156.0,18.0,364.0,18.0,155.0,27.0,585.87,30.0,260.0,208.0,45.0,48.0,38.378980314751175,93,-3.0,-36.0,-0.03,157.0,
2025-04-08 14:49:41,141.0,7.0,232.0,35.0,115.94,16.0,286.31,32.0,186.5,91.0,23.0,67.0,80.05004266082624,90,-44.0,-90.0,-0.49,157.0,
2025-04-08 14:49:42,160.0,28.0,232.0,70.0,149.0,18.0,287.29,70.0,196.0,72.0,46.0,140.0,79.93122875322324,186,-94.0,96.0,-0.51,157.0,
2025-04-08 14:49:43,160.0,32.0,226.38,80.0,159.0,32.0,313.47,77.0,193.19,66.38,64.0,157.0,80.08320779039798,221,-93.0,35.0,-0.42,157.0,
2025-04-08 14:49:44,160.2,15.0,206.66,32.0,159.33,18.0,253.26,27.0,183.43,46.46000000000001,33.0,59.0,12.070357492632604,92,-26.0,-129.0,-0.28,157.0,
2025-04-08 14:49:45,159.62,21.0,162.65,57.0,158.47,34.0,163.51,41.0,161.13,3.030000000000001,55.0,98.0,13.766402943396267,153,-43.0,61.0,-0.28,163.0,1.0
2025-04-08 14:49:46,158.44,27.0,159.81,43.0,118.0,60.0,160.69,52.0,159.13,1.3700000000000043,87.0,95.0,17.48739488888876,182,-8.0,29.0,-0.04,159.0,2.0
2025-04-08 14:49:47,150.06,67.0,158.0,30.0,124.74,47.0,163.82,45.0,154.03,7.939999999999998,114.0,75.0,17.10153560356224,189,39.0,7.0,0.21,158.0,3.0
2025-04-08 14:49:56,142.88,136.0,151.0,40.0,103.62,32.0,153.0,16.0,146.94,8.120000000000005,168.0,56.0,26.058413804369952,224,112.0,-168.0,0.5,158.0,
2025-04-08 14:49:57,144.5,170.0,151.0,50.0,100.0,40.0,153.0,20.0,147.75,6.5,210.0,70.0,9.648728931823996,280,140.0,56.0,0.5,158.0,
2025-04-08 14:49:58,146.18,187.0,180.27,55.0,102.0,44.0,223.58,19.0,163.23,34.09,231.0,74.0,8.627848515119004,305,157.0,25.0,0.51,151.57,7.0
2025-04-08 14:49:59,148.92,133.0,229.0,21.0,138.45,62.0,383.2,25.0,188.96,80.08000000000001,195.0,46.0,18.421226072112333,241,149.0,-64.0,0.62,151.57,
2025-04-08 14:50:00,159.94,62.0,181.31,68.0,156.2,205.0,210.17,60.0,170.62,21.370000000000005,267.0,128.0,17.473372599469347,395,139.0,154.0,0.35,158.0,4.0
2025-04-08 14:50:01,164.0,19.0,178.0,30.0,159.0,27.0,181.0,30.0,171.0,14.0,46.0,60.0,14.895592301076867,106,-14.0,-168.0,-0.13,164.0,1.0
2025-04-08 14:50:02,164.0,33.0,177.0,55.0,159.89,56.0,230.8,40.0,170.5,13.0,89.0,95.0,9.565480646570457,184,-6.0,78.0,-0.03,164.0,
2025-04-08 14:50:03,160.28,43.0,175.11,45.0,159.08,65.0,220.77,39.0,167.7,14.830000000000013,108.0,84.0,8.600411618051579,192,24.0,8.0,0.12,163.0,4.0
2025-04-08 14:50:04,160.0,36.0,172.17,29.0,159.0,54.0,173.14,43.0,166.09,12.169999999999987,90.0,72.0,2.171801095842539,162,18.0,-30.0,0.11,163.0,
2025-04-08 14:50:05,160.0,56.0,168.52,44.0,159.0,84.0,170.37,62.0,164.26,8.52000000000001,140.0,106.0,2.8694598794719197,246,34.0,84.0,0.14,163.0,
2025-04-08 14:50:06,160.0,52.0,163.15,39.0,159.0,78.0,164.54,39.0,161.58,3.1500000000000057,130.0,78.0,3.3804112175729677,208,52.0,-38.0,0.25,163.0,
2025-04-08 14:50:07,159.72,43.0,161.08,36.0,158.88,82.0,169.75,40.0,160.4,1.3600000000000136,125.0,76.0,3.038993254333882,201,49.0,-7.0,0.24,160.0,4.0
2025-04-08 14:50:08,159.0,27.0,160.0,24.0,158.0,30.0,179.8,15.0,159.5,1.0,57.0,39.0,2.7455564098888523,96,18.0,-105.0,0.19,159.0,3.0
2025-04-08 14:50:09,158.36,33.0,159.82,44.0,157.29,31.0,220.0,22.0,159.09,1.4599999999999795,64.0,66.0,2.0746276774104446,130,-2.0,34.0,-0.02,158.6,5.0
2025-04-08 14:50:10,158.0,30.0,159.0,40.0,156.0,50.0,217.69,26.0,158.5,1.0,80.0,66.0,1.205354719522002,146,14.0,16.0,0.1,158.6,
2025-04-08 14:50:11,158.36,22.0,288.6,53.0,156.18,44.0,346.16,45.0,223.48,130.24,66.0,98.0,28.678085361472647,164,-32.0,18.0,-0.2,158.67,6.0
2025-04-08 14:50:12,158.53,15.0,306.0,55.0,156.21,39.0,307.0,55.0,232.27,147.47,54.0,110.0,37.83747573504285,164,-56.0,0.0,-0.34,159.0,2.0
2025-04-08 14:50:13,141.26,23.0,290.05,55.0,121.29,51.0,325.93,43.0,215.66,148.79000000000002,74.0,98.0,36.08869975490931,172,-24.0,8.0,-0.14,153.5,8.0
2025-04-08 14:50:14,150.25,12.0,276.26,34.0,142.9,20.0,339.79,38.0,213.26,126.01,32.0,72.0,28.996752921663912,104,-40.0,-68.0,-0.38,153.5,
2025-04-08 14:50:15,157.0,12.0,293.0,24.0,152.1,10.0,326.33,24.0,225.0,136.0,22.0,48.0,7.635848348419827,70,-26.0,-34.0,-0.37,162.33,3.0
2025-04-08 14:50:16,155.95,20.0,233.5,28.0,107.21,61.0,292.12,34.0,194.72,77.55000000000001,81.0,62.0,14.195147762529574,143,19.0,73.0,0.13,160.33,3.0
2025-04-08 14:50:17,156.12,24.0,290.41,34.0,155.0,16.0,291.64,22.0,223.27,134.29000000000002,40.0,56.0,12.054302966162869,96,-16.0,-47.0,-0.17,160.33,
2025-04-08 14:50:18,162.76,29.0,289.73,55.0,159.0,18.0,291.0,22.0,226.24,126.97000000000004,47.0,77.0,13.20810811585253,124,-30.0,28.0,-0.24,160.33,
2025-04-08 14:50:19,164.41,34.0,286.73,37.0,163.0,12.0,287.35,40.0,225.57,122.32000000000002,46.0,77.0,13.595273075597158,123,-31.0,-1.0,-0.25,163.8,5.0
2025-04-08 14:50:20,159.71,31.0,282.85,27.0,157.06,17.0,284.0,36.0,221.28,123.14,48.0,63.0,13.280238326176782,111,-15.0,-12.0,-0.14,157.0,3.0
2025-04-08 14:50:21,157.82,17.0,279.46,46.0,152.91,11.0,280.87,31.0,218.64,121.64,28.0,77.0,3.128234326272444,105,-49.0,-6.0,-0.47,157.0,
2025-04-08 14:50:22,159.0,20.0,277.0,26.0,155.0,10.0,278.05,44.0,218.0,118.0,30.0,70.0,3.824784961284236,100,-40.0,-5.0,-0.4,157.0,
2025-04-08 14:50:23,159.0,18.0,276.0,45.0,157.67,9.0,277.0,18.0,217.5,117.0,27.0,63.0,3.3379215089724283,90,-36.0,-10.0,-0.4,157.0,
2025-04-08 14:50:24,159.0,14.0,241.12,24.0,158.0,7.0,275.0,17.0,200.06,82.12,21.0,41.0,8.530760810153176,62,-20.0,-28.0,-0.32,157.0,
2025-04-08 14:50:25,159.0,26.0,205.46,26.0,158.0,8.0,220.26,19.0,182.23,46.46000000000001,34.0,45.0,16.031586945777438,79,-11.0,17.0,-0.14,157.0,
2025-04-08 14:50:26,159.0,40.0,203.47,38.0,158.0,14.0,204.78,46.0,181.24,44.47,54.0,84.0,18.012328555742005,138,-30.0,59.0,-0.22,159.0,5.0
2025-04-08 14:50:27,158.87,30.0,198.27,78.0,157.24,21.0,199.76,67.0,178.57,39.400000000000006,51.0,145.0,16.634129072481525,196,-94.0,58.0,-0.48,159.0,2.0
2025-04-08 14:50:28,157.0,12.0,193.9,39.0,155.8,15.0,196.95,38.0,175.45,36.900000000000006,27.0,77.0,9.618484807907627,104,-50.0,-92.0,-0.48,158.0,1.0
2025-04-08 14:50:29,156.0,10.0,191.47,17.0,155.0,5.0,192.25,16.0,173.74,35.47,15.0,33.0,3.6422149854084576,48,-18.0,-56.0,-0.38,158.0,
2025-04-08 14:50:30,156.19,21.0,189.32,37.0,155.17,12.0,190.8,40.0,172.76,33.129999999999995,33.0,77.0,3.5125019572846146,110,-44.0,62.0,-0.4,158.0,
2025-04-08 14:50:31,160.0,12.0,184.8,50.0,156.0,24.0,185.39,46.0,172.4,24.80000000000001,36.0,96.0,2.522266837573456,132,-60.0,22.0,-0.45,158.0,
2025-04-08 14:50:32,161.53,47.0,177.79,52.0,156.5,48.0,179.21,47.0,169.66,16.25999999999999,95.0,99.0,2.1170309397638416,194,-4.0,62.0,-0.02,158.0,
2025-04-08 14:50:33,162.0,54.0,173.39,41.0,160.0,9.0,174.38,32.0,167.7,11.389999999999986,63.0,73.0,2.4966617712282573,136,-10.0,-58.0,-0.07,158.0,
2025-04-08 14:50:34,162.0,108.0,167.89,54.0,160.0,18.0,169.11,54.0,164.94,5.889999999999986,126.0,108.0,3.282395466714391,234,18.0,98.0,0.08,158.0,
2025-04-08 14:50:35,161.12,25.0,162.87,45.0,156.33,48.0,167.38,52.0,161.99,1.75,73.0,97.0,4.046544204614672,170,-24.0,-64.0,-0.14,162.0,6.0
2025-04-08 14:50:36,156.44,27.0,160.44,16.0,155.22,54.0,164.55,31.0,158.44,4.0,81.0,47.0,4.474156903807909,128,34.0,-42.0,0.27,160.0,1.0
2025-04-08 14:50:37,156.0,44.0,157.94,17.0,155.0,77.0,159.28,25.0,156.97,1.9399999999999975,121.0,42.0,4.4471305355121,163,79.0,35.0,0.48,157.0,5.0
2025-04-08 14:50:38,156.18,40.0,158.93,28.0,155.18,90.0,257.4,47.0,157.55,2.75,130.0,75.0,3.3903642871936124,205,55.0,42.0,0.27,158.0,3.0
2025-04-08 14:50:39,156.0,20.0,158.8,30.0,155.0,90.0,354.56,18.0,157.4,2.800000000000012,110.0,48.0,2.039154236411059,158,62.0,-47.0,0.39,158.0,
2025-04-08 14:50:40,155.44,32.0,157.71,17.0,153.23,66.0,268.95,19.0,156.57,2.2700000000000102,98.0,36.0,0.7030149357373336,134,62.0,-24.0,0.46,156.0,2.0
2025-04-08 14:50:41,155.5,48.0,287.29,17.0,140.33,30.0,496.54,26.0,221.4,131.79000000000002,78.0,43.0,28.74832986453142,121,35.0,-13.0,0.29,155.0,5.0
2025-04-08 14:50:42,158.29,14.0,187.37,27.0,155.27,22.0,401.31,13.0,172.83,29.080000000000013,36.0,40.0,27.81404231678522,76,-4.0,-45.0,-0.05,155.0,
2025-04-08 14:50:43,160.2,15.0,175.0,45.0,158.88,32.0,382.5,24.0,167.6,14.800000000000011,47.0,69.0,26.747550355124584,116,-22.0,40.0,-0.19,155.0,
2025-04-08 14:50:44,160.09,22.0,173.35,17.0,158.63,38.0,196.74,61.0,166.72,13.259999999999993,60.0,78.0,25.49592771404742,138,-18.0,22.0,-0.13,160.33,3.0
2025-04-08 14:50:45,159.0,22.0,171.82,11.0,158.0,22.0,405.19,31.0,165.41,12.819999999999991,44.0,42.0,23.984677817305293,86,2.0,-52.0,0.02,160.33,
2025-04-08 14:50:46,160.71,14.0,170.73,11.0,158.73,22.0,422.97,31.0,165.72,10.019999999999982,36.0,42.0,3.018365451681072,78,-6.0,-8.0,-0.08,160.33,
2025-04-08 14:50:47,162.0,9.0,168.44,9.0,159.0,18.0,356.8,20.0,165.22,6.439999999999998,27.0,29.0,1.0029356908082976,56,-2.0,-22.0,-0.04,160.33,
2025-04-08 14:50:48,159.13,23.0,167.42,12.0,158.08,24.0,252.77,26.0,163.27,8.289999999999992,47.0,38.0,1.2576843800788895,85,9.0,29.0,0.11,162.0,1.0
2025-04-08 14:50:49,158.2,10.0,165.67,12.0,155.18,34.0,341.76,17.0,161.93,7.469999999999999,44.0,29.0,1.641051492151121,73,15.0,-12.0,0.21,158.67,3.0
2025-04-08 14:50:50,158.0,7.0,165.0,28.0,155.38,13.0,166.0,7.0,161.5,7.0,20.0,35.0,1.8974113944764248,55,-15.0,-18.0,-0.27,158.67,
2025-04-08 14:50:51,134.63,19.0,163.11,28.0,134.07,29.0,164.18,34.0,148.87,28.480000000000015,48.0,62.0,6.474339348526483,110,-14.0,55.0,-0.13,156.5,4.0
2025-04-08 14:50:53,142.84,69.0,240.72,29.0,133.85,55.0,330.08,62.0,191.78,97.88,124.0,91.0,20.717021262717235,215,33.0,121.0,0.15,153.17,6.0
2025-04-08 14:50:54,160.57,7.0,286.0,14.0,155.86,29.0,407.8,25.0,223.29,125.43,36.0,39.0,35.22852721871746,75,-3.0,-140.0,-0.04,160.8,5.0
2025-04-08 14:50:55,155.5,26.0,309.47,17.0,140.43,37.0,357.79,24.0,232.49,153.97000000000003,63.0,41.0,43.19938737991504,104,22.0,29.0,0.21,159.33,3.0
2025-04-08 14:50:56,158.07,41.0,308.2,25.0,121.67,21.0,321.83,12.0,233.14,150.13,62.0,37.0,41.25157003072752,99,25.0,-5.0,0.25,155.0,3.0
2025-04-08 14:50:57,162.0,57.0,248.75,48.0,117.57,21.0,285.44,36.0,205.38,86.75,78.0,84.0,18.102785144835067,162,-6.0,63.0,-0.04,162.0,1.0
2025-04-08 14:50:58,162.0,44.0,255.96,25.0,105.32,41.0,268.32,44.0,208.98,93.96,85.0,69.0,12.966465593987918,154,16.0,-8.0,0.1,162.0,
2025-04-08 14:50:59,160.29,14.0,254.0,8.0,77.82,44.0,255.0,16.0,207.14,93.71,58.0,24.0,14.107592991012396,82,34.0,-72.0,0.41,162.0,4.0
2025-04-08 14:51:00,158.0,14.0,251.22,36.0,83.14,101.0,252.54,26.0,204.61,93.22,115.0,62.0,12.020436764113189,177,53.0,95.0,0.3,162.0,
2025-04-08 14:51:01,158.0,12.0,172.86,36.0,123.0,12.0,200.94,34.0,165.43,14.860000000000014,24.0,70.0,18.45661859604842,94,-46.0,-83.0,-0.49,162.0,
2025-04-08 14:51:02,159.4,10.0,161.38,21.0,155.65,46.0,162.88,16.0,160.39,1.9799999999999895,56.0,37.0,24.215328822875225,93,19.0,-1.0,0.2,162.0,
2025-04-08 14:51:03,139.31,32.0,159.81,27.0,127.4,40.0,160.91,23.0,149.56,20.5,72.0,50.0,26.61078221322954,122,22.0,29.0,0.18,159.0,2.0
2025-04-08 14:51:08,151.34,41.0,166.16,19.0,135.29,28.0,200.43,28.0,158.75,14.819999999999991,69.0,47.0,8.030633225333428,116,22.0,37.0,0.19,159.0,
2025-04-08 14:51:09,136.15,65.0,164.33,39.0,125.85,13.0,329.84,25.0,150.24,28.180000000000007,78.0,64.0,7.7791921174268,142,14.0,26.0,0.1,145.0,4.0
2025-04-08 14:51:11,138.9,49.0,316.84,32.0,137.14,29.0,484.6,25.0,227.87,177.93999999999997,78.0,57.0,94.28990147412414,135,21.0,35.0,0.16,145.0,
2025-04-08 14:51:12,140.49,101.0,152.0,36.0,139.56,32.0,203.38,39.0,146.24,11.509999999999993,133.0,75.0,94.45689043156162,208,58.0,73.0,0.28,145.0,
2025-04-08 14:51:13,141.32,134.0,151.18,34.0,141.52,90.0,153.0,48.0,146.25,9.860000000000014,224.0,82.0,96.3099379607319,306,142.0,98.0,0.46,145.0,
2025-04-08 14:51:14,145.47,127.0,437.96,54.0,144.62,137.0,613.91,47.0,291.72,292.49,264.0,101.0,95.95009343403538,365,163.0,59.0,0.45,152.55,11.0
2025-04-08 14:51:15,152.03,30.0,250.61,33.0,147.31,62.0,437.33,36.0,201.32,98.58,92.0,69.0,61.1030396134269,161,23.0,-168.0,0.14,154.0,4.0
2025-04-08 14:51:16,164.0,39.0,233.4,15.0,156.0,13.0,296.84,37.0,198.7,69.4,52.0,52.0,59.46732783638424,104,0.0,-57.0,0.0,154.0,
2025-04-08 14:51:17,165.0,66.0,230.73,41.0,164.0,42.0,301.32,22.0,197.87,65.72999999999999,108.0,63.0,52.565203033946624,171,45.0,67.0,0.26,165.0,4.0
2025-04-08 14:51:18,165.0,5.0,230.0,20.0,164.0,15.0,232.0,5.0,197.5,65.0,20.0,25.0,41.56064027418325,45,-5.0,-126.0,-0.11,165.0,
2025-04-08 14:51:19,165.0,13.0,227.26,31.0,164.0,39.0,227.21,34.0,196.13,62.25999999999999,52.0,65.0,1.924455767224323,117,-13.0,72.0,-0.11,165.0,
2025-04-08 14:51:20,165.0,9.0,224.0,9.0,164.0,27.0,226.0,36.0,194.5,59.0,36.0,45.0,1.6496817874968517,81,-9.0,-36.0,-0.11,165.0,
2025-04-08 14:51:21,160.5,24.0,222.0,12.0,162.0,24.0,226.0,48.0,191.25,61.5,48.0,60.0,2.6955426169872068,108,-12.0,27.0,-0.11,163.2,5.0
2025-04-08 14:51:22,159.31,26.0,222.0,9.0,156.82,11.0,226.0,36.0,190.65,62.69,37.0,45.0,2.9925624471328565,82,-8.0,-26.0,-0.1,163.2,
2025-04-08 14:51:23,164.5,36.0,220.33,12.0,163.0,24.0,226.0,48.0,192.42,55.83000000000001,60.0,60.0,2.2895305195578133,120,0.0,38.0,0.0,163.2,
2025-04-08 14:51:24,165.0,30.0,211.82,22.0,163.0,20.0,221.14,28.0,188.41,46.81999999999999,50.0,50.0,2.24526835812156,100,0.0,-20.0,0.0,163.2,
2025-04-08 14:51:25,165.0,27.0,215.59,27.0,163.0,18.0,217.56,18.0,190.3,50.59,45.0,45.0,1.4682744974899131,90,0.0,-10.0,0.0,163.2,
2025-04-08 14:51:26,163.55,116.0,213.65,68.0,159.21,28.0,216.0,17.0,188.6,50.1,144.0,85.0,1.6453054427605829,229,59.0,139.0,0.26,163.33,6.0
2025-04-08 14:51:27,164.0,108.0,213.0,36.0,159.0,18.0,216.0,9.0,188.5,49.0,126.0,45.0,1.7362257917610355,171,81.0,-58.0,0.47,163.33,
2025-04-08 14:51:28,164.0,114.0,212.16,37.0,159.53,17.0,214.46,13.0,188.08,48.16,131.0,50.0,0.8729375693447443,181,81.0,10.0,0.45,164.0,3.0
2025-04-08 14:51:29,164.0,135.0,208.73,33.0,162.0,15.0,210.57,42.0,186.36,44.72999999999999,150.0,75.0,1.4070252307518158,225,75.0,44.0,0.33,164.0,
2025-04-08 14:51:30,164.0,99.0,176.82,44.0,162.0,11.0,188.34,35.0,170.41,12.819999999999991,110.0,79.0,7.86691807507614,189,31.0,-36.0,0.16,164.0,
2025-04-08 14:51:31,163.88,33.0,197.38,26.0,161.0,16.0,227.83,24.0,180.63,33.5,49.0,50.0,7.603665563394714,99,-1.0,-90.0,-0.01,164.0,9.0
2025-04-08 14:51:32,161.6,5.0,372.6,10.0,159.89,18.0,374.0,5.0,267.1,211.00000000000003,23.0,15.0,38.956064097904,38,8.0,-61.0,0.21,160.5,4.0
2025-04-08 14:51:33,160.0,7.0,323.33,12.0,159.0,14.0,368.22,9.0,241.67,163.32999999999998,21.0,21.0,42.57135104738913,42,0.0,4.0,0.0,160.5,
2025-04-08 14:51:34,156.62,45.0,336.94,17.0,157.15,26.0,354.2,10.0,246.78,180.32,71.0,27.0,43.02803353628978,98,44.0,56.0,0.45,159.0,4.0
2025-04-08 14:51:35,156.09,54.0,348.62,8.0,155.81,93.0,350.0,16.0,252.36,192.53,147.0,24.0,33.295898696387994,171,123.0,73.0,0.72,156.0,4.0
2025-04-08 14:51:36,157.65,23.0,266.0,20.0,156.02,123.0,300.33,12.0,211.83,108.35,146.0,32.0,20.319647388676596,178,114.0,7.0,0.64,158.33,3.0
2025-04-08 14:51:37,158.2,49.0,292.52,21.0,156.27,105.0,296.78,18.0,225.36,134.32,154.0,39.0,16.677870067851114,193,115.0,15.0,0.6,158.8,5.0
2025-04-08 14:51:38,159.0,22.0,287.61,33.0,158.0,11.0,292.3,20.0,223.3,128.61,33.0,53.0,17.026149887749497,86,-20.0,-107.0,-0.23,158.8,
2025-04-08 14:51:39,159.45,22.0,220.0,11.0,158.0,11.0,280.79,38.0,189.73,60.55000000000001,33.0,49.0,22.74027110656501,82,-16.0,-4.0,-0.2,158.8,
2025-04-08 14:51:40,156.09,92.0,220.0,7.0,155.08,37.0,292.0,28.0,188.04,63.91,129.0,35.0,17.900541053276402,164,94.0,82.0,0.57,159.33,3.0
2025-04-08 14:51:41,156.0,90.0,218.5,12.0,155.0,36.0,251.11,18.0,187.25,62.5,126.0,30.0,19.746316871761625,156,96.0,-8.0,0.62,159.33,
2025-04-08 14:51:42,156.52,61.0,213.66,32.0,155.87,138.0,215.09,23.0,185.09,57.13999999999999,199.0,55.0,16.08469365577072,254,144.0,98.0,0.57,159.33,
2025-04-08 14:51:43,158.0,59.0,208.79,24.0,156.0,180.0,210.0,36.0,183.4,50.78999999999999,239.0,60.0,2.4880253214073997,299,179.0,45.0,0.6,159.33,
2025-04-08 14:51:44,158.0,77.0,205.74,38.0,156.0,165.0,206.71,17.0,181.87,47.74000000000001,242.0,55.0,2.578012800580957,297,187.0,-2.0,0.63,159.33,
2025-04-08 14:51:45,157.54,65.0,203.77,26.0,155.96,156.0,204.17,29.0,180.65,46.23000000000002,221.0,55.0,2.6107700013510207,276,166.0,-21.0,0.6,158.0,7.0
2025-04-08 14:51:46,156.0,105.0,201.71,7.0,155.0,42.0,203.82,22.0,178.86,45.71000000000001,147.0,29.0,2.408511988749246,176,118.0,-100.0,0.67,158.0,
2025-04-08 14:51:47,156.0,108.0,201.0,8.0,155.0,48.0,202.0,8.0,178.5,45.0,156.0,16.0,2.054100776482128,172,140.0,-4.0,0.81,156.0,4.0
2025-04-08 14:51:48,156.0,165.0,197.07,42.0,155.0,90.0,198.73,15.0,176.54,41.06999999999999,255.0,57.0,2.05410077648101,312,198.0,140.0,0.63,156.0,
2025-04-08 14:51:49,156.0,158.0,189.94,36.0,155.0,108.0,192.69,36.0,172.97,33.94,266.0,72.0,2.9246589544652704,338,194.0,26.0,0.57,156.0,4.0
2025-04-08 14:51:50,156.1,60.0,185.65,34.0,155.06,77.0,186.9,31.0,170.87,29.55000000000001,137.0,65.0,3.50704576530266,202,72.0,-136.0,0.36,156.0,
2025-04-08 14:51:51,158.9,29.0,183.62,16.0,155.9,59.0,184.53,19.0,171.26,24.72,88.0,35.0,3.3564519957720558,123,53.0,-79.0,0.43,159.0,2.0
2025-04-08 14:51:52,160.0,72.0,179.38,24.0,159.0,24.0,180.76,21.0,169.69,19.379999999999995,96.0,45.0,2.6626734685117315,141,51.0,18.0,0.36,159.0,
2025-04-08 14:51:53,160.0,90.0,174.92,36.0,159.0,30.0,175.22,27.0,167.46,14.919999999999987,120.0,63.0,2.043318379477409,183,57.0,42.0,0.31,159.0,
2025-04-08 14:51:54,163.11,54.0,170.54,35.0,159.95,88.0,171.84,25.0,166.83,7.429999999999978,142.0,60.0,1.9946603720698988,202,82.0,19.0,0.41,159.0,
2025-04-08 14:51:55,164.0,51.0,168.48,62.0,162.14,42.0,169.41,69.0,166.24,4.47999999999999,93.0,131.0,2.109722730574531,224,-38.0,22.0,-0.17,159.0,
2025-04-08 14:51:56,161.17,46.0,163.73,15.0,160.05,44.0,165.33,21.0,162.45,2.5600000000000023,90.0,36.0,2.6301577899238064,126,54.0,-98.0,0.43,163.6,5.0
2025-04-08 14:51:57,158.74,35.0,180.33,27.0,147.56,54.0,254.54,26.0,169.54,21.590000000000003,89.0,53.0,2.5856391859454733,142,36.0,16.0,0.25,158.06,18.0
2025-04-08 14:51:58,155.0,5.0,442.0,20.0,137.82,22.0,614.0,10.0,298.5,287.0,27.0,30.0,59.19137580762917,57,-3.0,-85.0,-0.05,158.06,
2025-04-08 14:51:59,120.82,22.0,438.94,35.0,107.14,42.0,454.41,27.0,279.88,318.12,64.0,62.0,67.7989632664104,126,2.0,69.0,0.02,155.0,1.0
2025-04-08 14:52:00,124.64,88.0,203.19,53.0,104.25,80.0,220.66,38.0,163.91,78.55,168.0,91.0,68.22730926835723,259,77.0,133.0,0.3,154.0,1.0
2025-04-08 14:52:01,147.45,44.0,162.71,28.0,123.86,56.0,176.84,37.0,155.08,15.26000000000002,100.0,65.0,69.70613473719554,165,35.0,-94.0,0.21,154.0,
2025-04-08 14:52:02,158.0,68.0,160.73,49.0,135.68,82.0,182.93,69.0,159.37,2.7299999999999898,150.0,118.0,71.43225860911897,268,32.0,103.0,0.12,154.0,
2025-04-08 14:52:03,134.43,14.0,159.0,21.0,122.83,24.0,160.0,21.0,146.71,24.569999999999997,38.0,42.0,55.643574202237815,80,-4.0,-168.0,-0.05,158.0,4.0
2025-04-08 14:52:11,127.25,24.0,244.08,25.0,80.75,24.0,447.31,26.0,185.67,116.83,48.0,51.0,30.41836665568664,99,-3.0,43.0,-0.03,151.0,7.0
2025-04-08 14:52:13,135.0,52.0,392.0,55.0,94.24,51.0,474.62,37.0,263.5,257.0,103.0,92.0,56.97299096940512,195,11.0,83.0,0.06,162.0,2.0
2025-04-08 14:52:14,132.0,100.0,295.0,39.0,112.0,10.0,523.9,42.0,213.5,163.0,110.0,81.0,47.929001658703314,191,29.0,-4.0,0.15,155.0,4.0
2025-04-08 14:52:17,165.0,50.0,450.8,15.0,163.0,15.0,615.0,20.0,307.9,285.8,65.0,35.0,72.06811361483226,100,30.0,-53.0,0.3,155.0,
2025-04-08 14:52:18,165.0,40.0,374.62,13.0,163.0,12.0,536.79,14.0,269.81,209.62,52.0,27.0,71.16531577953107,79,25.0,-21.0,0.32,155.0,
2025-04-08 14:52:19,165.0,70.0,244.57,14.0,163.0,21.0,247.0,28.0,204.79,79.57,91.0,42.0,74.11077553230953,133,49.0,54.0,0.37,155.0,
2025-04-08 14:52:20,165.0,70.0,244.0,14.0,163.0,21.0,361.0,28.0,204.5,79.0,91.0,42.0,80.03952492362922,133,49.0,0.0,0.37,155.0,
2025-04-08 14:52:21,165.0,120.0,241.75,24.0,164.0,12.0,319.43,42.0,203.38,76.75,132.0,66.0,48.2741020631159,198,66.0,65.0,0.33,155.0,
2025-04-08 14:52:22,165.0,50.0,239.0,12.0,164.0,6.0,264.0,18.0,202.0,74.0,56.0,30.0,29.600171114371232,86,26.0,-112.0,0.3,165.0,2.0
2025-04-08 14:52:23,165.0,80.0,238.1,20.0,164.0,10.0,265.71,28.0,201.55,73.1,90.0,48.0,1.449424023538051,138,42.0,52.0,0.3,165.0,
2025-04-08 14:52:24,165.0,38.0,237.33,12.0,164.0,6.0,299.71,14.0,201.17,72.33000000000001,44.0,26.0,1.386884998839744,70,18.0,-68.0,0.26,165.0,2.0
2025-04-08 14:52:25,165.0,36.0,236.17,12.0,164.0,6.0,307.5,16.0,200.58,71.16999999999999,42.0,28.0,1.0563758800748682,70,14.0,0.0,0.2,165.0,
2025-04-08 14:52:26,165.0,44.0,236.0,18.0,164.0,9.0,276.0,18.0,200.5,71.0,53.0,36.0,0.638318102517814,89,17.0,19.0,0.19,165.0,5.0
2025-04-08 14:52:27,164.9,49.0,234.38,52.0,163.24,33.0,236.0,26.0,199.64,69.47999999999999,82.0,78.0,0.7281277360465679,160,4.0,71.0,0.03,165.0,
2025-04-08 14:52:28,165.0,77.0,231.55,22.0,164.0,11.0,234.0,44.0,198.27,66.55000000000001,88.0,66.0,1.1261305430535005,154,22.0,-6.0,0.14,165.0,
2025-04-08 14:52:29,165.0,55.0,229.22,18.0,164.0,9.0,234.0,36.0,197.11,64.22,64.0,54.0,1.501582498564469,118,10.0,-36.0,0.08,165.0,2.0
2025-04-08 14:52:30,165.0,33.0,229.0,18.0,164.0,9.0,234.0,36.0,197.0,64.0,42.0,54.0,1.5439009035532716,96,-12.0,-22.0,-0.12,165.0,2.0
2025-04-08 14:52:31,165.0,30.0,227.33,24.0,164.0,10.0,230.77,26.0,196.17,62.33000000000001,40.0,50.0,1.3461314943160512,90,-10.0,-6.0,-0.11,165.0,
2025-04-08 14:52:32,165.0,27.0,225.33,36.0,164.0,9.0,227.0,18.0,195.17,60.33000000000001,36.0,54.0,1.15489393451798,90,-18.0,0.0,-0.2,165.0,
2025-04-08 14:52:33,165.0,36.0,221.6,30.0,164.0,12.0,223.19,32.0,193.3,56.6,48.0,62.0,1.5753888408843264,110,-14.0,20.0,-0.13,165.0,
2025-04-08 14:52:34,164.82,28.0,213.48,58.0,163.29,35.0,214.21,48.0,189.15,48.66,63.0,106.0,3.1211167873018035,169,-43.0,59.0,-0.25,165.0,3.0
2025-04-08 14:52:35,164.0,11.0,205.61,31.0,163.0,55.0,206.59,37.0,184.81,41.610000000000014,66.0,68.0,4.705167372152486,134,-2.0,-35.0,-0.01,165.0,
2025-04-08 14:52:36,160.73,62.0,199.0,52.0,160.6,67.0,199.84,50.0,179.86,38.27000000000001,129.0,102.0,6.2491655442912135,231,27.0,97.0,0.12,162.09,11.0
2025-04-08 14:52:37,160.0,24.0,196.5,8.0,159.0,16.0,198.0,8.0,178.25,36.5,40.0,16.0,6.28695713361752,56,24.0,-168.0,0.43,162.09,
2025-04-08 14:52:38,160.0,78.0,192.04,46.0,159.0,52.0,192.86,35.0,176.02,32.03999999999999,130.0,81.0,5.307812166979111,211,49.0,155.0,0.23,162.09,
2025-04-08 14:52:39,160.0,42.0,186.88,33.0,159.0,36.0,187.62,29.0,173.44,26.879999999999995,78.0,62.0,4.286003966391082,140,16.0,-71.0,0.11,160.0,3.0
2025-04-08 14:52:40,160.0,33.0,184.67,54.0,159.0,44.0,185.6,25.0,172.33,24.669999999999987,77.0,79.0,3.1616056047380483,156,-2.0,16.0,-0.01,160.0,
2025-04-08 14:52:41,160.0,24.0,183.0,32.0,159.0,32.0,184.0,40.0,171.5,23.0,56.0,72.0,2.784828540485933,128,-16.0,-28.0,-0.12,160.0,
2025-04-08 14:52:42,160.0,45.0,180.49,68.0,159.0,60.0,181.71,58.0,170.24,20.49000000000001,105.0,126.0,2.190794376453281,231,-21.0,103.0,-0.09,160.0,
2025-04-08 14:52:43,163.14,14.0,176.39,46.0,159.89,37.0,177.51,51.0,169.77,13.25,51.0,97.0,1.501942076078466,148,-46.0,-83.0,-0.31,160.0,
2025-04-08 14:52:44,163.06,17.0,171.64,39.0,159.59,49.0,173.69,39.0,167.35,8.579999999999984,66.0,78.0,1.9058252805256413,144,-12.0,-4.0,-0.08,162.0,2.0
2025-04-08 14:52:45,162.96,54.0,166.48,46.0,160.84,45.0,167.75,52.0,164.72,3.519999999999982,99.0,98.0,2.693423472067724,197,1.0,53.0,0.01,162.0,
2025-04-08 14:52:46,162.54,24.0,167.0,32.0,160.4,20.0,171.23,22.0,164.77,4.460000000000008,44.0,54.0,2.635327304127646,98,-10.0,-99.0,-0.1,163.4,5.0
2025-04-08 14:52:47,160.0,22.0,173.91,44.0,159.0,22.0,176.0,44.0,166.95,13.909999999999997,44.0,88.0,2.094903339029844,132,-44.0,34.0,-0.33,163.4,
2025-04-08 14:52:48,158.21,28.0,172.29,56.0,156.24,100.0,176.0,56.0,165.25,14.079999999999984,128.0,112.0,1.2504479196972853,240,16.0,108.0,0.07,158.5,4.0
2025-04-08 14:52:49,157.7,33.0,171.22,36.0,155.58,72.0,173.33,36.0,164.46,13.52000000000001,105.0,72.0,1.0029207345913655,177,33.0,-63.0,0.19,156.8,5.0
2025-04-08 14:52:50,160.0,38.0,168.8,40.0,157.41,34.0,172.0,40.0,164.4,8.800000000000011,72.0,80.0,1.05258253827102,152,-8.0,-25.0,-0.05,160.0,2.0
2025-04-08 14:52:51,160.0,36.0,165.92,48.0,158.0,36.0,172.0,48.0,162.96,5.919999999999988,72.0,96.0,1.4565472872076002,168,-24.0,16.0,-0.14,160.0,
2025-04-08 14:52:52,160.0,86.0,164.84,37.0,158.0,30.0,170.5,40.0,162.42,4.840000000000003,116.0,77.0,1.1683407036771272,193,39.0,25.0,0.2,160.0,
2025-04-08 14:52:53,160.0,90.0,161.33,36.0,158.0,27.0,164.52,21.0,160.67,1.3300000000000125,117.0,57.0,1.5697834245097813,174,60.0,-19.0,0.34,160.0,2.0
2025-04-08 14:52:54,160.0,81.0,161.0,36.0,158.0,27.0,165.0,36.0,160.5,1.0,108.0,72.0,1.635267562163133,180,36.0,6.0,0.2,160.0,
2025-04-08 14:52:55,158.86,28.0,294.7,27.0,156.36,45.0,581.0,46.0,226.78,135.83999999999995,73.0,73.0,29.15230488314613,146,0.0,-34.0,0.0,159.23,13.0
2025-04-08 14:52:56,157.92,50.0,254.89,27.0,155.19,94.0,441.65,48.0,206.4,96.97,144.0,75.0,31.193096672179493,219,69.0,73.0,0.32,160.8,5.0
2025-04-08 14:52:57,156.0,29.0,254.24,17.0,155.0,70.0,360.06,32.0,205.12,98.24,99.0,49.0,29.84503945381818,148,50.0,-71.0,0.34,156.0,2.0
2025-04-08 14:52:58,155.64,28.0,256.0,18.0,154.91,81.0,355.21,39.0,205.82,100.36,109.0,57.0,24.36286272177376,166,52.0,18.0,0.31,156.0,
2025-04-08 14:52:59,156.0,12.0,409.42,24.0,155.0,120.0,581.25,51.0,282.71,253.42,132.0,75.0,33.32412609506924,207,57.0,41.0,0.28,156.0,
2025-04-08 14:53:00,157.43,254.0,233.73,44.0,155.31,29.0,406.74,27.0,195.58,76.29999999999998,283.0,71.0,35.820761856778724,354,212.0,147.0,0.6,156.0,
2025-04-08 14:53:01,158.0,324.0,208.71,31.0,156.0,12.0,220.65,17.0,183.35,50.71000000000001,336.0,48.0,39.19253283471276,384,288.0,30.0,0.75,158.0,1.0
2025-04-08 14:53:02,158.0,402.0,191.5,42.0,156.0,16.0,192.39,38.0,174.75,33.5,418.0,80.0,43.16480360200909,498,338.0,114.0,0.68,158.0,5.0
2025-04-08 14:53:03,158.0,180.0,186.1,20.0,156.0,23.0,187.48,33.0,172.05,28.099999999999994,203.0,53.0,46.21206898635889,256,150.0,-168.0,0.59,158.0,3.0
2025-04-08 14:53:04,158.0,266.0,180.64,50.0,156.0,16.0,181.69,48.0,169.32,22.639999999999983,282.0,98.0,10.652297874163883,380,184.0,124.0,0.48,158.0,
2025-04-08 14:53:05,158.06,157.0,174.75,44.0,157.5,127.0,176.65,46.0,166.41,16.689999999999998,284.0,90.0,6.478871815362318,374,194.0,-6.0,0.52,158.0,
2025-04-08 14:53:06,158.04,98.0,171.0,8.0,157.23,62.0,172.0,32.0,164.52,12.960000000000008,160.0,40.0,4.135377854547673,200,120.0,-168.0,0.6,158.5,4.0
2025-04-08 14:53:07,158.0,176.0,168.58,19.0,156.0,44.0,170.92,37.0,163.29,10.580000000000013,220.0,56.0,3.573439519549124,276,164.0,76.0,0.59,158.5,
2025-04-08 14:53:08,158.0,192.0,163.89,38.0,156.0,48.0,164.87,30.0,160.95,5.889999999999986,240.0,68.0,3.168417586093705,308,172.0,32.0,0.56,158.5,
2025-04-08 14:53:09,158.0,224.0,160.62,26.0,156.0,72.0,161.09,44.0,159.31,2.6200000000000045,296.0,70.0,2.81900336996269,366,226.0,58.0,0.62,158.5,
2025-04-08 14:53:10,158.0,85.0,159.0,9.0,156.0,54.0,212.11,36.0,158.5,1.0,139.0,45.0,2.561743546855456,184,94.0,-168.0,0.51,158.0,15.0
2025-04-08 14:53:11,162.21,48.0,374.49,35.0,157.23,62.0,531.33,54.0,268.35,212.28,110.0,89.0,48.2611209981692,199,21.0,15.0,0.11,162.75,4.0
2025-04-08 14:53:12,164.22,27.0,352.0,16.0,162.29,14.0,517.0,30.0,258.11,187.78,41.0,46.0,56.889967305316624,87,-5.0,-112.0,-0.06,162.75,
2025-04-08 14:53:13,165.0,15.0,333.0,12.0,164.0,5.0,418.67,18.0,249.0,168.0,20.0,30.0,54.97172482285829,50,-10.0,-37.0,-0.2,162.75,
2025-04-08 14:53:14,165.0,27.0,453.77,26.0,164.0,9.0,640.17,29.0,309.38,288.77,36.0,55.0,55.4365806124454,91,-19.0,41.0,-0.21,162.75,
2025-04-08 14:53:15,164.95,19.0,354.29,21.0,163.5,8.0,696.0,28.0,259.62,189.34000000000003,27.0,49.0,23.651031055753677,76,-22.0,-15.0,-0.29,165.0,3.0
2025-04-08 14:53:18,163.0,88.0,344.41,27.0,160.0,22.0,636.04,25.0,253.7,181.41000000000005,110.0,52.0,85.99043504948921,162,58.0,78.0,0.36,165.0,
2025-04-08 14:53:19,163.0,56.0,311.71,7.0,160.0,14.0,556.43,21.0,237.36,148.70999999999998,70.0,28.0,95.47582374612104,98,42.0,-64.0,0.43,165.0,
2025-04-08 14:53:20,163.0,40.0,310.27,11.0,160.0,10.0,545.0,11.0,236.64,147.26999999999998,50.0,22.0,99.22553864807364,72,28.0,-26.0,0.39,165.0,
2025-04-08 14:53:21,163.0,97.0,308.9,29.0,160.0,28.0,308.71,41.0,235.95,145.89999999999998,125.0,70.0,99.63149542188091,195,55.0,123.0,0.28,163.0,5.0
2025-04-08 14:53:22,163.0,36.0,305.42,12.0,160.0,24.0,307.57,30.0,234.21,142.42000000000002,60.0,42.0,7.983731583672592,102,18.0,-93.0,0.18,163.0,
2025-04-08 14:53:23,160.88,17.0,301.4,20.0,159.68,19.0,303.07,14.0,231.14,140.51999999999998,36.0,34.0,2.4833143176240657,70,2.0,-32.0,0.03,161.8,5.0
2025-04-08 14:53:24,159.0,27.0,235.12,32.0,158.0,9.0,248.74,19.0,197.06,76.12,36.0,51.0,16.871272921747497,87,-15.0,17.0,-0.17,161.8,
2025-04-08 14:53:25,159.42,24.0,221.89,27.0,158.75,24.0,224.0,18.0,190.65,62.47,48.0,45.0,22.04504638235222,93,3.0,6.0,0.03,161.8,
2025-04-08 14:53:26,160.45,29.0,197.13,39.0,159.31,52.0,203.56,34.0,178.79,36.68000000000001,81.0,73.0,24.91520319002083,154,8.0,61.0,0.05,160.4,5.0
2025-04-08 14:53:27,159.38,32.0,191.23,22.0,158.47,19.0,192.56,43.0,175.3,31.849999999999994,51.0,65.0,22.24449976960566,116,-14.0,-38.0,-0.12,159.8,5.0
2025-04-08 14:53:28,159.0,12.0,187.17,6.0,158.0,6.0,189.33,9.0,173.08,28.169999999999987,18.0,15.0,10.387777914450677,33,3.0,-83.0,0.09,159.8,
2025-04-08 14:53:29,159.0,24.0,185.12,33.0,158.0,12.0,186.24,21.0,172.06,26.120000000000005,36.0,54.0,7.540287129807007,90,-18.0,57.0,-0.2,159.8,
2025-04-08 14:53:30,160.8,20.0,181.0,20.0,158.67,12.0,182.2,20.0,170.9,20.19999999999999,32.0,40.0,3.1165172869600077,72,-8.0,-18.0,-0.11,159.8,
2025-04-08 14:53:31,162.0,21.0,179.75,16.0,159.0,14.0,180.16,19.0,170.88,17.75,35.0,35.0,1.839749982991053,70,0.0,-2.0,0.0,159.8,
2025-04-08 14:53:32,162.0,42.0,176.56,34.0,159.83,94.0,176.95,37.0,169.28,14.560000000000002,136.0,71.0,1.4269547995335248,207,65.0,137.0,0.31,159.8,
2025-04-08 14:53:33,162.0,48.0,169.88,48.0,160.0,208.0,170.44,36.0,165.94,7.8799999999999955,256.0,84.0,2.3797730984081693,340,172.0,133.0,0.51,159.8,
2025-04-08 14:53:34,162.0,39.0,166.19,21.0,160.0,169.0,167.35,49.0,164.1,4.189999999999998,208.0,70.0,3.0640822443110363,278,138.0,-62.0,0.5,159.8,
2025-04-08 14:53:35,160.46,110.0,166.04,28.0,159.89,131.0,233.87,31.0,163.25,5.579999999999984,241.0,59.0,3.2927344259592566,300,182.0,22.0,0.61,162.8,10.0
2025-04-08 14:53:36,160.31,59.0,169.88,16.0,159.81,96.0,296.67,52.0,165.09,9.569999999999991,155.0,68.0,2.3274170232026594,223,87.0,-77.0,0.39,160.33,9.0
2025-04-08 14:53:37,160.92,65.0,167.18,22.0,159.77,87.0,168.7,23.0,164.05,6.260000000000019,152.0,45.0,1.042319528690762,197,107.0,-26.0,0.54,160.33,
2025-04-08 14:53:38,160.35,125.0,164.62,13.0,159.92,145.0,220.24,37.0,162.48,4.27000000000001,270.0,50.0,0.9825120863826076,320,220.0,123.0,0.69,164.0,3.0
2025-04-08 14:53:39,160.0,145.0,163.0,20.0,159.0,65.0,164.0,10.0,161.5,3.0,210.0,30.0,1.3854710389922322,240,180.0,-80.0,0.75,164.0,
2025-04-08 14:53:40,160.13,92.0,162.62,13.0,159.46,78.0,182.95,19.0,161.37,2.490000000000009,170.0,32.0,1.627565666842662,202,138.0,-38.0,0.68,160.0,2.0
2025-04-08 14:53:41,159.71,102.0,163.09,11.0,158.86,142.0,188.0,33.0,161.4,3.3799999999999955,244.0,44.0,1.152367128949204,288,200.0,86.0,0.69,162.0,4.0
2025-04-08 14:53:42,159.0,68.0,161.86,7.0,158.0,97.0,188.0,21.0,160.43,2.8600000000000136,165.0,28.0,0.7265879161397506,193,137.0,-95.0,0.71,159.0,5.0
2025-04-08 14:53:43,159.0,72.0,161.0,8.0,158.0,70.0,263.0,40.0,160.0,2.0,142.0,48.0,0.6807716209410792,190,94.0,-3.0,0.49,159.0,
2025-04-08 14:53:44,159.0,102.0,160.42,12.0,158.0,57.0,300.21,56.0,159.71,1.4199999999999875,159.0,68.0,0.7765758172114382,227,91.0,37.0,0.4,159.0,2.0
2025-04-08 14:53:45,159.0,50.0,160.0,8.0,158.0,19.0,400.12,24.0,159.5,1.0,69.0,32.0,0.7521103641597,101,37.0,-126.0,0.37,159.0,3.0
2025-04-08 14:53:46,158.47,17.0,159.33,9.0,157.03,123.0,287.55,33.0,158.9,0.8600000000000136,140.0,42.0,0.5706750387697574,182,98.0,81.0,0.54,158.8,5.0
2025-04-08 14:53:47,161.13,23.0,297.44,39.0,157.01,189.0,408.18,57.0,229.28,136.31,212.0,96.0,31.19687516402753,308,116.0,126.0,0.38,159.0,1.0
2025-04-08 14:53:48,164.0,30.0,256.0,25.0,158.0,5.0,576.8,15.0,210.0,92.0,35.0,40.0,33.70897536265303,75,-5.0,-168.0,-0.07,159.0,
2025-04-08 14:53:50,159.0,42.0,294.78,18.0,156.4,30.0,377.94,32.0,226.89,135.77999999999997,72.0,50.0,64.32049517844291,122,22.0,1.0,0.18,160.0,5.0
2025-04-08 14:53:51,157.0,135.0,254.0,27.0,156.0,108.0,387.16,25.0,205.5,97.0,243.0,52.0,53.53607288548656,295,191.0,168.0,0.65,160.0,
2025-04-08 14:53:52,157.0,67.0,254.0,15.0,156.0,60.0,437.0,15.0,205.5,97.0,127.0,30.0,55.88769524680825,157,97.0,-138.0,0.62,157.0,4.0
2025-04-08 14:53:53,157.0,121.0,253.36,33.0,156.0,132.0,419.55,33.0,205.18,96.36,253.0,66.0,56.50059380219035,319,187.0,162.0,0.59,157.0,
2025-04-08 14:53:54,157.0,110.0,250.87,39.0,156.0,216.0,267.3,30.0,203.94,93.87,326.0,69.0,9.797194496386748,395,257.0,76.0,0.65,157.0,
2025-04-08 14:53:55,157.3,80.0,248.73,30.0,156.03,232.0,249.79,33.0,203.02,91.42999999999998,312.0,63.0,1.1050429855967203,375,249.0,-20.0,0.66,157.0,3.0
2025-04-08 14:53:56,163.0,52.0,245.81,47.0,157.68,74.0,247.45,44.0,204.4,82.81,126.0,91.0,0.9917257685549212,217,35.0,-158.0,0.16,157.0,
2025-04-08 14:53:57,162.88,24.0,239.75,48.0,161.05,19.0,243.63,38.0,201.31,76.87,43.0,86.0,1.4855975228887928,129,-43.0,-88.0,-0.33,162.8,5.0
2025-04-08 14:53:58,163.0,12.0,216.25,40.0,162.0,12.0,221.09,46.0,189.62,53.25,24.0,86.0,6.1728372730863255,110,-62.0,-19.0,-0.56,162.8,
2025-04-08 14:53:59,163.0,10.0,210.29,34.0,162.0,10.0,216.33,36.0,186.65,47.28999999999999,20.0,70.0,8.233519903418781,90,-50.0,-20.0,-0.56,162.8,
2025-04-08 14:54:00,163.0,6.0,215.0,18.0,162.0,6.0,217.0,24.0,189.0,52.0,12.0,42.0,8.056223060466028,54,-30.0,-36.0,-0.56,162.8,
2025-04-08 14:54:01,163.0,7.0,214.11,27.0,162.0,7.0,215.36,22.0,188.56,51.110000000000014,14.0,49.0,5.853902117389295,63,-35.0,9.0,-0.56,162.8,
2025-04-08 14:54:02,163.0,8.0,212.93,29.0,162.0,8.0,214.11,27.0,187.97,49.93000000000001,16.0,56.0,1.1306414108666902,72,-40.0,9.0,-0.56,162.8,
2025-04-08 14:54:03,163.0,12.0,209.89,37.0,162.0,12.0,212.81,47.0,186.45,46.88999999999999,24.0,84.0,1.1362350108866817,108,-60.0,36.0,-0.56,162.8,
2025-04-08 14:54:04,159.27,30.0,190.27,22.0,157.12,82.0,202.84,25.0,174.77,31.0,112.0,47.0,5.992441071880237,159,65.0,51.0,0.41,160.0,7.0
2025-04-08 14:54:05,156.4,85.0,170.15,34.0,156.3,138.0,171.38,21.0,163.27,13.75,223.0,55.0,11.016291572028267,278,168.0,119.0,0.6,157.22,9.0
2025-04-08 14:54:06,156.0,189.0,167.23,30.0,155.0,18.0,168.55,33.0,161.62,11.22999999999999,207.0,63.0,12.407903932571536,270,144.0,-8.0,0.53,157.22,
2025-04-08 14:54:07,156.42,99.0,165.19,16.0,155.91,138.0,166.42,38.0,160.81,8.77000000000001,237.0,54.0,11.084127390097397,291,183.0,21.0,0.63,157.33,9.0
2025-04-08 14:54:08,156.0,182.0,160.38,24.0,155.0,22.0,162.09,23.0,158.19,4.379999999999996,204.0,47.0,6.437454465849841,251,157.0,-40.0,0.63,157.33,
2025-04-08 14:54:09,156.0,210.0,157.5,28.0,155.0,20.0,180.21,29.0,156.75,1.5,230.0,57.0,2.632967907111465,287,173.0,36.0,0.6,156.0,3.0
2025-04-08 14:54:10,156.0,64.0,158.6,5.0,155.0,8.0,231.0,13.0,157.3,2.5999999999999943,72.0,18.0,2.1637536828103103,90,54.0,-168.0,0.6,156.0,
2025-04-08 14:54:13,164.0,72.0,224.45,33.0,162.0,18.0,272.89,45.0,194.23,60.44999999999999,90.0,78.0,127.15437456100427,168,12.0,-15.0,0.07,156.0,
2025-04-08 14:54:14,164.0,56.0,224.0,21.0,162.0,14.0,335.14,35.0,194.0,60.0,70.0,56.0,120.8989204666452,126,14.0,-42.0,0.11,156.0,
2025-04-08 14:54:15,164.0,128.0,219.3,50.0,162.0,32.0,403.61,74.0,191.65,55.30000000000001,160.0,124.0,114.22449330156915,284,36.0,158.0,0.13,156.0,
2025-04-08 14:54:16,164.0,104.0,212.84,31.0,162.0,26.0,367.07,54.0,188.42,48.84,130.0,85.0,115.32210182788096,215,45.0,-69.0,0.21,156.0,
2025-04-08 14:54:17,164.0,112.0,171.67,60.0,162.0,28.0,209.92,50.0,167.83,7.6699999999999875,140.0,110.0,11.092174268374022,250,30.0,35.0,0.12,156.0,
2025-04-08 14:54:18,164.0,40.0,170.92,38.0,162.0,20.0,205.44,45.0,167.46,6.919999999999988,60.0,83.0,13.13827880660031,143,-23.0,-107.0,-0.16,164.0,5.0
2025-04-08 14:54:19,162.23,26.0,167.27,15.0,158.13,62.0,168.98,51.0,164.75,5.0400000000000205,88.0,66.0,12.89786300128613,154,22.0,11.0,0.14,164.0,3.0
2025-04-08 14:54:20,163.0,42.0,164.29,7.0,162.0,14.0,167.0,35.0,163.64,1.289999999999992,56.0,42.0,10.217472779505174,98,14.0,-56.0,0.14,164.0,
2025-04-08 14:54:21,162.81,32.0,229.71,21.0,160.33,27.0,230.44,45.0,196.26,66.9,59.0,66.0,13.683927433304142,125,-7.0,27.0,-0.06,163.0,6.0
2025-04-08 14:54:22,162.0,12.0,221.5,30.0,159.0,30.0,277.0,30.0,191.75,59.5,42.0,60.0,15.87304224148438,102,-18.0,-23.0,-0.18,163.0,
2025-04-08 14:54:23,163.91,86.0,186.45,55.0,161.17,36.0,271.47,75.0,175.18,22.539999999999992,122.0,130.0,15.097312012406446,252,-8.0,150.0,-0.03,164.0,3.0
2025-04-08 14:54:24,164.0,28.0,185.0,21.0,162.0,14.0,446.86,35.0,174.5,21.0,42.0,56.0,13.446452320220288,98,-14.0,-154.0,-0.14,164.0,
2025-04-08 14:54:25,164.0,29.0,184.73,33.0,162.0,22.0,442.0,55.0,174.36,20.72999999999999,51.0,88.0,10.708660046894911,139,-37.0,41.0,-0.27,164.0,3.0
2025-04-08 14:54:26,159.29,42.0,183.43,42.0,157.88,68.0,471.14,42.0,171.36,24.14000000000001,110.0,84.0,8.139097001507578,194,26.0,55.0,0.13,160.11,9.0
2025-04-08 14:54:27,158.77,152.0,181.89,46.0,157.17,108.0,389.73,30.0,170.33,23.119999999999976,260.0,76.0,2.1542933876187487,336,184.0,142.0,0.55,160.11,
2025-04-08 14:54:28,159.99,155.0,178.07,42.0,158.22,83.0,343.88,64.0,169.03,18.079999999999984,238.0,106.0,2.439452807482544,344,132.0,8.0,0.38,160.0,5.0
2025-04-08 14:54:29,161.0,72.0,176.44,27.0,160.0,27.0,487.56,36.0,168.72,15.439999999999998,99.0,63.0,2.272630634293936,162,36.0,-168.0,0.22,160.0,
2025-04-08 14:54:30,161.75,32.0,176.0,12.0,160.0,12.0,675.0,16.0,168.88,14.25,44.0,28.0,1.1432103918037824,72,16.0,-90.0,0.22,160.0,
2025-04-08 14:54:31,162.0,88.0,175.64,33.0,160.0,33.0,453.17,23.0,168.82,13.639999999999986,121.0,56.0,0.6658303086573304,177,65.0,105.0,0.37,160.0,
2025-04-08 14:54:32,162.05,98.0,174.43,42.0,160.0,42.0,320.0,28.0,168.24,12.379999999999995,140.0,70.0,0.3001999332536965,210,70.0,33.0,0.33,162.0,3.0
2025-04-08 14:54:33,163.54,65.0,173.62,39.0,160.0,39.0,479.89,18.0,168.58,10.080000000000013,104.0,57.0,0.2547940343204027,161,47.0,-49.0,0.29,162.0,
2025-04-08 14:54:34,164.16,51.0,172.27,33.0,160.0,33.0,370.3,37.0,168.21,8.110000000000014,84.0,70.0,0.3139745211398113,154,14.0,-7.0,0.09,164.0,1.0
2025-04-08 14:54:35,165.0,48.0,170.58,36.0,161.87,188.0,378.36,44.0,167.79,5.5800000000000125,236.0,80.0,0.3926448776239765,316,156.0,162.0,0.49,164.0,
2025-04-08 14:54:36,165.0,32.0,168.75,24.0,162.0,176.0,216.0,27.0,166.88,3.75,208.0,51.0,0.6554769255460016,259,157.0,-57.0,0.61,164.0,
2025-04-08 14:54:37,164.62,32.0,168.0,27.0,162.07,160.0,169.0,27.0,166.31,3.3799999999999955,192.0,54.0,0.940813477753238,246,138.0,-13.0,0.56,165.0,4.0
2025-04-08 14:54:38,164.0,15.0,168.0,33.0,162.0,242.0,169.0,33.0,166.0,4.0,257.0,66.0,0.9449179858171184,323,191.0,77.0,0.59,164.0,2.0
2025-04-08 14:54:39,164.0,6.0,166.33,18.0,162.0,132.0,169.0,18.0,165.17,2.3300000000000125,138.0,36.0,0.9796683111742284,174,102.0,-149.0,0.59,164.0,
2025-04-08 14:54:40,162.03,222.0,163.87,46.0,160.78,170.0,187.04,53.0,162.95,1.8400000000000036,392.0,99.0,1.5341675266789587,491,293.0,168.0,0.6,162.18,11.0
2025-04-08 14:54:41,162.0,72.0,163.0,18.0,160.0,48.0,204.33,30.0,162.5,1.0,120.0,48.0,1.7564538137718626,168,72.0,-168.0,0.43,162.18,
2025-04-08 14:54:42,162.0,147.0,184.48,42.0,159.91,69.0,213.6,45.0,173.24,22.47999999999999,216.0,87.0,4.320158561895359,303,129.0,135.0,0.43,162.0,3.0
2025-04-08 14:54:43,162.06,48.0,235.5,40.0,161.29,42.0,298.0,32.0,198.78,73.44,90.0,72.0,15.297985815130588,162,18.0,-141.0,0.11,162.0,
2025-04-08 14:54:44,163.71,7.0,198.0,35.0,162.0,63.0,331.86,14.0,180.86,34.28999999999999,70.0,49.0,15.017991876410958,119,21.0,-43.0,0.18,162.0,
2025-04-08 14:54:45,164.56,9.0,184.71,38.0,162.0,81.0,228.03,32.0,174.63,20.15000000000001,90.0,70.0,13.362751213726614,160,20.0,41.0,0.12,162.0,
2025-04-08 14:54:46,160.92,75.0,197.33,54.0,158.61,108.0,356.59,41.0,179.13,36.410000000000025,183.0,95.0,10.245748874531404,278,88.0,118.0,0.32,163.5,2.0
2025-04-08 14:54:47,162.0,27.0,201.67,24.0,160.0,54.0,382.55,31.0,181.83,39.66999999999999,81.0,55.0,9.21927491725713,136,26.0,-142.0,0.19,163.5,
2025-04-08 14:54:48,162.0,11.0,303.04,27.0,160.0,54.0,373.6,35.0,232.52,141.04000000000002,65.0,62.0,24.04381687669381,127,3.0,-9.0,0.02,162.0,2.0
2025-04-08 14:54:49,162.0,7.0,274.0,21.0,160.0,42.0,324.0,35.0,218.0,112.0,49.0,56.0,26.23121556466661,105,-7.0,-22.0,-0.07,162.0,
2025-04-08 14:54:50,162.2,10.0,272.32,19.0,160.08,50.0,273.24,37.0,217.26,110.12,60.0,56.0,23.87449622505221,116,4.0,11.0,0.03,162.0,
2025-04-08 14:54:51,163.0,13.0,245.17,23.0,162.0,13.0,267.87,47.0,204.09,82.16999999999999,26.0,70.0,19.036786756174124,96,-44.0,-20.0,-0.46,162.0,
2025-04-08 14:54:52,161.0,24.0,202.57,14.0,159.0,32.0,222.56,36.0,181.79,41.56999999999999,56.0,50.0,19.051975488123187,106,6.0,10.0,0.06,162.5,2.0
2025-04-08 14:54:53,160.0,40.0,198.88,17.0,158.0,60.0,213.0,8.0,179.44,38.88,100.0,25.0,18.6606947887804,125,75.0,19.0,0.6,162.5,
2025-04-08 14:54:54,160.0,104.0,195.69,16.0,158.04,112.0,197.08,49.0,177.84,35.69,216.0,65.0,17.654345923879273,281,151.0,156.0,0.54,162.5,
2025-04-08 14:54:55,160.0,56.0,194.53,17.0,159.0,11.0,196.89,38.0,177.26,34.53,67.0,55.0,11.320597599065588,122,12.0,-159.0,0.1,160.0,4.0
2025-04-08 14:54:56,160.0,52.0,185.73,26.0,159.0,13.0,190.36,44.0,172.87,25.72999999999999,65.0,70.0,3.2863277377570608,135,-5.0,13.0,-0.04,160.0,
2025-04-08 14:54:57,159.96,54.0,163.41,27.0,158.35,37.0,181.24,51.0,161.69,3.4499999999999886,91.0,78.0,7.20447430420428,169,13.0,34.0,0.08,160.0,
2025-04-08 14:54:58,159.0,12.0,162.89,36.0,158.0,144.0,163.33,24.0,160.94,3.8899999999999855,156.0,60.0,8.268582103355385,216,96.0,47.0,0.44,160.0,
2025-04-08 14:54:59,158.63,78.0,160.93,15.0,157.88,153.0,200.25,56.0,159.78,2.300000000000012,231.0,71.0,7.993157698927157,302,160.0,86.0,0.53,160.0,2.0
2025-04-08 14:55:00,159.0,71.0,160.0,12.0,158.0,144.0,426.0,38.0,159.5,1.0,215.0,50.0,5.612159121043197,265,165.0,-37.0,0.62,159.0,1.0
2025-04-08 14:55:01,159.0,44.0,248.06,17.0,158.0,132.0,447.13,39.0,203.53,89.06,176.0,56.0,19.27394796091153,232,120.0,-33.0,0.52,160.0,1.0
2025-04-08 14:55:02,159.0,32.0,191.16,25.0,158.0,96.0,257.08,25.0,175.08,32.16,128.0,50.0,18.91596891517676,178,78.0,-54.0,0.44,160.0,
2025-04-08 14:55:03,159.0,48.0,181.27,45.0,158.0,144.0,204.38,39.0,170.13,22.27000000000001,192.0,84.0,18.026636680200188,276,108.0,98.0,0.39,160.0,
2025-04-08 14:55:04,159.08,48.0,178.35,51.0,158.11,148.0,179.67,54.0,168.72,19.269999999999985,196.0,105.0,16.707814638663667,301,91.0,25.0,0.3,160.0,
2025-04-08 14:55:05,163.0,111.0,177.0,33.0,160.0,15.0,179.0,44.0,170.0,14.0,126.0,77.0,14.756966829262376,203,49.0,-98.0,0.24,163.0,2.0
2025-04-08 14:55:06,163.13,62.0,176.56,16.0,162.45,44.0,177.73,33.0,169.85,13.430000000000009,106.0,49.0,2.4812557304579204,155,57.0,-48.0,0.37,163.0,
2025-04-08 14:55:07,163.25,40.0,175.0,18.0,162.7,50.0,176.82,22.0,169.12,11.75,90.0,40.0,0.6127234285766711,130,50.0,-25.0,0.38,163.4,5.0
2025-04-08 14:55:08,163.0,72.0,170.72,18.0,160.0,12.0,173.81,32.0,166.86,7.719999999999999,84.0,50.0,1.2603967628984227,134,34.0,4.0,0.25,163.4,
2025-04-08 14:55:09,163.0,58.0,167.26,43.0,160.0,13.0,168.68,22.0,165.13,4.259999999999991,71.0,65.0,2.1230332074470035,136,6.0,2.0,0.04,163.0,4.0
2025-04-08 14:55:10,163.0,26.0,166.17,35.0,160.0,13.0,166.88,16.0,164.59,3.1699999999999875,39.0,51.0,2.338856558218036,90,-12.0,-46.0,-0.13,163.0,
2025-04-08 14:55:11,158.73,74.0,163.35,34.0,157.29,34.0,164.67,18.0,161.04,4.6200000000000045,108.0,52.0,2.9872679826079147,160,56.0,70.0,0.35,159.85,13.0
2025-04-08 14:55:12,157.92,78.0,159.98,49.0,155.96,50.0,162.24,33.0,158.95,2.0600000000000023,128.0,82.0,3.22938539042778,210,46.0,50.0,0.22,158.0,6.0
2025-04-08 14:55:13,155.93,28.0,157.55,11.0,154.91,22.0,158.83,29.0,156.74,1.6200000000000043,50.0,40.0,3.601256725075622,90,10.0,-120.0,0.11,156.0,3.0
2025-04-08 14:55:14,156.0,18.0,157.78,9.0,155.0,18.0,159.0,27.0,156.89,1.7800000000000011,36.0,36.0,3.275327464528944,72,0.0,-18.0,0.0,156.0,
2025-04-08 14:55:15,157.62,16.0,201.1,21.0,155.5,16.0,278.2,30.0,179.36,43.47999999999999,32.0,51.0,9.53411401231946,83,-19.0,11.0,-0.23,157.0,1.0
2025-04-08 14:55:16,115.78,18.0,190.64,33.0,22.41,17.0,358.84,32.0,153.21,74.85999999999999,35.0,65.0,10.45240881327848,100,-30.0,17.0,-0.3,158.6,5.0
2025-04-08 14:55:22,137.09,94.0,301.0,16.0,136.7,99.0,394.65,23.0,219.04,163.91,193.0,39.0,47.43264034396383,232,154.0,136.0,0.66,154.0,1.0
2025-04-08 14:55:24,156.0,8.0,366.4,20.0,151.5,32.0,710.6,20.0,261.2,210.4,40.0,40.0,94.00795604628382,80,0.0,-23.0,0.0,154.0,
2025-04-08 14:55:26,156.94,83.0,421.64,22.0,156.37,76.0,550.55,11.0,289.29,264.7,159.0,33.0,44.01191736337152,192,126.0,106.0,0.66,154.0,
2025-04-08 14:55:27,158.54,26.0,420.14,28.0,157.02,86.0,480.29,14.0,289.34,261.6,112.0,42.0,26.20482913510948,154,70.0,-38.0,0.45,159.33,3.0
2025-04-08 14:55:28,159.64,107.0,247.58,38.0,159.5,56.0,266.11,36.0,203.61,87.94000000000003,163.0,74.0,42.63401845944401,237,89.0,83.0,0.38,159.33,
2025-04-08 14:55:29,162.0,10.0,222.0,32.0,160.0,112.0,223.88,32.0,192.0,60.0,122.0,64.0,56.04066318308674,186,58.0,-51.0,0.31,162.0,2.0
2025-04-08 14:55:30,160.03,79.0,216.86,28.0,159.08,26.0,219.29,28.0,188.44,56.83000000000001,105.0,56.0,52.13455888372036,161,49.0,-25.0,0.3,161.0,2.0
2025-04-08 14:55:31,160.0,74.0,212.83,24.0,158.0,12.0,213.83,24.0,186.42,52.83000000000001,86.0,48.0,43.764341877835314,134,38.0,-27.0,0.28,160.0,2.0
2025-04-08 14:55:32,160.0,110.0,210.8,40.0,158.0,20.0,211.8,40.0,185.4,50.80000000000001,130.0,80.0,7.395111899085492,210,50.0,76.0,0.24,160.0,
2025-04-08 14:55:33,162.43,42.0,208.25,48.0,160.91,104.0,209.67,48.0,185.34,45.81999999999999,146.0,96.0,2.800607077043466,242,50.0,32.0,0.21,160.0,
2025-04-08 14:55:34,165.0,55.0,204.2,20.0,164.0,5.0,205.4,20.0,184.6,39.19999999999999,60.0,40.0,1.489765082146178,100,20.0,-142.0,0.2,160.0,
2025-04-08 14:55:35,165.0,161.0,198.69,64.0,164.0,16.0,200.75,64.0,181.84,33.69,177.0,128.0,1.7353385836713635,305,49.0,168.0,0.16,165.0,1.0
2025-04-08 14:55:36,165.0,114.0,187.33,43.0,164.0,12.0,188.39,44.0,176.16,22.330000000000013,126.0,87.0,3.917131603606543,213,39.0,-92.0,0.18,165.0,1.0
2025-04-08 14:55:37,165.0,99.0,181.72,39.0,164.0,11.0,182.64,39.0,173.36,16.72,110.0,78.0,5.2810604995556405,188,32.0,-25.0,0.17,165.0,
2025-04-08 14:55:38,165.0,84.0,179.45,47.0,164.0,12.0,180.78,37.0,172.22,14.449999999999989,96.0,84.0,5.3843922591096645,180,12.0,-8.0,0.07,165.0,3.0
2025-04-08 14:55:39,164.97,31.0,175.58,19.0,163.56,9.0,177.13,23.0,170.27,10.610000000000014,40.0,42.0,4.4904788163349325,82,-2.0,-98.0,-0.02,165.0,
2025-04-08 14:55:40,165.0,21.0,174.11,27.0,164.0,7.0,175.36,22.0,169.56,9.110000000000014,28.0,49.0,2.6295018539538217,77,-21.0,-5.0,-0.27,165.0,
2025-04-08 14:55:41,165.0,30.0,173.0,28.0,164.0,10.0,231.9,31.0,169.0,8.0,40.0,59.0,1.8435617700372795,99,-19.0,22.0,-0.19,165.0,
2025-04-08 14:55:42,165.0,15.0,169.36,14.0,164.0,5.0,171.38,16.0,167.18,4.360000000000014,20.0,30.0,1.83852658396332,50,-10.0,-49.0,-0.2,165.0,
2025-04-08 14:55:43,165.0,21.0,167.29,21.0,164.0,7.0,169.0,35.0,166.14,2.289999999999992,28.0,56.0,1.7171196813084375,84,-28.0,34.0,-0.33,165.0,
2025-04-08 14:55:44,165.0,18.0,166.11,28.0,164.0,6.0,167.5,20.0,165.55,1.1100000000000136,24.0,48.0,1.7497942736031429,72,-24.0,-12.0,-0.33,165.0,
2025-04-08 14:55:45,164.9,10.0,166.11,28.0,163.62,8.0,210.58,19.0,165.5,1.210000000000008,18.0,47.0,1.4657011973564964,65,-29.0,-7.0,-0.45,165.0,3.0
2025-04-08 14:55:46,163.33,9.0,167.0,27.0,160.86,63.0,399.46,35.0,165.17,3.669999999999988,72.0,62.0,0.7923193800042478,134,10.0,69.0,0.07,163.25,4.0
2025-04-08 14:55:47,163.29,14.0,165.45,31.0,160.08,78.0,197.72,25.0,164.37,2.1599999999999966,92.0,56.0,0.6479428986637974,148,36.0,14.0,0.24,164.0,3.0
2025-04-08 14:55:48,162.62,13.0,165.56,43.0,160.07,123.0,190.82,44.0,164.09,2.9399999999999977,136.0,87.0,0.6681915892375326,223,49.0,75.0,0.22,164.0,1.0
2025-04-08 14:55:49,160.32,25.0,163.11,27.0,159.44,64.0,164.71,21.0,161.72,2.7900000000000205,89.0,48.0,1.4847390342837294,137,41.0,-86.0,0.3,162.0,1.0
2025-04-08 14:55:50,160.0,16.0,161.0,12.0,159.0,48.0,163.0,12.0,160.5,1.0,64.0,24.0,1.9696319452941415,88,40.0,-49.0,0.45,160.0,4.0
2025-04-08 14:55:51,159.0,72.0,160.67,18.0,158.0,16.0,220.0,24.0,159.83,1.6699999999999875,88.0,42.0,2.059749984808941,130,46.0,42.0,0.35,160.0,3.0
2025-04-08 14:55:52,159.0,111.0,160.0,24.0,158.0,16.0,340.5,32.0,159.5,1.0,127.0,56.0,1.8610131648964572,183,71.0,53.0,0.39,159.0,1.0
2025-04-08 14:55:53,159.0,80.0,160.0,15.0,158.0,15.0,523.4,20.0,159.5,1.0,95.0,35.0,0.9376566535334492,130,60.0,-53.0,0.46,159.0,
2025-04-08 14:55:54,159.0,129.0,160.0,27.0,158.0,27.0,271.78,36.0,159.5,1.0,156.0,63.0,0.434488204574524,219,93.0,89.0,0.42,159.0,3.0
2025-04-08 14:55:55,158.79,42.0,229.78,27.0,156.83,36.0,309.5,32.0,194.28,70.99000000000001,78.0,59.0,15.51785165543001,137,19.0,-82.0,0.14,159.0,5.0
2025-04-08 14:55:56,158.71,28.0,287.2,25.0,157.45,58.0,387.5,40.0,222.96,128.48999999999998,86.0,65.0,28.75152378570507,151,21.0,14.0,0.14,159.0,
2025-04-08 14:55:57,162.37,143.0,216.0,17.0,158.76,55.0,429.47,68.0,189.19,53.63,198.0,85.0,26.66973528177548,283,113.0,132.0,0.4,161.75,4.0
2025-04-08 14:55:58,164.0,94.0,266.33,9.0,159.0,45.0,604.44,36.0,215.17,102.32999999999998,139.0,45.0,24.878067650040823,184,94.0,-99.0,0.51,164.0,7.0
2025-04-08 14:55:59,164.0,65.0,221.97,33.0,159.0,45.0,541.0,12.0,192.98,57.97,110.0,45.0,15.113157512579065,155,65.0,-29.0,0.42,164.0,3.0
2025-04-08 14:56:00,164.4,42.0,409.42,19.0,161.5,50.0,577.38,37.0,286.91,245.02,92.0,56.0,39.30005814245156,148,36.0,-7.0,0.24,165.0,4.0
2025-04-08 14:56:02,165.0,8.0,339.64,11.0,164.0,40.0,528.31,29.0,252.32,174.64,48.0,40.0,61.55913197893689,88,8.0,33.0,0.09,165.0,
2025-04-08 14:56:03,165.0,8.0,460.4,20.0,164.0,40.0,476.0,20.0,312.7,295.4,48.0,40.0,59.52777561777544,88,8.0,0.0,0.09,165.0,
2025-04-08 14:56:04,165.0,7.0,239.62,13.0,164.0,35.0,285.36,22.0,202.31,74.62,42.0,35.0,56.222173294886296,77,7.0,-11.0,0.09,165.0,
2025-04-08 14:56:05,164.67,6.0,333.5,24.0,163.43,28.0,460.0,6.0,249.08,168.83,34.0,30.0,57.68676685341453,64,4.0,-13.0,0.06,164.2,5.0
2025-04-08 14:56:06,164.0,7.0,352.71,28.0,162.0,28.0,424.71,7.0,258.36,188.71,35.0,35.0,39.239756370295694,70,0.0,6.0,0.0,164.2,
2025-04-08 14:56:07,164.0,10.0,400.27,22.0,162.0,40.0,453.6,10.0,282.14,236.27,50.0,32.0,40.96745073836272,82,18.0,12.0,0.22,164.2,
2025-04-08 14:56:08,164.0,13.0,376.38,13.0,162.0,52.0,560.48,25.0,270.19,212.38,65.0,38.0,30.645156713584527,103,27.0,21.0,0.26,164.2,
2025-04-08 14:56:09,164.0,6.0,397.0,24.0,162.0,24.0,431.83,6.0,280.5,233.0,30.0,30.0,14.246641007626828,60,0.0,-43.0,0.0,164.2,
2025-04-08 14:56:10,164.0,13.0,225.55,20.0,162.0,52.0,368.35,34.0,194.78,61.55000000000001,65.0,54.0,36.16364030348946,119,11.0,59.0,0.09,164.2,
2025-04-08 14:56:11,164.0,6.0,180.38,29.0,162.0,24.0,301.6,25.0,172.19,16.379999999999995,30.0,54.0,52.37008258538575,84,-24.0,-35.0,-0.29,164.2,
2025-04-08 14:56:12,164.0,14.0,177.33,57.0,162.0,56.0,178.75,61.0,170.67,13.330000000000013,70.0,118.0,53.63613921601804,188,-48.0,104.0,-0.26,164.2,
2025-04-08 14:56:13,162.0,33.0,175.32,53.0,160.0,88.0,176.21,47.0,168.66,13.319999999999991,121.0,100.0,47.66678875275759,221,21.0,33.0,0.1,163.0,2.0
2025-04-08 14:56:14,162.0,33.0,170.78,45.0,160.0,88.0,171.88,50.0,166.39,8.780000000000001,121.0,95.0,11.523387956671412,216,26.0,-5.0,0.12,163.0,
2025-04-08 14:56:15,162.0,23.0,167.65,43.0,160.0,80.0,168.74,47.0,164.83,5.650000000000006,103.0,90.0,3.010817164814997,193,13.0,-23.0,0.07,162.0,1.0
2025-04-08 14:56:16,160.15,52.0,165.67,33.0,159.23,70.0,167.1,39.0,162.91,5.519999999999982,122.0,72.0,3.064281318668383,194,50.0,1.0,0.26,162.0,2.0
2025-04-08 14:56:17,160.71,51.0,164.12,34.0,159.51,79.0,165.74,43.0,162.41,3.4099999999999966,130.0,77.0,2.570252905831645,207,53.0,13.0,0.26,163.6,5.0
2025-04-08 14:56:18,160.0,71.0,161.27,33.0,159.0,83.0,163.47,30.0,160.64,1.2700000000000102,154.0,63.0,2.2257762690648346,217,91.0,10.0,0.42,160.0,9.0
2025-04-08 14:56:19,160.0,17.0,161.0,21.0,159.0,7.0,168.0,18.0,160.5,1.0,24.0,39.0,1.786888356873302,63,-15.0,-154.0,-0.24,160.0,6.0
2025-04-08 14:56:20,159.0,24.0,161.0,45.0,156.92,39.0,317.62,40.0,160.0,2.0,63.0,85.0,1.283499123461742,148,-22.0,85.0,-0.15,158.6,5.0
2025-04-08 14:56:21,158.0,32.0,160.38,24.0,156.0,48.0,246.5,22.0,159.19,2.3799999999999955,80.0,46.0,1.1855673746883044,126,34.0,-22.0,0.27,158.6,
2025-04-08 14:56:22,157.66,35.0,159.27,33.0,155.73,22.0,281.0,13.0,158.46,1.6100000000000136,57.0,46.0,0.9212057315950016,103,11.0,-23.0,0.11,158.0,4.0
2025-04-08 14:56:23,155.9,20.0,157.18,33.0,154.5,20.0,177.2,35.0,156.54,1.2800000000000011,40.0,68.0,1.5500064515741772,108,-28.0,5.0,-0.26,155.67,3.0
2025-04-08 14:56:24,155.0,11.0,156.09,33.0,150.0,11.0,157.09,33.0,155.55,1.0900000000000034,22.0,66.0,1.8539336557491013,88,-44.0,-20.0,-0.5,155.67,
2025-04-08 14:56:25,139.96,27.0,152.56,54.0,98.13,23.0,184.12,48.0,146.26,12.599999999999994,50.0,102.0,5.205511502236154,152,-52.0,64.0,-0.34,155.0,1.0
2025-04-08 14:56:30,120.25,8.0,152.93,27.0,91.06,16.0,193.25,32.0,136.59,32.68000000000001,24.0,59.0,5.880346078239508,83,-35.0,1.0,-0.42,152.0,2.0
2025-04-08 14:56:31,135.8,15.0,153.0,27.0,106.0,21.0,265.39,38.0,144.4,17.19999999999999,36.0,65.0,6.007759149622009,101,-29.0,18.0,-0.29,152.0,
2025-04-08 14:56:32,147.57,7.0,153.0,21.0,96.46,13.0,237.0,21.0,150.29,5.430000000000007,20.0,42.0,7.751898477139444,62,-22.0,-39.0,-0.35,152.0,
2025-04-08 14:56:33,149.62,13.0,153.0,21.0,148.5,8.0,164.11,27.0,151.31,3.3799999999999955,21.0,48.0,7.726197641782526,69,-27.0,7.0,-0.39,152.0,
2025-04-08 14:56:40,119.81,32.0,266.15,41.0,112.6,30.0,492.98,40.0,192.98,146.33999999999995,62.0,81.0,70.55343060404653,143,-19.0,23.0,-0.13,159.0,2.0
2025-04-08 14:56:41,143.78,27.0,197.93,14.0,137.89,19.0,447.54,28.0,170.85,54.150000000000006,46.0,42.0,62.13432424996692,88,4.0,-55.0,0.05,159.0,
2025-04-08 14:56:42,148.78,36.0,154.0,17.0,146.54,26.0,257.0,12.0,151.39,5.219999999999999,62.0,29.0,59.70954764524708,91,33.0,3.0,0.36,154.0,2.0
2025-04-08 14:56:43,149.0,44.0,154.0,11.0,141.0,22.0,219.62,16.0,151.5,5.0,66.0,27.0,61.64256216284323,93,39.0,2.0,0.42,154.0,
2025-04-08 14:56:44,149.88,32.0,191.17,12.0,125.0,16.0,381.78,18.0,170.52,41.28999999999999,48.0,30.0,17.212581735461328,78,18.0,-15.0,0.23,154.0,1.0
2025-04-08 14:56:45,156.59,34.0,189.17,48.0,144.0,21.0,198.6,20.0,172.88,32.579999999999984,55.0,68.0,10.97626393632772,123,-13.0,45.0,-0.11,156.0,1.0
2025-04-08 14:56:46,161.51,37.0,189.0,70.0,157.63,35.0,237.48,27.0,175.26,27.49000000000001,72.0,97.0,11.863115105229753,169,-25.0,46.0,-0.15,162.33,9.0
2025-04-08 14:56:47,160.0,21.0,187.11,19.0,156.0,28.0,243.85,27.0,173.55,27.110000000000014,49.0,46.0,9.787390867843156,95,3.0,-74.0,0.03,162.33,
2025-04-08 14:56:48,160.0,33.0,183.5,42.0,156.0,44.0,183.65,37.0,171.75,23.5,77.0,79.0,1.797295189986347,156,-2.0,61.0,-0.01,162.33,
2025-04-08 14:56:49,160.0,24.0,174.5,14.0,156.0,32.0,181.56,32.0,167.25,14.5,56.0,46.0,3.0138961494959853,102,10.0,-54.0,0.1,162.33,
2025-04-08 14:56:50,157.85,39.0,172.88,49.0,155.77,31.0,174.25,16.0,165.36,15.03,70.0,65.0,4.195679921054936,135,5.0,33.0,0.04,159.0,4.0
2025-04-08 14:56:52,142.96,23.0,165.46,39.0,75.72,106.0,166.0,53.0,154.21,22.5,129.0,92.0,15.871690836200068,221,37.0,-26.0,0.17,160.0,1.0
2025-04-08 14:56:53,139.5,56.0,160.17,46.0,136.71,28.0,162.16,38.0,149.84,20.669999999999987,84.0,84.0,14.107438817868683,168,0.0,-53.0,0.0,160.0,
2025-04-08 14:56:54,140.5,40.0,158.15,48.0,115.23,60.0,159.33,18.0,149.32,17.650000000000006,100.0,66.0,11.93827458219574,166,34.0,-2.0,0.2,160.0,
2025-04-08 14:56:55,141.33,48.0,155.73,33.0,127.0,18.0,157.16,51.0,148.53,14.399999999999975,66.0,84.0,8.456750557979923,150,-18.0,-16.0,-0.12,160.0,
2025-04-08 14:57:07,148.6,30.0,151.0,46.0,129.76,51.0,153.0,84.0,149.8,2.4000000000000057,81.0,130.0,0.8361997368437153,211,-49.0,-50.0,-0.23,151.0,1.0
2025-04-08 14:57:09,149.0,12.0,151.0,18.0,124.09,46.0,153.0,12.0,150.0,2.0,58.0,30.0,0.6818577563532989,88,28.0,-31.0,0.32,151.0,
2025-04-08 14:57:10,124.98,41.0,152.68,19.0,55.73,45.0,153.98,82.0,138.83,27.700000000000003,86.0,101.0,4.879183333294117,187,-15.0,99.0,-0.08,151.0,3.0
2025-04-08 14:57:11,136.0,62.0,153.0,28.0,133.29,82.0,154.0,140.0,144.5,17.0,144.0,168.0,4.924821824177308,312,-24.0,125.0,-0.08,151.0,
2025-04-08 14:57:12,138.56,87.0,153.9,80.0,138.18,62.0,154.86,70.0,146.23,15.340000000000003,149.0,150.0,4.590922565224944,299,-1.0,-13.0,-0.0,153.6,5.0
2025-04-08 14:57:13,143.45,56.0,151.88,24.0,142.59,51.0,153.57,60.0,147.66,8.430000000000007,107.0,84.0,4.2107517143487145,191,23.0,-108.0,0.12,153.6,
2025-04-08 14:57:14,148.44,52.0,151.0,14.0,147.37,57.0,152.0,28.0,149.72,2.5600000000000023,109.0,42.0,4.136214452840971,151,67.0,-40.0,0.44,153.6,
2025-04-08 14:57:15,151.02,47.0,152.48,23.0,143.12,41.0,152.92,24.0,151.75,1.4599999999999795,88.0,47.0,2.8511173248212747,135,41.0,-16.0,0.3,151.67,3.0
2025-04-08 14:57:16,152.5,80.0,155.0,30.0,120.67,48.0,181.04,27.0,153.75,2.5,128.0,57.0,3.0304075633320213,185,71.0,50.0,0.38,153.45,11.0
2025-04-08 14:57:17,154.45,20.0,156.0,20.0,149.54,41.0,310.47,19.0,155.22,1.5500000000000114,61.0,39.0,3.033372710351252,100,22.0,-85.0,0.22,153.45,
2025-04-08 14:57:18,153.9,60.0,171.59,27.0,94.78,74.0,362.0,24.0,162.75,17.689999999999998,134.0,51.0,4.986458663210807,185,83.0,85.0,0.45,155.14,7.0
2025-04-08 14:57:19,121.64,44.0,206.77,22.0,82.08,52.0,387.0,16.0,164.2,85.13000000000001,96.0,38.0,5.5850273052077615,134,58.0,-51.0,0.43,155.14,
2025-04-08 14:57:20,158.0,30.0,183.0,27.0,127.94,34.0,366.87,15.0,170.5,25.0,64.0,42.0,6.876047556549059,106,22.0,-28.0,0.21,155.14,
2025-04-08 14:57:21,163.0,40.0,183.0,24.0,159.0,64.0,346.67,9.0,173.0,20.0,104.0,33.0,6.991264549416826,137,71.0,31.0,0.52,155.14,
2025-04-08 14:57:22,163.83,58.0,223.1,20.0,161.61,46.0,374.8,15.0,193.46,59.26999999999998,104.0,35.0,12.319968344113086,139,69.0,2.0,0.5,155.14,
2025-04-08 14:57:23,164.0,64.0,412.0,16.0,163.0,40.0,561.05,19.0,288.0,248.0,104.0,35.0,51.58527037827758,139,69.0,0.0,0.5,155.14,
2025-04-08 14:57:24,164.73,56.0,277.3,20.0,163.0,50.0,438.0,21.0,221.02,112.57000000000002,106.0,41.0,48.48976675547147,147,65.0,8.0,0.44,164.83,6.0
2025-04-08 14:57:25,165.0,16.0,221.24,17.0,163.0,60.0,257.78,18.0,193.12,56.24000000000001,76.0,35.0,44.89920489273764,111,41.0,-36.0,0.37,165.0,1.0
2025-04-08 14:57:26,164.17,12.0,167.92,12.0,160.87,75.0,282.31,35.0,166.04,3.75,87.0,47.0,46.55461867527252,134,40.0,23.0,0.3,163.4,5.0
2025-04-08 14:57:27,163.0,8.0,166.0,8.0,159.42,31.0,380.0,24.0,164.5,3.0,39.0,32.0,51.07129800582731,71,7.0,-63.0,0.1,163.4,
2025-04-08 14:57:28,163.0,6.0,164.67,6.0,162.0,6.0,504.0,18.0,163.83,1.6699999999999875,12.0,24.0,25.18378089167645,36,-12.0,-35.0,-0.33,163.4,
2025-04-08 14:57:29,162.55,11.0,271.33,18.0,160.75,16.0,375.75,24.0,216.94,108.77999999999996,27.0,42.0,23.60812106034628,69,-15.0,33.0,-0.22,163.0,1.0
2025-04-08 14:57:30,162.0,9.0,342.82,22.0,160.0,18.0,447.69,16.0,252.41,180.82,27.0,38.0,40.28748105801591,65,-11.0,-4.0,-0.17,163.0,
2025-04-08 14:57:31,159.27,22.0,279.0,16.0,158.21,38.0,699.0,5.0,219.14,119.73,60.0,21.0,38.44492073083274,81,39.0,16.0,0.48,159.56,9.0
2025-04-08 14:57:32,159.05,19.0,275.25,28.0,158.02,101.0,313.09,22.0,217.15,116.2,120.0,50.0,31.76982263091873,170,70.0,89.0,0.41,159.56,
2025-04-08 14:57:33,160.0,12.0,279.68,34.0,159.0,24.0,437.07,14.0,219.84,119.68,36.0,48.0,15.3200303524523,84,-12.0,-86.0,-0.14,159.56,
2025-04-08 14:57:34,160.0,9.0,285.41,17.0,159.0,18.0,354.48,23.0,222.71,125.41000000000004,27.0,40.0,14.75912768425228,67,-13.0,-17.0,-0.19,159.56,
2025-04-08 14:57:35,158.15,39.0,200.0,7.0,157.0,18.0,405.0,21.0,179.08,41.85,57.0,28.0,18.27931152970567,85,29.0,18.0,0.34,158.8,5.0
2025-04-08 14:57:36,164.0,45.0,198.44,27.0,158.0,107.0,362.28,32.0,181.22,34.44,152.0,59.0,21.873654244319,211,93.0,126.0,0.44,158.8,
2025-04-08 14:57:37,164.0,45.0,179.31,32.0,158.0,103.0,194.0,40.0,171.66,15.310000000000002,148.0,72.0,24.356272703350875,220,76.0,9.0,0.35,158.8,
2025-04-08 14:57:38,160.28,71.0,165.76,17.0,157.74,93.0,169.2,20.0,163.02,5.47999999999999,164.0,37.0,23.03132475564465,201,127.0,-19.0,0.63,160.25,8.0
2025-04-08 14:57:39,158.0,30.0,163.4,10.0,156.0,20.0,164.4,10.0,160.7,5.400000000000006,50.0,20.0,9.2174877271382,70,30.0,-131.0,0.43,158.0,1.0
2025-04-08 14:57:40,156.75,51.0,159.0,18.0,154.29,21.0,160.92,13.0,157.87,2.25,72.0,31.0,9.523065682853089,103,41.0,33.0,0.4,157.2,5.0
2025-04-08 14:57:41,156.0,36.0,159.88,8.0,108.38,8.0,293.17,12.0,157.94,3.879999999999996,44.0,20.0,5.685580005586445,64,24.0,-39.0,0.38,158.67,3.0
2025-04-08 14:57:42,156.76,45.0,160.67,15.0,131.19,37.0,324.81,21.0,158.71,3.9099999999999966,82.0,36.0,2.2042844643826864,118,46.0,54.0,0.39,156.0,1.0
2025-04-08 14:57:43,156.3,40.0,159.05,19.0,107.05,21.0,220.79,28.0,157.68,2.75,61.0,47.0,1.2484990988849574,108,14.0,-10.0,0.13,159.5,4.0
2025-04-08 14:57:44,153.69,26.0,156.88,8.0,97.17,12.0,157.97,36.0,155.28,3.1899999999999977,38.0,44.0,1.2995499220554187,82,-6.0,-26.0,-0.07,156.0,4.0
2025-04-08 14:57:45,145.8,20.0,155.62,8.0,94.5,12.0,156.62,8.0,150.71,9.819999999999991,32.0,16.0,3.256229414508632,48,16.0,-34.0,0.33,156.0,
2025-04-08 14:57:46,148.0,36.0,153.58,12.0,81.33,12.0,154.75,12.0,150.79,5.5800000000000125,48.0,24.0,3.757769285082341,72,24.0,24.0,0.33,156.0,
2025-04-08 14:57:47,148.0,27.0,154.18,22.0,102.33,9.0,312.78,18.0,151.09,6.180000000000007,36.0,40.0,3.1943935261493754,76,-4.0,4.0,-0.05,152.67,3.0
2025-04-08 14:57:48,136.5,14.0,180.59,29.0,96.5,18.0,339.0,20.0,158.54,44.09,32.0,49.0,3.5095825962506377,81,-17.0,5.0,-0.21,155.0,4.0
2025-04-08 14:57:49,148.53,19.0,339.88,16.0,132.0,11.0,436.62,16.0,244.2,191.35,30.0,32.0,41.01830725419983,62,-2.0,-19.0,-0.03,155.0,
2025-04-08 14:57:50,158.0,8.0,270.5,16.0,124.5,8.0,319.67,18.0,214.25,112.5,16.0,34.0,42.93317749712884,50,-18.0,-12.0,-0.36,155.0,
2025-04-08 14:57:51,158.97,99.0,239.45,22.0,148.73,11.0,263.43,23.0,199.21,80.47999999999999,110.0,45.0,38.905197210655416,155,65.0,105.0,0.42,159.0,2.0
2025-04-08 14:57:52,160.47,78.0,236.25,16.0,159.83,18.0,335.12,16.0,198.36,75.78,96.0,32.0,30.96994139484301,128,64.0,-27.0,0.5,159.0,
2025-04-08 14:57:53,164.0,9.0,206.0,26.0,161.0,99.0,258.11,18.0,185.0,42.0,108.0,44.0,22.630113344833727,152,64.0,24.0,0.42,159.0,
2025-04-08 14:57:54,164.96,69.0,259.16,19.0,163.29,21.0,312.79,19.0,212.06,94.20000000000002,90.0,38.0,11.843235622075932,128,52.0,-24.0,0.41,159.0,
2025-04-08 14:57:55,165.0,65.0,263.0,15.0,164.0,7.0,336.86,14.0,214.0,98.0,72.0,29.0,11.777753605845566,101,43.0,-27.0,0.43,165.0,3.0
2025-04-08 14:57:56,165.0,88.0,309.82,22.0,164.0,11.0,363.55,22.0,237.41,144.82,99.0,44.0,19.557808670708084,143,55.0,42.0,0.38,165.0,
2025-04-08 14:57:57,165.0,64.0,308.74,42.0,164.0,13.0,457.36,22.0,236.87,143.74,77.0,64.0,21.614610105205244,141,13.0,-2.0,0.09,165.0,5.0
2025-04-08 14:57:58,165.0,21.0,315.82,17.0,164.0,7.0,338.73,11.0,240.41,150.82,28.0,28.0,13.88528177604127,56,0.0,-85.0,0.0,165.0,
2025-04-08 14:57:59,164.0,9.0,166.0,9.0,163.0,45.0,475.78,18.0,165.0,2.0,54.0,27.0,31.848508128325943,81,27.0,25.0,0.33,165.0,3.0
2025-04-08 14:58:00,164.0,7.0,223.67,24.0,163.0,35.0,438.43,23.0,193.83,59.66999999999999,42.0,47.0,33.815321675241165,89,-5.0,8.0,-0.06,165.0,
2025-04-08 14:58:02,164.0,4.0,292.0,4.0,163.0,20.0,580.0,20.0,228.0,128.0,24.0,24.0,71.67170397025649,48,0.0,-24.0,0.0,165.0,
2025-04-08 14:58:03,164.0,9.0,265.45,33.0,163.0,45.0,513.86,21.0,214.73,101.45,54.0,54.0,72.19577293720228,108,0.0,60.0,0.0,165.0,
2025-04-08 14:58:05,162.0,8.0,398.0,20.0,160.0,20.0,773.0,8.0,280.0,236.0,28.0,28.0,69.3186917793476,56,0.0,-99.0,0.0,165.0,
2025-04-08 14:58:06,162.0,8.0,395.82,17.0,160.0,20.0,397.25,20.0,278.91,233.82,28.0,37.0,59.24012432465147,65,-9.0,9.0,-0.14,165.0,
2025-04-08 14:58:07,160.52,27.0,394.49,39.0,159.86,29.0,396.43,42.0,277.5,233.97,56.0,81.0,53.62549141966145,137,-25.0,72.0,-0.18,162.0,2.0
2025-04-08 14:58:08,160.06,62.0,374.93,42.0,159.62,26.0,388.14,42.0,267.5,214.87,88.0,84.0,40.290233556039446,172,4.0,35.0,0.02,160.0,7.0
2025-04-08 14:58:09,160.0,18.0,363.32,25.0,159.0,6.0,375.52,21.0,261.66,203.32,24.0,46.0,8.108000986689806,70,-22.0,-102.0,-0.31,160.0,
2025-04-08 14:58:10,158.21,29.0,354.0,36.0,156.09,33.0,355.0,45.0,256.1,195.79,62.0,81.0,9.88402650745903,143,-19.0,73.0,-0.13,158.88,8.0
2025-04-08 14:58:11,163.17,29.0,354.0,36.0,160.51,47.0,355.0,45.0,258.59,190.83,76.0,81.0,8.53359830318629,157,-5.0,14.0,-0.03,158.88,
2025-04-08 14:58:12,164.0,20.0,353.38,21.0,163.0,30.0,354.42,24.0,258.69,189.38,50.0,45.0,4.3769132959353545,95,5.0,-62.0,0.05,158.88,
2025-04-08 14:58:13,164.0,20.0,351.2,20.0,163.0,30.0,353.0,25.0,257.6,187.2,50.0,45.0,2.0369020595333875,95,5.0,0.0,0.05,158.88,
2025-04-08 14:58:14,164.2,40.0,349.93,44.0,163.14,56.0,351.87,46.0,257.07,185.73,96.0,90.0,1.0838127145080243,186,6.0,91.0,0.03,165.0,4.0
2025-04-08 14:58:15,164.0,12.0,295.21,38.0,163.0,54.0,322.77,43.0,229.61,131.20999999999998,66.0,81.0,12.708997600130278,147,-15.0,-39.0,-0.1,164.0,3.0
2025-04-08 14:58:16,163.21,38.0,232.19,59.0,162.44,54.0,233.78,40.0,197.7,68.97999999999999,92.0,99.0,26.6815166360552,191,-7.0,44.0,-0.04,163.5,2.0
2025-04-08 14:58:17,163.0,50.0,230.36,33.0,158.0,10.0,232.53,30.0,196.68,67.36000000000001,60.0,63.0,30.093563597554574,123,-3.0,-68.0,-0.02,163.5,
2025-04-08 14:58:18,163.0,49.0,180.54,26.0,158.0,12.0,206.87,30.0,171.77,17.539999999999992,61.0,56.0,33.12393590743742,117,5.0,-6.0,0.04,163.0,1.0
2025-04-08 14:58:19,158.0,38.0,168.8,40.0,156.0,88.0,169.92,26.0,163.4,10.800000000000011,126.0,66.0,25.96139576371,192,60.0,75.0,0.31,163.0,4.0
2025-04-08 14:58:20,160.4,50.0,163.58,48.0,156.95,76.0,164.45,44.0,161.99,3.180000000000007,126.0,92.0,17.641223597016964,218,34.0,26.0,0.16,162.0,6.0
2025-04-08 14:58:21,158.0,60.0,161.93,28.0,156.0,120.0,258.29,34.0,159.96,3.930000000000007,180.0,62.0,15.170604800070787,242,118.0,24.0,0.49,161.67,3.0
2025-04-08 14:58:22,158.38,24.0,162.13,15.0,156.73,88.0,358.2,51.0,160.25,3.75,112.0,66.0,4.841841591782395,178,46.0,-64.0,0.26,158.5,4.0
2025-04-08 14:58:23,158.0,10.0,162.0,10.0,156.0,80.0,361.8,50.0,160.0,4.0,90.0,60.0,1.5257948747811396,150,30.0,-28.0,0.2,158.5,
2025-04-08 14:58:24,158.0,11.0,173.32,19.0,156.0,88.0,289.39,23.0,165.66,15.319999999999991,99.0,42.0,2.4343315304020203,141,57.0,-9.0,0.4,160.0,1.0
2025-04-08 14:58:25,158.0,6.0,184.0,30.0,156.0,48.0,300.67,30.0,171.0,26.0,54.0,60.0,4.903578285284499,114,-6.0,-27.0,-0.05,160.0,
2025-04-08 14:58:26,156.03,79.0,368.86,66.0,155.09,86.0,558.56,62.0,262.44,212.83,165.0,128.0,44.15361593346531,293,37.0,168.0,0.13,156.67,3.0
2025-04-08 14:58:27,160.45,11.0,450.64,55.0,157.52,21.0,499.35,23.0,305.55,290.19,32.0,78.0,66.75302839572171,110,-46.0,-168.0,-0.42,156.67,
2025-04-08 14:58:28,160.62,13.0,257.39,33.0,159.62,13.0,388.82,61.0,209.0,96.76999999999998,26.0,94.0,60.32728901583472,120,-68.0,10.0,-0.57,156.67,
2025-04-08 14:58:29,160.0,9.0,259.85,13.0,159.0,9.0,288.1,41.0,209.92,99.85000000000002,18.0,54.0,52.61380256168598,72,-36.0,-48.0,-0.5,156.67,
2025-04-08 14:58:30,161.4,15.0,254.91,55.0,156.82,45.0,333.3,47.0,208.15,93.51,60.0,102.0,43.80554839287018,162,-42.0,90.0,-0.26,156.67,
2025-04-08 14:58:31,160.67,9.0,283.34,41.0,157.89,55.0,373.11,45.0,222.0,122.67,64.0,86.0,42.09858228016797,150,-22.0,-12.0,-0.15,163.0,1.0
2025-04-08 14:58:32,159.0,80.0,216.0,52.0,156.03,79.0,261.13,60.0,187.5,57.0,159.0,112.0,12.435894821041924,271,47.0,121.0,0.17,159.25,4.0
2025-04-08 14:58:33,159.0,50.0,173.1,50.0,158.0,10.0,175.45,42.0,166.05,14.099999999999994,60.0,92.0,22.076800719307077,152,-32.0,-119.0,-0.21,159.25,
2025-04-08 14:58:34,159.0,35.0,169.86,35.0,158.0,7.0,170.86,35.0,164.43,10.860000000000014,42.0,70.0,25.428333213169445,112,-28.0,-40.0,-0.25,159.25,
2025-04-08 14:58:35,159.0,50.0,167.78,45.0,158.0,10.0,168.83,48.0,163.39,8.780000000000001,60.0,93.0,25.154016180323083,153,-33.0,41.0,-0.22,159.25,
2025-04-08 14:58:36,159.0,40.0,164.34,35.0,158.0,8.0,165.75,40.0,161.67,5.340000000000003,48.0,75.0,10.680239697681298,123,-27.0,-30.0,-0.22,159.25,
2025-04-08 14:58:37,159.14,63.0,162.46,52.0,158.64,28.0,166.08,65.0,160.8,3.3200000000000216,91.0,117.0,2.106494718700948,208,-26.0,85.0,-0.12,159.5,6.0
2025-04-08 14:58:38,159.4,35.0,165.84,62.0,156.78,37.0,275.12,41.0,162.62,6.439999999999998,72.0,103.0,1.4209750173431477,175,-31.0,-33.0,-0.18,160.09,11.0
2025-04-08 14:58:39,160.14,14.0,164.58,64.0,155.28,74.0,261.94,34.0,162.36,4.440000000000026,88.0,98.0,0.9815650767587308,186,-10.0,11.0,-0.05,164.0,1.0
2025-04-08 14:58:40,159.09,11.0,161.91,22.0,156.93,15.0,206.64,55.0,160.5,2.819999999999993,26.0,77.0,0.931718841663629,103,-51.0,-83.0,-0.5,161.0,1.0
2025-04-08 14:58:41,158.92,13.0,290.87,31.0,156.25,16.0,337.0,42.0,224.9,131.95000000000002,29.0,73.0,28.33732309163907,102,-44.0,-1.0,-0.43,160.0,2.0
2025-04-08 14:58:42,161.23,39.0,292.5,42.0,159.57,23.0,302.38,42.0,226.87,131.27,62.0,84.0,35.102629531133026,146,-22.0,44.0,-0.15,160.0,
2025-04-08 14:58:43,162.0,32.0,187.31,26.0,160.0,64.0,201.0,20.0,174.65,25.31,96.0,46.0,33.343460078401854,142,50.0,-4.0,0.35,160.0,
2025-04-08 14:58:44,162.0,33.0,184.87,60.0,160.0,195.0,189.79,39.0,173.43,22.870000000000005,228.0,99.0,31.370447080014397,327,129.0,168.0,0.39,162.0,3.0
2025-04-08 14:58:45,162.0,9.0,183.0,36.0,160.0,117.0,218.76,21.0,172.5,21.0,126.0,57.0,28.69642747799784,183,69.0,-144.0,0.38,162.0,
2025-04-08 14:58:46,160.13,47.0,182.29,28.0,159.66,59.0,409.08,25.0,171.21,22.16,106.0,53.0,24.147770497500677,159,53.0,-24.0,0.33,160.67,3.0
2025-04-08 14:58:47,160.0,65.0,182.0,32.0,159.0,40.0,446.0,32.0,171.0,22.0,105.0,64.0,1.531721253994183,169,41.0,10.0,0.24,160.0,8.0
2025-04-08 14:58:48,159.86,28.0,181.0,36.0,158.8,50.0,441.73,30.0,170.43,21.139999999999983,78.0,66.0,1.2221824740747669,144,12.0,-25.0,0.08,159.75,4.0
2025-04-08 14:58:49,159.23,26.0,179.5,24.0,158.07,54.0,228.67,12.0,169.37,20.27000000000001,80.0,36.0,1.1432278862648573,116,44.0,-28.0,0.38,159.75,
2025-04-08 14:58:50,159.38,32.0,177.86,28.0,158.14,58.0,246.8,10.0,168.62,18.480000000000015,90.0,38.0,1.1035080425315618,128,52.0,12.0,0.41,159.75,
2025-04-08 14:58:51,159.0,31.0,224.83,24.0,158.0,100.0,369.71,17.0,191.92,65.83000000000001,131.0,41.0,9.91077040395655,172,90.0,44.0,0.52,159.0,1.0
2025-04-08 14:58:52,159.0,15.0,272.0,10.0,158.0,50.0,546.6,5.0,215.5,113.0,65.0,15.0,20.531935369077143,80,50.0,-92.0,0.62,159.0,
2025-04-08 14:58:53,159.0,24.0,271.62,16.0,158.0,80.0,430.5,8.0,215.31,112.62,104.0,24.0,23.206950036572696,128,80.0,48.0,0.62,159.0,
2025-04-08 14:58:54,158.12,51.0,244.75,16.0,157.33,30.0,480.7,20.0,201.43,86.63,81.0,36.0,19.469566764568643,117,45.0,-11.0,0.38,158.75,4.0
2025-04-08 14:58:55,158.0,72.0,268.75,16.0,156.0,16.0,602.0,20.0,213.38,110.75,88.0,36.0,10.477970700475163,124,52.0,7.0,0.42,158.75,
2025-04-08 14:58:56,158.78,64.0,256.82,17.0,157.58,57.0,543.5,32.0,207.8,98.04,121.0,49.0,6.037717283876661,170,72.0,46.0,0.42,158.75,
2025-04-08 14:58:57,158.97,39.0,266.1,20.0,158.29,34.0,478.93,29.0,212.54,107.13000000000002,73.0,49.0,5.57482466092178,122,24.0,-48.0,0.2,160.67,6.0
2025-04-08 14:58:58,158.6,20.0,210.83,24.0,157.68,25.0,247.0,15.0,184.72,52.23000000000002,45.0,39.0,11.765159582428453,84,6.0,-38.0,0.07,159.5,4.0
2025-04-08 14:58:59,159.0,20.0,209.5,20.0,158.0,50.0,229.69,29.0,184.25,50.5,70.0,49.0,14.808862886798575,119,21.0,35.0,0.18,159.5,
2025-04-08 14:59:00,158.0,40.0,189.36,22.0,156.0,16.0,191.94,31.0,173.68,31.360000000000014,56.0,53.0,16.721444913642554,109,3.0,-10.0,0.03,158.33,6.0
2025-04-08 14:59:01,158.0,9.0,186.0,18.0,156.0,18.0,187.25,24.0,172.0,28.0,27.0,42.0,16.242503501614713,69,-15.0,-40.0,-0.22,158.33,
2025-04-08 14:59:02,157.38,13.0,183.85,26.0,155.39,46.0,184.85,26.0,170.62,26.47,59.0,52.0,6.8715558645730095,111,7.0,42.0,0.06,157.0,2.0
2025-04-08 14:59:03,155.0,49.0,182.43,14.0,154.0,82.0,183.43,14.0,168.71,27.430000000000007,131.0,28.0,6.092287747631484,159,103.0,48.0,0.65,157.0,
2025-04-08 14:59:04,155.42,72.0,179.48,25.0,154.24,174.0,181.06,35.0,167.45,24.06,246.0,60.0,2.4941471488132785,306,186.0,147.0,0.61,157.0,
2025-04-08 14:59:05,156.0,55.0,175.0,22.0,155.0,113.0,177.61,23.0,165.5,19.0,168.0,45.0,2.562094846005873,213,123.0,-93.0,0.58,157.0,
2025-04-08 14:59:06,157.87,77.0,172.0,16.0,155.81,37.0,174.43,14.0,164.94,14.129999999999995,114.0,30.0,2.3312507372496007,144,84.0,-69.0,0.58,157.0,
2025-04-08 14:59:07,157.14,35.0,170.0,10.0,155.16,61.0,171.0,15.0,163.57,12.860000000000014,96.0,25.0,2.0444632547257413,121,71.0,-23.0,0.59,158.0,4.0
2025-04-08 14:59:08,157.1,20.0,166.95,43.0,155.82,95.0,168.24,37.0,162.03,9.849999999999994,115.0,80.0,2.041193278433207,195,35.0,74.0,0.18,158.0,
2025-04-08 14:59:09,158.0,5.0,164.0,10.0,156.0,27.0,165.0,10.0,161.0,6.0,32.0,20.0,1.900465732371461,52,12.0,-143.0,0.23,158.0,
2025-04-08 14:59:10,158.18,33.0,162.0,28.0,155.04,75.0,162.87,31.0,160.09,3.819999999999993,108.0,59.0,1.9510330596676075,167,49.0,115.0,0.29,156.4,5.0
2025-04-08 14:59:11,156.0,100.0,157.36,22.0,155.0,68.0,255.74,23.0,156.68,1.3600000000000136,168.0,45.0,2.5799670540362563,213,123.0,46.0,0.58,156.12,8.0
2025-04-08 14:59:14,156.0,66.0,423.48,31.0,155.0,22.0,558.8,30.0,289.74,267.48,88.0,61.0,94.56373538518936,149,27.0,1.0,0.18,160.0,2.0
2025-04-08 14:59:15,156.0,26.0,303.92,26.0,155.0,22.0,305.5,40.0,229.96,147.92000000000002,48.0,66.0,80.45510785525144,114,-18.0,-35.0,-0.16,156.0,4.0
2025-04-08 14:59:16,157.61,23.0,301.18,44.0,155.85,27.0,303.39,46.0,229.4,143.57,50.0,90.0,57.55341015092132,140,-40.0,26.0,-0.29,156.0,
2025-04-08 14:59:17,163.0,11.0,198.27,33.0,160.0,11.0,223.76,34.0,180.64,35.27000000000001,22.0,67.0,67.19108661124709,89,-45.0,-51.0,-0.51,156.0,
2025-04-08 14:59:18,163.0,10.0,187.82,22.0,160.0,10.0,188.93,29.0,175.41,24.819999999999997,20.0,51.0,46.32332673718533,71,-31.0,-18.0,-0.44,156.0,
2025-04-08 14:59:19,163.0,12.0,182.54,24.0,160.0,12.0,184.5,18.0,172.77,19.539999999999992,24.0,42.0,29.389495232139996,66,-18.0,-5.0,-0.27,156.0,
2025-04-08 14:59:20,163.0,12.0,179.68,31.0,160.0,12.0,180.85,27.0,171.34,16.680000000000007,24.0,58.0,24.568005006511093,82,-34.0,16.0,-0.41,156.0,
2025-04-08 14:59:21,161.77,13.0,176.0,27.0,157.71,21.0,176.88,32.0,168.88,14.22999999999999,34.0,59.0,4.491555409869551,93,-25.0,11.0,-0.27,161.5,2.0
2025-04-08 14:59:22,155.72,39.0,172.47,19.0,154.21,14.0,173.13,15.0,164.1,16.75,53.0,34.0,4.288093982169871,87,19.0,-6.0,0.22,156.75,4.0
2025-04-08 14:59:23,157.43,201.0,168.94,31.0,156.45,154.0,170.62,32.0,163.18,11.509999999999993,355.0,63.0,4.27524034411122,418,292.0,168.0,0.7,157.6,5.0
2025-04-08 14:59:24,158.57,134.0,164.26,38.0,157.85,164.0,166.17,24.0,161.42,5.689999999999998,298.0,62.0,4.156787220908877,360,236.0,-58.0,0.66,157.6,
2025-04-08 14:59:25,159.37,38.0,161.24,37.0,158.5,96.0,162.25,24.0,160.31,1.8700000000000043,134.0,61.0,3.3120567627845103,195,73.0,-165.0,0.37,160.67,3.0
2025-04-08 14:59:26,157.1,109.0,163.5,24.0,155.95,160.0,200.73,30.0,160.3,6.400000000000006,269.0,54.0,1.7168051723777489,323,215.0,128.0,0.67,160.33,6.0
2025-04-08 14:59:27,155.71,132.0,166.0,24.0,154.76,66.0,226.15,40.0,160.86,10.289999999999992,198.0,64.0,1.192216423264522,262,134.0,-61.0,0.51,157.0,2.0
2025-04-08 14:59:28,158.39,76.0,171.97,31.0,154.81,147.0,200.4,43.0,165.18,13.580000000000013,223.0,74.0,2.046308872067576,297,149.0,35.0,0.5,164.0,2.0
2025-04-08 14:59:29,162.0,48.0,175.0,24.0,157.2,30.0,214.0,32.0,168.5,13.0,78.0,56.0,3.677757468880376,134,22.0,-163.0,0.16,164.0,
2025-04-08 14:59:30,162.0,30.0,201.0,18.0,158.0,5.0,374.41,17.0,181.5,39.0,35.0,35.0,8.631959221400097,70,0.0,-64.0,0.0,164.0,
2025-04-08 14:59:31,162.0,72.0,283.75,48.0,158.0,15.0,386.77,43.0,222.88,121.75,87.0,91.0,25.29294921514571,178,-4.0,108.0,-0.02,162.0,2.0
2025-04-08 14:59:32,162.0,36.0,243.0,28.0,158.0,9.0,301.94,32.0,202.5,81.0,45.0,60.0,24.341600604725183,105,-15.0,-73.0,-0.14,162.0,
2025-04-08 14:59:33,159.62,42.0,248.0,32.0,156.8,10.0,390.4,20.0,203.81,88.38,52.0,52.0,21.16689207229001,104,0.0,-1.0,0.0,160.0,7.0
2025-04-08 14:59:34,157.0,80.0,227.56,27.0,155.0,16.0,346.62,26.0,192.28,70.56,96.0,53.0,15.365096159802697,149,43.0,45.0,0.29,160.0,
2025-04-08 14:59:35,157.0,100.0,159.71,34.0,155.0,20.0,340.2,30.0,158.35,2.710000000000008,120.0,64.0,23.75465701709823,184,56.0,35.0,0.3,160.0,
2025-04-08 14:59:36,157.0,71.0,159.0,40.0,155.0,16.0,271.58,19.0,158.0,2.0,87.0,59.0,23.087043336034764,146,28.0,-38.0,0.19,157.0,3.0
2025-04-08 14:59:37,157.0,43.0,171.94,33.0,155.0,18.0,375.18,22.0,164.47,14.939999999999998,61.0,55.0,21.242576821090505,116,6.0,-30.0,0.05,157.0,5.0
2025-04-08 14:59:38,163.88,17.0,213.0,18.0,158.71,14.0,329.22,45.0,188.44,49.120000000000005,31.0,63.0,16.73395559931737,94,-32.0,-22.0,-0.34,157.0,
2025-04-08 14:59:39,165.0,30.0,213.6,20.0,163.0,10.0,281.78,45.0,189.3,48.6,40.0,65.0,15.875864385913736,105,-25.0,11.0,-0.24,157.0,
2025-04-08 14:59:40,163.67,54.0,206.42,52.0,160.33,18.0,210.08,38.0,185.04,42.75,72.0,90.0,14.703686612544994,162,-18.0,57.0,-0.11,164.0,5.0
2025-04-08 14:59:41,162.0,44.0,204.0,36.0,157.0,18.0,207.0,27.0,183.0,42.0,62.0,63.0,10.152507079531883,125,-1.0,-37.0,-0.01,162.0,5.0
2025-04-08 14:59:42,154.34,82.0,197.62,64.0,143.91,85.0,206.67,49.0,175.98,43.28,167.0,113.0,5.328838522600378,280,54.0,155.0,0.19,157.5,6.0
2025-04-08 14:59:43,154.0,63.0,158.46,41.0,126.92,52.0,180.92,24.0,156.23,4.460000000000008,115.0,65.0,13.040555969740575,180,50.0,-100.0,0.28,157.5,
2025-04-08 14:59:44,154.0,82.0,156.49,45.0,83.8,59.0,176.39,62.0,155.24,2.490000000000009,141.0,107.0,14.42571038111893,248,34.0,68.0,0.14,154.0,3.0
2025-04-08 14:59:45,152.58,19.0,386.18,34.0,76.71,49.0,459.25,24.0,269.38,233.6,68.0,58.0,47.10289141867999,126,10.0,-122.0,0.08,153.73,11.0
2025-04-08 14:59:46,163.0,12.0,364.0,18.0,80.0,42.0,556.73,15.0,263.5,201.0,54.0,33.0,57.57474168417944,87,21.0,-39.0,0.24,153.73,
2025-04-08 14:59:48,131.0,5.0,152.0,11.0,57.0,35.0,266.4,5.0,141.5,21.0,40.0,16.0,65.85001351556406,56,24.0,-76.0,0.43,152.0,1.0
2025-04-08 14:59:49,131.9,10.0,207.93,15.0,74.91,22.0,551.32,25.0,169.92,76.03,32.0,40.0,63.95790177921705,72,-8.0,16.0,-0.11,152.0,2.0
2025-04-08 14:59:50,139.92,24.0,164.5,24.0,130.33,49.0,202.22,36.0,152.21,24.580000000000013,73.0,60.0,51.2432535071684,133,13.0,61.0,0.1,152.0,
2025-04-08 14:59:51,158.55,22.0,163.89,18.0,149.31,26.0,279.6,15.0,161.22,5.339999999999975,48.0,33.0,12.040238785002735,81,15.0,-52.0,0.19,160.0,3.0
2025-04-08 14:59:52,156.0,28.0,163.0,28.0,147.12,56.0,341.83,18.0,159.5,7.0,84.0,46.0,10.65474542163683,130,38.0,49.0,0.29,160.0,
2025-04-08 14:59:53,158.67,18.0,162.33,30.0,155.63,27.0,277.89,19.0,160.5,3.660000000000025,45.0,49.0,6.301476017561203,94,-4.0,-36.0,-0.04,160.0,
2025-04-08 14:59:54,160.0,3.0,348.0,3.0,156.0,6.0,715.0,12.0,254.0,188.0,9.0,15.0,42.923977914447,24,-6.0,-70.0,-0.25,161.0,2.0
2025-04-08 14:59:55,163.85,27.0,294.4,10.0,159.11,9.0,590.31,26.0,229.13,130.54999999999998,36.0,36.0,45.3176588097837,72,0.0,48.0,0.0,164.0,2.0
2025-04-08 14:59:56,164.0,18.0,321.09,33.0,160.73,11.0,554.0,12.0,242.55,157.08999999999995,29.0,45.0,45.71166951665626,74,-16.0,2.0,-0.22,164.0,
2025-04-08 14:59:57,164.0,20.0,287.8,50.0,162.0,28.0,376.4,50.0,225.9,123.8,48.0,100.0,36.37902596277185,148,-52.0,74.0,-0.35,164.0,1.0
2025-04-08 14:59:58,164.0,7.0,221.0,7.0,162.0,14.0,289.03,31.0,192.5,57.0,21.0,38.0,23.18571823343072,59,-17.0,-89.0,-0.29,164.0,
2025-04-08 14:59:59,158.86,37.0,218.11,45.0,158.73,44.0,242.92,13.0,188.49,59.25,81.0,58.0,23.895347455101263,139,23.0,80.0,0.17,162.0,4.0
2025-04-08 15:00:00,159.0,8.0,216.5,40.0,158.0,120.0,281.0,35.0,187.75,57.5,128.0,75.0,25.216492024070224,203,53.0,64.0,0.26,162.0,
2025-04-08 15:00:01,158.02,147.0,215.15,65.0,157.34,67.0,243.36,64.0,186.59,57.13,214.0,129.0,16.725490426291643,343,85.0,140.0,0.25,158.14,7.0
2025-04-08 15:00:02,158.0,84.0,213.17,46.0,156.0,20.0,214.23,44.0,185.59,55.16999999999999,104.0,90.0,2.6542192825681217,194,14.0,-149.0,0.07,158.14,
2025-04-08 15:00:03,158.15,107.0,210.19,58.0,156.58,31.0,212.2,50.0,184.17,52.03999999999999,138.0,108.0,1.7165430376058186,246,30.0,52.0,0.12,158.14,
2025-04-08 15:00:04,160.0,96.0,206.65,52.0,158.0,108.0,208.27,59.0,183.33,46.650000000000006,204.0,111.0,1.7843430163370595,315,93.0,69.0,0.3,158.14,
2025-04-08 15:00:05,160.0,87.0,181.69,51.0,158.0,117.0,184.2,61.0,170.84,21.69,204.0,112.0,6.421166560676009,316,92.0,1.0,0.29,160.0,7.0
2025-04-08 15:00:06,158.04,49.0,177.78,37.0,156.72,25.0,178.77,44.0,167.91,19.74000000000001,74.0,81.0,8.313881163448022,155,-7.0,-161.0,-0.05,158.5,4.0
2025-04-08 15:00:07,161.12,43.0,174.5,72.0,158.08,52.0,175.83,64.0,167.81,13.379999999999995,95.0,136.0,8.254860386458883,231,-41.0,76.0,-0.18,158.5,
2025-04-08 15:00:08,163.0,52.0,170.34,59.0,160.0,13.0,172.3,56.0,166.67,7.340000000000003,65.0,115.0,6.892765772889764,180,-50.0,-51.0,-0.28,158.5,
2025-04-08 15:00:09,163.0,32.0,167.75,40.0,160.0,8.0,169.0,8.0,165.38,4.75,40.0,48.0,2.022169626889095,88,-8.0,-92.0,-0.09,158.5,
2025-04-08 15:00:10,163.0,36.0,164.7,46.0,160.0,10.0,166.57,14.0,163.85,1.6999999999999886,46.0,60.0,1.7215632430758232,106,-14.0,18.0,-0.13,163.0,1.0
2025-04-08 15:00:11,160.0,8.0,163.07,28.0,158.0,48.0,163.75,20.0,161.54,3.069999999999993,56.0,48.0,2.4551476533819745,104,8.0,-2.0,0.08,163.0,3.0
2025-04-08 15:00:12,156.08,52.0,159.51,51.0,150.25,32.0,160.15,26.0,157.79,3.4299999999999784,84.0,77.0,3.5043159104028607,161,7.0,57.0,0.04,157.8,5.0
2025-04-08 15:00:13,156.06,32.0,158.73,22.0,152.21,38.0,176.14,28.0,157.39,2.6699999999999875,70.0,50.0,3.562099100235506,120,20.0,-41.0,0.17,158.0,1.0
2025-04-08 15:00:14,156.0,20.0,157.92,13.0,155.0,10.0,162.24,37.0,156.96,1.9199999999999875,30.0,50.0,3.0377508126729054,80,-20.0,-40.0,-0.25,158.0,
2025-04-08 15:00:15,154.25,24.0,158.4,40.0,138.95,58.0,187.89,19.0,156.32,4.150000000000006,82.0,59.0,2.052547197969297,141,23.0,61.0,0.16,155.25,4.0
2025-04-08 15:00:16,148.38,37.0,156.89,36.0,137.55,105.0,161.83,24.0,152.63,8.509999999999991,142.0,60.0,2.0784296956807813,202,82.0,61.0,0.41,154.57,7.0
2025-04-08 15:00:17,138.1,105.0,156.38,32.0,124.12,26.0,181.58,26.0,147.24,18.28,131.0,58.0,4.276455307831818,189,73.0,-13.0,0.39,154.57,
2025-04-08 15:00:19,145.0,41.0,164.47,34.0,143.92,39.0,199.83,23.0,154.74,19.47,80.0,57.0,4.817452646355388,137,23.0,-96.0,0.17,149.14,7.0
2025-04-08 15:00:20,148.78,27.0,204.38,42.0,147.04,57.0,229.71,21.0,176.58,55.6,84.0,63.0,12.528542213676952,147,21.0,10.0,0.14,149.14,
2025-04-08 15:00:21,152.35,40.0,203.03,37.0,150.2,30.0,205.64,22.0,177.69,50.68000000000001,70.0,59.0,15.794329045575068,129,11.0,-18.0,0.09,149.14,
2025-04-08 15:00:22,154.11,54.0,192.0,18.0,151.0,9.0,205.87,30.0,173.06,37.88999999999999,63.0,48.0,14.6423109514826,111,15.0,-18.0,0.14,149.14,
2025-04-08 15:00:23,155.89,56.0,203.73,33.0,138.02,49.0,219.76,25.0,179.81,47.84,105.0,58.0,10.157176280833252,163,47.0,52.0,0.29,149.14,
2025-04-08 15:00:24,156.0,57.0,157.15,41.0,137.0,84.0,223.92,38.0,156.57,1.1500000000000057,141.0,79.0,9.364884943229278,220,62.0,57.0,0.28,156.25,4.0
2025-04-08 15:00:25,141.4,30.0,243.77,44.0,124.09,43.0,421.19,48.0,192.59,102.37,73.0,92.0,13.02644540924074,165,-19.0,-55.0,-0.12,156.0,3.0
2025-04-08 15:00:26,154.82,17.0,252.62,63.0,151.68,62.0,253.86,57.0,203.72,97.8,79.0,120.0,18.108689902915117,199,-41.0,34.0,-0.21,156.0,
2025-04-08 15:00:27,163.79,19.0,249.2,44.0,159.6,15.0,250.42,36.0,206.5,85.41,34.0,80.0,20.40359208570768,114,-46.0,-85.0,-0.4,156.0,
2025-04-08 15:00:28,164.0,28.0,242.32,40.0,160.0,14.0,248.85,60.0,203.16,78.32,42.0,100.0,20.77556665893767,142,-58.0,28.0,-0.41,156.0,
2025-04-08 15:00:29,164.0,16.0,241.43,21.0,160.0,8.0,248.74,34.0,202.71,77.43,24.0,55.0,5.321130518976259,79,-31.0,-63.0,-0.39,156.0,
2025-04-08 15:00:30,160.05,38.0,223.45,38.0,158.8,10.0,229.56,27.0,191.75,63.39999999999998,48.0,65.0,5.683033520927025,113,-17.0,34.0,-0.15,161.75,4.0
2025-04-08 15:00:31,159.0,60.0,221.92,61.0,158.0,13.0,222.93,43.0,190.46,62.91999999999999,73.0,104.0,7.293464883028841,177,-31.0,64.0,-0.18,159.0,2.0
2025-04-08 15:00:32,161.45,33.0,219.77,47.0,158.93,29.0,220.68,41.0,190.61,58.32000000000002,62.0,88.0,6.590763992130849,150,-26.0,-27.0,-0.17,159.0,
2025-04-08 15:00:33,158.45,22.0,216.44,48.0,157.0,14.0,218.16,32.0,187.45,57.99000000000001,36.0,80.0,5.873600258781861,116,-44.0,-34.0,-0.38,160.14,7.0
2025-04-08 15:00:34,131.15,39.0,214.85,65.0,125.0,19.0,218.0,39.0,173.0,83.69999999999999,58.0,104.0,7.796956457487143,162,-46.0,46.0,-0.28,155.33,3.0
2025-04-08 15:00:35,115.17,24.0,211.6,50.0,111.06,33.0,218.0,30.0,163.38,96.43,57.0,80.0,12.22608481894098,137,-23.0,-25.0,-0.17,155.33,
2025-04-08 15:00:36,153.52,23.0,209.07,41.0,133.75,28.0,210.11,47.0,181.3,55.54999999999998,51.0,88.0,11.083314937325175,139,-37.0,2.0,-0.27,156.6,5.0
2025-04-08 15:00:37,156.59,41.0,207.5,36.0,123.21,24.0,209.0,60.0,182.04,50.91,65.0,96.0,9.40288147324701,161,-31.0,22.0,-0.19,156.6,
2025-04-08 15:00:38,160.27,45.0,206.41,51.0,158.43,28.0,208.32,53.0,183.34,46.13999999999999,73.0,104.0,8.438585189469281,177,-31.0,16.0,-0.18,156.6,
2025-04-08 15:00:39,160.09,32.0,202.97,40.0,158.24,25.0,203.97,38.0,181.53,42.88,57.0,78.0,8.387891272538871,135,-21.0,-42.0,-0.16,160.75,4.0
2025-04-08 15:00:40,160.0,32.0,198.87,60.0,158.0,32.0,200.21,52.0,179.43,38.870000000000005,64.0,112.0,1.414132242734118,176,-48.0,41.0,-0.27,160.75,
2025-04-08 15:00:41,160.0,24.0,195.2,56.0,158.0,24.0,197.25,40.0,177.6,35.19999999999999,48.0,96.0,2.271468687862268,144,-48.0,-32.0,-0.33,160.75,
2025-04-08 15:00:42,162.0,32.0,191.62,24.0,160.0,16.0,194.21,34.0,176.81,29.620000000000005,48.0,58.0,2.71222602301811,106,-10.0,-38.0,-0.09,160.75,
2025-04-08 15:00:43,162.0,40.0,188.55,40.0,159.6,20.0,189.32,38.0,175.28,26.55000000000001,60.0,78.0,2.418460253949484,138,-18.0,32.0,-0.13,160.75,
2025-04-08 15:00:44,162.0,53.0,184.64,42.0,159.85,52.0,185.71,42.0,173.32,22.639999999999983,105.0,84.0,2.31792363979708,189,21.0,51.0,0.11,162.0,3.0
2025-04-08 15:00:45,160.07,29.0,177.67,43.0,158.29,28.0,178.63,41.0,168.87,17.599999999999994,57.0,84.0,3.4844985291898056,141,-27.0,-48.0,-0.19,160.5,4.0
2025-04-08 15:00:46,159.05,21.0,174.0,36.0,157.33,15.0,174.92,36.0,166.52,14.949999999999989,36.0,72.0,4.339821424888538,108,-36.0,-33.0,-0.33,160.0,2.0
2025-04-08 15:00:47,154.57,21.0,170.0,27.0,144.83,12.0,172.03,29.0,162.29,15.430000000000009,33.0,56.0,5.219303593384468,89,-23.0,-19.0,-0.26,156.0,5.0
2025-04-08 15:00:48,134.57,23.0,165.1,39.0,63.11,19.0,165.91,35.0,149.83,30.53,42.0,74.0,8.951325600150298,116,-32.0,27.0,-0.28,156.0,
2025-04-08 15:00:49,117.05,22.0,152.67,43.0,97.95,82.0,154.59,51.0,134.86,35.61999999999999,104.0,94.0,14.139629768840871,198,10.0,82.0,0.05,156.0,
2025-04-08 15:00:55,125.84,19.0,264.91,32.0,115.72,29.0,431.31,32.0,195.37,139.07000000000002,48.0,64.0,44.203412537946456,112,-16.0,-106.0,-0.14,156.0,
2025-04-08 15:00:56,127.85,54.0,181.86,29.0,127.14,42.0,232.71,38.0,154.86,54.01000000000002,96.0,67.0,43.31993109412674,163,29.0,51.0,0.18,156.0,
2025-04-08 15:00:57,132.07,100.0,180.65,31.0,129.15,33.0,364.06,47.0,156.36,48.58000000000001,133.0,78.0,41.99286284596344,211,55.0,48.0,0.26,154.0,3.0
2025-04-08 15:00:58,135.13,46.0,192.59,41.0,133.44,71.0,295.38,21.0,163.86,57.46000000000001,117.0,62.0,21.46784409296664,179,55.0,-32.0,0.31,151.57,7.0
2025-04-08 15:00:59,147.22,45.0,396.22,45.0,135.43,56.0,675.22,45.0,271.72,249.00000000000003,101.0,90.0,49.35712289021667,191,11.0,12.0,0.06,153.0,2.0
2025-04-08 15:01:00,154.86,28.0,364.83,60.0,149.84,57.0,472.61,59.0,259.85,209.97,85.0,119.0,59.08702310998562,204,-34.0,13.0,-0.17,153.0,
2025-04-08 15:01:01,147.69,32.0,361.56,36.0,134.0,28.0,594.0,45.0,254.62,213.87,60.0,81.0,56.24734855973223,141,-21.0,-63.0,-0.15,154.5,8.0
2025-04-08 15:01:02,139.09,44.0,157.47,34.0,85.0,11.0,315.9,51.0,148.28,18.379999999999995,55.0,85.0,58.643894652384816,140,-30.0,-1.0,-0.21,154.5,
2025-04-08 15:01:03,140.54,35.0,165.29,35.0,123.6,20.0,240.41,29.0,152.91,24.75,55.0,64.0,61.38912550281202,119,-9.0,-21.0,-0.08,152.2,5.0
2025-04-08 15:01:04,150.15,27.0,217.68,73.0,143.79,48.0,267.33,75.0,183.92,67.53,75.0,148.0,54.120986040536735,223,-73.0,104.0,-0.33,152.2,
2025-04-08 15:01:05,162.0,10.0,194.4,50.0,154.0,40.0,295.21,48.0,178.2,32.400000000000006,50.0,98.0,42.61009363988701,148,-48.0,-75.0,-0.32,152.2,
2025-04-08 15:01:06,162.0,7.0,284.39,33.0,157.5,24.0,341.33,30.0,223.2,122.39,31.0,63.0,29.95194851758274,94,-32.0,-54.0,-0.34,152.2,
2025-04-08 15:01:07,159.88,34.0,272.42,55.0,159.54,39.0,455.25,56.0,216.15,112.54000000000002,73.0,111.0,28.87083355221932,184,-38.0,90.0,-0.21,160.8,5.0
2025-04-08 15:01:08,162.36,70.0,317.0,45.0,160.0,54.0,318.0,60.0,239.68,154.64,124.0,105.0,26.309251224616528,229,19.0,45.0,0.08,163.0,1.0
2025-04-08 15:01:09,163.82,40.0,301.28,43.0,162.96,80.0,311.76,41.0,232.55,137.45999999999998,120.0,84.0,23.959433006646982,204,36.0,-25.0,0.18,163.0,
2025-04-08 15:01:10,164.0,27.0,291.9,29.0,163.0,63.0,293.12,34.0,227.95,127.89999999999998,90.0,63.0,8.951895330041804,153,27.0,-51.0,0.18,163.0,
2025-04-08 15:01:11,164.0,36.0,288.94,47.0,163.0,84.0,289.89,37.0,226.47,124.94,120.0,84.0,8.636011811017022,204,36.0,51.0,0.18,163.0,
2025-04-08 15:01:12,164.0,30.0,274.43,37.0,163.0,70.0,286.89,38.0,219.22,110.43,100.0,75.0,7.57735639916896,175,25.0,-29.0,0.14,163.0,
2025-04-08 15:01:13,164.0,30.0,180.34,35.0,163.0,70.0,232.15,41.0,172.17,16.340000000000003,100.0,76.0,24.7852036505654,176,24.0,1.0,0.14,163.0,
2025-04-08 15:01:14,164.0,39.0,176.38,52.0,163.0,91.0,178.08,52.0,170.19,12.379999999999995,130.0,104.0,29.424550973633824,234,26.0,58.0,0.11,163.6,5.0
2025-04-08 15:01:15,163.0,31.0,172.91,44.0,160.0,33.0,175.18,44.0,167.95,9.909999999999997,64.0,88.0,29.039700411676968,152,-24.0,-82.0,-0.16,163.0,4.0
2025-04-08 15:01:16,163.0,12.0,168.32,41.0,160.0,36.0,169.68,41.0,165.66,5.319999999999993,48.0,82.0,22.594049437848163,130,-34.0,-22.0,-0.26,163.0,
2025-04-08 15:01:17,160.75,20.0,163.59,34.0,159.43,35.0,164.66,32.0,162.17,2.8400000000000034,55.0,66.0,3.903846820753064,121,-11.0,-9.0,-0.09,163.0,1.0
2025-04-08 15:01:18,159.15,85.0,161.14,42.0,158.8,45.0,216.21,56.0,160.15,1.989999999999981,130.0,98.0,4.103496070413489,228,32.0,107.0,0.14,160.0,3.0
2025-04-08 15:01:19,158.4,55.0,160.19,32.0,156.11,89.0,297.14,29.0,159.29,1.789999999999992,144.0,61.0,3.679127613972444,205,83.0,-23.0,0.4,159.0,4.0
2025-04-08 15:01:20,158.67,36.0,398.11,18.0,156.83,72.0,478.75,16.0,278.39,239.44000000000003,108.0,34.0,52.19045908976026,142,74.0,-63.0,0.52,159.67,3.0
2025-04-08 15:01:21,162.0,14.0,305.55,22.0,158.0,70.0,510.5,24.0,233.77,143.55,84.0,46.0,54.66735296317142,130,38.0,-12.0,0.29,159.67,
2025-04-08 15:01:22,162.0,14.0,302.88,17.0,158.0,70.0,623.14,21.0,232.44,140.88,84.0,38.0,51.87210444930873,122,46.0,-8.0,0.38,159.67,
2025-04-08 15:01:23,162.0,22.0,292.59,17.0,158.0,110.0,328.56,27.0,227.29,130.58999999999995,132.0,44.0,42.71465884213546,176,88.0,54.0,0.5,159.67,
2025-04-08 15:01:24,162.0,26.0,300.0,13.0,158.0,130.0,399.82,51.0,231.0,138.0,156.0,64.0,21.275762501025657,220,92.0,44.0,0.42,159.67,
2025-04-08 15:01:25,162.0,18.0,198.3,23.0,158.0,90.0,334.17,23.0,180.15,36.30000000000001,108.0,46.0,22.92492420925336,154,62.0,-66.0,0.4,159.67,
2025-04-08 15:01:26,162.0,13.0,198.86,28.0,158.0,100.0,219.45,22.0,180.43,36.860000000000014,113.0,50.0,27.42517948892932,163,63.0,9.0,0.39,162.0,1.0
2025-04-08 15:01:27,162.0,7.0,198.0,7.0,158.0,70.0,281.75,32.0,180.0,36.0,77.0,39.0,26.84444132404265,116,38.0,-47.0,0.33,162.0,
2025-04-08 15:01:28,162.0,5.0,198.0,5.0,158.0,50.0,513.46,24.0,180.0,36.0,55.0,29.0,22.743725068685432,84,26.0,-32.0,0.31,162.0,
2025-04-08 15:01:29,158.62,58.0,198.0,32.0,156.75,115.0,415.63,59.0,178.31,39.38,173.0,91.0,0.8392079598819947,264,82.0,168.0,0.31,159.9,10.0
2025-04-08 15:01:30,158.0,40.0,196.0,16.0,154.8,10.0,323.55,22.0,177.0,38.0,50.0,38.0,1.4501275805694074,88,12.0,-168.0,0.14,159.9,
2025-04-08 15:01:31,157.9,42.0,194.86,21.0,155.67,12.0,196.2,15.0,176.38,36.96000000000001,54.0,36.0,1.6695268790667932,90,18.0,2.0,0.2,158.0,4.0
2025-04-08 15:01:32,156.0,6.0,159.17,12.0,154.0,6.0,166.8,10.0,157.58,3.1699999999999875,12.0,22.0,9.202585506254092,34,-10.0,-56.0,-0.29,158.0,
2025-04-08 15:01:33,155.42,62.0,157.94,34.0,126.97,32.0,189.78,65.0,156.68,2.5200000000000102,94.0,99.0,11.035837077444969,193,-5.0,159.0,-0.03,156.0,1.0
2025-04-08 15:01:34,156.0,140.0,157.9,20.0,155.0,60.0,276.0,42.0,156.95,1.9000000000000057,200.0,62.0,10.753511984458896,262,138.0,69.0,0.53,156.0,5.0
2025-04-08 15:01:35,155.29,69.0,416.18,34.0,149.93,29.0,511.16,49.0,285.73,260.89,98.0,83.0,56.0082005602746,181,15.0,-81.0,0.08,156.0,2.0
2025-04-08 15:01:36,159.56,80.0,296.37,38.0,158.05,77.0,467.16,70.0,227.97,136.81,157.0,108.0,58.34336611817974,265,49.0,84.0,0.18,156.0,
2025-04-08 15:01:37,161.49,47.0,463.66,53.0,159.76,34.0,571.39,61.0,312.57,302.17,81.0,114.0,71.79742613771069,195,-33.0,-70.0,-0.17,160.62,8.0
2025-04-08 15:01:38,162.06,35.0,360.29,41.0,159.1,62.0,528.67,48.0,261.17,198.23,97.0,89.0,60.11184508896781,186,8.0,-9.0,0.04,164.0,2.0
2025-04-08 15:01:39,161.11,18.0,272.33,27.0,159.02,65.0,531.58,38.0,216.72,111.21999999999996,83.0,65.0,39.75746747467808,148,18.0,-38.0,0.12,164.0,
2025-04-08 15:01:40,160.0,4.0,297.0,12.0,159.0,32.0,640.0,16.0,228.5,137.0,36.0,28.0,39.0288935277451,64,8.0,-84.0,0.12,164.0,
2025-04-08 15:01:41,160.0,25.0,271.53,53.0,159.0,88.0,329.67,42.0,215.76,111.52999999999996,113.0,95.0,41.03432745884912,208,18.0,144.0,0.09,164.0,
2025-04-08 15:01:42,160.0,60.0,290.75,36.0,159.0,64.0,477.25,24.0,225.38,130.75,124.0,60.0,18.52754112126121,184,64.0,-24.0,0.35,160.0,4.0
2025-04-08 15:01:43,163.53,146.0,319.36,33.0,161.06,17.0,583.73,33.0,241.45,155.83,163.0,66.0,10.432565360447894,229,97.0,45.0,0.42,160.0,
2025-04-08 15:01:44,164.6,160.0,293.0,30.0,162.0,10.0,475.58,36.0,228.8,128.4,170.0,66.0,9.198805357220143,236,104.0,7.0,0.44,160.0,
2025-04-08 15:01:45,165.0,128.0,224.25,40.0,163.5,16.0,382.88,24.0,194.62,59.25,144.0,64.0,17.474158634967477,208,80.0,-28.0,0.38,160.0,
2025-04-08 15:01:46,165.0,160.0,195.0,50.0,164.0,30.0,435.0,30.0,180.0,30.0,190.0,80.0,25.659397888492908,270,110.0,62.0,0.41,160.0,
2025-04-08 15:01:47,165.0,144.0,194.42,24.0,164.0,27.0,247.08,39.0,179.71,29.419999999999987,171.0,63.0,28.58030668134924,234,108.0,-36.0,0.46,160.0,
2025-04-08 15:01:48,165.0,125.0,193.0,16.0,164.0,24.0,384.0,24.0,179.0,28.0,149.0,40.0,21.355567892237172,189,109.0,-45.0,0.58,165.0,2.0
2025-04-08 15:01:49,165.0,154.0,191.55,31.0,164.0,33.0,219.57,42.0,178.27,26.55000000000001,187.0,73.0,6.908498389659698,260,114.0,71.0,0.44,165.0,
2025-04-08 15:01:50,165.0,138.0,189.32,37.0,164.0,33.0,191.5,40.0,177.16,24.319999999999997,171.0,77.0,1.1483335751964874,248,94.0,-12.0,0.38,165.0,2.0
2025-04-08 15:01:51,165.0,120.0,188.62,32.0,164.0,30.0,189.21,38.0,176.81,23.620000000000005,150.0,70.0,1.2184211094372228,220,80.0,-28.0,0.36,165.0,
2025-04-08 15:01:52,165.0,72.0,188.0,12.0,164.0,18.0,189.0,30.0,176.5,23.0,90.0,42.0,1.0515559899125242,132,48.0,-88.0,0.36,165.0,
2025-04-08 15:01:53,165.0,150.0,186.49,53.0,164.0,39.0,188.53,38.0,175.75,21.49000000000001,189.0,91.0,0.9266984406588666,280,98.0,148.0,0.35,165.0,1.0
2025-04-08 15:01:54,165.0,78.0,183.87,62.0,164.0,39.0,184.93,41.0,174.44,18.870000000000005,117.0,103.0,1.07943040531475,220,14.0,-60.0,0.06,165.0,5.0
2025-04-08 15:01:55,165.0,33.0,180.29,62.0,164.0,39.0,182.0,65.0,172.65,15.289999999999992,72.0,127.0,1.707351750494334,199,-55.0,-21.0,-0.28,165.0,5.0
2025-04-08 15:01:56,163.89,18.0,174.51,72.0,163.2,40.0,175.21,71.0,169.2,10.620000000000005,58.0,143.0,2.9130001716294025,201,-85.0,2.0,-0.42,163.83,6.0
2025-04-08 15:01:57,162.81,16.0,166.06,63.0,160.68,38.0,167.13,62.0,164.44,3.25,54.0,125.0,4.553957619467703,179,-71.0,-22.0,-0.4,163.0,1.0
2025-04-08 15:01:58,162.0,10.0,164.53,38.0,160.0,50.0,165.57,42.0,163.26,2.530000000000001,60.0,80.0,4.911549653612669,140,-20.0,-39.0,-0.14,163.0,
2025-04-08 15:01:59,162.98,61.0,164.0,39.0,161.41,17.0,165.0,65.0,163.49,1.0200000000000102,78.0,104.0,4.148960110666053,182,-26.0,42.0,-0.14,163.0,
2025-04-08 15:02:00,162.53,15.0,164.85,41.0,160.06,65.0,172.0,45.0,163.69,2.319999999999993,80.0,86.0,2.4903875200245955,166,-6.0,-16.0,-0.04,163.0,5.0
2025-04-08 15:02:01,161.28,39.0,163.83,60.0,159.94,72.0,209.32,50.0,162.56,2.550000000000012,111.0,110.0,0.6819604093284833,221,1.0,55.0,0.0,162.0,1.0
2025-04-08 15:02:02,160.67,36.0,163.15,33.0,159.4,20.0,188.63,38.0,161.91,2.480000000000018,56.0,71.0,0.7355066280397408,127,-15.0,-94.0,-0.12,162.0,
2025-04-08 15:02:03,159.92,52.0,162.03,72.0,158.55,44.0,163.56,72.0,160.98,2.1100000000000136,96.0,144.0,1.1241574622309085,240,-48.0,113.0,-0.2,159.8,5.0
2025-04-08 15:02:04,157.91,32.0,159.81,62.0,157.19,63.0,304.0,50.0,158.86,1.9000000000000057,95.0,112.0,1.82193578368928,207,-17.0,-33.0,-0.08,158.17,6.0
2025-04-08 15:02:05,156.33,27.0,158.1,20.0,155.6,30.0,181.84,19.0,157.22,1.7699999999999818,57.0,39.0,2.2204684190244137,96,18.0,-111.0,0.19,157.0,3.0
2025-04-08 15:02:06,156.0,22.0,158.41,17.0,155.0,36.0,238.04,28.0,157.21,2.4099999999999966,58.0,45.0,2.1507045357004597,103,13.0,7.0,0.13,156.2,5.0
2025-04-08 15:02:07,156.0,12.0,159.0,13.0,155.0,24.0,366.0,18.0,157.5,3.0,36.0,31.0,1.6183262958627085,67,5.0,-36.0,0.07,159.0,1.0
2025-04-08 15:02:08,156.0,20.0,158.9,20.0,155.0,40.0,384.2,30.0,157.45,2.9000000000000057,60.0,50.0,0.6901231773236624,110,10.0,43.0,0.09,159.0,
2025-04-08 15:02:09,155.45,22.0,241.16,19.0,148.08,26.0,384.5,24.0,198.31,85.71000000000001,48.0,43.0,18.32057504555725,91,5.0,-19.0,0.05,156.0,2.0
2025-04-08 15:02:10,155.48,42.0,286.2,30.0,143.88,32.0,375.2,30.0,220.84,130.72,74.0,60.0,29.674042023288976,134,14.0,43.0,0.1,158.6,10.0
2025-04-08 15:02:11,121.0,28.0,225.48,25.0,32.6,30.0,348.43,21.0,173.24,104.48,58.0,46.0,27.626240605625775,104,12.0,-30.0,0.12,153.0,5.0
2025-04-08 15:02:12,121.0,28.0,370.0,21.0,11.71,28.0,654.0,28.0,245.5,249.0,56.0,49.0,35.46007853911157,105,7.0,1.0,0.07,153.0,
2025-04-08 15:02:13,121.0,24.0,286.73,26.0,18.67,12.0,493.43,21.0,203.87,165.73000000000002,36.0,47.0,26.87799601904835,83,-11.0,-22.0,-0.13,153.0,
2025-04-08 15:02:15,141.38,16.0,210.52,31.0,75.88,16.0,397.25,24.0,175.95,69.14000000000001,32.0,55.0,46.28326338969554,87,-23.0,-46.0,-0.26,147.0,1.0
2025-04-08 15:02:16,151.0,10.0,184.0,15.0,102.4,10.0,483.0,15.0,167.5,33.0,20.0,30.0,46.671919073463535,50,-10.0,-37.0,-0.2,162.0,2.0
2025-04-08 15:02:17,115.75,16.0,187.57,28.0,71.38,16.0,478.94,31.0,151.66,71.82,32.0,59.0,31.27386176985333,91,-27.0,41.0,-0.3,162.0,
2025-04-08 15:02:18,157.21,58.0,187.0,40.0,98.0,16.0,503.8,30.0,172.1,29.789999999999992,74.0,70.0,23.24835951201464,144,4.0,53.0,0.03,162.0,
2025-04-08 15:02:19,159.0,48.0,186.0,55.0,114.27,22.0,221.16,51.0,172.5,27.0,70.0,106.0,9.585031038024962,176,-36.0,32.0,-0.2,159.0,4.0
2025-04-08 15:02:20,159.0,40.0,184.7,50.0,124.5,20.0,186.0,50.0,171.85,25.69999999999999,60.0,100.0,8.877973867944213,160,-40.0,-16.0,-0.25,159.0,
2025-04-08 15:02:21,159.0,24.0,182.83,30.0,154.0,12.0,185.5,30.0,170.92,23.830000000000013,36.0,60.0,9.044560796406955,96,-24.0,-64.0,-0.25,159.0,
2025-04-08 15:02:22,159.0,48.0,181.08,60.0,155.35,31.0,183.0,60.0,170.04,22.080000000000013,79.0,120.0,0.993589452393951,199,-41.0,103.0,-0.21,159.0,
2025-04-08 15:02:23,159.0,28.0,177.71,35.0,156.0,21.0,180.14,35.0,168.36,18.710000000000008,49.0,70.0,1.621443801032623,119,-21.0,-80.0,-0.18,159.0,
2025-04-08 15:02:24,157.41,34.0,174.9,50.0,155.0,24.0,177.1,50.0,166.16,17.49000000000001,58.0,100.0,2.2516616086581043,158,-42.0,39.0,-0.27,159.0,4.0
2025-04-08 15:02:25,156.0,189.0,172.17,60.0,154.0,24.0,173.17,60.0,164.08,16.169999999999987,213.0,120.0,2.807618207645397,333,93.0,168.0,0.28,156.0,4.0
2025-04-08 15:02:26,156.0,196.0,169.07,70.0,127.0,28.0,170.21,70.0,162.54,13.069999999999991,224.0,140.0,3.053535655580092,364,84.0,31.0,0.23,156.0,
2025-04-08 15:02:27,156.0,196.0,166.36,70.0,138.57,28.0,167.93,70.0,161.18,10.360000000000014,224.0,140.0,2.858719993265481,364,84.0,0.0,0.23,156.0,
2025-04-08 15:02:28,156.0,224.0,157.95,57.0,152.5,32.0,161.36,53.0,156.97,1.9499999999999889,256.0,110.0,3.454125070099757,366,146.0,2.0,0.4,157.33,3.0
2025-04-08 15:02:29,156.0,73.0,163.55,22.0,142.0,16.0,205.18,22.0,159.77,7.550000000000011,89.0,44.0,2.720380488073189,133,45.0,-168.0,0.34,156.21,14.0
2025-04-08 15:02:30,151.48,23.0,236.0,16.0,117.08,26.0,368.75,16.0,193.74,84.52000000000001,49.0,32.0,15.178417242911069,81,17.0,-52.0,0.21,156.0,3.0
2025-04-08 15:02:31,147.0,32.0,205.87,30.0,123.22,46.0,467.13,30.0,176.43,58.870000000000005,78.0,60.0,15.46309380427814,138,18.0,57.0,0.13,161.6,5.0
2025-04-08 15:02:32,158.0,27.0,176.89,36.0,46.0,28.0,367.0,18.0,167.44,18.889999999999983,55.0,54.0,14.850382149961908,109,1.0,-29.0,0.01,161.6,
2025-04-08 15:02:33,159.3,30.0,175.75,40.0,145.04,23.0,178.0,16.0,167.53,16.44999999999999,53.0,56.0,13.017087615895925,109,-3.0,0.0,-0.03,163.0,1.0
2025-04-08 15:02:34,159.0,42.0,171.95,20.0,158.0,21.0,174.35,23.0,165.47,12.949999999999989,63.0,43.0,11.759607561475558,106,20.0,-3.0,0.19,163.0,
2025-04-08 15:02:35,159.0,16.0,170.32,19.0,158.0,15.0,172.88,16.0,164.66,11.319999999999991,31.0,35.0,4.708707890696009,66,-4.0,-40.0,-0.06,159.0,4.0
2025-04-08 15:02:36,159.0,12.0,168.11,18.0,158.0,18.0,168.78,18.0,163.56,9.110000000000014,30.0,36.0,1.738208848182034,66,-6.0,0.0,-0.09,159.0,
2025-04-08 15:02:37,159.33,21.0,163.43,61.0,158.4,35.0,164.73,37.0,161.38,4.099999999999994,56.0,98.0,2.278343696612988,154,-42.0,88.0,-0.27,159.0,
2025-04-08 15:02:38,159.53,17.0,161.57,61.0,157.29,42.0,163.66,29.0,160.55,2.039999999999992,59.0,90.0,2.1047636446626354,149,-31.0,-5.0,-0.21,160.5,2.0
2025-04-08 15:02:39,156.73,41.0,160.05,42.0,156.0,48.0,277.58,19.0,158.39,3.3200000000000216,89.0,61.0,2.480014112841072,150,28.0,1.0,0.19,158.5,4.0
2025-04-08 15:02:40,156.82,44.0,162.3,20.0,155.96,67.0,214.05,19.0,159.56,5.480000000000018,111.0,39.0,1.955727486100485,150,72.0,0.0,0.48,158.0,2.0
2025-04-08 15:02:41,156.69,26.0,238.3,20.0,155.93,45.0,287.12,17.0,197.5,81.61000000000001,71.0,37.0,16.821041287622535,108,34.0,-42.0,0.31,158.0,
2025-04-08 15:02:42,156.0,9.0,236.12,16.0,155.0,27.0,237.67,12.0,196.06,80.12,36.0,28.0,20.439747307633606,64,8.0,-44.0,0.12,156.67,3.0
2025-04-08 15:02:43,163.0,24.0,234.0,12.0,156.0,8.0,234.75,12.0,198.5,71.0,32.0,24.0,21.042631014203764,56,8.0,-8.0,0.14,156.67,
2025-04-08 15:02:44,163.36,14.0,231.38,8.0,161.7,20.0,233.0,16.0,197.37,68.01999999999998,34.0,24.0,16.925794516061732,58,10.0,2.0,0.17,164.0,1.0
2025-04-08 15:02:45,163.0,21.0,229.43,7.0,159.33,18.0,233.0,14.0,196.21,66.43,39.0,21.0,1.0078045445224546,60,18.0,2.0,0.3,164.0,
2025-04-08 15:02:46,163.0,18.0,228.5,8.0,160.0,12.0,232.2,10.0,195.75,65.5,30.0,18.0,1.1413456969557516,48,12.0,-12.0,0.25,164.0,
2025-04-08 15:02:47,163.0,27.0,226.5,12.0,160.0,18.0,227.4,15.0,194.75,63.5,45.0,27.0,1.454709592997476,72,18.0,24.0,0.25,164.0,
2025-04-08 15:02:48,163.0,15.0,226.0,5.0,160.0,10.0,227.0,10.0,194.5,63.0,25.0,15.0,1.1611115363983182,40,10.0,-32.0,0.25,164.0,
2025-04-08 15:02:49,159.43,28.0,225.06,17.0,156.12,34.0,226.5,20.0,192.24,65.63,62.0,37.0,1.5391718552374758,99,25.0,59.0,0.25,159.8,10.0
2025-04-08 15:02:50,155.75,16.0,221.35,26.0,154.5,48.0,222.86,21.0,188.55,65.6,64.0,47.0,2.877945447702599,111,17.0,12.0,0.15,155.5,2.0
2025-04-08 15:02:51,155.0,16.0,206.94,18.0,153.0,60.0,214.83,18.0,180.97,51.94,76.0,36.0,5.728644691368665,112,40.0,1.0,0.36,155.0,1.0
2025-04-08 15:02:52,155.0,10.0,198.71,17.0,153.07,45.0,200.0,17.0,176.85,43.71000000000001,55.0,34.0,7.496317095743714,89,21.0,-23.0,0.24,155.0,
2025-04-08 15:02:53,154.45,11.0,195.55,11.0,152.67,49.0,196.25,16.0,175.0,41.10000000000002,60.0,27.0,7.445419397181852,87,33.0,-2.0,0.38,153.5,4.0
2025-04-08 15:02:54,134.47,30.0,192.9,20.0,96.56,32.0,194.27,11.0,163.68,58.43000000000001,62.0,31.0,9.091311786531156,93,31.0,6.0,0.33,153.0,3.0
2025-04-08 15:02:55,138.86,28.0,168.92,13.0,87.0,35.0,174.65,17.0,153.89,30.05999999999997,63.0,30.0,11.087239061186796,93,33.0,0.0,0.35,153.0,
2025-04-08 15:03:03,138.38,21.0,151.0,54.0,135.75,32.0,152.0,27.0,144.69,12.620000000000005,53.0,81.0,8.746977763767275,134,-28.0,-17.0,-0.21,153.0,
2025-04-08 15:03:04,147.48,46.0,152.8,45.0,142.05,42.0,226.1,62.0,150.14,5.320000000000022,88.0,107.0,6.503950338052243,195,-19.0,61.0,-0.1,152.12,16.0
2025-04-08 15:03:05,150.5,24.0,154.0,30.0,149.6,40.0,287.57,30.0,152.25,3.5,64.0,60.0,5.155595988812317,124,4.0,-71.0,0.03,152.12,
2025-04-08 15:03:06,151.0,12.0,283.81,16.0,150.0,24.0,527.62,24.0,217.41,132.81,36.0,40.0,31.550750387271115,76,-4.0,-48.0,-0.05,152.8,5.0
2025-04-08 15:03:07,155.29,21.0,306.77,30.0,145.46,24.0,501.22,36.0,231.03,151.48,45.0,66.0,41.55728913199131,111,-21.0,35.0,-0.19,152.8,
2025-04-08 15:03:08,163.0,24.0,202.0,30.0,152.5,6.0,341.5,30.0,182.5,39.0,30.0,60.0,36.909766051818025,90,-30.0,-21.0,-0.33,152.8,
2025-04-08 15:03:09,163.0,36.0,200.33,45.0,156.69,39.0,412.78,45.0,181.67,37.33000000000001,75.0,90.0,31.389912710932325,165,-15.0,75.0,-0.09,152.8,
2025-04-08 15:03:10,163.0,16.0,202.0,20.0,158.0,28.0,434.75,20.0,182.5,39.0,44.0,40.0,23.50359270409448,84,4.0,-81.0,0.05,152.8,
2025-04-08 15:03:11,163.31,39.0,201.0,30.0,160.68,38.0,202.0,50.0,182.15,37.69,77.0,80.0,21.837855892920185,157,-3.0,73.0,-0.02,163.0,1.0
2025-04-08 15:03:12,164.0,11.0,201.0,18.0,163.0,18.0,202.0,30.0,182.5,37.0,29.0,48.0,0.36500684915445,77,-19.0,-80.0,-0.25,164.0,5.0
2025-04-08 15:03:13,164.0,10.0,200.33,24.0,163.0,30.0,291.53,38.0,182.17,36.33000000000001,40.0,62.0,0.3406904752550766,102,-22.0,25.0,-0.22,164.0,
2025-04-08 15:03:14,160.38,21.0,195.62,24.0,161.0,31.0,196.19,27.0,178.0,35.24000000000001,52.0,51.0,1.9438955733084204,103,1.0,1.0,0.01,161.7,10.0
2025-04-08 15:03:15,158.14,21.0,192.41,17.0,157.2,30.0,193.47,17.0,175.28,34.27000000000001,51.0,34.0,3.234880214154031,85,17.0,-18.0,0.2,161.7,
2025-04-08 15:03:16,159.85,13.0,189.5,26.0,158.17,29.0,191.45,20.0,174.67,29.65000000000001,42.0,46.0,3.6997743174310376,88,-4.0,3.0,-0.05,161.7,
2025-04-08 15:03:17,158.0,47.0,183.06,32.0,156.0,92.0,187.85,26.0,170.53,25.06,139.0,58.0,4.306756320006685,197,81.0,109.0,0.41,159.25,4.0
2025-04-08 15:03:18,158.0,38.0,173.08,24.0,156.0,140.0,176.45,29.0,165.54,15.080000000000013,178.0,53.0,4.861782594883382,231,125.0,34.0,0.54,158.0,2.0
2025-04-08 15:03:19,158.0,28.0,167.12,33.0,156.0,196.0,168.14,35.0,162.56,9.120000000000005,224.0,68.0,5.585922484237035,292,156.0,61.0,0.53,158.0,
2025-04-08 15:03:20,156.0,117.0,162.81,21.0,155.0,9.0,163.75,24.0,159.4,6.810000000000002,126.0,45.0,6.1203962289951965,171,81.0,-121.0,0.47,157.33,3.0
2025-04-08 15:03:21,156.0,124.0,159.26,23.0,155.0,10.0,160.52,25.0,157.63,3.259999999999991,134.0,48.0,5.124838534031296,182,86.0,11.0,0.47,156.0,3.0
2025-04-08 15:03:22,156.0,39.0,206.87,15.0,151.6,20.0,324.11,27.0,181.43,50.870000000000005,59.0,42.0,9.505002367169428,101,17.0,-81.0,0.17,156.0,7.0
2025-04-08 15:03:23,156.0,15.0,344.0,20.0,154.63,19.0,658.73,11.0,250.0,188.0,34.0,31.0,39.07264810580324,65,3.0,-36.0,0.05,156.0,
2025-04-08 15:03:24,158.1,30.0,404.0,32.0,107.17,36.0,631.64,14.0,281.05,245.9,66.0,46.0,56.31020395985062,112,20.0,47.0,0.18,156.0,3.0
2025-04-08 15:03:25,162.0,18.0,424.0,16.0,155.0,12.0,466.6,10.0,293.0,262.0,30.0,26.0,60.28513473485838,56,4.0,-56.0,0.07,162.0,3.0
2025-04-08 15:03:26,162.0,15.0,243.0,15.0,155.0,15.0,471.12,8.0,202.5,81.0,30.0,23.0,48.52334829749536,53,7.0,-3.0,0.13,162.0,
2025-04-08 15:03:27,162.0,21.0,192.29,14.0,155.0,21.0,271.8,25.0,177.14,30.289999999999992,42.0,39.0,49.8723592784625,81,3.0,28.0,0.04,162.0,
2025-04-08 15:03:28,162.0,12.0,233.25,8.0,158.67,36.0,661.2,10.0,197.62,71.25,48.0,18.0,52.85275130019272,66,30.0,-15.0,0.45,162.0,
2025-04-08 15:03:29,162.0,12.0,319.8,10.0,158.0,4.0,629.14,7.0,240.9,157.8,16.0,17.0,45.78480883437221,33,-1.0,-33.0,-0.03,162.0,
2025-04-08 15:03:30,162.0,5.0,292.29,7.0,158.0,3.0,438.18,11.0,227.14,130.29000000000002,8.0,18.0,25.166771743709617,26,-10.0,-7.0,-0.38,162.0,2.0
2025-04-08 15:03:31,164.83,113.0,274.85,13.0,163.52,29.0,405.29,34.0,219.84,110.02,142.0,47.0,25.231454971919227,189,95.0,163.0,0.5,162.0,
2025-04-08 15:03:32,165.0,160.0,231.12,25.0,164.0,40.0,419.22,32.0,198.06,66.12,200.0,57.0,18.81481118693449,257,143.0,68.0,0.56,162.0,
2025-04-08 15:03:33,165.0,136.0,166.9,40.0,164.0,40.0,186.2,40.0,165.95,1.9000000000000057,176.0,80.0,29.273139906746994,256,96.0,-1.0,0.38,165.0,5.0
2025-04-08 15:03:34,165.0,55.0,166.0,20.0,164.0,20.0,652.0,14.0,165.5,1.0,75.0,34.0,29.03909984830718,109,41.0,-147.0,0.38,165.0,
2025-04-08 15:03:35,165.0,109.0,166.0,48.0,164.0,48.0,331.68,38.0,165.5,1.0,157.0,86.0,24.935853705055514,243,71.0,134.0,0.29,165.0,4.0
2025-04-08 15:03:36,165.0,28.0,166.0,16.0,164.0,16.0,314.62,13.0,165.5,1.0,44.0,29.0,14.51227135909158,73,15.0,-168.0,0.21,165.0,
2025-04-08 15:03:37,165.0,38.0,190.0,23.0,164.0,24.0,423.89,19.0,177.5,25.0,62.0,42.0,5.319821425565138,104,20.0,31.0,0.19,165.0,4.0
2025-04-08 15:03:38,164.0,28.0,350.0,21.0,162.0,7.0,458.14,28.0,257.0,186.0,35.0,49.0,39.91804103409805,84,-14.0,-20.0,-0.17,165.0,3.0
2025-04-08 15:03:39,164.0,40.0,253.35,37.0,162.88,24.0,296.1,41.0,208.68,89.35,64.0,78.0,38.97998819907405,142,-14.0,58.0,-0.1,165.0,
2025-04-08 15:03:40,163.16,25.0,186.38,32.0,162.3,10.0,188.0,40.0,174.77,23.22,35.0,72.0,37.42530828196284,107,-37.0,-35.0,-0.35,164.0,4.0
2025-04-08 15:03:41,163.0,29.0,184.73,44.0,162.0,11.0,328.0,23.0,173.86,21.72999999999999,40.0,67.0,35.83653750015421,107,-27.0,0.0,-0.25,163.0,1.0
2025-04-08 15:03:42,160.88,34.0,183.88,32.0,159.52,29.0,290.4,15.0,172.38,23.0,63.0,47.0,36.64569579091052,110,16.0,3.0,0.15,162.0,4.0
2025-04-08 15:03:43,159.38,48.0,182.54,26.0,158.36,66.0,183.82,34.0,170.96,23.16,114.0,60.0,16.025732432557454,174,54.0,64.0,0.31,159.86,7.0
2025-04-08 15:03:44,159.0,55.0,179.07,28.0,158.0,77.0,180.89,38.0,169.04,20.069999999999997,132.0,66.0,2.2867050531077484,198,66.0,24.0,0.33,159.86,
2025-04-08 15:03:45,159.0,30.0,178.0,24.0,158.0,42.0,179.0,12.0,168.5,19.0,72.0,36.0,2.245199322979162,108,36.0,-90.0,0.33,159.86,
2025-04-08 15:03:46,160.88,24.0,175.25,48.0,158.68,66.0,179.0,24.0,168.06,14.370000000000005,90.0,72.0,1.823216937148148,162,18.0,54.0,0.11,159.86,
2025-04-08 15:03:47,164.0,11.0,171.45,44.0,159.0,55.0,179.0,22.0,167.73,7.449999999999989,66.0,66.0,1.273664005890926,132,0.0,-30.0,0.0,159.86,
2025-04-08 15:03:48,158.53,19.0,170.44,25.0,158.09,35.0,176.75,16.0,164.48,11.909999999999997,54.0,41.0,1.7915970528831702,95,13.0,-37.0,0.14,159.83,6.0
2025-04-08 15:03:49,158.0,112.0,166.21,29.0,156.05,62.0,167.48,31.0,162.1,8.210000000000008,174.0,60.0,2.777387261419814,234,114.0,139.0,0.49,159.83,
2025-04-08 15:03:50,158.0,61.0,161.09,22.0,156.0,50.0,162.11,35.0,159.55,3.0900000000000034,111.0,57.0,3.650415044881014,168,54.0,-66.0,0.32,158.0,2.0
2025-04-08 15:03:51,157.48,62.0,161.2,20.0,155.42,96.0,209.94,35.0,159.34,3.719999999999999,158.0,55.0,3.536361124078023,213,103.0,45.0,0.48,157.8,10.0
2025-04-08 15:03:52,156.0,36.0,163.0,9.0,155.0,126.0,228.55,11.0,159.5,7.0,162.0,20.0,2.2598849527989984,182,142.0,-31.0,0.78,157.8,
2025-04-08 15:03:53,156.0,28.0,161.14,7.0,155.0,98.0,164.0,7.0,158.57,5.139999999999986,126.0,14.0,1.3384954239313618,140,112.0,-42.0,0.8,157.8,
2025-04-08 15:03:54,155.27,89.0,161.82,11.0,150.08,105.0,238.6,15.0,158.54,6.549999999999983,194.0,26.0,0.5036367737605341,220,168.0,80.0,0.76,156.67,6.0
2025-04-08 15:03:55,157.38,63.0,162.73,11.0,154.87,131.0,348.64,22.0,160.05,5.349999999999994,194.0,33.0,0.6450968918574193,227,161.0,7.0,0.71,156.67,
2025-04-08 15:03:56,158.03,36.0,336.17,12.0,155.16,96.0,328.53,15.0,247.1,178.14,132.0,27.0,39.33094036506011,159,105.0,-68.0,0.66,162.0,1.0
2025-04-08 15:03:59,163.69,13.0,225.89,53.0,162.69,13.0,532.56,27.0,194.79,62.19999999999999,26.0,80.0,73.11776836036535,106,-54.0,47.0,-0.51,162.0,
2025-04-08 15:04:01,163.85,13.0,233.1,29.0,162.62,13.0,472.45,55.0,198.47,69.25,26.0,84.0,72.7400422738404,110,-58.0,60.0,-0.53,162.0,
2025-04-08 15:04:02,160.44,18.0,172.11,18.0,159.24,21.0,639.05,21.0,166.28,11.670000000000016,39.0,39.0,81.965829648702,78,0.0,-32.0,0.0,162.25,4.0
2025-04-08 15:04:03,159.0,36.0,189.0,18.0,158.0,45.0,279.68,38.0,174.0,30.0,81.0,56.0,72.34705819865782,137,25.0,59.0,0.18,162.25,
2025-04-08 15:04:04,159.0,52.0,214.79,19.0,157.85,53.0,274.37,41.0,186.89,55.78999999999999,105.0,60.0,72.98668460753632,165,45.0,28.0,0.27,162.25,
2025-04-08 15:04:05,159.0,28.0,258.67,9.0,158.0,21.0,276.42,31.0,208.83,99.67000000000002,49.0,40.0,17.366520376861114,89,9.0,-76.0,0.1,162.25,
2025-04-08 15:04:06,159.0,48.0,257.83,36.0,158.0,36.0,276.68,56.0,208.42,98.82999999999998,84.0,92.0,19.467591787376676,176,-8.0,87.0,-0.05,162.25,
2025-04-08 15:04:07,159.0,56.0,255.24,51.0,158.0,42.0,264.06,51.0,207.12,96.24,98.0,102.0,15.84280814754602,200,-4.0,24.0,-0.02,162.25,
2025-04-08 15:04:08,159.0,32.0,253.88,32.0,158.0,24.0,255.0,24.0,206.44,94.88,56.0,56.0,9.35744890448045,112,0.0,-88.0,0.0,162.25,
2025-04-08 15:04:09,158.5,30.0,252.5,40.0,157.41,34.0,255.0,30.0,205.5,94.0,64.0,70.0,1.3784121299411505,134,-6.0,22.0,-0.04,159.0,4.0
2025-04-08 15:04:10,158.57,126.0,233.35,34.0,156.89,81.0,250.71,42.0,195.96,74.78,207.0,76.0,4.993728066281163,283,131.0,149.0,0.46,159.0,
2025-04-08 15:04:11,162.0,80.0,179.02,43.0,158.0,180.0,223.52,42.0,170.51,17.02000000000001,260.0,85.0,15.544480692514318,345,175.0,62.0,0.51,162.0,1.0
2025-04-08 15:04:12,162.0,75.0,176.71,51.0,158.68,75.0,188.3,54.0,169.35,14.710000000000008,150.0,105.0,18.3801814463279,255,45.0,-90.0,0.18,162.0,
2025-04-08 15:04:13,162.0,55.0,173.82,39.0,160.0,44.0,174.95,38.0,167.91,11.819999999999991,99.0,77.0,17.589654061405586,176,22.0,-79.0,0.12,162.0,
2025-04-08 15:04:14,162.0,60.0,171.75,24.0,160.0,48.0,172.59,44.0,166.88,9.75,108.0,68.0,12.285685573052405,176,40.0,0.0,0.23,162.0,3.0
2025-04-08 15:04:15,162.0,22.0,168.85,26.0,160.0,44.0,169.44,27.0,165.42,6.849999999999994,66.0,53.0,2.002530898612244,119,13.0,-57.0,0.11,162.0,
2025-04-08 15:04:16,163.95,75.0,165.84,32.0,161.73,30.0,166.38,24.0,164.9,1.8900000000000148,105.0,56.0,1.8174900274539885,161,49.0,42.0,0.3,164.0,5.0
2025-04-08 15:04:17,162.0,20.0,163.8,30.0,160.0,40.0,170.0,40.0,162.9,1.8000000000000114,60.0,70.0,1.9226856217001005,130,-10.0,-31.0,-0.08,164.0,1.0
2025-04-08 15:04:18,158.84,67.0,162.0,31.0,157.58,115.0,181.89,37.0,160.42,3.1599999999999966,182.0,68.0,2.504651672366746,250,114.0,120.0,0.46,160.67,6.0
2025-04-08 15:04:19,158.0,140.0,192.13,45.0,156.0,96.0,210.97,40.0,175.07,34.129999999999995,236.0,85.0,5.572810780915908,321,151.0,71.0,0.47,160.67,
2025-04-08 15:04:20,158.0,80.0,163.92,63.0,156.0,120.0,168.64,66.0,160.96,5.919999999999988,200.0,129.0,5.979347790511178,329,71.0,8.0,0.22,160.5,8.0
2025-04-08 15:04:21,161.33,36.0,171.67,36.0,157.0,48.0,301.0,18.0,166.5,10.339999999999977,84.0,54.0,6.025329866479636,138,30.0,-168.0,0.22,160.5,
2025-04-08 15:04:22,163.0,44.0,204.45,22.0,158.91,44.0,493.92,39.0,183.73,41.44999999999999,88.0,61.0,9.971977236230504,149,27.0,11.0,0.18,160.5,
2025-04-08 15:04:23,163.0,34.0,204.0,20.0,159.0,40.0,453.25,44.0,183.5,41.0,74.0,64.0,10.153175365367622,138,10.0,-11.0,0.07,163.0,1.0
2025-04-08 15:04:24,163.0,33.0,174.57,28.0,159.0,44.0,249.65,37.0,168.79,11.569999999999991,77.0,65.0,10.366490727334185,142,12.0,4.0,0.08,163.0,
2025-04-08 15:04:25,163.0,36.0,170.75,24.0,159.0,48.0,187.17,58.0,166.88,7.75,84.0,82.0,8.929437272298175,166,2.0,24.0,0.01,163.0,
2025-04-08 15:04:26,163.0,31.0,169.27,22.0,159.0,44.0,276.82,55.0,166.14,6.27000000000001,75.0,77.0,9.004952526243978,152,-2.0,-14.0,-0.01,163.0,1.0
2025-04-08 15:04:27,163.0,28.0,168.5,28.0,159.0,56.0,287.29,55.0,165.75,5.5,84.0,83.0,7.519738692261931,167,1.0,15.0,0.01,163.0,
2025-04-08 15:04:28,163.0,20.0,165.9,20.0,159.0,40.0,166.9,20.0,164.45,2.9000000000000057,60.0,40.0,1.5996155787857602,100,20.0,-67.0,0.2,163.0,
2025-04-08 15:04:29,159.73,44.0,164.69,26.0,158.64,25.0,408.0,29.0,162.21,4.960000000000008,69.0,55.0,1.8334475721687915,124,14.0,24.0,0.11,163.0,2.0
2025-04-08 15:04:30,157.89,54.0,233.31,32.0,156.46,26.0,458.29,63.0,195.6,75.42000000000002,80.0,95.0,13.93165639828597,175,-15.0,51.0,-0.09,160.29,7.0
2025-04-08 15:04:31,157.35,46.0,307.64,25.0,150.21,71.0,534.56,32.0,232.49,150.29,117.0,57.0,30.314432206457827,174,60.0,-1.0,0.34,157.0,3.0
2025-04-08 15:04:34,162.0,91.0,390.69,29.0,156.0,13.0,469.39,28.0,276.34,228.69,104.0,57.0,66.80630711242841,161,47.0,49.0,0.29,157.0,
2025-04-08 15:04:35,162.0,46.0,343.29,17.0,156.0,8.0,378.05,20.0,252.65,181.29,54.0,37.0,52.800250662284974,91,17.0,-70.0,0.19,162.0,5.0
2025-04-08 15:04:36,162.0,26.0,304.88,25.0,156.23,13.0,375.5,34.0,233.44,142.88,39.0,59.0,52.54916431305188,98,-20.0,7.0,-0.2,162.0,
2025-04-08 15:04:37,162.0,18.0,192.91,46.0,160.0,24.0,235.67,36.0,177.46,30.91,42.0,82.0,68.49085690805796,124,-40.0,26.0,-0.32,162.0,1.0
2025-04-08 15:04:38,163.6,35.0,167.25,60.0,162.0,18.0,216.11,84.0,165.43,3.6500000000000057,53.0,144.0,47.96542431793962,197,-91.0,73.0,-0.46,164.0,1.0
2025-04-08 15:04:39,164.0,7.0,167.0,21.0,162.0,7.0,215.47,17.0,165.5,3.0,14.0,38.0,41.16293393333317,52,-24.0,-145.0,-0.46,164.0,
2025-04-08 15:04:40,161.78,18.0,165.31,39.0,158.44,73.0,283.93,28.0,163.54,3.530000000000001,91.0,67.0,29.79087242763992,158,24.0,106.0,0.15,163.0,2.0
2025-04-08 15:04:41,159.21,33.0,162.45,33.0,157.98,131.0,368.61,31.0,160.83,3.2399999999999807,164.0,64.0,6.38677305060137,228,100.0,70.0,0.44,160.0,2.0
2025-04-08 15:04:42,159.08,83.0,309.0,24.0,157.77,44.0,456.4,20.0,234.04,149.92,127.0,44.0,31.4585039377258,171,83.0,-57.0,0.49,162.0,3.0
2025-04-08 15:04:43,163.0,36.0,287.23,13.0,158.0,78.0,270.73,22.0,225.12,124.23000000000002,114.0,35.0,36.4829354630344,149,79.0,-22.0,0.53,163.0,2.0
2025-04-08 15:04:44,163.0,44.0,180.52,21.0,158.0,143.0,181.52,25.0,171.76,17.52000000000001,187.0,46.0,35.535395312278936,233,141.0,84.0,0.61,163.0,
2025-04-08 15:04:45,163.0,36.0,177.24,25.0,158.0,117.0,177.91,35.0,170.12,14.240000000000007,153.0,60.0,34.3640710626657,213,93.0,-20.0,0.44,163.0,
2025-04-08 15:04:46,158.0,120.0,174.0,14.0,155.0,60.0,176.89,28.0,166.0,16.0,180.0,42.0,33.236936080209624,222,138.0,9.0,0.62,162.0,5.0
2025-04-08 15:04:47,162.0,30.0,172.18,34.0,158.0,120.0,172.62,16.0,167.09,10.180000000000009,150.0,50.0,25.31794264943174,200,100.0,-22.0,0.5,162.0,
2025-04-08 15:04:48,162.0,39.0,168.51,35.0,158.0,156.0,169.53,49.0,165.26,6.509999999999991,195.0,84.0,2.781956146291937,279,111.0,79.0,0.4,162.0,
2025-04-08 15:04:49,162.0,36.0,164.79,28.0,158.0,149.0,167.44,36.0,163.39,2.789999999999992,185.0,64.0,2.491499548442321,249,121.0,-30.0,0.49,162.0,
2025-04-08 15:04:50,161.11,27.0,163.29,21.0,158.07,121.0,168.29,35.0,162.2,2.1799999999999784,148.0,56.0,1.977566686583596,204,92.0,-45.0,0.45,162.0,3.0
2025-04-08 15:04:51,158.19,52.0,163.57,7.0,158.0,21.0,169.0,35.0,160.88,5.379999999999996,73.0,42.0,2.4598638173450214,115,31.0,-89.0,0.27,159.75,4.0
2025-04-08 15:04:52,158.0,120.0,162.1,10.0,156.0,10.0,169.0,50.0,160.05,4.099999999999994,130.0,60.0,2.062942073806342,190,70.0,75.0,0.37,159.75,
2025-04-08 15:04:53,158.0,108.0,160.88,25.0,156.0,9.0,162.52,29.0,159.44,2.8799999999999955,117.0,54.0,1.6061039816519058,171,63.0,-19.0,0.37,159.75,
2025-04-08 15:04:54,158.0,202.0,159.27,30.0,156.0,18.0,204.14,57.0,158.63,1.2700000000000102,220.0,87.0,1.3710762195721484,307,133.0,136.0,0.43,158.5,8.0
2025-04-08 15:04:55,157.9,59.0,159.0,10.0,155.19,37.0,370.97,39.0,158.45,1.0999999999999943,96.0,49.0,1.008637695049521,145,47.0,-162.0,0.32,158.5,
2025-04-08 15:04:56,155.38,76.0,159.0,13.0,151.39,66.0,181.0,52.0,157.19,3.620000000000005,142.0,65.0,1.0844445582294036,207,77.0,62.0,0.37,155.5,2.0
2025-04-08 15:04:57,158.0,59.0,159.0,10.0,155.0,90.0,181.0,40.0,158.5,1.0,149.0,50.0,0.8065791962806551,199,99.0,-8.0,0.5,158.0,3.0
2025-04-08 15:04:58,158.14,56.0,185.84,38.0,155.45,106.0,238.7,56.0,171.99,27.700000000000017,162.0,94.0,6.197864148227004,256,68.0,57.0,0.27,158.0,1.0
2025-04-08 15:04:59,159.0,22.0,187.04,47.0,158.0,44.0,261.92,37.0,173.02,28.039999999999992,66.0,84.0,7.944882000375039,150,-18.0,-106.0,-0.12,158.0,
2025-04-08 15:05:00,159.0,18.0,202.6,15.0,158.0,44.0,291.4,30.0,180.8,43.6,62.0,45.0,10.144168275412827,107,17.0,-43.0,0.16,158.0,
2025-04-08 15:05:01,159.0,22.0,199.0,13.0,158.0,88.0,240.42,31.0,179.0,40.0,110.0,44.0,8.768398941648393,154,66.0,47.0,0.43,158.0,
2025-04-08 15:05:02,159.0,19.0,197.0,8.0,158.0,64.0,260.0,24.0,178.0,38.0,83.0,32.0,3.8542599808404616,115,51.0,-39.0,0.44,158.0,
2025-04-08 15:05:03,158.86,57.0,195.27,11.0,157.7,89.0,209.09,33.0,177.07,36.41,146.0,44.0,2.898917039156232,190,102.0,75.0,0.54,159.0,5.0
2025-04-08 15:05:04,158.0,31.0,195.0,4.0,155.0,36.0,208.0,12.0,176.5,37.0,67.0,16.0,1.7014346887000211,83,51.0,-107.0,0.61,158.0,1.0
2025-04-08 15:05:05,158.3,54.0,194.6,15.0,155.92,91.0,261.83,30.0,176.45,36.29999999999998,145.0,45.0,1.0887286162813985,190,100.0,107.0,0.53,158.8,5.0
2025-04-08 15:05:06,157.67,27.0,171.92,25.0,136.88,34.0,177.69,13.0,164.79,14.25,61.0,38.0,5.498233352623762,99,23.0,-91.0,0.23,158.8,
2025-04-08 15:05:07,161.12,8.0,167.75,16.0,154.76,17.0,168.5,16.0,164.44,6.629999999999996,25.0,32.0,6.610268527064455,57,-7.0,-42.0,-0.12,158.8,
2025-04-08 15:05:08,162.0,4.0,166.5,6.0,158.0,8.0,167.9,10.0,164.25,4.5,12.0,16.0,6.565510642737072,28,-4.0,-29.0,-0.14,158.8,
2025-04-08 15:05:09,162.0,11.0,165.56,27.0,158.1,20.0,166.22,23.0,163.78,3.5600000000000023,31.0,50.0,5.439169973432405,81,-19.0,53.0,-0.23,158.8,
2025-04-08 15:05:10,156.11,114.0,163.96,26.0,155.8,10.0,165.5,16.0,160.03,7.849999999999994,124.0,42.0,1.95068449521755,166,82.0,85.0,0.49,160.86,7.0
2025-04-08 15:05:11,156.0,168.0,160.25,24.0,155.0,12.0,201.89,27.0,158.12,4.25,180.0,51.0,2.874148569555771,231,129.0,65.0,0.56,160.86,
2025-04-08 15:05:12,155.84,88.0,159.0,24.0,144.75,111.0,163.0,24.0,157.42,3.1599999999999966,199.0,48.0,3.160324350423022,247,151.0,16.0,0.61,156.0,3.0
2025-04-08 15:05:13,155.0,156.0,157.67,24.0,93.33,120.0,162.0,24.0,156.33,2.6699999999999875,276.0,48.0,2.924744433257977,324,228.0,77.0,0.7,156.0,
2025-04-08 15:05:14,155.0,190.0,156.5,28.0,137.0,28.0,195.52,33.0,155.75,1.5,218.0,61.0,1.6747089298950772,279,157.0,-45.0,0.56,155.5,4.0
2025-04-08 15:05:15,155.0,105.0,157.0,10.0,123.8,10.0,223.24,21.0,156.0,2.0,115.0,31.0,1.0076358468557525,146,84.0,-133.0,0.58,155.5,
2025-04-08 15:05:16,155.16,113.0,156.75,16.0,131.85,66.0,260.2,10.0,155.95,1.5900000000000034,179.0,26.0,0.6651691513200411,205,153.0,59.0,0.75,155.29,7.0
2025-04-08 15:05:17,156.0,66.0,265.0,40.0,155.0,156.0,362.9,39.0,210.5,109.0,222.0,79.0,24.37067766804792,301,143.0,96.0,0.48,156.67,3.0
2025-04-08 15:05:18,159.5,40.0,304.11,45.0,155.36,69.0,382.0,45.0,231.81,144.61,109.0,90.0,36.52721957663792,199,19.0,-102.0,0.1,163.0,5.0
2025-04-08 15:05:19,163.0,10.0,264.1,50.0,156.0,50.0,336.62,29.0,213.55,101.10000000000002,60.0,79.0,35.266456725902366,139,-19.0,-60.0,-0.14,163.0,
2025-04-08 15:05:20,163.0,4.0,192.0,20.0,156.0,20.0,275.0,8.0,177.5,29.0,24.0,28.0,30.53492213842952,52,-4.0,-87.0,-0.08,163.0,
2025-04-08 15:05:21,163.0,7.0,192.0,35.0,156.0,35.0,331.26,23.0,177.5,29.0,42.0,58.0,23.95120393633609,100,-16.0,48.0,-0.16,157.4,5.0
2025-04-08 15:05:22,156.0,9.0,314.0,45.0,154.95,93.0,539.19,27.0,235.0,158.0,102.0,72.0,28.20865416853437,174,30.0,74.0,0.17,157.4,
2025-04-08 15:05:23,154.95,22.0,375.0,30.0,151.11,27.0,432.0,30.0,264.98,220.05,49.0,60.0,37.76317889161325,109,-11.0,-65.0,-0.1,157.4,
2025-04-08 15:05:24,155.9,129.0,327.51,53.0,154.26,47.0,378.57,44.0,241.7,171.61,176.0,97.0,39.77871893362072,273,79.0,164.0,0.29,156.0,5.0
2025-04-08 15:05:25,156.0,120.0,203.41,39.0,155.0,30.0,314.0,75.0,179.71,47.41,150.0,114.0,39.205797020338665,264,36.0,-9.0,0.14,156.0,
2025-04-08 15:05:26,156.8,40.0,180.1,20.0,155.91,70.0,331.64,33.0,168.45,23.299999999999983,110.0,53.0,41.77059934930301,163,57.0,-101.0,0.35,156.0,
2025-04-08 15:05:27,158.36,22.0,169.0,17.0,156.44,72.0,169.88,25.0,163.68,10.639999999999986,94.0,42.0,46.419072911896514,136,52.0,-27.0,0.38,159.0,1.0
2025-04-08 15:05:28,158.0,33.0,169.71,28.0,156.0,112.0,267.78,45.0,163.86,11.710000000000008,145.0,73.0,33.191364087664795,218,72.0,82.0,0.33,158.67,3.0
2025-04-08 15:05:29,158.0,120.0,237.25,48.0,156.0,96.0,271.91,33.0,197.62,79.25,216.0,81.0,14.39121711322248,297,135.0,79.0,0.45,158.67,
2025-04-08 15:05:30,158.0,70.0,210.38,26.0,156.0,56.0,236.57,28.0,184.19,52.38,126.0,54.0,14.913894528254824,180,72.0,-117.0,0.4,158.67,
2025-04-08 15:05:31,158.0,75.0,180.33,36.0,156.0,72.0,183.0,18.0,169.17,22.330000000000013,147.0,54.0,14.83132934028199,201,93.0,21.0,0.46,158.0,5.0
2025-04-08 15:05:32,158.59,61.0,177.86,56.0,156.17,105.0,181.82,34.0,168.22,19.27000000000001,166.0,90.0,14.028405825321393,256,76.0,55.0,0.3,160.0,6.0
2025-04-08 15:05:33,156.2,80.0,177.0,40.0,155.78,54.0,183.0,20.0,166.6,20.80000000000001,134.0,60.0,13.447209747747388,194,74.0,-62.0,0.38,157.33,3.0
2025-04-08 15:05:34,156.0,120.0,177.0,40.0,155.0,20.0,289.05,38.0,166.5,21.0,140.0,78.0,7.49404630355994,218,62.0,24.0,0.28,157.33,
2025-04-08 15:05:35,157.41,51.0,175.86,56.0,155.99,158.0,187.86,28.0,166.63,18.450000000000017,209.0,84.0,1.2088548299501072,293,125.0,75.0,0.43,157.33,
2025-04-08 15:05:36,159.5,16.0,175.0,32.0,156.55,60.0,186.0,16.0,167.25,15.5,76.0,48.0,0.7228070281153772,124,28.0,-168.0,0.23,157.33,
2025-04-08 15:05:37,159.38,26.0,174.7,40.0,156.84,50.0,186.0,20.0,167.04,15.319999999999991,76.0,60.0,0.3236201475380155,136,16.0,12.0,0.12,164.0,1.0
2025-04-08 15:05:38,159.0,17.0,171.38,52.0,156.33,48.0,186.0,26.0,165.19,12.379999999999995,65.0,78.0,0.8038470003004292,143,-13.0,7.0,-0.09,159.0,2.0
2025-04-08 15:05:39,156.31,39.0,185.0,41.0,155.67,18.0,207.0,28.0,170.65,28.69,57.0,69.0,2.011223508189368,126,-12.0,-17.0,-0.1,157.0,5.0
2025-04-08 15:05:40,156.0,35.0,184.14,35.0,155.0,14.0,235.0,12.0,170.07,28.139999999999983,49.0,47.0,2.2737414100760853,96,2.0,-30.0,0.02,157.0,
2025-04-08 15:05:41,156.56,32.0,183.75,40.0,155.45,22.0,299.0,16.0,170.16,27.19,54.0,56.0,2.390412098341169,110,-2.0,14.0,-0.02,165.0,1.0
2025-04-08 15:05:42,156.0,30.0,183.0,30.0,155.0,12.0,507.26,27.0,169.5,27.0,42.0,57.0,2.2312619747346365,99,-15.0,-11.0,-0.15,165.0,
2025-04-08 15:05:43,156.09,32.0,183.0,50.0,155.46,26.0,415.74,38.0,169.55,26.91,58.0,88.0,0.4755312817241808,146,-30.0,47.0,-0.21,165.0,
2025-04-08 15:05:44,156.17,53.0,182.23,65.0,155.5,40.0,417.02,51.0,169.2,26.06,93.0,116.0,0.406484931944278,209,-23.0,63.0,-0.11,156.33,3.0
2025-04-08 15:05:45,156.0,140.0,180.36,55.0,151.0,11.0,416.41,37.0,168.18,24.360000000000014,151.0,92.0,0.7254102286962101,243,59.0,34.0,0.24,156.0,2.0
2025-04-08 15:05:46,156.01,107.0,178.91,55.0,154.14,22.0,227.0,29.0,167.46,22.90000000000001,129.0,84.0,0.9206084943645416,213,45.0,-30.0,0.21,156.33,3.0
2025-04-08 15:05:47,157.62,65.0,176.2,50.0,155.64,55.0,258.42,24.0,166.91,18.579999999999984,120.0,74.0,1.119888387249042,194,46.0,-19.0,0.24,156.33,
2025-04-08 15:05:48,163.0,33.0,173.91,55.0,156.69,29.0,298.04,23.0,168.45,10.909999999999997,62.0,78.0,0.8869329173589575,140,-16.0,-54.0,-0.11,156.33,
2025-04-08 15:05:49,156.85,59.0,172.0,9.0,147.0,27.0,173.0,45.0,164.42,15.150000000000006,86.0,54.0,1.6074607304358222,140,32.0,0.0,0.23,161.17,6.0
2025-04-08 15:05:50,156.0,140.0,170.71,14.0,89.57,14.0,173.0,70.0,163.36,14.710000000000008,154.0,84.0,2.1422068060510884,238,70.0,98.0,0.29,161.17,
2025-04-08 15:05:51,156.0,130.0,166.52,29.0,81.0,20.0,172.51,49.0,161.26,10.52000000000001,150.0,78.0,2.8500964895753085,228,72.0,-10.0,0.32,161.17,
2025-04-08 15:05:52,156.0,90.0,165.52,33.0,90.0,18.0,165.57,21.0,160.76,9.52000000000001,108.0,54.0,3.0733206796374866,162,54.0,-66.0,0.33,161.17,
2025-04-08 15:05:53,156.63,38.0,163.0,55.0,152.14,86.0,164.0,11.0,159.82,6.3700000000000045,124.0,66.0,1.9049094466363905,190,58.0,28.0,0.31,161.17,
2025-04-08 15:05:54,159.0,12.0,162.44,39.0,156.0,120.0,163.12,40.0,160.72,3.4399999999999977,132.0,79.0,1.322527882459696,211,53.0,21.0,0.25,157.5,2.0
2025-04-08 15:05:55,156.45,99.0,159.13,30.0,145.38,61.0,160.48,27.0,157.79,2.680000000000007,160.0,57.0,1.376190393761488,217,103.0,6.0,0.47,158.0,2.0
2025-04-08 15:05:56,157.0,58.0,158.87,23.0,156.0,63.0,159.21,19.0,157.93,1.8700000000000043,121.0,42.0,1.4595650036501444,163,79.0,-54.0,0.48,157.0,2.0
2025-04-08 15:05:57,157.0,85.0,158.54,56.0,156.0,108.0,256.57,51.0,157.77,1.539999999999992,193.0,107.0,1.3751836240587032,300,86.0,137.0,0.29,157.0,1.0
2025-04-08 15:05:58,157.16,93.0,185.1,41.0,147.75,81.0,348.46,67.0,171.13,27.94,174.0,108.0,5.762683402711189,282,66.0,-18.0,0.23,158.0,5.0
2025-04-08 15:05:59,159.0,15.0,175.86,7.0,157.0,30.0,253.0,15.0,167.43,16.860000000000014,45.0,22.0,6.406699618359303,67,23.0,-168.0,0.34,160.0,1.0
2025-04-08 15:06:00,160.33,21.0,259.42,36.0,158.92,49.0,571.55,44.0,209.88,99.09,70.0,80.0,21.52653060759913,150,-10.0,83.0,-0.07,161.25,4.0
2025-04-08 15:06:01,157.8,25.0,362.89,27.0,157.45,31.0,558.34,41.0,260.34,205.09,56.0,68.0,42.40402162531208,124,-12.0,-26.0,-0.1,159.5,4.0
2025-04-08 15:06:02,157.36,33.0,371.03,35.0,156.38,39.0,496.73,37.0,264.2,213.67,72.0,72.0,46.60803503689004,144,0.0,20.0,0.0,159.5,
2025-04-08 15:06:03,161.0,11.0,303.82,33.0,157.0,55.0,480.45,55.0,232.41,142.82,66.0,88.0,39.89434007475232,154,-22.0,10.0,-0.14,159.5,
2025-04-08 15:06:04,161.0,5.0,342.0,15.0,157.0,25.0,510.14,21.0,251.5,181.0,30.0,36.0,22.523489516502917,66,-6.0,-88.0,-0.09,159.5,
2025-04-08 15:06:05,161.0,6.0,336.62,26.0,157.0,30.0,345.67,18.0,248.81,175.62,36.0,44.0,12.360099918691162,80,-8.0,14.0,-0.1,159.5,
2025-04-08 15:06:06,157.93,28.0,197.62,29.0,156.61,41.0,353.03,37.0,177.77,39.69,69.0,66.0,33.90268381706679,135,3.0,55.0,0.02,161.0,1.0
2025-04-08 15:06:07,160.0,16.0,256.62,26.0,157.0,40.0,361.82,38.0,208.31,96.62,56.0,64.0,30.92577889075689,120,-8.0,-15.0,-0.07,161.0,
2025-04-08 15:06:08,158.06,34.0,214.6,30.0,156.65,46.0,257.08,38.0,186.33,56.53999999999999,80.0,68.0,34.3770429211119,148,12.0,28.0,0.08,160.0,2.0
2025-04-08 15:06:09,157.0,16.0,205.0,12.0,156.0,16.0,223.38,16.0,181.0,48.0,32.0,28.0,29.548808436211896,60,4.0,-88.0,0.07,157.0,2.0
2025-04-08 15:06:10,157.0,24.0,329.77,22.0,156.0,32.0,411.43,28.0,243.39,172.76999999999998,56.0,50.0,27.348409460148595,106,6.0,46.0,0.06,157.0,2.0
2025-04-08 15:06:11,156.2,20.0,315.55,22.0,113.82,51.0,431.96,26.0,235.87,159.35000000000002,71.0,48.0,28.2111325543652,119,23.0,13.0,0.19,156.5,4.0
2025-04-08 15:06:12,119.48,25.0,273.25,12.0,68.7,40.0,420.82,40.0,196.37,153.76999999999998,65.0,52.0,28.98828418516626,117,13.0,-2.0,0.11,159.5,4.0
2025-04-08 15:06:13,151.85,85.0,252.74,19.0,46.9,42.0,364.3,27.0,202.29,100.89,127.0,46.0,26.713557980919838,173,81.0,56.0,0.47,153.0,1.0
2025-04-08 15:06:14,162.47,36.0,269.67,6.0,111.38,21.0,642.5,18.0,216.07,107.20000000000002,57.0,24.0,20.48896581089384,81,33.0,-92.0,0.41,153.0,
2025-04-08 15:06:15,164.02,61.0,268.37,19.0,102.73,62.0,445.29,21.0,216.19,104.35,123.0,40.0,15.274636493218702,163,83.0,82.0,0.51,153.0,
2025-04-08 15:06:16,165.0,12.0,266.19,16.0,164.0,60.0,267.1,20.0,215.59,101.19,72.0,36.0,9.343367701207216,108,36.0,-55.0,0.33,153.0,
2025-04-08 15:06:17,165.0,9.0,261.62,13.0,164.0,45.0,263.5,12.0,213.31,96.62,54.0,25.0,5.92935072330585,79,29.0,-29.0,0.37,153.0,
2025-04-08 15:06:18,165.0,10.0,256.67,12.0,164.0,50.0,257.91,11.0,210.83,91.67000000000002,60.0,23.0,2.3098744554564434,83,37.0,4.0,0.45,153.0,
2025-04-08 15:06:19,164.48,23.0,251.81,26.0,163.64,67.0,253.59,17.0,208.14,87.33000000000001,90.0,43.0,3.3590206906132307,133,47.0,50.0,0.35,164.25,4.0
2025-04-08 15:06:20,163.41,29.0,247.59,44.0,161.48,27.0,248.91,46.0,205.5,84.18,56.0,90.0,4.010340384551479,146,-34.0,13.0,-0.23,161.43,7.0
2025-04-08 15:06:21,159.0,9.0,242.75,12.0,158.0,18.0,244.4,10.0,200.88,83.75,27.0,22.0,4.816894227607654,49,5.0,-97.0,0.1,161.43,
2025-04-08 15:06:27,126.91,99.0,151.19,31.0,84.73,77.0,152.72,25.0,139.05,24.28,176.0,56.0,8.352594207779982,232,120.0,121.0,0.52,161.43,
2025-04-08 15:06:29,128.67,83.0,152.0,20.0,77.26,57.0,153.0,30.0,140.34,23.330000000000013,140.0,50.0,7.003729720645132,190,90.0,-12.0,0.47,161.43,
2025-04-08 15:06:30,131.9,60.0,152.0,18.0,130.31,39.0,153.0,27.0,141.95,20.099999999999994,99.0,45.0,1.6109407189135534,144,54.0,-46.0,0.38,161.43,
2025-04-08 15:06:31,132.2,45.0,152.0,10.0,131.0,10.0,153.0,15.0,142.1,19.80000000000001,55.0,25.0,1.5033196599044052,80,30.0,-64.0,0.38,161.43,
2025-04-08 15:06:32,134.95,66.0,152.0,16.0,132.46,37.0,153.0,24.0,143.48,17.05000000000001,103.0,40.0,1.7319872978334665,143,63.0,63.0,0.44,161.43,
2025-04-08 15:06:33,136.89,54.0,152.0,14.0,135.64,28.0,153.0,21.0,144.44,15.110000000000014,82.0,35.0,1.568827587677561,117,47.0,-26.0,0.4,161.43,
2025-04-08 15:06:34,141.04,25.0,152.0,10.0,138.71,34.0,153.0,15.0,146.52,10.960000000000008,59.0,25.0,1.882211465234488,84,34.0,-33.0,0.4,161.43,
2025-04-08 15:06:35,142.45,84.0,152.0,36.0,141.89,75.0,153.0,39.0,147.23,9.550000000000011,159.0,75.0,2.1221875505859,234,84.0,150.0,0.36,161.43,
2025-04-08 15:06:36,146.46,48.0,153.71,56.0,144.94,62.0,270.54,26.0,150.09,7.25,110.0,82.0,2.5824348975074423,192,28.0,-42.0,0.15,152.2,5.0
2025-04-08 15:06:37,163.6,50.0,343.56,64.0,158.0,49.0,363.3,37.0,253.58,179.96,99.0,101.0,47.67564755721624,200,-2.0,8.0,-0.01,155.0,8.0
2025-04-08 15:06:38,165.0,44.0,192.94,17.0,164.0,33.0,227.15,26.0,178.97,27.94,77.0,43.0,45.80661054913264,120,34.0,-80.0,0.28,155.0,
2025-04-08 15:06:39,165.1,39.0,167.85,13.0,162.14,43.0,214.0,52.0,166.47,2.75,82.0,65.0,43.48545756916806,147,17.0,27.0,0.12,165.4,5.0
2025-04-08 15:06:40,159.0,12.0,165.04,25.0,157.0,84.0,185.2,10.0,162.02,6.039999999999992,96.0,35.0,41.20452438749804,131,61.0,-16.0,0.47,161.0,5.0
2025-04-08 15:06:41,159.27,44.0,165.0,28.0,156.96,67.0,166.0,7.0,162.14,5.72999999999999,111.0,35.0,39.15653112827954,146,76.0,15.0,0.52,157.67,3.0
2025-04-08 15:06:42,160.0,55.0,164.0,36.0,157.0,80.0,181.79,29.0,162.0,4.0,135.0,65.0,7.325807122761034,200,70.0,54.0,0.35,160.0,5.0
2025-04-08 15:06:43,158.54,41.0,162.12,34.0,156.92,76.0,163.28,39.0,160.33,3.5800000000000125,117.0,73.0,2.293331637572424,190,44.0,-10.0,0.23,160.0,3.0
2025-04-08 15:06:44,157.0,70.0,159.25,16.0,156.0,21.0,160.08,26.0,158.12,2.25,91.0,42.0,1.7358628977796793,133,49.0,-57.0,0.37,160.0,
2025-04-08 15:06:45,157.0,61.0,158.76,21.0,156.0,24.0,300.33,18.0,157.88,1.759999999999991,85.0,39.0,2.041636598390324,124,46.0,-9.0,0.37,157.17,6.0
2025-04-08 15:06:46,157.27,11.0,421.86,14.0,156.12,17.0,581.0,4.0,289.56,264.59000000000003,28.0,18.0,58.15230193208112,46,10.0,-78.0,0.22,158.0,6.0
2025-04-08 15:06:49,122.24,63.0,153.0,20.0,111.54,37.0,169.0,10.0,137.62,30.760000000000005,100.0,30.0,82.98875176793506,130,70.0,-72.0,0.54,158.0,
2025-04-08 15:06:50,118.32,57.0,153.0,20.0,29.92,63.0,343.0,12.0,135.66,34.68000000000001,120.0,32.0,86.24661025222926,152,88.0,22.0,0.58,158.0,
2025-04-08 15:06:51,139.0,42.0,153.0,28.0,138.0,91.0,624.33,18.0,146.0,14.0,133.0,46.0,68.65541071175595,179,87.0,27.0,0.49,158.0,
2025-04-08 15:06:52,149.49,59.0,337.67,36.0,132.7,117.0,600.56,27.0,243.58,188.18,176.0,63.0,49.38623816408656,239,113.0,60.0,0.47,153.0,4.0
2025-04-08 15:06:53,158.0,42.0,345.43,21.0,156.0,49.0,584.3,20.0,251.71,187.43,91.0,41.0,59.28824402864299,132,50.0,-107.0,0.38,153.0,
2025-04-08 15:06:55,159.94,31.0,334.75,40.0,157.25,56.0,407.57,21.0,247.34,174.81,87.0,61.0,65.52852943565891,148,26.0,14.0,0.18,153.0,
2025-04-08 15:06:56,159.53,47.0,181.0,22.0,157.09,77.0,334.0,55.0,170.27,21.47,124.0,77.0,56.78388213216867,201,47.0,53.0,0.23,164.0,2.0
2025-04-08 15:06:57,158.0,63.0,180.17,36.0,156.0,63.0,305.07,28.0,169.08,22.169999999999987,126.0,64.0,67.27000646647807,190,62.0,-11.0,0.33,164.0,
2025-04-08 15:06:58,159.44,50.0,179.5,40.0,157.5,56.0,499.53,19.0,169.47,20.06,106.0,59.0,71.70467439435156,165,47.0,-25.0,0.28,164.0,
2025-04-08 15:06:59,160.0,52.0,179.0,50.0,158.0,70.0,406.7,23.0,169.5,19.0,122.0,73.0,34.77800554948379,195,49.0,30.0,0.25,160.0,1.0
2025-04-08 15:07:00,160.0,20.0,178.5,20.0,158.0,28.0,408.55,11.0,169.25,18.5,48.0,31.0,0.4559934208963551,79,17.0,-116.0,0.22,160.0,
2025-04-08 15:07:01,160.0,50.0,177.5,50.0,158.0,52.0,491.33,24.0,168.75,17.5,102.0,74.0,0.3089498339541312,176,28.0,97.0,0.16,160.0,
2025-04-08 15:07:02,160.0,65.0,175.23,65.0,158.0,29.0,343.0,27.0,167.62,15.22999999999999,94.0,92.0,0.7852833882744665,186,2.0,10.0,0.01,160.0,4.0
2025-04-08 15:07:03,163.67,36.0,172.86,70.0,158.58,38.0,446.43,14.0,168.26,9.190000000000026,74.0,84.0,0.7586369354964584,158,-10.0,-28.0,-0.06,160.0,
2025-04-08 15:07:04,159.92,49.0,171.0,40.0,158.75,8.0,445.0,8.0,165.46,11.080000000000013,57.0,48.0,1.4749135567545022,105,9.0,-53.0,0.09,163.0,4.0
2025-04-08 15:07:05,159.0,88.0,170.64,55.0,158.0,11.0,339.24,17.0,164.82,11.639999999999986,99.0,72.0,1.743335882696415,171,27.0,66.0,0.16,163.0,
2025-04-08 15:07:06,159.0,96.0,169.17,60.0,158.0,12.0,195.92,12.0,164.08,10.169999999999987,108.0,72.0,1.8090660573609467,180,36.0,9.0,0.2,163.0,
2025-04-08 15:07:07,159.85,94.0,169.0,50.0,158.67,24.0,246.0,10.0,164.43,9.150000000000006,118.0,60.0,1.6734993277245516,178,58.0,-2.0,0.33,159.0,2.0
2025-04-08 15:07:08,163.0,128.0,167.64,70.0,159.0,112.0,211.0,16.0,165.32,4.639999999999986,240.0,86.0,0.5829408202327718,326,154.0,148.0,0.47,163.0,4.0
2025-04-08 15:07:09,163.0,66.0,166.91,55.0,159.0,88.0,194.94,17.0,164.95,3.9099999999999966,154.0,72.0,0.4786961456848186,226,82.0,-100.0,0.36,163.0,
2025-04-08 15:07:10,163.0,60.0,165.9,50.0,159.0,80.0,282.2,10.0,164.45,2.9000000000000057,140.0,60.0,0.4878831826302188,200,80.0,-26.0,0.4,163.0,
2025-04-08 15:07:11,163.0,72.0,260.15,20.0,159.0,96.0,369.19,36.0,211.57,97.14999999999998,168.0,56.0,20.92506583024073,224,112.0,24.0,0.5,163.0,
2025-04-08 15:07:12,160.0,32.0,246.75,20.0,158.38,42.0,293.43,28.0,203.38,86.75,74.0,48.0,23.496781268929585,122,26.0,-102.0,0.21,162.0,8.0
2025-04-08 15:07:13,159.0,60.0,193.7,46.0,158.0,110.0,210.0,30.0,176.35,34.69999999999999,170.0,76.0,22.018281040987816,246,94.0,124.0,0.38,162.0,
2025-04-08 15:07:14,161.47,127.0,178.4,100.0,158.96,125.0,372.34,44.0,169.94,16.930000000000007,252.0,144.0,21.021552511646824,396,108.0,150.0,0.27,162.0,3.0
2025-04-08 15:07:15,161.07,67.0,170.13,87.0,158.86,154.0,378.21,33.0,165.6,9.060000000000002,221.0,120.0,20.74306076739702,341,101.0,-55.0,0.3,160.73,11.0
2025-04-08 15:07:16,158.09,92.0,161.61,18.0,157.16,38.0,343.0,10.0,159.85,3.5200000000000102,130.0,28.0,16.96120661981066,158,102.0,-168.0,0.65,160.0,2.0
2025-04-08 15:07:17,158.0,99.0,383.6,15.0,156.0,18.0,481.67,9.0,270.8,225.6,117.0,24.0,46.39670861171007,141,93.0,-17.0,0.66,160.0,
2025-04-08 15:07:18,158.0,132.0,461.23,39.0,156.68,31.0,461.71,34.0,309.62,303.23,163.0,73.0,69.9620241273791,236,90.0,95.0,0.38,160.0,
2025-04-08 15:07:19,158.08,144.0,455.22,41.0,157.18,56.0,456.67,43.0,306.65,297.14,200.0,84.0,74.44098219395025,284,116.0,48.0,0.41,160.0,
2025-04-08 15:07:20,158.86,65.0,424.86,42.0,157.96,135.0,452.8,45.0,291.86,266.0,200.0,87.0,62.24811507186431,287,113.0,3.0,0.39,160.0,6.0
2025-04-08 15:07:21,162.0,12.0,385.58,60.0,158.0,50.0,420.62,29.0,273.79,223.58,62.0,89.0,17.996881118685447,151,-27.0,-136.0,-0.18,160.0,
2025-04-08 15:07:22,162.0,13.0,381.38,39.0,158.0,39.0,384.0,65.0,271.69,219.38,52.0,104.0,17.75556447990593,156,-52.0,5.0,-0.33,160.0,
2025-04-08 15:07:23,160.24,17.0,336.38,42.0,157.51,43.0,369.62,53.0,248.31,176.14,60.0,95.0,22.084499088729125,155,-35.0,-1.0,-0.23,158.4,5.0
2025-04-08 15:07:24,156.0,40.0,278.1,31.0,155.0,76.0,279.16,25.0,217.05,122.10000000000002,116.0,56.0,28.817444369687777,172,60.0,17.0,0.35,158.4,
2025-04-08 15:07:25,158.84,76.0,277.02,47.0,155.26,76.0,278.78,37.0,217.93,118.17999999999998,152.0,84.0,27.673638719908645,236,68.0,64.0,0.29,158.4,
2025-04-08 15:07:26,162.0,135.0,272.39,56.0,156.0,75.0,274.17,54.0,217.2,110.39,210.0,110.0,24.75958965734306,320,100.0,84.0,0.31,158.4,
2025-04-08 15:07:27,162.15,137.0,270.28,72.0,158.14,101.0,271.16,77.0,216.21,108.12999999999997,238.0,149.0,13.972022044070512,387,89.0,67.0,0.23,158.4,
2025-04-08 15:07:28,163.0,65.0,267.79,58.0,162.0,117.0,268.59,59.0,215.4,104.79000000000002,182.0,117.0,0.974510133339906,299,65.0,-88.0,0.22,158.4,
2025-04-08 15:07:29,163.0,57.0,242.86,56.0,162.0,108.0,250.12,52.0,202.93,79.86000000000001,165.0,108.0,6.225996305811451,273,57.0,-26.0,0.21,163.0,1.0
2025-04-08 15:07:30,163.0,60.0,202.73,51.0,162.0,135.0,211.77,56.0,182.86,39.72999999999999,195.0,107.0,14.651762692589836,302,88.0,29.0,0.29,163.0,
2025-04-08 15:07:31,163.0,44.0,184.11,44.0,162.0,99.0,185.09,47.0,173.56,21.110000000000014,143.0,91.0,19.267964863990045,234,52.0,-68.0,0.22,163.0,
2025-04-08 15:07:32,163.72,87.0,179.16,67.0,162.4,90.0,180.63,59.0,171.44,15.439999999999998,177.0,126.0,19.20396104974029,303,51.0,69.0,0.17,163.0,
2025-04-08 15:07:33,164.19,72.0,175.64,67.0,163.0,64.0,176.93,68.0,169.92,11.449999999999989,136.0,135.0,13.695047279945008,271,1.0,-32.0,0.0,164.0,5.0
2025-04-08 15:07:34,165.0,28.0,171.49,65.0,163.94,69.0,172.76,50.0,168.25,6.490000000000009,97.0,115.0,5.740285707168167,212,-18.0,-59.0,-0.08,164.0,
2025-04-08 15:07:35,163.53,43.0,166.51,45.0,162.36,72.0,167.61,46.0,165.02,2.9799999999999898,115.0,91.0,3.238876348351987,206,24.0,-6.0,0.12,163.67,12.0
2025-04-08 15:07:36,160.61,112.0,163.51,45.0,159.89,110.0,164.51,43.0,162.06,2.8999999999999773,222.0,88.0,3.793259811812344,310,134.0,104.0,0.43,162.0,8.0
2025-04-08 15:07:37,160.0,63.0,172.64,33.0,158.0,9.0,269.2,15.0,166.32,12.639999999999986,72.0,48.0,3.021684960400266,120,24.0,-168.0,0.2,160.0,12.0
2025-04-08 15:07:38,157.44,25.0,255.44,18.0,156.93,14.0,337.55,22.0,206.44,98.0,39.0,40.0,18.485621980337037,79,-1.0,-41.0,-0.01,159.0,2.0
2025-04-08 15:07:39,156.04,158.0,192.62,13.0,155.23,65.0,233.0,31.0,174.33,36.58000000000001,223.0,44.0,18.24260891429516,267,179.0,168.0,0.67,156.67,3.0
2025-04-08 15:07:40,158.33,36.0,188.03,34.0,156.45,100.0,393.88,16.0,173.18,29.69999999999999,136.0,50.0,17.494821519521818,186,86.0,-81.0,0.46,156.67,
2025-04-08 15:07:41,162.21,34.0,187.56,34.0,159.93,29.0,402.86,14.0,174.88,25.349999999999994,63.0,48.0,15.70340090553404,111,15.0,-75.0,0.14,156.67,
2025-04-08 15:07:42,163.0,52.0,185.5,62.0,162.0,42.0,245.97,30.0,174.25,22.5,94.0,92.0,14.449174024833717,186,2.0,75.0,0.01,163.0,2.0
2025-04-08 15:07:43,162.82,22.0,178.05,22.0,161.64,22.0,183.0,32.0,170.43,15.230000000000018,44.0,54.0,1.7780691774843698,98,-10.0,-88.0,-0.1,162.75,4.0
2025-04-08 15:07:44,162.0,20.0,171.25,16.0,160.0,20.0,178.25,40.0,166.62,9.25,40.0,56.0,3.393990276933319,96,-16.0,-2.0,-0.17,162.75,
2025-04-08 15:07:45,162.85,13.0,168.0,28.0,161.83,24.0,168.17,36.0,165.42,5.150000000000006,37.0,64.0,4.299726735493297,101,-27.0,5.0,-0.27,162.75,
2025-04-08 15:07:46,163.0,11.0,165.0,11.0,162.0,22.0,166.45,11.0,164.0,2.0,33.0,22.0,4.166068890442514,55,11.0,-46.0,0.2,162.75,
2025-04-08 15:07:47,161.0,16.0,163.0,8.0,158.57,28.0,164.25,8.0,162.0,2.0,44.0,16.0,3.15743250124363,60,28.0,5.0,0.47,162.33,3.0
2025-04-08 15:07:48,160.0,12.0,161.29,7.0,158.0,35.0,196.29,7.0,160.64,1.289999999999992,47.0,14.0,2.44038521547458,61,33.0,1.0,0.54,160.0,1.0
2025-04-08 15:07:49,158.95,148.0,160.74,19.0,157.27,121.0,265.87,15.0,159.84,1.7900000000000205,269.0,34.0,2.3178438256071154,303,235.0,168.0,0.78,159.25,4.0
2025-04-08 15:07:50,159.0,101.0,201.33,9.0,158.0,73.0,393.43,21.0,180.17,42.33000000000001,174.0,30.0,8.444222877204805,204,144.0,-99.0,0.71,161.0,1.0
2025-04-08 15:07:51,159.0,78.0,240.0,10.0,158.0,30.0,426.55,22.0,199.5,81.0,108.0,32.0,17.313214606187923,140,76.0,-64.0,0.54,161.0,
2025-04-08 15:07:52,159.0,130.0,268.5,12.0,158.0,50.0,440.48,46.0,213.75,109.5,180.0,58.0,23.779900125945304,238,122.0,98.0,0.51,161.0,
2025-04-08 15:07:53,159.19,84.0,246.33,36.0,158.22,45.0,265.5,20.0,202.76,87.14000000000001,129.0,56.0,21.30807663774338,185,73.0,-53.0,0.39,159.0,1.0
2025-04-08 15:07:54,159.51,78.0,308.25,48.0,158.74,95.0,346.83,36.0,233.88,148.74,173.0,84.0,19.731273907175023,257,89.0,72.0,0.35,159.0,
2025-04-08 15:07:55,159.0,80.0,290.88,40.0,158.0,40.0,499.11,36.0,224.94,131.88,120.0,76.0,14.550621292576428,196,44.0,-61.0,0.22,159.0,
2025-04-08 15:07:56,159.0,99.0,166.0,60.0,158.0,60.0,558.26,57.0,162.5,7.0,159.0,117.0,27.77843732105836,276,42.0,80.0,0.15,159.0,3.0
2025-04-08 15:07:57,159.41,79.0,282.58,57.0,158.2,69.0,491.42,60.0,220.99,123.17,148.0,117.0,28.363906289507625,265,31.0,-11.0,0.12,159.0,3.0
2025-04-08 15:07:58,160.0,44.0,308.73,75.0,159.0,60.0,513.53,73.0,234.37,148.73000000000002,104.0,148.0,30.09161228648241,252,-44.0,-13.0,-0.17,160.0,2.0
2025-04-08 15:07:59,160.0,16.0,455.12,40.0,159.0,32.0,573.88,40.0,307.56,295.12,48.0,80.0,51.714742288829015,128,-32.0,-124.0,-0.25,160.0,
2025-04-08 15:08:00,159.5,16.0,433.35,65.0,158.16,98.0,634.99,72.0,296.43,273.85,114.0,137.0,59.27170699414705,251,-23.0,123.0,-0.09,159.4,5.0
2025-04-08 15:08:01,159.95,74.0,307.0,52.0,158.13,54.0,529.45,47.0,233.47,147.05,128.0,99.0,40.19112439332893,227,29.0,-24.0,0.13,159.4,
2025-04-08 15:08:02,160.0,72.0,446.4,43.0,159.0,10.0,581.59,34.0,303.2,286.4,82.0,77.0,37.71662803061884,159,5.0,-68.0,0.03,160.0,4.0
2025-04-08 15:08:03,160.0,36.0,399.62,24.0,158.6,35.0,458.5,24.0,279.81,239.62,71.0,48.0,30.203523469954217,119,23.0,-40.0,0.19,160.0,
2025-04-08 15:08:04,160.0,48.0,397.5,24.0,159.0,72.0,400.0,40.0,278.75,237.5,120.0,64.0,27.20713729887927,184,56.0,65.0,0.3,160.0,
2025-04-08 15:08:05,161.37,19.0,395.73,33.0,159.87,69.0,400.0,55.0,278.55,234.36,88.0,88.0,25.34504054050936,176,0.0,-8.0,0.0,162.0,1.0
2025-04-08 15:08:06,160.15,39.0,346.56,27.0,159.25,72.0,374.52,33.0,253.35,186.41,111.0,60.0,17.63607439313149,171,51.0,-5.0,0.3,162.0,1.0
2025-04-08 15:08:07,160.0,62.0,216.5,24.0,159.0,108.0,321.25,60.0,188.25,56.5,170.0,84.0,39.33742899580548,254,86.0,83.0,0.34,160.0,1.0
2025-04-08 15:08:08,161.64,66.0,212.69,35.0,159.36,84.0,263.43,37.0,187.16,51.05000000000001,150.0,72.0,46.36041112846188,222,78.0,-32.0,0.35,160.0,
2025-04-08 15:08:09,163.0,84.0,207.77,39.0,160.0,70.0,208.85,41.0,185.38,44.77000000000001,154.0,80.0,44.2004249979566,234,74.0,12.0,0.32,160.0,
2025-04-08 15:08:10,163.38,48.0,195.93,28.0,162.05,79.0,202.11,36.0,179.65,32.55000000000001,127.0,64.0,30.69733164299395,191,63.0,-43.0,0.33,160.0,
2025-04-08 15:08:11,163.35,23.0,174.0,14.0,161.85,39.0,175.0,7.0,168.67,10.650000000000006,62.0,21.0,8.064822998673584,83,41.0,-108.0,0.49,163.67,3.0
2025-04-08 15:08:12,163.0,29.0,165.41,29.0,160.0,45.0,169.8,20.0,164.21,2.4099999999999966,74.0,49.0,10.16666759562481,123,25.0,40.0,0.2,163.0,4.0
2025-04-08 15:08:13,160.24,49.0,165.52,25.0,159.2,101.0,199.27,37.0,162.88,5.280000000000001,150.0,62.0,9.904159227310558,212,88.0,89.0,0.42,163.0,1.0
2025-04-08 15:08:14,160.0,62.0,162.47,34.0,159.0,135.0,163.7,46.0,161.24,2.469999999999999,197.0,80.0,7.419619262463149,277,117.0,65.0,0.42,161.33,3.0
2025-04-08 15:08:15,160.0,40.0,161.0,20.0,159.0,90.0,162.0,20.0,160.5,1.0,130.0,40.0,3.2297445719296296,170,90.0,-107.0,0.53,161.33,
2025-04-08 15:08:16,160.0,25.0,161.0,26.0,159.0,117.0,284.17,18.0,160.5,1.0,142.0,44.0,1.6314349511723556,186,98.0,16.0,0.53,160.0,3.0
2025-04-08 15:08:17,159.01,109.0,188.64,14.0,158.09,105.0,372.53,15.0,173.83,29.629999999999995,214.0,29.0,5.696060041810418,243,185.0,57.0,0.76,160.0,1.0
2025-04-08 15:08:18,159.0,94.0,192.73,11.0,158.0,88.0,310.29,21.0,175.86,33.72999999999999,182.0,32.0,7.761139091648385,214,150.0,-29.0,0.7,159.0,5.0
2025-04-08 15:08:19,159.0,32.0,174.38,8.0,158.0,64.0,217.14,14.0,166.69,15.379999999999995,96.0,22.0,7.221698553658561,118,74.0,-96.0,0.63,159.0,
2025-04-08 15:08:20,159.43,42.0,162.33,12.0,158.33,72.0,171.71,14.0,160.88,2.9000000000000057,114.0,26.0,7.131365226933357,140,88.0,22.0,0.63,159.0,
2025-04-08 15:08:21,160.0,27.0,190.35,37.0,159.0,52.0,284.95,19.0,175.18,30.349999999999994,79.0,56.0,6.4957809384182665,135,23.0,-5.0,0.17,160.0,1.0
2025-04-08 15:08:22,160.0,16.0,181.47,17.0,159.0,32.0,291.26,23.0,170.74,21.47,48.0,40.0,6.24030447974434,88,8.0,-47.0,0.09,160.0,
2025-04-08 15:08:23,159.24,21.0,179.0,11.0,158.18,55.0,319.0,44.0,169.12,19.75999999999999,76.0,55.0,5.276421135572438,131,21.0,43.0,0.16,159.33,6.0
2025-04-08 15:08:24,158.0,80.0,283.0,33.0,156.0,150.0,511.97,35.0,220.5,125.0,230.0,68.0,23.61469627160021,298,162.0,167.0,0.54,159.33,
2025-04-08 15:08:25,158.0,80.0,285.67,12.0,156.0,150.0,462.33,24.0,221.83,127.67000000000002,230.0,36.0,27.19875879520872,266,194.0,-32.0,0.73,159.33,
2025-04-08 15:08:26,160.0,28.0,447.84,25.0,157.9,59.0,519.85,40.0,303.92,287.84,87.0,65.0,54.8244947081136,152,22.0,-114.0,0.14,159.33,
2025-04-08 15:08:27,163.0,16.0,404.0,8.0,160.0,30.0,562.0,29.0,283.5,241.0,46.0,37.0,54.11130732111361,83,9.0,-69.0,0.11,159.33,
2025-04-08 15:08:28,163.0,22.0,411.36,11.0,160.0,138.0,643.68,34.0,287.18,248.36,160.0,45.0,39.3059878390053,205,115.0,122.0,0.56,159.33,
2025-04-08 15:08:30,163.0,18.0,178.0,45.0,160.0,81.0,574.44,25.0,170.5,15.0,99.0,70.0,65.89581382758735,169,29.0,19.0,0.17,159.33,
2025-04-08 15:08:31,163.67,30.0,211.83,48.0,160.55,55.0,444.06,31.0,187.75,48.160000000000025,85.0,79.0,74.71605717648666,164,6.0,-5.0,0.04,159.33,
2025-04-08 15:08:32,164.0,32.0,272.25,32.0,163.0,16.0,557.62,16.0,218.12,108.25,48.0,48.0,74.32608142502879,96,0.0,-68.0,0.0,163.8,5.0
2025-04-08 15:08:33,163.0,10.0,354.62,39.0,160.0,90.0,567.58,31.0,258.81,191.62,100.0,70.0,71.07367198900027,170,30.0,74.0,0.18,163.8,
2025-04-08 15:08:34,163.0,8.0,364.51,39.0,160.0,72.0,383.85,33.0,263.76,201.51,80.0,72.0,41.577565705557845,152,8.0,-18.0,0.05,163.8,
2025-04-08 15:08:35,160.21,43.0,309.67,21.0,159.63,43.0,366.46,28.0,234.94,149.46,86.0,49.0,31.163076388572357,135,37.0,-17.0,0.27,160.6,5.0
2025-04-08 15:08:36,160.0,50.0,166.14,36.0,159.0,20.0,217.79,14.0,163.07,6.139999999999986,70.0,50.0,40.58749376347337,120,20.0,-15.0,0.17,160.6,
2025-04-08 15:08:37,160.0,43.0,187.74,43.0,159.0,30.0,251.84,19.0,173.87,27.74000000000001,73.0,62.0,47.45313108742118,135,11.0,15.0,0.08,160.71,7.0
2025-04-08 15:08:38,159.0,18.0,405.72,25.0,158.0,27.0,560.2,30.0,282.36,246.72000000000003,45.0,55.0,53.22384944740454,100,-10.0,-35.0,-0.1,160.0,2.0
2025-04-08 15:08:39,159.0,18.0,376.84,37.0,158.0,33.0,567.91,44.0,267.92,217.84,51.0,81.0,54.03491528632192,132,-30.0,32.0,-0.23,159.0,1.0
2025-04-08 15:08:40,157.03,34.0,319.0,34.0,156.75,52.0,538.61,46.0,238.01,161.97,86.0,80.0,54.20135450337,166,6.0,34.0,0.04,157.25,4.0
2025-04-08 15:08:41,156.18,45.0,287.0,10.0,155.77,22.0,514.95,37.0,221.59,130.82,67.0,47.0,42.53571616888567,114,20.0,-52.0,0.18,158.0,3.0
2025-04-08 15:08:42,156.0,36.0,285.0,28.0,155.0,7.0,309.35,17.0,220.5,129.0,43.0,45.0,27.89464697751192,88,-2.0,-26.0,-0.02,156.0,1.0
2025-04-08 15:08:43,156.03,71.0,251.65,49.0,155.26,19.0,251.69,55.0,203.84,95.62,90.0,104.0,24.221469195736105,194,-14.0,106.0,-0.07,156.0,2.0
2025-04-08 15:08:44,156.0,138.0,161.26,38.0,155.0,18.0,185.15,52.0,158.63,5.259999999999991,156.0,90.0,30.39292565713216,246,66.0,52.0,0.27,156.0,
2025-04-08 15:08:45,147.67,30.0,156.67,15.0,145.43,65.0,158.0,20.0,152.17,9.0,95.0,35.0,33.637222388299826,130,60.0,-116.0,0.46,155.75,4.0
2025-04-08 15:08:46,144.43,49.0,152.55,20.0,137.55,22.0,153.87,15.0,148.49,8.120000000000005,71.0,35.0,33.08725630813044,106,36.0,-24.0,0.34,155.75,
2025-04-08 15:08:52,131.5,28.0,390.29,17.0,78.0,18.0,471.18,22.0,260.9,258.79,46.0,39.0,58.61396975124519,85,7.0,-83.0,0.08,156.67,6.0
2025-04-08 15:08:53,163.0,20.0,334.0,8.0,158.0,12.0,574.0,16.0,248.5,171.0,32.0,24.0,68.46398272084322,56,8.0,-29.0,0.14,156.67,
2025-04-08 15:08:54,163.0,25.0,202.0,10.0,158.0,15.0,463.2,20.0,182.5,39.0,40.0,30.0,62.647489973660825,70,10.0,14.0,0.14,156.67,
2025-04-08 15:08:55,163.0,35.0,202.0,14.0,159.0,35.0,549.29,28.0,182.5,39.0,70.0,42.0,53.64958527332665,112,28.0,42.0,0.25,156.67,
2025-04-08 15:08:56,163.0,35.0,202.0,14.0,160.29,21.0,420.29,28.0,182.5,39.0,56.0,42.0,39.78783733755784,98,14.0,-14.0,0.14,156.67,
2025-04-08 15:08:58,164.67,45.0,306.46,46.0,163.71,138.0,317.15,26.0,235.56,141.79,183.0,72.0,60.04012758147648,255,111.0,123.0,0.44,156.67,
2025-04-08 15:08:59,162.92,50.0,294.67,30.0,161.34,44.0,314.89,37.0,228.79,131.75000000000003,94.0,67.0,56.14439687092546,161,27.0,-94.0,0.17,163.78,9.0
2025-04-08 15:09:00,162.0,21.0,314.5,18.0,160.0,18.0,0.0,0.0,238.25,152.5,39.0,18.0,49.54272953723884,57,21.0,-104.0,0.37,162.0,3.0
2025-04-08 15:09:01,162.0,8.0,312.67,30.0,160.0,24.0,314.0,18.0,237.33,150.67000000000002,32.0,48.0,38.1119224128095,80,-16.0,23.0,-0.2,162.0,
2025-04-08 15:09:02,162.9,21.0,255.88,32.0,161.08,13.0,284.97,39.0,209.39,92.98,34.0,71.0,12.029637567274584,105,-37.0,25.0,-0.35,163.0,5.0
2025-04-08 15:09:03,163.0,24.0,219.19,32.0,162.0,12.0,244.3,40.0,191.09,56.19,36.0,72.0,20.33661230392056,108,-36.0,3.0,-0.33,163.0,
2025-04-08 15:09:04,163.0,26.0,209.25,56.0,162.0,13.0,212.16,43.0,186.12,46.25,39.0,99.0,24.716065220822728,138,-60.0,30.0,-0.43,163.0,
2025-04-08 15:09:05,163.0,12.0,205.0,24.0,162.0,6.0,207.0,30.0,184.0,42.0,18.0,54.0,22.344834526125936,72,-36.0,-66.0,-0.5,163.0,
2025-04-08 15:09:06,163.0,24.0,182.83,35.0,162.0,12.0,197.36,45.0,172.91,19.830000000000013,36.0,80.0,13.34033995068842,116,-44.0,44.0,-0.38,163.0,
2025-04-08 15:09:07,162.08,25.0,164.36,25.0,159.78,23.0,165.4,15.0,163.22,2.280000000000001,48.0,40.0,11.256818822381511,88,8.0,-28.0,0.09,163.0,2.0
2025-04-08 15:09:08,162.0,56.0,163.62,16.0,160.0,24.0,165.0,24.0,162.81,1.6200000000000043,80.0,40.0,11.060405507933073,120,40.0,32.0,0.33,162.0,1.0
2025-04-08 15:09:09,162.0,54.0,163.0,22.0,160.0,49.0,207.26,31.0,162.5,1.0,103.0,53.0,9.410418162861362,156,50.0,36.0,0.32,162.0,3.0
2025-04-08 15:09:10,162.0,4.0,163.0,8.0,160.0,20.0,230.0,8.0,162.5,1.0,24.0,16.0,4.549941757858697,40,8.0,-116.0,0.2,162.0,2.0
2025-04-08 15:09:11,160.06,36.0,217.27,11.0,159.12,40.0,301.0,20.0,188.66,57.21000000000001,76.0,31.0,11.58771849847543,107,45.0,67.0,0.42,162.0,1.0
2025-04-08 15:09:12,160.0,45.0,227.22,9.0,159.0,45.0,230.0,18.0,193.61,67.22,90.0,27.0,15.725636076162916,117,63.0,10.0,0.54,162.0,
2025-04-08 15:09:13,160.0,28.0,196.75,28.0,159.0,80.0,205.0,40.0,178.38,36.75,108.0,68.0,14.440979883647785,176,40.0,59.0,0.23,160.0,4.0
2025-04-08 15:09:14,159.08,52.0,187.44,16.0,158.36,56.0,222.0,42.0,173.26,28.359999999999985,108.0,58.0,12.368832604571956,166,50.0,-10.0,0.3,159.5,2.0
2025-04-08 15:09:15,159.0,48.0,184.92,12.0,158.0,36.0,421.46,56.0,171.96,25.919999999999987,84.0,68.0,9.565954212723597,152,16.0,-14.0,0.11,159.5,
2025-04-08 15:09:16,158.94,47.0,181.42,12.0,157.53,43.0,314.07,43.0,170.18,22.47999999999999,90.0,55.0,9.520447468471223,145,35.0,-7.0,0.24,159.5,
2025-04-08 15:09:17,156.39,93.0,179.44,16.0,155.22,273.0,217.57,56.0,167.91,23.05000000000001,366.0,72.0,3.92946815738647,438,294.0,168.0,0.67,157.5,8.0
2025-04-08 15:09:18,157.18,33.0,175.54,37.0,156.19,78.0,189.59,27.0,166.36,18.359999999999985,111.0,64.0,2.832733662014738,175,47.0,-168.0,0.27,157.5,
2025-04-08 15:09:19,158.0,32.0,173.62,32.0,157.0,48.0,174.14,42.0,165.81,15.620000000000005,80.0,74.0,2.5952899645145098,154,6.0,-21.0,0.04,157.5,
2025-04-08 15:09:20,159.42,33.0,171.6,15.0,156.82,40.0,172.9,30.0,165.51,12.180000000000009,73.0,45.0,1.9279341274815984,118,28.0,-36.0,0.24,158.0,2.0
2025-04-08 15:09:21,162.0,48.0,170.97,31.0,160.0,16.0,171.88,17.0,166.48,8.969999999999999,64.0,48.0,0.925651122133691,112,16.0,-6.0,0.14,158.0,
2025-04-08 15:09:22,163.0,31.0,167.33,21.0,160.0,12.0,168.8,15.0,165.17,4.3300000000000125,43.0,36.0,0.5557247519291658,79,7.0,-33.0,0.09,163.0,1.0
2025-04-08 15:09:23,164.5,24.0,169.04,28.0,160.0,12.0,174.5,32.0,166.77,4.539999999999992,36.0,60.0,0.6661231116744352,96,-24.0,17.0,-0.25,163.0,
2025-04-08 15:09:24,163.5,24.0,170.15,33.0,157.63,19.0,170.88,34.0,166.83,6.650000000000006,43.0,67.0,0.762509016279209,110,-24.0,14.0,-0.22,163.33,3.0
2025-04-08 15:09:25,156.0,52.0,163.89,37.0,155.0,117.0,164.78,36.0,159.95,7.889999999999986,169.0,73.0,2.923850201345093,242,96.0,132.0,0.4,163.33,
2025-04-08 15:09:26,157.24,63.0,187.7,60.0,155.49,106.0,242.02,57.0,172.47,30.45999999999998,169.0,117.0,4.476351192646439,286,52.0,44.0,0.18,158.2,10.0
2025-04-08 15:09:27,158.0,31.0,330.0,35.0,156.0,28.0,353.0,7.0,244.0,172.0,59.0,42.0,34.93960904188721,101,17.0,-168.0,0.17,158.0,4.0
2025-04-08 15:09:28,163.14,102.0,321.75,48.0,160.11,19.0,346.23,31.0,242.44,158.61,121.0,79.0,42.3035184115925,200,42.0,99.0,0.21,158.0,
2025-04-08 15:09:29,164.0,90.0,314.97,29.0,163.0,56.0,356.75,16.0,239.48,150.97000000000003,146.0,45.0,41.76426786141431,191,101.0,-9.0,0.53,164.0,4.0
2025-04-08 15:09:30,164.0,55.0,329.62,16.0,163.0,64.0,408.12,16.0,246.81,165.62,119.0,32.0,31.734417435963543,151,87.0,-40.0,0.58,164.0,5.0
2025-04-08 15:09:31,164.43,51.0,275.1,10.0,163.14,56.0,408.3,10.0,219.77,110.67000000000002,107.0,20.0,10.800497673718516,127,87.0,-24.0,0.69,164.0,1.0
2025-04-08 15:09:32,165.0,77.0,327.86,7.0,164.0,28.0,417.0,7.0,246.43,162.86,105.0,14.0,11.158594445538366,119,91.0,-8.0,0.76,164.0,
2025-04-08 15:09:33,165.0,66.0,326.33,6.0,164.0,24.0,417.0,6.0,245.67,161.32999999999998,90.0,12.0,11.49691349884831,102,78.0,-17.0,0.76,164.0,
2025-04-08 15:09:34,165.0,83.0,325.88,8.0,164.0,32.0,417.0,8.0,245.44,160.88,115.0,16.0,11.782630436367,131,99.0,29.0,0.76,165.0,1.0
2025-04-08 15:09:35,165.0,92.0,319.15,13.0,164.0,48.0,320.22,23.0,242.08,154.14999999999998,140.0,36.0,11.364333240450174,176,104.0,45.0,0.59,165.0,4.0
2025-04-08 15:09:36,165.0,42.0,318.38,8.0,164.0,32.0,320.0,16.0,241.69,153.38,74.0,24.0,2.204919499665765,98,50.0,-78.0,0.51,165.0,3.0
2025-04-08 15:09:37,164.43,28.0,315.0,32.0,163.31,52.0,315.92,12.0,239.71,150.57,80.0,44.0,2.5707722575141783,124,36.0,26.0,0.29,165.0,3.0
2025-04-08 15:09:38,164.0,36.0,282.76,37.0,163.0,81.0,309.86,21.0,223.38,118.76,117.0,58.0,8.677940423856265,175,59.0,51.0,0.34,165.0,
2025-04-08 15:09:39,164.45,40.0,269.91,55.0,162.3,109.0,309.58,31.0,217.18,105.46000000000004,149.0,86.0,11.679245266710998,235,63.0,60.0,0.27,165.0,
2025-04-08 15:09:40,164.5,28.0,308.12,40.0,162.07,82.0,314.0,8.0,236.31,143.62,110.0,48.0,10.784879693347984,158,62.0,-77.0,0.39,164.2,5.0
2025-04-08 15:09:41,163.0,63.0,306.56,25.0,159.0,178.0,308.28,29.0,234.78,143.56,241.0,54.0,9.54928636077,295,187.0,137.0,0.63,164.2,
2025-04-08 15:09:42,163.0,77.0,296.0,45.0,159.0,340.0,303.87,23.0,229.5,133.0,417.0,68.0,7.991038730977671,485,349.0,168.0,0.72,164.2,
2025-04-08 15:09:43,163.0,50.0,186.42,33.0,159.25,292.0,231.44,41.0,174.71,23.419999999999987,342.0,74.0,25.605375021662383,416,268.0,-69.0,0.64,163.0,3.0
2025-04-08 15:09:44,161.31,77.0,179.95,22.0,159.28,260.0,183.11,38.0,170.63,18.639999999999983,337.0,60.0,33.461106227976984,397,277.0,-19.0,0.7,162.0,8.0
2025-04-08 15:09:45,161.33,36.0,176.83,12.0,159.4,160.0,178.94,36.0,169.08,15.5,196.0,48.0,33.34436908984697,244,148.0,-153.0,0.61,162.0,
2025-04-08 15:09:46,164.0,7.0,174.03,31.0,161.0,56.0,175.45,11.0,169.02,10.03,63.0,42.0,26.32655066657849,105,21.0,-139.0,0.2,162.0,
2025-04-08 15:09:47,164.0,10.0,173.66,38.0,161.0,80.0,185.28,18.0,168.83,9.659999999999997,90.0,56.0,2.486268287998853,146,34.0,41.0,0.23,162.0,
2025-04-08 15:09:48,164.0,11.0,169.57,37.0,161.0,88.0,177.64,28.0,166.78,5.569999999999993,99.0,65.0,1.3723957154941522,164,34.0,18.0,0.21,162.0,
2025-04-08 15:09:49,164.0,9.0,167.0,32.0,161.0,72.0,168.1,31.0,165.5,3.0,81.0,63.0,1.6209009839917363,144,18.0,-20.0,0.12,162.0,
2025-04-08 15:09:50,161.32,38.0,165.11,37.0,159.96,100.0,167.84,19.0,163.21,3.790000000000021,138.0,56.0,2.4259369323838174,194,82.0,50.0,0.42,164.0,1.0
2025-04-08 15:09:51,162.79,14.0,164.73,44.0,161.0,112.0,166.5,32.0,163.76,1.9399999999999975,126.0,76.0,2.28755983526167,202,50.0,8.0,0.25,163.0,1.0
2025-04-08 15:09:52,161.0,63.0,163.31,13.0,159.0,63.0,164.88,32.0,162.15,2.3100000000000023,126.0,45.0,1.850040540069495,171,81.0,-31.0,0.47,161.0,5.0
2025-04-08 15:09:53,159.28,65.0,161.55,11.0,158.27,77.0,266.18,34.0,160.41,2.2700000000000102,142.0,45.0,1.8909071896576488,187,97.0,16.0,0.52,161.0,3.0
2025-04-08 15:09:54,161.0,48.0,426.25,16.0,158.52,42.0,552.69,13.0,293.62,265.25,90.0,29.0,58.70509390163627,119,61.0,-68.0,0.51,159.5,2.0
2025-04-08 15:09:55,163.0,79.0,396.6,20.0,160.0,40.0,398.0,30.0,279.8,233.6,119.0,50.0,68.43299474668606,169,69.0,50.0,0.41,163.0,1.0
2025-04-08 15:09:56,163.0,41.0,395.09,22.0,160.0,44.0,681.64,11.0,279.05,232.09,85.0,33.0,67.55467659607284,118,52.0,-51.0,0.44,163.0,4.0
2025-04-08 15:09:57,160.0,27.0,394.43,14.0,159.0,42.0,648.29,7.0,277.21,234.43,69.0,21.0,54.954429939723866,90,48.0,-28.0,0.53,162.25,4.0
2025-04-08 15:09:58,159.95,38.0,392.67,18.0,158.85,54.0,494.0,17.0,276.31,232.72000000000003,92.0,35.0,7.082921007610278,127,57.0,37.0,0.45,159.75,4.0
2025-04-08 15:09:59,159.0,8.0,262.25,8.0,157.0,16.0,336.5,8.0,210.62,103.25,24.0,16.0,30.20686627242268,40,8.0,-87.0,0.2,159.75,
2025-04-08 15:10:00,159.0,14.0,216.32,19.0,157.0,28.0,276.05,19.0,187.66,57.31999999999999,42.0,38.0,43.704170853592494,80,4.0,40.0,0.05,159.75,
2025-04-08 15:10:01,159.0,9.0,214.32,19.0,157.0,18.0,214.88,16.0,186.66,55.31999999999999,27.0,35.0,45.80769989859762,62,-8.0,-18.0,-0.13,159.75,
2025-04-08 15:10:02,165.0,18.0,211.38,21.0,159.0,11.0,211.83,23.0,188.19,46.38,29.0,44.0,38.46051572717088,73,-15.0,11.0,-0.21,165.0,1.0
2025-04-08 15:10:03,165.0,12.0,208.04,23.0,162.2,30.0,209.43,14.0,186.52,43.03999999999999,42.0,37.0,10.471122193916752,79,5.0,6.0,0.06,165.0,
2025-04-08 15:10:04,165.0,10.0,205.85,13.0,163.0,40.0,206.32,25.0,185.42,40.85,50.0,38.0,1.0762899237331751,88,12.0,9.0,0.14,165.0,
2025-04-08 15:10:05,165.0,13.0,204.63,38.0,163.0,52.0,206.15,34.0,184.82,39.63,65.0,72.0,1.295422710905152,137,-7.0,49.0,-0.05,165.0,
2025-04-08 15:10:06,165.0,9.0,203.14,28.0,163.0,36.0,203.97,31.0,184.07,38.13999999999999,45.0,59.0,1.606869627545495,104,-14.0,-33.0,-0.13,165.0,
2025-04-08 15:10:07,160.6,25.0,200.57,28.0,159.63,76.0,202.68,38.0,180.59,39.97,101.0,66.0,2.2510508656905635,167,35.0,63.0,0.21,162.43,7.0
2025-04-08 15:10:08,160.0,9.0,197.62,32.0,159.0,72.0,198.73,30.0,178.81,37.620000000000005,81.0,62.0,2.887259946718376,143,19.0,-24.0,0.13,162.43,
2025-04-08 15:10:09,159.14,21.0,194.74,35.0,157.53,90.0,196.36,28.0,176.94,35.60000000000002,111.0,63.0,3.370998368424708,174,48.0,31.0,0.28,159.14,7.0
2025-04-08 15:10:10,159.0,22.0,190.25,32.0,157.0,121.0,191.8,30.0,174.62,31.25,143.0,62.0,3.595028511697695,205,81.0,31.0,0.4,159.14,
2025-04-08 15:10:11,159.0,18.0,184.37,27.0,157.0,99.0,185.5,32.0,171.69,25.370000000000005,117.0,59.0,3.497277512568317,176,58.0,-29.0,0.33,159.14,
2025-04-08 15:10:12,159.0,26.0,180.78,41.0,157.0,143.0,182.67,36.0,169.89,21.78,169.0,77.0,3.661686769770622,246,92.0,70.0,0.37,159.14,
2025-04-08 15:10:13,157.2,61.0,178.0,24.0,156.45,73.0,179.0,32.0,167.6,20.80000000000001,134.0,56.0,3.7103463450074696,190,78.0,-56.0,0.41,159.0,2.0
2025-04-08 15:10:14,157.05,58.0,177.04,25.0,156.45,73.0,178.71,31.0,167.05,19.98999999999998,131.0,56.0,3.1036510757344744,187,75.0,-3.0,0.4,159.0,
2025-04-08 15:10:15,158.18,11.0,173.17,30.0,157.0,121.0,174.23,35.0,165.67,14.98999999999998,132.0,65.0,2.3957044892693995,197,67.0,10.0,0.34,159.0,
2025-04-08 15:10:16,159.05,56.0,168.94,32.0,157.27,140.0,170.25,51.0,164.0,9.889999999999986,196.0,83.0,2.199924998699652,279,113.0,82.0,0.41,159.33,3.0
2025-04-08 15:10:17,160.0,14.0,167.56,36.0,157.38,118.0,169.67,48.0,163.78,7.560000000000002,132.0,84.0,1.7304479188644153,216,48.0,-63.0,0.22,159.33,
2025-04-08 15:10:18,162.14,28.0,165.26,54.0,157.88,41.0,221.8,51.0,163.7,3.1200000000000045,69.0,105.0,1.4749406767396671,174,-36.0,-42.0,-0.21,164.0,6.0
2025-04-08 15:10:19,160.0,11.0,164.0,22.0,158.0,22.0,212.0,25.0,162.0,4.0,33.0,47.0,1.3021904622212697,80,-14.0,-94.0,-0.17,164.0,
2025-04-08 15:10:20,159.04,28.0,161.9,20.0,157.25,44.0,374.91,44.0,160.47,2.8600000000000136,72.0,64.0,1.5230561381311054,136,8.0,56.0,0.06,160.0,4.0
2025-04-08 15:10:21,159.0,84.0,161.5,24.0,158.0,12.0,329.14,42.0,160.25,2.5,96.0,66.0,1.6921731589580198,162,30.0,26.0,0.19,160.0,
2025-04-08 15:10:22,158.97,58.0,160.7,20.0,157.31,32.0,388.97,33.0,159.83,1.7299999999999898,90.0,53.0,1.5960733065548844,143,37.0,-19.0,0.26,159.17,6.0
2025-04-08 15:10:23,159.46,13.0,161.0,46.0,158.0,13.0,590.27,37.0,160.23,1.539999999999992,26.0,83.0,0.8395713191243855,109,-57.0,-34.0,-0.52,159.17,
2025-04-08 15:10:24,157.17,70.0,160.59,49.0,156.8,10.0,215.06,31.0,158.88,3.420000000000016,80.0,80.0,0.631759447808688,160,0.0,51.0,0.0,159.0,2.0
2025-04-08 15:10:25,157.0,66.0,159.0,12.0,156.0,6.0,160.0,24.0,158.0,2.0,72.0,36.0,0.9771744981808328,108,36.0,-52.0,0.33,159.0,
2025-04-08 15:10:26,157.0,143.0,158.27,44.0,156.0,14.0,160.1,49.0,157.64,1.2700000000000102,157.0,93.0,1.1214410371902603,250,64.0,142.0,0.26,157.0,7.0
2025-04-08 15:10:27,155.94,70.0,176.5,20.0,151.42,45.0,421.0,24.0,166.22,20.56,115.0,44.0,3.5134427560294514,159,71.0,-91.0,0.45,156.8,5.0
2025-04-08 15:10:28,161.0,61.0,189.0,13.0,156.0,98.0,366.31,16.0,175.0,28.0,159.0,29.0,7.499381307807944,188,130.0,29.0,0.69,156.8,
2025-04-08 15:10:29,161.0,55.0,375.0,11.0,159.0,121.0,558.65,20.0,268.0,214.0,176.0,31.0,46.95544185714712,207,145.0,19.0,0.7,156.8,
2025-04-08 15:10:30,161.0,65.0,264.97,35.0,159.0,143.0,448.41,22.0,212.99,103.97000000000004,208.0,57.0,45.4752504116243,265,151.0,58.0,0.57,156.8,
2025-04-08 15:10:31,161.0,20.0,216.06,16.0,159.0,44.0,367.4,5.0,188.53,55.06,64.0,21.0,40.826829046595606,85,43.0,-168.0,0.51,156.8,
2025-04-08 15:10:32,160.5,54.0,277.0,8.0,157.26,39.0,323.88,34.0,218.75,116.5,93.0,42.0,35.707999523915575,135,51.0,50.0,0.38,161.57,7.0
2025-04-08 15:10:33,160.07,60.0,277.0,8.0,156.44,36.0,300.0,40.0,218.53,116.93,96.0,48.0,28.8876115315885,144,48.0,9.0,0.33,162.4,5.0
2025-04-08 15:10:34,159.0,93.0,277.0,9.0,156.0,72.0,357.76,41.0,218.0,118.0,165.0,50.0,12.980527724247322,215,115.0,71.0,0.53,159.0,2.0
2025-04-08 15:10:35,159.91,33.0,277.0,9.0,158.08,78.0,387.62,16.0,218.45,117.09,111.0,25.0,13.375586716101637,136,86.0,-79.0,0.63,164.0,1.0
2025-04-08 15:10:36,160.43,113.0,386.41,17.0,157.04,95.0,559.45,22.0,273.42,225.98,208.0,39.0,24.59267065611163,247,169.0,111.0,0.68,164.0,
2025-04-08 15:10:39,165.0,99.0,292.91,22.0,159.0,121.0,520.91,22.0,228.95,127.91000000000004,220.0,44.0,51.92761327078324,264,176.0,121.0,0.67,164.0,
2025-04-08 15:10:40,165.0,72.0,226.0,16.0,159.06,68.0,409.33,24.0,195.5,61.0,140.0,40.0,58.72219401555103,180,100.0,-84.0,0.56,164.0,
2025-04-08 15:10:41,165.0,126.0,353.14,28.0,161.0,14.0,511.33,42.0,259.07,188.14,140.0,70.0,58.875824580213006,210,70.0,30.0,0.33,164.0,
2025-04-08 15:10:42,165.0,72.0,213.78,37.0,161.0,8.0,392.09,22.0,189.39,48.78,80.0,59.0,52.64713686422062,139,21.0,-71.0,0.15,164.0,
2025-04-08 15:10:43,165.0,45.0,212.2,25.0,162.5,8.0,387.6,20.0,188.6,47.19999999999999,53.0,45.0,30.957444500474317,98,8.0,-41.0,0.08,164.0,
2025-04-08 15:10:44,165.0,117.0,210.75,63.0,163.0,26.0,273.4,53.0,187.87,45.75,143.0,116.0,30.88570429826617,259,27.0,161.0,0.1,164.0,
2025-04-08 15:10:45,165.0,72.0,208.0,24.0,163.0,16.0,210.0,40.0,186.5,43.0,88.0,64.0,31.761041072356797,152,24.0,-107.0,0.16,164.0,
2025-04-08 15:10:46,165.0,63.0,207.06,17.0,163.0,14.0,209.11,27.0,186.03,42.06,77.0,44.0,1.4072561955513996,121,33.0,-31.0,0.27,164.0,
2025-04-08 15:10:47,165.0,81.0,204.05,42.0,163.0,18.0,205.47,19.0,184.52,39.05000000000001,99.0,61.0,1.598446120429661,160,38.0,39.0,0.24,164.0,
2025-04-08 15:10:48,165.0,171.0,202.27,45.0,163.0,38.0,203.74,89.0,183.63,37.27000000000001,209.0,134.0,1.668427403249974,343,75.0,168.0,0.22,164.0,
2025-04-08 15:10:49,165.0,117.0,198.34,29.0,163.0,26.0,199.88,40.0,181.67,33.34,143.0,69.0,1.9431031881796617,212,74.0,-131.0,0.35,164.0,
2025-04-08 15:10:50,165.0,77.0,193.84,57.0,163.0,36.0,194.35,103.0,179.42,28.840000000000003,113.0,160.0,2.571911740303757,273,-47.0,61.0,-0.17,165.0,5.0
2025-04-08 15:10:51,163.94,34.0,188.91,33.0,161.94,17.0,190.09,54.0,176.43,24.97,51.0,87.0,3.2805380656090555,138,-36.0,-135.0,-0.26,165.0,4.0
2025-04-08 15:10:52,159.67,72.0,185.54,48.0,157.57,42.0,186.03,78.0,172.6,25.870000000000005,114.0,126.0,4.358744085158837,240,-12.0,102.0,-0.05,162.33,3.0
2025-04-08 15:10:53,159.0,62.0,182.47,30.0,157.0,42.0,183.95,44.0,170.73,23.47,104.0,74.0,4.561211461871081,178,30.0,-62.0,0.17,159.0,2.0
2025-04-08 15:10:54,157.31,39.0,177.84,32.0,151.98,45.0,180.09,22.0,167.58,20.53,84.0,54.0,4.665058413342845,138,30.0,-40.0,0.22,158.5,4.0
2025-04-08 15:10:55,156.0,84.0,174.7,44.0,140.0,56.0,176.16,38.0,165.35,18.69999999999999,140.0,82.0,4.320575193177151,222,58.0,84.0,0.26,158.5,
2025-04-08 15:10:56,156.88,96.0,169.71,35.0,154.4,80.0,170.93,30.0,163.29,12.830000000000013,176.0,65.0,3.806422204629276,241,111.0,19.0,0.46,158.5,
2025-04-08 15:10:57,159.91,66.0,166.82,22.0,156.54,78.0,168.0,46.0,163.36,6.909999999999997,144.0,68.0,3.145881434493792,212,76.0,-29.0,0.36,166.0,1.0
2025-04-08 15:10:58,160.27,99.0,163.74,38.0,156.97,193.0,167.53,49.0,162.0,3.469999999999999,292.0,87.0,2.1825054409762177,379,205.0,167.0,0.54,161.67,12.0
2025-04-08 15:10:59,158.38,34.0,161.35,23.0,156.74,69.0,164.18,11.0,159.87,2.969999999999999,103.0,34.0,2.0172828259540143,137,69.0,-168.0,0.5,159.25,4.0
2025-04-08 15:11:00,163.62,16.0,265.87,15.0,158.71,21.0,448.63,27.0,214.75,102.25,37.0,42.0,23.57474559777688,79,-5.0,-58.0,-0.06,163.0,2.0
2025-04-08 15:11:01,164.0,11.0,273.0,22.0,162.95,41.0,335.32,37.0,218.5,109.0,52.0,59.0,30.1148506554476,111,-7.0,32.0,-0.06,163.0,
2025-04-08 15:11:02,163.67,36.0,261.11,27.0,158.77,43.0,284.62,48.0,212.39,97.44000000000004,79.0,75.0,29.818708389196267,154,4.0,43.0,0.03,163.33,3.0
2025-04-08 15:11:03,163.27,30.0,261.45,33.0,157.65,74.0,272.93,30.0,212.36,98.17999999999998,104.0,63.0,24.55933488512943,167,41.0,13.0,0.25,164.0,2.0
2025-04-08 15:11:04,163.0,28.0,227.22,45.0,158.78,108.0,226.85,48.0,195.11,64.22,136.0,93.0,9.02596089067216,229,43.0,62.0,0.19,164.0,
2025-04-08 15:11:05,163.9,21.0,203.67,24.0,161.38,74.0,204.72,25.0,183.79,39.76999999999998,95.0,49.0,14.466196804963523,144,46.0,-85.0,0.32,164.0,
2025-04-08 15:11:06,165.0,16.0,202.11,19.0,163.0,16.0,203.53,17.0,183.55,37.110000000000014,32.0,36.0,14.4117348018873,68,-4.0,-76.0,-0.06,164.0,
2025-04-08 15:11:07,165.0,34.0,200.62,47.0,163.0,34.0,201.74,38.0,182.81,35.620000000000005,68.0,85.0,12.711525478868529,153,-17.0,85.0,-0.11,164.0,
2025-04-08 15:11:08,165.0,18.0,197.36,11.0,163.0,18.0,198.3,20.0,181.18,32.360000000000014,36.0,31.0,5.5846324856625325,67,5.0,-86.0,0.07,164.0,
2025-04-08 15:11:09,165.0,24.0,194.35,17.0,163.0,24.0,196.38,21.0,179.68,29.349999999999994,48.0,38.0,1.740221250276511,86,10.0,19.0,0.12,164.0,
2025-04-08 15:11:10,165.0,21.0,191.14,29.0,163.0,26.0,191.87,23.0,178.07,26.139999999999983,47.0,52.0,2.2428486350872485,99,-5.0,13.0,-0.05,165.0,1.0
2025-04-08 15:11:11,165.0,14.0,187.17,30.0,163.0,28.0,188.16,31.0,176.08,22.169999999999987,42.0,61.0,2.623533876265195,103,-19.0,4.0,-0.18,165.0,
2025-04-08 15:11:12,161.03,139.0,180.95,38.0,157.11,107.0,181.18,28.0,170.99,19.919999999999987,246.0,66.0,3.9549399489636334,312,180.0,168.0,0.58,162.33,6.0
2025-04-08 15:11:13,161.1,101.0,174.56,32.0,159.1,39.0,176.16,25.0,167.83,13.460000000000008,140.0,57.0,4.971875903510207,197,83.0,-115.0,0.42,161.0,1.0
2025-04-08 15:11:14,162.38,32.0,172.0,19.0,161.0,104.0,173.09,33.0,167.19,9.620000000000005,136.0,52.0,4.874199421433494,188,84.0,-9.0,0.45,162.0,3.0
2025-04-08 15:11:15,163.0,24.0,169.44,16.0,160.47,102.0,172.81,32.0,166.22,6.439999999999998,126.0,48.0,4.00838745630958,174,78.0,-14.0,0.45,162.0,
2025-04-08 15:11:16,160.47,51.0,163.75,20.0,159.72,50.0,164.42,24.0,162.11,3.280000000000001,101.0,44.0,3.204624783012318,145,57.0,-29.0,0.39,160.75,8.0
2025-04-08 15:11:17,160.0,12.0,312.5,20.0,159.0,16.0,336.95,22.0,236.25,152.5,28.0,42.0,31.56808514940227,70,-14.0,-75.0,-0.2,160.33,3.0
2025-04-08 15:11:18,160.0,8.0,395.25,40.0,159.0,16.0,625.0,8.0,277.62,235.25,24.0,48.0,52.37969329807056,72,-24.0,2.0,-0.33,160.33,
2025-04-08 15:11:19,160.0,8.0,437.88,40.0,159.0,16.0,736.0,8.0,298.94,277.88,24.0,48.0,62.69109003678249,72,-24.0,0.0,-0.33,160.33,
2025-04-08 15:11:20,160.78,58.0,434.03,35.0,157.04,23.0,736.0,7.0,297.4,273.25,81.0,42.0,57.48657695497271,123,39.0,51.0,0.32,158.4,5.0
2025-04-08 15:11:22,164.0,18.0,359.8,20.0,163.0,42.0,545.55,22.0,261.9,195.8,60.0,42.0,71.91577351318749,102,18.0,-77.0,0.18,158.4,
2025-04-08 15:11:23,164.0,18.0,382.75,8.0,163.0,42.0,544.22,23.0,273.38,218.75,60.0,31.0,72.49520591046057,91,29.0,-11.0,0.32,158.4,
2025-04-08 15:11:24,164.0,17.0,452.89,27.0,163.0,49.0,515.09,22.0,308.44,288.89,66.0,49.0,72.10739476641822,115,17.0,24.0,0.15,164.0,1.0
2025-04-08 15:11:25,164.0,14.0,190.86,28.0,163.0,49.0,665.0,21.0,177.43,26.860000000000014,63.0,49.0,96.02349124042536,112,14.0,-3.0,0.12,164.0,
2025-04-08 15:11:26,164.0,20.0,190.0,40.0,163.0,70.0,631.4,30.0,177.0,26.0,90.0,70.0,59.50039579700279,160,20.0,48.0,0.12,164.0,
2025-04-08 15:11:27,164.0,12.0,166.79,19.0,163.0,42.0,187.0,23.0,165.39,2.789999999999992,54.0,42.0,65.79129326894225,96,12.0,-64.0,0.12,164.0,
2025-04-08 15:11:28,163.26,23.0,165.43,23.0,162.75,24.0,179.5,16.0,164.35,2.170000000000016,47.0,39.0,61.7565597325494,86,8.0,-10.0,0.09,163.33,6.0
2025-04-08 15:11:29,163.0,24.0,167.0,24.0,161.0,8.0,387.25,8.0,165.0,4.0,32.0,32.0,6.749846664918317,64,0.0,-22.0,0.0,163.33,
2025-04-08 15:11:30,163.0,21.0,164.86,21.0,161.0,7.0,425.29,7.0,163.93,1.8600000000000136,28.0,28.0,5.544134738613939,56,0.0,-8.0,0.0,163.33,
2025-04-08 15:11:31,163.0,27.0,266.28,29.0,161.0,9.0,361.17,23.0,214.64,103.27999999999996,36.0,52.0,22.35552437318154,88,-16.0,32.0,-0.18,163.33,
2025-04-08 15:11:32,163.0,24.0,214.07,28.0,161.0,8.0,270.0,30.0,188.54,51.06999999999999,32.0,58.0,22.352417542626547,90,-26.0,2.0,-0.29,163.33,
2025-04-08 15:11:33,161.94,32.0,207.07,14.0,159.76,21.0,284.93,54.0,184.5,45.13,53.0,68.0,20.74353923514316,121,-15.0,31.0,-0.12,161.67,6.0
2025-04-08 15:11:34,159.6,25.0,196.2,20.0,157.72,25.0,251.16,19.0,177.9,36.6,50.0,39.0,18.584927226113276,89,11.0,-32.0,0.12,160.2,5.0
2025-04-08 15:11:35,156.89,37.0,194.12,40.0,136.67,67.0,195.76,25.0,175.51,37.23000000000002,104.0,65.0,15.652505230790666,169,39.0,80.0,0.23,156.8,5.0
2025-04-08 15:11:36,165.0,13.0,178.77,26.0,156.0,54.0,185.02,42.0,171.88,13.77000000000001,67.0,68.0,6.766245635499788,135,-1.0,-34.0,-0.01,156.8,
2025-04-08 15:11:37,165.0,11.0,173.1,29.0,158.0,22.0,180.92,24.0,169.05,8.099999999999994,33.0,53.0,5.939441892965656,86,-20.0,-49.0,-0.23,156.8,
2025-04-08 15:11:38,165.0,10.0,169.37,19.0,158.0,20.0,169.88,16.0,167.18,4.3700000000000045,30.0,35.0,4.433320426036396,65,-5.0,-21.0,-0.08,156.8,
2025-04-08 15:11:39,159.84,19.0,166.13,15.0,155.41,73.0,169.47,30.0,162.99,6.289999999999992,92.0,45.0,4.7326282338578105,137,47.0,72.0,0.34,165.0,1.0
2025-04-08 15:11:40,158.0,16.0,164.71,17.0,155.0,72.0,165.13,23.0,161.35,6.710000000000008,88.0,40.0,4.322944598292345,128,48.0,-9.0,0.38,165.0,
2025-04-08 15:11:41,155.3,122.0,163.3,20.0,145.27,89.0,164.97,65.0,159.3,8.0,211.0,85.0,4.054137392825034,296,126.0,168.0,0.43,158.0,6.0
2025-04-08 15:11:42,155.0,108.0,160.67,24.0,138.62,32.0,161.94,36.0,157.83,5.669999999999988,140.0,60.0,3.6245482476992392,200,80.0,-96.0,0.4,158.0,
2025-04-08 15:11:43,155.02,129.0,160.18,33.0,113.34,59.0,168.2,15.0,157.6,5.159999999999997,188.0,48.0,2.3210191726690828,236,140.0,36.0,0.59,158.0,
2025-04-08 15:11:44,156.0,33.0,159.17,23.0,155.0,99.0,164.73,11.0,157.59,3.1699999999999875,132.0,34.0,1.6260166050493436,166,98.0,-70.0,0.59,159.0,4.0
2025-04-08 15:11:45,156.0,199.0,157.46,13.0,155.0,109.0,160.0,13.0,156.73,1.460000000000008,308.0,26.0,0.9326574933463608,334,282.0,168.0,0.84,159.0,
2025-04-08 15:11:46,156.0,243.0,157.0,14.0,155.0,112.0,298.6,50.0,156.5,1.0,355.0,64.0,0.5931694529343502,419,291.0,85.0,0.69,156.0,3.0
2025-04-08 15:11:47,156.0,158.0,157.0,11.0,155.0,88.0,338.62,29.0,156.5,1.0,246.0,40.0,0.5656235496282942,286,206.0,-133.0,0.72,156.0,2.0
2025-04-08 15:11:48,160.21,76.0,360.4,20.0,155.7,79.0,488.42,12.0,260.31,200.19,155.0,32.0,46.27983826678653,187,123.0,-99.0,0.66,156.25,4.0
2025-04-08 15:11:49,164.0,96.0,255.11,28.0,156.0,132.0,341.58,33.0,209.55,91.11,228.0,61.0,46.517249166303145,289,167.0,102.0,0.58,156.25,
2025-04-08 15:11:50,164.0,112.0,203.7,67.0,159.0,14.0,319.86,36.0,183.85,39.69999999999999,126.0,103.0,43.45162908338347,229,23.0,-60.0,0.1,156.25,
2025-04-08 15:11:51,164.0,74.0,191.83,60.0,159.0,12.0,240.74,23.0,177.92,27.830000000000013,86.0,83.0,39.814941039764726,169,3.0,-60.0,0.02,164.0,5.0
2025-04-08 15:11:52,164.0,21.0,190.29,35.0,159.0,7.0,193.0,14.0,177.14,26.289999999999992,28.0,49.0,35.29888284351144,77,-21.0,-92.0,-0.27,164.0,
2025-04-08 15:11:53,161.73,11.0,190.0,35.0,156.11,57.0,193.0,14.0,175.86,28.27000000000001,68.0,49.0,14.13663786053552,117,19.0,40.0,0.16,162.75,4.0
2025-04-08 15:11:54,156.13,76.0,181.25,12.0,155.31,70.0,190.16,37.0,168.69,25.120000000000005,146.0,49.0,5.423787422080287,195,97.0,78.0,0.5,162.75,
2025-04-08 15:11:55,157.29,49.0,189.71,51.0,156.09,109.0,192.4,25.0,173.5,32.420000000000016,158.0,76.0,3.714743598138893,234,82.0,39.0,0.35,162.75,
2025-04-08 15:11:56,158.0,42.0,189.43,35.0,156.0,77.0,193.0,14.0,173.71,31.430000000000007,119.0,49.0,3.225189916875118,168,70.0,-66.0,0.42,162.75,
2025-04-08 15:11:57,158.92,76.0,188.4,75.0,157.77,95.0,326.08,39.0,173.66,29.480000000000015,171.0,114.0,2.641501466952491,285,57.0,117.0,0.2,162.75,
2025-04-08 15:11:58,160.6,50.0,188.0,65.0,158.72,64.0,311.0,39.0,174.3,27.40000000000001,114.0,104.0,2.3019491740505043,218,10.0,-67.0,0.05,161.71,7.0
2025-04-08 15:11:59,159.45,29.0,188.0,55.0,157.7,67.0,318.19,31.0,173.72,28.55000000000001,96.0,86.0,0.3048278201099093,182,10.0,-36.0,0.05,158.8,5.0
2025-04-08 15:12:00,158.0,35.0,187.38,29.0,156.0,77.0,300.27,15.0,172.69,29.379999999999995,112.0,44.0,0.5802844129500397,156,68.0,-26.0,0.44,158.8,
2025-04-08 15:12:01,158.0,79.0,184.38,42.0,156.0,132.0,184.95,42.0,171.19,26.379999999999995,211.0,84.0,1.21998770482008,295,127.0,139.0,0.43,158.8,
2025-04-08 15:12:02,158.0,94.0,179.85,26.0,156.0,110.0,220.62,32.0,168.92,21.849999999999994,204.0,58.0,2.1640540658474854,262,146.0,-33.0,0.56,158.0,2.0
2025-04-08 15:12:03,158.0,66.0,180.0,12.0,156.0,66.0,497.5,12.0,169.0,22.0,132.0,24.0,2.1542353631647804,156,108.0,-106.0,0.69,158.0,
2025-04-08 15:12:04,159.36,59.0,178.3,20.0,156.53,75.0,179.16,25.0,168.83,18.94,134.0,45.0,1.7398361991602689,179,89.0,23.0,0.5,158.0,4.0
2025-04-08 15:12:05,163.0,28.0,177.1,20.0,158.0,35.0,178.2,15.0,170.05,14.099999999999994,63.0,35.0,1.018071706663034,98,28.0,-81.0,0.29,158.0,
2025-04-08 15:12:06,163.0,24.0,175.67,27.0,158.0,45.0,178.0,18.0,169.33,12.669999999999987,69.0,45.0,0.4978252704587398,114,24.0,16.0,0.21,163.0,2.0
2025-04-08 15:12:07,163.0,20.0,172.88,34.0,158.0,50.0,174.03,29.0,167.94,9.879999999999995,70.0,63.0,0.7680169268362941,133,7.0,19.0,0.05,163.0,
2025-04-08 15:12:08,158.66,35.0,170.1,40.0,156.1,42.0,173.0,20.0,164.38,11.439999999999998,77.0,60.0,2.219916665081348,137,17.0,4.0,0.12,161.33,3.0
2025-04-08 15:12:09,159.62,56.0,166.92,52.0,158.24,42.0,171.12,34.0,163.27,7.299999999999983,98.0,86.0,3.016294083789649,184,12.0,47.0,0.07,159.0,1.0
2025-04-08 15:12:10,159.81,63.0,166.12,48.0,158.43,42.0,167.67,54.0,162.97,6.310000000000002,105.0,102.0,2.881851835175192,207,3.0,23.0,0.01,160.0,7.0
2025-04-08 15:12:11,158.36,11.0,162.72,29.0,156.32,50.0,165.32,37.0,160.54,4.359999999999985,61.0,66.0,2.69589502761149,127,-5.0,-80.0,-0.04,158.4,5.0
2025-04-08 15:12:12,156.18,66.0,159.52,58.0,155.78,46.0,163.3,60.0,157.85,3.3400000000000034,112.0,118.0,2.6161173520883447,230,-6.0,103.0,-0.03,158.0,1.0
2025-04-08 15:12:13,156.4,77.0,158.6,52.0,155.86,56.0,184.14,58.0,157.5,2.1999999999999886,133.0,110.0,2.72811839917111,243,23.0,13.0,0.09,157.22,9.0
2025-04-08 15:12:14,156.0,75.0,158.46,35.0,155.0,13.0,207.89,19.0,157.23,2.460000000000008,88.0,54.0,2.4799334668281645,142,34.0,-101.0,0.24,156.0,3.0
2025-04-08 15:12:15,155.94,34.0,189.24,17.0,133.16,19.0,294.94,17.0,172.59,33.30000000000001,53.0,34.0,6.534988140761762,87,19.0,-55.0,0.22,156.0,3.0
2025-04-08 15:12:16,156.0,40.0,308.0,8.0,155.0,8.0,524.9,29.0,232.0,152.0,48.0,37.0,32.287813955111844,85,11.0,-2.0,0.13,156.0,
2025-04-08 15:12:17,160.9,42.0,278.67,12.0,159.82,17.0,310.91,33.0,219.79,117.77,59.0,45.0,35.57020058981859,104,14.0,19.0,0.13,156.0,
2025-04-08 15:12:18,165.0,34.0,426.27,37.0,164.0,20.0,540.18,22.0,295.64,261.27,54.0,59.0,54.65739245518365,113,-5.0,9.0,-0.04,165.0,4.0
2025-04-08 15:12:19,164.05,21.0,339.07,54.0,162.18,22.0,544.2,41.0,251.56,175.01999999999998,43.0,95.0,44.95680182130387,138,-52.0,25.0,-0.38,165.0,
2025-04-08 15:12:20,164.62,26.0,323.0,45.0,162.89,18.0,540.0,36.0,243.81,158.38,44.0,81.0,28.939745161283124,125,-37.0,-13.0,-0.3,165.0,
2025-04-08 15:12:21,165.0,44.0,403.11,35.0,164.0,22.0,542.98,47.0,284.06,238.11,66.0,82.0,30.797739689789317,148,-16.0,23.0,-0.11,165.0,
2025-04-08 15:12:22,165.0,6.0,257.91,23.0,164.0,12.0,410.59,27.0,211.46,92.91000000000004,18.0,50.0,33.54953919206673,68,-32.0,-80.0,-0.47,165.0,3.0
2025-04-08 15:12:23,165.0,7.0,183.77,26.0,164.0,14.0,197.94,31.0,174.38,18.77000000000001,21.0,57.0,41.739413987261365,78,-36.0,10.0,-0.46,165.0,
2025-04-08 15:12:24,165.0,10.0,183.0,20.0,164.0,20.0,191.33,36.0,174.0,18.0,30.0,56.0,47.19774062388971,86,-26.0,8.0,-0.3,165.0,
2025-04-08 15:12:25,159.0,4.0,182.29,7.0,156.0,20.0,186.5,4.0,170.64,23.289999999999992,24.0,11.0,48.34647577641984,35,13.0,-51.0,0.37,163.4,5.0
2025-04-08 15:12:26,159.18,17.0,180.95,44.0,156.02,121.0,181.45,47.0,170.07,21.769999999999985,138.0,91.0,17.631434995482362,229,47.0,168.0,0.21,159.5,2.0
2025-04-08 15:12:27,160.0,16.0,177.26,19.0,159.0,8.0,178.32,37.0,168.63,17.25999999999999,24.0,56.0,2.5276530616183828,80,-32.0,-149.0,-0.4,159.5,
2025-04-08 15:12:28,160.71,34.0,174.54,26.0,156.29,87.0,176.82,44.0,167.62,13.829999999999984,121.0,70.0,2.437800237900357,191,51.0,111.0,0.27,159.5,
2025-04-08 15:12:29,161.75,48.0,169.37,38.0,159.44,32.0,170.8,20.0,165.56,7.620000000000003,80.0,58.0,2.029736436068718,138,22.0,-53.0,0.16,159.5,
2025-04-08 15:12:30,160.0,18.0,167.86,21.0,159.0,54.0,169.05,42.0,163.93,7.860000000000014,72.0,63.0,2.440977263290941,135,9.0,-3.0,0.07,159.5,
2025-04-08 15:12:31,160.0,20.0,164.91,23.0,159.0,60.0,167.39,41.0,162.46,4.909999999999997,80.0,64.0,2.544769144716574,144,16.0,9.0,0.11,159.5,
2025-04-08 15:12:32,157.88,43.0,160.9,62.0,156.84,116.0,167.97,38.0,159.39,3.0200000000000102,159.0,100.0,3.1205079714526263,259,59.0,115.0,0.23,159.4,10.0
2025-04-08 15:12:33,156.0,94.0,158.04,26.0,155.0,50.0,161.31,13.0,157.02,2.039999999999992,144.0,39.0,3.4527047368544066,183,105.0,-76.0,0.57,157.2,5.0
2025-04-08 15:12:34,156.0,84.0,250.04,27.0,155.0,65.0,429.06,36.0,203.02,94.04,149.0,63.0,19.1152747822234,212,86.0,29.0,0.41,156.4,5.0
2025-04-08 15:12:35,161.24,50.0,360.0,36.0,156.1,31.0,477.46,13.0,260.62,198.76,81.0,49.0,44.521311975276845,130,32.0,-82.0,0.25,156.4,
2025-04-08 15:12:36,163.0,131.0,358.82,44.0,158.0,22.0,369.12,32.0,260.91,195.82,153.0,76.0,51.36837811338754,229,77.0,99.0,0.34,163.0,1.0
2025-04-08 15:12:37,163.0,88.0,259.5,32.0,158.0,16.0,358.12,32.0,211.25,96.5,104.0,64.0,43.71688838423846,168,40.0,-61.0,0.24,163.0,
2025-04-08 15:12:38,163.0,44.0,352.67,24.0,158.0,24.0,370.33,24.0,257.83,189.67,68.0,48.0,29.00986435680088,116,20.0,-52.0,0.17,163.0,7.0
2025-04-08 15:12:39,161.86,22.0,356.17,24.0,157.76,34.0,423.91,22.0,259.02,194.31,56.0,46.0,21.656505489113403,102,10.0,-14.0,0.1,162.0,5.0
2025-04-08 15:12:40,158.0,40.0,348.57,28.0,156.0,32.0,501.4,20.0,253.29,190.57,72.0,48.0,20.989437820008355,120,24.0,18.0,0.2,162.0,
2025-04-08 15:12:41,157.88,32.0,353.53,38.0,155.76,42.0,589.73,22.0,255.7,195.65,74.0,60.0,20.336004278126904,134,14.0,14.0,0.1,157.0,6.0
2025-04-08 15:12:42,160.0,36.0,326.16,50.0,157.95,44.0,347.36,22.0,243.08,166.16000000000005,80.0,72.0,6.369390080690826,152,8.0,18.0,0.05,157.0,
2025-04-08 15:12:43,160.0,21.0,325.53,34.0,159.0,7.0,326.0,8.0,242.76,165.52999999999997,28.0,42.0,7.450067113791631,70,-14.0,-82.0,-0.2,157.0,
2025-04-08 15:12:44,160.0,24.0,324.0,32.0,159.0,8.0,474.88,16.0,242.0,164.0,32.0,48.0,6.575110645456552,80,-16.0,10.0,-0.2,157.0,
2025-04-08 15:12:45,160.0,12.0,324.0,24.0,159.0,6.0,494.0,6.0,242.0,164.0,18.0,30.0,5.940026935965337,48,-12.0,-32.0,-0.25,160.0,2.0
2025-04-08 15:12:46,158.4,20.0,323.0,32.0,157.5,8.0,0.0,0.0,240.7,164.6,28.0,32.0,0.9186511851571538,60,-4.0,12.0,-0.07,158.75,4.0
2025-04-08 15:12:47,158.0,28.0,453.09,11.0,156.0,7.0,0.0,0.0,305.55,295.09,35.0,11.0,28.49042856820522,46,24.0,-14.0,0.52,158.75,
2025-04-08 15:12:52,159.76,37.0,182.61,18.0,158.74,57.0,223.6,15.0,171.18,22.850000000000023,94.0,33.0,135.0335899693115,127,61.0,-71.0,0.48,158.75,
2025-04-08 15:12:53,163.0,15.0,179.54,46.0,159.0,129.0,180.61,18.0,171.27,16.539999999999992,144.0,64.0,151.78762752609344,208,80.0,81.0,0.38,158.75,
2025-04-08 15:12:54,164.87,15.0,175.0,21.0,161.15,26.0,177.1,58.0,169.93,10.129999999999995,41.0,79.0,136.72072911596112,120,-38.0,-88.0,-0.32,158.75,
2025-04-08 15:12:55,161.77,26.0,169.12,16.0,161.33,18.0,170.71,41.0,165.45,7.349999999999994,44.0,57.0,73.73118966895868,101,-13.0,-19.0,-0.13,161.5,4.0
2025-04-08 15:12:56,159.05,132.0,164.28,43.0,158.11,61.0,164.39,31.0,161.66,5.22999999999999,193.0,74.0,4.218301790996696,267,119.0,166.0,0.45,161.5,
2025-04-08 15:12:57,159.35,51.0,161.48,33.0,158.62,56.0,162.52,27.0,160.42,2.1299999999999955,107.0,60.0,4.826223161015653,167,47.0,-100.0,0.28,159.45,11.0
2025-04-08 15:12:58,158.79,28.0,160.54,52.0,157.65,51.0,164.0,13.0,159.66,1.75,79.0,65.0,4.264273677887196,144,14.0,-23.0,0.1,160.0,2.0
2025-04-08 15:12:59,158.88,32.0,199.47,15.0,157.08,98.0,296.44,27.0,179.17,40.59,130.0,42.0,8.081910046512728,172,88.0,28.0,0.51,159.25,4.0
2025-04-08 15:13:00,165.0,11.0,348.47,19.0,158.0,22.0,407.48,21.0,256.74,183.47000000000003,33.0,40.0,41.71588306628474,73,-7.0,-99.0,-0.1,159.25,
2025-04-08 15:13:01,165.0,10.0,260.3,30.0,163.59,29.0,430.0,10.0,212.65,95.3,39.0,40.0,41.26300122385613,79,-1.0,6.0,-0.01,159.25,
2025-04-08 15:13:02,159.31,32.0,329.46,65.0,159.12,72.0,339.23,43.0,244.39,170.14999999999998,104.0,108.0,41.40520583211692,212,-4.0,133.0,-0.02,160.88,8.0
2025-04-08 15:13:03,157.0,84.0,313.09,56.0,156.0,144.0,327.83,60.0,235.04,156.08999999999995,228.0,116.0,30.55865131186231,344,112.0,132.0,0.33,160.88,
2025-04-08 15:13:04,157.04,79.0,177.83,48.0,156.15,143.0,205.42,48.0,167.44,20.79000000000002,222.0,96.0,35.1233536268959,318,126.0,-26.0,0.4,157.5,2.0
2025-04-08 15:13:05,156.71,34.0,158.0,35.0,155.64,94.0,159.0,21.0,157.35,1.289999999999992,128.0,56.0,39.30824633585122,184,72.0,-134.0,0.39,157.0,6.0
2025-04-08 15:13:06,156.0,60.0,158.0,30.0,155.0,204.0,171.5,18.0,157.0,2.0,264.0,48.0,43.66254722299135,312,216.0,128.0,0.69,157.0,
2025-04-08 15:13:07,156.0,131.0,159.49,59.0,155.0,510.0,208.59,51.0,157.75,3.490000000000009,641.0,110.0,33.893232805383626,751,531.0,168.0,0.71,156.0,7.0
2025-04-08 15:13:08,157.93,123.0,173.47,19.0,155.99,70.0,210.27,33.0,165.7,15.539999999999992,193.0,52.0,5.08520107762903,245,141.0,-168.0,0.58,158.0,2.0
2025-04-08 15:13:09,158.1,59.0,173.0,9.0,157.08,39.0,238.0,27.0,165.55,14.900000000000006,98.0,36.0,4.531362929618316,134,62.0,-111.0,0.46,158.6,5.0
2025-04-08 15:13:10,158.0,70.0,173.0,10.0,156.0,191.0,261.5,24.0,165.5,15.0,261.0,34.0,4.504303497758632,295,227.0,161.0,0.77,158.6,
2025-04-08 15:13:11,159.55,31.0,172.46,13.0,156.73,104.0,225.2,15.0,166.0,12.909999999999997,135.0,28.0,3.555101967584387,163,107.0,-132.0,0.66,161.67,3.0
2025-04-08 15:13:12,159.67,27.0,172.0,7.0,156.41,63.0,467.78,23.0,165.83,12.330000000000013,90.0,30.0,0.2050121945735708,120,60.0,-43.0,0.5,160.25,4.0
2025-04-08 15:13:13,159.0,48.0,172.0,12.0,156.59,152.0,360.47,51.0,165.5,13.0,200.0,63.0,0.2272223578872371,263,137.0,143.0,0.52,160.25,
2025-04-08 15:13:14,160.0,24.0,171.0,8.0,157.0,118.0,301.65,34.0,165.5,11.0,142.0,42.0,0.2351169919929823,184,100.0,-79.0,0.54,160.25,
2025-04-08 15:13:15,160.0,20.0,170.83,6.0,157.0,180.0,415.5,10.0,165.42,10.830000000000013,200.0,16.0,0.2513961016480104,216,184.0,32.0,0.85,160.25,
2025-04-08 15:13:16,160.0,44.0,169.36,11.0,157.0,330.0,331.9,48.0,164.68,9.360000000000014,374.0,59.0,0.4250647008675134,433,315.0,168.0,0.73,160.25,
2025-04-08 15:13:17,160.0,56.0,167.18,11.0,157.0,330.0,360.04,51.0,163.59,7.180000000000007,386.0,62.0,0.8288063705855607,448,324.0,15.0,0.72,160.25,
2025-04-08 15:13:18,160.0,44.0,166.45,11.0,157.5,60.0,380.06,33.0,163.23,6.449999999999989,104.0,44.0,1.039052452921816,148,60.0,-168.0,0.41,160.25,
2025-04-08 15:13:19,159.77,26.0,164.0,12.0,157.56,48.0,165.42,12.0,161.88,4.22999999999999,74.0,24.0,1.3643863089031116,98,50.0,-50.0,0.51,160.0,4.0
2025-04-08 15:13:20,158.58,19.0,162.42,12.0,156.97,72.0,164.25,12.0,160.5,3.839999999999975,91.0,24.0,1.6184035343267988,115,67.0,17.0,0.58,157.5,6.0
2025-04-08 15:13:21,156.9,20.0,159.73,11.0,148.41,29.0,160.73,11.0,158.31,2.829999999999984,49.0,22.0,2.161103884573901,71,27.0,-44.0,0.38,157.0,2.0
2025-04-08 15:13:22,157.0,20.0,158.83,12.0,156.0,12.0,273.45,20.0,157.92,1.8300000000000125,32.0,32.0,2.276108521120972,64,0.0,-7.0,0.0,158.0,2.0
2025-04-08 15:13:23,157.0,9.0,222.18,11.0,156.0,9.0,361.33,21.0,189.59,65.18,18.0,32.0,13.48598346432042,50,-14.0,-14.0,-0.28,158.0,1.0
2025-04-08 15:13:24,157.0,10.0,350.8,10.0,156.0,5.0,399.46,13.0,253.9,193.8,15.0,23.0,41.26027423563662,38,-8.0,-12.0,-0.21,158.0,
2025-04-08 15:13:26,157.0,6.0,317.33,6.0,156.0,3.0,601.0,15.0,237.17,160.32999999999998,9.0,21.0,78.0049314466719,30,-12.0,-71.0,-0.4,158.0,
2025-04-08 15:13:27,120.91,44.0,200.0,12.0,85.29,28.0,365.67,30.0,160.45,79.09,72.0,42.0,77.34401638135935,114,30.0,84.0,0.26,156.67,3.0
2025-04-08 15:13:28,129.11,19.0,180.0,20.0,92.49,70.0,237.26,38.0,154.55,50.88999999999999,89.0,58.0,84.38831334965748,147,31.0,33.0,0.21,156.67,
2025-04-08 15:13:29,126.0,3.0,175.0,9.0,70.0,30.0,314.67,6.0,150.5,49.0,33.0,15.0,90.6083838836118,48,18.0,-99.0,0.38,156.67,
2025-04-08 15:13:30,143.6,20.0,326.87,30.0,91.28,32.0,595.95,43.0,235.23,183.27,52.0,73.0,44.52986301348725,125,-21.0,77.0,-0.17,163.0,3.0
2025-04-08 15:13:31,141.21,19.0,174.37,19.0,139.32,19.0,305.14,28.0,157.79,33.16,38.0,47.0,35.70600061614191,85,-9.0,-40.0,-0.11,154.5,2.0
2025-04-08 15:13:32,155.0,11.0,455.29,21.0,133.54,74.0,508.38,37.0,305.14,300.29,85.0,58.0,68.1746805639744,143,27.0,58.0,0.19,156.0,1.0
2025-04-08 15:13:33,160.0,78.0,336.91,34.0,155.31,13.0,442.09,23.0,248.46,176.91000000000005,91.0,57.0,65.17173336654447,148,34.0,5.0,0.23,156.0,
2025-04-08 15:13:34,164.0,12.0,280.88,40.0,160.0,72.0,327.57,28.0,222.44,116.88,84.0,68.0,52.945550049083245,152,16.0,4.0,0.11,156.0,
2025-04-08 15:13:35,162.0,20.0,268.59,17.0,159.97,62.0,306.42,12.0,215.29,106.58999999999996,82.0,29.0,53.559448559521,111,53.0,-41.0,0.48,162.0,2.0
2025-04-08 15:13:36,158.54,63.0,192.48,31.0,150.04,25.0,213.4,25.0,175.51,33.94,88.0,56.0,47.88729445270403,144,32.0,33.0,0.22,159.83,6.0
2025-04-08 15:13:47,156.38,42.0,290.0,6.0,155.78,54.0,642.17,30.0,223.19,133.62,96.0,36.0,89.66309536258497,132,60.0,13.0,0.45,159.83,
2025-04-08 15:13:49,161.33,36.0,350.0,55.0,156.9,71.0,623.78,18.0,255.67,188.67,107.0,73.0,46.299539954518174,180,34.0,-50.0,0.19,159.83,
2025-04-08 15:13:51,163.0,12.0,342.0,16.0,156.09,129.0,513.6,20.0,252.5,179.0,141.0,36.0,46.98724752525962,177,105.0,55.0,0.59,163.0,2.0
2025-04-08 15:13:52,156.0,75.0,296.0,14.0,106.89,19.0,406.3,10.0,226.0,140.0,94.0,24.0,46.19611542110459,118,70.0,-59.0,0.59,157.75,4.0
2025-04-08 15:13:53,156.67,108.0,296.0,30.0,154.89,57.0,447.91,22.0,226.33,139.33,165.0,52.0,39.55383129356756,217,113.0,99.0,0.52,157.75,
2025-04-08 15:13:54,160.0,23.0,217.44,18.0,159.0,54.0,353.67,9.0,188.72,57.44,77.0,27.0,49.94370951381161,104,50.0,-113.0,0.48,160.0,1.0
2025-04-08 15:13:55,160.0,20.0,305.58,12.0,159.0,60.0,656.89,18.0,232.79,145.57999999999998,80.0,30.0,23.10618034206409,110,50.0,6.0,0.45,160.0,
2025-04-08 15:13:56,162.14,35.0,285.1,31.0,158.91,55.0,355.69,13.0,223.62,122.96000000000004,90.0,44.0,17.53500413458708,134,46.0,24.0,0.34,159.67,3.0
2025-04-08 15:13:57,164.0,35.0,217.14,28.0,159.0,35.0,210.63,19.0,190.57,53.13999999999999,70.0,47.0,21.05336386423752,117,23.0,-17.0,0.2,159.67,
2025-04-08 15:13:58,164.0,55.0,165.73,44.0,159.0,109.0,167.0,44.0,164.86,1.7299999999999898,164.0,88.0,27.76692582912223,252,76.0,135.0,0.3,164.0,4.0
2025-04-08 15:13:59,159.15,102.0,166.86,42.0,158.42,78.0,320.0,33.0,163.0,7.710000000000008,180.0,75.0,32.40072483757073,255,105.0,3.0,0.41,164.0,1.0
2025-04-08 15:14:00,159.0,154.0,164.0,30.0,158.0,70.0,208.92,52.0,161.5,5.0,224.0,82.0,26.7972871761297,306,142.0,51.0,0.46,164.0,
2025-04-08 15:14:01,159.0,136.0,162.38,39.0,158.0,65.0,164.0,26.0,160.69,3.3799999999999955,201.0,65.0,12.647862665286905,266,136.0,-40.0,0.51,159.0,1.0
2025-04-08 15:14:02,158.91,92.0,160.85,46.0,157.56,90.0,165.93,30.0,159.88,1.9399999999999975,182.0,76.0,1.9773163631435944,258,106.0,-8.0,0.41,158.91,11.0
2025-04-08 15:14:03,157.65,57.0,159.83,35.0,155.97,144.0,306.46,28.0,158.74,2.180000000000007,201.0,63.0,1.6143791376113583,264,138.0,6.0,0.52,158.4,5.0
2025-04-08 15:14:04,157.22,72.0,181.15,26.0,155.5,40.0,304.5,10.0,169.19,23.930000000000007,112.0,36.0,4.146812028529313,148,76.0,-116.0,0.51,159.0,2.0
2025-04-08 15:14:05,160.0,32.0,183.0,16.0,156.33,24.0,338.0,4.0,171.5,23.0,56.0,20.0,5.89033530454391,76,36.0,-72.0,0.47,160.0,4.0
2025-04-08 15:14:06,160.0,42.0,183.0,24.0,158.0,12.0,338.0,6.0,171.5,23.0,54.0,30.0,6.33851086612285,84,24.0,8.0,0.29,160.0,
2025-04-08 15:14:07,160.0,49.0,183.0,28.0,158.95,38.0,338.0,3.0,171.5,23.0,87.0,31.0,5.539240020071213,118,56.0,34.0,0.47,160.0,
2025-04-08 15:14:09,162.69,13.0,424.54,52.0,160.0,91.0,602.15,52.0,293.62,261.85,104.0,104.0,77.0113622785624,208,0.0,58.0,0.0,160.0,
2025-04-08 15:14:10,164.8,5.0,426.6,20.0,160.0,35.0,530.2,20.0,295.7,261.8,40.0,40.0,74.59963217067491,80,0.0,-128.0,0.0,160.0,
2025-04-08 15:14:11,160.59,17.0,393.0,28.0,159.32,44.0,500.29,28.0,276.79,232.41,61.0,56.0,59.57535379668342,117,5.0,37.0,0.04,161.0,5.0
2025-04-08 15:14:12,160.0,9.0,348.0,12.0,159.0,18.0,349.0,12.0,254.0,188.0,27.0,24.0,26.92582923514164,51,3.0,-66.0,0.06,161.0,
2025-04-08 15:14:13,163.0,14.0,286.68,25.0,160.0,21.0,347.8,25.0,224.84,123.68,35.0,50.0,29.811170725082224,85,-15.0,34.0,-0.18,161.0,
2025-04-08 15:14:14,161.33,27.0,192.73,44.0,159.38,48.0,328.88,34.0,177.03,31.399999999999977,75.0,78.0,46.59984624438143,153,-3.0,68.0,-0.02,163.0,2.0
2025-04-08 15:14:15,160.0,30.0,190.9,40.0,159.0,60.0,347.0,30.0,175.45,30.90000000000001,90.0,70.0,45.33899723196337,160,20.0,7.0,0.12,163.0,
2025-04-08 15:14:16,159.6,30.0,190.0,36.0,158.41,51.0,347.0,27.0,174.8,30.40000000000001,81.0,63.0,36.36928003136676,144,18.0,-16.0,0.12,159.6,5.0
2025-04-08 15:14:17,159.0,16.0,177.13,39.0,156.26,95.0,230.59,32.0,168.06,18.129999999999995,111.0,71.0,23.066784127831227,182,40.0,38.0,0.22,159.0,3.0
2025-04-08 15:14:18,161.93,46.0,166.91,33.0,157.17,23.0,168.6,40.0,164.42,4.97999999999999,69.0,73.0,5.4316636493768105,142,-4.0,-40.0,-0.03,159.0,
2025-04-08 15:14:19,162.0,35.0,164.62,26.0,159.0,7.0,166.7,23.0,163.31,2.6200000000000045,42.0,49.0,5.684678530925051,91,-7.0,-51.0,-0.08,159.0,
2025-04-08 15:14:20,159.17,126.0,162.51,43.0,158.05,57.0,377.3,46.0,160.84,3.3400000000000034,183.0,89.0,5.422930941839383,272,94.0,168.0,0.35,162.0,5.0
2025-04-08 15:14:21,158.05,57.0,159.6,30.0,156.36,99.0,442.17,48.0,158.83,1.549999999999983,156.0,78.0,3.5259140658781782,234,78.0,-38.0,0.33,159.0,2.0
2025-04-08 15:14:22,158.0,30.0,159.0,18.0,156.0,81.0,598.71,34.0,158.5,1.0,111.0,52.0,2.638891812855693,163,59.0,-71.0,0.36,158.0,3.0
2025-04-08 15:14:23,159.62,52.0,263.09,44.0,156.23,61.0,414.9,50.0,211.35,103.46999999999996,113.0,94.0,22.8795832566933,207,19.0,44.0,0.09,158.0,2.0
2025-04-08 15:14:24,160.0,66.0,222.05,38.0,158.0,11.0,509.09,46.0,191.03,62.05000000000001,77.0,84.0,24.012222929165947,161,-7.0,-46.0,-0.04,158.0,
2025-04-08 15:14:25,160.0,44.0,214.0,40.0,158.0,10.0,364.96,23.0,187.0,54.0,54.0,63.0,22.665488523302667,117,-9.0,-44.0,-0.08,160.0,4.0
2025-04-08 15:14:26,160.33,24.0,196.15,26.0,158.57,14.0,361.91,55.0,178.24,35.81999999999999,38.0,81.0,19.25084491652163,119,-43.0,2.0,-0.36,160.0,
2025-04-08 15:14:27,162.0,10.0,193.17,24.0,160.0,10.0,393.71,21.0,177.58,31.169999999999987,20.0,45.0,13.727976908487571,65,-25.0,-54.0,-0.38,160.0,
2025-04-08 15:14:28,162.0,14.0,278.12,32.0,160.0,14.0,466.64,22.0,220.06,116.12,28.0,54.0,17.343304760049882,82,-26.0,17.0,-0.32,160.0,
2025-04-08 15:14:29,162.0,12.0,449.2,20.0,160.0,12.0,472.38,16.0,305.6,287.2,24.0,36.0,54.22410792258346,60,-12.0,-22.0,-0.2,162.0,2.0
2025-04-08 15:14:30,160.0,16.0,385.48,25.0,158.0,8.0,408.74,23.0,272.74,225.48,24.0,48.0,57.149504634773386,72,-24.0,12.0,-0.33,162.0,
2025-04-08 15:14:31,160.0,14.0,241.71,14.0,158.0,7.0,243.0,35.0,200.86,81.71000000000001,21.0,49.0,52.66353121468391,70,-28.0,-2.0,-0.4,158.0,5.0
2025-04-08 15:14:32,160.43,47.0,239.81,32.0,159.63,43.0,251.91,68.0,200.12,79.38,90.0,100.0,47.157046981336606,190,-10.0,120.0,-0.05,158.0,
2025-04-08 15:14:33,164.0,26.0,226.82,22.0,163.0,26.0,236.55,22.0,195.41,62.81999999999999,52.0,44.0,50.88756016945582,96,8.0,-94.0,0.08,158.0,
2025-04-08 15:14:34,164.41,17.0,185.2,15.0,163.58,24.0,195.24,21.0,174.81,20.789999999999992,41.0,36.0,37.2871327672158,77,5.0,-19.0,0.06,158.0,
2025-04-08 15:14:35,157.74,46.0,182.56,16.0,156.74,46.0,184.77,26.0,170.15,24.819999999999997,92.0,42.0,14.657900600016776,134,50.0,57.0,0.37,162.5,6.0
2025-04-08 15:14:36,155.86,57.0,179.44,25.0,149.48,66.0,180.32,25.0,167.65,23.579999999999984,123.0,50.0,15.04586056029931,173,73.0,39.0,0.42,156.0,4.0
2025-04-08 15:14:37,157.56,78.0,177.28,29.0,131.12,85.0,178.48,31.0,167.42,19.72,163.0,60.0,11.742730517216543,223,103.0,50.0,0.46,156.0,
2025-04-08 15:14:38,159.0,40.0,173.75,16.0,155.85,41.0,177.0,8.0,166.38,14.75,81.0,24.0,3.3861585904926783,105,57.0,-118.0,0.54,156.0,
2025-04-08 15:14:39,159.0,41.0,172.0,26.0,156.24,98.0,177.0,13.0,165.5,13.0,139.0,39.0,1.751699175077406,178,100.0,73.0,0.56,159.0,2.0
2025-04-08 15:14:40,159.0,30.0,170.8,20.0,158.0,40.0,173.0,15.0,164.9,11.800000000000011,70.0,35.0,1.189411619233048,105,35.0,-73.0,0.33,159.0,
2025-04-08 15:14:41,159.21,24.0,169.82,22.0,156.45,97.0,170.69,26.0,164.51,10.609999999999983,121.0,48.0,1.1734649547244351,169,73.0,64.0,0.43,158.6,5.0
2025-04-08 15:14:42,163.0,10.0,167.73,11.0,162.0,10.0,168.68,19.0,165.36,4.72999999999999,20.0,30.0,0.70526590727635,50,-10.0,-119.0,-0.2,158.6,
2025-04-08 15:14:43,160.43,14.0,166.5,6.0,156.19,62.0,168.0,12.0,163.46,6.069999999999993,76.0,18.0,0.8183397827102051,94,58.0,44.0,0.62,162.5,2.0
2025-04-08 15:14:44,157.48,89.0,166.16,25.0,155.91,129.0,197.14,35.0,161.82,8.680000000000007,218.0,60.0,1.4109571219445274,278,158.0,168.0,0.57,160.12,8.0
2025-04-08 15:14:45,157.6,50.0,170.0,30.0,155.8,125.0,234.34,61.0,163.8,12.400000000000006,175.0,91.0,1.3203408650670156,266,84.0,-12.0,0.32,158.0,4.0
2025-04-08 15:14:46,156.0,41.0,169.27,22.0,155.0,55.0,230.92,26.0,162.64,13.27000000000001,96.0,48.0,1.3302180272292998,144,48.0,-122.0,0.33,156.0,1.0
2025-04-08 15:14:47,156.0,63.0,166.93,30.0,155.0,75.0,194.92,48.0,161.47,10.930000000000009,138.0,78.0,1.0073827475024315,216,60.0,72.0,0.28,156.0,
2025-04-08 15:14:48,156.26,91.0,164.81,27.0,155.12,80.0,166.38,32.0,160.54,8.550000000000011,171.0,59.0,1.232874689482006,230,112.0,14.0,0.49,156.0,
2025-04-08 15:14:49,159.0,28.0,164.0,7.0,156.0,28.0,165.0,14.0,161.5,5.0,56.0,21.0,1.2561448960869648,77,35.0,-153.0,0.45,156.0,
2025-04-08 15:14:50,159.0,14.0,163.43,14.0,156.0,56.0,165.0,28.0,161.21,4.430000000000007,70.0,42.0,0.7586632981534965,112,28.0,35.0,0.25,159.0,3.0
2025-04-08 15:14:51,159.4,10.0,161.9,10.0,157.69,13.0,165.0,20.0,160.65,2.5,23.0,30.0,0.453243863681592,53,-7.0,-59.0,-0.13,160.0,1.0
2025-04-08 15:14:52,158.36,11.0,160.09,35.0,156.25,32.0,164.81,21.0,159.22,1.7299999999999898,43.0,56.0,0.878879969031542,99,-13.0,46.0,-0.13,159.0,1.0
2025-04-08 15:14:53,156.62,29.0,183.8,40.0,155.59,61.0,247.53,38.0,170.21,27.180000000000007,90.0,78.0,4.366700127094302,168,12.0,69.0,0.07,159.6,5.0
2025-04-08 15:14:54,156.0,40.0,226.63,19.0,155.0,50.0,236.88,34.0,191.32,70.63,90.0,53.0,13.458817555787236,143,37.0,-25.0,0.26,159.6,
2025-04-08 15:14:55,156.0,36.0,225.56,9.0,155.0,45.0,254.67,42.0,190.78,69.56,81.0,51.0,15.745120831545506,132,30.0,-11.0,0.23,159.6,
2025-04-08 15:14:56,156.0,28.0,224.12,8.0,155.0,76.0,231.25,12.0,190.06,68.12,104.0,20.0,14.770758951386682,124,84.0,-8.0,0.68,156.0,2.0
2025-04-08 15:14:57,155.31,52.0,223.82,11.0,154.9,118.0,224.82,11.0,189.56,68.50999999999999,170.0,22.0,9.067622621170964,192,148.0,68.0,0.77,155.5,4.0
2025-04-08 15:14:58,155.0,63.0,221.92,12.0,153.0,24.0,223.17,12.0,188.46,66.91999999999999,87.0,24.0,1.1082779434657128,111,63.0,-81.0,0.57,155.5,
2025-04-08 15:14:59,155.0,36.0,218.42,12.0,153.0,24.0,220.17,12.0,186.71,63.41999999999999,60.0,24.0,1.5871609874150354,84,36.0,-27.0,0.43,155.5,
2025-04-08 15:15:00,154.25,24.0,190.71,34.0,109.12,59.0,293.26,23.0,172.48,36.46000000000001,83.0,57.0,7.36567580062896,140,26.0,56.0,0.19,154.5,4.0
2025-04-08 15:15:01,155.02,100.0,160.35,20.0,131.32,22.0,192.11,36.0,157.69,5.329999999999984,122.0,56.0,13.75748705250959,178,66.0,38.0,0.37,155.0,1.0
2025-04-08 15:15:02,156.1,77.0,157.6,20.0,155.21,38.0,219.75,24.0,156.85,1.5,115.0,44.0,15.173047485589931,159,71.0,-19.0,0.45,156.83,6.0
2025-04-08 15:15:03,156.0,67.0,157.0,48.0,153.0,12.0,170.8,15.0,156.5,1.0,79.0,63.0,13.359570726635074,142,16.0,-17.0,0.11,156.0,1.0
2025-04-08 15:15:04,156.0,55.0,157.0,44.0,153.0,11.0,194.9,49.0,156.5,1.0,66.0,93.0,6.99122521450732,159,-27.0,17.0,-0.17,156.0,
2025-04-08 15:15:05,159.4,53.0,191.55,44.0,155.0,12.0,420.62,37.0,175.47,32.150000000000006,65.0,81.0,8.325675347980072,146,-16.0,-13.0,-0.11,156.0,4.0
2025-04-08 15:15:06,160.0,108.0,389.7,27.0,156.0,24.0,440.72,36.0,274.85,229.7,132.0,63.0,51.42008391669514,195,69.0,49.0,0.35,156.0,
2025-04-08 15:15:07,160.0,90.0,302.25,24.0,157.43,14.0,470.2,30.0,231.12,142.25,104.0,54.0,52.32354890486667,158,50.0,-37.0,0.32,160.0,3.0
2025-04-08 15:15:08,160.0,72.0,231.42,12.0,158.0,12.0,396.87,15.0,195.71,71.41999999999999,84.0,27.0,47.05551880491784,111,57.0,-47.0,0.51,160.0,
2025-04-08 15:15:09,159.42,31.0,275.08,13.0,156.36,22.0,381.11,19.0,217.25,115.66,53.0,32.0,37.77033359662023,85,21.0,-26.0,0.25,160.0,6.0
2025-04-08 15:15:10,158.0,11.0,385.57,23.0,156.0,22.0,604.24,38.0,271.78,227.57,33.0,61.0,34.51539902710068,94,-28.0,9.0,-0.3,160.0,
2025-04-08 15:15:11,163.46,59.0,284.33,30.0,161.0,36.0,413.36,39.0,223.9,120.86999999999998,95.0,69.0,27.845232446506525,164,26.0,70.0,0.16,165.0,3.0
2025-04-08 15:15:12,163.0,16.0,306.0,16.0,158.0,4.0,475.0,4.0,234.5,143.0,20.0,20.0,27.982061575230297,40,0.0,-124.0,0.0,165.0,
2025-04-08 15:15:13,163.0,28.0,365.28,25.0,158.0,7.0,548.0,25.0,264.14,202.28,35.0,50.0,24.35650590704634,85,-15.0,45.0,-0.18,165.0,
2025-04-08 15:15:14,158.0,7.0,389.2,10.0,156.0,14.0,474.08,25.0,273.6,231.2,21.0,35.0,22.850069584138826,56,-14.0,-29.0,-0.25,163.0,4.0
2025-04-08 15:15:15,159.33,6.0,328.0,24.0,156.27,51.0,366.4,15.0,243.67,168.67,57.0,39.0,20.60134267468956,96,18.0,40.0,0.19,163.0,
2025-04-08 15:15:16,162.0,10.0,328.0,40.0,159.24,42.0,351.0,40.0,245.0,166.0,52.0,80.0,16.11220717344419,132,-28.0,36.0,-0.21,163.0,
2025-04-08 15:15:17,162.0,62.0,280.0,20.0,160.0,25.0,340.2,20.0,221.0,118.0,87.0,40.0,20.381528892602383,127,47.0,-5.0,0.37,163.0,
2025-04-08 15:15:18,162.0,8.0,269.88,32.0,160.0,40.0,348.5,32.0,215.94,107.88,48.0,64.0,22.95205698842661,112,-16.0,-15.0,-0.14,163.0,
2025-04-08 15:15:19,162.0,16.0,197.59,51.0,160.0,80.0,226.04,48.0,179.79,35.59,96.0,99.0,26.522465006103342,195,-3.0,83.0,-0.02,163.0,
2025-04-08 15:15:20,162.0,15.0,166.0,45.0,160.0,75.0,198.11,18.0,164.0,4.0,90.0,63.0,32.75714090087796,153,27.0,-42.0,0.18,163.0,
2025-04-08 15:15:21,161.08,13.0,165.22,27.0,159.59,59.0,200.67,12.0,163.15,4.139999999999986,72.0,39.0,27.962293003256477,111,33.0,-42.0,0.3,160.67,3.0
2025-04-08 15:15:22,160.0,38.0,164.07,14.0,159.0,144.0,167.49,37.0,162.04,4.069999999999993,182.0,51.0,22.9604579658151,233,131.0,122.0,0.56,160.0,6.0
2025-04-08 15:15:23,159.22,108.0,162.04,27.0,158.93,103.0,179.84,19.0,160.63,2.819999999999993,211.0,46.0,7.854531812906381,257,165.0,24.0,0.64,160.0,3.0
2025-04-08 15:15:24,159.0,96.0,161.25,8.0,158.0,8.0,296.45,11.0,160.12,2.25,104.0,19.0,1.6381910755333189,123,85.0,-134.0,0.69,160.0,
2025-04-08 15:15:25,159.0,117.0,316.21,19.0,158.0,10.0,413.88,25.0,237.61,157.20999999999998,127.0,44.0,34.0649636723711,171,83.0,48.0,0.49,159.0,1.0
2025-04-08 15:15:26,159.25,73.0,390.0,41.0,158.93,71.0,409.27,45.0,274.62,230.75,144.0,86.0,53.75655615829544,230,58.0,59.0,0.25,159.0,
2025-04-08 15:15:27,160.22,27.0,328.0,81.0,159.0,99.0,406.0,45.0,244.11,167.78,126.0,126.0,52.15406570920409,252,0.0,22.0,0.0,159.0,
2025-04-08 15:15:28,161.0,30.0,321.1,63.0,159.0,110.0,386.09,47.0,241.05,160.10000000000002,140.0,110.0,42.549927967036375,250,30.0,-2.0,0.12,159.0,
2025-04-08 15:15:29,159.2,61.0,299.0,35.0,158.19,31.0,328.0,28.0,229.1,139.8,92.0,63.0,17.325682381943576,155,29.0,-95.0,0.19,161.0,3.0
2025-04-08 15:15:30,159.0,81.0,299.0,55.0,156.91,22.0,394.23,53.0,229.0,140.0,103.0,108.0,18.657505996246915,211,-5.0,56.0,-0.02,159.0,4.0
2025-04-08 15:15:31,159.0,77.0,213.27,55.0,158.0,22.0,223.55,55.0,186.14,54.27000000000001,99.0,110.0,23.24775365492295,209,-11.0,-2.0,-0.05,159.0,
2025-04-08 15:15:32,159.0,81.0,189.69,49.0,158.0,26.0,193.31,65.0,174.35,30.69,107.0,114.0,29.629160804855378,221,-7.0,12.0,-0.03,159.0,5.0
2025-04-08 15:15:33,158.18,22.0,192.14,70.0,156.2,40.0,204.0,70.0,175.16,33.95999999999998,62.0,140.0,28.04926558753318,202,-78.0,-19.0,-0.39,158.0,5.0
2025-04-08 15:15:34,156.0,6.0,192.0,30.0,155.0,24.0,299.89,18.0,174.0,36.0,30.0,48.0,23.61823024699288,78,-18.0,-124.0,-0.23,158.0,
2025-04-08 15:15:35,155.08,39.0,191.92,60.0,148.17,36.0,299.75,56.0,173.5,36.839999999999975,75.0,116.0,5.350542028614011,191,-41.0,113.0,-0.21,156.0,1.0
2025-04-08 15:15:36,157.09,67.0,191.0,75.0,153.9,62.0,314.24,51.0,174.04,33.91,129.0,126.0,0.6122091145710901,255,3.0,64.0,0.01,156.0,
2025-04-08 15:15:37,163.0,88.0,190.12,40.0,156.58,31.0,362.88,24.0,176.56,27.120000000000005,119.0,64.0,1.227322288546953,183,55.0,-72.0,0.3,156.0,
2025-04-08 15:15:38,163.0,99.0,189.82,49.0,162.0,27.0,251.08,51.0,176.41,26.819999999999997,126.0,100.0,1.461615544513755,226,26.0,43.0,0.12,156.0,
2025-04-08 15:15:39,164.0,101.0,188.18,67.0,163.0,165.0,189.55,73.0,176.09,24.180000000000007,266.0,140.0,1.4378282233856845,406,126.0,168.0,0.31,164.0,2.0
2025-04-08 15:15:40,163.01,78.0,188.0,40.0,157.27,48.0,189.0,24.0,175.51,24.99000000000001,126.0,64.0,1.0228734036842544,190,62.0,-168.0,0.33,164.0,5.0
2025-04-08 15:15:41,163.0,143.0,187.53,59.0,156.2,81.0,188.33,45.0,175.26,24.53,224.0,104.0,0.5638528176436872,328,120.0,138.0,0.37,164.0,
2025-04-08 15:15:42,163.0,165.0,183.67,49.0,161.6,50.0,184.59,71.0,173.34,20.669999999999987,215.0,120.0,1.1980275455783205,335,95.0,7.0,0.28,164.0,
2025-04-08 15:15:43,163.0,88.0,182.26,34.0,162.0,32.0,183.5,30.0,172.63,19.25999999999999,120.0,64.0,1.4955366929514136,184,56.0,-151.0,0.3,164.0,
2025-04-08 15:15:44,163.0,88.0,182.0,40.0,162.0,32.0,183.0,24.0,172.5,19.0,120.0,64.0,1.4417593419026915,184,56.0,0.0,0.3,164.0,
2025-04-08 15:15:45,163.0,125.0,180.4,45.0,162.0,52.0,181.85,59.0,171.7,17.400000000000006,177.0,104.0,1.3475088125735142,281,73.0,97.0,0.26,163.0,2.0
2025-04-08 15:15:46,162.96,112.0,178.1,49.0,161.85,52.0,179.05,55.0,170.53,15.139999999999986,164.0,104.0,1.071844205079632,268,60.0,-13.0,0.22,163.0,
2025-04-08 15:15:47,163.44,72.0,176.62,65.0,160.36,44.0,186.29,41.0,170.03,13.180000000000009,116.0,106.0,1.1636451348939898,222,10.0,-46.0,0.05,162.0,2.0
2025-04-08 15:15:48,164.0,180.0,176.0,70.0,162.95,41.0,246.0,70.0,170.0,12.0,221.0,140.0,1.1056988739988,361,81.0,139.0,0.22,164.0,1.0
2025-04-08 15:15:49,164.19,72.0,175.64,55.0,163.85,99.0,216.83,60.0,169.92,11.449999999999989,171.0,115.0,0.7462774282811889,286,56.0,-75.0,0.2,164.5,4.0
2025-04-08 15:15:50,164.0,140.0,173.55,65.0,163.0,42.0,174.66,61.0,168.78,9.550000000000011,182.0,126.0,0.6455772610321174,308,56.0,22.0,0.18,164.5,
2025-04-08 15:15:51,164.0,140.0,168.59,58.0,163.0,42.0,170.2,60.0,166.29,4.590000000000003,182.0,118.0,1.6046588422344998,300,64.0,-8.0,0.21,164.5,
2025-04-08 15:15:52,164.0,50.0,165.83,24.0,163.0,18.0,167.5,24.0,164.92,1.8300000000000125,68.0,48.0,2.275064834232408,116,20.0,-168.0,0.17,164.0,5.0
2025-04-08 15:15:53,163.51,45.0,164.58,48.0,162.23,31.0,165.48,58.0,164.05,1.0700000000000216,76.0,106.0,2.500573934112011,182,-30.0,66.0,-0.16,163.62,8.0
2025-04-08 15:15:54,162.0,12.0,164.0,24.0,160.0,24.0,165.0,54.0,163.0,2.0,36.0,78.0,2.2376930084262834,114,-42.0,-68.0,-0.37,163.62,
2025-04-08 15:15:55,162.0,22.0,163.0,44.0,160.0,44.0,165.0,89.0,162.5,1.0,66.0,133.0,1.5188383719011622,199,-67.0,85.0,-0.34,163.62,
2025-04-08 15:15:56,158.21,28.0,162.0,44.0,156.98,90.0,196.5,46.0,160.11,3.789999999999992,118.0,90.0,1.827273925813777,208,28.0,9.0,0.13,160.67,6.0
2025-04-08 15:15:57,157.0,72.0,160.07,42.0,156.0,93.0,161.11,44.0,158.54,3.069999999999993,165.0,86.0,2.255448957515654,251,79.0,43.0,0.31,157.0,3.0
2025-04-08 15:15:58,156.75,44.0,158.55,33.0,155.92,96.0,184.22,45.0,157.65,1.8000000000000114,140.0,78.0,2.3594596839017856,218,62.0,-33.0,0.28,157.14,7.0
2025-04-08 15:15:59,156.0,99.0,159.44,45.0,155.0,72.0,355.67,30.0,157.72,3.4399999999999977,171.0,75.0,2.042824025695196,246,96.0,28.0,0.39,157.14,
2025-04-08 15:16:00,156.08,131.0,186.38,53.0,155.2,110.0,341.92,26.0,171.23,30.299999999999983,241.0,79.0,5.776352655435613,320,162.0,74.0,0.51,157.0,5.0
2025-04-08 15:16:01,157.64,70.0,160.82,55.0,156.0,154.0,202.59,37.0,159.23,3.180000000000007,224.0,92.0,5.825352349854727,316,132.0,-4.0,0.42,161.0,1.0
2025-04-08 15:16:02,156.91,68.0,187.36,44.0,155.82,134.0,297.58,38.0,172.14,30.450000000000017,202.0,82.0,7.419941374428705,284,120.0,-32.0,0.42,158.0,3.0
2025-04-08 15:16:03,157.88,64.0,220.2,20.0,156.0,85.0,300.85,54.0,189.04,62.31999999999999,149.0,74.0,12.602811987804992,223,75.0,-61.0,0.34,158.0,
2025-04-08 15:16:04,159.2,40.0,219.0,13.0,156.87,46.0,389.83,29.0,189.1,59.80000000000001,86.0,42.0,12.849391814399768,128,44.0,-95.0,0.34,158.0,
2025-04-08 15:16:05,162.57,21.0,217.58,12.0,158.86,21.0,369.27,30.0,190.08,55.01000000000002,42.0,42.0,13.777489611680553,84,0.0,-44.0,0.0,163.0,4.0
2025-04-08 15:16:06,158.0,18.0,210.51,35.0,156.49,69.0,320.86,14.0,184.26,52.50999999999999,87.0,49.0,7.497271503685049,136,38.0,52.0,0.28,157.5,8.0
2025-04-08 15:16:07,156.0,52.0,209.23,22.0,155.0,187.0,277.82,33.0,182.61,53.22999999999999,239.0,55.0,3.347987455168962,294,184.0,158.0,0.63,157.5,
2025-04-08 15:16:08,156.0,28.0,208.0,7.0,155.0,49.0,432.0,14.0,182.0,52.0,77.0,21.0,3.742178509901441,98,56.0,-168.0,0.57,157.5,
2025-04-08 15:16:09,159.09,35.0,207.91,11.0,155.72,50.0,383.05,21.0,183.5,48.81999999999999,85.0,32.0,3.2409720763943266,117,53.0,19.0,0.45,157.5,
2025-04-08 15:16:10,160.0,35.0,206.46,13.0,156.0,52.0,207.46,13.0,183.23,46.46000000000001,87.0,26.0,0.8617714313941742,113,61.0,-4.0,0.54,160.0,2.0
2025-04-08 15:16:11,160.0,16.0,204.0,14.0,156.0,56.0,207.0,14.0,182.0,44.0,72.0,28.0,0.6899057906460779,100,44.0,-13.0,0.44,160.0,
2025-04-08 15:16:12,160.0,13.0,189.12,26.0,156.0,52.0,194.96,24.0,174.56,29.120000000000005,65.0,50.0,3.697285490730499,115,15.0,15.0,0.13,162.0,1.0
2025-04-08 15:16:13,160.0,13.0,198.72,25.0,156.0,52.0,199.67,27.0,179.36,38.72,65.0,52.0,3.7175798579137487,117,13.0,2.0,0.11,162.0,
2025-04-08 15:16:14,159.02,102.0,196.93,28.0,156.56,54.0,198.6,20.0,177.97,37.91,156.0,48.0,3.4241101033648778,204,108.0,87.0,0.53,160.0,1.0
2025-04-08 15:16:15,161.04,23.0,194.71,42.0,159.0,80.0,198.0,14.0,177.88,33.670000000000016,103.0,56.0,2.69591913824671,159,47.0,-45.0,0.3,160.0,
2025-04-08 15:16:16,164.0,12.0,193.0,36.0,159.0,120.0,198.0,12.0,178.5,29.0,132.0,48.0,1.826877116821083,180,84.0,21.0,0.47,160.0,
2025-04-08 15:16:17,159.1,58.0,191.77,22.0,156.65,46.0,194.0,18.0,175.44,32.670000000000016,104.0,40.0,1.459794506074269,144,64.0,-36.0,0.44,160.0,6.0
2025-04-08 15:16:18,159.0,40.0,188.83,12.0,156.0,32.0,191.7,20.0,173.92,29.830000000000013,72.0,32.0,1.9718316358056849,104,40.0,-40.0,0.38,160.0,
2025-04-08 15:16:19,159.0,42.0,187.91,23.0,156.0,36.0,188.54,13.0,173.46,28.91,78.0,36.0,2.2774986278730696,114,42.0,10.0,0.37,159.0,1.0
2025-04-08 15:16:20,158.25,48.0,185.69,13.0,155.53,68.0,188.0,39.0,171.97,27.44,116.0,52.0,2.478794061628196,168,64.0,54.0,0.38,158.4,5.0
2025-04-08 15:16:21,156.0,33.0,176.14,29.0,155.0,88.0,181.76,17.0,166.07,20.139999999999983,121.0,46.0,3.628687090389861,167,75.0,-1.0,0.45,158.4,
2025-04-08 15:16:22,156.0,24.0,173.5,12.0,155.0,64.0,174.9,20.0,164.75,17.5,88.0,32.0,4.307566598435934,120,56.0,-47.0,0.47,158.4,
2025-04-08 15:16:23,157.79,38.0,171.0,25.0,145.31,102.0,172.85,34.0,164.39,13.210000000000008,140.0,59.0,4.266441139868215,199,81.0,79.0,0.41,155.6,5.0
2025-04-08 15:16:24,160.0,20.0,166.94,35.0,157.57,42.0,169.42,19.0,163.47,6.939999999999998,62.0,54.0,3.395467567207632,116,8.0,-83.0,0.07,160.0,1.0
2025-04-08 15:16:25,160.0,11.0,163.11,27.0,158.22,23.0,163.71,34.0,161.56,3.1100000000000136,34.0,61.0,1.6749985074494274,95,-27.0,-21.0,-0.28,161.0,1.0
2025-04-08 15:16:26,159.0,12.0,160.9,40.0,157.75,24.0,251.65,23.0,159.95,1.9000000000000057,36.0,63.0,2.027111245086755,99,-27.0,4.0,-0.27,159.5,2.0
2025-04-08 15:16:27,158.0,27.0,159.33,36.0,155.0,27.0,645.44,18.0,158.67,1.3300000000000125,54.0,54.0,2.3764300957437348,108,0.0,9.0,0.0,159.5,
2025-04-08 15:16:28,155.62,29.0,444.59,22.0,148.78,18.0,630.91,22.0,300.11,288.97,47.0,44.0,62.2769429243277,91,3.0,-17.0,0.03,156.8,5.0
2025-04-08 15:16:29,162.11,19.0,433.2,10.0,135.8,30.0,435.65,17.0,297.65,271.09,49.0,27.0,76.04671406444845,76,22.0,-15.0,0.29,156.8,
2025-04-08 15:16:30,164.0,11.0,404.57,14.0,155.0,7.0,432.08,13.0,284.29,240.57,18.0,27.0,74.02840725019009,45,-9.0,-31.0,-0.2,164.0,2.0
2025-04-08 15:16:31,151.46,37.0,303.08,26.0,110.7,27.0,345.42,33.0,227.27,151.61999999999998,64.0,59.0,60.72567924692158,123,5.0,78.0,0.04,159.5,2.0
2025-04-08 15:16:32,151.0,129.0,260.5,12.0,90.69,67.0,262.05,20.0,205.75,109.5,196.0,32.0,43.54662191261231,228,164.0,105.0,0.72,151.0,2.0
2025-04-08 15:16:34,119.49,95.0,152.37,38.0,109.74,107.0,167.76,29.0,135.93,32.88000000000001,202.0,67.0,61.72856243263706,269,135.0,7.0,0.5,152.4,5.0
2025-04-08 15:16:35,150.43,40.0,199.71,14.0,140.74,100.0,399.89,18.0,175.07,49.28,140.0,32.0,39.38527288213144,172,108.0,-97.0,0.63,152.67,3.0
2025-04-08 15:16:36,157.25,16.0,225.0,12.0,146.47,38.0,472.17,6.0,191.12,67.75,54.0,18.0,30.18189970826809,72,36.0,-100.0,0.5,159.33,3.0
2025-04-08 15:16:37,158.0,60.0,230.46,28.0,156.33,30.0,497.56,16.0,194.23,72.46000000000001,90.0,44.0,27.06435349310884,134,46.0,62.0,0.34,159.33,
2025-04-08 15:16:38,163.0,40.0,210.38,24.0,157.0,40.0,613.5,8.0,186.69,47.38,80.0,32.0,23.873860601083283,112,48.0,-22.0,0.43,159.33,
2025-04-08 15:16:39,163.4,25.0,220.67,18.0,160.75,40.0,298.64,14.0,192.03,57.26999999999998,65.0,32.0,7.641028726550003,97,33.0,-15.0,0.34,159.33,
2025-04-08 15:16:40,165.1,20.0,231.0,30.0,163.0,50.0,575.0,10.0,198.05,65.9,70.0,40.0,4.172766468419312,110,30.0,13.0,0.27,159.33,
2025-04-08 15:16:41,161.74,27.0,231.0,18.0,159.33,24.0,358.33,9.0,196.37,69.25999999999999,51.0,27.0,4.416048006981477,78,24.0,-32.0,0.31,166.0,2.0
2025-04-08 15:16:42,162.2,25.0,231.0,18.0,158.78,27.0,466.86,14.0,196.6,68.80000000000001,52.0,32.0,4.639043004754892,84,20.0,6.0,0.24,166.0,
2025-04-08 15:16:43,163.0,36.0,231.0,27.0,159.0,45.0,444.0,15.0,197.0,68.0,81.0,42.0,2.3162361710253694,123,39.0,39.0,0.32,166.0,
2025-04-08 15:16:44,161.61,56.0,350.0,18.0,159.62,120.0,596.79,38.0,255.8,188.39,176.0,56.0,26.301810393962857,232,120.0,109.0,0.52,162.0,6.0
2025-04-08 15:16:45,160.17,94.0,331.8,30.0,159.63,82.0,404.0,10.0,245.99,171.63000000000002,176.0,40.0,29.9101883979352,216,136.0,-16.0,0.63,162.0,
2025-04-08 15:16:46,161.92,48.0,384.71,35.0,160.04,136.0,483.71,28.0,273.32,222.79,184.0,63.0,35.11584286330011,247,121.0,31.0,0.49,162.0,
2025-04-08 15:16:47,164.31,52.0,324.74,31.0,161.54,39.0,414.41,29.0,244.52,160.43,91.0,60.0,28.327819894937026,151,31.0,-96.0,0.21,162.0,
2025-04-08 15:16:48,165.05,44.0,268.23,26.0,162.0,39.0,314.93,30.0,216.64,103.18,83.0,56.0,20.60800766692385,139,27.0,-12.0,0.19,165.0,2.0
2025-04-08 15:16:49,166.0,20.0,280.7,20.0,161.2,30.0,288.43,21.0,223.35,114.7,50.0,41.0,22.28523345177225,91,9.0,-48.0,0.1,165.0,
2025-04-08 15:16:50,161.44,25.0,279.08,24.0,159.14,43.0,280.33,24.0,220.26,117.64,68.0,48.0,23.7024412244812,116,20.0,25.0,0.17,162.0,7.0
2025-04-08 15:16:51,157.92,25.0,256.76,33.0,155.1,80.0,267.11,28.0,207.34,98.84,105.0,61.0,13.736404915405572,166,44.0,50.0,0.27,158.4,5.0
2025-04-08 15:16:52,156.0,12.0,179.8,30.0,155.0,96.0,215.83,36.0,167.9,23.80000000000001,108.0,66.0,22.720900510322405,174,42.0,8.0,0.24,158.4,
2025-04-08 15:16:53,155.25,20.0,157.88,16.0,136.43,53.0,159.0,16.0,156.56,2.6299999999999955,73.0,32.0,30.846700309756987,105,41.0,-69.0,0.39,155.25,4.0
2025-04-08 15:16:54,155.0,52.0,156.33,24.0,138.91,66.0,205.96,26.0,155.67,1.3300000000000125,118.0,50.0,30.1835431982389,168,68.0,63.0,0.4,155.0,2.0
2025-04-08 15:16:55,127.2,46.0,164.0,27.0,81.26,117.0,307.45,38.0,145.6,36.8,163.0,65.0,24.0972151918006,228,98.0,60.0,0.43,155.0,5.0
2025-04-08 15:16:56,156.5,18.0,223.43,14.0,138.1,92.0,346.52,25.0,189.96,66.93,110.0,39.0,16.94637778405591,149,71.0,-79.0,0.48,155.0,
2025-04-08 15:16:57,159.0,12.0,219.43,42.0,131.85,120.0,294.38,16.0,189.21,60.43000000000001,132.0,58.0,20.706087269205312,190,74.0,41.0,0.39,155.0,
2025-04-08 15:16:58,163.61,31.0,217.47,17.0,137.99,94.0,218.21,38.0,190.54,53.85999999999999,125.0,55.0,21.805928780951984,180,70.0,-10.0,0.39,155.0,
2025-04-08 15:16:59,165.0,11.0,215.87,23.0,164.0,55.0,216.62,32.0,190.43,50.870000000000005,66.0,55.0,19.878837239636376,121,11.0,-59.0,0.09,155.0,
2025-04-08 15:17:00,164.13,15.0,212.3,27.0,159.28,179.0,215.75,48.0,188.21,48.170000000000016,194.0,75.0,0.9697680134747544,269,119.0,148.0,0.44,164.2,5.0
2025-04-08 15:17:01,164.0,9.0,210.67,18.0,159.0,117.0,211.22,27.0,187.33,46.66999999999999,126.0,45.0,1.3937288114832194,171,81.0,-98.0,0.47,164.2,
2025-04-08 15:17:02,164.0,9.0,208.44,9.0,159.11,71.0,211.0,36.0,186.22,44.44,80.0,45.0,1.9057360782537656,125,35.0,-46.0,0.28,164.2,
2025-04-08 15:17:03,159.83,24.0,207.0,6.0,157.23,26.0,211.0,24.0,183.42,47.16999999999999,50.0,30.0,2.583035036533019,80,20.0,-45.0,0.25,160.4,5.0
2025-04-08 15:17:04,159.0,110.0,204.0,20.0,156.0,99.0,206.91,35.0,181.5,45.0,209.0,55.0,2.8019332611530805,264,154.0,168.0,0.58,160.4,
2025-04-08 15:17:05,159.0,60.0,202.67,12.0,156.0,26.0,271.89,19.0,180.83,43.66999999999999,86.0,31.0,2.8528319263417727,117,55.0,-147.0,0.47,160.4,
2025-04-08 15:17:06,159.0,100.0,199.68,28.0,156.0,20.0,200.82,22.0,179.34,40.68000000000001,120.0,50.0,2.6540572714155624,170,70.0,53.0,0.41,160.4,
2025-04-08 15:17:07,159.0,96.0,197.58,24.0,156.0,24.0,198.11,36.0,178.29,38.58000000000001,120.0,60.0,1.9817996871411745,180,60.0,10.0,0.33,160.4,
2025-04-08 15:17:08,159.41,44.0,196.0,9.0,156.67,18.0,223.63,27.0,177.7,36.59,62.0,36.0,1.619682067552825,98,26.0,-82.0,0.27,159.0,8.0
2025-04-08 15:17:09,158.0,18.0,193.8,20.0,156.0,18.0,195.53,17.0,175.9,35.80000000000001,36.0,37.0,1.8398287963697817,73,-1.0,-25.0,-0.01,159.0,
2025-04-08 15:17:10,159.6,30.0,192.43,42.0,156.17,24.0,193.25,24.0,176.01,32.83000000000001,54.0,66.0,1.4846110601604965,120,-12.0,47.0,-0.1,159.0,
2025-04-08 15:17:11,164.0,31.0,190.11,18.0,158.0,14.0,191.0,25.0,177.06,26.110000000000014,45.0,43.0,1.0425305750675051,88,2.0,-32.0,0.02,164.0,5.0
2025-04-08 15:17:12,164.0,17.0,187.35,23.0,158.0,14.0,188.47,17.0,175.67,23.349999999999994,31.0,40.0,0.8714183839868489,71,-9.0,-17.0,-0.13,164.0,2.0
2025-04-08 15:17:13,164.0,10.0,186.16,32.0,158.0,20.0,187.16,38.0,175.08,22.16,30.0,70.0,0.719951387212998,100,-40.0,29.0,-0.4,164.0,
2025-04-08 15:17:14,164.0,16.0,182.21,61.0,158.18,66.0,183.7,23.0,173.11,18.210000000000008,82.0,84.0,1.46168738105984,166,-2.0,66.0,-0.01,164.0,
2025-04-08 15:17:15,164.0,13.0,179.3,46.0,160.0,39.0,180.53,45.0,171.65,15.300000000000011,52.0,91.0,2.139656514478211,143,-39.0,-23.0,-0.27,164.0,
2025-04-08 15:17:16,164.0,16.0,174.9,62.0,160.9,30.0,177.04,50.0,169.45,10.900000000000006,46.0,112.0,2.544213041383936,158,-66.0,15.0,-0.42,164.0,
2025-04-08 15:17:17,164.53,15.0,170.85,33.0,163.0,17.0,172.05,44.0,167.69,6.319999999999993,32.0,77.0,2.919568461253661,109,-45.0,-49.0,-0.41,164.5,2.0
2025-04-08 15:17:18,161.85,65.0,164.14,57.0,159.57,188.0,165.03,35.0,162.99,2.289999999999992,253.0,92.0,3.935444066423172,345,161.0,168.0,0.47,161.8,5.0
2025-04-08 15:17:19,160.07,226.0,163.59,34.0,158.59,184.0,199.5,16.0,161.83,3.5200000000000102,410.0,50.0,4.198918908474385,460,360.0,115.0,0.78,161.2,5.0
2025-04-08 15:17:20,160.0,214.0,162.8,30.0,158.0,150.0,165.26,19.0,161.4,2.800000000000012,364.0,49.0,3.658882343003438,413,315.0,-47.0,0.76,160.0,2.0
2025-04-08 15:17:21,160.0,52.0,161.5,8.0,158.0,40.0,164.86,14.0,160.75,1.5,92.0,22.0,2.782286829200259,114,70.0,-168.0,0.61,160.0,2.0
2025-04-08 15:17:22,160.0,102.0,223.0,30.0,158.0,90.0,321.67,45.0,191.5,63.0,192.0,75.0,13.33297903695736,267,117.0,153.0,0.44,161.0,4.0
2025-04-08 15:17:23,158.18,88.0,281.95,42.0,157.89,90.0,314.89,45.0,220.07,123.76999999999998,178.0,87.0,26.365535268603065,265,91.0,-2.0,0.34,161.0,
2025-04-08 15:17:24,161.33,12.0,280.67,12.0,158.33,48.0,312.83,30.0,221.0,119.34,60.0,42.0,29.73433083154824,102,18.0,-163.0,0.18,161.0,
2025-04-08 15:17:25,158.17,162.0,279.2,20.0,157.82,56.0,377.3,50.0,218.69,121.03,218.0,70.0,26.349029773408503,288,148.0,168.0,0.51,161.0,4.0
2025-04-08 15:17:26,159.0,70.0,266.58,19.0,158.0,140.0,308.26,27.0,212.79,107.57999999999998,210.0,46.0,12.333638960176144,256,164.0,-32.0,0.64,161.0,
2025-04-08 15:17:27,159.0,47.0,254.0,10.0,158.0,100.0,265.42,19.0,206.5,95.0,147.0,29.0,6.106852708226797,176,118.0,-80.0,0.67,159.0,3.0
2025-04-08 15:17:28,159.0,42.0,253.17,12.0,158.0,120.0,277.0,18.0,206.08,94.17,162.0,30.0,6.829273021338,192,132.0,16.0,0.69,159.0,
2025-04-08 15:17:29,160.8,40.0,253.0,10.0,158.13,46.0,277.0,15.0,206.9,92.2,86.0,25.0,5.485031449314875,111,61.0,-81.0,0.55,159.0,5.0
2025-04-08 15:17:30,160.14,42.0,251.0,22.0,158.02,184.0,277.0,33.0,205.57,90.86,226.0,55.0,2.960670532155108,281,171.0,168.0,0.61,159.0,
2025-04-08 15:17:31,159.0,22.0,248.9,30.0,158.0,220.0,259.72,25.0,203.95,89.9,242.0,55.0,1.1460584627193258,297,187.0,16.0,0.63,159.0,
2025-04-08 15:17:32,159.0,30.0,241.23,47.0,158.0,300.0,246.47,34.0,200.12,82.22999999999999,330.0,81.0,2.687253244480276,411,249.0,114.0,0.61,159.0,
2025-04-08 15:17:33,158.04,165.0,223.18,40.0,157.7,74.0,228.16,44.0,190.61,65.14000000000001,239.0,84.0,6.561238450168362,323,155.0,-88.0,0.48,158.5,4.0
2025-04-08 15:17:34,158.0,129.0,196.92,25.0,157.0,18.0,198.11,27.0,177.46,38.91999999999999,147.0,52.0,11.65650762449731,199,95.0,-124.0,0.48,158.0,3.0
2025-04-08 15:17:35,158.0,212.0,190.67,43.0,157.0,30.0,191.49,41.0,174.34,32.66999999999999,242.0,84.0,13.20414821182949,326,158.0,127.0,0.48,158.0,
2025-04-08 15:17:36,158.0,230.0,184.89,27.0,157.0,20.0,186.39,23.0,171.44,26.889999999999983,250.0,50.0,12.146142597547415,300,200.0,-26.0,0.67,158.0,
2025-04-08 15:17:37,160.05,78.0,181.79,28.0,157.98,257.0,182.92,37.0,170.92,21.73999999999998,335.0,65.0,8.068282345081407,400,270.0,100.0,0.68,163.0,5.0
2025-04-08 15:17:38,158.05,222.0,177.47,36.0,157.49,47.0,178.67,33.0,167.76,19.419999999999987,269.0,69.0,3.6744904408569794,338,200.0,-62.0,0.59,159.25,8.0
2025-04-08 15:17:39,158.09,163.0,172.22,41.0,157.77,105.0,173.8,35.0,165.15,14.129999999999995,268.0,76.0,3.544900562772904,344,192.0,6.0,0.56,159.25,
2025-04-08 15:17:40,158.11,145.0,165.32,53.0,157.41,163.0,169.29,41.0,161.72,7.2099999999999795,308.0,94.0,4.067139043596375,402,214.0,58.0,0.53,159.67,3.0
2025-04-08 15:17:41,158.0,95.0,159.65,26.0,156.0,42.0,211.28,39.0,158.83,1.6500000000000057,137.0,65.0,4.781132710973872,202,72.0,-168.0,0.36,158.5,8.0
2025-04-08 15:17:42,158.0,100.0,391.0,32.0,156.0,40.0,554.5,44.0,274.5,233.0,140.0,76.0,49.81607441378693,216,64.0,14.0,0.3,158.5,
2025-04-08 15:17:43,158.0,74.0,323.31,49.0,156.0,48.0,526.94,48.0,240.65,165.31,122.0,97.0,53.799111981518486,219,25.0,3.0,0.11,158.0,2.0
2025-04-08 15:17:44,158.0,104.0,264.74,35.0,156.0,96.0,369.32,44.0,211.37,106.74,200.0,79.0,50.12274862774359,279,121.0,60.0,0.43,158.0,
2025-04-08 15:17:45,158.75,48.0,277.14,14.0,156.95,38.0,278.92,26.0,217.95,118.39,86.0,40.0,42.470409698989,126,46.0,-153.0,0.37,158.0,
2025-04-08 15:17:46,160.4,60.0,239.92,26.0,158.5,72.0,240.46,24.0,200.16,79.51999999999998,132.0,50.0,29.455942184896827,182,82.0,56.0,0.45,164.0,2.0
2025-04-08 15:17:47,160.0,48.0,207.69,26.0,158.0,48.0,207.86,14.0,183.85,47.69,96.0,40.0,21.10676384479564,136,56.0,-46.0,0.41,164.0,
2025-04-08 15:17:48,160.0,42.0,191.19,27.0,158.0,42.0,206.62,13.0,175.59,31.19,84.0,40.0,17.91383766812582,124,44.0,-12.0,0.35,164.0,
2025-04-08 15:17:49,160.0,48.0,199.33,12.0,158.0,48.0,206.97,29.0,179.67,39.33000000000001,96.0,41.0,17.50844025034667,137,55.0,13.0,0.4,164.0,
2025-04-08 15:17:50,160.0,30.0,205.4,5.0,158.0,24.0,207.0,20.0,182.7,45.400000000000006,54.0,25.0,9.374952266542737,79,29.0,-58.0,0.37,164.0,
2025-04-08 15:17:51,160.0,38.0,204.45,11.0,159.0,128.0,206.52,29.0,182.23,44.44999999999999,166.0,40.0,3.293101881198379,206,126.0,127.0,0.61,160.0,5.0
2025-04-08 15:17:52,160.0,42.0,201.67,9.0,159.0,144.0,204.0,36.0,180.83,41.66999999999999,186.0,45.0,2.8416861191820395,231,141.0,25.0,0.61,160.0,3.0
2025-04-08 15:17:53,160.0,33.0,197.36,25.0,159.0,176.0,201.76,29.0,178.68,37.360000000000014,209.0,54.0,1.690020709918168,263,155.0,32.0,0.59,160.0,3.0
2025-04-08 15:17:54,159.0,112.0,198.16,19.0,158.0,21.0,199.75,16.0,178.58,39.16,133.0,35.0,1.929152663723672,168,98.0,-95.0,0.58,160.0,
2025-04-08 15:17:55,159.0,112.0,196.94,16.0,158.0,21.0,197.32,19.0,177.97,37.94,133.0,35.0,1.7997694296635678,168,98.0,0.0,0.58,160.0,
2025-04-08 15:17:56,159.0,192.0,193.75,12.0,158.0,36.0,197.0,54.0,176.38,34.75,228.0,66.0,1.6001781150705623,294,162.0,126.0,0.55,160.0,
2025-04-08 15:17:57,159.0,136.0,191.29,41.0,158.0,36.0,193.37,27.0,175.15,32.28999999999999,172.0,68.0,1.5368051275129329,240,104.0,-54.0,0.43,159.0,7.0
2025-04-08 15:17:58,163.0,37.0,188.75,16.0,159.43,42.0,189.72,25.0,175.88,25.75,79.0,41.0,1.4389475320350262,120,38.0,-120.0,0.32,163.0,1.0
2025-04-08 15:17:59,163.26,23.0,187.6,10.0,162.38,16.0,188.96,25.0,175.43,24.340000000000003,39.0,35.0,1.113090292810642,74,4.0,-46.0,0.05,163.0,2.0
2025-04-08 15:18:00,163.75,36.0,186.22,46.0,162.68,31.0,187.11,18.0,174.98,22.47,67.0,64.0,0.569236330489296,131,3.0,57.0,0.02,165.0,3.0
2025-04-08 15:18:01,159.91,66.0,184.08,25.0,158.89,79.0,184.8,50.0,171.99,24.170000000000016,145.0,75.0,1.5450987023321117,220,70.0,89.0,0.32,161.25,8.0
2025-04-08 15:18:02,159.0,42.0,181.83,12.0,158.0,18.0,182.47,17.0,170.42,22.830000000000013,60.0,29.0,2.400947729532612,89,31.0,-131.0,0.35,161.25,
2025-04-08 15:18:03,158.86,63.0,179.11,35.0,157.6,30.0,181.2,20.0,168.99,20.25,93.0,55.0,2.808321562774991,148,38.0,59.0,0.26,159.0,7.0
2025-04-08 15:18:04,158.67,18.0,178.0,24.0,157.64,22.0,179.0,32.0,168.33,19.330000000000013,40.0,56.0,2.660313891244063,96,-16.0,-52.0,-0.17,159.0,
2025-04-08 15:18:05,158.25,16.0,178.0,18.0,156.86,14.0,179.0,24.0,168.12,19.75,30.0,42.0,1.6244537543264754,72,-12.0,-24.0,-0.17,159.0,2.0
2025-04-08 15:18:06,158.0,27.0,177.21,24.0,156.0,18.0,178.16,31.0,167.6,19.210000000000008,45.0,55.0,1.0869084597816132,100,-10.0,28.0,-0.1,159.0,
2025-04-08 15:18:07,158.0,27.0,173.36,11.0,156.0,18.0,174.92,25.0,165.68,15.360000000000014,45.0,36.0,1.2567935391082672,81,9.0,-19.0,0.11,159.0,
2025-04-08 15:18:08,162.87,113.0,171.16,19.0,157.88,32.0,172.16,25.0,167.01,8.289999999999992,145.0,44.0,1.0630475059676576,189,101.0,108.0,0.53,159.0,
2025-04-08 15:18:09,163.0,110.0,165.21,24.0,158.0,30.0,167.97,31.0,164.1,2.210000000000008,140.0,55.0,1.622257686048553,195,85.0,6.0,0.44,159.0,
2025-04-08 15:18:10,163.0,96.0,164.95,42.0,158.0,36.0,166.11,18.0,163.98,1.9499999999999889,132.0,60.0,1.6463231760329349,192,72.0,-3.0,0.38,163.0,3.0
2025-04-08 15:18:11,163.0,56.0,164.0,8.0,158.0,24.0,254.0,32.0,163.5,1.0,80.0,40.0,1.457422382133163,120,40.0,-72.0,0.33,163.0,4.0
2025-04-08 15:18:12,163.0,35.0,426.63,19.0,158.0,30.0,534.78,36.0,294.82,263.63,65.0,55.0,58.2313216405051,120,10.0,0.0,0.08,163.0,1.0
2025-04-08 15:18:14,159.8,15.0,330.32,19.0,157.39,33.0,343.36,25.0,245.06,170.51999999999998,48.0,44.0,78.72360459226945,92,4.0,16.0,0.04,162.5,2.0
2025-04-08 15:18:15,159.71,28.0,306.33,24.0,158.11,36.0,308.29,28.0,233.02,146.61999999999998,64.0,52.0,66.86444197030283,116,12.0,24.0,0.1,160.0,5.0
2025-04-08 15:18:16,161.5,10.0,306.0,20.0,158.2,25.0,307.0,20.0,233.75,144.5,35.0,40.0,47.21415148025011,75,-5.0,-41.0,-0.07,160.0,
2025-04-08 15:18:17,164.25,16.0,190.3,54.0,159.89,18.0,268.21,38.0,177.27,26.05000000000001,34.0,92.0,59.184713820377546,126,-58.0,51.0,-0.46,165.0,1.0
2025-04-08 15:18:18,164.0,10.0,182.9,20.0,158.0,20.0,196.0,20.0,173.45,18.90000000000001,30.0,40.0,34.27404776211837,70,-10.0,-56.0,-0.14,165.0,
2025-04-08 15:18:19,164.0,11.0,180.36,22.0,158.0,22.0,181.73,22.0,172.18,16.360000000000014,33.0,44.0,32.4173908573772,77,-11.0,7.0,-0.14,165.0,
2025-04-08 15:18:20,162.4,15.0,174.77,26.0,159.37,51.0,175.81,27.0,168.58,12.370000000000005,66.0,53.0,27.402901853635047,119,13.0,42.0,0.11,160.8,5.0
2025-04-08 15:18:21,158.5,16.0,169.9,20.0,156.24,68.0,170.88,17.0,164.2,11.400000000000006,84.0,37.0,4.967688597320395,121,47.0,2.0,0.39,160.0,1.0
2025-04-08 15:18:22,158.0,42.0,165.1,20.0,156.0,130.0,165.85,26.0,161.55,7.099999999999994,172.0,46.0,5.088061516918319,218,126.0,97.0,0.58,160.0,
2025-04-08 15:18:23,158.0,64.0,160.92,12.0,156.0,80.0,163.33,12.0,159.46,2.9199999999999875,144.0,24.0,5.182053646957307,168,120.0,-50.0,0.71,160.0,
2025-04-08 15:18:24,158.0,54.0,159.77,13.0,155.43,70.0,160.91,11.0,158.88,1.7700000000000102,124.0,24.0,3.971747726120321,148,100.0,-20.0,0.68,158.0,2.0
2025-04-08 15:18:25,158.19,52.0,163.92,26.0,155.48,81.0,274.38,37.0,161.06,5.72999999999999,133.0,63.0,2.0861208018571205,196,70.0,48.0,0.36,158.17,6.0
2025-04-08 15:18:26,159.0,24.0,163.75,24.0,158.0,24.0,291.54,26.0,161.38,4.75,48.0,50.0,1.2135402753681697,98,-2.0,-98.0,-0.02,158.17,
2025-04-08 15:18:27,159.81,32.0,163.0,22.0,158.0,22.0,292.62,32.0,161.41,3.1899999999999977,54.0,54.0,1.1835201730180278,108,0.0,10.0,0.0,160.0,5.0
2025-04-08 15:18:28,160.0,10.0,162.6,10.0,158.0,10.0,206.0,5.0,161.3,2.5999999999999943,20.0,15.0,1.085393937674648,35,5.0,-73.0,0.14,160.0,
2025-04-08 15:18:29,157.43,14.0,161.71,14.0,155.52,33.0,206.0,7.0,159.57,4.280000000000001,47.0,21.0,0.7802755923011914,68,26.0,33.0,0.38,157.71,7.0
2025-04-08 15:18:30,156.0,14.0,160.06,17.0,155.0,42.0,194.5,8.0,158.03,4.060000000000002,56.0,25.0,1.5064096388235773,81,31.0,13.0,0.38,157.71,
2025-04-08 15:18:31,155.24,50.0,158.47,45.0,149.57,53.0,166.57,21.0,156.85,3.2299999999999898,103.0,66.0,2.003327232366194,169,37.0,88.0,0.22,156.0,2.0
2025-04-08 15:18:32,155.0,63.0,158.56,27.0,139.0,27.0,160.0,18.0,156.78,3.5600000000000023,90.0,45.0,1.9291526637203609,135,45.0,-34.0,0.33,156.0,
2025-04-08 15:18:33,155.0,67.0,162.3,27.0,117.91,33.0,219.85,26.0,158.65,7.300000000000011,100.0,53.0,1.1933482307939145,153,47.0,18.0,0.31,156.5,6.0
2025-04-08 15:18:34,155.0,52.0,284.5,20.0,117.46,26.0,298.29,62.0,219.75,129.5,78.0,82.0,27.81571534222961,160,-4.0,7.0,-0.03,156.5,
2025-04-08 15:18:35,155.75,16.0,303.52,31.0,149.15,39.0,432.62,47.0,229.63,147.76999999999998,55.0,78.0,37.01446230867008,133,-23.0,-27.0,-0.17,156.5,
2025-04-08 15:18:36,162.72,75.0,408.77,13.0,155.33,18.0,419.71,21.0,285.74,246.05,93.0,34.0,54.05108093276189,127,59.0,-6.0,0.46,156.5,
2025-04-08 15:18:37,163.0,104.0,385.56,16.0,160.93,92.0,416.62,16.0,274.28,222.56,196.0,32.0,50.493879332053616,228,164.0,101.0,0.72,156.5,
2025-04-08 15:18:38,163.0,101.0,400.59,22.0,162.0,182.0,413.93,15.0,281.8,237.59,283.0,37.0,31.099105292596583,320,246.0,92.0,0.77,163.0,1.0
2025-04-08 15:18:39,163.0,112.0,321.33,30.0,162.0,208.0,359.92,25.0,242.17,158.32999999999998,320.0,55.0,25.223257719811134,375,265.0,55.0,0.71,163.0,
2025-04-08 15:18:40,162.68,81.0,259.64,14.0,161.82,160.0,292.14,14.0,211.16,96.95999999999998,241.0,28.0,31.7815040550319,269,213.0,-106.0,0.79,163.0,4.0
2025-04-08 15:18:41,163.0,84.0,221.54,24.0,162.0,182.0,228.31,29.0,192.27,58.53999999999999,266.0,53.0,38.84714056401055,319,213.0,50.0,0.67,163.0,
2025-04-08 15:18:42,163.0,33.0,191.82,17.0,162.0,117.0,193.2,10.0,177.41,28.819999999999997,150.0,27.0,41.73466269181986,177,123.0,-142.0,0.69,163.0,3.0
2025-04-08 15:18:43,162.56,59.0,185.62,34.0,161.92,149.0,188.8,20.0,174.09,23.06,208.0,54.0,28.029277550446498,262,154.0,85.0,0.59,163.0,3.0
2025-04-08 15:18:44,164.0,11.0,179.16,19.0,162.0,143.0,180.65,23.0,171.58,15.159999999999997,154.0,42.0,16.533867363685776,196,112.0,-66.0,0.57,163.0,
2025-04-08 15:18:45,164.0,7.0,178.92,13.0,162.0,91.0,179.75,8.0,171.46,14.919999999999987,98.0,21.0,8.67787243510458,119,77.0,-77.0,0.65,163.0,
2025-04-08 15:18:46,164.0,7.0,175.75,8.0,162.0,91.0,179.11,9.0,169.88,11.75,98.0,17.0,2.9449668928435595,115,81.0,-4.0,0.7,163.0,
2025-04-08 15:18:47,164.0,8.0,172.9,20.0,162.0,104.0,173.92,12.0,168.45,8.900000000000006,112.0,32.0,2.110135066753656,144,80.0,29.0,0.56,163.0,
2025-04-08 15:18:48,164.46,13.0,168.46,26.0,162.06,94.0,169.35,34.0,166.46,4.0,107.0,60.0,2.1583975537287814,167,47.0,23.0,0.28,163.0,
2025-04-08 15:18:49,162.37,43.0,164.85,34.0,161.82,76.0,167.54,26.0,163.61,2.4799999999999898,119.0,60.0,3.055661957733748,179,59.0,12.0,0.33,164.0,4.0
2025-04-08 15:18:50,162.0,55.0,163.62,21.0,160.0,15.0,363.78,9.0,162.81,1.6200000000000043,70.0,30.0,3.035781612688903,100,40.0,-79.0,0.4,162.0,5.0
2025-04-08 15:18:51,162.0,56.0,165.5,8.0,160.0,24.0,435.5,20.0,163.75,3.5,80.0,28.0,2.36238862170034,108,52.0,8.0,0.48,162.0,
2025-04-08 15:18:52,162.0,54.0,212.78,9.0,160.0,27.0,601.25,12.0,187.39,50.78,81.0,21.0,10.480724211615412,102,60.0,-6.0,0.59,162.0,5.0
2025-04-08 15:18:54,159.5,12.0,241.96,47.0,158.62,32.0,593.94,35.0,200.73,82.46000000000001,44.0,82.0,65.64780438064906,126,-38.0,68.0,-0.3,159.33,6.0
2025-04-08 15:18:55,159.96,45.0,240.36,22.0,158.69,13.0,346.34,47.0,200.16,80.4,58.0,69.0,61.32638396318482,127,-11.0,1.0,-0.09,160.0,1.0
2025-04-08 15:18:56,160.0,44.0,238.64,22.0,159.0,11.0,433.38,47.0,199.32,78.63999999999999,55.0,69.0,55.76349639324973,124,-14.0,-3.0,-0.11,160.0,
2025-04-08 15:18:57,160.0,40.0,200.5,44.0,159.0,10.0,226.17,24.0,180.25,40.5,50.0,68.0,56.94126157717245,118,-18.0,-6.0,-0.15,160.0,
2025-04-08 15:18:58,160.0,36.0,195.33,45.0,159.0,9.0,197.0,45.0,177.67,35.33000000000001,45.0,90.0,11.609187310055637,135,-45.0,17.0,-0.33,160.0,
2025-04-08 15:18:59,161.12,32.0,195.0,45.0,159.64,25.0,197.0,45.0,178.06,33.879999999999995,57.0,90.0,11.591599113148884,147,-33.0,12.0,-0.22,160.0,
2025-04-08 15:19:00,160.36,50.0,195.0,65.0,159.27,30.0,199.78,59.0,177.68,34.639999999999986,80.0,124.0,9.410150370740702,204,-44.0,57.0,-0.22,163.0,3.0
2025-04-08 15:19:01,160.0,56.0,194.62,56.0,159.0,28.0,207.29,49.0,177.31,34.620000000000005,84.0,105.0,1.17954652301172,189,-21.0,-15.0,-0.11,163.0,
2025-04-08 15:19:02,162.92,48.0,191.94,49.0,159.74,38.0,192.89,44.0,177.43,29.02000000000001,86.0,93.0,0.2878367592034269,179,-7.0,-10.0,-0.04,163.0,
2025-04-08 15:19:03,163.0,40.0,189.48,25.0,159.75,32.0,191.43,35.0,176.24,26.47999999999999,72.0,60.0,0.6806100204585316,132,12.0,-47.0,0.09,165.0,4.0
2025-04-08 15:19:04,160.0,46.0,186.02,48.0,159.0,25.0,187.23,52.0,173.01,26.02000000000001,71.0,100.0,1.9379963880121136,171,-29.0,39.0,-0.17,160.0,1.0
2025-04-08 15:19:05,160.0,47.0,182.97,36.0,159.0,12.0,183.67,60.0,171.49,22.97,59.0,96.0,2.6931728499944594,155,-37.0,-16.0,-0.24,160.0,
2025-04-08 15:19:06,161.17,41.0,178.94,36.0,160.36,50.0,180.6,50.0,170.06,17.77000000000001,91.0,86.0,3.1208860921133432,177,5.0,22.0,0.03,160.0,
2025-04-08 15:19:07,163.0,18.0,174.48,54.0,160.96,50.0,175.44,45.0,168.74,11.47999999999999,68.0,99.0,2.898563437281568,167,-31.0,-10.0,-0.19,162.5,2.0
2025-04-08 15:19:08,158.29,34.0,172.49,41.0,156.87,30.0,173.4,40.0,165.39,14.200000000000015,64.0,81.0,2.906040261239402,145,-17.0,-22.0,-0.12,159.5,10.0
2025-04-08 15:19:09,157.15,41.0,169.07,29.0,156.35,43.0,170.18,22.0,163.11,11.919999999999987,84.0,51.0,3.44248021053764,135,33.0,-10.0,0.24,159.5,
2025-04-08 15:19:10,157.2,70.0,165.79,57.0,146.39,72.0,167.3,43.0,161.49,8.590000000000003,142.0,100.0,3.63189619894927,242,42.0,107.0,0.17,159.5,
2025-04-08 15:19:11,157.89,63.0,161.79,70.0,137.71,98.0,166.4,35.0,159.84,3.9000000000000057,161.0,105.0,3.478092868216862,266,56.0,24.0,0.21,161.0,2.0
2025-04-08 15:19:12,156.54,70.0,158.17,48.0,125.89,54.0,173.79,58.0,157.35,1.6299999999999957,124.0,106.0,3.0692800458641147,230,18.0,-36.0,0.08,156.88,8.0
2025-04-08 15:19:13,156.0,21.0,157.57,28.0,116.0,14.0,213.0,28.0,156.79,1.5699999999999932,35.0,56.0,2.6851964546264817,91,-21.0,-139.0,-0.23,156.0,3.0
2025-04-08 15:19:15,158.92,25.0,211.8,10.0,136.84,25.0,404.9,40.0,185.36,52.88000000000002,50.0,50.0,13.205428807878237,100,0.0,-40.0,0.0,163.0,1.0
2025-04-08 15:19:16,157.0,10.0,210.6,5.0,85.0,35.0,329.86,14.0,183.8,53.6,45.0,19.0,16.123537763156808,64,26.0,-36.0,0.41,159.0,3.0
2025-04-08 15:19:19,155.1,30.0,409.83,48.0,124.77,47.0,651.33,48.0,282.47,254.73,77.0,96.0,58.96319589370952,173,-19.0,98.0,-0.11,159.0,
2025-04-08 15:19:20,163.02,42.0,277.18,22.0,159.42,38.0,491.15,33.0,220.1,114.16,80.0,55.0,58.987347372126905,135,25.0,-38.0,0.19,159.0,
2025-04-08 15:19:21,164.67,45.0,170.0,45.0,159.0,54.0,393.73,30.0,167.33,5.3300000000000125,99.0,75.0,60.96643117322815,174,24.0,39.0,0.14,159.0,
2025-04-08 15:19:22,166.0,55.0,169.75,40.0,159.0,66.0,221.59,39.0,167.88,3.75,121.0,79.0,47.63782667166892,200,42.0,26.0,0.21,159.0,
2025-04-08 15:19:23,159.54,65.0,168.0,22.0,155.25,96.0,283.1,29.0,163.77,8.460000000000008,161.0,51.0,51.51811962795191,212,110.0,12.0,0.52,166.0,5.0
2025-04-08 15:19:24,159.0,34.0,168.0,18.0,155.0,81.0,215.71,28.0,163.5,9.0,115.0,46.0,24.445883702577596,161,69.0,-51.0,0.43,159.0,4.0
2025-04-08 15:19:25,163.76,85.0,168.0,22.0,157.0,36.0,397.21,38.0,165.88,4.240000000000009,121.0,60.0,2.0001674929722197,181,61.0,20.0,0.34,159.0,
2025-04-08 15:19:26,164.0,90.0,168.0,20.0,159.0,20.0,229.7,37.0,166.0,4.0,110.0,57.0,1.803296980517243,167,53.0,-14.0,0.32,164.0,1.0
2025-04-08 15:19:27,164.09,53.0,167.23,26.0,162.29,56.0,193.0,52.0,165.66,3.1399999999999864,109.0,78.0,1.2212370776971886,187,31.0,20.0,0.17,164.2,5.0
2025-04-08 15:19:28,164.0,21.0,167.0,12.0,157.0,12.0,193.0,24.0,165.5,3.0,33.0,36.0,1.0290383860393928,69,-3.0,-118.0,-0.04,164.0,1.0
2025-04-08 15:19:29,164.0,24.0,165.18,17.0,157.0,16.0,166.09,23.0,164.59,1.1800000000000068,40.0,40.0,0.5578351010313597,80,0.0,11.0,0.0,164.0,
2025-04-08 15:19:30,162.53,19.0,165.0,14.0,156.71,14.0,282.0,21.0,163.76,2.469999999999999,33.0,35.0,0.9136848471669192,68,-2.0,-12.0,-0.03,164.0,3.0
2025-04-08 15:19:31,155.67,24.0,164.83,12.0,154.0,12.0,460.95,19.0,160.25,9.160000000000023,36.0,31.0,2.205803708388799,67,5.0,-1.0,0.07,156.2,5.0
2025-04-08 15:19:32,158.55,11.0,164.0,10.0,155.03,33.0,322.0,15.0,161.27,5.449999999999989,44.0,25.0,2.2295582521973456,69,19.0,2.0,0.28,156.2,
2025-04-08 15:19:33,160.35,43.0,163.22,18.0,159.59,39.0,294.92,25.0,161.79,2.8700000000000045,82.0,43.0,1.7954163862293613,125,39.0,56.0,0.31,156.2,
2025-04-08 15:19:34,161.06,16.0,163.0,14.0,160.05,44.0,263.0,14.0,162.03,1.9399999999999975,60.0,28.0,1.28218563396282,88,32.0,-37.0,0.36,161.0,1.0
2025-04-08 15:19:35,160.15,47.0,162.57,28.0,159.55,53.0,187.31,29.0,161.36,2.4199999999999875,100.0,57.0,0.684105255015927,157,43.0,69.0,0.27,161.0,4.0
2025-04-08 15:19:36,160.0,42.0,162.12,16.0,159.0,28.0,363.6,15.0,161.06,2.1200000000000045,70.0,31.0,0.3972027189490097,101,39.0,-56.0,0.39,161.0,
2025-04-08 15:19:37,160.0,21.0,162.0,8.0,159.0,16.0,546.0,12.0,161.0,2.0,37.0,20.0,0.4512981275614404,57,17.0,-44.0,0.3,160.0,3.0
2025-04-08 15:19:38,160.0,18.0,161.0,24.0,159.0,24.0,162.0,12.0,160.5,1.0,42.0,36.0,0.5620498198027793,78,6.0,21.0,0.08,160.0,
2025-04-08 15:19:39,159.27,22.0,161.5,16.0,157.25,64.0,356.44,16.0,160.39,2.2299999999999898,86.0,32.0,0.4062265377103883,118,54.0,40.0,0.46,160.0,3.0
2025-04-08 15:19:41,163.0,36.0,460.29,24.0,159.0,48.0,556.22,27.0,311.65,297.29,84.0,51.0,108.72819307796844,135,33.0,-38.0,0.24,160.0,
2025-04-08 15:19:42,162.16,38.0,295.0,18.0,158.18,68.0,364.73,26.0,228.58,132.84,106.0,44.0,100.79361075980952,150,62.0,15.0,0.41,160.0,
2025-04-08 15:19:43,159.0,36.0,207.5,10.0,157.0,126.0,271.56,18.0,183.25,48.5,162.0,28.0,96.10563703550376,190,134.0,40.0,0.71,160.0,
2025-04-08 15:19:44,157.29,107.0,207.0,11.0,156.59,118.0,351.67,27.0,182.14,49.71000000000001,225.0,38.0,91.09764799378738,263,187.0,73.0,0.71,160.0,
2025-04-08 15:19:45,163.0,7.0,206.2,15.0,158.86,35.0,316.38,13.0,184.6,43.19999999999999,42.0,28.0,55.8822675810491,70,14.0,-168.0,0.2,160.0,
2025-04-08 15:19:46,159.57,14.0,205.36,22.0,157.38,52.0,206.4,10.0,182.47,45.79000000000002,66.0,32.0,20.35462527289457,98,34.0,28.0,0.35,160.0,4.0
2025-04-08 15:19:47,159.0,30.0,200.7,44.0,157.0,105.0,203.08,37.0,179.85,41.69999999999999,135.0,81.0,1.7405659998841243,216,54.0,118.0,0.25,160.0,
2025-04-08 15:19:48,157.0,48.0,197.62,37.0,156.0,80.0,201.1,29.0,177.31,40.620000000000005,128.0,66.0,2.783151091829541,194,62.0,-22.0,0.32,157.57,7.0
2025-04-08 15:19:49,157.0,20.0,178.55,29.0,156.0,80.0,185.0,24.0,167.78,21.55000000000001,100.0,53.0,6.539875381071905,153,47.0,-41.0,0.31,157.57,
2025-04-08 15:19:50,156.0,77.0,177.45,33.0,154.25,79.0,195.0,44.0,166.73,21.44999999999999,156.0,77.0,7.159484618319152,233,79.0,80.0,0.34,156.67,3.0
2025-04-08 15:19:51,156.71,51.0,175.71,21.0,155.78,27.0,183.67,21.0,166.21,19.0,78.0,42.0,6.48122519281245,120,36.0,-113.0,0.3,156.67,
2025-04-08 15:19:52,160.0,48.0,171.71,45.0,157.08,60.0,173.16,38.0,165.86,11.710000000000008,108.0,83.0,4.824279220769184,191,25.0,71.0,0.13,156.67,
2025-04-08 15:19:53,162.86,42.0,168.0,25.0,157.86,42.0,168.94,34.0,165.43,5.139999999999986,84.0,59.0,0.9057979906933552,143,25.0,-48.0,0.17,156.67,
2025-04-08 15:19:54,165.09,33.0,166.45,22.0,161.45,31.0,167.71,28.0,165.77,1.3599999999999852,64.0,50.0,0.4935585071133276,114,14.0,-29.0,0.12,165.0,3.0
2025-04-08 15:19:55,162.78,40.0,166.44,18.0,158.93,61.0,301.44,36.0,164.61,3.6599999999999966,101.0,54.0,0.6071902502047966,155,47.0,41.0,0.3,164.2,5.0
2025-04-08 15:19:56,163.87,93.0,165.0,22.0,159.86,35.0,166.0,11.0,164.44,1.1299999999999957,128.0,33.0,0.658915776062188,161,95.0,6.0,0.59,164.0,4.0
2025-04-08 15:19:57,164.0,52.0,165.0,14.0,160.0,21.0,356.32,19.0,164.5,1.0,73.0,33.0,0.6084817170166577,106,40.0,-55.0,0.38,164.0,1.0
2025-04-08 15:19:58,164.0,34.0,165.0,14.0,160.0,21.0,337.57,28.0,164.5,1.0,55.0,42.0,0.5657119407821254,97,13.0,-9.0,0.13,164.0,5.0
2025-04-08 15:19:59,161.14,21.0,329.92,26.0,158.53,34.0,370.14,28.0,245.53,168.78000000000003,55.0,54.0,36.232179481780406,109,1.0,12.0,0.01,164.0,2.0
2025-04-08 15:20:00,158.44,27.0,340.89,36.0,156.34,59.0,656.0,18.0,249.67,182.45,86.0,54.0,45.5502290883367,140,32.0,31.0,0.23,159.2,5.0
2025-04-08 15:20:01,158.94,17.0,162.0,28.0,156.73,33.0,495.08,26.0,160.47,3.0600000000000023,50.0,54.0,46.30391160582391,104,-4.0,-36.0,-0.04,159.2,
2025-04-08 15:20:02,156.74,43.0,301.0,28.0,155.48,71.0,392.59,34.0,228.87,144.26,114.0,62.0,43.91882648705403,176,52.0,72.0,0.3,160.0,2.0
2025-04-08 15:20:03,156.09,46.0,271.14,28.0,155.1,73.0,416.83,24.0,213.61,115.04999999999998,119.0,52.0,36.03725572237655,171,67.0,-5.0,0.39,160.0,
2025-04-08 15:20:04,157.99,99.0,251.24,42.0,157.0,52.0,344.82,44.0,204.61,93.25,151.0,86.0,33.22136481242092,237,65.0,66.0,0.27,160.0,
2025-04-08 15:20:05,159.73,77.0,268.0,40.0,158.4,70.0,514.29,28.0,213.86,108.27,147.0,68.0,25.994799095202808,215,79.0,-22.0,0.37,160.0,
2025-04-08 15:20:06,160.82,154.0,238.09,44.0,159.0,77.0,306.91,44.0,199.45,77.27000000000001,231.0,88.0,11.210834045688062,319,143.0,104.0,0.45,160.0,
2025-04-08 15:20:07,162.9,140.0,230.6,40.0,159.0,70.0,308.31,26.0,196.75,67.69999999999999,210.0,66.0,7.897738916927889,276,144.0,-43.0,0.52,160.0,
2025-04-08 15:20:08,164.0,241.0,281.85,52.0,159.0,140.0,423.52,50.0,222.92,117.85000000000002,381.0,102.0,10.804414375613216,483,279.0,168.0,0.58,160.0,
2025-04-08 15:20:09,164.0,243.0,200.41,58.0,159.0,168.0,421.67,48.0,182.21,36.41,411.0,106.0,15.80053701618893,517,305.0,34.0,0.59,164.0,3.0
2025-04-08 15:20:10,164.55,91.0,343.11,45.0,162.13,107.0,527.0,40.0,253.83,178.56,198.0,85.0,28.02596688786951,283,113.0,-168.0,0.4,165.2,10.0
2025-04-08 15:20:11,166.0,10.0,332.61,36.0,164.0,90.0,505.79,38.0,249.31,166.61,100.0,74.0,31.52648854534803,174,26.0,-109.0,0.15,165.2,
2025-04-08 15:20:12,166.0,3.0,172.67,15.0,164.0,27.0,338.54,13.0,169.33,6.669999999999988,30.0,28.0,38.42932604144859,58,2.0,-116.0,0.03,165.2,
2025-04-08 15:20:13,166.0,10.0,172.0,50.0,164.0,90.0,204.09,35.0,169.0,6.0,100.0,85.0,43.11359855080478,185,15.0,127.0,0.08,165.2,
2025-04-08 15:20:14,164.2,50.0,171.67,60.0,163.62,73.0,272.0,24.0,167.93,7.469999999999999,123.0,84.0,45.39164791016025,207,39.0,22.0,0.19,164.29,7.0
2025-04-08 15:20:15,164.0,24.0,170.62,40.0,163.0,32.0,286.12,16.0,167.31,6.6200000000000045,56.0,56.0,36.19650231721224,112,0.0,-95.0,0.0,164.29,
2025-04-08 15:20:16,163.39,23.0,170.0,50.0,162.46,26.0,385.1,20.0,166.7,6.610000000000014,49.0,70.0,1.1096530989217857,119,-21.0,7.0,-0.18,163.25,8.0
2025-04-08 15:20:17,162.0,14.0,168.73,63.0,161.0,140.0,220.64,53.0,165.37,6.72999999999999,154.0,116.0,1.356897195791366,270,38.0,151.0,0.14,163.25,
2025-04-08 15:20:18,161.09,33.0,166.71,34.0,159.52,115.0,167.79,38.0,163.9,5.6200000000000045,148.0,72.0,1.615942449453632,220,76.0,-50.0,0.35,161.2,5.0
2025-04-08 15:20:19,161.0,34.0,166.0,30.0,159.0,102.0,167.0,24.0,163.5,5.0,136.0,54.0,1.6725220476711176,190,82.0,-30.0,0.43,161.0,2.0
2025-04-08 15:20:20,161.0,40.0,163.81,42.0,159.0,170.0,164.79,48.0,162.4,2.8100000000000023,210.0,90.0,1.6798452309500906,300,120.0,110.0,0.4,161.0,
2025-04-08 15:20:21,159.18,131.0,162.18,22.0,158.29,79.0,163.12,41.0,160.68,3.0,210.0,63.0,1.7517705329025075,273,147.0,-27.0,0.54,160.14,7.0
2025-04-08 15:20:22,159.0,189.0,161.06,18.0,157.0,56.0,162.27,30.0,160.03,2.0600000000000023,245.0,48.0,1.702298446203062,293,197.0,20.0,0.67,159.0,3.0
2025-04-08 15:20:23,159.0,104.0,160.43,7.0,157.0,24.0,314.33,21.0,159.71,1.4300000000000068,128.0,28.0,1.6254937711185522,156,100.0,-137.0,0.64,159.0,2.0
2025-04-08 15:20:24,159.0,17.0,160.0,1.0,157.0,4.0,210.0,4.0,159.5,1.0,21.0,5.0,1.170568238055797,26,16.0,-130.0,0.62,159.0,
2025-04-08 15:20:28,159.0,61.0,418.5,32.0,157.0,32.0,0.0,0.0,288.75,259.5,93.0,32.0,103.7005262763887,125,61.0,6.0,0.49,159.0,
2025-04-08 15:20:29,159.0,80.0,288.0,32.0,157.0,32.0,486.67,3.0,223.5,129.0,112.0,35.0,79.10220698564602,147,77.0,22.0,0.52,159.0,
2025-04-08 15:20:30,159.0,55.0,356.62,32.0,157.43,14.0,669.38,8.0,257.81,197.62,69.0,40.0,76.02531584939308,109,29.0,-38.0,0.27,159.0,5.0
2025-04-08 15:20:31,159.0,40.0,458.19,26.0,158.0,8.0,484.9,29.0,308.6,299.19,48.0,55.0,65.76299514164464,103,-7.0,-6.0,-0.07,159.0,
2025-04-08 15:20:32,159.0,30.0,423.75,16.0,158.0,6.0,430.5,14.0,291.38,264.75,36.0,30.0,33.64948989212127,66,6.0,-37.0,0.09,159.0,
2025-04-08 15:20:33,159.09,35.0,412.22,27.0,158.27,11.0,413.09,23.0,285.65,253.13,46.0,50.0,33.33706750750538,96,-4.0,30.0,-0.04,160.0,3.0
2025-04-08 15:20:34,159.62,48.0,348.8,45.0,158.75,24.0,412.25,36.0,254.21,189.18,72.0,81.0,23.107372200230216,153,-9.0,57.0,-0.06,160.0,
2025-04-08 15:20:35,160.0,70.0,305.79,47.0,159.0,42.0,332.41,51.0,232.89,145.79000000000002,112.0,98.0,30.475943463656247,210,14.0,57.0,0.07,160.0,
2025-04-08 15:20:36,161.5,40.0,269.2,25.0,159.62,32.0,276.81,31.0,215.35,107.7,72.0,56.0,32.86529902495896,128,16.0,-82.0,0.12,160.0,
2025-04-08 15:20:37,162.08,49.0,226.38,26.0,159.8,44.0,247.5,16.0,194.23,64.29999999999998,93.0,42.0,35.27204388747504,135,51.0,7.0,0.38,163.0,5.0
2025-04-08 15:20:38,160.0,40.0,221.0,24.0,159.0,24.0,222.0,8.0,190.5,61.0,64.0,32.0,26.73747893874743,96,32.0,-39.0,0.33,163.0,
2025-04-08 15:20:39,160.0,55.0,219.05,37.0,159.0,33.0,219.95,40.0,189.53,59.05000000000001,88.0,77.0,19.034760308445165,165,11.0,69.0,0.07,163.0,
2025-04-08 15:20:40,164.36,177.0,213.93,58.0,161.53,58.0,217.29,70.0,189.15,49.56999999999999,235.0,128.0,11.138685739348148,363,107.0,168.0,0.29,159.62,8.0
2025-04-08 15:20:41,165.0,171.0,201.74,31.0,164.0,36.0,206.68,31.0,183.37,36.74000000000001,207.0,62.0,3.90414907501707,269,145.0,-94.0,0.54,159.62,
2025-04-08 15:20:42,165.0,230.0,199.68,47.0,164.0,52.0,200.55,44.0,182.34,34.68000000000001,282.0,91.0,3.81324927062949,373,191.0,104.0,0.51,165.0,2.0
2025-04-08 15:20:43,165.0,187.0,198.27,33.0,163.49,35.0,201.33,36.0,181.64,33.27000000000001,222.0,69.0,3.8260070569663305,291,153.0,-82.0,0.53,165.0,
2025-04-08 15:20:44,165.0,170.0,194.1,30.0,164.0,40.0,196.52,31.0,179.55,29.099999999999994,210.0,61.0,3.603005689692415,271,149.0,-20.0,0.55,165.0,
2025-04-08 15:20:45,165.0,94.0,192.0,36.0,164.0,48.0,193.42,36.0,178.5,27.0,142.0,72.0,2.00889272982796,214,70.0,-57.0,0.33,165.0,10.0
2025-04-08 15:20:46,165.0,62.0,188.13,45.0,164.0,56.0,189.27,45.0,176.57,23.129999999999995,118.0,90.0,2.3447068046891206,208,28.0,-6.0,0.13,165.0,3.0
2025-04-08 15:20:47,165.0,40.0,184.25,32.0,164.0,40.0,187.4,30.0,174.62,19.25,80.0,62.0,2.702615399933048,142,18.0,-66.0,0.13,165.0,
2025-04-08 15:20:48,164.08,52.0,183.32,41.0,163.05,88.0,184.38,39.0,173.7,19.23999999999998,140.0,80.0,2.4820898452624856,220,60.0,78.0,0.27,165.0,4.0
2025-04-08 15:20:49,164.0,28.0,180.22,27.0,163.0,49.0,181.29,24.0,172.11,16.22,77.0,51.0,2.492558926074768,128,26.0,-92.0,0.2,165.0,
2025-04-08 15:20:50,164.0,48.0,174.1,40.0,163.0,84.0,175.58,59.0,169.05,10.099999999999994,132.0,99.0,2.8299028251787663,231,33.0,103.0,0.14,165.0,
2025-04-08 15:20:51,165.0,9.0,171.07,29.0,164.0,36.0,172.6,35.0,168.03,6.069999999999993,45.0,64.0,2.871840873021098,109,-19.0,-122.0,-0.17,165.0,
2025-04-08 15:20:52,165.0,11.0,168.02,41.0,164.0,44.0,170.04,49.0,166.51,3.0200000000000102,55.0,90.0,2.959459410087319,145,-35.0,36.0,-0.24,165.0,
2025-04-08 15:20:53,163.36,22.0,165.75,16.0,161.5,28.0,168.77,13.0,164.56,2.3899999999999864,50.0,29.0,2.8300035335585934,79,21.0,-66.0,0.27,164.2,5.0
2025-04-08 15:20:54,163.0,49.0,165.77,26.0,160.0,49.0,168.61,23.0,164.38,2.7700000000000102,98.0,49.0,2.067687113649891,147,49.0,68.0,0.33,164.2,
2025-04-08 15:20:55,163.0,58.0,164.0,42.0,160.0,98.0,266.91,44.0,163.5,1.0,156.0,86.0,1.8374520401777987,242,70.0,95.0,0.29,163.0,4.0
2025-04-08 15:20:56,160.9,30.0,184.0,15.0,159.75,24.0,354.67,18.0,172.45,23.099999999999994,54.0,33.0,3.620034530215667,87,21.0,-155.0,0.24,163.0,3.0
2025-04-08 15:20:57,162.0,42.0,331.25,32.0,159.91,44.0,562.38,40.0,246.62,169.25,86.0,72.0,36.136404359038806,158,14.0,71.0,0.09,163.0,2.0
2025-04-08 15:20:58,161.41,51.0,427.72,43.0,159.88,48.0,605.02,53.0,294.57,266.31000000000006,99.0,96.0,59.43938954935495,195,3.0,37.0,0.02,161.33,9.0
2025-04-08 15:20:59,160.0,20.0,399.41,22.0,159.0,24.0,402.07,29.0,279.7,239.41000000000005,44.0,51.0,60.49895594140427,95,-7.0,-100.0,-0.07,161.33,
2025-04-08 15:21:00,159.71,14.0,398.0,36.0,158.79,19.0,399.0,9.0,278.86,238.29,33.0,45.0,49.062035730287256,78,-12.0,-17.0,-0.15,159.5,4.0
2025-04-08 15:21:01,159.0,7.0,238.14,28.0,158.0,7.0,356.09,22.0,198.57,79.13999999999999,14.0,50.0,38.37635769585208,64,-36.0,-14.0,-0.56,157.75,4.0
2025-04-08 15:21:02,157.38,13.0,173.09,44.0,156.03,72.0,276.76,38.0,165.24,15.710000000000008,85.0,82.0,57.68921970351115,167,3.0,103.0,0.02,159.5,2.0
2025-04-08 15:21:03,156.08,26.0,167.88,25.0,155.14,97.0,169.96,25.0,161.98,11.799999999999985,123.0,50.0,58.74484658248731,173,73.0,6.0,0.42,156.2,5.0
2025-04-08 15:21:04,155.69,26.0,165.71,7.0,154.43,56.0,167.0,28.0,160.7,10.02000000000001,82.0,35.0,50.44573321897466,117,47.0,-56.0,0.4,155.75,4.0
2025-04-08 15:21:05,155.0,25.0,165.0,6.0,139.0,12.0,167.0,24.0,160.0,10.0,37.0,30.0,16.486728602119758,67,7.0,-50.0,0.1,155.0,7.0
2025-04-08 15:21:06,157.0,8.0,164.33,6.0,142.2,10.0,167.0,24.0,160.67,7.3300000000000125,18.0,30.0,2.0951897288672026,48,-12.0,-19.0,-0.25,155.0,
2025-04-08 15:21:07,159.0,18.0,163.0,36.0,155.0,9.0,164.0,9.0,161.0,4.0,27.0,45.0,0.7202083031666763,72,-18.0,24.0,-0.25,155.0,
2025-04-08 15:21:08,159.0,16.0,163.0,32.0,155.0,8.0,164.0,8.0,161.0,4.0,24.0,40.0,0.4085094857529625,64,-16.0,-8.0,-0.25,155.0,
2025-04-08 15:21:09,159.0,28.0,162.08,50.0,155.0,14.0,236.4,53.0,160.54,3.0800000000000125,42.0,103.0,0.4122135368351419,145,-61.0,81.0,-0.42,155.0,
2025-04-08 15:21:10,159.0,18.0,161.61,18.0,155.0,9.0,343.1,40.0,160.31,2.6100000000000136,27.0,58.0,0.2993826981476466,85,-31.0,-60.0,-0.36,162.0,3.0
2025-04-08 15:21:11,156.39,18.0,158.75,20.0,154.43,14.0,222.43,30.0,157.57,2.3600000000000136,32.0,50.0,1.4367776445748048,82,-18.0,-3.0,-0.22,157.67,6.0
2025-04-08 15:21:12,156.0,7.0,281.28,25.0,154.14,7.0,425.82,22.0,218.64,125.27999999999996,14.0,47.0,26.323703576813703,61,-33.0,-21.0,-0.54,157.67,
2025-04-08 15:21:13,147.62,71.0,274.88,50.0,115.81,47.0,395.49,47.0,211.25,127.26,118.0,97.0,30.51759115657654,215,21.0,154.0,0.1,155.0,2.0
2025-04-08 15:21:14,151.48,50.0,173.61,61.0,148.82,74.0,286.9,29.0,162.54,22.130000000000024,124.0,90.0,30.182799240626423,214,34.0,-1.0,0.16,154.75,8.0
2025-04-08 15:21:15,157.08,64.0,167.27,44.0,151.94,16.0,181.6,30.0,162.18,10.189999999999998,80.0,74.0,29.85569677632661,154,6.0,-60.0,0.04,154.75,
2025-04-08 15:21:16,158.0,59.0,160.0,36.0,155.0,9.0,433.76,33.0,159.0,2.0,68.0,69.0,29.563362799247976,137,-1.0,-17.0,-0.01,158.0,2.0
2025-04-08 15:21:17,159.26,38.0,446.93,28.0,157.38,32.0,599.27,22.0,303.1,287.67,70.0,50.0,61.78598449486717,120,20.0,-17.0,0.17,158.0,
2025-04-08 15:21:19,164.0,12.0,394.67,6.0,160.0,6.0,566.0,6.0,279.33,230.67,18.0,12.0,91.8313248298204,30,6.0,-22.0,0.2,158.0,
2025-04-08 15:21:20,164.0,16.0,330.75,8.0,160.0,8.0,585.25,8.0,247.38,166.75,24.0,16.0,77.14292592324973,40,8.0,10.0,0.2,158.0,
2025-04-08 15:21:24,163.29,14.0,331.34,47.0,162.35,46.0,364.6,57.0,247.31,168.04999999999998,60.0,104.0,41.62926098311141,164,-44.0,38.0,-0.27,163.25,4.0
2025-04-08 15:21:25,163.0,9.0,213.89,27.0,162.0,27.0,229.77,31.0,188.44,50.88999999999999,36.0,58.0,61.39713454225691,94,-22.0,-70.0,-0.23,163.25,
2025-04-08 15:21:26,163.54,13.0,168.37,63.0,162.28,25.0,169.24,37.0,165.95,4.8300000000000125,38.0,100.0,73.13559167737677,138,-62.0,44.0,-0.45,162.6,5.0
2025-04-08 15:21:27,160.0,11.0,167.49,41.0,158.0,55.0,168.26,47.0,163.74,7.490000000000009,66.0,88.0,66.9176945956745,154,-22.0,16.0,-0.14,162.6,
2025-04-08 15:21:28,158.46,26.0,165.98,49.0,157.6,50.0,167.12,43.0,162.22,7.519999999999982,76.0,92.0,36.14821254225371,168,-16.0,14.0,-0.1,159.0,2.0
2025-04-08 15:21:29,159.03,61.0,163.4,43.0,157.56,36.0,165.67,45.0,161.21,4.3700000000000045,97.0,88.0,11.392645434662672,185,9.0,17.0,0.05,160.0,2.0
2025-04-08 15:21:30,159.67,109.0,162.0,53.0,156.57,115.0,163.34,71.0,160.83,2.3300000000000125,224.0,124.0,2.094695681939905,348,100.0,163.0,0.29,161.0,4.0
2025-04-08 15:21:31,158.81,68.0,160.86,66.0,157.32,60.0,186.53,45.0,159.84,2.050000000000012,128.0,111.0,1.483364419128741,239,17.0,-109.0,0.07,159.0,5.0
2025-04-08 15:21:32,158.0,30.0,161.2,44.0,157.0,40.0,260.55,33.0,159.6,3.1999999999999886,70.0,77.0,1.064072365930409,147,-7.0,-92.0,-0.05,159.0,
2025-04-08 15:21:33,158.29,42.0,160.26,38.0,157.15,60.0,161.95,59.0,159.27,1.9699999999999989,102.0,97.0,0.8305118903040879,199,5.0,52.0,0.03,159.0,2.0
2025-04-08 15:21:34,158.86,21.0,160.21,48.0,157.87,31.0,313.6,10.0,159.53,1.3499999999999943,52.0,58.0,0.6031832225255641,110,-6.0,-89.0,-0.05,160.0,2.0
2025-04-08 15:21:35,157.06,34.0,192.64,22.0,156.36,25.0,323.83,18.0,174.85,35.579999999999984,59.0,40.0,6.8409114889711535,99,19.0,-11.0,0.19,158.5,6.0
2025-04-08 15:21:36,156.0,26.0,209.0,13.0,155.0,13.0,279.77,13.0,182.5,53.0,39.0,26.0,10.863629688089503,65,13.0,-34.0,0.2,158.5,
2025-04-08 15:21:37,157.0,24.0,223.25,8.0,155.67,12.0,305.0,8.0,190.12,66.25,36.0,16.0,13.751346479524925,52,20.0,-13.0,0.38,158.5,
2025-04-08 15:21:38,157.92,25.0,237.0,7.0,155.92,13.0,427.0,7.0,197.46,79.08000000000001,38.0,14.0,14.620884720151038,52,24.0,0.0,0.46,157.6,5.0
2025-04-08 15:21:39,156.0,9.0,263.67,9.0,155.0,9.0,444.44,9.0,209.83,107.67000000000002,18.0,18.0,13.51051331371057,36,0.0,-16.0,0.0,157.6,
2025-04-08 15:21:40,154.8,10.0,421.0,6.0,153.33,24.0,619.33,6.0,287.9,266.2,34.0,12.0,42.76013236649249,46,22.0,10.0,0.48,155.0,3.0
2025-04-08 15:21:41,160.0,12.0,363.17,6.0,153.38,32.0,736.17,6.0,261.58,203.17,44.0,12.0,43.02286275923494,56,32.0,10.0,0.57,155.0,
2025-04-08 15:21:42,159.0,24.0,339.42,12.0,153.38,64.0,618.08,12.0,249.21,180.42,88.0,24.0,37.27485385618527,112,64.0,56.0,0.57,158.0,3.0
2025-04-08 15:21:43,159.72,61.0,443.67,12.0,152.58,66.0,526.83,12.0,301.69,283.95000000000005,127.0,24.0,35.81747715850433,151,103.0,39.0,0.68,158.75,8.0
2025-04-08 15:21:44,164.0,31.0,448.78,9.0,159.0,18.0,638.11,9.0,306.39,284.78,49.0,18.0,25.037232874261267,67,31.0,-84.0,0.46,164.0,1.0
2025-04-08 15:21:45,161.31,26.0,350.34,29.0,153.75,64.0,414.27,11.0,255.83,189.03,90.0,40.0,26.973967079389453,130,50.0,63.0,0.38,164.0,3.0
2025-04-08 15:21:46,159.0,10.0,173.0,5.0,153.0,40.0,349.0,15.0,166.0,14.0,50.0,20.0,56.50819922807644,70,30.0,-60.0,0.43,164.0,
2025-04-08 15:21:47,159.8,50.0,171.9,30.0,155.0,42.0,370.4,10.0,165.85,12.099999999999994,92.0,40.0,69.7038450876275,132,52.0,62.0,0.39,164.0,
2025-04-08 15:21:48,161.63,86.0,171.0,21.0,159.91,44.0,558.44,9.0,166.31,9.370000000000005,130.0,30.0,65.50555457363873,160,100.0,28.0,0.62,164.0,
2025-04-08 15:21:49,162.0,112.0,170.75,24.0,160.0,64.0,263.0,8.0,166.38,8.75,176.0,32.0,40.11341583560234,208,144.0,48.0,0.69,164.0,
2025-04-08 15:21:50,162.0,70.0,168.6,15.0,160.0,40.0,272.57,7.0,165.3,6.599999999999994,110.0,22.0,0.4324002774582792,132,88.0,-76.0,0.67,162.0,4.0
2025-04-08 15:21:51,162.0,90.0,167.33,27.0,160.0,72.0,237.24,25.0,164.67,5.3300000000000125,162.0,52.0,0.7207426724885279,214,110.0,82.0,0.51,162.0,
2025-04-08 15:21:52,162.0,112.0,167.0,36.0,160.0,96.0,485.42,36.0,164.5,5.0,208.0,72.0,0.8854772724050042,280,136.0,66.0,0.49,162.0,2.0
2025-04-08 15:21:53,162.0,43.0,166.83,18.0,160.0,48.0,426.0,18.0,164.42,4.8300000000000125,91.0,36.0,0.8177897039860924,127,55.0,-153.0,0.43,162.0,1.0
2025-04-08 15:21:54,162.0,84.0,166.0,36.0,160.0,96.0,256.36,28.0,164.0,4.0,180.0,64.0,0.4729904861046021,244,116.0,117.0,0.48,162.0,
2025-04-08 15:21:55,162.0,77.0,165.14,35.0,160.0,88.0,417.46,37.0,163.57,3.1399999999999864,165.0,72.0,0.4447133907870512,237,93.0,-7.0,0.39,162.0,
2025-04-08 15:21:56,162.0,37.0,163.62,39.0,160.0,88.0,369.7,23.0,162.81,1.6200000000000043,125.0,62.0,0.694514218677451,187,63.0,-50.0,0.34,162.0,5.0
2025-04-08 15:21:57,162.0,16.0,164.0,24.0,160.0,64.0,412.6,20.0,163.0,2.0,80.0,44.0,0.6725696989494896,124,36.0,-63.0,0.29,162.0,
2025-04-08 15:21:58,162.0,16.0,163.84,25.0,160.0,72.0,271.79,19.0,162.92,1.8400000000000036,88.0,44.0,0.5072967572780882,132,44.0,8.0,0.33,162.0,1.0
2025-04-08 15:21:59,160.02,109.0,248.54,46.0,159.09,92.0,366.05,39.0,204.28,88.51999999999998,201.0,85.0,18.429775636180416,286,116.0,154.0,0.41,161.0,2.0
2025-04-08 15:22:00,162.14,44.0,247.0,55.0,159.91,70.0,289.0,22.0,204.57,84.86000000000001,114.0,77.0,22.739033180853443,191,37.0,-95.0,0.19,161.0,
2025-04-08 15:22:01,164.2,41.0,245.43,56.0,160.54,89.0,249.0,66.0,204.81,81.23000000000002,130.0,122.0,22.78239737165426,252,8.0,61.0,0.03,165.0,2.0
2025-04-08 15:22:02,159.92,50.0,240.64,44.0,158.76,45.0,243.0,22.0,200.28,80.72,95.0,66.0,18.236311853002604,161,29.0,-91.0,0.18,162.86,7.0
2025-04-08 15:22:03,161.0,11.0,240.0,44.0,159.0,66.0,243.0,22.0,200.5,79.0,77.0,66.0,2.2893820126766915,143,11.0,-18.0,0.08,162.86,
2025-04-08 15:22:04,161.0,14.0,238.05,40.0,159.0,84.0,239.05,44.0,199.53,77.05000000000001,98.0,84.0,2.539245951058495,182,14.0,39.0,0.08,162.86,
2025-04-08 15:22:05,161.0,10.0,202.6,20.0,159.0,60.0,220.86,28.0,181.8,41.6,70.0,48.0,8.95416271909126,118,22.0,-64.0,0.19,162.86,
2025-04-08 15:22:06,161.0,15.0,177.32,44.0,159.0,90.0,178.71,42.0,169.16,16.319999999999993,105.0,86.0,14.212426956714994,191,19.0,73.0,0.1,162.86,
2025-04-08 15:22:07,162.76,34.0,173.0,36.0,159.34,29.0,175.0,18.0,167.88,10.240000000000007,63.0,54.0,15.796324889035256,117,9.0,-74.0,0.08,162.86,
2025-04-08 15:22:08,163.0,72.0,169.0,30.0,161.0,12.0,171.57,42.0,166.0,6.0,84.0,72.0,14.108521538416053,156,12.0,39.0,0.08,162.86,
2025-04-08 15:22:09,163.0,28.0,166.1,20.0,161.0,8.0,167.29,28.0,164.55,3.0999999999999943,36.0,48.0,6.893259026030035,84,-12.0,-72.0,-0.14,163.0,5.0
2025-04-08 15:22:10,162.33,9.0,164.0,18.0,160.25,16.0,204.4,30.0,163.17,1.6699999999999875,25.0,48.0,2.4246587388623904,73,-23.0,-11.0,-0.32,163.0,1.0
2025-04-08 15:22:11,161.0,11.0,162.88,32.0,160.0,49.0,166.45,22.0,161.94,1.8799999999999957,60.0,54.0,2.3336173636525577,114,6.0,41.0,0.05,163.0,
2025-04-08 15:22:12,160.14,49.0,161.9,30.0,159.86,73.0,221.51,35.0,161.02,1.760000000000019,122.0,65.0,1.9944247290734616,187,57.0,73.0,0.3,160.25,4.0
2025-04-08 15:22:13,160.0,57.0,255.09,22.0,159.0,20.0,333.94,34.0,207.55,95.09,77.0,56.0,20.114741609077296,133,21.0,-54.0,0.16,160.0,1.0
2025-04-08 15:22:14,160.26,47.0,332.67,30.0,159.42,24.0,410.43,23.0,246.46,172.41000000000005,71.0,53.0,38.15541599825583,124,18.0,-9.0,0.15,160.0,
2025-04-08 15:22:15,162.5,60.0,391.85,27.0,160.0,50.0,434.91,22.0,277.18,229.35,110.0,49.0,51.36595662498628,159,61.0,35.0,0.38,160.0,
2025-04-08 15:22:16,164.73,45.0,318.44,18.0,161.0,20.0,375.29,17.0,241.59,153.71,65.0,35.0,44.27461744611672,100,30.0,-59.0,0.3,165.0,3.0
2025-04-08 15:22:17,163.18,33.0,394.23,39.0,161.65,17.0,415.62,39.0,278.71,231.05,50.0,78.0,29.359132650676155,128,-28.0,28.0,-0.22,163.17,6.0
2025-04-08 15:22:18,158.73,33.0,248.42,43.0,157.23,71.0,322.74,38.0,203.57,89.69,104.0,81.0,30.825237549774027,185,23.0,57.0,0.12,159.6,5.0
2025-04-08 15:22:19,158.0,33.0,168.36,55.0,157.0,99.0,169.91,55.0,163.18,10.360000000000014,132.0,110.0,49.63845112410324,242,22.0,57.0,0.09,159.6,
2025-04-08 15:22:20,156.91,65.0,163.73,77.0,150.21,28.0,164.73,77.0,160.32,6.819999999999993,93.0,154.0,51.03716420413629,247,-61.0,5.0,-0.25,156.9,10.0
2025-04-08 15:22:21,156.0,17.0,157.41,63.0,140.63,19.0,158.9,41.0,156.71,1.4099999999999966,36.0,104.0,51.79490293455484,140,-68.0,-107.0,-0.49,157.0,5.0
2025-04-08 15:22:22,156.0,11.0,157.0,55.0,155.0,11.0,158.0,33.0,156.5,1.0,22.0,88.0,20.04456360213265,110,-66.0,-30.0,-0.6,157.0,
2025-04-08 15:22:23,155.0,9.0,169.41,29.0,80.26,43.0,269.24,25.0,162.21,14.409999999999997,52.0,54.0,3.079761354380512,106,-2.0,-4.0,-0.02,156.89,9.0
2025-04-08 15:22:25,160.0,9.0,270.98,41.0,99.0,39.0,357.57,28.0,215.49,110.98000000000002,48.0,69.0,33.531789692766736,117,-21.0,15.0,-0.18,156.89,
2025-04-08 15:22:26,137.67,63.0,224.24,37.0,100.89,35.0,431.14,35.0,180.95,86.57000000000002,98.0,72.0,34.2070431344181,170,26.0,53.0,0.15,155.2,5.0
2025-04-08 15:22:27,124.09,53.0,161.57,28.0,110.46,26.0,238.96,25.0,142.83,37.47999999999999,79.0,53.0,35.81262179734875,132,26.0,-38.0,0.2,155.2,
2025-04-08 15:22:28,123.5,48.0,151.0,80.0,80.29,24.0,224.19,64.0,137.25,27.5,72.0,144.0,37.93143129384831,216,-72.0,84.0,-0.33,155.2,
2025-04-08 15:22:39,145.5,6.0,151.0,12.0,143.0,60.0,152.0,36.0,148.25,5.5,66.0,48.0,2.909032485195758,114,18.0,0.0,0.16,155.2,
2025-04-08 15:22:40,148.16,68.0,151.89,36.0,148.05,86.0,152.24,68.0,150.03,3.7299999999999898,154.0,104.0,2.998096062491258,258,50.0,144.0,0.19,151.89,9.0
2025-04-08 15:22:41,150.3,53.0,153.0,40.0,117.79,94.0,154.0,22.0,151.65,2.6999999999999886,147.0,62.0,2.905756355912677,209,85.0,-49.0,0.41,153.0,1.0
2025-04-08 15:22:45,146.81,26.0,153.0,9.0,134.5,30.0,155.0,27.0,149.9,6.189999999999998,56.0,36.0,14.06981805141483,92,20.0,-10.0,0.22,153.0,
2025-04-08 15:22:46,150.0,11.0,153.0,7.0,149.0,17.0,155.0,21.0,151.5,3.0,28.0,28.0,14.028808930194984,56,0.0,-36.0,0.0,153.0,
2025-04-08 15:22:47,151.92,25.0,153.0,9.0,144.0,16.0,155.0,27.0,152.46,1.0800000000000125,41.0,36.0,15.205759435158814,77,5.0,21.0,0.06,152.0,3.0
2025-04-08 15:22:48,150.22,9.0,154.2,15.0,91.29,48.0,155.25,24.0,152.21,3.9799999999999898,57.0,39.0,9.692330988979135,96,18.0,19.0,0.19,153.0,1.0
2025-04-08 15:22:51,140.0,56.0,155.0,21.0,67.29,14.0,156.0,7.0,147.5,15.0,70.0,28.0,19.703275108466595,98,42.0,-73.0,0.43,153.0,
2025-04-08 15:22:52,140.56,48.0,154.0,33.0,87.17,70.0,156.0,11.0,147.28,13.439999999999998,118.0,44.0,18.831673584679574,162,74.0,64.0,0.46,153.0,
2025-04-08 15:22:53,143.43,28.0,154.0,27.0,79.48,67.0,156.0,9.0,148.71,10.569999999999991,95.0,36.0,18.14900630888419,131,59.0,-31.0,0.45,153.0,
2025-04-08 15:22:54,145.93,56.0,191.05,19.0,97.29,68.0,188.43,37.0,168.49,45.120000000000005,124.0,56.0,14.428942095660547,180,68.0,49.0,0.38,154.2,5.0
2025-04-08 15:22:55,143.4,30.0,182.74,23.0,68.74,78.0,298.11,47.0,163.07,39.34,108.0,70.0,10.031413160663284,178,38.0,-2.0,0.21,154.2,
2025-04-08 15:22:56,144.0,30.0,151.0,20.0,121.12,48.0,226.8,50.0,147.5,7.0,78.0,70.0,10.031413160663284,148,8.0,-30.0,0.05,154.2,
2025-04-08 15:22:57,148.3,30.0,426.67,21.0,129.31,26.0,615.1,52.0,287.48,278.37,56.0,73.0,59.07591937498683,129,-17.0,-19.0,-0.13,153.14,7.0
2025-04-08 15:22:58,160.04,50.0,212.75,32.0,158.62,64.0,421.67,36.0,186.39,52.71000000000001,114.0,68.0,55.91918391750678,182,46.0,53.0,0.25,153.14,
2025-04-08 15:22:59,161.0,52.0,188.11,56.0,160.0,84.0,201.71,34.0,174.55,27.110000000000014,136.0,90.0,55.38365255199362,226,46.0,44.0,0.2,161.0,1.0
2025-04-08 15:23:00,161.52,54.0,187.0,75.0,159.87,105.0,285.0,33.0,174.26,25.47999999999999,159.0,108.0,54.14479688760454,267,51.0,41.0,0.19,161.0,4.0
2025-04-08 15:23:01,164.5,42.0,184.5,50.0,162.8,70.0,309.3,20.0,174.5,20.0,112.0,70.0,49.489625478477336,182,42.0,-85.0,0.23,161.0,
2025-04-08 15:23:02,164.63,19.0,182.57,35.0,163.95,59.0,271.68,38.0,173.6,17.939999999999998,78.0,73.0,5.452389384475385,151,5.0,-31.0,0.03,165.0,2.0
2025-04-08 15:23:03,164.0,77.0,179.95,38.0,163.0,33.0,181.86,37.0,171.97,15.949999999999989,110.0,75.0,1.078206844690878,185,35.0,34.0,0.19,165.0,
2025-04-08 15:23:04,165.0,10.0,178.37,41.0,164.0,70.0,179.21,29.0,171.68,13.370000000000005,80.0,70.0,1.303541330352784,150,10.0,-35.0,0.07,165.0,
2025-04-08 15:23:05,164.36,36.0,175.2,46.0,163.82,68.0,175.67,45.0,169.78,10.839999999999977,104.0,91.0,1.8284911812577629,195,13.0,45.0,0.07,166.0,1.0
2025-04-08 15:23:06,164.0,86.0,171.55,47.0,163.0,39.0,173.53,53.0,167.78,7.550000000000011,125.0,100.0,2.23678787548947,225,25.0,30.0,0.11,164.0,5.0
2025-04-08 15:23:07,164.0,20.0,167.57,46.0,163.0,30.0,168.56,32.0,165.78,3.569999999999993,50.0,78.0,2.6304220193603607,128,-28.0,-97.0,-0.22,164.0,
2025-04-08 15:23:08,163.5,24.0,166.53,38.0,161.17,46.0,167.29,42.0,165.01,3.030000000000001,70.0,80.0,2.7671067922895665,150,-10.0,22.0,-0.07,164.0,
2025-04-08 15:23:09,161.0,63.0,163.71,28.0,159.54,91.0,165.24,41.0,162.36,2.710000000000008,154.0,69.0,2.8122090960549078,223,85.0,73.0,0.38,163.0,3.0
2025-04-08 15:23:10,160.0,43.0,161.33,15.0,159.0,70.0,336.7,20.0,160.67,1.3300000000000125,113.0,35.0,2.817064074516749,148,78.0,-75.0,0.53,160.57,7.0
2025-04-08 15:23:11,159.45,29.0,426.38,13.0,158.39,44.0,682.88,16.0,292.92,266.93,73.0,29.0,57.93472162701698,102,44.0,-46.0,0.43,159.38,8.0
2025-04-08 15:23:14,159.44,50.0,320.46,52.0,157.3,37.0,322.6,25.0,239.95,161.01999999999998,87.0,77.0,75.86810443130896,164,10.0,113.0,0.06,160.0,1.0
2025-04-08 15:23:15,160.0,30.0,252.33,18.0,159.0,24.0,291.17,24.0,206.17,92.33,54.0,42.0,59.83861437232658,96,12.0,-68.0,0.12,160.0,
2025-04-08 15:23:16,160.25,32.0,247.5,20.0,159.17,29.0,340.1,29.0,203.88,87.25,61.0,49.0,68.9262174357479,110,12.0,14.0,0.11,160.0,
2025-04-08 15:23:17,163.0,16.0,289.43,35.0,159.88,34.0,647.0,14.0,226.21,126.43,50.0,49.0,58.860019283041225,99,1.0,-11.0,0.01,162.67,3.0
2025-04-08 15:23:18,160.0,16.0,288.0,35.0,159.0,44.0,647.0,14.0,224.0,128.0,60.0,49.0,15.03064436409729,109,11.0,10.0,0.1,160.0,3.0
2025-04-08 15:23:19,160.0,11.0,258.73,45.0,159.0,66.0,289.71,31.0,209.37,98.73000000000002,77.0,76.0,10.41893612611028,153,1.0,44.0,0.01,160.0,
2025-04-08 15:23:20,159.16,25.0,254.0,11.0,158.41,59.0,255.0,55.0,206.58,94.84,84.0,66.0,10.34397747483848,150,18.0,-3.0,0.12,159.25,4.0
2025-04-08 15:23:21,159.0,36.0,250.19,21.0,158.0,60.0,253.11,28.0,204.6,91.19,96.0,49.0,10.1713062091339,145,47.0,-5.0,0.32,159.25,
2025-04-08 15:23:22,160.45,29.0,245.39,56.0,158.46,46.0,247.53,17.0,202.92,84.94,75.0,73.0,8.457238319922325,148,2.0,3.0,0.01,159.25,
2025-04-08 15:23:23,162.0,22.0,243.86,44.0,159.0,33.0,245.21,19.0,202.93,81.86000000000001,55.0,63.0,2.7373618686537533,118,-8.0,-30.0,-0.07,159.25,
2025-04-08 15:23:24,162.0,34.0,234.56,39.0,159.69,78.0,242.55,22.0,198.28,72.56,112.0,61.0,3.067852669206593,173,51.0,55.0,0.29,159.25,
2025-04-08 15:23:25,160.6,53.0,237.77,47.0,159.5,48.0,239.14,44.0,199.18,77.17000000000002,101.0,91.0,2.7105571382940794,192,10.0,19.0,0.05,161.0,4.0
2025-04-08 15:23:26,161.14,49.0,193.78,54.0,159.57,49.0,196.66,41.0,177.46,32.640000000000015,98.0,95.0,10.66343190534611,193,3.0,1.0,0.02,161.6,5.0
2025-04-08 15:23:27,162.31,13.0,183.36,28.0,159.91,33.0,184.08,49.0,172.83,21.05000000000001,46.0,77.0,13.892297506170449,123,-31.0,-70.0,-0.25,161.6,
2025-04-08 15:23:28,163.0,13.0,179.83,47.0,160.0,39.0,180.67,24.0,171.41,16.830000000000013,52.0,71.0,13.786390753201,123,-19.0,0.0,-0.15,161.6,
2025-04-08 15:23:29,160.17,35.0,175.41,32.0,159.07,83.0,178.14,36.0,167.79,15.240000000000007,118.0,68.0,12.479296053862276,186,50.0,63.0,0.27,161.6,
2025-04-08 15:23:30,162.62,26.0,172.67,27.0,159.96,54.0,173.33,27.0,167.64,10.049999999999985,80.0,54.0,4.06001600981314,134,26.0,-52.0,0.19,161.6,
2025-04-08 15:23:31,163.14,35.0,169.5,28.0,159.84,57.0,172.15,39.0,166.32,6.360000000000014,92.0,67.0,2.773854718606882,159,25.0,25.0,0.16,162.6,5.0
2025-04-08 15:23:32,159.47,32.0,165.48,23.0,158.55,64.0,167.29,31.0,162.47,6.009999999999991,96.0,54.0,3.216586700205099,150,42.0,-9.0,0.28,159.33,6.0
2025-04-08 15:23:33,157.58,36.0,160.67,54.0,156.66,98.0,162.19,32.0,159.12,3.089999999999975,134.0,86.0,3.7722765009917834,220,48.0,70.0,0.22,158.0,5.0
2025-04-08 15:23:34,157.0,16.0,174.57,28.0,156.0,66.0,372.06,17.0,165.79,17.569999999999993,82.0,45.0,3.4508071519478687,127,37.0,-93.0,0.29,157.56,9.0
2025-04-08 15:23:35,157.46,13.0,292.71,35.0,156.03,79.0,456.77,31.0,225.09,135.24999999999997,92.0,66.0,27.728492025350764,158,26.0,31.0,0.16,157.56,
2025-04-08 15:23:36,158.0,27.0,342.63,35.0,157.0,9.0,433.4,35.0,250.31,184.63,36.0,70.0,42.23013710609936,106,-34.0,-52.0,-0.32,157.56,
2025-04-08 15:23:37,158.33,18.0,328.83,24.0,157.6,10.0,419.33,24.0,243.58,170.49999999999997,28.0,48.0,43.34758551522748,76,-20.0,-30.0,-0.26,157.56,
2025-04-08 15:23:38,161.31,13.0,324.0,36.0,158.22,27.0,456.43,28.0,242.65,162.69,40.0,64.0,34.64821755877159,104,-24.0,28.0,-0.23,162.0,5.0
2025-04-08 15:23:39,159.0,7.0,269.48,25.0,158.0,21.0,458.68,25.0,214.24,110.48000000000002,28.0,50.0,14.963032112508914,78,-22.0,-26.0,-0.28,162.0,
2025-04-08 15:23:40,159.0,11.0,292.27,44.0,158.0,33.0,421.56,39.0,225.64,133.26999999999998,44.0,83.0,14.8721124928496,127,-39.0,49.0,-0.31,162.0,
2025-04-08 15:23:42,156.91,70.0,369.68,34.0,156.67,30.0,370.64,42.0,263.3,212.77,100.0,76.0,60.54801524410181,176,24.0,7.0,0.14,162.0,
2025-04-08 15:23:43,164.0,18.0,342.86,21.0,162.0,45.0,368.32,25.0,253.43,178.86,63.0,46.0,59.86412723827172,109,17.0,-67.0,0.16,162.0,
2025-04-08 15:23:44,164.0,26.0,196.44,27.0,162.0,65.0,271.71,42.0,180.22,32.44,91.0,69.0,68.32524694430299,160,22.0,51.0,0.14,162.0,
2025-04-08 15:23:45,164.0,12.0,196.0,12.0,162.0,30.0,366.0,18.0,180.0,32.0,42.0,30.0,76.25015363918935,72,12.0,-88.0,0.17,162.0,
2025-04-08 15:23:46,163.68,31.0,168.66,38.0,160.81,81.0,236.15,41.0,166.17,4.97999999999999,112.0,79.0,45.89527568279731,191,33.0,119.0,0.17,164.0,2.0
2025-04-08 15:23:47,162.0,57.0,164.17,36.0,156.03,132.0,165.65,31.0,163.08,2.1699999999999875,189.0,67.0,37.086003424472125,256,122.0,65.0,0.48,162.0,3.0
2025-04-08 15:23:48,160.62,8.0,163.0,18.0,156.52,21.0,175.33,24.0,161.81,2.3799999999999955,29.0,42.0,9.134441964343026,71,-13.0,-168.0,-0.18,162.0,2.0
2025-04-08 15:23:49,157.0,6.0,162.13,23.0,156.0,96.0,166.5,20.0,159.57,5.129999999999996,102.0,43.0,8.114445760490941,145,59.0,74.0,0.41,162.0,
2025-04-08 15:23:50,157.0,10.0,161.13,39.0,156.0,166.0,162.45,31.0,159.06,4.129999999999996,176.0,70.0,2.8775284533689653,246,106.0,101.0,0.43,162.0,
2025-04-08 15:23:51,157.0,7.0,159.0,28.0,156.0,126.0,160.0,21.0,158.0,2.0,133.0,49.0,2.083801813980287,182,84.0,-64.0,0.46,162.0,
2025-04-08 15:23:52,156.13,62.0,158.17,36.0,155.98,147.0,202.54,41.0,157.15,2.039999999999992,209.0,77.0,1.77323715276529,286,132.0,104.0,0.46,157.0,1.0
2025-04-08 15:23:53,156.0,162.0,157.0,16.0,155.0,9.0,204.16,43.0,156.5,1.0,171.0,59.0,1.2791911506678069,230,112.0,-56.0,0.49,157.0,2.0
2025-04-08 15:23:54,156.0,135.0,195.53,19.0,155.0,10.0,239.98,43.0,175.76,39.53,145.0,62.0,8.143425569129235,207,83.0,-23.0,0.4,156.0,10.0
2025-04-08 15:23:55,156.47,38.0,264.86,29.0,155.8,20.0,295.24,25.0,210.67,108.39,58.0,54.0,23.26769068902092,112,4.0,-95.0,0.04,156.0,
2025-04-08 15:23:56,159.75,16.0,281.0,50.0,157.4,45.0,293.9,40.0,220.38,121.25,61.0,90.0,29.91580301445968,151,-29.0,39.0,-0.19,156.0,
2025-04-08 15:23:57,161.0,11.0,307.25,48.0,159.0,33.0,336.91,44.0,234.12,146.25,44.0,92.0,32.295024074924605,136,-48.0,-15.0,-0.35,156.0,
2025-04-08 15:23:58,159.48,25.0,323.26,46.0,156.53,68.0,348.64,44.0,241.37,163.78,93.0,90.0,25.679584303488348,183,3.0,47.0,0.02,162.0,1.0
2025-04-08 15:23:59,156.0,35.0,305.5,24.0,155.0,5.0,345.8,20.0,230.75,149.5,40.0,44.0,12.0488410231013,84,-4.0,-99.0,-0.05,158.25,4.0
2025-04-08 15:24:00,148.54,72.0,299.83,48.0,128.41,17.0,370.15,52.0,224.19,151.29,89.0,100.0,8.261099805714107,189,-11.0,105.0,-0.06,155.88,8.0
2025-04-08 15:24:04,127.59,85.0,185.4,20.0,127.47,60.0,170.71,56.0,156.49,57.81,145.0,76.0,41.6999835731376,221,69.0,150.0,0.31,150.2,5.0
2025-04-08 15:24:05,140.04,128.0,258.33,36.0,140.51,43.0,448.0,36.0,199.19,118.29,171.0,72.0,31.23841593294935,243,99.0,22.0,0.41,150.2,
2025-04-08 15:24:06,145.48,25.0,248.74,53.0,141.61,127.0,374.94,64.0,197.11,103.26000000000002,152.0,117.0,36.297176611961824,269,35.0,26.0,0.13,150.2,
2025-04-08 15:24:07,151.15,47.0,316.85,54.0,148.74,27.0,479.67,60.0,234.0,165.70000000000002,74.0,114.0,42.85271601660688,188,-40.0,-81.0,-0.21,150.2,
2025-04-08 15:24:08,155.49,63.0,371.23,65.0,151.82,57.0,460.15,62.0,263.36,215.74,120.0,127.0,40.52657584844748,247,-7.0,59.0,-0.03,150.2,
2025-04-08 15:24:09,156.56,199.0,378.0,49.0,155.11,47.0,440.81,59.0,267.28,221.44,246.0,108.0,33.63688258444849,354,138.0,107.0,0.39,156.0,4.0
2025-04-08 15:24:10,158.01,153.0,293.41,54.0,157.12,25.0,450.97,32.0,225.71,135.40000000000003,178.0,86.0,28.88855257710182,264,92.0,-90.0,0.35,158.33,3.0
2025-04-08 15:24:11,160.86,168.0,262.18,50.0,157.88,102.0,301.53,38.0,211.52,101.32,270.0,88.0,24.189373286631003,358,182.0,94.0,0.51,161.83,6.0
2025-04-08 15:24:12,163.0,132.0,220.09,11.0,158.0,132.0,223.0,55.0,191.55,57.09,264.0,66.0,32.87574227298867,330,198.0,-28.0,0.6,161.83,
2025-04-08 15:24:13,163.0,112.0,218.1,10.0,158.18,88.0,223.0,50.0,190.55,55.1,200.0,60.0,31.54663008944011,260,140.0,-70.0,0.54,163.0,1.0
2025-04-08 15:24:14,163.0,66.0,218.0,6.0,159.0,24.0,223.0,30.0,190.5,55.0,90.0,36.0,16.010494370879492,126,54.0,-134.0,0.43,163.0,
2025-04-08 15:24:15,163.38,40.0,218.0,8.0,161.98,47.0,238.88,40.0,190.69,54.620000000000005,87.0,48.0,9.265989963299198,135,39.0,9.0,0.29,163.0,4.0
2025-04-08 15:24:16,164.0,26.0,217.4,10.0,163.0,70.0,402.5,50.0,190.7,53.400000000000006,96.0,60.0,0.429266816747019,156,36.0,21.0,0.23,164.0,2.0
2025-04-08 15:24:17,163.27,22.0,216.5,10.0,161.62,64.0,340.0,50.0,189.89,53.22999999999999,86.0,60.0,0.3335116189280606,146,26.0,-10.0,0.18,163.25,4.0
2025-04-08 15:24:18,163.0,32.0,211.62,8.0,159.0,102.0,300.0,15.0,187.31,48.620000000000005,134.0,23.0,1.440371479848095,157,111.0,11.0,0.71,163.25,
2025-04-08 15:24:19,163.0,40.0,179.75,12.0,159.0,117.0,414.27,44.0,171.38,16.75,157.0,56.0,8.286714065295033,213,101.0,56.0,0.47,163.0,1.0
2025-04-08 15:24:20,163.0,24.0,174.05,38.0,160.5,60.0,178.08,26.0,168.53,11.050000000000011,84.0,64.0,10.71685914808798,148,20.0,-65.0,0.14,163.0,
2025-04-08 15:24:21,163.0,24.0,170.97,36.0,162.0,80.0,172.89,36.0,166.99,7.969999999999999,104.0,72.0,10.906553076016063,176,32.0,28.0,0.18,163.0,
2025-04-08 15:24:22,163.0,30.0,168.0,50.0,160.58,76.0,170.0,50.0,165.5,5.0,106.0,100.0,8.862204578994666,206,6.0,30.0,0.03,163.0,
2025-04-08 15:24:23,162.16,57.0,165.17,77.0,158.73,124.0,166.24,85.0,163.66,3.009999999999991,181.0,162.0,2.94560180607501,343,19.0,137.0,0.06,163.0,3.0
2025-04-08 15:24:24,159.03,62.0,162.83,60.0,158.09,187.0,164.25,60.0,160.93,3.8000000000000114,249.0,120.0,2.956225634140867,369,129.0,26.0,0.35,163.0,
2025-04-08 15:24:25,159.06,49.0,162.03,40.0,158.31,105.0,278.78,45.0,160.54,2.969999999999999,154.0,85.0,2.8093291013960933,239,69.0,-130.0,0.29,159.33,6.0
2025-04-08 15:24:26,159.0,50.0,162.83,35.0,158.0,132.0,286.55,55.0,160.91,3.830000000000013,182.0,90.0,2.1792131607418628,272,92.0,33.0,0.34,162.0,1.0
2025-04-08 15:24:27,158.08,104.0,161.0,10.0,157.6,40.0,163.0,50.0,159.54,2.9199999999999875,144.0,60.0,1.5300751615362251,204,84.0,-68.0,0.41,162.0,
2025-04-08 15:24:28,158.0,60.0,162.6,5.0,157.0,10.0,268.0,13.0,160.3,4.599999999999994,70.0,18.0,0.5702017186486178,88,52.0,-116.0,0.59,162.6,5.0
2025-04-08 15:24:29,158.56,54.0,163.0,8.0,157.95,86.0,341.75,20.0,160.78,4.439999999999998,140.0,28.0,0.5414609865445754,168,112.0,80.0,0.67,162.6,
2025-04-08 15:24:30,159.0,93.0,163.0,7.0,158.0,98.0,350.41,27.0,161.0,4.0,191.0,34.0,0.6037217901897012,225,157.0,57.0,0.7,159.0,5.0
2025-04-08 15:24:31,159.0,71.0,162.67,9.0,158.0,126.0,546.41,17.0,160.83,3.669999999999988,197.0,26.0,0.5912698199213742,223,171.0,-2.0,0.77,159.0,2.0
2025-04-08 15:24:32,159.0,22.0,162.0,6.0,158.0,48.0,582.0,18.0,160.5,3.0,70.0,24.0,0.2791415410681669,94,46.0,-129.0,0.49,159.0,4.0
2025-04-08 15:24:33,158.71,42.0,162.0,13.0,157.71,42.0,525.51,35.0,160.36,3.289999999999992,84.0,48.0,0.2591910491315527,132,36.0,38.0,0.27,159.0,3.0
2025-04-08 15:24:34,158.0,36.0,160.22,9.0,156.0,18.0,416.3,23.0,159.11,2.219999999999999,54.0,32.0,0.7437405461246546,86,22.0,-46.0,0.26,159.0,
2025-04-08 15:24:35,157.09,22.0,159.1,10.0,155.67,15.0,253.0,10.0,158.1,2.009999999999991,37.0,20.0,1.1433066080232508,57,17.0,-29.0,0.3,158.0,2.0
2025-04-08 15:24:36,139.75,24.0,157.71,7.0,121.32,25.0,228.43,7.0,148.73,17.960000000000008,49.0,14.0,4.9230732271569,63,35.0,6.0,0.56,155.67,3.0
2025-04-08 15:24:37,141.0,36.0,177.56,9.0,79.33,54.0,290.33,9.0,159.28,36.56,90.0,18.0,4.755936290568766,108,72.0,45.0,0.67,154.5,2.0
2025-04-08 15:24:38,144.09,44.0,459.5,18.0,90.79,38.0,501.0,11.0,301.8,315.41,82.0,29.0,65.2157138272668,111,53.0,3.0,0.48,158.0,4.0
2025-04-08 15:24:40,164.0,10.0,199.47,19.0,156.0,35.0,268.1,21.0,181.74,35.47,45.0,40.0,79.44271470688781,85,5.0,-153.0,0.06,158.0,
2025-04-08 15:24:41,164.0,14.0,198.43,35.0,156.0,49.0,321.62,16.0,181.21,34.43000000000001,63.0,51.0,73.18229485333164,114,12.0,29.0,0.11,158.0,
2025-04-08 15:24:42,163.06,32.0,196.4,30.0,156.44,102.0,197.89,74.0,179.73,33.34,134.0,104.0,68.89339322460444,238,30.0,124.0,0.13,162.33,3.0
2025-04-08 15:24:43,159.0,60.0,183.91,33.0,156.0,135.0,193.83,29.0,171.45,24.91,195.0,62.0,59.493859599121365,257,133.0,19.0,0.52,162.33,
2025-04-08 15:24:44,156.23,65.0,166.37,19.0,137.53,51.0,180.0,30.0,161.3,10.140000000000017,116.0,49.0,8.75528583199629,165,67.0,-92.0,0.41,157.5,10.0
2025-04-08 15:24:45,156.0,58.0,163.0,44.0,125.4,60.0,176.72,43.0,159.5,7.0,118.0,87.0,10.0789915170097,205,31.0,40.0,0.15,157.5,
2025-04-08 15:24:46,156.59,17.0,159.93,42.0,140.57,35.0,161.56,18.0,158.26,3.3400000000000034,52.0,60.0,9.25272230210936,112,-8.0,-93.0,-0.07,156.5,4.0
2025-04-08 15:24:56,146.57,80.0,152.0,28.0,144.89,54.0,153.0,14.0,149.29,5.430000000000007,134.0,42.0,17.043061051346964,176,92.0,64.0,0.52,156.5,
2025-04-08 15:24:57,149.12,77.0,152.0,30.0,147.85,80.0,153.0,15.0,150.56,2.8799999999999955,157.0,45.0,14.635606239576887,202,112.0,26.0,0.55,156.5,
2025-04-08 15:24:58,151.69,29.0,154.18,17.0,146.03,29.0,168.8,41.0,152.93,2.490000000000009,58.0,58.0,10.23795243200239,116,0.0,-86.0,0.0,151.5,8.0
2025-04-08 15:24:59,152.43,42.0,155.0,40.0,151.57,14.0,340.67,27.0,153.71,2.569999999999993,56.0,67.0,2.767206172287301,123,-11.0,7.0,-0.09,151.5,
2025-04-08 15:25:00,153.71,63.0,155.0,35.0,152.0,28.0,291.86,21.0,154.36,1.289999999999992,91.0,56.0,2.1582284401669223,147,35.0,24.0,0.24,151.5,
2025-04-08 15:25:01,153.02,45.0,155.0,22.0,151.63,19.0,304.14,35.0,154.01,1.9799999999999895,64.0,57.0,1.522113661966664,121,7.0,-26.0,0.06,154.44,9.0
2025-04-08 15:25:02,153.07,45.0,154.58,19.0,143.17,24.0,179.75,48.0,153.82,1.510000000000019,69.0,67.0,0.5285167924917377,136,2.0,15.0,0.01,153.33,3.0
2025-04-08 15:25:03,118.58,12.0,178.88,32.0,93.9,39.0,197.76,34.0,148.73,60.3,51.0,66.0,2.358586441058611,117,-15.0,-19.0,-0.13,153.67,3.0
2025-04-08 15:25:04,163.0,21.0,212.57,14.0,121.43,7.0,302.0,14.0,187.79,49.56999999999999,28.0,28.0,15.84965520129531,56,0.0,-61.0,0.0,153.67,
2025-04-08 15:25:05,163.0,21.0,290.86,14.0,134.95,19.0,532.62,21.0,226.93,127.86,40.0,35.0,33.30475461551928,75,5.0,19.0,0.07,153.67,
2025-04-08 15:25:06,143.67,36.0,229.07,27.0,127.5,22.0,310.89,36.0,186.37,85.4,58.0,63.0,31.48111052678979,121,-5.0,46.0,-0.04,153.0,3.0
2025-04-08 15:25:09,161.62,29.0,330.35,17.0,142.29,17.0,487.11,27.0,245.99,168.73000000000002,46.0,44.0,58.81982896948932,90,2.0,10.0,0.02,161.0,6.0
2025-04-08 15:25:10,119.38,52.0,170.0,18.0,85.21,48.0,316.15,26.0,144.69,50.620000000000005,100.0,44.0,78.4895924310986,144,56.0,54.0,0.39,160.33,3.0
2025-04-08 15:25:13,162.0,9.0,374.65,17.0,148.51,74.0,388.86,21.0,268.32,212.65,83.0,38.0,69.28481774530373,121,45.0,-116.0,0.37,160.33,
2025-04-08 15:25:14,162.0,3.0,335.2,5.0,158.0,21.0,382.86,7.0,248.6,173.2,24.0,12.0,69.87310806025415,36,12.0,-85.0,0.33,160.33,
2025-04-08 15:25:15,162.0,7.0,265.0,7.0,158.0,49.0,375.67,15.0,213.5,103.0,56.0,22.0,66.69635807148663,78,34.0,42.0,0.44,160.33,
2025-04-08 15:25:16,159.33,18.0,237.31,13.0,157.4,60.0,389.84,19.0,198.32,77.97999999999999,78.0,32.0,44.21859427887734,110,46.0,32.0,0.42,159.0,4.0
2025-04-08 15:25:17,157.33,36.0,244.56,27.0,145.73,74.0,390.29,17.0,200.94,87.22999999999999,110.0,44.0,31.03287740445553,154,66.0,44.0,0.43,158.0,4.0
2025-04-08 15:25:18,158.0,20.0,264.05,19.0,156.0,60.0,351.38,24.0,211.03,106.05,80.0,43.0,20.13401648951256,123,37.0,-31.0,0.3,158.0,
2025-04-08 15:25:19,158.0,22.0,262.09,22.0,156.0,66.0,374.0,33.0,210.05,104.08999999999996,88.0,55.0,6.700564901555812,143,33.0,20.0,0.23,158.0,
2025-04-08 15:25:20,158.92,26.0,184.45,22.0,157.94,17.0,350.33,24.0,171.69,25.53,43.0,46.0,15.930484298977229,89,-3.0,-54.0,-0.03,159.0,3.0
2025-04-08 15:25:21,160.29,21.0,166.14,14.0,158.2,10.0,578.0,7.0,163.21,5.849999999999994,31.0,21.0,22.401617798720665,52,10.0,-37.0,0.19,159.0,
2025-04-08 15:25:22,161.29,49.0,165.43,14.0,160.0,7.0,198.14,14.0,163.36,4.140000000000015,56.0,28.0,24.591187852561276,84,28.0,32.0,0.33,159.0,
2025-04-08 15:25:23,161.98,60.0,165.17,24.0,158.5,16.0,236.48,23.0,163.57,3.1899999999999977,76.0,47.0,20.264811373411693,123,29.0,39.0,0.24,164.0,2.0
2025-04-08 15:25:24,157.18,17.0,165.38,16.0,155.71,28.0,665.54,26.0,161.28,8.199999999999989,45.0,42.0,4.056435627488032,87,3.0,-36.0,0.03,157.5,4.0
2025-04-08 15:25:25,156.17,29.0,163.2,20.0,155.02,55.0,211.0,10.0,159.69,7.030000000000001,84.0,30.0,1.6872077524578246,114,54.0,27.0,0.47,156.0,3.0
2025-04-08 15:25:26,158.91,43.0,162.5,24.0,156.83,36.0,230.66,44.0,160.7,3.5900000000000034,79.0,68.0,1.6931479557184863,147,11.0,33.0,0.07,159.25,4.0
2025-04-08 15:25:27,159.67,48.0,458.53,38.0,156.0,12.0,688.12,49.0,309.1,298.86,60.0,87.0,66.10902411925291,147,-27.0,0.0,-0.18,162.0,2.0
2025-04-08 15:25:28,161.44,36.0,235.6,20.0,160.57,28.0,237.0,40.0,198.52,74.16,64.0,60.0,64.32473101381741,124,4.0,-23.0,0.03,163.0,2.0
2025-04-08 15:25:29,162.96,54.0,217.47,34.0,161.47,38.0,236.64,50.0,190.22,54.50999999999999,92.0,84.0,61.44828785246962,176,8.0,52.0,0.05,162.0,2.0
2025-04-08 15:25:30,164.55,44.0,185.62,26.0,162.0,22.0,368.0,44.0,175.08,21.069999999999997,66.0,70.0,59.034067113828144,136,-4.0,-40.0,-0.03,162.0,
2025-04-08 15:25:31,165.0,36.0,183.89,18.0,162.0,18.0,398.0,36.0,174.44,18.889999999999983,54.0,54.0,56.62679330493619,108,0.0,-28.0,0.0,162.0,
2025-04-08 15:25:32,165.0,40.0,182.78,23.0,162.0,20.0,542.86,29.0,173.89,17.78,60.0,52.0,11.29564517856141,112,8.0,4.0,0.07,162.0,
2025-04-08 15:25:33,165.0,44.0,180.29,34.0,162.0,22.0,180.6,43.0,172.65,15.289999999999992,66.0,77.0,7.301974390530009,143,-11.0,31.0,-0.08,162.0,
2025-04-08 15:25:34,165.0,28.0,179.0,14.0,162.0,14.0,180.0,35.0,172.0,14.0,42.0,49.0,1.2690429464581303,91,-7.0,-52.0,-0.08,162.0,
2025-04-08 15:25:35,165.0,56.0,174.76,55.0,162.55,22.0,177.93,43.0,169.88,9.759999999999993,78.0,98.0,1.7893211002933225,176,-20.0,85.0,-0.11,162.0,
2025-04-08 15:25:36,165.0,40.0,171.62,26.0,164.0,10.0,172.91,44.0,168.31,6.6200000000000045,50.0,70.0,2.234195604676247,120,-20.0,-56.0,-0.17,162.0,
2025-04-08 15:25:37,164.7,23.0,168.44,36.0,162.44,18.0,169.54,48.0,166.57,3.740000000000009,41.0,84.0,2.5292429697350927,125,-43.0,5.0,-0.34,165.0,4.0
2025-04-08 15:25:38,162.89,27.0,164.66,35.0,161.33,18.0,165.94,32.0,163.77,1.7700000000000102,45.0,67.0,3.1429333432247586,112,-22.0,-13.0,-0.2,164.0,1.0
2025-04-08 15:25:39,159.5,12.0,161.88,17.0,158.05,21.0,163.21,39.0,160.69,2.3799999999999955,33.0,56.0,3.666153297388618,89,-23.0,-23.0,-0.26,162.0,2.0
2025-04-08 15:25:40,158.0,18.0,159.62,16.0,156.0,9.0,161.11,18.0,158.81,1.6200000000000043,27.0,34.0,3.950999873443804,61,-7.0,-28.0,-0.11,159.0,1.0
2025-04-08 15:25:41,155.07,179.0,158.12,34.0,124.03,108.0,158.04,46.0,156.59,3.050000000000012,287.0,80.0,3.9569281014383417,367,207.0,168.0,0.56,156.0,6.0
2025-04-08 15:25:42,155.97,111.0,159.75,20.0,138.69,101.0,388.67,24.0,157.86,3.780000000000001,212.0,44.0,2.796118738528834,256,168.0,-111.0,0.66,157.17,6.0
2025-04-08 15:25:43,157.0,120.0,158.4,10.0,156.0,30.0,340.2,20.0,157.7,1.4000000000000057,150.0,30.0,1.5366684743144243,180,120.0,-76.0,0.67,157.17,
2025-04-08 15:25:44,157.33,99.0,417.29,28.0,156.0,27.0,667.54,26.0,287.31,259.96000000000004,126.0,54.0,57.950822513575744,180,72.0,0.0,0.4,157.0,1.0
2025-04-08 15:25:45,159.29,140.0,462.85,27.0,157.28,50.0,731.96,49.0,311.07,303.56000000000006,190.0,76.0,78.12519203176376,266,114.0,86.0,0.43,158.0,2.0
2025-04-08 15:25:46,162.0,36.0,351.5,4.0,158.0,16.0,718.0,8.0,256.75,189.5,52.0,12.0,72.31562396882134,64,40.0,-168.0,0.62,158.0,
2025-04-08 15:25:47,162.0,52.0,409.5,8.0,158.0,32.0,718.0,16.0,285.75,247.5,84.0,24.0,60.19238473428324,108,60.0,44.0,0.56,162.0,4.0
2025-04-08 15:25:48,162.87,38.0,410.22,9.0,158.0,36.0,718.0,18.0,286.55,247.35,74.0,27.0,19.266729873021543,101,47.0,-7.0,0.47,163.0,1.0
2025-04-08 15:25:49,159.71,42.0,327.66,47.0,156.76,34.0,607.43,23.0,243.69,167.95000000000002,76.0,70.0,26.682697015106594,146,6.0,45.0,0.04,162.8,5.0
2025-04-08 15:25:50,160.59,34.0,299.0,32.0,157.2,15.0,480.18,17.0,229.79,138.41,49.0,49.0,25.27799200885967,98,0.0,-48.0,0.0,161.0,4.0
2025-04-08 15:25:51,162.0,56.0,398.47,34.0,160.0,42.0,500.14,37.0,280.24,236.47000000000003,98.0,71.0,26.55595375805537,169,27.0,71.0,0.16,161.0,
2025-04-08 15:25:52,162.0,36.0,445.5,12.0,160.0,27.0,497.44,27.0,303.75,283.5,63.0,39.0,30.90198504950737,102,24.0,-67.0,0.24,161.0,
2025-04-08 15:25:53,162.0,52.0,341.0,47.0,160.0,39.0,377.57,28.0,251.5,179.0,91.0,75.0,29.826741860283253,166,16.0,64.0,0.1,161.0,
2025-04-08 15:25:54,162.0,52.0,325.09,35.0,160.0,39.0,333.71,42.0,243.54,163.08999999999995,91.0,77.0,29.849570013653015,168,14.0,2.0,0.08,161.0,
2025-04-08 15:25:55,162.0,52.0,237.76,34.0,160.0,39.0,239.33,45.0,199.88,75.75999999999999,91.0,79.0,39.345770039484165,170,12.0,2.0,0.07,161.0,
2025-04-08 15:25:56,162.0,26.0,212.73,22.0,160.0,36.0,221.6,30.0,187.36,50.72999999999999,62.0,52.0,46.23417545495926,114,10.0,-56.0,0.09,162.0,2.0
2025-04-08 15:25:57,162.0,26.0,170.36,25.0,160.0,39.0,209.25,24.0,166.18,8.360000000000014,65.0,49.0,36.68066138989233,114,16.0,0.0,0.14,162.0,
2025-04-08 15:25:58,162.05,21.0,170.0,44.0,160.12,32.0,171.0,11.0,166.02,7.949999999999989,53.0,55.0,31.936860835090325,108,-2.0,-6.0,-0.02,162.0,
2025-04-08 15:25:59,160.75,32.0,169.8,60.0,160.0,32.0,170.48,23.0,165.28,9.050000000000011,64.0,83.0,15.857171248363198,147,-19.0,39.0,-0.13,162.33,3.0
2025-04-08 15:26:00,160.16,32.0,167.24,34.0,158.91,33.0,167.94,32.0,163.7,7.0800000000000125,65.0,66.0,9.916457028592005,131,-1.0,-16.0,-0.01,162.33,
2025-04-08 15:26:01,160.06,32.0,164.5,24.0,159.4,47.0,166.36,45.0,162.28,4.439999999999998,79.0,69.0,1.6677289947435636,148,10.0,17.0,0.07,163.5,2.0
2025-04-08 15:26:02,159.23,44.0,164.38,32.0,158.18,34.0,168.0,64.0,161.8,5.150000000000006,78.0,96.0,1.8328884308401872,174,-18.0,26.0,-0.1,164.0,1.0
2025-04-08 15:26:03,159.0,39.0,163.53,34.0,158.0,26.0,167.27,44.0,161.26,4.530000000000001,65.0,78.0,1.6264931601169397,143,-13.0,-31.0,-0.09,164.0,
2025-04-08 15:26:04,159.0,33.0,163.0,44.0,158.0,22.0,164.0,22.0,161.0,4.0,55.0,66.0,1.067201948979969,121,-11.0,-22.0,-0.09,164.0,
2025-04-08 15:26:05,159.0,33.0,162.36,44.0,158.0,22.0,164.0,22.0,160.68,3.3600000000000136,55.0,66.0,0.6388113961931843,121,-11.0,0.0,-0.09,164.0,
2025-04-08 15:26:06,158.64,28.0,160.18,44.0,156.52,61.0,172.45,29.0,159.41,1.5400000000000205,89.0,73.0,0.8935323160949284,162,16.0,41.0,0.1,159.0,3.0
2025-04-08 15:26:07,158.25,12.0,212.96,23.0,156.11,57.0,290.64,22.0,185.6,54.71000000000001,69.0,45.0,11.20845216789136,114,24.0,-48.0,0.21,158.5,2.0
2025-04-08 15:26:08,156.25,48.0,459.83,36.0,154.07,44.0,512.17,36.0,308.04,303.58,92.0,72.0,64.16170493370578,164,20.0,50.0,0.12,157.5,2.0
2025-04-08 15:26:09,156.0,52.0,350.64,14.0,153.53,34.0,407.88,24.0,253.32,194.64,86.0,38.0,65.22555864076547,124,48.0,-40.0,0.39,157.5,
2025-04-08 15:26:10,156.0,56.0,403.62,24.0,155.0,24.0,407.75,24.0,279.81,247.62,80.0,48.0,62.86415854841252,128,32.0,4.0,0.25,157.5,
2025-04-08 15:26:11,156.96,81.0,354.2,30.0,155.98,59.0,387.2,30.0,255.58,197.24,140.0,60.0,45.38031511569699,200,80.0,72.0,0.4,157.0,3.0
2025-04-08 15:26:12,164.73,88.0,318.27,33.0,163.0,33.0,321.17,29.0,241.5,153.54,121.0,62.0,26.523923163814995,183,59.0,-17.0,0.32,157.0,
2025-04-08 15:26:13,164.57,42.0,312.0,27.0,159.23,39.0,439.67,27.0,238.29,147.43,81.0,54.0,16.368559802253678,135,27.0,-48.0,0.2,165.0,8.0
2025-04-08 15:26:14,163.0,45.0,225.44,45.0,156.5,72.0,296.32,37.0,194.22,62.44,117.0,82.0,31.268526508295047,199,35.0,64.0,0.18,163.0,3.0
2025-04-08 15:26:15,157.24,29.0,222.78,36.0,155.62,39.0,228.44,25.0,190.01,65.53999999999999,68.0,61.0,29.790464078290928,129,7.0,-70.0,0.05,157.12,8.0
2025-04-08 15:26:16,156.0,10.0,220.33,36.0,155.0,30.0,242.11,18.0,188.17,64.33000000000001,40.0,54.0,27.003575133673245,94,-14.0,-35.0,-0.15,157.12,
2025-04-08 15:26:17,160.98,59.0,216.53,30.0,156.78,27.0,217.44,36.0,188.76,55.55000000000001,86.0,66.0,21.596056352953223,152,20.0,58.0,0.13,162.0,3.0
2025-04-08 15:26:18,162.0,20.0,214.6,10.0,158.0,15.0,217.0,20.0,188.3,52.6,35.0,30.0,2.5261967460842847,65,5.0,-87.0,0.08,162.0,5.0
2025-04-08 15:26:19,162.0,20.0,212.0,40.0,158.0,30.0,214.0,20.0,187.0,50.0,50.0,60.0,1.087782147273149,110,-10.0,45.0,-0.09,162.0,
2025-04-08 15:26:20,162.0,18.0,210.29,34.0,158.0,27.0,212.55,22.0,186.15,48.28999999999999,45.0,56.0,1.071694919240468,101,-11.0,-9.0,-0.11,162.0,
2025-04-08 15:26:21,163.88,65.0,206.07,41.0,161.14,28.0,207.82,34.0,184.98,42.19,93.0,75.0,1.5478436613319708,168,18.0,67.0,0.11,164.0,5.0
2025-04-08 15:26:22,162.0,13.0,201.5,48.0,158.0,39.0,202.67,46.0,181.75,39.5,52.0,94.0,2.487615323944778,146,-42.0,-22.0,-0.29,163.0,2.0
2025-04-08 15:26:23,162.86,21.0,197.93,46.0,158.31,39.0,199.29,56.0,180.4,35.06999999999999,60.0,102.0,2.854370333352705,162,-42.0,16.0,-0.26,163.0,
2025-04-08 15:26:24,164.0,33.0,194.18,34.0,162.0,11.0,194.95,39.0,179.09,30.180000000000007,44.0,73.0,3.0029202453483825,117,-29.0,-45.0,-0.25,163.0,
2025-04-08 15:26:25,164.0,48.0,190.45,58.0,162.0,16.0,192.04,51.0,177.22,26.44999999999999,64.0,109.0,2.924580311757948,173,-45.0,56.0,-0.26,163.0,
2025-04-08 15:26:26,163.71,28.0,185.48,44.0,160.0,24.0,186.56,43.0,174.6,21.769999999999985,52.0,87.0,2.7976007577781905,139,-35.0,-34.0,-0.25,164.0,3.0
2025-04-08 15:26:27,159.79,19.0,181.57,46.0,158.74,27.0,182.58,38.0,170.68,21.78,46.0,84.0,3.8686845309381046,130,-38.0,-9.0,-0.29,160.0,3.0
2025-04-08 15:26:28,159.0,26.0,178.08,52.0,158.0,13.0,179.0,48.0,168.54,19.080000000000013,39.0,100.0,4.400770387093419,139,-61.0,9.0,-0.44,160.0,
2025-04-08 15:26:29,161.79,29.0,175.09,33.0,158.95,19.0,176.6,40.0,168.44,13.300000000000011,48.0,73.0,3.8840030895864497,121,-25.0,-18.0,-0.21,160.0,
2025-04-08 15:26:30,162.89,79.0,169.7,67.0,161.62,48.0,170.67,66.0,166.29,6.810000000000002,127.0,133.0,3.143692096868878,260,-6.0,139.0,-0.02,160.0,
2025-04-08 15:26:31,163.62,45.0,165.42,38.0,161.08,39.0,167.0,44.0,164.52,1.799999999999983,84.0,82.0,2.3576428906674454,166,2.0,-94.0,0.01,164.6,5.0
2025-04-08 15:26:32,160.2,60.0,162.98,44.0,158.89,54.0,164.25,32.0,161.59,2.780000000000001,114.0,76.0,2.9176583076011062,190,38.0,24.0,0.2,162.0,3.0
2025-04-08 15:26:33,159.0,67.0,160.96,25.0,158.0,12.0,161.44,39.0,159.98,1.960000000000008,79.0,64.0,3.43009183549258,143,15.0,-47.0,0.1,159.0,1.0
2025-04-08 15:26:34,158.94,35.0,243.0,22.0,156.62,32.0,242.1,41.0,200.97,84.06,67.0,63.0,17.115923872228347,130,4.0,-13.0,0.03,159.0,5.0
2025-04-08 15:26:35,158.72,25.0,270.36,28.0,156.14,83.0,277.88,50.0,214.54,111.64,108.0,78.0,25.551905017041705,186,30.0,56.0,0.16,159.0,
2025-04-08 15:26:36,159.0,33.0,234.22,36.0,158.0,11.0,262.2,30.0,196.61,75.22,44.0,66.0,24.603708460309893,110,-22.0,-76.0,-0.2,159.0,
2025-04-08 15:26:37,156.71,101.0,227.4,60.0,155.69,35.0,234.15,52.0,192.06,70.69,136.0,112.0,20.1964568674787,248,24.0,138.0,0.1,158.75,4.0
2025-04-08 15:26:38,156.0,100.0,232.5,48.0,155.0,12.0,234.71,28.0,194.25,76.5,112.0,76.0,8.936690103160736,188,36.0,-60.0,0.19,156.0,4.0
2025-04-08 15:26:39,163.0,49.0,233.15,52.0,156.62,73.0,235.0,26.0,198.08,70.15,122.0,78.0,8.926335754380444,200,44.0,12.0,0.22,163.0,1.0
2025-04-08 15:26:40,163.0,33.0,232.62,32.0,157.0,55.0,233.59,34.0,197.81,69.62,88.0,66.0,2.56307822743062,154,22.0,-46.0,0.14,163.0,
2025-04-08 15:26:41,163.0,33.0,212.2,44.0,157.0,65.0,226.4,45.0,187.6,49.19999999999999,98.0,89.0,4.357195198740574,187,9.0,33.0,0.05,163.0,2.0
2025-04-08 15:26:42,158.58,19.0,190.56,54.0,156.34,74.0,202.04,56.0,174.57,31.97999999999999,93.0,110.0,9.837716706630962,203,-17.0,16.0,-0.08,158.5,4.0
2025-04-08 15:26:43,158.5,40.0,189.27,63.0,156.36,55.0,190.5,70.0,173.88,30.77000000000001,95.0,133.0,11.882224959994804,228,-38.0,25.0,-0.17,158.5,
2025-04-08 15:26:44,159.0,41.0,185.57,28.0,157.0,22.0,186.86,28.0,172.29,26.569999999999997,63.0,56.0,11.110524290055816,119,7.0,-109.0,0.06,158.5,
2025-04-08 15:26:45,159.0,27.0,183.86,28.0,157.0,18.0,184.84,19.0,171.43,24.860000000000014,45.0,47.0,6.62830521324396,92,-2.0,-27.0,-0.02,159.0,2.0
2025-04-08 15:26:46,159.0,22.0,181.44,36.0,157.0,22.0,182.55,33.0,170.22,22.44,44.0,69.0,1.7730115622620457,113,-25.0,21.0,-0.22,159.0,
2025-04-08 15:26:47,159.05,19.0,177.69,32.0,157.2,20.0,179.16,38.0,168.37,18.639999999999983,39.0,70.0,2.084794953925724,109,-31.0,-4.0,-0.28,159.0,
2025-04-08 15:26:48,161.08,13.0,175.51,43.0,159.37,19.0,176.5,48.0,168.29,14.429999999999978,32.0,91.0,1.7920937475236924,123,-59.0,14.0,-0.48,159.0,
2025-04-08 15:26:49,162.67,9.0,174.0,12.0,161.0,6.0,175.0,18.0,168.33,11.330000000000013,15.0,30.0,1.4322429961124048,45,-15.0,-78.0,-0.33,159.0,
2025-04-08 15:26:50,161.0,16.0,173.54,26.0,158.6,20.0,174.89,35.0,167.27,12.539999999999992,36.0,61.0,1.0678389391254484,97,-25.0,52.0,-0.26,162.0,4.0
2025-04-08 15:26:51,159.0,13.0,170.69,42.0,156.7,46.0,171.79,33.0,164.85,11.689999999999998,59.0,75.0,1.5095429771662554,134,-16.0,37.0,-0.12,162.0,
2025-04-08 15:26:52,159.53,17.0,164.4,35.0,158.16,19.0,165.55,33.0,161.96,4.8700000000000045,36.0,68.0,2.7309339061777447,104,-32.0,-30.0,-0.31,162.0,
2025-04-08 15:26:53,158.89,28.0,161.4,30.0,156.44,43.0,162.79,38.0,160.15,2.5100000000000198,71.0,68.0,3.4582394364633555,139,3.0,35.0,0.02,159.75,4.0
2025-04-08 15:26:54,156.62,32.0,158.7,27.0,155.86,70.0,210.69,39.0,157.66,2.079999999999984,102.0,66.0,3.7894814948630215,168,36.0,29.0,0.21,157.0,2.0
2025-04-08 15:26:55,155.32,56.0,158.63,19.0,118.92,48.0,256.07,41.0,156.98,3.3100000000000023,104.0,60.0,3.2198835382523088,164,44.0,-4.0,0.27,155.5,6.0
2025-04-08 15:26:56,155.0,60.0,157.0,30.0,95.8,50.0,158.0,10.0,156.0,2.0,110.0,40.0,2.4468142552934635,150,70.0,-14.0,0.47,155.5,
2025-04-08 15:26:57,154.81,72.0,156.77,30.0,88.25,77.0,266.67,36.0,155.79,1.960000000000008,149.0,66.0,1.7552293297192345,215,83.0,65.0,0.39,155.75,4.0
2025-04-08 15:26:58,153.0,41.0,155.45,11.0,111.27,55.0,260.0,55.0,154.23,2.4499999999999886,96.0,66.0,1.3044040784611133,162,30.0,-53.0,0.19,153.0,1.0
2025-04-08 15:26:59,153.12,92.0,173.55,38.0,111.19,77.0,176.95,58.0,163.34,20.430000000000007,169.0,96.0,3.5346103038251115,265,73.0,103.0,0.28,153.67,3.0
2025-04-08 15:27:00,164.0,10.0,192.15,39.0,157.03,29.0,339.43,14.0,178.08,28.15000000000001,39.0,53.0,9.924569008269788,92,-14.0,-168.0,-0.15,153.67,
2025-04-08 15:27:01,161.05,19.0,249.83,52.0,156.66,50.0,485.42,24.0,205.44,88.78,69.0,76.0,21.25315106048782,145,-7.0,53.0,-0.05,161.0,4.0
2025-04-08 15:27:02,160.0,12.0,198.0,30.0,155.0,6.0,367.0,30.0,179.0,38.0,18.0,60.0,19.456662612069856,78,-42.0,-67.0,-0.54,161.0,
2025-04-08 15:27:03,160.0,20.0,231.8,50.0,157.74,46.0,570.4,50.0,195.9,71.80000000000001,66.0,100.0,16.488981775716823,166,-34.0,88.0,-0.2,161.0,
2025-04-08 15:27:04,160.0,12.0,246.0,30.0,158.0,42.0,340.45,22.0,203.0,86.0,54.0,52.0,13.030797366236875,106,2.0,-60.0,0.02,161.0,
2025-04-08 15:27:05,160.0,28.0,177.07,70.0,158.0,98.0,486.72,64.0,168.54,17.069999999999993,126.0,134.0,15.992406948296596,260,-8.0,154.0,-0.03,161.0,
2025-04-08 15:27:06,161.61,31.0,331.81,26.0,158.65,31.0,528.58,38.0,246.71,170.2,62.0,64.0,30.12051294383828,126,-2.0,-134.0,-0.02,161.0,
2025-04-08 15:27:07,162.0,20.0,303.42,19.0,160.0,14.0,392.71,14.0,232.71,141.42000000000002,34.0,33.0,30.935973719925727,67,1.0,-59.0,0.01,161.0,
2025-04-08 15:27:08,162.0,50.0,195.85,59.0,160.0,48.0,241.49,49.0,178.92,33.849999999999994,98.0,108.0,33.60172361650416,206,-10.0,139.0,-0.05,162.0,2.0
2025-04-08 15:27:09,160.75,16.0,196.71,35.0,158.37,43.0,258.89,27.0,178.73,35.96000000000001,59.0,62.0,35.818935913842154,121,-3.0,-85.0,-0.02,161.2,5.0
2025-04-08 15:27:10,158.94,64.0,195.36,55.0,155.53,73.0,288.92,48.0,177.15,36.420000000000016,137.0,103.0,34.02289052975852,240,34.0,119.0,0.14,160.0,2.0
2025-04-08 15:27:11,159.0,120.0,193.0,60.0,158.0,84.0,285.14,28.0,176.0,34.0,204.0,88.0,24.630376976407067,292,116.0,52.0,0.4,160.0,
2025-04-08 15:27:12,159.0,60.0,192.0,30.0,158.0,42.0,208.0,24.0,175.5,33.0,102.0,54.0,1.550306421297603,156,48.0,-136.0,0.31,160.0,
2025-04-08 15:27:13,159.11,45.0,189.22,45.0,158.64,78.0,201.21,38.0,174.17,30.109999999999985,123.0,83.0,1.7243694499486075,206,40.0,50.0,0.19,160.0,
2025-04-08 15:27:14,159.19,74.0,185.55,55.0,158.54,92.0,186.55,55.0,172.37,26.360000000000014,166.0,110.0,1.8351484953309292,276,56.0,70.0,0.2,160.0,1.0
2025-04-08 15:27:15,160.56,32.0,174.56,79.0,159.05,233.0,177.4,75.0,167.56,14.0,265.0,154.0,3.410916299165713,419,111.0,143.0,0.26,161.5,4.0
2025-04-08 15:27:16,160.0,16.0,162.12,40.0,159.0,136.0,163.12,40.0,161.06,2.1200000000000045,152.0,80.0,5.895885853704484,232,72.0,-168.0,0.31,161.5,
2025-04-08 15:27:17,159.05,86.0,160.5,60.0,158.33,104.0,174.32,57.0,159.77,1.4499999999999886,190.0,117.0,6.482956887093337,307,73.0,75.0,0.24,159.29,7.0
2025-04-08 15:27:18,158.62,56.0,159.93,70.0,157.79,86.0,309.5,32.0,159.28,1.3100000000000025,142.0,102.0,5.734655177071192,244,40.0,-63.0,0.16,159.0,5.0
2025-04-08 15:27:19,158.0,68.0,160.41,41.0,156.0,30.0,346.25,24.0,159.21,2.4099999999999966,98.0,65.0,3.535736132675624,163,33.0,-81.0,0.2,158.6,5.0
2025-04-08 15:27:20,157.86,43.0,245.0,18.0,155.65,37.0,563.78,36.0,201.43,87.13999999999999,80.0,54.0,18.618884230799438,134,26.0,-29.0,0.19,158.0,5.0
2025-04-08 15:27:21,159.1,31.0,397.25,32.0,155.16,77.0,627.89,36.0,278.17,238.15,108.0,68.0,51.71516528060145,176,40.0,42.0,0.23,158.0,
2025-04-08 15:27:22,162.0,52.0,251.05,42.0,156.0,66.0,307.08,50.0,206.52,89.05000000000001,118.0,92.0,48.66414563104885,210,26.0,34.0,0.12,158.0,
2025-04-08 15:27:23,162.0,44.0,180.0,44.0,156.0,66.0,193.69,39.0,171.0,18.0,110.0,83.0,46.385866705279234,193,27.0,-17.0,0.14,158.0,
2025-04-08 15:27:24,163.22,103.0,179.37,43.0,161.28,50.0,189.33,48.0,171.3,16.150000000000006,153.0,91.0,43.75572796788935,244,62.0,51.0,0.25,158.0,
2025-04-08 15:27:25,164.82,99.0,176.36,33.0,162.0,44.0,195.27,44.0,170.59,11.54000000000002,143.0,77.0,46.58735375614212,220,66.0,-24.0,0.3,158.0,
2025-04-08 15:27:26,165.0,45.0,175.0,15.0,162.0,20.0,201.0,20.0,170.0,10.0,65.0,35.0,16.016545195513135,100,30.0,-120.0,0.3,158.0,
2025-04-08 15:27:27,165.0,90.0,174.7,30.0,162.0,40.0,327.67,36.0,169.85,9.699999999999989,130.0,66.0,0.6243156252329999,196,64.0,96.0,0.33,158.0,
2025-04-08 15:27:28,165.0,45.0,174.0,15.0,162.8,20.0,261.2,20.0,169.5,9.0,65.0,35.0,0.7076510438838391,100,30.0,-96.0,0.3,158.0,
2025-04-08 15:27:29,165.0,75.0,173.0,33.0,164.0,44.0,213.73,44.0,169.0,8.0,119.0,77.0,0.5907368279611529,196,42.0,96.0,0.21,165.0,4.0
2025-04-08 15:27:30,165.0,50.0,171.29,31.0,164.0,48.0,185.67,43.0,168.15,6.289999999999992,98.0,74.0,0.7491662031280513,172,24.0,-24.0,0.14,165.0,1.0
2025-04-08 15:27:31,165.0,36.0,172.0,33.0,164.0,44.0,287.35,52.0,168.5,7.0,80.0,85.0,0.6973162839838988,165,-5.0,-7.0,-0.03,165.0,1.0
2025-04-08 15:27:32,165.0,36.0,170.75,36.0,164.0,48.0,357.33,60.0,167.88,5.75,84.0,96.0,0.6520582795340193,180,-12.0,15.0,-0.07,165.0,
2025-04-08 15:27:33,165.0,33.0,168.36,33.0,164.0,44.0,328.38,29.0,166.68,3.3600000000000136,77.0,62.0,0.8689764092934277,139,15.0,-41.0,0.11,165.0,
2025-04-08 15:27:34,164.87,31.0,167.0,30.0,163.8,40.0,192.7,50.0,165.94,2.1299999999999955,71.0,80.0,1.0780074210821056,151,-9.0,12.0,-0.06,165.0,3.0
2025-04-08 15:27:35,164.0,53.0,165.87,45.0,162.0,56.0,189.63,63.0,164.93,1.8700000000000043,109.0,108.0,1.441034350703562,217,1.0,66.0,0.0,164.0,4.0
2025-04-08 15:27:36,162.0,48.0,206.1,41.0,161.0,48.0,345.45,33.0,184.05,44.1,96.0,74.0,7.985200686263925,170,22.0,-47.0,0.13,164.0,
2025-04-08 15:27:37,162.0,44.0,185.91,33.0,161.0,44.0,320.8,41.0,173.95,23.91,88.0,74.0,8.063116643079812,162,14.0,-8.0,0.09,164.0,
2025-04-08 15:27:38,162.0,32.0,183.5,16.0,161.0,32.0,215.12,25.0,172.75,21.5,64.0,41.0,7.677094502473674,105,23.0,-57.0,0.22,164.0,
2025-04-08 15:27:39,162.0,33.0,176.7,46.0,161.0,72.0,179.17,30.0,169.35,14.699999999999989,105.0,76.0,7.097794023491522,181,29.0,76.0,0.16,162.0,3.0
2025-04-08 15:27:40,160.96,54.0,173.25,48.0,160.09,46.0,177.0,16.0,167.11,12.289999999999992,100.0,64.0,6.521220744608501,164,36.0,-17.0,0.22,161.0,6.0
2025-04-08 15:27:41,160.0,18.0,170.72,25.0,159.0,18.0,172.85,13.0,165.36,10.72,36.0,38.0,3.641123452989446,74,-2.0,-90.0,-0.03,161.0,
2025-04-08 15:27:42,160.31,26.0,168.73,30.0,158.8,20.0,169.31,26.0,164.52,8.419999999999987,46.0,56.0,3.320070782364233,102,-10.0,28.0,-0.1,160.57,7.0
2025-04-08 15:27:43,157.0,120.0,162.77,47.0,156.0,30.0,163.41,37.0,159.88,5.77000000000001,150.0,84.0,3.5231846389179027,234,66.0,132.0,0.28,161.0,2.0
2025-04-08 15:27:44,157.11,45.0,160.77,22.0,156.8,50.0,161.6,30.0,158.94,3.6599999999999966,95.0,52.0,3.565770603937638,147,43.0,-87.0,0.29,159.0,1.0
2025-04-08 15:27:45,157.0,64.0,160.38,24.0,156.0,16.0,161.38,24.0,158.69,3.3799999999999955,80.0,48.0,3.205139622528893,128,32.0,-19.0,0.25,159.0,
2025-04-08 15:27:46,157.0,24.0,159.75,8.0,156.0,6.0,160.67,9.0,158.38,2.75,30.0,17.0,2.543387504865048,47,13.0,-81.0,0.28,159.0,
2025-04-08 15:27:47,154.66,32.0,158.0,24.0,114.38,32.0,159.69,26.0,156.33,3.3400000000000034,64.0,50.0,1.3078340872994576,114,14.0,67.0,0.12,156.8,10.0
2025-04-08 15:27:48,139.67,9.0,281.44,9.0,72.38,16.0,329.09,11.0,210.56,141.77,25.0,20.0,23.490235205291366,45,5.0,-69.0,0.11,158.8,5.0
2025-04-08 15:27:50,153.56,39.0,417.54,41.0,132.13,15.0,405.72,32.0,285.55,263.98,54.0,73.0,68.73171851481636,127,-19.0,107.0,-0.15,158.0,4.0
2025-04-08 15:27:51,158.0,60.0,202.5,48.0,157.0,12.0,204.0,60.0,180.25,44.5,72.0,108.0,64.17393450615253,180,-36.0,53.0,-0.2,158.0,
2025-04-08 15:27:52,158.0,30.0,200.17,24.0,156.0,30.0,204.0,30.0,179.08,42.16999999999999,60.0,54.0,58.47303113401902,114,6.0,-66.0,0.05,158.0,
2025-04-08 15:27:53,158.0,36.0,198.4,20.0,156.0,40.0,201.62,26.0,178.2,40.400000000000006,76.0,46.0,62.980132819802414,122,30.0,8.0,0.25,158.0,1.0
2025-04-08 15:27:54,158.0,32.0,197.88,16.0,156.0,40.0,199.0,32.0,177.94,39.88,72.0,48.0,47.71841080756919,120,24.0,-2.0,0.2,158.0,
2025-04-08 15:27:55,158.67,12.0,195.27,22.0,157.73,37.0,197.06,32.0,176.97,36.60000000000002,49.0,54.0,1.2392215298004088,103,-5.0,-17.0,-0.05,158.0,
2025-04-08 15:27:56,159.0,10.0,190.08,26.0,158.0,40.0,191.06,34.0,174.54,31.080000000000013,50.0,60.0,1.7395344204470753,110,-10.0,7.0,-0.09,158.0,
2025-04-08 15:27:57,159.25,12.0,186.17,24.0,158.02,59.0,190.0,48.0,172.71,26.919999999999987,71.0,72.0,2.370352294474243,143,-1.0,33.0,-0.01,158.0,
2025-04-08 15:27:58,162.0,9.0,186.0,18.0,159.6,15.0,190.0,36.0,174.0,24.0,24.0,54.0,2.1628152949151214,78,-30.0,-65.0,-0.38,158.0,
2025-04-08 15:27:59,160.36,11.0,185.0,16.0,158.62,48.0,190.0,32.0,172.68,24.639999999999983,59.0,48.0,1.75762624010854,107,11.0,29.0,0.1,160.5,4.0
2025-04-08 15:28:00,158.03,65.0,183.62,26.0,156.48,46.0,187.73,22.0,170.82,25.590000000000003,111.0,48.0,1.4403124660701996,159,63.0,52.0,0.4,158.5,4.0
2025-04-08 15:28:01,158.14,74.0,180.11,18.0,156.62,58.0,181.17,24.0,169.12,21.970000000000027,132.0,42.0,1.9081090115390225,174,90.0,15.0,0.52,158.5,
2025-04-08 15:28:02,159.72,32.0,176.55,40.0,157.74,114.0,176.94,35.0,168.13,16.830000000000013,146.0,75.0,2.4296913384040684,221,71.0,47.0,0.32,159.67,3.0
2025-04-08 15:28:03,157.5,40.0,173.58,19.0,152.62,48.0,175.29,17.0,165.54,16.080000000000013,88.0,36.0,2.704851197370109,124,52.0,-97.0,0.42,158.0,7.0
2025-04-08 15:28:04,156.0,70.0,170.21,48.0,134.0,126.0,170.88,25.0,163.1,14.210000000000008,196.0,73.0,3.046328938232556,269,123.0,145.0,0.46,158.0,
2025-04-08 15:28:05,156.0,50.0,164.21,14.0,143.75,96.0,166.88,34.0,160.11,8.210000000000008,146.0,48.0,3.687309317091728,194,98.0,-75.0,0.51,158.0,
2025-04-08 15:28:06,156.28,58.0,165.17,36.0,155.09,110.0,166.28,36.0,160.72,8.889999999999986,168.0,72.0,3.353244697291,240,96.0,46.0,0.4,158.0,
2025-04-08 15:28:07,156.4,55.0,161.17,46.0,155.06,134.0,161.93,45.0,158.79,4.769999999999982,189.0,91.0,2.6763164984561856,280,98.0,40.0,0.35,158.0,4.0
2025-04-08 15:28:08,158.0,7.0,160.86,14.0,156.0,11.0,162.64,22.0,159.43,2.8600000000000136,18.0,36.0,1.6586892415120509,54,-18.0,-168.0,-0.33,160.5,4.0
2025-04-08 15:28:09,158.0,11.0,264.44,25.0,156.0,31.0,312.66,29.0,211.22,106.44,42.0,54.0,23.023864358528417,96,-12.0,42.0,-0.12,161.8,5.0
2025-04-08 15:28:11,162.15,13.0,374.36,11.0,156.86,7.0,460.59,17.0,268.26,212.21,20.0,28.0,75.42682380957027,48,-8.0,-8.0,-0.17,164.0,3.0
2025-04-08 15:28:12,155.2,60.0,249.42,12.0,124.92,52.0,264.25,20.0,202.31,94.22,112.0,32.0,67.7885464514468,144,80.0,96.0,0.56,156.5,2.0
2025-04-08 15:28:13,155.8,50.0,197.0,15.0,154.67,81.0,238.2,15.0,176.4,41.19999999999999,131.0,30.0,63.326103385570505,161,101.0,17.0,0.63,155.0,4.0
2025-04-08 15:28:14,156.0,60.0,190.29,21.0,155.0,120.0,211.46,26.0,173.14,34.28999999999999,180.0,47.0,69.4328349558043,227,133.0,66.0,0.59,155.0,
2025-04-08 15:28:15,156.0,49.0,188.27,22.0,155.0,110.0,191.0,22.0,172.14,32.27000000000001,159.0,44.0,40.94920756253944,203,115.0,-24.0,0.57,156.0,2.0
2025-04-08 15:28:16,156.0,33.0,182.36,22.0,155.0,130.0,188.36,25.0,169.18,26.360000000000014,163.0,47.0,13.484045387046228,210,116.0,7.0,0.55,156.0,1.0
2025-04-08 15:28:17,159.05,42.0,181.11,18.0,155.19,62.0,182.0,22.0,170.08,22.06,104.0,40.0,2.834664001238567,144,64.0,-66.0,0.44,160.0,8.0
2025-04-08 15:28:18,156.0,16.0,178.73,11.0,155.0,80.0,180.0,13.0,167.36,22.72999999999999,96.0,24.0,2.3111469014142005,120,72.0,-24.0,0.6,160.0,
2025-04-08 15:28:19,158.57,28.0,174.91,11.0,155.29,28.0,176.0,8.0,166.74,16.340000000000003,56.0,19.0,2.1682712007301093,75,37.0,-45.0,0.49,160.0,
2025-04-08 15:28:20,159.0,50.0,172.18,22.0,156.0,22.0,174.09,22.0,165.59,13.180000000000009,72.0,44.0,1.8237050199839864,116,28.0,41.0,0.24,159.0,2.0
2025-04-08 15:28:21,159.0,58.0,168.76,17.0,156.0,24.0,170.15,20.0,163.88,9.759999999999993,82.0,37.0,2.293556190703462,119,45.0,3.0,0.38,159.0,5.0
2025-04-08 15:28:22,159.0,26.0,163.91,22.0,157.95,86.0,164.79,19.0,161.45,4.909999999999997,112.0,41.0,2.387578270950116,153,71.0,34.0,0.46,160.33,3.0
2025-04-08 15:28:23,158.29,28.0,161.12,16.0,157.56,36.0,202.38,8.0,159.71,2.8300000000000125,64.0,24.0,2.8971244363872617,88,40.0,-65.0,0.45,158.5,4.0
2025-04-08 15:28:24,158.88,41.0,161.0,20.0,157.91,47.0,197.2,10.0,159.94,2.1200000000000045,88.0,30.0,2.5567420675366046,118,58.0,30.0,0.49,158.5,
2025-04-08 15:28:25,158.15,41.0,203.97,30.0,156.83,24.0,235.89,9.0,181.06,45.81999999999999,65.0,39.0,9.01598413928914,104,26.0,-14.0,0.25,159.5,4.0
2025-04-08 15:28:26,156.53,19.0,206.0,40.0,155.03,63.0,212.0,8.0,181.26,49.47,82.0,48.0,11.408791785281888,130,34.0,26.0,0.26,158.0,5.0
2025-04-08 15:28:27,157.8,20.0,204.62,40.0,155.62,13.0,212.0,8.0,181.21,46.81999999999999,33.0,48.0,11.695303758343265,81,-15.0,-49.0,-0.19,158.0,
2025-04-08 15:28:28,159.0,24.0,204.0,40.0,156.0,16.0,212.0,8.0,181.5,45.0,40.0,48.0,9.534787884369583,88,-8.0,7.0,-0.09,158.0,
2025-04-08 15:28:29,156.0,18.0,203.67,45.0,155.0,17.0,212.0,9.0,179.83,47.66999999999999,35.0,54.0,0.6577005397014235,89,-19.0,1.0,-0.21,159.0,3.0
2025-04-08 15:28:30,155.59,29.0,201.62,78.0,147.27,45.0,383.33,63.0,178.6,46.03,74.0,141.0,1.2388099127482222,215,-67.0,126.0,-0.31,155.4,5.0
2025-04-08 15:28:31,150.84,31.0,200.02,54.0,103.82,17.0,328.89,45.0,175.43,49.18000000000001,48.0,99.0,2.461448760369098,147,-51.0,-68.0,-0.35,155.4,
2025-04-08 15:28:32,146.8,75.0,179.44,57.0,139.62,16.0,189.16,63.0,163.12,32.639999999999986,91.0,120.0,7.372857654934093,211,-29.0,64.0,-0.14,155.4,
2025-04-08 15:28:33,144.36,55.0,152.53,53.0,131.15,33.0,153.66,53.0,148.45,8.169999999999987,88.0,106.0,13.300692839093609,194,-18.0,-17.0,-0.09,152.0,5.0
2025-04-08 15:28:34,146.13,60.0,151.27,60.0,137.12,25.0,154.0,75.0,148.7,5.140000000000015,85.0,135.0,14.265113038455452,220,-50.0,26.0,-0.23,152.0,
2025-04-08 15:28:35,148.37,54.0,152.24,49.0,147.45,44.0,172.86,42.0,150.31,3.870000000000005,98.0,91.0,11.870803258411287,189,7.0,-31.0,0.04,148.5,4.0
2025-04-08 15:28:36,151.0,28.0,152.0,11.0,150.0,28.0,154.0,35.0,151.5,1.0,56.0,46.0,6.111213463781546,102,10.0,-87.0,0.1,152.0,2.0
2025-04-08 15:28:37,151.0,43.0,153.1,50.0,145.6,30.0,172.56,64.0,152.05,2.0999999999999943,73.0,114.0,1.615323496982378,187,-41.0,85.0,-0.22,151.5,2.0
2025-04-08 15:28:38,152.0,33.0,153.0,65.0,105.6,47.0,155.0,55.0,152.5,1.0,80.0,120.0,1.5303496332223858,200,-40.0,13.0,-0.2,151.5,
2025-04-08 15:28:39,152.0,27.0,153.0,61.0,65.67,42.0,155.0,45.0,152.5,1.0,69.0,106.0,0.9149699448093088,175,-37.0,-25.0,-0.21,153.0,5.0
2025-04-08 15:28:40,152.0,27.0,153.86,42.0,125.67,45.0,162.27,44.0,152.93,1.8600000000000136,72.0,86.0,0.5429825042344025,158,-14.0,-17.0,-0.09,154.0,10.0
2025-04-08 15:28:41,149.03,37.0,194.06,34.0,125.37,54.0,408.85,52.0,171.54,45.03,91.0,86.0,8.522865128576589,177,5.0,19.0,0.03,154.0,3.0
2025-04-08 15:28:42,145.11,36.0,360.1,40.0,133.84,45.0,762.8,40.0,252.61,214.99,81.0,80.0,43.37292738563906,161,1.0,-16.0,0.01,159.0,1.0
2025-04-08 15:28:43,150.95,42.0,367.7,40.0,101.36,25.0,753.2,40.0,259.33,216.75,67.0,80.0,53.72399342937875,147,-13.0,-14.0,-0.09,155.0,2.0
2025-04-08 15:28:45,121.94,63.0,415.74,38.0,106.49,39.0,734.58,48.0,268.84,293.8,102.0,86.0,97.1292173859132,188,16.0,106.0,0.09,155.0,3.0
2025-04-08 15:28:46,152.53,53.0,357.64,44.0,106.74,39.0,635.12,32.0,255.08,205.11,92.0,76.0,79.92213804697663,168,16.0,-20.0,0.1,164.0,4.0
2025-04-08 15:28:47,164.17,59.0,397.33,24.0,132.82,51.0,542.6,30.0,280.75,233.16,110.0,54.0,77.16942898583605,164,56.0,-4.0,0.34,164.0,
2025-04-08 15:28:48,165.0,37.0,444.1,20.0,164.0,63.0,508.24,34.0,304.55,279.1,100.0,54.0,73.75219772996596,154,46.0,-10.0,0.3,165.0,2.0
2025-04-08 15:28:49,165.0,12.0,268.0,8.0,164.0,28.0,504.0,16.0,216.5,103.0,40.0,24.0,32.70154170677551,64,16.0,-90.0,0.25,165.0,
2025-04-08 15:28:50,165.0,15.0,193.0,20.0,164.0,35.0,292.8,10.0,179.0,28.0,50.0,30.0,50.17580721821993,80,20.0,16.0,0.25,165.0,
2025-04-08 15:28:51,164.51,41.0,192.45,44.0,163.72,57.0,207.41,34.0,178.48,27.94,98.0,78.0,58.20996847619801,176,20.0,96.0,0.11,164.6,5.0
2025-04-08 15:28:52,162.83,24.0,191.44,36.0,155.72,39.0,234.5,24.0,177.14,28.609999999999985,63.0,60.0,54.79464554132966,123,3.0,-53.0,0.02,164.0,5.0
2025-04-08 15:28:53,162.0,16.0,190.0,32.0,155.0,40.0,336.0,16.0,176.0,28.0,56.0,48.0,17.411498499553318,104,8.0,-19.0,0.08,164.0,
2025-04-08 15:28:54,155.64,22.0,189.8,20.0,148.41,27.0,486.0,10.0,172.72,34.160000000000025,49.0,30.0,2.498863741772236,79,19.0,-25.0,0.24,162.0,2.0
2025-04-08 15:28:55,156.0,56.0,189.0,32.0,155.0,40.0,458.0,16.0,172.5,33.0,96.0,48.0,2.6674557165852706,144,48.0,65.0,0.33,162.0,
2025-04-08 15:28:56,156.0,70.0,187.92,37.0,155.0,50.0,359.19,21.0,171.96,31.919999999999987,120.0,58.0,2.339290490713573,178,62.0,34.0,0.35,162.0,
2025-04-08 15:28:57,157.55,29.0,188.0,28.0,155.78,45.0,338.12,16.0,172.78,30.44999999999999,74.0,44.0,1.602660288377626,118,30.0,-60.0,0.25,162.0,
2025-04-08 15:28:58,159.75,24.0,188.0,44.0,157.98,41.0,216.0,44.0,173.88,28.25,65.0,88.0,0.7006568346505405,153,-23.0,35.0,-0.15,162.0,
2025-04-08 15:28:59,160.0,15.0,187.89,36.0,159.0,27.0,216.0,36.0,173.94,27.889999999999983,42.0,72.0,0.8713896946502169,114,-30.0,-39.0,-0.26,160.0,1.0
2025-04-08 15:29:00,157.87,69.0,185.2,50.0,156.39,87.0,199.59,68.0,171.53,27.329999999999984,156.0,118.0,1.0935355503789168,274,38.0,160.0,0.14,159.0,5.0
2025-04-08 15:29:01,159.0,75.0,183.93,30.0,157.4,94.0,185.0,60.0,171.47,24.930000000000007,169.0,90.0,1.2058399561892452,259,79.0,-15.0,0.31,159.0,
2025-04-08 15:29:02,160.67,43.0,181.79,28.0,158.6,75.0,185.0,56.0,171.23,21.120000000000005,118.0,84.0,1.3740633172974066,202,34.0,-57.0,0.17,159.0,
2025-04-08 15:29:03,163.0,18.0,180.67,18.0,159.0,45.0,184.2,30.0,171.83,17.669999999999987,63.0,48.0,1.105350623079474,111,15.0,-91.0,0.14,159.0,
2025-04-08 15:29:04,159.55,58.0,175.5,36.0,158.25,80.0,176.5,36.0,167.53,15.949999999999989,138.0,72.0,1.794915039755817,210,66.0,99.0,0.31,163.0,2.0
2025-04-08 15:29:05,159.0,57.0,171.31,26.0,158.0,78.0,172.22,36.0,165.15,12.310000000000002,135.0,62.0,2.9618102572482594,197,73.0,-13.0,0.37,159.0,1.0
2025-04-08 15:29:06,159.0,17.0,164.8,15.0,158.0,66.0,165.61,23.0,161.9,5.800000000000011,83.0,38.0,4.169570721302148,121,45.0,-76.0,0.37,159.0,3.0
2025-04-08 15:29:07,156.42,69.0,161.17,29.0,155.88,101.0,161.85,40.0,158.8,4.75,170.0,69.0,5.027759938574936,239,101.0,118.0,0.42,159.17,12.0
2025-04-08 15:29:08,156.0,63.0,158.56,9.0,155.0,59.0,160.0,9.0,157.28,2.5600000000000023,122.0,18.0,4.270382886807435,140,104.0,-99.0,0.74,159.17,
2025-04-08 15:29:09,155.93,102.0,157.13,38.0,154.79,106.0,158.62,16.0,156.53,1.1999999999999886,208.0,54.0,3.570317913006756,262,154.0,122.0,0.59,156.0,7.0
2025-04-08 15:29:10,155.0,49.0,164.29,7.0,143.0,7.0,177.4,10.0,159.64,9.289999999999992,56.0,17.0,2.107984819664615,73,39.0,-168.0,0.53,157.5,2.0
2025-04-08 15:29:11,155.0,56.0,202.5,8.0,146.25,8.0,412.67,21.0,178.75,47.5,64.0,29.0,9.332355008246193,93,35.0,20.0,0.38,157.5,
2025-04-08 15:29:12,155.0,53.0,201.0,11.0,147.45,11.0,202.0,11.0,178.0,46.0,64.0,22.0,11.321698194172958,86,42.0,-7.0,0.49,155.0,3.0
2025-04-08 15:29:13,162.18,39.0,200.5,8.0,139.74,38.0,202.0,8.0,181.34,38.31999999999999,77.0,16.0,11.771778540218168,93,61.0,7.0,0.66,155.0,
2025-04-08 15:29:14,163.13,45.0,199.82,11.0,156.74,46.0,201.64,11.0,181.48,36.69,91.0,22.0,9.187400067480606,113,69.0,20.0,0.61,163.6,5.0
2025-04-08 15:29:15,163.0,33.0,197.18,11.0,155.0,44.0,200.0,11.0,180.09,34.18000000000001,77.0,22.0,1.543816698945777,99,55.0,-14.0,0.56,163.6,
2025-04-08 15:29:16,163.6,30.0,185.38,13.0,159.41,49.0,190.77,13.0,174.49,21.78,79.0,26.0,2.9207105299812826,105,53.0,6.0,0.5,163.6,
2025-04-08 15:29:17,164.0,17.0,168.14,14.0,163.0,42.0,186.14,14.0,166.07,4.139999999999986,59.0,28.0,6.590730611999163,87,31.0,-18.0,0.36,164.0,1.0
2025-04-08 15:29:18,164.0,6.0,166.5,6.0,163.0,18.0,167.67,6.0,165.25,2.5,24.0,12.0,7.605148256276265,36,12.0,-51.0,0.33,164.0,
2025-04-08 15:29:19,163.04,28.0,164.3,10.0,159.12,104.0,322.37,19.0,163.67,1.260000000000019,132.0,29.0,7.0712007466865865,161,103.0,125.0,0.64,164.0,1.0
2025-04-08 15:29:20,163.0,19.0,457.27,15.0,159.0,112.0,531.71,21.0,310.13,294.27,131.0,36.0,63.982229720446206,167,95.0,6.0,0.57,163.0,1.0
2025-04-08 15:29:21,163.0,30.0,297.97,59.0,159.0,210.0,440.97,33.0,230.48,134.97000000000003,240.0,92.0,64.19277918893958,332,148.0,165.0,0.45,163.0,
2025-04-08 15:29:22,163.0,28.0,370.53,38.0,159.0,196.0,394.35,34.0,266.76,207.53,224.0,72.0,63.88854255654891,296,152.0,-36.0,0.51,163.0,
2025-04-08 15:29:23,163.0,16.0,193.14,14.0,159.0,112.0,229.67,12.0,178.07,30.139999999999983,128.0,26.0,60.96839402510093,154,102.0,-142.0,0.66,163.0,
2025-04-08 15:29:24,163.0,24.0,190.17,48.0,159.0,168.0,193.0,12.0,176.58,27.169999999999987,192.0,60.0,57.64952324174037,252,132.0,98.0,0.52,163.0,
2025-04-08 15:29:25,160.03,59.0,190.0,40.0,158.87,105.0,193.0,10.0,175.02,29.97,164.0,50.0,41.51662341761372,214,114.0,-38.0,0.53,160.6,5.0
2025-04-08 15:29:26,160.0,90.0,188.08,13.0,159.0,14.0,189.18,22.0,174.04,28.080000000000013,104.0,35.0,40.650451166007336,139,69.0,-75.0,0.5,160.0,2.0
2025-04-08 15:29:27,160.0,112.0,185.3,30.0,159.0,20.0,186.81,31.0,172.65,25.30000000000001,132.0,61.0,2.12107755632351,193,71.0,54.0,0.37,160.0,1.0
2025-04-08 15:29:28,161.56,72.0,184.3,33.0,159.92,96.0,185.14,37.0,172.93,22.74000000000001,168.0,70.0,1.6099782607038011,238,98.0,45.0,0.41,164.0,2.0
2025-04-08 15:29:29,164.0,42.0,179.4,40.0,160.0,154.0,181.6,40.0,171.7,15.400000000000006,196.0,80.0,1.286495238987823,276,116.0,38.0,0.42,164.0,
2025-04-08 15:29:30,164.0,39.0,176.04,50.0,160.0,143.0,176.8,20.0,170.02,12.039999999999992,182.0,70.0,1.5083335174747732,252,112.0,-24.0,0.44,164.0,
2025-04-08 15:29:31,164.0,21.0,172.0,15.0,160.0,77.0,173.0,13.0,168.0,8.0,98.0,28.0,2.054251688556503,126,70.0,-126.0,0.56,164.0,
2025-04-08 15:29:32,163.29,62.0,168.15,72.0,159.99,211.0,169.76,67.0,165.72,4.860000000000014,273.0,139.0,2.8836747389288737,412,134.0,168.0,0.33,164.0,3.0
2025-04-08 15:29:33,160.0,189.0,162.66,56.0,159.0,38.0,170.69,64.0,161.33,2.6599999999999966,227.0,120.0,4.042620437282629,347,107.0,-65.0,0.31,160.38,13.0
2025-04-08 15:29:34,159.64,11.0,221.5,32.0,158.5,28.0,646.67,12.0,190.57,61.860000000000014,39.0,44.0,11.338547966999002,83,-5.0,-168.0,-0.06,160.0,1.0
2025-04-08 15:29:35,158.76,21.0,315.65,40.0,157.84,61.0,545.96,23.0,237.21,156.89,82.0,63.0,31.531549755759613,145,19.0,62.0,0.13,158.5,4.0
2025-04-08 15:29:36,158.19,31.0,323.72,43.0,157.09,55.0,406.94,35.0,240.96,165.53000000000003,86.0,78.0,38.138474930179775,164,8.0,19.0,0.05,158.5,
2025-04-08 15:29:37,160.45,11.0,231.55,44.0,158.0,55.0,318.68,31.0,196.0,71.10000000000002,66.0,75.0,33.640267983474125,141,-9.0,-23.0,-0.06,158.5,
2025-04-08 15:29:38,162.0,11.0,230.13,46.0,158.0,44.0,361.57,53.0,196.07,68.13,55.0,99.0,24.713884154457755,154,-44.0,13.0,-0.29,158.5,
2025-04-08 15:29:39,163.18,11.0,225.27,44.0,158.0,66.0,242.09,55.0,194.23,62.09,77.0,99.0,23.95708308621812,176,-22.0,22.0,-0.12,158.5,
2025-04-08 15:29:40,164.2,10.0,224.0,40.0,160.55,66.0,393.0,50.0,194.1,59.80000000000001,76.0,90.0,20.53058377153349,166,-14.0,-10.0,-0.08,158.5,
2025-04-08 15:29:41,165.0,6.0,222.5,24.0,162.0,42.0,393.0,30.0,193.75,57.5,48.0,54.0,1.1142037515417982,102,-6.0,-64.0,-0.06,158.5,
2025-04-08 15:29:42,165.0,10.0,220.7,40.0,162.0,70.0,494.48,44.0,192.85,55.69999999999999,80.0,84.0,1.1760952342176758,164,-4.0,62.0,-0.02,158.5,
2025-04-08 15:29:43,165.0,13.0,219.08,52.0,162.0,91.0,444.59,29.0,192.04,54.08000000000001,104.0,81.0,0.9291555305486786,185,23.0,21.0,0.12,158.5,
2025-04-08 15:29:44,162.12,51.0,218.0,36.0,160.8,35.0,241.0,45.0,190.06,55.88,86.0,81.0,1.6118467668946883,167,5.0,-18.0,0.03,158.5,
2025-04-08 15:29:45,162.9,111.0,218.0,76.0,161.81,124.0,261.34,59.0,190.45,55.1,235.0,135.0,1.56590229578622,370,100.0,168.0,0.27,164.0,5.0
2025-04-08 15:29:46,163.0,72.0,215.33,48.0,162.0,84.0,436.41,34.0,189.17,52.33000000000001,156.0,82.0,1.500176656246904,238,74.0,-132.0,0.31,164.0,
2025-04-08 15:29:47,163.71,17.0,212.36,44.0,162.15,41.0,439.0,33.0,188.03,48.650000000000006,58.0,77.0,1.4937369246114636,135,-19.0,-103.0,-0.14,163.0,5.0
2025-04-08 15:29:48,164.0,10.0,209.2,20.0,163.0,5.0,439.0,15.0,186.6,45.19999999999999,15.0,35.0,1.5700859848897604,50,-20.0,-85.0,-0.4,163.0,
2025-04-08 15:29:49,164.0,14.0,184.05,38.0,163.0,13.0,238.81,42.0,174.03,20.05000000000001,27.0,80.0,6.652471721093277,107,-53.0,57.0,-0.5,164.0,1.0
2025-04-08 15:29:50,164.0,5.0,172.0,20.0,163.0,5.0,215.8,10.0,168.0,8.0,10.0,30.0,9.552132222699996,40,-20.0,-67.0,-0.5,162.75,4.0
2025-04-08 15:29:51,162.0,55.0,170.82,44.0,160.0,44.0,200.0,22.0,166.41,8.819999999999993,99.0,66.0,10.186325637831397,165,33.0,125.0,0.2,162.75,
2025-04-08 15:29:52,162.0,65.0,170.0,52.0,160.0,52.0,277.61,46.0,166.0,8.0,117.0,98.0,8.66476600953186,215,19.0,50.0,0.09,162.75,
2025-04-08 15:29:53,162.0,26.0,170.0,24.0,160.0,21.0,436.0,30.0,166.0,8.0,47.0,54.0,3.422363218586892,101,-7.0,-114.0,-0.07,162.0,2.0
2025-04-08 15:29:54,162.0,14.0,169.75,48.0,160.0,20.0,435.05,59.0,165.88,7.75,34.0,107.0,0.8851101625987465,141,-73.0,40.0,-0.52,162.0,2.0
2025-04-08 15:29:55,162.0,8.0,168.22,36.0,160.0,16.0,250.26,31.0,165.11,6.219999999999999,24.0,67.0,0.4750263149924414,91,-43.0,-50.0,-0.47,162.0,
2025-04-08 15:29:56,162.0,14.0,166.16,57.0,160.0,28.0,167.34,62.0,164.08,4.159999999999997,42.0,119.0,0.8330546200190474,161,-77.0,70.0,-0.48,162.0,
2025-04-08 15:29:57,160.18,22.0,162.89,56.0,159.06,64.0,164.74,46.0,161.54,2.7099999999999795,86.0,102.0,1.834535363500701,188,-16.0,27.0,-0.09,162.0,1.0
2025-04-08 15:29:58,158.98,50.0,160.55,33.0,158.11,72.0,163.0,89.0,159.76,1.5700000000000216,122.0,122.0,2.5576708153970946,244,0.0,56.0,0.0,159.25,8.0
2025-04-08 15:29:59,156.39,56.0,168.23,35.0,155.21,71.0,220.32,38.0,162.31,11.840000000000003,127.0,73.0,2.1068815818487967,200,54.0,-44.0,0.27,158.0,7.0
2025-04-08 15:30:00,156.76,37.0,160.0,14.0,155.85,136.0,294.6,40.0,158.38,3.240000000000009,173.0,54.0,2.2173813384109224,227,119.0,27.0,0.52,158.0,
2025-04-08 15:30:01,158.0,12.0,159.56,9.0,156.0,46.0,482.1,21.0,158.78,1.5600000000000025,58.0,30.0,1.7146078268608418,88,28.0,-139.0,0.32,158.0,
2025-04-08 15:30:02,156.03,144.0,158.35,23.0,155.27,22.0,207.61,18.0,157.19,2.319999999999993,166.0,41.0,1.9260918981014443,207,125.0,119.0,0.6,157.86,7.0
2025-04-08 15:30:03,156.0,119.0,460.14,44.0,155.0,13.0,528.12,32.0,308.07,304.14,132.0,76.0,66.6196579847116,208,56.0,1.0,0.27,157.0,4.0
2025-04-08 15:30:04,156.0,72.0,272.35,34.0,155.0,9.0,294.64,25.0,214.18,116.35000000000002,81.0,59.0,65.46352839558797,140,22.0,-68.0,0.16,157.0,
2025-04-08 15:30:05,156.05,57.0,269.5,32.0,155.53,15.0,274.0,24.0,212.78,113.45,72.0,56.0,61.34963365823759,128,16.0,-12.0,0.12,157.0,
2025-04-08 15:30:06,156.27,33.0,269.0,32.0,155.83,29.0,274.0,24.0,212.64,112.73,62.0,56.0,54.39868445100455,118,6.0,-10.0,0.05,157.0,3.0
2025-04-08 15:30:07,156.0,28.0,238.14,28.0,155.0,7.0,272.26,23.0,197.07,82.13999999999999,35.0,51.0,44.78266037206776,86,-16.0,-32.0,-0.19,156.0,2.0
2025-04-08 15:30:08,159.57,37.0,161.0,48.0,155.98,45.0,255.4,40.0,160.28,1.4300000000000068,82.0,88.0,22.95960147737657,170,-6.0,84.0,-0.04,156.0,
2025-04-08 15:30:09,158.53,30.0,161.0,44.0,153.26,39.0,269.0,44.0,159.77,2.469999999999999,69.0,88.0,26.774446212759408,157,-19.0,-13.0,-0.12,160.0,3.0
2025-04-08 15:30:10,156.0,27.0,160.56,36.0,122.78,9.0,221.0,36.0,158.28,4.560000000000002,36.0,72.0,25.485465858012883,108,-36.0,-49.0,-0.33,160.0,
2025-04-08 15:30:11,155.54,13.0,159.62,26.0,146.08,13.0,161.45,44.0,157.58,4.0800000000000125,26.0,70.0,17.070405091852237,96,-44.0,-12.0,-0.46,159.0,3.0
2025-04-08 15:30:12,156.0,20.0,159.0,8.0,155.0,17.0,162.0,32.0,157.5,3.0,37.0,40.0,1.2757821130314904,77,-3.0,-19.0,-0.04,159.0,
2025-04-08 15:30:13,156.0,60.0,158.08,12.0,155.0,24.0,161.17,48.0,157.04,2.0800000000000125,84.0,60.0,1.066948920956764,144,24.0,67.0,0.17,159.0,
2025-04-08 15:30:14,155.53,30.0,157.64,11.0,147.07,15.0,161.0,44.0,156.58,2.109999999999985,45.0,55.0,0.6361446375868421,100,-10.0,-44.0,-0.1,156.0,5.0
2025-04-08 15:30:15,155.0,18.0,156.22,9.0,138.0,9.0,159.13,15.0,155.61,1.2199999999999989,27.0,24.0,0.80642420594266,51,3.0,-49.0,0.06,156.0,
2025-04-08 15:30:16,138.0,9.0,158.73,15.0,97.0,9.0,272.73,11.0,148.37,20.72999999999999,18.0,26.0,3.782690841177665,44,-8.0,-7.0,-0.18,155.0,4.0
2025-04-08 15:30:17,138.88,8.0,162.0,32.0,136.75,8.0,189.0,9.0,150.44,23.120000000000005,16.0,41.0,3.939932740533612,57,-25.0,13.0,-0.44,155.0,
2025-04-08 15:30:18,149.6,10.0,158.0,40.0,138.6,10.0,274.6,10.0,153.8,8.400000000000006,20.0,50.0,3.473146987953204,70,-30.0,13.0,-0.43,155.0,
2025-04-08 15:30:19,140.11,9.0,158.0,36.0,122.0,9.0,397.86,14.0,149.06,17.889999999999986,18.0,50.0,3.1243607346027824,68,-32.0,-2.0,-0.47,155.0,
2025-04-08 15:30:20,146.73,11.0,255.45,22.0,139.0,11.0,461.07,15.0,201.09,108.72,22.0,37.0,22.757628830788423,59,-15.0,-9.0,-0.25,158.0,4.0
2025-04-08 15:30:21,160.24,25.0,206.46,35.0,158.36,25.0,357.86,14.0,183.35,46.22,50.0,49.0,23.442836219193616,99,1.0,40.0,0.01,161.67,3.0
2025-04-08 15:30:22,158.0,161.0,204.5,48.0,155.17,12.0,399.94,18.0,181.25,46.5,173.0,66.0,21.814422981136563,239,107.0,140.0,0.45,158.0,5.0
2025-04-08 15:30:23,158.0,161.0,200.14,42.0,155.4,15.0,203.33,27.0,179.07,42.13999999999999,176.0,69.0,18.76221681998003,245,107.0,6.0,0.44,158.0,
2025-04-08 15:30:24,158.0,22.0,197.5,16.0,156.0,12.0,198.8,20.0,177.75,39.5,34.0,36.0,9.515257221953814,70,-2.0,-168.0,-0.03,158.0,4.0
2025-04-08 15:30:25,159.92,79.0,196.0,44.0,157.89,35.0,198.0,22.0,177.96,36.08000000000001,114.0,66.0,2.387316485081517,180,48.0,110.0,0.27,160.0,1.0
2025-04-08 15:30:26,160.0,84.0,180.23,35.0,158.0,72.0,190.67,39.0,170.11,20.22999999999999,156.0,74.0,4.214370652890022,230,82.0,50.0,0.36,160.0,
2025-04-08 15:30:27,160.18,66.0,169.58,48.0,158.6,94.0,170.77,52.0,164.88,9.400000000000006,160.0,100.0,6.199695960282178,260,60.0,30.0,0.23,160.75,4.0
2025-04-08 15:30:28,160.0,56.0,164.48,46.0,158.0,84.0,165.26,46.0,162.24,4.47999999999999,140.0,92.0,7.213519945209653,232,48.0,-28.0,0.21,160.75,
2025-04-08 15:30:29,158.0,26.0,161.4,20.0,156.0,12.0,161.89,18.0,159.7,3.4000000000000057,38.0,38.0,7.24971171840202,76,0.0,-156.0,0.0,159.33,6.0
2025-04-08 15:30:30,158.0,22.0,159.44,18.0,156.0,14.0,160.73,22.0,158.72,1.4399999999999975,36.0,40.0,4.576789267590706,76,-4.0,0.0,-0.05,158.5,4.0
2025-04-08 15:30:39,128.11,45.0,155.0,45.0,127.0,36.0,351.93,27.0,141.56,26.889999999999983,81.0,72.0,13.47856372169952,153,9.0,-6.0,0.06,152.0,2.0
2025-04-08 15:30:40,132.59,17.0,155.0,30.0,129.86,22.0,477.81,26.0,143.79,22.41,39.0,56.0,10.561827493380012,95,-17.0,-58.0,-0.18,152.0,
2025-04-08 15:30:41,145.71,17.0,153.92,65.0,144.98,61.0,221.62,53.0,149.81,8.20999999999998,78.0,118.0,7.886028785131418,196,-40.0,101.0,-0.2,152.0,
2025-04-08 15:30:42,148.04,24.0,152.5,60.0,145.18,44.0,360.84,55.0,150.27,4.460000000000008,68.0,115.0,5.773107482103881,183,-47.0,-13.0,-0.26,152.0,
2025-04-08 15:30:43,153.84,31.0,309.13,69.0,155.69,45.0,513.33,66.0,231.48,155.29,76.0,135.0,38.25410919103899,211,-59.0,28.0,-0.28,155.22,9.0
2025-04-08 15:30:45,161.0,54.0,312.33,18.0,158.0,36.0,508.92,39.0,236.67,151.32999999999998,90.0,57.0,68.56426277588028,147,33.0,-14.0,0.22,155.22,
2025-04-08 15:30:46,161.0,38.0,395.0,20.0,158.0,28.0,565.4,25.0,278.0,234.0,66.0,45.0,61.05393738326774,111,21.0,-36.0,0.19,161.0,2.0
2025-04-08 15:30:48,162.0,42.0,458.71,51.0,161.0,44.0,685.77,13.0,310.35,296.71,86.0,64.0,43.512413975784085,150,22.0,8.0,0.15,162.0,1.0
2025-04-08 15:30:51,160.0,9.0,286.33,6.0,157.5,6.0,765.0,30.0,223.17,126.32999999999998,15.0,36.0,88.67862606062431,51,-21.0,9.0,-0.41,161.0,2.0
2025-04-08 15:30:52,158.0,7.0,300.91,11.0,157.0,13.0,761.94,31.0,229.45,142.91000000000005,20.0,42.0,103.74695716019832,62,-22.0,11.0,-0.35,161.0,
2025-04-08 15:30:53,155.82,22.0,265.62,42.0,156.25,16.0,624.72,18.0,210.72,109.8,38.0,60.0,116.26993923624462,98,-22.0,36.0,-0.22,157.33,3.0
2025-04-08 15:30:54,161.0,16.0,398.0,5.0,154.94,17.0,472.0,6.0,279.5,237.0,33.0,11.0,91.95159743038728,44,22.0,-54.0,0.5,157.33,
2025-04-08 15:30:55,163.0,14.0,397.4,5.0,155.0,20.0,440.29,7.0,280.2,234.4,34.0,12.0,32.870927428352125,46,22.0,2.0,0.48,163.0,1.0
2025-04-08 15:30:56,163.0,26.0,394.91,22.0,155.0,90.0,470.94,16.0,278.95,231.91000000000005,116.0,38.0,33.239640942705684,154,78.0,108.0,0.51,163.0,
2025-04-08 15:30:57,163.0,16.0,360.7,20.0,155.0,40.0,394.2,20.0,261.85,197.7,56.0,40.0,29.808370133236043,96,16.0,-58.0,0.17,163.0,
2025-04-08 15:30:58,163.0,8.0,283.56,9.0,155.0,30.0,388.76,21.0,223.28,120.56,38.0,30.0,24.423737019547183,68,8.0,-28.0,0.12,163.0,1.0
2025-04-08 15:30:59,163.0,8.0,282.5,32.0,155.0,40.0,321.74,23.0,222.75,119.5,48.0,55.0,28.675258150537992,103,-7.0,35.0,-0.07,163.0,
2025-04-08 15:31:00,163.0,10.0,278.44,25.0,155.0,50.0,280.41,34.0,220.72,115.44,60.0,59.0,27.07380560615725,119,1.0,16.0,0.01,163.0,
2025-04-08 15:31:01,163.0,10.0,274.21,19.0,155.82,44.0,275.19,37.0,218.61,111.20999999999998,54.0,56.0,18.210141954416187,110,-2.0,-9.0,-0.02,163.0,
2025-04-08 15:31:02,163.0,13.0,271.1,40.0,159.0,39.0,271.21,43.0,217.05,108.10000000000002,52.0,83.0,2.660464245199638,135,-31.0,25.0,-0.23,163.0,
2025-04-08 15:31:03,156.45,22.0,267.36,22.0,155.43,21.0,268.68,25.0,211.91,110.91000000000004,43.0,47.0,4.126356746572578,90,-4.0,-45.0,-0.04,161.0,2.0
2025-04-08 15:31:04,156.96,49.0,264.9,21.0,154.8,25.0,266.93,27.0,210.93,107.93999999999996,74.0,48.0,4.257473429157757,122,26.0,32.0,0.21,161.0,
2025-04-08 15:31:05,159.0,54.0,263.11,36.0,155.0,45.0,263.44,18.0,211.06,104.11,99.0,54.0,3.6384227351949856,153,45.0,31.0,0.29,161.0,
2025-04-08 15:31:06,161.73,66.0,259.73,44.0,157.69,45.0,262.0,44.0,210.73,98.00000000000004,111.0,88.0,2.673364920841021,199,23.0,46.0,0.12,159.75,4.0
2025-04-08 15:31:07,162.0,60.0,256.32,37.0,159.0,30.0,257.53,34.0,209.16,94.32,90.0,71.0,1.000284959390505,161,19.0,-38.0,0.12,159.75,
2025-04-08 15:31:08,162.0,42.0,252.57,28.0,159.0,21.0,255.0,28.0,207.29,90.57,63.0,56.0,1.615032507407396,119,7.0,-42.0,0.06,159.75,
2025-04-08 15:31:09,162.0,90.0,238.6,42.0,159.0,45.0,236.03,36.0,200.3,76.6,135.0,78.0,4.402552668621009,213,57.0,94.0,0.27,159.75,
2025-04-08 15:31:10,162.0,47.0,172.9,21.0,159.0,27.0,174.46,26.0,167.45,10.900000000000006,74.0,47.0,18.073697186795503,121,27.0,-92.0,0.22,162.0,1.0
2025-04-08 15:31:11,162.0,45.0,170.71,17.0,159.0,27.0,172.03,31.0,166.35,8.710000000000008,72.0,48.0,21.447052245005068,120,24.0,-1.0,0.2,162.0,
2025-04-08 15:31:12,163.61,84.0,168.03,32.0,161.58,65.0,169.6,48.0,165.82,4.419999999999988,149.0,80.0,20.56291978294849,229,69.0,109.0,0.3,162.0,1.0
2025-04-08 15:31:13,162.32,38.0,164.05,22.0,159.5,48.0,166.86,22.0,163.18,1.7300000000000182,86.0,44.0,15.55295631061736,130,42.0,-99.0,0.32,164.0,5.0
2025-04-08 15:31:14,161.25,12.0,164.0,18.0,159.03,78.0,264.38,13.0,162.62,2.75,90.0,31.0,2.087996647499746,121,59.0,-9.0,0.49,162.0,4.0
2025-04-08 15:31:15,161.0,7.0,165.0,7.0,159.0,49.0,347.2,15.0,163.0,4.0,56.0,22.0,1.7481075481702937,78,34.0,-43.0,0.44,162.0,
2025-04-08 15:31:16,161.0,11.0,247.39,18.0,159.0,77.0,262.62,34.0,204.19,86.38999999999999,88.0,52.0,18.171970724166695,140,36.0,62.0,0.26,162.0,
2025-04-08 15:31:17,161.0,13.0,276.5,32.0,159.0,91.0,277.36,33.0,218.75,115.5,104.0,65.0,27.079188872637488,169,39.0,29.0,0.23,162.0,
2025-04-08 15:31:18,161.0,10.0,215.91,22.0,159.0,70.0,230.87,30.0,188.45,54.91,80.0,52.0,24.875879280941515,132,28.0,-37.0,0.21,162.0,
2025-04-08 15:31:19,159.07,14.0,207.78,27.0,158.02,47.0,329.52,33.0,183.42,48.71000000000001,61.0,60.0,21.156667270625977,121,1.0,-11.0,0.01,159.0,10.0
2025-04-08 15:31:20,157.2,20.0,207.44,18.0,155.8,40.0,256.42,38.0,182.32,50.24000000000001,60.0,56.0,15.695481196827876,116,4.0,-5.0,0.03,157.33,3.0
2025-04-08 15:31:21,154.64,56.0,204.95,42.0,150.15,33.0,206.43,21.0,179.8,50.31,89.0,63.0,16.07624240921914,152,26.0,36.0,0.17,155.8,5.0
2025-04-08 15:31:22,160.36,55.0,202.8,30.0,153.27,59.0,203.73,45.0,181.58,42.44,114.0,75.0,3.2608557159086358,189,39.0,37.0,0.21,164.0,1.0
2025-04-08 15:31:23,156.31,39.0,196.9,51.0,143.2,25.0,198.03,37.0,176.6,40.59,64.0,88.0,2.664935271253957,152,-24.0,-37.0,-0.16,160.0,5.0
2025-04-08 15:31:24,154.74,47.0,194.63,27.0,144.53,19.0,196.38,16.0,174.69,39.88999999999999,66.0,43.0,3.2655351781864157,109,23.0,-43.0,0.21,160.0,
2025-04-08 15:31:25,156.63,70.0,192.39,36.0,154.17,36.0,193.14,21.0,174.51,35.75999999999999,106.0,57.0,3.1449213026676235,163,49.0,54.0,0.3,155.0,1.0
2025-04-08 15:31:26,157.0,70.0,189.71,28.0,154.0,30.0,190.85,39.0,173.36,32.71000000000001,100.0,67.0,3.251641124105214,167,33.0,4.0,0.2,155.0,
2025-04-08 15:31:27,157.0,35.0,186.77,22.0,154.0,24.0,188.0,15.0,171.89,29.77000000000001,59.0,37.0,1.741938575257925,96,22.0,-71.0,0.23,157.0,3.0
2025-04-08 15:31:28,157.0,40.0,181.89,18.0,154.0,30.0,183.27,22.0,169.44,24.889999999999983,70.0,40.0,2.1751482708015946,110,30.0,14.0,0.27,157.0,
2025-04-08 15:31:29,160.64,44.0,176.92,26.0,156.34,41.0,178.6,30.0,168.78,16.28,85.0,56.0,2.4631138828667227,141,29.0,31.0,0.21,157.0,
2025-04-08 15:31:30,162.0,32.0,172.14,29.0,157.0,32.0,173.42,24.0,167.07,10.139999999999986,64.0,53.0,2.5094959653225803,117,11.0,-24.0,0.09,157.0,
2025-04-08 15:31:31,159.12,80.0,168.5,44.0,156.72,64.0,170.61,23.0,163.81,9.379999999999995,144.0,67.0,3.001627891656393,211,77.0,94.0,0.36,159.0,3.0
2025-04-08 15:31:32,160.23,39.0,164.61,23.0,157.62,39.0,167.55,31.0,162.42,4.380000000000024,78.0,54.0,3.0764151215284685,132,24.0,-79.0,0.18,163.0,3.0
2025-04-08 15:31:33,162.0,30.0,163.84,19.0,157.0,30.0,166.16,31.0,162.92,1.8400000000000036,60.0,50.0,2.7826336445835924,110,10.0,-22.0,0.09,163.0,
2025-04-08 15:31:34,162.0,16.0,205.36,22.0,157.0,36.0,327.0,26.0,183.68,43.360000000000014,52.0,48.0,8.96136429345273,100,4.0,-10.0,0.04,162.0,1.0
2025-04-08 15:31:35,160.64,22.0,214.0,40.0,156.92,26.0,417.87,30.0,187.32,53.360000000000014,48.0,70.0,12.37355244058758,118,-22.0,18.0,-0.19,162.0,2.0
2025-04-08 15:31:36,157.0,39.0,212.81,42.0,155.03,103.0,419.67,36.0,184.9,55.81,142.0,78.0,12.465252504461048,220,64.0,102.0,0.29,162.0,
2025-04-08 15:31:37,155.55,55.0,203.33,18.0,154.81,62.0,212.4,30.0,179.44,47.78,117.0,48.0,9.779689156612989,165,69.0,-55.0,0.42,162.0,
2025-04-08 15:31:38,155.0,100.0,188.62,32.0,154.0,30.0,196.0,24.0,171.81,33.620000000000005,130.0,56.0,6.088924371346237,186,74.0,21.0,0.4,162.0,
2025-04-08 15:31:39,155.31,78.0,185.33,54.0,154.71,56.0,186.5,48.0,170.32,30.02000000000001,134.0,102.0,7.598876232705266,236,32.0,50.0,0.14,162.0,
2025-04-08 15:31:40,158.95,86.0,181.61,72.0,157.3,46.0,183.67,72.0,170.28,22.660000000000025,132.0,144.0,6.547289515514911,276,-12.0,40.0,-0.04,159.0,6.0
2025-04-08 15:31:41,158.63,38.0,178.93,60.0,156.99,137.0,180.6,60.0,168.78,20.30000000000001,175.0,120.0,4.226686645585408,295,55.0,19.0,0.19,157.25,4.0
2025-04-08 15:31:42,161.83,24.0,177.22,36.0,157.38,53.0,179.0,36.0,169.53,15.389999999999986,77.0,72.0,1.12500222220634,149,5.0,-146.0,0.03,157.25,
2025-04-08 15:31:43,163.0,54.0,176.96,46.0,161.0,24.0,178.83,48.0,169.98,13.960000000000008,78.0,94.0,0.6411084151444664,172,-16.0,23.0,-0.09,163.0,2.0
2025-04-08 15:31:44,161.44,43.0,173.81,32.0,157.56,50.0,175.75,32.0,167.63,12.370000000000005,93.0,64.0,1.062661752378822,157,29.0,-15.0,0.18,162.2,5.0
2025-04-08 15:31:45,161.52,50.0,169.16,19.0,158.5,24.0,170.97,32.0,165.34,7.639999999999986,74.0,51.0,1.855039083137716,125,23.0,-32.0,0.18,162.0,1.0
2025-04-08 15:31:46,157.27,30.0,164.67,18.0,155.12,50.0,165.97,38.0,160.97,7.399999999999977,80.0,56.0,3.6849084113404817,136,24.0,11.0,0.18,158.0,3.0
2025-04-08 15:31:47,155.15,54.0,157.24,37.0,154.89,90.0,195.5,24.0,156.2,2.0900000000000034,144.0,61.0,5.494336174640839,205,83.0,69.0,0.4,155.33,3.0
2025-04-08 15:31:48,155.27,60.0,296.55,33.0,154.53,30.0,642.52,23.0,225.91,141.28,90.0,56.0,28.67717297782281,146,34.0,-59.0,0.23,156.0,4.0
2025-04-08 15:31:50,155.0,30.0,187.0,8.0,154.0,12.0,245.2,15.0,171.0,32.0,42.0,23.0,94.49793040061768,65,19.0,-64.0,0.29,156.0,
2025-04-08 15:31:51,154.22,23.0,185.36,14.0,110.95,80.0,374.7,20.0,169.79,31.14000000000001,103.0,34.0,93.21988001494094,137,69.0,72.0,0.5,154.0,2.0
2025-04-08 15:31:59,139.69,48.0,154.0,32.0,137.0,62.0,356.1,42.0,146.84,14.310000000000002,110.0,74.0,12.067872637709012,184,36.0,111.0,0.2,154.0,
2025-04-08 15:32:00,145.73,33.0,190.47,19.0,140.83,29.0,333.0,27.0,168.1,44.74000000000001,62.0,46.0,19.06465446841269,108,16.0,-76.0,0.15,154.0,2.0
2025-04-08 15:32:01,161.12,25.0,243.0,12.0,160.14,14.0,444.04,24.0,202.06,81.88,39.0,36.0,29.89624775787042,75,3.0,-33.0,0.04,161.0,2.0
2025-04-08 15:32:02,158.06,16.0,218.0,12.0,152.7,23.0,358.74,54.0,188.03,59.94,39.0,66.0,25.72124744253232,105,-27.0,30.0,-0.26,159.4,5.0
2025-04-08 15:32:03,160.6,15.0,261.08,13.0,152.81,42.0,510.28,50.0,210.84,100.48,57.0,63.0,25.9473231760037,120,-6.0,15.0,-0.05,159.4,
2025-04-08 15:32:04,163.6,5.0,351.0,5.0,155.62,39.0,421.0,20.0,257.3,187.4,44.0,25.0,33.26889057362725,69,19.0,-51.0,0.28,159.4,
2025-04-08 15:32:05,164.0,15.0,296.97,39.0,163.0,15.0,350.44,41.0,230.49,132.97000000000003,30.0,80.0,26.943053464668537,110,-50.0,41.0,-0.45,159.4,
2025-04-08 15:32:06,164.0,12.0,290.93,15.0,163.0,12.0,364.42,45.0,227.47,126.93,24.0,60.0,25.6085245572639,84,-36.0,-26.0,-0.43,159.4,
2025-04-08 15:32:07,164.0,14.0,201.28,57.0,163.0,14.0,214.62,53.0,182.64,37.28,28.0,110.0,27.484216743432736,138,-82.0,54.0,-0.59,159.4,
2025-04-08 15:32:08,164.0,9.0,200.11,45.0,163.0,9.0,237.7,27.0,182.06,36.110000000000014,18.0,72.0,32.83300123351484,90,-54.0,-48.0,-0.6,159.4,
2025-04-08 15:32:09,155.0,216.0,199.59,58.0,154.0,24.0,247.9,21.0,177.29,44.59,240.0,79.0,26.566886343717137,319,161.0,168.0,0.5,163.5,2.0
2025-04-08 15:32:10,155.0,180.0,199.76,49.0,154.0,20.0,226.61,23.0,177.38,44.75999999999999,200.0,72.0,21.447759090403405,272,128.0,-47.0,0.47,163.5,
2025-04-08 15:32:11,155.0,108.0,199.5,30.0,154.0,12.0,234.0,12.0,177.25,44.5,120.0,42.0,2.770348353543219,162,78.0,-110.0,0.48,163.5,
2025-04-08 15:32:12,155.0,444.0,198.75,80.0,154.0,32.0,260.8,40.0,176.88,43.75,476.0,120.0,2.181804299193534,596,356.0,168.0,0.6,155.0,1.0
2025-04-08 15:32:13,155.05,294.0,196.35,85.0,154.91,216.0,291.42,62.0,175.7,41.29999999999998,510.0,147.0,0.6973879838218342,657,363.0,61.0,0.55,155.0,
2025-04-08 15:32:14,157.0,18.0,195.33,45.0,155.0,252.0,418.12,24.0,176.17,38.33000000000001,270.0,69.0,0.7202985491995869,339,201.0,-168.0,0.59,155.0,
2025-04-08 15:32:15,155.13,113.0,194.89,45.0,155.67,18.0,390.06,32.0,175.01,39.75999999999999,131.0,77.0,0.898871514722171,208,54.0,-131.0,0.26,156.75,4.0
2025-04-08 15:32:16,155.0,270.0,193.07,44.0,154.0,20.0,208.75,36.0,174.03,38.06999999999999,290.0,80.0,1.0928723621625636,370,210.0,162.0,0.57,156.75,
2025-04-08 15:32:17,155.81,144.0,189.2,54.0,154.99,251.0,191.03,58.0,172.51,33.389999999999986,395.0,112.0,1.4577997118872648,507,283.0,137.0,0.56,156.75,
2025-04-08 15:32:18,157.56,90.0,185.93,45.0,155.66,116.0,187.15,59.0,171.74,28.370000000000005,206.0,104.0,1.8027257140170867,310,102.0,-168.0,0.33,159.33,3.0
2025-04-08 15:32:19,158.0,120.0,181.49,43.0,156.0,96.0,185.43,54.0,169.74,23.49000000000001,216.0,97.0,2.0481772384191057,313,119.0,3.0,0.38,159.33,
2025-04-08 15:32:20,156.47,107.0,164.46,39.0,155.19,124.0,196.58,43.0,160.46,7.990000000000009,231.0,82.0,5.389474000306284,313,149.0,0.0,0.48,158.09,11.0
2025-04-08 15:32:21,161.41,92.0,178.07,42.0,155.92,118.0,260.5,42.0,169.74,16.659999999999997,210.0,84.0,4.840539226158304,294,126.0,-19.0,0.43,162.0,4.0
2025-04-08 15:32:22,162.0,48.0,166.31,42.0,156.52,58.0,167.71,42.0,164.15,4.310000000000002,106.0,84.0,4.696784006102143,190,22.0,-104.0,0.12,162.0,
2025-04-08 15:32:23,157.28,61.0,163.65,37.0,155.29,136.0,279.57,42.0,160.46,6.3700000000000045,197.0,79.0,4.659409833871277,276,118.0,86.0,0.43,159.6,5.0
2025-04-08 15:32:24,158.85,176.0,163.0,30.0,155.28,50.0,299.0,30.0,160.92,4.150000000000006,226.0,60.0,3.996033032893488,286,166.0,10.0,0.58,157.91,11.0
2025-04-08 15:32:25,159.0,180.0,162.3,30.0,155.02,116.0,294.9,30.0,160.65,3.300000000000012,296.0,60.0,3.964887135843333,356,236.0,70.0,0.66,157.91,
2025-04-08 15:32:26,159.0,252.0,160.12,74.0,155.0,267.0,260.94,47.0,159.56,1.1200000000000043,519.0,121.0,1.7540724044279048,640,398.0,168.0,0.62,159.0,6.0
2025-04-08 15:32:27,159.0,120.0,172.42,38.0,155.0,170.0,235.38,24.0,165.71,13.419999999999987,290.0,62.0,2.430030863996495,352,228.0,-168.0,0.65,160.0,5.0
2025-04-08 15:32:28,159.12,82.0,230.85,20.0,156.0,96.0,314.38,24.0,194.99,71.72999999999999,178.0,44.0,15.06997777038762,222,134.0,-130.0,0.6,160.0,
2025-04-08 15:32:29,161.35,75.0,215.09,46.0,159.15,195.0,247.11,54.0,188.22,53.74000000000001,270.0,100.0,16.568775754411607,370,170.0,148.0,0.46,162.5,4.0
2025-04-08 15:32:30,162.8,40.0,220.6,10.0,159.0,120.0,265.21,29.0,191.7,57.79999999999998,160.0,39.0,16.21071960154696,199,121.0,-168.0,0.61,162.5,
2025-04-08 15:32:31,163.0,44.0,219.64,11.0,159.0,132.0,376.82,33.0,191.32,56.63999999999999,176.0,44.0,11.805425447648206,220,132.0,21.0,0.6,162.5,
2025-04-08 15:32:32,163.67,48.0,217.67,12.0,159.33,108.0,345.0,36.0,190.67,54.0,156.0,48.0,2.430421774092096,204,108.0,-16.0,0.53,162.5,
2025-04-08 15:32:33,164.0,19.0,217.0,10.0,159.0,120.0,327.43,28.0,190.5,53.0,139.0,38.0,1.3544445355867256,177,101.0,-27.0,0.57,164.0,3.0
2025-04-08 15:32:34,164.0,19.0,215.4,45.0,159.0,228.0,273.32,31.0,189.7,51.400000000000006,247.0,76.0,0.7737699916517862,323,171.0,146.0,0.53,164.0,
2025-04-08 15:32:35,164.0,10.0,190.29,28.0,159.0,120.0,196.83,29.0,177.14,26.289999999999992,130.0,57.0,6.023726421408955,187,73.0,-136.0,0.39,164.0,
2025-04-08 15:32:36,164.0,11.0,189.0,11.0,159.0,132.0,190.0,33.0,176.5,25.0,143.0,44.0,7.390373468234188,187,99.0,0.0,0.53,164.0,
2025-04-08 15:32:37,164.0,11.0,185.3,27.0,159.0,132.0,186.94,31.0,174.65,21.30000000000001,143.0,58.0,7.729425593145933,201,85.0,14.0,0.42,164.0,
2025-04-08 15:32:38,164.0,9.0,181.89,27.0,159.0,108.0,183.33,27.0,172.94,17.889999999999986,117.0,54.0,6.643280815980833,171,63.0,-30.0,0.37,164.0,
2025-04-08 15:32:39,164.0,10.0,178.79,28.0,159.05,111.0,180.39,28.0,171.39,14.789999999999992,121.0,56.0,2.402858714110889,177,65.0,6.0,0.37,164.0,
2025-04-08 15:32:40,161.71,21.0,176.23,39.0,159.18,167.0,178.0,39.0,168.97,14.519999999999982,188.0,78.0,2.904677262619459,266,110.0,89.0,0.41,162.5,2.0
2025-04-08 15:32:41,161.0,26.0,174.19,37.0,159.0,247.0,176.14,37.0,167.59,13.189999999999998,273.0,74.0,2.869184553140197,347,199.0,81.0,0.57,162.5,
2025-04-08 15:32:42,161.16,31.0,168.07,42.0,159.08,257.0,168.58,38.0,164.62,6.909999999999997,288.0,80.0,3.254115855340458,368,208.0,21.0,0.57,162.5,
2025-04-08 15:32:43,159.02,191.0,163.71,21.0,158.27,22.0,164.45,33.0,161.36,4.689999999999998,213.0,54.0,3.896989863981951,267,159.0,-101.0,0.6,161.33,3.0
2025-04-08 15:32:44,159.0,228.0,161.94,32.0,158.0,24.0,163.3,20.0,160.47,2.9399999999999977,252.0,52.0,3.727998122314185,304,200.0,37.0,0.66,161.33,
2025-04-08 15:32:45,159.0,202.0,160.48,52.0,158.0,28.0,189.43,51.0,159.74,1.4799999999999898,230.0,103.0,3.283021474187774,333,127.0,29.0,0.38,159.0,7.0
2025-04-08 15:32:46,159.0,87.0,160.95,42.0,158.0,20.0,220.74,23.0,159.98,1.9499999999999889,107.0,65.0,1.9918032031247688,172,42.0,-161.0,0.24,159.0,5.0
2025-04-08 15:32:47,159.0,43.0,207.41,32.0,158.0,18.0,356.8,15.0,183.2,48.41,61.0,47.0,10.220885480230066,108,14.0,-64.0,0.13,159.0,5.0
2025-04-08 15:32:48,159.0,24.0,298.53,19.0,157.08,96.0,334.92,24.0,228.76,139.52999999999997,120.0,43.0,29.86696335418077,163,77.0,55.0,0.47,159.0,
2025-04-08 15:32:49,158.44,54.0,165.4,30.0,157.58,156.0,240.11,19.0,161.92,6.960000000000008,210.0,49.0,29.65526934627263,259,161.0,96.0,0.62,159.0,2.0
2025-04-08 15:32:50,158.0,90.0,162.73,22.0,157.0,99.0,171.33,27.0,160.36,4.72999999999999,189.0,49.0,29.557200138037043,238,140.0,-21.0,0.59,159.0,
2025-04-08 15:32:51,158.79,95.0,197.44,36.0,157.86,152.0,204.92,48.0,178.12,38.650000000000006,247.0,84.0,27.71901008333409,331,163.0,93.0,0.49,159.0,6.0
2025-04-08 15:32:52,158.41,29.0,238.0,11.0,157.71,113.0,490.0,22.0,198.21,79.59,142.0,33.0,28.61585539521712,175,109.0,-156.0,0.62,158.5,4.0
2025-04-08 15:32:53,158.56,71.0,238.0,11.0,157.12,113.0,335.42,19.0,198.28,79.44,184.0,30.0,18.57403079570984,214,154.0,39.0,0.72,158.5,
2025-04-08 15:32:54,163.0,52.0,239.47,17.0,158.0,91.0,318.05,21.0,201.24,76.47,143.0,38.0,17.634704987608306,181,105.0,-33.0,0.58,158.5,
2025-04-08 15:32:55,158.0,77.0,312.21,19.0,157.0,121.0,528.14,14.0,235.11,154.20999999999998,198.0,33.0,20.58593136100421,231,165.0,50.0,0.71,163.0,4.0
2025-04-08 15:32:56,158.7,86.0,275.4,20.0,157.45,80.0,497.4,20.0,217.05,116.7,166.0,40.0,16.07258753281425,206,126.0,-25.0,0.61,158.0,1.0
2025-04-08 15:32:57,159.0,60.0,181.8,10.0,158.0,36.0,240.67,12.0,170.4,22.80000000000001,96.0,22.0,24.013357324621985,118,74.0,-88.0,0.63,158.0,
2025-04-08 15:32:58,159.0,90.0,246.11,18.0,158.0,54.0,641.89,18.0,202.56,87.11000000000001,144.0,36.0,23.815414546045098,180,108.0,62.0,0.6,158.0,
2025-04-08 15:32:59,159.35,51.0,290.5,24.0,158.29,51.0,412.07,30.0,224.93,131.15,102.0,54.0,25.13281022886171,156,48.0,-24.0,0.31,159.0,5.0
2025-04-08 15:33:00,162.0,13.0,293.86,14.0,161.0,7.0,515.0,14.0,227.93,131.86,20.0,28.0,23.491692787025286,48,-8.0,-108.0,-0.17,162.0,1.0
2025-04-08 15:33:01,162.0,11.0,232.82,22.0,161.0,11.0,400.55,22.0,197.41,70.82,22.0,44.0,23.36174715212833,66,-22.0,18.0,-0.33,162.0,
2025-04-08 15:33:02,159.16,76.0,335.0,20.0,158.3,40.0,462.4,20.0,247.08,175.84,116.0,40.0,20.21741996398091,156,76.0,90.0,0.49,160.0,5.0
2025-04-08 15:33:03,159.0,45.0,225.0,20.0,158.0,60.0,365.6,20.0,192.0,66.0,105.0,40.0,22.869957367690347,145,65.0,-11.0,0.45,160.0,
2025-04-08 15:33:04,158.31,29.0,174.53,43.0,157.17,106.0,300.64,22.0,166.42,16.22,135.0,65.0,31.641407522421883,200,70.0,55.0,0.35,158.38,8.0
2025-04-08 15:33:05,158.0,10.0,162.4,50.0,157.0,110.0,218.62,32.0,160.2,4.400000000000006,120.0,82.0,34.37555992271222,202,38.0,2.0,0.19,158.38,
2025-04-08 15:33:06,158.0,14.0,160.43,70.0,156.59,116.0,181.06,64.0,159.21,2.430000000000007,130.0,134.0,37.1762870658163,264,-4.0,62.0,-0.02,159.0,5.0
2025-04-08 15:33:07,161.2,44.0,320.5,44.0,158.38,50.0,510.0,32.0,240.85,159.3,94.0,76.0,34.58906807070667,170,18.0,-94.0,0.11,159.0,
2025-04-08 15:33:08,161.14,21.0,452.0,16.0,158.83,18.0,559.62,16.0,306.57,290.86,39.0,32.0,65.53673664441932,71,7.0,-99.0,0.1,161.25,4.0
2025-04-08 15:33:09,159.0,24.0,291.67,36.0,158.0,12.0,399.67,39.0,225.33,132.67000000000002,36.0,75.0,61.677928142893805,111,-39.0,40.0,-0.35,161.25,
2025-04-08 15:33:10,157.29,98.0,181.04,50.0,155.8,71.0,371.0,41.0,169.16,23.75,169.0,91.0,59.66023617117158,260,78.0,149.0,0.3,158.25,4.0
2025-04-08 15:33:11,157.0,190.0,182.42,52.0,155.0,196.0,305.38,48.0,169.71,25.419999999999987,386.0,100.0,57.10578149364537,486,286.0,168.0,0.59,157.0,1.0
2025-04-08 15:33:12,157.61,188.0,167.82,44.0,155.13,195.0,177.36,56.0,162.71,10.20999999999998,383.0,100.0,61.30604684694629,483,283.0,-3.0,0.59,157.0,
2025-04-08 15:33:13,163.0,174.0,164.9,40.0,157.0,130.0,174.03,34.0,163.95,1.9000000000000057,304.0,74.0,26.542594447415635,378,230.0,-105.0,0.61,163.0,7.0
2025-04-08 15:33:14,163.0,112.0,164.12,50.0,157.0,169.0,263.96,27.0,163.56,1.1200000000000043,281.0,77.0,3.3378241415601164,358,204.0,-20.0,0.57,163.0,9.0
2025-04-08 15:33:15,157.94,77.0,189.0,26.0,155.85,122.0,694.27,30.0,173.47,31.06,199.0,56.0,4.696626448844034,255,143.0,-103.0,0.56,163.0,3.0
2025-04-08 15:33:16,157.0,143.0,228.31,13.0,155.0,154.0,561.8,25.0,192.65,71.31,297.0,38.0,12.730322855292403,335,259.0,80.0,0.77,163.0,
2025-04-08 15:33:17,157.0,117.0,227.67,9.0,155.0,126.0,460.67,24.0,192.33,70.66999999999999,243.0,33.0,14.518471682652365,276,210.0,-59.0,0.76,163.0,
2025-04-08 15:33:18,157.0,91.0,227.0,7.0,155.0,98.0,386.86,14.0,192.0,70.0,189.0,21.0,13.506571363598413,210,168.0,-66.0,0.8,163.0,
2025-04-08 15:33:19,157.0,169.0,227.0,13.0,155.07,112.0,380.08,26.0,192.0,70.0,281.0,39.0,8.400770797966974,320,242.0,110.0,0.76,163.0,
2025-04-08 15:33:20,157.42,106.0,223.48,27.0,156.69,84.0,317.13,30.0,190.45,66.06,190.0,57.0,0.8468943263320472,247,133.0,-73.0,0.54,163.0,
2025-04-08 15:33:21,157.09,127.0,220.64,44.0,155.94,117.0,221.85,26.0,188.87,63.54999999999998,244.0,70.0,1.4597773802788074,314,174.0,67.0,0.55,158.5,4.0
2025-04-08 15:33:22,157.9,107.0,217.59,34.0,156.2,123.0,218.29,31.0,187.74,59.69,230.0,65.0,1.894879943419617,295,165.0,-19.0,0.56,160.0,8.0
2025-04-08 15:33:23,157.67,90.0,212.76,46.0,155.88,125.0,215.0,34.0,185.21,55.09,215.0,80.0,2.596368617891987,295,135.0,0.0,0.46,159.4,5.0
2025-04-08 15:33:24,157.0,98.0,207.97,31.0,155.0,91.0,210.35,40.0,182.48,50.97,189.0,71.0,3.1451947475434645,260,118.0,-35.0,0.45,157.0,1.0
2025-04-08 15:33:25,157.0,74.0,183.04,48.0,155.0,98.0,186.41,34.0,170.02,26.039999999999992,172.0,82.0,7.590568489907472,254,90.0,-6.0,0.35,157.0,3.0
2025-04-08 15:33:26,157.0,31.0,180.0,52.0,155.0,91.0,181.0,13.0,168.5,23.0,122.0,65.0,8.912519284690354,187,57.0,-67.0,0.3,157.0,3.0
2025-04-08 15:33:27,157.4,10.0,177.63,49.0,155.07,58.0,179.63,41.0,167.52,20.22999999999999,68.0,90.0,8.409410205239059,158,-22.0,-29.0,-0.14,157.0,
2025-04-08 15:33:28,159.0,9.0,175.0,45.0,157.71,14.0,176.0,36.0,167.0,16.0,23.0,81.0,6.462528916761626,104,-58.0,-54.0,-0.56,157.0,
2025-04-08 15:33:29,159.0,8.0,174.43,35.0,158.0,34.0,175.32,37.0,166.71,15.430000000000009,42.0,72.0,1.342795591287621,114,-30.0,10.0,-0.26,157.0,
2025-04-08 15:33:30,160.49,47.0,169.67,45.0,158.08,59.0,171.1,48.0,165.08,9.179999999999978,106.0,93.0,1.2533634748076252,199,13.0,85.0,0.07,157.0,
2025-04-08 15:33:31,161.0,77.0,165.91,55.0,159.0,11.0,167.0,44.0,163.45,4.909999999999997,88.0,99.0,1.6697215336643068,187,-11.0,-12.0,-0.06,157.0,
2025-04-08 15:33:32,161.08,72.0,164.32,79.0,160.58,53.0,165.67,78.0,162.7,3.2399999999999807,125.0,157.0,1.9119544973619769,282,-32.0,95.0,-0.11,161.5,2.0
2025-04-08 15:33:33,161.0,27.0,162.91,32.0,159.0,7.0,164.79,19.0,161.95,1.9099999999999968,34.0,51.0,1.9172297723494531,85,-17.0,-168.0,-0.2,161.0,5.0
2025-04-08 15:33:34,155.34,53.0,163.55,22.0,155.0,28.0,295.5,22.0,159.44,8.210000000000008,81.0,44.0,2.0773853758953247,125,37.0,40.0,0.3,158.2,5.0
2025-04-08 15:33:35,157.0,18.0,162.12,16.0,155.0,54.0,202.33,9.0,159.56,5.1200000000000045,72.0,25.0,1.831679557123523,97,47.0,-28.0,0.48,158.2,
2025-04-08 15:33:36,157.0,105.0,161.36,22.0,155.0,79.0,163.0,11.0,159.18,4.360000000000014,184.0,33.0,1.6332727879887832,217,151.0,120.0,0.7,157.0,5.0
2025-04-08 15:33:37,157.11,85.0,160.57,37.0,155.15,197.0,236.33,33.0,158.84,3.4599999999999795,282.0,70.0,1.2364788716290536,352,212.0,135.0,0.6,158.0,3.0
2025-04-08 15:33:38,157.0,55.0,160.07,30.0,155.0,143.0,263.0,34.0,158.53,3.069999999999993,198.0,64.0,0.4259107887638472,262,134.0,-90.0,0.51,158.0,
2025-04-08 15:33:39,157.0,80.0,158.0,32.0,155.0,172.0,159.0,64.0,157.5,1.0,252.0,96.0,0.7835942827673289,348,156.0,86.0,0.45,157.0,4.0
2025-04-08 15:33:40,154.84,50.0,203.82,22.0,153.42,88.0,348.36,33.0,179.33,48.97999999999999,138.0,55.0,9.331035848178036,193,83.0,-155.0,0.43,157.0,1.0
2025-04-08 15:33:41,154.11,79.0,187.94,17.0,146.59,51.0,297.86,37.0,171.03,33.829999999999984,130.0,54.0,9.717969438107035,184,76.0,-9.0,0.41,157.0,
2025-04-08 15:33:42,156.82,33.0,168.0,20.0,154.73,37.0,281.0,10.0,162.41,11.180000000000009,70.0,30.0,9.268775539410909,100,40.0,-84.0,0.4,157.0,3.0
2025-04-08 15:33:43,156.0,12.0,167.2,10.0,154.13,69.0,202.43,14.0,161.6,11.199999999999989,81.0,24.0,8.757689763857915,105,57.0,5.0,0.54,156.0,4.0
2025-04-08 15:33:44,160.68,38.0,167.0,11.0,154.31,29.0,237.34,41.0,163.84,6.319999999999993,67.0,52.0,7.523673969543135,119,15.0,14.0,0.13,156.0,
2025-04-08 15:33:45,161.0,29.0,166.25,8.0,155.0,8.0,247.0,20.0,163.62,5.25,37.0,28.0,3.7626121245728537,65,9.0,-54.0,0.14,161.0,3.0
2025-04-08 15:33:46,161.0,7.0,166.0,7.0,156.0,8.0,215.21,19.0,163.5,5.0,15.0,26.0,0.9549764394913124,41,-11.0,-24.0,-0.27,161.0,
2025-04-08 15:33:47,161.0,7.0,166.0,7.0,159.0,14.0,187.0,28.0,163.5,5.0,21.0,35.0,0.9117675142180618,56,-14.0,15.0,-0.25,161.0,
2025-04-08 15:33:48,161.0,4.0,166.0,4.0,159.0,8.0,313.0,8.0,163.5,5.0,12.0,12.0,0.1480540441297528,24,0.0,-32.0,0.0,161.0,
2025-04-08 15:33:49,157.17,12.0,165.75,12.0,155.15,13.0,402.36,28.0,161.46,8.580000000000013,25.0,40.0,0.927189301050986,65,-15.0,41.0,-0.23,159.67,3.0
2025-04-08 15:33:50,155.44,9.0,164.11,9.0,154.27,15.0,363.11,27.0,159.78,8.670000000000016,24.0,36.0,1.685562220739365,60,-12.0,-5.0,-0.2,159.67,
2025-04-08 15:33:51,156.18,11.0,163.2,10.0,155.1,10.0,344.57,28.0,159.69,7.019999999999982,21.0,38.0,1.884085985294785,59,-17.0,-1.0,-0.29,156.25,4.0
2025-04-08 15:33:52,154.0,8.0,163.0,8.0,153.0,16.0,368.0,24.0,158.5,9.0,24.0,32.0,1.9403040998732024,56,-8.0,-3.0,-0.14,156.25,
2025-04-08 15:33:53,154.0,8.0,161.78,9.0,153.0,16.0,303.24,21.0,157.89,7.780000000000001,24.0,30.0,1.3731096096034645,54,-6.0,-2.0,-0.11,156.25,
2025-04-08 15:33:54,154.0,4.0,160.0,8.0,153.0,8.0,162.0,4.0,157.0,6.0,12.0,12.0,1.1885579497802703,24,0.0,-30.0,0.0,156.25,
2025-04-08 15:33:55,154.95,82.0,160.0,30.0,153.58,19.0,162.0,15.0,157.48,5.050000000000011,101.0,45.0,1.0399374981152223,146,56.0,122.0,0.38,155.0,4.0
2025-04-08 15:33:56,155.0,40.0,277.4,15.0,152.35,20.0,319.36,22.0,216.2,122.39999999999998,60.0,37.0,26.159967125361216,97,23.0,-49.0,0.24,159.0,1.0
2025-04-08 15:33:57,151.0,66.0,380.0,12.0,135.29,17.0,381.0,12.0,265.5,229.0,83.0,24.0,48.890130701399926,107,59.0,10.0,0.55,155.0,4.0
2025-04-08 15:33:58,151.03,97.0,164.32,38.0,149.7,69.0,223.1,40.0,157.67,13.289999999999992,166.0,78.0,48.927254163706834,244,88.0,137.0,0.36,151.5,2.0
2025-04-08 15:33:59,151.0,112.0,182.08,25.0,149.0,36.0,231.82,39.0,166.54,31.080000000000013,148.0,64.0,47.44465849808561,212,84.0,-32.0,0.4,151.67,3.0
2025-04-08 15:34:00,137.12,8.0,154.0,6.0,122.5,6.0,156.0,2.0,145.56,16.879999999999995,14.0,8.0,49.89181275520031,22,6.0,-168.0,0.27,151.67,
2025-04-08 15:34:01,151.0,40.0,153.12,24.0,123.0,28.0,156.0,8.0,152.06,2.1200000000000045,68.0,32.0,49.8113990969936,100,36.0,78.0,0.36,151.67,
2025-04-08 15:34:02,151.82,55.0,177.8,30.0,139.49,37.0,263.55,22.0,164.81,25.980000000000015,92.0,52.0,8.763502153818822,144,40.0,44.0,0.28,153.75,4.0
2025-04-08 15:34:03,161.15,27.0,244.0,48.0,148.33,45.0,289.92,26.0,202.57,82.85,72.0,74.0,22.083452402194315,146,-2.0,2.0,-0.01,153.75,
2025-04-08 15:34:04,163.67,30.0,244.0,60.0,162.33,60.0,491.76,50.0,203.83,80.33000000000001,90.0,110.0,27.75091584074259,200,-20.0,54.0,-0.1,164.0,2.0
2025-04-08 15:34:05,159.27,59.0,243.83,48.0,151.2,54.0,356.0,36.0,201.55,84.56,113.0,84.0,24.646751915819895,197,29.0,-3.0,0.15,162.5,4.0
2025-04-08 15:34:06,162.0,44.0,242.64,44.0,101.9,29.0,356.0,33.0,202.32,80.63999999999999,73.0,77.0,16.905572454074612,150,-4.0,-47.0,-0.03,162.5,
2025-04-08 15:34:07,162.0,52.0,240.62,52.0,157.0,65.0,413.87,47.0,201.31,78.62,117.0,99.0,0.9944244566392428,216,18.0,66.0,0.08,162.5,
2025-04-08 15:34:08,159.91,35.0,239.78,36.0,154.16,37.0,424.0,40.0,199.85,79.87,72.0,76.0,1.45709299633296,148,-4.0,-68.0,-0.03,159.22,9.0
2025-04-08 15:34:09,155.38,16.0,239.0,28.0,142.06,18.0,245.0,21.0,197.19,83.62,34.0,49.0,2.026938578241404,83,-15.0,-65.0,-0.18,159.22,
2025-04-08 15:34:10,158.0,8.0,238.5,16.0,151.0,12.0,245.0,12.0,198.25,80.5,20.0,28.0,2.1122452509033214,48,-8.0,-35.0,-0.17,159.22,
2025-04-08 15:34:11,158.0,26.0,237.8,40.0,151.0,30.0,570.5,30.0,197.9,79.80000000000001,56.0,70.0,1.6626184168245317,126,-14.0,78.0,-0.11,159.22,
2025-04-08 15:34:12,158.0,18.0,234.46,41.0,151.0,30.0,521.84,37.0,196.23,76.46000000000001,48.0,78.0,1.3431976771736216,126,-30.0,0.0,-0.24,158.0,1.0
2025-04-08 15:34:13,158.0,10.0,168.94,31.0,153.09,33.0,260.54,39.0,163.47,10.939999999999998,43.0,70.0,15.19024423766676,113,-27.0,-13.0,-0.24,158.0,
2025-04-08 15:34:14,158.0,8.0,164.56,27.0,155.0,16.0,213.97,29.0,161.28,6.560000000000002,24.0,56.0,19.24757984786586,80,-32.0,-33.0,-0.4,158.0,
2025-04-08 15:34:15,158.0,11.0,162.87,61.0,155.0,22.0,163.86,42.0,160.43,4.8700000000000045,33.0,103.0,19.396339087569483,136,-70.0,56.0,-0.51,158.0,
2025-04-08 15:34:16,158.0,41.0,162.0,36.0,155.0,18.0,163.0,27.0,160.0,4.0,59.0,63.0,15.680557069185378,122,-4.0,-14.0,-0.03,158.0,
2025-04-08 15:34:17,158.22,18.0,191.39,33.0,157.14,28.0,245.86,28.0,174.81,33.16999999999999,46.0,61.0,6.1903206702061855,107,-15.0,-15.0,-0.14,158.33,3.0
2025-04-08 15:34:18,158.0,27.0,226.79,53.0,155.0,22.0,366.8,49.0,192.4,68.78999999999999,49.0,102.0,14.073788757828464,151,-53.0,44.0,-0.35,158.0,1.0
2025-04-08 15:34:19,154.34,94.0,191.29,56.0,134.5,24.0,194.55,58.0,172.81,36.94999999999999,118.0,114.0,13.252703497776505,232,4.0,81.0,0.02,156.0,5.0
2025-04-08 15:34:20,157.95,85.0,188.15,46.0,150.73,45.0,193.36,45.0,173.05,30.200000000000017,130.0,91.0,11.5720538367213,221,39.0,-11.0,0.18,154.0,1.0
2025-04-08 15:34:21,161.0,104.0,184.79,42.0,154.0,78.0,187.45,49.0,172.89,23.789999999999992,182.0,91.0,8.541406207409567,273,91.0,52.0,0.33,154.0,
2025-04-08 15:34:22,161.0,72.0,183.49,35.0,154.32,50.0,184.71,28.0,172.24,22.49000000000001,122.0,63.0,8.79417250228667,185,59.0,-88.0,0.32,154.0,
2025-04-08 15:34:23,161.0,80.0,178.31,39.0,156.0,40.0,179.33,36.0,169.65,17.310000000000002,120.0,75.0,1.4185274054376962,195,45.0,10.0,0.23,154.0,
2025-04-08 15:34:24,161.0,100.0,172.63,51.0,156.0,52.0,174.2,49.0,166.81,11.629999999999995,152.0,100.0,2.676979641308183,252,52.0,57.0,0.21,161.0,1.0
2025-04-08 15:34:25,161.34,32.0,166.23,52.0,160.33,89.0,167.47,53.0,163.79,4.889999999999986,121.0,105.0,3.806688849903483,226,16.0,-26.0,0.07,161.0,
2025-04-08 15:34:26,161.26,38.0,163.44,54.0,160.07,86.0,164.61,54.0,162.35,2.180000000000007,124.0,108.0,4.075465617568221,232,16.0,6.0,0.07,161.25,4.0
2025-04-08 15:34:27,158.69,39.0,161.36,59.0,155.45,66.0,163.4,60.0,160.02,2.670000000000016,105.0,119.0,3.776662547803543,224,-14.0,-8.0,-0.06,160.0,7.0
2025-04-08 15:34:28,156.0,41.0,158.4,25.0,154.0,66.0,172.5,36.0,157.2,2.4000000000000057,107.0,61.0,3.654357672694773,168,46.0,-56.0,0.27,157.0,9.0
2025-04-08 15:34:29,156.0,8.0,158.0,8.0,154.0,48.0,299.04,25.0,157.0,2.0,56.0,33.0,3.029070814620228,89,23.0,-79.0,0.26,157.0,
2025-04-08 15:34:30,156.0,10.0,181.06,18.0,154.0,60.0,264.13,15.0,168.53,25.06,70.0,33.0,4.741355291473488,103,37.0,14.0,0.36,157.5,2.0
2025-04-08 15:34:31,156.67,6.0,228.71,21.0,154.15,26.0,378.12,16.0,192.69,72.04000000000002,32.0,37.0,15.058541430031688,69,-5.0,-34.0,-0.07,157.5,
2025-04-08 15:34:32,159.0,19.0,325.31,16.0,158.0,11.0,408.8,45.0,242.16,166.31,30.0,61.0,35.859069006319345,91,-31.0,22.0,-0.34,159.0,1.0
2025-04-08 15:34:33,159.0,7.0,267.91,23.0,158.0,7.0,338.07,27.0,213.46,108.91000000000004,14.0,50.0,34.331345298429056,64,-36.0,-27.0,-0.56,159.0,
2025-04-08 15:34:34,159.0,12.0,257.69,49.0,158.0,12.0,259.08,60.0,208.35,98.69,24.0,109.0,27.1350763772642,133,-85.0,69.0,-0.64,159.0,
2025-04-08 15:34:35,159.0,12.0,211.31,26.0,158.0,12.0,229.62,32.0,185.15,52.31,24.0,58.0,22.09470004322213,82,-34.0,-51.0,-0.41,159.0,
2025-04-08 15:34:36,160.2,15.0,188.05,21.0,158.25,12.0,188.33,39.0,174.12,27.850000000000023,27.0,60.0,26.507720950695887,87,-33.0,5.0,-0.38,159.0,
2025-04-08 15:34:37,162.0,16.0,185.41,22.0,159.0,12.0,185.93,28.0,173.7,23.41,28.0,50.0,18.86737475114035,78,-22.0,-9.0,-0.28,159.0,
2025-04-08 15:34:38,162.0,30.0,182.5,24.0,159.0,29.0,184.18,51.0,172.25,20.5,59.0,75.0,15.229436299481746,134,-16.0,56.0,-0.12,159.0,
2025-04-08 15:34:39,162.0,20.0,176.23,22.0,159.0,10.0,181.9,31.0,169.11,14.22999999999999,30.0,53.0,6.075601204817189,83,-23.0,-51.0,-0.28,159.0,
2025-04-08 15:34:40,162.0,14.0,178.79,14.0,159.0,10.0,180.02,46.0,170.39,16.789999999999992,24.0,60.0,2.1420854324646936,84,-36.0,1.0,-0.43,162.0,1.0
2025-04-08 15:34:41,159.0,16.0,174.92,65.0,158.0,16.0,175.95,64.0,166.96,15.919999999999987,32.0,129.0,2.635179310782877,161,-97.0,77.0,-0.6,162.0,1.0
2025-04-08 15:34:42,158.82,11.0,170.57,51.0,157.43,21.0,172.0,15.0,164.69,11.75,32.0,66.0,2.9467100298432816,98,-34.0,-63.0,-0.35,162.0,
2025-04-08 15:34:43,159.0,27.0,167.87,31.0,158.0,11.0,169.86,35.0,163.44,8.870000000000005,38.0,66.0,2.912124653921905,104,-28.0,6.0,-0.27,159.0,2.0
2025-04-08 15:34:44,157.05,41.0,164.47,47.0,156.04,51.0,166.16,19.0,160.76,7.4199999999999875,92.0,66.0,3.643263646784372,158,26.0,54.0,0.16,157.75,4.0
2025-04-08 15:34:45,157.0,13.0,162.0,26.0,156.0,50.0,163.06,34.0,159.5,5.0,63.0,60.0,2.9989331436331863,123,3.0,-35.0,0.02,157.0,3.0
2025-04-08 15:34:46,157.0,12.0,160.88,32.0,156.0,60.0,173.03,33.0,158.94,3.879999999999996,72.0,65.0,2.5017553837220805,137,7.0,14.0,0.05,160.0,5.0
2025-04-08 15:34:47,157.0,12.0,168.67,21.0,156.0,60.0,314.29,63.0,162.83,11.669999999999987,72.0,84.0,1.988059355246374,156,-12.0,19.0,-0.08,160.0,1.0
2025-04-08 15:34:48,157.0,6.0,174.0,24.0,156.0,30.0,364.08,26.0,165.5,17.0,36.0,50.0,2.686536804136958,86,-14.0,-70.0,-0.16,160.0,
2025-04-08 15:34:49,156.77,13.0,172.48,23.0,155.98,51.0,212.97,38.0,164.62,15.70999999999998,64.0,61.0,2.9593276263337325,125,3.0,39.0,0.02,156.33,3.0
2025-04-08 15:34:50,155.95,19.0,170.57,7.0,154.75,8.0,172.0,28.0,163.26,14.620000000000005,27.0,35.0,2.522399651122255,62,-8.0,-63.0,-0.13,156.33,
2025-04-08 15:34:51,155.65,23.0,169.58,19.0,154.24,21.0,171.91,46.0,162.62,13.930000000000009,44.0,65.0,1.243133138477654,109,-21.0,47.0,-0.19,156.33,
2025-04-08 15:34:52,158.55,67.0,168.78,37.0,155.65,26.0,169.29,28.0,163.67,10.22999999999999,93.0,65.0,1.1372686577854991,158,28.0,49.0,0.18,157.5,2.0
2025-04-08 15:34:53,159.0,72.0,166.67,9.0,156.0,18.0,169.0,36.0,162.83,7.6699999999999875,90.0,45.0,0.7928114529832779,135,45.0,-23.0,0.33,157.5,
2025-04-08 15:34:54,159.0,52.0,163.79,29.0,156.0,16.0,167.09,11.0,161.4,4.789999999999992,68.0,40.0,0.8590867243659013,108,28.0,-27.0,0.26,159.0,4.0
2025-04-08 15:34:55,159.0,20.0,161.62,32.0,156.0,16.0,166.0,8.0,160.31,2.6200000000000045,36.0,40.0,1.317243333625944,76,-4.0,-32.0,-0.05,159.0,2.0
2025-04-08 15:34:56,158.57,7.0,160.47,17.0,155.8,10.0,374.14,14.0,159.52,1.9000000000000057,17.0,31.0,1.7185546252540922,48,-14.0,-28.0,-0.29,158.0,3.0
2025-04-08 15:34:57,156.0,11.0,233.98,49.0,155.0,11.0,407.73,37.0,194.99,77.97999999999999,22.0,86.0,15.24479419342812,108,-64.0,60.0,-0.59,160.0,4.0
2025-04-08 15:34:58,156.0,9.0,231.0,40.0,155.0,35.0,317.65,37.0,193.5,75.0,44.0,77.0,18.55169075852595,121,-33.0,13.0,-0.27,160.0,
2025-04-08 15:34:59,161.09,22.0,292.0,27.0,156.69,26.0,448.98,59.0,226.55,130.91,48.0,86.0,28.008015459863845,134,-38.0,13.0,-0.28,160.0,8.0
2025-04-08 15:35:00,163.0,27.0,355.78,27.0,162.0,27.0,466.61,54.0,259.39,192.78,54.0,81.0,37.77411349058987,135,-27.0,1.0,-0.2,160.0,
2025-04-08 15:35:01,163.0,24.0,201.62,24.0,162.0,24.0,325.12,24.0,182.31,38.620000000000005,48.0,48.0,31.497917708952794,96,0.0,-39.0,0.0,160.0,
2025-04-08 15:35:02,162.97,37.0,194.11,53.0,161.86,37.0,230.59,51.0,178.54,31.14000000000001,74.0,104.0,34.36253584938055,178,-30.0,82.0,-0.17,162.6,5.0
2025-04-08 15:35:03,163.0,15.0,198.05,63.0,162.0,15.0,199.17,69.0,180.52,35.05000000000001,30.0,132.0,36.1795711693763,162,-102.0,-16.0,-0.63,162.6,
2025-04-08 15:35:04,164.0,13.0,193.57,51.0,162.0,13.0,194.93,59.0,178.78,29.569999999999997,26.0,110.0,35.51998127814778,136,-84.0,-26.0,-0.62,162.6,
2025-04-08 15:35:05,162.57,14.0,189.73,55.0,161.55,11.0,191.0,33.0,176.15,27.16,25.0,88.0,2.308191933089057,113,-63.0,-23.0,-0.56,163.0,2.0
2025-04-08 15:35:06,161.79,53.0,187.46,65.0,158.8,40.0,188.8,59.0,174.63,25.670000000000016,93.0,124.0,2.3264199964705683,217,-31.0,104.0,-0.14,163.0,4.0
2025-04-08 15:35:07,163.0,8.0,185.5,40.0,159.0,32.0,187.0,40.0,174.25,22.5,40.0,80.0,2.7097472206791773,120,-40.0,-97.0,-0.33,163.0,
2025-04-08 15:35:08,159.57,35.0,182.67,75.0,157.8,50.0,184.0,75.0,171.12,23.099999999999994,85.0,150.0,2.8001660665002177,235,-65.0,115.0,-0.28,161.0,2.0
2025-04-08 15:35:09,159.73,77.0,180.07,70.0,158.0,42.0,181.07,70.0,169.9,20.340000000000003,119.0,140.0,2.6012400888768377,259,-21.0,24.0,-0.08,161.0,
2025-04-08 15:35:10,160.5,96.0,178.72,54.0,159.0,41.0,179.75,60.0,169.61,18.22,137.0,114.0,2.3889265371669457,251,23.0,-8.0,0.09,161.0,
2025-04-08 15:35:11,161.17,88.0,175.16,76.0,159.0,128.0,176.47,76.0,168.16,13.990000000000007,216.0,152.0,2.292175822222407,368,64.0,117.0,0.17,161.0,5.0
2025-04-08 15:35:12,162.0,48.0,172.3,56.0,159.0,128.0,173.89,74.0,167.15,10.300000000000011,176.0,130.0,1.5514412653985643,306,46.0,-62.0,0.15,161.0,
2025-04-08 15:35:13,160.0,54.0,167.89,54.0,158.33,72.0,171.88,48.0,163.94,7.889999999999986,126.0,102.0,2.404489550815747,228,24.0,-78.0,0.11,160.8,5.0
2025-04-08 15:35:14,160.14,84.0,163.6,40.0,158.16,57.0,165.25,56.0,161.87,3.460000000000008,141.0,96.0,3.170730199809318,237,45.0,9.0,0.19,161.0,3.0
2025-04-08 15:35:15,161.0,59.0,162.85,53.0,159.0,65.0,172.0,65.0,161.92,1.8499999999999943,124.0,118.0,2.926033150868856,242,6.0,5.0,0.02,161.0,2.0
2025-04-08 15:35:16,159.75,32.0,162.11,45.0,158.8,25.0,164.44,45.0,160.93,2.3600000000000136,57.0,90.0,2.4851096555251173,147,-33.0,-95.0,-0.22,160.5,4.0
2025-04-08 15:35:17,159.0,24.0,161.33,30.0,158.0,6.0,163.0,30.0,160.17,2.3300000000000125,30.0,60.0,1.4148250775218731,90,-30.0,-57.0,-0.33,159.0,2.0
2025-04-08 15:35:18,158.91,22.0,172.5,58.0,157.62,16.0,206.41,54.0,165.7,13.590000000000003,38.0,112.0,2.1294060204631267,150,-74.0,60.0,-0.49,159.0,2.0
2025-04-08 15:35:19,159.5,20.0,242.67,12.0,156.9,20.0,259.31,26.0,201.08,83.16999999999999,40.0,38.0,17.5258994063067,78,2.0,-72.0,0.03,158.0,1.0
2025-04-08 15:35:20,162.0,108.0,240.14,28.0,157.0,36.0,241.65,20.0,201.07,78.13999999999999,144.0,48.0,21.361616277800184,192,96.0,114.0,0.5,158.0,
2025-04-08 15:35:21,162.0,81.0,238.87,23.0,157.54,13.0,239.54,13.0,200.43,76.87,94.0,36.0,20.865848892388115,130,58.0,-62.0,0.45,158.0,
2025-04-08 15:35:22,162.0,129.0,235.09,35.0,158.0,16.0,269.34,29.0,198.54,73.09,145.0,64.0,15.499478378318765,209,81.0,79.0,0.39,162.0,5.0
2025-04-08 15:35:23,162.0,20.0,232.0,10.0,158.0,5.0,233.0,5.0,197.0,70.0,25.0,15.0,1.797284062124818,40,10.0,-168.0,0.25,162.0,3.0
2025-04-08 15:35:24,159.5,12.0,230.38,16.0,157.5,8.0,490.78,36.0,194.94,70.88,20.0,52.0,2.510025896274473,72,-32.0,32.0,-0.44,160.0,2.0
2025-04-08 15:35:25,156.0,18.0,229.8,10.0,154.5,12.0,539.4,20.0,192.9,73.80000000000001,30.0,30.0,2.9541022324843924,60,0.0,-12.0,0.0,156.4,5.0
2025-04-08 15:35:26,155.0,24.0,227.77,13.0,154.0,24.0,229.0,11.0,191.38,72.77000000000001,48.0,24.0,2.917108157057289,72,24.0,12.0,0.33,156.4,
2025-04-08 15:35:27,155.5,18.0,226.0,16.0,154.38,24.0,227.0,8.0,190.75,70.5,42.0,24.0,2.582843394395201,66,18.0,-6.0,0.27,158.0,1.0
2025-04-08 15:35:28,156.76,25.0,224.5,12.0,154.93,42.0,226.0,24.0,190.63,67.74000000000001,67.0,36.0,1.8169617497271384,103,31.0,37.0,0.3,158.0,
2025-04-08 15:35:29,155.18,44.0,222.69,13.0,154.39,49.0,225.14,14.0,188.94,67.50999999999999,93.0,27.0,1.428758202066411,120,66.0,17.0,0.55,155.0,4.0
2025-04-08 15:35:30,157.74,46.0,221.84,19.0,155.52,31.0,222.57,14.0,189.79,64.1,77.0,33.0,0.9470322064071184,110,44.0,-10.0,0.4,155.0,
2025-04-08 15:35:31,158.0,55.0,209.94,16.0,156.0,22.0,265.12,25.0,183.97,51.94,77.0,41.0,2.8052949933960774,118,36.0,8.0,0.31,155.0,
2025-04-08 15:35:32,158.0,30.0,164.91,22.0,156.0,12.0,187.2,20.0,161.45,6.909999999999997,42.0,42.0,12.29774694811925,84,0.0,-34.0,0.0,155.0,
2025-04-08 15:35:33,158.0,45.0,163.11,36.0,156.0,18.0,166.0,27.0,160.56,5.110000000000014,63.0,63.0,14.720630760941589,126,0.0,42.0,0.0,155.0,
2025-04-08 15:35:34,158.0,50.0,162.9,31.0,156.0,20.0,164.91,33.0,160.45,4.900000000000006,70.0,64.0,14.42641604834628,134,6.0,8.0,0.04,155.0,
2025-04-08 15:35:35,157.75,48.0,230.82,22.0,155.57,35.0,225.06,49.0,194.28,73.07,83.0,71.0,15.930764890612831,154,12.0,20.0,0.08,158.0,5.0
2025-04-08 15:35:36,156.64,33.0,289.63,19.0,155.12,40.0,328.49,41.0,223.13,132.99,73.0,60.0,28.143962585250456,133,13.0,-21.0,0.1,156.8,5.0
2025-04-08 15:35:37,157.0,130.0,242.05,19.0,156.0,10.0,278.81,21.0,199.53,85.05000000000001,140.0,40.0,27.00746100617333,180,100.0,47.0,0.56,156.8,
2025-04-08 15:35:38,157.0,111.0,182.4,15.0,156.0,7.0,343.45,11.0,169.7,25.40000000000001,118.0,26.0,24.95162860416073,144,92.0,-36.0,0.64,156.8,
2025-04-08 15:35:39,157.0,176.0,220.11,36.0,156.0,12.0,303.53,30.0,188.56,63.110000000000014,188.0,66.0,19.32544824835813,254,122.0,110.0,0.48,157.0,2.0
2025-04-08 15:35:40,157.0,99.0,244.62,21.0,156.0,9.0,396.39,18.0,200.81,87.62,108.0,39.0,19.48126612928348,147,69.0,-107.0,0.47,157.0,
2025-04-08 15:35:41,157.61,79.0,257.44,9.0,156.9,49.0,299.0,18.0,207.53,99.82999999999998,128.0,27.0,14.80798872230694,155,101.0,8.0,0.65,157.0,
2025-04-08 15:35:42,157.2,81.0,255.57,14.0,156.82,40.0,550.04,26.0,206.38,98.37,121.0,40.0,15.819362502957214,161,81.0,6.0,0.5,158.5,8.0
2025-04-08 15:35:43,157.46,78.0,200.33,12.0,156.69,26.0,269.0,26.0,178.9,42.870000000000005,104.0,38.0,12.35551010682956,142,66.0,-19.0,0.46,158.5,
2025-04-08 15:35:44,162.89,19.0,197.08,24.0,159.0,45.0,231.0,31.0,179.99,34.190000000000026,64.0,55.0,14.18084165344104,119,9.0,-23.0,0.08,163.0,3.0
2025-04-08 15:35:45,163.78,36.0,194.81,42.0,162.0,36.0,195.33,48.0,179.29,31.03,72.0,90.0,15.10666971903374,162,-18.0,43.0,-0.11,163.0,
2025-04-08 15:35:46,164.0,24.0,170.62,16.0,162.58,24.0,190.09,47.0,167.31,6.6200000000000045,48.0,63.0,14.408984350049652,111,-15.0,-51.0,-0.14,163.0,
2025-04-08 15:35:47,164.0,20.0,168.0,28.0,163.0,20.0,187.91,22.0,166.0,4.0,40.0,50.0,7.003325638579214,90,-10.0,-21.0,-0.11,163.0,
2025-04-08 15:35:48,164.0,15.0,166.2,15.0,163.0,18.0,167.13,30.0,165.1,2.1999999999999886,33.0,45.0,7.441825716850856,78,-12.0,-12.0,-0.15,164.0,1.0
2025-04-08 15:35:49,163.35,17.0,165.47,15.0,162.5,24.0,192.34,47.0,164.41,2.1200000000000045,41.0,62.0,6.171464169869638,103,-21.0,25.0,-0.2,163.5,2.0
2025-04-08 15:35:50,161.33,6.0,337.14,21.0,159.27,22.0,620.4,15.0,249.24,175.80999999999997,28.0,36.0,37.3737310152462,64,-8.0,-39.0,-0.12,161.8,5.0
2025-04-08 15:35:51,159.22,27.0,361.8,40.0,157.29,84.0,511.83,29.0,260.51,202.58,111.0,69.0,49.297977341874414,180,42.0,116.0,0.23,160.0,2.0
2025-04-08 15:35:52,159.0,36.0,182.87,30.0,157.0,108.0,254.94,54.0,170.93,23.870000000000005,144.0,84.0,48.46388727702269,228,60.0,48.0,0.26,160.0,
2025-04-08 15:35:53,159.0,33.0,179.21,57.0,157.0,135.0,181.25,48.0,169.11,20.210000000000008,168.0,105.0,47.72738941111237,273,63.0,45.0,0.23,159.0,1.0
2025-04-08 15:35:54,159.86,28.0,175.93,28.0,157.29,84.0,177.65,37.0,167.89,16.069999999999993,112.0,65.0,47.0473971649863,177,47.0,-96.0,0.27,159.0,
2025-04-08 15:35:55,161.0,32.0,170.68,56.0,159.0,32.0,171.3,47.0,165.84,9.680000000000009,64.0,103.0,41.215443464798135,167,-39.0,-10.0,-0.23,159.0,
2025-04-08 15:35:56,161.0,18.0,167.38,21.0,159.0,18.0,168.48,42.0,164.19,6.379999999999996,36.0,63.0,2.654170303500458,99,-27.0,-68.0,-0.27,159.0,
2025-04-08 15:35:57,161.0,24.0,164.48,27.0,159.0,24.0,165.89,36.0,162.74,3.4799999999999898,48.0,63.0,2.6059029145355117,111,-15.0,12.0,-0.14,159.0,
2025-04-08 15:35:58,158.33,24.0,162.33,30.0,156.4,20.0,163.07,54.0,160.33,4.0,44.0,84.0,2.890254314067479,128,-40.0,17.0,-0.31,158.43,7.0
2025-04-08 15:35:59,155.95,74.0,160.42,57.0,154.77,26.0,162.19,27.0,158.18,4.469999999999999,100.0,84.0,3.047249579536735,184,16.0,56.0,0.09,156.0,4.0
2025-04-08 15:36:00,156.67,45.0,159.56,45.0,155.0,18.0,162.0,18.0,158.11,2.890000000000015,63.0,63.0,2.7173792521449207,126,0.0,-58.0,0.0,156.0,
2025-04-08 15:36:01,156.67,45.0,158.45,62.0,151.62,42.0,252.86,29.0,157.56,1.7800000000000011,87.0,91.0,2.153910397390863,178,-4.0,52.0,-0.02,157.0,5.0
2025-04-08 15:36:02,154.0,30.0,162.0,12.0,83.17,12.0,311.59,27.0,158.0,8.0,42.0,39.0,1.0858775253172055,81,3.0,-97.0,0.04,157.0,
2025-04-08 15:36:03,155.14,28.0,161.58,24.0,152.18,44.0,348.25,24.0,158.36,6.440000000000026,72.0,48.0,0.2995329697866958,120,24.0,39.0,0.2,160.0,3.0
2025-04-08 15:36:04,154.03,31.0,160.43,14.0,149.3,23.0,200.43,14.0,157.23,6.400000000000006,54.0,28.0,0.4524046860824368,82,26.0,-38.0,0.32,160.0,2.0
2025-04-08 15:36:05,162.56,18.0,259.18,22.0,154.67,15.0,402.0,22.0,210.87,96.62,33.0,44.0,23.74308804683973,77,-11.0,-5.0,-0.14,163.0,1.0
2025-04-08 15:36:06,163.0,9.0,333.56,18.0,155.0,9.0,487.0,18.0,248.28,170.56,18.0,36.0,41.44724441986431,54,-18.0,-23.0,-0.33,163.0,
2025-04-08 15:36:08,156.38,37.0,243.27,22.0,95.67,33.0,503.18,22.0,199.83,86.89000000000001,70.0,44.0,64.27081740572427,114,26.0,43.0,0.23,158.0,5.0
2025-04-08 15:36:09,153.0,14.0,214.0,14.0,112.0,21.0,397.29,14.0,183.5,61.0,35.0,28.0,57.68773032456683,63,7.0,-51.0,0.11,158.0,
2025-04-08 15:36:10,128.29,17.0,214.0,14.0,91.5,34.0,600.45,11.0,171.15,85.71000000000001,51.0,25.0,64.07086287853436,76,26.0,13.0,0.34,153.0,2.0
2025-04-08 15:36:11,137.21,39.0,324.65,17.0,73.94,34.0,432.65,17.0,230.93,187.44,73.0,34.0,63.0356491994804,107,39.0,31.0,0.36,145.0,1.0
2025-04-08 15:36:12,145.0,25.0,187.67,6.0,140.69,13.0,355.22,9.0,166.33,42.66999999999999,38.0,15.0,26.12053636508963,53,23.0,-54.0,0.43,145.0,
2025-04-08 15:36:13,148.71,35.0,197.0,9.0,97.15,27.0,408.11,18.0,172.86,48.28999999999999,62.0,27.0,26.45550661015533,89,35.0,36.0,0.39,158.0,2.0
2025-04-08 15:36:14,160.25,56.0,197.0,14.0,102.6,47.0,327.86,28.0,178.62,36.75,103.0,42.0,26.61211134051511,145,61.0,56.0,0.42,158.0,
2025-04-08 15:36:15,161.0,44.0,332.21,14.0,158.0,18.0,385.89,18.0,246.61,171.20999999999998,62.0,32.0,36.91945760706629,94,30.0,-51.0,0.32,161.0,5.0
2025-04-08 15:36:16,158.86,21.0,232.0,18.0,156.29,56.0,233.0,9.0,195.43,73.13999999999999,77.0,27.0,32.39724293824968,104,50.0,10.0,0.48,159.5,2.0
2025-04-08 15:36:17,158.0,65.0,231.77,26.0,154.0,104.0,233.0,13.0,194.88,73.77000000000001,169.0,39.0,29.096234292429767,208,130.0,104.0,0.62,159.5,
2025-04-08 15:36:18,158.0,42.0,230.14,28.0,154.0,112.0,377.25,16.0,194.07,72.13999999999999,154.0,44.0,25.948941596912267,198,110.0,-10.0,0.56,158.0,2.0
2025-04-08 15:36:19,154.93,43.0,228.44,18.0,152.85,47.0,426.08,13.0,191.69,73.50999999999999,90.0,31.0,23.56340340443125,121,59.0,-77.0,0.49,157.0,4.0
2025-04-08 15:36:20,156.49,41.0,225.48,27.0,155.35,43.0,230.49,49.0,190.98,68.98999999999998,84.0,76.0,1.9710530180510573,160,8.0,39.0,0.05,157.0,
2025-04-08 15:36:21,157.56,36.0,222.33,18.0,156.0,27.0,225.95,42.0,189.94,64.77000000000001,63.0,60.0,2.0900167463369304,123,3.0,-37.0,0.02,157.0,
2025-04-08 15:36:22,160.53,60.0,222.16,57.0,158.63,105.0,224.16,63.0,191.35,61.63,165.0,120.0,1.525722779527539,285,45.0,162.0,0.16,157.0,
2025-04-08 15:36:23,160.26,124.0,218.95,57.0,159.76,196.0,220.5,30.0,189.6,58.69,320.0,87.0,0.9038639277954496,407,233.0,122.0,0.57,157.0,
2025-04-08 15:36:24,160.02,291.0,217.31,65.0,158.47,102.0,219.78,68.0,188.66,57.28999999999999,393.0,133.0,1.0823492966552897,526,260.0,119.0,0.49,160.0,2.0
2025-04-08 15:36:25,160.04,228.0,214.87,69.0,158.87,117.0,218.37,63.0,187.45,54.83000000000001,345.0,132.0,1.4563825046912222,477,213.0,-49.0,0.45,160.67,3.0
2025-04-08 15:36:26,160.0,240.0,211.49,57.0,154.92,72.0,212.45,42.0,185.75,51.49000000000001,312.0,99.0,2.1215489624260933,411,213.0,-66.0,0.52,160.67,
2025-04-08 15:36:27,160.0,399.0,208.61,49.0,156.0,165.0,209.69,90.0,184.31,48.610000000000014,564.0,139.0,2.144651486832351,703,425.0,168.0,0.6,160.0,1.0
2025-04-08 15:36:28,160.0,291.0,203.87,75.0,156.0,189.0,204.87,75.0,181.93,43.870000000000005,480.0,150.0,2.642896138703393,630,330.0,-73.0,0.52,160.0,3.0
2025-04-08 15:36:29,156.48,50.0,202.0,65.0,154.85,66.0,203.0,65.0,179.24,45.52000000000001,116.0,130.0,3.2270388903721963,246,-14.0,-168.0,-0.06,156.6,5.0
2025-04-08 15:36:30,157.78,23.0,200.25,40.0,156.14,28.0,201.25,40.0,179.02,42.47,51.0,80.0,2.995371429384973,131,-29.0,-115.0,-0.22,157.0,1.0
2025-04-08 15:36:31,160.0,27.0,198.78,45.0,157.0,18.0,199.78,45.0,179.39,38.78,45.0,90.0,2.301340913462551,135,-45.0,4.0,-0.33,157.0,
2025-04-08 15:36:32,157.75,24.0,195.91,55.0,156.1,40.0,197.09,55.0,176.83,38.16,64.0,110.0,1.8101298295917017,174,-46.0,39.0,-0.26,160.0,3.0
2025-04-08 15:36:33,157.0,18.0,193.7,33.0,156.0,36.0,195.41,39.0,175.35,36.69999999999999,54.0,72.0,1.7955305622513524,126,-18.0,-48.0,-0.14,160.0,
2025-04-08 15:36:34,157.0,22.0,192.2,51.0,156.0,44.0,193.13,15.0,174.6,35.19999999999999,66.0,66.0,2.138730932113563,132,0.0,6.0,0.0,160.0,
2025-04-08 15:36:35,156.1,20.0,188.79,38.0,154.12,67.0,189.6,30.0,172.44,32.69,87.0,68.0,2.5908820891696904,155,19.0,23.0,0.12,156.5,4.0
2025-04-08 15:36:36,159.23,13.0,178.64,36.0,154.8,35.0,181.22,32.0,168.93,19.41,48.0,68.0,3.0677923658523376,116,-20.0,-39.0,-0.17,156.5,
2025-04-08 15:36:37,162.0,11.0,170.93,29.0,156.0,22.0,173.53,19.0,166.47,8.930000000000007,33.0,48.0,3.781701997776061,81,-15.0,-35.0,-0.19,156.5,
2025-04-08 15:36:38,162.0,9.0,168.44,27.0,156.0,18.0,169.84,19.0,165.22,6.439999999999998,27.0,46.0,3.951983046520443,73,-19.0,-8.0,-0.26,156.5,
2025-04-08 15:36:39,162.0,9.0,166.78,37.0,158.0,27.0,168.44,27.0,164.39,4.780000000000001,36.0,64.0,3.2549731181665043,100,-28.0,27.0,-0.28,156.5,
2025-04-08 15:36:40,158.0,39.0,165.33,61.0,157.0,13.0,167.46,35.0,161.66,7.3300000000000125,52.0,96.0,2.675075699861252,148,-44.0,48.0,-0.3,162.0,1.0
2025-04-08 15:36:41,157.9,20.0,160.79,28.0,156.6,10.0,161.44,18.0,159.34,2.8899999999999864,30.0,46.0,2.8821571782242343,76,-16.0,-72.0,-0.21,158.0,3.0
2025-04-08 15:36:42,154.49,35.0,156.81,27.0,154.14,28.0,158.38,21.0,155.65,2.319999999999993,63.0,48.0,3.898611291215238,111,15.0,35.0,0.14,156.33,3.0
2025-04-08 15:36:43,154.0,21.0,156.86,7.0,153.0,16.0,159.67,9.0,155.43,2.8600000000000136,37.0,16.0,3.865828501109721,53,21.0,-58.0,0.4,155.14,7.0
2025-04-08 15:36:44,154.0,19.0,211.06,17.0,153.0,33.0,326.86,29.0,182.53,57.06,52.0,46.0,11.268419143783657,98,6.0,45.0,0.06,155.75,4.0
2025-04-08 15:36:45,157.0,10.0,255.31,39.0,154.38,16.0,305.18,34.0,206.15,98.31,26.0,73.0,22.243563113853508,99,-47.0,1.0,-0.47,161.0,2.0
2025-04-08 15:36:46,152.44,9.0,270.62,26.0,125.29,7.0,305.56,18.0,211.53,118.18,16.0,44.0,26.71834051732963,60,-28.0,-39.0,-0.47,154.29,7.0
2025-04-08 15:36:47,153.0,10.0,214.8,25.0,152.0,5.0,285.71,21.0,183.9,61.80000000000001,15.0,46.0,22.307940738669156,61,-31.0,1.0,-0.51,154.29,
2025-04-08 15:36:48,153.17,24.0,159.07,54.0,152.29,14.0,221.75,57.0,156.12,5.900000000000006,38.0,111.0,22.05752773997972,149,-73.0,88.0,-0.49,154.29,
2025-04-08 15:37:00,150.0,12.0,151.5,6.0,142.0,4.0,188.43,14.0,150.75,1.5,16.0,20.0,6.142391228178375,36,-4.0,-65.0,-0.11,154.29,
2025-04-08 15:37:01,145.5,14.0,152.0,30.0,54.05,38.0,325.11,45.0,148.75,6.5,52.0,75.0,3.983145741747456,127,-23.0,91.0,-0.18,151.0,1.0
2025-04-08 15:37:02,143.62,8.0,154.44,25.0,96.25,48.0,268.47,34.0,149.03,10.819999999999991,56.0,59.0,3.061760931228947,115,-3.0,-12.0,-0.03,153.0,3.0
2025-04-08 15:37:03,155.33,12.0,162.0,28.0,138.54,28.0,218.35,17.0,158.67,6.669999999999988,40.0,45.0,4.699582960220835,85,-5.0,-30.0,-0.06,157.5,4.0
2025-04-08 15:37:04,155.0,20.0,162.0,20.0,144.0,5.0,215.8,10.0,158.5,7.0,25.0,30.0,5.029582487642152,55,-5.0,-30.0,-0.09,155.67,3.0
2025-04-08 15:37:05,144.4,5.0,175.6,20.0,37.0,20.0,249.0,10.0,160.0,31.19999999999999,25.0,30.0,5.599593735262901,55,-5.0,0.0,-0.09,155.67,
2025-04-08 15:37:17,148.87,47.0,211.67,54.0,93.89,36.0,221.97,70.0,180.27,62.79999999999998,83.0,124.0,21.247274413439573,207,-41.0,-29.0,-0.2,149.83,12.0
2025-04-08 15:37:18,161.0,169.0,218.46,39.0,154.69,134.0,234.0,65.0,189.73,57.46000000000001,303.0,104.0,27.06633739536988,407,199.0,168.0,0.49,149.83,
2025-04-08 15:37:19,161.0,121.0,216.0,36.0,155.14,84.0,316.85,33.0,188.5,55.0,205.0,69.0,27.4025861918176,274,136.0,-133.0,0.5,161.0,5.0
2025-04-08 15:37:20,161.0,80.0,213.3,30.0,156.0,20.0,347.78,18.0,187.15,52.30000000000001,100.0,48.0,22.324295733572143,148,52.0,-126.0,0.35,161.0,
2025-04-08 15:37:21,161.0,40.0,207.82,11.0,157.33,6.0,392.67,9.0,184.41,46.81999999999999,46.0,20.0,3.769803708415424,66,26.0,-82.0,0.39,161.0,
2025-04-08 15:37:22,161.38,26.0,206.5,26.0,160.93,82.0,383.64,22.0,183.94,45.120000000000005,108.0,48.0,2.5236144713450908,156,60.0,90.0,0.38,161.0,
2025-04-08 15:37:23,161.0,84.0,183.41,34.0,158.0,12.0,260.14,14.0,172.21,22.41,96.0,48.0,6.451268867438728,144,48.0,-12.0,0.33,161.5,2.0
2025-04-08 15:37:24,161.0,56.0,181.5,24.0,159.92,78.0,549.92,13.0,171.25,20.5,134.0,37.0,7.468675920133768,171,97.0,27.0,0.57,161.5,
2025-04-08 15:37:25,161.0,98.0,180.5,48.0,159.33,66.0,315.14,42.0,170.75,19.5,164.0,90.0,7.016945204288513,254,74.0,83.0,0.29,161.5,
2025-04-08 15:37:26,162.0,154.0,180.87,52.0,161.0,119.0,365.08,49.0,171.43,18.870000000000005,273.0,101.0,5.628106253438084,374,172.0,120.0,0.46,162.0,1.0
2025-04-08 15:37:27,162.0,100.0,178.56,34.0,161.0,70.0,273.44,27.0,170.28,16.560000000000002,170.0,61.0,0.7285464981662001,231,109.0,-143.0,0.47,162.0,
2025-04-08 15:37:28,162.09,110.0,175.08,36.0,161.12,80.0,177.0,36.0,168.59,12.990000000000007,190.0,72.0,1.1378049041863738,262,118.0,31.0,0.45,162.0,
2025-04-08 15:37:29,163.09,55.0,172.39,31.0,162.0,55.0,175.73,33.0,167.74,9.299999999999985,110.0,64.0,1.5401850538136197,174,46.0,-88.0,0.26,162.0,
2025-04-08 15:37:30,164.0,30.0,167.74,19.0,162.0,35.0,169.79,19.0,165.87,3.740000000000009,65.0,38.0,2.171306058571957,103,27.0,-71.0,0.26,164.0,2.0
2025-04-08 15:37:31,164.0,30.0,167.0,30.0,162.0,50.0,168.0,30.0,165.5,3.0,80.0,60.0,1.9738870281735523,140,20.0,37.0,0.14,164.0,
2025-04-08 15:37:32,164.0,33.0,166.73,33.0,162.0,55.0,167.73,33.0,165.36,2.7299999999999898,88.0,66.0,1.461119433856187,154,22.0,14.0,0.14,164.0,
2025-04-08 15:37:33,162.37,49.0,165.27,33.0,161.24,63.0,220.53,34.0,163.82,2.9000000000000057,112.0,67.0,1.402825719750182,179,45.0,25.0,0.25,164.0,3.0
2025-04-08 15:37:34,161.63,67.0,165.0,42.0,159.84,129.0,399.11,46.0,163.31,3.3700000000000045,196.0,88.0,1.1319319767516716,284,108.0,105.0,0.38,161.83,6.0
2025-04-08 15:37:35,161.0,47.0,164.31,39.0,159.0,195.0,360.32,41.0,162.65,3.3100000000000023,242.0,80.0,1.259829353521022,322,162.0,38.0,0.5,161.0,3.0
2025-04-08 15:37:36,159.38,63.0,164.0,30.0,158.7,106.0,417.4,20.0,161.69,4.6200000000000045,169.0,50.0,1.3699379547970398,219,119.0,-103.0,0.54,159.5,8.0
2025-04-08 15:37:37,159.0,99.0,163.71,21.0,157.0,44.0,195.03,31.0,161.36,4.710000000000008,143.0,52.0,1.043422253928756,195,91.0,-24.0,0.47,159.5,
2025-04-08 15:37:38,159.0,117.0,161.82,34.0,157.18,34.0,163.72,25.0,160.41,2.819999999999993,151.0,59.0,1.129725630405013,210,92.0,15.0,0.44,159.5,
2025-04-08 15:37:39,159.0,95.0,160.89,27.0,158.0,11.0,162.43,14.0,159.94,1.8899999999999864,106.0,41.0,1.069976635256213,147,65.0,-63.0,0.44,160.0,7.0
2025-04-08 15:37:40,159.0,56.0,160.55,11.0,158.0,8.0,161.46,13.0,159.77,1.5500000000000114,64.0,24.0,0.8544764478874521,88,40.0,-59.0,0.45,160.0,
2025-04-08 15:37:41,159.0,37.0,400.83,12.0,158.0,7.0,390.29,14.0,279.92,241.83,44.0,26.0,53.467954421316605,70,18.0,-18.0,0.26,160.0,5.0
2025-04-08 15:37:42,159.0,40.0,221.0,16.0,158.0,8.0,449.0,16.0,190.0,62.0,48.0,32.0,51.910092178689,80,16.0,10.0,0.2,160.0,
2025-04-08 15:37:43,160.5,64.0,230.54,26.0,158.71,28.0,341.53,19.0,195.52,70.03999999999999,92.0,45.0,49.20982828663383,137,47.0,57.0,0.34,163.0,4.0
2025-04-08 15:37:44,163.0,28.0,222.38,29.0,158.67,15.0,223.5,16.0,192.69,59.38,43.0,45.0,45.04187995632493,88,-2.0,-49.0,-0.02,163.0,
2025-04-08 15:37:45,163.0,32.0,219.03,30.0,158.87,23.0,220.41,34.0,191.02,56.03,55.0,64.0,39.23712782556828,119,-9.0,31.0,-0.08,163.0,
2025-04-08 15:37:46,163.0,16.0,214.47,15.0,159.0,16.0,215.93,15.0,188.73,51.47,32.0,30.0,2.6309446972500723,62,2.0,-57.0,0.03,163.0,
2025-04-08 15:37:47,163.0,52.0,211.25,52.0,159.0,52.0,213.17,42.0,187.12,48.25,104.0,94.0,3.2974581119384085,198,10.0,136.0,0.05,163.0,
2025-04-08 15:37:48,159.6,53.0,207.04,70.0,157.86,44.0,208.34,70.0,183.32,47.44,97.0,140.0,3.628612682553629,237,-43.0,39.0,-0.18,160.67,9.0
2025-04-08 15:37:49,158.75,64.0,190.59,59.0,156.9,62.0,200.0,65.0,174.67,31.840000000000003,126.0,124.0,6.406541188503358,250,2.0,13.0,0.01,160.67,
2025-04-08 15:37:50,157.89,36.0,179.66,29.0,156.52,31.0,180.91,34.0,168.77,21.77000000000001,67.0,63.0,8.530666445242776,130,4.0,-120.0,0.03,159.0,4.0
2025-04-08 15:37:51,157.0,60.0,176.59,58.0,156.0,45.0,177.33,55.0,166.79,19.590000000000003,105.0,113.0,8.888376117153925,218,-8.0,88.0,-0.04,159.0,
2025-04-08 15:37:52,157.0,32.0,174.19,32.0,156.0,24.0,175.31,32.0,165.59,17.189999999999998,56.0,64.0,7.310753723111822,120,-8.0,-98.0,-0.07,159.0,
2025-04-08 15:37:53,157.0,68.0,169.25,64.0,156.0,51.0,171.15,67.0,163.12,12.25,119.0,131.0,4.357283557446614,250,-12.0,130.0,-0.05,159.0,
2025-04-08 15:37:54,159.86,84.0,164.91,57.0,155.89,53.0,166.19,47.0,162.38,5.049999999999983,137.0,104.0,2.62770812686559,241,33.0,-9.0,0.14,159.0,
2025-04-08 15:37:55,162.0,64.0,163.79,38.0,157.0,48.0,182.06,31.0,162.89,1.789999999999992,112.0,69.0,1.9251311643614848,181,43.0,-60.0,0.24,162.0,9.0
2025-04-08 15:37:56,162.0,21.0,163.0,21.0,157.0,28.0,238.29,7.0,162.5,1.0,49.0,28.0,1.3163320249830814,77,21.0,-104.0,0.27,162.0,
2025-04-08 15:37:57,157.42,24.0,162.2,30.0,155.32,38.0,402.0,10.0,159.81,4.780000000000001,62.0,40.0,1.3359453581626612,102,22.0,25.0,0.22,162.0,3.0
2025-04-08 15:37:58,157.17,35.0,160.4,55.0,156.45,20.0,170.8,40.0,158.79,3.230000000000018,55.0,95.0,1.8473846378046384,150,-40.0,48.0,-0.27,157.67,3.0
2025-04-08 15:37:59,157.0,18.0,158.52,31.0,156.0,9.0,160.12,32.0,157.76,1.5200000000000102,27.0,63.0,2.2642548443134207,90,-36.0,-60.0,-0.4,157.0,2.0
2025-04-08 15:38:00,155.01,73.0,157.77,39.0,154.07,90.0,195.25,16.0,156.39,2.7600000000000198,163.0,55.0,2.306913522435782,218,108.0,128.0,0.5,157.0,
2025-04-08 15:38:01,155.0,28.0,179.16,31.0,154.0,91.0,271.38,13.0,167.08,24.16,119.0,44.0,4.173443422402773,163,75.0,-55.0,0.46,155.38,8.0
2025-04-08 15:38:02,155.0,10.0,171.75,20.0,154.0,70.0,208.0,17.0,163.38,16.75,80.0,37.0,4.437133083421868,117,43.0,-46.0,0.37,159.0,2.0
2025-04-08 15:38:03,155.0,12.0,158.0,28.0,154.0,84.0,305.0,12.0,156.5,3.0,96.0,40.0,4.7855010187019,136,56.0,19.0,0.41,158.0,1.0
2025-04-08 15:38:04,155.0,14.0,158.0,28.0,154.0,98.0,232.21,14.0,156.5,3.0,112.0,42.0,4.97690666980977,154,70.0,18.0,0.45,158.0,
2025-04-08 15:38:05,155.0,10.0,158.0,20.0,154.0,31.0,415.37,30.0,156.5,3.0,41.0,50.0,4.957329926482296,91,-9.0,-63.0,-0.1,158.0,
2025-04-08 15:38:06,162.33,36.0,381.0,16.0,154.14,21.0,482.71,14.0,271.67,218.67,57.0,30.0,50.82377101317839,87,27.0,-4.0,0.31,158.0,2.0
2025-04-08 15:38:07,163.0,126.0,370.65,52.0,160.92,78.0,608.25,20.0,266.83,207.65,204.0,72.0,61.77942173572027,276,132.0,168.0,0.48,163.0,3.0
2025-04-08 15:38:08,163.0,128.0,305.83,52.0,161.0,112.0,360.5,24.0,234.41,142.82999999999998,240.0,76.0,57.21730568630423,316,164.0,40.0,0.52,163.0,
2025-04-08 15:38:09,163.0,80.0,322.8,50.0,161.0,70.0,383.89,18.0,242.9,159.8,150.0,68.0,46.31791953445208,218,82.0,-98.0,0.38,163.0,
2025-04-08 15:38:10,163.0,90.0,315.32,44.0,161.0,84.0,323.0,28.0,239.16,152.32,174.0,72.0,17.021026114778543,246,102.0,28.0,0.41,163.0,3.0
2025-04-08 15:38:11,163.0,50.0,220.25,12.0,161.0,84.0,314.48,54.0,191.62,57.25,134.0,66.0,27.271944008448997,200,68.0,-46.0,0.34,163.0,1.0
2025-04-08 15:38:12,163.0,68.0,230.93,58.0,161.0,119.0,232.28,67.0,196.97,67.93,187.0,125.0,24.646745626958147,312,62.0,112.0,0.2,163.0,3.0
2025-04-08 15:38:13,163.0,9.0,230.17,29.0,161.0,63.0,232.0,45.0,196.59,67.16999999999999,72.0,74.0,25.301706859419237,146,-2.0,-166.0,-0.01,163.0,
2025-04-08 15:38:14,161.11,19.0,227.0,23.0,159.56,25.0,229.36,33.0,194.05,65.88999999999999,44.0,56.0,19.95183625634454,100,-12.0,-46.0,-0.12,161.4,5.0
2025-04-08 15:38:15,159.95,19.0,226.0,27.0,157.55,33.0,227.0,45.0,192.97,66.05000000000001,52.0,72.0,2.3069893801201475,124,-20.0,24.0,-0.16,160.2,5.0
2025-04-08 15:38:16,159.0,16.0,224.11,28.0,157.0,32.0,225.42,36.0,191.55,65.11000000000001,48.0,64.0,2.3284930749278927,112,-16.0,-12.0,-0.14,160.2,
2025-04-08 15:38:17,157.74,38.0,219.11,53.0,155.97,58.0,220.13,60.0,188.43,61.370000000000005,96.0,113.0,3.0241230133689494,209,-17.0,97.0,-0.08,159.0,2.0
2025-04-08 15:38:18,157.0,44.0,198.15,40.0,155.0,55.0,207.5,42.0,177.57,41.150000000000006,99.0,82.0,6.683912028145568,181,17.0,-28.0,0.09,159.0,
2025-04-08 15:38:19,156.64,44.0,176.24,42.0,154.48,67.0,181.11,35.0,166.44,19.600000000000023,111.0,77.0,11.235418105259406,188,34.0,7.0,0.18,156.6,5.0
2025-04-08 15:38:20,158.38,21.0,170.78,40.0,155.16,38.0,171.95,40.0,164.58,12.400000000000006,59.0,80.0,12.307450182714238,139,-21.0,-49.0,-0.15,160.67,3.0
2025-04-08 15:38:21,158.0,32.0,162.83,66.0,155.0,64.0,164.57,60.0,160.42,4.8300000000000125,96.0,126.0,11.39874422908045,222,-30.0,83.0,-0.14,160.67,
2025-04-08 15:38:22,156.62,26.0,159.2,50.0,154.57,49.0,161.0,30.0,157.91,2.579999999999984,75.0,80.0,7.595428230191954,155,-5.0,-67.0,-0.03,158.0,2.0
2025-04-08 15:38:23,155.12,41.0,157.18,51.0,154.21,95.0,158.11,56.0,156.15,2.0600000000000023,136.0,107.0,4.352212081229291,243,29.0,88.0,0.12,156.67,3.0
2025-04-08 15:38:24,154.44,45.0,156.28,32.0,146.37,43.0,157.33,36.0,155.36,1.8400000000000036,88.0,68.0,3.7298029438562494,156,20.0,-87.0,0.13,155.43,7.0
2025-04-08 15:38:25,154.0,23.0,235.79,14.0,81.0,14.0,390.43,21.0,194.89,81.78999999999999,37.0,35.0,16.85151417528992,72,2.0,-84.0,0.03,154.25,4.0
2025-04-08 15:38:27,162.0,8.0,279.08,39.0,154.0,32.0,310.97,34.0,220.54,117.07999999999998,40.0,73.0,66.3639131606929,113,-33.0,11.0,-0.29,154.25,
2025-04-08 15:38:28,154.22,37.0,276.9,50.0,120.02,49.0,278.0,50.0,215.56,122.67999999999998,86.0,100.0,59.56369053374705,186,-14.0,73.0,-0.08,154.25,
2025-04-08 15:38:29,138.36,59.0,206.19,73.0,103.88,56.0,269.93,81.0,172.27,67.82999999999998,115.0,154.0,55.2559112674833,269,-39.0,83.0,-0.14,154.0,2.0
2025-04-08 15:38:30,118.7,46.0,184.09,55.0,94.72,29.0,185.45,55.0,151.39,65.39,75.0,110.0,63.7568720217671,185,-35.0,-84.0,-0.19,154.0,
2025-04-08 15:38:31,146.37,35.0,181.42,60.0,126.37,51.0,183.0,60.0,163.89,35.04999999999998,86.0,120.0,31.36063535708406,206,-34.0,21.0,-0.17,154.0,
2025-04-08 15:38:32,149.19,31.0,179.0,50.0,125.84,31.0,180.0,50.0,164.1,29.81,62.0,100.0,24.698703812143496,162,-38.0,-44.0,-0.23,157.38,8.0
2025-04-08 15:38:41,150.5,24.0,201.17,35.0,148.86,14.0,277.79,33.0,175.84,50.66999999999999,38.0,68.0,20.10353501252937,106,-30.0,44.0,-0.28,151.0,4.0
2025-04-08 15:38:42,161.91,22.0,433.67,27.0,157.19,27.0,558.47,49.0,297.79,271.76,49.0,76.0,72.32051838862876,125,-27.0,19.0,-0.22,151.0,
2025-04-08 15:38:43,160.0,16.0,444.38,8.0,158.0,16.0,484.75,20.0,302.19,284.38,32.0,28.0,85.82447086932713,60,4.0,-65.0,0.07,161.67,3.0
2025-04-08 15:38:44,158.8,20.0,376.0,21.0,156.85,13.0,444.0,7.0,267.4,217.2,33.0,28.0,75.1258958682023,61,5.0,1.0,0.08,159.0,3.0
2025-04-08 15:38:45,157.0,14.0,195.53,19.0,155.0,7.0,309.11,19.0,176.26,38.53,21.0,38.0,63.36686697320592,59,-17.0,-2.0,-0.29,157.0,2.0
2025-04-08 15:38:46,155.0,7.0,180.86,7.0,93.29,21.0,288.27,11.0,167.93,25.860000000000014,28.0,18.0,65.5517728974585,46,10.0,-13.0,0.22,157.0,
2025-04-08 15:38:47,155.0,8.0,179.5,8.0,98.48,25.0,269.57,30.0,167.25,24.5,33.0,38.0,63.908174203305016,71,-5.0,25.0,-0.07,157.0,
2025-04-08 15:38:48,155.0,5.0,179.0,5.0,38.0,20.0,443.85,13.0,167.0,24.0,25.0,18.0,43.902545142622266,43,7.0,-28.0,0.16,157.0,
2025-04-08 15:38:49,157.0,12.0,174.42,12.0,155.0,6.0,311.38,8.0,165.71,17.419999999999987,18.0,20.0,4.230679614434284,38,-2.0,-5.0,-0.05,157.0,
2025-04-08 15:38:50,157.0,20.0,174.69,16.0,155.0,10.0,302.0,16.0,165.84,17.689999999999998,30.0,32.0,0.9505945507892464,62,-2.0,24.0,-0.03,157.0,
2025-04-08 15:38:51,157.25,16.0,173.0,35.0,155.5,8.0,174.0,7.0,165.12,15.75,24.0,42.0,0.9051684925969784,66,-18.0,4.0,-0.27,158.0,4.0
2025-04-08 15:38:52,157.0,22.0,171.55,55.0,155.0,11.0,174.0,11.0,164.27,14.550000000000011,33.0,66.0,1.0035287738726588,99,-33.0,33.0,-0.33,158.0,
2025-04-08 15:38:53,157.0,24.0,170.53,36.0,155.0,12.0,170.67,36.0,163.76,13.53,36.0,72.0,0.905069058133387,108,-36.0,9.0,-0.33,158.0,
2025-04-08 15:38:54,149.83,48.0,167.54,13.0,108.47,43.0,170.0,71.0,158.69,17.70999999999998,91.0,84.0,2.82356689313192,175,7.0,67.0,0.04,156.33,3.0
2025-04-08 15:38:55,159.0,74.0,165.6,20.0,85.19,37.0,169.89,76.0,162.3,6.599999999999994,111.0,96.0,2.529974308168115,207,15.0,32.0,0.07,159.0,2.0
2025-04-08 15:38:56,145.25,53.0,159.59,46.0,75.08,39.0,161.73,30.0,152.42,14.340000000000003,92.0,76.0,4.909640516370949,168,16.0,-39.0,0.1,159.0,6.0
2025-04-08 15:39:02,149.7,46.0,250.69,35.0,147.4,30.0,296.9,30.0,200.19,100.99,76.0,65.0,35.27048270154513,141,11.0,4.0,0.08,153.6,5.0
2025-04-08 15:39:03,163.0,12.0,257.0,30.0,155.75,16.0,420.7,10.0,210.0,94.0,28.0,40.0,41.33278517109621,68,-12.0,-73.0,-0.18,153.6,
2025-04-08 15:39:04,163.0,16.0,243.25,20.0,158.65,34.0,278.14,28.0,203.12,80.25,50.0,48.0,34.20840203809568,98,2.0,30.0,0.02,153.6,
2025-04-08 15:39:05,163.0,22.0,201.57,14.0,159.93,30.0,359.68,19.0,182.29,38.56999999999999,52.0,33.0,25.03360281701352,85,19.0,-13.0,0.22,153.6,
2025-04-08 15:39:06,159.87,46.0,198.58,48.0,157.62,64.0,199.77,30.0,179.23,38.71000000000001,110.0,78.0,13.49168002881725,188,32.0,103.0,0.17,162.0,4.0
2025-04-08 15:39:07,159.0,52.0,195.93,30.0,157.0,78.0,197.17,48.0,177.47,36.93000000000001,130.0,78.0,15.03065101717111,208,52.0,20.0,0.25,162.0,
2025-04-08 15:39:08,159.0,32.0,193.0,52.0,157.0,90.0,194.79,38.0,176.0,34.0,122.0,90.0,11.148742978470162,212,32.0,4.0,0.15,159.0,2.0
2025-04-08 15:39:09,159.0,14.0,190.0,28.0,157.0,42.0,191.0,14.0,174.5,31.0,56.0,42.0,3.0164499001290164,98,14.0,-114.0,0.14,159.0,
2025-04-08 15:39:10,159.0,22.0,189.71,42.0,157.0,66.0,190.67,24.0,174.36,30.710000000000008,88.0,66.0,2.064381263233268,154,22.0,56.0,0.14,159.0,
2025-04-08 15:39:11,158.68,38.0,175.74,39.0,157.21,99.0,185.73,45.0,167.21,17.060000000000002,137.0,84.0,3.952286679884066,221,53.0,67.0,0.24,158.4,5.0
2025-04-08 15:39:12,156.87,23.0,158.77,52.0,155.82,45.0,159.62,32.0,157.82,1.9000000000000057,68.0,84.0,7.605814880733673,152,-16.0,-69.0,-0.11,157.0,12.0
2025-04-08 15:39:13,151.88,17.0,155.73,37.0,146.91,35.0,157.21,33.0,153.81,3.8499999999999934,52.0,70.0,9.461160076861107,122,-18.0,-30.0,-0.15,154.8,5.0
2025-04-08 15:39:14,137.34,38.0,153.58,24.0,103.9,20.0,156.0,24.0,145.46,16.24000000000001,58.0,48.0,11.317184720591584,106,10.0,-16.0,0.09,154.8,
2025-04-08 15:39:15,125.0,60.0,151.0,24.0,84.18,44.0,152.5,24.0,138.0,26.0,104.0,48.0,11.249513322806148,152,56.0,46.0,0.37,144.0,2.0
2025-04-08 15:39:19,133.17,24.0,152.0,8.0,132.67,24.0,216.0,8.0,142.58,18.830000000000013,48.0,16.0,1.9681387146226232,64,32.0,-34.0,0.5,144.0,
2025-04-08 15:39:20,139.73,11.0,283.5,24.0,133.02,41.0,443.32,19.0,211.61,143.77,52.0,43.0,32.137114836276034,95,9.0,31.0,0.09,149.0,2.0
2025-04-08 15:39:21,156.32,19.0,448.56,27.0,146.9,10.0,600.31,29.0,302.44,292.24,29.0,56.0,71.43488048565621,85,-27.0,-10.0,-0.32,149.0,
2025-04-08 15:39:26,164.0,5.0,403.67,18.0,162.0,35.0,561.24,17.0,283.83,239.67,40.0,35.0,50.24491138413858,75,5.0,-15.0,0.07,149.0,
2025-04-08 15:39:27,162.4,10.0,401.75,12.0,161.1,20.0,404.0,16.0,282.07,239.35,30.0,28.0,54.42566306440324,58,2.0,-17.0,0.03,162.5,4.0
2025-04-08 15:39:28,162.0,29.0,287.57,28.0,159.0,24.0,336.43,28.0,224.79,125.57,53.0,56.0,71.0574505593886,109,-3.0,51.0,-0.03,162.0,3.0
2025-04-08 15:39:29,159.5,4.0,260.5,12.0,155.71,34.0,287.8,15.0,210.0,101.0,38.0,27.0,47.99236626798023,65,11.0,-44.0,0.17,159.2,5.0
2025-04-08 15:39:30,155.79,19.0,180.44,27.0,154.12,110.0,228.11,27.0,168.12,24.65000000000001,129.0,54.0,49.48350502945378,183,75.0,118.0,0.41,155.5,4.0
2025-04-08 15:39:31,156.0,8.0,178.88,24.0,155.0,88.0,181.0,24.0,167.44,22.879999999999995,96.0,48.0,47.37337258418474,144,48.0,-39.0,0.33,155.5,
2025-04-08 15:39:32,157.71,7.0,177.2,15.0,155.06,35.0,181.0,15.0,167.46,19.48999999999998,42.0,30.0,27.73249213467834,72,12.0,-72.0,0.17,155.5,
2025-04-08 15:39:33,156.43,80.0,176.73,33.0,140.79,95.0,527.63,49.0,166.58,20.299999999999983,175.0,82.0,19.05914478668968,257,93.0,168.0,0.36,158.0,7.0
2025-04-08 15:39:34,162.3,50.0,168.8,30.0,161.0,60.0,338.7,30.0,165.55,6.5,110.0,60.0,0.991715685065081,170,50.0,-87.0,0.29,158.0,
2025-04-08 15:39:35,163.0,25.0,175.4,15.0,161.0,30.0,566.0,20.0,169.2,12.400000000000006,55.0,35.0,1.343644298169716,90,20.0,-80.0,0.22,158.0,
2025-04-08 15:39:36,162.61,31.0,173.17,18.0,159.62,39.0,476.0,21.0,167.89,10.559999999999974,70.0,39.0,1.3746017605124563,109,31.0,19.0,0.28,163.0,5.0
2025-04-08 15:39:37,161.0,60.0,172.33,36.0,155.0,108.0,341.45,33.0,166.67,11.330000000000013,168.0,69.0,1.401916545306468,237,99.0,128.0,0.42,161.0,2.0
2025-04-08 15:39:38,161.75,32.0,171.83,18.0,157.82,34.0,189.5,24.0,166.79,10.080000000000013,66.0,42.0,1.3825339055531365,108,24.0,-129.0,0.22,161.0,
2025-04-08 15:39:39,162.0,72.0,169.81,27.0,161.0,48.0,174.69,39.0,165.91,7.810000000000002,120.0,66.0,1.279343581687104,186,54.0,78.0,0.29,161.0,
2025-04-08 15:39:40,162.0,60.0,166.96,27.0,161.0,40.0,169.97,29.0,164.48,4.960000000000008,100.0,56.0,1.260761674546182,156,44.0,-30.0,0.28,161.0,
2025-04-08 15:39:41,162.0,92.0,163.11,73.0,161.0,68.0,164.67,42.0,162.55,1.1100000000000136,160.0,115.0,1.7819932659819564,275,45.0,119.0,0.16,162.0,5.0
2025-04-08 15:39:42,162.0,15.0,163.4,30.0,161.0,60.0,167.0,45.0,162.7,1.4000000000000057,75.0,75.0,1.8890553194667103,150,0.0,-125.0,0.0,162.0,
2025-04-08 15:39:43,160.54,28.0,171.68,31.0,157.74,54.0,226.88,40.0,166.11,11.140000000000017,82.0,71.0,1.69636375816202,153,11.0,3.0,0.07,161.2,5.0
2025-04-08 15:39:44,157.16,37.0,176.0,24.0,154.9,20.0,345.4,20.0,166.58,18.840000000000003,57.0,44.0,1.8681621985270784,101,13.0,-52.0,0.13,159.0,3.0
2025-04-08 15:39:45,157.72,67.0,214.83,36.0,155.98,112.0,397.35,46.0,186.27,57.110000000000014,179.0,82.0,9.920043850709698,261,97.0,160.0,0.37,159.0,
2025-04-08 15:39:46,158.36,53.0,290.0,13.0,156.19,104.0,291.23,22.0,224.18,131.64,157.0,35.0,25.77150888093278,192,122.0,-69.0,0.64,161.0,6.0
2025-04-08 15:39:47,157.0,70.0,287.5,28.0,156.0,168.0,290.0,14.0,222.25,130.5,238.0,42.0,28.69715090387879,280,196.0,88.0,0.7,161.0,
2025-04-08 15:39:48,160.63,73.0,278.86,29.0,156.62,128.0,285.53,45.0,219.75,118.23000000000002,201.0,74.0,25.994126836652654,275,127.0,-5.0,0.46,162.0,1.0
2025-04-08 15:39:49,162.0,42.0,245.45,44.0,157.71,70.0,258.47,17.0,203.73,83.44999999999999,112.0,61.0,16.132147408202737,173,51.0,-102.0,0.29,162.0,
2025-04-08 15:39:50,162.0,36.0,214.09,43.0,158.75,48.0,228.0,28.0,188.05,52.09,84.0,71.0,15.448628418082365,155,13.0,-18.0,0.08,162.0,
2025-04-08 15:39:51,162.0,45.0,196.26,43.0,160.0,45.0,197.24,68.0,179.13,34.25999999999999,90.0,111.0,19.000418942749317,201,-21.0,46.0,-0.1,162.0,
2025-04-08 15:39:52,162.0,36.0,193.75,12.0,160.0,36.0,196.0,60.0,177.88,31.75,72.0,72.0,17.844347004023206,144,0.0,-57.0,0.0,162.0,
2025-04-08 15:39:53,162.0,39.0,187.76,38.0,160.0,39.0,186.68,31.0,174.88,25.75999999999999,78.0,69.0,11.697513838418695,147,9.0,3.0,0.06,162.0,
2025-04-08 15:39:54,162.0,42.0,177.91,45.0,160.0,42.0,179.97,31.0,169.96,15.909999999999997,84.0,76.0,6.645821995810646,160,8.0,13.0,0.05,162.0,
2025-04-08 15:39:55,162.17,35.0,173.82,39.0,159.74,38.0,175.81,48.0,168.0,11.650000000000006,73.0,87.0,4.85959874886833,160,-14.0,0.0,-0.09,161.5,4.0
2025-04-08 15:39:56,163.0,18.0,169.67,45.0,160.0,18.0,171.0,18.0,166.33,6.669999999999988,36.0,63.0,4.8331873541177615,99,-27.0,-61.0,-0.27,161.5,
2025-04-08 15:39:57,163.0,26.0,167.43,35.0,160.0,26.0,168.21,53.0,165.21,4.430000000000007,52.0,88.0,3.805000657030837,140,-36.0,41.0,-0.26,161.5,
2025-04-08 15:39:58,163.0,14.0,164.86,14.0,160.0,14.0,166.88,32.0,163.93,1.8600000000000136,28.0,46.0,2.36360529699995,74,-18.0,-66.0,-0.24,163.0,2.0
2025-04-08 15:39:59,159.57,23.0,161.8,35.0,157.87,52.0,213.16,37.0,160.68,2.230000000000018,75.0,72.0,2.760244554384116,147,3.0,73.0,0.02,160.0,2.0
2025-04-08 15:40:00,158.0,40.0,161.0,40.0,157.0,56.0,571.34,35.0,159.5,3.0,96.0,75.0,2.9319703272727744,171,21.0,24.0,0.12,160.0,
2025-04-08 15:40:01,158.0,79.0,161.0,75.0,157.0,105.0,214.59,74.0,159.5,3.0,184.0,149.0,2.6454167913598505,333,35.0,162.0,0.11,160.0,
2025-04-08 15:40:02,157.6,35.0,159.78,45.0,156.62,79.0,186.44,45.0,158.69,2.180000000000007,114.0,90.0,2.0655144637618075,204,24.0,-129.0,0.12,158.0,6.0
2025-04-08 15:40:03,157.0,55.0,158.9,50.0,156.0,150.0,194.0,50.0,157.95,1.9000000000000057,205.0,100.0,1.0213373585695198,305,105.0,101.0,0.34,157.0,5.0
2025-04-08 15:40:04,156.03,131.0,157.92,60.0,154.86,70.0,325.75,60.0,156.97,1.8899999999999864,201.0,120.0,1.0813278873727885,321,81.0,16.0,0.25,156.33,6.0
2025-04-08 15:40:05,155.4,73.0,174.67,60.0,153.73,44.0,386.83,60.0,165.03,19.269999999999985,117.0,120.0,3.160636011945949,237,-3.0,-84.0,-0.01,156.0,8.0
2025-04-08 15:40:06,154.0,56.0,196.65,31.0,153.0,33.0,209.74,46.0,175.32,42.650000000000006,89.0,77.0,7.683203758850091,166,12.0,-71.0,0.07,156.0,
2025-04-08 15:40:07,160.33,27.0,183.97,72.0,155.65,37.0,204.36,33.0,172.15,23.639999999999983,64.0,105.0,8.225538280259048,169,-41.0,3.0,-0.24,156.0,
2025-04-08 15:40:08,161.0,20.0,179.85,13.0,157.0,20.0,180.94,17.0,170.42,18.849999999999994,40.0,30.0,7.196191353765252,70,10.0,-99.0,0.14,156.0,
2025-04-08 15:40:09,158.23,13.0,176.29,14.0,156.1,40.0,178.05,19.0,167.26,18.06,53.0,33.0,4.0405234809372,86,20.0,16.0,0.23,159.67,3.0
2025-04-08 15:40:10,157.0,12.0,163.14,28.0,156.0,96.0,172.83,23.0,160.07,6.139999999999986,108.0,51.0,5.801812647785635,159,57.0,73.0,0.36,159.67,
2025-04-08 15:40:11,157.7,10.0,161.4,10.0,156.13,55.0,251.0,41.0,159.55,3.700000000000017,65.0,51.0,5.823516978596934,116,14.0,-43.0,0.12,158.0,1.0
2025-04-08 15:40:12,158.89,38.0,161.0,11.0,156.53,17.0,205.7,50.0,159.95,2.1100000000000136,55.0,61.0,5.049292029582745,116,-6.0,0.0,-0.05,158.0,
2025-04-08 15:40:13,159.0,32.0,160.0,20.0,157.0,10.0,167.67,42.0,159.5,1.0,42.0,62.0,3.359825888347308,104,-20.0,-12.0,-0.19,159.0,1.0
2025-04-08 15:40:14,158.17,12.0,160.0,24.0,156.26,27.0,168.0,60.0,159.08,1.8300000000000125,39.0,84.0,0.3942714800863462,123,-45.0,19.0,-0.37,159.0,3.0
2025-04-08 15:40:15,157.25,12.0,160.0,12.0,156.03,37.0,168.0,50.0,158.62,2.75,49.0,62.0,0.5069023574709438,111,-13.0,-12.0,-0.12,158.5,4.0
2025-04-08 15:40:16,157.0,8.0,159.12,8.0,156.0,32.0,179.56,36.0,158.06,2.1200000000000045,40.0,44.0,0.7379159843842171,84,-4.0,-27.0,-0.05,158.5,
2025-04-08 15:40:17,156.14,28.0,204.68,19.0,154.29,112.0,232.53,43.0,180.41,48.54000000000002,140.0,62.0,9.67241851865436,202,78.0,118.0,0.39,157.5,2.0
2025-04-08 15:40:18,156.0,28.0,240.0,14.0,154.0,100.0,383.0,35.0,198.0,84.0,128.0,49.0,17.889974287292983,177,79.0,-25.0,0.45,157.5,
2025-04-08 15:40:19,156.4,30.0,235.91,33.0,154.5,96.0,364.88,48.0,196.15,79.50999999999999,126.0,81.0,19.41720293966153,207,45.0,30.0,0.22,157.5,
2025-04-08 15:40:20,154.48,25.0,231.0,25.0,153.86,42.0,240.0,10.0,192.74,76.52000000000001,67.0,35.0,16.58339440524758,102,32.0,-105.0,0.31,155.71,7.0
2025-04-08 15:40:21,154.0,134.0,239.44,18.0,153.0,63.0,367.33,36.0,196.72,85.44,197.0,54.0,7.196258055405809,251,143.0,149.0,0.57,154.0,5.0
2025-04-08 15:40:22,154.0,99.0,205.85,27.0,153.0,63.0,254.0,18.0,179.93,51.85,162.0,45.0,7.403159460662248,207,117.0,-44.0,0.57,154.0,
2025-04-08 15:40:23,154.0,106.0,237.07,28.0,153.0,99.0,262.29,28.0,195.54,83.07,205.0,56.0,7.036187177725815,261,149.0,54.0,0.57,154.0,4.0
2025-04-08 15:40:24,154.0,57.0,235.08,26.0,153.0,91.0,376.45,44.0,194.54,81.08000000000001,148.0,70.0,6.845398454435893,218,78.0,-43.0,0.36,154.0,6.0
2025-04-08 15:40:25,154.0,10.0,233.42,19.0,153.0,70.0,448.0,23.0,193.71,79.41999999999999,80.0,42.0,6.888974524556844,122,38.0,-96.0,0.31,154.0,
2025-04-08 15:40:26,154.19,43.0,229.62,32.0,112.65,82.0,289.5,56.0,191.91,75.43,125.0,88.0,6.398845989707343,213,37.0,91.0,0.17,154.14,7.0
2025-04-08 15:40:27,124.11,38.0,203.2,46.0,84.64,44.0,217.17,42.0,163.65,79.08999999999999,82.0,88.0,13.604717931658694,170,-6.0,-43.0,-0.04,151.4,10.0
2025-04-08 15:40:28,153.46,39.0,219.74,19.0,100.69,39.0,222.0,32.0,186.6,66.28,78.0,51.0,12.914649433879214,129,27.0,-41.0,0.21,151.4,
2025-04-08 15:40:29,155.16,37.0,217.25,16.0,153.0,20.0,219.29,14.0,186.21,62.09,57.0,30.0,12.059783580147606,87,27.0,-42.0,0.31,155.0,3.0
2025-04-08 15:40:30,158.0,12.0,195.5,24.0,155.0,96.0,213.36,33.0,176.75,37.5,108.0,57.0,11.142422537312068,165,51.0,78.0,0.31,155.0,
2025-04-08 15:40:31,155.6,25.0,192.11,18.0,149.92,49.0,193.11,18.0,173.86,36.51000000000002,74.0,36.0,9.542951849401852,110,38.0,-55.0,0.35,155.75,4.0
2025-04-08 15:40:32,155.0,40.0,190.88,16.0,131.0,48.0,192.5,16.0,172.94,35.879999999999995,88.0,32.0,6.662955050126111,120,56.0,10.0,0.47,155.75,
2025-04-08 15:40:33,155.0,47.0,187.6,20.0,117.1,40.0,190.0,20.0,171.3,32.599999999999994,87.0,40.0,5.929061477165093,127,47.0,7.0,0.37,155.0,1.0
2025-04-08 15:40:34,156.37,68.0,182.84,50.0,143.22,54.0,185.29,34.0,169.6,26.47,122.0,84.0,2.701629138132281,206,38.0,79.0,0.18,155.0,
2025-04-08 15:40:35,160.67,27.0,179.86,21.0,159.14,43.0,181.73,22.0,170.26,19.190000000000023,70.0,43.0,1.7880492163266293,113,27.0,-93.0,0.24,155.0,
2025-04-08 15:40:36,162.78,27.0,177.0,18.0,161.78,27.0,178.0,18.0,169.89,14.22,54.0,36.0,1.3591615062260918,90,18.0,-23.0,0.2,155.0,
2025-04-08 15:40:37,163.86,21.0,175.71,14.0,162.64,25.0,177.0,14.0,169.79,11.849999999999994,46.0,28.0,0.6768825599815629,74,18.0,-16.0,0.24,155.0,
2025-04-08 15:40:38,164.0,45.0,172.67,45.0,163.0,60.0,175.0,30.0,168.33,8.669999999999987,105.0,75.0,0.735751316687624,180,30.0,106.0,0.17,155.0,
2025-04-08 15:40:39,164.0,39.0,169.6,30.0,163.0,52.0,171.4,30.0,166.8,5.599999999999994,91.0,60.0,1.4397673423188666,151,31.0,-29.0,0.21,155.0,
2025-04-08 15:40:40,164.0,39.0,165.56,59.0,163.0,52.0,167.17,36.0,164.78,1.5600000000000025,91.0,95.0,2.1598541617453377,186,-4.0,35.0,-0.02,155.0,
2025-04-08 15:40:41,163.65,34.0,165.37,49.0,162.78,41.0,167.2,30.0,164.51,1.7199999999999989,75.0,79.0,2.269178265365987,154,-4.0,-32.0,-0.03,164.0,3.0
2025-04-08 15:40:42,163.0,64.0,166.03,35.0,162.0,48.0,167.13,45.0,164.51,3.030000000000001,112.0,80.0,1.715263828106367,192,32.0,38.0,0.17,164.0,
2025-04-08 15:40:43,161.36,28.0,164.08,26.0,159.62,39.0,390.8,20.0,162.72,2.719999999999999,67.0,46.0,1.449355028973509,113,21.0,-79.0,0.19,162.57,7.0
2025-04-08 15:40:44,159.0,35.0,163.14,21.0,158.0,42.0,254.0,14.0,161.07,4.139999999999986,77.0,35.0,1.5961108984063448,112,42.0,-1.0,0.38,162.57,
2025-04-08 15:40:45,160.0,170.0,162.5,30.0,158.26,57.0,557.38,16.0,161.25,2.5,227.0,46.0,1.6769973166382737,273,181.0,161.0,0.66,160.0,7.0
2025-04-08 15:40:46,160.0,59.0,161.0,15.0,158.0,30.0,377.0,10.0,160.5,1.0,89.0,25.0,1.61983023802265,114,64.0,-159.0,0.56,160.0,4.0
2025-04-08 15:40:47,160.0,121.0,161.0,33.0,158.0,66.0,334.27,22.0,160.5,1.0,187.0,55.0,0.9095988126713148,242,132.0,128.0,0.55,160.0,
2025-04-08 15:40:48,160.0,88.0,161.0,24.0,158.0,48.0,193.29,28.0,160.5,1.0,136.0,52.0,0.3670558540785759,188,84.0,-54.0,0.45,160.0,
2025-04-08 15:40:49,160.0,70.0,186.89,18.0,158.0,48.0,584.57,28.0,173.44,26.889999999999983,118.0,46.0,5.71233052265112,164,72.0,-24.0,0.44,160.0,3.0
2025-04-08 15:40:50,160.0,40.0,303.43,14.0,158.0,30.0,514.5,16.0,231.71,143.43,70.0,30.0,30.91141860219297,100,40.0,-64.0,0.4,160.0,
2025-04-08 15:40:51,160.0,40.0,391.93,15.0,158.0,30.0,425.38,16.0,275.97,231.93,70.0,31.0,51.48300622535543,101,39.0,1.0,0.39,160.0,
2025-04-08 15:40:52,160.0,45.0,391.0,30.0,158.0,36.0,392.0,12.0,275.5,231.0,81.0,42.0,54.77106836642836,123,39.0,22.0,0.32,160.0,1.0
2025-04-08 15:40:53,160.0,35.0,390.79,19.0,158.0,30.0,391.38,16.0,275.39,230.79,65.0,35.0,45.00159074966074,100,30.0,-23.0,0.3,160.0,
2025-04-08 15:40:54,160.0,62.0,206.0,66.0,158.0,90.0,318.91,44.0,183.0,46.0,152.0,110.0,41.166291185871366,262,42.0,162.0,0.16,160.0,6.0
2025-04-08 15:40:55,161.74,38.0,192.62,40.0,158.18,33.0,389.0,16.0,177.18,30.879999999999995,71.0,56.0,52.36483333306771,127,15.0,-135.0,0.12,160.0,
2025-04-08 15:40:56,162.0,89.0,189.78,45.0,160.0,9.0,389.0,18.0,175.89,27.78,98.0,63.0,53.062553368641936,161,35.0,34.0,0.22,162.0,2.0
2025-04-08 15:40:57,162.0,117.0,185.32,41.0,159.69,13.0,194.33,49.0,173.66,23.319999999999997,130.0,90.0,43.943740509883646,220,40.0,59.0,0.18,162.0,
2025-04-08 15:40:58,162.0,108.0,181.14,43.0,160.9,42.0,182.1,50.0,171.57,19.139999999999983,150.0,93.0,4.334945213033978,243,57.0,23.0,0.23,162.0,
2025-04-08 15:40:59,162.06,34.0,179.09,22.0,161.24,21.0,180.38,13.0,170.57,17.03,55.0,35.0,2.7934978074106827,90,20.0,-153.0,0.22,162.0,4.0
2025-04-08 15:41:00,163.0,28.0,177.0,50.0,162.0,70.0,177.97,61.0,170.0,14.0,98.0,111.0,2.4262254635564022,209,-13.0,119.0,-0.06,162.0,
2025-04-08 15:41:01,162.28,25.0,173.5,38.0,161.25,48.0,174.75,48.0,167.89,11.22,73.0,86.0,2.116263216145588,159,-13.0,-50.0,-0.08,162.4,5.0
2025-04-08 15:41:02,162.89,36.0,168.59,39.0,161.1,40.0,169.74,47.0,165.74,5.700000000000017,76.0,86.0,2.335108134543707,162,-10.0,3.0,-0.06,162.29,7.0
2025-04-08 15:41:03,160.79,28.0,163.87,55.0,158.91,64.0,164.88,68.0,162.33,3.0800000000000125,92.0,123.0,3.371398819483343,215,-31.0,53.0,-0.14,161.0,2.0
2025-04-08 15:41:04,159.0,15.0,162.25,24.0,158.0,24.0,164.05,58.0,160.62,3.25,39.0,82.0,3.86373265120858,121,-43.0,-94.0,-0.36,157.67,6.0
2025-04-08 15:41:05,155.12,48.0,160.58,12.0,154.83,29.0,163.92,36.0,157.85,5.460000000000008,77.0,48.0,3.9997037390308257,125,29.0,4.0,0.23,157.67,
2025-04-08 15:41:06,155.04,53.0,159.51,47.0,154.15,52.0,159.16,25.0,157.27,4.469999999999999,105.0,72.0,3.4616860054052907,177,33.0,52.0,0.19,156.0,2.0
2025-04-08 15:41:07,124.21,57.0,154.5,22.0,113.16,57.0,156.71,38.0,139.36,30.290000000000006,114.0,60.0,9.246855141074867,174,54.0,-3.0,0.31,154.38,8.0
2025-04-08 15:41:10,131.73,37.0,152.0,70.0,114.27,11.0,308.23,26.0,141.86,20.27000000000001,48.0,96.0,12.133248946594422,144,-48.0,8.0,-0.33,154.38,
2025-04-08 15:41:11,126.86,28.0,185.62,48.0,117.73,15.0,432.62,37.0,156.24,58.760000000000005,43.0,85.0,11.744942315738925,128,-42.0,-16.0,-0.33,152.0,5.0
2025-04-08 15:41:12,128.94,17.0,203.81,31.0,123.09,23.0,350.33,46.0,166.37,74.87,40.0,77.0,17.130885849833653,117,-37.0,-11.0,-0.32,147.0,3.0
2025-04-08 15:41:13,126.89,18.0,196.59,44.0,124.83,24.0,344.02,52.0,161.74,69.7,42.0,96.0,15.769104920699396,138,-54.0,21.0,-0.39,144.0,3.0
2025-04-08 15:41:14,158.11,56.0,319.54,52.0,154.71,34.0,438.52,25.0,238.82,161.43,90.0,77.0,37.926290090121,167,13.0,29.0,0.08,159.5,2.0
2025-04-08 15:41:15,160.54,13.0,217.21,56.0,159.0,91.0,226.79,48.0,188.88,56.670000000000016,104.0,104.0,33.887122923022005,208,0.0,41.0,0.0,159.5,
2025-04-08 15:41:16,162.75,12.0,206.09,45.0,159.0,84.0,257.33,45.0,184.42,43.34,96.0,90.0,30.633711495670905,186,6.0,-22.0,0.03,159.5,
2025-04-08 15:41:17,163.9,10.0,189.0,40.0,159.0,70.0,386.0,42.0,176.45,25.099999999999994,80.0,82.0,29.14615789430913,162,-2.0,-24.0,-0.01,159.5,
2025-04-08 15:41:18,164.0,12.0,187.5,48.0,159.0,84.0,312.23,48.0,175.75,23.5,96.0,96.0,26.274682300648216,192,0.0,30.0,0.0,159.5,
2025-04-08 15:41:19,164.0,13.0,183.62,52.0,159.07,86.0,186.0,52.0,173.81,19.620000000000005,99.0,104.0,6.466774311819271,203,-5.0,11.0,-0.02,159.5,
2025-04-08 15:41:20,164.0,5.0,182.8,20.0,162.0,10.0,186.0,20.0,173.4,18.80000000000001,15.0,40.0,4.466086653884785,55,-25.0,-148.0,-0.45,159.5,
2025-04-08 15:41:21,164.0,10.0,182.0,40.0,162.0,20.0,186.0,40.0,173.0,18.0,30.0,80.0,1.5247524389255684,110,-50.0,55.0,-0.45,159.5,
2025-04-08 15:41:22,164.0,13.0,180.46,52.0,162.0,26.0,181.46,52.0,172.23,16.460000000000008,39.0,104.0,1.3168409167435855,143,-65.0,33.0,-0.45,159.5,
2025-04-08 15:41:23,162.36,22.0,178.5,56.0,160.25,48.0,179.64,56.0,170.43,16.139999999999986,70.0,112.0,1.3329028471763598,182,-42.0,39.0,-0.23,162.0,5.0
2025-04-08 15:41:24,161.0,39.0,176.69,52.0,159.0,91.0,178.46,52.0,168.85,15.689999999999998,130.0,104.0,1.905694099275015,234,26.0,52.0,0.11,162.0,
2025-04-08 15:41:25,161.0,33.0,173.09,44.0,159.0,77.0,174.91,44.0,167.05,12.090000000000003,110.0,88.0,2.433930976838208,198,22.0,-36.0,0.11,162.0,
2025-04-08 15:41:26,161.0,11.0,171.18,44.0,159.0,77.0,174.0,44.0,166.09,10.180000000000009,88.0,88.0,2.487287679383652,176,0.0,-22.0,0.0,161.0,2.0
2025-04-08 15:41:27,160.0,16.0,168.3,40.0,158.7,66.0,170.4,40.0,164.15,8.300000000000011,82.0,80.0,2.4314357898194747,162,2.0,-14.0,0.01,159.5,4.0
2025-04-08 15:41:28,159.03,58.0,164.19,64.0,157.21,78.0,165.88,64.0,161.61,5.159999999999997,136.0,128.0,2.7800719415181536,264,8.0,102.0,0.03,159.5,
2025-04-08 15:41:29,159.78,9.0,161.5,32.0,158.7,33.0,164.0,32.0,160.64,1.7199999999999989,42.0,64.0,2.7682340941506403,106,-22.0,-158.0,-0.21,159.33,3.0
2025-04-08 15:41:30,158.71,49.0,162.27,66.0,155.89,146.0,175.62,48.0,160.49,3.5600000000000023,195.0,114.0,2.442146596750322,309,81.0,168.0,0.26,160.2,5.0
2025-04-08 15:41:31,161.0,10.0,162.75,16.0,157.0,40.0,164.0,32.0,161.88,1.75,50.0,48.0,1.4676614050999537,98,2.0,-168.0,0.02,161.0,1.0
2025-04-08 15:41:32,157.22,37.0,160.6,20.0,155.13,157.0,280.07,27.0,158.91,3.3799999999999955,194.0,47.0,1.169628146045136,241,147.0,143.0,0.61,161.0,1.0
2025-04-08 15:41:33,155.17,157.0,287.64,36.0,154.9,70.0,477.72,36.0,221.4,132.47,227.0,72.0,27.264664494543293,299,155.0,58.0,0.52,157.0,5.0
2025-04-08 15:41:34,155.0,160.0,425.79,34.0,154.0,8.0,531.7,30.0,290.4,270.79,168.0,64.0,57.71287837216217,232,104.0,-67.0,0.45,157.0,
2025-04-08 15:41:35,155.0,164.0,443.72,29.0,154.0,9.0,500.14,29.0,299.36,288.72,173.0,58.0,67.38303124674607,231,115.0,-1.0,0.5,155.0,4.0
2025-04-08 15:41:36,157.15,26.0,433.43,7.0,154.99,77.0,498.35,17.0,295.29,276.28,103.0,24.0,61.61963136858198,127,79.0,-104.0,0.62,159.67,3.0
2025-04-08 15:41:37,155.29,112.0,234.1,10.0,154.86,42.0,306.0,22.0,194.69,78.81,154.0,32.0,48.666851860377456,186,122.0,59.0,0.66,159.67,
2025-04-08 15:41:38,156.14,70.0,170.89,9.0,154.96,94.0,173.0,27.0,163.52,14.75,164.0,36.0,64.51483294560977,200,128.0,14.0,0.64,158.2,5.0
2025-04-08 15:41:39,155.95,66.0,168.95,19.0,154.97,114.0,170.75,12.0,162.45,13.0,180.0,31.0,69.03315051480675,211,149.0,11.0,0.71,158.2,
2025-04-08 15:41:40,158.0,36.0,167.27,22.0,155.0,192.0,169.14,14.0,162.64,9.27000000000001,228.0,36.0,57.34384247676459,264,192.0,53.0,0.73,158.2,
2025-04-08 15:41:41,158.77,13.0,166.0,11.0,156.96,46.0,167.0,22.0,162.38,7.22999999999999,59.0,33.0,14.292397629509788,92,26.0,-168.0,0.28,158.2,
2025-04-08 15:41:42,159.0,8.0,164.78,18.0,158.0,24.0,165.78,9.0,161.89,5.780000000000001,32.0,27.0,0.5958439393192162,59,5.0,-33.0,0.08,158.25,4.0
2025-04-08 15:41:43,157.6,40.0,162.19,42.0,156.33,48.0,162.87,30.0,159.9,4.590000000000003,88.0,72.0,1.1257308737101168,160,16.0,101.0,0.1,158.25,
2025-04-08 15:41:44,150.24,45.0,157.35,23.0,133.82,84.0,159.65,34.0,153.8,7.109999999999985,129.0,57.0,3.693970763287909,186,72.0,26.0,0.39,156.33,12.0
2025-04-08 15:41:45,130.04,48.0,155.07,15.0,111.41,70.0,155.67,15.0,142.55,25.03,118.0,30.0,8.31106070246331,148,88.0,-38.0,0.59,156.33,
2025-04-08 15:41:46,149.0,87.0,151.57,14.0,148.0,46.0,154.53,19.0,150.29,2.569999999999993,133.0,33.0,7.769744526046685,166,100.0,18.0,0.6,150.25,4.0
2025-04-08 15:41:47,149.0,63.0,172.44,9.0,90.31,16.0,441.0,18.0,160.72,23.44,79.0,27.0,7.472842163463159,106,52.0,-60.0,0.49,150.25,
2025-04-08 15:41:48,156.0,14.0,306.0,10.0,150.33,64.0,441.0,12.0,231.0,150.0,78.0,22.0,36.00155232764302,100,56.0,-6.0,0.56,150.25,
2025-04-08 15:41:49,163.0,6.0,441.0,12.0,154.21,39.0,0.0,0.0,302.0,278.0,45.0,12.0,68.2703784228562,57,33.0,-43.0,0.58,150.25,
2025-04-08 15:41:50,158.71,14.0,441.0,10.0,156.09,23.0,629.5,8.0,299.86,282.29,37.0,18.0,72.82051002293213,55,19.0,-2.0,0.35,163.0,1.0
2025-04-08 15:41:51,158.0,24.0,429.5,12.0,154.0,42.0,764.67,12.0,293.75,271.5,66.0,24.0,61.5574827295588,90,42.0,35.0,0.47,163.0,
2025-04-08 15:41:52,158.0,40.0,313.4,20.0,155.76,34.0,612.6,10.0,235.7,155.39999999999998,74.0,30.0,35.870826865294234,104,44.0,14.0,0.42,163.0,
2025-04-08 15:41:53,158.0,24.0,316.67,18.0,157.0,42.0,504.57,14.0,237.33,158.67000000000002,66.0,32.0,34.110156405386256,98,34.0,-6.0,0.35,163.0,
2025-04-08 15:41:54,158.0,30.0,226.08,49.0,157.0,70.0,247.67,24.0,192.04,68.08000000000001,100.0,73.0,45.026087216189865,173,27.0,75.0,0.16,158.0,2.0
2025-04-08 15:41:55,158.0,8.0,226.0,20.0,157.0,28.0,258.0,8.0,192.0,68.0,36.0,28.0,41.93777688433137,64,8.0,-109.0,0.12,158.0,
2025-04-08 15:41:56,157.15,55.0,202.9,31.0,155.09,77.0,224.78,46.0,180.02,45.75,132.0,77.0,27.01595491556762,209,55.0,145.0,0.26,157.5,4.0
2025-04-08 15:41:57,154.0,63.0,157.33,30.0,102.0,9.0,213.56,18.0,155.67,3.3300000000000125,72.0,48.0,29.6499202359804,120,24.0,-89.0,0.2,157.0,5.0
2025-04-08 15:41:58,154.96,164.0,156.19,80.0,153.43,109.0,158.4,40.0,155.57,1.2299999999999898,273.0,120.0,18.410036664820016,393,153.0,168.0,0.39,155.0,5.0
2025-04-08 15:41:59,155.0,54.0,156.0,21.0,154.0,67.0,158.0,27.0,155.5,1.0,121.0,48.0,17.197068645557742,169,73.0,-168.0,0.43,156.0,4.0
2025-04-08 15:42:00,155.0,56.0,160.62,13.0,154.0,56.0,177.37,19.0,157.81,5.6200000000000045,112.0,32.0,10.72431023423104,144,80.0,-25.0,0.56,157.5,4.0
2025-04-08 15:42:01,159.06,31.0,162.0,30.0,157.2,35.0,210.82,34.0,160.53,2.9399999999999977,66.0,64.0,2.1897214434801557,130,2.0,-14.0,0.02,157.5,
2025-04-08 15:42:02,160.12,16.0,162.0,20.0,155.62,58.0,296.4,40.0,161.06,1.8799999999999957,74.0,60.0,2.641558252251046,134,14.0,4.0,0.1,160.2,5.0
2025-04-08 15:42:03,160.54,24.0,162.0,18.0,156.62,48.0,428.22,36.0,161.27,1.460000000000008,72.0,54.0,2.506477608125457,126,18.0,-8.0,0.14,160.2,
2025-04-08 15:42:04,161.0,28.0,162.0,14.0,159.0,42.0,417.43,28.0,161.5,1.0,70.0,42.0,1.5101092675806302,112,28.0,-14.0,0.25,160.2,
2025-04-08 15:42:05,159.21,58.0,162.0,20.0,157.58,76.0,314.7,20.0,160.6,2.789999999999992,134.0,40.0,0.4204402454954104,174,94.0,62.0,0.54,160.2,
2025-04-08 15:42:06,157.0,215.0,159.33,82.0,155.0,119.0,233.25,40.0,158.16,2.3300000000000125,334.0,122.0,1.3592718639156738,456,212.0,168.0,0.46,157.86,7.0
2025-04-08 15:42:07,157.0,126.0,166.0,18.0,155.0,63.0,546.0,27.0,161.5,9.0,189.0,45.0,1.4161850161729193,234,144.0,-168.0,0.62,157.86,
2025-04-08 15:42:08,157.0,134.0,166.0,22.0,155.0,77.0,389.1,49.0,161.5,9.0,211.0,71.0,1.4465545271550042,282,140.0,48.0,0.5,157.0,4.0
2025-04-08 15:42:09,157.0,80.0,166.0,16.0,155.0,56.0,311.0,40.0,161.5,9.0,136.0,56.0,1.4465545271550042,192,80.0,-90.0,0.42,157.0,
2025-04-08 15:42:10,157.22,55.0,165.0,24.0,155.6,60.0,248.81,32.0,161.11,7.780000000000001,115.0,56.0,1.4598904068568046,171,59.0,-21.0,0.35,157.0,4.0
2025-04-08 15:42:11,161.0,8.0,166.0,16.0,157.0,48.0,241.0,32.0,163.5,5.0,56.0,48.0,0.953110696630436,104,8.0,-67.0,0.08,157.0,
2025-04-08 15:42:12,161.0,5.0,166.0,10.0,157.0,30.0,278.67,18.0,163.5,5.0,35.0,28.0,1.177463375239723,63,7.0,-41.0,0.11,157.0,
2025-04-08 15:42:13,161.92,72.0,339.98,43.0,157.57,42.0,482.92,39.0,250.95,178.06000000000003,114.0,82.0,39.61509144252997,196,32.0,133.0,0.16,157.0,
2025-04-08 15:42:14,162.0,77.0,206.23,31.0,161.0,7.0,341.77,26.0,184.11,44.22999999999999,84.0,57.0,38.22550496723368,141,27.0,-55.0,0.19,157.0,
2025-04-08 15:42:15,162.0,90.0,166.0,40.0,161.0,10.0,168.6,50.0,164.0,4.0,100.0,90.0,37.80036335804202,190,10.0,49.0,0.05,162.0,5.0
2025-04-08 15:42:16,162.0,78.0,165.54,52.0,161.0,13.0,169.0,65.0,163.77,3.539999999999992,91.0,117.0,37.761765451313394,208,-26.0,18.0,-0.12,162.0,
2025-04-08 15:42:17,162.0,42.0,164.86,28.0,161.0,7.0,169.0,35.0,163.43,2.8600000000000136,49.0,63.0,37.77186413191711,112,-14.0,-96.0,-0.12,162.0,
2025-04-08 15:42:18,162.0,48.0,163.62,32.0,161.0,8.0,169.0,40.0,162.81,1.6200000000000043,56.0,72.0,9.226851033804762,128,-16.0,16.0,-0.12,162.0,
2025-04-08 15:42:19,162.0,66.0,163.0,44.0,161.0,11.0,169.73,55.0,162.5,1.0,77.0,99.0,0.6340110409354692,176,-22.0,48.0,-0.12,162.0,
2025-04-08 15:42:20,162.0,54.0,167.29,28.0,161.0,13.0,172.83,59.0,164.64,5.289999999999992,67.0,87.0,0.8409815693747095,154,-20.0,-22.0,-0.13,162.43,7.0
2025-04-08 15:42:21,162.6,25.0,171.0,40.0,161.55,11.0,366.14,21.0,166.8,8.400000000000006,36.0,61.0,1.748865346453914,97,-25.0,-57.0,-0.26,162.43,
2025-04-08 15:42:22,163.0,37.0,171.0,55.0,162.0,22.0,447.0,30.0,167.0,8.0,59.0,85.0,2.1273927705119826,144,-26.0,47.0,-0.18,163.0,4.0
2025-04-08 15:42:23,163.0,8.0,170.41,34.0,162.0,16.0,368.73,30.0,166.71,7.409999999999997,24.0,64.0,1.9454562446957997,88,-40.0,-56.0,-0.45,163.0,
2025-04-08 15:42:24,157.29,34.0,167.17,29.0,156.58,38.0,168.32,44.0,162.23,9.879999999999995,72.0,73.0,2.0514458316090027,145,-1.0,57.0,-0.01,160.67,6.0
2025-04-08 15:42:25,157.0,11.0,165.3,40.0,155.0,22.0,167.26,57.0,161.15,8.300000000000011,33.0,97.0,2.846624316629552,130,-64.0,-15.0,-0.49,157.0,5.0
2025-04-08 15:42:26,155.09,23.0,164.7,37.0,154.02,101.0,166.36,42.0,159.89,9.609999999999983,124.0,79.0,3.2660189834151474,203,45.0,73.0,0.22,157.0,
2025-04-08 15:42:27,155.0,22.0,162.11,27.0,154.0,99.0,163.07,28.0,158.56,7.110000000000014,121.0,55.0,3.1152399586596635,176,66.0,-27.0,0.38,157.0,
2025-04-08 15:42:28,155.97,134.0,159.64,33.0,154.4,30.0,163.36,33.0,157.8,3.669999999999988,164.0,66.0,1.8161580327801037,230,98.0,54.0,0.43,158.0,3.0
2025-04-08 15:42:29,156.0,79.0,161.0,25.0,155.0,5.0,162.0,10.0,158.5,5.0,84.0,35.0,1.3356833457195223,119,49.0,-111.0,0.41,158.0,
2025-04-08 15:42:30,156.0,69.0,161.0,15.0,155.0,3.0,162.0,6.0,158.5,5.0,72.0,21.0,0.7604603868927454,93,51.0,-26.0,0.55,158.0,
2025-04-08 15:42:31,156.62,94.0,161.17,36.0,155.97,66.0,358.71,21.0,158.89,4.549999999999983,160.0,57.0,0.3978693253233847,217,103.0,124.0,0.47,158.25,12.0
2025-04-08 15:42:32,158.8,30.0,161.85,13.0,156.96,112.0,227.0,30.0,160.32,3.049999999999983,142.0,43.0,0.9352112061095544,185,99.0,-32.0,0.54,162.0,1.0
2025-04-08 15:42:33,158.36,22.0,161.0,8.0,156.0,60.0,227.0,24.0,159.68,2.6399999999999864,82.0,32.0,0.7997624647559289,114,50.0,-71.0,0.44,158.5,4.0
2025-04-08 15:42:34,157.0,24.0,161.0,6.0,155.0,60.0,442.83,18.0,159.0,4.0,84.0,24.0,0.7211934553449338,108,60.0,-6.0,0.56,158.5,
2025-04-08 15:42:35,157.0,40.0,254.14,14.0,155.0,100.0,489.3,30.0,205.57,97.14,140.0,44.0,20.623454366328197,184,96.0,76.0,0.52,159.0,1.0
2025-04-08 15:42:36,157.33,12.0,425.22,27.0,155.21,78.0,595.78,27.0,291.28,267.89,90.0,54.0,57.28792106543917,144,36.0,-40.0,0.25,157.5,4.0
2025-04-08 15:42:37,155.36,22.0,449.62,24.0,154.74,70.0,654.62,24.0,302.49,294.26,92.0,48.0,69.62079739560555,140,44.0,-4.0,0.31,155.67,3.0
2025-04-08 15:42:38,156.0,6.0,212.69,16.0,155.0,48.0,407.5,10.0,184.34,56.69,54.0,26.0,64.65675239292452,80,28.0,-60.0,0.35,155.67,
2025-04-08 15:42:39,156.21,14.0,190.86,36.0,155.0,112.0,196.67,30.0,173.54,34.650000000000006,126.0,66.0,60.96926463391163,192,60.0,112.0,0.31,155.67,
2025-04-08 15:42:40,155.13,60.0,171.06,35.0,154.31,102.0,182.88,17.0,163.1,15.930000000000009,162.0,52.0,68.02518504201188,214,110.0,22.0,0.51,157.0,1.0
2025-04-08 15:42:41,155.0,88.0,157.0,44.0,154.0,110.0,160.0,22.0,156.0,2.0,198.0,66.0,60.54519204693293,264,132.0,50.0,0.5,157.0,
2025-04-08 15:42:42,155.0,52.0,156.71,28.0,154.0,80.0,164.43,14.0,155.86,1.710000000000008,132.0,42.0,12.276233950199304,174,90.0,-90.0,0.52,155.0,5.0
2025-04-08 15:42:43,155.0,21.0,159.83,12.0,154.0,70.0,177.22,9.0,157.42,4.8300000000000125,91.0,21.0,7.512128859386849,112,70.0,-62.0,0.62,155.0,
2025-04-08 15:42:44,155.0,75.0,160.18,22.0,146.23,93.0,210.32,19.0,157.59,5.180000000000007,168.0,41.0,2.9620060769750185,209,127.0,97.0,0.61,158.0,1.0
2025-04-08 15:42:45,158.0,21.0,161.0,14.0,155.0,105.0,164.0,7.0,159.5,3.0,126.0,21.0,1.4746796262367925,147,105.0,-62.0,0.71,158.0,
2025-04-08 15:42:46,158.0,18.0,160.33,12.0,155.0,90.0,161.6,10.0,159.17,2.3300000000000125,108.0,22.0,1.471451664186442,130,86.0,-17.0,0.66,158.0,
2025-04-08 15:42:47,155.21,129.0,159.09,22.0,154.65,69.0,161.0,22.0,157.15,3.879999999999996,198.0,44.0,1.0849101345442034,242,154.0,112.0,0.64,158.0,3.0
2025-04-08 15:42:48,155.0,120.0,159.0,16.0,154.0,24.0,161.0,16.0,157.0,4.0,144.0,32.0,1.170029914163233,176,112.0,-66.0,0.64,158.0,
2025-04-08 15:42:49,155.0,177.0,161.15,26.0,154.0,36.0,163.2,20.0,158.08,6.150000000000006,213.0,46.0,1.1386175828770162,259,167.0,83.0,0.64,156.2,5.0
2025-04-08 15:42:50,155.0,112.0,163.0,22.0,154.0,33.0,164.0,11.0,159.0,8.0,145.0,33.0,1.0081914500911158,178,112.0,-81.0,0.63,155.0,5.0
2025-04-08 15:42:51,155.0,33.0,163.0,18.0,154.0,27.0,164.0,9.0,159.0,8.0,60.0,27.0,0.9641472916711826,87,33.0,-91.0,0.38,155.0,5.0
2025-04-08 15:42:52,155.0,28.0,161.11,65.0,154.0,42.0,162.09,34.0,158.05,6.110000000000014,70.0,99.0,0.8296866878747902,169,-29.0,82.0,-0.17,160.0,2.0
2025-04-08 15:42:53,154.5,16.0,158.55,58.0,152.29,28.0,161.0,24.0,156.53,4.050000000000011,44.0,82.0,1.0102821388289356,126,-38.0,-43.0,-0.3,155.0,5.0
2025-04-08 15:42:54,155.0,8.0,157.0,32.0,154.0,8.0,158.38,16.0,156.0,2.0,16.0,48.0,1.3928495970625523,64,-32.0,-62.0,-0.5,155.0,
2025-04-08 15:42:55,155.0,7.0,157.0,28.0,154.0,7.0,158.0,14.0,156.0,2.0,14.0,42.0,1.3468593096675336,56,-28.0,-8.0,-0.5,155.0,
2025-04-08 15:42:56,154.45,11.0,159.04,24.0,105.12,73.0,303.29,21.0,156.75,4.590000000000003,84.0,45.0,0.8408507596706442,129,39.0,73.0,0.3,157.33,3.0
2025-04-08 15:42:57,127.56,41.0,162.0,37.0,87.63,91.0,351.41,32.0,144.78,34.44,132.0,69.0,5.171341218682274,201,63.0,72.0,0.31,154.0,1.0
2025-04-08 15:42:58,146.0,99.0,153.33,27.0,114.33,9.0,237.33,27.0,149.67,7.3300000000000125,108.0,54.0,5.245755427013742,162,54.0,-39.0,0.33,154.0,
2025-04-08 15:43:01,125.6,10.0,155.0,18.0,114.43,14.0,381.0,30.0,140.3,29.40000000000001,24.0,48.0,10.043718434925424,72,-24.0,-82.0,-0.33,154.0,
2025-04-08 15:43:02,139.69,35.0,154.3,20.0,131.41,32.0,272.05,38.0,146.99,14.610000000000014,67.0,58.0,10.370548201520508,125,9.0,53.0,0.07,152.67,3.0
2025-04-08 15:43:03,154.54,28.0,294.0,32.0,145.25,48.0,379.33,36.0,224.27,139.46,76.0,68.0,39.7332967421537,144,8.0,19.0,0.06,155.0,1.0
2025-04-08 15:43:04,155.46,13.0,359.91,33.0,147.54,39.0,447.72,25.0,257.69,204.45,52.0,58.0,58.93613467135431,110,-6.0,-34.0,-0.05,155.25,4.0
2025-04-08 15:43:05,158.0,8.0,371.35,31.0,154.02,49.0,425.91,33.0,264.68,213.35,57.0,64.0,59.6753142429931,121,-7.0,11.0,-0.06,155.25,
2025-04-08 15:43:06,158.0,107.0,254.42,12.0,155.0,7.0,349.45,20.0,206.21,96.42,114.0,32.0,47.31725499223258,146,82.0,25.0,0.56,155.25,
2025-04-08 15:43:07,158.0,117.0,220.88,32.0,155.0,8.0,302.8,20.0,189.44,62.88,125.0,52.0,32.40933615487902,177,73.0,31.0,0.41,158.0,4.0
2025-04-08 15:43:08,158.0,72.0,220.0,24.0,155.0,6.0,317.75,12.0,189.0,62.0,78.0,36.0,37.0542174387742,114,42.0,-63.0,0.37,158.0,
2025-04-08 15:43:09,158.47,68.0,218.11,27.0,157.72,53.0,220.0,36.0,188.29,59.640000000000015,121.0,63.0,32.82015889662901,184,58.0,70.0,0.32,158.0,
2025-04-08 15:43:10,161.96,26.0,216.38,48.0,159.0,90.0,219.37,57.0,189.17,54.41999999999999,116.0,105.0,7.719460473374848,221,11.0,37.0,0.05,161.5,4.0
2025-04-08 15:43:11,158.0,113.0,213.2,40.0,155.0,13.0,239.22,41.0,185.6,55.19999999999999,126.0,81.0,1.5681677206224334,207,45.0,-14.0,0.22,158.6,5.0
2025-04-08 15:43:12,158.0,56.0,211.43,21.0,155.0,7.0,227.43,21.0,184.71,53.43000000000001,63.0,42.0,2.058550460883449,105,21.0,-102.0,0.2,158.6,
2025-04-08 15:43:13,158.0,130.0,209.15,39.0,155.91,11.0,210.64,33.0,183.58,51.150000000000006,141.0,72.0,2.377446108748824,213,69.0,108.0,0.32,158.6,
2025-04-08 15:43:14,158.0,148.0,207.58,43.0,157.0,11.0,208.33,45.0,182.79,49.58000000000001,159.0,88.0,2.4793648380193,247,71.0,34.0,0.29,158.6,
2025-04-08 15:43:15,158.0,64.0,206.88,24.0,157.0,8.0,207.92,38.0,182.44,48.88,72.0,62.0,1.3212986036503536,134,10.0,-113.0,0.07,158.6,
2025-04-08 15:43:16,158.0,48.0,203.5,22.0,157.0,6.0,204.64,22.0,180.75,45.5,54.0,44.0,1.4640799158549056,98,10.0,-36.0,0.1,158.6,
2025-04-08 15:43:17,158.0,64.0,201.38,24.0,157.0,8.0,202.62,39.0,179.69,43.38,72.0,63.0,1.589040591052067,135,9.0,37.0,0.07,158.6,
2025-04-08 15:43:18,158.0,80.0,200.33,36.0,157.0,12.0,201.75,36.0,179.17,42.33000000000001,92.0,72.0,1.612457751388339,164,20.0,29.0,0.12,158.0,2.0
2025-04-08 15:43:19,158.0,17.0,197.92,36.0,157.0,12.0,198.92,36.0,177.96,39.91999999999999,29.0,72.0,1.6928289931394964,101,-43.0,-63.0,-0.43,158.0,5.0
2025-04-08 15:43:20,159.0,10.0,196.9,30.0,158.0,10.0,198.0,30.0,177.95,37.900000000000006,20.0,60.0,1.1934739209613814,80,-40.0,-21.0,-0.5,158.0,
2025-04-08 15:43:21,160.56,45.0,194.71,42.0,159.28,18.0,196.71,42.0,177.63,34.150000000000006,63.0,84.0,0.8963816151705611,147,-21.0,67.0,-0.14,158.0,
2025-04-08 15:43:22,160.79,29.0,192.25,36.0,159.15,13.0,193.25,36.0,176.52,31.460000000000008,42.0,72.0,0.9462716312014344,114,-30.0,-33.0,-0.26,158.0,
2025-04-08 15:43:23,161.0,18.0,192.0,27.0,159.0,9.0,193.0,27.0,176.5,31.0,27.0,54.0,0.7440900483257034,81,-27.0,-33.0,-0.33,160.33,3.0
2025-04-08 15:43:24,161.93,14.0,190.82,34.0,157.79,14.0,196.54,46.0,176.38,28.889999999999983,28.0,80.0,0.7355474152070421,108,-52.0,27.0,-0.48,160.33,
2025-04-08 15:43:25,163.0,11.0,186.97,31.0,158.0,11.0,187.29,35.0,174.98,23.97,22.0,66.0,0.9426133884146506,88,-44.0,-20.0,-0.5,160.33,
2025-04-08 15:43:26,154.39,90.0,185.0,11.0,118.32,75.0,187.0,55.0,169.69,30.610000000000014,165.0,66.0,2.936337855223859,231,99.0,143.0,0.43,156.22,9.0
2025-04-08 15:43:27,154.0,127.0,158.16,25.0,70.42,62.0,175.74,35.0,156.08,4.159999999999997,189.0,60.0,8.645546830595855,249,129.0,18.0,0.52,154.5,4.0
2025-04-08 15:43:28,154.0,91.0,155.4,20.0,66.37,65.0,187.33,30.0,154.7,1.4000000000000057,156.0,50.0,10.337160151609922,206,106.0,-43.0,0.51,154.0,5.0
2025-04-08 15:43:29,154.0,19.0,155.0,6.0,38.0,21.0,510.88,8.0,154.5,1.0,40.0,14.0,9.646273892028889,54,26.0,-152.0,0.48,154.0,1.0
2025-04-08 15:43:30,154.0,31.0,155.0,12.0,103.45,20.0,407.0,24.0,154.5,1.0,51.0,36.0,6.627147199213537,87,15.0,33.0,0.17,154.0,
2025-04-08 15:43:31,154.0,35.0,155.0,14.0,124.24,29.0,525.74,27.0,154.5,1.0,64.0,41.0,0.689695585057618,105,23.0,18.0,0.22,154.0,
2025-04-08 15:43:34,118.81,16.0,155.0,4.0,96.25,28.0,419.5,16.0,136.91,36.19,44.0,20.0,19.667890837608244,64,24.0,-105.0,0.38,154.0,
2025-04-08 15:43:37,133.12,34.0,189.44,18.0,80.29,21.0,285.0,24.0,161.28,56.31999999999999,55.0,42.0,20.270068327464354,97,13.0,11.0,0.13,150.0,4.0
2025-04-08 15:43:38,158.0,36.0,240.07,28.0,155.0,18.0,339.62,37.0,199.04,82.07,54.0,65.0,30.37123227661419,119,-11.0,22.0,-0.09,150.0,
2025-04-08 15:43:39,157.22,55.0,183.02,54.0,140.72,50.0,195.57,42.0,170.12,25.80000000000001,105.0,96.0,29.583000523950293,201,9.0,82.0,0.04,158.0,4.0
2025-04-08 15:43:40,157.68,44.0,166.0,35.0,155.64,44.0,199.43,28.0,161.84,8.319999999999993,88.0,63.0,29.094210764343487,151,25.0,-50.0,0.17,158.0,
2025-04-08 15:43:41,158.0,36.0,165.0,30.0,156.25,16.0,334.0,24.0,161.5,7.0,52.0,54.0,16.243093301462928,106,-2.0,-45.0,-0.02,158.0,
2025-04-08 15:43:42,158.9,58.0,164.67,60.0,158.12,64.0,389.74,54.0,161.78,5.769999999999982,122.0,114.0,16.17155156439943,236,8.0,130.0,0.03,159.6,5.0
2025-04-08 15:43:43,160.0,98.0,162.8,50.0,159.0,20.0,560.67,30.0,161.4,2.800000000000012,118.0,80.0,3.8013313457312257,198,38.0,-38.0,0.19,160.0,3.0
2025-04-08 15:43:44,160.0,66.0,161.22,45.0,159.0,54.0,573.0,36.0,160.61,1.2199999999999989,120.0,81.0,0.4921178721008701,201,39.0,3.0,0.19,160.0,3.0
2025-04-08 15:43:45,159.02,43.0,337.0,33.0,157.85,26.0,490.44,18.0,248.01,177.98,69.0,51.0,38.77026115465332,120,18.0,-81.0,0.15,160.0,5.0
2025-04-08 15:43:46,157.71,24.0,247.11,36.0,155.88,41.0,401.33,18.0,202.41,89.4,65.0,54.0,38.55970656008692,119,11.0,-1.0,0.09,158.5,4.0
2025-04-08 15:43:47,158.0,48.0,209.78,36.0,157.0,27.0,348.0,45.0,183.89,51.78,75.0,81.0,36.1602126653039,156,-6.0,37.0,-0.04,158.5,
2025-04-08 15:43:48,158.05,63.0,331.72,29.0,157.28,25.0,419.2,20.0,244.89,173.67000000000002,88.0,49.0,38.1445188723096,137,39.0,-19.0,0.28,158.5,
2025-04-08 15:43:49,159.0,21.0,346.86,35.0,157.76,37.0,359.25,32.0,252.93,187.86,58.0,67.0,31.20628910972852,125,-9.0,-12.0,-0.07,158.5,
2025-04-08 15:43:50,159.86,21.0,277.05,19.0,157.0,21.0,341.97,31.0,218.45,117.19,42.0,50.0,28.802424897913863,92,-8.0,-33.0,-0.09,158.5,
2025-04-08 15:43:51,158.2,20.0,200.0,45.0,155.1,118.0,325.29,21.0,179.1,41.80000000000001,138.0,66.0,33.90063450733591,204,72.0,112.0,0.35,160.0,4.0
2025-04-08 15:43:52,157.33,104.0,196.25,24.0,155.78,74.0,205.12,48.0,176.79,38.91999999999999,178.0,72.0,35.67632436224304,250,106.0,46.0,0.42,156.0,4.0
2025-04-08 15:43:53,163.0,84.0,190.0,13.0,162.0,39.0,200.0,65.0,176.5,27.0,123.0,78.0,34.157389098114514,201,45.0,-49.0,0.22,163.0,4.0
2025-04-08 15:43:54,163.0,28.0,190.0,7.0,162.0,21.0,200.0,35.0,176.5,27.0,49.0,42.0,18.469714940951587,91,7.0,-110.0,0.08,163.0,
2025-04-08 15:43:55,162.12,32.0,199.25,67.0,155.2,165.0,256.48,31.0,180.69,37.13,197.0,98.0,1.895713585966895,295,99.0,168.0,0.34,162.8,5.0
2025-04-08 15:43:56,158.43,42.0,198.27,55.0,155.75,96.0,431.96,52.0,178.35,39.84,138.0,107.0,1.806164444345987,245,31.0,-50.0,0.13,162.0,2.0
2025-04-08 15:43:57,157.0,66.0,197.0,35.0,155.0,94.0,421.82,17.0,177.0,40.0,160.0,52.0,1.7800477521739675,212,108.0,-33.0,0.51,162.0,
2025-04-08 15:43:58,157.0,58.0,197.0,35.0,155.0,137.0,413.0,14.0,177.0,40.0,195.0,49.0,1.7004617020149189,244,146.0,32.0,0.6,157.0,4.0
2025-04-08 15:43:59,157.75,40.0,189.35,23.0,155.19,127.0,236.57,49.0,173.55,31.599999999999994,167.0,72.0,2.590148644387063,239,95.0,-5.0,0.4,157.0,
2025-04-08 15:44:00,158.0,50.0,195.7,50.0,157.0,20.0,379.6,20.0,176.85,37.69999999999999,70.0,70.0,1.7843065880114453,140,0.0,-99.0,0.0,157.0,
2025-04-08 15:44:01,158.0,83.0,194.43,44.0,157.0,22.0,278.17,30.0,176.22,36.43000000000001,105.0,74.0,1.4744931332568323,179,31.0,39.0,0.17,157.0,
2025-04-08 15:44:02,158.0,74.0,190.3,10.0,157.0,20.0,193.23,22.0,174.15,32.30000000000001,94.0,32.0,1.5969752659394043,126,62.0,-53.0,0.49,158.0,2.0
2025-04-08 15:44:03,158.11,94.0,185.02,49.0,157.59,59.0,185.09,33.0,171.56,26.91,153.0,82.0,2.12977228830304,235,71.0,109.0,0.3,158.0,
2025-04-08 15:44:04,160.82,119.0,181.27,15.0,157.98,92.0,182.65,31.0,171.05,20.450000000000017,211.0,46.0,2.6326659491899407,257,165.0,22.0,0.64,158.0,
2025-04-08 15:44:05,161.0,144.0,178.71,34.0,158.0,90.0,179.91,22.0,169.85,17.710000000000008,234.0,56.0,2.5762239809507927,290,178.0,33.0,0.61,158.0,
2025-04-08 15:44:06,161.0,104.0,174.62,21.0,158.31,29.0,176.75,57.0,167.81,13.620000000000005,133.0,78.0,2.3275480661047894,211,55.0,-79.0,0.26,158.0,
2025-04-08 15:44:07,161.0,88.0,169.84,19.0,159.0,11.0,172.41,27.0,165.42,8.840000000000003,99.0,46.0,2.5306066466423487,145,53.0,-66.0,0.37,158.0,
2025-04-08 15:44:08,161.07,71.0,166.09,23.0,160.22,23.0,166.95,19.0,163.58,5.02000000000001,94.0,42.0,3.078355080238872,136,52.0,-9.0,0.38,161.5,2.0
2025-04-08 15:44:09,161.17,60.0,162.46,13.0,160.63,43.0,165.0,13.0,161.81,1.2900000000000205,103.0,26.0,3.216337979758166,129,77.0,-7.0,0.6,161.4,5.0
2025-04-08 15:44:10,159.84,31.0,163.25,8.0,157.91,11.0,265.83,24.0,161.54,3.4099999999999966,42.0,32.0,2.624475185639416,74,10.0,-55.0,0.14,160.17,6.0
2025-04-08 15:44:11,158.0,25.0,206.33,12.0,157.0,20.0,375.45,22.0,182.17,48.33000000000001,45.0,34.0,8.67501181555582,79,11.0,5.0,0.14,158.0,3.0
2025-04-08 15:44:12,158.3,27.0,194.38,47.0,156.73,30.0,286.13,46.0,176.34,36.079999999999984,57.0,93.0,9.539521476469886,150,-36.0,71.0,-0.24,158.0,
2025-04-08 15:44:13,156.44,48.0,185.0,33.0,149.77,53.0,188.0,33.0,170.72,28.56,101.0,66.0,9.029663891863768,167,35.0,17.0,0.21,156.0,4.0
2025-04-08 15:44:14,158.0,48.0,180.92,36.0,157.0,60.0,283.59,54.0,169.46,22.919999999999987,108.0,90.0,7.742020408138064,198,18.0,31.0,0.09,156.0,
2025-04-08 15:44:15,158.0,24.0,179.0,18.0,157.0,30.0,285.0,30.0,168.5,21.0,54.0,48.0,5.7503321643209775,102,6.0,-96.0,0.06,156.0,
2025-04-08 15:44:16,158.0,26.0,178.8,30.0,157.0,50.0,539.22,45.0,168.4,20.80000000000001,76.0,75.0,3.296828779301121,151,1.0,49.0,0.01,158.0,2.0
2025-04-08 15:44:17,157.6,10.0,178.0,18.0,156.05,38.0,599.69,26.0,167.8,20.40000000000001,48.0,44.0,1.142050786975075,92,4.0,-59.0,0.04,157.4,5.0
2025-04-08 15:44:18,156.0,32.0,177.8,30.0,154.86,84.0,224.74,46.0,166.9,21.80000000000001,116.0,76.0,0.9443092713890988,192,40.0,100.0,0.21,156.0,4.0
2025-04-08 15:44:19,161.94,66.0,177.0,27.0,155.71,49.0,301.26,39.0,169.47,15.060000000000002,115.0,66.0,0.9476180665391506,181,49.0,-11.0,0.27,156.0,
2025-04-08 15:44:20,163.0,120.0,175.53,45.0,156.92,77.0,477.71,73.0,169.27,12.53,197.0,118.0,1.061447125405311,315,79.0,134.0,0.25,156.0,
2025-04-08 15:44:21,163.0,88.0,173.36,33.0,160.82,77.0,318.09,55.0,168.18,10.360000000000014,165.0,88.0,1.064344868936406,253,77.0,-62.0,0.3,156.0,
2025-04-08 15:44:22,163.33,60.0,168.93,59.0,162.39,115.0,169.88,67.0,166.13,5.599999999999994,175.0,126.0,1.458818014706325,301,49.0,48.0,0.16,156.0,
2025-04-08 15:44:23,163.24,49.0,166.45,55.0,162.16,83.0,167.45,55.0,164.85,3.2099999999999795,132.0,110.0,2.02136092770001,242,22.0,-59.0,0.09,163.4,5.0
2025-04-08 15:44:24,161.98,55.0,164.1,50.0,160.2,70.0,165.1,50.0,163.04,2.1200000000000045,125.0,100.0,2.5056995031395783,225,25.0,-17.0,0.11,163.0,5.0
2025-04-08 15:44:25,161.0,37.0,162.67,30.0,159.0,42.0,183.83,30.0,161.83,1.6699999999999875,79.0,60.0,2.505699503139954,139,19.0,-86.0,0.14,161.0,5.0
2025-04-08 15:44:26,158.04,54.0,163.0,60.0,156.71,58.0,244.06,51.0,160.52,4.960000000000008,112.0,111.0,2.2563754120353754,223,1.0,84.0,0.0,159.44,9.0
2025-04-08 15:44:27,156.71,42.0,161.78,45.0,155.78,9.0,227.0,36.0,159.25,5.069999999999993,51.0,81.0,2.175653924694754,132,-30.0,-91.0,-0.23,156.57,7.0
2025-04-08 15:44:28,155.0,48.0,161.0,40.0,154.0,8.0,261.15,33.0,158.0,6.0,56.0,73.0,2.00184165208978,129,-17.0,-3.0,-0.13,156.57,
2025-04-08 15:44:29,155.36,33.0,161.0,40.0,154.67,15.0,335.75,32.0,158.18,5.639999999999986,48.0,72.0,1.6208423735955415,120,-24.0,-9.0,-0.2,156.57,
2025-04-08 15:44:30,155.5,12.0,160.29,35.0,154.03,31.0,442.67,30.0,157.89,4.789999999999992,43.0,65.0,1.118959337976065,108,-22.0,-12.0,-0.2,157.0,2.0
2025-04-08 15:44:31,156.0,54.0,158.33,45.0,154.56,9.0,430.16,37.0,157.17,2.3300000000000125,63.0,82.0,0.7496465834276054,145,-19.0,37.0,-0.13,157.0,
2025-04-08 15:44:32,156.0,38.0,227.11,35.0,154.38,8.0,480.57,28.0,191.56,71.11000000000001,46.0,63.0,15.098336001031257,109,-17.0,-36.0,-0.16,156.0,5.0
2025-04-08 15:44:35,162.0,8.0,317.42,19.0,157.0,16.0,463.71,28.0,239.71,155.42000000000002,24.0,47.0,99.3319864394139,71,-23.0,-12.0,-0.32,156.0,
2025-04-08 15:44:36,162.17,12.0,311.75,12.0,157.45,22.0,314.0,48.0,236.96,149.58,34.0,60.0,83.398958146969,94,-26.0,23.0,-0.28,156.0,
2025-04-08 15:44:37,157.0,11.0,311.0,8.0,156.38,8.0,318.0,24.0,234.0,154.0,19.0,32.0,74.03305545497818,51,-13.0,-43.0,-0.25,159.0,5.0
2025-04-08 15:44:38,156.6,30.0,220.61,38.0,155.0,15.0,245.87,31.0,188.6,64.01000000000002,45.0,69.0,47.252023025474,114,-24.0,63.0,-0.21,159.0,
2025-04-08 15:44:39,158.2,5.0,177.33,6.0,156.71,7.0,178.8,10.0,167.77,19.130000000000024,12.0,16.0,33.048397389282904,28,-4.0,-86.0,-0.14,159.0,
2025-04-08 15:44:40,159.9,20.0,175.75,12.0,158.38,13.0,177.05,21.0,167.82,15.849999999999994,33.0,33.0,34.35703130364988,66,0.0,38.0,0.0,159.0,
2025-04-08 15:44:41,160.7,20.0,171.75,16.0,159.0,10.0,175.33,15.0,166.22,11.050000000000011,30.0,31.0,28.97673238997099,61,-1.0,-5.0,-0.02,161.0,1.0
2025-04-08 15:44:42,159.33,12.0,161.37,19.0,158.17,12.0,168.21,19.0,160.35,2.039999999999992,24.0,38.0,10.75849292419766,62,-14.0,1.0,-0.23,162.0,1.0
2025-04-08 15:44:43,155.0,108.0,159.07,15.0,154.0,9.0,160.17,12.0,157.03,4.069999999999993,117.0,27.0,4.88635549259554,144,90.0,82.0,0.62,156.4,5.0
2025-04-08 15:44:44,155.0,86.0,156.38,16.0,82.9,20.0,220.86,14.0,155.69,1.3799999999999957,106.0,30.0,5.414099186385622,136,76.0,-8.0,0.56,155.0,3.0
2025-04-08 15:44:45,156.94,62.0,303.9,40.0,131.52,46.0,731.2,20.0,230.42,146.95999999999998,108.0,60.0,31.8327169748359,168,48.0,32.0,0.29,155.0,2.0
2025-04-08 15:44:46,158.94,34.0,393.26,23.0,155.25,65.0,457.69,26.0,276.1,234.32,99.0,49.0,54.80691626063246,148,50.0,-20.0,0.34,160.17,6.0
2025-04-08 15:44:47,155.0,42.0,239.67,21.0,154.0,36.0,344.14,7.0,197.33,84.66999999999999,78.0,28.0,51.18251488545644,106,50.0,-42.0,0.47,160.17,
2025-04-08 15:44:48,154.0,60.0,280.33,27.0,149.0,70.0,392.69,13.0,217.17,126.32999999999998,130.0,40.0,44.172999332170704,170,90.0,64.0,0.53,160.17,
2025-04-08 15:44:49,154.48,52.0,324.67,24.0,152.46,94.0,356.0,16.0,239.57,170.19000000000003,146.0,40.0,29.26806911977508,186,106.0,16.0,0.57,154.0,5.0
2025-04-08 15:44:50,157.88,17.0,309.44,18.0,154.95,37.0,386.89,18.0,233.66,151.56,54.0,36.0,29.25694156947938,90,18.0,-96.0,0.2,154.0,
2025-04-08 15:44:51,162.0,14.0,256.5,48.0,155.0,70.0,356.85,26.0,209.25,94.5,84.0,74.0,17.358403728452306,158,10.0,68.0,0.06,154.0,
2025-04-08 15:44:52,162.0,14.0,238.42,57.0,155.0,70.0,246.93,60.0,200.21,76.41999999999999,84.0,117.0,16.468090964041526,201,-33.0,43.0,-0.16,154.0,
2025-04-08 15:44:53,162.0,8.0,240.89,19.0,158.0,16.0,241.86,37.0,201.45,78.88999999999999,24.0,56.0,18.510683941981995,80,-32.0,-121.0,-0.4,154.0,
2025-04-08 15:44:54,162.0,15.0,239.13,63.0,160.86,44.0,240.48,42.0,200.56,77.13,59.0,105.0,14.26249382120671,164,-46.0,84.0,-0.28,154.0,
2025-04-08 15:44:55,162.0,13.0,238.68,44.0,161.0,39.0,239.26,47.0,200.34,76.68,52.0,91.0,3.880820789468126,143,-39.0,-21.0,-0.27,154.0,
2025-04-08 15:44:56,162.0,14.0,235.36,28.0,161.0,42.0,239.0,70.0,198.68,73.36000000000001,56.0,98.0,1.0013341100605182,154,-42.0,11.0,-0.27,154.0,
2025-04-08 15:44:57,162.0,11.0,193.89,36.0,161.0,33.0,201.31,35.0,177.94,31.889999999999983,44.0,71.0,10.030771655260438,115,-27.0,-39.0,-0.23,154.0,
2025-04-08 15:44:58,159.17,36.0,187.47,53.0,158.6,30.0,191.16,44.0,173.32,28.30000000000001,66.0,97.0,13.391195615029424,163,-31.0,48.0,-0.19,160.8,5.0
2025-04-08 15:44:59,158.75,32.0,160.46,26.0,156.0,36.0,175.86,28.0,159.61,1.710000000000008,68.0,54.0,17.37608759186006,122,14.0,-41.0,0.11,158.67,6.0
2025-04-08 15:45:00,155.02,64.0,158.12,32.0,154.35,17.0,159.3,33.0,156.57,3.0999999999999943,81.0,65.0,16.829694887311653,146,16.0,24.0,0.11,155.25,4.0
2025-04-08 15:45:01,155.35,34.0,158.08,25.0,154.57,21.0,170.09,32.0,156.72,2.730000000000018,55.0,57.0,10.064793589538462,112,-2.0,-34.0,-0.02,157.0,5.0
2025-04-08 15:45:02,154.47,15.0,157.05,21.0,150.13,124.0,223.27,30.0,155.76,2.5800000000000125,139.0,51.0,7.370402295670174,190,88.0,78.0,0.46,155.0,2.0
2025-04-08 15:45:03,154.0,56.0,155.29,14.0,149.96,92.0,164.71,14.0,154.64,1.289999999999992,148.0,28.0,1.8442207026342747,176,120.0,-14.0,0.68,155.0,
2025-04-08 15:45:04,138.18,22.0,154.6,10.0,95.96,56.0,156.67,12.0,146.39,16.419999999999987,78.0,22.0,4.342272446545473,100,56.0,-76.0,0.56,154.5,2.0
2025-04-08 15:45:05,137.92,39.0,151.5,36.0,93.1,78.0,153.84,19.0,144.71,13.580000000000013,117.0,55.0,5.6428742676078505,172,62.0,72.0,0.36,154.5,
2025-04-08 15:45:08,141.0,15.0,171.92,24.0,76.5,12.0,200.8,15.0,156.46,30.919999999999987,27.0,39.0,18.98877905501169,66,-12.0,22.0,-0.18,149.17,6.0
2025-04-08 15:45:15,128.75,8.0,151.0,23.0,89.89,9.0,216.4,10.0,139.88,22.25,17.0,33.0,6.481637138875065,50,-16.0,-12.0,-0.32,151.0,1.0
2025-04-08 15:45:25,136.66,41.0,154.47,15.0,133.98,61.0,161.67,21.0,145.56,17.810000000000002,102.0,36.0,4.82942336102841,138,66.0,46.0,0.48,151.0,
2025-04-08 15:45:26,138.75,32.0,152.76,17.0,131.9,40.0,154.6,20.0,145.76,14.009999999999993,72.0,37.0,5.157705885376122,109,35.0,-29.0,0.32,151.5,2.0
2025-04-08 15:45:27,140.62,26.0,154.0,18.0,138.57,28.0,156.0,20.0,147.31,13.379999999999995,54.0,38.0,4.918275104143742,92,16.0,-17.0,0.17,151.5,
2025-04-08 15:45:28,141.48,27.0,155.83,24.0,140.74,38.0,188.15,13.0,148.66,14.350000000000025,65.0,37.0,3.9289973275680343,102,28.0,10.0,0.27,154.0,2.0
2025-04-08 15:45:29,147.0,10.0,184.5,8.0,144.69,13.0,242.0,7.0,165.75,37.5,23.0,15.0,8.557702378561027,38,8.0,-64.0,0.21,154.0,
2025-04-08 15:45:30,149.93,15.0,160.48,42.0,147.67,15.0,350.94,17.0,155.2,10.549999999999985,30.0,59.0,8.2151585499019,89,-29.0,51.0,-0.33,154.0,
2025-04-08 15:45:31,152.05,21.0,155.11,84.0,147.18,33.0,202.11,55.0,153.58,3.0600000000000023,54.0,139.0,7.295556867026948,193,-85.0,104.0,-0.44,154.0,1.0
2025-04-08 15:45:32,152.49,53.0,154.91,69.0,103.52,100.0,156.86,63.0,153.7,2.4199999999999875,153.0,132.0,6.300596797131386,285,21.0,92.0,0.07,154.6,5.0
2025-04-08 15:45:36,130.36,28.0,289.85,26.0,124.21,28.0,310.63,27.0,210.1,159.49,56.0,53.0,40.91956891268569,109,3.0,-44.0,0.03,154.6,
2025-04-08 15:45:37,163.0,14.0,291.89,19.0,156.57,14.0,293.67,9.0,227.45,128.89,28.0,28.0,54.689325923803565,56,0.0,-53.0,0.0,154.6,
2025-04-08 15:45:38,163.0,22.0,291.13,15.0,157.47,15.0,292.31,29.0,227.07,128.13,37.0,44.0,56.278506820987936,81,-7.0,25.0,-0.09,154.6,
2025-04-08 15:45:39,160.84,25.0,268.38,13.0,119.07,15.0,290.88,25.0,214.61,107.54,40.0,38.0,32.76189203937946,78,2.0,-3.0,0.03,159.6,5.0
2025-04-08 15:45:40,159.0,42.0,287.0,6.0,154.0,12.0,291.0,18.0,223.0,128.0,54.0,24.0,7.754916505026707,78,30.0,0.0,0.38,159.0,8.0
2025-04-08 15:45:41,159.0,4.0,287.0,4.0,154.0,8.0,291.0,12.0,223.0,128.0,12.0,16.0,5.1661426615930885,28,-4.0,-50.0,-0.14,159.0,
2025-04-08 15:45:42,145.56,43.0,276.54,26.0,132.43,56.0,284.81,32.0,211.05,130.98000000000002,99.0,58.0,6.648626173875069,157,41.0,129.0,0.26,155.67,3.0
2025-04-08 15:45:43,139.8,75.0,188.36,25.0,139.88,86.0,221.86,29.0,164.08,48.56,161.0,54.0,24.63905172688174,215,107.0,58.0,0.5,159.0,3.0
2025-04-08 15:45:44,131.41,71.0,159.8,15.0,110.0,60.0,161.95,43.0,145.6,28.39000000000001,131.0,58.0,36.08438138585687,189,73.0,-26.0,0.39,159.0,
2025-04-08 15:45:45,144.08,74.0,156.94,33.0,128.22,46.0,162.07,27.0,150.51,12.859999999999983,120.0,60.0,35.75238971033957,180,60.0,-9.0,0.33,151.0,8.0
2025-04-08 15:45:46,145.52,63.0,160.76,51.0,126.55,55.0,254.2,15.0,153.14,15.23999999999998,118.0,66.0,26.684975735421148,184,52.0,4.0,0.28,159.5,6.0
2025-04-08 15:45:47,146.2,45.0,160.15,27.0,131.29,42.0,215.0,15.0,153.17,13.950000000000015,87.0,42.0,6.769878137753476,129,45.0,-55.0,0.35,155.0,4.0
2025-04-08 15:45:48,139.14,84.0,159.19,37.0,125.79,68.0,211.38,16.0,149.17,20.05000000000001,152.0,53.0,3.150868134345981,205,99.0,76.0,0.48,155.0,6.0
2025-04-08 15:45:49,116.87,90.0,161.52,27.0,82.49,59.0,225.57,14.0,139.19,44.650000000000006,149.0,41.0,5.767736124341936,190,108.0,-15.0,0.57,158.0,2.0
2025-04-08 15:45:50,121.19,52.0,221.0,13.0,101.55,49.0,361.07,15.0,171.1,99.81,101.0,28.0,11.54258333303392,129,73.0,-61.0,0.57,162.0,2.0
2025-04-08 15:45:51,163.12,24.0,221.0,8.0,161.26,31.0,550.25,8.0,192.06,57.88,55.0,16.0,20.878507370020984,71,39.0,-58.0,0.55,163.5,4.0
2025-04-08 15:45:52,162.0,27.0,251.3,10.0,159.0,54.0,494.2,10.0,206.65,89.30000000000001,81.0,20.0,28.288121712125115,101,61.0,30.0,0.6,163.5,
2025-04-08 15:45:53,162.0,27.0,288.2,15.0,159.0,54.0,294.0,12.0,225.1,126.2,81.0,27.0,33.17295660624752,108,54.0,7.0,0.5,163.5,
2025-04-08 15:45:54,162.0,30.0,287.8,20.0,159.0,60.0,297.8,10.0,224.9,125.8,90.0,30.0,22.989176148786942,120,60.0,12.0,0.5,163.5,
2025-04-08 15:45:55,162.0,18.0,287.0,12.0,159.0,36.0,300.0,6.0,224.5,125.0,54.0,18.0,14.879476469282707,72,36.0,-48.0,0.5,163.5,
2025-04-08 15:45:56,162.0,18.0,284.6,10.0,159.0,36.0,297.38,8.0,223.3,122.60000000000002,54.0,18.0,7.990963646515243,72,36.0,0.0,0.5,163.5,
2025-04-08 15:45:57,162.0,24.0,284.75,16.0,159.0,48.0,331.0,8.0,223.38,122.75,72.0,24.0,0.8464514161622902,96,48.0,24.0,0.5,163.5,
2025-04-08 15:45:58,162.0,30.0,282.4,20.0,159.0,60.0,337.0,17.0,222.2,120.39999999999998,90.0,37.0,1.0703644238875205,127,53.0,31.0,0.42,163.5,
2025-04-08 15:45:59,162.0,39.0,189.77,26.0,159.0,78.0,233.85,26.0,175.88,27.77000000000001,117.0,52.0,21.2425827054984,169,65.0,42.0,0.38,163.5,
2025-04-08 15:46:00,161.5,36.0,187.65,34.0,158.82,73.0,222.82,22.0,174.57,26.15000000000001,109.0,56.0,26.153794753342307,165,53.0,-4.0,0.32,162.0,3.0
2025-04-08 15:46:01,159.0,11.0,184.94,34.0,158.0,143.0,185.35,40.0,171.97,25.94,154.0,74.0,26.68709706955726,228,80.0,63.0,0.35,159.0,5.0
2025-04-08 15:46:02,159.0,12.0,181.25,24.0,158.0,156.0,182.44,27.0,170.12,22.25,168.0,51.0,22.056411086121607,219,117.0,-9.0,0.53,159.0,
2025-04-08 15:46:03,158.05,101.0,179.76,50.0,157.89,73.0,180.56,32.0,168.9,21.70999999999998,174.0,82.0,2.932144266574296,256,92.0,37.0,0.36,158.5,2.0
2025-04-08 15:46:04,159.0,44.0,176.64,22.0,158.0,132.0,177.93,28.0,167.82,17.639999999999986,176.0,50.0,2.6672888857427832,226,126.0,-30.0,0.56,158.5,
2025-04-08 15:46:05,159.0,40.0,174.0,26.0,158.0,120.0,175.6,20.0,166.5,15.0,160.0,46.0,2.1040722421080296,206,114.0,-20.0,0.55,158.5,
2025-04-08 15:46:06,159.0,88.0,171.5,60.0,158.0,216.0,172.82,66.0,165.25,12.5,304.0,126.0,1.920395792541649,430,178.0,168.0,0.41,159.0,3.0
2025-04-08 15:46:07,159.0,30.0,169.35,23.0,157.81,106.0,170.68,38.0,164.17,10.349999999999994,136.0,61.0,1.9032787499506192,197,75.0,-168.0,0.38,159.0,
2025-04-08 15:46:08,157.31,62.0,165.39,38.0,155.5,54.0,166.44,41.0,161.35,8.079999999999984,116.0,79.0,2.463467068993616,195,37.0,-2.0,0.19,158.5,4.0
2025-04-08 15:46:09,156.83,58.0,161.39,64.0,155.86,70.0,162.53,34.0,159.11,4.559999999999974,128.0,98.0,3.006456385850081,226,30.0,31.0,0.13,158.5,
2025-04-08 15:46:10,157.0,34.0,159.35,31.0,156.0,55.0,174.76,34.0,158.18,2.3499999999999943,89.0,65.0,3.077567221040245,154,24.0,-72.0,0.16,157.0,2.0
2025-04-08 15:46:11,156.33,55.0,167.76,41.0,155.62,73.0,248.68,38.0,162.04,11.429999999999978,128.0,79.0,2.3860532265694347,207,49.0,53.0,0.24,157.11,9.0
2025-04-08 15:46:12,158.0,7.0,182.29,14.0,156.0,7.0,350.0,14.0,170.14,24.289999999999992,14.0,28.0,4.730056025040344,42,-14.0,-165.0,-0.33,157.11,
2025-04-08 15:46:13,158.0,7.0,163.0,20.0,156.0,7.0,225.43,14.0,160.5,5.0,14.0,34.0,4.781618972693321,48,-20.0,6.0,-0.42,157.11,
2025-04-08 15:46:14,155.38,55.0,216.2,49.0,154.74,19.0,288.86,28.0,185.79,60.81999999999999,74.0,77.0,11.258587833294715,151,-3.0,103.0,-0.02,157.0,2.0
2025-04-08 15:46:15,155.0,120.0,233.0,50.0,154.0,30.0,371.75,24.0,194.0,78.0,150.0,74.0,14.81532247370944,224,76.0,73.0,0.34,157.0,
2025-04-08 15:46:16,155.0,96.0,272.38,40.0,154.0,26.0,400.54,26.0,213.69,117.38,122.0,66.0,20.770501438337572,188,56.0,-36.0,0.3,157.0,
2025-04-08 15:46:17,155.0,72.0,260.0,40.0,154.0,25.0,404.0,24.0,207.5,105.0,97.0,64.0,20.88709003188264,161,33.0,-27.0,0.2,155.0,4.0
2025-04-08 15:46:18,159.0,25.0,260.0,25.0,155.0,40.0,404.0,15.0,209.5,101.0,65.0,40.0,11.724697437458904,105,25.0,-56.0,0.24,155.0,
2025-04-08 15:46:19,159.75,56.0,251.19,26.0,155.85,71.0,267.12,48.0,205.47,91.44,127.0,74.0,7.38091931943096,201,53.0,96.0,0.26,161.0,3.0
2025-04-08 15:46:20,162.08,52.0,169.0,20.0,159.7,46.0,171.0,50.0,165.54,6.919999999999988,98.0,70.0,19.68978542290287,168,28.0,-33.0,0.17,161.0,
2025-04-08 15:46:21,163.0,69.0,167.08,24.0,161.0,48.0,395.58,60.0,165.04,4.0800000000000125,117.0,84.0,23.15844122560873,201,33.0,33.0,0.16,163.0,5.0
2025-04-08 15:46:22,163.0,12.0,166.5,12.0,161.0,24.0,454.0,30.0,164.75,3.5,36.0,42.0,23.2551531923569,78,-6.0,-123.0,-0.08,163.0,
2025-04-08 15:46:23,161.31,26.0,164.89,18.0,159.37,43.0,403.44,45.0,163.1,3.579999999999984,69.0,63.0,18.29716234829876,132,6.0,54.0,0.05,162.33,3.0
2025-04-08 15:46:24,161.0,27.0,163.0,18.0,159.0,90.0,498.0,45.0,162.0,2.0,117.0,63.0,1.482288770791826,180,54.0,48.0,0.3,162.33,
2025-04-08 15:46:25,161.43,28.0,460.43,35.0,159.04,102.0,558.58,60.0,310.93,299.0,130.0,95.0,65.84486411254844,225,35.0,45.0,0.16,161.67,6.0
2025-04-08 15:46:27,157.26,23.0,366.75,32.0,155.68,25.0,518.35,23.0,262.01,209.49,48.0,55.0,82.51484199827254,103,-7.0,-31.0,-0.07,157.25,8.0
2025-04-08 15:46:28,154.0,30.0,262.56,36.0,134.94,16.0,336.95,44.0,208.28,108.56,46.0,80.0,72.85354370241622,126,-34.0,23.0,-0.27,155.0,3.0
2025-04-08 15:46:29,154.0,21.0,246.83,24.0,152.0,28.0,300.36,25.0,200.42,92.83,49.0,49.0,61.51842285039382,98,0.0,-28.0,0.0,155.0,
2025-04-08 15:46:30,154.0,20.0,274.21,19.0,152.0,28.0,327.17,18.0,214.11,120.20999999999998,48.0,37.0,58.343096678183656,85,11.0,-13.0,0.13,154.0,1.0
2025-04-08 15:46:31,154.0,10.0,273.0,15.0,152.0,20.0,318.75,16.0,213.5,119.0,30.0,31.0,24.29996152260169,61,-1.0,-24.0,-0.02,154.0,
2025-04-08 15:46:32,154.0,18.0,260.35,40.0,147.25,24.0,288.91,43.0,207.18,106.35000000000002,42.0,83.0,5.553226089395232,125,-41.0,64.0,-0.33,153.0,4.0
2025-04-08 15:46:33,157.11,9.0,230.33,24.0,155.12,16.0,278.25,32.0,193.72,73.22,25.0,56.0,8.733846804240649,81,-31.0,-44.0,-0.38,161.0,1.0
2025-04-08 15:46:34,155.13,23.0,267.0,39.0,131.38,16.0,270.0,26.0,211.07,111.87,39.0,65.0,8.3899123952483,104,-26.0,23.0,-0.25,161.0,
2025-04-08 15:46:35,162.59,118.0,203.0,34.0,153.15,47.0,238.86,28.0,182.8,40.41,165.0,62.0,13.018708845348336,227,103.0,123.0,0.45,161.0,
2025-04-08 15:46:36,163.0,144.0,166.83,24.0,158.0,18.0,167.95,21.0,164.92,3.830000000000013,162.0,45.0,18.8082620143374,207,117.0,-20.0,0.57,161.0,
2025-04-08 15:46:37,163.0,129.0,169.47,38.0,158.0,24.0,188.85,41.0,166.24,6.469999999999999,153.0,79.0,19.415553043886742,232,74.0,25.0,0.32,163.0,10.0
2025-04-08 15:46:38,163.0,36.0,190.0,28.0,159.0,7.0,222.67,30.0,176.5,27.0,43.0,58.0,18.719713673023563,101,-15.0,-131.0,-0.15,163.0,3.0
2025-04-08 15:46:39,161.33,18.0,222.14,28.0,156.75,16.0,341.43,28.0,191.74,60.80999999999997,34.0,56.0,11.30590111401969,90,-22.0,-11.0,-0.24,162.0,4.0
2025-04-08 15:46:40,158.0,26.0,235.0,52.0,156.0,52.0,449.15,52.0,196.5,77.0,78.0,104.0,14.454321153204916,182,-26.0,92.0,-0.14,162.0,
2025-04-08 15:46:41,158.0,10.0,235.0,20.0,156.0,20.0,382.0,20.0,196.5,77.0,30.0,40.0,13.535925531709182,70,-10.0,-112.0,-0.14,162.0,
2025-04-08 15:46:42,158.58,24.0,234.42,24.0,156.91,45.0,275.33,48.0,196.5,75.83999999999997,69.0,72.0,8.660919119814398,141,-3.0,71.0,-0.02,162.0,
2025-04-08 15:46:43,162.38,26.0,232.62,13.0,158.0,96.0,277.23,52.0,197.5,70.24000000000001,122.0,65.0,2.281999123566814,187,57.0,46.0,0.3,162.0,
2025-04-08 15:46:44,163.86,14.0,231.71,7.0,158.0,14.0,358.57,28.0,197.79,67.85,28.0,35.0,0.6354683311996538,63,-7.0,-124.0,-0.11,162.0,
2025-04-08 15:46:45,164.0,22.0,229.91,11.0,158.55,22.0,314.0,44.0,196.95,65.91,44.0,55.0,0.5841831904099272,99,-11.0,36.0,-0.11,162.0,
2025-04-08 15:46:46,161.83,12.0,228.78,9.0,158.78,18.0,373.03,31.0,195.31,66.94999999999999,30.0,40.0,0.9749615376813212,70,-10.0,-29.0,-0.14,164.0,2.0
2025-04-08 15:46:47,160.6,10.0,227.43,7.0,158.57,14.0,563.69,26.0,194.01,66.83000000000001,24.0,33.0,1.6051541981874418,57,-9.0,-13.0,-0.16,163.0,1.0
2025-04-08 15:46:48,158.22,27.0,196.9,42.0,155.3,69.0,331.93,27.0,177.56,38.68000000000001,96.0,69.0,8.381699111753262,165,27.0,108.0,0.16,158.0,5.0
2025-04-08 15:46:49,159.33,36.0,191.47,15.0,155.08,39.0,194.48,27.0,175.4,32.139999999999986,75.0,42.0,10.455784523409651,117,33.0,-48.0,0.28,158.0,
2025-04-08 15:46:50,156.0,9.0,189.78,9.0,155.0,54.0,191.0,9.0,172.89,33.78,63.0,18.0,10.750768809716858,81,45.0,-36.0,0.56,158.0,
2025-04-08 15:46:51,157.57,23.0,186.73,22.0,155.06,70.0,187.87,23.0,172.15,29.16,93.0,45.0,8.983321768699383,138,48.0,57.0,0.35,158.0,
2025-04-08 15:46:52,159.0,39.0,183.95,19.0,156.0,13.0,184.89,18.0,171.47,24.94999999999999,52.0,37.0,2.5314482021158327,89,15.0,-49.0,0.17,158.0,
2025-04-08 15:46:53,158.42,55.0,179.44,36.0,155.17,29.0,182.11,19.0,168.93,21.02000000000001,84.0,55.0,2.3419692568430923,139,29.0,50.0,0.21,157.17,6.0
2025-04-08 15:46:54,155.0,48.0,174.81,16.0,154.0,72.0,176.53,15.0,164.91,19.81,120.0,31.0,3.246690622772897,151,89.0,12.0,0.59,157.17,
2025-04-08 15:46:55,155.0,56.0,171.41,17.0,154.0,84.0,172.26,19.0,163.21,16.409999999999997,140.0,36.0,3.953818407565584,176,104.0,25.0,0.59,155.0,4.0
2025-04-08 15:46:56,154.02,61.0,168.0,16.0,97.78,77.0,169.0,16.0,161.01,13.97999999999999,138.0,32.0,4.252467518983284,170,106.0,-6.0,0.62,154.25,4.0
2025-04-08 15:46:57,154.0,36.0,163.56,18.0,99.67,46.0,165.5,12.0,158.78,9.560000000000002,82.0,30.0,3.871320188257703,112,52.0,-58.0,0.46,154.25,
2025-04-08 15:46:58,155.66,41.0,162.47,30.0,143.88,49.0,164.0,15.0,159.06,6.810000000000002,90.0,45.0,2.6499113192736328,135,45.0,23.0,0.33,161.0,1.0
2025-04-08 15:46:59,156.0,24.0,160.86,14.0,154.0,24.0,161.75,16.0,158.43,4.860000000000014,48.0,30.0,2.0070550565483747,78,18.0,-57.0,0.23,161.0,
2025-04-08 15:47:00,157.0,18.0,160.13,15.0,155.5,36.0,173.92,25.0,158.57,3.1299999999999955,54.0,40.0,1.0556277753155905,94,14.0,16.0,0.15,159.33,3.0
2025-04-08 15:47:01,158.0,30.0,159.67,18.0,156.0,30.0,236.5,30.0,158.83,1.6699999999999875,60.0,48.0,0.2433721430615763,108,12.0,14.0,0.11,159.0,1.0
2025-04-08 15:47:02,158.0,24.0,159.0,8.0,155.5,24.0,366.0,21.0,158.5,1.0,48.0,29.0,0.2616677282709194,77,19.0,-31.0,0.25,159.0,
2025-04-08 15:47:03,158.0,18.0,159.0,6.0,154.0,18.0,349.17,18.0,158.5,1.0,36.0,24.0,0.155659885707986,60,12.0,-17.0,0.2,159.0,
2025-04-08 15:47:04,158.0,20.0,279.0,12.0,153.2,45.0,468.65,23.0,218.5,121.0,65.0,35.0,26.7884387376346,100,30.0,40.0,0.3,158.0,1.0
2025-04-08 15:47:05,154.0,15.0,262.52,33.0,142.81,53.0,333.65,43.0,208.26,108.51999999999998,68.0,76.0,30.216737414882964,144,-8.0,44.0,-0.06,158.0,2.0
2025-04-08 15:47:06,153.9,39.0,158.06,32.0,143.0,19.0,204.26,23.0,155.98,4.159999999999997,58.0,55.0,30.75030276273697,113,3.0,-31.0,0.03,158.0,
2025-04-08 15:47:07,154.0,38.0,155.0,33.0,151.0,13.0,171.89,37.0,154.5,1.0,51.0,70.0,31.49090535376825,121,-19.0,8.0,-0.16,154.25,4.0
2025-04-08 15:47:08,154.21,28.0,188.18,34.0,151.46,13.0,288.77,35.0,171.2,33.97,41.0,69.0,29.880099062753903,110,-28.0,-11.0,-0.25,155.0,2.0
2025-04-08 15:47:09,155.2,30.0,291.0,24.0,154.64,28.0,330.5,24.0,223.1,135.8,58.0,48.0,31.332410057319013,106,10.0,-4.0,0.09,155.0,2.0
2025-04-08 15:47:10,159.27,82.0,189.38,39.0,154.56,36.0,248.26,38.0,174.33,30.109999999999985,118.0,77.0,27.87082201873484,195,41.0,89.0,0.21,155.0,
2025-04-08 15:47:11,162.0,96.0,210.0,30.0,155.0,40.0,475.75,32.0,186.0,48.0,136.0,62.0,25.674781011724065,198,74.0,3.0,0.37,162.0,1.0
2025-04-08 15:47:12,162.0,90.0,184.29,21.0,155.0,40.0,405.62,32.0,173.14,22.289999999999992,130.0,53.0,21.77167839189211,183,77.0,-15.0,0.42,162.0,
2025-04-08 15:47:13,162.0,117.0,178.23,52.0,155.0,52.0,363.53,34.0,170.12,16.22999999999999,169.0,86.0,21.954280220494176,255,83.0,72.0,0.33,162.0,
2025-04-08 15:47:14,162.0,87.0,174.77,71.0,155.0,72.0,366.27,78.0,168.39,12.77000000000001,159.0,149.0,6.902733516513279,308,10.0,53.0,0.03,162.0,5.0
2025-04-08 15:47:15,159.24,42.0,171.0,42.0,157.56,71.0,174.0,56.0,165.12,11.759999999999993,113.0,98.0,8.057076392836176,211,15.0,-97.0,0.07,161.33,6.0
2025-04-08 15:47:16,157.09,66.0,173.76,55.0,155.58,62.0,287.52,67.0,165.43,16.669999999999987,128.0,122.0,3.354005068571465,250,6.0,39.0,0.02,157.5,4.0
2025-04-08 15:47:17,157.0,28.0,172.14,28.0,155.0,28.0,395.71,28.0,164.57,15.139999999999986,56.0,56.0,2.4080759954796505,112,0.0,-138.0,0.0,157.5,
2025-04-08 15:47:18,160.71,56.0,171.21,56.0,156.86,56.0,237.0,28.0,165.96,10.5,112.0,84.0,1.483384643309466,196,28.0,84.0,0.14,157.5,
2025-04-08 15:47:19,161.0,40.0,169.0,40.0,157.0,40.0,232.0,40.0,165.0,8.0,80.0,80.0,0.5178127074601364,160,0.0,-36.0,0.0,157.5,
2025-04-08 15:47:20,161.0,40.0,168.67,36.0,159.0,10.0,206.8,40.0,164.83,7.6699999999999875,50.0,76.0,0.5466900401573694,126,-26.0,-34.0,-0.21,157.5,
2025-04-08 15:47:21,161.0,52.0,166.0,43.0,159.0,13.0,168.25,48.0,163.5,5.0,65.0,91.0,0.8839513561320839,156,-26.0,30.0,-0.17,157.5,
2025-04-08 15:47:22,160.8,10.0,162.57,35.0,158.38,13.0,164.29,35.0,161.69,1.7699999999999818,23.0,70.0,1.6526130823663634,93,-47.0,-63.0,-0.51,161.0,4.0
2025-04-08 15:47:23,159.0,6.0,162.0,18.0,157.43,28.0,163.0,24.0,160.5,3.0,34.0,42.0,1.9691952671103332,76,-8.0,-17.0,-0.11,161.0,
2025-04-08 15:47:24,159.0,13.0,161.27,44.0,158.0,78.0,162.68,47.0,160.14,2.2700000000000102,91.0,91.0,1.998592004389813,182,0.0,106.0,0.0,161.0,
2025-04-08 15:47:25,158.04,50.0,159.95,38.0,157.27,44.0,184.55,40.0,158.99,1.9099999999999968,94.0,78.0,1.7138640552891604,172,16.0,-10.0,0.09,159.0,1.0
2025-04-08 15:47:26,156.9,61.0,164.14,28.0,155.04,73.0,186.14,58.0,160.52,7.239999999999981,134.0,86.0,0.966835042813858,220,48.0,48.0,0.22,157.67,12.0
2025-04-08 15:47:27,160.94,34.0,233.54,39.0,158.16,64.0,433.36,50.0,197.24,72.6,98.0,89.0,16.64913871646233,187,9.0,-33.0,0.05,157.67,
2025-04-08 15:47:28,158.94,33.0,232.0,20.0,156.79,58.0,360.38,26.0,195.47,73.06,91.0,46.0,19.994090877056568,137,45.0,-50.0,0.33,159.5,8.0
2025-04-08 15:47:29,158.0,21.0,209.33,15.0,155.0,35.0,215.76,17.0,183.67,51.33000000000001,56.0,32.0,18.48999378042056,88,24.0,-49.0,0.27,159.5,
2025-04-08 15:47:30,158.0,27.0,196.38,24.0,155.67,30.0,197.14,21.0,177.19,38.38,57.0,45.0,14.98055639821122,102,12.0,14.0,0.12,159.5,
2025-04-08 15:47:31,158.0,21.0,194.0,14.0,157.0,14.0,196.0,21.0,176.0,36.0,35.0,35.0,9.987824087356756,70,0.0,-32.0,0.0,159.5,
2025-04-08 15:47:32,156.04,46.0,191.92,36.0,154.67,54.0,194.0,24.0,173.98,35.879999999999995,100.0,60.0,8.731596074028442,160,40.0,90.0,0.25,157.6,5.0
2025-04-08 15:47:33,155.49,49.0,190.45,33.0,154.46,65.0,288.0,28.0,172.97,34.95999999999998,114.0,61.0,4.201281947214895,175,53.0,15.0,0.3,157.6,
2025-04-08 15:47:34,157.14,56.0,187.37,49.0,155.33,30.0,206.14,49.0,172.26,30.230000000000015,86.0,98.0,2.068393096100514,184,-12.0,9.0,-0.07,157.6,
2025-04-08 15:47:35,159.79,38.0,183.72,46.0,155.85,13.0,185.03,37.0,171.75,23.930000000000007,51.0,83.0,1.6810026769750874,134,-32.0,-50.0,-0.24,160.0,2.0
2025-04-08 15:47:36,161.0,18.0,181.32,31.0,160.0,18.0,182.6,30.0,171.16,20.319999999999997,36.0,61.0,1.0952305693316,97,-25.0,-37.0,-0.26,160.0,
2025-04-08 15:47:37,161.57,28.0,177.39,51.0,160.57,28.0,178.49,43.0,169.48,15.819999999999991,56.0,94.0,1.3223199310300628,150,-38.0,53.0,-0.25,160.0,
2025-04-08 15:47:38,161.25,16.0,173.78,36.0,158.67,36.0,176.43,28.0,167.51,12.53,52.0,64.0,1.9399149465892769,116,-12.0,-34.0,-0.1,163.0,2.0
2025-04-08 15:47:39,159.29,56.0,170.29,42.0,158.43,56.0,171.79,48.0,164.79,11.0,112.0,90.0,2.8453242346,202,22.0,86.0,0.11,161.0,2.0
2025-04-08 15:47:40,159.0,66.0,167.36,33.0,158.0,44.0,168.62,39.0,163.18,8.360000000000014,110.0,72.0,3.276496604607405,182,38.0,-20.0,0.21,161.0,
2025-04-08 15:47:41,159.0,66.0,164.73,33.0,158.0,44.0,166.0,33.0,161.86,5.72999999999999,110.0,66.0,3.119459889148406,176,44.0,-6.0,0.25,161.0,
2025-04-08 15:47:42,158.46,37.0,160.92,39.0,157.21,38.0,161.91,45.0,159.69,2.4599999999999795,75.0,84.0,2.958383004279186,159,-9.0,-17.0,-0.06,159.0,6.0
2025-04-08 15:47:43,156.0,30.0,158.94,34.0,141.2,50.0,196.88,59.0,157.47,2.9399999999999977,80.0,93.0,2.882753891682416,173,-13.0,14.0,-0.08,158.33,6.0
2025-04-08 15:47:44,154.56,18.0,200.35,17.0,144.86,42.0,245.43,28.0,177.45,45.78999999999999,60.0,45.0,7.863634655806909,105,15.0,-68.0,0.14,155.33,3.0
2025-04-08 15:47:45,155.2,10.0,402.82,38.0,146.8,20.0,476.92,24.0,279.01,247.62,30.0,62.0,51.97805575432755,92,-32.0,-13.0,-0.35,155.33,
2025-04-08 15:47:46,154.91,22.0,370.85,34.0,123.35,23.0,383.91,44.0,262.88,215.94000000000003,45.0,78.0,58.890202920349694,123,-33.0,31.0,-0.27,155.0,2.0
2025-04-08 15:47:47,157.74,171.0,313.97,33.0,154.84,32.0,368.14,28.0,235.85,156.23000000000002,203.0,61.0,53.05785823042567,264,142.0,141.0,0.54,158.0,4.0
2025-04-08 15:47:48,158.0,145.0,189.24,17.0,155.0,39.0,218.0,38.0,173.62,31.24000000000001,184.0,55.0,48.39344139446941,239,129.0,-25.0,0.54,158.0,2.0
2025-04-08 15:47:49,158.0,160.0,187.04,24.0,154.52,52.0,188.56,16.0,172.52,29.039999999999992,212.0,40.0,49.6575797839559,252,172.0,13.0,0.68,158.0,4.0
2025-04-08 15:47:50,158.17,69.0,185.0,6.0,155.95,44.0,187.0,18.0,171.59,26.830000000000013,113.0,24.0,43.13674037291143,137,89.0,-115.0,0.65,158.0,5.0
2025-04-08 15:47:51,159.0,20.0,184.12,16.0,157.83,105.0,185.75,32.0,171.56,25.120000000000005,125.0,48.0,28.422856471508727,173,77.0,36.0,0.45,158.0,
2025-04-08 15:47:52,160.89,9.0,180.43,21.0,158.0,81.0,181.73,15.0,170.66,19.54000000000002,90.0,36.0,1.1237882362788043,126,54.0,-47.0,0.43,158.0,
2025-04-08 15:47:53,162.0,11.0,178.0,17.0,159.31,64.0,178.48,31.0,170.0,16.0,75.0,48.0,0.9661676873086474,123,27.0,-3.0,0.22,158.0,
2025-04-08 15:47:54,158.13,91.0,173.84,32.0,155.87,93.0,175.83,36.0,165.99,15.710000000000008,184.0,68.0,2.3167541949893216,252,116.0,129.0,0.46,160.0,2.0
2025-04-08 15:47:55,158.0,48.0,170.5,14.0,155.0,36.0,172.67,18.0,164.25,12.5,84.0,32.0,3.1875335292357536,116,52.0,-136.0,0.45,160.0,
2025-04-08 15:47:56,158.0,56.0,168.33,18.0,155.0,72.0,169.75,32.0,163.17,10.330000000000013,128.0,50.0,3.371725077761224,178,78.0,62.0,0.44,158.0,5.0
2025-04-08 15:47:57,158.0,12.0,163.34,32.0,155.85,39.0,164.65,34.0,160.67,5.340000000000003,51.0,66.0,3.4810601833358312,117,-15.0,-61.0,-0.13,158.0,2.0
2025-04-08 15:47:58,157.08,13.0,159.6,25.0,155.64,33.0,160.83,23.0,158.34,2.519999999999982,46.0,48.0,3.014329112756041,94,-2.0,-23.0,-0.02,158.5,2.0
2025-04-08 15:47:59,155.57,46.0,158.86,35.0,154.94,70.0,275.0,28.0,157.21,3.2900000000000205,116.0,63.0,3.018695082317933,179,53.0,85.0,0.3,155.75,4.0
2025-04-08 15:48:00,155.0,44.0,178.71,28.0,154.0,10.0,357.6,20.0,166.86,23.710000000000008,54.0,48.0,3.8821579050844863,102,6.0,-77.0,0.06,155.0,3.0
2025-04-08 15:48:01,157.0,12.0,283.0,16.0,154.89,9.0,414.38,16.0,220.0,126.0,21.0,32.0,26.749910840972863,53,-11.0,-49.0,-0.21,155.0,
2025-04-08 15:48:02,161.94,17.0,284.33,18.0,160.44,9.0,648.0,16.0,223.14,122.39,26.0,34.0,33.51006714406856,60,-8.0,7.0,-0.13,155.0,
2025-04-08 15:48:07,156.0,14.0,172.68,38.0,155.0,56.0,354.92,37.0,164.34,16.680000000000007,70.0,75.0,71.04001428772284,145,-5.0,70.0,-0.03,155.0,
2025-04-08 15:48:08,156.0,47.0,260.72,36.0,155.0,48.0,483.66,41.0,208.36,104.72000000000004,95.0,77.0,77.7691838069546,172,18.0,27.0,0.1,157.0,3.0
2025-04-08 15:48:09,155.38,13.0,204.07,59.0,154.45,44.0,261.17,29.0,179.73,48.69,57.0,88.0,81.71620065813096,145,-31.0,-27.0,-0.21,155.25,4.0
2025-04-08 15:48:10,155.0,5.0,203.8,25.0,154.0,15.0,205.0,10.0,179.4,48.80000000000001,20.0,35.0,65.14749780306194,55,-15.0,-90.0,-0.27,155.25,
2025-04-08 15:48:11,155.63,19.0,203.0,75.0,154.24,45.0,365.12,16.0,179.32,47.370000000000005,64.0,91.0,16.01215163555476,155,-27.0,100.0,-0.17,155.25,
2025-04-08 15:48:12,162.0,13.0,202.62,65.0,156.0,65.0,303.8,25.0,182.31,40.620000000000005,78.0,90.0,12.658259359011192,168,-12.0,13.0,-0.07,155.25,
2025-04-08 15:48:13,160.0,9.0,201.9,39.0,155.91,33.0,257.18,17.0,180.95,41.900000000000006,42.0,56.0,1.279558517614995,98,-14.0,-70.0,-0.14,157.2,5.0
2025-04-08 15:48:14,155.8,51.0,199.36,55.0,140.68,34.0,201.0,34.0,177.58,43.56,85.0,89.0,1.794343891232006,174,-4.0,76.0,-0.02,157.14,7.0
2025-04-08 15:48:15,156.64,22.0,195.43,35.0,154.01,81.0,199.26,43.0,176.03,38.79000000000002,103.0,78.0,2.520668562108569,181,25.0,7.0,0.14,157.14,
2025-04-08 15:48:16,155.0,14.0,197.36,22.0,154.0,64.0,198.35,34.0,176.18,42.360000000000014,78.0,56.0,2.8630316100251663,134,22.0,-47.0,0.16,157.14,
2025-04-08 15:48:17,155.5,16.0,196.0,20.0,153.84,68.0,198.0,50.0,175.75,40.5,84.0,70.0,2.1604791135313035,154,14.0,20.0,0.09,154.5,2.0
2025-04-08 15:48:18,160.14,28.0,194.11,27.0,154.27,60.0,195.3,57.0,177.13,33.97000000000003,88.0,84.0,0.7815561400219525,172,4.0,18.0,0.02,154.5,
2025-04-08 15:48:19,161.0,75.0,192.26,54.0,158.0,15.0,194.37,51.0,176.63,31.25999999999999,90.0,105.0,0.542660114626315,195,-15.0,23.0,-0.08,154.5,
2025-04-08 15:48:20,160.61,38.0,190.17,48.0,155.31,67.0,191.56,36.0,175.39,29.55999999999997,105.0,84.0,0.6905649860848856,189,21.0,-6.0,0.11,161.0,5.0
2025-04-08 15:48:21,159.3,20.0,188.8,25.0,155.82,33.0,189.78,37.0,174.05,29.5,53.0,62.0,1.1927279656346483,115,-9.0,-74.0,-0.08,161.0,
2025-04-08 15:48:22,161.29,28.0,186.74,46.0,158.0,14.0,187.33,49.0,174.01,25.450000000000017,42.0,95.0,1.4362868794246613,137,-53.0,22.0,-0.39,161.0,
2025-04-08 15:48:23,158.92,26.0,184.63,38.0,155.36,25.0,186.28,53.0,171.78,25.710000000000008,51.0,91.0,1.8088725770514749,142,-40.0,5.0,-0.28,162.0,2.0
2025-04-08 15:48:24,158.33,24.0,182.28,36.0,155.46,26.0,183.24,42.0,170.31,23.94999999999999,50.0,78.0,2.0310637606954884,128,-28.0,-14.0,-0.22,162.0,
2025-04-08 15:48:25,161.67,15.0,179.41,34.0,157.54,26.0,181.36,28.0,170.54,17.74000000000001,41.0,62.0,1.815453111488088,103,-21.0,-25.0,-0.2,162.0,
2025-04-08 15:48:26,163.0,9.0,177.06,17.0,158.0,18.0,178.4,30.0,170.03,14.060000000000002,27.0,47.0,1.6385450863533804,74,-20.0,-29.0,-0.27,162.0,
2025-04-08 15:48:27,163.0,10.0,174.06,34.0,158.0,20.0,175.08,26.0,168.53,11.060000000000002,30.0,60.0,1.1656200066978222,90,-30.0,16.0,-0.33,162.0,
2025-04-08 15:48:28,159.46,24.0,172.64,25.0,155.65,34.0,173.91,43.0,166.05,13.179999999999978,58.0,68.0,1.8728107218872108,126,-10.0,36.0,-0.08,159.67,3.0
2025-04-08 15:48:29,159.24,17.0,170.0,9.0,154.19,43.0,171.0,36.0,164.62,10.759999999999993,60.0,45.0,2.5529257725239805,105,15.0,-21.0,0.14,159.5,4.0
2025-04-08 15:48:30,155.0,13.0,165.23,39.0,154.0,91.0,168.07,29.0,160.12,10.22999999999999,104.0,68.0,3.8418289915117096,172,36.0,67.0,0.21,159.5,
2025-04-08 15:48:31,155.0,17.0,161.75,53.0,154.0,119.0,162.96,50.0,158.38,6.75,136.0,103.0,4.203825638632371,239,33.0,67.0,0.14,159.5,
2025-04-08 15:48:32,154.03,62.0,158.32,53.0,111.81,64.0,159.36,55.0,156.18,4.289999999999992,126.0,108.0,4.166941324284035,234,18.0,-5.0,0.08,154.5,2.0
2025-04-08 15:48:33,154.0,44.0,156.9,60.0,100.4,91.0,161.56,62.0,155.45,2.9000000000000057,135.0,122.0,3.666251491650376,257,13.0,23.0,0.05,154.0,4.0
2025-04-08 15:48:34,127.32,28.0,155.3,30.0,99.23,62.0,156.41,27.0,141.31,27.980000000000015,90.0,57.0,7.485236803203649,147,33.0,-110.0,0.22,154.5,4.0
2025-04-08 15:48:36,139.33,27.0,323.05,22.0,102.73,66.0,391.89,27.0,231.19,183.72,93.0,49.0,37.77126063556817,142,44.0,-74.0,0.31,147.75,8.0
2025-04-08 15:48:37,141.24,34.0,341.3,33.0,123.95,66.0,367.79,48.0,241.27,200.06,100.0,81.0,50.01779963173111,181,19.0,39.0,0.1,153.29,7.0
2025-04-08 15:48:38,162.71,21.0,375.0,60.0,158.0,18.0,501.17,24.0,268.86,212.29,39.0,84.0,59.75507953304032,123,-45.0,-58.0,-0.37,153.29,
2025-04-08 15:48:39,163.0,18.0,370.64,36.0,161.0,9.0,475.96,27.0,266.82,207.64,27.0,63.0,52.4077367380041,90,-36.0,-33.0,-0.4,153.29,
2025-04-08 15:48:40,163.0,12.0,332.5,20.0,161.0,7.0,426.71,14.0,247.75,169.5,19.0,34.0,16.330684921335028,53,-15.0,-37.0,-0.28,163.0,1.0
2025-04-08 15:48:41,159.23,44.0,229.0,45.0,157.79,58.0,358.44,18.0,194.11,69.77000000000001,102.0,63.0,30.20354399735116,165,39.0,112.0,0.24,161.0,3.0
2025-04-08 15:48:42,159.0,24.0,252.17,12.0,157.0,18.0,486.33,9.0,205.58,93.17,42.0,21.0,34.80630733071141,63,21.0,-102.0,0.33,161.0,
2025-04-08 15:48:46,159.0,56.0,458.0,14.0,156.16,57.0,613.71,14.0,308.5,299.0,113.0,28.0,83.02715838808297,141,85.0,-56.0,0.6,161.0,
2025-04-08 15:48:47,160.09,66.0,253.32,25.0,158.26,89.0,302.5,20.0,206.71,93.23,155.0,45.0,82.58007731892612,200,110.0,59.0,0.55,161.0,
2025-04-08 15:48:48,161.0,36.0,300.67,12.0,159.0,48.0,303.0,12.0,230.83,139.67000000000002,84.0,24.0,91.67585014604364,108,60.0,-92.0,0.56,161.0,
2025-04-08 15:48:49,161.2,56.0,297.11,18.0,159.0,76.0,299.24,34.0,229.15,135.91000000000005,132.0,52.0,84.99949517497082,184,80.0,76.0,0.43,161.0,5.0
2025-04-08 15:48:50,164.0,11.0,293.29,21.0,159.0,40.0,295.67,12.0,228.64,129.29000000000002,51.0,33.0,39.14205321645678,84,18.0,-100.0,0.21,161.0,
2025-04-08 15:48:51,157.43,82.0,243.0,22.0,156.97,62.0,292.93,14.0,200.21,85.57,144.0,36.0,14.490953039740418,180,108.0,96.0,0.6,160.0,5.0
2025-04-08 15:48:52,157.0,98.0,271.54,26.0,156.0,78.0,290.48,21.0,214.27,114.54000000000002,176.0,47.0,13.21188858566254,223,129.0,43.0,0.58,157.0,5.0
2025-04-08 15:48:53,157.0,60.0,188.73,26.0,156.0,60.0,250.55,20.0,172.87,31.72999999999999,120.0,46.0,23.46359989430384,166,74.0,-57.0,0.45,157.0,
2025-04-08 15:48:54,157.0,51.0,180.27,22.0,156.0,72.0,181.43,14.0,168.64,23.27000000000001,123.0,36.0,25.9623078712196,159,87.0,-7.0,0.55,157.0,3.0
2025-04-08 15:48:55,159.0,36.0,176.76,17.0,157.0,27.0,178.5,12.0,167.88,17.75999999999999,63.0,29.0,21.18786515909537,92,34.0,-67.0,0.37,157.0,
2025-04-08 15:48:56,159.0,44.0,173.43,14.0,157.0,33.0,174.82,22.0,166.21,14.430000000000009,77.0,36.0,20.43804369307435,113,41.0,21.0,0.36,157.0,
2025-04-08 15:48:57,159.0,56.0,170.21,24.0,157.0,42.0,171.36,14.0,164.6,11.210000000000008,98.0,38.0,3.118372973207192,136,60.0,23.0,0.44,157.0,
2025-04-08 15:48:58,159.0,52.0,168.57,23.0,157.0,39.0,169.0,24.0,163.78,9.569999999999991,91.0,47.0,2.0730460679954645,138,44.0,2.0,0.32,157.0,
2025-04-08 15:48:59,159.0,48.0,163.65,23.0,157.0,36.0,164.72,18.0,161.33,4.650000000000006,84.0,41.0,2.479304337920897,125,43.0,-13.0,0.34,159.0,3.0
2025-04-08 15:49:00,156.75,24.0,162.7,20.0,156.5,24.0,163.64,11.0,159.72,5.949999999999989,48.0,31.0,2.59508574040157,79,17.0,-46.0,0.22,157.5,4.0
2025-04-08 15:49:01,156.0,97.0,160.19,37.0,155.0,36.0,161.09,34.0,158.09,4.189999999999998,133.0,71.0,2.721843125537845,204,62.0,125.0,0.3,156.0,4.0
2025-04-08 15:49:02,156.2,20.0,182.91,22.0,155.18,22.0,200.35,17.0,169.55,26.710000000000008,42.0,39.0,4.468951778665373,81,3.0,-123.0,0.04,157.33,3.0
2025-04-08 15:49:03,158.0,12.0,281.92,26.0,156.12,25.0,358.72,29.0,219.96,123.92000000000002,37.0,55.0,26.21705074946498,92,-18.0,11.0,-0.2,157.33,
2025-04-08 15:49:04,160.53,19.0,297.8,30.0,156.91,23.0,530.62,26.0,229.16,137.27,42.0,56.0,34.452424152735695,98,-14.0,6.0,-0.14,157.33,
2025-04-08 15:49:05,162.69,13.0,254.12,25.0,161.6,20.0,584.1,31.0,208.41,91.43,33.0,56.0,31.460690234004637,89,-23.0,-9.0,-0.26,157.33,
2025-04-08 15:49:06,162.0,9.0,264.0,18.0,158.5,12.0,637.71,35.0,213.0,102.0,21.0,53.0,22.88207005495747,74,-32.0,-15.0,-0.43,162.5,2.0
2025-04-08 15:49:07,159.0,20.0,300.51,39.0,158.0,20.0,486.19,52.0,229.76,141.51,40.0,91.0,9.519402292159278,131,-51.0,57.0,-0.39,160.33,3.0
2025-04-08 15:49:08,158.83,35.0,423.67,24.0,155.92,24.0,656.51,45.0,291.25,264.84000000000003,59.0,69.0,33.22015397315235,128,-10.0,-3.0,-0.08,160.33,
2025-04-08 15:49:09,159.0,12.0,435.0,8.0,156.0,8.0,530.0,8.0,297.0,276.0,20.0,16.0,43.00163055047951,36,4.0,-92.0,0.11,160.33,
2025-04-08 15:49:10,157.86,14.0,254.21,38.0,156.05,22.0,421.8,20.0,206.03,96.35,36.0,58.0,43.55740086368714,94,-22.0,58.0,-0.23,160.33,
2025-04-08 15:49:11,157.0,5.0,169.0,25.0,156.0,22.0,343.0,10.0,163.0,12.0,27.0,35.0,57.07404988258627,62,-8.0,-32.0,-0.13,160.33,
2025-04-08 15:49:12,157.75,16.0,169.0,40.0,156.33,12.0,341.88,16.0,163.38,11.25,28.0,56.0,66.27627908988225,84,-28.0,22.0,-0.33,160.33,
2025-04-08 15:49:13,159.0,33.0,187.11,36.0,157.0,11.0,330.71,28.0,173.06,28.110000000000014,44.0,64.0,56.74488681810893,108,-20.0,24.0,-0.19,160.33,
2025-04-08 15:49:14,155.32,38.0,178.88,8.0,154.5,18.0,389.56,36.0,167.1,23.56,56.0,44.0,18.075383260114386,100,12.0,-8.0,0.12,157.29,7.0
2025-04-08 15:49:15,155.0,28.0,177.7,10.0,154.0,30.0,178.7,10.0,166.35,22.69999999999999,58.0,20.0,4.04258827980703,78,38.0,-22.0,0.49,155.0,5.0
2025-04-08 15:49:16,154.27,15.0,174.85,13.0,150.1,20.0,176.08,13.0,164.56,20.579999999999984,35.0,26.0,3.7467852887552513,61,9.0,-17.0,0.15,154.5,4.0
2025-04-08 15:49:17,154.75,20.0,171.75,8.0,148.38,8.0,174.0,8.0,163.25,17.0,28.0,16.0,3.777556088270932,44,12.0,-17.0,0.27,154.5,
2025-04-08 15:49:18,119.31,26.0,159.53,15.0,91.11,18.0,173.09,11.0,139.42,40.22,44.0,26.0,11.678318800240064,70,18.0,26.0,0.26,149.5,2.0
2025-04-08 15:49:22,144.8,15.0,163.09,22.0,111.0,12.0,367.33,12.0,153.95,18.289999999999992,27.0,34.0,13.683080793449497,61,-7.0,36.0,-0.11,156.0,3.0
2025-04-08 15:49:23,144.89,9.0,161.86,35.0,97.0,14.0,164.0,7.0,153.37,16.970000000000027,23.0,42.0,15.698549296035711,65,-19.0,4.0,-0.29,156.0,1.0
2025-04-08 15:49:36,145.77,35.0,151.0,40.0,144.92,74.0,152.0,10.0,148.39,5.22999999999999,109.0,50.0,15.0300998000702,159,59.0,66.0,0.37,156.0,
2025-04-08 15:49:49,150.3,46.0,152.75,52.0,148.75,64.0,154.05,59.0,151.53,2.4499999999999886,110.0,111.0,13.457297276944423,221,-1.0,42.0,-0.0,150.83,6.0
2025-04-08 15:49:50,150.62,39.0,153.0,51.0,145.34,73.0,157.0,55.0,151.81,2.3799999999999955,112.0,106.0,3.01264335759251,218,6.0,-3.0,0.03,153.0,6.0
2025-04-08 15:49:51,149.7,69.0,185.7,40.0,56.6,40.0,270.82,44.0,167.7,36.0,109.0,84.0,7.856756964552194,193,25.0,-25.0,0.13,153.83,12.0
2025-04-08 15:49:52,150.12,48.0,175.75,16.0,35.62,24.0,309.21,28.0,162.94,25.629999999999995,72.0,44.0,8.099668511737702,116,28.0,-77.0,0.24,153.83,
2025-04-08 15:49:53,156.91,22.0,369.33,12.0,153.86,14.0,656.33,6.0,263.12,212.42,36.0,18.0,47.3149104405789,54,18.0,-62.0,0.33,157.0,4.0
2025-04-08 15:49:55,158.12,48.0,398.75,16.0,156.0,16.0,598.5,16.0,278.44,240.63,64.0,32.0,67.8525520522251,96,32.0,32.0,0.33,157.0,
2025-04-08 15:49:56,159.13,45.0,168.4,20.0,156.0,20.0,253.55,44.0,163.77,9.27000000000001,65.0,64.0,68.87081435557386,129,1.0,33.0,0.01,159.0,3.0
2025-04-08 15:49:57,163.06,94.0,167.67,30.0,162.32,107.0,295.73,75.0,165.37,4.609999999999985,201.0,105.0,68.23026359321733,306,96.0,168.0,0.31,163.0,3.0
2025-04-08 15:49:58,164.0,21.0,167.0,14.0,163.0,77.0,373.53,15.0,165.5,3.0,98.0,29.0,72.59936452889892,127,69.0,-168.0,0.54,163.0,
2025-04-08 15:49:59,163.6,25.0,167.0,12.0,162.73,59.0,339.33,18.0,165.3,3.4000000000000057,84.0,30.0,50.743518108227285,114,54.0,-13.0,0.47,163.75,4.0
2025-04-08 15:50:00,163.0,64.0,165.43,14.0,159.0,28.0,297.57,23.0,164.21,2.430000000000007,92.0,37.0,0.7857162337799279,129,55.0,15.0,0.43,163.0,2.0
2025-04-08 15:50:01,163.0,29.0,172.89,18.0,159.0,24.0,351.21,24.0,167.94,9.889999999999986,53.0,42.0,1.3729639470954949,95,11.0,-34.0,0.12,163.0,7.0
2025-04-08 15:50:02,163.0,6.0,180.0,30.0,159.0,24.0,374.33,18.0,171.5,17.0,30.0,48.0,2.915355895945156,78,-18.0,-17.0,-0.23,163.0,
2025-04-08 15:50:03,159.5,8.0,364.0,18.0,157.67,24.0,518.36,22.0,261.75,204.5,32.0,40.0,42.360571879992285,72,-8.0,-6.0,-0.11,159.8,5.0
2025-04-08 15:50:04,156.0,12.0,213.45,22.0,155.0,24.0,504.0,18.0,184.73,57.44999999999999,36.0,40.0,40.83457395394235,76,-4.0,4.0,-0.05,159.8,
2025-04-08 15:50:05,156.0,10.0,310.5,12.0,154.75,16.0,507.6,15.0,233.25,154.5,26.0,27.0,41.58844106239096,53,-1.0,-23.0,-0.02,157.0,4.0
2025-04-08 15:50:06,156.0,16.0,343.65,17.0,154.88,34.0,465.22,18.0,249.82,187.65,50.0,35.0,40.01206005693711,85,15.0,32.0,0.18,157.0,
2025-04-08 15:50:07,155.5,20.0,427.71,21.0,154.91,44.0,472.48,21.0,291.61,272.21,64.0,42.0,39.50909161193036,106,22.0,21.0,0.21,156.0,2.0
2025-04-08 15:50:08,155.0,40.0,324.1,21.0,136.57,21.0,418.17,23.0,239.55,169.10000000000002,61.0,44.0,38.27644863359077,105,17.0,-1.0,0.16,156.0,
2025-04-08 15:50:09,155.0,45.0,228.0,18.0,129.89,9.0,292.21,19.0,191.5,73.0,54.0,37.0,35.886881029143645,91,17.0,-14.0,0.19,156.0,
2025-04-08 15:50:10,155.33,12.0,228.0,10.0,90.33,9.0,556.91,11.0,191.67,72.66999999999999,21.0,21.0,42.40053478436237,42,0.0,-49.0,0.0,155.0,5.0
2025-04-08 15:50:11,157.78,106.0,421.38,26.0,132.31,26.0,491.13,31.0,289.58,263.6,132.0,57.0,49.51502872865885,189,75.0,147.0,0.4,155.0,
2025-04-08 15:50:12,158.0,42.0,393.38,8.0,154.0,3.0,495.43,7.0,275.69,235.38,45.0,15.0,45.80214481877367,60,30.0,-129.0,0.5,155.0,
2025-04-08 15:50:13,158.0,98.0,309.2,15.0,154.0,13.0,438.41,17.0,233.6,151.2,111.0,32.0,45.8160427143148,143,79.0,83.0,0.55,155.0,
2025-04-08 15:50:14,158.0,88.0,199.0,14.0,154.0,28.0,257.0,14.0,178.5,41.0,116.0,28.0,49.2423777858048,144,88.0,1.0,0.61,158.0,2.0
2025-04-08 15:50:15,158.0,177.0,302.94,32.0,154.0,60.0,470.55,33.0,230.47,144.94,237.0,65.0,43.68549610568604,302,172.0,158.0,0.57,158.0,1.0
2025-04-08 15:50:16,158.0,88.0,336.25,16.0,156.74,46.0,574.0,16.0,247.12,178.25,134.0,32.0,35.3510697150726,166,102.0,-136.0,0.61,158.0,
2025-04-08 15:50:17,158.06,70.0,181.71,14.0,157.55,80.0,307.95,19.0,169.89,23.65000000000001,150.0,33.0,35.13040748411488,183,117.0,17.0,0.64,158.0,
2025-04-08 15:50:18,158.48,21.0,160.84,25.0,157.95,116.0,167.32,25.0,159.66,2.3600000000000136,137.0,50.0,39.06293345359481,187,87.0,4.0,0.47,159.0,1.0
2025-04-08 15:50:19,158.0,55.0,160.6,15.0,157.0,30.0,168.5,12.0,159.3,2.5999999999999943,85.0,27.0,42.17190498424255,112,58.0,-75.0,0.52,159.0,
2025-04-08 15:50:20,158.0,77.0,160.0,21.0,157.0,42.0,268.0,16.0,159.0,2.0,119.0,37.0,38.35834954739323,156,82.0,44.0,0.53,159.0,
2025-04-08 15:50:21,158.0,88.0,159.3,20.0,157.0,48.0,330.0,16.0,158.65,1.3000000000000114,136.0,36.0,4.816383498022939,172,100.0,16.0,0.58,159.0,1.0
2025-04-08 15:50:22,158.0,103.0,211.38,26.0,157.0,78.0,344.97,31.0,184.69,53.38,181.0,57.0,11.426790888085051,238,124.0,66.0,0.52,158.0,8.0
2025-04-08 15:50:23,160.86,66.0,449.0,14.0,157.75,24.0,727.16,19.0,304.93,288.14,90.0,33.0,63.38079464632786,123,57.0,-115.0,0.46,161.0,3.0
2025-04-08 15:50:24,162.79,77.0,312.0,23.0,160.89,83.0,667.36,22.0,237.4,149.21,160.0,45.0,62.52040011068356,205,115.0,82.0,0.56,163.0,1.0
2025-04-08 15:50:25,163.67,18.0,247.0,28.0,162.64,44.0,248.0,7.0,205.33,83.33000000000001,62.0,35.0,56.40366211514947,97,27.0,-108.0,0.28,163.0,
2025-04-08 15:50:26,163.03,68.0,246.08,48.0,161.13,94.0,321.83,24.0,204.56,83.05000000000001,162.0,72.0,47.28581679531332,234,90.0,137.0,0.38,163.0,
2025-04-08 15:50:27,163.0,78.0,244.08,52.0,161.0,104.0,370.78,23.0,203.54,81.08000000000001,182.0,75.0,43.64219139777389,257,107.0,23.0,0.42,163.0,3.0
2025-04-08 15:50:28,161.61,23.0,243.0,28.0,159.96,26.0,378.56,9.0,202.3,81.38999999999999,49.0,37.0,15.010202530277788,86,12.0,-168.0,0.14,161.75,8.0
2025-04-08 15:50:29,163.0,24.0,226.7,40.0,161.0,36.0,390.0,32.0,194.85,63.69999999999999,60.0,72.0,4.217799189147023,132,-12.0,46.0,-0.09,161.75,
2025-04-08 15:50:30,161.14,44.0,163.47,30.0,157.27,103.0,209.74,38.0,162.3,2.3300000000000125,147.0,68.0,17.859361690720668,215,79.0,83.0,0.37,164.0,2.0
2025-04-08 15:50:31,161.0,15.0,211.62,34.0,158.0,72.0,231.92,26.0,186.31,50.620000000000005,87.0,60.0,16.874182943182344,147,27.0,-68.0,0.18,161.0,2.0
2025-04-08 15:50:32,161.0,5.0,177.81,21.0,158.0,40.0,221.95,20.0,169.4,16.810000000000002,45.0,41.0,16.86203931913324,86,4.0,-61.0,0.05,161.0,
2025-04-08 15:50:33,158.38,48.0,217.81,59.0,157.56,75.0,226.18,38.0,188.09,59.43000000000001,123.0,97.0,13.704526624440524,220,26.0,134.0,0.12,159.2,5.0
2025-04-08 15:50:34,159.34,76.0,165.68,38.0,157.57,98.0,244.33,58.0,162.51,6.340000000000003,174.0,96.0,12.646618915742176,270,78.0,50.0,0.29,161.0,3.0
2025-04-08 15:50:35,160.52,56.0,163.43,70.0,157.95,111.0,344.49,53.0,161.97,2.9099999999999966,167.0,123.0,12.721767958896594,290,44.0,20.0,0.15,161.0,7.0
2025-04-08 15:50:36,159.41,51.0,297.09,33.0,157.81,100.0,362.22,27.0,228.25,137.67999999999998,151.0,60.0,27.910400928686023,211,91.0,-79.0,0.43,161.0,2.0
2025-04-08 15:50:37,162.0,17.0,197.06,51.0,158.0,125.0,327.26,43.0,179.53,35.06,142.0,94.0,27.11958701750444,236,48.0,25.0,0.2,161.0,
2025-04-08 15:50:38,162.0,13.0,194.9,41.0,158.0,91.0,196.79,61.0,178.45,32.900000000000006,104.0,102.0,27.10500913115503,206,2.0,-30.0,0.01,161.0,
2025-04-08 15:50:39,158.52,23.0,193.26,23.0,157.43,49.0,194.91,33.0,175.89,34.73999999999998,72.0,56.0,25.281382873569125,128,16.0,-78.0,0.12,159.33,3.0
2025-04-08 15:50:40,158.0,75.0,178.7,53.0,157.0,105.0,183.96,68.0,168.35,20.69999999999999,180.0,121.0,23.966728604463164,301,59.0,168.0,0.2,159.33,
2025-04-08 15:50:41,158.0,49.0,167.53,43.0,157.0,91.0,169.38,61.0,162.77,9.53,140.0,104.0,7.193241272194983,244,36.0,-57.0,0.15,158.0,2.0
2025-04-08 15:50:42,158.0,32.0,163.23,65.0,157.0,91.0,165.0,39.0,160.62,5.22999999999999,123.0,104.0,7.842211422807605,227,19.0,-17.0,0.08,158.0,1.0
2025-04-08 15:50:43,157.62,13.0,162.0,15.0,156.93,29.0,163.0,25.0,159.81,4.379999999999996,42.0,40.0,6.702933686082458,82,2.0,-145.0,0.02,157.5,4.0
2025-04-08 15:50:44,157.0,65.0,160.16,56.0,155.0,13.0,161.67,45.0,158.58,3.1599999999999966,78.0,101.0,3.850614236719056,179,-23.0,97.0,-0.13,160.0,1.0
2025-04-08 15:50:45,156.11,18.0,158.76,34.0,154.03,74.0,160.27,33.0,157.44,2.6499999999999773,92.0,67.0,2.0335756686256663,159,25.0,-20.0,0.16,157.0,5.0
2025-04-08 15:50:46,154.03,102.0,156.32,31.0,138.63,38.0,158.76,50.0,155.18,2.289999999999992,140.0,81.0,2.1337478763968862,221,59.0,62.0,0.27,155.0,1.0
2025-04-08 15:50:47,154.0,45.0,157.4,20.0,103.35,40.0,190.26,19.0,155.7,3.4000000000000057,85.0,39.0,1.9367292015223645,124,46.0,-97.0,0.37,154.0,4.0
2025-04-08 15:50:48,154.0,24.0,158.88,32.0,111.2,25.0,459.4,20.0,156.44,4.879999999999996,49.0,52.0,1.36518130665135,101,-3.0,-23.0,-0.03,154.0,2.0
2025-04-08 15:50:49,154.0,24.0,157.31,26.0,109.6,20.0,216.67,36.0,155.65,3.3100000000000023,44.0,62.0,0.8829609278054147,106,-18.0,5.0,-0.17,157.0,3.0
2025-04-08 15:50:50,154.0,24.0,186.74,23.0,84.0,12.0,197.4,20.0,170.37,32.74000000000001,36.0,43.0,6.557138857766222,79,-7.0,-27.0,-0.09,155.4,5.0
2025-04-08 15:50:51,154.5,20.0,334.0,28.0,107.7,10.0,497.43,28.0,244.25,179.5,30.0,56.0,38.3972781587446,86,-26.0,7.0,-0.3,155.4,
2025-04-08 15:50:52,159.0,22.0,371.82,44.0,154.0,81.0,458.45,44.0,265.41,212.82,103.0,88.0,52.36039705731783,191,15.0,105.0,0.08,155.4,
2025-04-08 15:50:53,155.18,33.0,172.8,40.0,100.67,83.0,303.68,31.0,163.99,17.620000000000005,116.0,71.0,50.93645138797928,187,45.0,-4.0,0.24,156.0,5.0
2025-04-08 15:50:54,154.16,38.0,160.0,28.0,123.18,17.0,276.29,28.0,157.08,5.840000000000003,55.0,56.0,50.62872702330146,111,-1.0,-76.0,-0.01,156.0,
2025-04-08 15:50:55,154.15,95.0,160.0,44.0,116.59,44.0,214.86,14.0,157.07,5.849999999999994,139.0,58.0,52.88807521549616,197,81.0,86.0,0.41,156.0,
2025-04-08 15:50:56,155.6,105.0,160.0,60.0,154.0,135.0,267.52,29.0,157.8,4.400000000000006,240.0,89.0,47.683264884024055,329,151.0,132.0,0.46,156.0,
2025-04-08 15:50:57,158.0,82.0,159.74,27.0,154.0,108.0,190.8,45.0,158.87,1.740000000000009,190.0,72.0,2.905214277816319,262,118.0,-67.0,0.45,158.0,1.0
2025-04-08 15:50:58,158.0,78.0,161.23,52.0,155.95,77.0,282.65,46.0,159.62,3.2299999999999898,155.0,98.0,1.128481280318315,253,57.0,-9.0,0.23,158.0,
2025-04-08 15:50:59,157.54,46.0,162.0,48.0,155.83,60.0,394.25,16.0,159.77,4.460000000000008,106.0,64.0,1.168302186948321,170,42.0,-83.0,0.25,157.6,10.0
2025-04-08 15:51:00,156.7,33.0,162.0,44.0,154.43,37.0,222.86,21.0,159.35,5.300000000000011,70.0,65.0,0.794210299623259,135,5.0,-35.0,0.04,156.0,4.0
2025-04-08 15:51:01,161.0,20.0,162.0,20.0,155.0,15.0,248.0,5.0,161.5,1.0,35.0,25.0,0.9985339253259174,60,10.0,-75.0,0.17,156.0,
2025-04-08 15:51:02,158.1,31.0,161.51,37.0,154.44,27.0,223.61,18.0,159.81,3.4099999999999966,58.0,55.0,0.8522616969138995,113,3.0,53.0,0.03,161.0,4.0
2025-04-08 15:51:03,155.0,36.0,158.71,52.0,154.0,36.0,160.07,56.0,156.86,3.710000000000008,72.0,108.0,1.6697514785222372,180,-36.0,67.0,-0.2,161.0,
2025-04-08 15:51:04,155.0,24.0,156.15,33.0,154.0,24.0,157.1,39.0,155.58,1.1500000000000057,48.0,72.0,2.3760576592389717,120,-24.0,-60.0,-0.2,161.0,
2025-04-08 15:51:05,152.05,63.0,159.96,53.0,139.38,55.0,190.41,69.0,156.0,7.909999999999997,118.0,122.0,2.582130902961548,240,-4.0,120.0,-0.02,153.89,9.0
2025-04-08 15:51:06,148.62,13.0,163.0,6.0,139.12,16.0,377.88,24.0,155.81,14.379999999999995,29.0,30.0,1.7443824122108196,59,-1.0,-168.0,-0.02,163.0,3.0
2025-04-08 15:51:07,152.92,13.0,162.17,12.0,135.14,14.0,175.6,10.0,157.54,9.25,27.0,22.0,0.8189749691113861,49,5.0,-10.0,0.1,159.2,5.0
2025-04-08 15:51:08,137.25,8.0,159.67,9.0,128.38,13.0,160.5,12.0,148.46,22.419999999999987,21.0,21.0,3.5601011221639483,42,0.0,-7.0,0.0,159.2,
2025-04-08 15:51:09,147.67,6.0,159.0,3.0,121.0,3.0,160.0,6.0,153.33,11.330000000000013,9.0,9.0,3.5597851058783787,18,0.0,-24.0,0.0,159.2,
2025-04-08 15:51:10,140.4,20.0,160.0,20.0,78.68,19.0,293.3,30.0,150.2,19.599999999999994,39.0,50.0,3.7764096705779946,89,-11.0,71.0,-0.12,159.0,1.0
2025-04-08 15:51:11,138.79,19.0,159.08,24.0,121.86,21.0,420.57,44.0,148.94,20.29000000000002,40.0,68.0,3.7791374677347607,108,-28.0,19.0,-0.26,155.67,3.0
2025-04-08 15:51:12,140.97,29.0,286.26,27.0,112.07,15.0,405.47,43.0,213.61,145.29,44.0,70.0,28.40675043013584,114,-26.0,6.0,-0.23,156.14,7.0
2025-04-08 15:51:13,159.0,21.0,409.86,21.0,155.44,25.0,520.14,21.0,284.43,250.86,46.0,42.0,59.348667803076985,88,4.0,-26.0,0.05,156.14,
2025-04-08 15:51:14,159.05,21.0,338.14,21.0,157.59,44.0,634.71,21.0,248.6,179.08999999999995,65.0,42.0,59.88242421612506,107,23.0,19.0,0.21,159.0,3.0
2025-04-08 15:51:15,159.29,28.0,450.7,30.0,157.97,65.0,600.7,30.0,304.99,291.41,93.0,60.0,61.765637129393546,153,33.0,46.0,0.22,160.0,2.0
2025-04-08 15:51:16,160.0,24.0,295.12,24.0,158.0,56.0,377.5,24.0,227.56,135.12,80.0,48.0,38.30358821311519,128,32.0,-25.0,0.25,160.0,
2025-04-08 15:51:17,160.0,9.0,294.0,9.0,158.0,21.0,295.0,9.0,227.0,134.0,30.0,18.0,34.932890375688835,48,12.0,-80.0,0.25,160.0,
2025-04-08 15:51:18,161.11,27.0,292.44,27.0,158.0,63.0,293.89,27.0,226.78,131.32999999999998,90.0,54.0,33.734852600832724,144,36.0,96.0,0.25,160.0,
2025-04-08 15:51:19,162.7,30.0,292.0,30.0,158.0,70.0,293.0,30.0,227.35,129.3,100.0,60.0,34.80235667307484,160,40.0,16.0,0.25,160.0,
2025-04-08 15:51:20,163.0,33.0,291.18,33.0,158.0,77.0,293.0,33.0,227.09,128.18,110.0,66.0,0.3045160093311826,176,44.0,16.0,0.25,160.0,
2025-04-08 15:51:21,164.0,30.0,268.0,30.0,158.0,70.0,289.1,30.0,216.0,104.0,100.0,60.0,4.948164306077788,160,40.0,-16.0,0.25,160.0,
2025-04-08 15:51:22,162.75,16.0,258.12,24.0,158.08,38.0,272.5,24.0,210.44,95.37,54.0,48.0,7.8408781395929665,102,6.0,-58.0,0.06,164.0,3.0
2025-04-08 15:51:23,159.0,8.0,256.38,24.0,158.0,56.0,257.38,24.0,207.69,97.38,64.0,48.0,9.180023420446815,112,16.0,10.0,0.14,164.0,
2025-04-08 15:51:24,159.0,13.0,226.69,39.0,158.0,91.0,238.69,39.0,192.85,67.69,104.0,78.0,12.494071794253532,182,26.0,70.0,0.14,164.0,
2025-04-08 15:51:25,158.44,18.0,224.5,30.0,157.93,60.0,226.0,30.0,191.47,66.06,78.0,60.0,10.953682029343897,138,18.0,-44.0,0.13,158.25,4.0
2025-04-08 15:51:26,158.23,35.0,222.45,33.0,157.17,24.0,224.0,33.0,190.34,64.22,59.0,66.0,9.681578900157676,125,-7.0,-13.0,-0.06,160.67,3.0
2025-04-08 15:51:27,158.75,24.0,220.75,24.0,157.82,22.0,221.75,24.0,189.75,62.0,46.0,48.0,7.511917198690609,94,-2.0,-31.0,-0.02,160.67,
2025-04-08 15:51:28,159.0,30.0,219.5,30.0,158.0,30.0,221.0,30.0,189.25,60.5,60.0,60.0,1.444375297486284,120,0.0,26.0,0.0,160.67,
2025-04-08 15:51:29,163.0,80.0,216.94,51.0,159.0,51.0,219.82,51.0,189.97,53.94,131.0,102.0,0.8337745498570553,233,29.0,113.0,0.12,163.0,4.0
2025-04-08 15:51:30,163.0,28.0,213.55,31.0,159.0,30.0,214.92,36.0,188.27,50.55000000000001,58.0,67.0,0.8004873515491339,125,-9.0,-108.0,-0.07,163.0,3.0
2025-04-08 15:51:31,163.0,12.0,209.83,36.0,159.0,36.0,211.5,36.0,186.42,46.83000000000001,48.0,72.0,1.4487995030338572,120,-24.0,-5.0,-0.2,163.0,
2025-04-08 15:51:32,162.21,19.0,206.17,54.0,159.9,30.0,207.4,53.0,184.19,43.95999999999998,49.0,107.0,2.3348875775918185,156,-58.0,36.0,-0.37,162.0,3.0
2025-04-08 15:51:33,159.88,17.0,201.0,33.0,158.36,28.0,202.46,37.0,180.44,41.120000000000005,45.0,70.0,3.714131123155844,115,-25.0,-41.0,-0.22,162.0,1.0
2025-04-08 15:51:34,159.0,22.0,164.88,40.0,158.0,33.0,182.31,39.0,161.94,5.879999999999996,55.0,79.0,10.64430692905847,134,-24.0,19.0,-0.18,159.0,2.0
2025-04-08 15:51:35,158.0,19.0,159.62,26.0,157.0,40.0,160.69,26.0,158.81,1.6200000000000043,59.0,52.0,12.991322103620162,111,7.0,-23.0,0.06,158.0,1.0
2025-04-08 15:51:36,157.0,25.0,159.0,20.0,155.0,25.0,199.0,15.0,158.0,2.0,50.0,35.0,12.607185649462664,85,15.0,-26.0,0.18,158.0,2.0
2025-04-08 15:51:37,157.0,30.0,158.83,24.0,155.0,35.0,185.09,23.0,157.92,1.8300000000000125,65.0,47.0,9.653357964979046,112,18.0,27.0,0.16,157.0,5.0
2025-04-08 15:51:38,154.98,45.0,194.44,32.0,152.38,13.0,750.0,20.0,174.71,39.46000000000001,58.0,52.0,7.141241488706704,110,6.0,-2.0,0.05,155.0,5.0
2025-04-08 15:51:40,159.0,12.0,415.5,8.0,154.0,4.0,547.0,12.0,287.25,256.5,16.0,20.0,86.05430744593754,36,-4.0,-21.0,-0.11,155.0,
2025-04-08 15:51:42,151.36,25.0,462.47,17.0,132.1,21.0,420.6,20.0,306.92,311.11,46.0,37.0,71.06731689039515,83,9.0,-10.0,0.11,157.5,2.0
2025-04-08 15:51:43,150.0,33.0,151.0,9.0,111.04,27.0,152.0,27.0,150.5,1.0,60.0,36.0,81.22461000214066,96,24.0,13.0,0.25,150.0,2.0
2025-04-08 15:51:44,150.0,21.0,151.0,7.0,131.0,70.0,152.0,21.0,150.5,1.0,91.0,28.0,93.01299629621606,119,63.0,23.0,0.53,150.0,
2025-04-08 15:51:45,150.0,27.0,151.22,9.0,131.0,90.0,152.16,50.0,150.61,1.2199999999999989,117.0,59.0,98.92874142533068,176,58.0,57.0,0.33,151.83,6.0
2025-04-08 15:51:46,150.21,19.0,230.71,21.0,134.68,62.0,265.72,25.0,190.46,80.5,81.0,46.0,67.71699579869136,127,35.0,-49.0,0.28,152.8,5.0
2025-04-08 15:51:47,158.25,48.0,323.65,34.0,138.39,38.0,677.71,14.0,240.95,165.39999999999998,86.0,48.0,39.90902817659182,134,38.0,7.0,0.28,161.0,3.0
2025-04-08 15:51:49,162.0,41.0,183.0,7.0,161.0,28.0,634.0,14.0,172.5,21.0,69.0,21.0,78.0457812440874,90,48.0,-16.0,0.53,162.0,1.0
2025-04-08 15:51:50,162.75,40.0,182.88,8.0,161.0,32.0,409.62,29.0,172.81,20.129999999999995,72.0,37.0,73.60296305176809,109,35.0,19.0,0.32,162.0,
2025-04-08 15:51:51,163.67,30.0,180.17,6.0,161.0,24.0,183.0,6.0,171.92,16.5,54.0,12.0,76.17663585378357,66,42.0,-43.0,0.64,162.0,
2025-04-08 15:51:52,164.0,31.0,177.55,11.0,161.36,56.0,201.67,12.0,170.77,13.550000000000011,87.0,23.0,78.00688193999271,110,64.0,44.0,0.58,164.0,4.0
2025-04-08 15:51:53,164.0,6.0,176.0,6.0,162.0,60.0,244.0,8.0,170.0,12.0,66.0,14.0,1.1858962855170987,80,52.0,-30.0,0.65,164.0,
2025-04-08 15:51:54,164.0,13.0,176.0,13.0,162.2,88.0,312.05,38.0,170.0,12.0,101.0,51.0,1.2374772725201384,152,50.0,72.0,0.33,164.0,
2025-04-08 15:51:55,164.0,8.0,176.0,8.0,163.0,24.0,212.5,24.0,170.0,12.0,32.0,32.0,0.8414392432045201,64,0.0,-88.0,0.0,164.0,
2025-04-08 15:51:56,164.0,8.0,176.0,8.0,163.0,24.0,273.87,23.0,170.0,12.0,32.0,31.0,0.3443544685423797,63,1.0,-1.0,0.02,164.0,
2025-04-08 15:51:57,164.0,8.0,176.0,8.0,163.0,24.0,350.21,19.0,170.0,12.0,32.0,27.0,0.0,59,5.0,-4.0,0.08,164.0,
2025-04-08 15:51:58,162.08,75.0,175.18,11.0,161.44,41.0,352.25,24.0,168.63,13.099999999999994,116.0,35.0,0.6126826258395486,151,81.0,92.0,0.54,163.0,5.0
2025-04-08 15:51:59,162.0,81.0,172.62,13.0,161.0,36.0,308.0,22.0,167.31,10.620000000000005,117.0,35.0,1.205848249161704,152,82.0,1.0,0.54,163.0,
2025-04-08 15:52:00,162.0,70.0,171.0,10.0,161.0,40.0,172.0,30.0,166.5,9.0,110.0,40.0,1.5757759993118574,150,70.0,-2.0,0.47,162.0,5.0
2025-04-08 15:52:01,162.0,20.0,171.0,5.0,161.0,20.0,172.0,15.0,166.5,9.0,40.0,20.0,1.5123061859320075,60,20.0,-90.0,0.33,162.0,
2025-04-08 15:52:02,162.0,40.0,168.29,31.0,161.0,44.0,171.23,13.0,165.15,6.289999999999992,84.0,44.0,1.2757233242398072,128,40.0,68.0,0.31,162.0,1.0
2025-04-08 15:52:03,162.0,30.0,165.55,20.0,161.0,40.0,166.35,20.0,163.78,3.550000000000012,70.0,40.0,1.3920739922901892,110,30.0,-18.0,0.27,162.0,
2025-04-08 15:52:04,160.74,35.0,163.6,15.0,160.05,38.0,164.98,43.0,162.17,2.859999999999985,73.0,58.0,1.861303306828868,131,15.0,21.0,0.11,160.89,9.0
2025-04-08 15:52:05,157.0,24.0,161.75,24.0,155.0,8.0,163.0,8.0,159.38,4.75,32.0,32.0,2.760892971488369,64,0.0,-67.0,0.0,160.89,
2025-04-08 15:52:06,156.48,46.0,158.58,36.0,154.5,24.0,182.11,18.0,157.53,2.1000000000000227,70.0,54.0,3.129420074073812,124,16.0,60.0,0.13,157.0,6.0
2025-04-08 15:52:07,155.72,47.0,157.5,18.0,154.4,15.0,383.5,10.0,156.61,1.7800000000000011,62.0,28.0,3.038030612093685,90,34.0,-34.0,0.38,155.83,6.0
2025-04-08 15:52:08,154.37,38.0,353.62,8.0,153.33,18.0,419.0,2.0,254.0,199.25,56.0,10.0,42.572958201186765,66,46.0,-24.0,0.7,157.0,1.0
2025-04-08 15:52:09,154.19,74.0,304.5,16.0,153.0,24.0,419.0,1.0,229.34,150.31,98.0,17.0,46.7466605224371,115,81.0,49.0,0.7,156.5,4.0
2025-04-08 15:52:12,158.55,22.0,276.6,5.0,157.43,21.0,257.0,6.0,217.57,118.05,43.0,11.0,72.97420105763308,54,32.0,4.0,0.59,156.5,
2025-04-08 15:52:13,159.0,28.0,238.63,19.0,158.0,35.0,272.54,13.0,198.82,79.63,63.0,32.0,82.47500663837423,95,31.0,41.0,0.33,156.5,
2025-04-08 15:52:14,158.44,9.0,257.0,6.0,157.83,6.0,591.0,6.0,207.72,98.56,15.0,12.0,85.92408288716196,27,3.0,-68.0,0.11,159.0,4.0
2025-04-08 15:52:15,158.0,20.0,311.0,12.0,157.0,4.0,561.5,12.0,234.5,153.0,24.0,24.0,74.46134111067238,48,0.0,21.0,0.0,159.0,
2025-04-08 15:52:18,159.25,20.0,411.47,30.0,157.89,28.0,472.38,26.0,285.36,252.22000000000003,48.0,56.0,49.00534032123313,104,-8.0,29.0,-0.08,163.0,1.0
2025-04-08 15:52:19,158.97,31.0,221.56,27.0,157.95,37.0,427.12,32.0,190.26,62.59,68.0,59.0,54.98414789737024,127,9.0,23.0,0.07,163.0,
2025-04-08 15:52:20,159.31,48.0,354.0,24.0,158.42,52.0,428.08,26.0,256.66,194.69,100.0,50.0,52.39437641579368,150,50.0,23.0,0.33,160.0,3.0
2025-04-08 15:52:21,159.0,51.0,427.35,20.0,157.5,10.0,542.86,21.0,293.18,268.35,61.0,41.0,48.67570441195364,102,20.0,-48.0,0.2,159.0,3.0
2025-04-08 15:52:24,162.0,18.0,450.14,14.0,159.0,25.0,521.25,16.0,306.07,288.14,43.0,30.0,24.3904165606052,73,13.0,-47.0,0.18,162.0,1.0
2025-04-08 15:52:25,162.0,42.0,440.82,44.0,159.0,94.0,505.8,40.0,301.41,278.82,136.0,84.0,9.371775178685866,220,52.0,147.0,0.24,162.0,
2025-04-08 15:52:26,160.5,36.0,359.47,30.0,158.58,72.0,457.26,31.0,259.98,198.97000000000003,108.0,61.0,22.88985299209762,169,47.0,-51.0,0.28,161.25,4.0
2025-04-08 15:52:27,159.0,60.0,191.15,47.0,158.0,100.0,192.53,43.0,175.07,32.150000000000006,160.0,90.0,58.01371018991869,250,70.0,81.0,0.28,161.25,
2025-04-08 15:52:28,159.0,42.0,189.76,33.0,158.0,70.0,191.33,30.0,174.38,30.75999999999999,112.0,63.0,65.19266270064378,175,49.0,-75.0,0.28,161.25,
2025-04-08 15:52:29,159.0,66.0,186.87,54.0,158.0,110.0,188.29,49.0,172.94,27.870000000000005,176.0,103.0,60.18285411975693,279,73.0,104.0,0.26,161.25,
2025-04-08 15:52:30,159.0,69.0,183.53,53.0,158.0,120.0,184.81,47.0,171.26,24.53,189.0,100.0,38.741726600655966,289,89.0,10.0,0.31,161.25,
2025-04-08 15:52:31,159.0,30.0,178.74,35.0,158.0,80.0,180.22,36.0,168.87,19.74000000000001,110.0,71.0,2.50236488146609,181,39.0,-108.0,0.22,159.0,5.0
2025-04-08 15:52:32,158.41,34.0,176.4,50.0,157.96,73.0,178.7,50.0,167.41,17.99000000000001,107.0,100.0,2.858175991781577,207,7.0,26.0,0.03,158.29,7.0
2025-04-08 15:52:33,158.0,60.0,171.76,51.0,157.0,12.0,173.14,58.0,164.88,13.759999999999993,72.0,109.0,3.1672022354120046,181,-37.0,-26.0,-0.2,158.29,
2025-04-08 15:52:34,157.71,49.0,169.62,42.0,156.54,13.0,171.55,53.0,163.67,11.909999999999997,62.0,95.0,3.047879590797673,157,-33.0,-24.0,-0.21,157.83,6.0
2025-04-08 15:52:35,156.0,70.0,165.53,34.0,155.0,30.0,167.02,42.0,160.76,9.53,100.0,76.0,3.181048569261959,176,24.0,19.0,0.14,157.83,
2025-04-08 15:52:36,156.0,77.0,160.27,49.0,155.0,33.0,161.34,44.0,158.13,4.27000000000001,110.0,93.0,3.611142478497096,203,17.0,27.0,0.08,157.83,
2025-04-08 15:52:37,156.0,94.0,157.82,44.0,155.0,33.0,159.0,55.0,156.91,1.8199999999999927,127.0,99.0,3.43225144766649,226,28.0,23.0,0.12,156.0,3.0
2025-04-08 15:52:38,155.34,32.0,168.51,43.0,154.07,83.0,246.65,31.0,161.93,13.169999999999987,115.0,74.0,2.7579158797921037,189,41.0,-37.0,0.22,156.0,8.0
2025-04-08 15:52:39,156.95,41.0,163.68,31.0,154.13,89.0,192.33,27.0,160.31,6.730000000000018,130.0,58.0,2.0417688409833,188,72.0,-1.0,0.38,156.0,
2025-04-08 15:52:40,156.52,81.0,160.0,33.0,154.98,66.0,168.0,11.0,158.26,3.4799999999999898,147.0,44.0,1.9946979721278384,191,103.0,3.0,0.54,159.0,5.0
2025-04-08 15:52:41,156.0,96.0,161.65,20.0,155.0,120.0,168.29,28.0,158.82,5.650000000000006,216.0,48.0,1.9330364714641937,264,168.0,73.0,0.64,157.4,5.0
2025-04-08 15:52:42,159.25,16.0,170.0,28.0,155.61,33.0,0.0,0.0,164.62,10.75,49.0,28.0,2.572969102031514,77,21.0,-168.0,0.27,156.0,3.0
2025-04-08 15:52:44,164.0,21.0,419.0,21.0,163.0,7.0,680.0,28.0,291.5,255.0,28.0,49.0,85.3906281742905,77,-21.0,14.0,-0.27,156.0,
2025-04-08 15:52:45,164.0,33.0,441.97,31.0,163.0,11.0,532.07,27.0,302.98,277.97,44.0,58.0,82.94649130614204,102,-14.0,25.0,-0.14,156.0,
2025-04-08 15:52:46,162.18,33.0,316.2,41.0,158.11,46.0,364.92,39.0,239.19,154.01999999999998,79.0,80.0,66.90781396817471,159,-1.0,57.0,-0.01,163.4,5.0
2025-04-08 15:52:47,162.0,24.0,241.4,20.0,158.0,36.0,344.92,26.0,201.7,79.4,60.0,46.0,53.44398534914724,106,14.0,-53.0,0.13,163.4,
2025-04-08 15:52:48,162.0,28.0,195.38,32.0,158.0,42.0,211.41,34.0,178.69,33.379999999999995,70.0,66.0,54.326917545540034,136,4.0,30.0,0.03,163.4,
2025-04-08 15:52:49,162.0,22.0,193.55,11.0,158.0,33.0,194.9,21.0,177.77,31.55000000000001,55.0,32.0,52.62768691477839,87,23.0,-49.0,0.26,163.4,
2025-04-08 15:52:50,162.72,25.0,191.0,14.0,159.33,36.0,193.0,14.0,176.86,28.28,61.0,28.0,26.87689472390679,89,33.0,2.0,0.37,163.33,3.0
2025-04-08 15:52:51,156.26,38.0,187.14,21.0,155.23,95.0,188.12,25.0,171.7,30.879999999999995,133.0,46.0,11.6971889785532,179,87.0,90.0,0.49,156.78,9.0
2025-04-08 15:52:52,155.0,25.0,183.0,13.0,154.0,13.0,184.83,18.0,169.0,28.0,38.0,31.0,4.226302166196207,69,7.0,-110.0,0.1,156.78,
2025-04-08 15:52:53,155.91,33.0,179.7,20.0,154.86,21.0,181.92,13.0,167.8,23.789999999999992,54.0,33.0,4.518935715408814,87,21.0,18.0,0.24,156.78,
2025-04-08 15:52:54,156.66,38.0,176.47,19.0,154.96,25.0,177.79,24.0,166.57,19.81,63.0,43.0,4.086854536192847,106,20.0,19.0,0.19,157.0,3.0
2025-04-08 15:52:55,155.43,35.0,172.21,14.0,154.38,16.0,173.5,18.0,163.82,16.78,51.0,32.0,2.915513676867794,83,19.0,-23.0,0.23,157.0,
2025-04-08 15:52:56,158.8,41.0,168.69,26.0,154.96,27.0,169.81,16.0,163.75,9.889999999999986,68.0,42.0,2.356007215609718,110,26.0,27.0,0.24,157.0,
2025-04-08 15:52:57,159.0,24.0,167.86,14.0,155.0,16.0,168.6,10.0,163.43,8.860000000000014,40.0,24.0,1.9809921756550053,64,16.0,-46.0,0.25,157.0,
2025-04-08 15:52:58,160.0,30.0,164.0,24.0,157.4,25.0,165.36,11.0,162.0,4.0,55.0,35.0,1.657386496870204,90,20.0,26.0,0.22,157.0,
2025-04-08 15:52:59,161.0,28.0,162.75,32.0,159.0,42.0,163.55,44.0,161.88,1.75,70.0,76.0,0.9580344461494146,146,-6.0,56.0,-0.04,161.0,2.0
2025-04-08 15:53:00,158.12,16.0,161.33,48.0,155.37,27.0,166.18,34.0,159.73,3.210000000000008,43.0,82.0,1.5929438157103466,125,-39.0,-21.0,-0.31,159.8,5.0
2025-04-08 15:53:01,155.82,88.0,159.44,27.0,154.69,26.0,160.88,41.0,157.63,3.620000000000005,114.0,68.0,2.270865473781163,182,46.0,57.0,0.25,159.8,
2025-04-08 15:53:02,156.0,80.0,157.75,12.0,155.0,17.0,158.96,28.0,156.88,1.75,97.0,40.0,2.3585864410728967,137,57.0,-45.0,0.42,156.0,3.0
2025-04-08 15:53:03,156.0,55.0,157.91,33.0,155.0,26.0,160.73,11.0,156.95,1.9099999999999968,81.0,44.0,2.1596365434984977,125,37.0,-12.0,0.3,157.25,4.0
2025-04-08 15:53:04,156.09,47.0,159.0,33.0,155.34,29.0,249.59,17.0,157.54,2.9099999999999966,76.0,50.0,1.1592799489403782,126,26.0,1.0,0.21,157.25,
2025-04-08 15:53:05,158.0,6.0,190.33,18.0,156.0,30.0,356.88,17.0,174.17,32.33000000000001,36.0,35.0,7.57437324139836,71,1.0,-55.0,0.01,159.0,3.0
2025-04-08 15:53:06,161.97,115.0,346.27,44.0,158.56,36.0,368.0,32.0,254.12,184.3,151.0,76.0,42.12489964379723,227,75.0,156.0,0.33,162.0,5.0
2025-04-08 15:53:07,161.55,47.0,343.62,39.0,158.77,31.0,447.92,37.0,252.58,182.07,78.0,76.0,50.0316596766484,154,2.0,-73.0,0.01,161.33,9.0
2025-04-08 15:53:08,159.0,4.0,297.5,12.0,158.0,4.0,417.5,8.0,228.25,138.5,8.0,20.0,44.92500050083413,28,-12.0,-126.0,-0.43,161.33,
2025-04-08 15:53:09,159.0,12.0,246.77,39.0,158.0,12.0,292.23,44.0,202.88,87.77000000000001,24.0,83.0,34.126150530054446,107,-59.0,79.0,-0.55,161.33,
2025-04-08 15:53:10,159.0,15.0,233.03,32.0,158.0,15.0,245.99,68.0,196.02,74.03,30.0,100.0,27.077036396177657,130,-70.0,23.0,-0.54,161.33,
2025-04-08 15:53:11,159.0,11.0,178.81,42.0,158.0,11.0,180.75,20.0,168.9,19.81,22.0,62.0,31.94169813895233,84,-40.0,-46.0,-0.48,161.33,
2025-04-08 15:53:12,161.73,22.0,173.7,43.0,158.3,10.0,175.33,30.0,167.71,11.97,32.0,73.0,25.34454517248183,105,-41.0,21.0,-0.39,161.33,
2025-04-08 15:53:13,163.0,45.0,170.44,18.0,159.0,9.0,173.0,45.0,166.72,7.439999999999998,54.0,63.0,17.533915136100894,117,-9.0,12.0,-0.08,161.33,
2025-04-08 15:53:14,163.0,70.0,166.9,42.0,159.0,16.0,172.08,65.0,164.95,3.9000000000000057,86.0,107.0,13.027446027521965,193,-21.0,76.0,-0.11,163.0,2.0
2025-04-08 15:53:15,162.88,34.0,164.17,48.0,158.92,12.0,165.5,32.0,163.52,1.289999999999992,46.0,80.0,2.14810381499724,126,-34.0,-67.0,-0.27,163.0,3.0
2025-04-08 15:53:16,158.5,14.0,161.23,30.0,157.2,35.0,162.17,36.0,159.87,2.7299999999999898,49.0,66.0,3.0748056849186263,115,-17.0,-11.0,-0.15,159.0,1.0
2025-04-08 15:53:17,157.37,38.0,211.54,26.0,155.41,97.0,318.64,33.0,184.45,54.16999999999999,135.0,59.0,9.587266033651286,194,76.0,79.0,0.39,157.75,4.0
2025-04-08 15:53:18,162.0,12.0,264.29,34.0,157.33,24.0,353.97,32.0,213.15,102.29000000000002,36.0,66.0,22.262626080496258,102,-30.0,-92.0,-0.29,157.75,
2025-04-08 15:53:19,158.98,162.0,227.0,33.0,156.48,27.0,260.09,33.0,192.99,68.02000000000001,189.0,66.0,21.93846120401304,255,123.0,153.0,0.48,160.0,3.0
2025-04-08 15:53:20,159.03,117.0,227.0,27.0,158.0,32.0,452.25,24.0,193.02,67.97,149.0,51.0,19.262011317616285,200,98.0,-55.0,0.49,159.67,6.0
2025-04-08 15:53:21,159.0,84.0,227.0,21.0,157.0,14.0,483.0,16.0,193.0,68.0,98.0,37.0,10.632110326739914,135,61.0,-65.0,0.45,159.67,
2025-04-08 15:53:22,159.0,120.0,226.53,45.0,157.0,30.0,477.46,35.0,192.77,67.53,150.0,80.0,9.036522007939078,230,70.0,95.0,0.3,159.0,5.0
2025-04-08 15:53:23,159.0,46.0,171.81,31.0,157.0,16.0,216.42,19.0,165.4,12.810000000000002,62.0,50.0,12.31891756608429,112,12.0,-118.0,0.11,159.0,2.0
2025-04-08 15:53:24,159.0,40.0,184.41,29.0,157.62,16.0,234.69,26.0,171.71,25.41,56.0,55.0,13.536205155064172,111,1.0,-1.0,0.01,159.0,
2025-04-08 15:53:25,159.0,40.0,224.5,24.0,158.0,16.0,249.0,32.0,191.75,65.5,56.0,56.0,13.315518390208702,112,0.0,1.0,0.0,159.0,
2025-04-08 15:53:26,160.5,16.0,223.1,40.0,158.96,57.0,237.32,44.0,191.8,62.6,73.0,84.0,13.09758107438112,157,-11.0,45.0,-0.07,159.0,
2025-04-08 15:53:27,160.12,8.0,219.69,29.0,158.6,25.0,221.11,27.0,189.91,59.56999999999999,33.0,56.0,12.60009642820194,89,-23.0,-68.0,-0.26,159.6,5.0
2025-04-08 15:53:28,161.88,25.0,213.0,32.0,158.8,10.0,215.24,34.0,187.44,51.120000000000005,35.0,66.0,8.469148127172001,101,-31.0,12.0,-0.31,159.6,
2025-04-08 15:53:29,161.52,25.0,206.45,44.0,158.47,15.0,208.18,44.0,183.99,44.92999999999998,40.0,88.0,3.307638130143268,128,-48.0,27.0,-0.38,159.6,
2025-04-08 15:53:30,159.0,12.0,202.73,51.0,158.0,39.0,204.07,46.0,180.86,43.72999999999999,51.0,97.0,4.423273674551544,148,-46.0,20.0,-0.31,159.6,
2025-04-08 15:53:31,159.73,11.0,198.87,47.0,158.0,22.0,199.93,45.0,179.3,39.140000000000015,33.0,92.0,4.423273674551946,125,-59.0,-23.0,-0.47,159.6,
2025-04-08 15:53:32,160.93,28.0,194.74,69.0,159.0,39.0,195.69,70.0,177.83,33.81,67.0,139.0,3.8556750381726608,206,-72.0,81.0,-0.35,160.14,7.0
2025-04-08 15:53:33,157.18,22.0,185.46,35.0,155.07,82.0,191.91,44.0,171.32,28.28,104.0,79.0,4.696354969547399,183,25.0,-23.0,0.14,158.5,4.0
2025-04-08 15:53:34,157.89,18.0,188.39,41.0,155.67,36.0,189.44,36.0,173.14,30.5,54.0,77.0,4.084727653099496,131,-23.0,-52.0,-0.18,158.5,
2025-04-08 15:53:35,159.6,30.0,185.29,56.0,157.0,30.0,186.47,58.0,172.44,25.69,60.0,114.0,3.530804440916845,174,-54.0,43.0,-0.31,158.5,
2025-04-08 15:53:36,161.0,16.0,182.5,30.0,157.0,16.0,183.65,26.0,171.75,21.5,32.0,56.0,2.6272095462677223,88,-24.0,-86.0,-0.27,158.5,
2025-04-08 15:53:37,162.63,60.0,178.09,74.0,160.48,42.0,179.62,82.0,170.36,15.460000000000008,102.0,156.0,1.0620357809425762,258,-54.0,168.0,-0.21,158.5,
2025-04-08 15:53:38,163.47,38.0,173.75,59.0,162.78,46.0,174.82,67.0,168.61,10.28,84.0,126.0,1.8027340347380807,210,-42.0,-48.0,-0.2,158.5,
2025-04-08 15:53:39,164.0,31.0,170.91,67.0,163.0,64.0,172.45,65.0,167.46,6.909999999999997,95.0,132.0,2.0888106663852137,227,-37.0,17.0,-0.16,164.0,1.0
2025-04-08 15:53:40,163.41,17.0,166.61,44.0,161.6,43.0,167.51,51.0,165.01,3.200000000000017,60.0,95.0,2.6077135578906523,155,-35.0,-72.0,-0.23,163.33,3.0
2025-04-08 15:53:41,160.0,24.0,164.72,29.0,158.6,15.0,165.85,41.0,162.36,4.719999999999999,39.0,70.0,3.134286202631996,109,-31.0,-46.0,-0.28,163.0,2.0
2025-04-08 15:53:42,158.18,17.0,162.31,45.0,156.0,17.0,163.62,29.0,160.24,4.129999999999996,34.0,74.0,3.4771583225404146,108,-40.0,-1.0,-0.37,159.0,3.0
2025-04-08 15:53:43,157.0,14.0,159.84,38.0,156.0,14.0,161.05,38.0,158.42,2.8400000000000034,28.0,76.0,3.622129208078433,104,-48.0,-4.0,-0.46,159.0,
2025-04-08 15:53:44,156.33,9.0,158.81,43.0,155.11,27.0,159.58,24.0,157.57,2.4799999999999898,36.0,67.0,3.0222756327008904,103,-31.0,-1.0,-0.3,157.0,1.0
2025-04-08 15:53:45,155.26,43.0,157.49,59.0,144.84,64.0,160.48,61.0,156.37,2.230000000000018,107.0,120.0,2.3518652172307584,227,-13.0,124.0,-0.06,156.0,1.0
2025-04-08 15:53:48,147.1,21.0,338.93,43.0,135.09,22.0,468.73,45.0,243.01,191.83,43.0,88.0,46.783307600040565,131,-45.0,-1.0,-0.34,152.2,5.0
2025-04-08 15:53:50,162.0,16.0,221.94,35.0,154.0,8.0,511.71,21.0,191.97,59.94,24.0,56.0,79.0884698928988,80,-32.0,40.0,-0.4,152.2,
2025-04-08 15:53:51,162.17,24.0,414.46,39.0,157.05,42.0,558.68,44.0,288.31,252.29,66.0,83.0,75.15689702216234,149,-17.0,69.0,-0.11,152.2,
2025-04-08 15:53:52,162.71,14.0,432.0,30.0,156.86,28.0,609.6,20.0,297.36,269.29,42.0,50.0,49.5911085780492,92,-8.0,-57.0,-0.09,162.5,2.0
2025-04-08 15:53:53,164.0,8.0,387.5,12.0,162.0,4.0,478.8,10.0,275.75,223.5,12.0,22.0,47.7540801398148,34,-10.0,-58.0,-0.29,162.5,
2025-04-08 15:53:54,164.0,14.0,419.29,21.0,162.0,7.0,474.4,15.0,291.64,255.29,21.0,36.0,43.78618081084328,57,-15.0,23.0,-0.26,162.5,
2025-04-08 15:53:55,163.5,8.0,432.0,15.0,157.64,11.0,465.0,22.0,297.75,268.5,19.0,37.0,8.982052660713451,56,-18.0,-1.0,-0.32,164.0,2.0
2025-04-08 15:53:56,159.88,34.0,432.0,24.0,154.86,28.0,455.32,34.0,295.94,272.12,62.0,58.0,9.233378038390246,120,4.0,64.0,0.03,161.14,7.0
2025-04-08 15:53:57,157.77,52.0,433.27,33.0,155.56,27.0,558.04,47.0,295.52,275.5,79.0,80.0,8.984105408989132,159,-1.0,39.0,-0.01,158.0,4.0
2025-04-08 15:53:58,158.0,56.0,312.14,14.0,156.0,21.0,368.11,19.0,235.07,154.14,77.0,33.0,26.98852404263413,110,44.0,-49.0,0.4,158.0,
2025-04-08 15:53:59,158.88,34.0,247.72,25.0,157.83,105.0,259.62,29.0,203.3,88.84,139.0,54.0,43.76836791565189,193,85.0,83.0,0.44,158.0,
2025-04-08 15:54:00,161.0,11.0,167.51,45.0,158.0,110.0,185.65,31.0,164.26,6.509999999999991,121.0,76.0,57.68992737038161,197,45.0,4.0,0.23,158.0,
2025-04-08 15:54:01,158.31,78.0,162.29,31.0,157.51,157.0,163.11,53.0,160.3,3.9799999999999898,235.0,84.0,55.97995712752864,319,151.0,122.0,0.47,159.0,3.0
2025-04-08 15:54:02,158.0,67.0,159.0,11.0,157.0,121.0,160.0,55.0,158.5,1.0,188.0,66.0,33.84462113837273,254,122.0,-65.0,0.48,158.0,3.0
2025-04-08 15:54:03,157.0,124.0,239.1,30.0,156.0,36.0,366.26,31.0,198.05,82.1,160.0,61.0,21.89846158980118,221,99.0,-33.0,0.45,157.78,9.0
2025-04-08 15:54:04,157.0,80.0,288.34,38.0,156.0,30.0,438.2,30.0,222.67,131.33999999999995,110.0,68.0,28.468233700038216,178,42.0,-43.0,0.24,157.78,
2025-04-08 15:54:05,157.0,48.0,410.05,43.0,156.0,33.0,552.82,33.0,283.52,253.05,81.0,76.0,51.68533031721821,157,5.0,-21.0,0.03,157.0,4.0
2025-04-08 15:54:07,159.0,15.0,197.13,23.0,157.0,20.0,271.24,17.0,178.07,38.13,35.0,40.0,61.04396595897013,75,-5.0,-85.0,-0.07,157.0,
2025-04-08 15:54:08,159.0,24.0,197.0,40.0,157.13,23.0,243.0,24.0,178.0,38.0,47.0,64.0,65.12133774731528,111,-17.0,36.0,-0.15,157.0,
2025-04-08 15:54:09,159.22,27.0,196.0,55.0,158.53,17.0,258.0,53.0,177.61,36.78,44.0,108.0,70.54962274881365,152,-64.0,41.0,-0.42,157.0,
2025-04-08 15:54:10,161.0,8.0,194.62,40.0,159.0,24.0,207.0,8.0,177.81,33.620000000000005,32.0,48.0,65.53380654288254,80,-16.0,-72.0,-0.2,157.0,
2025-04-08 15:54:11,161.0,11.0,193.12,49.0,159.0,33.0,213.43,35.0,177.06,32.120000000000005,44.0,84.0,0.405030863015288,128,-40.0,48.0,-0.31,157.0,
2025-04-08 15:54:12,161.0,14.0,191.21,70.0,159.0,42.0,243.56,52.0,176.11,30.210000000000008,56.0,122.0,0.7612949494088774,178,-66.0,50.0,-0.37,157.0,
2025-04-08 15:54:13,161.0,11.0,190.73,55.0,159.0,33.0,242.29,35.0,175.86,29.72999999999999,44.0,90.0,0.8750714256539728,134,-46.0,-44.0,-0.34,157.0,
2025-04-08 15:54:14,162.91,23.0,189.25,60.0,160.57,14.0,193.0,36.0,176.08,26.340000000000003,37.0,96.0,0.8265167874862,133,-59.0,-1.0,-0.44,161.5,4.0
2025-04-08 15:54:15,159.0,12.0,187.5,26.0,158.0,8.0,191.75,20.0,173.25,28.5,20.0,46.0,1.4305837969157225,66,-26.0,-67.0,-0.39,161.5,
2025-04-08 15:54:16,157.67,43.0,163.25,51.0,156.82,39.0,188.39,57.0,160.46,5.5800000000000125,82.0,108.0,6.755602859849182,190,-26.0,124.0,-0.14,159.2,5.0
2025-04-08 15:54:17,160.0,40.0,163.0,55.0,156.55,33.0,242.33,45.0,161.5,3.0,73.0,100.0,7.802332984435269,173,-27.0,-17.0,-0.16,157.0,1.0
2025-04-08 15:54:18,161.5,40.0,163.0,65.0,156.67,49.0,247.15,39.0,162.25,1.5,89.0,104.0,7.359800948395988,193,-15.0,20.0,-0.08,161.0,5.0
2025-04-08 15:54:19,157.0,18.0,162.89,45.0,156.0,72.0,365.19,21.0,159.94,5.889999999999986,90.0,66.0,5.534848688086716,156,24.0,-37.0,0.15,161.0,
2025-04-08 15:54:20,157.0,24.0,162.0,60.0,156.0,105.0,316.0,12.0,159.5,5.0,129.0,72.0,1.1306192993308006,201,57.0,45.0,0.28,161.0,
2025-04-08 15:54:21,155.5,28.0,162.0,50.0,154.15,41.0,316.0,10.0,158.75,6.5,69.0,60.0,1.4470556312802088,129,9.0,-72.0,0.07,156.2,10.0
2025-04-08 15:54:22,155.0,18.0,162.0,45.0,154.0,45.0,239.54,13.0,158.5,7.0,63.0,58.0,1.4919684983338726,121,5.0,-8.0,0.04,156.2,
2025-04-08 15:54:23,155.73,15.0,162.0,65.0,154.57,35.0,267.88,17.0,158.87,6.27000000000001,50.0,82.0,0.5916671361683106,132,-32.0,11.0,-0.24,156.2,
2025-04-08 15:54:24,156.93,43.0,161.0,35.0,154.44,18.0,398.58,31.0,158.97,4.069999999999993,61.0,66.0,0.3696890585639479,127,-5.0,-5.0,-0.04,156.2,
2025-04-08 15:54:25,157.01,78.0,160.11,45.0,155.49,51.0,575.0,45.0,158.56,3.1000000000000227,129.0,90.0,0.1996246478323235,219,39.0,92.0,0.18,157.5,2.0
2025-04-08 15:54:26,157.0,79.0,163.45,29.0,155.0,148.0,383.2,25.0,160.22,6.449999999999989,227.0,54.0,0.6976603758432488,281,173.0,62.0,0.62,157.4,10.0
2025-04-08 15:54:27,157.0,24.0,254.75,8.0,155.0,80.0,564.94,16.0,205.88,97.75,104.0,24.0,20.905646366472567,128,80.0,-153.0,0.62,157.4,
2025-04-08 15:54:28,157.0,27.0,233.4,15.0,155.0,90.0,344.59,17.0,195.2,76.4,117.0,32.0,22.936671074940165,149,85.0,21.0,0.57,157.4,
2025-04-08 15:54:29,156.14,37.0,170.0,27.0,154.83,84.0,381.33,9.0,163.07,13.860000000000014,121.0,36.0,22.24906919401339,157,85.0,8.0,0.54,156.2,5.0
2025-04-08 15:54:30,163.0,61.0,169.67,27.0,154.25,63.0,319.03,29.0,166.33,6.669999999999988,124.0,56.0,20.90609121763304,180,68.0,23.0,0.38,163.0,5.0
2025-04-08 15:54:31,163.0,40.0,168.5,30.0,154.97,34.0,237.41,34.0,165.75,5.5,74.0,64.0,19.840162045709,138,10.0,-42.0,0.07,163.0,
2025-04-08 15:54:32,163.0,56.0,167.0,42.0,160.62,47.0,388.36,14.0,165.0,4.0,103.0,56.0,13.545034145398244,159,47.0,21.0,0.3,163.0,
2025-04-08 15:54:33,162.33,18.0,165.0,15.0,160.14,14.0,466.0,5.0,163.67,2.6699999999999875,32.0,20.0,1.373564705434075,52,12.0,-107.0,0.23,162.6,5.0
2025-04-08 15:54:34,161.0,21.0,162.7,30.0,155.0,74.0,426.06,16.0,161.85,1.6999999999999886,95.0,46.0,1.7937948600702844,141,49.0,89.0,0.35,161.0,1.0
2025-04-08 15:54:35,155.86,42.0,162.0,20.0,154.29,93.0,409.33,9.0,158.93,6.139999999999986,135.0,29.0,2.7336239682913246,164,106.0,23.0,0.65,158.17,6.0
2025-04-08 15:54:36,155.0,30.0,161.33,12.0,154.0,66.0,402.25,12.0,158.17,6.3300000000000125,96.0,24.0,2.948402957538062,120,72.0,-44.0,0.6,155.0,3.0
2025-04-08 15:54:37,157.33,18.0,301.5,18.0,154.17,53.0,425.31,13.0,229.42,144.17,71.0,31.0,30.832488060485797,102,40.0,-18.0,0.39,160.0,2.0
2025-04-08 15:54:38,162.0,15.0,314.0,19.0,155.0,27.0,522.67,12.0,238.0,152.0,42.0,31.0,40.700790287167344,73,11.0,-29.0,0.15,162.0,1.0
2025-04-08 15:54:39,161.17,6.0,240.6,20.0,155.14,22.0,382.4,10.0,200.88,79.43,28.0,30.0,37.76298650795463,58,-2.0,-15.0,-0.03,158.75,4.0
2025-04-08 15:54:40,155.2,10.0,298.5,24.0,154.02,90.0,386.08,26.0,226.85,143.3,100.0,50.0,32.451416455987584,150,50.0,92.0,0.33,158.75,
2025-04-08 15:54:41,157.62,16.0,356.33,18.0,155.67,6.0,374.33,18.0,256.98,198.71,22.0,36.0,20.305456902022897,58,-14.0,-92.0,-0.24,158.75,
2025-04-08 15:54:42,158.0,54.0,368.06,18.0,157.0,9.0,410.19,32.0,263.03,210.06,63.0,50.0,24.92653545922293,113,13.0,55.0,0.12,158.75,
2025-04-08 15:54:43,158.0,60.0,244.95,21.0,157.0,10.0,314.5,20.0,201.48,86.94999999999999,70.0,41.0,29.53839416758991,111,29.0,-2.0,0.26,158.75,
2025-04-08 15:54:44,158.0,38.0,205.75,16.0,157.0,7.0,235.12,17.0,181.88,47.75,45.0,33.0,34.926705112276416,78,12.0,-33.0,0.15,158.0,2.0
2025-04-08 15:54:45,158.0,20.0,173.73,11.0,157.0,5.0,397.25,8.0,165.86,15.72999999999999,25.0,19.0,44.03693654195231,44,6.0,-34.0,0.14,158.0,
2025-04-08 15:54:46,158.0,73.0,161.04,56.0,157.0,12.0,162.83,46.0,159.52,3.039999999999992,85.0,102.0,41.67759925907399,187,-17.0,143.0,-0.09,158.0,4.0
2025-04-08 15:54:47,158.0,58.0,159.96,23.0,157.0,10.0,176.33,33.0,158.98,1.960000000000008,68.0,56.0,18.15031349591513,124,12.0,-63.0,0.1,158.0,6.0
2025-04-08 15:54:48,157.18,11.0,159.0,7.0,154.32,37.0,259.22,18.0,158.09,1.8199999999999927,48.0,25.0,9.995037768813733,73,23.0,-51.0,0.32,157.67,3.0
2025-04-08 15:54:49,155.0,24.0,158.25,4.0,154.0,44.0,335.14,14.0,156.62,3.25,68.0,18.0,3.5535165681365743,86,50.0,13.0,0.58,155.0,4.0
2025-04-08 15:54:55,163.0,21.0,246.62,26.0,156.11,27.0,279.38,16.0,204.81,83.62,48.0,42.0,77.47048812289594,90,6.0,-70.0,0.07,155.0,
2025-04-08 15:54:56,163.0,36.0,242.14,50.0,157.0,60.0,243.14,56.0,202.57,79.13999999999999,96.0,106.0,70.12740441510601,202,-10.0,112.0,-0.05,155.0,
2025-04-08 15:54:57,163.0,45.0,236.54,63.0,157.0,75.0,237.42,69.0,199.77,73.53999999999999,120.0,132.0,72.56801705985819,252,-12.0,50.0,-0.05,155.0,
2025-04-08 15:54:58,163.0,18.0,231.4,20.0,158.0,12.0,232.64,22.0,197.2,68.4,30.0,42.0,59.35308837794301,72,-12.0,-168.0,-0.17,155.0,
2025-04-08 15:54:59,163.0,27.0,227.0,29.0,158.0,45.0,228.0,26.0,195.0,64.0,72.0,55.0,3.954408931807373,127,17.0,55.0,0.13,155.0,
2025-04-08 15:55:00,163.0,27.0,218.62,39.0,158.0,45.0,223.93,40.0,190.81,55.620000000000005,72.0,79.0,4.500816592570986,151,-7.0,24.0,-0.05,155.0,
2025-04-08 15:55:01,162.17,24.0,219.31,55.0,157.71,70.0,221.24,68.0,190.74,57.140000000000015,94.0,123.0,3.9641682608040254,217,-29.0,66.0,-0.13,160.14,7.0
2025-04-08 15:55:02,158.0,14.0,213.86,51.0,157.0,70.0,215.88,43.0,185.93,55.860000000000014,84.0,94.0,4.355115383083479,178,-10.0,-39.0,-0.06,160.14,
2025-04-08 15:55:03,159.1,42.0,210.63,54.0,156.84,31.0,211.79,66.0,184.86,51.53,73.0,120.0,4.116220353670864,193,-47.0,15.0,-0.24,159.5,4.0
2025-04-08 15:55:04,156.06,47.0,204.27,52.0,148.13,68.0,205.4,53.0,180.17,48.21000000000001,115.0,105.0,4.461980501972089,220,10.0,27.0,0.05,157.0,5.0
2025-04-08 15:55:05,155.19,37.0,198.35,46.0,95.59,81.0,200.42,38.0,176.77,43.16,118.0,84.0,5.393647189053392,202,34.0,-18.0,0.17,157.33,3.0
2025-04-08 15:55:06,155.87,30.0,178.8,59.0,125.73,30.0,183.48,63.0,167.33,22.930000000000007,60.0,122.0,7.498241127090472,182,-62.0,-20.0,-0.34,156.0,3.0
2025-04-08 15:55:07,156.67,18.0,173.49,35.0,154.2,10.0,174.59,44.0,165.08,16.82000000000002,28.0,79.0,8.42899578834856,107,-51.0,-75.0,-0.48,156.0,
2025-04-08 15:55:08,160.51,67.0,168.38,84.0,158.13,75.0,169.92,79.0,164.44,7.870000000000003,142.0,163.0,7.222151341532832,305,-21.0,168.0,-0.07,156.0,
2025-04-08 15:55:09,162.0,36.0,163.45,51.0,159.0,60.0,164.36,56.0,162.73,1.4499999999999886,96.0,107.0,5.560355204482026,203,-11.0,-102.0,-0.05,156.0,
2025-04-08 15:55:10,159.5,72.0,161.67,72.0,157.16,37.0,184.74,76.0,160.58,2.1699999999999875,109.0,148.0,2.537374627447761,257,-39.0,54.0,-0.15,160.62,13.0
2025-04-08 15:55:11,155.33,12.0,191.51,41.0,152.37,43.0,271.62,21.0,173.42,36.17999999999998,55.0,62.0,4.888588753414791,117,-7.0,-140.0,-0.06,157.0,2.0
2025-04-08 15:55:12,155.64,14.0,202.0,22.0,154.21,14.0,203.52,31.0,178.82,46.360000000000014,28.0,53.0,7.777398022475711,81,-25.0,-36.0,-0.31,157.0,
2025-04-08 15:55:13,157.7,10.0,170.42,26.0,154.9,10.0,174.85,27.0,164.06,12.72,20.0,53.0,7.822583972065063,73,-33.0,-8.0,-0.45,158.0,1.0
2025-04-08 15:55:14,155.46,13.0,283.12,34.0,154.46,13.0,327.33,30.0,219.29,127.66,26.0,64.0,23.540810946099334,90,-38.0,17.0,-0.42,159.91,11.0
2025-04-08 15:55:15,160.89,55.0,319.29,14.0,154.86,7.0,397.71,28.0,240.09,158.40000000000003,62.0,42.0,32.816886354435944,104,20.0,14.0,0.19,156.0,1.0
2025-04-08 15:55:16,161.0,45.0,255.78,18.0,155.0,5.0,354.67,12.0,208.39,94.78,50.0,30.0,30.689150362953225,80,20.0,-24.0,0.25,156.0,
2025-04-08 15:55:17,161.0,63.0,246.75,16.0,155.0,8.0,253.38,26.0,203.88,85.75,71.0,42.0,27.84511393404493,113,29.0,33.0,0.26,156.0,
2025-04-08 15:55:18,161.04,47.0,246.0,12.0,157.84,19.0,248.0,24.0,203.52,84.96000000000001,66.0,36.0,15.387034477115144,102,30.0,-11.0,0.29,156.0,
2025-04-08 15:55:19,163.0,14.0,245.25,20.0,161.0,63.0,357.17,24.0,204.12,82.25,77.0,44.0,15.827345007926478,121,33.0,19.0,0.27,156.0,
2025-04-08 15:55:20,163.69,26.0,241.87,63.0,161.41,68.0,243.78,36.0,202.78,78.18,94.0,99.0,2.2120397826322717,193,-5.0,72.0,-0.03,156.0,
2025-04-08 15:55:21,164.0,16.0,237.69,36.0,163.0,16.0,239.33,36.0,200.85,73.69,32.0,72.0,1.3196211577382335,104,-40.0,-89.0,-0.38,156.0,
2025-04-08 15:55:22,161.0,25.0,237.0,12.0,159.0,6.0,238.0,15.0,199.0,76.0,31.0,27.0,2.1048230329298616,58,4.0,-46.0,0.07,162.67,6.0
2025-04-08 15:55:23,161.0,28.0,237.0,16.0,159.0,8.0,238.0,20.0,199.0,76.0,36.0,36.0,2.2810523886911493,72,0.0,14.0,0.0,162.67,
2025-04-08 15:55:24,161.0,49.0,235.69,26.0,159.0,14.0,237.65,34.0,198.35,74.69,63.0,60.0,1.8147534267650725,123,3.0,51.0,0.02,162.67,
2025-04-08 15:55:25,160.95,82.0,170.33,36.0,157.82,34.0,223.5,36.0,165.64,9.380000000000024,116.0,72.0,15.082120872077926,188,44.0,65.0,0.23,161.0,7.0
2025-04-08 15:55:26,156.68,50.0,160.43,53.0,154.96,164.0,328.47,55.0,158.56,3.75,214.0,108.0,20.249353076085743,322,106.0,134.0,0.33,159.0,2.0
2025-04-08 15:55:27,155.47,102.0,158.0,65.0,154.96,150.0,347.69,52.0,156.74,2.530000000000001,252.0,117.0,21.27421255887037,369,135.0,47.0,0.37,157.0,8.0
2025-04-08 15:55:28,155.11,132.0,156.58,60.0,154.93,97.0,340.09,44.0,155.85,1.4699999999999989,229.0,104.0,17.926878423194957,333,125.0,-36.0,0.38,155.5,6.0
2025-04-08 15:55:29,155.69,52.0,371.54,26.0,154.78,23.0,704.26,19.0,263.62,215.85,75.0,45.0,46.85724084920057,120,30.0,-168.0,0.25,155.0,9.0
2025-04-08 15:55:30,159.0,18.0,355.0,15.0,155.0,36.0,714.8,15.0,257.0,196.0,54.0,30.0,56.61466576780224,84,24.0,-36.0,0.29,155.0,
2025-04-08 15:55:33,155.0,80.0,195.6,10.0,154.0,5.0,0.0,0.0,175.3,40.6,85.0,10.0,90.86910024865328,95,75.0,-87.0,0.79,155.0,
2025-04-08 15:55:34,155.0,112.0,169.0,12.0,154.0,7.0,0.0,0.0,162.0,14.0,119.0,12.0,107.9680217471814,131,107.0,36.0,0.82,155.0,
2025-04-08 15:55:36,155.0,64.0,250.0,15.0,154.0,4.0,0.0,0.0,202.5,95.0,68.0,15.0,125.8763898433695,83,53.0,-2.0,0.64,155.0,
2025-04-08 15:55:37,155.0,88.0,247.33,6.0,154.0,6.0,250.0,30.0,201.17,92.33,94.0,36.0,51.17941656564682,130,58.0,47.0,0.45,155.0,4.0
2025-04-08 15:55:38,155.78,27.0,245.0,5.0,154.95,38.0,288.4,25.0,200.39,89.22,65.0,30.0,53.76645394667568,95,35.0,-35.0,0.37,155.0,
2025-04-08 15:55:39,162.0,11.0,244.05,19.0,155.0,126.0,615.51,39.0,203.03,82.05000000000001,137.0,58.0,55.58621294889573,195,79.0,100.0,0.41,155.0,
2025-04-08 15:55:40,156.67,21.0,242.8,15.0,154.97,58.0,243.62,13.0,199.73,86.13000000000002,79.0,28.0,1.3894531298122663,107,51.0,-88.0,0.48,156.4,5.0
2025-04-08 15:55:41,155.0,72.0,240.74,23.0,154.0,9.0,241.85,13.0,197.87,85.74000000000001,81.0,36.0,1.8942333541426557,117,45.0,10.0,0.38,156.4,
2025-04-08 15:55:42,157.11,111.0,190.88,43.0,154.84,57.0,201.37,57.0,174.0,33.76999999999998,168.0,100.0,11.88636529810332,268,68.0,151.0,0.25,161.0,3.0
2025-04-08 15:55:43,161.0,48.0,186.25,20.0,155.6,47.0,188.71,28.0,173.62,25.25,95.0,48.0,14.578088009062196,143,47.0,-125.0,0.33,161.0,
2025-04-08 15:55:44,156.84,50.0,184.5,10.0,154.92,52.0,186.0,30.0,170.67,27.66,102.0,40.0,14.334091181514534,142,62.0,-1.0,0.44,161.0,4.0
2025-04-08 15:55:45,161.67,12.0,183.29,17.0,158.2,40.0,185.58,19.0,172.48,21.620000000000005,52.0,36.0,11.333916798705603,88,16.0,-54.0,0.18,161.0,
2025-04-08 15:55:46,159.22,55.0,182.57,58.0,158.48,25.0,183.42,26.0,170.89,23.349999999999994,80.0,84.0,1.525178678053574,164,-4.0,76.0,-0.02,163.0,1.0
2025-04-08 15:55:47,156.93,108.0,175.68,76.0,154.95,55.0,177.79,80.0,166.31,18.75,163.0,156.0,2.7820729681285474,319,7.0,155.0,0.02,158.8,5.0
2025-04-08 15:55:48,155.0,80.0,169.86,44.0,154.0,60.0,171.0,42.0,162.43,14.860000000000014,140.0,86.0,4.119669889687156,226,54.0,-93.0,0.24,158.8,
2025-04-08 15:55:49,157.0,72.0,165.16,44.0,154.57,84.0,167.31,32.0,161.08,8.159999999999997,156.0,76.0,5.022814947815411,232,80.0,6.0,0.34,158.8,
2025-04-08 15:55:50,161.0,25.0,162.63,19.0,155.54,74.0,163.67,45.0,161.82,1.6299999999999957,99.0,64.0,4.1009669591452935,163,35.0,-69.0,0.21,161.0,3.0
2025-04-08 15:55:51,156.27,55.0,162.68,40.0,154.95,86.0,164.91,68.0,159.47,6.409999999999997,141.0,108.0,2.5394034732600472,249,33.0,86.0,0.13,159.67,3.0
2025-04-08 15:55:52,155.0,94.0,219.64,39.0,154.0,36.0,322.02,54.0,187.32,64.63999999999999,130.0,93.0,11.73358555600112,223,37.0,-26.0,0.17,158.44,9.0
2025-04-08 15:55:53,155.0,66.0,187.36,55.0,154.0,33.0,307.14,51.0,171.18,32.360000000000014,99.0,106.0,11.641124516127954,205,-7.0,-18.0,-0.03,158.44,
2025-04-08 15:55:54,154.69,29.0,194.0,35.0,147.0,24.0,458.1,29.0,174.34,39.31,53.0,64.0,11.119715823706604,117,-11.0,-88.0,-0.09,158.44,
2025-04-08 15:55:55,154.95,40.0,193.23,65.0,150.36,44.0,448.21,56.0,174.09,38.28,84.0,121.0,9.925061712653832,205,-37.0,88.0,-0.18,155.17,6.0
2025-04-08 15:55:56,154.0,10.0,168.54,24.0,140.0,20.0,194.73,22.0,161.27,14.539999999999992,30.0,46.0,9.31267147493061,76,-16.0,-129.0,-0.21,155.17,
2025-04-08 15:55:57,155.05,19.0,167.08,60.0,132.62,26.0,168.25,60.0,161.07,12.03,45.0,120.0,6.707335536559562,165,-75.0,89.0,-0.45,155.33,3.0
2025-04-08 15:56:00,136.93,29.0,151.12,40.0,105.36,11.0,155.5,40.0,144.03,14.189999999999998,40.0,80.0,14.589196345242238,120,-40.0,-7.0,-0.33,155.33,
2025-04-08 15:56:06,128.36,22.0,152.86,51.0,119.5,24.0,158.68,56.0,140.61,24.5,46.0,107.0,3.702006212858891,153,-61.0,112.0,-0.4,150.0,9.0
2025-04-08 15:56:07,130.71,14.0,154.0,28.0,116.71,14.0,387.29,35.0,142.36,23.289999999999992,28.0,63.0,3.598912335698427,91,-35.0,-62.0,-0.38,150.0,
2025-04-08 15:56:08,132.12,32.0,153.68,47.0,110.82,22.0,303.52,52.0,142.9,21.56,54.0,99.0,3.731831989792661,153,-45.0,62.0,-0.29,150.0,
2025-04-08 15:56:09,135.0,35.0,152.95,42.0,133.88,32.0,153.86,37.0,143.98,17.94999999999999,67.0,79.0,3.272877938456796,146,-12.0,-7.0,-0.08,150.0,
2025-04-08 15:56:16,149.18,28.0,152.19,42.0,147.53,49.0,179.3,54.0,150.68,3.009999999999991,77.0,96.0,1.6401768197444353,173,-19.0,21.0,-0.11,151.14,7.0
2025-04-08 15:56:17,150.67,12.0,153.0,32.0,148.27,22.0,195.0,24.0,151.83,2.3300000000000125,34.0,56.0,2.0516091245716286,90,-22.0,-83.0,-0.24,152.0,1.0
2025-04-08 15:56:18,150.0,22.0,153.0,44.0,147.0,55.0,206.86,29.0,151.5,3.0,77.0,73.0,1.6628078662383703,150,4.0,60.0,0.03,152.0,
2025-04-08 15:56:19,151.25,40.0,153.06,36.0,142.44,36.0,182.2,25.0,152.15,1.8100000000000025,76.0,61.0,1.419975351906889,137,15.0,-13.0,0.11,153.0,4.0
2025-04-08 15:56:20,131.52,46.0,164.95,63.0,92.35,49.0,187.11,57.0,148.24,33.42999999999998,95.0,120.0,1.5739599740854888,215,-25.0,78.0,-0.12,153.5,4.0
2025-04-08 15:56:21,162.92,26.0,166.0,75.0,161.73,60.0,312.77,53.0,164.46,3.0800000000000125,86.0,128.0,6.25116229192775,214,-42.0,-1.0,-0.2,162.6,5.0
2025-04-08 15:56:22,162.0,16.0,165.12,40.0,158.0,32.0,309.0,16.0,163.56,3.1200000000000045,48.0,56.0,7.483543278422066,104,-8.0,-110.0,-0.08,162.6,
2025-04-08 15:56:23,162.0,18.0,164.44,45.0,158.0,36.0,171.0,9.0,163.22,2.4399999999999977,54.0,54.0,7.563767579719301,108,0.0,4.0,0.0,162.6,
2025-04-08 15:56:24,162.0,14.0,164.0,35.0,158.0,28.0,362.68,19.0,163.0,2.0,42.0,54.0,6.873883909407388,96,-12.0,-12.0,-0.12,162.6,
2025-04-08 15:56:25,162.0,20.0,163.2,50.0,158.0,40.0,290.73,40.0,162.6,1.1999999999999886,60.0,90.0,0.702936697011844,150,-30.0,54.0,-0.2,162.6,
2025-04-08 15:56:26,162.0,24.0,163.0,43.0,158.0,98.0,245.08,60.0,162.5,1.0,122.0,103.0,0.4384974344354028,225,19.0,75.0,0.08,161.29,7.0
2025-04-08 15:56:27,158.0,66.0,161.69,26.0,157.0,39.0,343.36,44.0,159.85,3.6899999999999977,105.0,70.0,1.364470593309871,175,35.0,-50.0,0.2,158.0,5.0
2025-04-08 15:56:28,158.0,32.0,159.3,20.0,157.0,30.0,224.0,27.0,158.65,1.3000000000000114,62.0,47.0,1.9457003880373125,109,15.0,-66.0,0.14,158.0,3.0
2025-04-08 15:56:29,158.0,16.0,216.0,26.0,157.0,24.0,458.44,32.0,187.0,58.0,40.0,58.0,11.796005679890223,98,-18.0,-11.0,-0.18,159.0,2.0
2025-04-08 15:56:30,158.96,54.0,186.2,46.0,157.89,106.0,254.37,38.0,172.58,27.23999999999998,160.0,84.0,11.895420547420752,244,76.0,146.0,0.31,159.0,
2025-04-08 15:56:32,161.0,27.0,273.8,20.0,158.0,108.0,510.61,31.0,217.4,112.8,135.0,51.0,64.63386279652443,186,84.0,87.0,0.45,159.0,
2025-04-08 15:56:33,161.0,30.0,207.24,37.0,158.0,127.0,267.64,33.0,184.12,46.24000000000001,157.0,70.0,60.324534643873854,227,87.0,41.0,0.38,159.0,
2025-04-08 15:56:34,158.51,123.0,204.77,44.0,157.88,151.0,206.39,36.0,181.64,46.26000000000002,274.0,80.0,61.01716381478197,354,194.0,127.0,0.55,159.8,5.0
2025-04-08 15:56:35,158.0,136.0,203.12,32.0,157.0,24.0,205.0,16.0,180.56,45.120000000000005,160.0,48.0,59.71599450733394,208,112.0,-146.0,0.54,159.8,
2025-04-08 15:56:36,158.0,221.0,201.49,49.0,157.0,39.0,202.76,34.0,179.74,43.49000000000001,260.0,83.0,16.132660041046286,343,177.0,135.0,0.52,159.8,
2025-04-08 15:56:37,158.0,238.0,194.08,48.0,157.0,42.0,196.63,41.0,176.04,36.08000000000001,280.0,89.0,2.951474207914093,369,191.0,26.0,0.52,159.8,
2025-04-08 15:56:38,158.0,187.0,174.64,33.0,157.0,33.0,175.94,35.0,166.32,16.639999999999986,220.0,68.0,6.2569321556164095,288,152.0,-81.0,0.53,159.8,
2025-04-08 15:56:39,158.0,152.0,170.15,41.0,157.0,39.0,171.77,44.0,164.07,12.150000000000006,191.0,85.0,7.674495423152652,276,106.0,-12.0,0.38,158.0,8.0
2025-04-08 15:56:40,158.0,90.0,168.14,28.0,157.0,30.0,169.33,36.0,163.07,10.139999999999986,120.0,64.0,7.549269501083884,184,56.0,-92.0,0.3,158.0,
2025-04-08 15:56:41,158.0,63.0,163.27,22.0,157.0,21.0,165.06,17.0,160.64,5.27000000000001,84.0,39.0,5.956917827198901,123,45.0,-61.0,0.37,158.0,
2025-04-08 15:56:42,158.0,159.0,160.28,58.0,155.67,126.0,161.03,62.0,159.14,2.280000000000001,285.0,120.0,2.829393928035546,405,165.0,168.0,0.41,158.0,3.0
2025-04-08 15:56:43,158.0,14.0,159.29,21.0,157.0,14.0,161.0,28.0,158.64,1.289999999999992,28.0,49.0,2.387775115040445,77,-21.0,-168.0,-0.27,158.0,4.0
2025-04-08 15:56:44,157.0,18.0,160.47,43.0,155.0,364.0,237.57,30.0,158.73,3.469999999999999,382.0,73.0,1.8726264977319345,455,309.0,168.0,0.68,158.2,5.0
2025-04-08 15:56:45,155.59,34.0,159.73,44.0,154.99,284.0,297.67,27.0,157.66,4.139999999999986,318.0,71.0,1.0839833947109736,389,247.0,-66.0,0.63,155.4,5.0
2025-04-08 15:56:46,155.01,294.0,157.96,54.0,154.42,89.0,196.25,48.0,156.49,2.950000000000017,383.0,102.0,1.0666161446416385,485,281.0,96.0,0.58,155.5,4.0
2025-04-08 15:56:47,155.0,79.0,157.0,15.0,154.0,20.0,209.0,15.0,156.0,2.0,99.0,30.0,1.2357305531591507,129,69.0,-168.0,0.53,157.0,1.0
2025-04-08 15:56:48,155.02,129.0,225.2,30.0,154.62,73.0,379.36,22.0,190.11,70.17999999999998,202.0,52.0,14.747005458736464,254,150.0,125.0,0.59,155.0,4.0
2025-04-08 15:56:49,161.83,36.0,439.75,24.0,155.02,92.0,789.0,8.0,300.79,277.92,128.0,32.0,62.39954206562711,160,96.0,-94.0,0.6,155.0,
2025-04-08 15:56:51,163.0,70.0,443.0,8.0,156.5,8.0,624.0,24.0,303.0,280.0,78.0,32.0,86.35588312327005,110,46.0,-104.0,0.42,163.0,6.0
2025-04-08 15:56:52,163.0,45.0,449.19,16.0,157.0,16.0,490.25,24.0,306.09,286.19,61.0,40.0,62.93998943437976,101,21.0,-9.0,0.21,163.0,3.0
2025-04-08 15:56:53,160.9,10.0,332.0,4.0,155.5,20.0,454.0,12.0,246.45,171.1,30.0,16.0,41.32877484271487,46,14.0,-55.0,0.3,161.5,4.0
2025-04-08 15:56:56,157.0,14.0,228.0,16.0,155.0,120.0,0.0,0.0,192.5,71.0,134.0,16.0,85.42603888744827,150,118.0,19.0,0.79,157.0,3.0
2025-04-08 15:56:57,160.43,14.0,307.1,20.0,155.33,36.0,308.0,8.0,233.76,146.67000000000002,50.0,28.0,90.09779869674864,78,22.0,-72.0,0.28,157.0,
2025-04-08 15:56:58,161.0,16.0,305.38,24.0,157.0,8.0,406.75,16.0,233.19,144.38,24.0,40.0,91.7103698062539,64,-16.0,-14.0,-0.25,157.0,
2025-04-08 15:56:59,161.0,16.0,294.64,22.0,157.0,8.0,338.7,23.0,227.82,133.64,24.0,45.0,87.99227664971438,69,-21.0,5.0,-0.3,157.0,
2025-04-08 15:57:00,161.0,14.0,252.11,19.0,158.0,21.0,268.1,20.0,206.55,91.11,35.0,39.0,18.398234426159544,74,-4.0,5.0,-0.05,157.0,
2025-04-08 15:57:01,161.0,8.0,250.5,12.0,158.0,12.0,253.0,12.0,205.75,89.5,20.0,24.0,14.128288289807765,44,-4.0,-30.0,-0.09,157.0,
2025-04-08 15:57:02,161.0,16.0,247.09,23.0,158.0,24.0,252.5,24.0,204.04,86.09,40.0,47.0,13.885339390880086,87,-7.0,43.0,-0.08,157.0,
2025-04-08 15:57:03,161.0,18.0,248.67,27.0,158.4,35.0,253.0,27.0,204.83,87.66999999999999,53.0,54.0,10.118842325085046,107,-1.0,20.0,-0.01,157.0,
2025-04-08 15:57:04,161.0,14.0,246.43,21.0,159.0,49.0,248.71,21.0,203.71,85.43,63.0,42.0,1.1807539963676617,105,21.0,-2.0,0.2,157.0,
2025-04-08 15:57:05,161.0,20.0,245.67,18.0,159.0,70.0,246.8,30.0,203.33,84.66999999999999,90.0,48.0,0.9662918813376032,138,42.0,33.0,0.3,157.0,
2025-04-08 15:57:06,161.59,34.0,243.86,21.0,159.28,57.0,245.11,27.0,202.72,82.27000000000001,91.0,48.0,0.7884351589951357,139,43.0,1.0,0.31,162.0,5.0
2025-04-08 15:57:07,161.0,24.0,223.04,28.0,159.0,84.0,235.23,26.0,192.02,62.03999999999999,108.0,54.0,5.256478859459301,162,54.0,23.0,0.33,162.0,
2025-04-08 15:57:08,161.0,20.0,180.19,26.0,159.0,70.0,181.29,14.0,170.6,19.19,90.0,40.0,14.210198098547076,130,50.0,-32.0,0.38,162.0,
2025-04-08 15:57:09,160.0,44.0,176.52,29.0,158.87,89.0,177.68,31.0,168.26,16.52000000000001,133.0,60.0,17.017566806096557,193,73.0,63.0,0.38,159.0,2.0
2025-04-08 15:57:10,159.57,35.0,174.92,26.0,158.62,40.0,175.57,14.0,167.25,15.349999999999994,75.0,40.0,16.196329831167553,115,35.0,-78.0,0.3,159.0,
2025-04-08 15:57:11,159.09,47.0,172.59,37.0,158.16,32.0,173.08,13.0,165.84,13.5,79.0,50.0,10.886963764060972,129,29.0,14.0,0.22,161.0,2.0
2025-04-08 15:57:12,158.25,20.0,169.0,18.0,157.23,13.0,170.0,6.0,163.62,10.75,33.0,24.0,2.6131934486339023,57,9.0,-72.0,0.16,161.0,
2025-04-08 15:57:13,157.93,29.0,167.9,20.0,156.5,24.0,168.5,20.0,162.92,9.97,53.0,40.0,2.2888905609453984,93,13.0,36.0,0.14,158.0,3.0
2025-04-08 15:57:14,159.83,23.0,163.76,50.0,157.92,62.0,165.3,67.0,161.79,3.9299999999999775,85.0,117.0,2.221470233873601,202,-32.0,109.0,-0.16,158.0,
2025-04-08 15:57:15,157.38,34.0,159.82,22.0,156.15,81.0,162.32,34.0,158.6,2.4399999999999977,115.0,56.0,2.6592254511395588,171,59.0,-31.0,0.35,158.17,6.0
2025-04-08 15:57:16,155.89,54.0,157.75,36.0,154.68,62.0,163.08,39.0,156.82,1.8600000000000136,116.0,75.0,2.9195376346247843,191,41.0,20.0,0.21,157.0,7.0
2025-04-08 15:57:17,155.0,51.0,156.44,16.0,154.0,40.0,295.88,24.0,155.72,1.4399999999999975,91.0,40.0,3.10953372710319,131,51.0,-60.0,0.39,155.0,3.0
2025-04-08 15:57:18,157.24,25.0,392.08,12.0,154.25,32.0,636.39,28.0,274.66,234.84,57.0,40.0,52.11858804687603,97,17.0,-34.0,0.18,155.0,1.0
2025-04-08 15:57:19,162.0,18.0,417.0,17.0,156.67,18.0,573.78,23.0,289.5,255.0,36.0,40.0,68.69195440515534,76,-4.0,-21.0,-0.05,155.0,
2025-04-08 15:57:21,162.0,21.0,325.49,63.0,158.0,26.0,538.37,41.0,243.75,163.49,47.0,104.0,94.44133549458024,151,-57.0,51.0,-0.38,162.0,1.0
2025-04-08 15:57:22,156.74,19.0,220.62,29.0,149.65,34.0,373.49,43.0,188.68,63.88,53.0,72.0,84.56315846750198,125,-19.0,-26.0,-0.15,157.17,6.0
2025-04-08 15:57:24,155.0,15.0,357.14,21.0,154.0,20.0,508.37,19.0,256.07,202.14,35.0,40.0,89.1281858897613,75,-5.0,0.0,-0.07,157.17,
2025-04-08 15:57:25,155.46,35.0,300.0,36.0,154.06,47.0,463.17,36.0,227.73,144.54,82.0,72.0,53.69980819332486,154,10.0,79.0,0.06,163.0,2.0
2025-04-08 15:57:26,155.0,22.0,300.0,27.0,154.0,36.0,343.0,29.0,227.5,145.0,58.0,56.0,54.67221094852377,114,2.0,-40.0,0.02,163.0,
2025-04-08 15:57:27,154.14,28.0,186.6,10.0,131.56,18.0,279.0,24.0,170.37,32.46000000000001,46.0,34.0,59.914495908752215,80,12.0,-34.0,0.15,155.0,2.0
2025-04-08 15:57:28,154.33,12.0,156.0,6.0,149.6,20.0,270.95,22.0,155.17,1.6699999999999875,32.0,28.0,42.67691553990191,60,4.0,-20.0,0.07,155.0,
2025-04-08 15:57:29,155.0,7.0,156.0,7.0,154.0,28.0,219.14,35.0,155.5,1.0,35.0,42.0,37.35243004143023,77,-7.0,17.0,-0.09,155.0,
2025-04-08 15:57:30,155.0,5.0,156.0,5.0,154.0,20.0,211.91,23.0,155.5,1.0,25.0,28.0,31.254565586485956,53,-3.0,-24.0,-0.06,155.0,
2025-04-08 15:57:31,155.0,8.0,156.0,8.0,154.0,32.0,160.0,8.0,155.5,1.0,40.0,16.0,6.688487870958953,56,24.0,3.0,0.43,155.0,
2025-04-08 15:57:32,154.44,25.0,157.2,10.0,149.4,25.0,221.06,17.0,155.82,2.759999999999991,50.0,27.0,0.2298260210846029,77,23.0,21.0,0.3,155.5,2.0
2025-04-08 15:57:33,159.0,8.0,188.95,20.0,154.16,25.0,257.44,27.0,173.97,29.94999999999999,33.0,47.0,8.225425216969898,80,-14.0,3.0,-0.17,160.0,1.0
2025-04-08 15:57:34,157.35,37.0,196.11,53.0,109.95,60.0,245.82,51.0,176.73,38.76000000000002,97.0,104.0,10.85859245021934,201,-7.0,121.0,-0.03,160.67,3.0
2025-04-08 15:57:35,129.39,33.0,206.44,27.0,107.36,101.0,215.29,56.0,167.92,77.05000000000001,134.0,83.0,9.952661453096765,217,51.0,16.0,0.24,156.4,5.0
2025-04-08 15:57:36,153.43,40.0,205.69,32.0,133.87,30.0,276.0,48.0,179.56,52.25999999999999,70.0,80.0,9.416026231906624,150,-10.0,-67.0,-0.07,156.4,
2025-04-08 15:57:37,154.71,14.0,204.08,26.0,152.33,43.0,442.62,39.0,179.4,49.370000000000005,57.0,65.0,4.821890708005434,122,-8.0,-28.0,-0.07,154.25,4.0
2025-04-08 15:57:38,157.52,58.0,203.69,29.0,147.92,75.0,522.92,36.0,180.6,46.16999999999999,133.0,65.0,5.1881615240803605,198,68.0,76.0,0.34,154.25,
2025-04-08 15:57:39,158.0,88.0,202.36,25.0,157.0,44.0,203.2,30.0,180.18,44.360000000000014,132.0,55.0,5.394841980998812,187,77.0,-11.0,0.41,154.25,
2025-04-08 15:57:40,158.0,48.0,202.0,12.0,157.0,24.0,203.0,18.0,180.0,44.0,72.0,30.0,0.4828250200070425,102,42.0,-85.0,0.41,154.25,
2025-04-08 15:57:41,158.0,76.0,183.91,22.0,157.0,40.0,199.0,28.0,170.95,25.91,116.0,50.0,4.090217598117055,166,66.0,64.0,0.4,158.0,2.0
2025-04-08 15:57:42,158.38,39.0,181.76,21.0,157.65,46.0,197.75,24.0,170.07,23.379999999999995,85.0,45.0,5.353779039141246,130,40.0,-36.0,0.31,158.0,
2025-04-08 15:57:43,159.0,63.0,180.45,33.0,157.51,71.0,182.0,22.0,169.73,21.44999999999999,134.0,55.0,5.40832044168521,189,79.0,59.0,0.42,158.0,
2025-04-08 15:57:44,159.81,37.0,176.9,21.0,158.82,79.0,178.61,36.0,168.36,17.090000000000003,116.0,57.0,4.66560499827751,173,59.0,-16.0,0.34,160.0,2.0
2025-04-08 15:57:45,162.78,18.0,174.71,17.0,159.8,20.0,176.56,27.0,168.74,11.930000000000009,38.0,44.0,1.0407929669026452,82,-6.0,-91.0,-0.07,160.0,
2025-04-08 15:57:46,163.0,26.0,171.68,25.0,161.0,13.0,173.25,16.0,167.34,8.680000000000007,39.0,41.0,1.094883555431635,80,-2.0,-2.0,-0.03,160.0,
2025-04-08 15:57:47,163.22,18.0,169.4,15.0,162.07,15.0,170.13,31.0,166.31,6.180000000000007,33.0,46.0,1.3148878278983536,79,-13.0,-1.0,-0.16,160.0,
2025-04-08 15:57:48,163.1,20.0,166.52,33.0,159.16,100.0,168.04,45.0,164.81,3.420000000000016,120.0,78.0,1.597050406203916,198,42.0,119.0,0.21,163.5,2.0
2025-04-08 15:57:49,159.07,114.0,162.27,30.0,157.27,88.0,164.14,35.0,160.67,3.200000000000017,202.0,65.0,3.095033117748076,267,137.0,69.0,0.51,160.75,4.0
2025-04-08 15:57:50,159.0,201.0,160.0,17.0,157.0,42.0,164.37,38.0,159.5,1.0,243.0,55.0,3.4681162033528845,298,188.0,31.0,0.63,159.25,4.0
2025-04-08 15:57:51,159.0,106.0,164.11,19.0,157.0,21.0,194.14,21.0,161.55,5.110000000000014,127.0,40.0,2.875781632871265,167,87.0,-131.0,0.52,159.0,1.0
2025-04-08 15:57:52,159.0,105.0,163.0,21.0,157.0,21.0,241.0,21.0,161.0,4.0,126.0,42.0,1.9935721707429,168,84.0,1.0,0.5,159.0,
2025-04-08 15:57:53,159.0,120.0,162.0,24.0,157.0,24.0,292.15,26.0,160.5,3.0,144.0,50.0,0.7546058573594835,194,94.0,26.0,0.48,159.0,
2025-04-08 15:57:54,159.0,189.0,160.8,45.0,157.0,45.0,372.47,60.0,159.9,1.8000000000000114,234.0,105.0,0.8234075539860931,339,129.0,145.0,0.38,159.0,4.0
2025-04-08 15:57:55,159.0,92.0,328.74,31.0,157.0,30.0,417.72,39.0,243.87,169.74,122.0,70.0,37.18298307021571,192,52.0,-147.0,0.27,159.0,3.0
2025-04-08 15:57:56,159.0,68.0,305.73,44.0,156.67,36.0,515.2,41.0,232.36,146.73000000000002,104.0,85.0,42.72576248588125,189,19.0,-3.0,0.1,159.0,4.0
2025-04-08 15:57:59,162.14,28.0,400.81,27.0,156.33,24.0,438.19,42.0,281.48,238.67,52.0,69.0,47.92310507469088,121,-17.0,13.0,-0.14,159.0,
2025-04-08 15:58:00,163.0,39.0,377.51,41.0,157.0,13.0,406.74,31.0,270.26,214.51,52.0,72.0,43.52153168260348,124,-20.0,3.0,-0.16,159.0,
2025-04-08 15:58:01,162.3,20.0,436.65,37.0,158.82,11.0,634.97,34.0,299.47,274.35,31.0,71.0,29.219591030674035,102,-40.0,-22.0,-0.39,163.0,3.0
2025-04-08 15:58:03,162.0,19.0,416.61,38.0,157.95,42.0,632.31,42.0,289.3,254.61,61.0,80.0,33.78138718288297,141,-19.0,42.0,-0.13,162.0,1.0
2025-04-08 15:58:04,162.0,15.0,284.67,51.0,158.86,84.0,357.31,55.0,223.33,122.67000000000002,99.0,106.0,48.37537565745472,205,-7.0,64.0,-0.03,162.0,
2025-04-08 15:58:05,162.7,23.0,238.0,55.0,161.07,60.0,306.0,55.0,200.35,75.30000000000001,83.0,110.0,62.70365244545072,193,-27.0,-12.0,-0.14,162.0,
2025-04-08 15:58:06,163.0,44.0,236.46,39.0,162.0,11.0,339.37,49.0,199.73,73.46000000000001,55.0,88.0,68.14317772161716,143,-33.0,-50.0,-0.23,162.0,
2025-04-08 15:58:07,163.0,40.0,237.17,46.0,162.0,10.0,324.5,30.0,200.09,74.16999999999999,50.0,76.0,38.64652118884621,126,-26.0,-17.0,-0.21,162.0,
2025-04-08 15:58:08,163.29,14.0,452.82,17.0,162.0,11.0,532.51,41.0,308.05,289.53,25.0,58.0,46.79266609202701,83,-33.0,-43.0,-0.4,163.0,3.0
2025-04-08 15:58:09,164.0,9.0,182.87,15.0,162.0,9.0,509.94,35.0,173.43,18.870000000000005,18.0,50.0,52.55384476896001,68,-32.0,-15.0,-0.47,163.0,
2025-04-08 15:58:10,164.0,10.0,173.0,40.0,162.0,10.0,255.8,10.0,168.5,9.0,20.0,50.0,56.73863410410893,70,-30.0,2.0,-0.43,163.0,
2025-04-08 15:58:11,164.0,10.0,172.0,40.0,162.0,10.0,276.0,10.0,168.0,8.0,20.0,50.0,59.85758205941801,70,-30.0,0.0,-0.43,163.0,
2025-04-08 15:58:12,161.71,21.0,171.0,28.0,159.43,35.0,276.0,7.0,166.36,9.289999999999992,56.0,35.0,62.20856026303749,91,21.0,21.0,0.23,161.8,5.0
2025-04-08 15:58:13,161.0,92.0,170.92,52.0,159.0,195.0,463.75,32.0,165.96,9.919999999999987,287.0,84.0,2.982180410370685,371,203.0,168.0,0.55,161.0,5.0
2025-04-08 15:58:14,161.0,42.0,167.86,56.0,159.0,210.0,169.21,56.0,164.43,6.860000000000014,252.0,112.0,1.6381086655044066,364,140.0,-7.0,0.38,161.0,
2025-04-08 15:58:15,161.0,27.0,164.56,36.0,159.0,135.0,165.56,36.0,162.78,3.5600000000000023,162.0,72.0,1.983955644665943,234,90.0,-130.0,0.38,161.0,
2025-04-08 15:58:16,161.0,27.0,163.89,36.0,159.0,135.0,165.0,36.0,162.44,2.8899999999999864,162.0,72.0,1.7847913043274974,234,90.0,0.0,0.38,161.0,
2025-04-08 15:58:17,161.0,24.0,162.12,32.0,159.0,120.0,163.25,32.0,161.56,1.1200000000000043,144.0,64.0,1.7535906021657583,208,80.0,-26.0,0.38,161.0,
2025-04-08 15:58:18,159.0,70.0,163.0,24.0,158.0,30.0,559.0,30.0,161.0,4.0,100.0,54.0,1.315644328838569,154,46.0,-54.0,0.3,159.75,8.0
2025-04-08 15:58:19,159.0,60.0,161.52,21.0,158.0,30.0,165.31,29.0,160.26,2.5200000000000102,90.0,50.0,1.03136802355218,140,40.0,-14.0,0.29,159.75,
2025-04-08 15:58:20,159.0,74.0,161.0,36.0,158.0,45.0,254.44,45.0,160.0,2.0,119.0,81.0,0.9901111048799006,200,38.0,60.0,0.19,159.0,2.0
2025-04-08 15:58:21,159.0,72.0,161.0,36.0,158.0,45.0,359.72,29.0,160.0,2.0,117.0,65.0,0.6911439792163503,182,52.0,-18.0,0.29,159.0,
2025-04-08 15:58:22,159.0,110.0,271.97,62.0,158.0,70.0,335.45,20.0,215.48,112.97000000000004,180.0,82.0,24.6739360459574,262,98.0,80.0,0.37,159.0,5.0
2025-04-08 15:58:23,159.0,49.0,391.0,35.0,158.0,35.0,484.0,21.0,275.0,232.0,84.0,56.0,51.16802829892873,140,28.0,-122.0,0.2,159.0,8.0
2025-04-08 15:58:24,159.33,24.0,401.83,30.0,158.04,57.0,489.69,26.0,280.58,242.5,81.0,56.0,58.94782031593659,137,25.0,-3.0,0.18,159.0,
2025-04-08 15:58:25,163.63,27.0,437.55,33.0,162.2,30.0,486.14,29.0,300.59,273.92,57.0,62.0,57.75761941077485,119,-5.0,-18.0,-0.04,164.0,5.0
2025-04-08 15:58:26,164.0,16.0,231.38,24.0,163.0,16.0,326.12,24.0,197.69,67.38,32.0,48.0,44.64483139177377,80,-16.0,-39.0,-0.2,164.0,
2025-04-08 15:58:27,164.0,20.0,213.9,30.0,163.0,20.0,231.1,30.0,188.95,49.900000000000006,40.0,60.0,51.411535378744674,100,-20.0,20.0,-0.2,164.0,
2025-04-08 15:58:28,163.87,23.0,224.28,36.0,162.62,32.0,232.5,36.0,194.07,60.41,55.0,72.0,53.69604529199457,127,-17.0,27.0,-0.13,163.67,3.0
2025-04-08 15:58:29,163.0,12.0,194.44,32.0,162.0,48.0,195.3,33.0,178.72,31.44,60.0,65.0,50.033263735238734,125,-5.0,-2.0,-0.04,163.67,
2025-04-08 15:58:30,163.0,13.0,190.86,22.0,162.0,52.0,192.08,48.0,176.93,27.860000000000014,65.0,70.0,9.187721153800014,135,-5.0,10.0,-0.04,163.67,
2025-04-08 15:58:31,163.0,5.0,188.11,9.0,162.0,20.0,190.0,8.0,175.56,25.110000000000014,25.0,17.0,8.190630622851284,42,8.0,-93.0,0.19,163.67,
2025-04-08 15:58:32,163.0,11.0,185.39,31.0,162.0,44.0,186.76,17.0,174.19,22.389999999999983,55.0,48.0,8.100026543165932,103,7.0,61.0,0.07,163.67,
2025-04-08 15:58:33,162.06,18.0,180.62,37.0,159.11,109.0,182.93,54.0,171.34,18.56,127.0,91.0,2.798351300319168,218,36.0,115.0,0.17,162.25,4.0
2025-04-08 15:58:34,162.0,9.0,176.05,19.0,159.0,63.0,176.52,29.0,169.03,14.050000000000011,72.0,48.0,3.205097502417092,120,24.0,-98.0,0.2,162.25,
2025-04-08 15:58:35,162.0,13.0,171.1,21.0,159.0,91.0,173.83,41.0,166.55,9.099999999999994,104.0,62.0,3.6814032650611273,166,42.0,46.0,0.25,162.25,
2025-04-08 15:58:36,159.34,35.0,167.95,21.0,158.8,35.0,168.95,42.0,163.65,8.609999999999985,70.0,63.0,4.093472853214685,133,7.0,-33.0,0.05,159.75,4.0
2025-04-08 15:58:37,159.0,48.0,165.26,38.0,158.0,12.0,166.59,34.0,162.13,6.259999999999991,60.0,72.0,3.776254758356288,132,-12.0,-1.0,-0.09,159.75,
2025-04-08 15:58:38,159.0,46.0,162.0,60.0,158.0,15.0,164.0,30.0,160.5,3.0,61.0,90.0,3.427129994618103,151,-29.0,19.0,-0.19,159.0,2.0
2025-04-08 15:58:39,159.0,20.0,160.84,38.0,158.0,13.0,161.9,40.0,159.92,1.8400000000000036,33.0,78.0,2.6695411590783187,111,-45.0,-40.0,-0.41,159.0,1.0
2025-04-08 15:58:40,159.0,10.0,160.0,20.0,157.9,10.0,161.0,40.0,159.5,1.0,20.0,60.0,1.7224836719153038,80,-40.0,-31.0,-0.5,159.0,1.0
2025-04-08 15:58:41,157.36,11.0,163.22,18.0,156.05,44.0,524.0,24.0,160.29,5.859999999999985,55.0,42.0,1.0040268920779007,97,13.0,17.0,0.13,161.4,5.0
2025-04-08 15:58:42,159.13,30.0,163.88,32.0,156.61,36.0,222.0,48.0,161.5,4.75,66.0,80.0,0.7509460699782388,146,-14.0,49.0,-0.1,159.33,3.0
2025-04-08 15:58:43,156.43,21.0,195.19,21.0,155.77,70.0,311.24,21.0,175.81,38.75999999999999,91.0,42.0,6.975143726118644,133,49.0,-13.0,0.37,163.0,2.0
2025-04-08 15:58:44,156.52,63.0,175.0,36.0,155.35,74.0,492.5,30.0,165.76,18.47999999999999,137.0,66.0,6.730562383635629,203,71.0,70.0,0.35,163.0,
2025-04-08 15:58:45,163.0,22.0,400.75,24.0,158.18,17.0,486.0,24.0,281.88,237.75,39.0,48.0,52.25244176112713,87,-9.0,-116.0,-0.1,163.0,2.0
2025-04-08 15:58:46,163.0,10.0,412.0,30.0,161.0,10.0,578.5,12.0,287.5,249.0,20.0,42.0,64.324504661909,62,-22.0,-25.0,-0.35,163.0,
2025-04-08 15:58:47,163.0,9.0,406.7,27.0,159.4,20.0,480.69,16.0,284.85,243.7,29.0,43.0,62.550205035634576,72,-14.0,10.0,-0.19,163.0,
2025-04-08 15:58:48,159.1,20.0,411.0,45.0,158.96,52.0,488.44,27.0,285.05,251.9,72.0,72.0,53.28251748932195,144,0.0,72.0,0.0,161.29,7.0
2025-04-08 15:58:49,157.86,28.0,300.81,36.0,156.84,38.0,324.85,33.0,229.33,142.95,66.0,69.0,24.895742005408927,135,-3.0,-9.0,-0.02,160.0,1.0
2025-04-08 15:58:50,158.0,7.0,160.0,21.0,157.0,40.0,168.0,35.0,159.0,2.0,47.0,56.0,56.02204325084826,103,-9.0,-32.0,-0.09,158.0,2.0
2025-04-08 15:58:51,157.5,10.0,160.0,18.0,156.87,46.0,168.0,30.0,158.75,2.5,56.0,48.0,63.12482142548956,104,8.0,1.0,0.08,157.25,4.0
2025-04-08 15:58:52,157.0,35.0,159.5,24.0,156.0,42.0,165.52,29.0,158.25,2.5,77.0,53.0,57.44751413246684,130,24.0,26.0,0.18,157.25,
2025-04-08 15:58:53,157.95,101.0,160.89,27.0,156.85,40.0,168.0,45.0,159.42,2.9399999999999977,141.0,72.0,31.52022287357765,213,69.0,83.0,0.32,157.25,
2025-04-08 15:58:54,158.21,140.0,160.33,66.0,157.0,62.0,163.3,46.0,159.27,2.1200000000000045,202.0,112.0,0.4623526792665667,314,90.0,101.0,0.29,158.0,2.0
2025-04-08 15:58:55,157.2,100.0,162.25,32.0,155.39,51.0,197.9,21.0,159.72,5.050000000000011,151.0,53.0,0.5828979327676409,204,98.0,-110.0,0.48,160.0,5.0
2025-04-08 15:58:56,157.0,110.0,162.06,48.0,155.0,55.0,163.12,34.0,159.53,5.060000000000002,165.0,82.0,0.5761683781886937,247,83.0,43.0,0.34,162.0,1.0
2025-04-08 15:58:57,157.63,63.0,161.32,47.0,156.41,68.0,162.41,34.0,159.48,3.6899999999999977,131.0,81.0,0.1641036258718106,212,50.0,-35.0,0.24,162.0,
2025-04-08 15:58:58,157.44,113.0,161.25,53.0,156.14,79.0,167.19,31.0,159.34,3.8100000000000014,192.0,84.0,0.1754137965620028,276,108.0,64.0,0.39,159.0,6.0
2025-04-08 15:58:59,157.0,70.0,159.93,40.0,155.0,10.0,161.88,33.0,158.46,2.930000000000007,80.0,73.0,0.4921178720840227,153,7.0,-123.0,0.05,157.25,4.0
2025-04-08 15:59:00,157.0,20.0,162.8,15.0,155.0,5.0,251.38,21.0,159.9,5.800000000000011,25.0,36.0,0.5347148773173053,61,-11.0,-92.0,-0.18,157.25,
2025-04-08 15:59:01,156.44,18.0,162.0,19.0,154.07,54.0,291.79,38.0,159.22,5.560000000000002,72.0,57.0,0.5253570214859042,129,15.0,68.0,0.12,158.67,6.0
2025-04-08 15:59:02,155.0,6.0,162.0,6.0,154.0,52.0,251.33,24.0,158.5,7.0,58.0,30.0,0.608342009090934,88,28.0,-41.0,0.32,158.67,
2025-04-08 15:59:03,156.85,13.0,162.0,13.0,154.12,52.0,233.96,53.0,159.42,5.150000000000006,65.0,66.0,0.6177378084792705,131,-1.0,43.0,-0.01,158.67,
2025-04-08 15:59:04,159.0,10.0,162.0,10.0,155.0,10.0,233.0,50.0,160.5,3.0,20.0,60.0,0.7490794350563025,80,-40.0,-51.0,-0.5,158.67,
2025-04-08 15:59:05,159.0,27.0,162.0,15.0,155.0,15.0,445.43,65.0,160.5,3.0,42.0,80.0,0.8664409962739057,122,-38.0,42.0,-0.31,158.67,
2025-04-08 15:59:06,159.0,22.0,255.44,45.0,155.0,15.0,391.73,37.0,207.22,96.44,37.0,82.0,21.25461643972933,119,-45.0,-3.0,-0.38,158.67,
2025-04-08 15:59:07,154.25,81.0,159.21,57.0,108.0,80.0,172.65,34.0,156.73,4.960000000000008,161.0,91.0,21.49138385493156,252,70.0,133.0,0.28,156.4,5.0
2025-04-08 15:59:08,154.0,49.0,158.0,35.0,122.43,7.0,161.0,27.0,156.0,4.0,56.0,62.0,21.917691484278485,118,-6.0,-134.0,-0.05,156.4,
2025-04-08 15:59:09,154.0,86.0,157.0,70.0,89.29,21.0,159.43,42.0,155.5,3.0,107.0,112.0,22.463530443810807,219,-5.0,101.0,-0.02,154.0,2.0
2025-04-08 15:59:10,154.0,40.0,156.5,40.0,104.0,8.0,159.0,24.0,155.25,2.5,48.0,64.0,22.971372401317605,112,-16.0,-107.0,-0.14,154.0,
2025-04-08 15:59:11,131.46,39.0,157.06,35.0,106.0,44.0,167.18,22.0,144.26,25.599999999999994,83.0,57.0,5.222822034114524,140,26.0,28.0,0.19,154.0,5.0
2025-04-08 15:59:14,136.0,12.0,179.83,24.0,104.96,75.0,257.5,44.0,157.92,43.83000000000001,87.0,68.0,11.956289140031847,155,19.0,-22.0,0.12,152.0,4.0
2025-04-08 15:59:17,139.64,22.0,207.1,29.0,114.0,12.0,249.42,24.0,173.37,67.46000000000001,34.0,53.0,20.15712702743178,87,-19.0,-94.0,-0.22,154.0,2.0
2025-04-08 15:59:18,140.67,24.0,159.77,30.0,138.0,12.0,181.47,38.0,150.22,19.100000000000023,36.0,68.0,12.309333044483594,104,-32.0,17.0,-0.31,154.0,
2025-04-08 15:59:24,149.92,60.0,151.67,45.0,146.82,33.0,156.95,42.0,150.79,1.75,93.0,87.0,2.8275024314830093,180,6.0,-140.0,0.03,150.56,9.0
2025-04-08 15:59:25,150.0,77.0,155.0,35.0,149.0,7.0,174.68,19.0,152.5,5.0,84.0,54.0,3.479765796722522,138,30.0,-42.0,0.22,150.56,
2025-04-08 15:59:26,150.66,71.0,155.0,55.0,150.8,61.0,200.86,29.0,152.83,4.340000000000003,132.0,84.0,3.380462986047562,216,48.0,78.0,0.22,150.56,
2025-04-08 15:59:27,153.9,49.0,155.0,39.0,149.9,49.0,185.88,16.0,154.45,1.0999999999999943,98.0,55.0,2.5409309317718027,153,43.0,-63.0,0.28,155.0,2.0
2025-04-08 15:59:42,148.87,62.0,151.59,34.0,147.89,71.0,152.15,39.0,150.23,2.719999999999999,133.0,73.0,1.8302677399880865,206,60.0,88.0,0.29,151.0,2.0
2025-04-08 15:59:43,150.62,82.0,152.04,52.0,144.42,72.0,153.17,12.0,151.33,1.4199999999999875,154.0,64.0,2.5013696248335573,218,90.0,12.0,0.41,152.0,5.0
2025-04-08 15:59:44,140.96,53.0,153.22,9.0,98.1,40.0,171.09,11.0,147.09,12.259999999999993,93.0,20.0,2.352519925535112,113,73.0,-105.0,0.65,152.5,2.0
2025-04-08 15:59:45,120.52,27.0,183.68,19.0,112.28,64.0,387.75,32.0,152.1,63.16000000000001,91.0,51.0,2.1239938794727493,142,40.0,29.0,0.28,154.0,3.0
2025-04-08 15:59:46,161.38,8.0,201.0,16.0,120.82,28.0,479.0,24.0,181.19,39.620000000000005,36.0,40.0,13.995385668141754,76,-4.0,-66.0,-0.05,154.0,
2025-04-08 15:59:47,163.2,10.0,266.5,20.0,161.0,10.0,479.0,30.0,214.85,103.3,20.0,50.0,28.84535872545197,70,-30.0,-6.0,-0.43,154.0,
2025-04-08 15:59:48,164.0,9.0,332.0,18.0,161.0,9.0,382.56,27.0,248.0,168.0,18.0,45.0,42.800847304696894,63,-27.0,-7.0,-0.43,154.0,
2025-04-08 15:59:49,164.0,9.0,262.0,18.0,161.0,9.0,434.0,27.0,213.0,98.0,18.0,45.0,36.48643816543292,63,-27.0,0.0,-0.43,154.0,
2025-04-08 15:59:50,164.0,13.0,197.38,16.0,161.0,13.0,245.37,30.0,180.69,33.379999999999995,26.0,46.0,27.99778616247991,72,-20.0,9.0,-0.28,154.0,
2025-04-08 15:59:51,158.22,128.0,191.0,13.0,157.9,153.0,224.76,50.0,174.61,32.78,281.0,63.0,29.65209183177392,344,218.0,168.0,0.63,160.67,3.0
2025-04-08 15:59:52,158.0,234.0,189.0,11.0,157.0,55.0,276.65,26.0,173.5,31.0,289.0,37.0,32.29539518259479,326,252.0,-18.0,0.77,158.0,3.0
2025-04-08 15:59:53,158.58,89.0,188.5,10.0,157.91,162.0,235.32,19.0,173.54,29.919999999999987,251.0,29.0,16.995930983620507,280,222.0,-46.0,0.79,160.0,4.0
2025-04-08 15:59:54,158.0,271.0,186.69,13.0,157.0,77.0,332.56,18.0,172.35,28.69,348.0,31.0,3.3133472501392176,379,317.0,99.0,0.84,158.0,6.0
2025-04-08 15:59:55,158.0,85.0,170.0,5.0,157.0,25.0,186.0,5.0,164.0,12.0,110.0,10.0,4.323083390360494,120,100.0,-168.0,0.83,158.0,
2025-04-08 15:59:56,158.0,187.0,185.55,11.0,157.0,55.0,267.08,37.0,171.77,27.55000000000001,242.0,48.0,4.003494723365041,290,194.0,168.0,0.67,158.0,
2025-04-08 15:59:57,158.0,176.0,183.5,12.0,157.0,60.0,309.42,31.0,170.75,25.5,236.0,43.0,3.76124580425325,279,193.0,-11.0,0.69,158.0,4.0
2025-04-08 15:59:58,159.39,36.0,182.0,7.0,157.87,75.0,310.6,15.0,170.69,22.610000000000014,111.0,22.0,3.37843454872426,133,89.0,-146.0,0.67,158.0,
2025-04-08 15:59:59,163.0,14.0,181.67,12.0,159.96,75.0,272.78,23.0,172.33,18.669999999999987,89.0,35.0,3.374836292327929,124,54.0,-9.0,0.44,163.0,1.0
